pitch_type,game_date,release_speed,release_pos_x,release_pos_z,player_name,batter,pitcher,events,description,spin_dir,spin_rate_deprecated,break_angle_deprecated,break_length_deprecated,zone,des,game_type,stand,p_throws,home_team,away_team,type,hit_location,bb_type,balls,strikes,game_year,pfx_x,pfx_z,plate_x,plate_z,on_3b,on_2b,on_1b,outs_when_up,inning,inning_topbot,hc_x,hc_y,tfs_deprecated,tfs_zulu_deprecated,umpire,sv_id,vx0,vy0,vz0,ax,ay,az,sz_top,sz_bot,hit_distance_sc,launch_speed,launch_angle,effective_speed,release_spin_rate,release_extension,game_pk,fielder_2,fielder_3,fielder_4,fielder_5,fielder_6,fielder_7,fielder_8,fielder_9,release_pos_y,estimated_ba_using_speedangle,estimated_woba_using_speedangle,woba_value,woba_denom,babip_value,iso_value,launch_speed_angle,at_bat_number,pitch_number,pitch_name,home_score,away_score,bat_score,fld_score,post_away_score,post_home_score,post_bat_score,post_fld_score,if_fielding_alignment,of_fielding_alignment,spin_axis,delta_home_win_exp,delta_run_exp,bat_speed,swing_length,estimated_slg_using_speedangle,delta_pitcher_run_exp,hyper_speed,home_score_diff,bat_score_diff,home_win_exp,bat_win_exp,age_pit_legacy,age_bat_legacy,age_pit,age_bat,n_thruorder_pitcher,n_priorpa_thisgame_player_at_bat,pitcher_days_since_prev_game,batter_days_since_prev_game,pitcher_days_until_next_game,batter_days_until_next_game,api_break_z_with_gravity,api_break_x_arm,api_break_x_batter_in,arm_angle,attack_angle,attack_direction,swing_path_tilt,intercept_ball_minus_batter_pos_x_inches,intercept_ball_minus_batter_pos_y_inches
CU,2025-10-11,88.4,-1.85,5.29,"Shaw, Matt",807713,694819,field_out,hit_into_play,,,,,9,Matt Shaw lines out to right fielder Sal Frelick.,D,R,R,MIL,CHC,X,9,line_drive,3,2,2025,0.82,-0.72,0.6016921740700422,1.4009517498614654,,,,2,5,Top,196.58,102.79,,,,,4.345324926519101,-128.71196560218314,-1.9035430276170504,8.142968084639802,27.52591022200171,-40.00414651560916,3.24,1.5,295,87.8,25,89.9,2363,7.3,813046,661388,683734,668930,702332,687401,694192,663368,686217,53.24,0.111,0.126,0,1,0,0,3,36,7,Curveball,2,1,1,2,1,2,1,2,Standard,Standard,39,0.018,-0.328,71.5,7.1,0.201,0.328,88.0,1,-1,0.69,0.31000000000000005,23,23,23,24,2,1,5,2,5,,3.64,-0.82,-0.82,33.3,-3.5928729498655114,5.110871291180822,32.39544078278855,39.56206156682361,24.63350195663995
FF,2025-10-11,100.4,-1.75,5.01,"Shaw, Matt",807713,694819,,foul,,,,,9,Foul,D,R,R,MIL,CHC,S,,,3,2,2025,-0.67,1.22,0.39151057667274514,2.025520535220792,,,,2,5,Top,,,,,,,7.706751152616958,-145.94798118860945,-5.895529683021235,-11.447723529945836,36.884209984015335,-13.48889233466437,3.24,1.5,240,81.4,46,102.4,2556,7.6,813046,661388,683734,668930,702332,687401,694192,663368,686217,52.92,,,,,,,,36,6,4-Seam Fastball,2,1,1,2,1,2,1,2,Standard,Standard,213,0,0,71.5,6.3,,0,88.0,1,-1,0.69,0.31000000000000005,23,23,23,24,2,1,5,2,5,,1.06,0.67,0.67,26.4,-6.856333950173462,24.12580003475165,28.59121952254871,37.50312839581258,19.856785669104863
CU,2025-10-11,87.9,-1.83,5.21,"Shaw, Matt",807713,694819,,ball,,,,,14,Ball,D,R,R,MIL,CHC,B,,,2,2,2025,0.54,-0.82,1.0246351796064261,1.82104662381342,,,,2,5,Top,,,,,,,5.907418581090259,-127.82182693500927,-0.3054713148439441,4.557266815234777,28.626499229358036,-41.32589665690067,3.39680981246276,1.47852678909489,,,,89.4,2432,7.4,813046,661388,683734,668930,702332,687401,694192,663368,686217,53.07,,,,,,,,36,5,Curveball,2,1,1,2,1,2,1,2,Standard,Standard,35,-0.005,0.104,,,,-0.104,,1,-1,0.695,0.30500000000000005,23,23,23,24,2,1,5,2,5,,3.8,-0.54,-0.54,33.2,,,,,
CU,2025-10-11,88.9,-1.61,5.25,"Shaw, Matt",807713,694819,,ball,,,,,14,Ball,D,R,R,MIL,CHC,B,,,1,2,2025,0.63,-0.66,1.5613595068536765,0.7850564308606147,,,,2,5,Top,,,,,,,6.578301547862567,-129.350950267157,-3.568558735993423,5.654442365502304,27.702004088985028,-38.97029775814889,3.56420741859623,1.67492379846863,,,,90.6,2557,7.4,813046,661388,683734,668930,702332,687401,694192,663368,686217,53.13,,,,,,,,36,4,Curveball,2,1,1,2,1,2,1,2,Standard,Standard,33,-0.002,0.042,,,,-0.042,,1,-1,0.697,0.30300000000000005,23,23,23,24,2,1,5,2,5,,3.55,-0.63,-0.63,35.6,,,,,
FF,2025-10-11,100.4,-1.94,5.12,"Shaw, Matt",807713,694819,,swinging_strike,,,,,3,Swinging Strike,D,R,R,MIL,CHC,S,,,1,1,2025,-0.86,1.23,0.457279579461904,2.8261781991002097,,,,2,5,Top,,,,,,,8.855960381289815,-145.83032930760623,-3.9412378806419945,-14.448006270457356,37.26845371850593,-13.855139094897783,3.24,1.5,,,,102,2584,7.5,813046,661388,683734,668930,702332,687401,694192,663368,686217,53.04,,,,,,,,36,3,4-Seam Fastball,2,1,1,2,1,2,1,2,Standard,Standard,223,0.003,-0.062,71.7,6.2,,0.062,,1,-1,0.694,0.30600000000000005,23,23,23,24,2,1,5,2,5,,1.05,0.86,0.86,29.5,0.6210877011019317,35.78456753548948,26.336288337104463,39.24053875470787,10.525343998522509
FF,2025-10-11,101.3,-1.75,5.14,"Shaw, Matt",807713,694819,,ball,,,,,11,Ball,D,R,R,MIL,CHC,B,,,0,1,2025,-0.77,1.28,-1.7062827979244979,2.710216000000995,,,,2,5,Top,,,,,,,2.0092949591365237,-147.4942528422249,-4.6111962717881845,-11.625133388612102,37.70236661334544,-12.648224403764974,3.58238903129133,1.72182001832421,,,,103.1,2626,7.4,813046,661388,683734,668930,702332,687401,694192,663368,686217,53.12,,,,,,,,36,2,4-Seam Fastball,2,1,1,2,1,2,1,2,Standard,Standard,225,-0.001,0.027,,,,-0.027,,1,-1,0.695,0.30500000000000005,23,23,23,24,2,1,5,2,5,,0.95,0.77,0.77,27.5,,,,,
FF,2025-10-11,100.5,-1.89,5.11,"Shaw, Matt",807713,694819,,called_strike,,,,,3,Called Strike,D,R,R,MIL,CHC,S,,,0,0,2025,-0.77,1.28,0.6151578501326765,3.013913939267623,,,,2,5,Top,,,,,,,9.017490140231605,-146.00561504203304,-3.569249229016407,-13.188973635395781,34.98604529692271,-13.184857800630004,3.6096156225175,1.69075619787655,,,,102.9,2573,7.7,813046,661388,683734,668930,702332,687401,694192,663368,686217,52.78,,,,,,,,36,1,4-Seam Fastball,2,1,1,2,1,2,1,2,Standard,Standard,224,0.002,-0.043,,,,0.043,,1,-1,0.693,0.30700000000000005,23,23,23,24,2,1,5,2,5,,0.99,0.77,0.77,32.3,,,,,
SL,2025-10-11,93.8,-2.02,4.88,"Swanson, Dansby",621020,694819,field_out,hit_into_play,,,,,9,"Dansby Swanson grounds out, shortstop Joey Ortiz to first baseman Andrew Vaughn.",D,R,R,MIL,CHC,X,6,ground_ball,1,1,2025,0.07,0.38,0.2918450256694493,1.5970356551093916,,,,1,5,Top,106.01,155.48,,,,,5.959123064586099,-136.51513747067378,-3.697191031925619,-0.42431373633868547,28.63583362278337,-26.864035900972727,3.51,1.64,5,73.5,-18,96.1,2523,7.5,813046,661388,683734,668930,702332,687401,694192,663368,686217,53.01,0.069,0.068,0,1,0,0,2,35,3,Slider,2,1,1,2,1,2,1,2,Standard,Standard,177,0.022,-0.244,72.7,7.8,0.072,0.244,88.0,1,-1,0.671,0.32899999999999996,23,31,23,31,2,1,5,2,5,,2.2,-0.07,-0.07,25.3,11.7365034632543,-2.3879689720159414,35.74062126430802,40.19167857521363,31.62568620124197
SL,2025-10-11,94.4,-1.89,4.94,"Swanson, Dansby",621020,694819,,ball,,,,,14,Ball,D,R,R,MIL,CHC,B,,,0,1,2025,0.16,0.34,0.5788061976386203,1.4702757403487303,,,,1,5,Top,,,,,,,6.231292020475554,-137.37953102106903,-4.203084299797858,0.6528886481228188,29.8743163475525,-27.14626437336701,3.83592609242018,1.82150540510597,,,,96.8,2492,7.6,813046,661388,683734,668930,702332,687401,694192,663368,686217,52.91,,,,,,,,35,2,Slider,2,1,1,2,1,2,1,2,Standard,Standard,202,-0.002,0.029,,,,-0.029,,1,-1,0.673,0.32699999999999996,23,31,23,31,2,1,5,2,5,,2.21,-0.16,-0.16,28.5,,,,,
FF,2025-10-11,93.7,-1.69,5.35,"Perkins, Blake",663368,607067,walk,ball,,,,,13,Blake Perkins walks.,D,L,R,MIL,CHC,B,,,3,0,2025,-0.65,1.13,-0.25222584482904353,1.1736214939082996,686217,702332,,2,4,Bot,,,,,,,5.170077517974339,-136.13392997186588,-7.537962042047136,-9.21707515784419,31.817814949540193,-16.606200126950384,3.48115714551679,1.61411671825613,,,,93.8,1953,6.6,813046,608348,683737,663538,807713,621020,664023,691718,673548,53.92,,0.691497,0.7,1,0,0,,32,4,4-Seam Fastball,2,1,2,1,1,2,2,1,Standard,Standard,219,0.005,0.05,,,,-0.05,,1,1,0.701,0.701,34,28,35,29,2,1,5,2,,5,1.49,0.65,-0.65,34.4,,,,,
FC,2025-10-11,87.7,-1.74,5.4,"Perkins, Blake",663368,607067,,ball,,,,,13,Ball,D,L,R,MIL,CHC,B,,,2,0,2025,0.37,0.67,-0.5658839319103749,1.5169003419855935,686217,702332,,2,4,Bot,,,,,,,2.074397229531331,-127.635592781732,-4.663590418798295,3.6395579034502696,26.223805710127316,-24.15611652904081,3.55295719560986,1.77184167709623,,,,88.1,2118,6.5,813046,608348,683737,663538,807713,621020,664023,691718,673548,53.98,,,,,,,,32,3,Cutter,2,1,2,1,1,2,2,1,Standard,Standard,184,0.004,0.029,,,,-0.029,,1,1,0.697,0.697,34,28,35,29,2,1,5,2,,5,2.3,-0.37,0.37,31.2,,,,,
SL,2025-10-11,94.2,-1.88,5,"Swanson, Dansby",621020,694819,,called_strike,,,,,9,Called Strike,D,R,R,MIL,CHC,S,,,0,0,2025,0.2,0.32,0.2962617674108084,1.7156827688964678,,,,1,5,Top,,,,,,,5.294977022806035,-137.1070564094367,-3.6259680012969104,1.4243836332551314,29.830342192405578,-27.500525528361887,3.70192143573796,1.77451502189538,,,,96.2,2531,7.4,813046,661388,683734,668930,702332,687401,694192,663368,686217,53.11,,,,,,,,35,1,Slider,2,1,1,2,1,2,1,2,Standard,Standard,186,0.003,-0.039,,,,0.039,,1,-1,0.67,0.32999999999999996,23,31,23,31,2,1,5,2,5,,2.24,-0.2,-0.2,27.4,,,,,
CU,2025-10-11,88,-1.72,5.35,"Crow-Armstrong, Pete",691718,694819,strikeout,swinging_strike,,,,,7,Pete Crow-Armstrong strikes out swinging.,D,L,R,MIL,CHC,S,2,,0,2,2025,0.37,-0.82,-0.43200857716031066,1.4594729636290258,,,,0,5,Top,,,,,,,2.4002634498938256,-128.1882045235367,-1.6408354165388412,3.58058824198781,26.790122113931787,-41.13649480129047,3.1,1.46,,,,89.6,2376,7.3,813046,661388,683734,668930,702332,687401,694192,663368,686217,53.23,,0,0,1,0,0,,34,3,Curveball,2,1,1,2,1,2,1,2,Standard,Standard,46,0.019,-0.165,73.2,7.2,,0.165,,1,-1,0.651,0.349,23,23,23,23,2,1,5,2,5,,3.76,-0.37,0.37,35.4,14.816743317103997,7.133528937152856,40.866582976443226,38.200844944585484,32.501926860851384
CU,2025-10-11,81.1,-1.67,5.54,"Perkins, Blake",663368,607067,,ball,,,,,11,Ball,D,L,R,MIL,CHC,B,,,1,0,2025,0.6,-0.25,-1.0662692662258038,3.324815359322387,686217,702332,,2,4,Bot,,,,,,,0.21484204154854852,-118.02899191714356,2.1835410497068586,5.503971954494007,23.63652491830643,-35.19527541263311,3.52913286627114,1.74810320176058,,,,81.1,2049,6.4,813046,608348,683737,663538,807713,621020,664023,691718,673548,54.14,,,,,,,,32,2,Curveball,2,1,2,1,1,2,2,1,Standard,Standard,66,0.003,0.005,,,,-0.005,,1,1,0.694,0.694,34,28,35,29,2,1,5,2,,5,3.73,-0.6,0.6,35.8,,,,,
FF,2025-10-11,95,-1.69,5.39,"Perkins, Blake",663368,607067,,ball,,,,,13,Ball,D,L,R,MIL,CHC,B,,,0,0,2025,-0.92,1.15,-1.172429798101345,2.3163734134330776,686217,702332,,2,4,Bot,,,,,,,3.4356605096044617,-138.2702127334426,-4.939513078249938,-12.564119407649498,33.6048057107182,-16.59825366750398,3.58552176624559,1.77532458106458,,,,95,2201,6.5,813046,608348,683737,663538,807713,621020,664023,691718,673548,54.01,,,,,,,,32,1,4-Seam Fastball,2,1,2,1,1,2,2,1,Standard,Standard,222,0.001,0.002,,,,-0.002,,1,1,0.693,0.693,34,28,35,29,2,1,5,2,,5,1.4,0.92,-0.92,32.8,,,,,
SL,2025-10-11,93.2,-2.03,4.92,"Crow-Armstrong, Pete",691718,694819,,foul,,,,,5,Foul,D,L,R,MIL,CHC,S,,,0,1,2025,0.34,0.5,-0.023580269125452386,2.1267675225095175,,,,0,5,Top,,,,,,,4.516812410228988,-135.72347903513258,-2.620343881702778,3.3073415536941853,27.002981328999205,-25.57426891633313,3.1,1.46,160,63.5,41,95.6,2444,7.4,813046,661388,683734,668930,702332,687401,694192,663368,686217,53.06,,,,,,,,34,2,Slider,2,1,1,2,1,2,1,2,Standard,Standard,194,0.008,-0.055,72.2,6.8,,0.055,88.0,1,-1,0.643,0.357,23,23,23,23,2,1,5,2,5,,2.1,-0.34,0.34,26.1,4.031956552829158,8.895718993721664,38.90853498730385,32.450781104656144,26.42055273695023
SL,2025-10-11,94.7,-2.12,4.88,"Crow-Armstrong, Pete",691718,694819,,foul,,,,,9,Foul,D,L,R,MIL,CHC,S,,,0,0,2025,-0.02,0.7,0.7855591152538502,1.6209955655449018,,,,0,5,Top,,,,,,,7.777555046758095,-137.64128355000074,-4.409507713122434,-2.121797308193316,32.97693354954352,-22.50625588988274,3.1,1.46,3,107.6,-27,96.3,2547,7.4,813046,661388,683734,668930,702332,687401,694192,663368,686217,53.06,,,,,,,,34,1,Slider,2,1,1,2,1,2,1,2,Standard,Standard,194,0.005,-0.039,69.5,7.5,,0.039,107.6,1,-1,0.638,0.362,23,23,23,23,2,1,5,2,5,,1.87,0.02,-0.02,23.7,16.97827223406303,-9.335075813961017,42.75273332425228,24.588750307499197,28.726715045939805
FF,2025-10-11,95,-1.68,5.42,"Durbin, Caleb",702332,607067,single,hit_into_play,,,,,6,"Caleb Durbin singles on a line drive to center fielder Pete Crow-Armstrong. Sal Frelick to 3rd. Caleb Durbin to 2nd. Caleb Durbin advances to 2nd, on a throwing error by center fielder Pete Crow-Armstrong.",D,R,R,MIL,CHC,X,8,line_drive,0,0,2025,-0.73,1.3,0.8125718013794571,2.5460205966788254,,,686217,2,4,Bot,127.05,90.65,,,,,8.200313340381415,-138.04125664060126,-4.721287184732954,-11.282266267265005,34.65868668824377,-14.761453294077889,3.2,1.45,272,95.5,15,94.8,2259,6.5,813046,608348,683737,663538,807713,621020,664023,691718,673548,53.96,0.797,0.772,0.9,1,1,0,4,31,1,4-Seam Fastball,2,1,2,1,1,2,2,1,Standard,Standard,218,0.033,0.346,68.4,7.0,0.973,-0.346,95.5,1,1,0.66,0.66,34,25,35,25,2,1,5,2,,2,1.26,0.73,0.73,29.5,6.429292955835428,1.9240127001709635,25.788673465601278,45.49149510272545,23.13550141750363
FS,2025-10-11,88.4,-1.73,5.41,"Frelick, Sal",686217,607067,single,hit_into_play,,,,,13,Sal Frelick singles on a soft ground ball to shortstop Dansby Swanson.,D,L,R,MIL,CHC,X,6,ground_ball,0,2,2025,-1.08,-0.45,-1.5267700826382853,0.9894709402867088,,,,2,4,Bot,120.51,163.34,,,,,2.764187136655843,-128.6226437561855,-3.748095954403479,-12.502619846253793,28.108757650689174,-36.50894140418493,3.06,1.45,3,55.4,-13,88.7,1464,6.6,813046,608348,683737,663538,807713,621020,664023,691718,673548,53.88,0.069,0.066,0.9,1,1,0,1,30,3,Split-Finger,2,1,2,1,1,2,2,1,Standard,Standard,253,0.015,0.425,55.7,8.0,0.072,-0.425,88.0,1,1,0.645,0.645,34,25,35,25,2,1,5,2,,2,3.38,1.08,-1.08,29.6,-2.6294971975436408,-9.516007875067634,30.90063588462235,51.843594909156,19.722215005558944
SL,2025-10-11,96,-2.04,4.9,"Kelly, Carson",608348,694819,field_out,hit_into_play,,,,,9,Carson Kelly lines out to right fielder Sal Frelick.,D,R,R,MIL,CHC,X,9,line_drive,1,0,2025,0.15,0.55,0.32241543809646184,2.0976743891568503,,,,2,4,Top,179.64,82.87,,,,,6.060370938184247,-139.73787253360547,-3.15398162743136,0.660804491141354,28.977335895902804,-24.431406124021187,3.37,1.64,317,96.7,19,98.3,2663,7.4,813046,661388,683734,668930,702332,687401,694192,663368,686217,53.12,0.349,0.41,0,1,0,0,4,26,2,Slider,1,1,1,1,1,1,1,1,Strategic,Strategic,200,0.014,-0.297,69.7,6.9,0.626,0.297,96.7,0,0,0.546,0.45399999999999996,23,30,23,31,2,1,5,2,5,,1.9,-0.15,-0.15,24.2,7.971872252051084,6.917925244287042,32.12059637069457,43.92186858454698,23.989917396595242
FF,2025-10-11,94.2,-1.7,5.37,"Frelick, Sal",686217,607067,,called_strike,,,,,8,Called Strike,D,L,R,MIL,CHC,S,,,0,1,2025,-0.43,1.24,0.2625928368652616,1.7576291803996993,,,,2,4,Bot,,,,,,,6.070399199524697,-136.95639155544697,-6.4043852602378575,-6.7676393921259015,32.17370024255911,-15.374809848436838,3.1048834494627,1.5092090394261,,,,94.4,2173,6.6,813046,608348,683737,663538,807713,621020,664023,691718,673548,53.93,,,,,,,,30,2,4-Seam Fastball,2,1,2,1,1,2,2,1,Standard,Standard,213,-0.002,-0.057,,,,0.057,,1,1,0.647,0.647,34,25,35,25,2,1,5,2,,2,1.35,0.43,-0.43,33.1,,,,,
CU,2025-10-11,88.8,-1.86,5.24,"Kelly, Carson",608348,694819,,ball,,,,,11,Ball,D,R,R,MIL,CHC,B,,,0,0,2025,0.67,-0.73,-0.9027954258775748,2.824326405972413,,,,2,4,Top,,,,,,,0.9570017250643162,-129.27629808414088,1.7473085681697156,7.3233678950627334,28.300319094937727,-40.96588928279247,3.45900150054619,1.74683465535717,,,,90.4,2355,7.4,813046,661388,683734,668930,702332,687401,694192,663368,686217,53.12,,,,,,,,26,1,Curveball,1,1,1,1,1,1,1,1,Strategic,Standard,45,-0.001,0.037,,,,-0.037,,0,0,0.547,0.45299999999999996,23,30,23,31,2,1,5,2,5,,3.63,-0.67,-0.67,37.3,,,,,
CU,2025-10-11,81.5,-1.69,5.52,"Frelick, Sal",686217,607067,,called_strike,,,,,1,Called Strike,D,L,R,MIL,CHC,S,,,0,0,2025,0.69,-0.57,-0.574015405781818,3.0831366866983987,,,,2,4,Bot,,,,,,,1.1862973827243284,-118.60905071867553,2.2503817294293995,6.271753856350503,23.60982158708425,-38.2533978049394,3.11022305280545,1.4563008313489,,,,81.6,2000,6.4,813046,608348,683737,663538,807713,621020,664023,691718,673548,54.09,,,,,,,,30,1,Curveball,2,1,2,1,1,2,2,1,Standard,Standard,63,-0.002,-0.043,,,,0.043,,1,1,0.649,0.649,34,25,35,25,2,1,5,2,,2,4.02,-0.69,0.69,33.7,,,,,
FF,2025-10-11,100.6,-1.9,5.12,"Happ, Ian",664023,694819,strikeout,swinging_strike,,,,,11,Ian Happ strikes out swinging.,D,L,R,MIL,CHC,S,2,,2,2,2025,-0.9,1.41,-1.342095136266631,3.4621163737881524,,,,1,4,Top,,,,,,,3.7722563081767637,-146.34520414714314,-2.598151895033535,-13.873382817935745,37.940568363424354,-11.637631446824512,3.52,1.63,,,,102.4,2649,7.5,813046,661388,683734,668930,702332,687401,694192,663368,686217,53.03,,0,0,1,0,0,,25,6,4-Seam Fastball,1,1,1,1,1,1,1,1,Infield shade,Standard,220,0.017,-0.228,37.8,4.8,,0.228,,0,0,0.53,0.47,23,30,23,31,2,1,5,2,5,,0.86,0.9,-0.9,28.9,-6.935651232859643,48.769322240512345,26.51591558830485,48.8162960745302,-6.01614310852703
FF,2025-10-11,100.7,-1.79,5.07,"Happ, Ian",664023,694819,,foul,,,,,6,Foul,D,L,R,MIL,CHC,S,,,2,2,2025,-0.75,1.4,0.4321460588983742,2.2212285574495954,,,,1,4,Top,,,,,,,8.138428575109124,-146.39407027786507,-6.018286825468974,-12.784882822240055,35.18494130382495,-10.81297142057999,3.52,1.63,150,83.1,12,102.9,2674,7.5,813046,661388,683734,668930,702332,687401,694192,663368,686217,52.95,,,,,,,,25,5,4-Seam Fastball,1,1,1,1,1,1,1,1,Infield shade,Standard,223,0,0,68.5,6.1,,0,88.0,0,0,0.53,0.47,23,30,23,31,2,1,5,2,5,,0.86,0.75,-0.75,26.8,1.688287998915717,-3.1867833479158816,42.86115724770559,26.4233599767038,28.306662002510407
FC,2025-10-11,88.4,-1.75,5.36,"Vaughn, Andrew",683734,607067,home_run,hit_into_play,,,,,5,Andrew Vaughn homers (2) on a fly ball to left field.,D,R,R,MIL,CHC,X,,fly_ball,3,2,2025,0.36,0.64,-0.009947972770418645,2.527533206157077,,,,2,4,Bot,45.78,66.32,,,,,3.50262215790558,-128.70020148750734,-2.1845690359352132,3.2446521280065044,26.52217081559662,-24.792712565417236,3.16,1.5,383,104.4,23,88.7,2211,6.5,813046,608348,683737,663538,807713,621020,664023,691718,673548,54.05,0.614,1.1049512195121953,2,1,0,3,6,29,7,Cutter,1,1,1,1,1,2,2,1,Standard,Standard,173,0.134,2.528,75.1,7.5,2.095,-2.528,104.4,0,0,0.515,0.515,34,27,35,27,2,1,5,2,,2,2.27,-0.36,-0.36,31.5,15.101297823104668,-13.27092327509321,26.237120983193538,36.129768579788966,36.89498197184525
CU,2025-10-11,86.4,-1.74,5.39,"Happ, Ian",664023,694819,,ball,,,,,13,Ball,D,L,R,MIL,CHC,B,,,1,2,2025,0.43,-1.01,-1.3069934347497936,2.4458386665739904,,,,1,4,Top,,,,,,,0.14859738502669667,-125.85420917238372,1.3230924441808483,4.56513851819946,26.749811484487722,-43.346941830963075,3.58852803039524,1.69291675382159,,,,87.7,2302,7.2,813046,661388,683734,668930,702332,687401,694192,663368,686217,53.35,,,,,,,,25,4,Curveball,1,1,1,1,1,1,1,1,Strategic,Standard,39,-0.003,0.048,,,,-0.048,,0,0,0.533,0.46699999999999997,23,30,23,31,2,1,5,2,5,,4.07,-0.43,0.43,42.4,,,,,
ST,2025-10-11,82.8,-1.7,5.35,"Vaughn, Andrew",683734,607067,,foul,,,,,8,Foul,D,R,R,MIL,CHC,S,,,3,2,2025,1.25,0.44,0.10754033828722964,1.6915323390087527,,,,2,4,Bot,,,,,,,1.6890007484045564,-120.59469788514139,-2.6776716150581237,11.784494203963003,25.835291486349202,-27.601024375491583,3.16,1.5,14,90.7,-6,82.7,2504,6.4,813046,608348,683737,663538,807713,621020,664023,691718,673548,54.06,,,,,,,,29,6,Sweeper,1,1,1,1,1,1,1,1,Standard,Standard,61,0,0,71.4,7.8,,0,90.7,0,0,0.515,0.515,34,27,35,27,2,1,5,2,,2,2.91,-1.25,-1.25,30.1,15.668654677258255,-19.22702775201638,31.44610438169828,36.00410538612594,43.13225017773244
FC,2025-10-11,88.7,-1.59,5.4,"Vaughn, Andrew",683734,607067,,called_strike,,,,,5,Called Strike,D,R,R,MIL,CHC,S,,,3,1,2025,0.58,0.64,0.17755768374740966,2.480581944453891,,,,2,4,Bot,,,,,,,3.128441698223369,-129.20134653561797,-2.3903749042895406,5.716098674036162,28.75770619637592,-24.767293505763362,3.28625837924087,1.5841906551437,,,,88.7,2265,6.4,813046,608348,683737,663538,807713,621020,664023,691718,673548,54.1,,,,,,,,29,5,Cutter,1,1,1,1,1,1,1,1,Standard,Standard,193,-0.004,-0.086,,,,0.086,,0,0,0.519,0.519,34,27,35,27,2,1,5,2,,2,2.27,-0.58,-0.58,31.9,,,,,
SL,2025-10-11,93.4,-2.12,4.71,"Happ, Ian",664023,694819,,foul,,,,,8,Foul,D,L,R,MIL,CHC,S,,,1,1,2025,0.17,0.44,-0.15419644541340208,1.8875519962320673,,,,1,4,Top,,,,,,,4.811822048193217,-136.02110804689823,-2.553052150074649,1.100823652536474,28.69728386101988,-26.37299803348496,3.52,1.63,,,,95.9,2483,7.6,813046,661388,683734,668930,702332,687401,694192,663368,686217,52.92,,,,,,,,25,3,Slider,1,1,1,1,1,1,1,1,Infield shade,Standard,168,0.005,-0.064,76.8,7.3,,0.064,,0,0,0.528,0.472,23,30,23,31,2,1,5,2,5,,2.16,-0.17,0.17,23.1,20.62534747850328,-16.076706788865927,31.911636115319507,35.332680612156246,37.0921918335057
SL,2025-10-11,94.7,-2.14,4.96,"Happ, Ian",664023,694819,,ball,,,,,11,Ball,D,L,R,MIL,CHC,B,,,0,1,2025,0.21,0.49,-1.0917172642832498,2.731334195910909,,,,1,4,Top,,,,,,,2.3072301906226054,-137.95664393840792,-1.269995013027409,2.248248607455994,29.98751091772647,-25.850849142964357,3.6094726603616,1.7422546301138,,,,96.9,2579,7.5,813046,661388,683734,668930,702332,687401,694192,663368,686217,53.04,,,,,,,,25,2,Slider,1,1,1,1,1,1,1,1,Strategic,Standard,172,-0.002,0.029,,,,-0.029,,0,0,0.53,0.47,23,30,23,31,2,1,5,2,5,,2.04,-0.21,0.21,24.2,,,,,
SI,2025-10-11,93.4,-1.69,5.49,"Vaughn, Andrew",683734,607067,,ball,,,,,13,Ball,D,R,R,MIL,CHC,B,,,2,1,2025,-1.29,0.67,-1.7586423950008063,2.3645934630523384,,,,2,4,Bot,,,,,,,2.6840859485803974,-135.91729698762515,-3.682979390057221,-16.441881629353304,34.76333659953359,-23.251352149601537,3.31112124721594,1.60913570570011,,,,93,2233,6.4,813046,608348,683737,663538,807713,621020,664023,691718,673548,54.07,,,,,,,,29,4,Sinker,1,1,1,1,1,1,1,1,Standard,Standard,215,0.005,0.117,,,,-0.117,,0,0,0.514,0.514,34,27,35,27,2,1,5,2,,2,1.98,1.29,1.29,32.0,,,,,
CU,2025-10-11,88.8,-1.77,5.2,"Happ, Ian",664023,694819,,swinging_strike,,,,,14,Swinging Strike,D,L,R,MIL,CHC,S,,,0,0,2025,0.47,-0.7,0.5818567911889292,1.184921958281541,,,,1,4,Top,,,,,,,4.850721626293546,-129.22844603729558,-2.3112813793392957,4.1981935531077434,27.983057562185767,-39.744807331776606,3.52,1.63,,,,90.2,2366,7.2,813046,661388,683734,668930,702332,687401,694192,663368,686217,53.29,,,,,,,,25,1,Curveball,1,1,1,1,1,1,1,1,Strategic,Standard,38,0.003,-0.039,76.7,7.1,,0.039,,0,0,0.527,0.473,23,30,23,31,2,1,5,2,5,,3.6,-0.47,0.47,34.3,14.89364222136029,-13.233456321528376,40.784023685076946,25.184905696180984,36.36980160437861
SI,2025-10-11,93.1,-1.52,5.44,"Vaughn, Andrew",683734,607067,,ball,,,,,14,Ball,D,R,R,MIL,CHC,B,,,1,1,2025,-1.22,0.69,1.5486257808426995,1.5283823990112506,,,,2,4,Bot,,,,,,,10.581616699249233,-135.10123253474163,-5.73601913657558,-17.260116028716965,30.792621567800214,-22.631485904917728,3.33295935627383,1.57393060963728,,,,93.1,2211,6.5,813046,608348,683737,663538,807713,621020,664023,691718,673548,53.96,,,,,,,,29,3,Sinker,1,1,1,1,1,1,1,1,Standard,Standard,217,0.002,0.053,,,,-0.053,,0,0,0.512,0.512,34,27,35,27,2,1,5,2,,2,1.97,1.22,1.22,31.9,,,,,
FC,2025-10-11,88.5,-1.71,5.39,"Vaughn, Andrew",683734,607067,,called_strike,,,,,2,Called Strike,D,R,R,MIL,CHC,S,,,1,0,2025,0.33,0.77,-0.26235531743421747,3.019134578883448,,,,2,4,Bot,,,,,,,2.8578542076823505,-128.89912212720975,-1.3216366530076749,3.0424343636189386,27.483495051275504,-23.53836425414693,3.30818329378408,1.57732977205276,,,,88.6,2314,6.4,813046,608348,683737,663538,807713,621020,664023,691718,673548,54.12,,,,,,,,29,2,Cutter,1,1,1,1,1,1,1,1,Standard,Standard,175,-0.002,-0.054,,,,0.054,,0,0,0.514,0.514,34,27,35,27,2,1,5,2,,2,2.14,-0.33,-0.33,31.1,,,,,
SL,2025-10-11,94.3,-2.07,4.78,"Suzuki, Seiya",673548,694819,field_out,hit_into_play,,,,,6,Seiya Suzuki flies out to right fielder Sal Frelick.,D,R,R,MIL,CHC,X,9,fly_ball,1,2,2025,0.46,0.38,0.45242378348226103,2.3153956109623643,,,,0,4,Top,181.17,141.77,,,,,5.660508084988771,-137.21119353285232,-1.5816075423827762,4.615490667440198,30.402306207269632,-27.25169692971719,3.14,1.41,198,80.8,55,96.6,2543,7.6,813046,661388,683734,668930,702332,687401,694192,663368,686217,52.91,0.043,0.046,0,1,0,0,3,24,4,Slider,1,1,1,1,1,1,1,1,Standard,Standard,154,0.019,-0.189,75.2,7.0,0.063,0.189,88.0,0,0,0.508,0.492,23,30,23,31,2,1,5,2,5,,2.19,-0.46,-0.46,24.6,4.345962084922756,-0.13760681857053467,30.614114894815028,41.41666679815661,36.60409421595266
CU,2025-10-11,86.2,-1.74,5.23,"Suzuki, Seiya",673548,694819,,foul,,,,,5,Foul,D,R,R,MIL,CHC,S,,,1,1,2025,0.77,-0.23,-0.22780032106912185,2.4886841024885613,,,,0,4,Top,,,,,,,2.063330993456727,-125.60318205093215,0.1728730663958402,7.749954330458163,25.2828090406327,-34.82053406700371,3.14,1.41,176,69.7,34,87.9,2390,7.2,813046,661388,683734,668930,702332,687401,694192,663368,686217,53.26,,,,,,,,24,3,Curveball,1,1,1,1,1,1,1,1,Strategic,Standard,45,0.007,-0.061,74.4,7.5,,0.061,88.0,0,0,0.501,0.499,23,30,23,31,2,1,5,2,5,,3.28,-0.77,-0.77,30.5,12.233688830696506,-15.647003934800015,33.73852812741313,32.923438734719426,38.5999469109042
SI,2025-10-11,94,-1.66,5.37,"Vaughn, Andrew",683734,607067,,ball,,,,,13,Ball,D,R,R,MIL,CHC,B,,,0,0,2025,-1.01,0.76,-1.221116052374501,2.2106982047629993,,,,2,4,Bot,,,,,,,3.3903161217757316,-136.73070487515292,-4.113043284991752,-13.354358450542378,32.59193606387772,-21.992489670857083,3.19451359051848,1.52125424659209,,,,93.9,2196,6.4,813046,608348,683737,663538,807713,621020,664023,691718,673548,54.07,,,,,,,,29,1,Sinker,1,1,1,1,1,1,1,1,Standard,Standard,213,0.001,0.037,,,,-0.037,,0,0,0.513,0.513,34,27,35,27,2,1,5,2,,2,1.84,1.01,1.01,28.9,,,,,
SL,2025-10-11,93.9,-1.9,4.88,"Suzuki, Seiya",673548,694819,,ball,,,,,9,Ball,D,R,R,MIL,CHC,B,,,0,1,2025,0.22,0.5,0.5078974614787657,1.4691246647828542,,,,0,4,Top,,,,,,,5.869661891374539,-136.61585910914118,-4.271874414641102,1.455955893710332,31.329542992140006,-25.143256291832785,3.17219865402766,1.47448082206913,,,,95.8,2525,7.5,813046,661388,683734,668930,702332,687401,694192,663368,686217,53.02,,,,,,,,24,2,Slider,1,1,1,1,1,1,1,1,Strategic,Standard,179,-0.003,0.031,,,,-0.031,,0,0,0.504,0.496,23,30,23,31,2,1,5,2,5,,2.09,-0.22,-0.22,21.3,,,,,
FC,2025-10-11,88.9,-1.79,5.43,"Yelich, Christian",592885,607067,field_out,hit_into_play,,,,,5,"Christian Yelich grounds out, shortstop Dansby Swanson to first baseman Michael Busch.",D,L,R,MIL,CHC,X,6,ground_ball,0,0,2025,0.27,0.65,-0.12438907289255502,2.2340522448017555,,,,1,4,Bot,113.26,153.67,,,,,3.5508405751405814,-129.42291425317782,-3.1642761736432568,2.232810752924354,27.255326377593857,-24.453344859396072,3.26,1.68,6,89.9,-20,89.3,2226,6.5,813046,608348,683737,663538,807713,621020,664023,691718,673548,53.95,0.077,0.074,0,1,0,0,2,28,1,Cutter,1,1,1,1,1,1,1,1,Standard,Standard,182,-0.02,-0.254,70.6,7.0,0.099,0.254,89.9,0,0,0.533,0.533,34,33,35,34,1,1,5,2,,2,2.24,-0.27,0.27,38.7,-8.969225517925368,16.08578018413054,43.473578755515064,37.30044150963862,15.172111772105335
SL,2025-10-11,95.6,-2,4.84,"Suzuki, Seiya",673548,694819,,called_strike,,,,,9,Called Strike,D,R,R,MIL,CHC,S,,,0,0,2025,0.08,0.61,0.34285830877087,2.037357762840812,,,,0,4,Top,,,,,,,6.127235534830594,-139.08180527674256,-3.164296182262949,-0.42352841306566175,34.04509677585632,-23.751027360480073,3.32575869899213,1.51873249591802,,,,97.4,2547,7.5,813046,661388,683734,668930,702332,687401,694192,663368,686217,52.97,,,,,,,,24,1,Slider,1,1,1,1,1,1,1,1,Strategic,Standard,209,0.004,-0.039,,,,0.039,,0,0,0.5,0.5,23,30,23,31,2,1,5,2,5,,1.9,-0.08,-0.08,25.7,,,,,
ST,2025-10-11,84.1,-1.71,5.41,"Contreras, William",661388,607067,field_out,hit_into_play,,,,,6,William Contreras pops out to first baseman Michael Busch in foul territory.,D,R,R,MIL,CHC,X,3,popup,1,0,2025,1.35,0.26,0.30640379090412395,2.2231960416631313,,,,0,4,Bot,166.59,174.41,,,,,2.0138585894295815,-122.38376050332006,-1.4469494288727887,12.97037188183271,26.962393893120517,-29.45409907372432,3.42,1.61,119,66.6,67,83.9,2333,6.4,813046,608348,683737,663538,807713,621020,664023,691718,673548,54.1,0.001,0,0,1,0,0,3,27,2,Sweeper,1,1,1,1,1,1,1,1,Standard,Standard,75,-0.031,-0.301,79.8,8.0,0.001,0.301,88.0,0,0,0.564,0.564,34,27,35,28,1,1,5,2,,2,2.99,-1.35,-1.35,34.1,20.80313793194139,-21.120386120637402,26.398876343320893,37.687876737805226,45.786736001184885
SL,2025-10-11,86.2,-1.6,5.43,"Contreras, William",661388,607067,,ball,,,,,14,Ball,D,R,R,MIL,CHC,B,,,0,0,2025,0.43,0.08,1.1207807800081615,1.1760581537944557,,,,0,4,Bot,,,,,,,5.638941668832548,-125.44883683955689,-4.053109984087272,3.337503373649377,25.58951028319681,-30.75548990402927,3.69108580230045,1.84917610708068,,,,86.6,2183,6.6,813046,608348,683737,663538,807713,621020,664023,691718,673548,53.92,,,,,,,,27,1,Slider,1,1,1,1,1,1,1,1,Standard,Standard,103,0.004,0.041,,,,-0.041,,0,0,0.56,0.56,34,27,35,28,1,1,5,2,,2,2.99,-0.43,-0.43,31.9,,,,,
SL,2025-10-11,94.8,-1.97,4.91,"Tucker, Kyle",663656,694819,field_out,hit_into_play,,,,,8,"Kyle Tucker grounds out, second baseman Brice Turang to first baseman Andrew Vaughn.",D,L,R,MIL,CHC,X,4,ground_ball,0,1,2025,0.33,0.61,-0.17631247515085455,1.6913837813423178,,,663538,2,3,Top,148.28,158.88,,,,,4.0469705338378015,-137.9676271322705,-4.190663977522483,3.285649685415388,30.337215671369826,-23.714354721766224,3.41,1.56,2,61.8,-36,96.9,2626,7.4,813046,661388,683734,668930,702332,687401,694192,663368,686217,53.07,0.099,0.093,0,1,0,0,2,20,2,Slider,1,1,1,1,1,1,1,1,Infield shade,Standard,195,0.021,-0.229,61.7,7.3,0.099,0.229,88.0,0,0,0.534,0.46599999999999997,23,28,23,28,1,1,5,2,5,,1.93,-0.33,0.33,26.3,2.5789635514654616,12.589229293130096,37.98069352166524,37.78414598840128,19.991420995900604
SL,2025-10-11,95.7,-2.2,4.85,"Tucker, Kyle",663656,694819,,called_strike,,,,,7,Called Strike,D,L,R,MIL,CHC,S,,,0,0,2025,0.29,0.57,-0.6279434950054311,2.1587621774441628,,,663538,2,3,Top,,,,,,,3.5522344405979394,-139.37246748848182,-2.8242294189871786,2.9682551863278044,32.07555141019791,-24.32770420274544,3.54199555952625,1.67235632491657,,,,97.6,2596,7.4,813046,661388,683734,668930,702332,687401,694192,663368,686217,53.14,,,,,,,,20,1,Slider,1,1,1,1,1,1,1,1,Infield shade,Standard,215,0.004,-0.042,,,,0.042,,0,0,0.53,0.47,23,28,23,28,1,1,5,2,5,,1.92,-0.29,0.29,22.2,,,,,
FF,2025-10-11,94.5,-1.73,5.4,"Turang, Brice",668930,607067,strikeout,swinging_strike,,,,,7,Brice Turang strikes out swinging.,D,L,R,MIL,CHC,S,2,,3,2,2025,-0.64,1.35,-0.3134306004293532,1.6659736115647936,,,,2,3,Bot,,,,,,,5.126075627953807,-137.3887565365179,-7.051126023717057,-9.220838111737422,31.364628962699967,-13.735623404172713,3.43,1.62,,,,94.6,2199,6.5,813046,608348,683737,663538,807713,621020,664023,691718,673548,54.01,,0,0,1,0,0,,23,7,4-Seam Fastball,1,1,1,1,1,1,1,1,Standard,Standard,216,-0.014,-0.328,76.3,7.3,,0.328,,0,0,0.514,0.514,34,25,35,26,1,1,5,2,,2,1.22,0.64,-0.64,32.5,0.8178273626490264,16.21886333204738,43.87270620209225,34.979086294117316,23.506952270916074
CU,2025-10-11,89.5,-1.74,5.25,"Hoerner, Nico",663538,694819,single,hit_into_play,,,,,9,Nico Hoerner singles on a ground ball to center fielder Blake Perkins.,D,R,R,MIL,CHC,X,8,ground_ball,1,1,2025,0.4,-0.57,0.3346821424104042,1.7002551318635963,,,,2,3,Top,120.05,119.08,,,,,4.358866768921406,-130.31017521812944,-1.5402601656341894,3.603601257061278,28.611095038331463,-38.48823748758635,3.27,1.55,51,97.7,1,91.1,1990,7.3,813046,661388,683734,668930,702332,687401,694192,663368,686217,53.16,0.468,0.451,0.9,1,1,0,4,19,3,Curveball,1,1,1,1,1,1,1,1,Standard,Standard,45,-0.014,0.342,70.8,7.4,0.541,-0.342,97.7,0,0,0.544,0.45599999999999996,23,28,23,28,1,1,5,2,5,,3.42,-0.4,-0.4,33.0,-0.16549265346987163,7.089810940917613,31.996662844019657,43.097770993662834,23.29612461904383
CU,2025-10-11,81.4,-1.67,5.59,"Turang, Brice",668930,607067,,foul,,,,,7,Foul,D,L,R,MIL,CHC,S,,,3,2,2025,0.68,-0.52,-0.5450892412968266,2.0018542204671985,,,,2,3,Bot,,,,,,,1.2086033287053206,-118.56061820647058,-0.4146119083084885,6.138985172751911,24.16610791019458,-37.202926558660344,3.43,1.62,195,72,50,81.2,2042,6.3,813046,608348,683737,663538,807713,621020,664023,691718,673548,54.24,,,,,,,,23,6,Curveball,1,1,1,1,1,1,1,1,Standard,Standard,52,0,0,72.4,7.0,,0,88.0,0,0,0.514,0.514,34,25,35,26,1,1,5,2,,2,3.97,-0.68,0.68,37.2,1.455668718337915,13.939868556638215,36.72406951731649,38.0120566672764,32.962568314930756
CU,2025-10-11,89.1,-1.89,5.24,"Hoerner, Nico",663538,694819,,called_strike,,,,,7,Called Strike,D,R,R,MIL,CHC,S,,,1,0,2025,0.37,-0.56,-0.3623388622779065,2.097350118131232,,,,2,3,Top,,,,,,,3.023296971487103,-129.83113218519128,-0.5279195259516639,3.629774297455283,26.206371597844278,-38.65980914427385,3.35766568808095,1.62104245963426,,,,91,2106,7.3,813046,661388,683734,668930,702332,687401,694192,663368,686217,53.23,,,,,,,,19,2,Curveball,1,1,1,1,1,1,1,1,Standard,Standard,40,0.002,-0.054,,,,0.054,,0,0,0.542,0.45799999999999996,23,28,23,28,1,1,5,2,5,,3.42,-0.37,-0.37,35.9,,,,,
FS,2025-10-11,87.4,-1.7,5.49,"Turang, Brice",668930,607067,,ball,,,,,13,Ball,D,L,R,MIL,CHC,B,,,2,2,2025,-1.01,-0.3,-1.4402727477457227,2.2776952064833016,,,,2,3,Bot,,,,,,,2.719465868043412,-127.30426923057372,-0.9544270461452136,-11.56341639127629,28.311245866413202,-35.39154796499868,3.529091123689,1.69759629490723,,,,87.5,1364,6.5,813046,608348,683737,663538,807713,621020,664023,691718,673548,54.03,,,,,,,,23,5,Split-Finger,1,1,1,1,1,1,1,1,Standard,Standard,254,0.004,0.104,,,,-0.104,,0,0,0.51,0.51,34,25,35,26,1,1,5,2,,2,3.29,1.01,-1.01,32.9,,,,,
FC,2025-10-11,89.5,-1.38,5.25,"Swanson, Dansby",621020,694477,strikeout,swinging_strike,,,,,12,Dansby Swanson strikes out swinging.,D,R,R,MIL,CHC,S,2,,1,2,2025,0.85,1.08,1.1787340869054055,3.3282591560657995,,,,2,7,Top,,,,,,,4.5048842523678,-130.2223000934724,-0.9758859411977202,8.593662744536744,29.23782127959806,-19.958114802377487,3.51,1.64,,,,88.8,2543,6,813046,661388,683734,668930,702332,687401,694192,663368,686217,54.51,,0,0,1,0,0,,52,4,Cutter,2,1,1,2,1,2,1,2,Standard,Standard,121,0.015,-0.182,58.8,7.9,,0.182,,1,-1,0.774,0.22599999999999998,26,31,27,31,1,2,2,2,2,,1.78,-0.85,-0.85,29.0,16.431987207643523,-5.449060476236375,25.90543751513721,49.2712054086403,30.517109405002287
SL,2025-10-11,95.6,-1.92,4.98,"Hoerner, Nico",663538,694819,,ball,,,,,14,Ball,D,R,R,MIL,CHC,B,,,0,0,2025,0.12,0.71,1.2433550074435058,2.277318688164537,,,,2,3,Top,,,,,,,8.234323144615088,-138.99745322465768,-3.1189270599953445,-0.3640814887491931,32.72593667638238,-22.505502845752034,3.47027330979939,1.62029611590042,,,,97.5,2638,7.5,813046,661388,683734,668930,702332,687401,694192,663368,686217,52.97,,,,,,,,19,1,Slider,1,1,1,1,1,1,1,1,Standard,Standard,180,-0.001,0.037,,,,-0.037,,0,0,0.543,0.45699999999999996,23,28,23,28,1,1,5,2,5,,1.8,-0.12,-0.12,27.8,,,,,
FS,2025-10-11,87.1,-1.69,5.54,"Turang, Brice",668930,607067,,called_strike,,,,,13,Called Strike,D,L,R,MIL,CHC,S,,,2,1,2025,-1.03,-0.3,-1.0143950587645039,2.019580727187515,,,,2,3,Bot,,,,,,,3.7569739860839486,-126.75156824766233,-1.591889829540303,-11.915313906934616,28.577525725207913,-35.289585764129974,3.4621910530798,1.6876416499768,,,,87,1339,6.4,813046,608348,683737,663538,807713,621020,664023,691718,673548,54.06,,,,,,,,23,4,Split-Finger,1,1,1,1,1,1,1,1,Standard,Standard,248,-0.003,-0.073,,,,0.073,,0,0,0.513,0.513,34,25,35,26,1,1,5,2,,2,3.33,1.03,-1.03,33.9,,,,,
CU,2025-10-11,80.9,-1.64,5.57,"Turang, Brice",668930,607067,,ball,,,,,13,Ball,D,L,R,MIL,CHC,B,,,1,1,2025,0.83,-0.32,-1.7611689474730852,2.393914441765617,,,,2,3,Bot,,,,,,,-1.8532848445561445,-117.80247568221363,0.19150477538935262,8.04554392373642,23.045332298095513,-35.420323585247495,3.53937977069928,1.70800011336898,,,,80.9,2106,6.3,813046,608348,683737,663538,807713,621020,664023,691718,673548,54.18,,,,,,,,23,3,Curveball,1,1,1,1,1,1,1,1,Standard,Standard,58,0.002,0.053,,,,-0.053,,0,0,0.511,0.511,34,25,35,26,1,1,5,2,,2,3.81,-0.83,0.83,34.9,,,,,
SI,2025-10-11,95.6,-0.91,5.48,"Swanson, Dansby",621020,694477,,called_strike,,,,,6,Called Strike,D,R,R,MIL,CHC,S,,,1,1,2025,-1.42,1.02,0.5194081832810038,3.0569856494712546,,,,2,7,Top,,,,,,,6.954593160459348,-139.0579700457098,-3.0209894377369673,-20.034012213181228,32.863919525538755,-18.535403875958316,3.67953156295291,1.78092302163939,,,,95,2333,6.1,813046,661388,683734,668930,702332,687401,694192,663368,686217,54.42,,,,,,,,52,3,Sinker,2,1,1,2,1,2,1,2,Standard,Standard,216,0.005,-0.062,,,,0.062,,1,-1,0.769,0.23099999999999998,26,31,27,31,1,2,2,2,2,,1.49,1.42,1.42,34.9,,,,,
FF,2025-10-11,99.7,-1.9,4.99,"Busch, Michael",683737,694819,field_out,hit_into_play,,,,,4,Michael Busch lines out to left fielder Jackson Chourio.,D,L,R,MIL,CHC,X,7,line_drive,2,2,2025,-0.88,1.14,-0.37470631359366247,2.584115702859767,,,,1,3,Top,57.44,88.6,,,,,6.430949305786659,-145.10740584098963,-3.9679247633418036,-13.986261302644033,34.82504229233011,-15.40511488795447,3.27,1.55,322,96.5,23,102.2,2526,7.7,813046,661388,683734,668930,702332,687401,694192,663368,686217,52.83,0.253,0.334,0,1,0,0,5,18,5,4-Seam Fastball,1,1,1,1,1,1,1,1,Infield shade,Standard,226,0.015,-0.228,67.1,6.1,0.532,0.228,96.5,0,0,0.528,0.472,23,27,23,28,1,1,5,2,5,,1.16,0.88,-0.88,27.4,-0.14976964062536383,13.751607796321013,36.07313479810397,38.87154991033911,21.111280098081735
SI,2025-10-11,95.7,-1.81,5.68,"Contreras, William",661388,552640,field_out,hit_into_play,,,,,4,William Contreras flies out to left fielder Ian Happ.,D,R,R,MIL,CHC,X,7,fly_ball,1,1,2025,-1.49,0.62,-0.77416477463113,2.456077653379704,,,,2,7,Bot,41.68,90.68,,,,,6.10163044528673,-139.07375262444705,-4.229574179940764,-20.640565215027415,35.174315674693645,-23.335222685005885,3.42,1.61,337,98.3,24,95.3,2229,6.4,813046,608348,683737,663538,807713,621020,664023,691718,673548,54.08,0.269,0.4559090909090909,0,1,0,0,5,56,3,Sinker,3,1,3,1,1,3,3,1,Standard,Standard,215,-0.006,-0.244,77.7,7.5,0.853,0.244,98.3,2,2,0.868,0.868,35,27,35,28,1,3,3,2,,2,1.9,1.49,1.49,41.0,14.152090144494728,-14.285787990013501,29.64864027006718,29.525758384874905,33.949949815479734
SI,2025-10-11,95.8,-0.82,5.4,"Swanson, Dansby",621020,694477,,ball,,,,,14,Ball,D,R,R,MIL,CHC,B,,,0,1,2025,-1.37,0.7,1.9017490389772602,1.5027974898201535,,,,2,7,Top,,,,,,,10.246091413111081,-138.9356220804813,-6.174363068305072,-20.139603648854305,32.89335812507053,-21.8177510984789,3.7754516133398,1.76202058270784,,,,95.1,2300,6.2,813046,661388,683734,668930,702332,687401,694192,663368,686217,54.31,,,,,,,,52,2,Sinker,2,1,1,2,1,2,1,2,Standard,Standard,216,-0.002,0.027,,,,-0.027,,1,-1,0.771,0.22899999999999998,26,31,27,31,1,2,2,2,2,,1.81,1.37,1.37,34.3,,,,,
FF,2025-10-11,93.5,1.98,5.98,"Yelich, Christian",592885,519141,field_out,hit_into_play,,,,,3,Christian Yelich lines out to first baseman Michael Busch.,D,L,L,MIL,CHC,X,3,line_drive,1,2,2025,0.43,1.61,0.7814928833586068,3.118790854683532,,,,2,1,Bot,160.41,167.57,,,,,-4.010208929505719,-136.06898506451907,-5.120591526467812,6.26427843573527,30.618833383158854,-11.265584311544215,3.26,1.68,152,80.8,13,92.8,2572,5.9,813046,608348,683737,663538,807713,621020,664023,691718,673548,54.59,0.663,0.607,0,1,0,0,4,7,4,4-Seam Fastball,1,0,1,0,0,1,1,0,Strategic,Standard,163,-0.006,-0.182,77.9,7.5,0.732,0.182,88.0,1,1,0.609,0.609,36,33,37,34,1,0,2,2,,2,1,0.43,0.43,35.9,22.58201976426583,-9.843994774929788,35.64964757035572,27.24193440838567,28.43609291764195
CU,2025-10-11,87,-1.86,5.26,"Busch, Michael",683737,694819,,ball,,,,,13,Ball,D,L,R,MIL,CHC,B,,,1,2,2025,0.4,-1.11,-0.3552865465947307,0.36031039355177974,,,,1,3,Top,,,,,,,2.8519155958525895,-126.61212999722531,-3.214809600897602,3.5154411454074923,30.60831056431978,-43.43503010825627,3.21788695927851,1.61101771236406,,,,87.9,2358,7.3,813046,661388,683734,668930,702332,687401,694192,663368,686217,53.24,,,,,,,,18,4,Curveball,1,1,1,1,1,1,1,1,Infield shade,Standard,35,-0.002,0.048,,,,-0.048,,0,0,0.53,0.47,23,27,23,28,1,1,5,2,5,,4.17,-0.4,0.4,32.5,,,,,
FF,2025-10-11,94.7,-1.67,5.45,"Turang, Brice",668930,607067,,called_strike,,,,,13,Called Strike,D,L,R,MIL,CHC,S,,,1,0,2025,-0.79,1.23,-1.001906589924707,1.8456757809485864,,,,2,3,Bot,,,,,,,3.5224776475797164,-137.7187540003784,-6.450387709921067,-10.893678275309032,33.71740646557114,-15.299268225612755,3.54316662424505,1.68254982895468,,,,94.7,2105,6.5,813046,608348,683737,663538,807713,621020,664023,691718,673548,53.96,,,,,,,,23,2,4-Seam Fastball,1,1,1,1,1,1,1,1,Standard,Standard,221,-0.002,-0.054,,,,0.054,,0,0,0.513,0.513,34,25,35,26,1,1,5,2,,2,1.34,0.79,-0.79,32.2,,,,,
SI,2025-10-11,94.3,-1.58,5.73,"Contreras, William",661388,552640,,called_strike,,,,,1,Called Strike,D,R,R,MIL,CHC,S,,,1,0,2025,-1.49,0.78,-0.4833262766724249,2.60766271747761,,,,2,7,Bot,,,,,,,6.197752417903093,-137.13494128260672,-4.084096917214874,-20.145623243521374,34.24360635799984,-21.66229738005521,3.04855062266738,1.53674131751186,,,,94.3,2224,6.6,813046,608348,683737,663538,807713,621020,664023,691718,673548,53.91,,,,,,,,56,2,Sinker,3,1,3,1,1,3,3,1,Standard,Standard,214,-0.001,-0.054,,,,0.054,,2,2,0.869,0.869,35,27,35,28,1,3,3,2,,2,1.82,1.49,1.49,42.8,,,,,
FF,2025-10-11,99.9,-1.91,5.14,"Busch, Michael",683737,694819,,ball,,,,,11,Ball,D,L,R,MIL,CHC,B,,,0,2,2025,-0.66,1.41,-2.206238216151221,3.386396385156341,,,,1,3,Top,,,,,,,0.7716959236764838,-145.38961687440806,-2.77708574479747,-9.463783158888722,38.74415775854595,-11.840564738973345,3.31247070638289,1.64824968337314,,,,101.7,2554,7.5,813046,661388,683734,668930,702332,687401,694192,663368,686217,52.95,,,,,,,,18,3,4-Seam Fastball,1,1,1,1,1,1,1,1,Strategic,Standard,221,-0.002,0.017,,,,-0.017,,0,0,0.532,0.46799999999999997,23,27,23,28,1,1,5,2,5,,0.9,0.66,-0.66,28.9,,,,,
FC,2025-10-11,87.5,-1.49,5.21,"Swanson, Dansby",621020,694477,,swinging_strike,,,,,1,Swinging Strike,D,R,R,MIL,CHC,S,,,0,0,2025,0.95,0.95,-0.46287054419965357,3.2535026799048614,,,,2,7,Top,,,,,,,0.5083973297961001,-127.47494962427439,-0.5281198642850173,10.180074423687952,27.8063834148253,-21.94443560585789,3.51,1.64,,,,86.7,2583,5.9,813046,661388,683734,668930,702332,687401,694192,663368,686217,54.63,,,,,,,,52,1,Cutter,2,1,1,2,1,2,1,2,Standard,Standard,105,0.003,-0.043,71.7,7.0,,0.043,,1,-1,0.768,0.23199999999999998,26,31,27,31,1,2,2,2,2,,2.03,-0.95,-0.95,30.0,15.10715087513753,1.42376918901944,31.170483943096194,31.377564874772887,28.863360026277434
SL,2025-10-11,86.6,-1.17,5.78,"Kelly, Carson",608348,682842,field_out,hit_into_play,,,,,7,"Carson Kelly grounds out, shortstop Joey Ortiz to first baseman Andrew Vaughn.",D,R,R,MIL,CHC,X,6,ground_ball,0,0,2025,1.4,-0.07,-0.34705022197941116,1.7277363941818988,,,,2,9,Top,112.66,151.25,,,,,-0.920222373483178,-126.0276689319427,-3.2465098530861347,14.987639399285221,29.96215174491464,-32.372747229128414,3.37,1.64,10,102.2,-9,86.3,2595,6.5,813046,661388,683734,668930,702332,687401,694192,663368,686217,54,0.263,0.24,0,1,0,0,2,66,1,Slider,3,1,1,3,1,3,1,3,Strategic,Standard,74,0.012,-0.26,68.1,6.5,0.282,0.26,102.2,2,-2,0.988,0.01200000000000001,25,30,25,31,1,3,5,2,2,,3.15,-1.4,-1.4,47.3,0.42852992706631426,3.6796286726386818,39.79968150820996,35.689605759537976,21.787227991542025
CU,2025-10-11,81.8,-1.68,5.57,"Turang, Brice",668930,607067,,ball,,,,,13,Ball,D,L,R,MIL,CHC,B,,,0,0,2025,0.54,-0.38,-1.5925204668004285,2.329848198315444,,,,2,3,Bot,,,,,,,-0.836523471501705,-119.15835864091821,0.019561465555798963,5.2705218521285815,24.088774428117695,-36.0405652557215,3.49025065297897,1.68538006765056,,,,81.9,2066,6.4,813046,608348,683737,663538,807713,621020,664023,691718,673548,54.11,,,,,,,,23,1,Curveball,1,1,1,1,1,1,1,1,Standard,Standard,60,0.001,0.037,,,,-0.037,,0,0,0.512,0.512,34,25,35,26,1,1,5,2,,2,3.8,-0.54,0.54,34.6,,,,,
SL,2025-10-11,90.1,-1.65,5.72,"Contreras, William",661388,552640,,ball,,,,,14,Ball,D,R,R,MIL,CHC,B,,,0,0,2025,0.33,0.15,0.6614723842465173,1.164688893612737,,,,2,7,Bot,,,,,,,5.061384649275221,-131.04619492858708,-5.631346317723667,2.5591114691595154,31.359988197536058,-29.31368631002783,3.35584300053685,1.5600445722851,,,,90.1,2514,6.6,813046,608348,683737,663538,807713,621020,664023,691718,673548,53.87,,,,,,,,56,1,Slider,3,1,3,1,1,3,3,1,Standard,Standard,139,0.001,0.037,,,,-0.037,,2,2,0.868,0.868,35,27,35,28,1,3,3,2,,2,2.69,-0.33,-0.33,43.9,,,,,
KC,2025-10-11,86.4,1.84,6,"Yelich, Christian",592885,519141,,ball,,,,,13,Ball,D,L,L,MIL,CHC,B,,,0,2,2025,0.06,-0.66,-0.7034818141926256,0.01980076541877418,,,,2,1,Bot,,,,,,,-6.100072404945969,-125.62355227160366,-6.578339551262481,1.9485700752989166,26.5714017176652,-37.96353353915985,3.38521075662729,1.72241942298297,,,,85.1,2393,5.6,813046,608348,683737,663538,807713,621020,664023,691718,673548,54.93,,,,,,,,7,3,Knuckle Curve,1,0,1,0,0,1,1,0,Standard,Standard,347,0.001,0.022,,,,-0.022,,1,1,0.608,0.608,36,33,37,34,1,0,2,2,,2,3.73,0.06,0.06,33.8,,,,,
CU,2025-10-11,87.2,-1.82,5.26,"Busch, Michael",683737,694819,,swinging_strike,,,,,13,Swinging Strike,D,L,R,MIL,CHC,S,,,0,1,2025,0.45,-1.03,-0.755840865896523,1.3285266167961218,,,,1,3,Top,,,,,,,1.647103007862753,-126.89733850645769,-1.0278369034263755,4.398610282133657,31.62356909070591,-43.11917311838995,3.27,1.55,,,,88.1,2501,7.3,813046,661388,683734,668930,702332,687401,694192,663368,686217,53.17,,,,,,,,18,2,Curveball,1,1,1,1,1,1,1,1,Standard,Standard,41,0.004,-0.052,73.8,7.6,,0.052,,0,0,0.528,0.472,23,27,23,28,1,1,5,2,5,,4.08,-0.45,0.45,33.5,21.087615519012655,-7.735886991922865,37.29283170062427,44.09651174528804,40.90610647248013
SI,2025-10-11,93,-1.59,5.47,"Chourio, Jackson",694192,607067,grounded_into_double_play,hit_into_play,,,,,5,"Jackson Chourio grounds into a double play, second baseman Nico Hoerner to shortstop Dansby Swanson to first baseman Michael Busch. Joey Ortiz out at 2nd. Jackson Chourio out at 1st.",D,R,R,MIL,CHC,X,4,ground_ball,0,1,2025,-1.2,0.67,-0.07861279099503671,2.233852005742845,,,687401,0,3,Bot,144.09,151.25,,,,,6.550408202831953,-135.21947550178245,-3.974878517417218,-16.18553303875429,30.469646808137103,-23.295390668122256,3.34,1.58,70,102.3,2,93.3,2127,6.6,813046,608348,683737,663538,807713,621020,664023,691718,673548,53.89,0.494,0.444,0,1,0,0,4,22,2,Sinker,1,1,1,1,1,1,1,1,Standard,Standard,215,-0.077,-0.293,76.2,7.4,0.534,0.293,102.3,0,0,0.589,0.589,34,21,35,21,1,1,5,2,,2,1.98,1.2,1.2,34.6,2.941043259175396,13.127527110807563,25.858841852519163,37.04246130715421,19.038956452858535
SI,2025-10-11,95.6,-1.06,5.41,"Crow-Armstrong, Pete",691718,694477,field_out,hit_into_play,,,,,7,Pete Crow-Armstrong flies out to center fielder Blake Perkins.,D,L,R,MIL,CHC,X,8,fly_ball,2,2,2025,-1.46,0.77,-0.6152682779916071,1.9452257023627353,,,,1,7,Top,135.78,70.58,,,,,4.428297254755307,-139.0272743169418,-5.161437129653712,-19.826068796115454,34.12662078557108,-21.22146863750665,3.1,1.46,319,91.6,37,94.8,2299,6.1,813046,661388,683734,668930,702332,687401,694192,663368,686217,54.44,0.041,0.068,0,1,0,0,3,51,5,Sinker,2,1,1,2,1,2,1,2,Infield shade,Standard,218,0.027,-0.228,74.5,7.2,0.122,0.228,91.6,1,-1,0.741,0.259,26,23,27,23,1,2,2,2,2,,1.75,1.46,-1.46,32.5,17.375964090351665,-2.800476410910606,36.06121697418248,39.04968724529988,37.85809926576274
SL,2025-10-11,90.4,-1.9,5.71,"Turang, Brice",668930,552640,home_run,hit_into_play,,,,,4,Brice Turang homers (1) on a fly ball to center field.,D,L,R,MIL,CHC,X,,fly_ball,0,0,2025,0.17,0.28,-0.544384432965961,2.4450357934758142,,,,2,7,Bot,157.38,31.57,,,,,3.035369379112981,-131.6996961090523,-2.809396530990502,1.280948320915547,28.378074676234576,-28.52928758568461,3.43,1.62,416,107.4,29,90.9,2654,6.5,813046,608348,683737,663538,807713,621020,664023,691718,673548,53.96,0.889,1.7911914893617022,2,1,0,3,6,55,1,Slider,2,1,2,1,1,3,3,1,Standard,Standard,181,0.113,2.596,76.8,7.5,3.536,-2.596,107.4,1,1,0.755,0.755,35,25,35,26,1,3,3,2,,2,2.51,-0.17,0.17,40.1,14.724549714333472,-5.249755037946799,26.94321208797665,38.45880618060769,40.81993301982887
SL,2025-10-11,86.2,-1.33,5.7,"Happ, Ian",664023,682842,field_out,hit_into_play,,,,,13,Ian Happ lines out to right fielder Sal Frelick.,D,L,R,MIL,CHC,X,9,line_drive,1,2,2025,1.28,0.16,-0.8346265802472577,2.2257278041979136,,,,1,9,Top,193.78,98.84,,,,,-1.4201529113418774,-125.44797366006802,-2.2907925389451393,13.697542177111659,28.008646952374733,-30.200660094092648,3.52,1.63,299,100,21,86,2599,6.4,813046,661388,683734,668930,702332,687401,694192,663368,686217,54.08,0.334,0.407,0,1,0,0,5,65,4,Slider,3,1,1,3,1,3,1,3,Infield shade,Standard,65,0.018,-0.18,69.1,7.6,0.668,0.18,100.0,2,-2,0.97,0.030000000000000027,25,30,25,31,1,3,5,2,2,,2.93,-1.28,1.28,37.1,25.94694574876339,-17.711588054610786,27.315569858438078,42.99879277765843,35.85698837474642
KC,2025-10-11,85.4,1.89,6.01,"Yelich, Christian",592885,519141,,swinging_strike,,,,,13,Swinging Strike,D,L,L,MIL,CHC,S,,,0,1,2025,-0.29,-0.83,-0.3787332547924854,0.902070182007173,,,,2,1,Bot,,,,,,,-4.681223752463373,-124.33460741088894,-4.006390011885584,-2.052227206606449,26.103987707846635,-40.17613586330411,3.26,1.68,,,,84.2,2258,5.6,813046,608348,683737,663538,807713,621020,664023,691718,673548,54.91,,,,,,,,7,2,Knuckle Curve,1,0,1,0,0,1,1,0,Standard,Standard,330,-0.003,-0.057,73.9,9.0,,0.057,,1,1,0.611,0.611,36,33,37,34,1,0,2,2,,2,3.97,-0.29,-0.29,35.0,31.069581491152245,-23.5291845309941,40.33664212515496,40.15219366195856,48.41807928422859
CU,2025-10-11,88,-1.89,5.35,"Busch, Michael",683737,694819,,called_strike,,,,,5,Called Strike,D,L,R,MIL,CHC,S,,,0,0,2025,0.32,-0.87,-0.08734573993952274,2.6625850640136925,,,,1,3,Top,,,,,,,3.758588837516551,-128.10037410861634,1.4906285243695947,2.6509563024441674,28.9412919572011,-42.27763134263234,3.25533681261824,1.53439172044162,,,,88.9,2417,7.1,813046,661388,683734,668930,702332,687401,694192,663368,686217,53.44,,,,,,,,18,1,Curveball,1,1,1,1,1,1,1,1,Standard,Standard,41,0.003,-0.039,,,,0.039,,0,0,0.525,0.475,23,27,23,28,1,1,5,2,5,,3.84,-0.32,0.32,34.4,,,,,
SL,2025-10-11,87,-1.29,5.67,"Happ, Ian",664023,682842,,foul,,,,,7,Foul,D,L,R,MIL,CHC,S,,,1,1,2025,1.21,0.09,-0.5118869016982832,1.8533396609159158,,,,1,9,Top,,,,,,,-0.613217138741728,-126.66117199877336,-3.094191140608694,13.035612208436318,29.81790638658468,-30.710031915014547,3.52,1.63,37,24.4,43,86.6,2752,6.3,813046,661388,683734,668930,702332,687401,694192,663368,686217,54.15,,,,,,,,65,3,Slider,3,1,1,3,1,3,1,3,Infield shade,Standard,68,0.006,-0.064,71.2,6.9,,0.064,88.0,2,-2,0.964,0.03600000000000003,25,30,25,31,1,3,5,2,2,,2.95,-1.21,1.21,38.8,14.869062256158179,2.106216935343597,28.50035226205108,39.36220514680896,30.36700727480038
FF,2025-10-11,95.1,-1.58,5.48,"Chourio, Jackson",694192,607067,,foul,,,,,5,Foul,D,R,R,MIL,CHC,S,,,0,0,2025,-0.62,1.31,-0.23076948238575568,2.7648295684731945,,,687401,0,3,Bot,,,,,,,4.93743948638118,-138.2683606529211,-4.35542721036234,-9.064841206844916,34.19599802234791,-14.618826231781641,3.34,1.58,212,76.5,23,95,2151,6.5,813046,608348,683737,663538,807713,621020,664023,691718,673548,53.97,,,,,,,,22,1,4-Seam Fastball,1,1,1,1,1,1,1,1,Standard,Standard,223,-0.006,-0.043,77.7,7.3,,0.043,88.0,0,0,0.595,0.595,34,21,35,21,1,1,5,2,,2,1.23,0.62,0.62,32.4,3.4957960149540375,10.260457859440931,25.22140771040816,37.07649327446722,23.841509671483877
SI,2025-10-11,94.7,-1.54,5.71,"Chourio, Jackson",694192,552640,field_out,hit_into_play,,,,,5,Jackson Chourio flies out to right fielder Seiya Suzuki.,D,R,R,MIL,CHC,X,9,fly_ball,0,0,2025,-1.25,0.98,-0.05037384144184798,2.672905523793207,,,,1,7,Bot,187.45,136.22,,,,,6.713405881062339,-137.74713114041612,-4.425492871973859,-17.42959236331764,32.138786621384604,-18.862635194510638,3.34,1.58,219,96.9,57,94.8,2340,6.5,813046,608348,683737,663538,807713,621020,664023,691718,673548,54.01,0.01,0.009,0,1,0,0,3,54,1,Sinker,2,1,2,1,1,2,2,1,Standard,Standard,208,-0.015,-0.254,78.8,7.9,0.014,0.254,96.9,1,1,0.77,0.77,35,21,35,21,1,3,3,2,,2,1.57,1.25,1.25,43.5,11.500393400748615,6.28189568184771,22.941004816015184,41.41637052883014,27.518083818148863
SV,2025-10-11,86.6,-1.53,5.25,"Crow-Armstrong, Pete",691718,694477,,ball,,,,,13,Ball,D,L,R,MIL,CHC,B,,,1,2,2025,0.46,-0.33,-0.7568605709626521,0.14234415584401905,,,,1,7,Top,,,,,,,0.9052899429094708,-126.06542570628037,-5.291251422683228,4.769250458633033,25.65159389612295,-34.82261364212518,3.23332727745571,1.52886990444459,,,,86.2,2572,6,813046,661388,683734,668930,702332,687401,694192,663368,686217,54.48,,,,,,,,51,4,Slurve,2,1,1,2,1,2,1,2,Standard,Standard,66,-0.005,0.048,,,,-0.048,,1,-1,0.746,0.254,26,23,27,23,1,2,2,2,2,,3.37,-0.46,0.46,31.9,,,,,
FF,2025-10-11,93.6,1.9,5.96,"Yelich, Christian",592885,519141,,foul,,,,,13,Foul,D,L,L,MIL,CHC,S,,,0,0,2025,0.11,1.6,-0.43409610922029546,1.3942768830850265,,,,2,1,Bot,,,,,,,-6.189246985006325,-135.84843640641924,-9.435342145515618,2.759014840266015,30.2144700147337,-10.477292025012453,3.26,1.68,3,54.5,-26,92.5,2705,5.8,813046,608348,683737,663538,807713,621020,664023,691718,673548,54.68,,,,,,,,7,1,4-Seam Fastball,1,0,1,0,0,1,1,0,Standard,Standard,153,-0.001,-0.043,79.0,8.3,,0.043,88.0,1,1,0.612,0.612,36,33,37,34,1,0,2,2,,2,1.02,0.11,0.11,36.0,17.984475789153965,-2.4814590168152417,41.40939231510397,41.85976270881868,35.0517738625809
SL,2025-10-11,85.9,-1.3,5.82,"Happ, Ian",664023,682842,,called_strike,,,,,2,Called Strike,D,L,R,MIL,CHC,S,,,1,0,2025,1.07,0.11,0.2619579991531329,3.110246415356519,,,,1,9,Top,,,,,,,1.5422450362067655,-125.04677310474001,-0.3174820375238425,10.773422874328816,27.466561120421247,-31.238915189309356,3.30562543247651,1.45048104245009,,,,85.6,2628,6.3,813046,661388,683734,668930,702332,687401,694192,663368,686217,54.2,,,,,,,,65,2,Slider,3,1,1,3,1,3,1,3,Standard,Standard,78,0.006,-0.049,,,,0.049,,2,-2,0.958,0.04200000000000004,25,30,25,31,1,3,5,2,2,,3,-1.07,1.07,38.2,,,,,
FF,2025-10-11,95,-1.21,5.37,"Crow-Armstrong, Pete",691718,694477,,swinging_strike,,,,,11,Swinging Strike,D,L,R,MIL,CHC,S,,,1,1,2025,-0.7,1.2,-1.400003916761758,3.0543687370218033,,,,1,7,Top,,,,,,,1.06271371531233,-138.3606767941753,-3.0443273974982983,-9.246959341707507,33.28174976787443,-16.342391117154346,3.1,1.46,,,,94.2,2345,6,813046,661388,683734,668930,702332,687401,694192,663368,686217,54.53,,,,,,,,51,3,4-Seam Fastball,2,1,1,2,1,2,1,2,Infield shade,Standard,218,0.008,-0.064,45.4,5.8,,0.064,,1,-1,0.738,0.262,26,23,27,23,1,2,2,2,2,,1.34,0.7,-0.7,32.1,6.240588131902283,33.097433904034254,30.203662167438996,49.260924306064055,12.715765317579201
SL,2025-10-11,95,-2,4.91,"Shaw, Matt",807713,694819,field_out,hit_into_play,,,,,6,"Matt Shaw grounds out, third baseman Caleb Durbin to first baseman Andrew Vaughn.",D,R,R,MIL,CHC,X,5,ground_ball,1,1,2025,-0.01,0.62,0.4008201184752222,2.639369914588472,,,,0,3,Top,108.49,174.63,,,,,6.4833422142838275,-138.22429436936315,-1.714928883170929,-1.5933642475387468,31.01308013907945,-24.0243833527602,3.24,1.5,2,61.8,-47,97.5,2540,7.7,813046,661388,683734,668930,702332,687401,694192,663368,686217,52.76,0.217,0.2,0,1,0,0,2,17,3,Slider,1,1,1,1,1,1,1,1,Standard,Standard,197,0.024,-0.251,72.7,7.0,0.22,0.251,88.0,0,0,0.501,0.499,23,23,23,24,1,0,5,2,5,,1.91,0.01,0.01,24.0,13.927052788845268,3.4347064320699587,20.940968916918575,38.60028555501987,30.189641992339602
SI,2025-10-11,93,-1.61,5.46,"Ortiz, Joey",687401,607067,field_error,hit_into_play,,,,,2,Joey Ortiz reaches on a throwing error by shortstop Dansby Swanson.,D,R,R,MIL,CHC,X,6,ground_ball,0,0,2025,-1.24,0.85,0.16366926202230947,3.199366932333464,,,,0,3,Bot,109.03,149.44,,,,,7.2931537042546495,-135.24594796586734,-1.864236496819449,-16.83687351545754,30.392544877923875,-21.59643571927557,3.33,1.53,25,105.2,-6,93.3,2046,6.6,813046,608348,683737,663538,807713,621020,664023,691718,673548,53.94,0.421,0.381,0.9,1,0,0,2,21,1,Sinker,1,1,1,1,1,1,1,1,Standard,Standard,210,0.04,0.485,73.3,7.3,0.424,-0.485,105.2,0,0,0.555,0.555,34,26,35,27,1,0,5,2,,2,1.8,1.24,1.24,31.0,1.7843230673982473,2.822106827878329,20.66073392745497,40.9017836846724,24.94809972170057
SI,2025-10-11,95.7,-1.62,5.75,"Ortiz, Joey",687401,552640,field_out,hit_into_play,,,,,2,Joey Ortiz lines out to center fielder Pete Crow-Armstrong.,D,R,R,MIL,CHC,X,8,line_drive,2,2,2025,-1.18,0.93,0.1991016253009552,3.331577643506482,,,,0,7,Bot,117.29,84.7,,,,,7.486836695361826,-139.15895757395924,-2.83723523368067,-17.067667464034923,33.1768601800267,-19.716612377398953,3.33,1.53,287,97.5,13,95.8,2331,6.5,813046,608348,683737,663538,807713,621020,664023,691718,673548,53.96,0.939,0.901,0,1,0,0,4,53,7,Sinker,2,1,2,1,1,2,2,1,Standard,Standard,207,-0.016,-0.232,73.9,7.6,1.123,0.232,97.5,1,1,0.786,0.786,35,26,35,27,1,2,3,2,,2,1.58,1.18,1.18,41.1,4.164458619479079,0.9235842182559549,14.939589318719722,40.52751039744682,27.118382104383173
FF,2025-10-11,94.1,1.8,6.04,"Contreras, William",661388,519141,home_run,hit_into_play,,,,,3,William Contreras homers (2) on a line drive to left center field.,D,R,L,MIL,CHC,X,,line_drive,3,2,2025,0.07,1.73,0.6305415388403273,3.1081683707245746,,,,2,1,Bot,83.58,47.86,,,,,-3.1530988978828924,-136.8807458579968,-5.5977514524995975,1.693360767703188,33.43187236534303,-9.520042255208853,3.42,1.61,389,107.1,22,92.6,2671,5.6,813046,608348,683737,663538,807713,621020,664023,691718,673548,54.85,0.715,1.306761904761905,2,1,0,3,6,6,6,4-Seam Fastball,0,0,0,0,0,1,1,0,Standard,Standard,164,0.1,2.528,74.3,7.2,2.509,-2.528,107.1,0,0,0.512,0.512,36,27,37,28,1,0,2,2,,2,0.87,0.07,-0.07,37.9,11.391733299191179,1.8856857501066349,20.260807246047715,43.00786997051516,29.414130583388047
SI,2025-10-11,97.5,-1.22,5.63,"Happ, Ian",664023,682842,,ball,,,,,14,Ball,D,L,R,MIL,CHC,B,,,0,0,2025,-0.62,0.81,1.7438024375706833,1.8701380396131293,,,,1,9,Top,,,,,,,9.403622763893738,-141.5553198958545,-6.43131927633688,-10.483393288265399,33.540544300357844,-19.958235299257964,3.53943195069805,1.76971574415306,,,,97.4,2616,6.5,813046,661388,683734,668930,702332,687401,694192,663368,686217,54.04,,,,,,,,65,1,Sinker,3,1,1,3,1,3,1,3,Infield shade,Standard,211,-0.005,0.039,,,,-0.039,,2,-2,0.963,0.03700000000000003,25,30,25,31,1,3,5,2,2,,1.61,0.62,-0.62,34.6,,,,,
FC,2025-10-11,88.7,-1.41,5.21,"Crow-Armstrong, Pete",691718,694477,,ball,,,,,11,Ball,D,L,R,MIL,CHC,B,,,0,1,2025,0.59,0.91,-1.0713522145520646,3.1843142960839215,,,,1,7,Top,,,,,,,-0.3847589867079846,-129.2632743520582,-0.7941605834266509,6.662341703228327,27.667474665992934,-22.071973774166036,3.25326350848898,1.57719109882164,,,,87.9,2581,5.8,813046,661388,683734,668930,702332,687401,694192,663368,686217,54.72,,,,,,,,51,2,Cutter,2,1,1,2,1,2,1,2,Infield shade,Standard,120,-0.003,0.029,,,,-0.029,,1,-1,0.741,0.259,26,23,27,23,1,2,2,2,2,,1.99,-0.59,0.59,25.3,,,,,
CU,2025-10-11,88.5,-1.72,5.27,"Shaw, Matt",807713,694819,,ball,,,,,14,Ball,D,R,R,MIL,CHC,B,,,0,1,2025,0.53,-0.61,1.1627890529151992,0.4500430347261717,,,,0,3,Top,,,,,,,6.043245356476043,-128.73469450862993,-4.431543932258007,4.518607712636362,28.770118951160065,-38.15268094334426,3.44193349207328,1.62181600327985,,,,89.8,2449,7.3,813046,661388,683734,668930,702332,687401,694192,663368,686217,53.22,,,,,,,,17,2,Curveball,1,1,1,1,1,1,1,1,Standard,Standard,42,-0.003,0.031,,,,-0.031,,0,0,0.504,0.496,23,23,23,24,1,0,5,2,5,,3.54,-0.53,-0.53,32.5,,,,,
FF,2025-10-11,93.9,-1.6,5.4,"Perkins, Blake",663368,607067,field_out,hit_into_play,,,,,4,Blake Perkins flies out sharply to center fielder Pete Crow-Armstrong.,D,L,R,MIL,CHC,X,8,fly_ball,3,1,2025,-0.57,1.2,-0.3085719650826033,2.6519748736082187,,702332,,2,2,Bot,105.65,46.36,,,,,4.606432861315436,-136.70502809040573,-4.050395812387063,-8.132884027380651,30.6554033202838,-16.440017079344063,3.47,1.67,380,102.8,36,94.2,2115,6.5,813046,608348,683737,663538,807713,621020,664023,691718,673548,54.01,0.496,0.9757727272727272,0,1,0,0,6,16,5,4-Seam Fastball,1,1,1,1,1,1,1,1,Standard,Standard,224,-0.039,-0.34,72.3,7.0,1.935,0.34,102.8,0,0,0.539,0.539,34,28,35,29,1,0,5,2,,5,1.39,0.57,-0.57,30.9,11.550686783646059,6.264835406217103,26.972988046216987,40.140829028383536,28.214431274992364
SL,2025-10-11,91.3,-1.5,5.79,"Ortiz, Joey",687401,552640,,foul,,,,,14,Foul,D,R,R,MIL,CHC,S,,,2,2,2025,0.37,0.24,0.9176897497516256,1.9353030702165586,,,,0,7,Bot,,,,,,,5.333251128229292,-132.9095668455904,-4.381247691637963,3.265105149952939,28.62961375434193,-28.546486299214475,3.33,1.53,195,66.6,42,92,2656,6.7,813046,608348,683737,663538,807713,621020,664023,691718,673548,53.79,,,,,,,,53,6,Slider,2,1,2,1,1,2,2,1,Standard,Standard,154,0,0,63.2,7.6,,0,88.0,1,1,0.786,0.786,35,26,35,27,1,2,3,2,,2,2.49,-0.37,-0.37,45.7,0.056923158452406884,15.890922915455178,24.17781801475992,50.261965497098146,18.681651192870966
FF,2025-10-11,93.8,1.99,5.97,"Contreras, William",661388,519141,,foul,,,,,3,Foul,D,R,L,MIL,CHC,S,,,3,1,2025,0.09,1.58,0.4850347003202614,3.5216929753374746,,,,2,1,Bot,,,,,,,-4.034541682728598,-136.4757916038473,-4.04844595652289,2.0269911193618837,31.416506757663452,-11.738019735456204,3.42,1.61,,,,92.7,2539,5.7,813046,608348,683737,663538,807713,621020,664023,691718,673548,54.78,,,,,,,,6,5,4-Seam Fastball,0,0,0,0,0,0,0,0,Standard,Standard,161,-0.003,-0.086,74.8,7.2,,0.086,,0,0,0.515,0.515,36,27,37,28,1,0,2,2,,2,1.02,0.09,-0.09,36.1,12.10656704472162,0.9231257380675034,19.76762289459516,41.609729837227874,25.11820342777162
SV,2025-10-11,86,-1.3,5.4,"Crow-Armstrong, Pete",691718,694477,,foul,,,,,5,Foul,D,L,R,MIL,CHC,S,,,0,0,2025,0.57,-0.22,0.05496040585878387,2.2237241369302643,,,,1,7,Top,,,,,,,2.031526183463372,-125.2585864716232,-0.8362312869191018,5.603411161845662,25.626218894431105,-34.57018479548831,3.1,1.46,310,94.1,26,85.4,2601,5.9,813046,661388,683734,668930,702332,687401,694192,663368,686217,54.62,,,,,,,,51,1,Slurve,2,1,1,2,1,2,1,2,Standard,Standard,68,0.005,-0.039,79.3,7.4,,0.039,94.1,1,-1,0.736,0.264,26,23,27,23,1,2,2,2,2,,3.3,-0.57,0.57,31.0,24.048013428887568,-15.27542196088541,35.23894193907362,32.45643606268696,43.928121368099596
FF,2025-10-11,96.6,-1.36,5.23,"Contreras, William",661388,694037,double_play,hit_into_play,,,,,5,"William Contreras lines into a double play, second baseman Nico Hoerner to first baseman Michael Busch. Jackson Chourio out at 1st.",D,R,R,MIL,CHC,X,4,line_drive,2,1,2025,-0.79,1.38,0.19882783309487462,2.383950624684093,,,694192,1,5,Bot,146.5,154.27,,,,,6.016076194413194,-140.3227297298191,-5.097451833673565,-11.949116320445915,37.57445527963651,-13.013279609440731,3.42,1.61,179,111.2,8,96.5,2235,6.8,813046,608348,683737,663538,807713,621020,664023,691718,673548,53.73,0.767,0.759,0,1,0,0,5,39,4,4-Seam Fastball,2,1,2,1,1,2,2,1,Standard,Standard,222,-0.053,-0.297,,,0.999,0.297,111.2,1,1,0.713,0.713,25,27,25,28,1,2,2,2,,2,1.11,0.79,0.79,29.3,,,,,
SI,2025-10-11,98.4,-1.1,5.82,"Suzuki, Seiya",673548,682842,field_out,hit_into_play,,,,,2,Seiya Suzuki flies out sharply to left fielder Jackson Chourio.,D,R,R,MIL,CHC,X,7,fly_ball,2,1,2025,-0.83,0.77,-0.005913085840868915,3.16677241591785,,,,0,9,Top,35.21,104.99,,,,,4.892265355848678,-143.1565873717,-3.4914608504025657,-12.584294773958574,35.60057842156012,-20.98528691901508,3.14,1.41,321,100.6,46,98.2,2579,6.4,813046,661388,683734,668930,702332,687401,694192,663368,686217,54.14,0.038,0.058,0,1,0,0,3,64,4,Sinker,3,1,1,3,1,3,1,3,Strategic,Standard,198,0.047,-0.305,75.3,7.8,0.115,0.305,100.6,2,-2,0.916,0.08399999999999996,25,30,25,31,1,3,5,2,2,,1.6,0.83,0.83,39.2,15.986451858539642,-19.745813862927363,22.88698085673706,36.456438710569024,41.2792305994177
FF,2025-10-11,99.8,-1.94,5.19,"Shaw, Matt",807713,694819,,called_strike,,,,,5,Called Strike,D,R,R,MIL,CHC,S,,,0,0,2025,-0.9,1.24,-0.17416564991855743,2.822082735225539,,,,0,3,Top,,,,,,,7.147891106018623,-145.11905956615385,-4.0994383540734525,-14.468925438498536,36.98728498762214,-13.898075407185885,3.50130624932086,1.73599928116086,,,,101.6,2619,7.5,813046,661388,683734,668930,702332,687401,694192,663368,686217,52.97,,,,,,,,17,1,4-Seam Fastball,1,1,1,1,1,1,1,1,Standard,Standard,226,0.004,-0.039,,,,0.039,,0,0,0.5,0.5,23,23,23,24,1,0,5,2,5,,1.07,0.9,0.9,25.9,,,,,
FS,2025-10-11,88.8,-1.57,5.44,"Perkins, Blake",663368,607067,,blocked_ball,,,,,14,Ball In Dirt,D,L,R,MIL,CHC,B,,,2,1,2025,-1.31,-0.15,0.5824612012643948,0.007765288847911389,,702332,,2,2,Bot,,,,,,,8.036689873278277,-128.85409162699838,-6.8418469036417005,-16.295362223308626,29.79824567768353,-32.448423144805155,3.5269028473256,1.7300261789705,,,,88.6,1502,6.6,813046,608348,683737,663538,807713,621020,664023,691718,673548,53.94,,,,,,,,16,4,Split-Finger,1,1,1,1,1,1,1,1,Standard,Standard,250,0.003,0.055,,,,-0.055,,0,0,0.536,0.536,34,28,35,29,1,0,5,2,,5,3.09,1.31,-1.31,30.3,,,,,
SL,2025-10-11,90.4,-1.6,5.82,"Ortiz, Joey",687401,552640,,foul,,,,,6,Foul,D,R,R,MIL,CHC,S,,,2,2,2025,0.4,0.33,0.37026468300378423,2.3043456786219356,,,,0,7,Bot,,,,,,,4.0781456645599174,-131.68985050881798,-3.5530273292085983,3.838720172789647,27.065849193887164,-27.840037491744692,3.33,1.53,108,76.9,9,91.1,2650,6.6,813046,608348,683737,663538,807713,621020,664023,691718,673548,53.95,,,,,,,,53,5,Slider,2,1,2,1,1,2,2,1,Standard,Standard,123,0,0,68.6,8.3,,0,88.0,1,1,0.786,0.786,35,26,35,27,1,2,3,2,,2,2.45,-0.4,-0.4,46.2,4.745714134925747,-10.298591118854077,24.49018520883524,41.395822969927806,31.432267738856176
FF,2025-10-11,93.2,1.81,5.98,"Contreras, William",661388,519141,,ball,,,,,11,Ball,D,R,L,MIL,CHC,B,,,2,1,2025,0.25,1.44,-1.0132395004439476,3.258539274644154,,,,2,1,Bot,,,,,,,-7.725741979577957,-135.45029431484483,-4.351973578716208,4.736757308132014,29.781846773029507,-13.648339650867722,3.49254585962551,1.7659780327751,,,,92.3,2580,5.9,813046,608348,683737,663538,807713,621020,664023,691718,673548,54.64,,,,,,,,6,4,4-Seam Fastball,0,0,0,0,0,0,0,0,Standard,Standard,168,0.004,0.117,,,,-0.117,,0,0,0.511,0.511,36,27,37,28,1,0,2,2,,2,1.19,0.25,-0.25,38.6,,,,,
SI,2025-10-11,98.8,-1.36,5.72,"Suzuki, Seiya",673548,682842,,called_strike,,,,,5,Called Strike,D,R,R,MIL,CHC,S,,,2,0,2025,-0.71,0.77,-0.0736238099294545,2.620435931830475,,,,0,9,Top,,,,,,,5.16654196301216,-143.70150926807017,-4.741858037951782,-11.132596826982658,36.57882584197041,-20.60807509437452,3.26447978716064,1.49590676859625,,,,98.6,2626,6.4,813046,661388,683734,668930,702332,687401,694192,663368,686217,54.07,,,,,,,,64,3,Sinker,3,1,1,3,1,3,1,3,Strategic,Standard,208,0.016,-0.072,,,,0.072,,2,-2,0.9,0.09999999999999998,25,30,25,31,1,3,5,2,2,,1.59,0.71,0.71,36.8,,,,,
CU,2025-10-11,81.2,-1.6,5.61,"Perkins, Blake",663368,607067,,called_strike,,,,,7,Called Strike,D,L,R,MIL,CHC,S,,,2,0,2025,0.94,-0.62,-0.38182172753653976,2.071055960735172,,702332,,2,2,Bot,,,,,,,0.9376030495503673,-118.20829086530239,-0.07277147284281948,8.546192886840663,24.4421944434075,-38.13819051249991,3.57622218669423,1.71989532479215,,,,80.9,2159,6.2,813046,608348,683737,663538,807713,621020,664023,691718,673548,54.27,,,,,,,,16,3,Curveball,1,1,1,1,1,1,1,1,Standard,Standard,56,-0.002,-0.051,,,,0.051,,0,0,0.538,0.538,34,28,35,29,1,0,5,2,,5,4.09,-0.94,0.94,35.7,,,,,
FF,2025-10-11,96.2,-1.13,5.51,"Kelly, Carson",608348,694477,strikeout,swinging_strike,,,,,11,Carson Kelly strikes out swinging.,D,R,R,MIL,CHC,S,2,,2,2,2025,-0.73,1.3,-0.695334507626594,4.218500844854868,,,,0,7,Top,,,,,,,2.7773747942423546,-140.04062965861814,-0.7727968533020825,-10.229096347120034,32.9160052986013,-15.20824965045343,3.37,1.64,,,,95.4,2411,5.9,813046,661388,683734,668930,702332,687401,694192,663368,686217,54.61,,0,0,1,0,0,,50,5,4-Seam Fastball,2,1,1,2,1,2,1,2,Strategic,Standard,223,0.037,-0.232,60.7,4.9,,0.232,,1,-1,0.699,0.30100000000000005,26,30,27,31,1,2,2,2,2,,1.17,0.73,0.73,31.6,4.583679322380675,20.101813999731817,15.748851523526449,29.77168302590308,19.673160024694813
FF,2025-10-11,99.6,-1.76,5.11,"Swanson, Dansby",621020,694819,strikeout,swinging_strike,,,,,12,Dansby Swanson strikes out swinging.,D,R,R,MIL,CHC,S,2,,1,2,2025,-0.72,1.35,0.13613883926169468,3.7875724775916835,,,608348,2,2,Top,,,,,,,7.0566847573833,-144.86743574239932,-1.402173930099801,-11.843190231699161,35.52688395285475,-13.142044281023354,3.51,1.64,,,,101.4,2565,7.4,813046,661388,683734,668930,702332,687401,694192,663368,686217,53.11,,0,0,1,0,0,,12,4,4-Seam Fastball,1,1,1,1,1,1,1,1,Strategic,Standard,219,0.016,-0.183,43.9,5.6,,0.183,,0,0,0.535,0.46499999999999997,23,31,23,31,1,0,5,2,5,,0.96,0.72,0.72,25.8,2.1899901404529056,43.022642586880494,24.89188323739071,38.96253889368224,5.384987498484316
SL,2025-10-11,89.9,-1.72,5.79,"Ortiz, Joey",687401,552640,,foul,,,,,14,Foul,D,R,R,MIL,CHC,S,,,2,1,2025,0.5,0.53,1.0226507530754616,2.2223349225393454,,,,0,7,Bot,,,,,,,5.773438945830361,-130.84234060340583,-4.025828403725461,4.5325961322671455,26.752406295776666,-25.486610376470317,3.33,1.53,181,66.6,34,90.5,2646,6.6,813046,608348,683737,663538,807713,621020,664023,691718,673548,53.9,,,,,,,,53,4,Slider,2,1,2,1,1,2,2,1,Standard,Standard,149,-0.006,-0.073,70.1,7.8,,0.073,88.0,1,1,0.792,0.792,35,26,35,27,1,2,3,2,,2,2.29,-0.5,-0.5,40.7,-1.3001161882611243,3.5831290024969786,27.156673120093917,50.22738935523515,20.734012348984464
FF,2025-10-11,93.3,1.74,6.11,"Contreras, William",661388,519141,,ball,,,,,12,Ball,D,R,L,MIL,CHC,B,,,1,1,2025,0.23,1.45,0.6768278438529818,4.635621175886908,,,,2,1,Bot,,,,,,,-3.1957425266771247,-135.92123709559084,-1.2222314826981915,3.53597666225201,29.626217519179487,-14.127900254917597,3.52218801641764,1.76752587055297,,,,92.4,2569,5.7,813046,608348,683737,663538,807713,621020,664023,691718,673548,54.85,,,,,,,,6,3,4-Seam Fastball,0,0,0,0,0,0,0,0,Standard,Standard,169,0.002,0.053,,,,-0.053,,0,0,0.509,0.509,36,27,37,28,1,0,2,2,,2,1.16,0.23,-0.23,39.9,,,,,
FF,2025-10-11,98.5,-1.43,5.18,"Contreras, William",661388,694037,,called_strike,,,,,2,Called Strike,D,R,R,MIL,CHC,S,,,2,0,2025,-0.76,1.35,-0.24992905786016917,2.9384773066501024,,,694192,1,5,Bot,,,,,,,5.006427464645618,-143.26587877057716,-3.6941280992651917,-11.644172857654215,39.25557217216112,-13.092163563217522,3.4206366929454,1.65659005021246,,,,98.4,2265,6.7,813046,608348,683737,663538,807713,621020,664023,691718,673548,53.82,,,,,,,,39,3,4-Seam Fastball,2,1,2,1,1,2,2,1,Standard,Standard,226,-0.007,-0.062,,,,0.062,,1,1,0.72,0.72,25,27,25,28,1,2,2,2,,2,1.04,0.76,0.76,28.5,,,,,
KC,2025-10-11,86.5,2.01,6,"Contreras, William",661388,519141,,ball,,,,,13,Ball,D,R,L,MIL,CHC,B,,,0,1,2025,0.11,-0.82,-0.7861444286023165,0.35688368821862504,,,,2,1,Bot,,,,,,,-6.796684473859561,-125.74761529519641,-5.508986846020742,2.5249666547314664,25.932689280553507,-39.94354814613841,3.43554804162649,1.70864299172783,,,,85.4,2376,5.7,813046,608348,683737,663538,807713,621020,664023,691718,673548,54.83,,,,,,,,6,2,Knuckle Curve,0,0,0,0,0,0,0,0,Standard,Standard,336,0.001,0.027,,,,-0.027,,0,0,0.508,0.508,36,27,37,28,1,0,2,2,,2,3.88,0.11,-0.11,38.7,,,,,
FF,2025-10-11,99.2,-2.06,4.97,"Swanson, Dansby",621020,694819,,swinging_strike,,,,,11,Swinging Strike,D,R,R,MIL,CHC,S,,,1,1,2025,-0.77,1.24,-0.684410259938786,3.861891901618374,,,608348,2,2,Top,,,,,,,5.7056764784110445,-144.35995800779418,-0.4986441639234634,-12.144044903866911,35.07060693006134,-15.0255401918984,3.51,1.64,,,,101.3,2542,7.5,813046,661388,683734,668930,702332,687401,694192,663368,686217,52.97,,,,,,,,12,3,4-Seam Fastball,1,1,1,1,1,1,1,1,Strategic,Standard,226,0.006,-0.073,69.0,5.9,,0.073,,0,0,0.529,0.471,23,31,23,31,1,0,5,2,5,,1.09,0.77,0.77,24.0,3.839795397463799,25.72203246695966,26.357290193483205,29.100339944950246,18.22009182735264
FC,2025-10-11,88.1,-1.59,5.23,"Kelly, Carson",608348,694477,,foul,,,,,11,Foul,D,R,R,MIL,CHC,S,,,2,1,2025,0.28,0.8,-0.8722960280919289,2.8618100637901636,,,,0,7,Top,,,,,,,1.1444935857443639,-128.345432602182,-1.3239214770257297,2.8528759353414044,26.991151352056825,-23.310518644788214,3.37,1.64,25,78.2,-4,87.7,2526,6,813046,661388,683734,668930,702332,687401,694192,663368,686217,54.51,,,,,,,,50,4,Cutter,2,1,1,2,1,2,1,2,Strategic,Standard,126,0.014,-0.073,71.0,6.7,,0.073,88.0,1,-1,0.685,0.31499999999999995,26,30,27,31,1,2,2,2,2,,2.14,-0.28,-0.28,28.4,10.476876923013224,-10.02591448077818,31.406633113086734,27.904431862900616,31.088622557914164
FF,2025-10-11,97,-1.53,5.31,"Contreras, William",661388,694037,,ball,,,,,11,Ball,D,R,R,MIL,CHC,B,,,1,0,2025,-0.5,1.45,-0.4325184867501709,4.11792398993819,,,694192,1,5,Bot,,,,,,,4.119325485833148,-140.98763269097515,-0.8129399883853963,-7.713775023863214,40.165701138447204,-13.293418252080471,3.44668424910009,1.682588954416,,,,96.5,2235,6.7,813046,608348,683737,663538,807713,621020,664023,691718,673548,53.82,,,,,,,,39,2,4-Seam Fastball,2,1,2,1,1,2,2,1,Standard,Standard,219,0.007,0.068,,,,-0.068,,1,1,0.713,0.713,25,27,25,28,1,2,2,2,,2,1.03,0.5,0.5,29.7,,,,,
CU,2025-10-11,81.7,-1.55,5.53,"Perkins, Blake",663368,607067,,ball,,,,,14,Ball,D,L,R,MIL,CHC,B,,,1,0,2025,0.6,-0.66,0.8748613226323236,1.9970839312760251,,,702332,2,2,Bot,,,,,,,4.305110308765167,-118.84239111476093,-0.03212406799931422,4.7727717150244064,25.198665719836733,-38.626724275895725,3.43688107471251,1.76614764342776,,,,81.5,2129,6.4,813046,608348,683737,663538,807713,621020,664023,691718,673548,54.1,,,,,,,,16,2,Curveball,1,1,1,1,1,1,1,1,Standard,Standard,53,0.012,0.048,,,,-0.048,,0,0,0.526,0.526,34,28,35,29,1,0,5,2,,5,4.11,-0.6,0.6,34.4,,,,,
SI,2025-10-11,95.6,-1.61,5.76,"Ortiz, Joey",687401,552640,,ball,,,,,14,Ball,D,R,R,MIL,CHC,B,,,1,1,2025,-1.24,0.9,0.7743255127951703,1.1508579869863964,,,,0,7,Bot,,,,,,,9.089847191380553,-138.7192993472853,-8.503843256305233,-18.12503180091669,33.90860997546183,-18.683753548497442,3.48608994432355,1.5640703897386,,,,95.3,2370,6.5,813046,608348,683737,663538,807713,621020,664023,691718,673548,54.03,,,,,,,,53,3,Sinker,2,1,2,1,1,2,2,1,Standard,Standard,211,0.004,0.055,,,,-0.055,,1,1,0.788,0.788,35,26,35,27,1,2,3,2,,2,1.63,1.24,1.24,40.0,,,,,
SL,2025-10-11,85.8,-1.31,5.97,"Suzuki, Seiya",673548,682842,,ball,,,,,11,Ball,D,R,R,MIL,CHC,B,,,1,0,2025,0.66,0.29,-0.39329842741735077,3.6810937707360165,,,,0,9,Top,,,,,,,0.8275206379442921,-124.99671858549706,0.27169793772307194,6.761734424500681,26.18205072550808,-29.473387708771597,3.19673722227511,1.39909314743821,,,,85.8,2595,6.3,813046,661388,683734,668930,702332,687401,694192,663368,686217,54.18,,,,,,,,64,2,Slider,3,1,1,3,1,3,1,3,Strategic,Standard,70,-0.016,0.077,,,,-0.077,,2,-2,0.916,0.08399999999999996,25,30,25,31,1,3,5,2,2,,2.81,-0.66,-0.66,42.7,,,,,
FF,2025-10-11,98.9,-1.43,5.26,"Contreras, William",661388,694037,,ball,,,,,1,Ball,D,R,R,MIL,CHC,B,,,0,0,2025,-1.4,0.87,-0.7242019118490364,3.282262541361321,,,694192,1,5,Bot,,,,,,,5.245219333285783,-143.79533524104448,-1.929929186206555,-20.683720020327144,37.042106834985326,-19.88797576953024,3.41427093289766,1.67196596779947,,,,99.1,2288,6.7,813046,608348,683737,663538,807713,621020,664023,691718,673548,53.81,,,,,,,,39,1,4-Seam Fastball,2,1,2,1,1,2,2,1,Standard,Standard,218,0.003,0.035,,,,-0.035,,1,1,0.71,0.71,25,27,25,28,1,2,2,2,,2,1.48,1.4,1.4,27.6,,,,,
FF,2025-10-11,99.8,-1.91,5.11,"Swanson, Dansby",621020,694819,,ball,,,,,11,Ball,D,R,R,MIL,CHC,B,,,0,1,2025,-0.73,1.31,-0.9187277285134996,5.0129761664901835,,,608348,2,2,Top,,,,,,,4.549601725838006,-145.31353385700723,2.107630003136373,-11.493663469814507,35.89123014269613,-14.412787031329472,3.723592456945,1.79034284398968,,,,101.7,2599,7.4,813046,661388,683734,668930,702332,687401,694192,663368,686217,53.1,,,,,,,,12,2,4-Seam Fastball,1,1,1,1,1,1,1,1,Strategic,Standard,218,-0.002,0.027,,,,-0.027,,0,0,0.531,0.469,23,31,23,31,1,0,5,2,5,,0.98,0.73,0.73,31.7,,,,,
SL,2025-10-11,86.8,-1.3,5.84,"Suzuki, Seiya",673548,682842,,ball,,,,,13,Ball,D,R,R,MIL,CHC,B,,,0,0,2025,0.65,0.21,-0.1562359807077609,1.0821630951667722,,,,0,9,Top,,,,,,,1.4041851419103177,-126.37383256637797,-5.604094838109681,6.623350301728991,27.624669041664657,-28.933208722489802,3.19561717843302,1.43164478552242,,,,86.9,2597,6.5,813046,661388,683734,668930,702332,687401,694192,663368,686217,54.03,,,,,,,,64,1,Slider,3,1,1,3,1,3,1,3,Strategic,Standard,69,-0.008,0.041,,,,-0.041,,2,-2,0.924,0.07599999999999996,25,30,25,31,1,3,5,2,2,,2.83,-0.65,-0.65,41.5,,,,,
FF,2025-10-11,95.7,-1.66,5.35,"Perkins, Blake",663368,607067,,ball,,,,,11,Ball,D,L,R,MIL,CHC,B,,,0,0,2025,-0.67,1.36,-1.080568438721532,3.237597785891177,,,702332,2,2,Bot,,,,,,,3.0677872918462645,-139.15622958869204,-2.9322469622240512,-9.453069727693247,36.51636374099814,-14.254087834647803,3.5921919867595,1.71955030512238,,,,95.4,2199,6.5,813046,608348,683737,663538,807713,621020,664023,691718,673548,53.98,,,,,,,,16,1,4-Seam Fastball,1,1,1,1,1,1,1,1,Standard,Standard,220,0.002,0.035,,,,-0.035,,0,0,0.524,0.524,34,28,35,29,1,0,5,2,,5,1.17,0.67,-0.67,29.3,,,,,
SI,2025-10-11,95.4,-1.54,5.78,"Ortiz, Joey",687401,552640,,called_strike,,,,,6,Called Strike,D,R,R,MIL,CHC,S,,,1,0,2025,-1.36,1.08,0.6594961664401924,2.4325527445614163,,,,0,7,Bot,,,,,,,8.885349601700831,-138.43094267942158,-5.516122701246475,-19.614225733633212,35.162578558915506,-17.200365204475137,3.3617473318894,1.49672794053359,,,,95,2350,6.5,813046,608348,683737,663538,807713,621020,664023,691718,673548,53.98,,,,,,,,53,2,Sinker,2,1,2,1,1,2,2,1,Standard,Standard,213,-0.004,-0.05,,,,0.05,,1,1,0.792,0.792,35,26,35,27,1,2,3,2,,2,1.47,1.36,1.36,40.3,,,,,
SV,2025-10-11,85.2,-1.2,5.41,"Kelly, Carson",608348,694477,,ball,,,,,14,Ball,D,R,R,MIL,CHC,B,,,1,1,2025,0.58,-0.8,1.059307944905715,-1.3686588041408823,,,,0,7,Top,,,,,,,4.11437845702394,-123.82431201654857,-7.956855931866041,5.142278389889377,24.98374688949832,-38.95559084796721,3.54139037010322,1.77088635341986,,,,84.8,2592,6.1,813046,661388,683734,668930,702332,687401,694192,663368,686217,54.37,,,,,,,,50,3,Slurve,2,1,1,2,1,2,1,2,Strategic,Standard,65,-0.009,0.055,,,,-0.055,,1,-1,0.694,0.30600000000000005,26,30,27,31,1,2,2,2,2,,3.95,-0.58,-0.58,32.4,,,,,
FF,2025-10-11,94.7,1.92,6.01,"Contreras, William",661388,519141,,swinging_strike,,,,,5,Swinging Strike,D,R,L,MIL,CHC,S,,,0,0,2025,0.25,1.47,-0.044015263462013454,2.4804892278803625,,,,2,1,Bot,,,,,,,-5.618270035200123,-137.6581895244911,-6.728833055108883,4.381772826447491,30.84580044037059,-12.238593883357856,3.42,1.61,,,,93.6,2645,5.7,813046,608348,683737,663538,807713,621020,664023,691718,673548,54.78,,,,,,,,6,1,4-Seam Fastball,0,0,0,0,0,0,0,0,Standard,Standard,168,-0.002,-0.043,77.8,7.7,,0.043,,0,0,0.51,0.51,36,27,37,28,1,0,2,2,,2,1.08,0.25,-0.25,37.9,11.033437551877084,-7.157241279873749,33.750321002726345,34.11759320769879,27.574568208215865
SL,2025-10-11,96.2,-2.01,4.96,"Swanson, Dansby",621020,694819,,swinging_strike,,,,,5,Swinging Strike,D,R,R,MIL,CHC,S,,,0,0,2025,0.07,0.73,0.015206478492341784,2.709563425182202,,,608348,2,2,Top,,,,,,,5.333584137439852,-139.99256370972032,-2.0773540589721775,-0.3377980991025711,32.034847374909965,-22.32036005329234,3.51,1.64,,,,98.3,2446,7.5,813046,661388,683734,668930,702332,687401,694192,663368,686217,53.01,,,,,,,,12,1,Slider,1,1,1,1,1,1,1,1,Standard,Standard,189,0.003,-0.042,73.8,7.1,,0.042,,0,0,0.528,0.472,23,31,23,31,1,0,5,2,5,,1.74,-0.07,-0.07,25.3,6.839488344907026,9.840868487899824,33.43756097434139,37.601051339842115,22.279368875700445
SI,2025-10-11,98.4,-1.36,5.76,"Tucker, Kyle",663656,682842,field_out,hit_into_play,,,,,7,"Kyle Tucker grounds out, second baseman Brice Turang to first baseman Andrew Vaughn.",D,L,R,MIL,CHC,X,4,ground_ball,2,1,2025,-1.19,0.58,-0.8241615369754391,1.5818416483549713,,,683737,2,8,Top,152.55,162.13,,,,,4.235616549084573,-143.10234936977218,-7.168772931499052,-17.355712227805608,35.68147996274395,-22.732202720117023,3.41,1.56,7,68.6,-11,98.2,2501,6.4,813046,661388,683734,668930,702332,687401,694192,663368,686217,54.1,0.05,0.05,0,1,0,0,2,60,4,Sinker,3,1,1,3,1,3,1,3,Infield shade,Standard,212,0.039,-0.309,68.5,7.8,0.05,0.309,88.0,2,-2,0.899,0.10099999999999998,25,28,25,28,1,3,5,2,2,,1.8,1.19,-1.19,36.0,18.604287661720996,-2.0301011317666404,36.85663896666597,45.998777361197156,25.77236241334727
SL,2025-10-11,87.5,-1.46,5.2,"Turang, Brice",668930,694037,field_out,hit_into_play,,,,,1,Brice Turang flies out to left fielder Ian Happ.,D,L,R,MIL,CHC,X,7,fly_ball,0,1,2025,0.2,0.16,-0.28774686886145384,3.1477265880111265,,,694192,0,5,Bot,50.63,124.17,,,,,2.4170000474565243,-127.43312358400615,0.8952797848211776,1.6109444988826098,27.417068968071913,-30.890579860645,3.43,1.62,263,90,48,87.4,2256,6.3,813046,608348,683737,663538,807713,621020,664023,691718,673548,54.2,0.003,0.002,0,1,0,0,3,38,2,Slider,2,1,2,1,1,2,2,1,Standard,Standard,125,-0.026,-0.199,74.6,6.8,0.003,0.199,90.0,1,1,0.736,0.736,25,25,25,26,1,2,2,2,,2,2.83,-0.2,0.2,29.4,9.070123650537777,5.55027855093094,26.60637630623404,35.95323327835365,30.82424506040633
SL,2025-10-11,88.2,-1.59,5.43,"Durbin, Caleb",702332,607067,single,hit_into_play,,,,,5,Caleb Durbin singles on a ground ball to center fielder Pete Crow-Armstrong.,D,R,R,MIL,CHC,X,8,ground_ball,0,1,2025,0.11,-0.06,0.0851617293190613,2.354968056881606,,,,2,2,Bot,119.31,104.11,,,,,3.874324005281851,-128.41021123208216,-1.2062879392609451,0.33421409908372346,28.56058085212507,-32.83874215502387,3.2,1.45,37,96.3,-1,88.4,2121,6.5,813046,608348,683737,663538,807713,621020,664023,691718,673548,53.96,0.408,0.367,0.9,1,1,0,2,15,2,Slider,1,1,1,1,1,1,1,1,Standard,Standard,134,0.015,0.368,62.9,6.3,0.409,-0.368,96.3,0,0,0.509,0.509,34,25,35,25,1,0,5,2,,2,3.01,-0.11,-0.11,34.4,-0.6238151576641948,6.509317901921152,23.091444891273174,36.66560374588603,21.23897939860773
SI,2025-10-11,95.2,-1.47,5.78,"Ortiz, Joey",687401,552640,,ball,,,,,9,Ball,D,R,R,MIL,CHC,B,,,0,0,2025,-1.32,0.81,0.6830602716075693,1.4459379080123866,,,,0,7,Bot,,,,,,,8.639929089545568,-138.16597784439048,-7.47760489486847,-18.975973319263183,34.553384577678386,-20.152579869429008,3.38686499836908,1.54959010694516,,,,94.8,2273,6.5,813046,608348,683737,663538,807713,621020,664023,691718,673548,54.02,,,,,,,,53,1,Sinker,2,1,2,1,1,2,2,1,Standard,Standard,214,0.003,0.041,,,,-0.041,,1,1,0.789,0.789,35,26,35,27,1,2,3,2,,2,1.74,1.32,1.32,47.2,,,,,
FF,2025-10-11,94,1.8,6.02,"Turang, Brice",668930,519141,field_out,hit_into_play,,,,,2,Brice Turang flies out sharply to center fielder Pete Crow-Armstrong.,D,L,L,MIL,CHC,X,8,fly_ball,0,2,2025,0.38,1.4,-0.13707975088788588,3.0968005425224745,,,,1,1,Bot,69.49,68.77,,,,,-5.7930434919074525,-136.6960972349027,-4.893969951536905,6.045727407442864,30.84395601890163,-13.763128192895975,3.43,1.62,351,102.1,39,92.9,2638,5.7,813046,608348,683737,663538,807713,621020,664023,691718,673548,54.79,0.273,0.5286666666666666,0,1,0,0,5,5,6,4-Seam Fastball,0,0,0,0,0,0,0,0,Standard,Standard,158,-0.01,-0.163,71.7,6.9,1.054,0.163,102.1,0,0,0.52,0.52,36,25,37,26,1,0,2,2,,2,1.19,0.38,0.38,37.3,13.151813403202798,1.0026024822097528,30.162244935578663,32.86293900722608,33.63090304387596
SI,2025-10-11,95.9,-0.75,5.61,"Kelly, Carson",608348,694477,,ball,,,,,14,Ball,D,R,R,MIL,CHC,B,,,0,1,2025,-1.27,1.11,1.8353839868412118,2.565943724376561,,,,0,7,Top,,,,,,,9.645496508862614,-139.3232477476444,-4.892875582243491,-18.798976519576073,32.436932260033856,-16.8005726376109,3.48162499739001,1.76900417221815,,,,95.1,2208,6,813046,661388,683734,668930,702332,687401,694192,663368,686217,54.48,,,,,,,,50,2,Sinker,2,1,1,2,1,2,1,2,Strategic,Standard,212,-0.005,0.031,,,,-0.031,,1,-1,0.699,0.30100000000000005,26,30,27,31,1,2,2,2,2,,1.39,1.27,1.27,37.2,,,,,
FF,2025-10-11,99.9,-1.9,5.09,"Crow-Armstrong, Pete",691718,694819,field_out,hit_into_play,,,,,4,Pete Crow-Armstrong flies out sharply to left fielder Jackson Chourio.,D,L,R,MIL,CHC,X,7,fly_ball,0,0,2025,-1.02,1.21,-0.548175865370839,2.44500050189935,,,608348,1,2,Top,65.5,64.33,,,,,6.295983650392893,-145.26165803501416,-4.791635165804029,-15.957397385717007,37.28172272094343,-14.210838234073712,3.1,1.46,364,100.5,33,101.9,2509,7.6,813046,661388,683734,668930,702332,687401,694192,663368,686217,52.87,0.47,0.9344062500000002,0,1,0,0,6,11,1,4-Seam Fastball,1,1,1,1,1,1,1,1,Standard,Standard,224,0.031,-0.256,75.2,6.9,1.842,0.256,100.5,0,0,0.497,0.503,23,23,23,23,1,0,5,2,5,,1.1,1.02,-1.02,26.4,10.597845198598279,3.347675050670993,34.055699692804055,39.71333631554848,29.59971177689387
SI,2025-10-11,95.7,-1.27,5.4,"Kelly, Carson",608348,694477,,called_strike,,,,,2,Called Strike,D,R,R,MIL,CHC,S,,,0,0,2025,-1.32,0.92,0.036747837117307114,3.375521935212143,,,,0,7,Top,,,,,,,6.388652654255532,-139.18810696138394,-1.7610054955998546,-18.66344977798598,33.79565558458403,-20.062753407196873,3.5476603255134,1.71828889554361,,,,94.9,2235,6,813046,661388,683734,668930,702332,687401,694192,663368,686217,54.49,,,,,,,,50,1,Sinker,2,1,1,2,1,2,1,2,Strategic,Standard,226,0.007,-0.039,,,,0.039,,1,-1,0.692,0.30800000000000005,26,30,27,31,1,2,2,2,2,,1.59,1.32,1.32,28.8,,,,,
FF,2025-10-11,96.6,-1.6,5.37,"Durbin, Caleb",702332,607067,,called_strike,,,,,6,Called Strike,D,R,R,MIL,CHC,S,,,0,0,2025,-0.52,1.33,0.7813909313376216,2.7058346028104903,,,,2,2,Bot,,,,,,,7.564815305683092,-140.31069652770265,-4.47874906128992,-8.787106007245884,36.11605242629767,-13.841342446319219,3.38636644777839,1.64184546805071,,,,96.3,2263,6.6,813046,608348,683737,663538,807713,621020,664023,691718,673548,53.94,,,,,,,,15,1,4-Seam Fastball,1,1,1,1,1,1,1,1,Standard,Standard,220,-0.002,-0.043,,,,0.043,,0,0,0.511,0.511,34,25,35,25,1,0,5,2,,2,1.15,0.52,0.52,29.1,,,,,
FF,2025-10-11,95,-1.77,5.82,"Perkins, Blake",663368,552640,field_out,hit_into_play,,,,,6,Blake Perkins pops out to first baseman Michael Busch.,D,L,R,MIL,CHC,X,3,popup,2,2,2025,-0.33,1.42,0.6147785412858452,2.768970527680013,,686217,702332,2,6,Bot,134.42,177.85,,,,,7.023647255739466,-138.05714770437464,-5.525538822701694,-5.850882792831536,31.340363022549234,-12.965789646824923,3.47,1.67,62,90.5,75,95.5,2511,6.7,813046,608348,683737,663538,807713,621020,664023,691718,673548,53.83,0.003,0.002,0,1,0,0,3,49,5,4-Seam Fastball,2,1,2,1,1,2,2,1,Standard,Standard,207,-0.036,-0.203,69.8,6.9,0.003,0.203,90.5,1,1,0.728,0.728,35,28,35,29,1,2,3,2,,5,1.12,0.33,-0.33,46.2,18.251825882746044,-12.562741258567451,30.986525416559452,27.47254286883118,35.07027776167101
SI,2025-10-11,98.5,-1.17,5.77,"Tucker, Kyle",663656,682842,,swinging_strike,,,,,7,Swinging Strike,D,L,R,MIL,CHC,S,,,2,0,2025,-1.11,0.57,-0.3148500747366296,1.8382562974083134,,,683737,2,8,Top,,,,,,,4.894575744121747,-143.17560818991888,-6.499958026843978,-16.346771984909363,35.217561273245124,-23.02506482633484,3.41,1.56,,,,98.2,2493,6.3,813046,661388,683734,668930,702332,687401,694192,663368,686217,54.16,,,,,,,,60,3,Sinker,3,1,1,3,1,3,1,3,Infield shade,Standard,211,0.007,-0.044,74.8,8.4,,0.044,,2,-2,0.892,0.10799999999999998,25,28,25,28,1,3,5,2,2,,1.8,1.11,-1.11,36.6,27.829605256415917,-26.856247983858466,32.692499090643196,40.40075862770158,37.6587602822637
SL,2025-10-11,87.5,-1.67,5.13,"Turang, Brice",668930,694037,,called_strike,,,,,4,Called Strike,D,L,R,MIL,CHC,S,,,0,0,2025,0.2,0.09,-0.651259185321356,2.6493083557330444,,,694192,0,5,Bot,,,,,,,2.0534323915213473,-127.43351799509054,0.011669940882218954,1.6974399385060717,28.888423037949757,-31.43160381508056,3.49965984526842,1.6778183545915,,,,87.2,2261,6.3,813046,608348,683737,663538,807713,621020,664023,691718,673548,54.21,,,,,,,,38,1,Slider,2,1,2,1,1,2,2,1,Standard,Standard,126,-0.005,-0.043,,,,0.043,,1,1,0.741,0.741,25,25,25,26,1,2,2,2,,2,2.91,-0.2,0.2,23.8,,,,,
FF,2025-10-11,93.1,1.88,6.02,"Turang, Brice",668930,519141,,foul,,,,,12,Foul,D,L,L,MIL,CHC,S,,,0,2,2025,0.21,1.58,0.3289586967784865,3.8255065341629835,,,,1,1,Bot,,,,,,,-4.404729965040234,-135.62636400856732,-3.3399679275203464,3.4722952929697444,27.89587521643345,-12.090741960651522,3.43,1.62,146,75,72,92.6,2653,5.8,813046,608348,683737,663538,807713,621020,664023,691718,673548,54.71,,,,,,,,5,5,4-Seam Fastball,0,0,0,0,0,0,0,0,Standard,Standard,165,0,0,65.0,6.2,,0,88.0,0,0,0.52,0.52,36,25,37,26,1,0,2,2,,2,1.03,0.21,0.21,38.6,11.62220373576163,5.351174968560403,21.213712581251087,26.684491607297318,30.3336022778533
SL,2025-10-11,95.1,-1.98,5.05,"Kelly, Carson",608348,694819,single,hit_into_play,,,,,5,Carson Kelly singles on a line drive to left fielder Jackson Chourio.,D,R,R,MIL,CHC,X,7,line_drive,0,2,2025,0.27,0.54,-0.1789426298757966,2.3873585892246796,,,,1,2,Top,80.03,99.87,,,,,4.202624653640891,-138.5024772387849,-2.6181445165304176,2.5982641858729973,29.616784708523795,-24.811350494198805,3.37,1.64,272,88.7,18,97.5,2590,7.5,813046,661388,683734,668930,702332,687401,694192,663368,686217,52.99,0.666,0.625,0.9,1,1,0,4,10,3,Slider,1,1,1,1,1,1,1,1,Strategic,Standard,179,-0.033,0.506,70.9,6.8,0.785,-0.506,88.7,0,0,0.53,0.47,23,30,23,31,1,0,5,2,5,,1.96,-0.27,-0.27,28.7,12.717983817199348,-6.215096827741393,30.828350080947146,36.444224118611004,34.56942621445189
SL,2025-10-11,86.3,-1.33,5.78,"Tucker, Kyle",663656,682842,,ball,,,,,13,Ball,D,L,R,MIL,CHC,B,,,1,0,2025,1.13,0.06,-0.23295845880897836,1.234873547144745,,,683737,2,8,Top,,,,,,,0.3109638199421769,-125.52268403934795,-4.610623412602974,11.679090482398713,29.909524400896412,-30.71669106714854,3.40845366283334,1.59164402983009,,,,86,2605,6.5,813046,661388,683734,668930,702332,687401,694192,663368,686217,54,,,,,,,,60,2,Slider,3,1,1,3,1,3,1,3,Infield shade,Standard,59,-0.007,0.048,,,,-0.048,,2,-2,0.899,0.10099999999999998,25,28,25,28,1,3,5,2,2,,3.05,-1.13,1.13,42.1,,,,,
FC,2025-10-11,90.5,-1.54,5.23,"Happ, Ian",664023,694477,strikeout,called_strike,,,,,4,Ian Happ called out on strikes.,D,L,R,MIL,CHC,S,2,,2,2,2025,0.41,0.95,-0.6887842467737104,2.601552711358588,,683737,663538,2,6,Top,,,,,,,1.2512539020717384,-131.90425166718177,-2.6747919727803238,4.51575469557327,27.813715780060395,-20.69488764276239,3.62706569429244,1.68488953049104,,,,90.1,2531,5.9,813046,661388,683734,668930,702332,687401,694192,663368,686217,54.59,,0,0,1,0,0,,44,6,Cutter,2,1,1,2,1,2,1,2,Infield shade,Standard,124,0.061,-0.203,,,,0.203,,1,-1,0.679,0.32099999999999995,26,30,27,31,1,2,2,2,2,,1.82,-0.41,0.41,30.1,,,,,
FF,2025-10-11,99.7,-1.41,5.14,"Chourio, Jackson",694192,694037,walk,ball,,,,,14,Jackson Chourio walks.,D,R,R,MIL,CHC,B,,,3,2,2025,-1.33,1.01,0.5695817291502547,1.2708058462616263,,,,0,5,Bot,,,,,,,8.619913052670306,-144.6839687349593,-7.609804253037719,-20.805818582239386,36.50680513919212,-16.269764448995684,3.34722057977734,1.60871848932923,,,,99.9,2309,6.7,813046,608348,683737,663538,807713,621020,664023,691718,673548,53.78,,0.691497,0.7,1,0,0,,37,7,4-Seam Fastball,2,1,2,1,1,2,2,1,Standard,Standard,224,0.028,0.356,,,,-0.356,,1,1,0.713,0.713,25,21,25,21,1,2,2,2,,2,1.31,1.33,1.33,26.7,,,,,
FF,2025-10-11,98.9,0.08,6.5,"Tucker, Kyle",663656,656730,strikeout,swinging_strike,,,,,12,Kyle Tucker strikes out swinging.,D,L,R,MIL,CHC,S,2,,2,2,2025,-0.17,1.5,0.24641175429289522,3.8648927013546843,,,,2,1,Top,,,,,,,0.8471621124929637,-143.94761836427762,-5.246971321404322,-2.5649158960333573,34.83889738039931,-10.371765337761078,3.41,1.56,,,,99.1,2448,6.5,813046,661388,683734,668930,702332,687401,694192,663368,686217,54.02,,0,0,1,0,0,,3,5,4-Seam Fastball,0,0,0,0,0,0,0,0,Infield shade,Standard,189,0.008,-0.224,67.7,6.2,,0.224,,0,0,0.54,0.45999999999999996,31,28,32,28,1,0,2,2,2,,0.84,0.17,-0.17,52.3,6.695961135602168,5.206599783179605,29.194578878344743,33.9662014139453,17.061872495255827
FF,2025-10-11,95,-1.64,5.4,"Frelick, Sal",686217,607067,strikeout,swinging_strike,,,,,11,Sal Frelick strikes out swinging.,D,L,R,MIL,CHC,S,2,,0,2,2025,-0.47,1.4,-1.0556096492032576,3.0691873188563097,,,,1,2,Bot,,,,,,,2.6009066492740343,-138.29369289677226,-3.586410409118608,-6.652694371733459,32.70583495298392,-13.648191393431558,3.06,1.45,,,,95.2,2156,6.5,813046,608348,683737,663538,807713,621020,664023,691718,673548,53.97,,0,0,1,0,0,,14,5,4-Seam Fastball,1,1,1,1,1,1,1,1,Standard,Standard,214,-0.01,-0.163,66.2,6.3,,0.163,,0,0,0.521,0.521,34,25,35,25,1,0,5,2,,2,1.13,0.47,-0.47,28.7,-1.6275785360564115,23.94043061015712,27.642932884714455,47.062209116436605,7.441924526897508
FF,2025-10-11,98.6,0.09,6.5,"Tucker, Kyle",663656,676879,strikeout,swinging_strike,,,,,7,Kyle Tucker strikes out swinging.,D,L,L,MIL,CHC,S,2,,3,2,2025,0.35,1.5,-0.7729938442829991,1.5916558852441813,,683737,663538,0,6,Top,,,,,,,-3.0916970863686553,-143.23270246135394,-11.153904948552276,5.5136358568038215,34.89335463145372,-9.084179781532074,3.41,1.56,,,,96.8,2246,5.5,813046,661388,683734,668930,702332,687401,694192,663368,686217,55,,0,0,1,0,0,,42,6,4-Seam Fastball,2,1,1,2,1,2,1,2,Standard,Standard,147,0.099,-0.357,68.7,6.9,,0.357,,1,-1,0.494,0.506,27,28,27,28,1,2,2,2,2,,0.86,0.35,0.35,50.2,-7.2134224205676105,15.677873575078557,39.11612581217811,46.738797170739744,12.296874337310118
SL,2025-10-11,89.9,-1.53,5.9,"Perkins, Blake",663368,552640,,ball,,,,,14,Ball,D,L,R,MIL,CHC,B,,,1,2,2025,0.56,0.21,0.7693126101991952,1.4586051715067794,,686217,702332,2,6,Bot,,,,,,,4.523429685636279,-130.81252027307582,-5.524584858009121,5.57107547010389,26.66914265786469,-28.87161980578289,3.65880964833658,1.7793800953928,,,,90.6,2658,6.6,813046,608348,683737,663538,807713,621020,664023,691718,673548,53.88,,,,,,,,49,4,Slider,2,1,2,1,1,2,2,1,Standard,Standard,139,0.007,0.012,,,,-0.012,,1,1,0.721,0.721,35,28,35,29,1,2,3,2,,5,2.61,-0.56,0.56,46.7,,,,,
KC,2025-10-11,87.2,1.8,6.03,"Turang, Brice",668930,519141,,foul,,,,,13,Foul,D,L,L,MIL,CHC,S,,,0,2,2025,0.03,-0.57,-0.7373106625259398,1.2732962659352518,,,,1,1,Bot,,,,,,,-6.077321802413447,-126.83727217097565,-4.0339662211536815,1.618473227422947,26.63786868967595,-37.684473670442316,3.43,1.62,,,,86,2300,5.6,813046,608348,683737,663538,807713,621020,664023,691718,673548,54.9,,,,,,,,5,4,Knuckle Curve,0,0,0,0,0,0,0,0,Standard,Standard,339,0,0,66.8,8.1,,0,,0,0,0.52,0.52,36,25,37,26,1,0,2,2,,2,3.58,0.03,0.03,40.3,23.38374785478972,1.8488717800079466,36.848970477281405,39.56496756232768,39.69416675906754
FF,2025-10-11,98.8,0.23,6.51,"Tucker, Kyle",663656,676879,,foul_tip,,,,,5,Foul Tip,D,L,L,MIL,CHC,S,,,3,1,2025,0.45,1.26,-0.00988115250695315,2.648627772619204,,683737,663538,0,6,Top,,,,,,,-1.6726194655666045,-143.81710622220606,-7.9035328360920545,6.632779438466321,32.670615629204605,-13.055928744985074,3.41,1.56,,,,97.4,2330,5.5,813046,661388,683734,668930,702332,687401,694192,663368,686217,55.05,,,,,,,,42,5,4-Seam Fastball,2,1,1,2,1,2,1,2,Standard,Standard,150,0.028,-0.142,76.8,7.5,,0.142,,1,-1,0.466,0.534,27,28,27,28,1,2,2,2,2,,1.07,0.45,0.45,57.9,11.778201324940879,-7.220239413914553,36.27817996203713,38.1482707589994,25.804303812024386
SV,2025-10-11,87.5,-1.42,5.48,"Happ, Ian",664023,694477,,foul,,,,,8,Foul,D,L,R,MIL,CHC,S,,,2,2,2025,0.53,-0.32,0.10891515284652342,2.0853914600662553,,683737,663538,2,6,Top,,,,,,,2.576629197962481,-127.47076263380283,-1.3541106493666366,5.180218486771458,28.102393417172802,-35.60812517518631,3.52,1.63,4,86.4,-30,86.9,2625,6,813046,661388,683734,668930,702332,687401,694192,663368,686217,54.47,,,,,,,,44,5,Slurve,2,1,1,2,1,2,1,2,Standard,Standard,65,0,0,74.8,7.3,,0,88.0,1,-1,0.679,0.32099999999999995,26,30,27,31,1,2,2,2,2,,3.31,-0.53,0.53,37.7,5.650601765642721,-21.533434272076345,39.30379561843833,31.20479120467266,41.29248310373905
FS,2025-10-11,88.2,-1.43,5.19,"Chourio, Jackson",694192,694037,,ball,,,,,11,Ball,D,R,R,MIL,CHC,B,,,2,2,2025,-0.77,-0.1,-0.9687263288445386,3.743610957993534,,,,0,5,Bot,,,,,,,2.746415356915946,-128.4901586595374,2.7887481292566534,-9.133959033581618,26.42536239804633,-34.04864149648423,3.29467667424903,1.58507486314746,,,,88.7,981,6.5,813046,608348,683737,663538,807713,621020,664023,691718,673548,53.98,,,,,,,,37,6,Split-Finger,2,1,2,1,1,2,2,1,Standard,Standard,243,0.008,0.112,,,,-0.112,,1,1,0.705,0.705,25,21,25,21,1,2,2,2,,2,3.02,0.77,0.77,29.1,,,,,
SL,2025-10-11,85.8,-1.31,5.94,"Tucker, Kyle",663656,682842,,ball,,,,,13,Ball,D,L,R,MIL,CHC,B,,,0,0,2025,1.09,0.35,-0.9016809969326967,2.4657404216460406,,,683737,2,8,Top,,,,,,,-1.247028270098626,-124.84827930275125,-2.560988662736924,11.514463575493412,29.234108092670162,-28.193744029986753,3.44869653101579,1.54480403302131,,,,85.2,2536,6.3,813046,661388,683734,668930,702332,687401,694192,663368,686217,54.2,,,,,,,,60,1,Slider,3,1,1,3,1,3,1,3,Infield shade,Standard,62,-0.004,0.035,,,,-0.035,,2,-2,0.903,0.09699999999999998,25,28,25,28,1,3,5,2,2,,2.79,-1.09,1.09,41.6,,,,,
KC,2025-10-11,87.7,-0.06,6.46,"Tucker, Kyle",663656,656730,,swinging_strike,,,,,8,Swinging Strike,D,L,R,MIL,CHC,S,,,2,1,2025,-0.04,-0.06,-0.15171615197177485,1.978956858149751,,,,2,1,Top,,,,,,,-0.14925579551315962,-127.59854059818072,-4.4941608633211105,-0.36238977496656993,29.559623777725214,-32.05916279262278,3.41,1.56,,,,87.3,2706,6.3,813046,661388,683734,668930,702332,687401,694192,663368,686217,54.16,,,,,,,,3,4,Knuckle Curve,0,0,0,0,0,0,0,0,Infield shade,Standard,42,0.003,-0.073,74.2,8.3,,0.073,,0,0,0.537,0.46299999999999997,31,28,32,28,1,0,2,2,2,,3.06,0.04,-0.04,52.0,27.556696237165845,-22.847447639225205,34.69225857107984,39.245431297167556,42.15566413595022
FF,2025-10-11,95.8,-1.58,5.46,"Frelick, Sal",686217,607067,,foul,,,,,11,Foul,D,L,R,MIL,CHC,S,,,0,2,2025,-0.84,1.11,-0.8270599350302125,3.7640427658636746,,,,1,2,Bot,,,,,,,3.906692927581302,-139.3882226842497,-1.3591519031698884,-11.852384998682266,33.68831689681541,-17.63486087862236,3.06,1.45,171,80.6,14,95.8,2133,6.5,813046,608348,683737,663538,807713,621020,664023,691718,673548,54.04,,,,,,,,14,4,4-Seam Fastball,1,1,1,1,1,1,1,1,Standard,Standard,216,0,0,58.7,5.4,,0,88.0,0,0,0.521,0.521,34,25,35,25,1,0,5,2,,2,1.39,0.84,-0.84,31.6,-8.434035833599435,36.950010324442125,20.673169059384183,43.87731436372865,2.5573131867621504
SL,2025-10-11,90.9,-1.54,5.8,"Perkins, Blake",663368,552640,,ball,,,,,14,Ball,D,L,R,MIL,CHC,B,,,0,2,2025,0.39,0.39,1.0798874195355832,1.514740715257862,,686217,702332,2,6,Bot,,,,,,,5.781131843169639,-132.20675005607143,-5.719924974446853,3.3615417765386355,26.864823145353718,-26.552620393787617,3.69210551077184,1.69717703334627,,,,91.6,2644,6.7,813046,608348,683737,663538,807713,621020,664023,691718,673548,53.84,,,,,,,,49,3,Slider,2,1,2,1,1,2,2,1,Standard,Standard,153,0.004,0.012,,,,-0.012,,1,1,0.717,0.717,35,28,35,29,1,2,3,2,,5,2.36,-0.39,0.39,43.0,,,,,
FF,2025-10-11,100.3,-1.82,4.98,"Kelly, Carson",608348,694819,,foul,,,,,4,Foul,D,R,R,MIL,CHC,S,,,0,1,2025,-0.86,1.23,-0.3757717799005359,2.4110248636481817,,,,1,2,Top,,,,,,,6.190469634234211,-145.88581332897604,-4.741134807978411,-13.75031889983148,35.79498198032566,-13.719076055005742,3.37,1.64,156,80.4,11,102.5,2532,7.6,813046,661388,683734,668930,702332,687401,694192,663368,686217,52.93,,,,,,,,10,2,4-Seam Fastball,1,1,1,1,1,1,1,1,Strategic,Standard,224,0.004,-0.052,57.9,5.4,,0.052,88.0,0,0,0.526,0.474,23,30,23,31,1,0,5,2,5,,1.05,0.86,0.86,28.3,-21.926058706353643,28.52698408789257,40.40270546294773,34.59799770040732,7.674194414713423
FF,2025-10-11,94.5,1.86,6.04,"Turang, Brice",668930,519141,,foul,,,,,1,Foul,D,L,L,MIL,CHC,S,,,0,2,2025,0.27,1.61,-0.42842141418624297,3.253616200133395,,,,1,1,Bot,,,,,,,-6.5170254769655,-137.48130631661238,-5.114627690093325,4.906165173701538,30.108609479768973,-10.805127528447025,3.43,1.62,168,80.8,13,93.8,2637,5.8,813046,608348,683737,663538,807713,621020,664023,691718,673548,54.65,,,,,,,,5,3,4-Seam Fastball,0,0,0,0,0,0,0,0,Standard,Standard,172,0,0,70.0,6.6,,0,88.0,0,0,0.52,0.52,36,25,37,26,1,0,2,2,,2,0.94,0.27,0.27,38.4,4.918249694315073,15.727691173723661,26.60347113056993,37.27104223807913,22.348986427838994
SL,2025-10-11,94.2,-1.94,5.04,"Kelly, Carson",608348,694819,,called_strike,,,,,13,Called Strike,D,R,R,MIL,CHC,S,,,0,0,2025,0.32,0.39,-0.9086804415168338,2.3312145632696106,,,,1,2,Top,,,,,,,2.014261874094326,-137.24673929778118,-2.2186576587691658,3.5542369512005827,31.812200075106016,-26.95530117317211,3.51757239670205,1.67811201007709,,,,96.3,2547,7.5,813046,661388,683734,668930,702332,687401,694192,663368,686217,52.96,,,,,,,,10,1,Slider,1,1,1,1,1,1,1,1,Standard,Standard,172,0.003,-0.039,,,,0.039,,0,0,0.523,0.477,23,30,23,31,1,0,5,2,5,,2.18,-0.32,-0.32,34.4,,,,,
FF,2025-10-11,93.9,1.88,6.02,"Turang, Brice",668930,519141,,called_strike,,,,,7,Called Strike,D,L,L,MIL,CHC,S,,,0,1,2025,0.4,1.52,-0.6674212249422615,2.1541147021840255,,,,1,1,Bot,,,,,,,-7.402013082045885,-136.48669377198365,-7.574562168018706,6.590364801699377,29.467608838920185,-11.662761384393981,3.54283021519003,1.70012364089099,,,,93,2597,5.8,813046,608348,683737,663538,807713,621020,664023,691718,673548,54.7,,,,,,,,5,2,4-Seam Fastball,0,0,0,0,0,0,0,0,Standard,Standard,164,-0.004,-0.052,,,,0.052,,0,0,0.524,0.524,36,25,37,26,1,0,2,2,,2,1.07,0.4,0.4,36.8,,,,,
SL,2025-10-11,90.7,-1.8,4.89,"Chourio, Jackson",694192,694037,,foul,,,,,11,Foul,D,R,R,MIL,CHC,S,,,2,2,2025,0.06,0.26,-1.0129660590338907,2.6712542509823813,,,,0,5,Bot,,,,,,,1.8640434382006115,-132.24124542229256,-0.25822101518054796,0.34555331055506633,25.13645698275457,-29.236869005508755,3.34,1.58,179,66.6,60,92,2346,6.7,813046,608348,683737,663538,807713,621020,664023,691718,673548,53.79,,,,,,,,37,5,Slider,2,1,2,1,1,2,2,1,Standard,Standard,169,0,0,71.0,6.9,,0,88.0,1,1,0.705,0.705,25,21,25,21,1,2,2,2,,2,2.48,-0.06,-0.06,20.0,3.706134503958725,-9.790407456821288,30.195564828532536,24.38309463839713,31.108228360407416
SV,2025-10-11,87.1,-1.45,5.37,"Happ, Ian",664023,694477,,blocked_ball,,,,,14,Ball In Dirt,D,L,R,MIL,CHC,B,,,1,2,2025,0.47,-0.32,0.12786401382235524,-0.36071924924187293,,683737,663538,2,6,Top,,,,,,,2.8148640605209057,-126.79848035104266,-6.921114680178562,4.460471490417303,25.912909084871824,-34.36743547842751,3.50871721496417,1.68212901088787,,,,86.8,2605,6,813046,661388,683734,668930,702332,687401,694192,663368,686217,54.45,,,,,,,,44,4,Slurve,2,1,1,2,1,2,1,2,Infield shade,Standard,58,-0.011,0.012,,,,-0.012,,1,-1,0.69,0.31000000000000005,26,30,27,31,1,2,2,2,2,,3.32,-0.47,0.47,34.4,,,,,
FF,2025-10-11,98.9,0.06,6.39,"Tucker, Kyle",663656,656730,,ball,,,,,14,Ball,D,L,R,MIL,CHC,B,,,1,1,2025,-0.35,1.46,0.028195323206520517,0.7976574344870695,,,,2,1,Top,,,,,,,0.7261587820375964,-143.32917536807128,-13.13270473852989,-4.906362420069829,37.941018041271,-9.043214759267956,3.51592977486322,1.69385897933379,,,,98.6,2379,6.7,813046,661388,683734,668930,702332,687401,694192,663368,686217,53.83,,,,,,,,3,3,4-Seam Fastball,0,0,0,0,0,0,0,0,Infield shade,Standard,204,-0.001,0.053,,,,-0.053,,0,0,0.538,0.46199999999999997,31,28,32,28,1,0,2,2,2,,0.92,0.35,-0.35,52.6,,,,,
FS,2025-10-11,88.7,-1.7,5.5,"Frelick, Sal",686217,607067,,foul,,,,,11,Foul,D,L,R,MIL,CHC,S,,,0,2,2025,-1.22,-0.21,-1.3092563971773774,2.7299655784450123,,,,1,2,Bot,,,,,,,3.524474767295749,-129.07143870183194,-0.23386691199889953,-14.319183380704173,28.60557613730036,-34.71999831915342,3.06,1.45,1,54.4,-73,88.9,1320,6.5,813046,608348,683737,663538,807713,621020,664023,691718,673548,53.95,,,,,,,,14,3,Split-Finger,1,1,1,1,1,1,1,1,Standard,Standard,254,0,0,61.6,6.1,,0,88.0,0,0,0.521,0.521,34,25,35,25,1,0,5,2,,2,3.13,1.22,-1.22,30.8,-10.577378487830455,22.85338129175778,25.04322868475386,49.49438181056435,9.160047468541567
FF,2025-10-11,92.5,-0.09,5.89,"Frelick, Sal",686217,573204,walk,ball,,,,,13,Sal Frelick walks.,D,L,L,MIL,CHC,B,,,3,0,2025,0.71,1.59,-0.2649650842882054,1.012221947122061,,,,2,6,Bot,,,,,,,-2.0041639575973806,-134.34052141820203,-10.041258889507947,9.023208330358333,30.460526942233205,-10.967459760533263,3.00170550862747,1.36114364798695,,,,92.3,2270,6.4,813046,608348,683737,663538,807713,621020,664023,691718,673548,54.15,,0.691497,0.7,1,0,0,,47,4,4-Seam Fastball,2,1,2,1,1,2,2,1,Standard,Standard,160,0.005,0.103,,,,-0.103,,1,1,0.71,0.71,38,25,38,25,1,2,2,2,,2,1.1,0.71,0.71,54.7,,,,,
FF,2025-10-11,96,-1.73,5.87,"Perkins, Blake",663368,552640,,foul,,,,,1,Foul,D,L,R,MIL,CHC,S,,,0,1,2025,-0.47,1.6,-0.7387318729035517,3.337292283994598,,686217,702332,2,6,Bot,,,,,,,3.7019302243087324,-139.6742076005087,-4.717575097039443,-6.989600840279776,33.12943101547552,-10.370420898297448,3.47,1.67,189,83.2,70,96.2,2518,6.5,813046,608348,683737,663538,807713,621020,664023,691718,673548,53.98,,,,,,,,49,2,4-Seam Fastball,2,1,2,1,1,2,2,1,Standard,Standard,205,-0.011,-0.057,69.3,6.7,,0.057,88.0,1,1,0.728,0.728,35,28,35,29,1,2,3,2,,5,0.88,0.47,-0.47,45.4,10.850729891228513,9.20933947191942,21.740601564598343,45.16033826416508,24.69920748996681
SL,2025-10-11,85.8,-1.17,5.8,"Hoerner, Nico",663538,682842,field_out,hit_into_play,,,,,4,Nico Hoerner lines out to third baseman Caleb Durbin.,D,R,R,MIL,CHC,X,5,line_drive,0,1,2025,0.89,0.15,-0.47008923919797285,2.266786991173608,,,683737,1,8,Top,107.22,165.76,,,,,-0.14405701466248555,-124.97694304289037,-2.3651298743532303,9.324154719065698,26.917420353479855,-30.33984126710534,3.27,1.55,124,105.2,6,85.9,2538,6.5,813046,661388,683734,668930,702332,687401,694192,663368,686217,54.04,0.656,0.615,0,1,0,0,4,59,2,Slider,3,1,1,3,1,3,1,3,Standard,Standard,67,0.043,-0.216,72.1,7.5,0.749,0.216,105.2,2,-2,0.86,0.14,25,28,25,28,1,3,5,2,2,,2.96,-0.89,-0.89,40.6,11.962197216862581,-12.020399674139636,32.385719331498606,32.9558844099003,32.612904235022484
SL,2025-10-11,85.5,0.56,6.4,"Tucker, Kyle",663656,676879,,ball,,,,,13,Ball,D,L,L,MIL,CHC,B,,,2,1,2025,-0.7,-0.5,-1.430205374346483,1.0573397004975744,,683737,663538,0,6,Top,,,,,,,-3.2267033709075363,-124.43850491022471,-5.149146973026838,-6.475875438745076,27.89262833157185,-36.444959835524315,3.42192003469204,1.5841315157669,,,,83.6,2576,5.3,813046,661388,683734,668930,702332,687401,694192,663368,686217,55.22,,,,,,,,42,4,Slider,2,1,1,2,1,2,1,2,Standard,Standard,336,-0.034,0.177,,,,-0.177,,1,-1,0.5,0.5,27,28,27,28,1,2,2,2,2,,3.65,-0.7,-0.7,48.3,,,,,
SL,2025-10-11,95.5,-2.01,4.96,"Happ, Ian",664023,694819,field_out,hit_into_play,,,,,4,"Ian Happ grounds out, second baseman Brice Turang to first baseman Andrew Vaughn.",D,L,R,MIL,CHC,X,4,ground_ball,3,2,2025,0.1,0.5,-0.31003693724736714,2.798451388953559,,,,0,2,Top,146.5,153.06,,,,,4.357442749552402,-139.09889439665332,-1.1932242587589035,0.3140360017323234,31.844201380903694,-25.6725648993261,3.52,1.63,11,86.5,-14,97.6,2546,7.5,813046,661388,683734,668930,702332,687401,694192,663368,686217,53.03,0.112,0.106,0,1,0,0,2,9,6,Slider,1,1,1,1,1,1,1,1,Infield shade,Standard,173,0.029,-0.345,73.4,6.0,0.113,0.345,88.0,0,0,0.494,0.506,23,30,23,31,1,0,5,2,5,,2,-0.1,0.1,22.6,3.4950156114340216,9.826381435518853,26.503945249010858,35.06704559973613,26.718415706277195
SI,2025-10-11,97.6,-1.34,5.31,"Happ, Ian",664023,694477,,foul,,,,,11,Foul,D,L,R,MIL,CHC,S,,,1,1,2025,-1.4,0.79,-0.9122807191333038,2.5861956734348968,,683737,663538,2,6,Top,,,,,,,4.368032589665722,-141.9999613577151,-3.543660186399465,-19.92327919558079,37.14335804994552,-20.96274699314872,3.52,1.63,269,91.4,48,96.5,2270,6,813046,661388,683734,668930,702332,687401,694192,663368,686217,54.52,,,,,,,,44,3,Sinker,2,1,1,2,1,2,1,2,Infield shade,Standard,223,0.018,-0.063,72.0,6.3,,0.063,91.4,1,-1,0.672,0.32799999999999996,26,30,27,31,1,2,2,2,2,,1.64,1.4,-1.4,29.3,3.6413955380833047,7.218935232633269,27.80689687918226,43.85830823825988,26.773899305773277
FF,2025-10-11,98.9,-1.2,5.75,"Hoerner, Nico",663538,682842,,called_strike,,,,,3,Called Strike,D,R,R,MIL,CHC,S,,,0,0,2025,-0.8,0.97,0.30536572946689067,2.958144297803039,,,683737,1,8,Top,,,,,,,5.979159847115576,-143.88788246841048,-4.449342409990703,-12.485436800540839,34.86268211594222,-17.812635065478425,3.52744650483997,1.66709700492049,,,,98.9,2505,6.4,813046,661388,683734,668930,702332,687401,694192,663368,686217,54.08,,,,,,,,59,1,4-Seam Fastball,3,1,1,3,1,3,1,3,Standard,Standard,216,0.007,-0.04,,,,0.04,,2,-2,0.853,0.14700000000000002,25,28,25,28,1,3,5,2,2,,1.37,0.8,0.8,36.4,,,,,
SL,2025-10-11,85.7,0.37,6.37,"Tucker, Kyle",663656,676879,,blocked_ball,,,,,13,Ball In Dirt,D,L,L,MIL,CHC,B,,,1,1,2025,-0.63,-0.53,-0.9159453781059287,0.5645017366032308,,683737,663538,0,6,Top,,,,,,,-1.7396729593511473,-124.69480283639645,-6.24046710741223,-6.154275727629659,26.819200257738984,-36.51264811475867,3.48537960366038,1.64789425482279,,,,84,2660,5.3,813046,661388,683734,668930,702332,687401,694192,663368,686217,55.18,,,,,,,,42,3,Slider,2,1,1,2,1,2,1,2,Standard,Standard,339,-0.015,0.062,,,,-0.062,,1,-1,0.515,0.485,27,28,27,28,1,2,2,2,2,,3.65,-0.63,-0.63,52.2,,,,,
FF,2025-10-11,98.1,-0.13,6.43,"Tucker, Kyle",663656,656730,,foul,,,,,1,Foul,D,L,R,MIL,CHC,S,,,1,0,2025,-0.09,1.59,-0.45700052855374157,2.9295549609818026,,,,2,1,Top,,,,,,,-0.681436993091227,-142.60302001186344,-7.614719004784821,-1.0818175553517175,35.48110025004506,-8.991386858077943,3.41,1.56,207,72.4,43,98,2426,6.5,813046,661388,683734,668930,702332,687401,694192,663368,686217,54.05,,,,,,,,3,2,4-Seam Fastball,0,0,0,0,0,0,0,0,Infield shade,Standard,200,0.001,-0.054,68.4,7.0,,0.054,88.0,0,0,0.537,0.46299999999999997,31,28,32,28,1,0,2,2,2,,0.8,0.09,-0.09,52.8,-1.5117250506636721,3.7447423069576518,32.55767958406178,43.052687615630404,16.25307872944752
FS,2025-10-11,88.8,-1.59,5.43,"Frelick, Sal",686217,607067,,foul,,,,,13,Foul,D,L,R,MIL,CHC,S,,,0,1,2025,-1.41,0.23,-0.6501343883605613,1.281779003437666,,,,1,2,Bot,,,,,,,5.29191210940665,-129.14629664185085,-4.562460078788007,-16.85211907333693,28.999940439274916,-28.785808707165685,3.06,1.45,51,30.4,54,89,1361,6.6,813046,608348,683737,663538,807713,621020,664023,691718,673548,53.88,,,,,,,,14,2,Split-Finger,1,1,1,1,1,1,1,1,Standard,Standard,250,-0.004,-0.052,56.6,7.6,,0.052,88.0,0,0,0.525,0.525,34,25,35,25,1,0,5,2,,2,2.68,1.41,-1.41,31.2,10.029886667885638,11.493908446963541,30.019773331049326,41.37129975577545,18.413864853856385
FF,2025-10-11,92.5,0.03,5.97,"Frelick, Sal",686217,573204,,ball,,,,,12,Ball,D,L,L,MIL,CHC,B,,,2,0,2025,0.51,1.56,1.4927796156497728,2.654399659274439,,,,2,6,Bot,,,,,,,2.6112547719760983,-134.51716842667128,-5.959427980252506,5.544485229237238,32.12122429185106,-12.210159657698368,3.12414692298288,1.45459128374019,,,,91.9,2293,6.2,813046,608348,683737,663538,807713,621020,664023,691718,673548,54.32,,,,,,,,47,3,4-Seam Fastball,2,1,2,1,1,2,2,1,Standard,Standard,164,0.003,0.121,,,,-0.121,,1,1,0.707,0.707,38,25,38,25,1,2,2,2,,2,1.13,0.51,0.51,52.3,,,,,
SI,2025-10-11,96.4,-1.56,5.74,"Perkins, Blake",663368,552640,,swinging_strike,,,,,13,Swinging Strike,D,L,R,MIL,CHC,S,,,0,0,2025,-1.55,0.81,-0.46711373601267736,1.318322342792035,,686217,702332,2,6,Bot,,,,,,,6.454001093498555,-139.97154318880246,-7.95047572501367,-21.878725938991604,35.41079348894368,-19.768274886202825,3.47,1.67,,,,96.1,2341,6.5,813046,608348,683737,663538,807713,621020,664023,691718,673548,54,,,,,,,,49,1,Sinker,2,1,2,1,1,2,2,1,Standard,Standard,218,-0.006,-0.047,72.8,7.6,,0.047,,1,1,0.734,0.734,35,28,35,29,1,2,3,2,,5,1.68,1.55,-1.55,43.9,13.296180882926224,-6.379229573397339,36.000718492503275,41.254698712783096,34.15637323897055
FF,2025-10-11,94.5,1.96,6.07,"Turang, Brice",668930,519141,,swinging_strike,,,,,12,Swinging Strike,D,L,L,MIL,CHC,S,,,0,0,2025,0.37,1.74,0.9074507745126164,2.9843973303181666,,,,1,1,Bot,,,,,,,-3.5129879961295565,-137.57145017854896,-6.185007089798391,5.454437925209439,29.762461877354674,-8.884164961510962,3.43,1.62,,,,93.6,2653,5.7,813046,608348,683737,663538,807713,621020,664023,691718,673548,54.81,,,,,,,,5,1,4-Seam Fastball,0,0,0,0,0,0,0,0,Standard,Standard,158,-0.002,-0.039,67.7,6.0,,0.039,,0,0,0.526,0.526,36,25,37,26,1,0,2,2,,2,0.8,0.37,0.37,38.1,2.5346337133547396,12.586589397489355,41.49307975540628,21.871106272141642,25.14269589847702
FF,2025-10-11,98.2,-1.47,5.33,"Chourio, Jackson",694192,694037,,foul,,,,,13,Foul,D,R,R,MIL,CHC,S,,,2,1,2025,-1.52,0.77,-0.9949853577753145,2.3850612327012817,,,,0,5,Bot,,,,,,,4.846693866788282,-142.93851220906444,-4.258721636907645,-21.99955459128737,34.52306609950084,-20.903213385451494,3.34,1.58,,,,98.5,2289,6.5,813046,608348,683737,663538,807713,621020,664023,691718,673548,53.96,,,,,,,,37,4,4-Seam Fastball,2,1,2,1,1,2,2,1,Standard,Standard,225,-0.006,-0.073,74.8,6.9,,0.073,,1,1,0.711,0.711,25,21,25,21,1,2,2,2,,2,1.61,1.52,1.52,28.2,0.6677845580876887,5.975513087735341,28.650784733987674,25.561470148691615,23.833509532643806
SL,2025-10-11,90.2,-1.5,5.79,"Durbin, Caleb",702332,552640,walk,ball,,,,,14,Caleb Durbin walks.,D,R,R,MIL,CHC,B,,,3,2,2025,0.49,0.14,0.3239178669114697,0.9605179771034429,,686217,,2,6,Bot,,,,,,,3.5159738064608916,-131.26339793113624,-6.41612260331087,4.946032367447971,27.18709462093421,-29.421403038091775,3.3214435904485,1.49107223667006,,,,91,2709,6.7,813046,608348,683737,663538,807713,621020,664023,691718,673548,53.79,,0.691497,0.7,1,0,0,,48,7,Slider,2,1,2,1,1,2,2,1,Standard,Standard,142,0.006,0.134,,,,-0.134,,1,1,0.728,0.728,35,25,35,25,1,2,3,2,,2,2.66,-0.49,-0.49,47.7,,,,,
SI,2025-10-11,99.1,0.14,6.53,"Tucker, Kyle",663656,676879,,foul,,,,,8,Foul,D,L,L,MIL,CHC,S,,,1,0,2025,1.22,0.84,0.21378498437596594,1.9467471732447053,,683737,663538,0,6,Top,,,,,,,-2.5948879491678065,-144.0327490944119,-8.853473543232692,17.50916352238131,37.47391052982625,-18.44697664052415,3.41,1.56,5,94.5,-20,97,2132,5.4,813046,661388,683734,668930,702332,687401,694192,663368,686217,55.09,,,,,,,,42,2,Sinker,2,1,1,2,1,2,1,2,Standard,Standard,147,0.015,-0.07,76.6,7.7,,0.07,94.5,1,-1,0.5,0.5,27,28,27,28,1,2,2,2,2,,1.5,1.22,1.22,52.5,13.224798865142699,-14.211620194742725,37.39940695116329,35.218147704780364,31.481709535807536
FF,2025-10-11,98.8,-1.48,5.24,"Chourio, Jackson",694192,694037,,swinging_strike,,,,,7,Swinging Strike,D,R,R,MIL,CHC,S,,,2,0,2025,-1.5,0.78,-0.6392851886134558,1.6683204259728723,,,,0,5,Bot,,,,,,,5.811768673114516,-143.63042028516634,-6.098835832844165,-22.0500484590226,34.82589959822451,-20.17983605451942,3.34,1.58,,,,99,2386,6.6,813046,608348,683737,663538,807713,621020,664023,691718,673548,53.91,,,,,,,,37,3,4-Seam Fastball,2,1,2,1,1,2,2,1,Standard,Standard,226,-0.007,-0.072,79.6,8.2,,0.072,,1,1,0.718,0.718,25,21,25,21,1,2,2,2,,2,1.57,1.5,1.5,28.1,8.732383628024216,-19.46016585854856,31.579550860632853,29.71167569051394,33.420616633753525
FF,2025-10-11,94.4,1.71,5.97,"Chourio, Jackson",694192,519141,strikeout,called_strike,,,,,7,Jackson Chourio called out on strikes.,D,R,L,MIL,CHC,S,2,,3,2,2025,0.23,1.64,-0.43233303087259556,1.9351639173671216,,,,0,1,Bot,,,,,,,-6.014333406113715,-137.15371683253855,-8.345732012907126,4.279485495240471,29.930437843318508,-9.79579424047243,3.20062918018801,1.58341097414512,,,,93.3,2586,5.7,813046,608348,683737,663538,807713,621020,664023,691718,673548,54.78,,0,0,1,0,0,,4,7,4-Seam Fastball,0,0,0,0,0,0,0,0,Standard,Standard,169,-0.027,-0.345,,,,0.345,,0,0,0.553,0.553,36,21,37,21,1,0,2,2,,2,0.92,0.23,-0.23,36.8,,,,,
FF,2025-10-11,98.4,0.17,6.51,"Tucker, Kyle",663656,656730,,ball,,,,,12,Ball,D,L,R,MIL,CHC,B,,,0,0,2025,0.02,1.65,0.7600375076269039,4.51910238411285,,,,2,1,Top,,,,,,,1.5740957611173205,-143.18247523704872,-3.730206568121611,-0.13691567327067056,36.50500049791212,-8.967676235766495,3.50873829432847,1.66993500797682,,,,98.3,2457,6.5,813046,661388,683734,668930,702332,687401,694192,663368,686217,54.03,,,,,,,,3,1,4-Seam Fastball,0,0,0,0,0,0,0,0,Infield shade,Standard,194,-0.001,0.037,,,,-0.037,,0,0,0.538,0.46199999999999997,31,28,32,28,1,0,2,2,2,,0.73,-0.02,0.02,53.9,,,,,
SI,2025-10-11,96.5,-1.26,5.38,"Happ, Ian",664023,694477,,called_strike,,,,,5,Called Strike,D,L,R,MIL,CHC,S,,,1,0,2025,-1.48,0.93,0.04797083721771922,2.4446515082310345,,683737,663538,2,6,Top,,,,,,,6.81852413697851,-140.18089602138625,-4.235542372569931,-21.128626038469225,36.60498081871836,-19.211071262382735,3.60670423770328,1.6929344255969,,,,95.3,2345,6,813046,661388,683734,668930,702332,687401,694192,663368,686217,54.47,,,,,,,,44,2,Sinker,2,1,1,2,1,2,1,2,Strategic,Standard,220,0.009,-0.052,,,,0.052,,1,-1,0.663,0.33699999999999997,26,30,27,31,1,2,2,2,2,,1.56,1.48,-1.48,29.6,,,,,
FF,2025-10-11,95.6,-1.51,6.27,"Frelick, Sal",686217,641745,field_out,hit_into_play,,,,,1,Sal Frelick lines out to center fielder Pete Crow-Armstrong.,D,L,R,MIL,CHC,X,8,line_drive,0,0,2025,-0.25,1.07,-0.7106551392340742,2.7071732855731283,,,,2,8,Bot,128.33,73.77,,,,,2.6328053299553877,-139.0845068923733,-6.107263663829231,-3.8358015137089088,31.579045950550906,-17.176181605706674,3.06,1.45,313,93.7,18,94.7,2410,5.8,813046,608348,683737,663538,650489,621020,664023,691718,673548,54.72,0.438,0.438,0,1,0,0,4,63,1,4-Seam Fastball,3,1,3,1,1,3,3,1,Infield shade,Standard,201,-0.003,-0.26,67.8,7.0,0.599,0.26,93.7,2,2,0.927,0.927,29,25,30,25,1,3,2,2,,2,1.43,0.25,-0.25,46.9,5.062874117456794,2.8216151442009294,21.589064227337424,42.60106470810565,24.307944083716794
SL,2025-10-11,94.2,-1.98,4.91,"Happ, Ian",664023,694819,,ball,,,,,11,Ball,D,L,R,MIL,CHC,B,,,2,2,2025,0.16,0.34,-1.2957924591397887,2.7656213190143895,,,,0,2,Top,,,,,,,1.4506995470616675,-137.27972424699814,-0.6267301653661139,1.7505222801272509,29.996591381980544,-27.973817437261424,3.55023675227145,1.77268283225705,,,,96.2,2553,7.3,813046,661388,683734,668930,702332,687401,694192,663368,686217,53.16,,,,,,,,9,5,Slider,1,1,1,1,1,1,1,1,Infield shade,Standard,168,-0.009,0.112,,,,-0.112,,0,0,0.503,0.497,23,30,23,31,1,0,5,2,5,,2.22,-0.16,0.16,25.9,,,,,
CU,2025-10-11,82.1,-1.61,5.6,"Frelick, Sal",686217,607067,,called_strike,,,,,4,Called Strike,D,L,R,MIL,CHC,S,,,0,0,2025,0.76,-0.38,-0.5406705596724031,2.631574055446897,,,,1,2,Bot,,,,,,,0.9520212493247846,-119.56275499192765,0.5904928107827383,7.0581177391246825,24.785432674462456,-36.11717801580256,3.17041013789952,1.55742425411148,,,,81.8,2091,6.2,813046,608348,683737,663538,807713,621020,664023,691718,673548,54.25,,,,,,,,14,1,Curveball,1,1,1,1,1,1,1,1,Standard,Standard,58,-0.003,-0.039,,,,0.039,,0,0,0.528,0.528,34,25,35,25,1,0,5,2,,2,3.77,-0.76,0.76,35.1,,,,,
SL,2025-10-11,87.6,0.01,5.87,"Frelick, Sal",686217,573204,,ball,,,,,13,Ball,D,L,L,MIL,CHC,B,,,1,0,2025,-0.24,0.33,-1.272234670225273,0.7198211138544361,,,,2,6,Bot,,,,,,,-2.6113036579618196,-127.48685324426421,-6.997961145920361,-2.108371013392059,25.172538654804523,-27.42516916609423,3.17468665451247,1.50524697158096,,,,87.7,2304,6.3,813046,608348,683737,663538,807713,621020,664023,691718,673548,54.21,,,,,,,,47,2,Slider,2,1,2,1,1,2,2,1,Standard,Standard,202,0.003,0.065,,,,-0.065,,1,1,0.704,0.704,38,25,38,25,1,2,2,2,,2,2.63,-0.24,-0.24,51.8,,,,,
SI,2025-10-11,98.1,-1.32,5.74,"Busch, Michael",683737,682842,walk,ball,,,,,14,Michael Busch walks.,D,L,R,MIL,CHC,B,,,3,0,2025,-0.82,0.84,1.2435501771538995,2.1117136983089937,,,,1,8,Top,,,,,,,8.835358090637973,-142.44653283686787,-6.250961564649595,-13.28009595300357,34.116281401423564,-19.380234572136878,3.19752353227333,1.49096093488478,,,,97.8,2414,6.3,813046,661388,683734,668930,702332,687401,694192,663368,686217,54.16,,0.691497,0.7,1,0,0,,58,4,Sinker,3,1,1,3,1,3,1,3,Strategic,Standard,214,-0.019,0.164,,,,-0.164,,2,-2,0.872,0.128,25,27,25,28,1,3,5,2,2,,1.54,0.82,-0.82,34.0,,,,,
FC,2025-10-11,90.3,-1.62,5.08,"Happ, Ian",664023,694477,,blocked_ball,,,,,14,Ball In Dirt,D,L,R,MIL,CHC,B,,,0,0,2025,0.2,0.86,1.176080682480619,1.246056406115687,,683737,663538,2,6,Top,,,,,,,6.4969783934707666,-131.22963655624812,-5.39027578197501,0.9303242243165606,28.67837384725145,-21.251040401903225,3.66635527489519,1.72290092460998,,,,89.9,2543,6.2,813046,661388,683734,668930,702332,687401,694192,663368,686217,54.29,,,,,,,,44,1,Cutter,2,1,1,2,1,2,1,2,Infield shade,Standard,154,-0.005,0.024,,,,-0.024,,1,-1,0.668,0.33199999999999996,26,30,27,31,1,2,2,2,2,,1.95,-0.2,0.2,23.2,,,,,
FF,2025-10-11,101.3,-1.92,4.99,"Happ, Ian",664023,694819,,swinging_strike,,,,,13,Swinging Strike,D,L,R,MIL,CHC,S,,,2,1,2025,-1.04,1.19,-1.1013726433492161,2.422860169148359,,,,0,2,Top,,,,,,,4.908269109231618,-147.33660684653879,-4.794371857471453,-16.377939296610744,36.368393790972924,-13.912973783006178,3.52,1.63,,,,103.6,2662,7.6,813046,661388,683734,668930,702332,687401,694192,663368,686217,52.9,,,,,,,,9,4,4-Seam Fastball,1,1,1,1,1,1,1,1,Standard,Standard,225,0.007,-0.073,72.1,6.0,,0.073,,0,0,0.496,0.504,23,30,23,31,1,0,5,2,5,,1.04,1.04,-1.04,23.8,-5.734173397612773,25.039956926541528,28.781115617691867,45.40298112824068,12.432917070380265
SL,2025-10-11,88.4,-1.61,5.19,"Chourio, Jackson",694192,694037,,ball,,,,,11,Ball,D,R,R,MIL,CHC,B,,,1,0,2025,0.25,0.2,-1.0717546557760547,3.4853074729111646,,,,0,5,Bot,,,,,,,0.8020897489757121,-128.7572561810044,1.4913256859531503,2.6052053460911924,26.504040674737542,-30.468998428361818,3.26258553482567,1.52305018704413,,,,88.6,2327,6.3,813046,608348,683737,663538,807713,621020,664023,691718,673548,54.15,,,,,,,,37,2,Slider,2,1,2,1,1,2,2,1,Standard,Standard,106,0.007,0.077,,,,-0.077,,1,1,0.711,0.711,25,21,25,21,1,2,2,2,,2,2.71,-0.25,-0.25,28.8,,,,,
SI,2025-10-11,98.5,0.18,6.56,"Tucker, Kyle",663656,676879,,ball,,,,,13,Ball,D,L,L,MIL,CHC,B,,,0,0,2025,1.02,0.9,-1.7515080863939754,2.115791859916102,,683737,663538,0,6,Top,,,,,,,-7.466740348770362,-143.02418817199106,-8.473927219177959,15.758801448040687,36.07197366640022,-17.99039634008661,3.38731659662904,1.63692053684143,,,,96.3,2144,5.4,813046,661388,683734,668930,702332,687401,694192,663368,686217,55.13,,,,,,,,42,1,Sinker,2,1,1,2,1,2,1,2,Infield shade,Standard,149,-0.011,0.045,,,,-0.045,,1,-1,0.511,0.489,27,28,27,28,1,2,2,2,2,,1.48,1.02,1.02,58.8,,,,,
KC,2025-10-11,86.4,-0.01,6.47,"Hoerner, Nico",663538,656730,field_out,hit_into_play,,,,,14,Nico Hoerner lines out to right fielder Sal Frelick.,D,R,R,MIL,CHC,X,9,line_drive,1,2,2025,0.42,-0.49,1.0439337220878488,1.5062516673931299,,,,1,1,Top,188.03,125.45,,,,,1.6423131728509397,-125.78909496411046,-4.614374117794862,4.160386519803037,25.736209822473896,-36.662226361214046,3.27,1.55,239,78.6,24,86.6,2918,6.4,813046,661388,683734,668930,702332,687401,694192,663368,686217,54.11,0.577,0.555,0,1,0,0,4,2,4,Knuckle Curve,0,0,0,0,0,0,0,0,Strategic,Standard,35,0.011,-0.18,65.9,7.5,0.698,0.18,88.0,0,0,0.527,0.473,31,28,32,28,1,0,2,2,2,,3.54,-0.42,-0.42,55.0,-0.8635858702614272,7.879429037607696,34.18184863426812,49.48493330814004,19.265296791056073
FF,2025-10-11,95.9,-1.28,6.26,"Vaughn, Andrew",683734,641745,field_out,hit_into_play,,,,,4,"Andrew Vaughn grounds out, shortstop Dansby Swanson to first baseman Michael Busch.",D,R,R,MIL,CHC,X,6,ground_ball,1,1,2025,-0.11,1.1,-0.27916270703360685,2.6090298435468027,,,,1,8,Bot,110.84,150.65,,,,,2.866178538289398,-139.5515639656404,-6.47118958333808,-2.13058683587572,33.18028632005594,-16.490460120945787,3.16,1.5,16,99.5,-8,95,2409,5.9,813046,608348,683737,663538,650489,621020,664023,691718,673548,54.59,0.25,0.225,0,1,0,0,2,62,3,4-Seam Fastball,3,1,3,1,1,3,3,1,Standard,Standard,194,-0.005,-0.244,72.9,6.7,0.269,0.244,99.5,2,2,0.932,0.932,29,27,30,27,1,3,2,2,,2,1.39,0.11,0.11,50.5,4.83009445855313,7.626164261752143,29.167739984455732,34.8479162737073,26.173998197312233
SI,2025-10-11,98.1,-1.41,5.7,"Busch, Michael",683737,682842,,ball,,,,,9,Ball,D,L,R,MIL,CHC,B,,,2,0,2025,-1.1,0.5,0.524305474536986,1.4152585296008184,,,,1,8,Top,,,,,,,7.756220270332733,-142.4957118966764,-7.214753431920903,-16.769815050518538,34.88559960838484,-23.75582573298598,3.17952539256289,1.47272560804396,,,,97.8,2404,6.3,813046,661388,683734,668930,702332,687401,694192,663368,686217,54.16,,,,,,,,58,3,Sinker,3,1,1,3,1,3,1,3,Standard,Standard,213,-0.014,0.143,,,,-0.143,,2,-2,0.886,0.11399999999999999,25,27,25,28,1,3,5,2,2,,1.89,1.1,-1.1,39.1,,,,,
ST,2025-10-11,83.5,-1.7,5.4,"Vaughn, Andrew",683734,607067,field_out,hit_into_play,,,,,9,Andrew Vaughn flies out to left fielder Ian Happ.,D,R,R,MIL,CHC,X,7,fly_ball,3,2,2025,1.01,0.45,0.3711547852807948,1.9349870524976036,,,,0,2,Bot,46.3,111.1,,,,,2.771834863176564,-121.53138380729428,-2.4050857668338095,9.41729785599917,25.003023676796396,-27.491189357491713,3.16,1.5,292,83.2,29,83.6,2408,6.4,813046,608348,683737,663538,807713,621020,664023,691718,673548,54.05,0.071,0.067,0,1,0,0,3,13,6,Sweeper,1,1,1,1,1,1,1,1,Standard,Standard,63,-0.029,-0.345,76.0,8.1,0.108,0.345,88.0,0,0,0.557,0.557,34,27,35,27,1,0,5,2,,2,2.83,-1.01,-1.01,31.7,19.323069061832342,-22.181014018320536,27.462209068771866,39.68147708790927,43.80654261202061
CU,2025-10-11,77,0,6.03,"Frelick, Sal",686217,573204,,ball,,,,,7,Ball,D,L,L,MIL,CHC,B,,,0,0,2025,-0.63,-1.27,-0.7026569779798489,1.4154273191081934,,,,2,6,Bot,,,,,,,-0.3501299976347562,-112.1067945866571,-0.4707281557414984,-5.175984038865432,22.00945678766017,-42.93357791586327,3.08457938077838,1.44094853184588,,,,76.5,2645,6.1,813046,608348,683737,663538,807713,621020,664023,691718,673548,54.37,,,,,,,,47,1,Curveball,2,1,2,1,1,2,2,1,Standard,Standard,329,0.001,0.037,,,,-0.037,,1,1,0.703,0.703,38,25,38,25,1,2,2,2,,2,5.13,-0.63,-0.63,58.0,,,,,
SL,2025-10-11,90.9,-1.55,5.79,"Durbin, Caleb",702332,552640,,ball,,,,,13,Ball,D,R,R,MIL,CHC,B,,,2,2,2025,0.42,0.18,-0.0016429539094691692,0.9768691890963908,,686217,,2,6,Bot,,,,,,,3.008998574987103,-132.3683591332695,-6.596939413735997,4.3266928450075595,27.871209313684936,-28.837677614297103,3.30981640342218,1.50878886478959,,,,91.7,2641,6.7,813046,608348,683737,663538,807713,621020,664023,691718,673548,53.81,,,,,,,,48,6,Slider,2,1,2,1,1,2,2,1,Standard,Standard,170,0.006,0.057,,,,-0.057,,1,1,0.722,0.722,35,25,35,25,1,2,3,2,,2,2.57,-0.42,-0.42,42.1,,,,,
FF,2025-10-11,94.8,1.86,6.03,"Chourio, Jackson",694192,519141,,foul,,,,,5,Foul,D,R,L,MIL,CHC,S,,,3,2,2025,0.32,1.64,-0.09220759468029249,2.243772500136796,,,,0,1,Bot,,,,,,,-5.741394068229983,-137.85000161376962,-7.822888514001187,5.372273570567375,30.32586525827582,-9.652784961324212,3.34,1.58,230,74.6,30,93.8,2654,5.7,813046,608348,683737,663538,807713,621020,664023,691718,673548,54.81,,,,,,,,4,6,4-Seam Fastball,0,0,0,0,0,0,0,0,Standard,Standard,163,0,0,76.7,7.5,,0,88.0,0,0,0.553,0.553,36,21,37,21,1,0,2,2,,2,0.89,0.32,-0.32,38.5,4.285614204874522,-2.4559746865460528,30.865982929180245,35.626452922987106,26.815071860149956
SL,2025-10-11,84.2,-1.35,5.87,"Busch, Michael",683737,682842,,ball,,,,,13,Ball,D,L,R,MIL,CHC,B,,,1,0,2025,1.24,-0.28,-1.011103036866188,1.2121362064635317,,,,1,8,Top,,,,,,,-1.6832760995022378,-122.54636185875852,-3.769381660742297,12.72030828517685,28.72952189944023,-34.27804824651485,3.27793435113782,1.51592330977834,,,,83.7,2667,6.4,813046,661388,683734,668930,702332,687401,694192,663368,686217,54.11,,,,,,,,58,2,Slider,3,1,1,3,1,3,1,3,Standard,Standard,59,-0.009,0.071,,,,-0.071,,2,-2,0.895,0.10499999999999998,25,27,25,28,1,3,5,2,2,,3.54,-1.24,1.24,40.9,,,,,
SL,2025-10-11,95.5,-2.12,4.9,"Happ, Ian",664023,694819,,ball,,,,,11,Ball,D,L,R,MIL,CHC,B,,,1,1,2025,0.03,0.45,-1.762327047435433,2.768732274959299,,,,0,2,Top,,,,,,,0.8859482927839788,-139.08125680131886,-0.9981048460899488,0.1626177062652004,31.82355903937938,-26.35109095055576,3.54504215293584,1.79583468236974,,,,97.6,2536,7.5,813046,661388,683734,668930,702332,687401,694192,663368,686217,53,,,,,,,,9,3,Slider,1,1,1,1,1,1,1,1,Infield shade,Standard,192,-0.005,0.055,,,,-0.055,,0,0,0.501,0.499,23,30,23,31,1,0,5,2,5,,2.05,-0.03,0.03,22.0,,,,,
FC,2025-10-11,90.4,-1.6,5.1,"Suzuki, Seiya",673548,694477,field_out,hit_into_play,,,,,6,Seiya Suzuki lines out sharply to left fielder Jackson Chourio.,D,R,R,MIL,CHC,X,7,line_drive,2,2,2025,0.11,0.99,0.36944770271348376,2.264875519138058,,683737,663538,1,6,Top,77.63,63.77,,,,,4.640488855429783,-131.62017771623528,-3.2075267876939857,0.3125783244845039,28.849284966154297,-20.17319266014923,3.14,1.41,355,101.6,20,90,2661,6.1,813046,661388,683734,668930,702332,687401,694192,663368,686217,54.41,0.34,0.5220909090909092,0,1,0,0,5,43,5,Cutter,2,1,1,2,1,2,1,2,Standard,Standard,127,0.064,-0.213,70.2,7.6,0.94,0.213,101.6,1,-1,0.604,0.396,26,30,27,31,1,2,2,2,2,,1.8,-0.11,-0.11,25.8,9.826340377704161,-1.8509944978386552,33.82310308225201,40.48519971710299,33.02718467970742
FF,2025-10-11,98.5,0.04,6.5,"Hoerner, Nico",663538,656730,,foul,,,,,9,Foul,D,R,R,MIL,CHC,S,,,1,1,2025,-0.38,1.66,0.2887898024048774,1.850849007902915,,,,1,1,Top,,,,,,,1.5590040524792392,-143.0061882521982,-10.974068465107717,-5.536061485725987,37.34037041461931,-6.930774654032402,3.27,1.55,228,80.5,52,98.2,2571,6.6,813046,661388,683734,668930,702332,687401,694192,663368,686217,53.95,,,,,,,,2,3,4-Seam Fastball,0,0,0,0,0,0,0,0,Standard,Standard,198,0.004,-0.064,73.4,7.6,,0.064,88.0,0,0,0.523,0.477,31,28,32,28,1,0,2,2,2,,0.72,0.38,0.38,53.6,3.6806112012775167,4.959676014491817,39.922354617129834,41.62578477860705,19.91673855249685
SI,2025-10-11,95.2,-1.33,6.24,"Vaughn, Andrew",683734,641745,,called_strike,,,,,8,Called Strike,D,R,R,MIL,CHC,S,,,1,0,2025,-1.1,0.83,0.14039739981242172,1.6909291143242517,,,,1,8,Bot,,,,,,,6.2655072273499774,-138.22143992414027,-7.980896908220224,-15.503628775249595,35.00729233223359,-19.873042439144328,3.21569425429147,1.53860190448021,,,,93.9,2099,5.9,813046,608348,683737,663538,650489,621020,664023,691718,673548,54.57,,,,,,,,62,2,Sinker,3,1,3,1,1,3,3,1,Standard,Standard,200,-0.001,-0.049,,,,0.049,,2,2,0.933,0.933,29,27,30,27,1,3,2,2,,2,1.73,1.1,1.1,47.8,,,,,
FS,2025-10-11,88.2,-1.44,5.36,"Chourio, Jackson",694192,694037,,ball,,,,,14,Ball,D,R,R,MIL,CHC,B,,,0,0,2025,-0.76,-0.23,0.008627762765004654,0.9916397018399805,,,,0,5,Bot,,,,,,,5.165379812724085,-128.3598416488589,-4.051628123795985,-9.542705051467488,27.879453842281432,-34.059637809872875,3.36834292296237,1.67404307629949,,,,88.8,1017,6.8,813046,608348,683737,663538,807713,621020,664023,691718,673548,53.71,,,,,,,,37,1,Split-Finger,2,1,2,1,1,2,2,1,Standard,Standard,243,0.003,0.041,,,,-0.041,,1,1,0.708,0.708,25,21,25,21,1,2,2,2,,2,3.17,0.76,0.76,29.7,,,,,
SL,2025-10-11,86.4,-1.57,5.43,"Vaughn, Andrew",683734,607067,,ball,,,,,14,Ball,D,R,R,MIL,CHC,B,,,2,2,2025,0.38,0.08,1.3466272285196819,1.3580626604201727,,,,0,2,Bot,,,,,,,6.196035338166508,-125.7770022606002,-3.654713192192018,2.778326940547086,25.59127418573268,-30.758384193078847,3.23949305256896,1.54211908537455,,,,86.8,2296,6.5,813046,608348,683737,663538,807713,621020,664023,691718,673548,53.99,,,,,,,,13,5,Slider,1,1,1,1,1,1,1,1,Standard,Standard,83,0.009,0.112,,,,-0.112,,0,0,0.548,0.548,34,27,35,27,1,0,5,2,,2,2.97,-0.38,-0.38,30.6,,,,,
FF,2025-10-11,94.8,-0.01,6.02,"Vaughn, Andrew",683734,573204,field_out,hit_into_play,,,,,5,Andrew Vaughn flies out to right fielder Seiya Suzuki.,D,R,L,MIL,CHC,X,9,fly_ball,0,1,2025,0.22,1.74,0.08421067380789525,2.5584098932197263,,,,1,6,Bot,169.27,115.94,,,,,-0.23306824041705024,-137.8730258869451,-7.186761502935509,2.790198658691912,33.58220169527991,-8.666956020375984,3.16,1.5,235,88.3,52,94.1,2363,6.1,813046,608348,683737,663538,807713,621020,664023,691718,673548,54.36,0.003,0.002,0,1,0,0,3,46,2,4-Seam Fastball,2,1,2,1,1,2,2,1,Standard,Standard,161,-0.014,-0.215,74.0,7.5,0.003,0.215,88.3,1,1,0.717,0.717,38,27,38,27,1,2,2,2,,2,0.82,0.22,-0.22,53.8,10.61142008097194,0.3401738569114855,28.43644341561288,37.783946578183546,25.437930338437507
CU,2025-10-11,84.3,0.29,6.44,"Hoerner, Nico",663538,676879,hit_by_pitch,hit_by_pitch,,,,,13,Nico Hoerner hit by pitch. Michael Busch to 2nd.,D,R,L,MIL,CHC,B,,,1,1,2025,-0.35,-1.62,-3.0251764980394826,-1.5192374873340628,,,683737,0,6,Top,,,,,,,-6.860456120813735,-122.20215648414555,-8.491245561489848,-1.704420126464414,31.272034699377926,-46.14735013736614,3.27,1.55,,,,81.6,2872,5.4,813046,661388,683734,668930,702332,687401,694192,663368,686217,55.11,,0.722289,0.7,1,0,0,,41,3,Curveball,2,1,1,2,1,2,1,2,Standard,Standard,339,-0.092,0.424,,,,-0.424,,1,-1,0.603,0.397,27,28,27,28,1,2,2,2,2,,4.94,-0.35,0.35,52.6,,,,,
FF,2025-10-11,94,1.83,6.01,"Chourio, Jackson",694192,519141,,foul,,,,,11,Foul,D,R,L,MIL,CHC,S,,,3,1,2025,0.21,1.67,-0.9378582856303983,3.2393325130737,,,,0,1,Bot,,,,,,,-7.557844523869967,-136.60009513797138,-5.061021440832749,4.406383808932212,31.173853802386805,-10.399642333408826,3.34,1.58,208,73.5,24,92.8,2681,5.7,813046,608348,683737,663538,807713,621020,664023,691718,673548,54.78,,,,,,,,4,5,4-Seam Fastball,0,0,0,0,0,0,0,0,Standard,Standard,160,-0.009,-0.094,74.8,6.5,,0.094,88.0,0,0,0.562,0.562,36,21,37,21,1,0,2,2,,2,0.93,0.21,-0.21,35.9,2.986409553301969,4.443584942541969,22.091043996898765,25.86760238920776,24.99389832268327
SL,2025-10-11,90.5,-1.59,5.83,"Durbin, Caleb",702332,552640,,foul,,,,,6,Foul,D,R,R,MIL,CHC,S,,,2,2,2025,0.3,0.42,0.37383209266934603,2.6257007241445653,,686217,,2,6,Bot,,,,,,,4.290995724161482,-131.74525012031225,-2.9640645294678105,2.5776494536370813,29.0332344581273,-26.821996015008782,3.2,1.45,4,76.2,-37,91.1,2640,6.7,813046,608348,683737,663538,807713,621020,664023,691718,673548,53.81,,,,,,,,48,5,Slider,2,1,2,1,1,2,2,1,Standard,Standard,170,0,0,69.0,7.3,,0,88.0,1,1,0.722,0.722,35,25,35,25,1,2,3,2,,2,2.37,-0.3,-0.3,45.6,16.824450582932354,-15.273270574583382,24.98334596489889,39.880401055338,36.112465838897485
SL,2025-10-11,93.9,-1.98,4.81,"Happ, Ian",664023,694819,,called_strike,,,,,5,Called Strike,D,L,R,MIL,CHC,S,,,1,0,2025,0.17,0.31,-0.0075346280662295095,2.4483624563734243,,,,0,2,Top,,,,,,,4.838963340189274,-136.80776659904961,-1.119673603500032,1.1466336346011594,29.337684832669478,-28.21808746800872,3.62907056957972,1.79089913866789,,,,96.2,2563,7.5,813046,661388,683734,668930,702332,687401,694192,663368,686217,53.02,,,,,,,,9,2,Slider,1,1,1,1,1,1,1,1,Infield shade,Standard,174,0.005,-0.05,,,,0.05,,0,0,0.496,0.504,23,30,23,31,1,0,5,2,5,,2.26,-0.17,0.17,24.2,,,,,
SI,2025-10-11,97.8,0.2,6.52,"Hoerner, Nico",663538,676879,,foul,,,,,4,Foul,D,R,L,MIL,CHC,S,,,1,0,2025,1.36,0.69,-0.6813533182826632,2.2812773822463814,,,683737,0,6,Top,,,,,,,-5.418002252919338,-142.1724499068688,-7.370532649200084,19.745883312233293,33.92380049854357,-21.34057939714858,3.27,1.55,10,95.1,-12,95.9,2167,5.4,813046,661388,683734,668930,702332,687401,694192,663368,686217,55.14,,,,,,,,41,2,Sinker,2,1,1,2,1,2,1,2,Standard,Standard,152,0.012,-0.048,69.6,7.8,,0.048,95.1,1,-1,0.591,0.40900000000000003,27,28,27,28,1,2,2,2,2,,1.71,1.36,-1.36,57.7,13.961462677719762,-15.456387429768636,35.425274928366846,30.009444559298856,30.539896612649798
FF,2025-10-11,97.1,-1.26,5.47,"Suzuki, Seiya",673548,694477,,foul_tip,,,,,11,Foul Tip,D,R,R,MIL,CHC,S,,,2,1,2025,-0.78,1.26,-0.19860773891668682,3.817256273711449,,683737,663538,1,6,Top,,,,,,,4.606102692263733,-141.3582370967584,-1.716210417181649,-11.544832374478355,35.539263130550765,-15.274758403781686,3.14,1.41,,,,96.3,2440,6,813046,661388,683734,668930,702332,687401,694192,663368,686217,54.48,,,,,,,,43,4,4-Seam Fastball,2,1,1,2,1,2,1,2,Standard,Standard,220,0.021,-0.063,63.5,5.5,,0.063,,1,-1,0.583,0.41700000000000004,26,30,27,31,1,2,2,2,2,,1.18,0.78,0.78,33.5,-2.4410603341380113,30.639329072647797,19.238513085975146,33.69328748576642,16.69861114539774
SL,2025-10-11,89.9,-1.73,4.94,"Ortiz, Joey",687401,694037,force_out,hit_into_play,,,,,5,"Joey Ortiz grounds into a force out, shortstop Dansby Swanson to second baseman Nico Hoerner. Blake Perkins out at 2nd.",D,R,R,MIL,CHC,X,6,ground_ball,1,2,2025,0.07,0.32,0.08198924278431925,2.2259860715052677,686217,702332,663368,2,4,Bot,109.03,150.04,,,,,4.381867758048219,-130.88149158056635,-1.4471888423529133,-0.14299621668899626,26.8000664900771,-28.369897001820302,3.33,1.53,11,101.6,-11,90.5,2404,6.6,813046,608348,683737,663538,807713,621020,664023,691718,673548,53.94,0.334,0.301,0,1,0,0,2,33,4,Slider,2,1,2,1,1,2,2,1,Standard,Standard,141,-0.048,-0.201,75.4,7.5,0.377,0.201,101.6,1,1,0.686,0.686,25,26,25,27,1,1,2,2,,2,2.49,-0.07,-0.07,18.5,0.6459377144121818,-1.0645673290634847,27.65418836349009,39.719451832369415,30.76816952085005
SL,2025-10-11,82.9,-1.36,5.92,"Busch, Michael",683737,682842,,ball,,,,,11,Ball,D,L,R,MIL,CHC,B,,,0,0,2025,1.11,-0.11,-2.349022413379341,3.683361089519795,,,,1,8,Top,,,,,,,-4.43044924353893,-120.53607659763047,1.694726322973505,11.711158022000374,27.153892090325506,-33.857357182371004,3.26917336802365,1.56204622817864,,,,82.1,2527,6.1,813046,661388,683734,668930,702332,687401,694192,663368,686217,54.36,,,,,,,,58,1,Slider,3,1,1,3,1,3,1,3,Standard,Standard,71,-0.005,0.039,,,,-0.039,,2,-2,0.9,0.09999999999999998,25,27,25,28,1,3,5,2,2,,3.47,-1.11,1.11,40.6,,,,,
FF,2025-10-11,98.5,0,6.39,"Hoerner, Nico",663538,656730,,called_strike,,,,,7,Called Strike,D,R,R,MIL,CHC,S,,,1,0,2025,-0.32,1.73,-0.6270996915838757,1.8949530257517895,,,,1,1,Top,,,,,,,-0.9641880934952003,-143.00595771523226,-10.750589337814441,-4.156385834800637,35.40938128642743,-6.1216845754674205,3.40259104596774,1.5967900039869,,,,98.5,2528,6.6,813046,661388,683734,668930,702332,687401,694192,663368,686217,53.9,,,,,,,,2,2,4-Seam Fastball,0,0,0,0,0,0,0,0,Standard,Standard,195,0.003,-0.049,,,,0.049,,0,0,0.52,0.48,31,28,32,28,1,0,2,2,2,,0.64,0.32,0.32,54.1,,,,,
SI,2025-10-11,96.1,-1.34,6.22,"Vaughn, Andrew",683734,641745,,ball,,,,,13,Ball,D,R,R,MIL,CHC,B,,,0,0,2025,-1.04,0.86,-1.7619306087489734,2.2132337039553844,,,,1,8,Bot,,,,,,,1.237191544220979,-139.68450868112993,-6.813787087909563,-13.78533740147673,37.232591196793294,-19.443758520779863,3.16626190185884,1.49776899248995,,,,94.5,2222,5.8,813046,608348,683737,663538,650489,621020,664023,691718,673548,54.68,,,,,,,,62,1,Sinker,3,1,3,1,1,3,3,1,Standard,Standard,199,0.001,0.039,,,,-0.039,,2,2,0.932,0.932,29,27,30,27,1,3,2,2,,2,1.65,1.04,1.04,47.3,,,,,
SI,2025-10-11,94.2,-1.5,5.47,"Vaughn, Andrew",683734,607067,,ball,,,,,12,Ball,D,R,R,MIL,CHC,B,,,1,2,2025,-1.02,1.02,1.45939501862678,2.7455479985562916,,,,0,2,Bot,,,,,,,9.995547455562258,-136.7216808463655,-3.6090160299321985,-15.089044992817291,31.613077386383598,-18.774259066252927,3.25535453946294,1.58615425837976,,,,94.3,2015,6.6,813046,608348,683737,663538,807713,621020,664023,691718,673548,53.87,,,,,,,,13,4,Sinker,1,1,1,1,1,1,1,1,Standard,Standard,212,0.004,0.043,,,,-0.043,,0,0,0.544,0.544,34,27,35,27,1,0,5,2,,2,1.57,1.02,1.02,36.6,,,,,
CU,2025-10-11,77.7,-0.09,6.1,"Vaughn, Andrew",683734,573204,,called_strike,,,,,1,Called Strike,D,R,L,MIL,CHC,S,,,0,0,2025,-0.4,-1.13,-0.46303520960337957,2.843000247644021,,,,1,6,Bot,,,,,,,-0.06580698679105254,-113.02873469947922,2.0654267227676693,-3.3619918303371445,22.424016771829447,-42.46112685230199,3.28081373286095,1.54909951127306,,,,77.2,2660,6.1,813046,608348,683737,663538,807713,621020,664023,691718,673548,54.38,,,,,,,,46,1,Curveball,2,1,2,1,1,2,2,1,Standard,Standard,326,-0.002,-0.039,,,,0.039,,1,1,0.719,0.719,38,27,38,27,1,2,2,2,,2,4.94,-0.4,0.4,59.3,,,,,
SI,2025-10-11,94.6,-1.64,5.76,"Durbin, Caleb",702332,552640,,swinging_strike,,,,,11,Swinging Strike,D,R,R,MIL,CHC,S,,,2,1,2025,-1.48,0.7,-1.2510069828675292,2.8907697261331298,,686217,,2,6,Bot,,,,,,,4.308003049398906,-137.55722606286636,-3.325718761135172,-19.655958148219693,33.764897857109226,-22.716003338258272,3.2,1.45,,,,94.3,2304,6.4,813046,608348,683737,663538,807713,621020,664023,691718,673548,54.08,,,,,,,,48,4,Sinker,2,1,2,1,1,2,2,1,Standard,Standard,212,-0.006,-0.064,73.2,7.5,,0.064,,1,1,0.728,0.728,35,25,35,25,1,2,3,2,,2,1.87,1.48,1.48,42.2,20.22715895359977,-41.68610508246201,22.109447135802213,21.895784661340276,42.47893925784695
FF,2025-10-11,93.6,1.88,6.09,"Chourio, Jackson",694192,519141,,ball,,,,,12,Ball,D,R,L,MIL,CHC,B,,,2,1,2025,0.36,1.58,0.8154541917366253,3.573305052924456,,,,0,1,Bot,,,,,,,-3.4797349821591226,-136.22544738459197,-4.151721949040789,5.267171151938361,31.483781813542343,-11.847360683101893,3.36723950584305,1.66477692462611,,,,92.2,2668,5.5,813046,608348,683737,663538,807713,621020,664023,691718,673548,54.97,,,,,,,,4,4,4-Seam Fastball,0,0,0,0,0,0,0,0,Standard,Standard,169,0.011,0.134,,,,-0.134,,0,0,0.551,0.551,36,21,37,21,1,0,2,2,,2,1.03,0.36,-0.36,37.4,,,,,
KC,2025-10-11,86.7,0.06,6.47,"Hoerner, Nico",663538,656730,,ball,,,,,12,Ball,D,R,R,MIL,CHC,B,,,0,0,2025,0.09,-0.33,0.9678541939193662,2.7542728043653026,,,,1,1,Top,,,,,,,1.9799177967931323,-126.24205040403434,-2.0087586005972344,0.5914299502010368,25.756159613505034,-35.508317261293236,3.38110834801674,1.59671948118645,,,,86.9,2736,6.4,813046,661388,683734,668930,702332,687401,694192,663368,686217,54.12,,,,,,,,2,1,Knuckle Curve,0,0,0,0,0,0,0,0,Standard,Standard,46,-0.002,0.039,,,,-0.039,,0,0,0.522,0.478,31,28,32,28,1,0,2,2,2,,3.36,-0.09,-0.09,54.8,,,,,
SL,2025-10-11,93.1,-1.96,5.12,"Happ, Ian",664023,694819,,ball,,,,,11,Ball,D,L,R,MIL,CHC,B,,,0,0,2025,0.23,0.42,-0.8650904664988126,3.050333722907837,,,,0,2,Top,,,,,,,2.3673633206314126,-135.62376042923617,-0.5034035763912134,2.2872732455688967,28.90957257485965,-27.043521617478063,3.63306960951753,1.7935092757772,,,,95.2,2529,7.4,813046,661388,683734,668930,702332,687401,694192,663368,686217,53.11,,,,,,,,9,1,Slider,1,1,1,1,1,1,1,1,Standard,Standard,165,-0.004,0.041,,,,-0.041,,0,0,0.5,0.5,23,30,23,31,1,0,5,2,5,,2.2,-0.23,0.23,30.4,,,,,
FC,2025-10-11,90.3,-1.49,5.18,"Suzuki, Seiya",673548,694477,,called_strike,,,,,9,Called Strike,D,R,R,MIL,CHC,S,,,2,0,2025,-0.38,0.74,0.40318232359973255,1.8289141289939708,,683737,663538,1,6,Top,,,,,,,5.469102217011339,-131.38722909561486,-3.9457303206067627,-5.530125334962867,28.302330366617912,-22.993197101907764,3.28741281893257,1.4354036456999,,,,89.7,2599,6,813046,661388,683734,668930,702332,687401,694192,663368,686217,54.52,,,,,,,,43,3,Cutter,2,1,1,2,1,2,1,2,Standard,Standard,158,0.019,-0.068,,,,0.068,,1,-1,0.564,0.43600000000000005,26,30,27,31,1,2,2,2,2,,2.06,0.38,0.38,27.8,,,,,
FF,2025-10-11,99.7,-1.46,5.25,"Ortiz, Joey",687401,694037,,foul,,,,,2,Foul,D,R,R,MIL,CHC,S,,,1,1,2025,-0.97,1.47,0.2736295824197621,3.0807943947558623,686217,702332,663368,2,4,Bot,,,,,,,7.081506617663719,-144.91233133925672,-3.9639875956128474,-15.4428810833145,38.20500582407317,-10.87638965143204,3.33,1.53,153,81.8,11,99.7,2394,6.6,813046,608348,683737,663538,807713,621020,664023,691718,673548,53.88,,,,,,,,33,3,4-Seam Fastball,2,1,2,1,1,2,2,1,Standard,Standard,224,-0.017,-0.05,70.8,6.9,,0.05,88.0,1,1,0.703,0.703,25,26,25,27,1,1,2,2,,2,0.86,0.97,0.97,26.6,-9.557261993157082,18.165363310142432,28.713587330567606,41.547844206718125,13.825098981119629
SI,2025-10-11,96.6,-1.37,5.71,"Ballesteros, Moisés",694208,682842,field_out,hit_into_play,,,,,13,Moisés Ballesteros flies out to left fielder Jackson Chourio.,D,L,R,MIL,CHC,X,7,fly_ball,2,0,2025,-1.13,0.52,-0.22022156985395225,1.3020805071243664,,,,0,8,Top,76.87,111.83,,,,,5.648482352598448,-140.3993651020013,-7.308985224587893,-16.29384004339211,35.31468717232373,-23.704516929749587,3.38,1.61,250,78.6,43,96.2,2437,6.4,813046,661388,683734,668930,702332,687401,694192,663368,686217,54.13,0.053,0.058,0,1,0,0,3,57,3,Sinker,3,1,1,3,1,3,1,3,Strategic,Standard,219,0.059,-0.378,76.2,8.0,0.081,0.378,88.0,2,-2,0.841,0.15900000000000003,25,21,25,22,1,0,5,7,2,,1.95,1.13,-1.13,35.2,8.209535276356554,-3.6701159230205707,37.770370363008716,39.06055086006687,34.58672748351253
SI,2025-10-11,97.2,0.15,6.54,"Hoerner, Nico",663538,676879,,ball,,,,,11,Ball,D,R,L,MIL,CHC,B,,,0,0,2025,1.45,0.6,-1.1603723747498476,2.842350572422073,,,683737,0,6,Top,,,,,,,-6.713155489332224,-141.3593228638512,-5.645039294837141,21.036053230022524,33.73876026254935,-22.994907872064154,3.40924004730303,1.54548817346432,,,,95.4,2179,5.4,813046,661388,683734,668930,702332,687401,694192,663368,686217,55.11,,,,,,,,41,1,Sinker,2,1,1,2,1,2,1,2,Standard,Standard,148,-0.009,0.04,,,,-0.04,,1,-1,0.6,0.4,27,28,27,28,1,2,2,2,2,,1.82,1.45,-1.45,59.6,,,,,
SL,2025-10-11,86.2,-1.5,6.32,"Yelich, Christian",592885,641745,field_out,hit_into_play,,,,,13,"Christian Yelich grounds out, second baseman Nico Hoerner to first baseman Michael Busch.",D,L,R,MIL,CHC,X,4,ground_ball,0,2,2025,0.52,-0.81,-0.9409510694960352,1.7618142877635838,,,,0,8,Bot,150.74,158.5,,,,,0.28269380525118726,-125.56887682941183,-2.9305633889445923,5.411229896122208,26.369958116076656,-40.29059846572835,3.26,1.68,4,87.6,-26,85.2,2760,5.7,813046,608348,683737,663538,650489,621020,664023,691718,673548,54.85,0.05,0.05,0,1,0,0,2,61,3,Slider,3,1,3,1,1,3,3,1,Standard,Standard,54,-0.004,-0.165,73.1,8.2,0.051,0.165,88.0,2,2,0.936,0.936,29,33,30,34,1,3,2,2,,2,3.88,-0.52,0.52,49.9,10.439125258845156,6.873695637776101,37.14286385064994,46.78071067617823,25.902920139946048
ST,2025-10-11,85.2,-1.55,5.37,"Vaughn, Andrew",683734,607067,,ball,,,,,12,Ball,D,R,R,MIL,CHC,B,,,0,2,2025,0.93,0.44,1.0562158188226476,2.3866500152030348,,,,0,2,Bot,,,,,,,4.2690036575455235,-124.08366168109524,-1.580284627975756,8.711338828254998,25.70490403939207,-27.523024276252645,3.20489461627092,1.51879757765193,,,,85.6,2439,6.6,813046,608348,683737,663538,807713,621020,664023,691718,673548,53.94,,,,,,,,13,3,Sweeper,1,1,1,1,1,1,1,1,Standard,Standard,73,0.002,0.024,,,,-0.024,,0,0,0.542,0.542,34,27,35,27,1,0,5,2,,2,2.7,-0.93,-0.93,29.5,,,,,
SL,2025-10-11,89.6,-0.16,6.08,"Yelich, Christian",592885,573204,strikeout,swinging_strike,,,,,13,Christian Yelich strikes out swinging.,D,L,L,MIL,CHC,S,2,,0,2,2025,-0.3,0.61,-1.8142899416073353,1.6035438852485162,,,,0,6,Bot,,,,,,,-3.441247598088111,-130.35831319361498,-6.315933288269272,-2.65806786495888,27.946394677279148,-24.092373239754203,3.26,1.68,,,,89.3,2313,6.2,813046,608348,683737,663538,807713,621020,664023,691718,673548,54.31,,0,0,1,0,0,,45,3,Slider,2,1,2,1,1,2,2,1,Infield shade,Standard,178,-0.013,-0.165,75.1,8.5,,0.165,,1,1,0.732,0.732,38,33,38,34,1,2,2,2,,2,2.24,-0.3,-0.3,56.1,19.92187263610732,3.157202195380386,33.061176070206216,58.419306428330856,26.30199655245258
SL,2025-10-11,90.5,-1.56,5.78,"Durbin, Caleb",702332,552640,,blocked_ball,,,,,14,Ball In Dirt,D,R,R,MIL,CHC,B,,,1,1,2025,0.32,0.18,0.3287457422480524,0.3171758393078554,,686217,,2,6,Bot,,,,,,,4.047734721093755,-131.6080541166841,-8.08740757581209,2.7572856000844683,30.140531503083974,-28.435033555220596,3.3265525896216,1.56242454043281,,,,90.8,2736,6.7,813046,608348,683737,663538,807713,621020,664023,691718,673548,53.79,,,,,,,,48,3,Slider,2,1,2,1,1,2,2,1,Standard,Standard,131,0.003,0.02,,,,-0.02,,1,1,0.725,0.725,35,25,35,25,1,2,3,2,,2,2.62,-0.32,-0.32,43.0,,,,,
FF,2025-10-11,93,1.91,6.1,"Chourio, Jackson",694192,519141,,swinging_strike,,,,,2,Swinging Strike,D,R,L,MIL,CHC,S,,,2,0,2025,0.07,1.63,0.23377736327026014,3.2104141531841885,,,,0,1,Bot,,,,,,,-4.382270003014309,-135.28873740272672,-5.143518873779616,1.81943435256233,29.2717319171416,-11.186860992441773,3.34,1.58,,,,91.8,2641,5.6,813046,608348,683737,663538,807713,621020,664023,691718,673548,54.95,,,,,,,,4,3,4-Seam Fastball,0,0,0,0,0,0,0,0,Standard,Standard,155,-0.007,-0.072,80.6,7.4,,0.072,,0,0,0.558,0.558,36,21,37,21,1,0,2,2,,2,1,0.07,-0.07,36.4,8.602198121742969,14.036975969491573,22.6015058195503,41.237675540549795,20.25236374307144
FF,2025-10-11,101.4,-1.87,5.01,"Suzuki, Seiya",673548,694819,home_run,hit_into_play,,,,,8,Seiya Suzuki homers (3) on a fly ball to right center field.,D,R,R,MIL,CHC,X,,fly_ball,1,0,2025,-0.92,1.25,0.19071476734613513,1.869318609974068,,,,0,2,Top,176.53,49.46,,,,,8.196297362342566,-147.31741988404792,-6.592752754198041,-15.462666367446536,37.9459057548048,-12.535600719486988,3.14,1.41,390,105,26,103.6,2691,7.7,813046,661388,683734,668930,702332,687401,694192,663368,686217,52.76,0.743,1.454474999999999,2,1,0,3,6,8,2,4-Seam Fastball,1,0,0,1,1,1,1,1,Strategic,Standard,225,-0.099,1.073,76.3,7.6,2.848,-1.073,105.0,1,-1,0.599,0.401,23,30,23,31,1,0,5,2,5,,0.99,0.92,0.92,23.0,4.880013792674678,0.10533222893756651,33.822770524290405,38.74652571340492,28.942918736468037
FC,2025-10-11,90.6,-1.45,5.2,"Suzuki, Seiya",673548,694477,,ball,,,,,14,Ball,D,R,R,MIL,CHC,B,,,1,0,2025,-0.18,0.84,1.3559733259885705,1.536509007218885,,683737,663538,1,6,Top,,,,,,,7.352994371505329,-131.64636873800717,-4.978819567995325,-3.721873726492417,28.33435797948589,-21.490109461260023,3.26831040369596,1.41570532049857,,,,90.1,2622,6.1,813046,661388,683734,668930,702332,687401,694192,663368,686217,54.42,,,,,,,,43,2,Cutter,2,1,1,2,1,2,1,2,Standard,Standard,129,-0.019,0.071,,,,-0.071,,1,-1,0.583,0.41700000000000004,26,30,27,31,1,2,2,2,2,,1.94,0.18,0.18,26.0,,,,,
SL,2025-10-11,89.4,-1.7,5.1,"Ortiz, Joey",687401,694037,,called_strike,,,,,8,Called Strike,D,R,R,MIL,CHC,S,,,1,0,2025,-0.06,0.27,0.001638632393577505,1.7832083354587898,686217,702332,663368,2,4,Bot,,,,,,,4.335380153008141,-130.150386118177,-2.6950422928529374,-1.64322009072414,28.66264861283659,-28.78645791909829,3.4835117982424,1.61425473826493,,,,89.3,2212,6.3,813046,608348,683737,663538,807713,621020,664023,691718,673548,54.19,,,,,,,,33,2,Slider,2,1,2,1,1,2,2,1,Standard,Standard,219,-0.013,-0.035,,,,0.035,,1,1,0.716,0.716,25,26,25,27,1,1,2,2,,2,2.59,0.06,0.06,22.7,,,,,
SI,2025-10-11,97.4,-1.54,5.86,"Ballesteros, Moisés",694208,682842,,ball,,,,,11,Ball,D,L,R,MIL,CHC,B,,,1,0,2025,-1.18,0.38,-1.127046181419475,3.6370110369390254,,,,0,8,Top,,,,,,,3.8069438248273095,-141.8189358279117,-1.2863055961563643,-16.77305321117235,35.3809461659961,-26.94394480278668,3.30204678016866,1.61400594502161,,,,96.8,2436,6.1,813046,661388,683734,668930,702332,687401,694192,663368,686217,54.4,,,,,,,,57,2,Sinker,3,1,1,3,1,3,1,3,Strategic,Standard,217,-0.014,0.077,,,,-0.077,,2,-2,0.855,0.14500000000000002,25,21,25,22,1,0,5,7,2,,2.03,1.18,-1.18,34.6,,,,,
CU,2025-10-11,84.1,0.33,6.44,"Busch, Michael",683737,676879,single,hit_into_play,,,,,2,Michael Busch singles on a ground ball to center fielder Blake Perkins.,D,L,L,MIL,CHC,X,8,ground_ball,0,1,2025,-0.77,-1.68,0.12940611633016175,2.8430265362336797,,,,0,6,Top,141.67,96.85,,,,,1.0215283728476074,-122.38918139565276,1.4374330113093343,-7.822251306183352,28.686749947452505,-49.41250200690851,3.27,1.55,78,84.6,5,81.8,2682,5.2,813046,661388,683734,668930,702332,687401,694192,663368,686217,55.31,0.354,0.324,0.9,1,1,0,4,40,2,Curveball,2,1,1,2,1,2,1,2,Standard,Standard,336,-0.065,0.477,63.2,5.9,0.384,-0.477,88.0,1,-1,0.665,0.33499999999999996,27,27,27,28,1,2,2,2,2,,4.95,-0.77,-0.77,59.2,8.421238724287239,16.15983063531434,31.165509544392325,34.350064405480126,24.891558161317242
KC,2025-10-11,87.1,-0.18,6.48,"Busch, Michael",683737,656730,field_out,hit_into_play,,,,,14,Michael Busch flies out to right fielder Sal Frelick.,D,L,R,MIL,CHC,X,9,fly_ball,0,1,2025,0.45,0.1,0.21407373286244646,1.2987479453842696,,,,0,1,Top,162.61,99.07,,,,,0.02206634519233769,-126.77458865811703,-6.458734940836491,4.845710708162632,27.732275288411905,-29.94565923828316,3.24709100974303,1.52695277726236,265,80.7,42,87.1,2667,6.4,813046,661388,683734,668930,702332,687401,694192,663368,686217,54.08,0.018,0.016,0,1,0,0,3,1,2,Knuckle Curve,0,0,0,0,0,0,0,0,Infield shade,Standard,23,0.019,-0.22,70.6,8.1,0.019,0.22,88.0,0,0,0.503,0.497,31,27,32,28,1,0,2,2,2,,2.92,-0.45,0.45,54.8,23.953557532294084,-22.67793658529678,47.43865052236146,32.89080014192703,44.16036379117355
CH,2025-10-11,93,-1.5,6.23,"Yelich, Christian",592885,641745,,foul,,,,,13,Foul,D,L,R,MIL,CHC,S,,,0,1,2025,-0.6,0.86,-0.9643766512209859,2.082829649524125,,,,0,8,Bot,,,,,,,2.662246173513845,-135.3419737134028,-6.674026262066249,-7.9534135340561525,31.329294076256545,-20.35785559050653,3.26,1.68,2,67.3,-50,92.3,1953,6,813046,608348,683737,663538,650489,621020,664023,691718,673548,54.53,,,,,,,,61,2,Changeup,3,1,3,1,1,3,3,1,Infield shade,Standard,207,-0.001,-0.055,72.2,8.0,,0.055,88.0,2,2,0.937,0.937,29,33,30,34,1,3,2,2,,2,1.79,0.6,-0.6,52.5,17.231990714166617,12.248038986774745,31.266695035128834,47.76805999933903,24.63998888067674
FF,2025-10-11,95.2,-1.53,5.47,"Vaughn, Andrew",683734,607067,,swinging_strike,,,,,2,Swinging Strike,D,R,R,MIL,CHC,S,,,0,1,2025,-0.77,1.23,-0.011554529484516407,3.2435315630579784,,,,0,2,Bot,,,,,,,5.739260012941516,-138.57960278486982,-2.969257303692686,-11.188718786383244,31.90278260663704,-15.849928213468512,3.16,1.5,,,,95.5,2159,6.5,813046,608348,683737,663538,807713,621020,664023,691718,673548,53.99,,,,,,,,13,2,4-Seam Fastball,1,1,1,1,1,1,1,1,Standard,Standard,221,-0.006,-0.055,69.5,6.2,,0.055,,0,0,0.548,0.548,34,27,35,27,1,0,5,2,,2,1.29,0.77,0.77,31.6,0.6054968267269348,20.835418809887457,25.368294551879814,37.52305080871086,14.530192378468733
FF,2025-10-11,94.5,-0.1,6.08,"Yelich, Christian",592885,573204,,called_strike,,,,,6,Called Strike,D,L,L,MIL,CHC,S,,,0,1,2025,0.23,1.72,0.4039214451854698,2.284894249499482,,,,0,6,Bot,,,,,,,0.8006513242771373,-137.40268686288596,-7.939329722654399,2.7137459118189153,33.45722333222181,-8.828297658332396,3.41602494336837,1.76040042054384,,,,93.7,2324,6.1,813046,608348,683737,663538,807713,621020,664023,691718,673548,54.4,,,,,,,,45,2,4-Seam Fastball,2,1,2,1,1,2,2,1,Infield shade,Standard,164,-0.005,-0.055,,,,0.055,,1,1,0.737,0.737,38,33,38,34,1,2,2,2,,2,0.86,0.23,0.23,54.6,,,,,
SL,2025-10-11,90.6,-1.65,5.75,"Durbin, Caleb",702332,552640,,swinging_strike,,,,,14,Swinging Strike,D,R,R,MIL,CHC,S,,,1,0,2025,0.29,0.27,0.19316705440735318,1.005065949932384,,,686217,2,6,Bot,,,,,,,4.022638379004141,-131.8222872269348,-6.490197367357541,2.400757951056697,30.04644631910072,-27.79063025692309,3.2,1.45,,,,91,2607,6.7,813046,608348,683737,663538,807713,621020,664023,691718,673548,53.83,,,,,,,,48,2,Slider,2,1,2,1,1,2,2,1,Standard,Standard,160,-0.003,-0.05,28.1,6.4,,0.05,,1,1,0.717,0.717,35,25,35,25,1,2,3,2,,2,2.52,-0.29,-0.29,41.7,2.2219493939652164,8.727431267944523,33.77504939795998,39.86051795428206,22.49733534450349
FF,2025-10-11,93.3,1.96,6.09,"Chourio, Jackson",694192,519141,,ball,,,,,12,Ball,D,R,L,MIL,CHC,B,,,1,0,2025,0.16,1.65,0.4318187209525484,4.231504639098511,,,,0,1,Bot,,,,,,,-4.220304408506282,-135.8687815455103,-2.599026843855266,2.889941979594435,30.46156225634725,-11.44703609522683,3.46045458499584,1.70118067273464,,,,92.1,2626,5.6,813046,608348,683737,663538,807713,621020,664023,691718,673548,54.92,,,,,,,,4,2,4-Seam Fastball,0,0,0,0,0,0,0,0,Standard,Standard,170,0.007,0.077,,,,-0.077,,0,0,0.551,0.551,36,21,37,21,1,0,2,2,,2,0.97,0.16,-0.16,35.5,,,,,
FF,2025-10-11,94,2,6.05,"Chourio, Jackson",694192,519141,,ball,,,,,12,Ball,D,R,L,MIL,CHC,B,,,0,0,2025,0.45,1.38,0.7845926686968729,3.7474945953715175,,,,0,1,Bot,,,,,,,-4.099862124607086,-136.86660593525244,-3.2648478466463926,6.588177736248145,31.1675739178694,-14.384269561918778,3.40546198329873,1.70236846318005,,,,92.8,2637,5.6,813046,608348,683737,663538,807713,621020,664023,691718,673548,54.91,,,,,,,,4,1,4-Seam Fastball,0,0,0,0,0,0,0,0,Standard,Standard,167,0.003,0.041,,,,-0.041,,0,0,0.548,0.548,36,21,37,21,1,0,2,2,,2,1.21,0.45,-0.45,36.7,,,,,
FF,2025-10-11,100.7,-1.88,5.06,"Suzuki, Seiya",673548,694819,,ball,,,,,11,Ball,D,R,R,MIL,CHC,B,,,0,0,2025,-0.91,1.23,-1.241531666547106,2.751378026000233,,,,0,2,Top,,,,,,,4.062407937383483,-146.58260456931268,-4.0582106282855195,-14.144062820272389,37.94341333181714,-13.717865510345996,3.30605284834346,1.44924394070016,,,,102.8,2571,7.6,813046,661388,683734,668930,702332,687401,694192,663368,686217,52.89,,,,,,,,8,1,4-Seam Fastball,1,0,0,1,0,1,0,1,Strategic,Standard,223,-0.004,0.041,,,,-0.041,,1,-1,0.603,0.397,23,30,23,31,1,0,5,2,5,,1.03,0.91,0.91,26.0,,,,,
SL,2025-10-11,84.6,-1.37,5.95,"Ballesteros, Moisés",694208,682842,,ball,,,,,14,Ball,D,L,R,MIL,CHC,B,,,0,0,2025,1.37,0.04,0.01981714828219916,1.4813006631115164,,,,0,8,Top,,,,,,,0.506254182325102,-123.07762456170542,-4.06775552752052,13.724776410162091,27.306955084879593,-31.10866330780411,3.34102608914788,1.62404998004763,,,,83.9,2698,6.1,813046,661388,683734,668930,702332,687401,694192,663368,686217,54.41,,,,,,,,57,1,Slider,3,1,1,3,1,3,1,3,Strategic,Standard,60,-0.007,0.041,,,,-0.041,,2,-2,0.862,0.138,25,21,25,22,1,0,5,7,2,,3.18,-1.37,1.37,40.4,,,,,
FC,2025-10-11,91.1,-1.58,5.27,"Suzuki, Seiya",673548,694477,,ball,,,,,11,Ball,D,R,R,MIL,CHC,B,,,0,0,2025,-0.05,0.85,-0.8909931426281488,3.5837294842837792,,683737,663538,1,6,Top,,,,,,,1.8284668800598989,-132.72603198539574,-0.16766423015113807,-1.031272275816503,29.51973929607799,-22.330288576780873,3.27413633041821,1.50787056154418,,,,90.6,2554,6,813046,661388,683734,668930,702332,687401,694192,663368,686217,54.53,,,,,,,,43,1,Cutter,2,1,1,2,1,2,1,2,Standard,Standard,142,-0.01,0.031,,,,-0.031,,1,-1,0.593,0.40700000000000003,26,30,27,31,1,2,2,2,2,,1.9,0.05,0.05,24.6,,,,,
FF,2025-10-11,100.5,-1.34,5.34,"Ortiz, Joey",687401,694037,,ball,,,,,14,Ball,D,R,R,MIL,CHC,B,,,0,0,2025,-1.08,1.36,0.918829538247613,2.2201650383762113,686217,702332,663368,2,4,Bot,,,,,,,8.874405238122428,-145.83090768727538,-6.476836520020649,-17.620805319044507,38.24127500602512,-11.455667227854962,3.52706902124194,1.60031703014771,,,,100.5,2461,6.7,813046,608348,683737,663538,807713,621020,664023,691718,673548,53.78,,,,,,,,33,1,4-Seam Fastball,2,1,2,1,1,2,2,1,Standard,Standard,226,0.01,0.032,,,,-0.032,,1,1,0.706,0.706,25,26,25,27,1,1,2,2,,2,0.93,1.08,1.08,30.9,,,,,
SI,2025-10-11,98.4,0.17,6.51,"Busch, Michael",683737,676879,,called_strike,,,,,8,Called Strike,D,L,L,MIL,CHC,S,,,0,0,2025,1.55,0.71,0.11296607508533829,1.8116174067113624,,,,0,6,Top,,,,,,,-3.6805050379648705,-142.98552906340527,-8.73427851867301,22.12984954099313,34.15145290106756,-20.578600100395267,3.32504241651009,1.47070892847126,,,,96.4,2206,5.3,813046,661388,683734,668930,702332,687401,694192,663368,686217,55.22,,,,,,,,40,1,Sinker,2,1,1,2,1,2,1,2,Standard,Standard,149,0.005,-0.039,,,,0.039,,1,-1,0.66,0.33999999999999997,27,27,27,28,1,2,2,2,2,,1.66,1.55,1.55,50.8,,,,,
KC,2025-10-11,87.2,-0.16,6.48,"Busch, Michael",683737,656730,,called_strike,,,,,3,Called Strike,D,L,R,MIL,CHC,S,,,0,0,2025,0,-0.33,0.5037978994038855,3.1946099719789243,,,,0,1,Top,,,,,,,1.611014318011433,-127.03810132144457,-1.0935278794855512,-0.3495825247722009,25.13626976473218,-35.795354448721916,3.2879103178958,1.52827839785854,,,,87.6,2625,6.4,813046,661388,683734,668930,702332,687401,694192,663368,686217,54.09,,,,,,,,1,1,Knuckle Curve,0,0,0,0,0,0,0,0,Infield shade,Standard,39,0.003,-0.039,,,,0.039,,0,0,0.5,0.5,31,27,32,28,1,0,2,2,2,,3.32,0,0,53.0,,,,,
SL,2025-10-11,85.2,-1.48,6.28,"Yelich, Christian",592885,641745,,swinging_strike,,,,,13,Swinging Strike,D,L,R,MIL,CHC,S,,,0,0,2025,0.64,-0.84,-0.0766946482897104,1.3640390742916173,,,,0,8,Bot,,,,,,,1.975228110153689,-123.95521051090418,-3.4623302737470905,6.138973546780679,27.80510740536295,-40.19043909892791,3.26,1.68,,,,83.9,2794,5.7,813046,608348,683737,663538,650489,621020,664023,691718,673548,54.81,,,,,,,,61,1,Slider,3,1,3,1,1,3,3,1,Infield shade,Standard,55,-0.001,-0.039,48.7,7.8,,0.039,,2,2,0.938,0.938,29,33,30,34,1,3,2,2,,2,4.01,-0.64,0.64,51.4,18.76276225222246,-0.8105561837395605,40.67778303486071,37.16308102081854,32.08417558278158
FF,2025-10-11,95.8,-1.64,5.44,"Vaughn, Andrew",683734,607067,,foul,,,,,4,Foul,D,R,R,MIL,CHC,S,,,0,0,2025,-0.79,1.29,-0.3629046423510016,2.5310283234581465,,,,0,2,Bot,,,,,,,5.1655270209890505,-139.18552128516694,-4.858933919173388,-11.488467151994016,37.57855263166557,-14.64106386613772,3.16,1.5,130,86.1,75,95.3,2193,6.5,813046,608348,683737,663538,807713,621020,664023,691718,673548,53.97,,,,,,,,13,1,4-Seam Fastball,1,1,1,1,1,1,1,1,Standard,Standard,223,-0.003,-0.039,74.5,7.0,,0.039,88.0,0,0,0.551,0.551,34,27,35,27,1,0,5,2,,2,1.25,0.79,0.79,30.1,9.406570638990372,-3.023040414120154,31.988964843282403,32.42227850454264,29.780773856808302
SI,2025-10-11,94.9,-1.66,5.73,"Durbin, Caleb",702332,552640,,ball,,,,,8,Ball,D,R,R,MIL,CHC,B,,,0,0,2025,-1.23,0.87,0.0426318928153997,1.457975610819846,,,686217,2,6,Bot,,,,,,,7.235233666953189,-137.801709915996,-7.404611771568474,-17.342889184131693,34.697193479189494,-19.54474291094871,3.40410062956001,1.5588620296534,,,,94.7,2361,6.6,813046,608348,683737,663538,807713,621020,664023,691718,673548,53.93,,,,,,,,48,1,Sinker,2,1,2,1,1,2,2,1,Standard,Standard,208,0.002,0.035,,,,-0.035,,1,1,0.715,0.715,35,25,35,25,1,2,3,2,,2,1.7,1.23,1.23,41.7,,,,,
FF,2025-10-11,93.7,-0.02,6.02,"Yelich, Christian",592885,573204,,called_strike,,,,,5,Called Strike,D,L,L,MIL,CHC,S,,,0,0,2025,0.17,1.65,-0.21523770852381297,2.2425378090620383,,,,0,6,Bot,,,,,,,-0.8848382172686565,-136.14209872291434,-7.576893817633638,2.2989973733527456,33.56552915227436,-10.15428575629203,3.38325913338455,1.67877584229527,,,,93.1,2330,6.3,813046,608348,683737,663538,807713,621020,664023,691718,673548,54.21,,,,,,,,45,1,4-Seam Fastball,2,1,2,1,1,2,2,1,Standard,Standard,162,-0.003,-0.039,,,,0.039,,1,1,0.74,0.74,38,33,38,34,1,2,2,2,,2,0.98,0.17,0.17,55.2,,,,,
