pitch_type,game_date,release_speed,release_pos_x,release_pos_z,player_name,batter,pitcher,events,description,spin_dir,spin_rate_deprecated,break_angle_deprecated,break_length_deprecated,zone,des,game_type,stand,p_throws,home_team,away_team,type,hit_location,bb_type,balls,strikes,game_year,pfx_x,pfx_z,plate_x,plate_z,on_3b,on_2b,on_1b,outs_when_up,inning,inning_topbot,hc_x,hc_y,tfs_deprecated,tfs_zulu_deprecated,umpire,sv_id,vx0,vy0,vz0,ax,ay,az,sz_top,sz_bot,hit_distance_sc,launch_speed,launch_angle,effective_speed,release_spin_rate,release_extension,game_pk,fielder_2,fielder_3,fielder_4,fielder_5,fielder_6,fielder_7,fielder_8,fielder_9,release_pos_y,estimated_ba_using_speedangle,estimated_woba_using_speedangle,woba_value,woba_denom,babip_value,iso_value,launch_speed_angle,at_bat_number,pitch_number,pitch_name,home_score,away_score,bat_score,fld_score,post_away_score,post_home_score,post_bat_score,post_fld_score,if_fielding_alignment,of_fielding_alignment,spin_axis,delta_home_win_exp,delta_run_exp,bat_speed,swing_length,estimated_slg_using_speedangle,delta_pitcher_run_exp,hyper_speed,home_score_diff,bat_score_diff,home_win_exp,bat_win_exp,age_pit_legacy,age_bat_legacy,age_pit,age_bat,n_thruorder_pitcher,n_priorpa_thisgame_player_at_bat,pitcher_days_since_prev_game,batter_days_since_prev_game,pitcher_days_until_next_game,batter_days_until_next_game,api_break_z_with_gravity,api_break_x_arm,api_break_x_batter_in,arm_angle,attack_angle,attack_direction,swing_path_tilt,intercept_ball_minus_batter_pos_x_inches,intercept_ball_minus_batter_pos_y_inches
CH,2025-10-15,88.1,-1.69,5.5,"Naylor, Josh",647304,669456,field_out,hit_into_play,,,,,8,"Josh Naylor grounds out, first baseman Vladimir Guerrero Jr. to pitcher Shane Bieber.",L,L,R,SEA,TOR,X,3,ground_ball,0,0,2025,-1.21,0.15,0.02378548951510684,1.4928836013341713,,,,2,6,Bot,152.77,163.53,,,,,6.678951070331125,-128.11518286029835,-3.9786228353072826,-14.655952291686582,25.653667766268683,-29.877715805462003,3.23,1.51,59,98.3,3,88.4,1258,6.5,813043,672386,665489,676391,680718,665926,664702,662139,664770,54.03,0.443,0.413,0,1,0,0,4,57,1,Changeup,2,12,2,12,12,2,2,12,Standard,Standard,252,0,-0.26,67.1,8.2,0.508,0.26,98.3,-10,-10,0.001,0.001,30,28,30,28,3,2,8,2,5,1,2.78,1.21,-1.21,33.5,10.072737372604271,-8.311430808238422,41.326795373655365,33.15348129451441,26.149709525408007
CH,2025-10-15,87.4,-1.68,5.51,"Polanco, Jorge",593871,669456,field_out,hit_into_play,,,,,7,"Jorge Polanco grounds out, shortstop Andrés Giménez to first baseman Vladimir Guerrero Jr.",L,L,R,SEA,TOR,X,6,ground_ball,0,1,2025,-1.18,0,-0.45056862569706624,2.0688753904129897,,,,1,6,Bot,101.13,148.85,,,,,5.424947473388711,-127.23430531087686,-2.183318497603601,-13.953611524937928,25.45913400659296,-31.9064269382917,3.26,1.55,13,104,-8,87.9,1352,6.5,813043,672386,665489,676391,680718,665926,664702,662139,664770,53.98,0.322,0.294,0,1,0,0,2,56,2,Changeup,2,12,2,12,12,2,2,12,Infield shade,Standard,253,-0.001,-0.215,,,0.323,0.215,104.0,-10,-10,0.002,0.002,30,31,30,32,3,2,8,2,5,1,2.97,1.18,-1.18,35.4,,,,,
KC,2025-10-15,81.5,-1.6,5.55,"Polanco, Jorge",593871,669456,,swinging_strike,,,,,14,Swinging Strike,L,L,R,SEA,TOR,S,,,0,0,2025,0.83,-1.29,0.9158629753646077,1.2563825726504847,,,,1,6,Bot,,,,,,,4.057018429170017,-118.58660803249586,-0.44334581272485285,6.83057504701479,27.16008938622383,-44.276724195967134,3.26,1.55,,,,81.2,2679,6.5,813043,672386,665489,676391,680718,665926,664702,662139,664770,53.98,,,,,,,,56,1,Knuckle Curve,2,12,2,12,12,2,2,12,Infield shade,Standard,39,0,-0.039,73.4,7.8,,0.039,,-10,-10,0.002,0.002,30,31,30,32,3,2,8,2,5,1,4.77,-0.83,0.83,38.7,19.95899907431343,-31.19847020176007,34.0058499487616,29.63359592461549,44.97406231416681
FC,2025-10-15,86.4,-1.75,5.52,"Rodríguez, Julio",677594,669456,strikeout,swinging_strike,,,,,5,Julio Rodríguez strikes out swinging.,L,R,R,SEA,TOR,S,2,,3,2,2025,-0.04,0.65,0.14910499099105806,2.647885749933114,,,,0,6,Bot,,,,,,,4.624297416434325,-125.88104614802916,-2.0124450311783253,-1.3247973472608967,24.452011121161863,-25.000187639890676,3.26,1.51,,,,87.1,2576,6.6,813043,672386,665489,676391,680718,665926,664702,662139,664770,53.93,,0,0,1,0,0,,55,6,Cutter,2,12,2,12,12,2,2,12,Standard,Standard,207,-0.001,-0.345,78.9,7.8,,0.345,,-10,-10,0.003,0.003,30,24,30,25,3,2,8,2,5,1,2.38,0.04,0.04,37.1,14.693903971489306,-26.56695050006612,24.03949594887123,41.62561933983849,47.45119767242891
CH,2025-10-15,87.9,-1.76,5.5,"Rodríguez, Julio",677594,669456,,ball,,,,,11,Ball,L,R,R,SEA,TOR,B,,,2,2,2025,-1.13,-0.35,-2.1392111818905817,2.934453051783918,,,,0,6,Bot,,,,,,,1.4328460420672748,-128.04426271649444,0.6388450255015241,-12.722619617291107,26.97035106442089,-36.41833624635428,3.13365232216939,1.51000079655232,,,,88.3,1366,6.5,813043,672386,665489,676391,680718,665926,664702,662139,664770,53.99,,,,,,,,55,5,Changeup,2,12,2,12,12,2,2,12,Standard,Standard,250,0,0.112,,,,-0.112,,-10,-10,0.003,0.003,30,24,30,25,3,2,8,2,5,1,3.3,1.13,1.13,37.8,,,,,
SL,2025-10-15,85.1,-1.64,5.58,"Rodríguez, Julio",677594,669456,,ball,,,,,14,Ball,L,R,R,SEA,TOR,B,,,1,2,2025,0.18,-0.02,1.2174108556730248,2.279362394101365,,,,0,6,Bot,,,,,,,6.340078199271836,-123.8663167341403,-1.4220423943699276,0.6812451951591671,23.744432356516516,-32.29506541931083,3.19682548940725,1.5416005462453,,,,85.3,2632,6.3,813043,672386,665489,676391,680718,665926,664702,662139,664770,54.17,,,,,,,,55,4,Slider,2,12,2,12,12,2,2,12,Standard,Standard,49,0,0.043,,,,-0.043,,-10,-10,0.003,0.003,30,24,30,25,3,2,8,2,5,1,3.15,-0.18,-0.18,36.7,,,,,
SL,2025-10-15,84.7,-1.58,5.56,"Rodríguez, Julio",677594,669456,,ball,,,,,14,Ball,L,R,R,SEA,TOR,B,,,0,2,2025,0.16,-0.04,1.843541736343682,1.052127632076481,,,,0,6,Bot,,,,,,,7.707842873172176,-123.2042388290578,-4.150729539075908,0.16846086793473694,23.803042396062647,-31.92646623975893,3.10206912444052,1.47840182812373,,,,85.3,2534,6.6,813043,672386,665489,676391,680718,665926,664702,662139,664770,53.89,,,,,,,,55,3,Slider,2,12,2,12,12,2,2,12,Standard,Standard,17,0,0.024,,,,-0.024,,-10,-10,0.003,0.003,30,24,30,25,3,2,8,2,5,1,3.21,-0.16,-0.16,38.2,,,,,
CH,2025-10-15,87.4,-1.74,5.5,"Rodríguez, Julio",677594,669456,,swinging_strike,,,,,11,Swinging Strike,L,R,R,SEA,TOR,S,,,0,1,2025,-1.07,-0.32,-1.5332710436831922,2.6846203947762506,,,,0,6,Bot,,,,,,,2.703496455421413,-127.25143639649713,0.05456093282090824,-12.121696394712872,27.741685339217366,-35.88848669082416,3.26,1.51,,,,87.5,1464,6.5,813043,672386,665489,676391,680718,665926,664702,662139,664770,54.01,,,,,,,,55,2,Changeup,2,12,2,12,12,2,2,12,Standard,Standard,254,0,-0.055,72.4,6.4,,0.055,,-10,-10,0.003,0.003,30,24,30,25,3,2,8,2,5,1,3.32,1.07,1.07,37.7,4.156870061559242,7.602116816551174,28.566959600499086,21.739406225780947,21.53129994930071
SL,2025-10-15,83.3,-1.66,5.59,"Rodríguez, Julio",677594,669456,,called_strike,,,,,2,Called Strike,L,R,R,SEA,TOR,S,,,0,0,2025,0.12,0,0.10139682516150125,3.0364879691481215,,,,0,6,Bot,,,,,,,3.8253146826117073,-121.37554508106153,0.5456901171576221,0.4836089871248837,22.149811679107874,-32.51585830176923,3.22841109687239,1.54160403058918,,,,83.8,2543,6.4,813043,672386,665489,676391,680718,665926,664702,662139,664770,54.11,,,,,,,,55,1,Slider,2,12,2,12,12,2,2,12,Standard,Standard,78,0,-0.039,,,,0.039,,-10,-10,0.003,0.003,30,24,30,25,3,2,8,2,5,1,3.26,-0.12,-0.12,36.6,,,,,
FF,2025-10-15,92.2,-1.69,5.63,"Raleigh, Cal",663728,669456,strikeout,swinging_strike,,,,,1,Cal Raleigh strikes out swinging.,L,L,R,SEA,TOR,S,2,,2,2,2025,-1,1.44,-0.31563179016958287,3.621886023323317,,,668227,2,5,Bot,,,,,,,5.700771701898387,-134.2420745834048,-2.410840413692988,-13.310246624600312,29.05123440415552,-14.460029014689484,3.59,1.69,,,,92.7,2330,6.5,813043,672386,665489,676391,680718,665926,664702,662139,664770,53.95,,0,0,1,0,0,,46,5,4-Seam Fastball,2,8,2,8,8,2,2,8,Infield shade,Standard,219,-0.006,-0.216,72.9,6.8,,0.216,,-6,-6,0.033,0.033,30,28,30,29,3,2,8,2,5,1,1.24,1,-1,37.9,13.423613445172727,6.505597139204452,26.50372634898026,37.15177996158845,27.036835264468216
CH,2025-10-15,88.4,-1.79,5.49,"Raleigh, Cal",663728,669456,,foul,,,,,4,Foul,L,L,R,SEA,TOR,S,,,2,1,2025,-0.99,-0.03,-0.447253504108038,2.537267903135601,,,668227,2,5,Bot,,,,,,,5.357169952529315,-128.67444557578068,-1.0881947340687097,-12.097963250526124,25.53285338780032,-32.48210276609875,3.59,1.69,4,82.8,-32,89.1,1612,6.6,813043,672386,665489,676391,680718,665926,664702,662139,664770,53.91,,,,,,,,46,4,Changeup,2,8,2,8,8,2,2,8,Infield shade,Standard,259,-0.002,-0.093,80.4,8.0,,0.093,88.0,-6,-6,0.035,0.035,30,28,30,29,3,2,8,2,5,1,2.93,0.99,-0.99,34.9,19.865530129318405,-1.005122598519666,32.151515190073,39.257908325216924,38.20085569663503
CH,2025-10-15,88.2,-1.75,5.43,"Raleigh, Cal",663728,669456,,ball,,,,,7,Ball,L,L,R,SEA,TOR,B,,,1,1,2025,-0.84,-0.32,-0.8243322321628095,1.8342591629403429,,,668227,2,5,Bot,,,,,,,4.028309810905574,-128.43689590334122,-2.0116548678961204,-10.117465041962317,25.906854265990003,-35.515875441072154,3.55038727764594,1.72963275282561,,,,88.8,1542,6.6,813043,672386,665489,676391,680718,665926,664702,662139,664770,53.93,,,,,,,,46,3,Changeup,2,8,2,8,8,2,2,8,Infield shade,Standard,260,0.001,0.054,,,,-0.054,,-6,-6,0.034,0.034,30,28,30,29,3,2,8,2,5,1,3.24,0.84,-0.84,35.6,,,,,
FC,2025-10-15,87.3,-1.72,5.56,"Raleigh, Cal",663728,669456,,foul,,,,,5,Foul,L,L,R,SEA,TOR,S,,,1,0,2025,-0.01,0.63,0.24739423786316023,2.6727378118243896,,,668227,2,5,Bot,,,,,,,4.777196717383893,-127.16389529527387,-2.1921365183430965,-0.9095979812304796,22.67080175216741,-25.019616547947614,3.59,1.69,74,96.1,77,88.4,2605,6.6,813043,672386,665489,676391,680718,665926,664702,662139,664770,53.89,,,,,,,,46,2,Cutter,2,8,2,8,8,2,2,8,Infield shade,Standard,208,-0.001,-0.05,78.6,8.7,,0.05,96.1,-6,-6,0.035,0.035,30,28,30,29,3,2,8,2,5,1,2.32,0.01,-0.01,40.1,28.311905621152697,-17.465451153446867,36.170480188562514,30.508242257041566,40.45888126318265
FF,2025-10-15,91.8,-1.67,5.48,"Raleigh, Cal",663728,669456,,ball,,,,,13,Ball,L,L,R,SEA,TOR,B,,,0,0,2025,-0.98,1.1,-1.064842057342557,2.099343207396977,,,668227,2,5,Bot,,,,,,,3.69200447254189,-133.62915247917581,-5.142230307492379,-12.530402674766957,28.337924983243102,-18.089383344262806,3.52680105782913,1.69000066619105,,,,92.8,2188,6.8,813043,672386,665489,676391,680718,665926,664702,662139,664770,53.68,,,,,,,,46,1,4-Seam Fastball,2,8,2,8,8,2,2,8,Infield shade,Standard,219,0.001,0.035,,,,-0.035,,-6,-6,0.034,0.034,30,28,30,29,3,2,8,2,5,1,1.6,0.98,-0.98,37.0,,,,,
SL,2025-10-15,84,-1.76,5.55,"Santander, Anthony",623993,669923,walk,ball,,,,,11,Anthony Santander walks.,L,L,R,SEA,TOR,B,,,3,1,2025,1.09,-0.3,-1.4019899907269595,3.8215938864316876,,,,0,5,Top,,,,,,,-1.3465463359479248,-122.29585957202158,2.999762807668146,11.221322375999142,23.74579680734189,-36.023320269727016,3.26523264998503,1.58000019422944,,,,84.7,2216,6.7,813043,663728,647304,593871,553993,641487,668227,677594,645302,53.85,,0.691497,0.7,1,0,0,,38,5,Slider,2,7,7,2,7,2,7,2,Infield shade,Standard,52,-0.005,0.262,,,,-0.262,,-5,5,0.061,0.9390000000000001,27,30,27,31,3,2,5,3,5,,3.53,-1.09,1.09,30.1,,,,,
FC,2025-10-15,88.2,-1.73,5.5,"Arozarena, Randy",668227,669456,force_out,hit_into_play,,,,,6,"Randy Arozarena grounds into a force out, third baseman Addison Barger to second baseman Ernie Clement. J.P. Crawford out at 2nd. Randy Arozarena to 1st.",L,R,R,SEA,TOR,X,5,ground_ball,3,1,2025,0.09,0.74,0.29398813410319935,2.707508177479297,,,641487,1,5,Bot,103.66,165.56,,,,,4.761279736342829,-128.55568713881792,-2.338966879532435,0.16454404475442622,23.09254641567142,-23.66850084857496,3.38,1.62,6,87.8,-25,89.2,2591,6.5,813043,672386,665489,676391,680718,665926,664702,662139,664770,53.97,0.048,0.047,0,1,0,0,2,45,5,Cutter,2,8,2,8,8,2,2,8,Standard,Standard,226,-0.02,-0.469,84.2,8.4,0.07,0.469,88.0,-6,-6,0.054,0.054,30,30,30,30,3,2,8,2,5,1,2.15,-0.09,-0.09,36.3,15.353404864977819,-9.97740756232984,18.121541144724887,38.55556365222168,43.13187879676222
KC,2025-10-15,81.9,-1.71,5.51,"Santander, Anthony",623993,669923,,ball,,,,,13,Ball,L,L,R,SEA,TOR,B,,,2,1,2025,0.68,-0.98,-1.0103088349984666,2.1868105042473154,,,,0,5,Top,,,,,,,0.2704481038268641,-119.26792375444195,0.9795193721054216,6.421247960550528,23.502477917917147,-41.914361474643705,3.32840587502004,1.61160637670862,,,,82.4,2137,6.7,813043,663728,647304,593871,553993,641487,668227,677594,645302,53.85,,,,,,,,38,4,Knuckle Curve,2,7,7,2,7,2,7,2,Infield shade,Standard,39,-0.002,0.134,,,,-0.134,,-5,5,0.063,0.937,27,30,27,31,3,2,5,3,5,,4.38,-0.68,0.68,31.5,,,,,
SL,2025-10-15,85.3,-1.75,5.49,"Arozarena, Randy",668227,669456,,ball,,,,,14,Ball,L,R,R,SEA,TOR,B,,,2,1,2025,0.05,0.08,1.2993145926364373,0.9795614223253697,,,641487,1,5,Bot,,,,,,,7.113569927218962,-124.10959590632744,-4.588484055684603,-0.7172237498354864,20.908801535019215,-30.686201625396652,3.41166012915438,1.68334541433579,,,,86.2,2630,6.5,813043,672386,665489,676391,680718,665926,664702,662139,664770,53.98,,,,,,,,45,4,Slider,2,8,2,8,8,2,2,8,Standard,Standard,321,0.006,0.109,,,,-0.109,,-6,-6,0.048,0.048,30,30,30,30,3,2,8,2,5,1,3.01,-0.05,-0.05,38.6,,,,,
FC,2025-10-15,86.1,-1.69,5.54,"Arozarena, Randy",668227,669456,,called_strike,,,,,8,Called Strike,L,R,R,SEA,TOR,S,,,2,0,2025,-0.03,0.54,0.24844259175446076,2.217583673793257,,,641487,1,5,Bot,,,,,,,4.681462209356512,-125.47554954019844,-2.874729452426533,-1.1023088783922077,21.15662518185567,-26.05624903198938,3.50666929297428,1.7467283508456,,,,87,2593,6.4,813043,672386,665489,676391,680718,665926,664702,662139,664770,54.06,,,,,,,,45,3,Cutter,2,8,2,8,8,2,2,8,Standard,Standard,215,-0.004,-0.062,,,,0.062,,-6,-6,0.052,0.052,30,30,30,30,3,2,8,2,5,1,2.48,0.03,0.03,37.8,,,,,
KC,2025-10-15,83,-1.79,5.59,"Santander, Anthony",623993,669923,,called_strike,,,,,7,Called Strike,L,L,R,SEA,TOR,S,,,2,0,2025,0.56,-1.07,-0.3947685800875469,1.9307583065588805,,,,0,5,Top,,,,,,,2.1058854074043096,-120.97494582468299,0.19792333725907962,5.131176773532165,23.535711196219975,-42.969650153368576,3.35999996609635,1.61160411466109,,,,83.9,2373,6.8,813043,663728,647304,593871,553993,641487,668227,677594,645302,53.72,,,,,,,,38,3,Knuckle Curve,2,7,7,2,7,2,7,2,Infield shade,Standard,41,0.001,-0.072,,,,0.072,,-5,5,0.062,0.938,27,30,27,31,3,2,5,3,5,,4.37,-0.56,0.56,32.0,,,,,
SL,2025-10-15,85.5,-1.72,5.51,"Arozarena, Randy",668227,669456,,ball,,,,,14,Ball,L,R,R,SEA,TOR,B,,,1,0,2025,0.23,0.12,1.3817091565003878,2.2782594937802347,,,641487,1,5,Bot,,,,,,,6.908807588692865,-124.48864784439432,-1.6504313313775762,1.1488603253504661,21.938881396070784,-30.821451229255075,3.47500689841945,1.7467308989672,,,,86.5,2763,6.6,813043,672386,665489,676391,680718,665926,664702,662139,664770,53.86,,,,,,,,45,2,Slider,2,8,2,8,8,2,2,8,Standard,Standard,66,0.004,0.068,,,,-0.068,,-6,-6,0.048,0.048,30,30,30,30,3,2,8,2,5,1,2.96,-0.23,-0.23,37.3,,,,,
SL,2025-10-15,85.4,-1.76,5.49,"Santander, Anthony",623993,669923,,ball,,,,,13,Ball,L,L,R,SEA,TOR,B,,,1,0,2025,0.99,-0.33,-1.3932962093448715,2.5068413842105515,,,,0,5,Top,,,,,,,-1.146589407467161,-124.41012654638624,-0.058806102874018995,10.499172162505925,25.78767209107617,-35.80099584114133,3.39159552719326,1.6748282295356,,,,85.8,1987,6.6,813043,663728,647304,593871,553993,641487,668227,677594,645302,53.94,,,,,,,,38,2,Slider,2,7,7,2,7,2,7,2,Infield shade,Standard,40,-0.001,0.077,,,,-0.077,,-5,5,0.063,0.937,27,30,27,31,3,2,5,3,5,,3.46,-0.99,0.99,28.4,,,,,
FF,2025-10-15,91.3,-1.55,5.62,"Arozarena, Randy",668227,669456,,ball,,,,,11,Ball,L,R,R,SEA,TOR,B,,,0,0,2025,-1.23,1.62,-0.4611957819038577,3.8189201731255316,,,641487,1,5,Bot,,,,,,,5.42574468168225,-132.8573578978394,-2.1074723134235915,-15.693146423420066,30.187813598575953,-12.81581522268487,3.50667820853698,1.68336891474157,,,,91.7,2414,6.7,813043,672386,665489,676391,680718,665926,664702,662139,664770,53.82,,,,,,,,45,1,4-Seam Fastball,2,8,2,8,8,2,2,8,Standard,Standard,218,0.002,0.035,,,,-0.035,,-6,-6,0.046,0.046,30,30,30,30,3,2,8,2,5,1,1.13,1.23,1.23,39.3,,,,,
SI,2025-10-15,96.4,-1.71,5.61,"Santander, Anthony",623993,669923,,ball,,,,,12,Ball,L,L,R,SEA,TOR,B,,,0,0,2025,-1.48,0.72,0.17091135179283534,3.65625474325537,,,,0,5,Top,,,,,,,8.444321636136152,-140.21647808827245,-1.27020253794009,-21.492406904153967,31.246408780180847,-22.571139620411355,3.42379671933535,1.64382337817502,,,,97.3,2151,6.8,813043,663728,647304,593871,553993,641487,668227,677594,645302,53.7,,,,,,,,38,1,Sinker,2,7,7,2,7,2,7,2,Standard,Standard,221,-0.001,0.041,,,,-0.041,,-5,5,0.064,0.9359999999999999,27,30,27,31,3,2,5,3,5,,1.73,1.48,-1.48,30.2,,,,,
FC,2025-10-15,87.3,-1.73,5.52,"Crawford, J.P.",641487,669456,single,hit_into_play,,,,,1,J.P. Crawford singles on a line drive to center fielder Daulton Varsho.,L,L,R,SEA,TOR,X,8,line_drive,0,1,2025,0.21,0.87,-0.33888464551720043,2.8827459673276064,,,,1,5,Bot,124.88,103.02,,,,,2.943547328412122,-127.27731370980112,-2.093676939053938,1.7400875550212722,23.579320705182383,-22.39714182038371,3.3,1.55,157,78.3,12,88.4,2580,6.7,813043,672386,665489,676391,680718,665926,664702,662139,664770,53.83,0.446,0.401,0.9,1,1,0,4,44,2,Cutter,2,8,2,8,8,2,2,8,Standard,Standard,209,0.011,0.453,71.6,7.1,0.46,-0.453,88.0,-6,-6,0.035,0.035,30,30,30,30,2,1,8,2,5,1,2.08,-0.21,0.21,37.9,-4.8777795319304245,2.3800075931883677,27.716567130431546,40.66162382215658,34.67181029109477
SL,2025-10-15,85.8,-1.78,5.53,"Guerrero Jr., Vladimir",665489,669923,home_run,hit_into_play,,,,,9,Vladimir Guerrero Jr. homers (4) on a fly ball to center field.,L,R,R,SEA,TOR,X,,fly_ball,0,0,2025,1.02,-0.26,0.3204280249824144,1.9748962217718407,,,,0,5,Top,133.6,35.18,,,,,2.9273900592025672,-124.86205207042275,-1.5719553979300298,9.931729565403538,26.990970732286858,-34.751197254160026,3.68,1.67,406,106.4,25,86.2,2178,6.7,813043,663728,647304,593871,553993,641487,668227,677594,645302,53.76,0.794,1.5645781250000006,2,1,0,3,6,37,1,Slider,2,6,6,2,7,2,7,2,Standard,Standard,39,-0.04,1.114,77.2,7.9,3.064,-1.114,106.4,-4,4,0.104,0.896,27,26,27,26,3,2,5,2,5,1,3.37,-1.02,-1.02,28.0,1.858658538203008,-4.544574862305907,29.50010590194095,40.45056874837484,36.17523478973261
SL,2025-10-15,86.7,-1.76,5.45,"Lukes, Nathan",664770,669923,field_out,hit_into_play,,,,,9,"Nathan Lukes grounds out, pitcher George Kirby to first baseman Josh Naylor.",L,L,R,SEA,TOR,X,1,ground_ball,1,2,2025,1.13,-0.65,0.5121964492557501,1.5399616083926597,,,,2,4,Top,134.48,193.14,,,,,3.1489004291685694,-126.23222072490434,-1.7854968741134425,11.343474040182983,27.82229665875903,-38.877856827955235,3.34,1.55,1,60.2,-58,87.2,2402,6.8,813043,663728,647304,593871,553993,641487,668227,677594,645302,53.74,0.254,0.233,0,1,0,0,2,33,4,Slider,2,6,6,2,6,2,6,2,Infield shade,Standard,41,0.004,-0.182,67.6,6.1,0.254,0.182,88.0,-4,4,0.14,0.86,27,30,27,31,3,2,5,2,5,1,3.7,-1.13,1.13,28.7,-5.069951099849386,25.62839839273668,39.82284673556983,34.74534794804857,21.386952067978083
FF,2025-10-15,91,-1.63,5.55,"Crawford, J.P.",641487,669456,,foul,,,,,4,Foul,L,L,R,SEA,TOR,S,,,0,0,2025,-0.97,1.53,-0.5380161952392726,2.541370474590215,,,,1,5,Bot,,,,,,,4.83811928585647,-132.45563864103977,-4.958402410858554,-12.411418046218088,27.93089245156742,-13.276903963695691,3.3,1.55,285,87,30,91.6,2332,6.6,813043,672386,665489,676391,680718,665926,664702,662139,664770,53.89,,,,,,,,44,1,4-Seam Fastball,2,8,2,8,8,2,2,8,Standard,Standard,222,-0.001,-0.039,69.3,6.7,,0.039,88.0,-6,-6,0.036,0.036,30,30,30,30,2,1,8,2,5,1,1.22,0.97,-0.97,38.8,-7.86449208033471,23.72623694194782,36.085563656298454,43.15109349680935,22.428486091015145
SL,2025-10-15,84.8,-1.68,5.58,"Robles, Victor",645302,669456,field_out,hit_into_play,,,,,8,Victor Robles lines out to second baseman Ernie Clement.,L,R,R,SEA,TOR,X,4,line_drive,1,2,2025,0.02,-0.05,-0.1645435795737286,1.738215711578802,,,,0,5,Bot,144.89,147.73,,,,,3.5173662418825087,-123.47874260995756,-2.576680446100953,-0.512549493925443,24.443883083802664,-32.395143889113385,3.21,1.53,141,52.1,36,85.3,2658,6.6,813043,672386,665489,676391,680718,665926,664702,662139,664770,53.91,0.162,0.146,0,1,0,0,1,43,4,Slider,2,8,2,8,8,2,2,8,Standard,Standard,54,-0.006,-0.189,54.1,6.2,0.162,0.189,88.0,-6,-6,0.042,0.042,30,28,30,28,2,1,8,2,5,5,3.21,-0.02,-0.02,38.1,-1.7963720685818376,4.740868756300555,39.21084292476812,36.71908084725203,21.581626505857624
KC,2025-10-15,83,-1.78,5.53,"Lukes, Nathan",664770,669923,,swinging_strike,,,,,13,Swinging Strike,L,L,R,SEA,TOR,S,,,1,1,2025,0.72,-1,-0.5736433622015702,0.8596091282381759,,,,2,4,Top,,,,,,,1.3568068749012394,-120.82737307793823,-2.2347884525073782,6.791116274074101,24.301117045195777,-41.75261325727665,3.34,1.55,,,,83.6,2095,6.7,813043,663728,647304,593871,553993,641487,668227,677594,645302,53.79,,,,,,,,33,3,Knuckle Curve,2,6,6,2,6,2,6,2,Standard,Standard,44,0.001,-0.062,56.6,7.2,,0.062,,-4,4,0.139,0.861,27,30,27,31,3,2,5,2,5,1,4.32,-0.72,0.72,28.3,7.481236199036252,17.70328130409703,32.625607407781985,47.54379887940457,20.00848953511438
SL,2025-10-15,86.4,-1.83,5.49,"Lukes, Nathan",664770,669923,,called_strike,,,,,5,Called Strike,L,L,R,SEA,TOR,S,,,1,0,2025,0.97,0.1,-0.1664398920876411,2.2171711055361634,,,,2,4,Top,,,,,,,2.0083922611122245,-125.88024458002667,-1.7793667240526467,9.794354672797953,27.159253283797963,-30.952966444829496,3.37188286116186,1.58189772237934,,,,87,2329,6.8,813043,663728,647304,593871,553993,641487,668227,677594,645302,53.74,,,,,,,,33,2,Slider,2,6,6,2,6,2,6,2,Standard,Standard,39,0,-0.054,,,,0.054,,-4,4,0.139,0.861,27,30,27,31,3,2,5,2,5,1,2.96,-0.97,0.97,28.6,,,,,
SL,2025-10-15,84.1,-1.78,5.55,"Robles, Victor",645302,669456,,swinging_strike,,,,,6,Swinging Strike,L,R,R,SEA,TOR,S,,,1,1,2025,0.15,-0.12,0.698974035899907,2.249160448367493,,,,0,5,Bot,,,,,,,5.463172636422519,-122.47139176181122,-1.0105894025915545,0.44336989261709536,24.491547824780852,-33.43263859257192,3.21,1.53,,,,84.4,2674,6.5,813043,672386,665489,676391,680718,665926,664702,662139,664770,54.04,,,,,,,,43,3,Slider,2,8,2,8,8,2,2,8,Standard,Standard,50,-0.003,-0.061,66.1,7.3,,0.061,,-6,-6,0.045,0.045,30,28,30,28,2,1,8,2,5,5,3.34,-0.15,-0.15,38.6,21.387075942344513,-17.815644904782882,27.6654990967145,48.1895907063693,33.72599076669242
SL,2025-10-15,83.9,-1.73,5.54,"Robles, Victor",645302,669456,,swinging_strike,,,,,14,Swinging Strike,L,R,R,SEA,TOR,S,,,1,0,2025,0.16,-0.03,1.2232180954565197,1.1122264287734285,,,,0,5,Bot,,,,,,,6.521448555911422,-122.05160137268489,-3.8035671445065704,0.36192798337264553,23.431312443883442,-31.94128865929776,3.21,1.53,,,,84.2,2673,6.5,813043,672386,665489,676391,680718,665926,664702,662139,664770,54.02,,,,,,,,43,2,Slider,2,8,2,8,8,2,2,8,Standard,Standard,54,-0.002,-0.05,30.4,6.5,,0.05,,-6,-6,0.047,0.047,30,28,30,28,2,1,8,2,5,5,3.26,-0.16,-0.16,37.2,10.191725622862748,7.440755381481933,36.0711738435394,54.422964154301916,21.776004256666678
FF,2025-10-15,96.6,-1.44,5.6,"Lukes, Nathan",664770,669923,,ball,,,,,14,Ball,L,L,R,SEA,TOR,B,,,0,0,2025,-0.84,0.91,1.7048780296649344,2.473796823584824,,,,2,4,Top,,,,,,,10.360207653018863,-140.32397262486342,-4.87764781208369,-13.422930984468668,31.287364906058727,-19.186544665110652,3.43567026582145,1.58190587614595,,,,97.3,2188,6.8,813043,663728,647304,593871,553993,641487,668227,677594,645302,53.73,,,,,,,,33,1,4-Seam Fastball,2,6,6,2,6,2,6,2,Standard,Standard,226,0,0.037,,,,-0.037,,-4,4,0.139,0.861,27,30,27,31,3,2,5,2,5,1,1.54,0.84,-0.84,31.3,,,,,
FC,2025-10-15,85.5,-1.65,5.62,"Robles, Victor",645302,669456,,ball,,,,,11,Ball,L,R,R,SEA,TOR,B,,,0,0,2025,0.19,0.45,-0.6469743830901267,3.8535278697369093,,,,0,5,Bot,,,,,,,1.984272227865218,-124.56434064471549,1.1711780700634586,1.6139014480602425,23.298522618681364,-27.85935395990748,3.14699223453525,1.4984819755339,,,,86.2,2440,6.5,813043,672386,665489,676391,680718,665926,664702,662139,664770,53.98,,,,,,,,43,1,Cutter,2,8,2,8,8,2,2,8,Standard,Standard,164,0.002,0.041,,,,-0.041,,-6,-6,0.045,0.045,30,28,30,28,2,1,8,2,5,5,2.64,-0.19,-0.19,37.9,,,,,
SI,2025-10-15,94.8,-1.74,5.5,"Springer, George",543807,669923,home_run,hit_into_play,,,,,6,George Springer homers (3) on a fly ball to center field.,L,R,R,SEA,TOR,X,,fly_ball,0,0,2025,-1.39,0.72,0.4142179619080921,2.7669204849360423,,,,2,4,Top,126.73,9.22,,,,,8.812989698449929,-137.71079270157495,-3.080466439776277,-19.71149259952354,30.81458942964766,-22.485800971230358,3.56,1.63,431,112.5,25,95.5,2388,6.8,813043,663728,647304,593871,553993,641487,668227,677594,645302,53.7,1,2,2,1,0,3,6,32,1,Sinker,2,5,5,2,6,2,6,2,Standard,Standard,226,-0.07,2.596,79.6,7.8,4,-2.596,112.5,-3,3,0.209,0.791,27,35,27,36,3,2,5,2,5,1,1.82,1.39,1.39,28.3,17.126391615348997,-1.557031876897434,27.8749221118864,41.11449787329377,26.691040292890634
CH,2025-10-15,88.7,-1.62,5.46,"Canzone, Dominic",686527,669456,strikeout,swinging_strike,,,,,14,Dominic Canzone strikes out swinging.,L,L,R,SEA,TOR,S,2,,2,2,2025,-0.82,-0.26,0.08944714334928838,1.166235461880912,,,,2,4,Bot,,,,,,,5.947570722808502,-129.1789634178067,-3.9848803107158766,-10.433885256286215,25.12325371767213,-34.48713867784806,3.24,1.47,,,,89.6,1325,6.7,813043,672386,665489,676391,680718,665926,664770,662139,623993,53.85,,0,0,1,0,0,,36,8,Changeup,2,6,2,6,6,2,2,6,Infield shade,Standard,257,-0.006,-0.224,75.8,7.9,,0.224,,-4,-4,0.11,0.11,30,27,30,28,2,1,8,2,5,1,3.13,0.82,-0.82,36.4,15.68986662382683,-6.53119376013252,33.358479339888774,40.08023785767623,40.673842455697866
SL,2025-10-15,86.4,-1.68,5.53,"Giménez, Andrés",665926,669923,strikeout,swinging_strike,,,,,8,Andrés Giménez strikes out swinging.,L,L,R,SEA,TOR,S,2,,0,2,2025,0.94,-0.23,-0.0903081336633188,1.580785183383762,,,,1,4,Top,,,,,,,1.8626993006753596,-125.70881330531991,-2.642016523605439,9.440690343145294,29.566587380466906,-34.18781114850252,3.33,1.51,,,,86.4,2438,6.7,813043,663728,647304,593871,553993,641487,668227,677594,645302,53.83,,0,0,1,0,0,,31,5,Slider,2,5,5,2,5,2,5,2,Standard,Standard,43,0.006,-0.163,66.4,8.0,,0.163,,-3,3,0.203,0.7969999999999999,27,26,27,27,2,1,5,2,5,1,3.32,-0.94,0.94,29.3,19.148805092440995,-17.269894038231786,31.772127326726626,40.9767513309435,40.32587695396459
KC,2025-10-15,82.9,-1.54,5.57,"Canzone, Dominic",686527,669456,,foul,,,,,14,Foul,L,L,R,SEA,TOR,S,,,2,2,2025,0.75,-0.98,0.956740441789897,1.1299577390770934,,,,2,4,Bot,,,,,,,4.245013860307527,-120.7002273784077,-1.7188712724428892,6.476971148158533,24.813543184300993,-41.616129412698356,3.24,1.47,193,99.2,12,83.2,2548,6.6,813043,672386,665489,676391,680718,665926,664770,662139,623993,53.89,,,,,,,,36,7,Knuckle Curve,2,6,2,6,6,2,2,6,Infield shade,Standard,37,0,0,75.2,8.5,,0,99.2,-4,-4,0.11,0.11,30,27,30,28,2,1,8,2,5,1,4.31,-0.75,0.75,40.2,19.01357726767782,-26.09263536560866,34.93813750543472,30.357344338705037,55.53427205968036
SI,2025-10-15,96.3,-1.82,5.52,"Giménez, Andrés",665926,669923,,foul,,,,,6,Foul,L,L,R,SEA,TOR,S,,,0,2,2025,-1.52,0.7,0.33297214677560727,2.700900640170013,,,,1,4,Top,,,,,,,9.250246365288499,-139.88683255423484,-3.4984438113943073,-22.100155034486686,31.600236739709025,-22.393286749424774,3.33,1.51,215,73.9,43,97.1,2382,6.8,813043,663728,647304,593871,553993,641487,668227,677594,645302,53.66,,,,,,,,31,4,Sinker,2,5,5,2,5,2,5,2,Standard,Standard,225,0,0,63.9,5.9,,0,88.0,-3,3,0.203,0.7969999999999999,27,26,27,27,2,1,5,2,5,1,1.77,1.52,-1.52,34.2,-2.3025737224197025,13.650249996521469,34.74205902073067,35.42809177358524,23.973741827353265
KC,2025-10-15,83.6,-1.68,5.56,"Giménez, Andrés",665926,669923,,foul,,,,,9,Foul,L,L,R,SEA,TOR,S,,,0,2,2025,0.82,-0.84,0.8185988153487527,1.7470864482371602,,,,1,4,Top,,,,,,,4.193064528661577,-121.67429106072176,-0.6255035701516402,7.138414148575187,26.214935096630597,-40.593284794692515,3.33,1.51,3,82.2,-30,84.2,2236,6.9,813043,663728,647304,593871,553993,641487,668227,677594,645302,53.63,,,,,,,,31,3,Knuckle Curve,2,5,5,2,5,2,5,2,Standard,Standard,44,0,0,70.2,7.4,,0,88.0,-3,3,0.203,0.7969999999999999,27,26,27,27,2,1,5,2,5,1,4.13,-0.82,0.82,31.5,23.963158458654796,-21.739118107704673,38.53208057004606,29.681229400512997,44.64018284164529
KC,2025-10-15,82.6,-1.66,5.61,"Canzone, Dominic",686527,669456,,foul,,,,,4,Foul,L,L,R,SEA,TOR,S,,,2,2,2025,0.62,-0.96,-0.44337189042640246,2.0657747732282625,,,,2,4,Bot,,,,,,,1.565764945686803,-120.42993802557773,0.27250577638000295,5.801493815441454,22.30620600774893,-41.840455692941056,3.24,1.47,223,80.2,47,83.5,2481,6.7,813043,672386,665489,676391,680718,665926,664770,662139,623993,53.84,,,,,,,,36,6,Knuckle Curve,2,6,2,6,6,2,2,6,Infield shade,Standard,32,0,0,74.4,7.3,,0,88.0,-4,-4,0.11,0.11,30,27,30,28,2,1,8,2,5,1,4.28,-0.62,0.62,43.4,3.1949499019808463,15.633302109000638,27.076242185941094,44.64396079212577,34.40069977735675
KC,2025-10-15,83.3,-1.59,5.58,"Canzone, Dominic",686527,669456,,foul,,,,,8,Foul,L,L,R,SEA,TOR,S,,,2,2,2025,0.71,-0.96,0.07036235067886831,1.6051335763144494,,,,2,4,Bot,,,,,,,2.4384349045634788,-121.22671305880922,-0.7390640787919056,6.444589456860291,25.198309448337266,-41.66353459514484,3.24,1.47,3,92.3,-26,83.6,2570,6.6,813043,672386,665489,676391,680718,665926,664770,662139,623993,53.87,,,,,,,,36,5,Knuckle Curve,2,6,2,6,6,2,2,6,Infield shade,Standard,34,0,0,75.4,8.2,,0,92.3,-4,-4,0.11,0.11,30,27,30,28,2,1,8,2,5,1,4.26,-0.71,0.71,39.9,16.359624239236854,-10.32858461356969,29.064453683300865,38.1629971045481,44.99975718473635
KC,2025-10-15,83.2,-1.69,5.57,"Giménez, Andrés",665926,669923,,swinging_strike,,,,,14,Swinging Strike,L,L,R,SEA,TOR,S,,,0,1,2025,0.75,-0.92,1.2295297564726506,1.4391012306750048,,,,1,4,Top,,,,,,,5.276002386285704,-121.11098898664574,-1.1693531175013907,6.185474247169911,25.654535852850685,-41.152028907956556,3.33,1.51,,,,83.8,2249,6.9,813043,663728,647304,593871,553993,641487,668227,677594,645302,53.63,,,,,,,,31,2,Knuckle Curve,2,5,5,2,5,2,5,2,Standard,Standard,45,0.003,-0.052,74.8,8.3,,0.052,,-3,3,0.2,0.8,27,26,27,27,2,1,5,2,5,1,4.23,-0.75,0.75,31.0,28.578755642299836,-44.02288797458419,36.13215953625076,26.43052099373146,53.29369710902276
SL,2025-10-15,86.3,-1.89,5.52,"Giménez, Andrés",665926,669923,,called_strike,,,,,7,Called Strike,L,L,R,SEA,TOR,S,,,0,0,2025,0.9,-0.09,-0.771361566769987,1.886071195044916,,,,1,4,Top,,,,,,,0.8336772405792245,-125.62722341264923,-2.1907476369106793,9.288357166033341,27.67515344475631,-32.919925041407005,3.26688963380853,1.51000005498518,,,,86.7,2351,6.7,813043,663728,647304,593871,553993,641487,668227,677594,645302,53.8,,,,,,,,31,1,Slider,2,5,5,2,5,2,5,2,Standard,Standard,45,0.001,-0.039,,,,0.039,,-3,3,0.199,0.8009999999999999,27,26,27,27,2,1,5,2,5,1,3.17,-0.9,0.9,28.8,,,,,
CH,2025-10-15,89.5,-1.58,5.45,"Canzone, Dominic",686527,669456,,ball,,,,,14,Ball,L,L,R,SEA,TOR,B,,,1,2,2025,-1.34,0.27,0.255023362673634,0.22758732335211684,,,,2,4,Bot,,,,,,,7.389605431516495,-129.96682562788175,-7.48191376479842,-16.703229153947497,27.02428744619597,-27.693984186145254,3.17696706921867,1.40694123972588,,,,90,1199,6.7,813043,672386,665489,676391,680718,665926,664770,662139,623993,53.83,,,,,,,,36,4,Changeup,2,6,2,6,6,2,2,6,Infield shade,Standard,254,0.001,0.042,,,,-0.042,,-4,-4,0.109,0.109,30,27,30,28,2,1,8,2,5,1,2.58,1.34,-1.34,35.4,,,,,
SI,2025-10-15,95.8,-1.66,5.46,"Clement, Ernie",676391,669923,strikeout,called_strike,,,,,9,Ernie Clement called out on strikes.,L,R,R,SEA,TOR,S,2,,3,2,2025,-1.56,0.64,0.5039578527148878,1.6937330738944154,,,,0,4,Top,,,,,,,9.315696694746917,-139.07682378274285,-5.788113054585574,-22.34041151468144,32.59650029888211,-22.7223863750371,3.29827173197544,1.51825518665309,,,,96.5,2303,6.9,813043,663728,647304,593871,553993,641487,668227,677594,645302,53.6,,0,0,1,0,0,,30,6,Sinker,2,5,5,2,5,2,5,2,Standard,Standard,223,0.016,-0.345,,,,0.345,,-3,3,0.183,0.817,27,29,27,29,2,1,5,2,5,1,1.87,1.56,1.56,25.7,,,,,
CH,2025-10-15,87.7,-1.66,5.43,"Canzone, Dominic",686527,669456,,foul,,,,,11,Foul,L,L,R,SEA,TOR,S,,,1,1,2025,-0.93,-0.09,-0.8967982802447855,2.721824396693356,,,,2,4,Bot,,,,,,,3.7797994078951493,-127.73828913516655,-0.2495993056680309,-10.933116255913601,26.41755197590804,-33.338773726032805,3.24,1.47,8,74.8,-20,87.9,1203,6.4,813043,672386,665489,676391,680718,665926,664770,662139,623993,54.11,,,,,,,,36,3,Changeup,2,6,2,6,6,2,2,6,Infield shade,Standard,251,-0.002,-0.062,77.5,7.9,,0.062,88.0,-4,-4,0.111,0.111,30,27,30,28,2,1,8,2,5,1,3.05,0.93,-0.93,37.1,18.97160167716819,-1.407415937181462,17.09873123969574,50.53278927163591,40.873168930515845
KC,2025-10-15,83.4,-1.61,5.56,"Canzone, Dominic",686527,669456,,foul,,,,,9,Foul,L,L,R,SEA,TOR,S,,,1,0,2025,0.74,-0.5,0.7506292922819403,1.528222627483789,,,,2,4,Bot,,,,,,,4.009541439633633,-121.34647949170841,-1.7884576560941583,6.391064321780155,25.57908551960859,-36.94630955079357,3.24,1.47,65,95.5,2,83.7,2354,6.7,813043,672386,665489,676391,680718,665926,664770,662139,623993,53.82,,,,,,,,36,2,Knuckle Curve,2,6,2,6,6,2,2,6,Infield shade,Standard,31,-0.001,-0.054,78.7,8.8,,0.054,95.5,-4,-4,0.112,0.112,30,27,30,28,2,1,8,2,5,1,3.8,-0.74,0.74,39.0,20.96105415420587,-37.99716169591953,28.90375814022157,30.69644859072683,58.030673099845686
SI,2025-10-15,95.7,-1.77,5.37,"Clement, Ernie",676391,669923,,called_strike,,,,,6,Called Strike,L,R,R,SEA,TOR,S,,,3,1,2025,-1.55,0.8,0.5861335582096436,2.5979818157051833,,,,0,4,Top,,,,,,,9.7902643418273,-139.02798258325902,-3.5114462273532414,-22.296750974048372,32.26334334618591,-21.155927952346836,3.23481947282482,1.51825917096104,,,,96.3,2270,6.8,813043,663728,647304,593871,553993,641487,668227,677594,645302,53.7,,,,,,,,30,5,Sinker,2,5,5,2,5,2,5,2,Standard,Standard,226,0.005,-0.094,,,,0.094,,-3,3,0.178,0.8220000000000001,27,29,27,29,2,1,5,2,5,1,1.7,1.55,1.55,26.6,,,,,
FF,2025-10-15,93,-1.66,5.59,"Canzone, Dominic",686527,669456,,ball,,,,,11,Ball,L,L,R,SEA,TOR,B,,,0,0,2025,-1.01,1.46,-1.4462582716107502,4.2008743042242775,,,,2,4,Bot,,,,,,,2.7802983125691654,-135.43328185663358,-0.9649362832793278,-13.011714066300069,31.13085838215316,-14.245558174553707,3.27152153006339,1.43846538846659,,,,93.4,2412,6.6,813043,672386,665489,676391,680718,665926,664770,662139,623993,53.88,,,,,,,,36,1,4-Seam Fastball,2,6,2,6,6,2,2,6,Infield shade,Standard,221,0.001,0.037,,,,-0.037,,-4,-4,0.111,0.111,30,27,30,28,2,1,8,2,5,1,1.18,1.01,-1.01,43.9,,,,,
SL,2025-10-15,85.9,-1.83,5.47,"Clement, Ernie",676391,669923,,ball,,,,,14,Ball,L,R,R,SEA,TOR,B,,,2,1,2025,1.16,-0.43,1.214972097114782,1.2473521660577815,,,,0,4,Top,,,,,,,4.9032851047063,-124.974251955421,-2.811444090829233,10.978379798600507,28.08193433497585,-36.20951155322625,3.17133400587622,1.42301255098636,,,,86.2,2412,6.8,813043,663728,647304,593871,553993,641487,668227,677594,645302,53.74,,,,,,,,30,4,Slider,2,5,5,2,5,2,5,2,Standard,Standard,37,-0.006,0.134,,,,-0.134,,-3,3,0.184,0.8160000000000001,27,29,27,29,2,1,5,2,5,1,3.55,-1.16,-1.16,29.2,,,,,
SI,2025-10-15,96,-1.71,5.5,"Clement, Ernie",676391,669923,,called_strike,,,,,5,Called Strike,L,R,R,SEA,TOR,S,,,2,0,2025,-1.53,0.83,0.18684313443750877,2.7699290416178193,,,,0,4,Top,,,,,,,8.560086176424681,-139.55356893367028,-3.476502633015434,-21.932881418444442,33.322200722259694,-20.762378977615228,3.32999829689673,1.58174273129642,,,,96.4,2275,6.7,813043,663728,647304,593871,553993,641487,668227,677594,645302,53.78,,,,,,,,30,3,Sinker,2,5,5,2,5,2,5,2,Standard,Standard,226,0.004,-0.072,,,,0.072,,-3,3,0.18,0.8200000000000001,27,29,27,29,2,1,5,2,5,1,1.66,1.53,1.53,26.2,,,,,
SL,2025-10-15,86.5,-1.68,5.57,"Suárez, Eugenio",553993,669456,field_out,hit_into_play,,,,,5,"Eugenio Suárez grounds out, third baseman Addison Barger to first baseman Vladimir Guerrero Jr.",L,R,R,SEA,TOR,X,5,ground_ball,2,2,2025,0.04,-0.04,0.12700408011590184,2.482102160357632,,,,1,4,Bot,100.11,171.13,,,,,4.268935815946392,-125.99771090555826,-1.0960687256858717,-0.4341878019927025,25.26644517551962,-32.58156268160841,3.44,1.58,23,99.9,-5,87.2,2598,6.6,813043,672386,665489,676391,680718,665926,664770,662139,623993,53.88,0.303,0.275,0,1,0,0,2,35,5,Slider,2,6,2,6,6,2,2,6,Standard,Standard,48,-0.011,-0.228,75.7,7.8,0.361,0.228,99.9,-4,-4,0.122,0.122,30,33,30,34,2,1,8,2,5,1,3.08,-0.04,-0.04,41.0,18.73283510745984,-6.305626327274416,34.99846729978653,33.36434984861147,39.352891606126164
KC,2025-10-15,83.2,-1.57,5.56,"Suárez, Eugenio",553993,669456,,ball,,,,,14,Ball,L,R,R,SEA,TOR,B,,,1,2,2025,0.34,-1.29,0.9757193067032097,-0.5835475772384044,,,,1,4,Bot,,,,,,,5.205906499640287,-120.89459288953762,-4.989613161819284,2.062586691552191,27.546230801301288,-43.75367579193769,3.40858730312208,1.58000055417118,,,,83,2498,6.6,813043,672386,665489,676391,680718,665926,664770,662139,623993,53.9,,,,,,,,35,4,Knuckle Curve,2,6,2,6,6,2,2,6,Standard,Standard,29,0.002,0.048,,,,-0.048,,-4,-4,0.12,0.12,30,33,30,34,2,1,8,2,5,1,4.64,-0.34,-0.34,41.2,,,,,
SL,2025-10-15,87.3,-1.81,5.55,"Clement, Ernie",676391,669923,,ball,,,,,14,Ball,L,R,R,SEA,TOR,B,,,1,0,2025,1.01,-0.25,0.9935837332157257,0.9159544089710128,,,,0,4,Top,,,,,,,4.711021578769994,-127.0155562031385,-4.417107247257425,9.685950600756275,29.547087176120417,-34.10995215633372,3.23479024524055,1.61350215589347,,,,87.6,2256,6.8,813043,663728,647304,593871,553993,641487,668227,677594,645302,53.7,,,,,,,,30,2,Slider,2,5,5,2,5,2,5,2,Standard,Standard,34,-0.004,0.077,,,,-0.077,,-3,3,0.184,0.8160000000000001,27,29,27,29,2,1,5,2,5,1,3.28,-1.01,-1.01,29.4,,,,,
SI,2025-10-15,94.8,-1.61,5.62,"Clement, Ernie",676391,669923,,ball,,,,,14,Ball,L,R,R,SEA,TOR,B,,,0,0,2025,-1.52,0.9,1.1757219955496412,2.1214849861293397,,,,0,4,Top,,,,,,,10.762376994400846,-137.60489397547977,-5.479303358061893,-21.760151401618316,31.641139349262033,-19.700788854604312,3.36174012954814,1.58175673540507,,,,95.2,2326,6.8,813043,663728,647304,593871,553993,641487,668227,677594,645302,53.73,,,,,,,,30,1,Sinker,2,5,5,2,5,2,5,2,Standard,Standard,226,-0.002,0.041,,,,-0.041,,-3,3,0.186,0.8140000000000001,27,29,27,29,2,1,5,2,5,1,1.66,1.52,1.52,30.0,,,,,
FC,2025-10-15,88.1,-1.68,5.56,"Suárez, Eugenio",553993,669456,,foul,,,,,6,Foul,L,R,R,SEA,TOR,S,,,1,1,2025,-0.03,1.1,0.7869517809301729,2.5998900154324227,,,,1,4,Bot,,,,,,,6.1143446663475,-128.21539928435044,-3.4415906978132655,-1.486546314819845,25.229037063707832,-19.463371804658745,3.44,1.58,179,91.1,71,89.1,2494,6.8,813043,672386,665489,676391,680718,665926,664770,662139,623993,53.7,,,,,,,,35,3,Cutter,2,6,2,6,6,2,2,6,Standard,Standard,212,-0.003,-0.064,74.3,7.8,,0.064,91.1,-4,-4,0.123,0.123,30,33,30,34,2,1,8,2,5,1,1.82,0.03,0.03,39.0,17.343807118051224,1.6492358746397193,37.497931960314766,41.75329868799999,32.829137207434286
SI,2025-10-15,96.3,-1.7,5.52,"Barger, Addison",680718,669923,field_out,hit_into_play,,,,,12,"Addison Barger grounds out, second baseman Jorge Polanco to first baseman Josh Naylor.",L,L,R,SEA,TOR,X,4,ground_ball,0,0,2025,-1.43,0.81,0.15028790780476187,3.8225122246434564,,662139,,2,3,Top,149.73,151.38,,,,,8.255840946931446,-140.11982868947234,-0.7915068915282989,-20.73019694532708,29.980703607374945,-21.4753225509025,3.68,1.72,50,87.6,-1,97.4,2263,6.8,813043,663728,647304,593871,553993,641487,668227,677594,645302,53.69,0.256,0.235,0,1,0,0,2,25,1,Sinker,2,5,5,2,5,2,5,2,Standard,Standard,220,0.021,-0.288,73.3,6.8,0.278,0.288,88.0,-3,3,0.215,0.785,27,25,27,26,2,1,5,2,5,1,1.64,1.43,-1.43,33.5,6.805437920844061,-1.723110323077458,19.81806123264298,33.18599272084019,30.81962215774855
SL,2025-10-15,84.7,-1.71,5.59,"Suárez, Eugenio",553993,669456,,swinging_strike,,,,,2,Swinging Strike,L,R,R,SEA,TOR,S,,,1,0,2025,0.19,-0.07,0.09696232172853156,2.982975570387926,,,,1,4,Bot,,,,,,,3.8651195796985616,-123.26306951219941,0.4421449378874942,1.165807411725988,25.55992257509063,-33.241498761298324,3.44,1.58,,,,85,2643,6.6,813043,672386,665489,676391,680718,665926,664770,662139,623993,53.9,,,,,,,,35,2,Slider,2,6,2,6,6,2,2,6,Standard,Standard,36,-0.003,-0.049,72.9,7.5,,0.049,,-4,-4,0.126,0.126,30,33,30,34,2,1,8,2,5,1,3.26,-0.19,-0.19,38.0,13.12765209161128,8.98621926226943,38.52572116253417,34.11474720142976,25.985169569151275
SL,2025-10-15,85.2,-1.54,5.57,"Suárez, Eugenio",553993,669456,,ball,,,,,14,Ball,L,R,R,SEA,TOR,B,,,0,0,2025,0.02,-0.04,1.683008944418962,1.8713500637640599,,,,1,4,Bot,,,,,,,7.579715288427536,-123.85046994782103,-2.256793386194472,-1.3593697625324417,26.160203651536946,-32.32406988216095,3.3771357987998,1.57999866895847,,,,85.6,2547,6.7,813043,672386,665489,676391,680718,665926,664770,662139,623993,53.78,,,,,,,,35,1,Slider,2,6,2,6,6,2,2,6,Standard,Standard,17,0.002,0.039,,,,-0.039,,-4,-4,0.124,0.124,30,33,30,34,2,1,8,2,5,1,3.2,-0.02,-0.02,39.7,,,,,
FF,2025-10-15,96,-1.74,5.59,"Varsho, Daulton",662139,669923,double,hit_into_play,,,,,2,Daulton Varsho doubles (4) on a sharp line drive to right fielder Victor Robles. Vladimir Guerrero Jr. scores. Alejandro Kirk scores.,L,L,R,SEA,TOR,X,9,line_drive,1,1,2025,-0.63,0.9,-0.09540139821717075,3.1252720930705493,665489,672386,,2,3,Top,189.33,87.75,,,,,5.8426394375434825,-139.6598089510873,-2.9734230449654286,-9.568287326246246,31.53391961046604,-19.98679001156314,3.35,1.54,349,109.8,18,96.8,2233,6.8,813043,663728,647304,593871,553993,641487,668227,677594,645302,53.72,0.646,1.0554166666666664,1.25,1,1,1,6,24,3,4-Seam Fastball,2,3,3,2,5,2,5,2,Standard,Standard,221,-0.168,0.896,,,1.938,-0.896,109.8,-1,1,0.383,0.617,27,28,27,29,2,1,5,2,5,1,1.58,0.63,-0.63,30.4,,,,,
FC,2025-10-15,87.8,-1.67,5.53,"Naylor, Josh",647304,669456,field_out,hit_into_play,,,,,12,"Josh Naylor grounds out, second baseman Ernie Clement to first baseman Vladimir Guerrero Jr.",L,L,R,SEA,TOR,X,4,ground_ball,1,1,2025,0.19,0.89,0.1507253141803221,3.610841265679854,,,,0,4,Bot,152.26,150.87,,,,,4.04450029485581,-127.98663891859289,-0.45186429370035874,1.3930422982641533,23.866705834477813,-22.417898434457452,3.23,1.51,76,82.6,5,88.9,2542,6.7,813043,672386,665489,676391,680718,665926,664770,662139,623993,53.84,0.27,0.248,0,1,0,0,2,34,3,Cutter,2,6,2,6,6,2,2,6,Infield shade,Standard,219,-0.019,-0.251,70.3,6.9,0.289,0.251,88.0,-4,-4,0.143,0.143,30,28,30,28,2,1,8,2,5,1,2.03,-0.19,0.19,39.3,4.273329403063532,0.23210778636476126,20.41214530552409,31.15288866258093,20.59479097344314
SL,2025-10-15,87.8,-1.83,5.35,"Varsho, Daulton",662139,669923,,swinging_strike,,,,,14,Swinging Strike,L,L,R,SEA,TOR,S,,,1,0,2025,0.86,-0.42,0.7563708866643357,0.2694326261918345,664770,665489,672386,2,3,Top,,,,,,,4.510012089621853,-127.7058171019085,-5.240184617381888,8.172874342274396,30.805140446088977,-35.635163907050426,3.35,1.54,,,,88,2443,6.8,813043,663728,647304,593871,553993,641487,668227,677594,645302,53.7,,,,,,,,24,2,Slider,2,2,2,2,3,2,3,2,Standard,Standard,38,-0.078,-0.035,68.1,9.5,,0.035,,0,0,0.461,0.5389999999999999,27,28,27,29,2,1,5,2,5,1,3.42,-0.86,0.86,28.7,33.80294938086847,-49.00289380002736,39.91405424238325,28.952646695647143,52.30112905615333
FF,2025-10-15,92,-1.5,5.6,"Naylor, Josh",647304,669456,,ball,,,,,12,Ball,L,L,R,SEA,TOR,B,,,0,1,2025,-0.78,1.47,0.9757748681426919,4.314821071237871,,,,0,4,Bot,,,,,,,8.014457889099782,-133.77262325084922,-0.5909003521701623,-11.072478401061145,28.84459349188793,-14.607707735947857,3.19847667037312,1.5099995790471,,,,92.5,2327,6.6,813043,672386,665489,676391,680718,665926,664770,662139,623993,53.88,,,,,,,,34,2,4-Seam Fastball,2,6,2,6,6,2,2,6,Infield shade,Standard,218,0.002,0.031,,,,-0.031,,-4,-4,0.141,0.141,30,28,30,28,2,1,8,2,5,1,1.23,0.78,-0.78,38.0,,,,,
SL,2025-10-15,87.5,-1.77,5.4,"Varsho, Daulton",662139,669923,,blocked_ball,,,,,14,Ball In Dirt,L,L,R,SEA,TOR,B,,,0,0,2025,0.87,-0.2,2.086074385346524,0.1497742738124992,664770,665489,672386,2,3,Top,,,,,,,7.582836742269642,-127.14536231271666,-6.095135079351388,7.702687043534029,27.80936050970502,-33.24320574454551,3.35000184763733,1.57154825695889,,,,88.1,2309,6.9,813043,663728,647304,593871,553993,641487,668227,677594,645302,53.63,,,,,,,,24,1,Slider,2,2,2,2,2,2,2,2,Standard,Standard,33,-0.011,0.032,,,,-0.032,,0,0,0.472,0.528,27,28,27,29,2,1,5,2,5,1,3.21,-0.87,0.87,29.8,,,,,
SL,2025-10-15,88.9,-1.89,5.4,"Kirk, Alejandro",672386,669923,walk,ball,,,,,14,Alejandro Kirk walks.,L,R,R,SEA,TOR,B,,,3,1,2025,0.66,-0.33,1.623315594621288,0.7668912163559765,664770,665489,,2,3,Top,,,,,,,7.310053081071219,-129.34543098915947,-4.6716055157721135,5.900512228372733,26.82972760416215,-35.04521411431059,3.08867824288789,1.48999929175246,,,,89.8,2471,6.9,813043,663728,647304,593871,553993,641487,668227,677594,645302,53.65,,0.691497,0.7,1,0,0,,23,5,Slider,2,2,2,2,2,2,2,2,Standard,Standard,28,-0.011,0.068,,,,-0.068,,0,0,0.483,0.517,27,26,27,27,2,1,5,2,5,1,3.21,-0.66,-0.66,28.3,,,,,
CH,2025-10-15,88.8,-1.72,5.52,"Naylor, Josh",647304,669456,,foul,,,,,8,Foul,L,L,R,SEA,TOR,S,,,0,0,2025,-1.21,-0.07,0.038867263730162804,1.456738063150619,,,,0,4,Bot,,,,,,,6.894155915558146,-129.23892674960945,-3.794318291470499,-15.026299988197371,25.611244430184527,-32.3949605347818,3.23,1.51,2,68,-33,89.6,1252,6.7,813043,672386,665489,676391,680718,665926,664770,662139,623993,53.82,,,,,,,,34,1,Changeup,2,6,2,6,6,2,2,6,Standard,Standard,250,-0.003,-0.039,69.9,7.9,,0.039,88.0,-4,-4,0.144,0.144,30,28,30,28,2,1,8,2,5,1,2.95,1.21,-1.21,34.6,11.750850187434743,-9.716023563399942,41.309162380685436,33.18531336485951,24.005152523705767
SL,2025-10-15,85.6,-1.72,5.52,"Polanco, Jorge",593871,669456,field_out,hit_into_play,,,,,2,Jorge Polanco flies out to center fielder Daulton Varsho.,L,L,R,SEA,TOR,X,8,fly_ball,0,1,2025,0.12,0.11,0.16677838692920788,2.9750977524356563,,,677594,2,3,Bot,148.25,75.88,,,,,4.226891840023024,-124.60411049880906,0.06316900584947627,0.40213062414685974,25.630503035051813,-31.279022521448365,3.26,1.55,311,91,39,85.8,2615,6.5,813043,672386,665489,676391,680718,665926,664770,662139,623993,54.04,0.023,0.034,0,1,0,0,3,29,2,Slider,2,5,2,5,5,2,2,5,Infield shade,Standard,39,-0.019,-0.229,70.0,6.7,0.057,0.229,91.0,-3,-3,0.205,0.205,30,31,30,32,2,1,8,2,5,1,3.01,-0.12,0.12,36.4,10.24036281598103,-7.154249957224552,22.412463760848315,35.88721247153171,29.674052000070017
SI,2025-10-15,95.8,-1.79,5.45,"Kirk, Alejandro",672386,669923,,called_strike,,,,,5,Called Strike,L,R,R,SEA,TOR,S,,,3,0,2025,-1.5,0.74,0.1783398701457679,2.201177286568472,664770,665489,,2,3,Top,,,,,,,8.666873329015981,-139.25636238834298,-4.706982215703299,-21.40363483494201,29.320141165416512,-21.644681091910527,3.15132047238436,1.4899992189117,,,,97,2334,6.9,813043,663728,647304,593871,553993,641487,668227,677594,645302,53.6,,,,,,,,23,4,Sinker,2,2,2,2,2,2,2,2,Standard,Standard,226,0.004,-0.018,,,,0.018,,0,0,0.479,0.521,27,26,27,27,2,1,5,2,5,1,1.73,1.5,1.5,28.5,,,,,
CH,2025-10-15,88.1,-1.82,5.54,"Polanco, Jorge",593871,669456,,called_strike,,,,,1,Called Strike,L,L,R,SEA,TOR,S,,,0,0,2025,-1.11,-0.24,-0.5327648370261633,3.0714901408069983,,,677594,2,3,Bot,,,,,,,5.441011098333406,-128.19184114562017,0.6022888195339688,-13.407471128047032,26.240901946337054,-35.14832799273438,3.16519200317357,1.54999857468158,,,,88.3,1356,6.4,813043,672386,665489,676391,680718,665926,664770,662139,623993,54.09,,,,,,,,29,1,Changeup,2,5,2,5,5,2,2,5,Infield shade,Standard,253,-0.003,-0.042,,,,0.042,,-3,-3,0.208,0.208,30,31,30,32,2,1,8,2,5,1,3.17,1.11,-1.11,35.7,,,,,
SL,2025-10-15,88.7,-1.92,5.43,"Kirk, Alejandro",672386,669923,,blocked_ball,,,,,14,Ball In Dirt,L,R,R,SEA,TOR,B,,,2,0,2025,0.78,-0.52,1.1554702169191795,0.5699247397969844,664770,665489,,2,3,Top,,,,,,,5.938370078910418,-128.95155662559344,-4.718651988122043,7.3371802022071435,29.357495509997264,-37.04813245388708,2.96336877321979,1.52133741394284,,,,89.1,2595,6.8,813043,663728,647304,593871,553993,641487,668227,677594,645302,53.67,,,,,,,,23,3,Slider,2,2,2,2,2,2,2,2,Standard,Standard,31,-0.006,0.029,,,,-0.029,,0,0,0.485,0.515,27,26,27,27,2,1,5,2,5,1,3.44,-0.78,-0.78,28.6,,,,,
FF,2025-10-15,93,-1.63,5.67,"Rodríguez, Julio",677594,669456,single,hit_into_play,,,,,2,Julio Rodríguez singles on a soft ground ball to third baseman Addison Barger.,L,R,R,SEA,TOR,X,5,ground_ball,2,2,2025,-1.14,1.53,0.029811632419396217,2.936847276329366,,,,2,3,Bot,114.34,187.27,,,,,6.812003068621073,-135.17993597233436,-4.542425840490905,-15.542556724206076,32.810474147802125,-12.688399997408467,3.26,1.51,2,59.5,-62,93.1,2455,6.7,813043,672386,665489,676391,680718,665926,664770,662139,623993,53.84,0.317,0.291,0.9,1,1,0,2,28,5,4-Seam Fastball,2,5,2,5,5,2,2,5,Standard,Standard,217,0.013,0.362,80.1,7.2,0.321,-0.362,88.0,-3,-3,0.195,0.195,30,24,30,25,2,1,8,2,5,1,1.14,1.14,1.14,39.2,6.2667345404270645,5.410111391848067,19.6250291432916,40.013347745267424,28.16205854506305
SI,2025-10-15,95.9,-1.61,5.52,"Kirk, Alejandro",672386,669923,,ball,,,,,14,Ball,L,R,R,SEA,TOR,B,,,1,0,2025,-1.38,0.71,1.6577491991201037,2.007183657411977,664770,665489,,2,3,Top,,,,,,,11.840735199908163,-139.1036601170295,-5.303356435443581,-20.49109955283434,30.02515687747013,-21.962313386262814,3.05735472497287,1.52133310233033,,,,96.7,2325,6.8,813043,663728,647304,593871,553993,641487,668227,677594,645302,53.66,,,,,,,,23,2,Sinker,2,2,2,2,2,2,2,2,Standard,Standard,219,-0.003,0.005,,,,-0.005,,0,0,0.488,0.512,27,26,27,27,2,1,5,2,5,1,1.78,1.38,1.38,29.6,,,,,
SL,2025-10-15,86.2,-1.75,5.51,"Rodríguez, Julio",677594,669456,,ball,,,,,14,Ball,L,R,R,SEA,TOR,B,,,1,2,2025,0.02,0.1,1.1842051319609381,1.3371313763287547,,,,2,3,Bot,,,,,,,6.974437881386347,-125.41652469637664,-3.921035634137385,-1.1465921867701836,24.85720674885955,-30.53424134875659,3.26000037433935,1.51000151745078,,,,86.9,2673,6.7,813043,672386,665489,676391,680718,665926,664770,662139,623993,53.77,,,,,,,,28,4,Slider,2,5,2,5,5,2,2,5,Standard,Standard,308,0.002,0.042,,,,-0.042,,-3,-3,0.193,0.193,30,24,30,25,2,1,8,2,5,1,2.96,-0.02,-0.02,39.5,,,,,
SI,2025-10-15,97,-1.58,5.5,"Kirk, Alejandro",672386,669923,,ball,,,,,12,Ball,L,R,R,SEA,TOR,B,,,0,0,2025,-1.47,0.71,0.968646739771998,3.007381229954759,664770,665489,,2,3,Top,,,,,,,10.242090985934386,-140.83753102760252,-2.7429990293751345,-21.901998109927383,31.91370875367072,-22.224333005851705,3.08867218875185,1.52133980606217,,,,97.6,2389,6.7,813043,663728,647304,593871,553993,641487,668227,677594,645302,53.76,,,,,,,,23,1,Sinker,2,2,2,2,2,2,2,2,Standard,Standard,219,-0.002,0.002,,,,-0.002,,0,0,0.49,0.51,27,26,27,27,2,1,5,2,5,1,1.72,1.47,1.47,29.3,,,,,
FF,2025-10-15,96.1,-1.71,5.53,"Santander, Anthony",623993,669923,field_out,hit_into_play,,,,,6,Anthony Santander grounds out to first baseman Josh Naylor.,L,L,R,SEA,TOR,X,3,ground_ball,3,2,2025,-0.73,1.21,0.3877362933842241,2.4045954387640887,664770,665489,,1,3,Top,145.68,173.66,,,,,7.281820679336424,-139.80411003229221,-5.506533075799208,-11.180154496103434,30.50307656502116,-15.172566104690572,3.36,1.58,7,85.6,-19,97.2,2265,6.9,813043,663728,647304,593871,553993,641487,668227,677594,645302,53.62,0.069,0.066,0,1,0,0,2,22,6,4-Seam Fastball,2,2,2,2,2,2,2,2,Strategic,Standard,224,0.089,-0.222,65.9,6.3,0.109,0.222,88.0,0,0,0.401,0.599,27,30,27,31,2,1,5,3,5,,1.25,0.73,-0.73,30.7,-0.9214915150058025,-1.0332203454450641,25.435884939173025,29.743696725094892,28.320006431064336
SL,2025-10-15,85.4,-1.85,5.5,"Rodríguez, Julio",677594,669456,,swinging_strike,,,,,14,Swinging Strike,L,R,R,SEA,TOR,S,,,1,1,2025,0.12,0.04,1.3973398626519828,1.2161768411780418,,,,2,3,Bot,,,,,,,7.4389390803489635,-124.2509631554974,-3.96620766224081,-0.053508288494641544,22.369802779024223,-31.214490989316918,3.26,1.51,,,,86.3,2695,6.7,813043,672386,665489,676391,680718,665926,664770,662139,623993,53.85,,,,,,,,28,3,Slider,2,5,2,5,5,2,2,5,Standard,Standard,31,-0.003,-0.062,73.6,8.9,,0.062,,-3,-3,0.196,0.196,30,24,30,25,2,1,8,2,5,1,3.06,-0.12,-0.12,42.1,19.55470585307456,-24.03226054885397,31.738795257382762,54.59722676646964,45.09570851992276
SL,2025-10-15,86.7,-1.85,5.46,"Santander, Anthony",623993,669923,,ball,,,,,14,Ball,L,L,R,SEA,TOR,B,,,2,2,2025,1.11,-0.05,0.15063490322617346,1.0197727536458192,664770,665489,,1,3,Top,,,,,,,2.5431754025449136,-126.26948709524379,-4.338036186113683,11.2788106248302,27.473331654788858,-31.954252109516858,3.29698244145,1.64304241804734,,,,87.4,2441,6.9,813043,663728,647304,593871,553993,641487,668227,677594,645302,53.63,,,,,,,,22,5,Slider,2,2,2,2,2,2,2,2,Strategic,Standard,39,-0.015,0.085,,,,-0.085,,0,0,0.416,0.5840000000000001,27,30,27,31,2,1,5,3,5,,3.09,-1.11,1.11,29.9,,,,,
KC,2025-10-15,82.5,-1.65,5.65,"Rodríguez, Julio",677594,669456,,ball,,,,,12,Ball,L,R,R,SEA,TOR,B,,,0,1,2025,0.52,-1.06,1.2562251547068297,2.40119112687129,,,,2,3,Bot,,,,,,,5.629301362536718,-119.96623697376874,1.2952223470742743,3.686710097861479,26.467762520843053,-42.83051641011066,3.19642917769715,1.54179751071329,,,,82.3,2579,6.5,813043,672386,665489,676391,680718,665926,664770,662139,623993,53.97,,,,,,,,28,2,Knuckle Curve,2,5,2,5,5,2,2,5,Standard,Standard,34,0.001,0.027,,,,-0.027,,-3,-3,0.195,0.195,30,24,30,25,2,1,8,2,5,1,4.45,-0.52,-0.52,39.3,,,,,
SL,2025-10-15,85.9,-1.72,5.58,"Rodríguez, Julio",677594,669456,,called_strike,,,,,3,Called Strike,L,R,R,SEA,TOR,S,,,0,0,2025,-0.05,0.16,0.7017884508460268,3.2871428035946724,,,,2,3,Bot,,,,,,,5.877589149409841,-125.09813575587764,0.4697644966215624,-1.651987246785469,23.43296320391231,-30.804385741646882,3.51426842491744,1.60539299719055,,,,86.7,2650,6.6,813043,672386,665489,676391,680718,665926,664770,662139,623993,53.91,,,,,,,,28,1,Slider,2,5,2,5,5,2,2,5,Standard,Standard,356,-0.001,-0.043,,,,0.043,,-3,-3,0.196,0.196,30,24,30,25,2,1,8,2,5,1,2.91,0.05,0.05,37.9,,,,,
SL,2025-10-15,87.2,-1.94,5.48,"Santander, Anthony",623993,669923,,foul,,,,,9,Foul,L,L,R,SEA,TOR,S,,,2,1,2025,1,-0.32,0.3807031357383317,1.4736812830015054,664770,665489,,1,3,Top,,,,,,,3.5530581840335937,-126.94120115858847,-2.7708471180417082,9.908974792545802,29.20836518368344,-35.160072523172204,3.36,1.58,,,,87.5,2672,6.7,813043,663728,647304,593871,553993,641487,668227,677594,645302,53.78,,,,,,,,22,4,Slider,2,2,2,2,2,2,2,2,Strategic,Standard,36,0.014,-0.074,67.5,8.2,,0.074,,0,0,0.402,0.598,27,30,27,31,2,1,5,3,5,,3.34,-1,1,29.8,12.314728969056814,-27.149400058537697,23.85325171382681,31.515673588611573,38.5264180192481
SL,2025-10-15,88.3,-1.89,5.53,"Santander, Anthony",623993,669923,,ball,,,,,13,Ball,L,L,R,SEA,TOR,B,,,1,1,2025,0.4,-0.34,-0.8399919973250405,1.6075126661349177,664770,665489,,1,3,Top,,,,,,,1.7481480465695933,-128.57474740354692,-2.739020091226439,4.000678441960115,28.090238238210333,-35.57854614887926,3.32848664291352,1.61152724214934,,,,88.9,2451,6.7,813043,663728,647304,593871,553993,641487,668227,677594,645302,53.75,,,,,,,,22,3,Slider,2,2,2,2,2,2,2,2,Strategic,Standard,36,-0.005,0.018,,,,-0.018,,0,0,0.407,0.593,27,30,27,31,2,1,5,3,5,,3.27,-0.4,0.4,29.9,,,,,
FF,2025-10-15,92.3,-1.65,5.63,"Raleigh, Cal",663728,669456,field_out,hit_into_play,,,,,6,Cal Raleigh pops out to second baseman Ernie Clement.,L,L,R,SEA,TOR,X,4,popup,0,1,2025,-0.84,1.46,0.2848716308166519,2.8935533499007073,,,,1,3,Bot,137.58,163.02,,,,,6.80173266156723,-134.17816195616936,-4.299417392606378,-11.678522680506545,30.48691660506864,-13.8570322055777,3.59,1.69,101,85.9,69,92.7,2305,6.7,813043,672386,665489,676391,680718,665926,664770,662139,623993,53.78,0.008,0.008,0,1,0,0,3,27,2,4-Seam Fastball,2,5,2,5,5,2,2,5,Infield shade,Standard,220,-0.014,-0.215,74.1,7.7,0.009,0.215,88.0,-3,-3,0.21,0.21,30,28,30,29,2,1,8,2,5,1,1.23,0.84,-0.84,37.5,23.315156861050067,2.0776765350342385,39.06917910587619,28.58353323237295,34.234190745221916
CH,2025-10-15,88.6,-1.78,5.5,"Raleigh, Cal",663728,669456,,swinging_strike,,,,,8,Swinging Strike,L,L,R,SEA,TOR,S,,,0,0,2025,-1.03,0.18,-0.049886956196833476,1.6702763196856347,,,,1,3,Bot,,,,,,,6.418125198516023,-128.85509699008784,-3.676220759698487,-12.848319815301188,27.050560069991597,-29.600514614228317,3.59,1.69,,,,88.9,1054,6.5,813043,672386,665489,676391,680718,665926,664770,662139,623993,54,,,,,,,,27,1,Changeup,2,5,2,5,5,2,2,5,Infield shade,Standard,254,-0.002,-0.039,78.3,9.1,,0.039,,-3,-3,0.212,0.212,30,28,30,29,2,1,8,2,5,1,2.73,1.03,-1.03,33.9,31.917683011486456,-27.75577226172785,40.72432581503111,33.4330101784042,46.65323380922122
SL,2025-10-15,86.9,-1.81,5.49,"Santander, Anthony",623993,669923,,ball,,,,,14,Ball,L,L,R,SEA,TOR,B,,,0,1,2025,1.03,-0.1,0.7893917090232289,1.3175480993136732,664770,665489,,1,3,Top,,,,,,,4.1631577269847195,-126.39423488213805,-3.5493864051260235,9.940309415360426,29.31572164932805,-32.623066836233775,3.45454710538045,1.67459204298904,,,,87.2,2415,6.8,813043,663728,647304,593871,553993,641487,668227,677594,645302,53.69,,,,,,,,22,2,Slider,2,2,2,2,2,2,2,2,Strategic,Standard,39,-0.009,0.015,,,,-0.015,,0,0,0.416,0.5840000000000001,27,30,27,31,2,1,5,3,5,,3.15,-1.03,1.03,29.9,,,,,
FF,2025-10-15,96.7,-1.63,5.6,"Santander, Anthony",623993,669923,,swinging_strike,,,,,12,Swinging Strike,L,L,R,SEA,TOR,S,,,0,0,2025,-0.83,1.17,0.8342095473020181,2.9464169114231558,664770,665489,,1,3,Top,,,,,,,8.510984790692154,-140.5084505057773,-4.201590169796237,-12.927490565126726,31.92381243754238,-15.852593867681499,3.36,1.58,,,,97.3,2313,6.7,813043,663728,647304,593871,553993,641487,668227,677594,645302,53.77,,,,,,,,22,1,4-Seam Fastball,2,2,2,2,2,2,2,2,Strategic,Standard,224,0.013,-0.051,73.2,7.7,,0.051,,0,0,0.403,0.597,27,30,27,31,2,1,5,3,5,,1.27,0.83,-0.83,32.3,13.728310718858879,-27.432702962744443,21.426070670773797,25.613265003753288,33.3997135156864
SL,2025-10-15,85.2,-1.71,5.57,"Arozarena, Randy",668227,669456,strikeout,swinging_strike,,,,,14,Randy Arozarena strikes out swinging.,L,R,R,SEA,TOR,S,2,,0,2,2025,0.08,0.08,1.1063432934620427,1.8554490548677887,,,,0,3,Bot,,,,,,,6.473065879011075,-124.05280762358906,-2.6616905384443585,-0.3056370985192595,22.41979355458694,-31.016603362976447,3.38,1.62,,,,85.8,2648,6.4,813043,672386,665489,676391,680718,665926,664770,662139,623993,54.05,,0,0,1,0,0,,26,3,Slider,2,5,2,5,5,2,2,5,Standard,Standard,16,-0.014,-0.165,74.9,7.8,,0.165,,-3,-3,0.226,0.226,30,30,30,30,2,1,8,2,5,1,3.03,-0.08,-0.08,37.6,7.631885821866855,3.817368174617846,26.605879201668635,47.99957241051273,31.762287163876543
SL,2025-10-15,84.7,-1.64,5.55,"Arozarena, Randy",668227,669456,,called_strike,,,,,14,Called Strike,L,R,R,SEA,TOR,S,,,0,1,2025,0.08,-0.16,0.9167694771272071,1.6787629330903857,,,,0,3,Bot,,,,,,,5.853802326415452,-123.31414558621154,-2.4576556058169388,-0.2506035908620199,22.084272313712916,-33.540699714435306,3.49860281894424,1.71488758280206,,,,85.5,2634,6.6,813043,672386,665489,676391,680718,665926,664770,662139,623993,53.94,,,,,,,,26,2,Slider,2,5,2,5,5,2,2,5,Standard,Standard,28,-0.006,-0.055,,,,0.055,,-3,-3,0.232,0.232,30,30,30,30,2,1,8,2,5,1,3.31,-0.08,-0.08,41.0,,,,,
SL,2025-10-15,87.1,-1.84,5.51,"Guerrero Jr., Vladimir",665489,669923,double,hit_into_play,,,,,8,Vladimir Guerrero Jr. doubles (1) on a sharp line drive to left fielder Randy Arozarena. Nathan Lukes to 3rd.,L,R,R,SEA,TOR,X,7,line_drive,1,1,2025,0.79,-0.08,0.11052234418478435,1.946260428319896,,,664770,1,3,Top,47.53,104.07,,,,,3.0881029116424448,-126.80497307147166,-2.2384355064516908,7.845253445402689,26.117904054699178,-32.83356651473424,3.68,1.67,345,104.9,16,87.8,2557,6.7,813043,663728,647304,593871,553993,641487,668227,677594,645302,53.76,0.527,0.556,1.25,1,1,1,5,21,3,Slider,2,2,2,2,2,2,2,2,Standard,Standard,44,-0.096,0.812,85.8,7.9,0.817,-0.812,104.9,0,0,0.499,0.501,27,26,27,26,2,1,5,2,5,1,3.09,-0.79,-0.79,26.8,5.496199157780959,-17.624629370125447,27.419124996395816,36.01990779534091,47.60267906119723
FF,2025-10-15,92.1,-1.54,5.64,"Arozarena, Randy",668227,669456,,called_strike,,,,,3,Called Strike,L,R,R,SEA,TOR,S,,,0,0,2025,-0.89,1.51,0.48914896581129885,3.136251186946277,,,,0,3,Bot,,,,,,,7.114875886262134,-133.90361991485548,-3.7615936533796357,-12.318547322236508,31.162942691701467,-13.470807009496006,3.4750249325508,1.6833790092045,,,,92.1,2337,6.5,813043,672386,665489,676391,680718,665926,664770,662139,623993,53.97,,,,,,,,26,1,4-Seam Fastball,2,5,2,5,5,2,2,5,Standard,Standard,219,-0.004,-0.039,,,,0.039,,-3,-3,0.236,0.236,30,30,30,30,2,1,8,2,5,1,1.2,0.89,0.89,42.9,,,,,
SL,2025-10-15,87.8,-1.96,5.44,"Guerrero Jr., Vladimir",665489,669923,,called_strike,,,,,5,Called Strike,L,R,R,SEA,TOR,S,,,1,0,2025,0.82,0,0.1350089323893492,2.4095265760979356,,,664770,1,3,Top,,,,,,,3.3984817483576815,-127.9970899784927,-1.312089872794973,8.447877246797509,23.875106100282274,-32.08252184994801,3.64842789037564,1.67000167480469,,,,89,2381,6.7,813043,663728,647304,593871,553993,641487,668227,677594,645302,53.78,,,,,,,,21,2,Slider,2,2,2,2,2,2,2,2,Standard,Standard,34,0.006,-0.056,,,,0.056,,0,0,0.493,0.507,27,26,27,26,2,1,5,2,5,1,2.92,-0.82,-0.82,32.1,,,,,
SI,2025-10-15,96.7,-1.68,5.62,"Guerrero Jr., Vladimir",665489,669923,,ball,,,,,14,Ball,L,R,R,SEA,TOR,B,,,0,0,2025,-1.5,0.75,1.2985696783141194,2.61696721930903,,,664770,1,3,Top,,,,,,,11.461814969218873,-140.40241650893654,-4.168934496128909,-22.462399419864685,31.534251181955106,-21.489262461591707,3.71157784877263,1.73318974433147,,,,97.5,2313,6.8,813043,663728,647304,593871,553993,641487,668227,677594,645302,53.66,,,,,,,,21,1,Sinker,2,2,2,2,2,2,2,2,Standard,Standard,221,-0.004,0.035,,,,-0.035,,0,0,0.497,0.503,27,26,27,26,2,1,5,2,5,1,1.7,1.5,1.5,30.2,,,,,
SL,2025-10-15,85.6,-1.52,5.49,"Crawford, J.P.",641487,669456,strikeout,swinging_strike,,,,,14,J.P. Crawford strikes out swinging.,L,L,R,SEA,TOR,S,2,,3,2,2025,0.1,-0.04,1.0872032630960313,1.5539778707435254,,,,2,2,Bot,,,,,,,5.983330012895874,-124.7277412554244,-3.0752798479498042,0.05356620880514086,20.840551264692046,-32.23683711899342,3.3,1.55,,,,86.7,2662,6.5,813043,672386,665489,676391,680718,665926,664770,662139,623993,53.97,,0,0,1,0,0,,16,6,Slider,2,0,2,0,0,2,2,0,Standard,Standard,289,-0.009,-0.328,78.0,9.0,,0.328,,2,2,0.721,0.721,30,30,30,30,1,0,8,2,5,1,3.1,-0.1,0.1,40.2,27.134770644065075,-30.964703258366317,36.630197806876616,25.529727869518837,50.2592867641757
FC,2025-10-15,86.7,-1.72,5.56,"Crawford, J.P.",641487,669456,,called_strike,,,,,11,Called Strike,L,L,R,SEA,TOR,S,,,3,1,2025,0.26,0.57,-0.12297360032141713,3.4901695262497348,,,,2,2,Bot,,,,,,,3.3147101598057245,-126.34728727087311,-0.014219635397385022,2.217106223276031,22.383624414572147,-26.178491031981576,3.26027028503905,1.5817958718409,,,,87.6,2565,6.5,813043,672386,665489,676391,680718,665926,664770,662139,623993,54,,,,,,,,16,5,Cutter,2,0,2,0,0,2,2,0,Standard,Standard,197,-0.002,-0.086,,,,0.086,,2,2,0.723,0.723,30,30,30,30,1,0,8,2,5,1,2.42,-0.26,0.26,37.2,,,,,
SI,2025-10-15,95.7,-1.62,5.52,"Lukes, Nathan",664770,669923,single,hit_into_play,,,,,6,Nathan Lukes singles on a sharp line drive to center fielder Julio Rodríguez.,L,L,R,SEA,TOR,X,8,line_drive,1,1,2025,-1.51,0.7,0.822998511156193,2.571295807283592,,,,1,3,Top,144.18,74.92,,,,,9.913319810996095,-138.99712316193336,-3.7394114461508083,-21.787298125873004,32.20302322340386,-22.373086013829305,3.34,1.55,223,102.8,11,96.2,2365,6.7,813043,663728,647304,593871,553993,641487,668227,677594,645302,53.76,0.949,0.945,0.9,1,1,0,4,20,3,Sinker,2,2,2,2,2,2,2,2,Standard,Standard,222,-0.029,0.425,,,1.199,-0.425,102.8,0,0,0.526,0.474,27,30,27,31,2,1,5,2,5,1,1.8,1.51,-1.51,29.4,,,,,
KC,2025-10-15,82.9,-1.67,5.59,"Crawford, J.P.",641487,669456,,ball,,,,,11,Ball,L,L,R,SEA,TOR,B,,,2,1,2025,0.52,-1.13,-1.3015463019466886,3.9655547397625437,,,,2,2,Bot,,,,,,,-0.16795019549048137,-120.48594714605711,5.037675339295545,5.069809695308156,24.911506474250064,-44.36287776622755,3.26821651693596,1.54999884323113,,,,82.9,2471,6.5,813043,672386,665489,676391,680718,665926,664770,662139,623993,54.02,,,,,,,,16,4,Knuckle Curve,2,0,2,0,0,2,2,0,Infield shade,Standard,38,0.002,0.117,,,,-0.117,,2,2,0.721,0.721,30,30,30,30,1,0,8,2,5,1,4.47,-0.52,0.52,43.5,,,,,
FC,2025-10-15,86.4,2.19,5.72,"Lukes, Nathan",664770,657571,field_out,hit_into_play,,,,,8,"Nathan Lukes grounds out, second baseman Jorge Polanco to first baseman Josh Naylor.",L,L,L,SEA,TOR,X,4,ground_ball,0,0,2025,-0.32,0.03,-0.016035789434575842,1.9466876122066776,,665926,,2,7,Top,143.65,148.85,,,,,-4.61464710141109,-125.79985624359766,-2.8992484637515448,-2.5516581167987633,23.161021671341356,-31.497989416493283,3.34,1.55,18,96.7,-5,86.8,2670,6.3,813043,663728,647304,593871,553993,641487,668227,677594,645302,54.18,0.291,0.262,0,1,0,0,2,61,1,Cutter,2,12,12,2,12,2,12,2,Standard,Standard,247,0,-0.288,72.4,7.0,0.291,0.288,96.7,-10,10,0.001,0.999,28,30,29,31,2,4,8,2,,1,3,-0.32,-0.32,44.0,7.578182438287129,3.665685447478647,33.23439481884135,41.96794265979051,30.60889755258775
SL,2025-10-15,87,-1.62,5.55,"Lukes, Nathan",664770,669923,,foul,,,,,8,Foul,L,L,R,SEA,TOR,S,,,1,0,2025,0.81,0.2,0.11779730592428217,2.004137223564509,,,,1,3,Top,,,,,,,2.54337490532868,-126.75350824903167,-2.7428240126390095,8.141880862158798,26.952259505844275,-29.66488626385666,3.34,1.55,211,71.6,43,87.8,2175,6.8,813043,663728,647304,593871,553993,641487,668227,677594,645302,53.66,,,,,,,,20,2,Slider,2,2,2,2,2,2,2,2,Standard,Standard,36,0.004,-0.049,61.4,6.6,,0.049,88.0,0,0,0.522,0.478,27,30,27,31,2,1,5,2,5,1,2.81,-0.81,0.81,28.5,0.49593737551607786,15.149679722992209,33.611543400695524,38.297762271490114,21.722366313288358
FC,2025-10-15,88.8,-1.64,5.56,"Crawford, J.P.",641487,669456,,ball,,,,,14,Ball,L,L,R,SEA,TOR,B,,,1,1,2025,-0.29,0.95,1.169084495133905,2.186901222851702,,,,2,2,Bot,,,,,,,7.551232078948568,-129.262241040857,-4.277921412801497,-4.695196817624437,23.970561299321375,-20.83801687162197,3.29999987244728,1.55000036870667,,,,89.9,2624,6.7,813043,672386,665489,676391,680718,665926,664770,662139,623993,53.78,,,,,,,,16,3,Cutter,2,0,2,0,0,2,2,0,Standard,Standard,221,0.001,0.053,,,,-0.053,,2,2,0.72,0.72,30,30,30,30,1,0,8,2,5,1,1.92,0.29,-0.29,38.2,,,,,
FF,2025-10-15,92.5,2.13,5.69,"Springer, George",543807,657571,strikeout,swinging_strike,,,,,1,George Springer strikes out swinging.,L,R,L,SEA,TOR,S,2,,1,2,2025,0.43,1.32,-0.5041049482254243,3.5925685238422997,,665926,,1,7,Top,,,,,,,-7.671994649220493,-134.54832855042073,-2.409010507215742,6.87490665305903,29.51055009501752,-15.784723058638717,3.56,1.63,,,,92.6,2315,6.4,813043,663728,647304,593871,553993,641487,668227,677594,645302,54.08,,0,0,1,0,0,,60,5,4-Seam Fastball,2,12,12,2,12,2,12,2,Standard,Standard,149,0,-0.201,63.1,5.2,,0.201,,-10,10,0.001,0.999,28,35,29,36,1,4,8,2,,1,1.35,0.43,-0.43,41.8,-3.184617377405538,31.490444498315043,30.151995584130518,28.2213377105735,10.811429755391924
SL,2025-10-15,86.1,-1.81,5.48,"Lukes, Nathan",664770,669923,,ball,,,,,13,Ball,L,L,R,SEA,TOR,B,,,0,0,2025,0.8,-0.22,-0.9096949263714573,1.8744891206051273,,,,1,3,Top,,,,,,,0.5205995042750404,-125.40924513683956,-1.8626014635171937,8.292398199585495,26.78422663336703,-34.32072475310975,3.43515864298873,1.58173535084512,,,,86.5,2497,6.6,813043,663728,647304,593871,553993,641487,668227,677594,645302,53.91,,,,,,,,20,1,Slider,2,2,2,2,2,2,2,2,Standard,Standard,46,-0.003,0.039,,,,-0.039,,0,0,0.525,0.475,27,30,27,31,2,1,5,2,5,1,3.3,-0.8,0.8,27.7,,,,,
SL,2025-10-15,87.5,-1.77,5.45,"Springer, George",543807,669923,field_out,hit_into_play,,,,,9,George Springer flies out to right fielder Victor Robles in foul territory.,L,R,R,SEA,TOR,X,9,fly_ball,1,2,2025,0.85,-0.12,0.5269761428587411,1.7834610370253996,,,,0,3,Top,205.58,128.07,,,,,3.8135532505299037,-127.40496701792794,-2.4552650482259355,8.435911385073723,26.846390769640927,-33.17291185717023,3.56,1.63,263,87.8,45,88.1,2130,6.7,813043,663728,647304,593871,553993,641487,668227,677594,645302,53.8,0.001,0,0,1,0,0,3,19,4,Slider,2,2,2,2,2,2,2,2,Standard,Standard,37,0.018,-0.189,70.4,7.8,0.001,0.189,88.0,0,0,0.507,0.493,27,35,27,36,2,1,5,2,5,1,3.1,-0.85,-0.85,27.2,8.47578328900978,-0.9274922249141193,41.03652694257177,42.223020001889,20.83089942443953
FF,2025-10-15,93.5,-1.63,5.56,"Crawford, J.P.",641487,669456,,foul_tip,,,,,11,Foul Tip,L,L,R,SEA,TOR,S,,,1,0,2025,-0.97,1.57,-0.8842590735321576,2.6160361122094034,,,,2,2,Bot,,,,,,,4.1097908476480915,-135.98136680663845,-5.251214548384299,-12.97846756302078,33.807222641677185,-11.826855560365239,3.3,1.55,,,,93.6,2482,6.7,813043,672386,665489,676391,680718,665926,664770,662139,623993,53.81,,,,,,,,16,2,4-Seam Fastball,2,0,2,0,0,2,2,0,Standard,Standard,216,-0.001,-0.054,70.2,7.0,,0.054,,2,2,0.721,0.721,30,30,30,30,1,0,8,2,5,1,1.07,0.97,-0.97,43.9,-3.210297718878945,23.0665308527108,31.43856577009792,47.46031257322985,21.735985203055577
FC,2025-10-15,85.8,2.06,5.64,"Springer, George",543807,657571,,ball,,,,,13,Ball,L,R,L,SEA,TOR,B,,,0,2,2025,-0.43,0.09,-1.6173974984375958,0.609855548694207,,,665926,1,7,Top,,,,,,,-7.851341512851639,-124.89932791088191,-5.962530645630365,-3.302782811175814,20.524010925054796,-30.388572494593742,3.55999853854058,1.66149389591263,,,,86.8,2838,6.5,813043,663728,647304,593871,553993,641487,668227,677594,645302,53.99,,,,,,,,60,4,Cutter,2,12,12,2,12,2,12,2,Standard,Standard,249,0,0.01,,,,-0.01,,-10,10,0.001,0.999,28,35,29,36,1,4,8,2,,1,2.96,-0.43,0.43,42.7,,,,,
FF,2025-10-15,92.9,-1.65,5.53,"Crawford, J.P.",641487,669456,,ball,,,,,14,Ball,L,L,R,SEA,TOR,B,,,0,0,2025,-1.07,1.52,0.02605644460986767,1.322012185922535,,,,2,2,Bot,,,,,,,6.6747627617008085,-134.77304262107265,-8.278494118843295,-14.54650820665522,32.61719088558338,-11.987944352550803,3.42729295514808,1.6773462521359,,,,93,2419,6.8,813043,672386,665489,676391,680718,665926,664770,662139,623993,53.73,,,,,,,,16,1,4-Seam Fastball,2,0,2,0,0,2,2,0,Standard,Standard,219,0.001,0.037,,,,-0.037,,2,2,0.72,0.72,30,30,30,30,1,0,8,2,5,1,1.16,1.07,-1.07,43.9,,,,,
SV,2025-10-15,78.3,2.2,5.72,"Springer, George",543807,657571,,foul,,,,,12,Foul,L,R,L,SEA,TOR,S,,,0,2,2025,-0.94,-1.16,1.012619437847214,2.5981651797870864,,,665926,1,7,Top,,,,,,,-0.8225463815744025,-114.0348490353066,2.263554679834577,-8.066808256929951,21.518503610996166,-42.905305016783316,3.56,1.63,226,84.6,27,78.4,3058,6.3,813043,663728,647304,593871,553993,641487,668227,677594,645302,54.15,,,,,,,,60,3,Slurve,2,12,12,2,12,2,12,2,Standard,Standard,318,0,0,70.5,6.4,,0,88.0,-10,10,0.001,0.999,28,35,29,36,1,4,8,2,,1,4.88,-0.94,0.94,42.8,-7.877750405298382,35.54699773450753,32.11931021953191,46.78573635946532,3.192607120706474
SI,2025-10-15,95.5,-1.67,5.49,"Springer, George",543807,669923,,foul,,,,,6,Foul,L,R,R,SEA,TOR,S,,,1,1,2025,-1.4,0.48,0.3745206399202987,2.7678564235620393,,,,0,3,Top,,,,,,,8.61542787892686,-138.83621258127215,-2.650714873294567,-20.056448916628835,30.540137097517427,-25.527852312081908,3.56,1.63,259,76.2,39,96.2,2196,6.7,813043,663728,647304,593871,553993,641487,668227,677594,645302,53.78,,,,,,,,19,3,Sinker,2,2,2,2,2,2,2,2,Standard,Standard,229,0.006,-0.061,74.4,7.0,,0.061,88.0,0,0,0.501,0.499,27,35,27,36,2,1,5,2,5,1,2.02,1.4,1.4,28.9,0.6991586429974771,15.066377735480053,33.956010675360446,40.03250386607783,11.01693609246622
SL,2025-10-15,86.2,-1.64,5.56,"Robles, Victor",645302,669456,strikeout,swinging_strike,,,,,14,Victor Robles strikes out swinging.,L,R,R,SEA,TOR,S,2,,0,2,2025,-0.06,-0.01,1.4110412459846193,1.3005464425598592,,,,1,2,Bot,,,,,,,7.430037346370096,-125.38041139536561,-3.937343975732947,-2.0762940873566347,23.96678446325866,-31.676086142234638,3.21,1.53,,,,87,2681,6.7,813043,672386,665489,676391,680718,665926,664770,662139,623993,53.82,,0,0,1,0,0,,15,3,Slider,2,0,2,0,0,2,2,0,Standard,Standard,4,-0.007,-0.163,35.3,6.9,,0.163,,2,2,0.727,0.727,30,28,30,28,1,0,8,2,5,5,3.06,0.06,0.06,37.7,14.399072766782622,-8.573600967975105,32.640705258839404,56.41406664025739,27.34729499659582
FC,2025-10-15,86.1,2.26,5.64,"Springer, George",543807,657571,,called_strike,,,,,7,Called Strike,L,R,L,SEA,TOR,S,,,0,1,2025,-0.49,0.24,-0.4686003056468467,1.896776934706459,,,665926,1,7,Top,,,,,,,-5.49567939116466,-125.5022534818506,-3.2677425227974966,-4.347467247392224,21.03832168513876,-29.242933687887753,3.59147978117406,1.66149452253038,,,,87,2813,6.4,813043,663728,647304,593871,553993,641487,668227,677594,645302,54.13,,,,,,,,60,2,Cutter,2,12,12,2,12,2,12,2,Strategic,Standard,233,0,-0.047,,,,0.047,,-10,10,0.001,0.999,28,35,29,36,1,4,8,2,,1,2.78,-0.49,0.49,40.4,,,,,
SL,2025-10-15,87.1,-1.84,5.56,"Springer, George",543807,669923,,swinging_strike,,,,,6,Swinging Strike,L,R,R,SEA,TOR,S,,,1,0,2025,0.53,0.14,0.64836410477889,2.5998078322044704,,,,0,3,Top,,,,,,,4.952759199913438,-126.79459196790631,-1.2226883336382381,4.658419041663294,26.018474627004082,-30.678865569421596,3.56,1.63,,,,87.9,2327,6.8,813043,663728,647304,593871,553993,641487,668227,677594,645302,53.71,,,,,,,,19,2,Slider,2,2,2,2,2,2,2,2,Standard,Standard,35,0.005,-0.05,77.1,8.4,,0.05,,0,0,0.496,0.504,27,35,27,36,2,1,5,2,5,1,2.87,-0.53,-0.53,29.7,25.480587200370277,-28.79526951466545,31.938753371847405,42.12799100806151,41.54567520270393
SL,2025-10-15,87.1,-1.88,5.52,"Springer, George",543807,669923,,ball,,,,,11,Ball,L,R,R,SEA,TOR,B,,,0,0,2025,0.59,0.03,-1.2249614787615997,3.0763249097961047,,,,0,3,Top,,,,,,,0.3735170159633746,-126.82609545009535,0.23624524287127624,6.27546015939187,26.256884307593445,-32.09130203179695,3.6235627023795,1.66179781443129,,,,87.7,2347,6.6,813043,663728,647304,593871,553993,641487,668227,677594,645302,53.85,,,,,,,,19,1,Slider,2,2,2,2,2,2,2,2,Standard,Standard,40,-0.004,0.041,,,,-0.041,,0,0,0.5,0.5,27,35,27,36,2,1,5,2,5,1,2.97,-0.59,-0.59,25.4,,,,,
SL,2025-10-15,85,-1.75,5.58,"Robles, Victor",645302,669456,,called_strike,,,,,3,Called Strike,L,R,R,SEA,TOR,S,,,0,1,2025,-0.08,-0.1,0.31332820608425366,2.6833456467417807,,,,1,2,Bot,,,,,,,5.0229177127052305,-123.8174762012713,-0.3131955026745118,-1.7038384438915244,22.699684290506433,-33.38871608585697,3.14717559879166,1.56142393617715,,,,86,2622,6.7,813043,672386,665489,676391,680718,665926,664770,662139,623993,53.82,,,,,,,,15,2,Slider,2,0,2,0,0,2,2,0,Standard,Standard,32,-0.002,-0.052,,,,0.052,,2,2,0.729,0.729,30,28,30,28,1,0,8,2,5,5,3.23,0.08,0.08,38.8,,,,,
SV,2025-10-15,78,2.09,5.89,"Springer, George",543807,657571,,foul,,,,,6,Foul,L,R,L,SEA,TOR,S,,,0,0,2025,-1.06,-1.22,0.5639112309141574,2.715113013534614,,,665926,1,7,Top,,,,,,,-1.321306403400734,-113.50250340779903,2.383189681220185,-8.764471206836653,23.713118390955067,-43.309616834197044,3.56,1.63,180,76.5,64,77.4,3055,6.2,813043,663728,647304,593871,553993,641487,668227,677594,645302,54.34,,,,,,,,60,1,Slurve,2,12,12,2,12,2,12,2,Standard,Standard,321,0,-0.04,74.6,7.7,,0.04,88.0,-10,10,0.001,0.999,28,35,29,36,1,4,8,2,,1,5.01,-1.06,1.06,45.1,6.322361217062416,6.1629485601754155,31.68390685595301,42.91303913222904,19.980046115496254
FF,2025-10-15,96.4,-1.87,5.62,"Giménez, Andrés",665926,669923,home_run,hit_into_play,,,,,6,Andrés Giménez homers (1) on a fly ball to right center field. Ernie Clement scores.,L,L,R,SEA,TOR,X,,fly_ball,0,1,2025,-0.95,1.36,0.5144795855990528,2.263142082997702,,676391,,0,3,Top,183.16,47.87,,,,,8.539557348764335,-140.0330694992364,-6.474850394563769,-14.363133124153533,30.716051076509988,-13.026337297772473,3.33,1.51,399,104.6,33,97.2,2355,6.8,813043,663728,647304,593871,553993,641487,668227,677594,645302,53.73,0.693,1.3947586206896554,2,1,0,3,6,18,2,4-Seam Fastball,2,0,0,2,2,2,2,2,Standard,Standard,222,-0.153,1.035,69.4,7.0,2.754,-1.035,104.6,2,-2,0.653,0.347,27,26,27,27,1,0,5,2,5,1,1.1,0.95,-0.95,36.8,12.885055061820589,-5.472557934890673,39.9946838705576,33.30410289789373,34.21100113038136
SL,2025-10-15,84.7,-1.69,5.63,"Robles, Victor",645302,669456,,called_strike,,,,,6,Called Strike,L,R,R,SEA,TOR,S,,,0,0,2025,0.06,-0.44,0.5897655443775925,2.3034035418476777,,,,1,2,Bot,,,,,,,5.231278265718182,-123.26899178244858,-0.5698572333516396,-0.4390564218222687,23.8460217088415,-36.73849398967511,3.2414127354261,1.56142630661376,,,,85.3,2546,6.6,813043,672386,665489,676391,680718,665926,664770,662139,623993,53.91,,,,,,,,15,1,Slider,2,0,2,0,0,2,2,0,Standard,Standard,37,-0.002,-0.039,,,,0.039,,2,2,0.731,0.731,30,28,30,28,1,0,8,2,5,5,3.61,-0.06,-0.06,40.3,,,,,
SI,2025-10-15,91.9,2.12,5.69,"Giménez, Andrés",665926,657571,single,hit_into_play,,,,,6,Andrés Giménez singles on a line drive to left fielder Randy Arozarena.,L,L,L,SEA,TOR,X,7,line_drive,1,1,2025,1.2,0.74,0.6663605935363337,2.6231184390996845,,,,1,7,Top,87.97,110.97,,,,,-6.300538942033865,-133.71182799104477,-3.4908768594447515,15.78474641154437,30.631144955610598,-22.753013023298454,3.33,1.51,184,72.8,19,91.9,2242,6.5,813043,663728,647304,593871,553993,641487,668227,677594,645302,54.04,0.924,0.858,0.9,1,1,0,4,59,3,Sinker,2,12,12,2,12,2,12,2,Standard,Standard,151,0,0.425,67.4,6.3,0.998,-0.425,88.0,-10,10,0.001,0.999,28,26,29,27,1,3,8,2,,1,1.97,1.2,1.2,42.2,2.1435863900451526,10.280108038116126,35.86078269957594,33.339650577234295,23.12808285145936
SI,2025-10-15,96.6,-1.77,5.5,"Giménez, Andrés",665926,669923,,foul,,,,,5,Foul,L,L,R,SEA,TOR,S,,,0,0,2025,-1.57,0.68,0.0972230354763377,2.0926965934549964,,676391,,0,3,Top,,,,,,,8.592455410892546,-140.35897179571637,-5.054146732565085,-22.66043174013509,32.89928530803315,-22.23143524394215,3.33,1.51,5,81.1,-23,97.1,2333,6.7,813043,663728,647304,593871,553993,641487,668227,677594,645302,53.76,,,,,,,,18,1,Sinker,2,0,0,2,0,2,0,2,Strategic,Standard,224,0.007,-0.043,72.4,7.8,,0.043,88.0,2,-2,0.646,0.354,27,26,27,27,1,0,5,2,5,1,1.78,1.57,-1.57,27.7,22.90312419351251,-18.70187836648241,32.68326902291117,37.20399274717724,38.37512357760385
SI,2025-10-15,92.1,2.16,5.7,"Giménez, Andrés",665926,657571,,ball,,,,,12,Ball,L,L,L,SEA,TOR,B,,,0,1,2025,1.11,0.72,0.22479261264485206,4.449654738085613,,,,1,7,Top,,,,,,,-7.347509091835461,-134.02109957863362,1.09094535764383,15.017484559879255,29.017909051342908,-23.959009975698347,3.20294851944112,1.47822064444476,,,,92.2,2306,6.3,813043,663728,647304,593871,553993,641487,668227,677594,645302,54.16,,,,,,,,59,2,Sinker,2,12,12,2,12,2,12,2,Standard,Standard,157,0,0.029,,,,-0.029,,-10,10,0.001,0.999,28,26,29,27,1,3,8,2,,1,1.97,1.11,1.11,41.9,,,,,
KC,2025-10-15,82.8,-1.69,5.54,"Canzone, Dominic",686527,669456,strikeout,swinging_strike_blocked,,,,,14,Dominic Canzone strikes out swinging.,L,L,R,SEA,TOR,S,2,,0,2,2025,0.55,-1.2,0.14984053591738422,0.7122298769508633,,,,0,2,Bot,,,,,,,3.1350850015845837,-120.37214590283529,-2.0368114390826286,4.586305103378308,27.96868259651792,-43.45579733572842,3.24,1.47,,,,82.5,2586,6.6,813043,672386,665489,676391,680718,665926,664770,662139,623993,53.88,,0,0,1,0,0,,14,3,Knuckle Curve,2,0,2,0,0,2,2,0,Strategic,Standard,31,-0.01,-0.165,76.1,8.1,,0.165,,2,2,0.741,0.741,30,27,30,28,1,0,8,2,5,1,4.59,-0.55,0.55,39.0,5.5758766997897515,-3.615913601827566,37.146047398970474,37.711822522924564,34.740906622761386
SI,2025-10-15,95.7,-1.68,5.68,"Clement, Ernie",676391,669923,double,hit_into_play,,,,,11,Ernie Clement doubles (2) on a line drive to left fielder Randy Arozarena.,L,R,R,SEA,TOR,X,7,line_drive,0,0,2025,-1.31,0.85,-1.0000649164752515,2.677464134319744,,,,0,3,Top,43.37,121.15,,,,,4.779990967095646,-139.2471400721299,-4.196500251375942,-18.114437665435837,33.734103423949,-20.405092686804693,3.33,1.55,236,91.8,15,96,2222,6.7,813043,663728,647304,593871,553993,641487,668227,677594,645302,53.83,0.929,0.887,1.25,1,1,1,4,17,1,Sinker,2,0,0,2,0,2,0,2,Standard,Standard,220,-0.066,0.716,72.8,6.8,1.083,-0.716,91.8,2,-2,0.712,0.28800000000000003,27,29,27,29,1,0,5,2,5,1,1.66,1.31,1.31,30.2,11.188809540288114,-17.778311308322138,30.24566227487433,24.617140094574093,35.19210824178046
FF,2025-10-15,93.1,-1.63,5.59,"Canzone, Dominic",686527,669456,,called_strike,,,,,4,Called Strike,L,L,R,SEA,TOR,S,,,0,1,2025,-0.75,1.6,-0.32266426316188856,2.05663514829766,,,,0,2,Bot,,,,,,,5.035331265958316,-135.29364655487464,-6.7812128191818735,-10.313124658314944,32.71017864030361,-11.292834835084616,3.27165239160263,1.50166400113626,,,,93.3,2362,6.7,813043,672386,665489,676391,680718,665926,664770,662139,623993,53.78,,,,,,,,14,2,4-Seam Fastball,2,0,2,0,0,2,2,0,Infield shade,Standard,219,-0.004,-0.055,,,,0.055,,2,2,0.745,0.745,30,27,30,28,1,0,8,2,5,1,1.06,0.75,-0.75,40.1,,,,,
SI,2025-10-15,93.3,2.06,5.72,"Giménez, Andrés",665926,657571,,foul,,,,,5,Foul,L,L,L,SEA,TOR,S,,,0,0,2025,1.33,0.84,-0.15357916876821687,2.267374038997029,,,,1,7,Top,,,,,,,-8.647670071650403,-135.56995619484945,-4.971573994047968,18.343909900155467,30.202225129465607,-20.85067100495047,3.33,1.51,36,99.9,-2,93.4,2196,6.5,813043,663728,647304,593871,553993,641487,668227,677594,645302,54.03,,,,,,,,59,1,Sinker,2,12,12,2,12,2,12,2,Standard,Standard,157,0,-0.039,66.5,6.4,,0.039,99.9,-10,10,0.001,0.999,28,26,29,27,1,3,8,2,,1,1.79,1.33,1.33,42.7,-11.87555925513148,32.41197891378622,36.97725332063447,42.47179039587362,9.678195759777791
CH,2025-10-15,88.2,-1.74,5.55,"Canzone, Dominic",686527,669456,,called_strike,,,,,2,Called Strike,L,L,R,SEA,TOR,S,,,0,0,2025,-0.84,-0.37,-0.1772973018319709,3.0224002127028062,,,,0,2,Bot,,,,,,,5.553384960755315,-128.35866478214703,0.7089803660738128,-10.383796311533517,26.37668212047271,-36.614875971326626,3.30330739451109,1.59666670894573,,,,88.5,1302,6.4,813043,672386,665489,676391,680718,665926,664770,662139,623993,54.07,,,,,,,,14,1,Changeup,2,0,2,0,0,2,2,0,Infield shade,Standard,255,-0.002,-0.039,,,,0.039,,2,2,0.747,0.747,30,27,30,28,1,0,8,2,5,1,3.3,0.84,-0.84,35.6,,,,,
FC,2025-10-15,85.5,1.92,5.73,"Clement, Ernie",676391,657571,field_out,hit_into_play,,,,,13,Ernie Clement lines out to left fielder Randy Arozarena.,L,R,L,SEA,TOR,X,7,line_drive,2,2,2025,-0.23,-0.37,-1.0990513419119745,1.7338851250293241,,,,0,7,Top,67.62,82.62,,,,,-6.6589627523208135,-124.31473267735556,-2.3534566992772215,-0.9860947029198924,25.574505155711307,-35.73519715706174,3.33,1.55,321,90,23,85.5,2731,6.4,813043,663728,647304,593871,553993,641487,668227,677594,645302,54.12,0.142,0.148,0,1,0,0,3,58,8,Cutter,2,12,12,2,12,2,12,2,Standard,Standard,286,0,-0.232,66.3,7.0,0.229,0.232,90.0,-10,10,0.001,0.999,28,29,29,29,1,3,8,2,,1,3.5,-0.23,0.23,43.5,4.61045695701577,-11.893422191121084,48.122404868034124,24.821140982330284,37.04347692695465
FF,2025-10-15,96.2,-1.7,5.57,"Barger, Addison",680718,669923,field_out,hit_into_play,,,,,6,Addison Barger flies out to center fielder Julio Rodríguez.,L,L,R,SEA,TOR,X,8,fly_ball,2,0,2025,-0.95,0.94,0.35747114942487823,2.6879989897315304,,,,2,2,Top,131.39,80.03,,,,,7.661436288606673,-139.86184997771912,-4.244816090975963,-14.119766540080345,29.92739535048604,-19.00190197432536,3.68,1.72,297,84.2,31,97.1,2288,6.7,813043,663728,647304,593871,553993,641487,668227,677594,645302,53.77,0.046,0.06,0,1,0,0,3,13,3,4-Seam Fastball,2,0,0,2,0,2,0,2,Standard,Standard,222,0.014,-0.362,80.5,7.3,0.096,0.362,88.0,2,-2,0.733,0.267,27,25,27,26,1,0,5,2,5,1,1.51,0.95,-0.95,30.1,6.611044841121918,1.6763682115114809,25.967797856071545,30.797675630389644,30.077238992898984
FF,2025-10-15,95.8,-1.58,5.74,"Barger, Addison",680718,669923,,ball,,,,,3,Ball,L,L,R,SEA,TOR,B,,,1,0,2025,-0.79,1.08,0.5185635536060481,3.794859828098361,,,,2,2,Top,,,,,,,7.394944870494032,-139.44956796405518,-1.9984334161399984,-12.001233730913652,30.282277407986417,-17.75898407065449,3.71147834717958,1.72000024346394,,,,96.7,2328,6.7,813043,663728,647304,593871,553993,641487,668227,677594,645302,53.81,,,,,,,,13,2,4-Seam Fastball,2,0,0,2,0,2,0,2,Standard,Standard,218,-0.003,0.065,,,,-0.065,,2,-2,0.736,0.264,27,25,27,26,1,0,5,2,5,1,1.39,0.79,-0.79,30.5,,,,,
SL,2025-10-15,84.9,-1.59,5.58,"Suárez, Eugenio",553993,669456,field_out,hit_into_play,,,,,6,Eugenio Suárez pops out to shortstop Andrés Giménez.,L,R,R,SEA,TOR,X,6,popup,1,2,2025,0.01,-0.42,0.5673438387876557,2.307621492948318,,593871,,2,1,Bot,112.26,137.71,,,,,5.064440082887471,-123.4895347999935,-0.4510883460624808,-0.9379080506016039,25.989276624919835,-36.55511092879586,3.44,1.58,157,82,61,85.2,2555,6.6,813043,672386,665489,676391,680718,665926,664770,662139,623993,53.85,0.018,0.016,0,1,0,0,3,10,4,Slider,2,0,2,0,0,2,2,0,Standard,Standard,40,-0.017,-0.208,67.2,8.4,0.022,0.208,88.0,2,2,0.715,0.715,30,33,30,34,1,0,8,2,5,1,3.6,-0.01,-0.01,38.9,22.86495904228801,-9.403384644139896,35.00605611628263,38.57411368900567,40.101002696337645
SV,2025-10-15,79,2.16,5.82,"Clement, Ernie",676391,657571,,foul,,,,,9,Foul,L,R,L,SEA,TOR,S,,,2,2,2025,-0.7,-1.25,0.3085634784783483,1.9901547974063396,,,,0,7,Top,,,,,,,-2.7239989633034747,-114.96202766633772,0.8124997152767028,-5.659964999173544,22.505857897511753,-43.601685133151136,3.33,1.55,2,62,-49,78.6,2992,6.2,813043,663728,647304,593871,553993,641487,668227,677594,645302,54.35,,,,,,,,58,7,Slurve,2,12,12,2,12,2,12,2,Standard,Standard,323,0,0,66.6,7.9,,0,88.0,-10,10,0.001,0.999,28,29,29,29,1,3,8,2,,1,4.92,-0.7,0.7,43.4,24.39871317202335,-23.628087420641208,25.224760476002817,41.720857523985146,50.19760216518594
FF,2025-10-15,92.2,-1.56,5.63,"Suárez, Eugenio",553993,669456,,swinging_strike,,,,,6,Swinging Strike,L,R,R,SEA,TOR,S,,,1,1,2025,-0.96,1.66,0.7048986403816243,2.681968822346095,,593871,,2,1,Bot,,,,,,,7.882286775219426,-133.87401771763865,-5.224083816406884,-13.306209772396562,32.13361926929202,-11.294722803073011,3.44,1.58,,,,92.4,2465,6.8,813043,672386,665489,676391,680718,665926,664770,662139,623993,53.75,,,,,,,,10,3,4-Seam Fastball,2,0,2,0,0,2,2,0,Standard,Standard,214,-0.006,-0.056,71.0,7.2,,0.056,,2,2,0.721,0.721,30,33,30,34,1,0,8,2,5,1,1.06,0.96,0.96,48.3,5.53952287071396,20.93528452521164,35.48907185004872,41.67207113639381,16.577226863498012
SL,2025-10-15,88.1,-2.54,6.21,"Lukes, Nathan",664770,592426,field_out,hit_into_play,,,,,8,Nathan Lukes grounds out softly to pitcher Luke Jackson.,L,L,R,SEA,TOR,X,1,ground_ball,0,1,2025,-0.1,-0.7,0.016877869046869415,1.5697550391772648,,,543807,2,9,Top,137.22,188.83,,,,,6.450012868176136,-128.1772613506245,-3.730744881309053,-2.4387554945803744,26.429763850182713,-39.37212510928395,3.34,1.55,1,59.9,-48,88.6,2420,6.6,813043,663728,647304,660844,553993,641487,668227,677594,645302,53.91,0.196,0.18,0,1,0,0,2,78,2,Slider,4,13,13,4,13,4,13,4,Infield shade,Standard,27,0,-0.229,69.0,6.7,0.196,0.229,88.0,-9,9,0.001,0.999,33,30,34,31,1,5,7,2,,1,3.64,0.1,-0.1,48.0,13.751142720066145,15.945240350701496,33.92863354688284,42.360847354194874,26.90623352383575
SI,2025-10-15,96.6,-1.63,5.62,"Barger, Addison",680718,669923,,ball,,,,,12,Ball,L,L,R,SEA,TOR,B,,,0,0,2025,-1.41,0.87,0.3276227854106939,4.313923452665811,,,,2,2,Top,,,,,,,8.493559116887218,-140.50315809419138,0.0980784741833981,-20.602842662751268,31.86695092763878,-20.850917089763964,3.679998891401,1.72000054654635,,,,97.4,2351,6.7,813043,663728,647304,593871,553993,641487,668227,677594,645302,53.76,,,,,,,,13,1,Sinker,2,0,0,2,0,2,0,2,Standard,Standard,224,-0.001,0.037,,,,-0.037,,2,-2,0.737,0.263,27,25,27,26,1,0,5,2,5,1,1.57,1.41,-1.41,31.4,,,,,
FC,2025-10-15,87.6,2.19,5.75,"Clement, Ernie",676391,657571,,foul,,,,,13,Foul,L,R,L,SEA,TOR,S,,,2,2,2025,-0.25,0.43,-0.9267647211888914,2.3616642830970753,,,,0,7,Top,,,,,,,-7.037424805942385,-127.59916087998981,-3.020159812163465,-1.498963726893629,22.57698880180976,-27.09883938291899,3.33,1.55,22,93,-5,88.4,2672,6.4,813043,663728,647304,593871,553993,641487,668227,677594,645302,54.1,,,,,,,,58,6,Cutter,2,12,12,2,12,2,12,2,Standard,Standard,198,0,0,72.1,7.1,,0,93.0,-10,10,0.001,0.999,28,29,29,29,1,3,8,2,,1,2.5,-0.25,0.25,41.1,21.644376781110154,-14.699932237555801,33.21667030536743,27.331798571362555,41.12930261888689
SL,2025-10-15,83.9,-1.69,5.61,"Suárez, Eugenio",553993,669456,,foul,,,,,5,Foul,L,R,R,SEA,TOR,S,,,1,0,2025,0.17,-0.05,0.024690004685587838,2.68970683615253,,593871,,2,1,Bot,,,,,,,3.6698343372953133,-122.16937685093087,-0.281582436810802,0.9760782069573868,23.274762296179986,-32.824744159366546,3.44,1.58,205,78.4,61,84.6,2679,6.6,813043,672386,665489,676391,680718,665926,664770,662139,623993,53.87,,,,,,,,10,2,Slider,2,0,2,0,0,2,2,0,Standard,Standard,39,-0.002,-0.044,75.2,8.1,,0.044,88.0,2,2,0.723,0.723,30,33,30,34,1,0,8,2,5,1,3.27,-0.17,-0.17,38.1,20.33345262669399,-17.151347158787527,39.11361625869995,32.657621866214356,40.04730421752293
SV,2025-10-15,80.8,2.15,5.79,"Clement, Ernie",676391,657571,,ball,,,,,13,Ball,L,R,L,SEA,TOR,B,,,1,2,2025,-0.82,-1.17,-1.0415872870296643,-0.4608419084000617,,,,0,7,Top,,,,,,,-5.541523124384823,-117.46800530575022,-4.952397227290385,-6.345531135083216,24.683251950647353,-42.11051040134283,3.26715837859388,1.51856672662031,,,,80.4,3170,6.3,813043,663728,647304,593871,553993,641487,668227,677594,645302,54.17,,,,,,,,58,5,Slurve,2,12,12,2,12,2,12,2,Standard,Standard,328,0,0.043,,,,-0.043,,-10,10,0.001,0.999,28,29,29,29,1,3,8,2,,1,4.7,-0.82,0.82,45.0,,,,,
CU,2025-10-15,84.3,-2.99,6.28,"Lukes, Nathan",664770,592426,,called_strike,,,,,5,Called Strike,L,L,R,SEA,TOR,S,,,0,0,2025,0.31,-1.33,-0.1972483405330881,2.2646275162940244,,,543807,2,9,Top,,,,,,,5.869262511561218,-122.6122334182289,-0.25420385344340457,1.8723405120921635,26.18448185086012,-45.67005483433375,3.26897608848922,1.53420913460278,,,,84.1,2527,6.4,813043,663728,647304,660844,553993,641487,668227,677594,645302,54.13,,,,,,,,78,1,Curveball,4,13,13,4,13,4,13,4,Infield shade,Standard,25,0,-0.042,,,,0.042,,-9,9,0.001,0.999,33,30,34,31,1,5,7,2,,1,4.56,-0.31,0.31,51.4,,,,,
FF,2025-10-15,96.7,-1.65,5.76,"Varsho, Daulton",662139,669923,field_out,hit_into_play,,,,,12,Daulton Varsho pops out to first baseman Josh Naylor in foul territory.,L,L,R,SEA,TOR,X,3,popup,0,2,2025,-0.64,1.27,0.5257732677667698,3.732114980595338,,,,1,2,Top,159.35,185.81,,,,,7.3209678578345425,-140.74282912898758,-2.7758602177246803,-10.137717688982644,31.575771408843156,-14.872285806894501,3.35,1.54,61,70.4,75,97.5,2257,6.7,813043,663728,647304,593871,553993,641487,668227,677594,645302,53.8,0.003,0.002,0,1,0,0,3,12,3,4-Seam Fastball,2,0,0,2,0,2,0,2,Infield shade,Standard,225,0.01,-0.163,70.0,7.0,0.003,0.163,88.0,2,-2,0.727,0.273,27,28,27,29,1,0,5,2,5,1,1.17,0.64,-0.64,31.3,9.503643558537718,-3.1255504103200322,16.86834851611904,30.778621385453537,26.766087132434578
SI,2025-10-15,95.9,-1.62,5.66,"Varsho, Daulton",662139,669923,,foul,,,,,5,Foul,L,L,R,SEA,TOR,S,,,0,1,2025,-1.54,0.83,0.03029049870591538,2.6360547132021153,,,,1,2,Top,,,,,,,7.897512804885334,-139.42925773962224,-4.286890512218261,-21.845124232138033,30.989331990188436,-20.56472651835089,3.35,1.54,257,75.7,44,96.6,2277,6.7,813043,663728,647304,593871,553993,641487,668227,677594,645302,53.79,,,,,,,,12,2,Sinker,2,0,0,2,0,2,0,2,Standard,Standard,222,0.004,-0.052,78.5,7.9,,0.052,88.0,2,-2,0.723,0.277,27,28,27,29,1,0,5,2,5,1,1.65,1.54,-1.54,30.6,6.776072099587808,-5.21812245331931,26.622238340815382,36.20326835410563,32.645774039925826
SL,2025-10-15,87.3,-1.48,5.94,"Rivas, Leo",660844,684320,strikeout,called_strike,,,,,7,Leo Rivas called out on strikes.,L,L,R,SEA,TOR,S,2,,2,2,2025,0.59,0.22,-0.41477616099370634,1.3798561508823326,,,,2,8,Bot,,,,,,,1.341146411733146,-127.19448205337117,-5.284489929552348,6.143910604854592,25.269053139004455,-28.90569221416145,3.15174639461799,1.475340567274,,,,86.9,2869,5.9,813043,672386,665489,676391,680718,665926,664702,662139,664770,54.58,,0,0,1,0,0,,73,5,Slider,4,12,4,12,12,4,4,12,Infield shade,Standard,60,0,-0.224,,,,0.224,,-8,-8,0.001,0.001,28,27,28,28,1,0,2,2,,1,2.75,-0.59,0.59,41.5,,,,,
FF,2025-10-15,92.5,2.16,5.79,"Clement, Ernie",676391,657571,,foul,,,,,12,Foul,L,R,L,SEA,TOR,S,,,1,2,2025,-0.01,1.36,0.31390165777543877,4.061379770907877,,,,0,7,Top,,,,,,,-4.690812493588455,-134.6767733894826,-1.5440137682146085,0.9527887395240087,29.769445312755547,-15.570005439847096,3.33,1.55,179,74.2,70,92.4,2197,6.2,813043,663728,647304,593871,553993,641487,668227,677594,645302,54.27,,,,,,,,58,4,4-Seam Fastball,2,12,12,2,12,2,12,2,Standard,Standard,153,0,0,60.4,6.4,,0,88.0,-10,10,0.001,0.999,28,29,29,29,1,3,8,2,,1,1.31,-0.01,0.01,43.0,2.85653194805063,3.5757726120155264,13.198384973476918,41.67969500371729,24.69257092936983
FF,2025-10-15,94.1,-2.33,6.21,"Springer, George",543807,592426,single,hit_into_play,,,,,7,George Springer singles on a line drive to right fielder Victor Robles.,L,R,R,SEA,TOR,X,9,line_drive,0,0,2025,-1.29,1.1,-0.42678789620495317,1.934509955084524,,,,2,9,Top,157.97,89.23,,,,,7.883079456305451,-136.66881605517915,-7.851567955638507,-17.946011753403322,30.943750818964748,-16.783094890649405,3.56,1.63,245,82.4,20,94.8,2367,6.9,813043,663728,647304,660844,553993,641487,668227,677594,645302,53.65,0.856,0.826,0.9,1,1,0,4,77,1,4-Seam Fastball,4,13,13,4,13,4,13,4,Standard,Standard,209,0,0.325,73.1,7.3,1.006,-0.325,88.0,-9,9,0.001,0.999,33,35,34,36,1,5,7,2,,1,1.49,1.29,1.29,45.7,2.1504772944735926,8.867587787062975,41.34641538578698,31.219106180880374,16.694963997153284
FC,2025-10-15,87.1,-1.68,5.65,"Suárez, Eugenio",553993,669456,,ball,,,,,12,Ball,L,R,R,SEA,TOR,B,,,0,0,2025,0.11,0.57,0.5217094365584526,3.9282168601897944,,593871,,2,1,Bot,,,,,,,5.092015327649786,-126.82205891058564,0.8151210422646447,0.18600217875237895,23.951082669905386,-26.33674893824695,3.47130274223292,1.64263308862915,,,,87.9,2613,6.6,813043,672386,665489,676391,680718,665926,664770,662139,623993,53.91,,,,,,,,10,1,Cutter,2,0,2,0,0,2,2,0,Standard,Standard,206,0.001,0.019,,,,-0.019,,2,2,0.722,0.722,30,33,30,34,1,0,8,2,5,1,2.41,-0.11,-0.11,38.6,,,,,
SV,2025-10-15,80.7,2.12,5.75,"Clement, Ernie",676391,657571,,ball,,,,,13,Ball,L,R,L,SEA,TOR,B,,,0,2,2025,-0.9,-1.33,-0.7312195493059298,0.011188467444267047,,,,0,7,Top,,,,,,,-4.619690823880725,-117.33532501395906,-3.4772897611450713,-7.255900743525214,24.96399639256782,-43.82574789751252,3.23572772550002,1.48712439111002,,,,80.2,3189,6.3,813043,663728,647304,593871,553993,641487,668227,677594,645302,54.23,,,,,,,,58,3,Slurve,2,12,12,2,12,2,12,2,Standard,Standard,327,0,0.024,,,,-0.024,,-10,10,0.001,0.999,28,29,29,29,1,3,8,2,,1,4.87,-0.9,0.9,42.6,,,,,
FF,2025-10-15,92.9,-1.5,5.71,"Naylor, Josh",647304,669456,strikeout,swinging_strike,,,,,11,Josh Naylor strikes out swinging.,L,L,R,SEA,TOR,S,2,,2,2,2025,-0.96,1.73,-0.6175028392605689,4.309890723918038,,593871,,1,1,Bot,,,,,,,4.410605238099152,-135.26738380225135,-1.5727221651318397,-12.796250589771084,30.782092959181174,-10.913174326500853,3.23,1.51,,,,93.3,2393,6.6,813043,672386,665489,676391,680718,665926,664770,662139,623993,53.89,,0,0,1,0,0,,9,5,4-Seam Fastball,2,0,2,0,0,2,2,0,Standard,Standard,214,-0.021,-0.227,62.9,6.2,,0.227,,2,2,0.743,0.743,30,28,30,28,1,0,8,2,5,1,0.92,0.96,-0.96,39.8,-2.7301247566872675,18.584326674293166,13.533382112203535,41.38531399691232,7.366350785781911
SL,2025-10-15,87.8,-1.45,6,"Rivas, Leo",660844,684320,,ball,,,,,13,Ball,L,L,R,SEA,TOR,B,,,1,2,2025,0.64,-0.17,-1.6825405514870406,0.7412275418879317,,,,2,8,Bot,,,,,,,-1.8688233550599347,-127.67345615824533,-6.116753990185082,7.327766545190728,30.662710192320112,-32.74893640157441,3.14395074909915,1.53847455652213,,,,86.7,2796,6,813043,672386,665489,676391,680718,665926,664702,662139,664770,54.51,,,,,,,,73,4,Slider,4,12,4,12,12,4,4,12,Infield shade,Standard,68,0,0.042,,,,-0.042,,-8,-8,0.001,0.001,28,27,28,28,1,0,2,2,,1,3.17,-0.64,0.64,43.6,,,,,
SL,2025-10-15,87.8,-2.62,6.15,"Giménez, Andrés",665926,592426,field_out,hit_into_play,,,,,4,Andrés Giménez lines out sharply to center fielder Julio Rodríguez.,L,L,R,SEA,TOR,X,8,line_drive,0,0,2025,0.37,-0.47,-0.572288100614544,2.2731364836274826,,,,1,9,Top,102.68,60.87,,,,,4.230866538340622,-127.93615304837492,-2.3802470577473955,3.2723998178590064,23.79895373077976,-37.12249010081754,3.33,1.51,347,100.4,18,88.8,2491,6.6,813043,663728,647304,660844,553993,641487,668227,677594,645302,53.9,0.408,0.475,0,1,0,0,4,76,1,Slider,4,13,13,4,13,4,13,4,Standard,Standard,32,0,-0.254,72.5,7.1,0.709,0.254,100.4,-9,9,0.001,0.999,33,26,34,27,1,4,7,2,,1,3.4,-0.37,0.37,46.3,10.677626472806796,13.502111726705671,29.681423694812338,47.523518882368855,26.495210750988992
SL,2025-10-15,86.8,-1.89,5.55,"Varsho, Daulton",662139,669923,,called_strike,,,,,1,Called Strike,L,L,R,SEA,TOR,S,,,0,0,2025,0.95,-0.18,-0.5417979250710939,3.2656327630976056,,,,1,2,Top,,,,,,,1.2852547931957008,-126.4422630715524,1.1026458406523456,9.926391299574183,26.160988087345455,-34.60068491622544,3.28678100245975,1.57162262318523,,,,87.2,2492,6.5,813043,663728,647304,593871,553993,641487,668227,677594,645302,54.01,,,,,,,,12,1,Slider,2,0,0,2,0,2,0,2,Standard,Standard,41,0.002,-0.039,,,,0.039,,2,-2,0.721,0.279,27,28,27,29,1,0,5,2,5,1,3.21,-0.95,0.95,27.9,,,,,
KC,2025-10-15,84.2,-1.6,5.59,"Naylor, Josh",647304,669456,,blocked_ball,,,,,14,Ball In Dirt,L,L,R,SEA,TOR,B,,,1,2,2025,0.6,-0.64,0.23341025259203113,0.5326749888994331,,593871,,1,1,Bot,,,,,,,3.0840069844889433,-122.55878322189369,-4.087880989576842,5.358662163751946,25.18786642975152,-38.009157927405745,3.10391614946661,1.51000134685656,,,,84.6,2556,6.6,813043,672386,665489,676391,680718,665926,664770,662139,623993,53.87,,,,,,,,9,4,Knuckle Curve,2,0,2,0,0,2,2,0,Standard,Standard,31,0.004,0.026,,,,-0.026,,2,2,0.739,0.739,30,28,30,28,1,0,8,2,5,1,3.87,-0.6,0.6,38.4,,,,,
SV,2025-10-15,80.8,2.14,5.79,"Clement, Ernie",676391,657571,,swinging_strike,,,,,13,Swinging Strike,L,R,L,SEA,TOR,S,,,0,1,2025,-0.75,-1.3,-0.6278865000720175,-0.3327525242629479,,,,0,7,Top,,,,,,,-4.744657122003573,-117.44674882746497,-4.396557607580531,-5.806570248469275,25.32895677951366,-43.35332898641129,3.33,1.55,,,,80.2,3148,6.3,813043,663728,647304,593871,553993,641487,668227,677594,645302,54.21,,,,,,,,58,2,Slurve,2,12,12,2,12,2,12,2,Standard,Standard,326,0,-0.055,26.8,7.0,,0.055,,-10,10,0.001,0.999,28,29,29,29,1,3,8,2,,1,4.84,-0.75,0.75,43.3,16.788951080982088,0.9820793701502886,40.77734008741105,29.274646751763242,33.74644882100108
SL,2025-10-15,87.1,-2.54,6.21,"Clement, Ernie",676391,592426,field_out,hit_into_play,,,,,4,"Ernie Clement grounds out, third baseman Eugenio Suárez to first baseman Josh Naylor.",L,R,R,SEA,TOR,X,5,ground_ball,0,0,2025,0.22,-0.69,-0.592412676968637,2.356611466510899,,,,0,9,Top,119.35,176.19,,,,,4.260282579891453,-126.83417093572973,-1.6731420554857044,1.483365048320205,26.499479857162832,-39.4371415179117,3.33,1.55,2,69.2,-49,87.6,2511,6.6,813043,663728,647304,660844,553993,641487,668227,677594,645302,53.91,0.238,0.219,0,1,0,0,2,75,1,Slider,4,13,13,4,13,4,13,4,Standard,Standard,29,0,-0.259,60.8,6.1,0.239,0.259,88.0,-9,9,0.001,0.999,33,29,34,29,1,4,7,2,,1,3.69,-0.22,-0.22,53.5,-5.717947511482128,13.86798042906674,37.72969959733646,29.4658711414404,19.678318401177677
FS,2025-10-15,89.1,-1.28,5.91,"Rivas, Leo",660844,684320,,ball,,,,,13,Ball,L,L,R,SEA,TOR,B,,,0,2,2025,-1.27,0.24,-1.2115156193316667,0.3270006728891248,,,,2,8,Bot,,,,,,,2.856839504129159,-129.6133348520754,-8.198720643482922,-14.917814934021031,27.737492590559974,-27.9629229501399,3.20696308398204,1.50693478652711,,,,89.4,1542,6.5,813043,672386,665489,676391,680718,665926,664702,662139,664770,53.98,,,,,,,,73,3,Split-Finger,4,12,4,12,12,4,4,12,Infield shade,Standard,238,0,0.022,,,,-0.022,,-8,-8,0.001,0.001,28,27,28,28,1,0,2,2,,1,2.64,1.27,-1.27,43.5,,,,,
SI,2025-10-15,96.6,-1.7,5.56,"Kirk, Alejandro",672386,669923,field_out,hit_into_play,,,,,7,Alejandro Kirk lines out to first baseman Josh Naylor.,L,R,R,SEA,TOR,X,3,line_drive,2,1,2025,-1.6,0.63,-0.5604468883237146,1.958501722271083,,,,0,2,Top,159.59,147.92,,,,,6.72796481825678,-140.45773914143498,-5.486712717715653,-22.68175961407168,32.69573159325632,-22.729933510988875,3.12,1.49,157,84.4,11,97.1,2292,6.7,813043,663728,647304,593871,553993,641487,668227,677594,645302,53.81,0.552,0.497,0,1,0,0,4,11,4,Sinker,2,0,0,2,0,2,0,2,Standard,Standard,226,0.027,-0.305,71.0,6.4,0.587,0.305,88.0,2,-2,0.694,0.30600000000000005,27,26,27,27,1,0,5,2,5,1,1.82,1.6,1.6,26.7,-6.288726477819661,24.39793870197635,33.62692264872599,31.839386626189462,19.859082255948007
FF,2025-10-15,93.7,-2.02,6.4,"Barger, Addison",680718,592426,home_run,hit_into_play,,,,,6,Addison Barger homers (1) on a fly ball to right center field.,L,L,R,SEA,TOR,X,,fly_ball,1,1,2025,-0.44,1.66,0.7994936767672225,2.3761358485408044,,,,0,9,Top,205.83,51.26,,,,,8.293819041509252,-135.99491843678743,-8.294466198165164,-7.390619450803083,32.76017183606119,-9.836867196400693,3.68,1.72,414,108.3,27,93.7,2362,6.6,813043,663728,647304,660844,553993,641487,668227,677594,645302,53.87,0.926,1.8696000000000006,2,1,0,3,6,74,3,4-Seam Fastball,4,12,12,4,13,4,13,4,Infield shade,Standard,208,0,1.123,79.1,7.7,3.698,-1.123,108.3,-8,8,0.001,0.999,33,25,34,26,1,4,7,2,,1,0.97,0.44,-0.44,51.5,12.582624034892923,-9.420343957099366,35.37192979603705,28.617190639032,35.73465446886303
CH,2025-10-15,88.2,-1.62,5.54,"Naylor, Josh",647304,669456,,foul,,,,,1,Foul,L,L,R,SEA,TOR,S,,,1,1,2025,-1.06,-0.24,-0.42102144368311833,2.932365025519944,,593871,,1,1,Bot,,,,,,,5.186971739427685,-128.43329402015164,0.2543083847237859,-12.84173061884776,26.399181988923736,-35.05546746699457,3.23,1.51,5,73.1,-27,89.1,1384,6.8,813043,672386,665489,676391,680718,665926,664770,662139,623993,53.72,,,,,,,,9,3,Changeup,2,0,2,0,0,2,2,0,Infield shade,Standard,255,-0.007,-0.061,72.2,7.8,,0.061,88.0,2,2,0.746,0.746,30,28,30,28,1,0,8,2,5,1,3.16,1.06,-1.06,37.8,13.129787481749553,-11.163872435145384,21.790394411456585,39.96878647783707,26.989139742364973
SV,2025-10-15,79.3,2.26,5.89,"Clement, Ernie",676391,657571,,swinging_strike,,,,,7,Swinging Strike,L,R,L,SEA,TOR,S,,,0,0,2025,-0.57,-1.15,-0.5129387029292602,1.5305026692278654,,,,0,7,Top,,,,,,,-4.983698118307684,-115.34168132072847,-0.5581904376620239,-4.059382955959,22.75606008663143,-42.53938487013419,3.33,1.55,,,,79,3087,6.2,813043,663728,647304,593871,553993,641487,668227,677594,645302,54.29,,,,,,,,58,1,Slurve,2,12,12,2,12,2,12,2,Standard,Standard,325,0,-0.039,53.1,8.1,,0.039,,-10,10,0.001,0.999,28,29,29,29,1,3,8,2,,1,4.8,-0.57,0.57,44.3,36.431627199998495,-46.216254488374716,34.81854325621747,33.23029302754398,59.21017464215153
FF,2025-10-15,93.6,-1.3,5.95,"Rivas, Leo",660844,684320,,foul,,,,,3,Foul,L,L,R,SEA,TOR,S,,,0,1,2025,-0.3,0.85,0.5588544563573042,2.9788761318651447,,,,2,8,Bot,,,,,,,5.455122179727792,-136.2230576417803,-3.7996234862967935,-4.935388466843675,28.50483338326428,-21.00505037866567,3.27,1.57,206,67.1,33,93.5,2461,6.1,813043,672386,665489,676391,680718,665926,664702,662139,664770,54.4,,,,,,,,73,2,4-Seam Fastball,4,12,4,12,12,4,4,12,Standard,Standard,212,0,-0.057,64.0,6.0,,0.057,88.0,-8,-8,0.001,0.001,28,27,28,28,1,0,2,2,,1,1.75,0.3,-0.3,46.5,-3.7136383745822035,18.1356821508729,37.968259869156945,27.482252625034675,20.80934823922589
SI,2025-10-15,96.8,-1.8,5.62,"Kirk, Alejandro",672386,669923,,called_strike,,,,,1,Called Strike,L,R,R,SEA,TOR,S,,,2,0,2025,-1.53,0.99,-0.6656553683596091,2.8098766524223615,,,,0,2,Top,,,,,,,6.564820868056569,-140.69236638953893,-4.141416757076043,-21.771797799467283,36.124098633726874,-18.326313491204843,3.15150936147421,1.52152111312988,,,,96.7,2450,6.6,813043,663728,647304,593871,553993,641487,668227,677594,645302,53.89,,,,,,,,11,3,Sinker,2,0,0,2,0,2,0,2,Standard,Standard,227,0.008,-0.072,,,,0.072,,2,-2,0.686,0.31399999999999995,27,26,27,27,1,0,5,2,5,1,1.48,1.53,1.53,28.2,,,,,
KC,2025-10-15,84.1,-1.71,5.59,"Naylor, Josh",647304,669456,,blocked_ball,,,,,14,Ball In Dirt,L,L,R,SEA,TOR,B,,,0,1,2025,0.59,-1.18,0.7757786179210595,0.3142364468178416,,593871,,1,1,Bot,,,,,,,4.611759352866535,-122.36454928898415,-3.434526390172848,4.82937279765868,27.099402862898902,-43.34761173084418,3.10380888741424,1.478437912061,,,,84.1,2679,6.6,813043,672386,665489,676391,680718,665926,664770,662139,623993,53.9,,,,,,,,9,2,Knuckle Curve,2,0,2,0,0,2,2,0,Infield shade,Standard,31,0.003,0.025,,,,-0.025,,2,2,0.743,0.743,30,28,30,28,1,0,8,2,5,1,4.43,-0.59,0.59,37.1,,,,,
FC,2025-10-15,89,2.2,5.7,"Barger, Addison",680718,657571,force_out,hit_into_play,,,,,7,"Addison Barger grounds into a force out, first baseman Josh Naylor to shortstop J.P. Crawford. Daulton Varsho out at 2nd.",L,L,L,SEA,TOR,X,3,ground_ball,1,2,2025,-0.22,0.58,-0.3177412740099398,2.1111541192026477,,,662139,2,6,Top,148.72,174.67,,,,,-5.73196620232305,-129.59355076417967,-4.0167973849262735,-1.3120529190165207,25.77625209294572,-25.028646706195342,3.68,1.72,3,79.1,-36,89.4,2679,6.4,813043,663728,647304,593871,553993,641487,668227,677594,645302,54.1,0.06,0.059,0,1,0,0,2,54,4,Cutter,2,12,12,2,12,2,12,2,Infield shade,Standard,183,0.001,-0.183,77.1,7.8,0.061,0.183,88.0,-10,10,0.002,0.998,28,25,29,26,1,3,8,2,,1,2.28,-0.22,-0.22,41.9,9.684627247863839,-3.327656500790133,26.91925101349545,41.56886722911051,34.084353218055824
SL,2025-10-15,87.6,-2.48,6.23,"Barger, Addison",680718,592426,,called_strike,,,,,8,Called Strike,L,L,R,SEA,TOR,S,,,1,0,2025,0.25,-0.79,-0.006521666801176815,1.7772510984804226,,,,0,9,Top,,,,,,,5.504513891150893,-127.57156395866247,-3.017487274046398,1.568053242353828,26.230706466360058,-40.39124949788094,3.68784982560964,1.72785184401727,,,,88.1,2473,6.6,813043,663728,647304,660844,553993,641487,668227,677594,645302,53.94,,,,,,,,74,2,Slider,4,12,12,4,12,4,12,4,Infield shade,Standard,26,0,-0.05,,,,0.05,,-8,8,0.001,0.999,33,25,34,26,1,4,7,2,,1,3.76,-0.25,0.25,53.4,,,,,
FF,2025-10-15,93.9,-1.6,5.9,"Rivas, Leo",660844,684320,,called_strike,,,,,9,Called Strike,L,L,R,SEA,TOR,S,,,0,0,2025,-0.18,1.07,0.3355123797532659,1.6113070440523012,,,,2,8,Bot,,,,,,,5.394265257352581,-136.5576905208697,-7.751974708493762,-3.3647323945386076,28.35113145184192,-17.345460416962815,3.20695410710369,1.53846204315568,,,,93.9,2488,6.2,813043,672386,665489,676391,680718,665926,664702,662139,664770,54.33,,,,,,,,73,1,4-Seam Fastball,4,12,4,12,12,4,4,12,Standard,Standard,212,0,-0.043,,,,0.043,,-8,-8,0.001,0.001,28,27,28,28,1,0,2,2,,1,1.51,0.18,-0.18,40.7,,,,,
SI,2025-10-15,96,-1.63,5.62,"Kirk, Alejandro",672386,669923,,ball,,,,,14,Ball,L,R,R,SEA,TOR,B,,,1,0,2025,-1.56,0.69,1.0223619930668464,1.9955433848458908,,,,0,2,Top,,,,,,,10.601048933755457,-139.32543392055962,-5.551366125900346,-22.732790328720707,31.672509527467426,-22.083854522399825,3.11999976838111,1.48999990188904,,,,96.3,2369,6.6,813043,663728,647304,593871,553993,641487,668227,677594,645302,53.87,,,,,,,,11,2,Sinker,2,0,0,2,0,2,0,2,Standard,Standard,226,-0.008,0.077,,,,-0.077,,2,-2,0.694,0.30600000000000005,27,26,27,27,1,0,5,2,5,1,1.8,1.56,1.56,27.3,,,,,
CU,2025-10-15,84.1,-2.57,6.36,"Barger, Addison",680718,592426,,ball,,,,,14,Ball,L,L,R,SEA,TOR,B,,,0,0,2025,0.5,-1.44,0.012073121266743925,1.4826901076549275,,,,0,9,Top,,,,,,,4.990024303400695,-122.37141521695618,-1.9614575822189895,3.901690910916191,27.329516712560455,-46.327823006646874,3.72710838083464,1.7278554324653,,,,83.8,2626,6.4,813043,663728,647304,660844,553993,641487,668227,677594,645302,54.11,,,,,,,,74,1,Curveball,4,12,12,4,12,4,12,4,Standard,Standard,25,0,0.041,,,,-0.041,,-8,8,0.001,0.999,33,25,34,26,1,4,7,2,,1,4.7,-0.5,0.5,51.8,,,,,
KC,2025-10-15,83,-1.57,5.65,"Naylor, Josh",647304,669456,,foul,,,,,8,Foul,L,L,R,SEA,TOR,S,,,0,0,2025,0.54,-1.17,-0.05561255880972049,1.9949445752419135,,593871,,1,1,Bot,,,,,,,2.4172606351451122,-120.77495155227376,0.459063908942585,4.77990043779918,25.521420784059597,-43.86613252693553,3.23,1.51,5,94,-22,83.1,2457,6.5,813043,672386,665489,676391,680718,665926,664770,662139,623993,53.95,,,,,,,,9,1,Knuckle Curve,2,0,2,0,0,2,2,0,Infield shade,Standard,31,-0.004,-0.038,73.8,8.0,,0.038,94.0,2,2,0.747,0.747,30,28,30,28,1,0,8,2,5,1,4.5,-0.54,0.54,46.2,9.005369868029536,-11.735863405896996,34.26986117346823,34.7875913582518,29.194227547110877
SI,2025-10-15,93.7,2.14,5.67,"Barger, Addison",680718,657571,,called_strike,,,,,9,Called Strike,L,L,L,SEA,TOR,S,,,1,1,2025,1.42,0.7,0.2873702556792048,2.263233382469593,,,662139,2,6,Top,,,,,,,-7.950860608664475,-136.16287454980488,-4.546670261231334,19.520300010201986,33.59036650894672,-22.64040174851957,3.64849550568241,1.71999979243018,,,,93.3,2294,6.4,813043,663728,647304,593871,553993,641487,668227,677594,645302,54.11,,,,,,,,54,3,Sinker,2,12,12,2,12,2,12,2,Standard,Standard,146,0,-0.073,,,,0.073,,-10,10,0.002,0.998,28,25,29,26,1,3,8,2,,1,1.93,1.42,1.42,39.9,,,,,
SL,2025-10-15,87.8,-1.45,5.87,"Rodríguez, Julio",677594,684320,field_out,hit_into_play,,,,,5,Julio Rodríguez flies out to center fielder Daulton Varsho.,L,R,R,SEA,TOR,X,8,fly_ball,2,1,2025,0.31,0.22,-0.14287839824913462,2.0851615887851627,,,,1,8,Bot,141.23,51.74,,,,,2.5123480425343554,-127.81603822387002,-3.4569503331395226,2.8444094433054303,27.99251630666462,-29.218276158325793,3.26,1.51,365,97.3,27,87.2,2765,6,813043,672386,665489,676391,680718,665926,664702,662139,664770,54.49,0.263,0.45699999999999996,0,1,0,0,5,72,4,Slider,4,12,4,12,12,4,4,12,Standard,Standard,107,0,-0.298,79.3,7.2,0.879,0.298,97.3,-8,-8,0.001,0.001,28,24,28,25,1,3,2,2,,1,2.75,-0.31,-0.31,38.3,-0.145745303177021,-2.5294053704157413,33.829159051658124,37.77590904589114,32.18874725600456
FC,2025-10-15,90.3,3.66,5.66,"Robles, Victor",645302,689254,field_out,hit_into_play,,,,,11,Victor Robles grounds out to first baseman Vladimir Guerrero Jr.,L,R,L,SEA,TOR,X,3,ground_ball,0,0,2025,-0.4,0.71,-0.026823406838671654,3.504706529696045,,695670,,2,9,Bot,153.78,162.01,,,,,-8.376377185945474,-131.3971372551667,-0.9915248539408388,-3.124662981540157,24.962941327938093,-23.843413838733614,3.21,1.53,102,80.7,6,91.4,2738,6.7,813043,672386,665489,643396,676391,665926,664702,662139,664770,53.78,0.389,0.354,0,1,0,0,2,82,1,Cutter,4,13,4,13,13,4,4,13,Standard,Standard,181,-0.001,-0.288,60.7,5.4,0.45,0.288,88.0,-9,-9,0.001,0.001,23,28,24,28,1,3,2,2,1,5,2.06,-0.4,0.4,31.3,2.4033792183627556,30.452019495683768,20.772954739965538,40.16994252459565,7.508846966094919
FF,2025-10-15,95.7,-1.66,5.62,"Kirk, Alejandro",672386,669923,,ball,,,,,12,Ball,L,R,R,SEA,TOR,B,,,0,0,2025,-0.68,1.36,1.2228889045480444,2.8548082804242645,,,,0,2,Top,,,,,,,9.161410833010088,-138.96087558837644,-4.7244083747096655,-10.89551637260981,32.905514648007454,-13.641555635761824,3.15150576510365,1.5215181590862,,,,95.9,2200,6.6,813043,663728,647304,593871,553993,641487,668227,677594,645302,53.87,,,,,,,,11,1,4-Seam Fastball,2,0,0,2,0,2,0,2,Standard,Standard,229,-0.004,0.041,,,,-0.041,,2,-2,0.698,0.30200000000000005,27,26,27,27,1,0,5,2,5,1,1.15,0.68,0.68,24.8,,,,,
SL,2025-10-15,87.9,-1.88,5.48,"Santander, Anthony",623993,669923,strikeout,swinging_strike,,,,,8,Anthony Santander strikes out swinging.,L,L,R,SEA,TOR,S,2,,2,2,2025,0.9,-0.25,0.16809434790768696,2.001085278996296,,665489,,2,1,Top,,,,,,,3.126246904634354,-127.97247538875624,-1.791320492516939,9.219342930660297,26.662984676220212,-34.808737193839896,3.36,1.58,,,,88.7,2592,6.8,813043,663728,647304,593871,553993,641487,668227,677594,645302,53.72,,0,0,1,0,0,,4,5,Slider,0,0,0,0,0,0,0,0,Standard,Standard,42,0.027,-0.22,69.3,7.1,,0.22,,0,0,0.521,0.479,27,30,27,31,1,0,5,3,5,,3.2,-0.9,0.9,28.9,-3.5192951567253266,2.728457153381794,29.30324311872732,32.62738708433383,26.911440361759567
SL,2025-10-15,87.2,-1.57,5.79,"Rodríguez, Julio",677594,684320,,called_strike,,,,,9,Called Strike,L,R,R,SEA,TOR,S,,,2,0,2025,0.43,0.18,0.5657840377230385,1.4106125479630487,,,,1,8,Bot,,,,,,,4.226675790870523,-126.89743359480843,-4.693363506864039,3.750835943042901,27.43680294046419,-29.45615392302773,3.22816027706102,1.51000053065635,,,,86.6,2731,6,813043,672386,665489,676391,680718,665926,664702,662139,664770,54.48,,,,,,,,72,3,Slider,4,12,4,12,12,4,4,12,Standard,Standard,69,0,-0.066,,,,0.066,,-8,-8,0.001,0.001,28,24,28,25,1,3,2,2,,1,2.83,-0.43,-0.43,37.2,,,,,
KC,2025-10-15,83,-1.67,5.62,"Polanco, Jorge",593871,669456,double,hit_into_play,,,,,8,Jorge Polanco hits a ground-rule double (1) on a line drive to right field.,L,L,R,SEA,TOR,X,,line_drive,0,0,2025,0.36,-1.04,-0.24896038615829308,2.0211261062313115,,,,1,1,Bot,189.22,53.67,,,,,2.5527771208720154,-120.86724216447843,0.2769697618575713,2.992710798631842,24.3423150481048,-42.598443690375646,3.26,1.55,355,102.6,19,83.2,2483,6.5,813043,672386,665489,676391,680718,665926,664770,662139,623993,54.01,0.351,0.5313333333333333,1.25,1,1,1,5,8,1,Knuckle Curve,2,0,2,0,0,2,2,0,Infield shade,Standard,28,0.03,0.642,70.6,7.4,0.947,-0.642,102.6,2,2,0.717,0.717,30,31,30,32,1,0,8,2,5,1,4.35,-0.36,0.36,38.9,9.755060012310786,-8.871398855457842,29.406635424779108,41.01193104593179,33.42747561683956
SI,2025-10-15,94.1,2.04,5.77,"Barger, Addison",680718,657571,,swinging_strike,,,,,14,Swinging Strike,L,L,L,SEA,TOR,S,,,1,0,2025,1.44,0.8,1.1003365742338826,1.9850285452558605,,,662139,2,6,Top,,,,,,,-5.624199338034398,-136.75256245401965,-5.805008627177124,19.285249159342364,32.87854443357995,-21.034156460117067,3.68,1.72,,,,93.7,2325,6.3,813043,663728,647304,593871,553993,641487,668227,677594,645302,54.17,,,,,,,,54,2,Sinker,2,12,12,2,12,2,12,2,Standard,Standard,148,0,-0.05,77.5,7.2,,0.05,,-10,10,0.002,0.998,28,25,29,26,1,3,8,2,,1,1.8,1.44,1.44,42.8,4.384806994427197,-2.789644353094292,33.128099738243165,24.558058602315203,26.60008767948942
FC,2025-10-15,96,-2.49,5.78,"Springer, George",543807,672841,single,hit_into_play,,,,,14,George Springer singles on a line drive to right fielder Victor Robles. Andrés Giménez to 3rd.,L,R,R,SEA,TOR,X,9,line_drive,0,1,2025,-0.28,0.95,1.0088747263365196,2.1524126508230133,,,665926,0,6,Top,192.54,137.31,,,,,9.870733067213143,-139.4552176363271,-6.161797784551492,-5.812390062574772,30.271395041441743,-18.49095278404913,3.56,1.63,214,71.4,39,95.9,2372,6.3,813043,663728,647304,593871,553993,641487,668227,677594,645302,54.24,0.456,0.458,0.9,1,1,0,3,48,2,Cutter,2,8,8,2,8,2,8,2,Standard,Standard,222,-0.009,0.512,73.8,7.8,0.558,-0.512,88.0,-6,6,0.024,0.976,25,35,26,36,1,3,2,2,1,1,1.52,0.28,0.28,33.1,10.098129696579068,6.285639626636585,34.311722775649415,49.13503099375038,16.145682919724372
FF,2025-10-15,94.6,-2.32,6.28,"Varsho, Daulton",662139,592426,strikeout,called_strike,,,,,8,Daulton Varsho called out on strikes.,L,L,R,SEA,TOR,S,2,,0,2,2025,-0.37,1.61,0.18121403972970335,1.87150440506607,665489,,,2,8,Top,,,,,,,7.4271108859401025,-137.2334744933703,-9.429099046481944,-6.458759501216269,32.864288601486045,-9.920155626714642,3.255824362086,1.4771868655892,,,,95.1,2500,7,813043,663728,647304,660844,553993,641487,668227,677594,645302,53.54,,0,0,1,0,0,,68,3,4-Seam Fastball,2,12,12,2,12,2,12,2,Standard,Standard,207,0,-0.165,,,,0.165,,-10,10,0.001,0.999,33,28,34,29,1,4,7,2,,1,0.97,0.37,-0.37,50.5,,,,,
FC,2025-10-15,91.6,3.67,5.67,"Garver, Mitch",641598,689254,field_out,hit_into_play,,,,,6,Mitch Garver flies out to first baseman Vladimir Guerrero Jr. in foul territory.,L,R,L,SEA,TOR,X,3,fly_ball,2,0,2025,-0.09,0.95,0.5008263267126267,2.6629899836844757,,695670,,1,9,Bot,180.11,172.14,,,,,-7.869887177186848,-133.1806898835655,-3.8332128529103304,0.47509523351309546,27.073902178881287,-20.264265172476055,3.48,1.64,172,94.1,68,92.7,2766,6.8,813043,672386,665489,643396,676391,665926,664702,662139,664770,53.65,0.003,0.002,0,1,0,0,3,81,3,Cutter,4,13,4,13,13,4,4,13,Standard,Standard,166,0,-0.336,72.0,7.5,0.003,0.336,94.1,-9,-9,0.001,0.001,23,34,24,34,1,0,2,2,1,,1.76,-0.09,0.09,33.2,16.710820807021285,6.718283044881777,30.3945470901365,43.844998066781216,29.77831998436305
FF,2025-10-15,93.2,-1.48,5.64,"Rodríguez, Julio",677594,669456,home_run,hit_into_play,,,,,4,Julio Rodríguez homers (3) on a fly ball to left field. Randy Arozarena scores.,L,R,R,SEA,TOR,X,,fly_ball,1,1,2025,-1.12,1.5,-0.4687391449245695,2.353512957756554,,668227,,1,1,Bot,48.98,60.25,,,,,5.090645916153904,-135.58133968100688,-5.997206528914644,-14.913989995739184,31.134179540233085,-12.58116679503144,3.26,1.51,414,112.2,22,93.7,2453,6.7,813043,672386,665489,676391,680718,665926,664770,662139,623993,53.78,0.945,1.8235000000000001,2,1,0,3,6,7,3,4-Seam Fastball,0,0,0,0,0,2,2,0,Standard,Standard,219,0.152,1.306,79.8,7.5,3.557,-1.306,112.2,0,0,0.565,0.565,30,24,30,25,1,0,8,2,5,1,1.14,1.12,1.12,38.8,8.548271456603317,-4.632847757299643,33.783061971142835,33.7931222038513,32.36643692710736
FC,2025-10-15,90,3.54,5.65,"Garver, Mitch",641598,689254,,ball,,,,,13,Ball,L,R,L,SEA,TOR,B,,,1,0,2025,-0.32,0.88,-1.7686714582544045,0.4396732440875204,,,695670,1,9,Bot,,,,,,,-12.574261147744629,-130.3362666856205,-8.86622686830812,-1.1263286457747277,26.69665724901699,-20.32856720499114,3.42477432919422,1.55317670159816,,,,90.7,2876,6.9,813043,672386,665489,643396,676391,665926,664702,662139,664770,53.59,,,,,,,,81,2,Cutter,4,13,4,13,13,4,4,13,Infield shade,Standard,168,0,0.068,,,,-0.068,,-9,-9,0.001,0.001,23,34,24,34,1,0,2,2,1,,1.95,-0.32,0.32,29.8,,,,,
SV,2025-10-15,80.6,2.13,5.84,"Barger, Addison",680718,657571,,ball,,,,,13,Ball,L,L,L,SEA,TOR,B,,,0,0,2025,-0.99,-0.81,-1.3433814160488176,1.2924683133323702,,,662139,2,6,Top,,,,,,,-5.8368585400256325,-117.18591428608717,-1.8142873920766647,-7.834358165801519,24.602462758451818,-39.45639967957651,3.58545361593142,1.75153031914781,,,,80.3,2953,6.4,813043,663728,647304,593871,553993,641487,668227,677594,645302,54.1,,,,,,,,54,1,Slurve,2,12,12,2,12,2,12,2,Standard,Standard,324,0,0.035,,,,-0.035,,-10,10,0.002,0.998,28,25,29,26,1,3,8,2,,1,4.36,-0.99,-0.99,45.8,,,,,
CU,2025-10-15,85.5,-2.7,6.32,"Varsho, Daulton",662139,592426,,swinging_strike_blocked,,,,,14,Swinging Strike (Blocked),L,L,R,SEA,TOR,S,,,0,1,2025,0.63,-1.17,0.23415830603751464,0.4859690121907083,665489,,,2,8,Top,,,,,,,5.660075600563359,-124.38017245125553,-5.055062728169327,5.238188450401511,27.78103218392673,-43.288188383296784,3.35,1.54,,,,85.4,2475,6.5,813043,663728,647304,660844,553993,641487,668227,677594,645302,54.03,,,,,,,,68,2,Curveball,2,12,12,2,12,2,12,2,Standard,Standard,21,0,-0.062,73.7,9.1,,0.062,,-10,10,0.001,0.999,33,28,34,29,1,4,7,2,,1,4.32,-0.63,0.63,53.3,30.341419843824568,-37.407558711127656,40.25803338562626,35.13663124378509,51.1117445131479
SI,2025-10-15,98.1,-1.74,5.6,"Santander, Anthony",623993,669923,,ball,,,,,12,Ball,L,L,R,SEA,TOR,B,,,1,2,2025,-1.31,0.61,1.2200499088209869,3.969217708213285,,665489,,2,1,Top,,,,,,,11.156887220937287,-142.5752793025573,-0.3830351457273393,-20.35783608530749,29.40202074138644,-23.886933086979642,3.23449012117649,1.54860803712559,,,,99.4,2347,6.8,813043,663728,647304,593871,553993,641487,668227,677594,645302,53.65,,,,,,,,4,4,Sinker,0,0,0,0,0,0,0,0,Standard,Standard,221,-0.005,0.012,,,,-0.012,,0,0,0.526,0.474,27,30,27,31,1,0,5,3,5,,1.74,1.31,-1.31,31.8,,,,,
SL,2025-10-15,85.6,-1.43,5.88,"Rodríguez, Julio",677594,684320,,ball,,,,,13,Ball,L,R,R,SEA,TOR,B,,,1,0,2025,0.6,-0.12,-0.30282049133945393,0.7318443978807645,,,,1,8,Bot,,,,,,,1.427027832914395,-124.49216185092182,-5.5163960533136365,5.926355798290152,27.490866814470373,-32.38145206418089,3.10079287899805,1.47814609536145,,,,84.5,2750,5.8,813043,672386,665489,676391,680718,665926,664702,662139,664770,54.69,,,,,,,,72,2,Slider,4,12,4,12,12,4,4,12,Standard,Standard,43,0,0.071,,,,-0.071,,-8,-8,0.001,0.001,28,24,28,25,1,3,2,2,,1,3.26,-0.6,-0.6,40.0,,,,,
SI,2025-10-15,98.9,-2.53,5.74,"Springer, George",543807,672841,,called_strike,,,,,8,Called Strike,L,R,R,SEA,TOR,S,,,0,0,2025,-1.58,0.71,-0.2268918330426286,1.7707506661143642,,,665926,0,6,Top,,,,,,,10.007848335927626,-143.60951964612744,-7.038452319656571,-24.221818713286474,33.693716856475746,-20.806051692682015,3.62282074222086,1.69284974036028,,,,99.1,2272,6.5,813043,663728,647304,593871,553993,641487,668227,677594,645302,53.96,,,,,,,,48,1,Sinker,2,8,8,2,8,2,8,2,Standard,Standard,225,0.001,-0.043,,,,0.043,,-6,6,0.023,0.977,25,35,26,36,1,3,2,2,1,1,1.63,1.58,1.58,30.7,,,,,
FF,2025-10-15,93.7,-1.59,5.68,"Rodríguez, Julio",677594,669456,,ball,,,,,11,Ball,L,R,R,SEA,TOR,B,,,0,1,2025,-1.12,1.54,-1.5450534508505913,3.4549643880061947,,668227,,1,1,Bot,,,,,,,2.608529706939367,-136.33420647860623,-3.406665538925309,-14.566806269001015,31.691527999332557,-12.438832473026935,3.29154673189981,1.52577939809893,,,,94,2426,6.6,813043,672386,665489,676391,680718,665926,664770,662139,623993,53.87,,,,,,,,7,2,4-Seam Fastball,0,0,0,0,0,0,0,0,Standard,Standard,217,0.003,0.025,,,,-0.025,,0,0,0.562,0.562,30,24,30,25,1,0,8,2,5,1,1.07,1.12,1.12,39.8,,,,,
SI,2025-10-15,93.4,2.15,5.7,"Varsho, Daulton",662139,657571,single,hit_into_play,,,,,5,Daulton Varsho singles on a line drive to center fielder Julio Rodríguez.,L,L,L,SEA,TOR,X,8,line_drive,0,1,2025,1.41,0.77,0.22533957912672875,2.3744795302357034,,,,2,6,Top,112.5,92.17,,,,,-8.062078912736727,-135.62594394708924,-4.440774132480339,19.16581544537844,32.87209793519881,-21.852303146288,3.35,1.54,229,76,19,93,2227,6.4,813043,663728,647304,593871,553993,641487,668227,677594,645302,54.11,0.98,0.909,0.9,1,1,0,4,53,2,Sinker,2,12,12,2,12,2,12,2,Standard,Standard,148,-0.001,0.368,75.1,7.5,1.065,-0.368,88.0,-10,10,0.003,0.997,28,28,29,29,1,3,8,2,,1,1.88,1.41,1.41,40.8,2.5215140499143365,5.896092023823193,27.18219998173125,33.858299812225155,22.387498518597567
ST,2025-10-15,81.1,3.53,5.77,"Garver, Mitch",641598,689254,,ball,,,,,3,Ball,L,R,L,SEA,TOR,B,,,0,0,2025,-1.2,0.25,0.7872032798555731,3.22431361315173,,,695670,1,9,Bot,,,,,,,-3.8948847954361328,-118.06740346633067,0.533412064416066,-10.281449518359562,24.940573686039354,-30.165688505034236,3.61414083690035,1.69526188876319,,,,81.9,2737,7,813043,672386,665489,643396,676391,665926,664702,662139,664770,53.48,,,,,,,,81,1,Sweeper,4,13,4,13,13,4,4,13,Infield shade,Standard,301,0,0.035,,,,-0.035,,-9,-9,0.001,0.001,23,34,24,34,1,0,2,2,1,,3.24,-1.2,1.2,35.6,,,,,
CU,2025-10-15,85.3,-2.65,6.23,"Varsho, Daulton",662139,592426,,swinging_strike,,,,,14,Swinging Strike,L,L,R,SEA,TOR,S,,,0,0,2025,0.52,-1.39,0.5817790522872501,0.5141904288314834,,665489,,2,8,Top,,,,,,,6.592386975261692,-123.93915279574018,-4.272013137503336,3.8105731724815017,27.78053833401839,-45.6062649413322,3.35,1.54,,,,85.2,2530,6.6,813043,663728,647304,660844,553993,641487,668227,677594,645302,53.9,,,,,,,,68,1,Curveball,2,12,12,2,12,2,12,2,Standard,Standard,20,0,-0.04,73.3,9.2,,0.04,,-10,10,0.001,0.999,33,28,34,29,1,4,7,2,,1,4.56,-0.52,0.52,52.0,29.870153633071855,-41.237195210274464,40.09291505721187,31.56954479947492,53.092484307838376
SL,2025-10-15,88.8,0.36,6.56,"Robles, Victor",645302,680755,field_out,hit_into_play,,,,,6,Victor Robles pops out to shortstop Andrés Giménez.,L,R,R,SEA,TOR,X,6,popup,2,1,2025,0.23,0.31,0.3577613692671667,2.0596242183761495,,,,2,7,Bot,124.67,192.63,,,,,-0.4852628279875161,-129.31469401533403,-5.56359860432082,2.6893495984653755,25.8003606207062,-27.758354302167124,3.21,1.53,105,66.9,66,87.5,2335,5.3,813043,672386,665489,676391,680718,665926,664702,662139,664770,55.16,0.003,0.003,0,1,0,0,3,64,4,Slider,2,12,2,12,12,2,2,12,Standard,Standard,168,0,-0.296,65.3,7.4,0.003,0.296,88.0,-10,-10,0.001,0.001,24,28,25,28,1,2,2,2,9,5,2.56,-0.23,-0.23,48.8,21.534740055952874,-20.930437063854516,35.9891665986057,44.12688472696493,36.38374017283441
SI,2025-10-15,97.3,-2.55,5.72,"Giménez, Andrés",665926,672841,single,hit_into_play,,,,,4,Andrés Giménez singles on a ground ball to left fielder Randy Arozarena.,L,L,R,SEA,TOR,X,7,ground_ball,0,1,2025,-1.53,0.22,-0.7850081496262673,2.371660418129056,,,,0,6,Top,84.92,113.41,,,,,8.255031007741229,-141.44439825864268,-3.9033385049006775,-22.467693592107175,34.880251715079574,-28.458083975748092,3.33,1.51,9,90.9,-14,97,2092,6.3,813043,663728,647304,593871,553993,641487,668227,677594,645302,54.17,0.145,0.136,0.9,1,1,0,2,47,2,Sinker,2,8,8,2,8,2,8,2,Standard,Standard,231,-0.004,0.477,68.1,6.8,0.169,-0.477,90.9,-6,6,0.027,0.973,25,26,26,27,1,2,2,2,1,1,2.21,1.53,-1.53,29.8,2.1923408472654913,24.626966808435338,27.350132400981085,49.02360655889362,14.296973170449384
SL,2025-10-15,87.4,-1.52,5.87,"Rodríguez, Julio",677594,684320,,ball,,,,,13,Ball,L,R,R,SEA,TOR,B,,,0,0,2025,0.14,0.24,-1.1312725791745089,2.313295808736852,,,,1,8,Bot,,,,,,,0.6442776811669894,-127.28175378721897,-2.891566469513247,1.3552413374683268,27.003553494158833,-29.141867309161086,3.32366149597173,1.54184721947197,,,,86.7,2684,5.9,813043,672386,665489,676391,680718,665926,664702,662139,664770,54.62,,,,,,,,72,1,Slider,4,12,4,12,12,4,4,12,Standard,Standard,135,0,0.039,,,,-0.039,,-8,-8,0.001,0.001,28,24,28,25,1,3,2,2,,1,2.74,-0.14,-0.14,38.5,,,,,
FF,2025-10-15,97.2,-1.9,5.62,"Santander, Anthony",623993,669923,,swinging_strike,,,,,2,Swinging Strike,L,L,R,SEA,TOR,S,,,1,1,2025,-0.89,1.14,0.08889071121388448,3.4471618915599826,,665489,,2,1,Top,,,,,,,7.460312047292022,-141.51675719469887,-2.9959315476828166,-13.664369633471416,30.003999173233368,-16.266763573735727,3.36,1.58,,,,98.4,2328,6.8,813043,663728,647304,593871,553993,641487,668227,677594,645302,53.74,,,,,,,,4,3,4-Seam Fastball,0,0,0,0,0,0,0,0,Standard,Standard,226,0.008,-0.056,67.2,5.8,,0.056,,0,0,0.518,0.482,27,30,27,31,1,0,5,3,5,,1.25,0.89,-0.89,34.8,-4.134643964351667,18.781569921216274,22.21283467330662,33.35995669917334,18.53468239145627
SI,2025-10-15,97.7,-1.73,5.68,"Santander, Anthony",623993,669923,,ball,,,,,12,Ball,L,L,R,SEA,TOR,B,,,0,1,2025,-1.34,0.72,0.5120396157102147,4.499977489647659,,665489,,2,1,Top,,,,,,,9.209836236668522,-142.0151584080773,0.6778777692527201,-20.24025603757945,30.973605461145304,-22.785052378786833,3.32862693569871,1.59569176446055,,,,98.6,2276,6.7,813043,663728,647304,593871,553993,641487,668227,677594,645302,53.75,,,,,,,,4,2,Sinker,0,0,0,0,0,0,0,0,Standard,Standard,222,-0.003,0.015,,,,-0.015,,0,0,0.521,0.479,27,30,27,31,1,0,5,3,5,,1.67,1.34,-1.34,31.9,,,,,
SL,2025-10-15,85.2,-1.81,5.68,"Rodríguez, Julio",677594,669456,,called_strike,,,,,5,Called Strike,L,R,R,SEA,TOR,S,,,0,0,2025,0.14,-0.03,-0.20294528835249276,2.706350610400346,,,668227,1,1,Bot,,,,,,,3.505386880347597,-124.1283801025782,-0.7015535680921818,0.8712691574465565,21.65491274944484,-32.552105226190946,3.37147048815704,1.51000167540004,,,,86.1,2661,6.5,813043,672386,665489,676391,680718,665926,664770,662139,623993,54,,,,,,,,7,1,Slider,0,0,0,0,0,0,0,0,Standard,Standard,81,0.011,-0.04,,,,0.04,,0,0,0.551,0.551,30,24,30,25,1,0,8,2,5,1,3.13,-0.14,-0.14,37.6,,,,,
SI,2025-10-15,94.7,2.09,5.83,"Varsho, Daulton",662139,657571,,called_strike,,,,,2,Called Strike,L,L,L,SEA,TOR,S,,,0,0,2025,1.3,1.08,0.01453335073756512,3.0475731842126486,,,,2,6,Top,,,,,,,-8.338433563800352,-137.59339966617748,-3.947354888638654,18.376497314578092,33.04060539446383,-17.80880788889393,3.38175608554441,1.57177296346529,,,,94.5,2266,6.4,813043,663728,647304,593871,553993,641487,668227,677594,645302,54.06,,,,,,,,53,1,Sinker,2,12,12,2,12,2,12,2,Standard,Standard,152,0,-0.043,,,,0.043,,-10,10,0.003,0.997,28,28,29,29,1,3,8,2,,1,1.49,1.3,1.3,46.1,,,,,
CU,2025-10-15,83.7,-2.51,6.28,"Kirk, Alejandro",672386,592426,field_out,hit_into_play,,,,,4,"Alejandro Kirk grounds out, third baseman Eugenio Suárez to first baseman Josh Naylor.",L,R,R,SEA,TOR,X,5,ground_ball,3,2,2025,0.45,-1.34,-0.33143256073385363,1.9938366133640915,,665489,,1,8,Top,103.66,165.05,,,,,4.147424748272904,-121.81804855651573,-0.7826821051201854,3.6028645558588295,25.535777081415574,-45.54682496589624,3.12,1.49,35,108.7,-2,83.9,2395,6.6,813043,663728,647304,660844,553993,641487,668227,677594,645302,53.91,0.484,0.458,0,1,0,0,4,67,6,Curveball,2,12,12,2,12,2,12,2,Standard,Standard,22,0,-0.279,80.9,7.7,0.535,0.279,108.7,-10,10,0.001,0.999,33,26,34,27,1,4,7,2,,1,4.61,-0.45,-0.45,58.2,15.052152052789403,-13.011891317540764,20.703076165891833,34.97480290122544,42.51030937375703
CU,2025-10-15,83.1,0.35,6.55,"Robles, Victor",645302,680755,,ball,,,,,14,Ball,L,R,R,SEA,TOR,B,,,1,1,2025,0.43,-1.29,0.7354968961806783,0.7245049430761115,,,,2,7,Bot,,,,,,,0.05731420847457387,-120.9574366396295,-4.2130294811008415,4.125891716512835,26.908496147959546,-44.028869809785945,3.0506787055185,1.43436720878899,,,,81.3,2553,5.4,813043,672386,665489,676391,680718,665926,664702,662139,664770,55.12,,,,,,,,64,3,Curveball,2,12,2,12,12,2,2,12,Standard,Standard,19,0,0.053,,,,-0.053,,-10,-10,0.001,0.001,24,28,25,28,1,2,2,2,9,5,4.63,-0.43,-0.43,49.0,,,,,
FF,2025-10-15,95.6,-1.32,5.92,"Raleigh, Cal",663728,684320,home_run,hit_into_play,,,,,6,Cal Raleigh homers (3) on a fly ball to right field.,L,L,R,SEA,TOR,X,,fly_ball,1,1,2025,-0.17,1.1,0.6600596938952441,2.4044124812647376,,,,1,8,Bot,219.57,99.12,,,,,5.589257463041664,-139.06158270693751,-6.110614329247614,-3.4080075357968886,30.666372471460353,-16.780102178272404,3.59,1.69,337,92.5,33,95.4,2355,6.1,813043,672386,665489,676391,680718,665926,664702,662139,664770,54.36,0.109,0.2,2,1,0,3,3,71,3,4-Seam Fastball,3,12,3,12,12,4,4,12,Infield shade,Standard,216,0,1.593,84.1,8.2,0.362,-1.593,92.5,-9,-9,0.001,0.001,28,28,28,29,1,3,2,2,,1,1.4,0.17,-0.17,41.1,19.549432088277943,-11.975661321955378,41.407333556909,26.89860704938374,35.34350831069759
FC,2025-10-15,91.7,3.73,5.69,"Suárez, Eugenio",553993,689254,strikeout,swinging_strike,,,,,2,Eugenio Suárez strikes out swinging.,L,R,L,SEA,TOR,S,2,,3,2,2025,-0.09,1.16,0.169194065408407,2.9633936888697914,,,695670,0,9,Bot,,,,,,,-8.896242921179766,-133.3636891753801,-3.5956328915513365,0.682495330119188,26.120290662484795,-17.744551749495177,3.44,1.58,,,,92.8,2793,6.8,813043,672386,665489,643396,676391,665926,664702,662139,664770,53.72,,0,0,1,0,0,,80,10,Cutter,4,13,4,13,13,4,4,13,Standard,Standard,168,0,-0.315,72.0,6.8,,0.315,,-9,-9,0.001,0.001,23,33,24,34,1,3,2,2,1,1,1.54,-0.09,0.09,31.5,-3.0496131593691924,27.407044572550692,42.523555571206266,33.052071554712235,18.263230591808846
SI,2025-10-15,97.8,-2.56,5.71,"Giménez, Andrés",665926,672841,,foul,,,,,5,Foul,L,L,R,SEA,TOR,S,,,0,0,2025,-1.77,0.55,0.17321496654704127,2.541017500998368,,,,0,6,Top,,,,,,,11.505950448752843,-141.91261341856654,-4.246852491655555,-26.628363239186974,35.418140868557735,-23.93944632300713,3.33,1.51,97,80.9,6,97.7,2283,6.6,813043,663728,647304,593871,553993,641487,668227,677594,645302,53.88,,,,,,,,47,1,Sinker,2,8,8,2,8,2,8,2,Standard,Standard,225,0,-0.039,67.2,6.0,,0.039,88.0,-6,6,0.027,0.973,25,26,26,27,1,2,2,2,1,1,1.87,1.77,-1.77,28.7,-9.738315830294463,27.252607654314062,39.32718409010021,37.810898953802855,13.110530014247903
FC,2025-10-15,88.6,-1.93,5.64,"Raleigh, Cal",663728,669456,field_out,hit_into_play,,,,,4,Cal Raleigh flies out to left fielder Nathan Lukes in foul territory.,L,L,R,SEA,TOR,X,7,fly_ball,2,2,2025,0,0.58,-0.618399367147101,2.7386912305991498,,,668227,0,1,Bot,52.4,132.29,,,,,3.2258034696193882,-129.1967498918454,-2.3125767902175722,-0.6128919753538351,24.20789162167461,-25.396219693685314,3.59,1.69,246,81.8,48,89.5,2650,6.5,813043,672386,665489,676391,680718,665926,664770,662139,623993,54.01,0.023,0.021,0,1,0,0,3,6,5,Cutter,0,0,0,0,0,0,0,0,Infield shade,Standard,201,-0.027,-0.2,76.5,7.1,0.03,0.2,88.0,0,0,0.578,0.578,30,28,30,29,1,0,8,2,5,1,2.29,0,0,37.1,4.3133618628627755,14.671701415625966,30.565710440909886,39.33115546823582,24.406618030415828
FF,2025-10-15,94.4,2.12,5.7,"Kirk, Alejandro",672386,657571,home_run,hit_into_play,,,,,8,Alejandro Kirk homers (3) on a fly ball to right field. George Springer scores. Vladimir Guerrero Jr. scores.,L,R,L,SEA,TOR,X,,fly_ball,1,1,2025,0.58,1.08,0.11503980569056849,1.7455166140863991,,543807,665489,2,6,Top,207.12,80.65,,,,,-6.538727202785731,-137.25272248214011,-7.007740030348683,8.82924629733439,31.283933888707274,-17.084800324579174,3.12,1.49,354,101.8,32,94.5,2234,6.5,813043,663728,647304,593871,553993,641487,668227,677594,645302,54.02,0.507,1.0065151515151516,2,1,0,3,6,52,3,4-Seam Fastball,2,9,9,2,12,2,12,2,Standard,Standard,143,-0.012,1.691,77.2,7.4,1.974,-1.691,101.8,-7,7,0.015,0.985,28,26,29,27,1,3,8,2,,1,1.48,0.58,-0.58,41.0,6.82528495881453,11.240119386852294,26.47205845511868,42.51643585561047,27.023975241563292
SL,2025-10-15,87.2,-2.72,6.16,"Kirk, Alejandro",672386,592426,,foul,,,,,14,Foul,L,R,R,SEA,TOR,S,,,3,1,2025,0.12,-0.48,0.16149751409340232,0.9813966982079299,,665489,,1,8,Top,,,,,,,6.720096110116002,-126.79983419379919,-5.33838233679781,-0.0531158266042186,25.538839232127376,-36.49421283817515,3.12,1.49,1,75.8,-59,87.8,2397,6.7,813043,663728,647304,660844,553993,641487,668227,677594,645302,53.83,,,,,,,,67,5,Slider,2,12,12,2,12,2,12,2,Standard,Standard,28,0,-0.068,74.3,7.9,,0.068,88.0,-10,10,0.001,0.999,33,26,34,27,1,4,7,2,,1,3.48,-0.12,-0.12,49.6,14.32850187800455,0.44365404771507244,29.704785032929934,40.912395036973706,30.610641446398738
FC,2025-10-15,97,-2.59,5.84,"Clement, Ernie",676391,672841,single,hit_into_play,,,,,8,"Ernie Clement singles on a line drive to right fielder Victor Robles. Anthony Santander scores. Alejandro Kirk out at 3rd on the throw, right fielder Victor Robles to first baseman Josh Naylor to third baseman Eugenio Suárez.",L,R,R,SEA,TOR,X,9,line_drive,0,0,2025,-0.17,0.85,0.17616263893826067,1.9232378191927675,,623993,672386,2,5,Top,183.85,107.55,,,,,7.870028232473066,-140.91280728157588,-6.894851085743601,-4.15933681999096,32.84294574671346,-19.468790151869477,3.33,1.55,210,97.9,11,97.6,2374,6.8,813043,663728,647304,593871,553993,641487,668227,677594,645302,53.71,0.884,0.841,0.9,1,1,0,4,42,1,Cutter,2,7,7,2,8,2,8,2,Standard,Standard,212,-0.02,0.542,66.4,6.8,1.03,-0.542,97.9,-5,5,0.065,0.935,25,29,26,29,1,2,2,2,1,1,1.59,0.17,0.17,31.8,-9.002100966822532,5.79484723415354,35.51510908505117,40.48423851406252,21.511893505266308
ST,2025-10-15,81.3,3.45,5.73,"Suárez, Eugenio",553993,689254,,foul,,,,,14,Foul,L,R,L,SEA,TOR,S,,,3,2,2025,-1.25,-0.29,0.9045603448202748,1.068975313223047,,,695670,0,9,Bot,,,,,,,-3.342150780215657,-118.3659237577024,-3.2326349181187837,-10.935326558138929,25.41380034900315,-34.41122407997409,3.44,1.58,,,,81.8,2806,6.9,813043,672386,665489,643396,676391,665926,664702,662139,664770,53.61,,,,,,,,80,9,Sweeper,4,13,4,13,13,4,4,13,Standard,Standard,297,0,0,30.3,6.6,,0,,-9,-9,0.001,0.001,23,33,24,34,1,3,2,2,1,1,3.77,-1.25,1.25,37.7,-2.366872321471113,37.794907975095555,34.6775240390436,41.59192730441063,9.815502389702456
FS,2025-10-15,88.8,-1.18,5.99,"Raleigh, Cal",663728,684320,,ball,,,,,13,Ball,L,L,R,SEA,TOR,B,,,0,1,2025,-1.16,0.48,-0.816979756239987,0.31353518131132896,,,,1,8,Bot,,,,,,,3.3216653883201737,-129.1315455942142,-8.875246182365364,-13.697497258938805,26.083176239635286,-25.1509807195399,3.55863392250029,1.72137925545966,,,,89,1714,6.4,813043,672386,665489,676391,680718,665926,664702,662139,664770,54.13,,,,,,,,71,2,Split-Finger,3,12,3,12,12,3,3,12,Infield shade,Standard,228,0,0.029,,,,-0.029,,-9,-9,0.001,0.001,28,28,28,29,1,3,2,2,,1,2.4,1.16,-1.16,45.5,,,,,
SL,2025-10-15,88.4,0.36,6.62,"Robles, Victor",645302,680755,,ball,,,,,14,Ball,L,R,R,SEA,TOR,B,,,0,1,2025,0.12,0.22,1.1395610931874982,0.9891422515195512,,,,2,7,Bot,,,,,,,1.614377137666381,-128.64340621780045,-7.990872978478007,1.0444087025671873,24.80064530782873,-28.352604311829396,3.05065027827947,1.46623278998645,,,,86.9,2336,5.1,813043,672386,665489,676391,680718,665926,664702,662139,664770,55.35,,,,,,,,64,2,Slider,2,12,2,12,12,2,2,12,Standard,Standard,208,0,0.027,,,,-0.027,,-10,-10,0.001,0.001,24,28,25,28,1,2,2,2,9,5,2.68,-0.12,-0.12,47.6,,,,,
SL,2025-10-15,87.3,-1.93,5.52,"Santander, Anthony",623993,669923,,called_strike,,,,,1,Called Strike,L,L,R,SEA,TOR,S,,,0,0,2025,0.92,-0.32,-0.6860230703810307,2.919609276545272,,665489,,2,1,Top,,,,,,,1.108745280074287,-127.192549897296,0.5596073545315008,9.715845867511845,26.508360612166406,-35.936912429599026,3.32861985679073,1.58000077810634,,,,87.9,2519,6.6,813043,663728,647304,593871,553993,641487,668227,677594,645302,53.88,,,,,,,,4,1,Slider,0,0,0,0,0,0,0,0,Standard,Standard,46,0.005,-0.04,,,,0.04,,0,0,0.516,0.484,27,30,27,31,1,0,5,3,5,,3.3,-0.92,0.92,28.2,,,,,
SI,2025-10-15,97.4,-1.62,5.65,"Guerrero Jr., Vladimir",665489,669923,single,hit_into_play,,,,,8,"Vladimir Guerrero Jr. singles on a ground ball to third baseman Eugenio Suárez. Vladimir Guerrero Jr. to 2nd. Vladimir Guerrero Jr. advances to 2nd, on a throwing error by third baseman Eugenio Suárez.",L,R,R,SEA,TOR,X,5,ground_ball,1,1,2025,-1.44,0.89,-0.04211670463849049,2.001572168340951,,,,2,1,Top,100.62,168.59,,,,,7.606371282858093,-141.63504194143476,-6.364303589668031,-21.09420311018289,31.49534952235455,-18.97111099359183,3.68,1.67,4,102.8,-26,98.2,2363,6.7,813043,663728,647304,593871,553993,641487,668227,677594,645302,53.77,0.089,0.085,0.9,1,1,0,2,3,3,Sinker,0,0,0,0,0,0,0,0,Standard,Standard,224,-0.022,0.342,82.0,8.0,0.089,-0.342,102.8,0,0,0.538,0.46199999999999997,27,26,27,26,1,0,5,2,5,1,1.51,1.44,1.44,29.8,-1.3192942032187727,-12.486821573028164,34.31786305588026,34.665095976448384,31.93551625279194
SL,2025-10-15,86,-1.75,5.53,"Raleigh, Cal",663728,669456,,ball,,,,,14,Ball,L,L,R,SEA,TOR,B,,,1,2,2025,0.13,0.02,1.2394149886580343,1.20883981181015,,,668227,0,1,Bot,,,,,,,6.867358448795882,-125.20744907214048,-4.175311929615946,0.2519589608476939,20.39547965309561,-31.420079551747392,3.38647267557327,1.62734725137827,,,,87.2,2707,6.6,813043,672386,665489,676391,680718,665926,664770,662139,623993,53.9,,,,,,,,6,4,Slider,0,0,0,0,0,0,0,0,Infield shade,Standard,28,0.005,0.036,,,,-0.036,,0,0,0.573,0.573,30,28,30,29,1,0,8,2,5,1,3.01,-0.13,0.13,38.8,,,,,
SL,2025-10-15,88.6,0.35,6.63,"Robles, Victor",645302,680755,,swinging_strike,,,,,14,Swinging Strike,L,R,R,SEA,TOR,S,,,0,0,2025,0.31,0.17,0.9126278329530241,0.893241342025799,,,,2,7,Bot,,,,,,,0.7297854102447117,-128.9499273193041,-8.159868854715183,3.2856705722720245,26.231717270527188,-28.853286099522446,3.21,1.53,,,,87,2382,5.2,813043,672386,665489,676391,680718,665926,664702,662139,664770,55.29,,,,,,,,64,1,Slider,2,12,2,12,12,2,2,12,Standard,Standard,171,0,-0.043,60.5,7.7,,0.043,,-10,-10,0.001,0.001,24,28,25,28,1,2,2,2,9,5,2.73,-0.31,-0.31,48.5,27.052305142971196,-22.987726204287394,40.3564340849239,51.576990252008265,41.36458964942296
FF,2025-10-15,93.6,2.24,5.73,"Kirk, Alejandro",672386,657571,,called_strike,,,,,4,Called Strike,L,R,L,SEA,TOR,S,,,1,0,2025,0.37,1.17,-0.5502731442548279,2.052586772425692,,543807,665489,2,6,Top,,,,,,,-8.036837047509074,-135.9335524674274,-6.306264909810054,6.427395099516816,30.563941375513732,-16.42990238388045,3.12000056270124,1.49000058663918,,,,93.6,2263,6.5,813043,663728,647304,593871,553993,641487,668227,677594,645302,54.04,,,,,,,,52,2,4-Seam Fastball,2,9,9,2,9,2,9,2,Standard,Standard,146,0,-0.052,,,,0.052,,-7,7,0.015,0.985,28,26,29,27,1,3,8,2,,1,1.45,0.37,-0.37,43.2,,,,,
SL,2025-10-15,87.8,-2.7,6.14,"Kirk, Alejandro",672386,592426,,ball,,,,,14,Ball,L,R,R,SEA,TOR,B,,,2,1,2025,0.2,-0.57,0.8175077633001945,0.8038204573194521,,665489,,1,8,Top,,,,,,,8.135936360573265,-127.53450821197359,-5.624748297185008,0.5328044531883285,26.46616730202826,-37.396411688254176,2.99415099449478,1.4585251812507,,,,88.2,2398,6.7,813043,663728,647304,660844,553993,641487,668227,677594,645302,53.83,,,,,,,,67,4,Slider,2,12,12,2,12,2,12,2,Standard,Standard,22,0,0.071,,,,-0.071,,-10,10,0.001,0.999,33,26,34,27,1,4,7,2,,1,3.54,-0.2,-0.2,52.9,,,,,
SI,2025-10-15,98.6,-2.64,5.68,"Barger, Addison",680718,672841,field_out,hit_into_play,,,,,9,Addison Barger flies out to left fielder Randy Arozarena.,L,L,R,SEA,TOR,X,7,fly_ball,1,0,2025,-1.47,0.78,0.40717401607786896,2.2492348666043975,,623993,672386,1,5,Top,63,136.91,,,,,11.782010541056524,-143.00774986538698,-5.686473092967985,-22.966846146479117,33.34771505806951,-20.269616267179828,3.68,1.72,221,85.6,56,99.1,2289,6.8,813043,663728,647304,593871,553993,641487,668227,677594,645302,53.74,0.018,0.017,0,1,0,0,3,41,2,Sinker,2,7,7,2,7,2,7,2,Standard,Standard,218,0.011,-0.274,74.3,7.6,0.021,0.274,88.0,-5,5,0.054,0.946,25,25,26,26,1,2,2,2,1,1,1.58,1.47,-1.47,31.4,9.666108779517982,-5.728479841177285,34.63832985154669,30.985926809610497,28.286681788974562
FF,2025-10-15,97,-1.6,5.9,"Raleigh, Cal",663728,684320,,called_strike,,,,,7,Called Strike,L,L,R,SEA,TOR,S,,,0,0,2025,-0.28,1.01,-0.6968441258447924,1.6101552073751177,,,,1,8,Bot,,,,,,,3.04343019392517,-141.0970278154479,-8.187658927219735,-4.4860409169633755,33.02366217512837,-17.069308017925422,3.55862427349234,1.7213909757005,,,,96.7,2642,6.2,813043,672386,665489,676391,680718,665926,664702,662139,664770,54.31,,,,,,,,71,1,4-Seam Fastball,3,12,3,12,12,3,3,12,Infield shade,Standard,213,0,-0.039,,,,0.039,,-9,-9,0.001,0.001,28,28,28,29,1,3,2,2,,1,1.42,0.28,-0.28,38.8,,,,,
FC,2025-10-15,90.9,3.81,5.77,"Suárez, Eugenio",553993,689254,,ball,,,,,12,Ball,L,R,L,SEA,TOR,B,,,2,2,2025,-0.15,0.93,1.1978569521883704,4.1737537488408325,,,695670,0,9,Bot,,,,,,,-6.276315929858182,-132.46143161182587,-0.15806580217664734,-0.6085159689170349,24.7842330704543,-21.341089880947766,3.43213385301668,1.58786707649216,,,,92.1,2771,6.7,813043,672386,665489,643396,676391,665926,664702,662139,664770,53.83,,,,,,,,80,8,Cutter,4,13,4,13,13,4,4,13,Standard,Standard,171,0,0.113,,,,-0.113,,-9,-9,0.001,0.001,23,33,24,34,1,3,2,2,1,1,1.8,-0.15,0.15,32.8,,,,,
KC,2025-10-15,83.1,-1.66,5.58,"Raleigh, Cal",663728,669456,,blocked_ball,,,,,14,Ball In Dirt,L,L,R,SEA,TOR,B,,,0,2,2025,0.81,-0.93,1.1592595064874693,0.11759944114003895,,,668227,0,1,Bot,,,,,,,4.898744169903564,-120.79063235850745,-4.14075759440013,6.767192619486574,26.866134190691568,-40.5177543936872,3.40207903097461,1.65866670181041,,,,83.1,2657,6.7,813043,672386,665489,676391,680718,665926,664770,662139,623993,53.83,,,,,,,,6,3,Knuckle Curve,0,0,0,0,0,0,0,0,Infield shade,Standard,31,0.003,0.017,,,,-0.017,,0,0,0.57,0.57,30,28,30,29,1,0,8,2,5,1,4.28,-0.81,0.81,38.1,,,,,
SV,2025-10-15,80.5,2.28,5.8,"Kirk, Alejandro",672386,657571,,ball,,,,,13,Ball,L,R,L,SEA,TOR,B,,,0,0,2025,-0.98,-0.96,-0.7409572412246266,0.9333841856262275,,543807,665489,2,6,Top,,,,,,,-4.854648576175765,-117.07334950468076,-2.245533252502428,-7.967352871454171,23.759140864778736,-40.71710965333151,3.08832096783726,1.49000037714585,,,,80.4,3099,6.4,813043,663728,647304,593871,553993,641487,668227,677594,645302,54.08,,,,,,,,52,1,Slurve,2,9,9,2,9,2,9,2,Standard,Standard,319,0,0.024,,,,-0.024,,-7,7,0.015,0.985,28,26,29,27,1,3,8,2,,1,4.5,-0.98,0.98,45.1,,,,,
FC,2025-10-15,92.2,0.29,6.63,"Canzone, Dominic",686527,680755,grounded_into_double_play,hit_into_play,,,,,3,"Dominic Canzone grounds into a double play, second baseman Ernie Clement to shortstop Andrés Giménez to first baseman Vladimir Guerrero Jr. Eugenio Suárez out at 2nd. Dominic Canzone out at 1st.",L,L,R,SEA,TOR,X,4,ground_ball,2,2,2025,0.3,0.75,0.37320356034148927,2.9886425942370094,,,553993,0,7,Bot,152.26,151.38,,,,,-0.4197852203470179,-134.26787109337732,-5.025520948887082,3.678222054715474,27.533079639512835,-22.196425732171736,3.24,1.47,45,88,0,90.7,2288,5.2,813043,672386,665489,676391,680718,665926,664702,662139,664770,55.31,0.252,0.227,0,1,0,0,2,63,5,Cutter,2,12,2,12,12,2,2,12,Infield shade,Standard,189,-0.001,-0.294,71.4,6.9,0.252,0.294,88.0,-10,-10,0.002,0.002,24,27,25,28,1,2,2,2,9,1,1.91,-0.3,0.3,48.8,10.2360929878793,10.876934554804814,27.33052094313565,36.67483817678287,34.14379757445536
SL,2025-10-15,85.8,-2.49,6.25,"Kirk, Alejandro",672386,592426,,called_strike,,,,,2,Called Strike,L,R,R,SEA,TOR,S,,,2,0,2025,0.12,-0.7,-0.09466882863424715,2.845475507074059,,665489,,1,8,Top,,,,,,,5.446349527362892,-124.87120902230568,-0.38267987654375557,0.12648386676923423,24.76851223964578,-39.630700956182636,2.99416074470595,1.45852562765077,,,,86.3,2339,6.5,813043,663728,647304,660844,553993,641487,668227,677594,645302,53.96,,,,,,,,67,3,Slider,2,12,12,2,12,2,12,2,Standard,Standard,34,0,-0.058,,,,0.058,,-10,10,0.001,0.999,33,26,34,27,1,4,7,2,,1,3.79,-0.12,-0.12,48.6,,,,,
FC,2025-10-15,95.9,-2.6,5.77,"Barger, Addison",680718,672841,,blocked_ball,,,,,14,Ball In Dirt,L,L,R,SEA,TOR,B,,,0,0,2025,-0.13,0.97,0.5412768231267483,0.5420465141791109,,623993,672386,1,5,Top,,,,,,,8.615675024746993,-139.07419433528236,-10.413604018211121,-3.606667003794567,31.12158239801766,-17.308269465165683,3.61628493925597,1.72000163735652,,,,96,2331,6.5,813043,663728,647304,593871,553993,641487,668227,677594,645302,53.98,,,,,,,,41,1,Cutter,2,7,7,2,7,2,7,2,Standard,Standard,221,-0.001,0.031,,,,-0.031,,-5,5,0.055,0.945,25,25,26,26,1,2,2,2,1,1,1.52,0.13,-0.13,30.1,,,,,
ST,2025-10-15,82,3.35,5.84,"Suárez, Eugenio",553993,689254,,foul,,,,,13,Foul,L,R,L,SEA,TOR,S,,,2,2,2025,-1.7,0.03,-0.8891816642735901,2.1192509410820057,,,695670,0,9,Bot,,,,,,,-6.347606901288376,-119.28021249922331,-1.8277597589114953,-14.660042374561165,26.30837771066797,-31.74105170892654,3.44,1.58,6,74.9,-19,82.2,2872,6.8,813043,672386,665489,643396,676391,665926,664702,662139,664770,53.7,,,,,,,,80,7,Sweeper,4,13,4,13,13,4,4,13,Infield shade,Standard,301,0,0,75.0,8.6,,0,88.0,-9,-9,0.001,0.001,23,33,24,34,1,3,2,2,1,1,3.4,-1.7,1.7,38.4,25.710068728222392,-23.162640448042108,39.278970666705575,23.920259641093878,42.69269365044808
SI,2025-10-15,97.4,-1.7,5.63,"Guerrero Jr., Vladimir",665489,669923,,foul,,,,,6,Foul,L,R,R,SEA,TOR,S,,,1,0,2025,-1.52,0.73,0.3655317653213379,2.924673697301982,,,,2,1,Top,,,,,,,9.076350158145976,-141.55175231465955,-3.4519740828381362,-22.41634752416276,30.64188467575854,-21.780120080245005,3.68,1.67,157,60.7,49,98.1,2468,6.6,813043,663728,647304,593871,553993,641487,668227,677594,645302,53.85,,,,,,,,3,2,Sinker,0,0,0,0,0,0,0,0,Standard,Standard,225,0.001,-0.054,74.3,6.9,,0.054,88.0,0,0,0.537,0.46299999999999997,27,26,27,26,1,0,5,2,5,1,1.67,1.52,1.52,28.4,-11.637842535108083,23.214269798029356,24.675135030363386,39.56914480618673,23.558175153577004
SL,2025-10-15,88.1,-1.5,5.92,"Arozarena, Randy",668227,684320,home_run,hit_into_play,,,,,4,Randy Arozarena homers (1) on a fly ball to left center field.,L,R,R,SEA,TOR,X,,fly_ball,3,2,2025,0.47,0.2,-0.3991879833487261,2.7667327393052923,,,,1,8,Bot,54.18,55.32,,,,,1.6945478805456475,-128.12009461514415,-1.8423716027582955,4.651941375901101,31.89895306231105,-29.790785655592483,3.38,1.62,396,106.2,24,86.7,2733,5.9,813043,672386,665489,676391,680718,665926,664702,662139,664770,54.62,0.787,1.5137924528301885,2,1,0,3,6,70,6,Slider,2,12,2,12,12,3,3,12,Standard,Standard,101,0,1.505,,,2.953,-1.505,106.2,-10,-10,0.001,0.001,28,30,28,30,1,3,2,2,,1,2.79,-0.47,-0.47,37.2,,,,,
FC,2025-10-15,88.1,2.26,5.71,"Straw, Myles",664702,657571,strikeout,swinging_strike,,,,,4,Myles Straw strikes out swinging.,L,R,L,SEA,TOR,S,2,,2,2,2025,-0.39,0.62,-0.6640852432472423,2.317464945016999,,543807,665489,1,6,Top,,,,,,,-6.3044699492421605,-128.27602997585123,-3.539275321248323,-3.253868729219868,22.440578300340473,-24.75403670628377,3.45,1.62,,,,89,2645,6.5,813043,663728,647304,593871,553993,641487,668227,677594,645302,54.04,,0,0,1,0,0,,51,6,Cutter,2,9,9,2,9,2,9,2,Standard,Standard,177,0.002,-0.216,71.1,6.5,,0.216,,-7,7,0.013,0.987,28,30,29,31,1,0,8,3,,2,2.27,-0.39,0.39,40.7,-0.21250317611674963,2.627406425776554,43.7675378941028,27.129187772743776,25.183353580446667
CU,2025-10-15,83,0.24,6.59,"Canzone, Dominic",686527,680755,,foul,,,,,14,Foul,L,L,R,SEA,TOR,S,,,2,1,2025,0.44,-1.07,0.2997418344325944,1.2142811299972927,,,553993,0,7,Bot,,,,,,,-0.7035535231047418,-120.77900168332643,-3.637628394161283,4.383595852146975,25.242197959914343,-42.10271754659369,3.24,1.47,229,85.2,20,81.2,2364,5.2,813043,672386,665489,676391,680718,665926,664702,662139,664770,55.29,,,,,,,,63,4,Curveball,2,12,2,12,12,2,2,12,Infield shade,Standard,17,0,-0.078,74.8,8.7,,0.078,88.0,-10,-10,0.002,0.002,24,27,25,28,1,2,2,2,9,1,4.4,-0.44,0.44,50.0,25.342328308273043,-22.334337301009846,34.83290074209628,37.84775907575289,56.15042301101268
FF,2025-10-15,94.7,-2.35,6.32,"Kirk, Alejandro",672386,592426,,ball,,,,,11,Ball,L,R,R,SEA,TOR,B,,,1,0,2025,-0.78,1.61,-1.2857202443329108,2.7893671501483897,,665489,,1,8,Top,,,,,,,4.541447656582804,-137.6041113201636,-7.1418416574334405,-10.87962848602717,32.82756781862971,-10.293977338487762,3.12000002972685,1.52147378915131,,,,95.1,2398,6.8,813043,663728,647304,660844,553993,641487,668227,677594,645302,53.73,,,,,,,,67,2,4-Seam Fastball,2,12,12,2,12,2,12,2,Standard,Standard,205,0,0.046,,,,-0.046,,-10,10,0.001,0.999,33,26,34,27,1,4,7,2,,1,0.95,0.78,0.78,59.1,,,,,
SI,2025-10-15,97.6,-2.5,5.61,"Varsho, Daulton",662139,672841,field_out,hit_into_play,,,,,4,Daulton Varsho pops out to second baseman Jorge Polanco on the infield fly rule.,L,L,R,SEA,TOR,X,4,popup,1,2,2025,-1.47,0.71,-0.4862318915890873,2.3811680589052955,,623993,672386,0,5,Top,159.16,138.88,,,,,8.848109558510933,-141.77556896822622,-4.813131232148617,-21.807442692086592,31.932526187044786,-21.712439507696853,3.35,1.54,174,77.3,58,98.1,2162,6.7,813043,663728,647304,593871,553993,641487,668227,677594,645302,53.85,0.033,0.032,0,1,0,0,3,40,5,Sinker,2,7,7,2,7,2,7,2,Standard,Standard,227,0.007,-0.172,71.7,8.2,0.045,0.172,88.0,-5,5,0.048,0.952,25,28,26,29,1,2,2,2,1,1,1.69,1.47,-1.47,31.4,12.661675546233361,-13.561579506508235,28.878257088790484,43.21390708474341,34.25790269927547
FC,2025-10-15,91.6,3.8,5.68,"Suárez, Eugenio",553993,689254,,ball,,,,,12,Ball,L,R,L,SEA,TOR,B,,,1,2,2025,-0.19,1.01,0.12719737612911,4.138214932869534,,,695670,0,9,Bot,,,,,,,-8.930210652869466,-133.21123884762403,-0.259761114229096,-0.4647494689774332,26.335355767428016,-20.182606003099725,3.43213326308046,1.58787181235279,,,,92.4,2926,6.6,813043,672386,665489,643396,676391,665926,664702,662139,664770,53.85,,,,,,,,80,6,Cutter,4,13,4,13,13,4,4,13,Standard,Standard,164,0,0.036,,,,-0.036,,-9,-9,0.001,0.001,23,33,24,34,1,3,2,2,1,1,1.69,-0.19,0.19,28.3,,,,,
SI,2025-10-15,97.7,-1.75,5.49,"Guerrero Jr., Vladimir",665489,669923,,ball,,,,,14,Ball,L,R,R,SEA,TOR,B,,,0,0,2025,-1.64,0.66,1.074587725078357,1.3069959236556252,,,,2,1,Top,,,,,,,11.48135216078104,-141.7286316396037,-7.341561005909401,-24.717736560063926,30.44629435717647,-21.747452039214814,3.52326861022781,1.63863767925529,,,,98.7,2412,6.9,813043,663728,647304,593871,553993,641487,668227,677594,645302,53.61,,,,,,,,3,1,Sinker,0,0,0,0,0,0,0,0,Standard,Standard,224,-0.001,0.037,,,,-0.037,,0,0,0.538,0.46199999999999997,27,26,27,26,1,0,5,2,5,1,1.73,1.64,1.64,28.5,,,,,
SL,2025-10-15,86.8,-1.57,5.75,"Arozarena, Randy",668227,684320,,ball,,,,,14,Ball,L,R,R,SEA,TOR,B,,,2,2,2025,0.6,0.12,0.5290596657223414,1.2987594368104705,,,,1,8,Bot,,,,,,,3.7718592734161778,-126.24755882839015,-4.609500180441852,5.505260903972427,28.08856157701272,-30.15261007012775,3.34815273433572,1.62000063170873,,,,85.9,2824,5.9,813043,672386,665489,676391,680718,665926,664702,662139,664770,54.56,,,,,,,,70,5,Slider,2,12,2,12,12,2,2,12,Standard,Standard,60,0,0.104,,,,-0.104,,-10,-10,0.001,0.001,28,30,28,30,1,3,2,2,,1,2.94,-0.6,-0.6,36.4,,,,,
FC,2025-10-15,88.5,-1.72,5.61,"Raleigh, Cal",663728,669456,,foul,,,,,3,Foul,L,L,R,SEA,TOR,S,,,0,1,2025,0.27,0.71,0.8117937349601488,3.1259235089290227,,,668227,0,1,Bot,,,,,,,5.639857375270065,-128.92507472544895,-1.5216238012018195,2.004344098654321,24.606925152224964,-24.146962974697956,3.59,1.69,349,96.8,35,89.3,2592,6.6,813043,672386,665489,676391,680718,665926,664770,662139,623993,53.94,,,,,,,,6,2,Cutter,0,0,0,0,0,0,0,0,Infield shade,Standard,209,-0.008,-0.053,79.8,8.1,,0.053,96.8,0,0,0.578,0.578,30,28,30,29,1,0,8,2,5,1,2.18,-0.27,0.27,39.8,30.301641870694638,-18.657016879513307,34.102232158244895,23.440927397872343,40.61238101671241
FF,2025-10-15,93,-1.73,5.56,"Raleigh, Cal",663728,669456,,called_strike,,,,,8,Called Strike,L,L,R,SEA,TOR,S,,,0,0,2025,-1.07,1.58,0.2261214054488636,1.9520808482921508,,,668227,0,1,Bot,,,,,,,7.42256407741409,-135.07376787426554,-6.94880042785415,-14.70893527102138,30.3583187518531,-11.468020990671814,3.55868549430937,1.72132787666047,,,,93.6,2366,6.8,813043,672386,665489,676391,680718,665926,664770,662139,623993,53.69,,,,,,,,6,1,4-Seam Fastball,0,0,0,0,0,0,0,0,Infield shade,Standard,220,-0.005,-0.043,,,,0.043,,0,0,0.583,0.583,30,28,30,29,1,0,8,2,5,1,1.07,1.07,-1.07,36.8,,,,,
FF,2025-10-15,94.1,2.15,5.73,"Straw, Myles",664702,657571,,foul,,,,,12,Foul,L,R,L,SEA,TOR,S,,,2,2,2025,0.68,1.24,0.32426592691927314,3.589221423715851,,543807,665489,1,6,Top,,,,,,,-6.2340975643915995,-136.90423447578675,-2.5932224648406095,9.89408576685573,29.76046805988769,-16.22359834145274,3.45,1.62,209,77.2,58,94.2,2474,6.3,813043,663728,647304,593871,553993,641487,668227,677594,645302,54.18,,,,,,,,51,5,4-Seam Fastball,2,9,9,2,9,2,9,2,Standard,Standard,142,0,0,63.9,6.0,,0,88.0,-7,7,0.013,0.987,28,30,29,31,1,0,8,3,,2,1.33,0.68,-0.68,40.4,-0.5873808552033241,17.59312143176433,23.208128886022713,37.98977083221789,18.28649244048949
FF,2025-10-15,95.3,-2.12,6.39,"Kirk, Alejandro",672386,592426,,ball,,,,,14,Ball,L,R,R,SEA,TOR,B,,,0,0,2025,-0.44,1.65,1.0581412419956007,2.244204749244929,,665489,,1,8,Top,,,,,,,9.39765684552391,-138.1958251684685,-8.97689100596934,-7.764716650977781,31.75185940525549,-9.13112286181813,3.08854162758379,1.52146899172483,,,,95.7,2408,6.8,813043,663728,647304,660844,553993,641487,668227,677594,645302,53.73,,,,,,,,67,1,4-Seam Fastball,2,12,12,2,12,2,12,2,Standard,Standard,205,0,0.028,,,,-0.028,,-10,10,0.001,0.999,33,26,34,27,1,4,7,2,,1,0.88,0.44,0.44,58.7,,,,,
FC,2025-10-15,92.1,3.7,5.79,"Suárez, Eugenio",553993,689254,,foul,,,,,5,Foul,L,R,L,SEA,TOR,S,,,1,2,2025,-0.07,1.05,-0.20937173158079636,2.607032841875319,,,695670,0,9,Bot,,,,,,,-9.839173126472186,-133.85914713417625,-4.5742354198125055,1.2237700122809814,27.67322442112974,-18.691608414257217,3.44,1.58,190,68.4,45,92.9,2829,6.7,813043,672386,665489,643396,676391,665926,664702,662139,664770,53.77,,,,,,,,80,5,Cutter,4,13,4,13,13,4,4,13,Standard,Standard,152,0,0,68.1,6.5,,0,88.0,-9,-9,0.001,0.001,23,33,24,34,1,3,2,2,1,1,1.63,-0.07,0.07,32.1,-1.0563402734001852,18.768333334467325,42.18155726726364,29.445886388890365,22.481428988813597
FF,2025-10-15,94.1,-1.79,5.45,"Arozarena, Randy",668227,684320,,ball,,,,,14,Ball,L,R,R,SEA,TOR,B,,,1,2,2025,-0.31,0.85,1.7571739261720896,1.7467616457484274,,,,1,8,Bot,,,,,,,9.838298835782584,-136.6353280524226,-5.764528540720808,-5.907341089738129,28.31408592132939,-20.39948064235724,3.34815211570118,1.58814027069714,,,,93.8,2438,6.1,813043,672386,665489,676391,680718,665926,664702,662139,664770,54.39,,,,,,,,70,4,4-Seam Fastball,2,12,2,12,12,2,2,12,Standard,Standard,223,0,0.048,,,,-0.048,,-10,-10,0.001,0.001,28,30,28,30,1,3,2,2,,1,1.72,0.31,0.31,30.6,,,,,
SL,2025-10-15,86.9,0.19,6.64,"Canzone, Dominic",686527,680755,,foul,,,,,2,Foul,L,L,R,SEA,TOR,S,,,2,0,2025,0.22,0.21,0.07702491632934214,2.728462600926752,,,553993,0,7,Bot,,,,,,,-0.7115098103615165,-126.56772255232598,-3.563404468972763,2.5022444261448036,26.230309783119722,-29.376948342084138,3.24,1.47,215,67.7,36,85.1,2379,5.1,813043,672386,665489,676391,680718,665926,664702,662139,664770,55.39,,,,,,,,63,3,Slider,2,12,2,12,12,2,2,12,Infield shade,Standard,125,-0.001,-0.066,71.4,7.9,,0.066,88.0,-10,-10,0.003,0.003,24,27,25,28,1,2,2,2,9,1,2.8,-0.22,0.22,54.9,13.140804960246793,-19.20001433616774,22.449388068713688,40.75839723462358,49.153704222236925
SI,2025-10-15,98.9,-2.66,5.68,"Varsho, Daulton",662139,672841,,foul,,,,,2,Foul,L,L,R,SEA,TOR,S,,,1,2,2025,-1.49,0.59,-0.1254455941695407,3.241358281971351,,623993,672386,0,5,Top,,,,,,,10.400458995134732,-143.59885431669483,-2.5703081472522635,-23.08743020349586,33.34037925629023,-23.554538487817776,3.35,1.54,,,,99,2130,6.5,813043,663728,647304,593871,553993,641487,668227,677594,645302,54.04,,,,,,,,40,4,Sinker,2,7,7,2,7,2,7,2,Standard,Standard,223,0,0,74.6,7.3,,0,,-5,5,0.048,0.952,25,28,26,29,1,2,2,2,1,1,1.75,1.49,-1.49,29.6,8.347254658012353,6.382702927515227,23.546673511333235,38.48394108056476,19.990007959821064
FF,2025-10-15,97.3,-1.57,5.77,"Lukes, Nathan",664770,669923,strikeout,swinging_strike,,,,,2,Nathan Lukes strikes out swinging.,L,L,R,SEA,TOR,S,2,,1,2,2025,-1.03,1.09,-0.17226687950260133,2.8931058961516616,,,,1,1,Top,,,,,,,6.165055642413337,-141.66777753077656,-4.761886527611725,-15.236360815819722,30.136690981373,-16.58512960502529,3.34,1.55,,,,98.3,2412,6.7,813043,663728,647304,593871,553993,641487,668227,677594,645302,53.84,,0,0,1,0,0,,2,4,4-Seam Fastball,0,0,0,0,0,0,0,0,Infield shade,Standard,220,0.011,-0.18,66.7,5.6,,0.18,,0,0,0.527,0.473,27,30,27,31,1,0,5,2,5,1,1.3,1.03,-1.03,30.3,-5.072224951732832,39.050763630475714,25.453139834827628,43.05979270636898,9.041567740398182
SI,2025-10-15,97.6,-1.71,5.58,"Lukes, Nathan",664770,669923,,ball,,,,,12,Ball,L,L,R,SEA,TOR,B,,,0,2,2025,-1.48,0.65,1.88003706042534,2.5010419130211883,,,,1,1,Top,,,,,,,13.152967436457862,-141.6019990502654,-4.317019105112465,-22.85038731229363,30.760217247203755,-22.515933051406297,3.33999930534621,1.55000032906378,,,,98.4,2256,6.8,813043,663728,647304,593871,553993,641487,668227,677594,645302,53.69,,,,,,,,2,3,Sinker,0,0,0,0,0,0,0,0,Infield shade,Standard,226,-0.001,0.017,,,,-0.017,,0,0,0.528,0.472,27,30,27,31,1,0,5,2,5,1,1.74,1.48,-1.48,29.5,,,,,
FF,2025-10-15,92.9,-1.67,5.68,"Arozarena, Randy",668227,669456,walk,ball,,,,,11,Randy Arozarena walks.,L,R,R,SEA,TOR,B,,,3,1,2025,-1.12,1.55,-0.9438613300532805,2.8276387163847403,,,,0,1,Bot,,,,,,,4.327070825014366,-135.20074544219446,-4.907891913510647,-14.633496348872475,31.042940087019808,-12.35642722395965,3.44247582510271,1.68250612191139,,,,93.3,2457,6.6,813043,672386,665489,676391,680718,665926,664770,662139,623993,53.89,,0.691497,0.7,1,0,0,,5,5,4-Seam Fastball,0,0,0,0,0,0,0,0,Standard,Standard,216,0.021,0.262,,,,-0.262,,0,0,0.562,0.562,30,30,30,30,1,0,8,2,5,1,1.1,1.12,1.12,39.6,,,,,
FF,2025-10-15,93.7,2.08,5.9,"Straw, Myles",664702,657571,,foul,,,,,8,Foul,L,R,L,SEA,TOR,S,,,2,1,2025,0.56,1.42,-0.024452656004530948,1.590425909567534,,543807,665489,1,6,Top,,,,,,,-6.687606228219585,-136.07901341725017,-8.47543485807715,8.53750360599041,31.56070217498438,-12.835691869866432,3.45,1.62,248,88.3,55,93.4,2462,6.4,813043,663728,647304,593871,553993,641487,668227,677594,645302,54.12,,,,,,,,51,4,4-Seam Fastball,2,9,9,2,9,2,9,2,Standard,Standard,147,0,-0.063,73.0,7.6,,0.063,88.3,-7,7,0.013,0.987,28,30,29,31,1,0,8,3,,2,1.2,0.56,-0.56,46.9,12.6040046679478,-7.268273102392336,41.80891987688966,35.70426856871402,33.16401758825141
CU,2025-10-15,81.2,0.15,6.57,"Canzone, Dominic",686527,680755,,ball,,,,,11,Ball,L,L,R,SEA,TOR,B,,,1,0,2025,0.48,-1.41,-0.9967279888302463,3.4090253083969007,,,553993,0,7,Bot,,,,,,,-3.4160922726753484,-118.0650148846505,2.279719205435561,5.206711557062145,26.22694810855796,-45.918621614712066,3.23999818442121,1.37483899046799,,,,79.1,2468,5.2,813043,672386,665489,676391,680718,665926,664702,662139,664770,55.29,,,,,,,,63,2,Curveball,2,12,2,12,12,2,2,12,Infield shade,Standard,26,0.001,0.062,,,,-0.062,,-10,-10,0.002,0.002,24,27,25,28,1,2,2,2,9,1,4.92,-0.48,0.48,52.1,,,,,
SL,2025-10-15,86.6,-2.72,6.26,"Straw, Myles",664702,592426,field_out,hit_into_play,,,,,5,"Myles Straw grounds out, shortstop J.P. Crawford to first baseman Josh Naylor.",L,R,R,SEA,TOR,X,6,ground_ball,2,1,2025,-0.01,-0.57,-0.15553582816977005,2.530308345987405,,665489,,0,8,Top,108.21,158.97,,,,,6.165448146553954,-126.10504137383009,-1.5691006804404877,-1.2806717945865687,24.439754790784427,-38.220097038557235,3.45,1.62,20,100.1,-6,87.1,2336,6.5,813043,663728,647304,660844,553993,641487,668227,677594,645302,54.04,0.316,0.29,0,1,0,0,2,66,4,Slider,2,12,12,2,12,2,12,2,Standard,Standard,31,0,-0.253,71.6,6.8,0.319,0.253,100.1,-10,10,0.001,0.999,33,30,34,31,1,1,7,3,,2,3.6,0.01,0.01,53.6,6.567544263588787,-1.2556635848262596,29.895505751995398,33.89971582485699,29.094531136176908
FC,2025-10-15,91.1,3.76,5.7,"Suárez, Eugenio",553993,689254,,foul,,,,,1,Foul,L,R,L,SEA,TOR,S,,,1,2,2025,-0.36,0.89,-0.36647702062008414,3.3614444282523293,,,695670,0,9,Bot,,,,,,,-9.63587659847791,-132.4452395971562,-1.8805197152544983,-2.2149393382291063,28.33223179931889,-21.550078873655472,3.44,1.58,185,67.9,40,91.6,2910,6.7,813043,672386,665489,643396,676391,665926,664702,662139,664770,53.84,,,,,,,,80,4,Cutter,4,13,4,13,13,4,4,13,Standard,Standard,170,0,0,63.1,6.0,,0,88.0,-9,-9,0.001,0.001,23,33,24,34,1,3,2,2,1,1,1.87,-0.36,0.36,29.5,-0.2239955767645741,24.04727045888998,35.81013320808365,28.23171708248541,19.402343830075854
SL,2025-10-15,87.1,-1.29,5.78,"Arozarena, Randy",668227,684320,,ball,,,,,14,Ball,L,R,R,SEA,TOR,B,,,0,2,2025,0.33,0.07,1.8088703519292129,0.6307896865840177,,,,1,8,Bot,,,,,,,6.730805507629224,-126.6067209083316,-6.308399399674909,2.1424372869595323,25.72648491325326,-30.33328955912136,3.28445114463679,1.55627301419414,,,,86.6,2768,6,813043,672386,665489,676391,680718,665926,664702,662139,664770,54.48,,,,,,,,70,3,Slider,2,12,2,12,12,2,2,12,Standard,Standard,34,0,0.017,,,,-0.017,,-10,-10,0.001,0.001,28,30,28,30,1,3,2,2,,1,2.94,-0.33,-0.33,40.0,,,,,
SI,2025-10-15,98.1,-2.59,5.7,"Varsho, Daulton",662139,672841,,called_strike,,,,,2,Called Strike,L,L,R,SEA,TOR,S,,,1,1,2025,-1.52,0.68,0.12413003370451348,3.1055707435097117,,623993,672386,0,5,Top,,,,,,,10.885686709548917,-142.43380937620248,-3.0853145074926904,-23.19956223986142,33.39902835004679,-22.327898880325666,3.31856927318795,1.57144619928655,,,,98.2,2185,6.5,813043,663728,647304,593871,553993,641487,668227,677594,645302,53.97,,,,,,,,40,3,Sinker,2,7,7,2,7,2,7,2,Standard,Standard,223,0.003,-0.065,,,,0.065,,-5,5,0.045,0.955,25,28,26,29,1,2,2,2,1,1,1.7,1.52,-1.52,30.0,,,,,
SL,2025-10-15,85,-1.84,5.64,"Arozarena, Randy",668227,669456,,ball,,,,,11,Ball,L,R,R,SEA,TOR,B,,,2,1,2025,0,0.16,-0.8627882935744506,4.340304259127766,,,,0,1,Bot,,,,,,,2.299032852595437,-123.81173107643136,2.865706495230982,-0.3507561545637498,21.05490782612394,-31.19355083461959,3.41124200978072,1.68251299511867,,,,85.9,2602,6.5,813043,672386,665489,676391,680718,665926,664770,662139,623993,54.01,,,,,,,,5,4,Slider,0,0,0,0,0,0,0,0,Standard,Standard,77,0.011,0.134,,,,-0.134,,0,0,0.551,0.551,30,30,30,30,1,0,8,2,5,1,2.95,0,0,41.7,,,,,
FF,2025-10-15,95,2.15,5.78,"Straw, Myles",664702,657571,,called_strike,,,,,7,Called Strike,L,R,L,SEA,TOR,S,,,2,0,2025,0.64,1.38,-0.43627890904360467,1.883145204523725,,543807,665489,1,6,Top,,,,,,,-8.194528478730195,-137.90630000914499,-7.581382918733235,10.06110940083459,32.215727497072656,-13.035493309223476,3.41836352941526,1.65165118122722,,,,94.8,2484,6.4,813043,663728,647304,593871,553993,641487,668227,677594,645302,54.11,,,,,,,,51,3,4-Seam Fastball,2,9,9,2,9,2,9,2,Standard,Standard,146,0.001,-0.068,,,,0.068,,-7,7,0.012,0.988,28,30,29,31,1,0,8,3,,2,1.17,0.64,-0.64,44.5,,,,,
FF,2025-10-15,95,-2.31,6.35,"Straw, Myles",664702,592426,,ball,,,,,14,Ball,L,R,R,SEA,TOR,B,,,1,1,2025,-0.46,1.52,0.8759505863493526,1.4568442232337455,,665489,,0,8,Top,,,,,,,9.420748051287413,-137.76999110895784,-10.581725074902137,-7.979465908948288,30.084712029904672,-10.517548876068284,3.3866602245905,1.58831530773043,,,,95.3,2375,6.6,813043,663728,647304,660844,553993,641487,668227,677594,645302,53.86,,,,,,,,66,3,4-Seam Fastball,2,12,12,2,12,2,12,2,Infield shade,Standard,204,0,0.045,,,,-0.045,,-10,10,0.001,0.999,33,30,34,31,1,1,7,3,,2,1.02,0.46,0.46,53.5,,,,,
CU,2025-10-15,82.8,0.32,6.56,"Canzone, Dominic",686527,680755,,blocked_ball,,,,,14,Ball In Dirt,L,L,R,SEA,TOR,B,,,0,0,2025,0.11,-1.19,0.373336462537483,0.883962748329508,,,553993,0,7,Bot,,,,,,,-0.07784934074840413,-120.5798483704229,-4.0590405541446675,1.0429727991571616,24.919503672042772,-43.15762417055685,3.1448721361677,1.34310329883698,,,,81.1,2633,5.2,813043,672386,665489,676391,680718,665926,664702,662139,664770,55.26,,,,,,,,63,1,Curveball,2,12,2,12,12,2,2,12,Infield shade,Standard,24,0,0.04,,,,-0.04,,-10,-10,0.002,0.002,24,27,25,28,1,2,2,2,9,1,4.53,-0.11,0.11,49.3,,,,,
FC,2025-10-15,90.1,3.63,5.74,"Suárez, Eugenio",553993,689254,,foul,,,,,1,Foul,L,R,L,SEA,TOR,S,,,1,1,2025,-0.32,1.04,-0.4358414530327055,3.0086895807160188,,,695670,0,9,Bot,,,,,,,-9.496810207783128,-131.01150981952443,-3.07880716366258,-1.8627038660782094,24.823969130385343,-19.736496281781985,3.44,1.58,,,,91.2,2660,6.8,813043,672386,665489,643396,676391,665926,664702,662139,664770,53.75,,,,,,,,80,3,Cutter,4,13,4,13,13,4,4,13,Standard,Standard,176,0,-0.07,73.1,7.1,,0.07,,-9,-9,0.001,0.001,23,33,24,34,1,3,2,2,1,1,1.75,-0.32,0.32,30.5,9.68217987129144,8.960482483839586,40.26919166840768,27.799684784579732,24.71719774830183
SL,2025-10-15,87.3,-1.31,5.96,"Arozarena, Randy",668227,684320,,called_strike,,,,,4,Called Strike,L,R,R,SEA,TOR,S,,,0,1,2025,0.42,0.01,-0.4441717519154012,2.7999804229002376,,,,1,8,Bot,,,,,,,1.2112571039172662,-127.06316939480206,-1.4163885772742209,4.2822221177914646,28.445155560917858,-31.94176351606094,3.31628160059824,1.65187243877376,,,,86.4,2785,5.9,813043,672386,665489,676391,680718,665926,664702,662139,664770,54.58,,,,,,,,70,2,Slider,2,12,2,12,12,2,2,12,Standard,Standard,78,0,-0.052,,,,0.052,,-10,-10,0.001,0.001,28,30,28,30,1,3,2,2,,1,3,-0.42,-0.42,40.0,,,,,
SI,2025-10-15,98.2,-2.48,5.74,"Varsho, Daulton",662139,672841,,ball,,,,,14,Ball,L,L,R,SEA,TOR,B,,,0,1,2025,-1.52,0.81,0.507264552369598,1.054767866583556,,623993,672386,0,5,Top,,,,,,,11.628390325552962,-142.223731334005,-9.069081419655252,-23.275847889936703,33.02081105974947,-19.07990746226972,3.34999983264467,1.57144393027321,,,,98.3,2103,6.6,813043,663728,647304,593871,553993,641487,668227,677594,645302,53.89,,,,,,,,40,2,Sinker,2,7,7,2,7,2,7,2,Standard,Standard,224,-0.001,0.028,,,,-0.028,,-5,5,0.046,0.954,25,28,26,29,1,2,2,2,1,1,1.57,1.52,-1.52,31.6,,,,,
FF,2025-10-15,96.7,-1.66,5.79,"Lukes, Nathan",664770,669923,,foul,,,,,3,Foul,L,L,R,SEA,TOR,S,,,0,1,2025,-0.75,1.03,0.6807689865938739,3.286855099748589,,,,1,1,Top,,,,,,,7.990743362048196,-140.730888741231,-3.50476070560964,-11.671247531737531,29.974549372957327,-17.916045132910124,3.34,1.55,205,69.9,49,97.6,2352,6.7,813043,663728,647304,593871,553993,641487,668227,677594,645302,53.82,,,,,,,,2,2,4-Seam Fastball,0,0,0,0,0,0,0,0,Standard,Standard,220,0.004,-0.052,59.5,5.1,,0.052,88.0,0,0,0.524,0.476,27,30,27,31,1,0,5,2,5,1,1.4,0.75,-0.75,30.6,-2.1979216275455586,25.846007163318557,26.93120454354475,32.40645022823706,16.87808750328182
FC,2025-10-15,88.4,-1.83,5.6,"Arozarena, Randy",668227,669456,,called_strike,,,,,5,Called Strike,L,R,R,SEA,TOR,S,,,2,0,2025,0.02,0.78,-0.23141260320806673,2.7666022723420283,,,,0,1,Bot,,,,,,,3.860975458895896,-128.84070004527757,-2.5496275591771402,-0.4426345681243646,24.07703384132765,-23.12676433294756,3.41124321530687,1.71377654467553,,,,89.3,2552,6.5,813043,672386,665489,676391,680718,665926,664770,662139,623993,53.99,,,,,,,,5,3,Cutter,0,0,0,0,0,0,0,0,Standard,Standard,204,-0.007,-0.072,,,,0.072,,0,0,0.558,0.558,30,30,30,30,1,0,8,2,5,1,2.1,-0.02,-0.02,37.5,,,,,
FF,2025-10-15,94.7,2.21,5.77,"Straw, Myles",664702,657571,,ball,,,,,13,Ball,L,R,L,SEA,TOR,B,,,1,0,2025,0.77,1.3,-0.6425857585557303,0.6822909704557844,,543807,665489,1,6,Top,,,,,,,-9.16023602149364,-137.24503330785225,-10.452882262497546,11.819595689538593,30.949588855074484,-13.554794372817206,3.41836978919937,1.6200013868968,,,,94.5,2488,6.4,813043,663728,647304,593871,553993,641487,668227,677594,645302,54.07,,,,,,,,51,2,4-Seam Fastball,2,9,9,2,9,2,9,2,Standard,Standard,144,-0.001,0.071,,,,-0.071,,-7,7,0.013,0.987,28,30,29,31,1,0,8,3,,2,1.27,0.77,-0.77,41.5,,,,,
SL,2025-10-15,87,-2.61,6.21,"Straw, Myles",664702,592426,,swinging_strike_blocked,,,,,13,Swinging Strike (Blocked),L,R,R,SEA,TOR,S,,,1,0,2025,-0.01,-0.59,-0.18779892765438005,0.6502143740713633,,665489,,0,8,Top,,,,,,,5.834862267618631,-126.55195504152404,-5.940281214713416,-1.3122418866754109,26.84038801554788,-37.416464770954725,3.45,1.62,,,,87.1,2419,6.5,813043,663728,647304,660844,553993,641487,668227,677594,645302,54.04,,,,,,,,66,2,Slider,2,12,12,2,12,2,12,2,Standard,Standard,28,0,-0.049,70.0,8.0,,0.049,,-10,10,0.001,0.999,33,30,34,31,1,1,7,3,,2,3.61,0.01,0.01,47.6,19.86088081368644,-22.57025345514589,39.649077629296,32.86578459022238,44.8424044775477
SL,2025-10-15,86.6,-1.53,5.84,"Arozarena, Randy",668227,684320,,called_strike,,,,,5,Called Strike,L,R,R,SEA,TOR,S,,,0,0,2025,0.23,0.33,-0.162403829328378,2.618630846725467,,,,1,8,Bot,,,,,,,2.766581955107162,-126.03743926169561,-2.08234389986111,1.824984940345702,28.266644718110793,-28.44666172347455,3.31627736071175,1.5881238198392,,,,85.6,2610,5.9,813043,672386,665489,676391,680718,665926,664702,662139,664770,54.65,,,,,,,,70,1,Slider,2,12,2,12,12,2,2,12,Standard,Standard,156,0,-0.039,,,,0.039,,-10,-10,0.001,0.001,28,30,28,30,1,3,2,2,,1,2.73,-0.23,-0.23,38.3,,,,,
FC,2025-10-15,90,3.71,5.7,"Suárez, Eugenio",553993,689254,,called_strike,,,,,1,Called Strike,L,R,L,SEA,TOR,S,,,1,0,2025,-0.43,0.74,-0.4719226990779841,3.201671522597228,,,695670,0,9,Bot,,,,,,,-9.539535772029922,-130.86803971852672,-1.8526477287635954,-3.13958334793296,25.52972209351365,-23.395223045646564,3.44786675690535,1.59573846350454,,,,91,2717,6.7,813043,672386,665489,643396,676391,665926,664702,662139,664770,53.76,,,,,,,,80,2,Cutter,4,13,4,13,13,4,4,13,Standard,Standard,178,0,-0.048,,,,0.048,,-9,-9,0.001,0.001,23,33,24,34,1,3,2,2,1,1,2.06,-0.43,0.43,30.4,,,,,
FF,2025-10-15,94.4,0.36,6.65,"Suárez, Eugenio",553993,680755,single,hit_into_play,,,,,2,Eugenio Suárez singles on a sharp line drive to left fielder Myles Straw.,L,R,R,SEA,TOR,X,7,line_drive,1,1,2025,-0.38,1.29,-0.08294257874418226,3.010202078605415,,,,0,7,Bot,75.49,91.6,,,,,-0.2898732509741764,-137.32824274955038,-6.517465781431374,-4.7566856427091,31.38353869766261,-14.566593300196278,3.44,1.58,246,105.4,16,92.6,2178,5.3,813043,672386,665489,676391,680718,665926,664702,662139,664770,55.2,0.527,0.556,0.9,1,1,0,5,62,3,4-Seam Fastball,2,12,2,12,12,2,2,12,Standard,Standard,201,0.001,0.447,70.7,7.2,0.817,-0.447,105.4,-10,-10,0.001,0.001,24,33,25,34,1,2,2,2,9,1,1.27,0.38,0.38,50.7,19.105846973280542,0.9342362180843501,33.35160275775024,31.95822935270658,33.852333896459186
SI,2025-10-15,97.7,-2.62,5.86,"Varsho, Daulton",662139,672841,,swinging_strike,,,,,4,Swinging Strike,L,L,R,SEA,TOR,S,,,0,0,2025,-1.43,0.79,-0.6510636191851944,2.748890542960938,,623993,672386,0,5,Top,,,,,,,8.652535759412745,-141.9246973724124,-4.699342020222916,-21.344936960602723,33.08655665600474,-20.543961394069495,3.35,1.54,,,,98,2139,6.6,813043,663728,647304,593871,553993,641487,668227,677594,645302,53.89,,,,,,,,40,1,Sinker,2,7,7,2,7,2,7,2,Standard,Standard,225,0.001,-0.053,73.7,6.8,,0.053,,-5,5,0.045,0.955,25,28,26,29,1,2,2,2,1,1,1.61,1.43,-1.43,36.1,-0.8567305695789301,32.413935072736166,29.829359185659108,44.97875229546763,9.212165300510485
SI,2025-10-15,97.3,-1.81,5.56,"Lukes, Nathan",664770,669923,,called_strike,,,,,1,Called Strike,L,L,R,SEA,TOR,S,,,0,0,2025,-1.5,0.61,-0.5792619407412007,3.1722623050488794,,,,1,1,Top,,,,,,,6.783385928313768,-141.68983801633823,-2.3610543635020287,-21.738954450605018,29.148962008859574,-23.589243760842002,3.30837818523767,1.58163465489966,,,,98.4,2347,6.7,813043,663728,647304,593871,553993,641487,668227,677594,645302,53.84,,,,,,,,2,1,Sinker,0,0,0,0,0,0,0,0,Standard,Standard,229,0.002,-0.039,,,,0.039,,0,0,0.522,0.478,27,30,27,31,1,0,5,2,5,1,1.77,1.5,-1.5,27.0,,,,,
FF,2025-10-15,93.1,-1.63,5.66,"Arozarena, Randy",668227,669456,,ball,,,,,14,Ball,L,R,R,SEA,TOR,B,,,1,0,2025,-1.1,1.38,0.8338017102614093,1.3354069726947777,,,,0,1,Bot,,,,,,,8.783448401872999,-135.13295935820986,-8.3947478838994,-15.45102450925147,29.452286654988296,-13.51977981262002,3.50495293284331,1.71375860603833,,,,93.6,2411,6.7,813043,672386,665489,676391,680718,665926,664770,662139,623993,53.8,,,,,,,,5,2,4-Seam Fastball,0,0,0,0,0,0,0,0,Standard,Standard,215,0.007,0.077,,,,-0.077,,0,0,0.551,0.551,30,30,30,30,1,0,8,2,5,1,1.26,1.1,1.1,38.8,,,,,
SV,2025-10-15,80.5,2.41,5.84,"Straw, Myles",664702,657571,,blocked_ball,,,,,14,Ball In Dirt,L,R,L,SEA,TOR,B,,,0,0,2025,-0.74,-1.01,0.009493053529755269,0.46648349756579943,,543807,665489,1,6,Top,,,,,,,-3.9146892858237248,-117.21581657630645,-3.314460723699573,-6.00531062586592,23.499015929261997,-40.96288274157519,3.3550742541428,1.55668436470823,,,,80.2,3024,6.2,813043,663728,647304,593871,553993,641487,668227,677594,645302,54.29,,,,,,,,51,1,Slurve,2,9,9,2,9,2,9,2,Standard,Standard,325,0,0.031,,,,-0.031,,-7,7,0.013,0.987,28,30,29,31,1,0,8,3,,2,4.54,-0.74,0.74,43.3,,,,,
SL,2025-10-15,87.3,-2.86,6.23,"Straw, Myles",664702,592426,,ball,,,,,14,Ball,L,R,R,SEA,TOR,B,,,0,0,2025,-0.08,-0.52,0.899263205243099,1.5471529365182843,,665489,,0,8,Top,,,,,,,9.215159828087174,-126.73375121813622,-3.989491507106961,-2.845003452925336,27.044138996383086,-37.110389888392106,3.41832519749603,1.58831318647358,,,,87.2,2428,6.4,813043,663728,647304,660844,553993,641487,668227,677594,645302,54.08,,,,,,,,66,1,Slider,2,12,12,2,12,2,12,2,Standard,Standard,26,0,0.032,,,,-0.032,,-10,10,0.001,0.999,33,30,34,31,1,1,7,3,,2,3.54,0.08,0.08,49.9,,,,,
FC,2025-10-15,90,3.72,5.65,"Suárez, Eugenio",553993,689254,,ball,,,,,12,Ball,L,R,L,SEA,TOR,B,,,0,0,2025,-0.19,1.13,0.5434045932604201,3.9491247950583714,,,695670,0,9,Bot,,,,,,,-7.527279409101594,-130.9638936755399,-0.697749318723057,-0.7939267895871815,24.89172590628564,-19.118597106610647,3.45573111938175,1.60360937296371,,,,91.1,2600,6.7,813043,672386,665489,643396,676391,665926,664702,662139,664770,53.79,,,,,,,,80,1,Cutter,4,13,4,13,13,4,4,13,Standard,Standard,165,0,0.04,,,,-0.04,,-9,-9,0.001,0.001,23,33,24,34,1,3,2,2,1,1,1.66,-0.19,0.19,27.4,,,,,
FF,2025-10-15,95.3,-1.46,5.96,"Crawford, J.P.",641487,684320,field_out,hit_into_play,,,,,2,J.P. Crawford flies out to left fielder Myles Straw.,L,L,R,SEA,TOR,X,7,fly_ball,0,1,2025,-0.5,1.08,0.016438602064314245,2.8792441309352257,,,,0,8,Bot,67.62,139.33,,,,,4.9689515194643885,-138.66582536184256,-4.8740828798082525,-7.514722928861858,30.764789806814406,-17.30861182790198,3.3,1.55,208,78.6,56,95,2349,6.1,813043,672386,665489,676391,680718,665926,664702,662139,664770,54.38,0.053,0.062,0,1,0,0,3,69,2,4-Seam Fastball,2,12,2,12,12,2,2,12,Standard,Standard,219,0,-0.22,72.9,7.1,0.088,0.22,88.0,-10,-10,0.001,0.001,28,30,28,30,1,2,2,2,,1,1.43,0.5,-0.5,41.4,2.1874036475166605,1.2694993501537215,28.46727500340475,36.938034779924266,37.735130108179604
SL,2025-10-15,87.8,0.3,6.63,"Suárez, Eugenio",553993,680755,,swinging_strike,,,,,14,Swinging Strike,L,R,R,SEA,TOR,S,,,1,0,2025,0.3,0.23,0.9774708645511718,2.269076728119402,,,,0,7,Bot,,,,,,,1.0083596745178824,-127.97153403748781,-4.877874774500804,3.081500356966156,24.983358095673612,-28.91224808740701,3.44,1.58,,,,86.2,2280,5.1,813043,672386,665489,676391,680718,665926,664702,662139,664770,55.43,,,,,,,,62,2,Slider,2,12,2,12,12,2,2,12,Standard,Standard,160,0,-0.05,72.9,8.3,,0.05,,-10,-10,0.001,0.001,24,33,25,34,1,2,2,2,9,1,2.71,-0.3,-0.3,46.3,27.51348810037469,-9.419993105466213,34.31887641199839,44.68305305246292,41.31992773022719
SI,2025-10-15,97.1,-2.4,5.82,"Kirk, Alejandro",672386,672841,single,hit_into_play,,,,,8,Alejandro Kirk singles on a ground ball to center fielder Julio Rodríguez. Anthony Santander to 2nd.,L,R,R,SEA,TOR,X,8,ground_ball,1,0,2025,-1.42,0.55,0.020516154992922475,1.3960006093519188,,,623993,0,5,Top,123.4,104.8,,,,,9.733887856099603,-140.86038144822368,-7.548205184108157,-21.12088321604174,33.00518652412874,-23.226208486919656,3.12,1.49,8,101.3,-10,97.1,1996,6.5,813043,663728,647304,593871,553993,641487,668227,677594,645302,53.99,0.201,0.183,0.9,1,1,0,2,39,2,Sinker,2,7,7,2,7,2,7,2,Standard,Standard,215,-0.01,0.429,69.6,7.4,0.236,-0.429,101.3,-5,5,0.055,0.945,25,26,26,27,1,2,2,2,1,1,1.89,1.42,1.42,33.0,3.3151772695627857,3.4704983756542633,29.661167261533052,40.02218946092483,24.342655114281545
SL,2025-10-15,88,-1.84,5.55,"Springer, George",543807,669923,field_out,hit_into_play,,,,,8,"George Springer grounds out, third baseman Eugenio Suárez to first baseman Josh Naylor.",L,R,R,SEA,TOR,X,5,ground_ball,0,1,2025,0.6,-0.26,0.19649225284821198,1.6267653638248198,,,,0,1,Top,116.31,167.07,,,,,3.740128412666214,-128.1558481631722,-2.908482766773578,5.808330650572504,26.625103676635106,-34.603671115621694,3.56,1.63,3,77.4,-32,88.7,2424,6.7,813043,663728,647304,593871,553993,641487,668227,677594,645302,53.78,0.043,0.044,0,1,0,0,2,1,2,Slider,0,0,0,0,0,0,0,0,Standard,Standard,39,0.019,-0.22,70.7,7.3,0.044,0.22,88.0,0,0,0.503,0.497,27,35,27,36,1,0,5,2,5,1,3.2,-0.6,-0.6,26.9,3.264349232198513,8.705971935402266,40.040201428961524,39.25761629260579,18.06369918030238
FF,2025-10-15,93.2,-1.61,5.66,"Arozarena, Randy",668227,669456,,ball,,,,,14,Ball,L,R,R,SEA,TOR,B,,,0,0,2025,-1.06,1.41,1.4164365829081245,1.9798328504041958,,,,0,1,Bot,,,,,,,10.162013740486572,-135.28200078121318,-6.819810405214538,-15.160074182986609,29.020907184471454,-13.530917652515729,3.34875905538907,1.58874401590297,,,,93.8,2349,6.7,813043,672386,665489,676391,680718,665926,664770,662139,623993,53.75,,,,,,,,5,1,4-Seam Fastball,0,0,0,0,0,0,0,0,Standard,Standard,221,0.003,0.041,,,,-0.041,,0,0,0.548,0.548,30,30,30,30,1,0,8,2,5,1,1.23,1.06,1.06,39.3,,,,,
SI,2025-10-15,94.2,2.25,5.84,"Lukes, Nathan",664770,657571,field_out,hit_into_play,,,,,12,Nathan Lukes grounds out softly to first baseman Josh Naylor. Andrés Giménez scores. George Springer to 2nd.,L,L,L,SEA,TOR,X,3,ground_ball,0,0,2025,1.42,1.07,1.035537371275553,3.2470853370216903,665926,,543807,0,6,Top,144.16,186.31,,,,,-6.28570319795276,-136.99820757825037,-3.3835490879838463,19.217339476784744,32.05993111980093,-18.136127396455777,3.34,1.55,2,65.4,-59,93.8,2297,6.2,813043,663728,647304,593871,553993,641487,668227,677594,645302,54.3,0.258,0.236,0,1,0,0,2,49,1,Sinker,2,8,8,2,9,2,9,2,Standard,Standard,147,-0.002,-0.259,65.4,5.4,0.258,0.259,88.0,-6,6,0.015,0.985,28,30,29,31,1,3,8,2,,1,1.51,1.42,1.42,40.9,5.526890579045199,11.793641347211354,20.168873187152617,30.036226571455302,26.32971365202395
FC,2025-10-15,95.5,-2.68,5.9,"Kirk, Alejandro",672386,672841,,ball,,,,,11,Ball,L,R,R,SEA,TOR,B,,,0,0,2025,-0.02,0.99,-0.4833746161461745,3.342722291149743,,,623993,0,5,Top,,,,,,,5.840094524801487,-138.99330469781336,-3.349338603663907,-1.498334445416574,30.42176516758325,-18.79581932438101,3.02545501948452,1.52152661496045,,,,95.9,2179,6.4,813043,663728,647304,593871,553993,641487,668227,677594,645302,54.05,,,,,,,,39,1,Cutter,2,7,7,2,7,2,7,2,Standard,Standard,216,-0.001,0.04,,,,-0.04,,-5,5,0.056,0.944,25,26,26,27,1,2,2,2,1,1,1.5,0.02,0.02,33.6,,,,,
CU,2025-10-15,83.2,-2.61,6.38,"Guerrero Jr., Vladimir",665489,592426,double,hit_into_play,,,,,5,Vladimir Guerrero Jr. doubles (2) on a sharp line drive to center fielder Julio Rodríguez.,L,R,R,SEA,TOR,X,8,line_drive,0,0,2025,0.64,-1.1,0.0012606615329110449,2.7033530026832473,,,,0,8,Top,153.3,76.62,,,,,4.729949802270071,-120.97244148793506,0.2991638063767874,5.1289008699874135,27.554976440996516,-43.123997406134734,3.68,1.67,235,108,10,82.6,2514,6.3,813043,663728,647304,660844,553993,641487,668227,677594,645302,54.15,0.899,0.884,1.25,1,1,1,4,65,1,Curveball,2,12,12,2,12,2,12,2,Standard,Standard,24,0,0.716,81.0,7.1,1.12,-0.716,108.0,-10,10,0.001,0.999,33,26,34,26,1,4,7,2,,1,4.44,-0.64,-0.64,49.3,-3.3163783898846138,4.9160271037528505,22.9296468184207,37.30967473711297,30.529731334297132
SI,2025-10-15,97.2,-1.75,5.6,"Springer, George",543807,669923,,called_strike,,,,,6,Called Strike,L,R,R,SEA,TOR,S,,,0,0,2025,-1.6,0.86,0.5034123531667074,2.2290074725844944,,,,0,1,Top,,,,,,,9.771186588837242,-141.1428481061041,-5.449454068740444,-23.6435050763817,34.359743981292766,-19.533469987933312,3.52867171073094,1.5986562275638,,,,97.4,2255,6.7,813043,663728,647304,593871,553993,641487,668227,677594,645302,53.82,,,,,,,,1,1,Sinker,0,0,0,0,0,0,0,0,Standard,Standard,232,0.003,-0.039,,,,0.039,,0,0,0.5,0.5,27,35,27,36,1,0,5,2,5,1,1.57,1.6,1.6,27.6,,,,,
FC,2025-10-15,89.6,3.79,5.68,"Ford, Harry",695670,689254,single,hit_into_play,,,,,6,Harry Ford singles on a sharp line drive to center fielder Daulton Varsho.,L,R,L,SEA,TOR,X,8,line_drive,0,0,2025,-0.37,1.23,0.2777590154779237,2.4567041138448245,,,,0,9,Bot,140.92,64.29,,,,,-7.9434252248757975,-130.23635602425713,-4.590311014490654,-2.6197326418227256,26.36352076382451,-17.396308721211238,3.301,1.504,294,107.5,17,90.3,2810,6.7,813043,672386,665489,643396,676391,665926,664702,662139,664770,53.82,0.377,0.5465714285714286,0.9,1,1,0,6,79,1,Cutter,4,13,4,13,13,4,4,13,Infield shade,Standard,171,0,0.438,74.6,6.4,0.96,-0.438,107.5,-9,-9,0.001,0.001,23,22,24,22,1,0,2,18,1,,1.61,-0.37,0.37,28.3,14.785404618758651,8.503014831461961,31.85526128194103,37.27818796086171,30.823058316323657
FF,2025-10-15,95.1,-1.52,5.94,"Crawford, J.P.",641487,684320,,swinging_strike,,,,,12,Swinging Strike,L,L,R,SEA,TOR,S,,,0,0,2025,-0.26,1.29,0.041390977531001905,3.718552052550363,,,,0,8,Bot,,,,,,,4.656025006487653,-138.45797537588248,-3.047197810289756,-4.423277291728914,31.39713462379802,-15.095651642451022,3.3,1.55,,,,94.6,2362,6,813043,672386,665489,676391,680718,665926,664702,662139,664770,54.47,,,,,,,,69,1,4-Seam Fastball,2,12,2,12,12,2,2,12,Standard,Standard,213,0,-0.039,57.9,5.7,,0.039,,-10,-10,0.001,0.001,28,30,28,30,1,2,2,2,,1,1.23,0.26,-0.26,40.9,-7.574462444936582,29.294291218629514,28.05379627793922,36.91085597369518,19.856378925916317
FF,2025-10-15,94.4,0.3,6.61,"Suárez, Eugenio",553993,680755,,ball,,,,,11,Ball,L,R,R,SEA,TOR,B,,,0,0,2025,-0.27,1.52,-0.4665512860955324,4.284750753932827,,,,0,7,Bot,,,,,,,-1.3838235177794451,-137.48612070808954,-3.6664104586367774,-3.0617767810317966,32.72887144126042,-12.354689897337861,3.28201809553732,1.5167792634585,,,,92.4,2245,5.2,813043,672386,665489,676391,680718,665926,664702,662139,664770,55.26,,,,,,,,62,1,4-Seam Fastball,2,12,2,12,12,2,2,12,Standard,Standard,206,0,0.041,,,,-0.041,,-10,-10,0.001,0.001,24,33,25,34,1,2,2,2,9,1,1.05,0.27,0.27,49.4,,,,,
,2025-10-15,,,,"Guerrero Jr., Vladimir",665489,657571,intent_walk,automatic_ball,,,,,,Caleb Ferguson intentionally walks Vladimir Guerrero Jr.,L,R,L,SEA,TOR,B,,,3,0,2025,,,,,,543807,,1,6,Top,,,,,,,,,,,,,,,,,,,,,813043,663728,647304,593871,553993,641487,668227,677594,645302,,,,0.4,0,0,0,,50,4,,2,9,9,2,9,2,9,2,,,,0,,,,,,,-7,7,0.013,0.987,28,26,29,26,1,3,8,2,,1,,,,,,,,,
,2025-10-15,,,,"Guerrero Jr., Vladimir",665489,657571,,automatic_ball,,,,,,Automatic Ball - Intentional,L,R,L,SEA,TOR,B,,,1,0,2025,,,,,,543807,,1,6,Top,,,,,,,,,,,,,,,,,,,,,813043,663728,647304,593871,553993,641487,668227,677594,645302,,,,,,,,,50,2,,2,9,9,2,9,2,9,2,,,,0,,,,,,,-7,7,0.013,0.987,28,26,29,26,1,3,8,2,,1,,,,,,,,,
,2025-10-15,,,,"Guerrero Jr., Vladimir",665489,657571,,automatic_ball,,,,,,Automatic Ball - Intentional,L,R,L,SEA,TOR,B,,,0,0,2025,,,,,,543807,,1,6,Top,,,,,,,,,,,,,,,,,,,,,813043,663728,647304,593871,553993,641487,668227,677594,645302,,,,,,,,,50,1,,2,9,9,2,9,2,9,2,,,,0,,,,,,,-7,7,0.013,0.987,28,26,29,26,1,3,8,2,,1,,,,,,,,,
,2025-10-15,,,,"Guerrero Jr., Vladimir",665489,657571,,automatic_ball,,,,,,Automatic Ball - Intentional,L,R,L,SEA,TOR,B,,,2,0,2025,,,,,,543807,,1,6,Top,,,,,,,,,,,,,,,,,,,,,813043,663728,647304,593871,553993,641487,668227,677594,645302,,,,,,,,,50,3,,2,9,9,2,9,2,9,2,,,,0,,,,,,,-7,7,0.013,0.987,28,26,29,26,1,3,8,2,,1,,,,,,,,,
