pitch_type,game_date,release_speed,release_pos_x,release_pos_z,player_name,batter,pitcher,events,description,spin_dir,spin_rate_deprecated,break_angle_deprecated,break_length_deprecated,zone,des,game_type,stand,p_throws,home_team,away_team,type,hit_location,bb_type,balls,strikes,game_year,pfx_x,pfx_z,plate_x,plate_z,on_3b,on_2b,on_1b,outs_when_up,inning,inning_topbot,hc_x,hc_y,tfs_deprecated,tfs_zulu_deprecated,umpire,sv_id,vx0,vy0,vz0,ax,ay,az,sz_top,sz_bot,hit_distance_sc,launch_speed,launch_angle,effective_speed,release_spin_rate,release_extension,game_pk,fielder_2,fielder_3,fielder_4,fielder_5,fielder_6,fielder_7,fielder_8,fielder_9,release_pos_y,estimated_ba_using_speedangle,estimated_woba_using_speedangle,woba_value,woba_denom,babip_value,iso_value,launch_speed_angle,at_bat_number,pitch_number,pitch_name,home_score,away_score,bat_score,fld_score,post_away_score,post_home_score,post_bat_score,post_fld_score,if_fielding_alignment,of_fielding_alignment,spin_axis,delta_home_win_exp,delta_run_exp,bat_speed,swing_length,estimated_slg_using_speedangle,delta_pitcher_run_exp,hyper_speed,home_score_diff,bat_score_diff,home_win_exp,bat_win_exp,age_pit_legacy,age_bat_legacy,age_pit,age_bat,n_thruorder_pitcher,n_priorpa_thisgame_player_at_bat,pitcher_days_since_prev_game,batter_days_since_prev_game,pitcher_days_until_next_game,batter_days_until_next_game,api_break_z_with_gravity,api_break_x_arm,api_break_x_batter_in,arm_angle,attack_angle,attack_direction,swing_path_tilt,intercept_ball_minus_batter_pos_x_inches,intercept_ball_minus_batter_pos_y_inches
CH,2025-10-06,85.3,2.02,6.42,"Bohm, Alec",664761,605483,force_out,hit_into_play,,,,,14,"Alec Bohm grounds into a force out, fielded by third baseman Miguel Rojas. Trea Turner out at 3rd.",D,R,L,PHI,LAD,X,5,ground_ball,2,0,2025,1.17,0.69,0.10128982839375777,1.0885782118208949,,607208,656941,2,6,Bot,85.99,153.54,,,,,-6.921328383910365,-123.82267614525253,-7.608075973674047,13.4480631338387,25.93283231237902,-23.704632038577667,3.59,1.64,4,103.9,-18,85.6,1857,6.7,813052,669257,518692,669242,500743,605141,571771,681624,606192,53.77,0.165,0.154,0,1,0,0,2,43,3,Changeup,0,0,0,0,0,0,0,0,Standard,Standard,136,-0.078,-0.335,75.2,8.4,0.205,0.335,103.9,0,0,0.578,0.578,32,28,33,29,3,2,6,2,7,2,2.47,1.17,-1.17,53.6,12.785374752582936,-3.6528759527913084,38.52942393118008,39.99435437649418,33.769202696831144
FF,2025-10-06,96.9,1.83,6.55,"Bohm, Alec",664761,605483,,ball,,,,,11,Ball,D,R,L,PHI,LAD,B,,,1,0,2025,0.18,1.41,-1.0626514511982883,4.341416428524032,,607208,656941,2,6,Bot,,,,,,,-8.187757514266787,-140.86301213821875,-3.589292284997861,4.294690418333924,32.55118302639638,-12.767393285575784,3.53816830234851,1.53629209858407,,,,97.4,2573,6.7,813052,669257,518692,669242,500743,605141,571771,681624,606192,53.81,,,,,,,,43,2,4-Seam Fastball,0,0,0,0,0,0,0,0,Standard,Standard,163,0.008,0.029,,,,-0.029,,0,0,0.57,0.57,32,28,33,29,3,2,6,2,7,2,1.02,0.18,-0.18,54.6,,,,,
FF,2025-10-06,97.1,1.77,6.6,"Bohm, Alec",664761,605483,,ball,,,,,13,Ball,D,R,L,PHI,LAD,B,,,0,0,2025,0.25,1.29,-1.5510260439324282,2.135344174245527,,607208,656941,2,6,Bot,,,,,,,-9.567223793266319,-140.8970092860204,-9.451355991824242,5.515793202814369,31.59166494331937,-12.987878678591178,3.59299443396691,1.59126736396007,,,,98,2486,6.9,813052,669257,518692,669242,500743,605141,571771,681624,606192,53.58,,,,,,,,43,1,4-Seam Fastball,0,0,0,0,0,0,0,0,Standard,Standard,151,0.004,0.024,,,,-0.024,,0,0,0.566,0.566,32,28,33,29,3,2,6,2,7,2,1.14,0.25,-0.25,56.7,,,,,
SL,2025-10-06,90.9,1.94,6.54,"Harper, Bryce",547180,605483,strikeout,swinging_strike,,,,,13,Bryce Harper strikes out swinging.,D,L,L,PHI,LAD,S,2,,2,2,2025,-0.16,0.71,-1.0470702353995596,1.5130806210456251,,607208,656941,1,6,Bot,,,,,,,-7.194114355396747,-132.0415867309526,-8.24176367442966,-0.3371772363127362,27.310591721114548,-22.3450277218787,3.19,1.64,,,,91.6,2279,6.7,813052,669257,518692,669242,500743,605141,571771,681624,606192,53.78,,0,0,1,0,0,,42,6,Slider,0,0,0,0,0,0,0,0,Standard,Standard,166,-0.054,-0.216,71.3,7.7,,0.216,,0,0,0.62,0.62,32,32,33,33,3,2,6,2,7,2,2.06,-0.16,-0.16,55.4,16.384731893168762,-0.831665609735173,30.264534783057268,49.22755874659613,32.054269294504685
CU,2025-10-06,81.6,1.91,6.54,"Harper, Bryce",547180,605483,,blocked_ball,,,,,13,Ball In Dirt,D,L,L,PHI,LAD,B,,,1,2,2025,-0.96,-0.4,-0.46712359714812524,0.39979988015316037,,607208,656941,1,6,Bot,,,,,,,-3.5277604176178867,-118.74628070827595,-6.468677580206693,-8.295165746152662,24.268401731942824,-34.85394704639814,2.94056447649647,1.59959246929439,,,,82.1,2606,6.8,813052,669257,518692,669242,500743,605141,571771,681624,606192,53.7,,,,,,,,42,5,Curveball,0,0,0,0,0,0,0,0,Standard,Standard,327,0.009,0.043,,,,-0.043,,0,0,0.611,0.611,32,32,33,33,3,2,6,2,7,2,3.84,-0.96,-0.96,59.4,,,,,
SL,2025-10-06,91.2,1.88,6.59,"Harper, Bryce",547180,605483,,foul,,,,,13,Foul,D,L,L,PHI,LAD,S,,,1,2,2025,-0.28,0.75,-0.9856176890576144,1.7303302199635124,,607208,656941,1,6,Bot,,,,,,,-6.659317957067697,-132.5559403029837,-7.964439537096551,-1.7677760595937113,29.37877216477207,-21.7720578675595,3.19,1.64,59,31.8,47,91.8,2410,6.8,813052,669257,518692,669242,500743,605141,571771,681624,606192,53.69,,,,,,,,42,4,Slider,0,0,0,0,0,0,0,0,Standard,Standard,172,0,0,67.4,7.6,,0,88.0,0,0,0.611,0.611,32,32,33,33,3,2,6,2,7,2,2.01,-0.28,-0.28,55.5,16.30134214016516,3.8547198833415446,29.458797049670544,48.83738400441388,29.24126605535947
SL,2025-10-06,91.4,1.92,6.58,"Harper, Bryce",547180,605483,,swinging_strike,,,,,13,Swinging Strike,D,L,L,PHI,LAD,S,,,1,1,2025,-0.05,0.85,-0.5585724983756487,0.8061609735484467,,607208,656941,1,6,Bot,,,,,,,-6.167067001419491,-132.74791544278162,-10.573867839429678,0.6921922178502636,27.62436124914659,-20.0795149088734,3.19,1.64,,,,92.1,2261,6.8,813052,669257,518692,669242,500743,605141,571771,681624,606192,53.74,,,,,,,,42,3,Slider,0,0,0,0,0,0,0,0,Standard,Standard,158,-0.016,-0.058,77.7,7.5,,0.058,,0,0,0.627,0.627,32,32,33,33,3,2,6,2,7,2,1.88,-0.05,-0.05,60.1,6.762848312945352,1.612433420366982,42.2028491760197,43.682438441161864,29.172042000645565
SL,2025-10-06,91.2,1.92,6.61,"Harper, Bryce",547180,605483,,foul,,,,,1,Foul,D,L,L,PHI,LAD,S,,,1,0,2025,-0.1,1.03,-0.47275442055249234,2.815999121574383,,607208,656941,1,6,Bot,,,,,,,-5.8264701375576635,-132.6736687118395,-5.893176893780157,0.042573212161081044,28.984176195127173,-18.909017530803492,3.19,1.64,186,84.6,68,91.7,2325,6.6,813052,669257,518692,669242,500743,605141,571771,681624,606192,53.87,,,,,,,,42,2,Slider,0,0,0,0,0,0,0,0,Standard,Standard,166,-0.011,-0.045,76.9,7.3,,0.045,88.0,0,0,0.638,0.638,32,32,33,33,3,2,6,2,7,2,1.71,-0.1,-0.1,55.4,12.36687147242764,4.664487630342288,31.19191020264474,43.934683066550086,31.10570431878744
SL,2025-10-06,91,2.06,6.61,"Harper, Bryce",547180,605483,,blocked_ball,,,,,13,Ball In Dirt,D,L,L,PHI,LAD,B,,,0,0,2025,0.25,0.78,-0.46668287050744073,0.45316224944904926,,607208,656941,1,6,Bot,,,,,,,-6.9036421739426554,-131.977611673136,-11.25331737051578,4.345063558165866,27.313331298196537,-20.886547572934955,3.1899948817466,1.64000225434645,,,,91.6,2345,6.8,813052,669257,518692,669242,500743,605141,571771,681624,606192,53.75,,,,,,,,42,1,Slider,0,0,0,0,0,0,0,0,Standard,Standard,159,0.008,0.031,,,,-0.031,,0,0,0.63,0.63,32,32,33,33,3,2,6,2,7,2,1.99,0.25,0.25,53.9,,,,,
FF,2025-10-06,95.6,2.14,6.51,"Schwarber, Kyle",656941,605483,walk,ball,,,,,14,Kyle Schwarber walks.,D,L,L,PHI,LAD,B,,,3,1,2025,0.66,1.69,0.7711008032579242,1.247229699506979,,607208,,1,6,Bot,,,,,,,-5.123154175254923,-138.66051675118578,-12.070078705130312,9.679622872785682,32.88045570737792,-7.75691106657146,3.17721964860533,1.45878215405454,,,,96,2456,6.8,813052,669257,518692,669242,500743,605141,571771,681624,606192,53.69,,0.691497,0.7,1,0,0,,41,5,4-Seam Fastball,0,0,0,0,0,0,0,0,Standard,Standard,152,0.014,0.144,,,,-0.144,,0,0,0.616,0.616,32,32,33,32,3,2,6,2,7,2,0.83,0.66,0.66,54.2,,,,,
FF,2025-10-06,97.1,1.95,6.53,"Schwarber, Kyle",656941,605483,,ball,,,,,12,Ball,D,L,L,PHI,LAD,B,,,2,1,2025,0.27,1.62,1.1889999628779229,3.1923725820318247,,607208,,1,6,Bot,,,,,,,-2.6921913529564483,-141.1603968075407,-7.1218071524399225,4.308287195014972,34.939369572830884,-9.110146841203239,3.17706832640787,1.45851962187549,,,,97.5,2493,6.7,813052,669257,518692,669242,500743,605141,571771,681624,606192,53.75,,,,,,,,41,4,4-Seam Fastball,0,0,0,0,0,0,0,0,Standard,Standard,159,0.007,0.071,,,,-0.071,,0,0,0.609,0.609,32,32,33,32,3,2,6,2,7,2,0.82,0.27,0.27,53.5,,,,,
SL,2025-10-06,90.2,1.89,6.55,"Schwarber, Kyle",656941,605483,,swinging_strike,,,,,4,Swinging Strike,D,L,L,PHI,LAD,S,,,2,0,2025,0.29,0.83,-0.287135350110176,2.1028773896813786,,607208,,1,6,Bot,,,,,,,-6.110343653218321,-131.13245301070532,-6.937171321853465,4.638017779836149,26.26481400799679,-21.370277123840964,3.28,1.51,,,,91.3,2302,6.9,813052,669257,518692,669242,500743,605141,571771,681624,606192,53.64,,,,,,,,41,3,Slider,0,0,0,0,0,0,0,0,Standard,Standard,164,-0.005,-0.058,82.6,8.1,,0.058,,0,0,0.614,0.614,32,32,33,32,3,2,6,2,7,2,1.97,0.29,0.29,54.9,22.558440896105086,-20.45193548085072,31.388592075413843,37.205325906649584,40.80309229195644
SL,2025-10-06,89.7,1.9,6.55,"Schwarber, Kyle",656941,605483,,ball,,,,,13,Ball,D,L,L,PHI,LAD,B,,,1,0,2025,-0.31,0.82,-0.9826990907298117,2.0412154909730065,,,607208,1,6,Bot,,,,,,,-6.484984107150592,-130.38986098143207,-6.884960586106895,-2.144303391978292,28.164550291320896,-21.551222716916186,3.12070105629629,1.40372394941295,,,,90,2288,6.6,813052,669257,518692,669242,500743,605141,571771,681624,606192,53.92,,,,,,,,41,2,Slider,0,0,0,0,0,0,0,0,Infield shade,Standard,163,0.031,0.068,,,,-0.068,,0,0,0.583,0.583,32,32,33,32,3,2,6,2,7,2,2.03,-0.31,-0.31,52.2,,,,,
CH,2025-10-06,85.7,2.34,6.42,"Schwarber, Kyle",656941,605483,,ball,,,,,14,Ball,D,L,L,PHI,LAD,B,,,0,0,2025,1.17,1.05,1.115723558750026,1.0328009865328247,,,607208,1,6,Bot,,,,,,,-5.283644281850875,-124.45227576731678,-8.571247069347542,13.205226784167477,26.045184600140082,-19.737049844112168,3.17399161095041,1.40395562057899,,,,86,1907,6.7,813052,669257,518692,669242,500743,605141,571771,681624,606192,53.79,,,,,,,,41,1,Changeup,0,0,0,0,0,0,0,0,Standard,Standard,133,0.005,0.035,,,,-0.035,,0,0,0.578,0.578,32,32,33,32,3,2,6,2,7,2,2.08,1.17,1.17,48.9,,,,,
SL,2025-10-06,89.3,1.93,6.66,"Turner, Trea",607208,605483,walk,blocked_ball,,,,,13,Trea Turner walks.,D,R,L,PHI,LAD,B,,,3,2,2025,-0.28,0.56,-0.9720201096636211,0.771753302667137,,,,1,6,Bot,,,,,,,-6.576962062281197,-129.70455829707836,-9.6987192525241,-1.9090790992968605,25.638519116226686,-24.06010843067039,3.33563897147538,1.58791048231624,,,,89.9,2388,6.6,813052,669257,518692,669242,500743,605141,571771,681624,606192,53.89,,0.691497,0.7,1,0,0,,40,6,Slider,0,0,0,0,0,0,0,0,Standard,Standard,176,0.031,0.339,,,,-0.339,,0,0,0.547,0.547,32,32,33,32,3,2,6,2,7,2,2.3,-0.28,0.28,58.6,,,,,
CH,2025-10-06,80.4,2.25,6.43,"Turner, Trea",607208,605483,,ball,,,,,12,Ball,D,R,L,PHI,LAD,B,,,2,2,2025,1.08,0.92,1.2170117185863745,2.997221104050601,,,,1,6,Bot,,,,,,,-4.381442437978479,-117.05659408531227,-2.681598578543926,10.751750250236553,22.782391389902603,-23.430299742609215,3.33296840867071,1.58527912263768,,,,81,1681,6.8,813052,669257,518692,669242,500743,605141,571771,681624,606192,53.74,,,,,,,,40,5,Changeup,0,0,0,0,0,0,0,0,Standard,Standard,128,0.009,0.104,,,,-0.104,,0,0,0.538,0.538,32,32,33,32,3,2,6,2,7,2,2.61,1.08,-1.08,52.6,,,,,
CU,2025-10-06,81.1,1.9,6.56,"Turner, Trea",607208,605483,,ball,,,,,13,Ball,D,R,L,PHI,LAD,B,,,1,2,2025,-1.18,-0.72,-0.623747581418753,0.7429043579469665,,,,1,6,Bot,,,,,,,-3.408189417582606,-117.99381133555788,-4.970465671904697,-10.297845870266585,24.282441883910025,-38.07285763541803,3.38968524867389,1.64198708755656,,,,81.4,2604,6.7,813052,669257,518692,669242,500743,605141,571771,681624,606192,53.79,,,,,,,,40,4,Curveball,0,0,0,0,0,0,0,0,Standard,Standard,328,0.004,0.048,,,,-0.048,,0,0,0.534,0.534,32,32,33,32,3,2,6,2,7,2,4.21,-1.18,1.18,61.5,,,,,
SL,2025-10-06,89.2,1.99,6.6,"Turner, Trea",607208,605483,,swinging_strike,,,,,13,Swinging Strike,D,R,L,PHI,LAD,S,,,1,1,2025,-0.29,0.82,-0.07772976149695376,1.5088147871172959,,,,1,6,Bot,,,,,,,-4.5092424397950435,-129.7339179912688,-8.325311874174837,-2.4661501476749876,24.58385313611254,-21.40584265578226,3.49,1.69,,,,90.1,2369,6.6,813052,669257,518692,669242,500743,605141,571771,681624,606192,53.86,,,,,,,,40,3,Slider,0,0,0,0,0,0,0,0,Standard,Standard,165,-0.007,-0.064,73.7,7.7,,0.064,,0,0,0.541,0.541,32,32,33,32,3,2,6,2,7,2,2.02,-0.29,0.29,57.3,5.339872615800232,6.405545549378745,28.93461468797405,36.60997035729608,23.50535431055154
ST,2025-10-06,86.1,2.5,5.52,"Freeman, Freddie",518692,666200,double,hit_into_play,,,,,8,Freddie Freeman doubles (2) on a line drive to right fielder Nick Castellanos. Teoscar Hernández to 3rd.,D,L,L,PHI,LAD,X,9,line_drive,2,1,2025,-0.77,-0.49,0.10463364206675552,1.7245811877248056,,,606192,0,7,Top,197.77,121.47,,,,,-4.076762921588988,-125.16531637574012,-1.6304955821683569,-6.9565505506176954,30.426353782446537,-37.10302672696033,3.72,1.8,208,76.9,23,84.5,2411,5.7,813052,592663,547180,624641,664761,607208,805249,669016,592206,54.75,0.861,0.82,1.25,1,1,1,4,45,4,Sweeper,0,0,0,0,0,0,0,0,Standard,Standard,333,-0.158,0.695,67.8,8.0,0.97,-0.695,88.0,0,0,0.433,0.567,27,35,28,36,3,2,12,2,3,2,3.62,-0.77,-0.77,33.2,22.4001455394895,-18.694873566886457,45.70180744840392,40.20250425396443,37.407573564205215
SI,2025-10-06,96.3,2.45,5.61,"Freeman, Freddie",518692,666200,,ball,,,,,14,Ball,D,L,L,PHI,LAD,B,,,1,1,2025,1.45,0.85,1.162978810108476,1.511381317352403,,,606192,0,7,Top,,,,,,,-6.637651346178363,-139.91830071233412,-7.145094399245333,20.500472797508014,32.341489878581946,-19.528873476226565,3.69186958476416,1.79801212611324,,,,95.3,2319,5.8,813052,592663,547180,624641,664761,607208,805249,669016,592206,54.66,,,,,,,,45,3,Sinker,0,0,0,0,0,0,0,0,Standard,Standard,123,-0.011,0.044,,,,-0.044,,0,0,0.444,0.556,27,35,28,36,3,2,12,2,3,2,1.62,1.45,1.45,29.6,,,,,
CH,2025-10-06,85,2.24,6.38,"Turner, Trea",607208,605483,,ball,,,,,13,Ball,D,R,L,PHI,LAD,B,,,0,1,2025,1.27,0.86,-0.21605236370334713,1.4545235390343378,,,,1,6,Bot,,,,,,,-8.37652100865309,-123.42963462264062,-6.9820205469614995,14.679672707722679,24.371675861766455,-22.19002064826988,3.44116707862854,1.64131524603534,,,,85.7,1848,6.8,813052,669257,518692,669242,500743,605141,571771,681624,606192,53.69,,,,,,,,40,2,Changeup,0,0,0,0,0,0,0,0,Standard,Standard,128,0.003,0.029,,,,-0.029,,0,0,0.538,0.538,32,32,33,32,3,2,6,2,7,2,2.31,1.27,-1.27,48.2,,,,,
ST,2025-10-06,86.9,2.51,5.57,"Freeman, Freddie",518692,666200,,ball,,,,,13,Ball,D,L,L,PHI,LAD,B,,,0,1,2025,-0.4,-0.32,-0.7007513095093891,1.057457490565917,,,606192,0,7,Top,,,,,,,-6.778750636591899,-126.26336930628605,-3.8083262018997477,-2.5487905008276193,30.370400653030025,-34.89255238039108,3.66769037432211,1.79999857110895,,,,85.1,2495,5.6,813052,592663,547180,624641,664761,607208,805249,669016,592206,54.91,,,,,,,,45,2,Sweeper,0,0,0,0,0,0,0,0,Standard,Standard,338,-0.005,0.034,,,,-0.034,,0,0,0.449,0.5509999999999999,27,35,28,36,3,2,12,2,3,2,3.4,-0.4,-0.4,32.2,,,,,
FF,2025-10-06,95.2,1.84,6.61,"Turner, Trea",607208,605483,,swinging_strike,,,,,13,Swinging Strike,D,R,L,PHI,LAD,S,,,0,0,2025,0.18,1.25,-1.2868636391309376,1.9522835553666642,,,,1,6,Bot,,,,,,,-8.673496458803324,-138.1747241123603,-9.458826369512991,4.169260836874008,29.095032425180364,-14.15358306187444,3.49,1.69,,,,96,2445,6.8,813052,669257,518692,669242,500743,605141,571771,681624,606192,53.74,,,,,,,,40,1,4-Seam Fastball,0,0,0,0,0,0,0,0,Standard,Standard,159,-0.004,-0.039,76.4,8.2,,0.039,,0,0,0.542,0.542,32,32,33,32,3,2,6,2,7,2,1.26,0.18,-0.18,55.1,7.426153893826159,-25.579274163093952,27.465522041563307,21.88658796543423,30.8296675737839
CH,2025-10-06,84.1,2.23,6.36,"Kemp, Otto",805249,605483,strikeout,swinging_strike,,,,,9,Otto Kemp strikes out swinging.,D,R,L,PHI,LAD,S,2,,1,2,2025,1.04,1.2,0.31560562736357234,2.0612675659635182,,,,0,6,Bot,,,,,,,-6.586851239238692,-122.16726569026821,-6.01731890523876,11.685746764177505,23.88764220750656,-19.15848069483931,3.47,1.58,,,,85.1,1958,7,813052,669257,518692,669242,500743,605141,571771,681624,606192,53.47,,0,0,1,0,0,,39,4,Changeup,0,0,0,0,0,0,0,0,Standard,Standard,131,-0.024,-0.189,74.9,8.3,,0.189,,0,0,0.566,0.566,32,25,33,26,2,1,6,8,7,,2.03,1.04,-1.04,51.0,25.839425103102013,-32.04154968849881,31.09061142607058,35.96340282009085,48.41679885769302
ST,2025-10-06,86.2,2.45,5.58,"Freeman, Freddie",518692,666200,,swinging_strike,,,,,13,Swinging Strike,D,L,L,PHI,LAD,S,,,0,0,2025,-0.61,0.13,-0.6149880253373288,1.5238718095628356,,,606192,0,7,Top,,,,,,,-5.960528468403522,-125.33514074139127,-3.5654483345966033,-5.048906701419282,28.66567310039287,-30.214596902512874,3.72,1.8,,,,84.8,2362,5.7,813052,592663,547180,624641,664761,607208,805249,669016,592206,54.8,,,,,,,,45,1,Sweeper,0,0,0,0,0,0,0,0,Standard,Standard,333,0.008,-0.043,68.9,8.1,,0.043,,0,0,0.441,0.5589999999999999,27,35,28,36,3,2,12,2,3,2,2.97,-0.61,-0.61,27.3,25.8017182813327,-18.52880706133347,43.86345004652957,49.17798867724653,40.813389977813145
CH,2025-10-06,87.4,2.48,5.6,"Hernández, Teoscar",606192,666200,single,hit_into_play,,,,,6,Teoscar Hernández singles on a line drive to center fielder Brandon Marsh.,D,R,L,PHI,LAD,X,8,line_drive,2,2,2025,1.3,0.68,0.7079129529763668,2.4719131723705194,,,,0,7,Top,137.8,80.27,,,,,-6.856429067410428,-127.12340009913254,-2.778209490383119,15.457753505701806,26.172341014892005,-24.41875154340432,3.49,1.63,226,99.2,11,86.5,1826,5.8,813052,592663,547180,624641,664761,607208,805249,669016,592206,54.73,0.878,0.821,0.9,1,1,0,4,44,6,Changeup,0,0,0,0,0,0,0,0,Standard,Standard,113,-0.065,0.465,69.7,7.9,1.009,-0.465,99.2,0,0,0.506,0.494,27,32,28,33,3,2,12,2,3,2,2.31,1.3,-1.3,31.9,8.996787081099413,8.530023556934037,23.523471301728243,46.17765655678621,23.850859906936776
CH,2025-10-06,83.9,2.22,6.36,"Kemp, Otto",805249,605483,,ball,,,,,14,Ball,D,R,L,PHI,LAD,B,,,0,2,2025,1.03,0.5,0.9464117709858149,-0.18689178184111777,,,,0,6,Bot,,,,,,,-5.034095010370896,-121.72463960878257,-9.749682362502114,11.281020039193239,24.81322482974399,-25.400255712396962,3.26489123477207,1.47740865247433,,,,84.4,1770,6.9,813052,669257,518692,669242,500743,605141,571771,681624,606192,53.65,,,,,,,,39,3,Changeup,0,0,0,0,0,0,0,0,Standard,Standard,126,0.004,0.024,,,,-0.024,,0,0,0.562,0.562,32,25,33,26,2,1,6,8,7,,2.77,1.03,-1.03,50.2,,,,,
CH,2025-10-06,87.4,2.45,5.66,"Hernández, Teoscar",606192,666200,,foul,,,,,12,Foul,D,R,L,PHI,LAD,S,,,2,2,2025,1.47,0.81,1.2107289095910765,2.6990158655113863,,,,0,7,Top,,,,,,,-5.925698398740803,-127.11425083018997,-2.566310993025742,17.125989718515715,28.166031016191127,-23.148091574672392,3.49,1.63,179,68.4,37,85.9,1768,5.6,813052,592663,547180,624641,664761,607208,805249,669016,592206,54.95,,,,,,,,44,5,Changeup,0,0,0,0,0,0,0,0,Standard,Standard,107,0,0,67.1,8.0,,0,88.0,0,0,0.506,0.494,27,32,28,33,3,2,12,2,3,2,2.2,1.47,-1.47,27.9,3.717927857772776,11.015383111135302,23.60157492915758,51.831127342092095,16.24125268881842
CH,2025-10-06,85.7,2.29,6.42,"Kemp, Otto",805249,605483,,swinging_strike,,,,,14,Swinging Strike,D,R,L,PHI,LAD,S,,,0,1,2025,1.07,0.55,0.8262534186887864,0.9844286692183872,,,,0,6,Bot,,,,,,,-5.698296572481286,-124.56994138553196,-7.766383551727678,12.313643957243317,24.820968015204244,-25.074154993948028,3.47,1.58,,,,86.6,1706,6.9,813052,669257,518692,669242,500743,605141,571771,681624,606192,53.58,,,,,,,,39,2,Changeup,0,0,0,0,0,0,0,0,Standard,Standard,130,-0.009,-0.055,76.9,8.4,,0.055,,0,0,0.571,0.571,32,25,33,26,2,1,6,8,7,,2.56,1.07,-1.07,55.8,23.498795955915867,-16.489755029911763,37.32421114817092,43.09946483233221,46.77208392058404
CU,2025-10-06,81.2,1.99,6.67,"Kemp, Otto",805249,605483,,called_strike,,,,,5,Called Strike,D,R,L,PHI,LAD,S,,,0,0,2025,-1.01,-0.14,-0.1680864406069149,2.234267658814094,,,,0,6,Bot,,,,,,,-2.9062641218259158,-118.21738675887521,-3.0321676774334687,-8.86817412303038,23.755098359327683,-33.0638895703755,3.47467529656303,1.53336981076599,,,,81.3,2639,6.5,813052,669257,518692,669242,500743,605141,571771,681624,606192,54.02,,,,,,,,39,1,Curveball,0,0,0,0,0,0,0,0,Standard,Standard,323,-0.005,-0.039,,,,0.039,,0,0,0.576,0.576,32,25,33,26,2,1,6,8,7,,3.61,-1.01,1.01,56.7,,,,,
FF,2025-10-06,98,2.19,5.84,"Hernández, Teoscar",606192,666200,,ball,,,,,11,Ball,D,R,L,PHI,LAD,B,,,1,2,2025,1.18,1.25,-1.408436992795548,2.9760693934378706,,,,0,7,Top,,,,,,,-12.313359506734566,-142.11188803302431,-5.0235019901374,18.94886599135923,35.853828565653075,-14.25340650172385,3.44948182131929,1.62103848486162,,,,96.7,2346,6,813052,592663,547180,624641,664761,607208,805249,669016,592206,54.55,,,,,,,,44,4,4-Seam Fastball,0,0,0,0,0,0,0,0,Standard,Standard,125,-0.006,0.043,,,,-0.043,,0,0,0.512,0.488,27,32,28,33,3,2,12,2,3,2,1.16,1.18,-1.18,32.3,,,,,
SL,2025-10-06,90.4,1.91,6.56,"Marsh, Brandon",669016,605483,field_out,hit_into_play,,,,,4,Brandon Marsh grounds out softly to first baseman Freddie Freeman.,D,L,L,PHI,LAD,X,3,ground_ball,1,1,2025,-0.18,0.85,-0.744502296717249,2.4496535299132107,,,624641,2,5,Bot,125.58,185.84,,,,,-6.267435526203467,-131.4188071214131,-6.100330739935182,-0.6861943175039423,28.9140927866863,-21.152164236993954,3.2,1.53,2,57.4,-56,90.6,2326,6.5,813052,666163,518692,669242,500743,605141,571771,681624,606192,53.95,0.306,0.281,0,1,0,0,1,35,3,Slider,0,0,0,0,0,0,0,0,Standard,Standard,166,-0.029,-0.256,73.6,7.4,0.309,0.256,88.0,0,0,0.529,0.529,32,27,33,28,2,1,6,2,7,2,1.95,-0.18,-0.18,56.6,14.663674784709476,-7.667011302095743,29.669467505788806,47.86939855280035,32.482352304031885
FF,2025-10-06,96.6,2.27,5.84,"Hernández, Teoscar",606192,666200,,foul,,,,,13,Foul,D,R,L,PHI,LAD,S,,,1,1,2025,0.99,1.23,-0.9102769728554734,1.721401437095519,,,,0,7,Top,,,,,,,-10.628031186850215,-140.1081284948427,-8.095501655506254,15.499998233054104,32.45295656129853,-14.200836566853992,3.49,1.63,95,78.4,7,95.6,2322,5.9,813052,592663,547180,624641,664761,607208,805249,669016,592206,54.56,,,,,,,,44,3,4-Seam Fastball,0,0,0,0,0,0,0,0,Standard,Standard,125,0.01,-0.061,78.0,8.1,,0.061,88.0,0,0,0.502,0.498,27,32,28,33,3,2,12,2,3,2,1.23,0.99,-0.99,33.8,4.052669839718231,-1.9853855922947279,43.70190009434402,27.585400221685937,23.549430365863714
ST,2025-10-06,83.9,2.75,5.63,"Hernández, Teoscar",606192,666200,,ball,,,,,9,Ball,D,R,L,PHI,LAD,B,,,0,1,2025,-0.84,-0.4,0.5708738199762081,1.5848961623576283,,,,0,7,Top,,,,,,,-3.3361251891705272,-122.10364761237592,-2.1202168514735273,-7.699349151970096,25.002908749905806,-35.95104122855659,3.49235924657045,1.5485496684191,,,,82.9,2309,5.7,813052,592663,547180,624641,664761,607208,805249,669016,592206,54.79,,,,,,,,44,2,Sweeper,0,0,0,0,0,0,0,0,Standard,Standard,315,-0.004,0.031,,,,-0.031,,0,0,0.506,0.494,27,32,28,33,3,2,12,2,3,2,3.65,-0.84,0.84,24.8,,,,,
SL,2025-10-06,91.6,2.07,6.56,"Marsh, Brandon",669016,605483,,blocked_ball,,,,,13,Ball In Dirt,D,L,L,PHI,LAD,B,,,0,1,2025,0.09,1.02,-0.7062719776326697,1.028747508155054,,,624641,2,5,Bot,,,,,,,-7.218615063013824,-132.8954202458044,-10.337134968595684,2.5054880123097303,27.459288993962236,-18.026027365275702,3.19750277815773,1.47615543674301,,,,92.1,2397,6.7,813052,666163,518692,669242,500743,605141,571771,681624,606192,53.82,,,,,,,,35,2,Slider,0,0,0,0,0,0,0,0,Standard,Standard,159,0.003,0.027,,,,-0.027,,0,0,0.526,0.526,32,27,33,28,2,1,6,2,7,2,1.7,0.09,0.09,56.4,,,,,
CH,2025-10-06,85.7,2.59,5.69,"Hernández, Teoscar",606192,666200,,called_strike,,,,,7,Called Strike,D,R,L,PHI,LAD,S,,,0,0,2025,1.49,0.86,-0.3979672559892842,1.728610642811497,,,,0,7,Top,,,,,,,-9.957414587297437,-124.34023312484258,-4.708398354320704,17.556342419160067,26.655418174266522,-22.476653460387553,3.48999990143708,1.57905889478154,,,,84.5,1983,5.8,813052,592663,547180,624641,664761,607208,805249,669016,592206,54.69,,,,,,,,44,1,Changeup,0,0,0,0,0,0,0,0,Standard,Standard,116,0.006,-0.039,,,,0.039,,0,0,0.5,0.5,27,32,28,33,3,2,12,2,3,2,2.28,1.49,-1.49,28.2,,,,,
CU,2025-10-06,81.5,1.93,6.58,"Marsh, Brandon",669016,605483,,swinging_strike,,,,,13,Swinging Strike,D,L,L,PHI,LAD,S,,,0,0,2025,-1.05,-0.7,-0.8397697002921497,1.6025182701233538,,,624641,2,5,Bot,,,,,,,-4.230481107827507,-118.62097365574407,-3.2281971205210347,-9.016029957518237,24.29928434527221,-38.29039132543727,3.2,1.53,,,,81.8,2600,6.6,813052,666163,518692,669242,500743,605141,571771,681624,606192,53.86,,,,,,,,35,1,Curveball,0,0,0,0,0,0,0,0,Standard,Standard,332,-0.005,-0.042,60.4,8.4,,0.042,,0,0,0.531,0.531,32,27,33,28,2,1,6,2,7,2,4.15,-1.05,-1.05,59.5,26.35456060980983,-33.983202638193184,30.28083647801571,48.07165248076957,47.37341635281084
SI,2025-10-06,97.7,2.26,5.81,"Betts, Mookie",605141,666200,field_out,hit_into_play,,,,,1,Mookie Betts pops out to first baseman Bryce Harper in foul territory.,D,R,L,PHI,LAD,X,3,popup,1,2,2025,1.2,0.98,-0.4851131517999374,2.7189965661994866,,,,2,6,Top,177.07,167.58,,,,,-10.035301688734425,-141.88013737621233,-4.9811539026958345,18.642556366244758,35.06104964384304,-17.936793957266545,3.23,1.53,143,76.5,68,96.3,2280,5.8,813052,592663,547180,624641,664761,607208,805249,669016,592206,54.75,0.001,0,0,1,0,0,3,38,5,Sinker,0,0,0,0,0,0,0,0,Standard,Standard,120,0.012,-0.182,69.2,6.9,0.001,0.182,88.0,0,0,0.564,0.43600000000000005,27,32,28,33,3,2,12,2,3,2,1.43,1.2,-1.2,29.5,10.160895199868852,-5.505725848508748,37.61896633083568,34.69215792370927,28.52821693936547
CH,2025-10-06,86.5,2.28,6.45,"Sosa, Edmundo",624641,605483,single,hit_into_play,,,,,12,Edmundo Sosa singles on a line drive to center fielder Andy Pages.,D,R,L,PHI,LAD,X,8,line_drive,0,0,2025,1.17,0.96,1.307192886338368,3.2100827615276577,,,,2,5,Bot,146.95,91.19,,,,,-4.785578681780807,-125.93129731562006,-3.4831188907614377,13.473560970094473,26.516240388584144,-21.515586734184218,3.3,1.55,227,76.1,22,87.5,1920,7,813052,666163,518692,669242,500743,605141,571771,681624,606192,53.54,0.924,0.852,0.9,1,1,0,4,34,1,Changeup,0,0,0,0,0,0,0,0,Standard,Standard,136,0.016,0.325,73.0,8.5,1,-0.325,88.0,0,0,0.515,0.515,32,29,33,29,2,1,6,2,7,,2.1,1.17,-1.17,51.8,23.249387556300952,0.9825038442598916,20.873077643051857,51.81036143455538,28.69999331031821
FF,2025-10-06,97.9,1.97,6.61,"Castellanos, Nick",592206,605483,field_out,hit_into_play,,,,,5,"Nick Castellanos grounds out, third baseman Miguel Rojas to first baseman Freddie Freeman.",D,R,L,PHI,LAD,X,5,ground_ball,3,2,2025,0.34,1.33,0.0035884327267518,3.081744064631485,,,,1,5,Bot,101.61,160.22,,,,,-6.140142466827538,-142.2403853253354,-7.096171517753605,6.050440055357705,33.99520304310985,-12.685049324030656,3.94,1.89,14,87.4,-11,98.3,2522,6.7,813052,666163,518692,669242,500743,605141,571771,681624,606192,53.79,0.112,0.105,0,1,0,0,2,33,7,4-Seam Fastball,0,0,0,0,0,0,0,0,Standard,Standard,162,-0.027,-0.332,,,0.134,0.332,88.0,0,0,0.542,0.542,32,33,33,33,2,1,6,2,7,2,1.06,0.34,-0.34,53.9,,,,,
CH,2025-10-06,87.7,2.46,5.59,"Betts, Mookie",605141,666200,,ball,,,,,14,Ball,D,R,L,PHI,LAD,B,,,0,2,2025,1.37,0.69,1.151942155732884,1.7662668161765283,,,,2,6,Top,,,,,,,-5.93080065078317,-127.54181402702812,-4.505508934637546,16.16895825064673,26.551841630265315,-23.907447585104716,3.23200952922688,1.48076856712171,,,,86.8,1984,5.8,813052,592663,547180,624641,664761,607208,805249,669016,592206,54.73,,,,,,,,38,4,Changeup,0,0,0,0,0,0,0,0,Standard,Standard,108,-0.002,0.022,,,,-0.022,,0,0,0.566,0.43400000000000005,27,32,28,33,3,2,12,2,3,2,2.28,1.37,-1.37,28.1,,,,,
CU,2025-10-06,81,1.83,6.57,"Castellanos, Nick",592206,605483,,ball,,,,,13,Ball,D,R,L,PHI,LAD,B,,,2,2,2025,-0.95,-0.66,-0.7694539704941923,0.09597719389737369,,,,1,5,Bot,,,,,,,-4.023365216107925,-117.78060979684315,-6.535144575244388,-7.908619442854996,24.500499335987513,-37.13768511749876,3.63165988083554,1.73561399762377,,,,81.4,2586,6.8,813052,666163,518692,669242,500743,605141,571771,681624,606192,53.72,,,,,,,,33,6,Curveball,0,0,0,0,0,0,0,0,Standard,Standard,324,0.008,0.104,,,,-0.104,,0,0,0.534,0.534,32,33,33,33,2,1,6,2,7,2,4.17,-0.95,0.95,62.5,,,,,
ST,2025-10-06,89.1,2.43,5.7,"Betts, Mookie",605141,666200,,foul,,,,,13,Foul,D,R,L,PHI,LAD,S,,,0,2,2025,-0.55,0.23,-0.6494700782527814,1.1010509524621086,,,,2,6,Top,,,,,,,-6.343945774518153,-129.53858770697263,-5.6400300985193415,-4.667207151948101,29.349147516796343,-28.513436127321526,3.23,1.53,283,83.3,35,87.7,2479,5.7,813052,592663,547180,624641,664761,607208,805249,669016,592206,54.84,,,,,,,,38,3,Sweeper,0,0,0,0,0,0,0,0,Standard,Standard,342,0,0,65.7,8.2,,0,88.0,0,0,0.566,0.43400000000000005,27,32,28,33,3,2,12,2,3,2,2.66,-0.55,0.55,35.0,19.779551617916983,-21.72416333299672,42.54295946265962,33.80478283201773,42.96106010493054
FF,2025-10-06,96.7,2.19,5.83,"Betts, Mookie",605141,666200,,foul_tip,,,,,11,Foul Tip,D,R,L,PHI,LAD,S,,,0,1,2025,0.82,1.34,-0.191446453631687,3.4951861399321316,,,,2,6,Top,,,,,,,-8.117890042145225,-140.57360410869688,-3.6475978860912646,12.763686718754759,33.667917133556394,-13.837261543947802,3.23,1.53,,,,95.6,2335,5.8,813052,592663,547180,624641,664761,607208,805249,669016,592206,54.69,,,,,,,,38,2,4-Seam Fastball,0,0,0,0,0,0,0,0,Standard,Standard,128,0.004,-0.057,65.0,6.0,,0.057,,0,0,0.562,0.43799999999999994,27,32,28,33,3,2,12,2,3,2,1.12,0.82,-0.82,32.9,7.068156741025962,14.208378550677418,24.384016608213074,37.511209578844486,22.626765381668008
CU,2025-10-06,82.9,1.86,6.54,"Castellanos, Nick",592206,605483,,ball,,,,,13,Ball,D,R,L,PHI,LAD,B,,,1,2,2025,-1.46,-0.69,-1.4877322811696838,0.15136568243084936,,,,1,5,Bot,,,,,,,-4.81948853740795,-120.48768830424818,-6.77900277442663,-13.202606211813077,24.74650968593977,-37.65513292470944,3.63968760463263,1.73978461768902,,,,83.4,2657,6.8,813052,666163,518692,669242,500743,605141,571771,681624,606192,53.68,,,,,,,,33,5,Curveball,0,0,0,0,0,0,0,0,Standard,Standard,320,0.004,0.048,,,,-0.048,,0,0,0.53,0.53,32,33,33,33,2,1,6,2,7,2,4.03,-1.46,1.46,58.1,,,,,
FF,2025-10-06,96.6,1.85,6.59,"Castellanos, Nick",592206,605483,,foul,,,,,13,Foul,D,R,L,PHI,LAD,S,,,1,2,2025,0.21,1.45,-1.023839177425677,2.795802973261842,,,,1,5,Bot,,,,,,,-8.19769278566751,-140.31158051709912,-7.909014944087248,4.578651701923273,31.235433087039983,-11.416675060915125,3.94,1.89,7,56,-20,97.5,2435,6.8,813052,666163,518692,669242,500743,605141,571771,681624,606192,53.66,,,,,,,,33,4,4-Seam Fastball,0,0,0,0,0,0,0,0,Standard,Standard,160,0,0,70.2,6.7,,0,88.0,0,0,0.53,0.53,32,33,33,33,2,1,6,2,7,2,1,0.21,-0.21,55.2,4.28306983374942,0.5509452934762782,50.58265339908967,22.89590246044697,17.72476090067641
FF,2025-10-06,97,2.11,5.76,"Betts, Mookie",605141,666200,,called_strike,,,,,7,Called Strike,D,R,L,PHI,LAD,S,,,0,0,2025,0.79,1.43,-0.7211883511554386,1.811005661323938,,,,2,6,Top,,,,,,,-9.295055619426192,-140.7909470516178,-8.18745527053032,12.62991022073167,33.40065385068352,-11.350621057044524,3.22876311682239,1.47784628071158,,,,96,2316,6,813052,592663,547180,624641,664761,607208,805249,669016,592206,54.54,,,,,,,,38,1,4-Seam Fastball,0,0,0,0,0,0,0,0,Standard,Standard,132,0.003,-0.043,,,,0.043,,0,0,0.559,0.44099999999999995,27,32,28,33,3,2,12,2,3,2,1.01,0.79,-0.79,32.0,,,,,
CH,2025-10-06,88.4,2.36,5.63,"Ohtani, Shohei",660271,666200,field_out,hit_into_play,,,,,7,Shohei Ohtani grounds out to first baseman Bryce Harper.,D,L,L,PHI,LAD,X,3,ground_ball,2,2,2025,1.37,0.77,-0.3589277446635173,2.2113920886525635,,,,1,6,Top,168.82,157.4,,,,,-9.37341463344039,-128.3167665293118,-3.772917974295341,17.161062276655308,27.532175517605875,-23.03411370543517,3.56,1.66,9,85.2,-14,87.3,1961,5.8,813052,592663,547180,624641,664761,607208,805249,669016,592206,54.66,0.101,0.095,0,1,0,0,2,37,5,Changeup,0,0,0,0,0,0,0,0,Strategic,Standard,113,0.021,-0.228,70.2,8.4,0.123,0.228,88.0,0,0,0.538,0.46199999999999997,27,30,28,31,3,2,12,2,3,2,2.17,1.37,1.37,29.2,10.684687453563075,-11.269012644427299,32.6708705633842,46.18310140966646,35.08792757365559
CH,2025-10-06,86.4,2.2,6.41,"Castellanos, Nick",592206,605483,,foul,,,,,14,Foul,D,R,L,PHI,LAD,S,,,1,1,2025,1.28,1.04,0.8736171810690632,2.396859475029386,,,,1,5,Bot,,,,,,,-5.808527436648805,-125.66385233832968,-5.47633741917275,14.711068716759597,26.395864908299117,-20.21330165364196,3.94,1.89,3,55.2,-38,86.9,2024,6.7,813052,666163,518692,669242,500743,605141,571771,681624,606192,53.76,,,,,,,,33,3,Changeup,0,0,0,0,0,0,0,0,Standard,Standard,129,-0.006,-0.064,68.9,8.3,,0.064,88.0,0,0,0.536,0.536,32,33,33,33,2,1,6,2,7,2,2.02,1.28,-1.28,50.2,31.18010690753193,-11.598918766634856,37.697109720276934,46.217146026660885,35.48548639404498
ST,2025-10-06,88.4,2.42,5.56,"Ohtani, Shohei",660271,666200,,ball,,,,,13,Ball,D,L,L,PHI,LAD,B,,,1,2,2025,-0.59,-0.45,-1.9341357638986703,0.17035692645260436,,,,1,6,Top,,,,,,,-9.284806019627206,-128.29651176720103,-5.98773280669868,-4.425593391827062,28.81652756383177,-35.9832512089016,3.50585111718072,1.65725454107812,,,,87.3,2489,5.9,813052,592663,547180,624641,664761,607208,805249,669016,592206,54.57,,,,,,,,37,4,Sweeper,0,0,0,0,0,0,0,0,Strategic,Standard,337,-0.004,0.048,,,,-0.048,,0,0,0.542,0.45799999999999996,27,30,28,31,3,2,12,2,3,2,3.41,-0.59,-0.59,27.6,,,,,
CH,2025-10-06,87.3,2.28,6.37,"Castellanos, Nick",592206,605483,,ball,,,,,14,Ball,D,R,L,PHI,LAD,B,,,0,1,2025,1.32,0.43,1.742284926903011,0.6961923805688528,,,,1,5,Bot,,,,,,,-4.062703457678048,-126.90241945991879,-8.45334407269428,15.064314814420609,26.81573945547177,-25.90064757054368,3.7380039452336,1.73921018806166,,,,88.2,1788,7,813052,666163,518692,669242,500743,605141,571771,681624,606192,53.54,,,,,,,,33,2,Changeup,0,0,0,0,0,0,0,0,Standard,Standard,124,0.002,0.029,,,,-0.029,,0,0,0.534,0.534,32,33,33,33,2,1,6,2,7,2,2.57,1.32,-1.32,54.1,,,,,
SI,2025-10-06,97.1,2.15,5.86,"Ohtani, Shohei",660271,666200,,foul,,,,,5,Foul,D,L,L,PHI,LAD,S,,,1,1,2025,1.35,0.7,0.11844693014378871,2.428297225712729,,,,1,6,Top,,,,,,,-8.45308320850096,-141.06987456799783,-5.183925360640394,19.94969221947041,34.72681009662447,-21.730528335095887,3.56,1.66,251,91.7,19,96,2347,5.9,813052,592663,547180,624641,664761,607208,805249,669016,592206,54.56,,,,,,,,37,3,Sinker,0,0,0,0,0,0,0,0,Strategic,Standard,131,0.007,-0.064,71.4,7.0,,0.064,91.7,0,0,0.535,0.46499999999999997,27,30,28,31,3,2,12,2,3,2,1.74,1.35,1.35,33.2,-5.325688339651404,22.08965197428273,36.89824968888244,40.489184852915045,13.998392848930042
FF,2025-10-06,96.6,2.01,6.58,"Castellanos, Nick",592206,605483,,called_strike,,,,,9,Called Strike,D,R,L,PHI,LAD,S,,,0,0,2025,0.39,1.46,0.5884060623556637,1.8698633760361907,,,,1,5,Bot,,,,,,,-4.701513867634602,-140.36873438933694,-10.38113154061764,6.176054374850258,31.858408446241636,-10.71445509166009,3.78886787311679,1.78944185899918,,,,97.4,2430,6.8,813052,666163,518692,669242,500743,605141,571771,681624,606192,53.66,,,,,,,,33,1,4-Seam Fastball,0,0,0,0,0,0,0,0,Standard,Standard,159,-0.003,-0.039,,,,0.039,,0,0,0.537,0.537,32,33,33,33,2,1,6,2,7,2,0.99,0.39,-0.39,54.5,,,,,
ST,2025-10-06,86.2,2.37,5.61,"Ohtani, Shohei",660271,666200,,called_strike,,,,,8,Called Strike,D,L,L,PHI,LAD,S,,,1,0,2025,-0.71,0.03,-0.22492710276207528,1.9864410091087215,,,,1,6,Top,,,,,,,-4.6886314967735405,-125.42067702824089,-2.3455254915171855,-6.347449797051424,28.178362332975848,-31.58051754484801,3.40358270996703,1.66000040254774,,,,85,2425,5.8,813052,592663,547180,624641,664761,607208,805249,669016,592206,54.73,,,,,,,,37,2,Sweeper,0,0,0,0,0,0,0,0,Strategic,Standard,326,0.005,-0.049,,,,0.049,,0,0,0.53,0.47,27,30,28,31,3,2,12,2,3,2,3.07,-0.71,-0.71,31.9,,,,,
FF,2025-10-06,97.4,1.9,6.6,"Realmuto, J.T.",592663,605483,field_out,hit_into_play,,,,,11,J.T. Realmuto flies out to right fielder Teoscar Hernández.,D,R,L,PHI,LAD,X,9,fly_ball,3,2,2025,0.2,1.54,-0.0011304640754868367,3.9830322710020885,,,,0,5,Bot,186.6,88.32,,,,,-5.595235041922935,-141.63968954262634,-5.053252100028603,4.013871580659693,34.084660409769725,-10.504338177532928,3.66,1.74,313,87.5,38,97.8,2445,6.7,813052,666163,518692,669242,500743,605141,571771,681624,606192,53.83,0.013,0.017,0,1,0,0,3,32,7,4-Seam Fastball,0,0,0,0,0,0,0,0,Standard,Standard,159,-0.037,-0.345,67.7,6.2,0.028,0.345,88.0,0,0,0.574,0.574,32,34,33,34,2,1,6,2,7,2,0.88,0.2,-0.2,54.4,12.263397557574525,17.22235570834567,16.63915041919947,36.47066456804695,21.023786428372425
SI,2025-10-06,97.1,2.31,5.81,"Ohtani, Shohei",660271,666200,,ball,,,,,14,Ball,D,L,L,PHI,LAD,B,,,0,0,2025,1.44,0.72,0.4901171435263063,1.452877586992254,,,,1,6,Top,,,,,,,-8.067217053414575,-140.94981189663065,-7.659425698192472,21.001039828328008,34.583791057787764,-20.90863269248157,3.45628509384269,1.66076068222987,,,,95.9,2288,5.9,813052,592663,547180,624641,664761,607208,805249,669016,592206,54.6,,,,,,,,37,1,Sinker,0,0,0,0,0,0,0,0,Standard,Standard,128,-0.004,0.039,,,,-0.039,,0,0,0.534,0.46599999999999997,27,30,28,31,3,2,12,2,3,2,1.72,1.44,1.44,32.8,,,,,
FF,2025-10-06,95.6,1.78,6.63,"Realmuto, J.T.",592663,605483,,ball,,,,,13,Ball,D,R,L,PHI,LAD,B,,,2,2,2025,0.11,1.53,-1.360552885528086,2.2469049447718525,,,,0,5,Bot,,,,,,,-8.58935650873058,-138.7474000359993,-9.424591668566597,3.3824483956545834,30.709636474821043,-10.407831739078398,3.55714275937952,1.68855196124769,,,,96.2,2445,6.7,813052,666163,518692,669242,500743,605141,571771,681624,606192,53.76,,,,,,,,32,6,4-Seam Fastball,0,0,0,0,0,0,0,0,Standard,Standard,166,0.012,0.112,,,,-0.112,,0,0,0.562,0.562,32,34,33,34,2,1,6,2,7,2,0.97,0.11,-0.11,56.7,,,,,
SI,2025-10-06,94.3,2.43,5.75,"Smith, Will",669257,666200,field_out,hit_into_play,,,,,5,"Will Smith grounds out, third baseman Alec Bohm to first baseman Bryce Harper.",D,R,L,PHI,LAD,X,5,ground_ball,0,0,2025,1.41,0.69,0.17730280378139995,2.2567524549124673,,,,0,6,Top,89.31,163.24,,,,,-8.919214403986256,-136.92071169719873,-4.867502377464278,19.725589177721393,30.66293611553081,-22.568844242514192,3.36,1.58,4,85.9,-33,93.5,2292,6,813052,592663,547180,624641,664761,607208,805249,669016,592206,54.53,0.048,0.047,0,1,0,0,2,36,1,Sinker,0,0,0,0,0,0,0,0,Standard,Standard,124,0.034,-0.259,72.0,7.8,0.048,0.259,88.0,0,0,0.5,0.5,27,30,28,30,2,0,12,2,3,2,1.89,1.41,-1.41,29.4,9.353925725990313,-10.963206677854636,30.69563316096499,41.41779860106695,30.56534046880522
FF,2025-10-06,96.2,1.98,6.62,"Realmuto, J.T.",592663,605483,,foul,,,,,2,Foul,D,R,L,PHI,LAD,S,,,2,2,2025,0.62,1.74,0.25294586386915585,3.4826788356747587,,,,0,5,Bot,,,,,,,-6.0175706837822345,-139.82724305746603,-6.678411241984242,9.506077022500367,33.01331745331904,-8.101788506685905,3.66,1.74,,,,96.5,2478,6.6,813052,666163,518692,669242,500743,605141,571771,681624,606192,53.86,,,,,,,,32,5,4-Seam Fastball,0,0,0,0,0,0,0,0,Standard,Standard,158,0,0,70.1,6.4,,0,,0,0,0.562,0.562,32,34,33,34,2,1,6,2,7,2,0.74,0.62,-0.62,53.8,8.366787445992562,20.52777216825061,30.00982453513871,39.776703561361884,20.13880011488731
FF,2025-10-06,95.8,2.13,5.84,"Pages, Andy",681624,666200,field_out,hit_into_play,,,,,2,Andy Pages flies out to right fielder Nick Castellanos.,D,R,L,PHI,LAD,X,9,fly_ball,0,0,2025,1.08,1.21,-0.13704424184837571,3.111816463142688,,,,2,5,Top,163.75,102.91,,,,,-8.33731380859347,-139.11660206634562,-4.212942028731198,15.978600737392984,34.88913887219335,-15.736857400076339,3.54,1.62,259,84.3,45,94.4,2273,5.8,813052,592663,547180,624641,664761,607208,805249,669016,592206,54.67,0.01,0.011,0,1,0,0,3,31,1,4-Seam Fastball,0,0,0,0,0,0,0,0,Standard,Standard,127,0.015,-0.26,73.5,7.7,0.014,0.26,88.0,0,0,0.552,0.44799999999999995,27,24,28,25,2,1,12,2,3,2,1.31,1.08,-1.08,32.8,9.91112624927883,-0.28888739086203713,33.13374568292565,36.71893222817684,28.62565080565577
CU,2025-10-06,83,2.04,6.56,"Realmuto, J.T.",592663,605483,,ball,,,,,13,Ball,D,R,L,PHI,LAD,B,,,1,2,2025,-0.84,-0.47,-0.5847921280046449,0.7973083491447568,,,,0,5,Bot,,,,,,,-4.389973272351674,-120.6316399788592,-5.733493771403116,-7.221135112654736,25.780776281551905,-35.71969428059055,3.60854774140653,1.63705932175167,,,,83.2,2585,6.7,813052,666163,518692,669242,500743,605141,571771,681624,606192,53.82,,,,,,,,32,4,Curveball,0,0,0,0,0,0,0,0,Standard,Standard,319,0.004,0.043,,,,-0.043,,0,0,0.558,0.558,32,34,33,34,2,1,6,2,7,2,3.81,-0.84,0.84,59.8,,,,,
FC,2025-10-06,86.8,-1.74,5.41,"Ortiz, Joey",687401,607067,field_out,hit_into_play,,,,,5,Joey Ortiz flies out to right fielder Seiya Suzuki.,D,R,R,MIL,CHC,X,9,fly_ball,2,1,2025,0.62,0.51,-0.15445246515846273,2.266574686227062,,,663368,2,8,Bot,177.2,111.96,,,,,2.5361221959151874,-126.30825687226334,-2.32567135287683,6.040998658353075,27.515585613069074,-26.508700624506748,3.35,1.53,310,94,43,86.8,2154,6.5,813048,608348,683737,663538,807713,621020,664023,691718,673548,54.03,0.028,0.052,0,1,0,0,3,68,4,Cutter,7,3,7,3,3,7,7,3,Standard,Standard,174,-0.001,-0.309,75.2,7.6,0.091,0.309,94.0,4,4,0.986,0.986,34,26,35,27,2,3,5,2,5,2,2.54,-0.62,-0.62,35.3,4.580076581242009,-5.520538876581321,33.16862726268272,37.731129160194314,29.30995156612051
FF,2025-10-06,97.5,2.29,5.81,"Rojas, Miguel",500743,666200,field_out,hit_into_play,,,,,2,Miguel Rojas lines out to pitcher Jesús Luzardo.,D,R,L,PHI,LAD,X,1,line_drive,1,2,2025,1.09,1.28,-0.13588336443664373,3.093399904812207,,,,1,5,Top,127.96,179.23,,,,,-8.924115935908263,-141.52341512770906,-4.605534027251595,16.813263634429433,36.17043618615875,-14.115877358592781,3.32,1.61,87,83.4,4,95.9,2317,5.8,813052,592663,547180,624641,664761,607208,805249,669016,592206,54.71,0.266,0.241,0,1,0,0,2,30,4,4-Seam Fastball,0,0,0,0,0,0,0,0,Standard,Standard,124,0.015,-0.18,64.4,5.8,0.266,0.18,88.0,0,0,0.537,0.46299999999999997,27,36,28,36,2,1,12,5,3,2,1.15,1.09,-1.09,30.8,-3.2165590197447522,10.687945032309438,32.17382976523434,35.01294691724909,24.31181373883563
CH,2025-10-06,86.4,2.24,6.41,"Realmuto, J.T.",592663,605483,,foul,,,,,9,Foul,D,R,L,PHI,LAD,S,,,1,1,2025,1.11,0.78,0.7504430337239851,1.7464978513940834,,,,0,5,Bot,,,,,,,-5.869213886794251,-125.50563557666746,-6.502314741575235,12.978699524615243,26.05732932356149,-22.787884277042032,3.66,1.74,5,48.5,-20,87,1981,6.8,813052,666163,518692,669242,500743,605141,571771,681624,606192,53.66,,,,,,,,32,3,Changeup,0,0,0,0,0,0,0,0,Standard,Standard,127,-0.008,-0.061,64.8,8.5,,0.061,88.0,0,0,0.566,0.566,32,34,33,34,2,1,6,2,7,2,2.29,1.11,-1.11,51.0,22.613710119853867,-10.792741230338722,33.69574767601178,46.075926784429384,38.46521041839131
CH,2025-10-06,87.6,2.4,5.6,"Rojas, Miguel",500743,666200,,ball,,,,,14,Ball,D,R,L,PHI,LAD,B,,,0,2,2025,1.34,0.78,0.0485364816526348,0.490545660576714,,,,1,5,Top,,,,,,,-8.343702067961692,-127.16444374499116,-7.720897710264416,16.227861881978214,25.5357021918388,-22.302085832475424,3.16687414925592,1.50798807109071,,,,86.7,2068,5.8,813052,592663,547180,624641,664761,607208,805249,669016,592206,54.67,,,,,,,,30,3,Changeup,0,0,0,0,0,0,0,0,Standard,Standard,114,-0.002,0.017,,,,-0.017,,0,0,0.539,0.46099999999999997,27,36,28,36,2,1,12,5,3,2,2.2,1.34,-1.34,28.1,,,,,
CH,2025-10-06,85.6,2.27,6.49,"Realmuto, J.T.",592663,605483,,foul,,,,,3,Foul,D,R,L,PHI,LAD,S,,,1,0,2025,1.29,0.99,0.36885516051011336,3.147190481784074,,,,0,5,Bot,,,,,,,-7.139287107532717,-124.45342262899851,-3.6018933504406623,14.898531929758983,26.226009291903015,-21.3386788525829,3.66,1.74,122,81.1,80,86,1990,6.7,813052,666163,518692,669242,500743,605141,571771,681624,606192,53.82,,,,,,,,32,2,Changeup,0,0,0,0,0,0,0,0,Standard,Standard,132,-0.006,-0.05,76.9,7.5,,0.05,88.0,0,0,0.572,0.572,32,34,33,34,2,1,6,2,7,2,2.14,1.29,-1.29,50.1,18.36191481526412,2.9277361899776673,26.358474774030384,41.421654509267036,30.172128639435826
SL,2025-10-06,85.8,-1.67,5.36,"Ortiz, Joey",687401,607067,,ball,,,,,14,Ball,D,R,R,MIL,CHC,B,,,1,1,2025,0.58,-0.16,1.2954196489035363,1.1107645774914512,,,663368,2,8,Bot,,,,,,,5.879230062849038,-124.76858614289556,-3.4372561553646603,4.708070406479991,27.248453276642,-33.25756818129263,3.29199462285429,1.5300011911055,,,,85.9,2103,6.6,813048,608348,683737,663538,807713,621020,664023,691718,673548,53.92,,,,,,,,68,3,Slider,7,3,7,3,3,7,7,3,Standard,Standard,49,0,0.054,,,,-0.054,,4,4,0.986,0.986,34,26,35,27,2,3,5,2,5,2,3.28,-0.58,-0.58,31.9,,,,,
ST,2025-10-06,83.9,2.63,5.58,"Rojas, Miguel",500743,666200,,foul,,,,,2,Foul,D,R,L,PHI,LAD,S,,,0,1,2025,-0.86,0.32,0.03673274101548529,2.9733979718056496,,,,1,5,Top,,,,,,,-4.235443840067378,-122.08066703551435,-0.20755095515446265,-7.591441168273566,26.457715042551328,-29.201914370803014,3.32,1.61,139,67.2,23,82.5,2431,5.6,813052,592663,547180,624641,664761,607208,805249,669016,592206,54.91,,,,,,,,30,2,Sweeper,0,0,0,0,0,0,0,0,Standard,Standard,323,0.006,-0.052,28.7,4.9,,0.052,88.0,0,0,0.533,0.46699999999999997,27,36,28,36,2,1,12,5,3,2,2.95,-0.86,0.86,26.1,-23.221724177866644,26.433938016775844,29.075017400593616,36.1962187340699,10.50181360711758
SI,2025-10-06,92.2,-1.74,5.37,"Ortiz, Joey",687401,607067,,ball,,,,,11,Ball,D,R,R,MIL,CHC,B,,,0,1,2025,-0.95,0.69,-1.979858061214816,2.8527991705561315,,,663368,2,8,Bot,,,,,,,1.455916228793113,-134.19788005972046,-2.0178491167342347,-11.67845255708779,32.200024493949975,-23.679568882964503,3.40879859302342,1.53070080743042,,,,92,2225,6.4,813048,608348,683737,663538,807713,621020,664023,691718,673548,54.08,,,,,,,,68,2,Sinker,7,3,7,3,3,7,7,3,Standard,Standard,216,0,0.027,,,,-0.027,,4,4,0.986,0.986,34,26,35,27,2,3,5,2,5,2,2.02,0.95,0.95,28.8,,,,,
CH,2025-10-06,86.5,2.31,6.52,"Realmuto, J.T.",592663,605483,,ball,,,,,12,Ball,D,R,L,PHI,LAD,B,,,0,0,2025,1.23,0.86,1.3590371871764564,3.3289240075658943,,,,0,5,Bot,,,,,,,-4.809390402935513,-125.89136908686315,-3.167639674642619,14.028521952990584,26.20037151608831,-22.547616340467098,3.60274280118404,1.78518672684553,,,,87.1,1966,6.7,813052,666163,518692,669242,500743,605141,571771,681624,606192,53.77,,,,,,,,32,1,Changeup,0,0,0,0,0,0,0,0,Standard,Standard,133,0.005,0.041,,,,-0.041,,0,0,0.567,0.567,32,34,33,34,2,1,6,2,7,2,2.19,1.23,-1.23,48.9,,,,,
SI,2025-10-06,94.8,2.26,5.78,"Rojas, Miguel",500743,666200,,called_strike,,,,,4,Called Strike,D,R,L,PHI,LAD,S,,,0,0,2025,1.26,0.87,-0.42394302104009474,2.316727925332556,,,,1,5,Top,,,,,,,-9.729533560099837,-137.60885071688472,-5.177060195299014,18.264291109329747,34.790134717526215,-20.109967877292238,3.32000125194898,1.66117342492265,,,,93.3,2230,5.9,813052,592663,547180,624641,664761,607208,805249,669016,592206,54.64,,,,,,,,30,1,Sinker,0,0,0,0,0,0,0,0,Standard,Standard,125,0.003,-0.039,,,,0.039,,0,0,0.53,0.47,27,36,28,36,2,1,12,5,3,2,1.71,1.26,-1.26,36.4,,,,,
SL,2025-10-06,92.5,-2.17,4.84,"Happ, Ian",664023,694819,field_out,hit_into_play,,,,,8,Ian Happ flies out to left fielder Jackson Chourio in foul territory.,D,L,R,MIL,CHC,X,7,fly_ball,2,1,2025,0.44,0.4,-0.09030715706952935,2.0190606381692247,,,663538,2,5,Top,59.24,141.49,,,,,4.4454344431463895,-134.74756324494018,-2.3311623713805534,4.393731581921883,28.129116850290618,-26.98533046733629,3.55,1.65,219,86.8,58,94.6,2541,7.4,813048,661388,683734,668930,702332,687401,694192,663368,686217,53.11,0.013,0.012,0,1,0,0,3,43,4,Slider,7,3,3,7,3,7,3,7,Strategic,Standard,179,0.017,-0.309,71.1,6.8,0.015,0.309,88.0,4,-4,0.914,0.08599999999999997,23,30,23,31,2,2,9,2,5,2,2.25,-0.44,0.44,23.9,11.465845719470135,-1.2701549058592876,32.16153369672419,34.04848571358799,34.33042453127467
FF,2025-10-06,96.9,1.9,6.61,"Bohm, Alec",664761,605483,strikeout,called_strike,,,,,7,Alec Bohm called out on strikes.,D,R,L,PHI,LAD,S,2,,2,2,2025,0.39,1.49,-0.5363205266773663,1.7893401616080138,,,,2,4,Bot,,,,,,,-7.432934639714445,-140.5414410336187,-10.77747868300721,6.797052807190345,31.688750133939806,-10.177136325041722,3.435335465955,1.48527803284359,,,,97.6,2573,6.8,813052,666163,518692,669242,500743,605141,571771,681624,606192,53.66,,0,0,1,0,0,,28,5,4-Seam Fastball,0,0,0,0,0,0,0,0,Standard,Standard,157,-0.011,-0.224,,,,0.224,,0,0,0.511,0.511,32,28,33,29,2,1,6,2,7,2,0.96,0.39,-0.39,53.5,,,,,
FC,2025-10-06,87.6,-1.69,5.36,"Ortiz, Joey",687401,607067,,called_strike,,,,,1,Called Strike,D,R,R,MIL,CHC,S,,,0,0,2025,0.24,0.54,-0.6709358202233586,3.25994253125344,,,663368,2,8,Bot,,,,,,,1.9657818109098733,-127.6448548994769,-0.048163908490149065,2.244526074456787,26.887062051740898,-26.530922960893793,3.41339058560331,1.53550955907279,,,,87.8,2137,6.4,813048,608348,683737,663538,807713,621020,664023,691718,673548,54.1,,,,,,,,68,1,Cutter,7,3,7,3,3,7,7,3,Standard,Standard,176,0,-0.042,,,,0.042,,4,4,0.986,0.986,34,26,35,27,2,3,5,2,5,2,2.43,-0.24,-0.24,30.4,,,,,
ST,2025-10-06,83.6,2.8,5.62,"Hernández, Enrique",571771,666200,field_out,hit_into_play,,,,,5,Enrique Hernández pops out to second baseman Edmundo Sosa.,D,R,L,PHI,LAD,X,4,popup,0,0,2025,-0.84,0.07,0.17558409540088393,2.34998073371894,,,,0,5,Top,152.21,127.83,,,,,-4.334166860296367,-121.58840546636115,-1.1468315720652695,-7.2827541716419315,27.496784562699318,-31.5150939113154,3.42,1.69,192,86.7,61,82.1,2365,5.6,813052,592663,547180,624641,664761,607208,805249,669016,592206,54.86,0.023,0.027,0,1,0,0,3,29,1,Sweeper,0,0,0,0,0,0,0,0,Standard,Standard,328,0.03,-0.259,75.8,8.0,0.035,0.259,88.0,0,0,0.5,0.5,27,33,28,34,2,1,12,2,3,2,3.24,-0.84,0.84,26.6,21.785730100134693,-2.655814375802941,33.33270985067792,41.82913283154506,32.616493767308114
CH,2025-10-06,86.8,2.36,6.4,"Bohm, Alec",664761,605483,,swinging_strike,,,,,6,Swinging Strike,D,R,L,PHI,LAD,S,,,2,1,2025,1.01,1.19,0.7832029587861334,2.458682296099279,,,,2,4,Bot,,,,,,,-5.904801020402839,-126.24547669682401,-5.738673875955077,11.987669888165184,25.494131353927923,-18.42878765583481,3.59,1.64,,,,87.8,1871,6.9,813052,666163,518692,669242,500743,605141,571771,681624,606192,53.57,,,,,,,,28,4,Changeup,0,0,0,0,0,0,0,0,Standard,Standard,124,-0.003,-0.073,75.8,8.6,,0.073,,0,0,0.514,0.514,32,28,33,29,2,1,6,2,7,2,1.83,1.01,-1.01,49.1,21.68353390894552,-19.665046507603883,29.84024457966301,49.48233134928676,41.907582097611005
FF,2025-10-06,94.4,-1.66,5.42,"Perkins, Blake",663368,607067,single,hit_into_play,,,,,5,Blake Perkins singles on a sharp line drive to right fielder Seiya Suzuki.,D,L,R,MIL,CHC,X,9,line_drive,3,2,2025,-0.65,1.29,-0.19998398422030716,2.8012271029171867,,,,2,8,Bot,168.81,100.99,,,,,5.262578554420274,-137.39730984199633,-3.9927072373549763,-9.424288178082401,32.044144683950044,-15.159266507810445,3.52,1.67,266,105.6,15,94.6,2281,6.5,813048,608348,683737,663538,807713,621020,664023,691718,673548,53.99,0.613,0.655,0.9,1,1,0,5,67,6,4-Seam Fastball,7,3,7,3,3,7,7,3,Infield shade,Standard,219,0,0.258,71.7,7.1,0.951,-0.258,105.6,4,4,0.986,0.986,34,28,35,29,2,3,5,2,5,2,1.28,0.65,-0.65,31.2,13.991567609265973,1.776427339940245,27.271456854061395,38.884400407513944,31.753932786572342
CH,2025-10-06,92.8,-1.93,5.05,"Happ, Ian",664023,694819,,ball,,,,,13,Ball,D,L,R,MIL,CHC,B,,,1,1,2025,-1.56,0.4,-0.5079012884298415,0.774123976747787,,,663538,2,5,Top,,,,,,,7.191074773052479,-134.7193309296017,-6.041061101327454,-20.58022753924189,32.4161806250345,-26.051993610571717,3.49186039450536,1.64999945691907,,,,93.9,2296,7.3,813048,661388,683734,668930,702332,687401,694192,663368,686217,53.2,,,,,,,,43,3,Changeup,7,3,3,7,3,7,3,7,Strategic,Standard,250,-0.003,0.054,,,,-0.054,,4,-4,0.917,0.08299999999999996,23,30,23,31,2,2,9,2,5,2,2.28,1.56,-1.56,27.5,,,,,
CH,2025-10-06,94,-1.72,5.05,"Happ, Ian",664023,694819,,ball,,,,,14,Ball,D,L,R,MIL,CHC,B,,,0,1,2025,-1.45,0.59,0.9887480552905137,1.2472122510133026,,,663538,2,5,Top,,,,,,,10.47531181762552,-136.3139282788656,-5.457343665002141,-20.513829660319104,32.794198644083366,-23.777834152524594,3.66588951875661,1.70774807439631,,,,95.5,2180,7.6,813048,661388,683734,668930,702332,687401,694192,663368,686217,52.92,,,,,,,,43,2,Changeup,7,3,3,7,3,7,3,7,Infield shade,Standard,246,-0.001,0.027,,,,-0.027,,4,-4,0.918,0.08199999999999996,23,30,23,31,2,2,9,2,5,2,2.03,1.45,-1.45,31.5,,,,,
ST,2025-10-06,88.2,2.41,5.58,"Edman, Tommy",669242,666200,strikeout,swinging_strike,,,,,13,Tommy Edman strikes out swinging.,D,R,L,PHI,LAD,S,2,,1,2,2025,-0.84,-0.36,-0.8383787140167455,1.2152867630889985,,,,2,4,Top,,,,,,,-6.085020423028509,-128.213082992043,-3.640778161464766,-7.716731689106309,29.990643273003236,-35.53573516458027,3.39,1.55,,,,86.7,2520,5.7,813052,592663,547180,624641,664761,607208,805249,669016,592206,54.83,,0,0,1,0,0,,25,5,Sweeper,0,0,0,0,0,0,0,0,Standard,Standard,336,0.009,-0.182,76.4,8.8,,0.182,,0,0,0.551,0.44899999999999995,27,30,28,30,2,1,12,2,3,2,3.33,-0.84,0.84,34.7,18.20130688788617,-30.904476852532046,30.685079019147842,31.54598636385726,40.35936785344297
SL,2025-10-06,88.8,1.88,6.62,"Bohm, Alec",664761,605483,,ball,,,,,13,Ball,D,R,L,PHI,LAD,B,,,1,1,2025,-0.32,0.65,-1.7926068390611325,1.141146769295969,,,,2,4,Bot,,,,,,,-8.385241847526334,-129.00336651665611,-8.85396274683566,-2.1090199363580977,23.42282445523823,-23.327084892897485,3.4337729510781,1.48373090770009,,,,89.9,2445,6.8,813052,666163,518692,669242,500743,605141,571771,681624,606192,53.73,,,,,,,,28,3,Slider,0,0,0,0,0,0,0,0,Standard,Standard,179,0.002,0.053,,,,-0.053,,0,0,0.512,0.512,32,28,33,29,2,1,6,2,7,2,2.22,-0.32,0.32,61.6,,,,,
FF,2025-10-06,94.9,-1.67,5.42,"Perkins, Blake",663368,607067,,foul_tip,,,,,5,Foul Tip,D,L,R,MIL,CHC,S,,,3,1,2025,-0.59,1.14,-0.17777958501668267,2.810498946209524,,,,2,8,Bot,,,,,,,5.255729582867508,-138.05864424017037,-3.706355598186148,-8.778043600520943,32.12832471532447,-16.947746356021327,3.52,1.67,,,,95.2,2150,6.6,813048,608348,683737,663538,807713,621020,664023,691718,673548,53.92,,,,,,,,67,5,4-Seam Fastball,7,3,7,3,3,7,7,3,Infield shade,Standard,215,0,-0.086,73.1,7.2,,0.086,,4,4,0.986,0.986,34,28,35,29,2,3,5,2,5,2,1.4,0.59,-0.59,32.7,11.607201205501317,4.886190466726026,28.21122655373582,39.071542847779305,23.477514368618976
FF,2025-10-06,94.8,-1.66,5.39,"Perkins, Blake",663368,607067,,called_strike,,,,,9,Called Strike,D,L,R,MIL,CHC,S,,,3,0,2025,-0.72,1.2,0.2787875224267118,2.2005618149326747,,,,2,8,Bot,,,,,,,6.709072348063256,-137.81593315213243,-5.347443741620816,-10.74191192203122,32.04130838209752,-15.871142907878824,3.40817580170292,1.67421967575747,,,,95,2162,6.6,813048,608348,683737,663538,807713,621020,664023,691718,673548,53.94,,,,,,,,67,4,4-Seam Fastball,7,3,7,3,3,7,7,3,Infield shade,Standard,221,0,-0.07,,,,0.07,,4,4,0.986,0.986,34,28,35,29,2,3,5,2,5,2,1.35,0.72,-0.72,29.3,,,,,
FF,2025-10-06,97.5,2.04,5.88,"Edman, Tommy",669242,666200,,foul,,,,,2,Foul,D,R,L,PHI,LAD,S,,,1,2,2025,1.03,1.39,-0.15175465669452204,3.312512843262091,,,,2,4,Top,,,,,,,-8.14800556989741,-141.55523742915045,-4.449417377214368,15.752346962639956,36.63145237906606,-12.742340071972842,3.39,1.55,216,72.4,57,96,2425,5.8,813052,592663,547180,624641,664761,607208,805249,669016,592206,54.65,,,,,,,,25,4,4-Seam Fastball,0,0,0,0,0,0,0,0,Standard,Standard,129,0,0,72.7,6.9,,0,88.0,0,0,0.551,0.44899999999999995,27,30,28,30,2,1,12,2,3,2,1.05,1.03,-1.03,31.8,9.470029564092203,2.181358666369621,19.124489069658758,38.46635164649676,23.974012596070835
CH,2025-10-06,87.2,2.19,6.42,"Bohm, Alec",664761,605483,,foul,,,,,9,Foul,D,R,L,PHI,LAD,S,,,1,0,2025,0.86,1.3,0.36944379639760183,1.9633561017391246,,,,2,4,Bot,,,,,,,-6.1966366068631915,-126.64405483205068,-7.232520349958027,10.521252132799821,26.46821391346595,-16.92873677844966,3.59,1.64,3,44.6,-34,87.7,1872,6.8,813052,666163,518692,669242,500743,605141,571771,681624,606192,53.75,,,,,,,,28,2,Changeup,0,0,0,0,0,0,0,0,Standard,Standard,126,-0.002,-0.054,68.5,8.7,,0.054,88.0,0,0,0.514,0.514,32,28,33,29,2,1,6,2,7,2,1.72,0.86,-0.86,56.6,22.332597014912274,-18.66139284238304,30.293762848366597,45.29887963962379,41.32533362024846
SL,2025-10-06,94.9,-1.99,4.86,"Happ, Ian",664023,694819,,called_strike,,,,,13,Called Strike,D,L,R,MIL,CHC,S,,,0,0,2025,0.31,0.69,-0.26772471807557463,1.498842568347316,,,663538,2,5,Top,,,,,,,3.910385079821456,-138.1813758334526,-4.760174554091549,3.0312606209604196,32.17380412651523,-22.43282166419893,3.55155782121128,1.63696787335456,,,,97,2522,7.5,813048,661388,683734,668930,702332,687401,694192,663368,686217,52.96,,,,,,,,43,1,Slider,7,3,3,7,3,7,3,7,Strategic,Standard,186,0.002,-0.042,,,,0.042,,4,-4,0.916,0.08399999999999996,23,30,23,31,2,2,9,2,5,2,1.84,-0.31,0.31,26.3,,,,,
CU,2025-10-06,86.3,-1.56,5.28,"Suzuki, Seiya",673548,694819,field_out,hit_into_play,,,,,6,Seiya Suzuki flies out to right fielder Sal Frelick in foul territory.,D,R,R,MIL,CHC,X,9,fly_ball,2,2,2025,0.8,-0.62,0.8172915717956968,2.028802676035855,,,663538,1,5,Top,196.81,138.62,,,,,4.105905255263967,-125.71984823550892,-0.2569925637126631,7.6404463054697125,25.789194349039192,-38.86718868464856,3.16,1.41,230,84,52,87.8,2056,7.2,813048,661388,683734,668930,702332,687401,694192,663368,686217,53.31,0.02,0.02,0,1,0,0,3,42,6,Curveball,7,3,3,7,3,7,3,7,Strategic,Standard,39,0.019,-0.223,69.9,7.1,0.027,0.223,88.0,4,-4,0.897,0.10299999999999998,23,30,23,31,2,2,9,2,5,2,3.67,-0.8,-0.8,38.9,4.514859406143851,3.8558935177414413,31.199175399908487,45.442183118038514,31.599125668728796
FF,2025-10-06,94.4,-1.64,5.37,"Perkins, Blake",663368,607067,,ball,,,,,11,Ball,D,L,R,MIL,CHC,B,,,2,0,2025,-0.7,1.2,-1.0336479557470142,3.2045641376138274,,,,2,8,Bot,,,,,,,3.151623180700901,-137.42875486497817,-2.579408836515644,-9.549245451072174,32.84855973536383,-16.723898344666765,3.5143925367029,1.66434601674589,,,,94.5,2193,6.5,813048,608348,683737,663538,807713,621020,664023,691718,673548,53.98,,,,,,,,67,3,4-Seam Fastball,7,3,7,3,3,7,7,3,Standard,Standard,210,0,0.121,,,,-0.121,,4,4,0.986,0.986,34,28,35,29,2,3,5,2,5,2,1.38,0.7,-0.7,30.2,,,,,
FF,2025-10-06,96.8,2.01,6.67,"Bohm, Alec",664761,605483,,ball,,,,,11,Ball,D,R,L,PHI,LAD,B,,,0,0,2025,0.3,1.7,-0.16392838926166176,3.6471071382647295,,,,2,4,Bot,,,,,,,-6.5351363467064685,-140.66083698947966,-6.357400631485568,5.636140523106452,34.97604535533901,-8.405865559348035,3.46215292854979,1.48673953111741,,,,97,2429,6.7,813052,666163,518692,669242,500743,605141,571771,681624,606192,53.83,,,,,,,,28,1,4-Seam Fastball,0,0,0,0,0,0,0,0,Standard,Standard,160,0.001,0.037,,,,-0.037,,0,0,0.513,0.513,32,28,33,29,2,1,6,2,7,2,0.76,0.3,-0.3,54.0,,,,,
FF,2025-10-06,96.8,2.24,5.87,"Edman, Tommy",669242,666200,,swinging_strike,,,,,11,Swinging Strike,D,R,L,PHI,LAD,S,,,1,1,2025,0.7,1.39,-0.31759220574634595,4.3279876212796005,,,,2,4,Top,,,,,,,-8.339767581382702,-140.7043332928074,-1.6550512929937748,11.32107737952146,36.238469933248204,-13.681189365688367,3.39,1.55,,,,95.5,2277,5.9,813052,592663,547180,624641,664761,607208,805249,669016,592206,54.57,,,,,,,,25,3,4-Seam Fastball,0,0,0,0,0,0,0,0,Standard,Standard,130,0.003,-0.062,71.7,5.9,,0.062,,0,0,0.548,0.45199999999999996,27,30,28,30,2,1,12,2,3,2,1.07,0.7,-0.7,34.4,7.69900486136104,32.40925677958602,11.241070927409448,36.55335141357632,14.227577334608338
SL,2025-10-06,91.2,2.09,6.57,"Harper, Bryce",547180,605483,field_out,hit_into_play,,,,,7,"Bryce Harper grounds out, second baseman Tommy Edman to first baseman Freddie Freeman.",D,L,L,PHI,LAD,X,4,ground_ball,1,0,2025,-0.02,1,-0.44512544432856604,1.8877252124800739,,,,1,4,Bot,145.2,149.35,,,,,-6.376538718448325,-132.5132499528455,-8.04501430861075,1.2398414137694362,29.691634555732243,-18.86950940940743,3.19,1.64,5,76.7,-22,91.7,2425,6.8,813052,666163,518692,669242,500743,605141,571771,681624,606192,53.73,0.06,0.059,0,1,0,0,2,27,2,Slider,0,0,0,0,0,0,0,0,Standard,Standard,166,-0.023,-0.293,77.3,7.5,0.061,0.293,88.0,0,0,0.536,0.536,32,32,33,33,2,1,6,2,7,2,1.76,-0.02,-0.02,54.1,14.097038246390559,8.074045430035733,36.98176233127516,44.15334569193493,28.078464707884827
CU,2025-10-06,82,-1.66,5.57,"Perkins, Blake",663368,607067,,ball,,,,,11,Ball,D,L,R,MIL,CHC,B,,,1,0,2025,0.94,-0.49,-1.3352527762382884,3.0410411116571274,,,,2,8,Bot,,,,,,,-1.0859500126586372,-119.34367857759884,1.7857514293230594,9.207263442440228,23.631065458851985,-37.41635703236633,3.51635474183672,1.72430701490742,,,,81.9,2143,6.3,813048,608348,683737,663538,807713,621020,664023,691718,673548,54.22,,,,,,,,67,2,Curveball,7,3,7,3,3,7,7,3,Standard,Standard,60,0,0.065,,,,-0.065,,4,4,0.986,0.986,34,28,35,29,2,3,5,2,5,2,3.89,-0.94,0.94,35.2,,,,,
FF,2025-10-06,100,-1.8,5.05,"Suzuki, Seiya",673548,694819,,foul,,,,,1,Foul,D,R,R,MIL,CHC,S,,,2,2,2025,-0.79,1.42,-0.33585787422850566,3.141332806255274,,,663538,1,5,Top,,,,,,,6.0582833772781175,-145.46076517631656,-3.2862337730650495,-12.651676309511673,35.88178511180691,-11.482701266095404,3.16,1.41,212,72.4,42,102.2,2664,7.6,813048,661388,683734,668930,702332,687401,694192,663368,686217,52.89,,,,,,,,42,5,4-Seam Fastball,7,3,3,7,3,7,3,7,Strategic,Standard,226,0,0,70.2,6.2,,0,88.0,4,-4,0.897,0.10299999999999998,23,30,23,31,2,2,9,2,5,2,0.87,0.79,0.79,30.7,1.422082831743924,12.529711112443467,28.970435861713444,31.908390343331185,24.22001302139575
FF,2025-10-06,97.2,2.22,5.84,"Edman, Tommy",669242,666200,,ball,,,,,11,Ball,D,R,L,PHI,LAD,B,,,0,1,2025,0.76,1.43,-1.9571142088422135,3.1060695939811342,,,,2,4,Top,,,,,,,-12.796603016808213,-140.77257845624757,-4.917054978478584,13.293157929936392,35.78506072995755,-12.254839288612697,3.28496196286498,1.52373404788312,,,,95.7,2407,6,813052,592663,547180,624641,664761,607208,805249,669016,592206,54.54,,,,,,,,25,2,4-Seam Fastball,0,0,0,0,0,0,0,0,Standard,Standard,131,-0.001,0.027,,,,-0.027,,0,0,0.549,0.45099999999999996,27,30,28,30,2,1,12,2,3,2,1.03,0.76,-0.76,32.7,,,,,
ST,2025-10-06,85.4,2.61,5.57,"Edman, Tommy",669242,666200,,called_strike,,,,,8,Called Strike,D,R,L,PHI,LAD,S,,,0,0,2025,-0.46,0.12,-0.23920477509724042,2.0041250380321847,,,,2,4,Top,,,,,,,-5.729146183680688,-124.08002475330213,-2.192364794234919,-3.2421599618592256,30.026109129953607,-30.664469334781337,3.36731610266505,1.55287088894787,,,,83.7,2342,5.7,813052,592663,547180,624641,664761,607208,805249,669016,592206,54.75,,,,,,,,25,1,Sweeper,0,0,0,0,0,0,0,0,Standard,Standard,336,0.002,-0.043,,,,0.043,,0,0,0.547,0.45299999999999996,27,30,28,30,2,1,12,2,3,2,3.07,-0.46,0.46,26.0,,,,,
SL,2025-10-06,92.9,-2.03,4.89,"Suzuki, Seiya",673548,694819,,swinging_strike,,,,,4,Swinging Strike,D,R,R,MIL,CHC,S,,,2,1,2025,0.35,0.32,-0.31388007196605583,2.6082154412178786,,,663538,1,5,Top,,,,,,,3.692594257888432,-135.40172538148548,-0.8194342525902446,3.5780447818227064,28.237149203338877,-28.239740462488076,3.16,1.41,,,,95.1,2470,7.4,813048,661388,683734,668930,702332,687401,694192,663368,686217,53.14,,,,,,,,42,4,Slider,7,3,3,7,3,7,3,7,Strategic,Standard,173,0.006,-0.075,74.7,7.5,,0.075,,4,-4,0.891,0.10899999999999999,23,30,23,31,2,2,9,2,5,2,2.3,-0.35,-0.35,26.8,12.412096962326297,-12.193550074213416,32.014152463239846,32.061369701484146,34.823823215535214
FF,2025-10-06,96.6,2.12,6.53,"Harper, Bryce",547180,605483,,ball,,,,,12,Ball,D,L,L,PHI,LAD,B,,,0,0,2025,0.43,1.25,1.8682381439087967,2.865356371413915,,,,1,4,Bot,,,,,,,-1.67500487370876,-140.5529479752727,-7.075585635069489,6.0982279225647895,33.228776660037276,-14.188766058010268,3.26789824055259,1.71789794820245,,,,97.3,2492,6.8,813052,666163,518692,669242,500743,605141,571771,681624,606192,53.69,,,,,,,,27,1,4-Seam Fastball,0,0,0,0,0,0,0,0,Standard,Standard,154,0.003,0.039,,,,-0.039,,0,0,0.533,0.533,32,32,33,33,2,1,6,2,7,2,1.2,0.43,0.43,53.1,,,,,
FF,2025-10-06,94.8,-1.72,5.41,"Perkins, Blake",663368,607067,,ball,,,,,11,Ball,D,L,R,MIL,CHC,B,,,0,0,2025,-0.6,1.19,-1.1134498418349907,2.849108321409857,,,,2,8,Bot,,,,,,,2.931640023901531,-138.027563499025,-3.693592971585232,-8.28653313190641,31.497677141104436,-16.408931456578745,3.5229540835204,1.73219213465604,,,,95.2,2229,6.6,813048,608348,683737,663538,807713,621020,664023,691718,673548,53.94,,,,,,,,67,1,4-Seam Fastball,7,3,7,3,3,7,7,3,Standard,Standard,211,0,0.037,,,,-0.037,,4,4,0.986,0.986,34,28,35,29,2,3,5,2,5,2,1.35,0.6,-0.6,30.0,,,,,
SI,2025-10-06,93.4,-1.74,5.35,"Durbin, Caleb",702332,607067,grounded_into_double_play,hit_into_play,,,,,5,"Caleb Durbin grounds into a double play, second baseman Nico Hoerner to shortstop Dansby Swanson to first baseman Michael Busch. Sal Frelick out at 2nd. Caleb Durbin out at 1st.",D,R,R,MIL,CHC,X,4,ground_ball,2,2,2025,-1.35,0.47,0.11322935695856451,2.3777622419121536,,,686217,0,8,Bot,142.74,153.06,,,,,7.777319356959118,-135.691684970075,-2.8787445072159836,-18.459582724514675,31.938770213593678,-25.900956038394078,3.25,1.46,100,89,6,93.4,2169,6.6,813048,608348,683737,663538,807713,621020,664023,691718,673548,53.94,0.491,0.467,0,1,0,0,4,66,6,Sinker,7,3,7,3,3,7,7,3,Standard,Standard,209,-0.004,-0.294,69.7,6.3,0.555,0.294,89.0,4,4,0.99,0.99,34,25,35,25,2,3,5,2,5,2,2.16,1.35,1.35,29.2,0.8410485138962878,11.548645849979767,24.07360334833869,37.05679631735116,22.786362682028948
SL,2025-10-06,88.1,1.98,6.59,"Schwarber, Kyle",656941,605483,strikeout,swinging_strike,,,,,7,Kyle Schwarber strikes out swinging.,D,L,L,PHI,LAD,S,2,,2,2,2025,-0.37,0.83,-0.7500475331061435,1.9569209321549328,,,,0,4,Bot,,,,,,,-5.899943560846951,-128.0925861788209,-6.898635514025411,-2.8624728981855876,26.57219292854827,-21.75683391734861,3.28,1.51,,,,88.5,2348,6.6,813052,666163,518692,669242,500743,605141,571771,681624,606192,53.89,,0,0,1,0,0,,26,5,Slider,0,0,0,0,0,0,0,0,Strategic,Standard,170,-0.023,-0.232,73.0,9.0,,0.232,,0,0,0.556,0.556,32,32,33,32,2,1,6,2,7,2,2.11,-0.37,-0.37,56.7,24.919937638930364,-39.089290450338616,27.03217270956949,42.461014016407375,49.73542809812045
SL,2025-10-06,93.7,-1.93,4.98,"Suzuki, Seiya",673548,694819,,ball,,,,,8,Ball,D,R,R,MIL,CHC,B,,,1,1,2025,0.2,0.56,0.27546396594053746,1.3048049697592639,,,663538,1,5,Top,,,,,,,5.360647423330893,-136.2615788039986,-5.052846371236426,1.2998533775345358,30.629651982782708,-24.332260260726976,3.20945506444456,1.38850835885296,,,,95.3,2370,7.3,813048,661388,683734,668930,702332,687401,694192,663368,686217,53.18,,,,,,,,42,3,Slider,7,3,3,7,3,7,3,7,Strategic,Standard,191,-0.004,0.063,,,,-0.063,,4,-4,0.895,0.10499999999999998,23,30,23,31,2,2,9,2,5,2,2.05,-0.2,-0.2,30.8,,,,,
ST,2025-10-06,88.2,2.46,5.55,"Freeman, Freddie",518692,666200,strikeout,swinging_strike,,,,,13,Freddie Freeman strikes out swinging.,D,L,L,PHI,LAD,S,2,,1,2,2025,-0.52,-0.03,-1.1345141683396691,0.9396898439453771,,,,1,4,Top,,,,,,,-7.562434844336752,-128.1660832287632,-4.899600385826682,-3.891014903202275,30.840162457488702,-31.557125677278936,3.72,1.8,,,,86.6,2555,5.7,813052,592663,547180,624641,664761,607208,805249,669016,592206,54.79,,0,0,1,0,0,,24,4,Sweeper,0,0,0,0,0,0,0,0,Strategic,Standard,332,0.014,-0.18,53.6,8.2,,0.18,,0,0,0.533,0.46699999999999997,27,35,28,36,2,1,12,2,3,2,3.01,-0.52,-0.52,25.6,31.19621863854308,-20.364250684697254,46.681456859138535,54.65222789189846,40.522537255534594
SL,2025-10-06,91.9,-1.87,4.99,"Suzuki, Seiya",673548,694819,,ball,,,,,11,Ball,D,R,R,MIL,CHC,B,,,0,1,2025,0.41,0.48,-1.122902460876806,3.236649042158076,,,663538,1,5,Top,,,,,,,1.0079133727440857,-133.93334137177172,0.34962513194271216,4.782007708615492,28.338205787780822,-26.622752748465786,3.16586275527911,1.41591394855857,,,,94.4,2342,7.6,813048,661388,683734,668930,702332,687401,694192,663368,686217,52.88,,,,,,,,42,2,Slider,7,3,3,7,3,7,3,7,Strategic,Standard,182,-0.002,0.019,,,,-0.019,,4,-4,0.897,0.10299999999999998,23,30,23,31,2,2,9,2,5,2,2.2,-0.41,-0.41,30.9,,,,,
ST,2025-10-06,87.6,2.46,5.54,"Freeman, Freddie",518692,666200,,swinging_strike,,,,,13,Swinging Strike,D,L,L,PHI,LAD,S,,,1,1,2025,-0.46,0.29,-1.1371687716547723,1.12871279688341,,,,1,4,Top,,,,,,,-7.639087355976924,-127.27157720020008,-4.9734409210746255,-3.1633837145685484,30.132299888298306,-28.093778791159085,3.72,1.8,,,,86.2,2426,5.8,813052,592663,547180,624641,664761,607208,805249,669016,592206,54.68,,,,,,,,24,3,Sweeper,0,0,0,0,0,0,0,0,Strategic,Standard,335,0.005,-0.064,54.8,8.5,,0.064,,0,0,0.528,0.472,27,35,28,36,2,1,12,2,3,2,2.73,-0.46,-0.46,25.8,39.6426783041341,-24.019487481816483,43.97548135890135,54.31638917927094,46.69588997306175
SL,2025-10-06,86.4,-1.69,5.34,"Durbin, Caleb",702332,607067,,ball,,,,,14,Ball,D,R,R,MIL,CHC,B,,,1,2,2025,0.41,-0.04,1.0341195478563792,1.5183775357135953,,,686217,0,8,Bot,,,,,,,5.687251643403958,-125.8137772447212,-2.8172609685174113,3.202821129660756,25.096346108470538,-32.28655948769019,3.13529050537371,1.4610207378612,,,,86.8,2246,6.5,813048,608348,683737,663538,807713,621020,664023,691718,673548,54.03,,,,,,,,66,5,Slider,7,3,7,3,3,7,7,3,Standard,Standard,105,0.001,0.036,,,,-0.036,,4,4,0.989,0.989,34,25,35,25,2,3,5,2,5,2,3.09,-0.41,-0.41,33.4,,,,,
CU,2025-10-06,82.1,1.95,6.62,"Schwarber, Kyle",656941,605483,,ball,,,,,14,Ball,D,L,L,PHI,LAD,B,,,1,2,2025,-0.99,-0.66,0.16144990874512888,0.28783775057329386,,,,0,4,Bot,,,,,,,-2.1369141870290034,-119.38119526495483,-6.441758386508869,-8.87636057554446,26.551388785424518,-37.21419438034581,3.11071645607,1.4057893255593,,,,82.2,2598,6.7,813052,666163,518692,669242,500743,605141,571771,681624,606192,53.77,,,,,,,,26,4,Curveball,0,0,0,0,0,0,0,0,Strategic,Standard,326,0.004,0.043,,,,-0.043,,0,0,0.552,0.552,32,32,33,32,2,1,6,2,7,2,4.09,-0.99,-0.99,59.2,,,,,
SL,2025-10-06,93.6,-1.95,4.93,"Suzuki, Seiya",673548,694819,,called_strike,,,,,2,Called Strike,D,R,R,MIL,CHC,S,,,0,0,2025,0.34,0.59,0.12475469429712593,2.8810505261558585,,,663538,1,5,Top,,,,,,,4.7177832974935106,-136.33601241312414,-0.8551994834194669,3.154442194669404,29.702081726078724,-24.889456655777316,3.15757525890004,1.34551291293932,,,,95.9,2425,7.5,813048,661388,683734,668930,702332,687401,694192,663368,686217,52.97,,,,,,,,42,1,Slider,7,3,3,7,3,7,3,7,Strategic,Standard,199,0.003,-0.04,,,,0.04,,4,-4,0.894,0.10599999999999998,23,30,23,31,2,2,9,2,5,2,2.01,-0.34,-0.34,28.7,,,,,
ST,2025-10-06,86.2,2.64,5.59,"Freeman, Freddie",518692,666200,,foul,,,,,8,Foul,D,L,L,PHI,LAD,S,,,1,0,2025,-0.68,-0.2,-0.037200221250231924,1.890650150879961,,,,1,4,Top,,,,,,,-4.929188138564463,-125.47918960086469,-2.0850213906605113,-6.105190822670715,27.381154445169663,-34.09018983758276,3.72,1.8,6,66,-18,85.2,2453,5.8,813052,592663,547180,624641,664761,607208,805249,669016,592206,54.73,,,,,,,,24,2,Sweeper,0,0,0,0,0,0,0,0,Strategic,Standard,338,0.004,-0.049,61.4,7.8,,0.049,88.0,0,0,0.524,0.476,27,35,28,36,2,1,12,2,3,2,3.29,-0.68,-0.68,26.7,24.953147962325296,-14.187721766412741,43.784309047952696,42.12734794214605,37.21901554758342
SI,2025-10-06,94,-1.63,5.36,"Durbin, Caleb",702332,607067,,ball,,,,,14,Ball,D,R,R,MIL,CHC,B,,,0,2,2025,-1.34,0.41,1.3330416934517404,2.0943413935596467,,,686217,0,8,Bot,,,,,,,10.661865912734402,-136.46816714140695,-3.6238513583450116,-19.11293116380552,31.571284503895136,-26.38283967868538,3.19049121763168,1.40046251324135,,,,93.9,2211,6.5,813048,608348,683737,663538,807713,621020,664023,691718,673548,54.01,,,,,,,,66,4,Sinker,7,3,7,3,3,7,7,3,Standard,Standard,217,0,0.017,,,,-0.017,,4,4,0.989,0.989,34,25,35,25,2,3,5,2,5,2,2.19,1.34,1.34,29.1,,,,,
CU,2025-10-06,82.2,1.88,6.53,"Schwarber, Kyle",656941,605483,,ball,,,,,13,Ball,D,L,L,PHI,LAD,B,,,0,2,2025,-0.81,-0.53,-0.4875810319141004,0.02350213943727608,,,,0,4,Bot,,,,,,,-3.8354750102561646,-119.57173962746968,-7.197986402592186,-6.974425741428346,24.311957505912982,-35.97669594140565,3.22861137845556,1.53672312834562,,,,82.8,2602,6.8,813052,666163,518692,669242,500743,605141,571771,681624,606192,53.69,,,,,,,,26,3,Curveball,0,0,0,0,0,0,0,0,Strategic,Standard,329,0.003,0.024,,,,-0.024,,0,0,0.549,0.549,32,32,33,32,2,1,6,2,7,2,3.92,-0.81,-0.81,59.8,,,,,
SI,2025-10-06,98,2.13,5.91,"Freeman, Freddie",518692,666200,,ball,,,,,14,Ball,D,L,L,PHI,LAD,B,,,0,0,2025,1.67,0.68,0.3363936742432183,1.1930324698117862,,,,1,4,Top,,,,,,,-8.606963896093951,-142.22666800992275,-8.69702756349593,24.697123443079228,35.12174243755655,-20.945854462195413,3.66762991290758,1.77380358171156,,,,96.8,2353,5.9,813052,592663,547180,624641,664761,607208,805249,669016,592206,54.6,,,,,,,,24,1,Sinker,0,0,0,0,0,0,0,0,Strategic,Standard,134,-0.003,0.039,,,,-0.039,,0,0,0.527,0.473,27,35,28,36,2,1,12,2,3,2,1.72,1.67,1.67,42.2,,,,,
SL,2025-10-06,95.1,-2.09,4.81,"Tucker, Kyle",663656,694819,strikeout,foul_tip,,,,,8,Kyle Tucker strikes out on a foul tip.,D,L,R,MIL,CHC,S,2,,1,2,2025,0.11,0.68,0.10943404392248278,1.8982280389377673,,,663538,0,5,Top,,,,,,,5.626635454936663,-138.46942901573382,-3.583018759186897,0.2177995398513261,30.8441470913995,-22.846750007308017,3.44,1.6,,,,97,2441,7.3,813048,661388,683734,668930,702332,687401,694192,663368,686217,53.16,,0,0,1,0,0,,41,5,Slider,7,3,3,7,3,7,3,7,Strategic,Standard,208,0.02,-0.165,76.2,8.2,,0.165,,4,-4,0.874,0.126,23,28,23,28,2,2,9,2,5,2,1.84,-0.11,0.11,28.2,23.984292107608482,-22.172738151417555,35.15237736441376,34.995260664149846,40.66064844967616
SL,2025-10-06,89.1,2.08,6.62,"Schwarber, Kyle",656941,605483,,called_strike,,,,,4,Called Strike,D,L,L,PHI,LAD,S,,,0,1,2025,-0.15,1,-0.8084548958991501,2.088878741788677,,,,0,4,Bot,,,,,,,-6.815251017599635,-129.47553211724602,-7.279143557733964,-0.3418960506804938,24.89734719801859,-19.583407340873094,3.2021600849947,1.48422603679555,,,,89.9,2433,6.7,813052,666163,518692,669242,500743,605141,571771,681624,606192,53.84,,,,,,,,26,2,Slider,0,0,0,0,0,0,0,0,Infield shade,Standard,173,-0.007,-0.055,,,,0.055,,0,0,0.556,0.556,32,32,33,32,2,1,6,2,7,2,1.86,-0.15,-0.15,58.2,,,,,
ST,2025-10-06,84.3,-1.81,5.32,"Durbin, Caleb",702332,607067,,foul,,,,,3,Foul,D,R,R,MIL,CHC,S,,,0,2,2025,1.07,0.61,0.6621078633928603,2.7531360968623413,,,686217,0,8,Bot,,,,,,,3.620660942842796,-122.74889321204323,-0.7584427042818095,9.939118439481984,26.517775878093396,-26.148011470450133,3.25,1.46,191,70.1,39,84.1,2450,6.3,813048,608348,683737,663538,807713,621020,664023,691718,673548,54.16,,,,,,,,66,3,Sweeper,7,3,7,3,3,7,7,3,Standard,Standard,77,0,0,62.3,6.9,,0,88.0,4,4,0.989,0.989,34,25,35,25,2,3,5,2,5,2,2.62,-1.07,-1.07,29.9,12.421173880411853,-6.118900470535786,24.91458751499413,43.904896187466285,34.73313908776373
CH,2025-10-06,88.2,2.42,5.65,"Hernández, Teoscar",606192,666200,field_out,hit_into_play,,,,,14,"Teoscar Hernández grounds out softly, pitcher Jesús Luzardo to first baseman Bryce Harper.",D,R,L,PHI,LAD,X,1,ground_ball,1,2,2025,1.32,0.69,0.11099784635226162,0.4845989401988804,,,,0,4,Top,130.09,180.21,,,,,-8.271851183320068,-127.98912255073408,-7.817558531536548,16.20655267223885,26.869932478857066,-23.060820965103368,3.49,1.63,44,27.4,41,87.3,2042,5.9,813052,592663,547180,624641,664761,607208,805249,669016,592206,54.56,0.205,0.184,0,1,0,0,1,23,4,Changeup,0,0,0,0,0,0,0,0,Standard,Standard,112,0.019,-0.189,61.4,8.7,0.208,0.189,88.0,0,0,0.508,0.492,27,32,28,33,2,1,12,2,3,2,2.26,1.32,-1.32,28.0,6.9884321975554355,-20.181159119821235,43.069479770645515,41.209703197023536,38.4058416975108
FF,2025-10-06,90.8,1.63,5.35,"Yelich, Christian",592885,684007,single,hit_into_play,,,,,6,Christian Yelich singles on a ground ball to right fielder Seiya Suzuki.,D,L,L,MIL,CHC,X,9,ground_ball,1,0,2025,1.25,1.56,0.34370614739407723,2.5612537768121793,,,,2,3,Bot,175.99,122.24,,,,,-5.881134811685127,-131.9153637976595,-4.2749482531426155,15.911042800396592,33.3053851861073,-13.317948669778254,3.32,1.75,48,99.4,0,89.6,2531,6.1,813048,608348,457759,663538,807713,621020,664023,691718,673548,54.41,0.408,0.367,0.9,1,1,0,4,28,2,4-Seam Fastball,4,3,4,3,3,4,4,3,Standard,Standard,141,0.01,0.288,76.4,7.9,0.436,-0.288,99.4,1,1,0.634,0.634,31,33,32,34,2,1,5,2,,2,1.25,1.25,1.25,38.2,18.32143027682367,-0.6560778275382295,37.057540213011954,33.778728062300345,26.050443903158914
FF,2025-10-06,96.8,2.03,6.58,"Schwarber, Kyle",656941,605483,,called_strike,,,,,3,Called Strike,D,L,L,PHI,LAD,S,,,0,0,2025,0.26,1.64,0.7796155598780594,2.715796059837846,,,,0,4,Bot,,,,,,,-3.942275276608791,-140.75146850888103,-8.547579058183386,4.293699250533927,31.634388316836628,-8.606806074654372,3.20199353148957,1.4840922524504,,,,97.5,2565,6.7,813052,666163,518692,669242,500743,605141,571771,681624,606192,53.81,,,,,,,,26,1,4-Seam Fastball,0,0,0,0,0,0,0,0,Infield shade,Standard,156,-0.004,-0.039,,,,0.039,,0,0,0.56,0.56,32,32,33,32,2,1,6,2,7,2,0.79,0.26,0.26,54.7,,,,,
FF,2025-10-06,99.7,-2.1,4.97,"Tucker, Kyle",663656,694819,,ball,,,,,13,Ball,D,L,R,MIL,CHC,B,,,0,2,2025,-0.91,1.37,-1.3781963804827617,2.546796185610204,,,663538,0,5,Top,,,,,,,4.241431286263961,-145.12512305661284,-4.587399025631292,-13.858672966972957,35.215603893370435,-11.915699717774425,3.49692218651358,1.6569537341788,,,,102,2639,7.6,813048,661388,683734,668930,702332,687401,694192,663368,686217,52.9,,,,,,,,41,4,4-Seam Fastball,7,3,3,7,3,7,3,7,Strategic,Standard,221,-0.003,0.017,,,,-0.017,,4,-4,0.877,0.123,23,28,23,28,2,2,9,2,5,2,0.93,0.91,-0.91,23.7,,,,,
SI,2025-10-06,94.4,-1.77,5.28,"Durbin, Caleb",702332,607067,,called_strike,,,,,8,Called Strike,D,R,R,MIL,CHC,S,,,0,1,2025,-1.34,0.59,-0.15148335255069312,1.7077692908691486,,,686217,0,8,Bot,,,,,,,7.225656342177263,-137.24834284308258,-4.889272247705773,-18.57305704741065,33.151365429009914,-23.74415840686414,3.30409870219699,1.51417564072387,,,,94.3,2295,6.5,813048,608348,683737,663538,807713,621020,664023,691718,673548,53.99,,,,,,,,66,2,Sinker,7,3,7,3,3,7,7,3,Standard,Standard,225,-0.001,-0.053,,,,0.053,,4,4,0.99,0.99,34,25,35,25,2,3,5,2,5,2,1.99,1.34,1.34,27.1,,,,,
ST,2025-10-06,85.5,2.48,5.61,"Hernández, Teoscar",606192,666200,,called_strike,,,,,9,Called Strike,D,R,L,PHI,LAD,S,,,1,1,2025,-0.54,-0.13,0.4775837318489081,1.8359116764246286,,,,0,4,Top,,,,,,,-3.5655932414889517,-124.36064459489249,-2.262653549634439,-4.809154248705553,27.773146916912822,-33.20892064591942,3.43736124675263,1.55101441398842,,,,83.9,2499,5.5,813052,592663,547180,624641,664761,607208,805249,669016,592206,55.01,,,,,,,,23,3,Sweeper,0,0,0,0,0,0,0,0,Standard,Standard,333,0.007,-0.061,,,,0.061,,0,0,0.501,0.499,27,32,28,33,2,1,12,2,3,2,3.28,-0.54,0.54,26.4,,,,,
ST,2025-10-06,80.3,2.17,5.21,"Yelich, Christian",592885,684007,,ball,,,,,13,Ball,D,L,L,MIL,CHC,B,,,0,0,2025,-1,-0.08,-0.8217286139936427,1.3067686134021361,,,,2,3,Bot,,,,,,,-4.706555891683764,-116.68463238289333,-1.6372257489783935,-7.9166200982341275,26.809122690456725,-32.73365363042437,3.3199988086171,1.74999962398504,,,,79.2,2620,6.1,813048,608348,457759,663538,807713,621020,664023,691718,673548,54.41,,,,,,,,28,1,Sweeper,4,3,4,3,3,4,4,3,Infield shade,Standard,294,0.001,0.037,,,,-0.037,,1,1,0.633,0.633,31,33,32,34,2,1,5,2,,2,3.69,-1,-1,31.2,,,,,
FC,2025-10-06,87.9,-1.82,5.3,"Durbin, Caleb",702332,607067,,called_strike,,,,,3,Called Strike,D,R,R,MIL,CHC,S,,,0,0,2025,0.16,0.68,0.33713752758441234,3.235574746415737,,,686217,0,8,Bot,,,,,,,4.906988395812348,-127.97096956553501,-0.28948592849502475,0.6624884432419,27.782979255210595,-24.841332228037253,3.25099979749094,1.4609701020855,,,,87.9,2240,6.4,813048,608348,683737,663538,807713,621020,664023,691718,673548,54.09,,,,,,,,66,1,Cutter,7,3,7,3,3,7,7,3,Standard,Standard,192,0,-0.043,,,,0.043,,4,4,0.99,0.99,34,25,35,25,2,3,5,2,5,2,2.27,-0.16,-0.16,28.5,,,,,
SL,2025-10-06,92.1,1.92,6.62,"Schwarber, Kyle",656941,605483,,called_strike,,,,,9,Called Strike,D,L,L,PHI,LAD,S,,,2,1,2025,-0.01,0.75,0.29347677260315314,1.67370423679362,,,669016,2,3,Bot,,,,,,,-4.138364884081905,-133.91607150127052,-8.386328257274926,0.8351545574683712,29.13844726351752,-21.540915504820354,3.17762634837041,1.51092321028536,,,,92.6,2381,6.6,813052,666163,518692,669242,500743,605141,571771,681624,606192,53.87,,,,,,,,22,4,Slider,0,0,0,0,0,0,0,0,Infield shade,Standard,164,-0.006,-0.093,,,,0.093,,0,0,0.528,0.528,32,32,33,32,2,1,6,2,7,2,1.94,-0.01,-0.01,56.4,,,,,
FF,2025-10-06,100,-1.94,5.05,"Tucker, Kyle",663656,694819,,foul,,,,,4,Foul,D,L,R,MIL,CHC,S,,,0,2,2025,-0.75,1.42,-0.5404147107623964,2.38956559934243,,,663538,0,5,Top,,,,,,,5.757927603386954,-145.54406058508462,-5.438593788284516,-11.942456852912239,34.042952955911545,-10.84322693719964,3.44,1.6,268,81.3,29,102.3,2702,7.5,813048,661388,683734,668930,702332,687401,694192,663368,686217,53.01,,,,,,,,41,3,4-Seam Fastball,7,3,3,7,3,7,3,7,Strategic,Standard,219,0,0,65.7,6.7,,0,88.0,4,-4,0.877,0.123,23,28,23,28,2,2,9,2,5,2,0.85,0.75,-0.75,27.8,-6.976178285649904,19.68110270643317,34.546156460914105,43.23957732488397,10.444717874236671
FF,2025-10-06,97.4,2.12,5.81,"Hernández, Teoscar",606192,666200,,ball,,,,,13,Ball,D,R,L,PHI,LAD,B,,,0,1,2025,0.99,1.3,-1.9613244480215704,1.6416099862499371,,,,0,4,Top,,,,,,,-13.062601218505053,-140.95687718688148,-8.484168885591812,16.21144053116788,33.45742218276825,-12.983498408306938,3.4395876633567,1.57957116895044,,,,96.1,2344,5.9,813052,592663,547180,624641,664761,607208,805249,669016,592206,54.58,,,,,,,,23,2,4-Seam Fastball,0,0,0,0,0,0,0,0,Standard,Standard,126,-0.003,0.031,,,,-0.031,,0,0,0.504,0.496,27,32,28,33,2,1,12,2,3,2,1.14,0.99,-0.99,38.3,,,,,
FF,2025-10-06,93.1,-1.7,5.37,"Frelick, Sal",686217,607067,walk,ball,,,,,11,Sal Frelick walks.,D,L,R,MIL,CHC,B,,,3,0,2025,-0.83,1.24,-0.8791880613950628,3.3985761331808613,,,,0,8,Bot,,,,,,,3.951246132475129,-135.52888332651958,-1.9734484501323952,-11.087486456129716,31.378229240922366,-16.760828827927664,3.02925160905699,1.44653306837929,,,,93.2,2178,6.4,813048,608348,683737,663538,807713,621020,664023,691718,673548,54.06,,0.691497,0.7,1,0,0,,65,4,4-Seam Fastball,7,3,7,3,3,7,7,3,Standard,Standard,216,0.001,0.171,,,,-0.171,,4,4,0.989,0.989,34,25,35,25,2,3,5,2,5,2,1.4,0.83,-0.83,31.9,,,,,
SL,2025-10-06,90.1,2.13,6.55,"Schwarber, Kyle",656941,605483,,ball,,,,,13,Ball,D,L,L,PHI,LAD,B,,,1,1,2025,-0.01,0.55,-0.2941102719040761,1.1198806710762959,,,669016,2,3,Bot,,,,,,,-6.036252681924467,-130.84064546545795,-8.704970651828026,1.2038276892124213,28.639073730140336,-24.1264173351055,3.12474337001599,1.45781905975712,,,,90.5,2363,6.7,813052,666163,518692,669242,500743,605141,571771,681624,606192,53.79,,,,,,,,22,3,Slider,0,0,0,0,0,0,0,0,Infield shade,Standard,162,0.003,0.054,,,,-0.054,,0,0,0.525,0.525,32,32,33,32,2,1,6,2,7,2,2.28,-0.01,-0.01,54.7,,,,,
FF,2025-10-06,90.7,1.7,5.32,"Contreras, William",661388,684007,home_run,hit_into_play,,,,,4,William Contreras homers (1) on a fly ball to left field.,D,R,L,MIL,CHC,X,,fly_ball,1,1,2025,1.06,1.41,-0.6612718474763137,2.6794389958760574,,,,2,3,Bot,12.19,75.75,,,,,-8.136636182500057,-131.76677161025626,-3.594240298247021,14.146660225136303,31.85540385341595,-15.221157350471135,3.46,1.62,411,107.6,30,89.9,2508,6.2,813048,608348,457759,663538,807713,621020,664023,691718,673548,54.32,0.935,1.8910344827586207,2,1,0,3,6,27,3,4-Seam Fastball,3,3,3,3,3,4,4,3,Standard,Standard,138,0.122,2.612,79.6,7.2,3.732,-2.612,107.6,0,0,0.511,0.511,31,27,32,28,2,1,5,2,,2,1.4,1.06,-1.06,39.9,11.16793790907257,-16.334256517207965,26.382785095226048,27.469175404883153,38.844312946512474
SL,2025-10-06,95.2,-2.12,4.87,"Tucker, Kyle",663656,694819,,called_strike,,,,,4,Called Strike,D,L,R,MIL,CHC,S,,,0,1,2025,0.06,0.61,-0.6948546072966811,2.583837100310129,,,663538,0,5,Top,,,,,,,3.665972450359727,-138.72872259308903,-1.7732943804690855,0.023356261431185674,30.464634255766075,-24.08910608457336,3.49835141110173,1.65827496799197,,,,97.1,2486,7.2,813048,661388,683734,668930,702332,687401,694192,663368,686217,53.26,,,,,,,,41,2,Slider,7,3,3,7,3,7,3,7,Strategic,Standard,209,0.008,-0.053,,,,0.053,,4,-4,0.869,0.131,23,28,23,28,2,2,9,2,5,2,1.89,-0.06,0.06,23.8,,,,,
FF,2025-10-06,96.4,2.2,5.81,"Hernández, Teoscar",606192,666200,,called_strike,,,,,13,Called Strike,D,R,L,PHI,LAD,S,,,0,0,2025,0.9,1.28,-1.0395410726676424,2.281673429291013,,,,0,4,Top,,,,,,,-10.565790117441763,-139.79213407520186,-6.604070603468296,14.303167740279996,33.29692123696904,-14.015053782646852,3.35974521856882,1.53083447591112,,,,95.3,2204,6,813052,592663,547180,624641,664761,607208,805249,669016,592206,54.51,,,,,,,,23,1,4-Seam Fastball,0,0,0,0,0,0,0,0,Standard,Standard,124,0.004,-0.039,,,,0.039,,0,0,0.5,0.5,27,32,28,33,2,1,12,2,3,2,1.2,0.9,-0.9,31.5,,,,,
FF,2025-10-06,99.6,-1.99,5.12,"Tucker, Kyle",663656,694819,,swinging_strike,,,,,11,Swinging Strike,D,L,R,MIL,CHC,S,,,0,0,2025,-0.89,1.07,-0.9960353480783618,2.9472029439849914,,,663538,0,5,Top,,,,,,,4.9202476866171745,-145.00880988142146,-3.148116473666544,-13.662442201806385,34.21935086529091,-16.58768729144851,3.44,1.6,,,,101.8,2601,7.5,813048,661388,683734,668930,702332,687401,694192,663368,686217,53.01,,,,,,,,41,1,4-Seam Fastball,7,3,3,7,3,7,3,7,Strategic,Standard,223,0.004,-0.043,70.9,6.6,,0.043,,4,-4,0.865,0.135,23,28,23,28,2,2,9,2,5,2,1.23,0.89,-0.89,27.5,-3.980132003568967,15.797554377733626,31.277393851796795,48.98577977060097,12.170710036434695
FF,2025-10-06,94.5,-1.7,5.37,"Frelick, Sal",686217,607067,,ball,,,,,14,Ball,D,L,R,MIL,CHC,B,,,2,0,2025,-0.51,1.42,1.173720922798993,1.9896331984666642,,,,0,8,Bot,,,,,,,8.639728154608727,-137.15468007101643,-6.258984577631756,-8.40133992602248,32.10539866816301,-12.96944787002695,3.1413837016179,1.50142865070368,,,,94.5,2205,6.6,813048,608348,683737,663538,807713,621020,664023,691718,673548,53.92,,,,,,,,65,3,4-Seam Fastball,7,3,7,3,3,7,7,3,Standard,Standard,224,0,0.152,,,,-0.152,,4,4,0.989,0.989,34,25,35,25,2,3,5,2,5,2,1.15,0.51,-0.51,30.5,,,,,
FF,2025-10-06,95.8,2.06,6.52,"Schwarber, Kyle",656941,605483,,called_strike,,,,,6,Called Strike,D,L,L,PHI,LAD,S,,,1,0,2025,0.25,1.6,0.6573451404062681,2.672564578667245,,,669016,2,3,Bot,,,,,,,-4.304953699094346,-139.19012964370458,-8.155948400059788,4.309406601976687,34.47461691670155,-9.774810810596637,3.27673802513974,1.50679140197942,,,,96.1,2498,6.8,813052,666163,518692,669242,500743,605141,571771,681624,606192,53.71,,,,,,,,22,2,4-Seam Fastball,0,0,0,0,0,0,0,0,Strategic,Standard,157,-0.003,-0.05,,,,0.05,,0,0,0.528,0.528,32,32,33,32,2,1,6,2,7,2,0.92,0.25,0.25,54.1,,,,,
SI,2025-10-06,97.9,0.11,6.55,"Turner, Justin",457759,676879,single,hit_into_play,,,,,2,Justin Turner singles on a line drive to left fielder Jackson Chourio. Matt Shaw to 2nd.,D,R,L,MIL,CHC,X,7,line_drive,1,0,2025,1.41,0.61,0.1950183803669454,3.1183939491174044,,,807713,2,2,Top,87.74,124.05,,,,,-2.9621104783465255,-142.49405253458002,-5.092674446053242,19.833467789663807,33.11814781110499,-22.895862683123564,3.39,1.53,245,96.3,15,96.2,2254,5.3,813048,661388,683734,668930,702332,687401,694192,663368,686217,55.15,0.797,0.772,0.9,1,1,0,4,16,2,Sinker,3,3,3,3,3,3,3,3,Strategic,Standard,155,-0.02,0.311,68.9,6.4,0.973,-0.311,96.3,0,0,0.526,0.474,27,40,27,41,2,1,2,8,3,,1.77,1.41,-1.41,58.6,16.9185651526399,-5.316795324829503,22.92542296320205,34.470662794301504,42.69784056495298
FS,2025-10-06,82.9,1.92,5.27,"Contreras, William",661388,684007,,swinging_strike,,,,,8,Swinging Strike,D,R,L,MIL,CHC,S,,,1,0,2025,1.09,0.66,-0.16046172749153986,1.645487616754575,,,,2,3,Bot,,,,,,,-6.8714538597463655,-120.51554718231154,-3.0618957889871448,11.992737060015301,24.335209130415887,-25.326486501718676,3.46,1.62,,,,82.5,1457,6.1,813048,608348,457759,663538,807713,621020,664023,691718,673548,54.36,,,,,,,,27,2,Split-Finger,3,3,3,3,3,3,3,3,Standard,Standard,125,-0.002,-0.054,72.4,8.9,,0.054,,0,0,0.513,0.513,31,27,32,28,2,1,5,2,,2,2.67,1.09,-1.09,33.8,22.69411318702302,-48.3692941023415,26.485026939880903,33.87756445281546,58.75947404912603
CU,2025-10-06,80,-1.75,5.55,"Frelick, Sal",686217,607067,,ball,,,,,11,Ball,D,L,R,MIL,CHC,B,,,1,0,2025,0.86,-0.79,-0.9903889703656444,2.7433659545389264,,,,0,8,Bot,,,,,,,0.056890025892297635,-116.46766716451019,2.0685907523760356,7.78672129620104,23.42777690001314,-39.98959973064956,2.96414610892078,1.43884176185897,,,,79.8,2137,6.3,813048,608348,683737,663538,807713,621020,664023,691718,673548,54.22,,,,,,,,65,2,Curveball,7,3,7,3,3,7,7,3,Standard,Standard,55,0.001,0.077,,,,-0.077,,4,4,0.988,0.988,34,25,35,25,2,3,5,2,5,2,4.37,-0.86,0.86,34.2,,,,,
SL,2025-10-06,89.1,2.32,5.69,"Betts, Mookie",605141,666200,field_out,hit_into_play,,,,,13,"Mookie Betts grounds out, shortstop Trea Turner to first baseman Bryce Harper.",D,R,L,PHI,LAD,X,6,ground_ball,0,2,2025,-0.07,-0.5,-0.16099374571844324,1.2523739442452588,,,,2,3,Top,107.2,152.9,,,,,-5.884385188122819,-129.48867300052237,-3.6642484573439815,0.7019691008042511,32.692467054079025,-36.994971751661346,3.23,1.53,87,104.8,4,87.4,2536,5.7,813052,592663,547180,624641,664761,607208,805249,669016,592206,54.77,0.595,0.545,0,1,0,0,4,18,3,Slider,0,0,0,0,0,0,0,0,Standard,Standard,340,0.007,-0.16,76.9,7.8,0.665,0.16,104.8,0,0,0.548,0.45199999999999996,27,32,28,33,2,1,12,2,3,2,3.43,-0.07,0.07,27.4,14.336687438921176,-5.8746035088831725,40.658204680775505,38.7384624068981,31.81019657058505
FS,2025-10-06,83.2,1.82,5.33,"Contreras, William",661388,684007,,ball,,,,,13,Ball,D,R,L,MIL,CHC,B,,,0,0,2025,1.22,0.37,-0.08396465265101538,0.7454374022718646,,,,2,3,Bot,,,,,,,-6.748866677485584,-120.9329687869888,-4.765912888658077,13.306758380664963,24.450553025351333,-27.73442614606914,3.22673046851648,1.5616544658262,,,,83,1332,6.3,813048,608348,457759,663538,807713,621020,664023,691718,673548,54.23,,,,,,,,27,1,Split-Finger,3,3,3,3,3,3,3,3,Standard,Standard,121,0.001,0.037,,,,-0.037,,0,0,0.512,0.512,31,27,32,28,2,1,5,2,,2,2.93,1.22,-1.22,33.9,,,,,
SL,2025-10-06,90.8,1.99,6.61,"Schwarber, Kyle",656941,605483,,ball,,,,,13,Ball,D,L,L,PHI,LAD,B,,,0,0,2025,-0.21,0.69,-1.7197209815637788,0.7848707589141808,,,669016,2,3,Bot,,,,,,,-8.886443778624889,-131.63831581471442,-10.182008861162494,-0.5938708723675638,27.10387959366939,-22.111899708951473,3.27956545354208,1.50965456960453,,,,91.4,2427,6.8,813052,666163,518692,669242,500743,605141,571771,681624,606192,53.72,,,,,,,,22,1,Slider,0,0,0,0,0,0,0,0,Infield shade,Standard,166,0.002,0.035,,,,-0.035,,0,0,0.526,0.526,32,32,33,32,2,1,6,2,7,2,2.09,-0.21,-0.21,58.3,,,,,
FF,2025-10-06,101.1,-1.82,5.12,"Hoerner, Nico",663538,694819,single,hit_into_play,,,,,3,Nico Hoerner singles on a line drive to right fielder Sal Frelick.,D,R,R,MIL,CHC,X,9,line_drive,1,2,2025,-1.07,1.31,0.3528729524107914,3.306893175325232,,,,0,5,Top,185.66,127.07,,,,,8.817554382475034,-146.85870073868253,-2.855221920170297,-17.65540414652537,37.019743012450775,-12.834236795527877,3.33,1.59,165,98.7,7,102.9,2644,7.5,813048,661388,683734,668930,702332,687401,694192,663368,686217,53.01,0.587,0.529,0.9,1,1,0,4,40,5,4-Seam Fastball,7,3,3,7,3,7,3,7,Strategic,Standard,223,-0.036,0.508,65.7,6.2,0.636,-0.508,98.7,4,-4,0.901,0.09899999999999998,23,28,23,28,1,2,9,2,5,2,0.94,1.07,1.07,27.7,-1.8102883304700659,16.78222445255565,19.763867786725783,40.969594688935885,16.41544032044046
FF,2025-10-06,97.9,0.34,6.52,"Turner, Justin",457759,676879,,ball,,,,,11,Ball,D,R,L,MIL,CHC,B,,,0,0,2025,0.41,1.07,-0.4935174720659398,5.5031698121932475,,,807713,2,2,Top,,,,,,,-3.1268209406652923,-142.58115648213098,0.2781444280589076,6.290287902093562,34.28639215232733,-17.941898502465783,3.32734851562264,1.46728955246327,,,,96.2,2195,5.4,813048,661388,683734,668930,702332,687401,694192,663368,686217,55.13,,,,,,,,16,1,4-Seam Fastball,3,3,3,3,3,3,3,3,Standard,Standard,155,-0.002,0.035,,,,-0.035,,0,0,0.528,0.472,27,40,27,41,2,1,2,8,3,,1.31,0.41,-0.41,58.8,,,,,
SI,2025-10-06,93.6,-1.81,5.39,"Frelick, Sal",686217,607067,,ball,,,,,13,Ball,D,L,R,MIL,CHC,B,,,0,0,2025,-1.31,0.59,-0.8787183218922094,1.2932258040390678,,,,0,8,Bot,,,,,,,5.301388194449339,-136.12987605719718,-6.104268256756143,-17.40359377010397,32.48633990252629,-23.60267755982633,2.99556459934402,1.49840158695037,,,,93.5,2189,6.5,813048,608348,683737,663538,807713,621020,664023,691718,673548,54.02,,,,,,,,65,1,Sinker,7,3,7,3,3,7,7,3,Infield shade,Standard,218,0,0.041,,,,-0.041,,4,4,0.988,0.988,34,25,35,25,2,3,5,2,5,2,2.03,1.31,-1.31,29.6,,,,,
FF,2025-10-06,100.6,-1.93,5.1,"Hoerner, Nico",663538,694819,,foul,,,,,2,Foul,D,R,R,MIL,CHC,S,,,1,2,2025,-0.64,1.47,0.1867418936051065,3.107080300060425,,,,0,5,Top,,,,,,,7.549136813686208,-146.29647437796504,-3.7552822782426016,-10.956970313560342,34.57784293768699,-10.370493378040587,3.33,1.59,200,83.4,16,102.7,2601,7.5,813048,661388,683734,668930,702332,687401,694192,663368,686217,53.04,,,,,,,,40,4,4-Seam Fastball,7,3,3,7,3,7,3,7,Strategic,Standard,222,0,0,64.3,5.4,,0,88.0,4,-4,0.901,0.09899999999999998,23,28,23,28,1,2,9,2,5,2,0.79,0.64,0.64,36.2,-16.09890713662764,35.12869579091714,30.322761401307623,40.57422578672593,6.936702345205825
ST,2025-10-06,86.6,2.56,5.54,"Betts, Mookie",605141,666200,,swinging_strike,,,,,13,Swinging Strike,D,R,L,PHI,LAD,S,,,0,1,2025,-0.49,-0.8,-0.8884138592110686,0.3974396307079866,,,,2,3,Top,,,,,,,-7.159182589631436,-125.87665749990308,-4.296163670352389,-3.4865182077204504,29.37519235232539,-39.825084716710535,3.23,1.53,,,,85.2,2425,5.8,813052,592663,547180,624641,664761,607208,805249,669016,592206,54.7,,,,,,,,18,2,Sweeper,0,0,0,0,0,0,0,0,Standard,Standard,341,0.003,-0.057,33.0,6.6,,0.057,,0,0,0.545,0.45499999999999996,27,32,28,33,2,1,12,2,3,2,3.89,-0.49,0.49,26.2,-2.864224288496856,8.858401836498558,45.3304007221436,29.0230157060219,21.34449479662424
CH,2025-10-06,84.1,2.35,6.33,"Turner, Trea",607208,605483,strikeout,swinging_strike,,,,,14,Trea Turner strikes out swinging.,D,R,L,PHI,LAD,S,2,,1,2,2025,1.36,0.94,0.4634121330637655,0.7442988302090507,,,669016,1,3,Bot,,,,,,,-7.142473102988722,-121.95941706791916,-8.389256147723438,15.040716559062123,25.857996195944956,-21.265444304089833,3.49,1.69,,,,84.4,1980,6.9,813052,666163,518692,669242,500743,605141,571771,681624,606192,53.64,,0,0,1,0,0,,21,4,Changeup,0,0,0,0,0,0,0,0,Standard,Standard,132,-0.022,-0.178,65.4,8.8,,0.178,,0,0,0.548,0.548,32,32,33,32,2,1,6,2,7,2,2.33,1.36,-1.36,53.9,16.992311756342556,-29.324365198136736,28.932073486568576,44.04242109428735,38.901259235084346
FF,2025-10-06,90.8,1.87,5.36,"Turang, Brice",668930,684007,field_out,hit_into_play,,,,,2,Brice Turang flies out to left fielder Ian Happ.,D,L,L,MIL,CHC,X,7,fly_ball,1,0,2025,1.15,1.45,-0.17018960581311404,3.004215067708535,,,,1,3,Bot,68.9,97.25,,,,,-7.538095587406362,-131.9468235502244,-2.9820690094655857,15.169282346618454,32.52144746055596,-14.905518565519879,3.5,1.64,289,93.3,45,89.8,2478,6.1,813048,608348,457759,663538,807713,621020,664023,691718,673548,54.36,0.008,0.012,0,1,0,0,3,26,2,4-Seam Fastball,3,3,3,3,3,3,3,3,Standard,Standard,139,-0.021,-0.293,73.2,7.1,0.024,0.293,93.3,0,0,0.533,0.533,31,25,32,26,2,1,5,2,,2,1.36,1.15,1.15,38.8,9.911593105764991,1.8684394358220773,22.988355299452206,35.4425155463789,33.2551585175004
SI,2025-10-06,98.3,0.1,6.44,"Shaw, Matt",807713,676879,walk,ball,,,,,13,Matt Shaw walks.,D,R,L,MIL,CHC,B,,,3,2,2025,1.29,0.45,-0.03734051022457474,1.157382210045294,,,,2,2,Top,,,,,,,-3.3107538405693164,-142.8720121553728,-9.77253323284674,18.38261910968239,33.135555235218035,-23.895673818253236,3.28000102669815,1.491957307671,,,,97,2202,5.6,813048,661388,683734,668930,702332,687401,694192,663368,686217,54.85,,0.691497,0.7,1,0,0,,15,7,Sinker,3,3,3,3,3,3,3,3,Standard,Standard,142,-0.01,0.259,,,,-0.259,,0,0,0.538,0.46199999999999997,27,23,27,24,1,0,2,2,3,2,1.91,1.29,-1.29,53.1,,,,,
FF,2025-10-06,98.7,-1.99,4.94,"Hoerner, Nico",663538,694819,,foul,,,,,6,Foul,D,R,R,MIL,CHC,S,,,1,1,2025,-0.97,1.24,0.416940605389744,2.701092692609941,,,,0,5,Top,,,,,,,9.019719501320477,-143.42842704230668,-3.577953890895528,-15.549914168155816,35.43481747318391,-14.40431909591216,3.33,1.59,248,84.7,46,100.7,2556,7.6,813048,661388,683734,668930,702332,687401,694192,663368,686217,52.91,,,,,,,,40,3,4-Seam Fastball,7,3,3,7,3,7,3,7,Standard,Standard,230,0.004,-0.061,69.6,6.5,,0.061,88.0,4,-4,0.897,0.10299999999999998,23,28,23,28,1,2,9,2,5,2,1.12,0.97,0.97,27.9,-4.871206349771639,20.23173918537268,29.885560072685152,42.93308749565391,15.874165926357445
SI,2025-10-06,94.9,2.3,5.75,"Betts, Mookie",605141,666200,,called_strike,,,,,8,Called Strike,D,R,L,PHI,LAD,S,,,0,0,2025,1.37,0.64,-0.133325546586901,1.912664811094358,,,,2,3,Top,,,,,,,-9.327135650314991,-137.7597844470447,-5.706917464801518,19.528695670773395,31.498218132557017,-22.95240239488897,3.48972394255795,1.63755732672039,,,,93.9,2287,5.9,813052,592663,547180,624641,664761,607208,805249,669016,592206,54.6,,,,,,,,18,1,Sinker,0,0,0,0,0,0,0,0,Standard,Standard,124,0.002,-0.043,,,,0.043,,0,0,0.543,0.45699999999999996,27,32,28,33,2,1,12,2,3,2,1.91,1.37,-1.37,32.3,,,,,
FC,2025-10-06,89,-1.65,5.41,"Vaughn, Andrew",683734,607067,grounded_into_double_play,hit_into_play,,,,,3,"Andrew Vaughn grounds into a double play, shortstop Dansby Swanson to second baseman Nico Hoerner to first baseman Michael Busch. Christian Yelich out at 2nd. Andrew Vaughn out at 1st.",D,R,R,MIL,CHC,X,6,ground_ball,0,1,2025,0.13,0.64,0.7092035409518883,2.8405470276349174,,,592885,1,7,Bot,104.06,154.27,,,,,5.520467174607459,-129.51279744113745,-1.5941245053153246,0.3051118125119418,28.104642276982407,-24.85060853338375,3.23,1.52,98,79.1,8,89.1,2227,6.4,813048,608348,683737,663538,807713,621020,664023,691718,673548,54.05,0.329,0.296,0,1,0,0,2,61,2,Cutter,7,3,7,3,3,7,7,3,Standard,Standard,168,-0.006,-0.278,69.1,7.4,0.347,0.278,88.0,4,4,0.97,0.97,34,27,35,27,2,3,5,2,5,2,2.25,-0.13,-0.13,31.9,16.959295558107737,-6.72891397699054,23.355955503486378,45.98930555741526,32.16378640133366
SI,2025-10-06,98.7,0.18,6.49,"Shaw, Matt",807713,676879,,foul,,,,,3,Foul,D,R,L,MIL,CHC,S,,,3,2,2025,1.25,0.68,0.5857709310500075,2.909210167613007,,,,2,2,Top,,,,,,,-1.7651222899719645,-143.70184285118268,-5.772248374268258,17.69809017913032,35.1990564303384,-21.57354574227423,3.28,1.55,134,85.9,8,97,2150,5.4,813048,661388,683734,668930,702332,687401,694192,663368,686217,55.1,,,,,,,,15,6,Sinker,3,3,3,3,3,3,3,3,Standard,Standard,143,0,0,64.7,5.8,,0,88.0,0,0,0.538,0.46199999999999997,27,23,27,24,1,0,2,2,3,2,1.67,1.25,-1.25,58.9,0.753448099887143,32.49290646563704,24.628722331967552,39.74974756755108,16.705048116330204
FF,2025-10-06,89.1,1.94,5.29,"Turang, Brice",668930,684007,,ball,,,,,12,Ball,D,L,L,MIL,CHC,B,,,0,0,2025,1.1,1.43,1.2957580189774691,2.597912998755696,,,,1,3,Bot,,,,,,,-3.890782995993079,-129.63891813395406,-3.506891680846792,13.225077812754844,30.009250890773792,-15.612175674504053,3.44536770742778,1.64383861071155,,,,88.3,2450,6.1,813048,608348,457759,663538,807713,621020,664023,691718,673548,54.44,,,,,,,,26,1,4-Seam Fastball,3,3,3,3,3,3,3,3,Standard,Standard,140,0.003,0.039,,,,-0.039,,0,0,0.53,0.53,31,25,32,26,2,1,5,2,,2,1.47,1.1,1.1,34.4,,,,,
CH,2025-10-06,86.4,2.17,6.4,"Turner, Trea",607208,605483,,swinging_strike,,,,,9,Swinging Strike,D,R,L,PHI,LAD,S,,,1,1,2025,1.16,0.95,0.55230773611517,1.8480819269946582,,,669016,1,3,Bot,,,,,,,-6.287318364905874,-125.49738029364624,-6.5603481644918755,13.583260512466994,26.8110082387522,-20.950116194777582,3.49,1.69,,,,87,1748,6.9,813052,666163,518692,669242,500743,605141,571771,681624,606192,53.59,,,,,,,,21,3,Changeup,0,0,0,0,0,0,0,0,Standard,Standard,135,-0.008,-0.056,73.5,8.6,,0.056,,0,0,0.556,0.556,32,32,33,32,2,1,6,2,7,2,2.13,1.16,-1.16,50.6,16.789965179617123,-29.36937770828174,23.596847731758093,45.176288407447615,47.55942727832365
SI,2025-10-06,97.9,1.99,5.88,"Ohtani, Shohei",660271,666200,field_out,hit_into_play,,,,,6,"Shohei Ohtani grounds out, second baseman Edmundo Sosa to first baseman Bryce Harper.",D,L,L,PHI,LAD,X,4,ground_ball,0,0,2025,1.45,0.92,0.5452990747090705,2.270340645444662,,,,1,3,Top,151.75,156.95,,,,,-7.205237176772122,-142.16904145011796,-6.263798642443638,21.3431936165906,36.30011540533106,-18.3397002754684,3.56,1.66,3,90.3,-38,96.8,2335,6,813052,592663,547180,624641,664761,607208,805249,669016,592206,54.46,0.048,0.047,0,1,0,0,2,17,1,Sinker,0,0,0,0,0,0,0,0,Standard,Standard,134,0.018,-0.254,,,0.049,0.254,90.3,0,0,0.525,0.475,27,30,28,31,2,1,12,2,3,2,1.49,1.45,1.45,35.0,,,,,
SI,2025-10-06,98.3,0.22,6.46,"Shaw, Matt",807713,676879,,ball,,,,,14,Ball,D,R,L,MIL,CHC,B,,,2,2,2025,1.33,0.87,0.0703813756383258,0.9983846825809404,,,,2,2,Top,,,,,,,-3.4197147109184503,-142.70221279533334,-11.098799357711373,18.968334928954302,34.13752817236796,-17.92354213701236,3.33949107474475,1.55135612278183,,,,96.5,2138,5.5,813048,661388,683734,668930,702332,687401,694192,663368,686217,55.01,,,,,,,,15,5,Sinker,3,3,3,3,3,3,3,3,Standard,Standard,150,-0.004,0.104,,,,-0.104,,0,0,0.542,0.45799999999999996,27,23,27,24,1,0,2,2,3,2,1.51,1.33,-1.33,58.3,,,,,
FS,2025-10-06,83.4,1.85,5.33,"Chourio, Jackson",694192,684007,field_out,hit_into_play,,,,,5,Jackson Chourio flies out to left fielder Ian Happ.,D,R,L,MIL,CHC,X,7,fly_ball,0,0,2025,1.23,0.6,0.14580522942272633,2.711586006350867,,,,0,3,Bot,66.19,82.54,,,,,-6.30903533112757,-121.22285992472918,-0.7067850361502066,13.368643009676997,25.30399711421256,-26.387130644653055,3.41,1.61,323,86.2,30,82.8,1430,6.1,813048,608348,457759,663538,807713,621020,664023,691718,673548,54.37,0.043,0.05,0,1,0,0,3,25,1,Split-Finger,3,3,3,3,3,3,3,3,Standard,Standard,118,-0.025,-0.259,81.1,7.6,0.08,0.259,88.0,0,0,0.555,0.555,31,21,32,21,2,1,5,2,,2,2.7,1.23,-1.23,33.8,10.573365398684553,-10.118578679064615,20.755758693588785,40.33228500309798,46.163282703793755
CH,2025-10-06,88.7,2.05,6.52,"Turner, Trea",607208,605483,,swinging_strike,,,,,14,Swinging Strike,D,R,L,PHI,LAD,S,,,1,0,2025,1.41,0.75,0.8835024781093488,2.131748984191815,,,669016,1,3,Bot,,,,,,,-5.841034036204393,-128.82014925695267,-6.21430649419283,16.88037428838907,29.18894747783228,-22.66641255345687,3.49,1.69,,,,88.9,1840,6.7,813052,666163,518692,669242,500743,605141,571771,681624,606192,53.79,,,,,,,,21,2,Changeup,0,0,0,0,0,0,0,0,Standard,Standard,131,-0.006,-0.056,76.3,8.3,,0.056,,0,0,0.562,0.562,32,32,33,32,2,1,6,2,7,2,2.18,1.41,-1.41,56.1,20.47062699332792,-14.589942995059975,23.30094468012239,50.1218241824122,40.008780342095854
FC,2025-10-06,86.9,-1.69,5.37,"Vaughn, Andrew",683734,607067,,called_strike,,,,,2,Called Strike,D,R,R,MIL,CHC,S,,,0,0,2025,0.54,0.51,0.09589292316785697,2.8070368301295776,,,592885,1,7,Bot,,,,,,,3.182488490059998,-126.53015059602701,-0.9979747409948583,5.136622665897037,25.754064327487217,-26.741207742309914,3.17190125826673,1.52000005582824,,,,87.2,2272,6.4,813048,608348,683737,663538,807713,621020,664023,691718,673548,54.07,,,,,,,,61,1,Cutter,7,3,7,3,3,7,7,3,Standard,Standard,149,-0.001,-0.04,,,,0.04,,4,4,0.971,0.971,34,27,35,27,2,3,5,2,5,2,2.51,-0.54,-0.54,29.5,,,,,
FF,2025-10-06,99.3,-2.09,4.88,"Hoerner, Nico",663538,694819,,called_strike,,,,,2,Called Strike,D,R,R,MIL,CHC,S,,,1,0,2025,-1.1,1.34,0.08123237082493384,2.994759263358157,,,,0,5,Top,,,,,,,8.77080702043716,-144.28417970479026,-2.908857099613518,-17.51793093206418,36.05341595201885,-13.030538520090602,3.33000051873938,1.59000026166377,,,,101.5,2629,7.7,813048,661388,683734,668930,702332,687401,694192,663368,686217,52.79,,,,,,,,40,2,4-Seam Fastball,7,3,3,7,3,7,3,7,Standard,Standard,230,0.004,-0.05,,,,0.05,,4,-4,0.893,0.10699999999999998,23,28,23,28,1,2,9,2,5,2,0.99,1.1,1.1,23.9,,,,,
FF,2025-10-06,95.6,-1.63,5.37,"Yelich, Christian",592885,607067,single,hit_into_play,,,,,9,Christian Yelich singles on a line drive to left fielder Ian Happ.,D,L,R,MIL,CHC,X,7,line_drive,1,0,2025,-0.77,1.2,0.35857161276629357,1.6968105854928281,,,,1,7,Bot,53.58,117.85,,,,,7.016182801673859,-138.86944028728547,-6.711408622331496,-11.652092253878662,34.85811665500011,-15.31241435972056,3.32,1.75,270,95.4,17,95.5,2132,6.6,813048,608348,683737,663538,807713,621020,664023,691718,673548,53.91,0.587,0.573,0.9,1,1,0,4,60,2,4-Seam Fastball,7,3,7,3,3,7,7,3,Standard,Standard,223,0.003,0.375,74.7,7.4,0.764,-0.375,95.4,4,4,0.968,0.968,34,33,35,34,1,3,5,2,5,2,1.33,0.77,-0.77,29.9,-1.1000745853520444,17.106652413117928,45.8630842702778,32.92752173377795,19.389849613803005
SI,2025-10-06,99.2,0.25,6.45,"Shaw, Matt",807713,676879,,swinging_strike,,,,,6,Swinging Strike,D,R,L,MIL,CHC,S,,,2,1,2025,1.35,0.61,0.3512673052762896,2.6294067218486368,,,,2,2,Top,,,,,,,-2.8386311577439622,-144.35753772772475,-6.3499755624738246,19.552607891257267,34.41637111509098,-22.334896346357326,3.28,1.55,,,,97.5,2180,5.4,813048,661388,683734,668930,702332,687401,694192,663368,686217,55.14,,,,,,,,15,4,Sinker,3,3,3,3,3,3,3,3,Standard,Standard,154,0.003,-0.073,71.3,6.2,,0.073,,0,0,0.539,0.46099999999999997,27,23,27,24,1,0,2,2,3,2,1.71,1.35,-1.35,52.8,2.397023647093623,23.264948037277744,29.575414099695916,38.14479818399202,18.825605698678906
FF,2025-10-06,101.1,-1.89,5.09,"Hoerner, Nico",663538,694819,,ball,,,,,12,Ball,D,R,R,MIL,CHC,B,,,0,0,2025,-0.86,1.42,0.34282695339719726,3.7074754833581567,,,,0,5,Top,,,,,,,8.442906360635666,-146.9248083590066,-1.910698490980273,-14.475198520581445,37.353858090473786,-11.477813251808657,3.39125339931397,1.53282935311954,,,,102.7,2640,7.4,813048,661388,683734,668930,702332,687401,694192,663368,686217,53.11,,,,,,,,40,1,4-Seam Fastball,7,3,3,7,3,7,3,7,Standard,Standard,223,-0.003,0.041,,,,-0.041,,4,-4,0.896,0.10399999999999998,23,28,23,28,1,2,9,2,5,2,0.83,0.86,0.86,28.3,,,,,
SL,2025-10-06,88.7,2.35,5.63,"Rortvedt, Ben",666163,666200,strikeout,swinging_strike,,,,,13,Ben Rortvedt strikes out swinging.,D,L,L,PHI,LAD,S,2,,1,2,2025,-0.25,-0.39,-1.4818632850661846,1.3418980530226863,,,,0,3,Top,,,,,,,-8.757204787274873,-128.7760383401806,-3.465107430071251,-0.6088986012376877,30.99963652377168,-35.80339902920361,3.28,1.5,,,,87.2,2459,5.8,813052,592663,547180,624641,664761,607208,805249,669016,592206,54.66,,0,0,1,0,0,,16,4,Slider,0,0,0,0,0,0,0,0,Standard,Standard,344,0.018,-0.189,59.2,7.5,,0.189,,0,0,0.507,0.493,27,27,28,28,1,0,12,2,3,,3.33,-0.25,-0.25,28.9,10.606449165489975,-7.136417562678895,23.023650638025742,52.134039080955276,32.9436889468213
CH,2025-10-06,87.4,2.26,6.5,"Turner, Trea",607208,605483,,ball,,,,,12,Ball,D,R,L,PHI,LAD,B,,,0,0,2025,1.31,0.74,1.1295091223170526,2.7744154159277707,,,669016,1,3,Bot,,,,,,,-5.457906973859151,-127.06048228666742,-4.343135506999576,15.29637901597917,27.98899004714848,-23.412371250663327,3.43877968420891,1.63876321968564,,,,87.8,1822,6.7,813052,666163,518692,669242,500743,605141,571771,681624,606192,53.75,,,,,,,,21,1,Changeup,0,0,0,0,0,0,0,0,Standard,Standard,131,0.004,0.035,,,,-0.035,,0,0,0.558,0.558,32,32,33,32,2,1,6,2,7,2,2.26,1.31,-1.31,51.5,,,,,
FF,2025-10-06,91.8,1.57,5.24,"Ortiz, Joey",687401,684007,field_out,hit_into_play,,,,,4,Joey Ortiz flies out to right fielder Seiya Suzuki.,D,R,L,MIL,CHC,X,9,fly_ball,2,2,2025,0.98,1.4,-0.3450548318649046,2.5987879571937196,,,,2,2,Bot,165.53,95.79,,,,,-6.965860894776136,-133.40257060468988,-3.8112569744564633,13.299364932299575,30.576618875495488,-14.886306592592002,3.35,1.53,276,90.5,48,91.4,2374,6.3,813048,608348,457759,663538,807713,621020,664023,691718,673548,54.21,0.003,0.002,0,1,0,0,3,20,7,4-Seam Fastball,3,3,3,3,3,3,3,3,Standard,Standard,142,-0.009,-0.224,74.1,7.2,0.003,0.224,90.5,0,0,0.509,0.509,31,26,32,27,1,0,5,2,,2,1.33,0.98,-0.98,38.2,4.5195495660678375,-6.829468255794997,25.76278696547935,33.2781342009341,31.846536678500392
FF,2025-10-06,100.7,-1.93,4.96,"Busch, Michael",683737,694819,field_out,hit_into_play,,,,,8,Michael Busch flies out to left fielder Jackson Chourio in foul territory.,D,L,R,MIL,CHC,X,7,fly_ball,1,0,2025,-1.02,1.33,-0.012324900985694276,1.8414386530076303,,,807713,2,4,Top,39.12,119.94,,,,,7.936573566264699,-146.20400323075722,-6.568474045635055,-16.620254790699526,37.188071863904966,-11.671913291082113,3.28,1.58,289,93.2,46,102.6,2658,7.6,813048,661388,683734,668930,702332,687401,694192,663368,686217,52.88,0.008,0.012,0,1,0,0,3,33,2,4-Seam Fastball,4,3,3,4,3,4,3,4,Strategic,Standard,226,0.031,-0.305,73.2,7.0,0.02,0.305,93.2,1,-1,0.654,0.346,23,27,23,28,1,0,9,2,5,2,0.94,1.02,-1.02,25.9,6.203625359814645,2.6392119505690292,43.97732574156674,35.43903860006694,28.283772509542
SL,2025-10-06,89.7,2.46,5.61,"Rortvedt, Ben",666163,666200,,ball,,,,,13,Ball,D,L,L,PHI,LAD,B,,,0,2,2025,0.11,-0.31,-1.445082499996619,-0.6208599794776655,,,,0,3,Top,,,,,,,-9.733358002816848,-129.843816133835,-8.426351112634512,3.799607513817278,34.92451887687354,-33.514666435675366,3.17751932702894,1.44874075757795,,,,87.4,2494,5.8,813052,592663,547180,624641,664761,607208,805249,669016,592206,54.68,,,,,,,,16,3,Slider,0,0,0,0,0,0,0,0,Standard,Standard,353,-0.003,0.024,,,,-0.024,,0,0,0.51,0.49,27,27,28,28,1,0,12,2,3,,3.24,0.11,0.11,26.5,,,,,
SL,2025-10-06,90.3,1.98,6.63,"Kemp, Otto",805249,605483,strikeout,foul_tip,,,,,7,Otto Kemp strikes out on a foul tip.,D,R,L,PHI,LAD,S,2,,2,2,2025,-0.01,0.55,-0.2818244419282366,1.8320047330395959,,,669016,0,3,Bot,,,,,,,-5.636526606414916,-131.175036708676,-7.140389868387155,1.1899902194552878,29.592635881444348,-24.422269015258774,3.47,1.58,,,,90.5,2341,6.6,813052,666163,518692,669242,500743,605141,571771,681624,606192,53.86,,0,0,1,0,0,,20,5,Slider,0,0,0,0,0,0,0,0,Standard,Standard,167,-0.031,-0.201,77.1,7.9,,0.201,,0,0,0.589,0.589,32,25,33,26,1,0,6,8,7,,2.27,-0.01,0.01,56.1,21.513401674938823,-20.47233468343803,39.900629706728424,29.017840799310463,35.51906648916385
CU,2025-10-06,82.8,0.44,6.42,"Shaw, Matt",807713,676879,,ball,,,,,6,Ball,D,R,L,MIL,CHC,B,,,1,1,2025,-0.7,-1.34,0.5150748768939432,2.46672645466911,,,,2,2,Top,,,,,,,1.4976296137450331,-120.54486708925677,0.13585708722950374,-7.084036874344571,26.307045121507958,-45.42534309209895,3.10979541765103,1.33604964496772,,,,81.1,2735,5.4,813048,661388,683734,668930,702332,687401,694192,663368,686217,55.12,,,,,,,,15,3,Curveball,3,3,3,3,3,3,3,3,Standard,Standard,337,-0.002,0.053,,,,-0.053,,0,0,0.541,0.45899999999999996,27,23,27,24,1,0,2,2,3,2,4.7,-0.7,0.7,52.7,,,,,
FF,2025-10-06,92.4,1.61,5.29,"Ortiz, Joey",687401,684007,,foul,,,,,5,Foul,D,R,L,MIL,CHC,S,,,2,2,2025,1.15,1.53,-0.042880866816144,2.2464386881096394,,,,2,2,Bot,,,,,,,-6.6803618119033805,-134.23406778566095,-5.202209331278415,15.375295769288154,31.538473934527715,-12.731459051227151,3.35,1.53,187,67.7,46,91.7,2458,6.1,813048,608348,457759,663538,807713,621020,664023,691718,673548,54.35,,,,,,,,20,6,4-Seam Fastball,3,3,3,3,3,3,3,3,Standard,Standard,142,0,0,71.1,7.0,,0,88.0,0,0,0.509,0.509,31,26,32,27,1,0,5,2,,2,1.16,1.15,-1.15,36.9,-7.518950647214501,4.424569034194666,33.167620522077705,36.302170639647116,24.23534146547615
CU,2025-10-06,82,-1.85,5.44,"Yelich, Christian",592885,607067,,ball,,,,,13,Ball,D,L,R,MIL,CHC,B,,,0,0,2025,0.85,-0.4,-1.6330974708140409,2.1317325337408843,,,,1,7,Bot,,,,,,,-1.152250440779627,-119.43793031800507,-0.13789371777439818,8.286180835741348,24.647269341871105,-36.14848631844715,3.32000080901311,1.80774072084808,,,,81.8,2113,6.3,813048,608348,683737,663538,807713,621020,664023,691718,673548,54.24,,,,,,,,60,1,Curveball,7,3,7,3,3,7,7,3,Infield shade,Standard,62,0,0.039,,,,-0.039,,4,4,0.968,0.968,34,33,35,34,1,3,5,2,5,2,3.8,-0.85,0.85,33.3,,,,,
SI,2025-10-06,98.8,0.27,6.43,"Shaw, Matt",807713,676879,,ball,,,,,1,Ball,D,R,L,MIL,CHC,B,,,0,1,2025,1.17,0.51,-0.2868044966707748,3.327557364346019,,,,2,2,Top,,,,,,,-4.18995636289367,-143.80148815577994,-4.151414454406422,17.25631617005746,33.258713997186476,-24.286210842457432,3.31172362760293,1.50920254962299,,,,97.4,2145,5.5,813048,661388,683734,668930,702332,687401,694192,663368,686217,55.01,,,,,,,,15,2,Sinker,3,3,3,3,3,3,3,3,Standard,Standard,155,-0.001,0.027,,,,-0.027,,0,0,0.542,0.45799999999999996,27,23,27,24,1,0,2,2,3,2,1.82,1.17,-1.17,55.5,,,,,
ST,2025-10-06,86.2,2.45,5.71,"Rortvedt, Ben",666163,666200,,called_strike,,,,,5,Called Strike,D,L,L,PHI,LAD,S,,,0,1,2025,-0.43,0,0.08120557645086618,2.331716407420964,,,,0,3,Top,,,,,,,-4.69645136086051,-125.30396986854264,-1.690155287053906,-3.388673573436516,29.36480335853223,-31.98377071290651,3.17797554298063,1.4491284626429,,,,84.6,2438,5.7,813052,592663,547180,624641,664761,607208,805249,669016,592206,54.83,,,,,,,,16,2,Sweeper,0,0,0,0,0,0,0,0,Standard,Standard,328,0.006,-0.055,,,,0.055,,0,0,0.504,0.496,27,27,28,28,1,0,12,2,3,,3.11,-0.43,-0.43,28.8,,,,,
FC,2025-10-06,87.4,-1.62,5.37,"Contreras, William",661388,607067,field_out,hit_into_play,,,,,12,William Contreras pops out to catcher Carson Kelly in foul territory.,D,R,R,MIL,CHC,X,2,popup,0,2,2025,0.79,0.38,0.8493749700292337,2.6926129929513998,,,,0,7,Bot,135.23,202.98,,,,,4.316546842265871,-127.25613521615554,-1.031015838236893,7.581012166557662,28.89726280663475,-28.123699800303793,3.46,1.62,21,76.8,82,87.4,2190,6.5,813048,608348,683737,663538,807713,621020,664023,691718,673548,54.03,0.01,0.012,0,1,0,0,3,59,3,Cutter,7,3,7,3,3,7,7,3,Standard,Standard,156,-0.002,-0.165,72.3,7.7,0.013,0.165,88.0,4,4,0.97,0.97,34,27,35,28,1,3,5,2,5,2,2.63,-0.79,-0.79,31.5,17.774720445591637,-9.23807318959767,22.882207962259333,44.81586073022247,35.61543773711114
FS,2025-10-06,83.6,1.73,5.3,"Ortiz, Joey",687401,684007,,ball,,,,,14,Ball,D,R,L,MIL,CHC,B,,,1,2,2025,1.36,0.46,0.9824779607272269,0.9610904258084303,,,,2,2,Bot,,,,,,,-4.399061455533276,-121.65869710928159,-4.491331953292172,14.40561387313732,23.3859600297189,-26.90270231481402,3.17368885280063,1.4696347276353,,,,83.7,1324,6.3,813048,608348,457759,663538,807713,621020,664023,691718,673548,54.18,,,,,,,,20,5,Split-Finger,3,3,3,3,3,3,3,3,Standard,Standard,128,0.001,0.042,,,,-0.042,,0,0,0.508,0.508,31,26,32,27,1,0,5,2,,2,2.79,1.36,-1.36,36.7,,,,,
FF,2025-10-06,96.8,1.88,6.55,"Kemp, Otto",805249,605483,,called_strike,,,,,13,Called Strike,D,R,L,PHI,LAD,S,,,2,1,2025,0.29,1.54,-0.9799677112475565,2.0026035314890516,,,669016,0,3,Bot,,,,,,,-8.344247201847732,-140.33090477593893,-10.094167481749789,5.830658708109642,34.514935498808335,-9.669865241969974,3.53693030069705,1.61402137213166,,,,97.2,2553,6.9,813052,666163,518692,669242,500743,605141,571771,681624,606192,53.6,,,,,,,,20,4,4-Seam Fastball,0,0,0,0,0,0,0,0,Standard,Standard,158,-0.012,-0.078,,,,0.078,,0,0,0.601,0.601,32,25,33,26,1,0,6,8,7,,0.93,0.29,-0.29,55.8,,,,,
FF,2025-10-06,100.7,-1.91,5.06,"Busch, Michael",683737,694819,,ball,,,,,9,Ball,D,L,R,MIL,CHC,B,,,0,0,2025,-0.76,1.45,0.7014461035783651,2.1003405963905566,,,807713,2,4,Top,,,,,,,9.284232971835225,-146.2433098143815,-6.453833056726443,-13.196404127466561,36.03586025856453,-9.95054051268455,3.35711781708302,1.64943578633519,,,,102.8,2644,7.6,813048,661388,683734,668930,702332,687401,694192,663368,686217,52.87,,,,,,,,33,1,4-Seam Fastball,4,3,3,4,3,4,3,4,Strategic,Standard,217,-0.003,0.035,,,,-0.035,,1,-1,0.657,0.34299999999999997,23,27,23,28,1,0,9,2,5,2,0.81,0.76,-0.76,26.7,,,,,
SI,2025-10-06,96.3,2.35,5.8,"Rortvedt, Ben",666163,666200,,called_strike,,,,,5,Called Strike,D,L,L,PHI,LAD,S,,,0,0,2025,1.27,0.9,0.030997960945974512,2.010291197596613,,,,0,3,Top,,,,,,,-8.945848723981534,-139.88062644895504,-6.456028020207044,18.708559346382717,32.35823879700462,-19.023360334606117,3.05041755990156,1.39832535325517,,,,95.4,2304,5.9,813052,592663,547180,624641,664761,607208,805249,669016,592206,54.57,,,,,,,,16,1,Sinker,0,0,0,0,0,0,0,0,Standard,Standard,127,0.004,-0.039,,,,0.039,,0,0,0.5,0.5,27,27,28,28,1,0,12,2,3,,1.57,1.27,1.27,32.1,,,,,
FF,2025-10-06,100.5,-1.75,5,"Shaw, Matt",807713,694819,walk,ball,,,,,14,Matt Shaw walks.,D,R,R,MIL,CHC,B,,,3,1,2025,-0.82,1.4,2.0026208674147026,1.3267404688151134,,,,2,4,Top,,,,,,,12.581693889028015,-145.5450944992972,-8.253185800055338,-14.655935890154948,35.60789165067993,-10.391744535796505,3.2153443686404,1.4853289641949,,,,102.3,2726,7.6,813048,661388,683734,668930,702332,687401,694192,663368,686217,52.9,,0.691497,0.7,1,0,0,,32,5,4-Seam Fastball,4,3,3,4,3,4,3,4,Strategic,Standard,223,-0.009,0.173,,,,-0.173,,1,-1,0.666,0.33399999999999996,23,23,23,24,1,1,9,2,5,2,0.89,0.82,0.82,26.5,,,,,
FC,2025-10-06,89.8,-1.69,5.38,"Contreras, William",661388,607067,,swinging_strike,,,,,14,Swinging Strike,D,R,R,MIL,CHC,S,,,0,1,2025,0.3,0.6,1.23274108326259,1.5031787448335987,,,,0,7,Bot,,,,,,,6.63254414011999,-130.60924744576207,-4.878899243229325,2.015674716347554,28.206384755710808,-24.485592871823528,3.46,1.62,,,,90.1,2218,6.5,813048,608348,683737,663538,807713,621020,664023,691718,673548,53.95,,,,,,,,59,2,Cutter,7,3,7,3,3,7,7,3,Standard,Standard,187,-0.001,-0.055,75.0,7.5,,0.055,,4,4,0.971,0.971,34,27,35,28,1,3,5,2,5,2,2.24,-0.3,-0.3,29.8,9.354287061570705,-1.2341528006075249,27.436236685090186,51.29250216878167,31.444148194909353
CU,2025-10-06,83.4,1.99,6.6,"Kemp, Otto",805249,605483,,ball,,,,,13,Ball,D,R,L,PHI,LAD,B,,,1,1,2025,-1.12,-0.45,-1.0876178230200189,1.0293009821309256,,,669016,0,3,Bot,,,,,,,-4.8855803167691025,-121.24895333389242,-5.390843595061449,-9.777411612871433,27.6430196006088,-35.55742740386849,3.41914297231178,1.52909022486298,,,,83.2,2648,6.6,813052,666163,518692,669242,500743,605141,571771,681624,606192,53.91,,,,,,,,20,3,Curveball,0,0,0,0,0,0,0,0,Standard,Standard,330,0.008,0.044,,,,-0.044,,0,0,0.593,0.593,32,25,33,26,1,0,6,8,7,,3.78,-1.12,1.12,61.0,,,,,
SI,2025-10-06,99.6,0.27,6.44,"Shaw, Matt",807713,676879,,called_strike,,,,,8,Called Strike,D,R,L,MIL,CHC,S,,,0,0,2025,1.33,0.6,-0.25920542818786396,1.8685513361782122,,,,2,2,Top,,,,,,,-4.473692628413044,-144.81938740021602,-8.430530898215935,19.708150175882164,34.75462106590076,-21.92077060736442,3.33804861968528,1.60807641151205,,,,97.9,2276,5.5,813048,661388,683734,668930,702332,687401,694192,663368,686217,55.05,,,,,,,,15,1,Sinker,3,3,3,3,3,3,3,3,Standard,Standard,149,0.002,-0.043,,,,0.043,,0,0,0.54,0.45999999999999996,27,23,27,24,1,0,2,2,3,2,1.71,1.33,-1.33,51.4,,,,,
FS,2025-10-06,84.4,1.72,5.26,"Ortiz, Joey",687401,684007,,foul,,,,,13,Foul,D,R,L,MIL,CHC,S,,,1,2,2025,1.16,0,-0.7901742055721435,0.7355860753635524,,,,2,2,Bot,,,,,,,-8.125980962331457,-122.5987158532409,-4.12695455657532,13.346692005425874,24.394446018458044,-31.550246514001454,3.35,1.53,6,84.7,-8,84.2,1330,6.3,813048,608348,457759,663538,807713,621020,664023,691718,673548,54.24,,,,,,,,20,4,Split-Finger,3,3,3,3,3,3,3,3,Standard,Standard,124,0,0,70.6,8.6,,0,88.0,0,0,0.508,0.508,31,26,32,27,1,0,5,2,,2,3.21,1.16,-1.16,35.8,11.706759862523478,-30.219640743863458,41.01660083422233,27.706299807470646,41.15972283267081
FF,2025-10-06,96.7,2.13,5.76,"Pages, Andy",681624,666200,field_out,hit_into_play,,,,,1,Andy Pages flies out to left fielder Otto Kemp.,D,R,L,PHI,LAD,X,7,fly_ball,0,1,2025,1.07,1.41,-0.7936400028633883,3.197538414233291,,,,2,2,Top,85.32,85.94,,,,,-10.13111677949306,-140.3726855524785,-4.380700942761726,16.5476836087793,36.078414198124335,-12.756369798562515,3.54,1.62,299,83.8,37,95.3,2374,5.9,813052,592663,547180,624641,664761,607208,805249,669016,592206,54.56,0.01,0.009,0,1,0,0,3,12,2,4-Seam Fastball,0,0,0,0,0,0,0,0,Standard,Standard,127,0.009,-0.217,72.5,7.4,0.016,0.217,88.0,0,0,0.542,0.45799999999999996,27,24,28,25,1,0,12,2,3,2,1.06,1.07,-1.07,31.5,16.007296418480767,-2.4173439762935782,35.45295249956262,28.555019829144108,30.95684113464543
CH,2025-10-06,89.2,2.14,6.46,"Kemp, Otto",805249,605483,,swinging_strike,,,,,9,Swinging Strike,D,R,L,PHI,LAD,S,,,1,0,2025,1.13,1.07,0.375161367405602,1.4745284832092596,,,669016,0,3,Bot,,,,,,,-6.748450376657039,-129.43965660650505,-8.49352124157507,14.119837405350664,27.881553944443972,-18.459290604086036,3.47,1.58,,,,89.5,2002,6.7,813052,666163,518692,669242,500743,605141,571771,681624,606192,53.82,,,,,,,,20,2,Changeup,0,0,0,0,0,0,0,0,Standard,Standard,135,-0.008,-0.048,79.3,8.0,,0.048,,0,0,0.601,0.601,32,25,33,26,1,0,6,8,7,,1.81,1.13,-1.13,51.6,15.393898847206447,-7.24067976174646,37.4536035970268,38.357100576194256,36.87650532729566
SL,2025-10-06,87.3,-1.74,5.35,"Contreras, William",661388,607067,,swinging_strike,,,,,14,Swinging Strike,D,R,R,MIL,CHC,S,,,0,0,2025,0.4,0.16,1.0274560318030435,1.8249098146018614,,,,0,7,Bot,,,,,,,5.861204761714453,-127.04341264162812,-2.647539280986884,3.129879843380503,26.84136700698604,-30.110111316887682,3.46,1.62,,,,87.6,2202,6.5,813048,608348,683737,663538,807713,621020,664023,691718,673548,53.95,,,,,,,,59,1,Slider,7,3,7,3,3,7,7,3,Standard,Standard,102,0,-0.039,73.1,8.0,,0.039,,4,4,0.971,0.971,34,27,35,28,1,3,5,2,5,2,2.84,-0.4,-0.4,32.1,17.31843736753112,-23.960448627961814,24.266174263058492,47.49770545767534,49.811208924323125
FF,2025-10-06,91.4,1.67,5.3,"Ortiz, Joey",687401,684007,,foul,,,,,2,Foul,D,R,L,MIL,CHC,S,,,1,1,2025,1.29,1.34,0.05970817704684417,3.148755349700303,,,,2,2,Bot,,,,,,,-6.817587427714538,-132.90544062273094,-2.362993865881733,16.775257381610988,31.065203878827194,-16.036242646631308,3.35,1.53,189,69.3,48,90.8,2422,6.2,813048,608348,457759,663538,807713,621020,664023,691718,673548,54.34,,,,,,,,20,3,4-Seam Fastball,3,3,3,3,3,3,3,3,Standard,Standard,133,-0.002,-0.062,72.3,7.0,,0.062,88.0,0,0,0.51,0.51,31,26,32,27,1,0,5,2,,2,1.41,1.29,-1.29,35.8,-2.67558865823501,4.2802330899733905,24.328185273429497,38.384495772135594,25.758123751922362
FF,2025-10-06,102.7,-1.71,5.04,"Shaw, Matt",807713,694819,,ball,,,,,14,Ball,D,R,R,MIL,CHC,B,,,2,1,2025,-0.77,1.42,1.0755960720405238,2.1506652805887496,,,,2,4,Top,,,,,,,9.9941196858796,-149.05807878682225,-6.489787426387941,-14.061734974284683,38.2560084190528,-9.575447038348873,3.22003520860388,1.49000692573065,,,,104.6,2814,7.6,813048,661388,683734,668930,702332,687401,694192,663368,686217,52.9,,,,,,,,32,4,4-Seam Fastball,4,3,3,4,3,4,3,4,Standard,Standard,222,-0.004,0.117,,,,-0.117,,1,-1,0.67,0.32999999999999996,23,23,23,24,1,1,9,2,5,2,0.76,0.77,0.77,31.2,,,,,
SI,2025-10-06,98.6,0.18,6.38,"Swanson, Dansby",621020,676879,field_out,hit_into_play,,,,,5,Dansby Swanson flies out to right fielder Sal Frelick.,D,R,L,MIL,CHC,X,9,fly_ball,3,2,2025,1.4,0.63,-0.2508094685230873,2.679429430875575,,,,1,2,Top,181.06,71.9,,,,,-4.343384085751955,-143.49588748906473,-5.990583939132681,20.282590736064858,33.815402055813436,-22.225329508273866,3.58,1.68,342,98,39,97.2,2169,5.5,813048,661388,683734,668930,702332,687401,694192,663368,686217,54.97,0.096,0.182,0,1,0,0,3,14,7,Sinker,3,3,3,3,3,3,3,3,Strategic,Standard,150,0.021,-0.332,71.5,6.9,0.357,0.332,98.0,0,0,0.519,0.481,27,31,27,31,1,0,2,2,3,2,1.71,1.4,-1.4,53.3,13.329632920218568,1.5140228205538424,34.25254854985685,32.354303479905184,30.575563071176223
SL,2025-10-06,94.4,-2.03,4.9,"Shaw, Matt",807713,694819,,ball,,,,,7,Ball,D,R,R,MIL,CHC,B,,,1,1,2025,0.03,0.23,-0.7432832667561898,1.7909273014585847,,,,2,4,Top,,,,,,,3.3443781486629325,-137.47993687853966,-2.9525637925658463,-0.38340050827571653,30.455059442053848,-28.843083953889955,3.3415795730892,1.47706930810258,,,,96.1,2557,7.2,813048,661388,683734,668930,702332,687401,694192,663368,686217,53.25,,,,,,,,32,3,Slider,4,3,3,4,3,4,3,4,Standard,Standard,187,-0.003,0.053,,,,-0.053,,1,-1,0.673,0.32699999999999996,23,23,23,24,1,1,9,2,5,2,2.33,-0.03,-0.03,24.8,,,,,
ST,2025-10-06,85,2.63,5.5,"Pages, Andy",681624,666200,,swinging_strike,,,,,13,Swinging Strike,D,R,L,PHI,LAD,S,,,0,0,2025,-0.73,0.13,-0.009228708826567344,1.4876024827043532,,,,2,2,Top,,,,,,,-4.674290344563799,-123.58541902273072,-3.2335816579412295,-6.3632039951006565,27.900216129075325,-30.37574535604904,3.54,1.62,,,,83.6,2403,5.7,813052,592663,547180,624641,664761,607208,805249,669016,592206,54.78,,,,,,,,12,1,Sweeper,0,0,0,0,0,0,0,0,Standard,Standard,332,0.002,-0.043,78.0,9.1,,0.043,,0,0,0.54,0.45999999999999996,27,24,28,25,1,0,12,2,3,2,3.07,-0.73,0.73,27.6,22.501503646645478,-19.78995289746328,45.531802287327274,37.54923814342729,40.25150113627825
FF,2025-10-06,91.6,1.67,5.24,"Ortiz, Joey",687401,684007,,foul,,,,,5,Foul,D,R,L,MIL,CHC,S,,,1,0,2025,1.19,1.51,-0.0542693035362678,2.608679825607084,,,,2,2,Bot,,,,,,,-6.91222846570536,-133.06603742959922,-3.9501938433561494,15.640359367296009,31.485298945921134,-13.705341737647913,3.35,1.53,190,70.3,53,91,2514,6.3,813048,608348,457759,663538,807713,621020,664023,691718,673548,54.25,,,,,,,,20,2,4-Seam Fastball,3,3,3,3,3,3,3,3,Standard,Standard,142,-0.002,-0.054,74.0,7.2,,0.054,88.0,0,0,0.512,0.512,31,26,32,27,1,0,5,2,,2,1.24,1.19,-1.19,35.7,-2.876306713772567,3.007013179911689,30.858468649559295,36.60684672738557,24.658549336596227
CH,2025-10-06,87.7,2.29,6.53,"Kemp, Otto",805249,605483,,ball,,,,,14,Ball,D,R,L,PHI,LAD,B,,,0,0,2025,1.21,0.72,1.527091523374615,2.124947770532655,,,669016,0,3,Bot,,,,,,,-4.3775263041907975,-127.49591796275317,-6.029399277255608,14.090505827938177,27.348314367204853,-23.24724775606569,3.47478840762384,1.63346855754688,,,,88.2,1678,6.8,813052,666163,518692,669242,500743,605141,571771,681624,606192,53.74,,,,,,,,20,1,Changeup,0,0,0,0,0,0,0,0,Standard,Standard,128,0.006,0.04,,,,-0.04,,0,0,0.595,0.595,32,25,33,26,1,0,6,8,7,,2.26,1.21,-1.21,50.3,,,,,
CU,2025-10-06,82.9,-1.75,5.45,"Turang, Brice",668930,607067,field_out,hit_into_play,,,,,13,"Brice Turang grounds out, second baseman Nico Hoerner to first baseman Michael Busch.",D,L,R,MIL,CHC,X,4,ground_ball,1,2,2025,0.94,-0.38,-0.8574165183169818,1.796194432633317,687401,694192,,2,6,Bot,145.74,148.79,,,,,0.18798283058897455,-120.82171565400532,-1.1301232018400873,9.174391362104261,24.092877749453983,-35.866818347961406,3.5,1.64,3,86.2,-34,83,2182,6.4,813048,608348,683737,663538,807713,621020,664023,691718,673548,54.15,0.054,0.054,0,1,0,0,2,55,5,Curveball,7,3,7,3,3,7,7,3,Standard,Standard,45,-0.008,-0.206,73.0,7.4,0.057,0.206,88.0,4,4,0.949,0.949,34,25,35,26,1,3,5,2,5,2,3.69,-0.94,0.94,34.5,6.831228203911223,10.2100904213413,28.74991934297169,42.71216708937588,34.38019788019079
SI,2025-10-06,98.7,0.27,6.42,"Swanson, Dansby",621020,676879,,foul,,,,,7,Foul,D,R,L,MIL,CHC,S,,,3,2,2025,1.34,0.57,-0.42587732012723367,1.5647603683686009,,,,1,2,Top,,,,,,,-4.931389476568539,-143.41664200305806,-8.959603051940466,19.68492663119504,33.48539566728444,-22.353715020941426,3.58,1.68,19,17,34,97.1,2189,5.5,813048,661388,683734,668930,702332,687401,694192,663368,686217,55.02,,,,,,,,14,6,Sinker,3,3,3,3,3,3,3,3,Strategic,Standard,147,0,0,69.0,6.7,,0,88.0,0,0,0.519,0.481,27,31,27,31,1,0,2,2,3,2,1.77,1.34,-1.34,50.8,3.352996898169939,13.999643312520849,40.61145009345019,30.709098876053,21.374859710610053
CU,2025-10-06,89.4,-1.49,5.26,"Shaw, Matt",807713,694819,,ball,,,,,14,Ball,D,R,R,MIL,CHC,B,,,0,1,2025,0.83,-0.59,2.6402635380112374,1.3985644941773656,,,,2,4,Top,,,,,,,8.575030964307405,-129.95113885015962,-2.221997718500927,7.3917820285978655,29.588977966336632,-38.54258168523019,3.04059912301119,1.31048307600859,,,,90.6,2406,7.3,813048,661388,683734,668930,702332,687401,694192,663368,686217,53.22,,,,,,,,32,2,Curveball,4,3,3,4,3,4,3,4,Standard,Standard,42,-0.001,0.027,,,,-0.027,,1,-1,0.674,0.32599999999999996,23,23,23,24,1,1,9,2,5,2,3.47,-0.83,-0.83,37.0,,,,,
ST,2025-10-06,86.5,2.68,5.52,"Rojas, Miguel",500743,666200,field_out,hit_into_play,,,,,8,"Miguel Rojas grounds out, second baseman Edmundo Sosa to first baseman Bryce Harper.",D,R,L,PHI,LAD,X,4,ground_ball,2,1,2025,-0.47,-0.43,-0.10345898496071648,1.6274762660526578,,,,1,2,Top,135.19,130.61,,,,,-5.626604085346319,-125.7031776075782,-2.0374366003684625,-3.4672276087260556,31.215433889795015,-36.36675690041965,3.32,1.61,127,80.8,8,84.8,2382,5.8,813052,592663,547180,624641,664761,607208,805249,669016,592206,54.72,0.375,0.348,0,1,0,0,4,11,4,Sweeper,0,0,0,0,0,0,0,0,Standard,Standard,341,0.02,-0.298,69.2,7.2,0.412,0.298,88.0,0,0,0.52,0.48,27,36,28,36,1,0,12,5,3,2,3.54,-0.47,0.47,28.4,-2.2108487802570864,5.561824045350907,35.234095606379725,35.42562451181714,28.72887836910821
CH,2025-10-06,92.5,0.34,6.32,"Swanson, Dansby",621020,676879,,ball,,,,,14,Ball,D,R,L,MIL,CHC,B,,,2,2,2025,1.3,0.55,0.1663612676407238,0.6839844278288567,,,,1,2,Top,,,,,,,-3.2350328879253922,-134.3451273722973,-9.586956184031234,16.444154753216186,30.28372167438262,-23.57664230736474,3.46063142598546,1.61894856420616,,,,91,1596,5.6,813048,661388,683734,668930,702332,687401,694192,663368,686217,54.9,,,,,,,,14,5,Changeup,3,3,3,3,3,3,3,3,Infield shade,Standard,134,-0.007,0.104,,,,-0.104,,0,0,0.526,0.474,27,31,27,31,1,0,2,2,3,2,2.13,1.3,-1.3,57.8,,,,,
ST,2025-10-06,80.1,2.02,5.12,"Ortiz, Joey",687401,684007,,ball,,,,,13,Ball,D,R,L,MIL,CHC,B,,,0,0,2025,-1.24,0.01,-0.8057889845182052,1.1846888972782796,,,,2,2,Bot,,,,,,,-3.8751131515082524,-116.5896321796116,-1.9336116317312462,-10.454842007413369,24.16313871719221,-31.937922243532952,3.22635006171875,1.46814406917183,,,,79.5,2610,6.1,813048,608348,457759,663538,807713,621020,664023,691718,673548,54.42,,,,,,,,20,1,Sweeper,3,3,3,3,3,3,3,3,Standard,Standard,284,0.001,0.037,,,,-0.037,,0,0,0.511,0.511,31,26,32,27,1,0,5,2,,2,3.57,-1.24,1.24,35.3,,,,,
CU,2025-10-06,82.4,1.91,6.67,"Marsh, Brandon",669016,605483,walk,ball,,,,,13,Brandon Marsh walks.,D,L,L,PHI,LAD,B,,,3,2,2025,-1.27,-0.65,-0.2542126614775235,1.3995511720641538,,,,0,3,Bot,,,,,,,-2.4539664691923786,-119.86940962195213,-4.121490891739512,-11.616902467097379,25.525269541041695,-37.78929174542223,3.1475630949549,1.53000094592738,,,,82.5,2598,6.6,813052,666163,518692,669242,500743,605141,571771,681624,606192,53.87,,0.691497,0.7,1,0,0,,19,7,Curveball,0,0,0,0,0,0,0,0,Strategic,Standard,329,0.034,0.356,,,,-0.356,,0,0,0.561,0.561,32,27,33,28,1,0,6,2,7,2,4.04,-1.27,-1.27,59.8,,,,,
FF,2025-10-06,95.7,-1.63,5.43,"Turang, Brice",668930,607067,,foul,,,,,11,Foul,D,L,R,MIL,CHC,S,,,1,2,2025,-0.46,1.16,-0.3854791815130673,3.8612147556746628,687401,694192,,2,6,Bot,,,,,,,4.343405859774758,-139.39999524091144,-1.1699340797359612,-6.922575742034656,30.94221735213783,-16.979167826742053,3.5,1.64,254,80,48,96.3,2192,6.5,813048,608348,683737,663538,807713,621020,664023,691718,673548,53.98,,,,,,,,55,4,4-Seam Fastball,7,3,7,3,3,7,7,3,Standard,Standard,214,0,0,62.0,5.6,,0,88.0,4,4,0.949,0.949,34,25,35,26,1,3,5,2,5,2,1.32,0.46,-0.46,30.0,-7.50960298648163,30.42531239856521,18.38916269099628,37.339346622549556,17.358763663164495
FS,2025-10-06,88.7,-1.77,5.45,"Turang, Brice",668930,607067,,foul,,,,,13,Foul,D,L,R,MIL,CHC,S,,,1,1,2025,-1.37,-0.02,-1.2301629036292099,1.6122852910674301,687401,694192,,2,6,Bot,,,,,,,4.2109251525786116,-129.10122176932651,-3.2799488140590976,-16.202209761494778,27.55002071737343,-31.905147605010384,3.5,1.64,,,,89,1221,6.5,813048,608348,683737,663538,807713,621020,664023,691718,673548,53.97,,,,,,,,55,3,Split-Finger,7,3,7,3,3,7,7,3,Standard,Standard,256,-0.002,-0.064,70.6,7.8,,0.064,,4,4,0.951,0.951,34,25,35,26,1,3,5,2,5,2,2.92,1.37,-1.37,33.4,13.232703922747417,7.414320745255476,32.175702814831,48.407180552231125,29.36750131971998
SI,2025-10-06,98.9,0.27,6.45,"Swanson, Dansby",621020,676879,,called_strike,,,,,1,Called Strike,D,R,L,MIL,CHC,S,,,2,1,2025,1.4,0.53,-0.49769657115481736,3.0659563950855198,,,,1,2,Top,,,,,,,-5.264961025448041,-143.82808758467218,-4.939002076057169,20.59483093471218,35.6938538970475,-23.816721405252235,3.57999999668672,1.68000051331052,,,,97.2,2280,5.5,813048,661388,683734,668930,702332,687401,694192,663368,686217,54.98,,,,,,,,14,4,Sinker,3,3,3,3,3,3,3,3,Strategic,Standard,152,0.006,-0.07,,,,0.07,,0,0,0.52,0.48,27,31,27,31,1,0,2,2,3,2,1.81,1.4,-1.4,51.4,,,,,
FF,2025-10-06,97.6,1.92,6.67,"Marsh, Brandon",669016,605483,,foul,,,,,1,Foul,D,L,L,PHI,LAD,S,,,3,2,2025,0.2,1.71,-0.5478046604446165,3.0323288985310906,,,,0,3,Bot,,,,,,,-7.166718439070798,-141.75121465549424,-8.250882440698465,4.445168740924263,34.58166537482955,-7.377451845289978,3.2,1.53,95,83.5,10,98.2,2457,6.9,813052,666163,518692,669242,500743,605141,571771,681624,606192,53.64,,,,,,,,19,6,4-Seam Fastball,0,0,0,0,0,0,0,0,Strategic,Standard,154,0,0,73.5,6.3,,0,88.0,0,0,0.561,0.561,32,27,33,28,1,0,6,2,7,2,0.7,0.2,0.2,59.7,1.7317754983019953,10.122364317210497,31.416797331260266,44.04253783573916,21.23515576118794
FF,2025-10-06,91.3,1.74,5.27,"Perkins, Blake",663368,684007,strikeout,swinging_strike,,,,,4,Blake Perkins strikes out swinging.,D,R,L,MIL,CHC,S,2,,2,2,2025,1.05,1.45,-0.2922679488494302,2.320384256415612,,,,1,2,Bot,,,,,,,-7.3337089738079575,-132.62525263641015,-4.583911805624865,13.98323749851557,30.234929340379974,-14.25432964647103,3.52,1.67,,,,90.6,2426,6.1,813048,608348,457759,663538,807713,621020,664023,691718,673548,54.38,,0,0,1,0,0,,19,6,4-Seam Fastball,3,3,3,3,3,3,3,3,Standard,Standard,140,-0.014,-0.228,72.3,6.9,,0.228,,0,0,0.525,0.525,31,28,32,29,1,0,5,2,,2,1.31,1.05,-1.05,38.3,-8.76167105040499,16.473869931921083,33.17368395988478,34.09830722366695,15.675113440121873
FF,2025-10-06,102.1,-1.78,5.17,"Shaw, Matt",807713,694819,,called_strike,,,,,3,Called Strike,D,R,R,MIL,CHC,S,,,0,0,2025,-0.91,1.22,0.5363265745275603,2.9735377221855277,,,,2,4,Top,,,,,,,8.918966311093614,-148.44200312685228,-3.8977289578969674,-15.662886900227438,37.30453732949808,-13.454134241064178,3.34017871827012,1.61033713433245,,,,104.2,2612,7.5,813048,661388,683734,668930,702332,687401,694192,663368,686217,52.95,,,,,,,,32,1,4-Seam Fastball,4,3,3,4,3,4,3,4,Standard,Standard,219,0.002,-0.043,,,,0.043,,1,-1,0.672,0.32799999999999996,23,23,23,24,1,1,9,2,5,2,0.98,0.91,0.91,35.1,,,,,
CH,2025-10-06,88.4,2.33,5.67,"Rojas, Miguel",500743,666200,,called_strike,,,,,1,Called Strike,D,R,L,PHI,LAD,S,,,2,0,2025,1.27,0.75,-0.806034900036461,2.8660027238997987,,,,1,2,Top,,,,,,,-10.201954769844418,-128.2100162894119,-2.230895616205264,16.211323485882893,28.791206841031876,-23.640935039408156,3.21841538034857,1.55922473131542,,,,87.3,2046,6,813052,592663,547180,624641,664761,607208,805249,669016,592206,54.51,,,,,,,,11,3,Changeup,0,0,0,0,0,0,0,0,Standard,Standard,117,0.005,-0.066,,,,0.066,,0,0,0.515,0.485,27,36,28,36,1,0,12,5,3,2,2.2,1.27,-1.27,30.2,,,,,
CU,2025-10-06,84.8,0.32,6.31,"Swanson, Dansby",621020,676879,,ball,,,,,13,Ball,D,R,L,MIL,CHC,B,,,1,1,2025,-0.38,-1.4,-0.6538959976465186,-0.7191418882633385,,,,1,2,Top,,,,,,,-1.5083762239752767,-123.19124758233643,-7.04050958107696,-3.405323237358382,29.604124190493174,-44.749843639654614,3.52133058850321,1.62130006454187,,,,82.7,2631,5.5,813048,661388,683734,668930,702332,687401,694192,663368,686217,55.02,,,,,,,,14,3,Curveball,3,3,3,3,3,3,3,3,Strategic,Standard,341,-0.004,0.055,,,,-0.055,,0,0,0.524,0.476,27,31,27,31,1,0,2,2,3,2,4.63,-0.38,0.38,53.6,,,,,
SI,2025-10-06,96.3,2.59,5.65,"Rojas, Miguel",500743,666200,,ball,,,,,13,Ball,D,R,L,PHI,LAD,B,,,1,0,2025,1.48,0.6,-0.6698505146510163,1.1199388564278836,,,,1,2,Top,,,,,,,-11.839149222451134,-139.42920941493412,-7.631715557558169,22.130206184707358,34.32360850234946,-22.64127207991108,3.29172702816622,1.58180004001751,,,,94.6,2298,5.8,813052,592663,547180,624641,664761,607208,805249,669016,592206,54.69,,,,,,,,11,2,Sinker,0,0,0,0,0,0,0,0,Standard,Standard,126,-0.005,0.071,,,,-0.071,,0,0,0.52,0.48,27,36,28,36,1,0,12,5,3,2,1.9,1.48,-1.48,33.1,,,,,
FF,2025-10-06,91.6,1.74,5.26,"Perkins, Blake",663368,684007,,foul,,,,,7,Foul,D,R,L,MIL,CHC,S,,,2,2,2025,1.03,1.48,-0.40879505008515116,1.6469363341609986,,,,1,2,Bot,,,,,,,-7.647096188476148,-132.92175012277357,-6.351933484574643,13.996795107711078,32.37511334435038,-13.428812125476144,3.52,1.67,3,55.6,-29,90.8,2393,6.3,813048,608348,457759,663538,807713,621020,664023,691718,673548,54.25,,,,,,,,19,5,4-Seam Fastball,3,3,3,3,3,3,3,3,Standard,Standard,136,0,0,,,,0,88.0,0,0,0.525,0.525,31,28,32,29,1,0,5,2,,2,1.28,1.03,-1.03,37.0,,,,,
FF,2025-10-06,96.6,1.89,6.73,"Marsh, Brandon",669016,605483,,ball,,,,,11,Ball,D,L,L,PHI,LAD,B,,,2,2,2025,0.22,1.78,-0.8924647077005605,2.680674832078101,,,,0,3,Bot,,,,,,,-7.979015612054545,-140.10625207848753,-9.299884151431709,4.79637675883709,33.34455138374878,-6.705338886759197,3.14756119176391,1.47754402317803,,,,97,2422,6.8,813052,666163,518692,669242,500743,605141,571771,681624,606192,53.66,,,,,,,,19,5,4-Seam Fastball,0,0,0,0,0,0,0,0,Strategic,Standard,159,0.01,0.112,,,,-0.112,,0,0,0.551,0.551,32,27,33,28,1,0,6,2,7,2,0.69,0.22,0.22,59.9,,,,,
CU,2025-10-06,88.9,-1.81,5.23,"Swanson, Dansby",621020,694819,strikeout,called_strike,,,,,4,Dansby Swanson called out on strikes.,D,R,R,MIL,CHC,S,2,,2,2,2025,0.83,-0.5,-0.607973627061484,2.865157984338432,,,,1,4,Top,,,,,,,1.2092036340150791,-129.478265772631,1.3302122240239822,9.119464764911475,27.001884609455395,-38.28263432203372,3.63170580820585,1.73155954543281,,,,90.5,2522,7.2,813048,661388,683734,668930,702332,687401,694192,663368,686217,53.32,,0,0,1,0,0,,31,6,Curveball,4,3,3,4,3,4,3,4,Strategic,Standard,44,0.017,-0.228,,,,0.228,,1,-1,0.655,0.345,23,31,23,31,1,1,9,2,5,2,3.38,-0.83,-0.83,35.5,,,,,
FS,2025-10-06,89.5,-1.68,5.45,"Turang, Brice",668930,607067,,ball,,,,,13,Ball,D,L,R,MIL,CHC,B,,,0,1,2025,-1.34,0.35,-1.3373485923002917,1.2320672574173375,687401,694192,,2,6,Bot,,,,,,,3.6780500261782927,-130.17529633999428,-5.147253088886047,-15.945204417423314,28.146251910435712,-27.33394826752555,3.44179316431531,1.64002525692265,,,,89.8,1272,6.6,813048,608348,683737,663538,807713,621020,664023,691718,673548,53.92,,,,,,,,55,2,Split-Finger,7,3,7,3,3,7,7,3,Standard,Standard,249,0.001,0.002,,,,-0.002,,4,4,0.95,0.95,34,25,35,26,1,3,5,2,5,2,2.51,1.34,-1.34,32.8,,,,,
CU,2025-10-06,88.2,-1.61,5.26,"Swanson, Dansby",621020,694819,,ball,,,,,12,Ball,D,R,R,MIL,CHC,B,,,1,2,2025,0.81,-0.58,0.46334272029493817,4.156753764957736,,,,1,4,Top,,,,,,,3.3907678597704964,-128.33559314793396,4.703355518915628,8.25723579006789,27.0707404682625,-39.746361050211696,3.64320745711367,1.74312280868276,,,,89.5,2301,7.2,813048,661388,683734,668930,702332,687401,694192,663368,686217,53.33,,,,,,,,31,5,Curveball,4,3,3,4,3,4,3,4,Strategic,Standard,37,-0.003,0.048,,,,-0.048,,1,-1,0.658,0.34199999999999997,23,31,23,31,1,1,9,2,5,2,3.51,-0.81,-0.81,34.1,,,,,
SI,2025-10-06,96,2.52,5.66,"Rojas, Miguel",500743,666200,,ball,,,,,12,Ball,D,R,L,PHI,LAD,B,,,0,0,2025,1.4,0.62,0.876336667194229,2.753160964122313,,,,1,2,Top,,,,,,,-7.46123071581901,-139.53717306124375,-3.4047052543409086,20.035370103592346,36.01896705129912,-23.443981987303662,3.32238314934344,1.61177680226459,,,,94.7,2365,5.9,813052,592663,547180,624641,664761,607208,805249,669016,592206,54.58,,,,,,,,11,1,Sinker,0,0,0,0,0,0,0,0,Standard,Standard,127,-0.003,0.039,,,,-0.039,,0,0,0.523,0.477,27,36,28,36,1,0,12,5,3,2,1.88,1.4,-1.4,26.4,,,,,
FF,2025-10-06,91.2,1.7,5.4,"Perkins, Blake",663368,684007,,ball,,,,,11,Ball,D,R,L,MIL,CHC,B,,,1,2,2025,0.96,1.58,-0.12904234775103562,4.796710083605084,,,,1,2,Bot,,,,,,,-6.648314136490753,-132.57256909691813,1.0820489222759675,12.85982189097318,33.78080802882739,-14.294691607406662,3.45989717095478,1.60986472927446,,,,90.2,2411,6.1,813048,608348,457759,663538,807713,621020,664023,691718,673548,54.35,,,,,,,,19,4,4-Seam Fastball,3,3,3,3,3,3,3,3,Standard,Standard,139,0.002,0.048,,,,-0.048,,0,0,0.523,0.523,31,28,32,29,1,0,5,2,,2,1.21,0.96,-0.96,36.3,,,,,
FF,2025-10-06,95.8,1.92,6.69,"Marsh, Brandon",669016,605483,,foul_tip,,,,,4,Foul Tip,D,L,L,PHI,LAD,S,,,2,1,2025,0.27,1.62,-0.821187119404388,2.573622145243047,,,,0,3,Bot,,,,,,,-7.915463852900817,-138.98010054833262,-8.953315175497723,5.330491182626806,33.203141085700096,-9.235405859974318,3.2,1.53,,,,96.3,2509,6.9,813052,666163,518692,669242,500743,605141,571771,681624,606192,53.6,,,,,,,,19,4,4-Seam Fastball,0,0,0,0,0,0,0,0,Standard,Standard,158,-0.008,-0.073,71.0,6.8,,0.073,,0,0,0.559,0.559,32,27,33,28,1,0,6,2,7,2,0.89,0.27,0.27,55.8,1.3123281027445428,12.032729845779343,32.84463068309259,48.48382794676019,16.12152506871178
CU,2025-10-06,81,-1.7,5.53,"Turang, Brice",668930,607067,,called_strike,,,,,5,Called Strike,D,L,R,MIL,CHC,S,,,0,0,2025,1.16,-0.39,0.02153039485925845,2.7492880850706367,687401,694192,,2,6,Bot,,,,,,,1.6302245812147411,-117.9530612539385,1.1545284688748694,10.503003311417213,22.476899031946388,-36.235122008586764,3.49882908916948,1.58075841945179,,,,81.1,2161,6.3,813048,608348,683737,663538,807713,621020,664023,691718,673548,54.17,,,,,,,,55,1,Curveball,7,3,7,3,3,7,7,3,Standard,Standard,53,-0.002,-0.036,,,,0.036,,4,4,0.952,0.952,34,25,35,26,1,3,5,2,5,2,3.86,-1.16,1.16,37.8,,,,,
CU,2025-10-06,84.3,0.33,6.37,"Swanson, Dansby",621020,676879,,ball,,,,,13,Ball,D,R,L,MIL,CHC,B,,,0,1,2025,-0.18,-1.53,-1.0397145526542626,-0.7221552266931024,,,,1,2,Top,,,,,,,-2.787423239463806,-122.51653363578788,-6.865294952405389,-1.1190306381699981,28.12406173509438,-46.06829490557635,3.51569655816494,1.67444485780811,,,,82.4,2686,5.5,813048,661388,683734,668930,702332,687401,694192,663368,686217,55.03,,,,,,,,14,2,Curveball,3,3,3,3,3,3,3,3,Strategic,Standard,341,-0.002,0.029,,,,-0.029,,0,0,0.526,0.474,27,31,27,31,1,0,2,2,3,2,4.79,-0.18,0.18,53.3,,,,,
SI,2025-10-06,98.8,0.48,6.47,"Swanson, Dansby",621020,676879,,foul,,,,,2,Foul,D,R,L,MIL,CHC,S,,,0,0,2025,1.35,0.59,-0.06220126860746955,3.155755979678331,,,,1,2,Top,,,,,,,-4.535316413699634,-143.83862023879064,-4.9287675933715285,19.840443727894684,32.87275965254799,-22.979756564228556,3.58,1.68,284,81.9,43,97.4,2201,5.4,813048,661388,683734,668930,702332,687401,694192,663368,686217,55.06,,,,,,,,14,1,Sinker,3,3,3,3,3,3,3,3,Strategic,Standard,146,0.003,-0.039,68.3,6.3,,0.039,88.0,0,0,0.523,0.477,27,31,27,31,1,0,2,2,3,2,1.74,1.35,-1.35,48.2,3.9131650194653624,16.735921471053395,30.76359411824275,34.09491498530221,23.602762758438413
FF,2025-10-06,97.3,2.24,5.92,"Hernández, Enrique",571771,666200,strikeout,swinging_strike,,,,,12,Enrique Hernández strikes out swinging.,D,R,L,PHI,LAD,S,2,,1,2,2025,1.16,1.35,0.21516722097172059,3.872393777213892,,,,0,2,Top,,,,,,,-7.985461287287587,-141.31129069318217,-2.9149120392272208,17.418700265336437,37.41372797573658,-13.813093633953619,3.42,1.69,,,,95.5,2327,5.8,813052,592663,547180,624641,664761,607208,805249,669016,592206,54.75,,0,0,1,0,0,,10,4,4-Seam Fastball,0,0,0,0,0,0,0,0,Standard,Standard,126,0.016,-0.189,66.0,6.2,,0.189,,0,0,0.507,0.493,27,33,28,34,1,0,12,2,3,2,1.1,1.16,-1.16,32.4,2.8135311436080515,20.895132630254125,14.756598955234429,42.60145340852115,16.56086165558153
FF,2025-10-06,90.7,1.76,5.28,"Perkins, Blake",663368,684007,,called_strike,,,,,4,Called Strike,D,R,L,MIL,CHC,S,,,1,1,2025,0.97,1.54,-0.7470022974467275,2.413881202869944,,,,1,2,Bot,,,,,,,-8.297100377878804,-131.73405103665448,-4.429378843649595,13.139990927658717,31.90186546676654,-13.556330185875856,3.57384147768343,1.72378823741125,,,,89.9,2466,6.2,813048,608348,457759,663538,807713,621020,664023,691718,673548,54.28,,,,,,,,19,3,4-Seam Fastball,3,3,3,3,3,3,3,3,Standard,Standard,144,-0.004,-0.064,,,,0.064,,0,0,0.527,0.527,31,28,32,29,1,0,5,2,,2,1.27,0.97,-0.97,37.4,,,,,
SL,2025-10-06,89.9,1.98,6.64,"Marsh, Brandon",669016,605483,,swinging_strike,,,,,13,Swinging Strike,D,L,L,PHI,LAD,S,,,2,0,2025,-0.33,0.9,-0.8735577675938219,0.9039250068523186,,,,0,3,Bot,,,,,,,-6.405224447668036,-130.38005550111424,-10.16451018604443,-2.3233302446280044,28.719735401247146,-19.836906586081263,3.2,1.53,,,,90.3,2447,6.8,813052,666163,518692,669242,500743,605141,571771,681624,606192,53.7,,,,,,,,19,3,Slider,0,0,0,0,0,0,0,0,Standard,Standard,164,-0.008,-0.072,70.5,8.1,,0.072,,0,0,0.567,0.567,32,27,33,28,1,0,6,2,7,2,1.95,-0.33,-0.33,55.0,16.424055715965963,-5.253888327904922,41.73146793163612,47.75292593314227,34.07215267957184
FF,2025-10-06,102,-1.73,5.27,"Swanson, Dansby",621020,694819,,foul,,,,,13,Foul,D,R,R,MIL,CHC,S,,,1,2,2025,-0.77,1.36,-1.0283012142830543,2.4638256536171896,,,,1,4,Top,,,,,,,3.9264532209416343,-148.318034127725,-5.944473198301558,-12.370073026557362,40.790295502050895,-10.973199259310979,3.58,1.68,5,58.9,-25,103.5,2635,7.5,813048,661388,683734,668930,702332,687401,694192,663368,686217,53.01,,,,,,,,31,4,4-Seam Fastball,4,3,3,4,3,4,3,4,Strategic,Standard,222,0,0,69.6,7.0,,0,88.0,1,-1,0.658,0.34199999999999997,23,31,23,31,1,1,9,2,5,2,0.86,0.77,0.77,31.3,9.989708852447533,-2.415565496814017,38.86356547300889,22.57372619323564,30.149104904710168
SI,2025-10-06,94.5,-1.77,5.41,"Chourio, Jackson",694192,607067,single,hit_into_play,,,,,13,"Jackson Chourio singles on a ground ball to shortstop Dansby Swanson. Joey Ortiz to 3rd. Jackson Chourio to 2nd. Joey Ortiz advances to 3rd, on a throwing error by shortstop Dansby Swanson.",D,R,R,MIL,CHC,X,6,ground_ball,0,0,2025,-1.05,0.71,-1.04402995804364,2.2645056798129923,,,687401,2,6,Bot,110.1,153.06,,,,,4.255988113895786,-137.49506201449546,-4.120108979529278,-14.296257376515001,30.519668624016624,-22.429565786727938,3.41,1.61,55,98.7,1,94.9,2036,6.5,813048,608348,683737,663538,807713,621020,664023,691718,673548,53.97,0.446,0.412,0.9,1,1,0,4,54,1,Sinker,7,3,7,3,3,7,7,3,Standard,Standard,209,0.006,0.346,77.2,7.4,0.493,-0.346,98.7,4,4,0.946,0.946,34,21,35,21,1,3,5,2,5,2,1.84,1.05,1.05,31.7,3.7767895942348293,-5.004117611810087,29.14421304758624,28.13278138106676,31.731257194471528
ST,2025-10-06,85.5,2.69,5.54,"Hernández, Enrique",571771,666200,,called_strike,,,,,6,Called Strike,D,R,L,PHI,LAD,S,,,1,1,2025,-0.88,-0.31,0.5604922970915682,2.340962832940771,,,,0,2,Top,,,,,,,-3.2240373083310065,-124.32640119209316,-0.50359368129544,-8.17158724016092,29.932214472955984,-35.46999683216246,3.34313953668038,1.63874228829063,,,,84.1,2321,5.9,813052,592663,547180,624641,664761,607208,805249,669016,592206,54.64,,,,,,,,10,3,Sweeper,0,0,0,0,0,0,0,0,Standard,Standard,319,0.006,-0.061,,,,0.061,,0,0,0.501,0.499,27,33,28,34,1,0,12,2,3,2,3.48,-0.88,0.88,32.4,,,,,
SL,2025-10-06,84.1,0.59,6.32,"Crow-Armstrong, Pete",691718,676879,field_out,hit_into_play,,,,,4,Pete Crow-Armstrong pops out to third baseman Caleb Durbin.,D,L,L,MIL,CHC,X,5,popup,0,1,2025,-0.72,-0.37,-0.3803131532327318,2.428597998505122,,,,0,2,Top,113.13,182.68,,,,,-0.8204562760459284,-122.57192898363925,-1.9069712696308736,-7.033802922508362,24.716885044836616,-35.70873474002581,3.13,1.48,68,81,74,82.7,2572,5.3,813048,661388,683734,668930,702332,687401,694192,663368,686217,55.17,0.005,0.006,0,1,0,0,3,13,2,Slider,3,3,3,3,3,3,3,3,Standard,Standard,327,0.02,-0.22,64.8,6.6,0.006,0.22,88.0,0,0,0.503,0.497,27,23,27,23,1,0,2,2,3,2,3.59,-0.72,-0.72,46.7,14.498503604207274,-4.205543634177942,29.571358807592233,36.139959426451355,40.179967243407916
SL,2025-10-06,87.5,-1.76,5.4,"Ortiz, Joey",687401,607067,single,hit_into_play,,,,,8,Joey Ortiz singles on a soft ground ball to pitcher Colin Rea.,D,R,R,MIL,CHC,X,1,ground_ball,3,2,2025,0.21,-0.09,0.1033495668700196,1.8885396445545473,,,,2,6,Bot,115.78,192.5,,,,,4.09695277806576,-127.35072693873096,-2.1104533347363255,1.3313022855335244,28.47730661989803,-32.888591948351056,3.35,1.53,1,57.8,-55,87.7,2233,6.6,813048,608348,683737,663538,807713,621020,664023,691718,673548,53.92,0.303,0.278,0.9,1,1,0,1,53,7,Slider,7,3,7,3,3,7,7,3,Standard,Standard,112,0.003,0.258,71.6,7.7,0.306,-0.258,88.0,4,4,0.943,0.943,34,26,35,27,1,2,5,2,5,2,3.09,-0.21,-0.21,32.3,-1.0063439468055677,1.006666623203199,27.798294852405636,40.834280976812074,26.210607275265446
FF,2025-10-06,90.8,1.72,5.34,"Perkins, Blake",663368,684007,,ball,,,,,12,Ball,D,R,L,MIL,CHC,B,,,0,1,2025,0.92,1.55,1.0276921812845647,3.0166066475309785,,,,1,2,Bot,,,,,,,-3.688382675984361,-132.05827470292,-3.1430739709997066,11.504237300261314,31.876278807921942,-13.638619497993346,3.52000047618504,1.66999956334064,,,,90.1,2404,6.2,813048,608348,457759,663538,807713,621020,664023,691718,673548,54.29,,,,,,,,19,2,4-Seam Fastball,3,3,3,3,3,3,3,3,Standard,Standard,141,0.002,0.029,,,,-0.029,,0,0,0.525,0.525,31,28,32,29,1,0,5,2,,2,1.24,0.92,-0.92,36.3,,,,,
FF,2025-10-06,96.3,1.98,6.7,"Marsh, Brandon",669016,605483,,ball,,,,,11,Ball,D,L,L,PHI,LAD,B,,,1,0,2025,0.36,1.51,-1.2448406693433212,2.5357130649363695,,,,0,3,Bot,,,,,,,-9.424266233548547,-139.63956448757042,-8.903990017925953,6.897621738081108,33.62302996321437,-10.450840174757651,3.2000070101394,1.53004511586431,,,,96.6,2591,6.8,813052,666163,518692,669242,500743,605141,571771,681624,606192,53.72,,,,,,,,19,2,4-Seam Fastball,0,0,0,0,0,0,0,0,Standard,Standard,159,0.008,0.077,,,,-0.077,,0,0,0.559,0.559,32,27,33,28,1,0,6,2,7,2,0.98,0.36,0.36,56.4,,,,,
CH,2025-10-06,87.7,-1.09,5.47,"Harper, Bryce",547180,686218,field_out,hit_into_play,,,,,5,Bryce Harper flies out to center fielder Justin Dean.,D,L,R,PHI,LAD,X,8,fly_ball,1,2,2025,-1.22,0.37,-0.12157588793994223,2.448201407035619,,,607208,2,8,Bot,115.38,85.37,,,,,4.904613852167979,-127.65721074306542,-1.9669335315576988,-14.395096583636164,25.85946772288433,-27.96685817921167,3.19,1.64,284,96.5,51,88.4,1388,6.7,813052,669257,518692,669242,571970,605141,571771,681909,681624,53.84,0.008,0.01,0,1,0,0,3,63,5,Changeup,1,4,1,4,4,1,1,4,Strategic,Standard,254,-0.015,-0.182,76.8,7.5,0.016,0.182,96.5,-3,-3,0.049,0.049,25,32,26,33,1,3,5,2,3,2,2.59,1.22,-1.22,33.8,11.314608726129142,-9.579698061966567,33.163962676203425,38.78058095333398,39.406247070072205
FF,2025-10-06,103.4,-1.72,5.15,"Swanson, Dansby",621020,694819,,ball,,,,,14,Ball,D,R,R,MIL,CHC,B,,,0,2,2025,-0.76,1.42,0.9936916071474416,2.047516933416559,,,,1,4,Top,,,,,,,9.779486425178714,-150.01051864180278,-7.166458449863883,-13.97306883154533,41.22388014789433,-9.14317215483145,3.58401400019288,1.68392598533627,,,,104.8,2720,7.5,813048,661388,683734,668930,702332,687401,694192,663368,686217,52.97,,,,,,,,31,3,4-Seam Fastball,4,3,3,4,3,4,3,4,Strategic,Standard,217,-0.002,0.017,,,,-0.017,,1,-1,0.66,0.33999999999999997,23,31,23,31,1,1,9,2,5,2,0.75,0.76,0.76,34.8,,,,,
FF,2025-10-06,95.9,2.4,5.81,"Hernández, Enrique",571771,666200,,ball,,,,,12,Ball,D,R,L,PHI,LAD,B,,,0,1,2025,1.13,1.24,0.8627073164628962,3.4716436256262595,,,,0,2,Top,,,,,,,-6.569374833012124,-139.34609919049996,-3.2677224059604955,16.258362206043632,35.92227473469613,-15.60194677404457,3.36775726785081,1.63770856383948,,,,94.5,2244,5.9,813052,592663,547180,624641,664761,607208,805249,669016,592206,54.62,,,,,,,,10,2,4-Seam Fastball,0,0,0,0,0,0,0,0,Standard,Standard,123,-0.002,0.031,,,,-0.031,,0,0,0.503,0.497,27,33,28,34,1,0,12,2,3,2,1.28,1.13,-1.13,30.0,,,,,
FF,2025-10-06,101.7,-1.79,5.09,"Swanson, Dansby",621020,694819,,called_strike,,,,,9,Called Strike,D,R,R,MIL,CHC,S,,,0,1,2025,-0.74,1.43,0.5633309663774985,2.3009209681545877,,,,1,4,Top,,,,,,,8.564244863665877,-147.71677562953164,-6.003769821749563,-12.994175480621058,40.113355794874686,-10.075555167851904,3.57916679471846,1.73713133035916,,,,103.4,2673,7.6,813048,661388,683734,668930,702332,687401,694192,663368,686217,52.87,,,,,,,,31,2,4-Seam Fastball,4,3,3,4,3,4,3,4,Strategic,Standard,220,0.005,-0.052,,,,0.052,,1,-1,0.655,0.345,23,31,23,31,1,1,9,2,5,2,0.81,0.74,0.74,27.2,,,,,
SL,2025-10-06,84.5,0.53,6.33,"Crow-Armstrong, Pete",691718,676879,,called_strike,,,,,4,Called Strike,D,L,L,MIL,CHC,S,,,0,0,2025,-0.64,-0.61,-0.8236329244290258,2.4470075559445164,,,,0,2,Top,,,,,,,-1.8485563844039605,-123.0908461222162,-1.452720765012732,-6.113989566926713,26.140608331947682,-38.23372306783617,3.07323151676624,1.48007789050947,,,,83,2648,5.4,813048,661388,683734,668930,702332,687401,694192,663368,686217,55.12,,,,,,,,13,1,Slider,3,3,3,3,3,3,3,3,Standard,Standard,332,0.003,-0.039,,,,0.039,,0,0,0.5,0.5,27,23,27,23,1,0,2,2,3,2,3.81,-0.64,-0.64,49.6,,,,,
FF,2025-10-06,90.7,1.75,5.32,"Perkins, Blake",663368,684007,,called_strike,,,,,2,Called Strike,D,R,L,MIL,CHC,S,,,0,0,2025,0.94,1.6,0.2411290886452211,3.222880521868583,,,,1,2,Bot,,,,,,,-5.753051747749371,-131.778358356414,-2.639388502818763,12.239936276875657,32.51700428644355,-13.295518811338226,3.4648523298267,1.67532534301127,,,,89.8,2457,6.2,813048,608348,457759,663538,807713,621020,664023,691718,673548,54.34,,,,,,,,19,1,4-Seam Fastball,3,3,3,3,3,3,3,3,Standard,Standard,140,-0.003,-0.039,,,,0.039,,0,0,0.528,0.528,31,28,32,29,1,0,5,2,,2,1.21,0.94,-0.94,35.7,,,,,
CU,2025-10-06,80.3,1.92,6.76,"Marsh, Brandon",669016,605483,,ball,,,,,13,Ball,D,L,L,PHI,LAD,B,,,0,0,2025,-0.96,-0.35,-0.841409895438997,2.111002365744206,,,,0,3,Bot,,,,,,,-4.329390492777661,-116.84993673001489,-2.9051327252328782,-7.873268159590725,23.37392955751422,-34.98195518049484,3.1475486563868,1.47753114757577,,,,80.5,2678,6.6,813052,666163,518692,669242,500743,605141,571771,681624,606192,53.91,,,,,,,,19,1,Curveball,0,0,0,0,0,0,0,0,Standard,Standard,325,0.004,0.041,,,,-0.041,,0,0,0.555,0.555,32,27,33,28,1,0,6,2,7,2,3.9,-0.96,-0.96,57.2,,,,,
KC,2025-10-06,88.3,-2.36,6.1,"Ohtani, Shohei",660271,661395,strikeout,swinging_strike,,,,,14,Shohei Ohtani strikes out swinging.,D,L,R,PHI,LAD,S,2,,2,2,2025,0.64,-1.13,1.138280506484108,1.0906867930202688,,571970,669257,2,9,Top,,,,,,,7.153491775515776,-128.40160075554525,-3.696162485006875,5.483109475278408,28.65212986611048,-43.97876451690542,3.56,1.66,,,,87.7,2787,6.1,813052,592663,547180,681082,664761,607208,596146,669016,592206,54.4,,0,0,1,0,0,,68,6,Knuckle Curve,1,4,4,1,4,1,4,1,Standard,Standard,47,0.006,-0.203,33.9,6.6,,0.203,,-3,3,0.037,0.963,27,30,27,31,1,4,2,2,3,2,4.07,-0.64,0.64,31.3,0.23743747156509323,22.164292750716662,41.46364560324589,28.334063934823234,19.489590538737815
SL,2025-10-06,87,-1.78,5.41,"Ortiz, Joey",687401,607067,,foul,,,,,4,Foul,D,R,R,MIL,CHC,S,,,3,2,2025,0.06,-0.11,-0.8262433411664716,2.478771316504185,,,,2,6,Bot,,,,,,,2.173647716646344,-126.76266101863555,-0.6211715541354359,0.14924072775906053,26.936336748680684,-33.463932657865165,3.35,1.53,1,78.1,-73,87.4,2123,6.6,813048,608348,683737,663538,807713,621020,664023,691718,673548,53.93,,,,,,,,53,6,Slider,7,3,7,3,3,7,7,3,Standard,Standard,101,0,0,59.6,6.0,,0,88.0,4,4,0.943,0.943,34,26,35,27,1,2,5,2,5,2,3.12,-0.06,-0.06,31.0,-15.602111371530818,28.637581234142996,33.42688648929096,30.039177030712082,7.051365223935833
FF,2025-10-06,97.8,-0.83,5.63,"Harper, Bryce",547180,686218,,foul,,,,,11,Foul,D,L,R,PHI,LAD,S,,,1,2,2025,-0.73,1.67,-0.44373479878256317,3.358513862112349,,,607208,2,8,Bot,,,,,,,2.754806499816901,-142.2136723703923,-4.440035600142864,-10.540879720391466,37.52910479395174,-8.805570568665187,3.19,1.64,247,80.8,26,98.1,2554,6.8,813052,669257,518692,669242,571970,605141,571771,681909,681624,53.68,,,,,,,,63,4,4-Seam Fastball,1,4,1,4,4,1,1,4,Strategic,Standard,207,0,0,71.4,6.3,,0,88.0,-3,-3,0.049,0.049,25,32,26,33,1,3,5,2,3,2,0.74,0.73,-0.73,38.2,0.6064125770090805,20.822539205862693,31.770384252194503,42.463107868040254,15.958485232649606
SI,2025-10-06,98.9,0.22,6.43,"Kelly, Carson",608348,676879,field_out,hit_into_play,,,,,8,Carson Kelly lines out sharply to second baseman Brice Turang.,D,R,L,MIL,CHC,X,4,line_drive,2,2,2025,1.15,0.47,0.08635102747945678,2.0409662698743136,,,,2,1,Top,146.37,155.48,,,,,-3.0035326833829776,-143.95315431531824,-7.532781007502866,16.674635018136147,33.72592405366624,-24.080011590138657,3.38,1.67,176,106.7,7,97.5,2138,5.5,813048,661388,683734,668930,702332,687401,694192,663368,686217,55,0.686,0.654,0,1,0,0,4,6,5,Sinker,0,3,3,0,3,0,3,0,Strategic,Standard,146,0.006,-0.224,70.6,6.8,0.792,0.224,106.7,-3,3,0.261,0.739,27,30,27,31,1,0,2,2,3,2,1.86,1.15,-1.15,50.6,5.297598285670906,6.919841248568814,35.174506960165424,40.3801452925359,23.718120879068955
FF,2025-10-06,101.6,-1.66,5.16,"Swanson, Dansby",621020,694819,,called_strike,,,,,6,Called Strike,D,R,R,MIL,CHC,S,,,0,0,2025,-0.84,1.35,0.4529425027498635,2.96937055545066,,,,1,4,Top,,,,,,,8.07833307373058,-147.5582185897394,-4.087211868705673,-14.30584265847123,39.63625401187836,-11.714898390816007,3.6384360343707,1.73854008715777,,,,102.9,2601,7.4,813048,661388,683734,668930,702332,687401,694192,663368,686217,53.09,,,,,,,,31,1,4-Seam Fastball,4,3,3,4,3,4,3,4,Strategic,Standard,224,0.003,-0.039,,,,0.039,,1,-1,0.652,0.348,23,31,23,31,1,1,9,2,5,2,0.89,0.84,0.84,31.8,,,,,
SI,2025-10-06,95.2,2.57,5.73,"Hernández, Enrique",571771,666200,,called_strike,,,,,3,Called Strike,D,R,L,PHI,LAD,S,,,0,0,2025,1.33,0.73,0.29533786418750796,2.962462436082055,,,,0,2,Top,,,,,,,-8.8633466380058,-138.32824868967887,-3.188801550763653,19.124556625425605,33.52231156949512,-22.24337970673375,3.42099202280061,1.66515423679554,,,,93.9,2275,5.8,813052,592663,547180,624641,664761,607208,805249,669016,592206,54.69,,,,,,,,10,1,Sinker,0,0,0,0,0,0,0,0,Standard,Standard,123,0.003,-0.039,,,,0.039,,0,0,0.5,0.5,27,33,28,34,1,0,12,2,3,2,1.81,1.33,-1.33,30.1,,,,,
KC,2025-10-06,88.3,-2.32,6.21,"Ohtani, Shohei",660271,661395,,ball,,,,,11,Ball,D,L,R,PHI,LAD,B,,,1,2,2025,0.66,-1.15,-0.9463885953381506,3.945268408788373,,571970,669257,2,9,Top,,,,,,,1.9574748850144028,-128.54908307638996,2.962304504465574,6.863237070338402,27.566074241724923,-45.73883873853614,3.45542709755441,1.65999835971194,,,,87.7,2756,5.9,813052,592663,547180,681082,664761,607208,596146,669016,592206,54.56,,,,,,,,68,5,Knuckle Curve,1,4,4,1,4,1,4,1,Standard,Standard,41,-0.001,0.012,,,,-0.012,,-3,3,0.038,0.962,27,30,27,31,1,4,2,2,3,2,4.08,-0.66,0.66,35.4,,,,,
FF,2025-10-06,95.4,-1.71,5.38,"Ortiz, Joey",687401,607067,,called_strike,,,,,13,Called Strike,D,R,R,MIL,CHC,S,,,3,1,2025,-0.81,1.14,-0.9590019978003339,2.228722879634307,,,,2,6,Bot,,,,,,,3.8051807794698256,-138.72579430653127,-5.181357678854503,-11.317257978968481,34.14600808301492,-16.474536145476225,3.35676608920027,1.49415167386721,,,,95.2,2185,6.5,813048,608348,683737,663538,807713,621020,664023,691718,673548,54.03,,,,,,,,53,5,4-Seam Fastball,7,3,7,3,3,7,7,3,Standard,Standard,218,-0.001,-0.086,,,,0.086,,4,4,0.944,0.944,34,26,35,27,1,2,5,2,5,2,1.39,0.81,0.81,27.3,,,,,
CU,2025-10-06,82.4,1.87,6.69,"Sosa, Edmundo",624641,605483,strikeout,foul_tip,,,,,8,Edmundo Sosa strikes out on a foul tip.,D,R,L,PHI,LAD,S,2,,1,2,2025,-0.94,-0.69,-0.047593117601746115,2.0361081859622487,,,,2,2,Bot,,,,,,,-2.5333827028537086,-119.94760461920713,-2.642044121251018,-8.448484660327441,26.742631865205045,-38.38042535472173,3.3,1.55,,,,82.4,2655,6.6,813052,666163,518692,669242,500743,605141,571771,681624,606192,53.86,,0,0,1,0,0,,15,4,Curveball,0,0,0,0,0,0,0,0,Standard,Standard,328,-0.008,-0.182,74.6,8.6,,0.182,,0,0,0.508,0.508,32,29,33,29,1,0,6,2,7,,4.08,-0.94,0.94,61.3,22.7752201556892,-11.818961281213094,38.04418361353601,36.08444091429425,34.850545082272504
FF,2025-10-06,91,1.78,5.3,"Durbin, Caleb",702332,684007,field_out,hit_into_play,,,,,2,Caleb Durbin flies out to right fielder Seiya Suzuki.,D,R,L,MIL,CHC,X,9,fly_ball,1,2,2025,0.85,1.56,0.09141938330980637,2.7458280456035196,,,,0,2,Bot,166.54,92.7,,,,,-6.0478784235516265,-132.27523142300174,-3.7755432144335495,11.339592007839368,31.737913073556488,-13.328896028171393,3.25,1.46,284,81.2,38,90.3,2420,6.2,813048,608348,457759,663538,807713,621020,664023,691718,673548,54.32,0.03,0.036,0,1,0,0,3,18,4,4-Seam Fastball,3,3,3,3,3,3,3,3,Standard,Standard,143,-0.016,-0.189,66.1,6.0,0.058,0.189,88.0,0,0,0.544,0.544,31,25,32,25,1,0,5,2,,2,1.23,0.85,-0.85,35.9,-0.712146012284976,7.094084958783692,29.229921843319136,35.783772952510766,22.667049537646513
CH,2025-10-06,88.1,-1.06,5.44,"Harper, Bryce",547180,686218,,ball,,,,,13,Ball,D,L,R,PHI,LAD,B,,,0,2,2025,-1.38,0.42,-1.5439671881807104,2.1272726385563527,,,607208,2,8,Bot,,,,,,,1.6987019856238592,-128.27301536907243,-2.8174644152835246,-15.531709855493872,28.16741637515676,-27.125755687236477,3.03461013784607,1.58818724501006,,,,88.4,1391,6.6,813052,669257,518692,669242,571970,605141,571771,681909,681624,53.93,,,,,,,,63,3,Changeup,1,4,1,4,4,1,1,4,Strategic,Standard,253,0.002,0.009,,,,-0.009,,-3,-3,0.047,0.047,25,32,26,33,1,3,5,2,3,2,2.52,1.38,-1.38,32.5,,,,,
ST,2025-10-06,86.9,2.73,5.5,"Edman, Tommy",669242,666200,field_out,hit_into_play,,,,,8,"Tommy Edman grounds out, second baseman Edmundo Sosa to first baseman Bryce Harper.",D,R,L,PHI,LAD,X,4,ground_ball,1,1,2025,-0.44,-0.41,0.031312591827473646,1.847800951699869,605141,,606192,2,1,Top,147.7,153.41,,,,,-5.550222976010886,-126.45629813314964,-1.6718263409182437,-3.409808327068037,28.096009698393196,-36.402201986339364,3.39,1.55,9,90,-11,86.1,2464,6,813052,592663,547180,624641,664761,607208,805249,669016,592206,54.5,0.148,0.139,0,1,0,0,2,5,3,Sweeper,0,0,0,0,0,0,0,0,Standard,Standard,332,0.046,-0.249,70.9,6.6,0.172,0.249,90.0,0,0,0.502,0.498,27,30,28,30,1,0,12,2,3,2,3.45,-0.44,0.44,26.8,-9.32666645700862,26.092876339311903,29.67246055685671,38.7404063475901,17.129473949980493
FF,2025-10-06,100.4,-2.27,6.12,"Ohtani, Shohei",660271,661395,,foul,,,,,2,Foul,D,L,R,PHI,LAD,S,,,1,2,2025,-1.09,0.93,-0.15628060744844108,3.4305670144530502,,571970,669257,2,9,Top,,,,,,,8.371899728244315,-145.90920949111188,-4.267738121535392,-17.487499647079968,34.094450794609756,-18.08091466221823,3.56,1.66,272,82.6,31,99.8,2082,6,813052,592663,547180,681082,664761,607208,596146,669016,592206,54.49,,,,,,,,68,4,4-Seam Fastball,1,4,4,1,4,1,4,1,Standard,Standard,241,0,0,68.9,6.3,,0,88.0,-3,3,0.038,0.962,27,30,27,31,1,4,2,2,3,2,1.34,1.09,-1.09,30.8,-9.347200519538402,30.124533670844176,31.272418108294495,42.99368116158401,4.932532697971364
FF,2025-10-06,90.8,1.76,5.31,"Durbin, Caleb",702332,684007,,swinging_strike,,,,,12,Swinging Strike,D,R,L,MIL,CHC,S,,,1,1,2025,1.03,1.5,0.4062047190832283,3.533929128305009,,,,0,2,Bot,,,,,,,-5.588767894520203,-132.07511316926417,-1.6910308848364628,13.322049475606219,31.333357808990847,-14.549631564584194,3.25,1.46,,,,90.1,2468,6.2,813048,608348,457759,663538,807713,621020,664023,691718,673548,54.35,,,,,,,,18,3,4-Seam Fastball,3,3,3,3,3,3,3,3,Standard,Standard,138,-0.006,-0.061,67.3,6.0,,0.061,,0,0,0.55,0.55,31,25,32,25,1,0,5,2,,2,1.29,1.03,-1.03,35.1,5.168705439389639,17.426309466152464,18.416162516311154,40.22533200172019,20.517766697765566
CU,2025-10-06,83.2,1.87,6.68,"Sosa, Edmundo",624641,605483,,ball,,,,,13,Ball,D,R,L,PHI,LAD,B,,,0,2,2025,-1.53,-0.58,-0.9335807965844123,0.4607262800978207,,,,2,2,Bot,,,,,,,-3.434966816135689,-120.89539291515986,-6.577151260547853,-14.05736956378707,27.016950180034694,-36.598365110345604,3.17013751383681,1.49762434797878,,,,83.1,2752,6.7,813052,666163,518692,669242,500743,605141,571771,681624,606192,53.84,,,,,,,,15,3,Curveball,0,0,0,0,0,0,0,0,Standard,Standard,326,0.001,0.022,,,,-0.022,,0,0,0.507,0.507,32,29,33,29,1,0,6,2,7,,3.93,-1.53,1.53,58.8,,,,,
CU,2025-10-06,84.3,0.32,6.36,"Kelly, Carson",608348,676879,,ball,,,,,13,Ball,D,R,L,MIL,CHC,B,,,1,2,2025,-0.38,-1.37,-0.32357329898219667,0.8781035964111443,,,,2,1,Top,,,,,,,-0.7238826510538261,-122.66093828964543,-3.501506198463413,-3.606842180654781,28.160433218202396,-45.270670864164934,3.32568009231642,1.55678123415436,,,,82.6,2788,5.5,813048,661388,683734,668930,702332,687401,694192,663368,686217,54.99,,,,,,,,6,4,Curveball,0,3,3,0,3,0,3,0,Strategic,Standard,339,-0.001,0.042,,,,-0.042,,-3,3,0.262,0.738,27,30,27,31,1,0,2,2,3,2,4.62,-0.38,0.38,52.7,,,,,
SI,2025-10-06,94,-1.59,5.43,"Ortiz, Joey",687401,607067,,ball,,,,,14,Ball,D,R,R,MIL,CHC,B,,,2,1,2025,-1.16,0.58,1.231819334241847,1.1464642401831355,,,,2,6,Bot,,,,,,,9.918534308183254,-136.36658547058684,-6.604181413210418,-16.815489728631785,33.24218720019941,-23.544686025125195,3.40408216558415,1.52753359707615,,,,93.9,2159,6.6,813048,608348,683737,663538,807713,621020,664023,691718,673548,53.88,,,,,,,,53,4,Sinker,7,3,7,3,3,7,7,3,Standard,Standard,217,0.001,0.117,,,,-0.117,,4,4,0.943,0.943,34,26,35,27,1,2,5,2,5,2,2.04,1.16,1.16,31.5,,,,,
CH,2025-10-06,87.5,-1.14,5.49,"Harper, Bryce",547180,686218,,foul,,,,,7,Foul,D,L,R,PHI,LAD,S,,,0,1,2025,-1.2,0.15,-0.6356353623034698,1.8533987403773349,,,607208,2,8,Bot,,,,,,,3.7335282991073275,-127.4211865370773,-2.951257278187169,-13.879203732559976,27.147469295473744,-30.10250263602199,3.19,1.64,2,61.9,-37,88,1236,6.6,813052,669257,518692,669242,571970,605141,571771,681909,681624,53.85,,,,,,,,63,2,Changeup,1,4,1,4,4,1,1,4,Standard,Standard,254,-0.006,-0.055,73.7,7.7,,0.055,88.0,-3,-3,0.053,0.053,25,32,26,33,1,3,5,2,3,2,2.83,1.2,-1.2,31.8,14.821298354141172,0.2580668254075116,29.775078462772193,44.28759680363243,33.03185663260027
FF,2025-10-06,101.7,-1.88,5.07,"Crow-Armstrong, Pete",691718,694819,strikeout,swinging_strike,,,,,11,Pete Crow-Armstrong strikes out swinging.,D,L,R,MIL,CHC,S,2,,1,2,2025,-0.81,1.3,-0.4268577090181944,3.6253651125356554,,,,0,4,Top,,,,,,,6.165657488300609,-147.92730761085699,-1.8473380589190285,-13.521604764972118,41.232837978032514,-13.03534390327312,3.13,1.48,,,,103.1,2646,7.4,813048,661388,683734,668930,702332,687401,694192,663368,686217,53.07,,0,0,1,0,0,,30,4,4-Seam Fastball,4,3,3,4,3,4,3,4,Strategic,Standard,225,0.02,-0.189,69.7,5.7,,0.189,,1,-1,0.632,0.368,23,23,23,23,1,1,9,2,5,2,0.94,0.81,-0.81,28.9,9.71100783252056,13.83073588862115,25.357787159393897,37.472379185491036,24.510074818223906
FF,2025-10-06,101.8,-2.1,6.19,"Ohtani, Shohei",660271,661395,,foul,,,,,3,Foul,D,L,R,PHI,LAD,S,,,1,1,2025,-1.03,1.12,0.3602402580630151,3.3841151859630316,,571970,669257,2,9,Top,,,,,,,9.332756200404564,-147.82011610206024,-5.20280027491499,-17.430221960354704,38.85695358339919,-14.691045674397976,3.56,1.66,,,,101,2159,6.2,813052,592663,547180,681082,664761,607208,596146,669016,592206,54.31,,,,,,,,68,3,4-Seam Fastball,1,4,4,1,4,1,4,1,Standard,Standard,233,0.002,-0.063,78.0,7.0,,0.063,,-3,3,0.036,0.964,27,30,27,31,1,4,2,2,3,2,1.11,1.03,-1.03,43.1,9.53259757589233,14.141189395686705,33.03444043223781,37.55983418568245,15.374494509413836
FF,2025-10-06,96.9,2.38,5.69,"Edman, Tommy",669242,666200,,swinging_strike,,,,,4,Swinging Strike,D,R,L,PHI,LAD,S,,,1,0,2025,1.25,1.21,-0.38773184376377867,2.42592307986139,605141,,606192,2,1,Top,,,,,,,-10.179070891918915,-140.6553364208778,-5.848734119679546,18.994486774548115,34.23919776581182,-14.957021076022057,3.39,1.55,,,,96,2437,6.1,813052,592663,547180,624641,664761,607208,805249,669016,592206,54.45,,,,,,,,5,2,4-Seam Fastball,0,0,0,0,0,0,0,0,Standard,Standard,125,0.005,-0.037,75.8,7.1,,0.037,,0,0,0.497,0.503,27,30,28,30,1,0,12,2,3,2,1.25,1.25,-1.25,29.2,6.314372567998294,7.113639627029958,33.37492363466946,34.71217277628755,18.658442486150427
SL,2025-10-06,87.5,-1.57,5.39,"Ortiz, Joey",687401,607067,,ball,,,,,14,Ball,D,R,R,MIL,CHC,B,,,1,1,2025,0.26,0.05,1.2770422443137812,1.2746914690673012,,,,2,6,Bot,,,,,,,6.3760756503473,-127.27170888968047,-3.8833327152786485,1.4347289094227413,26.796567184730833,-30.990342152342272,3.29359936120655,1.529999523034,,,,87.8,2153,6.6,813048,608348,683737,663538,807713,621020,664023,691718,673548,53.94,,,,,,,,53,3,Slider,7,3,7,3,3,7,7,3,Standard,Standard,87,0,0.053,,,,-0.053,,4,4,0.943,0.943,34,26,35,27,1,2,5,2,5,2,2.93,-0.26,-0.26,33.1,,,,,
CU,2025-10-06,83.8,0.49,6.33,"Kelly, Carson",608348,676879,,called_strike,,,,,5,Called Strike,D,R,L,MIL,CHC,S,,,1,1,2025,-0.63,-1.38,-0.04894274374507357,2.349252997106201,,,,2,1,Top,,,,,,,0.00716142286731411,-121.96468165105175,-0.0072534255052949526,-6.267043905436796,27.42353935911358,-46.01908159216698,3.32445973652324,1.67321409620364,,,,81.9,2769,5.3,813048,661388,683734,668930,702332,687401,694192,663368,686217,55.16,,,,,,,,6,3,Curveball,0,3,3,0,3,0,3,0,Strategic,Standard,335,0.002,-0.062,,,,0.062,,-3,3,0.26,0.74,27,30,27,31,1,0,2,2,3,2,4.66,-0.63,0.63,51.5,,,,,
SL,2025-10-06,89.4,1.87,6.67,"Sosa, Edmundo",624641,605483,,foul_tip,,,,,7,Foul Tip,D,R,L,PHI,LAD,S,,,0,1,2025,-0.29,0.78,-0.605185893860842,1.4405196128905922,,,,2,2,Bot,,,,,,,-5.509190701854156,-129.96221600268845,-8.548625344614821,-2.1279597155885788,27.63094843966446,-21.721312572592836,3.3,1.55,,,,89.9,2424,6.7,813052,666163,518692,669242,500743,605141,571771,681624,606192,53.83,,,,,,,,15,2,Slider,0,0,0,0,0,0,0,0,Standard,Standard,162,-0.002,-0.057,79.4,8.9,,0.057,,0,0,0.509,0.509,32,29,33,29,1,0,6,2,7,,2.08,-0.29,0.29,61.4,19.42608818202345,-16.238432458536547,40.440005318529344,30.238767966747538,34.44164160822534
FS,2025-10-06,83.3,1.86,5.29,"Durbin, Caleb",702332,684007,,ball,,,,,14,Ball,D,R,L,MIL,CHC,B,,,0,1,2025,1.24,0.47,0.03901679640487932,0.4744298046681581,,,,0,2,Bot,,,,,,,-6.5999262946263855,-121.0094785665963,-5.460460737481399,13.533866151532719,25.351077990335472,-26.612075431042012,3.2498992316371,1.40157685713616,,,,82.7,1411,6.1,813048,608348,457759,663538,807713,621020,664023,691718,673548,54.36,,,,,,,,18,2,Split-Finger,3,3,3,3,3,3,3,3,Standard,Standard,118,0.002,0.031,,,,-0.031,,0,0,0.548,0.548,31,25,32,25,1,0,5,2,,2,2.84,1.24,-1.24,33.6,,,,,
FF,2025-10-06,101.4,-1.95,5.13,"Crow-Armstrong, Pete",691718,694819,,ball,,,,,11,Ball,D,L,R,MIL,CHC,B,,,0,2,2025,-0.91,1.23,-0.9150754186251054,4.0058545521222575,,,,0,4,Top,,,,,,,5.194846163734675,-147.46047958708283,-0.6848169191797138,-14.584317068033334,41.417040099287945,-14.576474025953548,3.01311500934737,1.47999995260436,,,,102.8,2623,7.5,813048,661388,683734,668930,702332,687401,694192,663368,686217,53.02,,,,,,,,30,3,4-Seam Fastball,4,3,3,4,3,4,3,4,Standard,Standard,226,-0.003,0.024,,,,-0.024,,1,-1,0.635,0.365,23,23,23,23,1,1,9,2,5,2,1.03,0.91,-0.91,26.8,,,,,
FF,2025-10-06,97,-0.92,5.59,"Harper, Bryce",547180,686218,,swinging_strike,,,,,2,Swinging Strike,D,L,R,PHI,LAD,S,,,0,0,2025,-0.86,1.55,-0.26766270552626004,2.7968503521302126,,,607208,2,8,Bot,,,,,,,3.7587848871064855,-141.12917642236408,-5.450786370143265,-12.4149074020248,36.200375960972444,-10.427944983219119,3.19,1.64,,,,97.2,2610,6.7,813052,669257,518692,669242,571970,605141,571771,681909,681624,53.81,,,,,,,,63,1,4-Seam Fastball,1,4,1,4,4,1,1,4,Standard,Standard,208,-0.003,-0.042,77.6,7.1,,0.042,,-3,-3,0.056,0.056,25,32,26,33,1,3,5,2,3,2,0.89,0.86,-0.86,35.7,3.827001649773833,21.29154263106784,34.042971356504346,42.28590275453571,18.827895322603226
FF,2025-10-06,98.3,2.19,5.76,"Edman, Tommy",669242,666200,,ball,,,,,13,Ball,D,R,L,PHI,LAD,B,,,0,0,2025,1.23,1.16,-1.5049577945824195,1.860263566230694,605141,,606192,2,1,Top,,,,,,,-12.762862322819318,-142.33697294526414,-7.656691809167375,19.784891480284777,34.17882364648974,-14.71673082756877,3.48639138455778,1.64637419812627,,,,97.3,2477,6.1,813052,592663,547180,624641,664761,607208,805249,669016,592206,54.41,,,,,,,,5,1,4-Seam Fastball,0,0,0,0,0,0,0,0,Standard,Standard,127,-0.003,0.009,,,,-0.009,,0,0,0.5,0.5,27,30,28,30,1,0,12,2,3,2,1.23,1.23,-1.23,33.7,,,,,
SI,2025-10-06,94.7,-1.63,5.44,"Ortiz, Joey",687401,607067,,called_strike,,,,,8,Called Strike,D,R,R,MIL,CHC,S,,,1,0,2025,-1.54,0.59,0.05133690812060565,1.6158627609816287,,,,2,6,Bot,,,,,,,7.862495579986853,-137.48622737720044,-5.544526576842066,-21.301801190945994,35.67583884541767,-23.566158511769544,3.34988287494825,1.52991642107869,,,,94.4,2131,6.7,813048,608348,683737,663538,807713,621020,664023,691718,673548,53.84,,,,,,,,53,2,Sinker,7,3,7,3,3,7,7,3,Standard,Standard,216,0,-0.054,,,,0.054,,4,4,0.943,0.943,34,26,35,27,1,2,5,2,5,2,2,1.54,1.54,34.2,,,,,
SI,2025-10-06,98.8,0.2,6.41,"Kelly, Carson",608348,676879,,ball,,,,,1,Ball,D,R,L,MIL,CHC,B,,,0,1,2025,1.35,0.5,-0.6998574775260682,3.08378156428783,,,,2,1,Top,,,,,,,-5.5014758534186665,-143.70656603743305,-4.72797429738821,19.93451054794115,34.32931527638126,-24.32163341592979,3.40063522709351,1.58042517837154,,,,97.5,2156,5.6,813048,661388,683734,668930,702332,687401,694192,663368,686217,54.86,,,,,,,,6,2,Sinker,0,3,3,0,3,0,3,0,Strategic,Standard,146,-0.001,0.027,,,,-0.027,,-3,3,0.261,0.739,27,30,27,31,1,0,2,2,3,2,1.84,1.35,-1.35,57.2,,,,,
FF,2025-10-06,97.6,-0.85,5.6,"Schwarber, Kyle",656941,686218,strikeout,foul_tip,,,,,9,Kyle Schwarber strikes out on a foul tip.,D,L,R,PHI,LAD,S,2,,2,2,2025,-1.05,1.64,0.5834186947282907,2.056091398626008,,,607208,1,8,Bot,,,,,,,6.317740036081542,-141.6834601602921,-7.731774138836971,-15.59421697699292,38.56510712278329,-8.554692420333268,3.28,1.51,,,,97.4,2652,6.8,813052,669257,518692,669242,571970,605141,571771,681909,681624,53.74,,0,0,1,0,0,,62,5,4-Seam Fastball,1,4,1,4,4,1,1,4,Infield shade,Standard,207,-0.031,-0.222,84.7,8.0,,0.222,,-3,-3,0.087,0.087,25,32,26,32,1,3,5,2,3,2,0.81,1.05,-1.05,38.5,12.393155097074052,-19.903410671899387,35.73937377149131,25.99284581622872,32.33200248584208
SI,2025-10-06,98.7,-2.29,6.23,"Ohtani, Shohei",660271,661395,,swinging_strike,,,,,5,Swinging Strike,D,L,R,PHI,LAD,S,,,1,0,2025,-1.12,0,-0.08519323880035357,2.8880939395181526,,571970,669257,2,9,Top,,,,,,,8.557929605664693,-143.48350971115238,-3.6319781655685053,-17.451421344721364,33.28320509910045,-31.568827203782607,3.56,1.66,,,,98.2,1793,6.1,813052,592663,547180,681082,664761,607208,596146,669016,592206,54.42,,,,,,,,68,2,Sinker,1,4,4,1,4,1,4,1,Standard,Standard,235,0,-0.052,76.9,7.1,,0.052,,-3,3,0.036,0.964,27,30,27,31,1,4,2,2,3,2,2.35,1.12,-1.12,34.4,2.2594545196383793,25.91867997020544,34.68942244409407,42.14292897518794,11.523957645558289
FF,2025-10-06,89.9,1.77,5.38,"Durbin, Caleb",702332,684007,,called_strike,,,,,2,Called Strike,D,R,L,MIL,CHC,S,,,0,0,2025,1.27,1.46,0.024595330268372573,3.1639139644785637,,,,0,2,Bot,,,,,,,-7.0009264346365905,-130.57596713410905,-2.4875401734748084,16.070427694621056,31.60412306618522,-15.333991118294819,3.13084290775037,1.39899065075435,,,,88.9,2459,6.1,813048,608348,457759,663538,807713,621020,664023,691718,673548,54.36,,,,,,,,18,1,4-Seam Fastball,3,3,3,3,3,3,3,3,Standard,Standard,140,-0.003,-0.039,,,,0.039,,0,0,0.551,0.551,31,25,32,25,1,0,5,2,,2,1.41,1.27,-1.27,35.5,,,,,
FF,2025-10-06,96.7,1.9,6.71,"Sosa, Edmundo",624641,605483,,called_strike,,,,,1,Called Strike,D,R,L,PHI,LAD,S,,,0,0,2025,0.27,1.74,-0.5574268387277648,3.1430861314354956,,,,2,2,Bot,,,,,,,-7.22787944950372,-140.3557388779621,-7.917767887315436,5.38766835739714,34.70006116138441,-7.59631119939094,3.37758152730927,1.60195739588365,,,,97,2585,6.8,813052,666163,518692,669242,500743,605141,571771,681624,606192,53.67,,,,,,,,15,1,4-Seam Fastball,0,0,0,0,0,0,0,0,Standard,Standard,158,-0.002,-0.043,,,,0.043,,0,0,0.511,0.511,32,29,33,29,1,0,6,2,7,,0.73,0.27,-0.27,57.0,,,,,
FF,2025-10-06,100.8,-1.75,5.08,"Crow-Armstrong, Pete",691718,694819,,swinging_strike,,,,,3,Swinging Strike,D,L,R,MIL,CHC,S,,,0,1,2025,-0.72,1.48,0.631676250206614,3.0227853416502044,,,,0,4,Top,,,,,,,8.505958038162488,-146.4123131826514,-3.8940293748263293,-12.518929484832741,39.63179946884126,-10.306553063321148,3.13,1.48,,,,102.3,2642,7.5,813048,661388,683734,668930,702332,687401,694192,663368,686217,52.97,,,,,,,,30,2,4-Seam Fastball,4,3,3,4,3,4,3,4,Standard,Standard,224,0.008,-0.055,58.9,4.3,,0.055,,1,-1,0.627,0.373,23,23,23,23,1,1,9,2,5,2,0.8,0.72,-0.72,26.3,-24.895350141529416,39.37357531147094,42.868812839058045,25.338824555829973,13.566521925486729
KC,2025-10-06,88.5,-2.45,6.17,"Ohtani, Shohei",660271,661395,,ball,,,,,13,Ball,D,L,R,PHI,LAD,B,,,0,0,2025,0.37,-1.04,-1.1468211875465593,2.08618522009982,,571970,669257,2,9,Top,,,,,,,2.3770046750487492,-128.91129076585338,-1.717277160915755,3.636753931142148,28.049498355704987,-43.55909150133369,3.45537315824648,1.55533513962618,,,,88,2708,6,813052,592663,547180,681082,664761,607208,596146,669016,592206,54.5,,,,,,,,68,1,Knuckle Curve,1,4,4,1,4,1,4,1,Standard,Standard,36,0,0.024,,,,-0.024,,-3,3,0.036,0.964,27,30,27,31,1,4,2,2,3,2,3.95,-0.37,0.37,36.0,,,,,
FF,2025-10-06,98.2,2.26,5.76,"Freeman, Freddie",518692,666200,field_out,hit_into_play,,,,,2,Freddie Freeman lines out sharply to right fielder Nick Castellanos. Mookie Betts to 3rd.,D,L,L,PHI,LAD,X,9,line_drive,2,0,2025,1.12,1.23,0.07091619011631911,3.478390176509551,,605141,606192,1,1,Top,201.24,95.29,,,,,-8.471428153873596,-142.57338356818536,-3.447704060952913,17.39837045556348,37.42237563303178,-14.890223945708874,3.72,1.8,316,103.8,19,96.9,2408,6,813052,592663,547180,624641,664761,607208,805249,669016,592206,54.52,0.377,0.5626153846153845,0,1,0,0,5,4,3,4-Seam Fastball,0,0,0,0,0,0,0,0,Standard,Standard,126,0.058,-0.345,70.0,6.9,1.016,0.345,103.8,0,0,0.442,0.558,27,35,28,36,1,0,12,2,3,2,1.17,1.12,1.12,30.6,19.68067433995101,-6.825661535713161,34.65567332892985,40.43190831137619,30.130484992338022
SI,2025-10-06,98.4,0.32,6.41,"Kelly, Carson",608348,676879,,called_strike,,,,,3,Called Strike,D,R,L,MIL,CHC,S,,,0,0,2025,1.22,0.61,0.47178195183501237,3.2646455406388517,,,,2,1,Top,,,,,,,-2.382689772169994,-143.27193492058308,-4.415652323418372,17.368583781792715,34.2424569638618,-23.019462143557156,3.38322586520446,1.61441413986756,,,,96.8,2144,5.4,813048,661388,683734,668930,702332,687401,694192,663368,686217,55.09,,,,,,,,6,1,Sinker,0,3,3,0,3,0,3,0,Strategic,Standard,143,0.001,-0.043,,,,0.043,,-3,3,0.26,0.74,27,30,27,31,1,0,2,2,3,2,1.75,1.22,-1.22,48.8,,,,,
CH,2025-10-06,83.6,2.13,6.54,"Castellanos, Nick",592206,605483,strikeout,swinging_strike,,,,,14,Nick Castellanos strikes out swinging.,D,R,L,PHI,LAD,S,2,,0,2,2025,1.23,0.67,1.4708015599464912,2.187317602526127,,,,1,2,Bot,,,,,,,-3.972809332875679,-121.60925131962486,-4.907200822721542,13.01663220603273,25.214625410210648,-24.76712022250662,3.94,1.89,,,,84,1886,6.7,813052,666163,518692,669242,500743,605141,571771,681624,606192,53.82,,0,0,1,0,0,,14,3,Changeup,0,0,0,0,0,0,0,0,Standard,Standard,133,-0.01,-0.163,64.0,8.9,,0.163,,0,0,0.521,0.521,32,33,33,33,1,0,6,2,7,2,2.61,1.23,-1.23,54.1,27.64861116384554,-22.38669139001168,34.83169325972487,53.93661713194628,38.65047188797159
ST,2025-10-06,81.9,2.11,5.11,"Frelick, Sal",686217,684007,field_out,hit_into_play,,,,,5,Sal Frelick flies out to second baseman Nico Hoerner.,D,L,L,MIL,CHC,X,4,fly_ball,0,0,2025,-1.25,0.1,-0.24698916057635278,2.0256023085944723,,,,2,1,Bot,148.48,126.93,,,,,-2.900155630666582,-119.17481626121763,-0.5192336682576096,-11.1994359076843,25.3547109528215,-31.3647434093182,3.14,1.5,192,79.1,56,81.2,2572,6.1,813048,608348,457759,663538,807713,621020,664023,691718,673548,54.43,0.053,0.062,0,1,0,0,3,12,1,Sweeper,3,3,3,3,3,3,3,3,Infield shade,Standard,287,-0.01,-0.26,68.3,7.9,0.088,0.26,88.0,0,0,0.51,0.51,31,25,32,25,1,0,5,2,,2,3.33,-1.25,-1.25,32.3,18.689344862000002,-15.358153298868217,25.130250299231626,40.535915530770296,35.94752570052175
SI,2025-10-06,94.3,-1.65,5.41,"Ortiz, Joey",687401,607067,,ball,,,,,13,Ball,D,R,R,MIL,CHC,B,,,0,0,2025,-1.2,0.88,-0.9790233888884947,2.4130660716180756,,,,2,6,Bot,,,,,,,4.432629852608752,-137.19660885442698,-3.9968480936959545,-16.089099846916515,34.16129593713712,-20.355957295316905,3.29692928393321,1.53293097539198,,,,94.3,2086,6.6,813048,608348,683737,663538,807713,621020,664023,691718,673548,53.93,,,,,,,,53,1,Sinker,7,3,7,3,3,7,7,3,Standard,Standard,217,0,0.037,,,,-0.037,,4,4,0.943,0.943,34,26,35,27,1,2,5,2,5,2,1.71,1.2,1.2,30.7,,,,,
FF,2025-10-06,101.4,-1.94,5.11,"Crow-Armstrong, Pete",691718,694819,,called_strike,,,,,12,Called Strike,D,L,R,MIL,CHC,S,,,0,0,2025,-0.8,1.34,0.2411531681473037,3.3133263437492233,,,,0,4,Top,,,,,,,8.186243649347416,-147.29976197728863,-2.888084117733776,-13.794142668202934,40.08539781235264,-12.29052848527058,3.12999612168436,1.50101065524702,,,,102.7,2676,7.4,813048,661388,683734,668930,702332,687401,694192,663368,686217,53.1,,,,,,,,30,1,4-Seam Fastball,4,3,3,4,3,4,3,4,Standard,Standard,224,0.004,-0.039,,,,0.039,,1,-1,0.623,0.377,23,23,23,23,1,1,9,2,5,2,0.91,0.8,-0.8,29.1,,,,,
SL,2025-10-06,87.1,-1.18,5.39,"Schwarber, Kyle",656941,686218,,called_strike,,,,,4,Called Strike,D,L,R,PHI,LAD,S,,,2,1,2025,0.4,0.23,-0.2886672495927972,2.096041311825888,,,607208,1,8,Bot,,,,,,,1.3152453954379864,-126.87582820362651,-2.210806370309187,4.018450606187756,27.485410380780504,-29.441506086755233,3.22889570670801,1.51000264994622,,,,87.5,2367,6.6,813052,669257,518692,669242,571970,605141,571771,681909,681624,53.9,,,,,,,,62,4,Slider,1,4,1,4,4,1,1,4,Infield shade,Standard,157,-0.011,-0.075,,,,0.075,,-3,-3,0.098,0.098,25,32,26,32,1,3,5,2,3,2,2.78,-0.4,0.4,32.2,,,,,
SL,2025-10-06,87.4,2.6,5.51,"Freeman, Freddie",518692,666200,,ball,,,,,13,Ball,D,L,L,PHI,LAD,B,,,1,0,2025,-0.23,-0.55,-0.22692166704168176,1.24601153352473,,605141,606192,1,1,Top,,,,,,,-6.287442724090612,-126.96414365323096,-2.8191300231146457,-0.8257989788647985,32.17012184356117,-37.52675996067852,3.53698442582131,1.77384641781214,,,,85.8,2395,5.9,813052,592663,547180,624641,664761,607208,805249,669016,592206,54.62,,,,,,,,4,2,Slider,0,0,0,0,0,0,0,0,Standard,Standard,336,-0.012,0.071,,,,-0.071,,0,0,0.454,0.546,27,35,28,36,1,0,12,2,3,2,3.6,-0.23,-0.23,27.2,,,,,
SI,2025-10-06,99.5,-2.22,6.23,"Smith, Will",669257,661395,walk,ball,,,,,12,Will Smith walks.,D,R,R,PHI,LAD,B,,,3,2,2025,-1.3,0.4,1.161185416485949,2.879468290041539,,571970,,2,9,Top,,,,,,,12.255525379953783,-144.30546298327263,-4.677844819956831,-21.069595561477378,35.39045515948479,-25.541626447579546,3.3599991276967,1.37761508715996,,,,98.8,1771,6.2,813052,592663,547180,681082,664761,607208,596146,669016,592206,54.28,,0.691497,0.7,1,0,0,,67,7,Sinker,1,4,4,1,4,1,4,1,Standard,Standard,228,0,0.134,,,,-0.134,,-3,3,0.036,0.964,27,30,27,30,1,2,2,2,3,2,1.92,1.3,1.3,37.7,,,,,
FF,2025-10-06,96.4,1.97,6.72,"Castellanos, Nick",592206,605483,,called_strike,,,,,8,Called Strike,D,R,L,PHI,LAD,S,,,0,1,2025,0.13,1.38,-0.1273305679977837,2.1260833539794666,,,,1,2,Bot,,,,,,,-5.923474438866782,-139.9850929150729,-9.803420094027098,3.105301187662826,31.81036530140062,-12.004341087092989,4.01713504102362,1.94144490274677,,,,97,2470,6.8,813052,666163,518692,669242,500743,605141,571771,681624,606192,53.73,,,,,,,,14,2,4-Seam Fastball,0,0,0,0,0,0,0,0,Standard,Standard,160,-0.004,-0.052,,,,0.052,,0,0,0.525,0.525,32,33,33,33,1,0,6,2,7,2,1.09,0.13,-0.13,58.6,,,,,
FF,2025-10-06,95.4,-1.73,5.34,"Perkins, Blake",663368,607067,field_out,hit_into_play,,,,,8,"Blake Perkins grounds out sharply, shortstop Dansby Swanson to first baseman Michael Busch.",D,L,R,MIL,CHC,X,6,ground_ball,1,0,2025,-0.83,1.07,-0.17126727848324086,1.7738144742981112,,,,1,6,Bot,115.54,145.21,,,,,6.013972854535271,-138.73387564024154,-6.144553700805525,-12.161122678050988,33.37006121019957,-17.180028309223925,3.52,1.67,50,100,0,95.6,2147,6.6,813048,608348,683737,663538,807713,621020,664023,691718,673548,53.89,0.425,0.383,0,1,0,0,4,52,2,4-Seam Fastball,7,3,7,3,3,7,7,3,Standard,Standard,223,-0.004,-0.293,70.2,6.8,0.445,0.293,100.0,4,4,0.947,0.947,34,28,35,29,1,2,5,2,5,2,1.46,0.83,-0.83,31.2,0.7882093159609171,11.324803486524717,34.79566630370544,38.87685362084802,23.237173362269004
SL,2025-10-06,83.7,1.88,5.2,"Vaughn, Andrew",683734,684007,home_run,hit_into_play,,,,,13,Andrew Vaughn homers (1) on a fly ball to left field. William Contreras scores. Christian Yelich scores.,D,R,L,MIL,CHC,X,,fly_ball,3,2,2025,-0.18,0.68,-0.9664194073497641,2.3004018872132685,,661388,592885,2,1,Bot,23.8,81.93,,,,,-6.19816043914307,-121.61344173321449,-1.4963802793730037,-0.35009738677313035,27.82234141075956,-25.426967256571462,3.23,1.52,382,109.2,39,82.9,2557,6.2,813048,608348,457759,663538,807713,621020,664023,691718,673548,54.3,0.631,1.2842500000000001,2,1,0,3,6,11,7,Slider,0,3,0,3,3,3,3,3,Standard,Standard,285,0.242,1.663,77.2,7.4,2.525,-1.663,109.2,-3,-3,0.268,0.268,31,27,32,27,1,0,5,2,,2,2.63,-0.18,0.18,35.0,-20.921675380919723,-50.53759148697591,46.958719756445305,26.770286262341322,39.06420376241334
CU,2025-10-06,83.9,0.29,6.39,"Happ, Ian",664023,676879,strikeout,called_strike,,,,,6,Ian Happ called out on strikes.,D,R,L,MIL,CHC,S,2,,1,2,2025,-0.52,-1.42,0.6240947889820188,2.3428289252780585,,,,1,1,Top,,,,,,,1.771879592704961,-122.10734908196768,-0.08339365080275529,-5.499352233306414,27.091556795701507,-46.47097534445591,3.54999919733239,1.59181946156419,,,,82.2,2882,5.4,813048,661388,683734,668930,702332,687401,694192,663368,686217,55.07,,0,0,1,0,0,,5,4,Curveball,0,3,3,0,3,0,3,0,Strategic,Standard,337,0.007,-0.18,,,,0.18,,-3,3,0.253,0.747,27,30,27,31,1,0,2,2,3,2,4.69,-0.52,0.52,60.0,,,,,
SL,2025-10-06,94.5,-1.97,5.03,"Kelly, Carson",608348,694819,field_out,hit_into_play,,,,,3,Carson Kelly grounds out to pitcher Jacob Misiorowski.,D,R,R,MIL,CHC,X,1,ground_ball,3,2,2025,0.51,0.32,0.4227719250355745,3.063745468210948,,,673548,2,3,Top,128.24,184.49,,,,,5.205791886390396,-137.620733697084,-0.16240050532989803,5.431868213817174,28.734742978753946,-28.302031553002017,3.38,1.67,3,64.4,-48,96.5,2556,7.3,813048,661388,683734,668930,702332,687401,694192,663368,686217,53.23,0.173,0.159,0,1,0,0,2,24,6,Slider,3,3,3,3,3,3,3,3,Strategic,Standard,181,0.029,-0.295,71.5,6.9,0.173,0.295,88.0,0,0,0.526,0.474,23,30,23,31,1,1,9,2,5,2,2.22,-0.51,-0.51,28.5,15.935238098480617,-15.763128719486724,21.062972936869205,43.020249462331876,36.15396624447761
FF,2025-10-06,95.6,-1.12,5.56,"Schwarber, Kyle",656941,686218,,called_strike,,,,,4,Called Strike,D,L,R,PHI,LAD,S,,,2,0,2025,-0.92,1.63,-0.5826589450489104,2.284244981973978,,,607208,1,8,Bot,,,,,,,3.525701500581692,-138.98955712969106,-6.628576686861694,-12.713940410851146,36.94045223640646,-9.829620903638338,3.23353745397063,1.51475674068323,,,,95.4,2588,6.7,813052,669257,518692,669242,571970,605141,571771,681909,681624,53.83,,,,,,,,62,3,4-Seam Fastball,1,4,1,4,4,1,1,4,Infield shade,Standard,207,-0.013,-0.062,,,,0.062,,-3,-3,0.111,0.111,25,32,26,32,1,3,5,2,3,2,0.91,0.92,-0.92,34.5,,,,,
CU,2025-10-06,89,-1.51,5.41,"Kelly, Carson",608348,694819,,blocked_ball,,,,,14,Ball In Dirt,D,R,R,MIL,CHC,B,,,2,2,2025,0.34,-1.06,2.03844235079416,0.4105170781543821,,,673548,2,3,Top,,,,,,,8.111561303586763,-129.25386395077868,-3.948093900346772,1.8989748207808343,30.028451966259592,-43.252579168073865,3.32336987106839,1.55266635153595,,,,89.9,2396,7.2,813048,661388,683734,668930,702332,687401,694192,663368,686217,53.29,,,,,,,,24,5,Curveball,3,3,3,3,3,3,3,3,Strategic,Standard,28,-0.008,0.079,,,,-0.079,,0,0,0.534,0.46599999999999997,23,30,23,31,1,1,9,2,5,2,3.98,-0.34,-0.34,39.7,,,,,
CU,2025-10-06,84.4,0.4,6.33,"Happ, Ian",664023,676879,,called_strike,,,,,8,Called Strike,D,R,L,MIL,CHC,S,,,1,1,2025,-0.6,-1.29,0.04089755979984466,2.128009038216831,,,,1,1,Top,,,,,,,0.3434653824006481,-122.88603122459334,-0.836459602018896,-6.128987075081311,26.057486992824778,-45.19007298038179,3.48313147477449,1.58314996070641,,,,83,2790,5.5,813048,661388,683734,668930,702332,687401,694192,663368,686217,55.03,,,,,,,,5,3,Curveball,0,3,3,0,3,0,3,0,Standard,Standard,339,0.002,-0.064,,,,0.064,,-3,3,0.251,0.749,27,30,27,31,1,0,2,2,3,2,4.5,-0.6,0.6,50.8,,,,,
ST,2025-10-06,87.3,2.49,5.52,"Freeman, Freddie",518692,666200,,ball,,,,,13,Ball,D,L,L,PHI,LAD,B,,,0,0,2025,-0.36,-0.11,-0.3512727482864839,1.6202142390021845,,605141,606192,1,1,Top,,,,,,,-6.040577417083399,-126.90404233515129,-2.8658976500562483,-2.3677016405147593,30.619993954062632,-32.88189122926984,3.56313518332401,1.77384743309978,,,,85.7,2442,5.7,813052,592663,547180,624641,664761,607208,805249,669016,592206,54.76,,,,,,,,4,1,Sweeper,0,0,0,0,0,0,0,0,Standard,Standard,331,-0.006,0.031,,,,-0.031,,0,0,0.46,0.54,27,35,28,36,1,0,12,2,3,2,3.15,-0.36,-0.36,25.5,,,,,
ST,2025-10-06,89.1,-2.42,5.89,"Smith, Will",669257,661395,,ball,,,,,14,Ball,D,R,R,PHI,LAD,B,,,2,2,2025,1.07,-0.49,2.4224402831994256,1.118979369578002,,571970,,2,9,Top,,,,,,,9.605953219457241,-129.38144938231957,-4.56656023484096,9.64373039923381,30.180456718992765,-36.75916150143541,3.35999925787843,1.47876624713319,,,,88.3,2874,6.2,813052,592663,547180,681082,664761,607208,596146,669016,592206,54.3,,,,,,,,67,6,Sweeper,1,4,4,1,4,1,4,1,Standard,Standard,43,-0.001,0.057,,,,-0.057,,-3,3,0.037,0.963,27,30,27,30,1,2,2,2,3,2,3.4,-1.07,-1.07,28.2,,,,,
FF,2025-10-06,96.3,-1.65,5.41,"Perkins, Blake",663368,607067,,ball,,,,,14,Ball,D,L,R,MIL,CHC,B,,,0,0,2025,-0.93,1.31,0.35343607376583375,1.3681642997224364,,,,1,6,Bot,,,,,,,7.448241223162706,-139.7414307273416,-8.06151164664779,-13.916068349888128,35.97570062471814,-13.310115354756736,3.46341337007845,1.66999959755009,,,,96.1,2220,6.7,813048,608348,683737,663538,807713,621020,664023,691718,673548,53.84,,,,,,,,52,1,4-Seam Fastball,7,3,7,3,3,7,7,3,Infield shade,Standard,221,0,0.039,,,,-0.039,,4,4,0.947,0.947,34,28,35,29,1,2,5,2,5,2,1.19,0.93,-0.93,31.4,,,,,
CH,2025-10-06,85.5,2.21,6.63,"Castellanos, Nick",592206,605483,,swinging_strike,,,,,9,Swinging Strike,D,R,L,PHI,LAD,S,,,0,0,2025,1.33,0.71,0.7809868593767946,2.3840066343582844,,,,1,2,Bot,,,,,,,-6.069767056311992,-124.31311077248195,-5.142728235342211,14.97143059653147,26.296571534484524,-23.938616571709574,3.94,1.89,,,,85.8,1876,6.6,813052,666163,518692,669242,500743,605141,571771,681624,606192,53.85,,,,,,,,14,1,Changeup,0,0,0,0,0,0,0,0,Standard,Standard,134,-0.003,-0.039,79.4,8.8,,0.039,,0,0,0.528,0.528,32,33,33,33,1,0,6,2,7,2,2.43,1.33,-1.33,55.0,28.497380574995713,-31.73831489924092,38.94684650141475,45.82394408018276,42.76267277817491
FF,2025-10-06,95.5,-1.06,5.68,"Schwarber, Kyle",656941,686218,,ball,,,,,12,Ball,D,L,R,PHI,LAD,B,,,1,0,2025,-0.55,1.73,0.7181321548257854,4.167024486250821,,,607208,1,8,Bot,,,,,,,5.968828413996508,-138.82999935229924,-2.1972775677894645,-8.603087724600215,34.84856859809357,-9.680781018606453,3.17771169003736,1.45883886693382,,,,95.6,2457,6.7,813052,669257,518692,669242,571970,605141,571771,681909,681624,53.82,,,,,,,,62,2,4-Seam Fastball,1,4,1,4,4,1,1,4,Infield shade,Standard,207,0.013,0.068,,,,-0.068,,-3,-3,0.098,0.098,25,32,26,32,1,3,5,2,3,2,0.8,0.55,-0.55,35.8,,,,,
FF,2025-10-06,93.4,1.61,5.22,"Vaughn, Andrew",683734,684007,,foul,,,,,4,Foul,D,R,L,MIL,CHC,S,,,3,2,2025,1.14,1.44,-0.5122403713717623,2.446110016829074,,661388,592885,2,1,Bot,,,,,,,-7.952464537415477,-135.6088402992639,-4.458432588856438,15.866567344125897,34.142111057610684,-13.673997332311428,3.23,1.52,183,69.4,52,92.6,2521,6.3,813048,608348,457759,663538,807713,621020,664023,691718,673548,54.2,,,,,,,,11,6,4-Seam Fastball,0,3,0,3,3,0,0,3,Standard,Standard,139,0,0,71.4,6.9,,0,88.0,-3,-3,0.268,0.268,31,27,32,27,1,0,5,2,,2,1.22,1.14,-1.14,36.5,2.7038051284802354,0.6164785502671816,35.81092733209633,31.058341124456216,26.959481579295048
ST,2025-10-06,83.7,-1.69,5.4,"Durbin, Caleb",702332,607067,field_out,hit_into_play,,,,,4,Caleb Durbin flies out to center fielder Pete Crow-Armstrong.,D,R,R,MIL,CHC,X,8,fly_ball,1,2,2025,1.23,0.18,-0.6020577955401079,2.1381862056455785,,,,0,6,Bot,76.37,62.16,,,,,0.06838652394043876,-121.8711003727061,-1.4048191172188202,12.137175119767488,26.67119249759646,-30.30816719191887,3.25,1.46,360,97.6,24,83.4,2413,6.3,813048,608348,683737,663538,807713,621020,664023,691718,673548,54.16,0.269,0.4559090909090909,0,1,0,0,5,51,4,Sweeper,7,3,7,3,3,7,7,3,Standard,Standard,79,-0.003,-0.189,69.1,6.3,0.853,0.189,97.6,4,4,0.95,0.95,34,25,35,25,1,2,5,2,5,2,3.1,-1.23,-1.23,30.9,8.53326328035468,-4.6808333191242895,33.979767751119645,28.940040169958746,29.764154558848546
ST,2025-10-06,87.7,2.54,5.53,"Hernández, Teoscar",606192,666200,walk,ball,,,,,14,Teoscar Hernández walks. Mookie Betts to 2nd.,D,R,L,PHI,LAD,B,,,3,2,2025,-0.36,-0.53,0.4846730643198771,1.1517627334725935,,,605141,1,1,Top,,,,,,,-4.183726306870785,-127.58617474453034,-3.240269435061257,-2.891081357761752,31.278679044334098,-37.30871714439377,3.36819557615315,1.50814740601335,,,,86.2,2356,5.8,813052,592663,547180,624641,664761,607208,805249,669016,592206,54.7,,0.691497,0.7,1,0,0,,3,7,Sweeper,0,0,0,0,0,0,0,0,Standard,Standard,342,-0.032,0.266,,,,-0.266,,0,0,0.492,0.508,27,32,28,33,1,0,12,2,3,2,3.54,-0.36,0.36,28.8,,,,,
SI,2025-10-06,99,0.21,6.43,"Happ, Ian",664023,676879,,foul,,,,,8,Foul,D,R,L,MIL,CHC,S,,,1,0,2025,1.39,0.52,0.06465462220802265,1.958048461515405,,,,1,1,Top,,,,,,,-3.5746045119818737,-143.9678353141035,-7.840109388154357,20.13172919345302,35.63540550000236,-23.253520031635414,3.55,1.65,199,72.1,51,97.2,2122,5.4,813048,661388,683734,668930,702332,687401,694192,663368,686217,55.07,,,,,,,,5,2,Sinker,0,3,3,0,3,0,3,0,Standard,Standard,146,0.003,-0.049,73.1,7.4,,0.049,88.0,-3,3,0.248,0.752,27,30,27,31,1,0,2,2,3,2,1.82,1.39,-1.39,54.8,4.316569425690746,-23.037390159383747,37.82796500441568,34.04434514860865,36.02370844972627
FF,2025-10-06,100.2,-2.22,6.18,"Smith, Will",669257,661395,,foul,,,,,12,Foul,D,R,R,PHI,LAD,S,,,2,2,2025,-1.17,0.97,0.895681387325902,3.167183067110272,,571970,,2,9,Top,,,,,,,11.284496042636313,-145.3225679926156,-5.163676285323903,-19.332579515967364,36.61106959117163,-17.387561377231798,3.36,1.58,170,83.1,13,99.2,2084,6.1,813052,592663,547180,681082,664761,607208,596146,669016,592206,54.41,,,,,,,,67,5,4-Seam Fastball,1,4,4,1,4,1,4,1,Standard,Standard,233,0,0,46.0,6.0,,0,88.0,-3,3,0.037,0.963,27,30,27,30,1,2,2,2,3,2,1.33,1.17,1.17,32.6,-2.734752383568356,42.71748203958251,24.96877437289615,48.654407482754706,3.309327375016897
FF,2025-10-06,93.5,1.6,5.24,"Vaughn, Andrew",683734,684007,,ball,,,,,11,Ball,D,R,L,MIL,CHC,B,,,2,2,2025,1.12,1.57,-1.1762899745131574,3.2089269100801245,,661388,592885,2,1,Bot,,,,,,,-9.602449828747764,-135.78043536299657,-2.855507482471199,16.110606576645548,33.7922185941126,-12.44878624785908,3.17057008032755,1.51999897924573,,,,92.8,2537,6.3,813048,608348,457759,663538,807713,621020,664023,691718,673548,54.2,,,,,,,,11,5,4-Seam Fastball,0,3,0,3,3,0,0,3,Standard,Standard,136,0.011,0.079,,,,-0.079,,-3,-3,0.257,0.257,31,27,32,27,1,0,5,2,,2,1.08,1.12,-1.12,35.4,,,,,
FF,2025-10-06,96.5,1.99,6.67,"Realmuto, J.T.",592663,605483,field_out,hit_into_play,,,,,4,"J.T. Realmuto grounds out, shortstop Mookie Betts to first baseman Freddie Freeman.",D,R,L,PHI,LAD,X,6,ground_ball,2,2,2025,0.2,1.54,-0.49241549300015414,2.93225242590243,,,,0,2,Bot,109.73,150.87,,,,,-7.11731163137099,-140.11832054916067,-7.851708266588028,4.3974711000071585,34.75046014644738,-10.3153898237795,3.66,1.74,14,84.2,-10,96.7,2537,6.7,813052,666163,518692,669242,500743,605141,571771,681624,606192,53.77,0.121,0.113,0,1,0,0,2,13,5,4-Seam Fastball,0,0,0,0,0,0,0,0,Standard,Standard,152,-0.02,-0.232,73.1,6.6,0.164,0.232,88.0,0,0,0.548,0.548,32,34,33,34,1,0,6,2,7,2,0.94,0.2,-0.2,57.9,3.822458685530146,10.69141286075537,34.79747910217046,30.634404117003058,21.4053209641613
FF,2025-10-06,101.4,-1.4,5.35,"Chourio, Jackson",694192,694037,home_run,hit_into_play,,,,,2,Jackson Chourio homers (1) on a fly ball to center field. Caleb Durbin scores. Joey Ortiz scores.,D,R,R,MIL,CHC,X,,fly_ball,0,2,2025,-0.84,1.21,-0.08201975066087575,2.869714643765465,,702332,687401,2,4,Bot,136.1,32.18,,,,,5.742466094881577,-147.59325416667573,-4.5864598229463285,-13.599693270338703,35.14223084050292,-13.529081191054809,3.41,1.61,419,103.9,26,102.4,2269,6.8,813048,608348,683737,663538,807713,621020,664023,691718,673548,53.69,0.691,1.3361111111111108,2,1,0,3,6,38,3,4-Seam Fastball,4,3,4,3,3,7,7,3,Standard,Standard,218,0.237,1.767,73.4,7.1,2.594,-1.767,103.9,1,1,0.663,0.663,25,21,25,21,1,2,4,2,2,2,1,0.84,0.84,33.9,5.296517607547605,3.260171110819615,22.250296585892922,34.76960299136483,25.13030581311738
FF,2025-10-06,101,-1.98,5.19,"Kelly, Carson",608348,694819,,foul,,,,,11,Foul,D,R,R,MIL,CHC,S,,,2,1,2025,-0.79,1.37,-0.8723489465999231,3.5277943534520344,,,673548,2,3,Top,,,,,,,5.0880354486920165,-146.95020510342027,-2.606892247828511,-12.608588168640848,36.51018998201628,-11.945953714913554,3.38,1.67,86,86.7,12,103,2647,7.5,813048,661388,683734,668930,702332,687401,694192,663368,686217,53.01,,,,,,,,24,4,4-Seam Fastball,3,3,3,3,3,3,3,3,Strategic,Standard,217,0.006,-0.093,68.8,6.1,,0.093,88.0,0,0,0.528,0.472,23,30,23,31,1,1,9,2,5,2,0.87,0.79,0.79,28.9,8.738089637532777,-1.26042632340853,26.854662181120446,28.946891018595714,25.555701127510336
CU,2025-10-06,78.4,-0.93,5.62,"Schwarber, Kyle",656941,686218,,ball,,,,,14,Ball,D,L,R,PHI,LAD,B,,,0,0,2025,0.87,-1.18,1.0587724749670409,2.246943289392001,,,607208,1,8,Bot,,,,,,,2.7133452617330676,-114.1122313117682,1.8656219390510664,6.97056867284852,23.885674436960844,-43.04100884587892,3.12658953811741,1.45884768201824,,,,78.6,2771,6.7,813052,669257,518692,669242,571970,605141,571771,681909,681624,53.8,,,,,,,,62,1,Curveball,1,4,1,4,4,1,1,4,Infield shade,Standard,42,0.006,0.035,,,,-0.035,,-3,-3,0.092,0.092,25,32,26,32,1,3,5,2,3,2,4.93,-0.87,0.87,35.2,,,,,
FF,2025-10-06,101.7,-2.19,6.19,"Smith, Will",669257,661395,,ball,,,,,12,Ball,D,R,R,PHI,LAD,B,,,1,2,2025,-0.94,1.16,1.174073695457906,3.304593152767427,,571970,,2,9,Top,,,,,,,11.627490942200797,-147.51487031614914,-5.522142877550345,-16.609803277484655,36.413967941964565,-14.043645410058424,3.36130281258071,1.58118289044714,,,,100.9,2007,6.1,813052,592663,547180,681082,664761,607208,596146,669016,592206,54.37,,,,,,,,67,4,4-Seam Fastball,1,4,4,1,4,1,4,1,Standard,Standard,233,-0.001,0.012,,,,-0.012,,-3,3,0.038,0.962,27,30,27,30,1,2,2,2,3,2,1.06,0.94,0.94,34.8,,,,,
CH,2025-10-06,89.1,2.45,5.68,"Hernández, Teoscar",606192,666200,,foul,,,,,7,Foul,D,R,L,PHI,LAD,S,,,3,2,2025,1.49,0.81,-0.5115607733579695,2.068426981286717,,,605141,1,1,Top,,,,,,,-10.275629799814912,-129.26000815616942,-4.46751331173979,18.824262485954822,26.58560697693143,-22.360658999695122,3.49,1.63,156,72.3,17,88.2,1933,5.9,813052,592663,547180,624641,664761,607208,805249,669016,592206,54.63,,,,,,,,3,6,Changeup,0,0,0,0,0,0,0,0,Standard,Standard,114,0,0,77.1,8.4,,0,88.0,0,0,0.492,0.508,27,32,28,33,1,0,12,2,3,2,2.08,1.49,-1.49,30.9,13.39524307185152,-15.637976639557058,39.79771259407526,32.019460714460905,34.84612268441724
FF,2025-10-06,101.7,-1.79,5.17,"Kelly, Carson",608348,694819,,ball,,,,,12,Ball,D,R,R,MIL,CHC,B,,,1,1,2025,-0.71,1.35,0.21536439748046787,4.24691808242662,,,673548,2,3,Top,,,,,,,7.512301352754114,-147.91356600139977,-0.5303807177615374,-12.324133349163393,36.66077476102358,-12.522964811384426,3.44464433236974,1.67412928472767,,,,103.8,2703,7.5,813048,661388,683734,668930,702332,687401,694192,663368,686217,52.99,,,,,,,,24,3,4-Seam Fastball,3,3,3,3,3,3,3,3,Strategic,Standard,220,-0.003,0.054,,,,-0.054,,0,0,0.531,0.469,23,30,23,31,1,1,9,2,5,2,0.86,0.71,0.71,28.8,,,,,
FF,2025-10-06,96.1,-1.49,5.48,"Durbin, Caleb",702332,607067,,ball,,,,,14,Ball,D,R,R,MIL,CHC,B,,,0,2,2025,-0.73,1.51,1.9361760174327718,1.787345225095065,,,,0,6,Bot,,,,,,,10.736364973793819,-139.35193680620984,-7.552493772457151,-12.072576527698715,35.06564101241799,-10.885151702197625,3.25945359606476,1.46934066495559,,,,95.8,2322,6.6,813048,608348,683737,663538,807713,621020,664023,691718,673548,53.92,,,,,,,,51,3,4-Seam Fastball,7,3,7,3,3,7,7,3,Standard,Standard,218,0.001,0.024,,,,-0.024,,4,4,0.949,0.949,34,25,35,25,1,2,5,2,5,2,1,0.73,0.73,32.3,,,,,
FF,2025-10-06,100.5,-1.47,5.35,"Chourio, Jackson",694192,694037,,foul,,,,,6,Foul,D,R,R,MIL,CHC,S,,,0,1,2025,-0.82,1.38,0.4826374817415131,2.7784944060997248,,702332,687401,2,4,Bot,,,,,,,7.425828329342775,-146.0515839976162,-5.054473825694542,-13.575034394540513,36.38083706265615,-11.400149580394022,3.41,1.61,260,92.1,55,101.2,2351,6.9,813048,608348,683737,663538,807713,621020,664023,691718,673548,53.63,,,,,,,,38,2,4-Seam Fastball,4,3,4,3,3,4,4,3,Standard,Standard,220,-0.011,-0.057,74.7,7.1,,0.057,92.1,1,1,0.674,0.674,25,21,25,21,1,2,4,2,2,2,0.89,0.82,0.82,34.8,7.026889608164805,22.33539546662514,22.798997538771992,44.825537019732664,17.479858102320122
ST,2025-10-06,83,2.08,5.11,"Vaughn, Andrew",683734,684007,,swinging_strike,,,,,13,Swinging Strike,D,R,L,MIL,CHC,S,,,2,1,2025,-0.63,0.23,-1.5336905660713693,1.0598034830926069,,661388,592885,2,1,Bot,,,,,,,-7.007583139892495,-120.57613411958528,-3.1410229785039046,-4.629680906832104,25.586310047886773,-29.537464819495344,3.23,1.52,,,,82.3,2548,6.1,813048,608348,457759,663538,807713,621020,664023,691718,673548,54.35,,,,,,,,11,4,Sweeper,0,3,0,3,3,0,0,3,Standard,Standard,308,-0.009,-0.08,68.9,8.9,,0.08,,-3,-3,0.266,0.266,31,27,32,27,1,0,5,2,,2,3.12,-0.63,0.63,31.7,31.18951234787828,-45.159907699478076,39.74940751538271,19.496139441436878,47.409252217466495
FF,2025-10-06,96.6,1.82,6.72,"Realmuto, J.T.",592663,605483,,ball,,,,,11,Ball,D,R,L,PHI,LAD,B,,,1,2,2025,0.36,1.39,-1.2396498015337856,3.00182724113128,,,,0,2,Bot,,,,,,,-9.039334421725599,-140.29740658132533,-7.526232356430646,6.818049067759124,32.92893942129717,-12.24760754586949,3.60836083547505,1.71417145620948,,,,97.2,2530,6.8,813052,666163,518692,669242,500743,605141,571771,681624,606192,53.71,,,,,,,,13,4,4-Seam Fastball,0,0,0,0,0,0,0,0,Standard,Standard,159,0.004,0.043,,,,-0.043,,0,0,0.544,0.544,32,34,33,34,1,0,6,2,7,2,1.07,0.36,-0.36,57.4,,,,,
FF,2025-10-06,95.6,-0.76,5.57,"Turner, Trea",607208,686218,single,hit_into_play,,,,,2,Trea Turner singles on a sharp line drive to center fielder Justin Dean. Max Kepler scores.,D,R,R,PHI,LAD,X,8,line_drive,0,1,2025,-0.62,1.66,0.15793051169433625,3.103353314522391,596146,,,1,8,Bot,106.81,79.42,,,,,3.8699478562445355,-139.0862834287244,-4.623502530135973,-8.99283740302755,34.126857376278586,-9.840096434294766,3.49,1.69,244,104,9,96.1,2429,6.8,813052,669257,518692,669242,571970,605141,571771,681909,681624,53.71,0.767,0.733,0.9,1,1,0,4,61,2,4-Seam Fastball,0,4,0,4,4,1,1,4,Standard,Standard,201,0.038,0.504,68.7,7.0,0.925,-0.504,104.0,-4,-4,0.054,0.054,25,32,26,32,1,3,5,2,3,2,0.85,0.62,0.62,40.7,6.9037133229586365,5.169440379545749,22.514654228920968,39.98204496910628,29.07816731766604
CU,2025-10-06,84.6,0.26,6.38,"Happ, Ian",664023,676879,,ball,,,,,13,Ball,D,R,L,MIL,CHC,B,,,0,0,2025,-0.48,-1.24,-1.2714704953295444,0.8669493266906234,,,,1,1,Top,,,,,,,-2.577260828828481,-123.00982102484717,-3.858827801812975,-4.209221390226702,28.854040581018687,-43.954274241864304,3.43363239777164,1.59178606908485,,,,82.6,2932,5.4,813048,661388,683734,668930,702332,687401,694192,663368,686217,55.1,,,,,,,,5,1,Curveball,0,3,3,0,3,0,3,0,Standard,Standard,333,-0.002,0.039,,,,-0.039,,-3,3,0.25,0.75,27,30,27,31,1,0,2,2,3,2,4.48,-0.48,0.48,58.6,,,,,
CH,2025-10-06,92.5,0.59,6.37,"Suzuki, Seiya",673548,676879,home_run,hit_into_play,,,,,11,Seiya Suzuki homers (2) on a fly ball to left center field. Nico Hoerner scores. Kyle Tucker scores.,D,R,L,MIL,CHC,X,,fly_ball,1,1,2025,0.82,1.17,-0.15581425596458576,3.37249732413618,,663538,663656,1,1,Top,48.97,37.42,,,,,-3.6121218646330986,-134.66114951661694,-4.2887819793804045,10.786170847338502,30.58353260524734,-17.26730562079004,3.16,1.41,440,111.7,26,90.7,1963,5.3,813048,661388,683734,668930,702332,687401,694192,663368,686217,55.2,1,2,2,1,0,3,6,4,3,Changeup,0,0,0,0,3,0,3,0,Standard,Standard,138,-0.212,1.209,,,4,-1.209,111.7,0,0,0.462,0.538,27,30,27,31,1,0,2,2,3,2,1.5,0.82,-0.82,47.6,,,,,
SL,2025-10-06,96.9,-2.07,4.99,"Kelly, Carson",608348,694819,,called_strike,,,,,5,Called Strike,D,R,R,MIL,CHC,S,,,1,0,2025,0.21,0.76,-0.09429402735757522,2.3463499850186453,,,673548,2,3,Top,,,,,,,4.8755128540164705,-141.03239529378897,-3.329146285907121,1.7691983575095314,31.761403421101583,-21.449166316738744,3.43614692101918,1.665589419353,,,,98.7,2690,7.2,813048,661388,683734,668930,702332,687401,694192,663368,686217,53.26,,,,,,,,24,2,Slider,3,3,3,3,3,3,3,3,Strategic,Standard,194,0.003,-0.05,,,,0.05,,0,0,0.528,0.472,23,30,23,31,1,1,9,2,5,2,1.66,-0.21,-0.21,26.8,,,,,
FF,2025-10-06,97.5,2.22,5.79,"Hernández, Teoscar",606192,666200,,foul,,,,,4,Foul,D,R,L,PHI,LAD,S,,,3,1,2025,1.24,1.16,-0.4604685225607237,2.227600564903135,,,605141,1,1,Top,,,,,,,-9.957628178230802,-141.42433962067406,-6.591378408388812,19.002409122864186,35.95661516372142,-15.235845813100235,3.49,1.63,119,83.2,76,96.2,2314,6,813052,592663,547180,624641,664761,607208,805249,669016,592206,54.5,,,,,,,,3,5,4-Seam Fastball,0,0,0,0,0,0,0,0,Standard,Standard,127,0.009,-0.085,74.5,8.4,,0.085,88.0,0,0,0.483,0.517,27,32,28,33,1,0,12,2,3,2,1.28,1.24,-1.24,31.6,15.881259089925042,-11.946751490362836,38.72906297360506,32.62078827398204,32.33444402534064
SL,2025-10-06,87,-1.75,5.46,"Durbin, Caleb",702332,607067,,called_strike,,,,,9,Called Strike,D,R,R,MIL,CHC,S,,,0,1,2025,0.38,-0.04,0.5214205031069623,1.4250129448074662,,,,0,6,Bot,,,,,,,4.703053243718188,-126.64754196595267,-3.4072102986343755,3.040046887397449,26.74485197950222,-32.130019342118025,3.24999912668497,1.45999918765241,,,,87.3,2292,6.5,813048,608348,683737,663538,807713,621020,664023,691718,673548,53.99,,,,,,,,51,2,Slider,7,3,7,3,3,7,7,3,Standard,Standard,105,-0.001,-0.055,,,,0.055,,4,4,0.95,0.95,34,25,35,25,1,2,5,2,5,2,3.06,-0.38,-0.38,31.5,,,,,
FF,2025-10-06,100.8,-1.4,5.38,"Chourio, Jackson",694192,694037,,foul,,,,,5,Foul,D,R,R,MIL,CHC,S,,,0,0,2025,-1.06,1.38,-0.08009932690556898,2.3727101468724126,,702332,687401,2,4,Bot,,,,,,,6.23942048168251,-146.50696174475829,-6.311085938497075,-16.720662891655007,38.07196477394206,-10.970860894709975,3.41,1.61,264,84.3,36,101.1,2410,6.8,813048,608348,683737,663538,807713,621020,664023,691718,673548,53.74,,,,,,,,38,1,4-Seam Fastball,4,3,4,3,3,4,4,3,Standard,Standard,223,-0.006,-0.047,72.4,6.6,,0.047,88.0,1,1,0.68,0.68,25,21,25,21,1,2,4,2,2,2,0.88,1.06,1.06,38.2,-11.884076616309187,30.770315214904187,31.59441980943283,38.13883889032673,10.020106626299775
FF,2025-10-06,92.2,1.57,5.31,"Vaughn, Andrew",683734,684007,,ball,,,,,11,Ball,D,R,L,MIL,CHC,B,,,1,1,2025,1.21,1.39,-0.9088666267334373,2.8713065415178285,,661388,592885,2,1,Bot,,,,,,,-8.905344305182648,-133.82189145076418,-3.2789925836013745,16.596727074933906,33.14772717141859,-15.040394204776534,3.17063888836173,1.52000079611788,,,,91.3,2496,6.2,813048,608348,457759,663538,807713,621020,664023,691718,673548,54.26,,,,,,,,11,3,4-Seam Fastball,0,3,0,3,3,0,0,3,Standard,Standard,138,0.005,0.03,,,,-0.03,,-3,-3,0.261,0.261,31,27,32,27,1,0,5,2,,2,1.34,1.21,-1.21,35.6,,,,,
FF,2025-10-06,95.6,1.9,6.82,"Realmuto, J.T.",592663,605483,,foul,,,,,11,Foul,D,R,L,PHI,LAD,S,,,1,1,2025,0.3,1.59,-0.8809874421913915,3.57958455948651,,,,0,2,Bot,,,,,,,-8.05826751752694,-138.8197375380383,-6.452654876466021,5.823236141297744,34.1664842537126,-10.423186616730984,3.66,1.74,98,74.8,7,95.7,2546,6.7,813052,666163,518692,669242,500743,605141,571771,681624,606192,53.8,,,,,,,,13,3,4-Seam Fastball,0,0,0,0,0,0,0,0,Standard,Standard,159,-0.006,-0.061,21.1,4.2,,0.061,88.0,0,0,0.55,0.55,32,34,33,34,1,0,6,2,7,2,0.94,0.3,-0.3,60.6,-5.718959364227283,58.23678992453816,39.11568878627785,25.1902413094344,6.877499532538971
CU,2025-10-06,81.1,2.52,5.81,"Tucker, Kyle",663656,657649,field_out,hit_into_play,,,,,5,Kyle Tucker pops out to third baseman Caleb Durbin in foul territory.,D,L,L,MIL,CHC,X,5,popup,1,1,2025,-0.92,-0.57,0.1429857777192466,2.623810192248778,,,,0,8,Top,97.84,189.82,,,,,-3.5198188549265095,-118.04151535308723,0.6264282055532706,-7.7854312129480805,24.404885527374812,-37.803931282166296,3.44,1.6,75,64.1,75,80,2405,5.7,813048,661388,683734,668930,702332,687401,694192,663368,686217,54.8,0.003,0.002,0,1,0,0,3,62,3,Curveball,7,3,3,7,3,7,3,7,Strategic,Standard,306,0.012,-0.251,68.3,7.7,0.003,0.251,88.0,4,-4,0.965,0.03500000000000003,31,28,31,28,1,3,2,2,2,2,4.06,-0.92,-0.92,29.1,14.267604943698322,-13.792839510311389,34.170897730749004,35.6716613567706,30.5795414779776
SL,2025-10-06,85.3,-1.05,5.35,"Turner, Trea",607208,686218,,called_strike,,,,,1,Called Strike,D,R,R,PHI,LAD,S,,,0,0,2025,0.17,0.07,-0.5746581526594357,3.257569312434162,596146,,,1,8,Bot,,,,,,,0.7819848093730556,-124.25289957220804,1.239903944489018,1.5667286468074426,25.246509037940406,-31.90714259919984,3.48999805263059,1.68999770120147,,,,85.9,2324,6.6,813052,669257,518692,669242,571970,605141,571771,681909,681624,53.87,,,,,,,,61,1,Slider,0,4,0,4,4,0,0,4,Standard,Standard,122,-0.004,-0.045,,,,0.045,,-4,-4,0.058,0.058,25,32,26,32,1,3,5,2,3,2,3.06,-0.17,-0.17,35.2,,,,,
SI,2025-10-06,99.1,-2.22,6.23,"Smith, Will",669257,661395,,foul,,,,,5,Foul,D,R,R,PHI,LAD,S,,,1,1,2025,-0.95,0.13,-0.015534748290322753,2.6196248992581563,,571970,,2,9,Top,,,,,,,8.216166507591462,-144.0039646368339,-4.720156057228481,-15.103020930525638,34.00464498889034,-29.393752583410134,3.36,1.58,237,87.8,54,98.8,1706,6.2,813052,592663,547180,681082,664761,607208,596146,669016,592206,54.28,,,,,,,,67,3,Sinker,1,4,4,1,4,1,4,1,Standard,Standard,233,0.002,-0.056,70.0,7.0,,0.056,88.0,-3,3,0.036,0.964,27,30,27,30,1,2,2,2,3,2,2.2,0.95,0.95,35.2,13.047398480053701,6.838357653581654,27.938884700159797,37.884016399849216,24.298428153428652
SL,2025-10-06,95.9,-1.97,5.09,"Kelly, Carson",608348,694819,,ball,,,,,12,Ball,D,R,R,MIL,CHC,B,,,0,0,2025,0.29,0.56,0.33223588679885263,4.004059946802471,,,673548,2,3,Top,,,,,,,5.559931216284511,-139.64555418652884,1.51883417644646,2.542627360548403,30.851150132512913,-25.449485986352524,3.44048474008699,1.73051155795994,,,,98,2523,7.4,813048,661388,683734,668930,702332,687401,694192,663368,686217,53.08,,,,,,,,24,1,Slider,3,3,3,3,3,3,3,3,Strategic,Standard,189,-0.002,0.035,,,,-0.035,,0,0,0.53,0.47,23,30,23,31,1,1,9,2,5,2,1.92,-0.29,-0.29,31.5,,,,,
SI,2025-10-06,96.5,2.22,5.67,"Hernández, Teoscar",606192,666200,,called_strike,,,,,8,Called Strike,D,R,L,PHI,LAD,S,,,3,0,2025,1.34,0.8,0.22218284245860276,2.0240217447824063,,,605141,1,1,Top,,,,,,,-8.306187166949623,-140.2302295521692,-5.859607689495796,19.60594824198888,33.883314155050826,-20.441571905374982,3.41582406323697,1.55579562388406,,,,95.6,2264,6,813052,592663,547180,624641,664761,607208,805249,669016,592206,54.53,,,,,,,,3,4,Sinker,0,0,0,0,0,0,0,0,Standard,Standard,124,0.008,-0.05,,,,0.05,,0,0,0.475,0.525,27,32,28,33,1,0,12,2,3,2,1.67,1.34,-1.34,29.2,,,,,
CH,2025-10-06,91.5,0.41,6.36,"Suzuki, Seiya",673548,676879,,ball,,,,,13,Ball,D,R,L,MIL,CHC,B,,,0,1,2025,1.13,0.29,-0.27311647177022547,1.2127325048337183,,663538,663656,1,1,Top,,,,,,,-4.09406234633053,-133.1158524036283,-7.634856057125302,14.368818314211568,28.618741021859005,-27.304597285709384,3.15999894968991,1.41000004726182,,,,90.3,1934,5.6,813048,661388,683734,668930,702332,687401,694192,663368,686217,54.94,,,,,,,,4,2,Changeup,0,0,0,0,0,0,0,0,Standard,Standard,130,-0.005,0.018,,,,-0.018,,0,0,0.467,0.5329999999999999,27,30,27,31,1,0,2,2,3,2,2.44,1.13,-1.13,48.6,,,,,
FF,2025-10-06,98.7,-1.57,5.35,"Ortiz, Joey",687401,694037,single,hit_into_play,,,,,13,Joey Ortiz singles on a line drive to center fielder Pete Crow-Armstrong. Caleb Durbin to 2nd.,D,R,R,MIL,CHC,X,8,line_drive,1,0,2025,-0.96,1.45,-0.8902738547269791,1.9422016777671849,,,702332,2,4,Bot,128.24,110.75,,,,,4.1237041288872245,-143.58062012076982,-7.225253675081113,-14.271609765031007,34.27350331360734,-10.633777308194299,3.35,1.53,251,97.5,11,99.3,2298,6.7,813048,608348,683737,663538,807713,621020,664023,691718,673548,53.8,0.884,0.841,0.9,1,1,0,4,37,2,4-Seam Fastball,4,3,4,3,3,4,4,3,Standard,Standard,220,0.018,0.311,74.0,7.7,1.03,-0.311,97.5,1,1,0.662,0.662,25,26,25,27,1,1,4,2,2,2,0.9,0.96,0.96,36.0,2.4657674324765964,-4.825730915470326,36.08432752443101,28.138310038373,24.24173147289631
FC,2025-10-06,89.3,2.62,5.76,"Tucker, Kyle",663656,657649,,foul,,,,,6,Foul,D,L,L,MIL,CHC,S,,,1,0,2025,0.12,1.03,0.8170620955771827,2.2531880319021167,,,,0,8,Top,,,,,,,-4.639615844883255,-130.02262005031955,-4.802875197874772,2.251995591093273,25.443369259030433,-19.705779595067046,3.44,1.6,9,85.1,-15,88.9,2385,5.8,813048,661388,683734,668930,702332,687401,694192,663368,686217,54.65,,,,,,,,62,2,Cutter,7,3,3,7,3,7,3,7,Strategic,Standard,155,0.004,-0.05,74.5,8.7,,0.05,88.0,4,-4,0.961,0.039000000000000035,31,28,31,28,1,3,2,2,2,2,1.81,0.12,0.12,25.4,33.82488749228939,-38.236272191005014,36.35100192790387,27.831404392839595,46.393547381977584
FF,2025-10-06,92.3,1.61,5.32,"Vaughn, Andrew",683734,684007,,ball,,,,,11,Ball,D,R,L,MIL,CHC,B,,,0,1,2025,1.26,1.26,-0.4215461192178429,3.7732026414255984,,661388,592885,2,1,Bot,,,,,,,-7.915596769290496,-134.0927293651898,-0.7399313101414869,17.077866296731663,34.61823038016991,-17.256574627578033,3.16885061386276,1.51822852833944,,,,91.3,2520,6.2,813048,608348,457759,663538,807713,621020,664023,691718,673548,54.27,,,,,,,,11,2,4-Seam Fastball,0,3,0,3,3,0,0,3,Standard,Standard,139,0.004,0.018,,,,-0.018,,-3,-3,0.257,0.257,31,27,32,27,1,0,5,2,,2,1.47,1.26,-1.26,36.8,,,,,
SL,2025-10-06,89.7,1.9,6.77,"Realmuto, J.T.",592663,605483,,ball,,,,,13,Ball,D,R,L,PHI,LAD,B,,,0,1,2025,-0.11,0.82,-1.5379890574128015,1.3198569112199898,,,,0,2,Bot,,,,,,,-8.301879446836697,-129.99566347082836,-9.146816491992421,0.6809852769780445,30.519062861022842,-20.95406647572016,3.60795853573556,1.68787605478818,,,,89.6,2487,6.7,813052,666163,518692,669242,500743,605141,571771,681624,606192,53.79,,,,,,,,13,2,Slider,0,0,0,0,0,0,0,0,Standard,Standard,170,0.002,0.031,,,,-0.031,,0,0,0.548,0.548,32,34,33,34,1,0,6,2,7,2,2.06,-0.11,0.11,60.2,,,,,
SI,2025-10-06,93.5,-1.61,5.47,"Durbin, Caleb",702332,607067,,called_strike,,,,,1,Called Strike,D,R,R,MIL,CHC,S,,,0,0,2025,-1.24,1.07,-0.40944432064162783,2.8083111786155257,,,,0,6,Bot,,,,,,,5.881749471412905,-135.930380924775,-3.389709025710367,-16.715852556186636,35.494528259255596,-18.4098080446197,3.18795355433286,1.45999965353427,,,,93.4,2288,6.7,813048,608348,683737,663538,807713,621020,664023,691718,673548,53.78,,,,,,,,51,1,Sinker,7,3,7,3,3,7,7,3,Standard,Standard,216,-0.001,-0.039,,,,0.039,,4,4,0.951,0.951,34,25,35,25,1,2,5,2,5,2,1.58,1.24,1.24,32.7,,,,,
ST,2025-10-06,88.2,-2,5.66,"Smith, Will",669257,689147,single,hit_into_play,,,,,6,Will Smith singles on a line drive to left fielder Otto Kemp. Freddie Freeman scores. Enrique Hernández scores. Max Muncy to 2nd.,D,R,R,PHI,LAD,X,7,line_drive,0,0,2025,1.19,-0.09,0.6777327129072549,2.1388093986328465,518692,571771,571970,2,7,Top,92.53,92.63,,,,,4.033890813861545,-128.38987861961334,-2.268941712257579,12.203205797659765,27.8280104534686,-32.84269703753999,3.36,1.58,214,89.3,15,87.8,3045,6.1,813052,592663,547180,624641,664761,607208,805249,669016,592206,54.39,0.965,0.904,0.9,1,1,0,4,50,1,Sweeper,0,1,1,0,3,0,3,0,Standard,Standard,59,-0.176,0.531,65.9,7.7,1.08,-0.531,89.3,-1,1,0.285,0.7150000000000001,24,30,24,30,1,1,2,2,2,2,3.02,-1.19,-1.19,24.9,12.798403447306523,2.013857283934583,33.88347346490496,44.49952715370114,32.94210732783709
SL,2025-10-06,87.9,-0.92,5.39,"Kepler, Max",596146,686218,triple,hit_into_play,,,,,14,Max Kepler triples (1) on a line drive to right fielder Andy Pages.,D,L,R,PHI,LAD,X,9,line_drive,0,2,2025,0.23,0.32,1.0750774735379984,1.8437287030302763,,,,1,8,Bot,198.33,127.08,,,,,4.40104988283939,-128.0271719445781,-3.2040998079839023,1.6049647142508259,25.94516919096066,-28.173810812510045,3.41,1.61,243,82.3,23,88.7,2380,6.7,813052,669257,518692,669242,571970,605141,571771,681909,681624,53.78,0.456,0.418,1.6,1,1,2,4,60,3,Slider,0,4,0,4,4,0,0,4,Infield shade,Standard,182,0.034,1.165,64.8,7.6,0.54,-1.165,88.0,-4,-4,0.024,0.024,25,32,26,32,1,0,5,2,3,2,2.62,-0.23,0.23,32.9,13.757340733660806,-10.783381461057152,44.756033040214334,26.29019846993793,34.485815181168604
SI,2025-10-06,100.1,-2.3,6.13,"Smith, Will",669257,661395,,blocked_ball,,,,,14,Ball In Dirt,D,R,R,PHI,LAD,B,,,0,1,2025,-1.51,0.27,1.645558903320077,0.8699152515472424,,571970,,2,9,Top,,,,,,,14.347359121152918,-144.77640330268585,-9.669764517208137,-24.749408157956047,35.67055846175042,-25.975323043014775,3.35999888778667,1.47745036326511,,,,99.1,1861,6.2,813052,592663,547180,681082,664761,607208,596146,669016,592206,54.3,,,,,,,,67,2,Sinker,1,4,4,1,4,1,4,1,Standard,Standard,233,-0.001,0.015,,,,-0.015,,-3,3,0.037,0.963,27,30,27,30,1,2,2,2,3,2,2.04,1.51,1.51,34.9,,,,,
CH,2025-10-06,89.3,2.21,5.53,"Hernández, Teoscar",606192,666200,,ball,,,,,13,Ball,D,R,L,PHI,LAD,B,,,2,0,2025,1.51,0.61,-1.3605053301489947,1.4787901399424834,,,605141,1,1,Top,,,,,,,-11.853700044705297,-129.3712086275702,-5.159721900896718,19.43010483174035,27.713917701433314,-24.3628591485189,3.46526472265673,1.53102318822048,,,,88.5,2006,6.1,813052,592663,547180,624641,664761,607208,805249,669016,592206,54.41,,,,,,,,3,3,Changeup,0,0,0,0,0,0,0,0,Standard,Standard,109,-0.012,0.097,,,,-0.097,,0,0,0.487,0.513,27,32,28,33,1,0,12,2,3,2,2.28,1.51,-1.51,26.6,,,,,
SL,2025-10-06,95.3,-1.95,5.05,"Happ, Ian",664023,694819,strikeout,swinging_strike,,,,,1,Ian Happ strikes out swinging.,D,L,R,MIL,CHC,S,2,,3,2,2025,0.27,0.64,-0.5047562134931318,3.55963784430205,,,673548,1,3,Top,,,,,,,3.26167972833396,-138.86141940983657,0.25667807249240715,2.9049263386520368,28.62220616807237,-24.107065152411593,3.55,1.65,,,,97.8,2579,7.5,813048,661388,683734,668930,702332,687401,694192,663368,686217,53.04,,0,0,1,0,0,,23,6,Slider,3,3,3,3,3,3,3,3,Strategic,Standard,189,0.039,-0.32,50.2,4.8,,0.32,,0,0,0.491,0.509,23,30,23,31,1,1,9,2,5,2,1.85,-0.27,0.27,24.4,-8.771005922126472,50.52172143975851,29.770505538701972,38.08691062293913,7.12224015621109
SI,2025-10-06,98,0.22,6.47,"Suzuki, Seiya",673548,676879,,foul,,,,,4,Foul,D,R,L,MIL,CHC,S,,,0,0,2025,1.34,0.61,-0.2806388025769737,2.1351639251063896,,663538,663656,1,1,Top,,,,,,,-4.374204744266536,-142.61098583138272,-7.533422812355505,19.276930700694184,32.51361942182069,-22.29845081797618,3.16,1.41,214,82.3,55,96.6,2081,5.5,813048,661388,683734,668930,702332,687401,694192,663368,686217,55.05,,,,,,,,4,1,Sinker,0,0,0,0,0,0,0,0,Standard,Standard,147,0.007,-0.033,75.6,6.9,,0.033,88.0,0,0,0.46,0.54,27,30,27,31,1,0,2,2,3,2,1.76,1.34,-1.34,49.9,0.6830242424826574,1.9968066596072165,35.0944947434492,31.516410278040095,31.129689179748574
FF,2025-10-06,100.9,-2.22,6.17,"Smith, Will",669257,661395,,foul,,,,,5,Foul,D,R,R,PHI,LAD,S,,,0,0,2025,-1.24,1.04,-0.08734681889855822,2.4458333649080064,,571970,,2,9,Top,,,,,,,8.829191149301312,-146.6233345883048,-7.468735879010142,-19.93974424225321,33.81446171459943,-15.515989849615451,3.36,1.58,219,78.9,22,100.4,2140,6.1,813052,592663,547180,681082,664761,607208,596146,669016,592206,54.44,,,,,,,,67,1,4-Seam Fastball,1,4,4,1,4,1,4,1,Standard,Standard,235,0.001,-0.04,69.9,7.1,,0.04,88.0,-3,3,0.036,0.964,27,30,27,30,1,2,2,2,3,2,1.2,1.24,1.24,41.2,4.979191938568609,14.440813792199759,36.879582919837915,36.66922936180984,20.670161684194866
FF,2025-10-06,97.8,-1.32,5.29,"Ortiz, Joey",687401,694037,,blocked_ball,,,,,14,Ball In Dirt,D,R,R,MIL,CHC,B,,,0,0,2025,-0.84,1.34,0.5704714215265377,0.253179547541843,,,702332,2,4,Bot,,,,,,,7.080107427786063,-141.8689534163798,-11.218370520187834,-12.97171108671764,32.89473635511792,-11.57170377023209,3.29571793280327,1.53345916156177,,,,98.2,2323,6.7,813048,608348,683737,663538,807713,621020,664023,691718,673548,53.8,,,,,,,,37,1,4-Seam Fastball,4,3,4,3,3,4,4,3,Standard,Standard,222,0.002,0.035,,,,-0.035,,1,1,0.66,0.66,25,26,25,27,1,1,4,2,2,2,1.06,0.84,0.84,33.7,,,,,
FC,2025-10-06,89.6,2.5,5.86,"Tucker, Kyle",663656,657649,,ball,,,,,11,Ball,D,L,L,MIL,CHC,B,,,0,0,2025,-0.17,0.98,-0.9215309426302736,3.2668599120272344,,,,0,8,Top,,,,,,,-8.018420730504843,-130.29320407609077,-2.4951342058807033,-0.41909907069894964,25.722268000680867,-20.696653010663045,3.36292443181666,1.55695749472698,,,,89.3,2462,6,813048,661388,683734,668930,702332,687401,694192,663368,686217,54.52,,,,,,,,62,1,Cutter,7,3,3,7,3,7,3,7,Strategic,Standard,150,-0.003,0.041,,,,-0.041,,4,-4,0.964,0.03600000000000003,31,28,31,28,1,3,2,2,2,2,1.85,-0.17,-0.17,35.7,,,,,
FS,2025-10-06,83.8,1.78,5.29,"Vaughn, Andrew",683734,684007,,called_strike,,,,,9,Called Strike,D,R,L,MIL,CHC,S,,,0,0,2025,1.27,0.38,0.2919075260740911,1.5809063094566311,,661388,592885,2,1,Bot,,,,,,,-5.949081172403565,-121.8809707013082,-2.8390017132362644,13.848344808223505,25.965503395713682,-28.063955584347823,3.17064176943176,1.51999950692629,,,,83.5,1150,6.3,813048,608348,457759,663538,807713,621020,664023,691718,673548,54.21,,,,,,,,11,1,Split-Finger,0,3,0,3,3,0,0,3,Standard,Standard,116,-0.006,-0.047,,,,0.047,,-3,-3,0.263,0.263,31,27,32,27,1,0,5,2,,2,2.9,1.27,-1.27,33.8,,,,,
FF,2025-10-06,96.3,1.89,6.73,"Realmuto, J.T.",592663,605483,,called_strike,,,,,7,Called Strike,D,R,L,PHI,LAD,S,,,0,0,2025,0.44,1.67,-0.6778269274614781,2.185809384951602,,,,0,2,Bot,,,,,,,-7.87538082881427,-139.57711224549558,-10.269848315152764,7.6926896369448166,34.333042175580964,-8.060914078295445,3.71164420118756,1.68833508408481,,,,96.4,2547,6.8,813052,666163,518692,669242,500743,605141,571771,681624,606192,53.7,,,,,,,,13,1,4-Seam Fastball,0,0,0,0,0,0,0,0,Standard,Standard,153,-0.003,-0.039,,,,0.039,,0,0,0.551,0.551,32,34,33,34,1,0,6,2,7,2,0.82,0.44,-0.44,57.3,,,,,
FF,2025-10-06,97.4,-1.39,5.96,"Pages, Andy",681624,689147,field_out,hit_into_play,,,,,11,Andy Pages pops out to first baseman Bryce Harper in foul territory.,D,R,R,PHI,LAD,X,3,popup,0,2,2025,-0.9,1.45,-0.2332188137777168,4.035826701523584,518692,571771,571970,1,7,Top,151.75,195.43,,,,,5.157712872547829,-141.79483922624024,-2.9713967379226918,-13.329473410943985,34.17587925781184,-12.129224293689836,3.54,1.62,71,70.7,76,97.1,2396,6.2,813052,592663,547180,624641,664761,607208,805249,669016,592206,54.31,0.003,0.002,0,1,0,0,3,49,4,4-Seam Fastball,0,1,1,0,1,0,1,0,Strategic,Standard,227,0.047,-0.048,64.4,6.7,0.003,0.048,88.0,-1,1,0.238,0.762,24,24,24,25,1,2,2,2,2,2,0.96,0.9,0.9,38.6,1.1973836838444165,0.8242155305338017,22.577687493436,35.884479617726754,24.715864303568885
CU,2025-10-06,81.4,-1.67,5.61,"Frelick, Sal",686217,607067,field_out,hit_into_play,,,,,7,Sal Frelick lines out to right fielder Seiya Suzuki.,D,L,R,MIL,CHC,X,9,line_drive,3,2,2025,0.89,-0.77,-0.5880439104955077,1.5306309112341872,,,683734,2,5,Bot,187.1,114.32,,,,,0.718469956319336,-118.48672337802628,-1.0225764490090559,8.20359523055511,24.102626864700653,-39.434528829778316,3.14,1.5,260,78.8,22,81.3,2265,6.3,813048,608348,683737,663538,807713,621020,664023,691718,673548,54.18,0.833,0.787,0,1,0,0,4,47,8,Curveball,7,3,7,3,3,7,7,3,Standard,Standard,54,-0.007,-0.294,67.2,7.9,0.936,0.294,88.0,4,4,0.925,0.925,34,25,35,25,1,2,5,2,5,2,4.23,-0.89,0.89,35.6,11.733247297738911,-16.951040060988,26.375999386307715,43.10931481110495,39.267909779508344
FF,2025-10-06,96.4,-0.85,5.62,"Kepler, Max",596146,686218,,foul,,,,,4,Foul,D,L,R,PHI,LAD,S,,,0,1,2025,-0.83,1.59,-0.36855721298989474,2.656087494571623,,,,1,8,Bot,,,,,,,3.201782438533753,-140.12555314693205,-5.888046506696284,-11.628772142859237,36.35701574109134,-10.125882142102792,3.41,1.61,202,74.5,36,96.4,2472,6.7,813052,669257,518692,669242,571970,605141,571771,681909,681624,53.79,,,,,,,,60,2,4-Seam Fastball,0,4,0,4,4,0,0,4,Standard,Standard,209,-0.003,-0.052,71.9,7.7,,0.052,88.0,-4,-4,0.027,0.027,25,32,26,32,1,0,5,2,3,2,0.9,0.83,-0.83,37.2,2.849719781915105,-13.31630613728634,26.97602655933427,43.43253746440732,31.23871932611246
FF,2025-10-06,98.2,0.29,6.51,"Tucker, Kyle",663656,676879,walk,ball,,,,,11,Kyle Tucker walks. Nico Hoerner to 2nd.,D,L,L,MIL,CHC,B,,,3,2,2025,0.41,1.27,-1.1719794623496862,3.8415777967451783,,,663538,1,1,Top,,,,,,,-4.828006633172898,-142.88783038564497,-4.594774339886352,6.704375756130288,33.692519613616206,-13.960733076709625,3.43999921482173,1.53915630374151,,,,96.6,2318,5.4,813048,661388,683734,668930,702332,687401,694192,663368,686217,55.08,,0.691497,0.7,1,0,0,,3,6,4-Seam Fastball,0,0,0,0,0,0,0,0,Infield shade,Standard,148,-0.032,0.266,,,,-0.266,,0,0,0.492,0.508,27,28,27,28,1,0,2,2,3,2,1.1,0.41,0.41,51.3,,,,,
SL,2025-10-06,86.8,2.55,5.52,"Hernández, Teoscar",606192,666200,,ball,,,,,13,Ball,D,R,L,PHI,LAD,B,,,1,0,2025,-0.22,-0.49,-0.23813632605827,1.370739699852261,,,605141,1,1,Top,,,,,,,-6.158228223280297,-126.16306961660881,-2.551666880685355,-0.7733533996915779,31.435443554608288,-36.961006949767345,3.39106339276098,1.50628117610865,,,,85.2,2398,5.8,813052,592663,547180,624641,664761,607208,805249,669016,592206,54.66,,,,,,,,3,2,Slider,0,0,0,0,0,0,0,0,Standard,Standard,344,-0.007,0.068,,,,-0.068,,0,0,0.494,0.506,27,32,28,33,1,0,12,2,3,2,3.58,-0.22,0.22,27.5,,,,,
FS,2025-10-06,89.8,-1.71,5.52,"Frelick, Sal",686217,607067,,ball,,,,,11,Ball,D,L,R,MIL,CHC,B,,,2,2,2025,-1.06,0.33,-1.4967363074173516,2.593726230428748,,,683734,2,5,Bot,,,,,,,2.7993498355529507,-130.75556393642367,-1.9281925871807526,-12.77565604713802,30.13234398731188,-28.147555029349125,2.9165380179883,1.3882187697108,,,,90.2,1308,6.7,813048,608348,683737,663538,807713,621020,664023,691718,673548,53.82,,,,,,,,47,7,Split-Finger,7,3,7,3,3,7,7,3,Standard,Standard,248,0.002,0.079,,,,-0.079,,4,4,0.923,0.923,34,25,35,25,1,2,5,2,5,2,2.51,1.06,-1.06,32.4,,,,,
FF,2025-10-06,100.9,-1.06,5.48,"Perkins, Blake",663368,694037,strikeout,swinging_strike,,,,,1,Blake Perkins strikes out swinging.,D,L,R,MIL,CHC,S,2,,1,2,2025,-0.78,1.49,-0.6460363650470075,2.98001560714721,,,702332,1,4,Bot,,,,,,,3.0064486650343367,-146.81360040003614,-5.156325334674486,-11.932128062724841,36.83601634134073,-9.686116124411285,3.52,1.67,,,,101.2,2429,6.6,813048,608348,683737,663538,807713,621020,664023,691718,673548,53.9,,0,0,1,0,0,,36,4,4-Seam Fastball,4,3,4,3,3,4,4,3,Standard,Standard,218,-0.019,-0.178,68.8,6.1,,0.178,,1,1,0.679,0.679,25,28,25,29,1,1,4,2,2,2,0.76,0.78,-0.78,38.5,-1.6333571369097069,24.375439964677078,26.268798105657318,44.934954144591536,15.45143182283198
FF,2025-10-06,101.8,-2.15,6.25,"Pages, Andy",681624,661395,field_out,hit_into_play,,,,,2,Andy Pages flies out to shortstop Trea Turner.,D,R,R,PHI,LAD,X,6,fly_ball,3,2,2025,-1.13,1.06,-0.15975304591107897,3.6152028602010606,,571970,,1,9,Top,100.46,126.06,,,,,8.256088595239534,-148.03915661419916,-4.622298129100436,-18.616255500083973,36.26314762822826,-15.61404615976128,3.54,1.62,196,89.1,58,101.3,2080,6.1,813052,592663,547180,681082,664761,607208,596146,669016,592206,54.41,0.01,0.009,0,1,0,0,3,66,7,4-Seam Fastball,1,4,4,1,4,1,4,1,Standard,Standard,230,0.005,-0.281,74.0,7.4,0.011,0.281,89.1,-3,3,0.031,0.969,27,24,27,25,1,3,2,2,3,2,1.14,1.13,1.13,35.6,10.664377336000067,-10.509523094360988,24.671152589501148,35.51849494103965,33.32555731107787
FF,2025-10-06,94,1.93,6.79,"Bohm, Alec",664761,605483,field_out,hit_into_play,,,,,1,"Alec Bohm grounds out, second baseman Tommy Edman to first baseman Freddie Freeman.",D,R,L,PHI,LAD,X,4,ground_ball,0,0,2025,0.18,1.41,-0.596465896582314,3.4634835242908224,,,547180,2,1,Bot,152.77,154.92,,,,,-6.980520093754627,-136.60174151389495,-6.04619939444109,3.8008643421724613,30.281408693354912,-13.34567275248436,3.59,1.64,118,61.1,15,94.5,2414,6.7,813052,666163,518692,669242,500743,605141,571771,681624,606192,53.81,0.208,0.187,0,1,0,0,2,9,1,4-Seam Fastball,0,0,0,0,0,0,0,0,Standard,Standard,158,-0.022,-0.271,69.8,6.0,0.208,0.271,88.0,0,0,0.522,0.522,32,28,33,29,1,0,6,2,7,2,1.18,0.18,-0.18,53.4,0.9261877494155566,20.686462338009544,28.366832930849778,31.10313481660807,20.536802374688364
FF,2025-10-06,92.4,1.7,5.31,"Yelich, Christian",592885,684007,single,hit_into_play,,,,,2,Christian Yelich singles on a line drive to left fielder Ian Happ. William Contreras to 2nd.,D,L,L,MIL,CHC,X,7,line_drive,0,0,2025,1.19,1.5,0.23520575750941397,2.9646233619782976,,,661388,2,1,Bot,75.5,104.61,,,,,-6.310775941444792,-134.3307748190822,-3.3230742900344326,15.783443178687136,33.10585715283195,-13.635631868124989,3.32,1.75,232,89.1,17,91.7,2479,6.2,813048,608348,457759,663538,807713,621020,664023,691718,673548,54.28,0.8,0.755,0.9,1,1,0,4,10,1,4-Seam Fastball,0,3,0,3,3,0,0,3,Infield shade,Standard,141,0.021,0.346,69.6,6.7,0.921,-0.346,89.1,-3,-3,0.242,0.242,31,33,32,34,1,0,5,2,,2,1.21,1.19,1.19,34.7,1.1509243103527207,21.986838783241666,36.58924639349185,33.83082517344074,18.972515773740795
FC,2025-10-06,91.3,2.39,5.64,"Hoerner, Nico",663538,657649,field_out,hit_into_play,,,,,8,Nico Hoerner lines out to right fielder Sal Frelick.,D,R,L,MIL,CHC,X,9,line_drive,0,0,2025,0.08,0.89,-0.059553145949769626,1.9449358283901594,,,,2,7,Top,197.37,102.56,,,,,-6.316309446444453,-132.73728648191667,-5.3251940452611795,2.229115289969034,27.986596736060825,-20.722086936767475,3.33,1.59,297,90.7,22,91.1,2332,6.2,813048,661388,683734,668930,702332,687401,694192,663368,686217,54.33,0.185,0.213,0,1,0,0,3,58,1,Cutter,7,3,3,7,3,7,3,7,Standard,Standard,135,0.005,-0.26,71.0,7.1,0.329,0.26,90.7,4,-4,0.966,0.03400000000000003,31,28,31,28,1,3,2,2,2,2,1.85,0.08,-0.08,29.0,1.464808625245598,11.147586582576198,35.30935825431188,37.816998912045946,18.078413529826854
SL,2025-10-06,86.3,-1.13,5.75,"Swanson, Dansby",621020,682842,strikeout,swinging_strike,,,,,14,Dansby Swanson strikes out swinging.,D,R,R,MIL,CHC,S,2,,0,2,2025,1.15,0.2,0.2898987614692682,1.1131964288840113,,,,2,9,Top,,,,,,,1.0338419915614725,-125.6372019993735,-5.160937563148803,11.795531872915266,28.600625363503454,-29.160267310189838,3.58,1.68,,,,86.2,2444,6.5,813048,661388,683734,668930,702332,687401,663604,663368,686217,54.03,,0,0,1,0,0,,71,3,Slider,7,3,3,7,3,7,3,7,Strategic,Standard,62,0.001,-0.16,62.9,9.0,,0.16,,4,-4,0.999,0.0010000000000000009,25,31,25,31,1,3,8,2,5,2,2.89,-1.15,-1.15,42.7,30.89550355832214,-36.68869092482121,41.25047325175673,38.337713182833454,51.6536456731828
FF,2025-10-06,97,-1.45,5.9,"Pages, Andy",681624,689147,,foul,,,,,2,Foul,D,R,R,PHI,LAD,S,,,0,2,2025,-0.82,1.65,-0.20254522485343274,3.630586431310616,518692,571771,571970,1,7,Top,,,,,,,5.226755589627994,-141.09285260512064,-4.240666322307437,-12.199338586749803,34.99296226042968,-9.507724914073371,3.54,1.62,194,76.8,19,96.6,2466,6.3,813052,592663,547180,624641,664761,607208,805249,669016,592206,54.2,,,,,,,,49,3,4-Seam Fastball,0,1,1,0,1,0,1,0,Strategic,Standard,224,0,0,69.4,7.3,,0,88.0,-1,1,0.238,0.762,24,24,24,25,1,2,2,2,2,2,0.8,0.82,0.82,35.1,8.34256062136138,2.0318464030317953,30.949990047653152,37.0362198491216,24.70507791274726
CU,2025-10-06,79.5,-0.81,5.65,"Kepler, Max",596146,686218,,called_strike,,,,,2,Called Strike,D,L,R,PHI,LAD,S,,,0,0,2025,0.69,-1.32,0.14676321177642998,3.0765147403415973,,,,1,8,Bot,,,,,,,0.7846749593072339,-115.55382627551813,3.7728719568396585,5.944684787000896,25.925462166262836,-44.95763082592259,3.35855133527738,1.61000221241788,,,,79.1,2828,6.5,813052,669257,518692,669242,571970,605141,571771,681909,681624,53.98,,,,,,,,60,1,Curveball,0,4,0,4,4,0,0,4,Standard,Standard,39,-0.001,-0.039,,,,0.039,,-4,-4,0.028,0.028,25,32,26,32,1,0,5,2,3,2,5,-0.69,0.69,40.1,,,,,
FF,2025-10-06,100.5,-1.85,5.25,"Happ, Ian",664023,694819,,ball,,,,,11,Ball,D,L,R,MIL,CHC,B,,,2,2,2025,-1.13,1.24,-1.6675476937923701,3.1134578716416472,,,673548,1,3,Top,,,,,,,3.2621917888456236,-146.37406831490188,-3.5934480289371695,-16.981097399621973,35.196943841096235,-13.708974976287541,3.60847759265729,1.70848405821019,,,,102.6,2692,7.4,813048,661388,683734,668930,702332,687401,694192,663368,686217,53.11,,,,,,,,23,5,4-Seam Fastball,3,3,3,3,3,3,3,3,Standard,Standard,220,-0.011,0.098,,,,-0.098,,0,0,0.502,0.498,23,30,23,31,1,1,9,2,5,2,1.02,1.13,-1.13,34.5,,,,,
SI,2025-10-06,96.3,2.46,5.65,"Hernández, Teoscar",606192,666200,,ball,,,,,12,Ball,D,R,L,PHI,LAD,B,,,0,0,2025,1.35,0.68,1.0036557677081188,2.8470641543662363,,,605141,1,1,Top,,,,,,,-6.885551679331421,-140.0792419945241,-3.3435885108432806,19.369793680134066,33.165696473349996,-22.714025430139454,3.46526479940307,1.55576677392337,,,,95.4,2262,5.9,813052,592663,547180,624641,664761,607208,805249,669016,592206,54.59,,,,,,,,3,1,Sinker,0,0,0,0,0,0,0,0,Standard,Standard,120,-0.004,0.035,,,,-0.035,,0,0,0.498,0.502,27,32,28,33,1,0,12,2,3,2,1.79,1.35,-1.35,27.5,,,,,
FF,2025-10-06,99,-0.88,5.76,"Perkins, Blake",663368,694037,,ball,,,,,11,Ball,D,L,R,MIL,CHC,B,,,0,2,2025,-0.66,1.48,-0.9741965942286288,4.564434053968538,,,702332,1,4,Bot,,,,,,,1.3023601735807295,-144.0625622444415,-1.2065364324915167,-9.47581635919854,38.05007720057104,-11.767180130207198,3.46318238015105,1.66999892601534,,,,98.7,2410,6.4,813048,608348,683737,663538,807713,621020,664023,691718,673548,54.09,,,,,,,,36,3,4-Seam Fastball,4,3,4,3,3,4,4,3,Standard,Standard,206,0.003,0.01,,,,-0.01,,1,1,0.676,0.676,25,28,25,29,1,1,4,2,2,2,0.88,0.66,-0.66,42.6,,,,,
SI,2025-10-06,97.8,0.31,6.52,"Tucker, Kyle",663656,676879,,foul,,,,,5,Foul,D,L,L,MIL,CHC,S,,,3,1,2025,1.24,0.6,0.2158863296410518,2.239002113327323,,,663538,1,1,Top,,,,,,,-3.052154376470676,-142.24599877032583,-7.327931546264916,17.47897482057618,33.00288727679918,-22.519134684940404,3.44,1.6,5,75.9,-25,96.2,2081,5.4,813048,661388,683734,668930,702332,687401,694192,663368,686217,55.05,,,,,,,,3,5,Sinker,0,0,0,0,0,0,0,0,Infield shade,Standard,142,0.009,-0.085,76.4,8.1,,0.085,88.0,0,0,0.483,0.517,27,28,27,28,1,0,2,2,3,2,1.79,1.24,1.24,52.7,20.84378497803422,-12.029330231668599,33.14370521830908,35.059909971478874,30.481903208764784
ST,2025-10-06,82.8,1.98,5.3,"Contreras, William",661388,684007,single,hit_into_play,,,,,13,William Contreras singles on a line drive to left fielder Ian Happ.,D,R,L,MIL,CHC,X,7,line_drive,0,1,2025,-0.93,-0.15,-0.9612293184252608,1.823901129122175,,,,2,1,Bot,57.97,133.56,,,,,-4.864716389225572,-120.43988574078793,-1.0531877078125425,-7.930664731722286,26.549421111232416,-33.61495839002534,3.46,1.62,185,73.4,18,82.1,2460,6.2,813048,608348,457759,663538,807713,621020,664023,691718,673548,54.34,0.848,0.776,0.9,1,1,0,4,9,2,Sweeper,0,3,0,3,3,0,0,3,Standard,Standard,286,0.012,0.368,70.3,7.4,0.904,-0.368,88.0,-3,-3,0.23,0.23,31,27,32,28,1,0,5,2,,2,3.51,-0.93,0.93,33.4,10.394623076817217,-15.257555308132435,37.153854046483524,24.47625644546833,34.401023947669785
SI,2025-10-06,97.9,2.06,6,"Busch, Michael",683737,657649,field_out,hit_into_play,,,,,5,"Michael Busch grounds out sharply, first baseman Andrew Vaughn to pitcher Jared Koenig.",D,L,L,MIL,CHC,X,3,ground_ball,3,2,2025,1.23,0.94,0.1146122022200986,2.232175155908238,,,,1,7,Top,162.09,167.57,,,,,-8.073962212674866,-142.26367557665213,-6.807949774920871,18.617158460994172,32.65769950081077,-18.02943390933766,3.28,1.58,5,106.1,-22,97.6,2449,6.2,813048,661388,683734,668930,702332,687401,694192,663368,686217,54.29,0.114,0.107,0,1,0,0,2,57,7,Sinker,7,3,3,7,3,7,3,7,Strategic,Standard,142,0.013,-0.332,70.8,7.1,0.135,0.332,106.1,4,-4,0.953,0.04700000000000004,31,27,31,28,1,1,2,2,2,2,1.45,1.23,1.23,40.6,18.267063033222094,-4.83595195000919,36.5423424513272,34.350051315680275,34.05000721698695
SL,2025-10-06,88.9,1.95,6.8,"Harper, Bryce",547180,605483,walk,blocked_ball,,,,,13,Bryce Harper walks.,D,L,L,PHI,LAD,B,,,3,2,2025,-0.33,0.65,-1.659594972299598,0.04107429775197158,,,,2,1,Bot,,,,,,,-8.195367541325664,-128.9254635835779,-11.94591577591401,-2.1570911053621824,24.72507682182126,-22.652610385961555,3.04162726537404,1.61758799183584,,,,89.6,2450,6.7,813052,666163,518692,669242,500743,605141,571771,681624,606192,53.79,,0.691497,0.7,1,0,0,,8,6,Slider,0,0,0,0,0,0,0,0,Strategic,Standard,163,0.01,0.259,,,,-0.259,,0,0,0.512,0.512,32,32,33,33,1,0,6,2,7,2,2.23,-0.33,-0.33,63.0,,,,,
SI,2025-10-06,98.4,-1.41,5.68,"Swanson, Dansby",621020,682842,,foul,,,,,2,Foul,D,R,R,MIL,CHC,S,,,0,1,2025,-0.62,0.69,-0.003708107869761501,3.235141552619064,,,,2,9,Top,,,,,,,5.24770175575663,-143.1734581630784,-2.750938987173379,-9.783859210454692,34.411157818048835,-22.291077666658666,3.58,1.68,142,91.9,72,98.2,2416,6.3,813048,661388,683734,668930,702332,687401,663604,663368,686217,54.21,,,,,,,,71,2,Sinker,7,3,3,7,3,7,3,7,Strategic,Standard,211,0,-0.057,69.5,7.0,,0.057,91.9,4,-4,0.999,0.0010000000000000009,25,31,25,31,1,3,8,2,5,2,1.67,0.62,0.62,37.2,14.420406482831304,4.5062748940109945,30.844912141938096,36.95434624519261,30.02864338814158
ST,2025-10-06,83.9,-3.1,6.22,"Castellanos, Nick",592206,595014,double,hit_into_play,,,,,14,"Dodgers challenged (tag play), call on the field was upheld: Nick Castellanos doubles (1) on a line drive to left fielder Enrique Hernández. Alec Bohm scores. J.T. Realmuto scores.",D,R,R,PHI,LAD,X,7,line_drive,1,2,2025,1.17,0.02,0.925029242388211,1.6565432512332277,664761,592663,,0,9,Bot,56.79,129.31,,,,,6.926026771597583,-122.03129082446995,-4.118860669062624,10.200140566083023,25.071195232768556,-31.307487095596052,3.94,1.89,182,80.9,15,82.8,2587,5.7,813052,669257,518692,669242,571970,605141,571771,681909,681624,54.83,0.916,0.866,1.25,1,1,1,4,71,4,Sweeper,1,4,1,4,4,3,3,4,Standard,Standard,47,0.252,0.795,54.9,8.5,1.037,-0.795,88.0,-3,-3,0.196,0.196,37,33,37,33,1,3,5,2,2,2,3.23,-1.17,-1.17,27.6,19.29386931243717,-14.961613317180184,40.563824133528534,47.8248136047489,35.46731827332971
ST,2025-10-06,87.9,-2.05,5.57,"Pages, Andy",681624,689147,,foul,,,,,13,Foul,D,R,R,PHI,LAD,S,,,0,1,2025,1.09,0.06,-0.18741105747725495,1.4431388375376373,518692,571771,571970,1,7,Top,,,,,,,2.2283018161274524,-127.84110004359272,-3.923025233456531,11.334741996385246,30.365846074432294,-30.80539058650441,3.54,1.62,216,74,41,87.1,3084,6.2,813052,592663,547180,624641,664761,607208,805249,669016,592206,54.33,,,,,,,,49,2,Sweeper,0,1,1,0,1,0,1,0,Strategic,Standard,59,0.019,-0.064,73.9,8.3,,0.064,88.0,-1,1,0.219,0.781,24,24,24,25,1,2,2,2,2,2,2.93,-1.09,-1.09,25.7,-1.4798955480646978,0.05240537815127937,52.65979334671278,37.705602589138316,25.51651021784179
SL,2025-10-06,97.5,-1.96,4.96,"Happ, Ian",664023,694819,,foul_tip,,,,,5,Foul Tip,D,L,R,MIL,CHC,S,,,2,1,2025,0.01,0.92,-0.006993116910110744,2.500968999125506,,,673548,1,3,Top,,,,,,,5.32545963998457,-141.90729599523422,-3.276475261150721,-0.9976747525313505,31.78764184943855,-19.179256817742342,3.55,1.65,,,,99.4,2566,7.3,813048,661388,683734,668930,702332,687401,694192,663368,686217,53.2,,,,,,,,23,4,Slider,3,3,3,3,3,3,3,3,Standard,Standard,210,0.009,-0.075,72.2,6.1,,0.075,,0,0,0.493,0.507,23,30,23,31,1,1,9,2,5,2,1.47,-0.01,0.01,27.7,-2.532807045789054,6.0198386839091,37.30885787251513,33.23226204145245,22.184403777803446
SI,2025-10-06,98.4,-2.31,6.09,"Pages, Andy",681624,661395,,foul,,,,,14,Foul,D,R,R,PHI,LAD,S,,,3,2,2025,-1.23,0.06,0.4288488236383421,0.8217210345233861,,571970,,1,9,Top,,,,,,,10.206863744937001,-142.75865445879407,-8.901939698887913,-19.098680815764393,31.743672965178277,-29.44970688062551,3.54,1.62,2,86.2,-21,97.8,1746,6.1,813052,592663,547180,681082,664761,607208,596146,669016,592206,54.43,,,,,,,,66,6,Sinker,1,4,4,1,4,1,4,1,Standard,Standard,244,0,0,70.2,8.5,,0,88.0,-3,3,0.031,0.969,27,24,27,25,1,3,2,2,3,2,2.3,1.23,1.23,31.6,5.411334697836435,1.0335967429676702,44.814645867589725,43.31074909075626,26.222469002476437
FF,2025-10-06,95.5,-1.01,5.5,"Marsh, Brandon",669016,686218,field_out,hit_into_play,,,,,2,Brandon Marsh flies out sharply to center fielder Justin Dean.,D,L,R,PHI,LAD,X,8,fly_ball,2,0,2025,-0.79,1.45,-0.11539055911890783,2.709434049342925,,,,0,8,Bot,91.08,68.54,,,,,4.156098893969907,-138.9285949248843,-4.9649539156142435,-11.182336022500655,34.85589173006208,-12.512691085035952,3.2,1.53,335,100.3,43,95.7,2447,6.7,813052,669257,518692,669242,571970,605141,571771,681909,681624,53.83,0.071,0.123,0,1,0,0,3,59,3,4-Seam Fastball,0,4,0,4,4,0,0,4,Standard,Standard,209,-0.025,-0.378,75.9,7.0,0.239,0.378,100.3,-4,-4,0.053,0.053,25,27,26,28,1,2,5,2,3,2,1.07,0.79,-0.79,33.5,7.734754449849673,-0.11183642470411485,32.98087632192859,39.78014838046456,27.550111236366646
CU,2025-10-06,82.2,-1.68,5.55,"Frelick, Sal",686217,607067,,foul,,,,,6,Foul,D,L,R,MIL,CHC,S,,,2,2,2025,0.94,-0.2,0.581009786632421,2.177818745651389,,,683734,2,5,Bot,,,,,,,3.3037433391221684,-119.71704522307935,-0.7031760355767342,8.347245960166408,23.893861972975426,-34.164299647868035,3.14,1.5,,,,82.4,2320,6.4,813048,608348,683737,663538,807713,621020,664023,691718,673548,54.07,,,,,,,,47,6,Curveball,7,3,7,3,3,7,7,3,Strategic,Standard,53,0,0,67.7,7.1,,0,,4,4,0.923,0.923,34,25,35,25,1,2,5,2,5,2,3.58,-0.94,0.94,36.6,19.106041558118545,-12.134295172202386,31.217012188102448,27.97666942386593,32.40188817472728
CH,2025-10-06,90,2.29,5.7,"Betts, Mookie",605141,666200,single,hit_into_play,,,,,9,Mookie Betts singles on a ground ball to left fielder Otto Kemp.,D,R,L,PHI,LAD,X,7,ground_ball,1,2,2025,1.24,0.71,0.3822341468511732,1.605555173722588,,,,1,1,Top,82.9,122.02,,,,,-7.294591638943613,-130.82545503619176,-5.639721351347326,15.832761442716468,28.31021075758325,-22.9666272640156,3.23,1.53,95,99.2,5,89.1,1960,5.9,813052,592663,547180,624641,664761,607208,805249,669016,592206,54.65,0.552,0.501,0.9,1,1,0,4,2,5,Changeup,0,0,0,0,0,0,0,0,Infield shade,Standard,115,-0.029,0.489,68.6,8.0,0.605,-0.489,99.2,0,0,0.527,0.473,27,32,28,33,1,0,12,2,3,2,2.11,1.24,-1.24,29.2,16.093181940769043,-5.487331555841913,37.16562152680187,45.093423578319516,32.662066613366385
FF,2025-10-06,101,-2.36,6.17,"Pages, Andy",681624,661395,,ball,,,,,12,Ball,D,R,R,PHI,LAD,B,,,2,2,2025,-1.21,0.96,0.2184822194557816,4.1254002564418855,,571970,,1,9,Top,,,,,,,9.946535351321787,-146.7301518046697,-2.6116347040604966,-19.816680301512015,35.06570854698596,-17.87045083042264,3.43740885159232,1.51736984856372,,,,100.1,2074,5.9,813052,592663,547180,681082,664761,607208,596146,669016,592206,54.61,,,,,,,,66,5,4-Seam Fastball,1,4,4,1,4,1,4,1,Standard,Standard,236,-0.001,0.068,,,,-0.068,,-3,3,0.032,0.968,27,24,27,25,1,3,2,2,3,2,1.28,1.21,1.21,31.2,,,,,
FC,2025-10-06,91.2,-1.51,5.29,"Swanson, Dansby",621020,694477,field_out,hit_into_play,,,,,14,"Dansby Swanson grounds out softly, first baseman Andrew Vaughn to pitcher Chad Patrick.",D,R,R,MIL,CHC,X,3,ground_ball,0,0,2025,0.1,1.02,0.983722485913168,2.53183162193043,,,,2,6,Top,160.43,169.48,,,,,6.05384870968182,-132.7401215485308,-3.236390141914603,-0.06802100930403034,27.306317061060437,-19.66062746651551,3.58,1.68,6,55.9,-22,91.2,2557,6.2,813048,661388,683734,668930,702332,687401,694192,663368,686217,54.32,0.091,0.085,0,1,0,0,1,50,1,Cutter,7,3,3,7,3,7,3,7,Strategic,Standard,181,0.006,-0.26,69.1,7.4,0.094,0.26,88.0,4,-4,0.945,0.05500000000000005,26,31,27,31,1,2,8,2,2,2,1.72,-0.1,-0.1,30.3,13.406577854571822,3.8042116671204953,32.227434331645725,46.38648201905212,29.510280275858104
FF,2025-10-06,99,-1.26,5.49,"Perkins, Blake",663368,694037,,foul,,,,,5,Foul,D,L,R,MIL,CHC,S,,,0,1,2025,-0.75,1.45,0.08247930991634322,2.664206517377695,,,702332,1,4,Bot,,,,,,,5.442970574185689,-143.92113287422947,-5.6057897259159954,-11.749517183697257,37.83360731732993,-11.026918071193476,3.52,1.67,217,77.4,52,98.8,2440,6.5,813048,608348,683737,663538,807713,621020,664023,691718,673548,53.99,,,,,,,,36,2,4-Seam Fastball,4,3,4,3,3,4,4,3,Standard,Standard,218,-0.007,-0.047,69.7,6.8,,0.047,88.0,1,1,0.683,0.683,25,28,25,29,1,1,4,2,2,2,0.91,0.75,-0.75,36.6,5.504647912109767,2.015973293022927,29.537223546128185,36.36555659601645,25.35951092807079
SI,2025-10-06,98.4,0.28,6.44,"Tucker, Kyle",663656,676879,,ball,,,,,12,Ball,D,L,L,MIL,CHC,B,,,2,1,2025,1.32,0.52,0.9968742321625014,3.1272212590448514,,,663538,1,1,Top,,,,,,,-1.0972620193709104,-143.30046646392688,-4.684548803706696,18.370338613520676,34.00492237227339,-24.094698435868207,3.37917558048624,1.53914661222862,,,,96.9,2096,5.5,813048,661388,683734,668930,702332,687401,694192,663368,686217,55.04,,,,,,,,3,4,Sinker,0,0,0,0,0,0,0,0,Infield shade,Standard,149,-0.011,0.109,,,,-0.109,,0,0,0.494,0.506,27,28,27,28,1,0,2,2,3,2,1.83,1.32,1.32,49.3,,,,,
ST,2025-10-06,81.2,1.98,5.24,"Contreras, William",661388,684007,,foul,,,,,13,Foul,D,R,L,MIL,CHC,S,,,0,0,2025,-0.79,0.51,-1.1937726737646024,2.2125867821050007,,,,2,1,Bot,,,,,,,-5.556720519383581,-117.97587251458904,-0.9785329882475865,-6.018531259082182,27.259632183070266,-27.526905473636294,3.46,1.62,374,107.2,31,80.3,2523,6.2,813048,608348,457759,663538,807713,621020,664023,691718,673548,54.27,,,,,,,,9,1,Sweeper,0,3,0,3,3,0,0,3,Standard,Standard,295,-0.001,-0.043,77.6,7.9,,0.043,107.2,-3,-3,0.231,0.231,31,27,32,28,1,0,5,2,,2,3.02,-0.79,0.79,34.2,19.91423888632763,-36.268130272233876,29.64837481379549,23.50247102529333,50.080437752989404
CU,2025-10-06,84.1,1.8,6.73,"Harper, Bryce",547180,605483,,ball,,,,,13,Ball,D,L,L,PHI,LAD,B,,,2,2,2025,-0.88,-0.41,-0.767036787522893,-0.9609100153985324,,,,2,1,Bot,,,,,,,-4.232287052652574,-122.04271103541201,-10.591051682115138,-7.8219274644406,27.022982934464924,-34.08587298595663,3.08937060569091,1.64019025486046,,,,84.3,2659,6.9,813052,666163,518692,669242,500743,605141,571771,681624,606192,53.65,,,,,,,,8,5,Curveball,0,0,0,0,0,0,0,0,Strategic,Standard,334,0.004,0.104,,,,-0.104,,0,0,0.508,0.508,32,32,33,33,1,0,6,2,7,2,3.68,-0.88,-0.88,58.7,,,,,
FF,2025-10-06,96.9,2.24,5.95,"Busch, Michael",683737,657649,,foul,,,,,5,Foul,D,L,L,MIL,CHC,S,,,3,2,2025,0.26,1.35,0.10478777309048376,2.5157843819459487,,,,1,7,Top,,,,,,,-6.308970057963129,-140.81252219752903,-6.688982919330018,4.9750402975135275,32.92087771256862,-12.820234156970205,3.28,1.58,230,79.2,49,96.7,2407,6.3,813048,661388,683734,668930,702332,687401,694192,663368,686217,54.18,,,,,,,,57,6,4-Seam Fastball,7,3,3,7,3,7,3,7,Strategic,Standard,154,0,0,61.6,5.8,,0,88.0,4,-4,0.953,0.04700000000000004,31,27,31,28,1,1,2,2,2,2,1.09,0.26,0.26,36.7,0.3817514312965837,7.039302786827524,36.51136019542988,34.479106014563456,25.847036528643745
FF,2025-10-06,95.6,-1.69,5.43,"Frelick, Sal",686217,607067,,ball,,,,,11,Ball,D,L,R,MIL,CHC,B,,,1,2,2025,-0.7,1.16,-1.5045576177649664,2.233448856513277,,,683734,2,5,Bot,,,,,,,2.081784896975323,-139.17776025541667,-5.444377191663056,-9.55306661334011,32.12216384266082,-16.06678582562969,2.96312272240962,1.44884346931697,,,,96.2,2214,6.7,813048,608348,683737,663538,807713,621020,664023,691718,673548,53.83,,,,,,,,47,5,4-Seam Fastball,7,3,7,3,3,7,7,3,Standard,Standard,217,0.001,0.033,,,,-0.033,,4,4,0.922,0.922,34,25,35,25,1,2,5,2,5,2,1.34,0.7,-0.7,31.6,,,,,
ST,2025-10-06,84.9,-3.03,6.13,"Castellanos, Nick",592206,595014,,ball,,,,,14,Ball,D,R,R,PHI,LAD,B,,,0,2,2025,0.96,0.09,1.738091886262163,1.0944705065839693,664761,592663,,0,9,Bot,,,,,,,9.161166679847762,-123.31495390829181,-5.556726798804959,7.9013546517014985,25.16699166645108,-30.318417833301147,3.73249988689888,1.78620629640167,,,,84,2573,5.9,813052,669257,518692,669242,571970,605141,571771,681909,681624,54.63,,,,,,,,71,3,Sweeper,1,4,1,4,4,1,1,4,Standard,Standard,49,0.009,0.019,,,,-0.019,,-3,-3,0.187,0.187,37,33,37,33,1,3,5,2,2,2,3.09,-0.96,-0.96,28.5,,,,,
SI,2025-10-06,96.7,-1.67,5.67,"Pages, Andy",681624,689147,,called_strike,,,,,7,Called Strike,D,R,R,PHI,LAD,S,,,0,0,2025,-1.32,0.97,-0.5753181857115017,1.955446270299802,518692,571771,571970,1,7,Top,,,,,,,5.941422909214276,-140.54086595914845,-6.525337627904736,-18.86057958269273,34.2540357367223,-18.00102948945796,3.53999629135692,1.56837835894175,,,,96.6,2304,6.5,813052,592663,547180,624641,664761,607208,805249,669016,592206,54,,,,,,,,49,1,Sinker,0,1,1,0,1,0,1,0,Strategic,Standard,231,0.012,-0.05,,,,0.05,,-1,1,0.207,0.793,24,24,24,25,1,2,2,2,2,2,1.49,1.32,1.32,30.4,,,,,
SL,2025-10-06,85.7,-1.33,5.83,"Swanson, Dansby",621020,682842,,called_strike,,,,,7,Called Strike,D,R,R,MIL,CHC,S,,,0,0,2025,1.12,0.28,-0.7489262029317894,2.10743774086787,,,,2,9,Top,,,,,,,-0.9009284789991281,-124.77064713322227,-3.0573415801766393,11.890616856503973,26.218041980232755,-28.88594601944144,3.63858929533493,1.7386212907807,,,,85.5,2511,6.2,813048,661388,683734,668930,702332,687401,663604,663368,686217,54.25,,,,,,,,71,1,Slider,7,3,3,7,3,7,3,7,Strategic,Standard,68,0,-0.043,,,,0.043,,4,-4,0.999,0.0010000000000000009,25,31,25,31,1,3,8,2,5,2,2.84,-1.12,-1.12,41.4,,,,,
FF,2025-10-06,100.4,-1.82,5.08,"Happ, Ian",664023,694819,,called_strike,,,,,7,Called Strike,D,L,R,MIL,CHC,S,,,2,0,2025,-1.26,1.13,-0.8025970516081584,2.218058907300115,,,673548,1,3,Top,,,,,,,5.930911031382737,-146.11812596758315,-5.385749017130605,-19.385855784938187,34.57657889904778,-14.840086110845055,3.48973258397682,1.71029701944774,,,,102.7,2725,7.5,813048,661388,683734,668930,702332,687401,694192,663368,686217,52.96,,,,,,,,23,3,4-Seam Fastball,3,3,3,3,3,3,3,3,Standard,Standard,226,0.009,-0.062,,,,0.062,,0,0,0.484,0.516,23,30,23,31,1,1,9,2,5,2,1.13,1.26,-1.26,29.1,,,,,
FF,2025-10-06,94.9,-1,5.48,"Marsh, Brandon",669016,686218,,ball,,,,,14,Ball,D,L,R,PHI,LAD,B,,,1,0,2025,-0.71,1.58,1.1693640511147647,2.055234277073704,,,,0,8,Bot,,,,,,,7.321087458406242,-137.80616786308192,-6.819579639362119,-10.787573173623404,33.658874024264804,-10.73883767564413,3.2,1.53,,,,95.2,2390,6.8,813052,669257,518692,669242,571970,605141,571771,681909,681624,53.7,,,,,,,,59,2,4-Seam Fastball,0,4,0,4,4,0,0,4,Standard,Standard,209,0.006,0.077,,,,-0.077,,-4,-4,0.047,0.047,25,27,26,28,1,2,5,2,3,2,0.98,0.71,-0.71,36.6,,,,,
SI,2025-10-06,99.4,-2.32,6.27,"Pages, Andy",681624,661395,,foul,,,,,5,Foul,D,R,R,PHI,LAD,S,,,2,1,2025,-1.36,0.12,-0.25840307902123816,2.7352725278223913,,571970,,1,9,Top,,,,,,,8.790306394481473,-144.458861311304,-4.5212012120485,-21.12456170571626,34.20897613795299,-29.632011014830578,3.54,1.62,6,77.4,-26,98.8,1852,6,813052,592663,547180,681082,664761,607208,596146,669016,592206,54.47,,,,,,,,66,4,Sinker,1,4,4,1,4,1,4,1,Standard,Standard,233,0.001,-0.065,73.9,7.8,,0.065,88.0,-3,3,0.031,0.969,27,24,27,25,1,3,2,2,3,2,2.2,1.36,1.36,35.4,4.015757132914475,-4.996325569225259,35.87713763842768,34.93194743138827,30.131364668624002
FF,2025-10-06,99.1,2.06,5.91,"Betts, Mookie",605141,666200,,foul,,,,,11,Foul,D,R,L,PHI,LAD,S,,,1,2,2025,0.96,1.46,-0.9156328655315215,2.5435130942024697,,,,1,1,Top,,,,,,,-10.289874262800067,-143.76758754924313,-7.1132254087355005,15.682681972387776,34.396022820850774,-10.418028067750445,3.23,1.53,,,,98.4,2338,6.1,813052,592663,547180,624641,664761,607208,805249,669016,592206,54.38,,,,,,,,2,4,4-Seam Fastball,0,0,0,0,0,0,0,0,Standard,Standard,129,0,0,63.2,5.8,,0,,0,0,0.527,0.473,27,32,28,33,1,0,12,2,3,2,0.88,0.96,-0.96,33.3,-7.24752984779942,12.376421511675455,45.01000396753179,28.584847074635615,17.08170286316203
FF,2025-10-06,99.5,-1.29,5.4,"Perkins, Blake",663368,694037,,called_strike,,,,,8,Called Strike,D,L,R,MIL,CHC,S,,,0,0,2025,-0.98,1.49,0.23136241779751343,2.1391019567099177,,,702332,1,4,Bot,,,,,,,6.50744243846605,-144.568648580934,-7.00829921614696,-15.253245202070039,37.39693550074038,-9.873063509897376,3.39816625832568,1.60905029712923,,,,99.6,2410,6.7,813048,608348,683737,663538,807713,621020,664023,691718,673548,53.84,,,,,,,,36,1,4-Seam Fastball,4,3,4,3,3,4,4,3,Standard,Standard,219,-0.004,-0.04,,,,0.04,,1,1,0.687,0.687,25,28,25,29,1,1,4,2,2,2,0.84,0.98,-0.98,38.7,,,,,
FF,2025-10-06,97,-1.66,5.55,"Frelick, Sal",686217,607067,,foul,,,,,11,Foul,D,L,R,MIL,CHC,S,,,1,2,2025,-0.98,1.18,-0.7906450371205156,3.7555613787071076,,,683734,2,5,Bot,,,,,,,4.598036445753771,-141.10837313308474,-1.930668963643559,-14.145563260010467,35.19034564303726,-16.210948674762893,3.14,1.5,,,,97.1,2260,6.6,813048,608348,683737,663538,807713,621020,664023,691718,673548,53.91,,,,,,,,47,4,4-Seam Fastball,7,3,7,3,3,7,7,3,Standard,Standard,218,0,0,45.7,4.9,,0,,4,4,0.922,0.922,34,25,35,25,1,2,5,2,5,2,1.26,0.98,-0.98,34.8,-20.415166161303254,47.42375627370532,22.966814627995205,44.33591284959381,-4.140399191822027
SI,2025-10-06,98.6,0.16,6.51,"Tucker, Kyle",663656,676879,,blocked_ball,,,,,13,Ball In Dirt,D,L,L,MIL,CHC,B,,,1,1,2025,1.14,0.61,-1.3678204518855064,0.7193277095676884,,,663538,1,1,Top,,,,,,,-6.675647874013104,-143.02633860789226,-11.445665117923062,17.226691356836426,34.26040186283358,-21.27311340560737,3.07677629085886,1.35838417380811,,,,96.7,2222,5.5,813048,661388,683734,668930,702332,687401,694192,663368,686217,55.03,,,,,,,,3,3,Sinker,0,0,0,0,0,0,0,0,Infield shade,Standard,150,-0.005,0.063,,,,-0.063,,0,0,0.499,0.501,27,28,27,28,1,0,2,2,3,2,1.76,1.14,1.14,58.0,,,,,
FF,2025-10-06,96.9,1.98,6.65,"Harper, Bryce",547180,605483,,swinging_strike,,,,,8,Swinging Strike,D,L,L,PHI,LAD,S,,,2,1,2025,0.21,1.86,-0.012951473438502559,1.8643387627103243,,,,2,1,Bot,,,,,,,-5.845369115153129,-140.44197257423417,-11.496119742377317,4.219889869848063,35.321372545114,-5.069720445772085,3.19,1.64,,,,97.3,2560,7,813052,666163,518692,669242,500743,605141,571771,681624,606192,53.52,,,,,,,,8,4,4-Seam Fastball,0,0,0,0,0,0,0,0,Strategic,Standard,158,-0.003,-0.073,80.7,7.4,,0.073,,0,0,0.511,0.511,32,32,33,33,1,0,6,2,7,2,0.61,0.21,0.21,54.8,6.05750173203407,3.6073830540656036,43.655096350983754,38.4678035854046,24.72710326012729
FF,2025-10-06,93.2,1.67,5.33,"Turang, Brice",668930,684007,strikeout,swinging_strike,,,,,2,Brice Turang strikes out swinging.,D,L,L,MIL,CHC,S,2,,2,2,2025,1.28,1.49,0.05033926917828446,3.3077163997054053,,,,1,1,Bot,,,,,,,-6.958944137296778,-135.3626573584317,-2.5773475031796917,17.260175795744424,35.112018883930766,-13.655075427900451,3.5,1.64,,,,92.3,2518,6.3,813048,608348,457759,663538,807713,621020,664023,691718,673548,54.2,,0,0,1,0,0,,8,5,4-Seam Fastball,0,3,0,3,3,0,0,3,Standard,Standard,143,-0.013,-0.228,73.4,6.3,,0.228,,-3,-3,0.244,0.244,31,25,32,26,1,0,5,2,,2,1.18,1.28,1.28,38.2,2.6423943851676555,16.161985963704602,27.463823864256344,32.62298474453188,28.135404867938664
CU,2025-10-06,83.7,2.46,5.62,"Busch, Michael",683737,657649,,ball,,,,,13,Ball,D,L,L,MIL,CHC,B,,,2,2,2025,-1.11,-0.71,-3.3915248329058403,0.1395581605372791,,,,1,7,Top,,,,,,,-11.223975916840491,-121.34396577499335,-4.670291087569498,-8.375164399919633,26.860785096667936,-38.300323754046914,3.19057099667524,1.57630005907811,,,,82.6,2676,6.1,813048,661388,683734,668930,702332,687401,694192,663368,686217,54.45,,,,,,,,57,5,Curveball,7,3,3,7,3,7,3,7,Strategic,Standard,312,-0.005,0.104,,,,-0.104,,4,-4,0.958,0.04200000000000004,31,27,31,28,1,1,2,2,2,2,4.03,-1.11,-1.11,29.0,,,,,
ST,2025-10-06,84.3,-2.95,6.21,"Castellanos, Nick",592206,595014,,swinging_strike,,,,,14,Swinging Strike,D,R,R,PHI,LAD,S,,,0,1,2025,1.24,0.01,1.266919645817447,2.1361126784169038,664761,592663,,0,9,Bot,,,,,,,7.252934096773245,-122.54805262735728,-3.066553166303831,10.948209617403426,25.297224950116625,-31.62259544028452,3.94,1.89,,,,83.2,2573,5.7,813052,669257,518692,669242,571970,605141,571771,681909,681624,54.78,,,,,,,,71,2,Sweeper,1,4,1,4,4,1,1,4,Standard,Standard,52,-0.021,-0.058,61.5,8.9,,0.058,,-3,-3,0.208,0.208,37,33,37,33,1,3,5,2,2,2,3.21,-1.24,-1.24,28.7,26.48760816875762,-36.75888168459668,33.556481102276805,49.93347020856021,44.69725754018973
SL,2025-10-06,87.1,-1.28,5.73,"Crow-Armstrong, Pete",691718,682842,strikeout,swinging_strike_blocked,,,,,14,Pete Crow-Armstrong strikes out swinging.,D,L,R,MIL,CHC,S,2,,1,2,2025,1.18,0.26,0.031023279316003904,0.5171164129777686,,,,1,9,Top,,,,,,,0.728193159423163,-126.75824463987202,-6.870491876479269,12.558005961904811,26.516554968987023,-28.191993494286812,3.13,1.48,,,,87.2,2681,6.4,813048,661388,683734,668930,702332,687401,663604,663368,686217,54.07,,0,0,1,0,0,,70,4,Slider,7,3,3,7,3,7,3,7,Strategic,Standard,53,0.004,-0.18,56.2,8.7,,0.18,,4,-4,0.995,0.0050000000000000044,25,23,25,23,1,3,8,2,5,2,2.75,-1.18,1.18,39.5,27.497052071359583,-44.71000165307909,33.44291405706817,33.41173606855334,59.59082637117538
SV,2025-10-06,87.2,-1.6,5.35,"Crow-Armstrong, Pete",691718,694477,strikeout,swinging_strike_blocked,,,,,14,Pete Crow-Armstrong strikes out swinging.,D,L,R,MIL,CHC,S,2,,2,2,2025,0.34,-0.57,0.435577375758263,0.3656665977663085,,,,1,6,Top,,,,,,,4.177949057792885,-126.96914233862528,-4.630421995238115,2.835712316736048,26.49209013958875,-37.58929215667616,3.13,1.48,,,,87.1,2571,6.2,813048,661388,683734,668930,702332,687401,694192,663368,686217,54.26,,0,0,1,0,0,,49,6,Slurve,7,3,3,7,3,7,3,7,Strategic,Standard,68,0.008,-0.228,67.8,7.8,,0.228,,4,-4,0.937,0.06299999999999994,26,23,27,23,1,2,8,2,2,2,3.57,-0.34,0.34,34.6,10.7570750682134,-11.186747339160512,44.612947225277026,26.44123896032888,33.13481176939614
FF,2025-10-06,98.2,-1.47,5.91,"Muncy, Max",571970,689147,walk,ball,,,,,14,Max Muncy walks. Enrique Hernández to 2nd.,D,L,R,PHI,LAD,B,,,3,0,2025,-0.9,1.34,1.6580479572070452,1.7701240414422448,518692,,571771,1,7,Top,,,,,,,10.539160768681526,-142.30198190091394,-8.740359249312297,-14.91145271299746,37.38870880519708,-11.937597888497391,3.07919715029844,1.57183404696537,,,,97.5,2572,6.5,813052,592663,547180,624641,664761,607208,805249,669016,592206,54.05,,0.691497,0.7,1,0,0,,48,4,4-Seam Fastball,0,1,1,0,1,0,1,0,Strategic,Standard,222,-0.01,0.091,,,,-0.091,,-1,1,0.217,0.783,24,34,24,35,1,0,2,2,2,2,1.07,0.9,-0.9,38.7,,,,,
FF,2025-10-06,96.2,-0.88,5.63,"Marsh, Brandon",669016,686218,,ball,,,,,11,Ball,D,L,R,PHI,LAD,B,,,0,0,2025,-0.93,1.47,-1.5407905046168797,3.954534780427727,,,,0,8,Bot,,,,,,,0.36060601074527837,-139.9638513099028,-2.145475449188885,-12.205796268329548,35.84432986712554,-12.705465767162478,3.14892729795067,1.52999812003388,,,,96.3,2556,6.6,813052,669257,518692,669242,571970,605141,571771,681909,681624,53.86,,,,,,,,59,1,4-Seam Fastball,0,4,0,4,4,0,0,4,Standard,Standard,211,0.003,0.041,,,,-0.041,,-4,-4,0.044,0.044,25,27,26,28,1,2,5,2,3,2,1.02,0.93,-0.93,37.2,,,,,
FF,2025-10-06,101.6,-1.78,5.27,"Happ, Ian",664023,694819,,ball,,,,,11,Ball,D,L,R,MIL,CHC,B,,,1,0,2025,-1.23,1.25,-1.2189575788964708,3.018097040471775,,,673548,1,3,Top,,,,,,,4.610864772931387,-147.82281722509344,-4.0641005595968505,-19.08727329870575,36.362107219981326,-13.12443089786594,3.42946823215181,1.71029488068444,,,,103.5,2754,7.4,813048,661388,683734,668930,702332,687401,694192,663368,686217,53.09,,,,,,,,23,2,4-Seam Fastball,3,3,3,3,3,3,3,3,Standard,Standard,225,-0.009,0.068,,,,-0.068,,0,0,0.493,0.507,23,30,23,31,1,1,9,2,5,2,0.97,1.23,-1.23,32.2,,,,,
FF,2025-10-06,98.2,2.07,5.81,"Betts, Mookie",605141,666200,,foul,,,,,4,Foul,D,R,L,PHI,LAD,S,,,1,1,2025,1.01,1.35,-0.5465811702579289,2.5346970943302343,,,,1,1,Top,,,,,,,-9.351890578291197,-142.62943578510857,-6.436901947739754,15.97263523542158,34.27202224917472,-12.423347616385684,3.23,1.53,188,70.9,56,97.2,2362,6,813052,592663,547180,624641,664761,607208,805249,669016,592206,54.55,,,,,,,,2,3,4-Seam Fastball,0,0,0,0,0,0,0,0,Infield shade,Standard,124,0.004,-0.064,64.5,6.3,,0.064,88.0,0,0,0.523,0.477,27,32,28,33,1,0,12,2,3,2,1.03,1.01,-1.01,32.3,-0.1735619261646493,3.3909732316683763,39.84603300190517,34.08995902288518,25.3630134937922
FF,2025-10-06,97.5,-1.23,5.48,"Crow-Armstrong, Pete",691718,694477,,foul,,,,,11,Foul,D,L,R,MIL,CHC,S,,,2,2,2025,-0.55,1.4,-0.23149400026632727,3.4389183121793474,,,,1,6,Top,,,,,,,3.9394906949466897,-141.8548207408763,-3.1101172197551428,-8.35978690083716,36.962389925081126,-12.9179921710914,3.13,1.48,203,75.5,34,96.6,2419,6.1,813048,661388,683734,668930,702332,687401,694192,663368,686217,54.38,,,,,,,,49,5,4-Seam Fastball,7,3,3,7,3,7,3,7,Strategic,Standard,221,0,0,71.1,6.0,,0,88.0,4,-4,0.937,0.06299999999999994,26,23,27,23,1,2,8,2,2,2,1.03,0.55,-0.55,30.9,9.003889291861373,9.040388512660499,26.056631449083167,34.5274712879054,30.826933069496995
SI,2025-10-06,98.2,-2.38,6.17,"Pages, Andy",681624,661395,,ball,,,,,7,Ball,D,R,R,PHI,LAD,B,,,1,1,2025,-1.25,0.08,-0.7268339688097969,1.6102518466364306,,571970,,1,9,Top,,,,,,,7.330452467253432,-142.70752180199145,-6.991679550040332,-18.82207369041032,33.15050966940866,-29.692944650282843,3.30406643665989,1.44130514043913,,,,97.6,1853,6,813052,592663,547180,681082,664761,607208,596146,669016,592206,54.46,,,,,,,,66,3,Sinker,1,4,4,1,4,1,4,1,Standard,Standard,239,0,0.03,,,,-0.03,,-3,3,0.031,0.969,27,24,27,25,1,3,2,2,3,2,2.3,1.25,1.25,32.3,,,,,
FF,2025-10-06,99.7,-1.59,5.24,"Durbin, Caleb",702332,694037,hit_by_pitch,hit_by_pitch,,,,,11,Caleb Durbin hit by pitch.,D,R,R,MIL,CHC,B,,,1,0,2025,-0.89,1.12,-1.3908927092851466,3.346083082353909,,,,1,4,Bot,,,,,,,2.6590003706376155,-145.12861504663326,-2.4375997204106152,-13.23803270546329,35.05649555549769,-16.02424917918172,3.25,1.46,,,,100.2,2347,6.6,813048,608348,683737,663538,807713,621020,664023,691718,673548,53.9,,0.722289,0.7,1,0,0,,35,2,4-Seam Fastball,4,3,4,3,3,4,4,3,Strategic,Standard,225,0.021,0.378,,,,-0.378,,1,1,0.666,0.666,25,25,25,25,1,1,4,2,2,2,1.18,0.89,0.89,28.1,,,,,
CU,2025-10-06,81.5,1.82,6.82,"Harper, Bryce",547180,605483,,called_strike,,,,,8,Called Strike,D,L,L,PHI,LAD,S,,,2,0,2025,-1.12,-0.69,0.12285427586099973,1.920417905307621,,,,2,1,Bot,,,,,,,-1.6554848910797906,-118.5992782103771,-3.009691482945117,-10.11852250859671,25.461177379410923,-38.260930197203436,3.24244174913167,1.64216287489811,,,,81.3,2650,6.4,813052,666163,518692,669242,500743,605141,571771,681624,606192,54.05,,,,,,,,8,3,Curveball,0,0,0,0,0,0,0,0,Strategic,Standard,327,-0.003,-0.066,,,,0.066,,0,0,0.514,0.514,32,32,33,33,1,0,6,2,7,2,4.16,-1.12,-1.12,62.9,,,,,
SI,2025-10-06,96.3,2.27,5.97,"Busch, Michael",683737,657649,,foul,,,,,5,Foul,D,L,L,MIL,CHC,S,,,2,1,2025,1.41,1,0.16259158977221833,2.4270942735990433,,,,1,7,Top,,,,,,,-8.756421756670369,-139.7605042368641,-6.004577305228598,20.484241551168942,35.089062329668245,-17.870456270778103,3.28,1.58,1,64.2,-67,95.6,2340,6.3,813048,661388,683734,668930,702332,687401,694192,663368,686217,54.21,,,,,,,,57,4,Sinker,7,3,3,7,3,7,3,7,Standard,Standard,151,0.004,-0.07,61.8,5.9,,0.07,88.0,4,-4,0.954,0.04600000000000004,31,27,31,28,1,1,2,2,2,2,1.5,1.41,1.41,36.0,2.6057249485399576,19.792751572033666,33.00646952311337,33.37257469917909,20.177016516784484
FF,2025-10-06,92.7,1.61,5.35,"Turang, Brice",668930,684007,,called_strike,,,,,4,Called Strike,D,L,L,MIL,CHC,S,,,2,1,2025,1.34,1.28,-0.4585149364677805,2.8038392673764703,,,,1,1,Bot,,,,,,,-8.183984680788608,-134.55891905351118,-3.3905442138445405,18.14643344606215,34.40884840779478,-16.15744456199343,3.37884039623039,1.64000118942912,,,,91.7,2451,6.3,813048,608348,457759,663538,807713,621020,664023,691718,673548,54.24,,,,,,,,8,4,4-Seam Fastball,0,3,0,3,3,0,0,3,Standard,Standard,143,-0.004,-0.07,,,,0.07,,-3,-3,0.248,0.248,31,25,32,26,1,0,5,2,,2,1.42,1.34,1.34,37.8,,,,,
CU,2025-10-06,82,-1.61,5.6,"Frelick, Sal",686217,607067,,foul,,,,,8,Foul,D,L,R,MIL,CHC,S,,,1,1,2025,0.88,-0.77,0.23997834085429637,1.683318887495762,,,683734,2,5,Bot,,,,,,,2.483920918994132,-119.29071469081404,-0.6894833925662003,7.7188022851909945,27.248236927357546,-39.48335377881999,3.14,1.5,,,,81.5,2255,6.4,813048,608348,683737,663538,807713,621020,664023,691718,673548,54.12,,,,,,,,47,3,Curveball,7,3,7,3,3,7,7,3,Standard,Standard,39,-0.002,-0.073,71.7,7.8,,0.073,,4,4,0.924,0.924,34,25,35,25,1,2,5,2,5,2,4.21,-0.88,0.88,36.9,16.5664345089055,-8.678444452830012,30.36172324776376,33.918566378931075,34.60891225148136
KC,2025-10-06,87.5,-0.21,6.5,"Happ, Ian",664023,656730,field_out,hit_into_play,,,,,5,Ian Happ flies out to right fielder Sal Frelick.,D,L,R,MIL,CHC,X,9,fly_ball,2,2,2025,-0.06,-0.42,-0.20785371378792067,2.2477694630750724,,,,2,8,Top,176.13,122.18,,,,,0.14965683891749945,-127.46756503648564,-3.2481189732036926,-0.7342856676060728,26.94792950319678,-36.29085054207145,3.55,1.65,229,87.1,54,87.5,2743,6.3,813048,661388,683734,668930,702332,687401,694192,663368,686217,54.22,0.015,0.018,0,1,0,0,3,64,6,Knuckle Curve,7,3,3,7,3,7,3,7,Strategic,Standard,36,0.003,-0.224,75.2,7.5,0.024,0.224,88.0,4,-4,0.985,0.015000000000000013,31,30,32,31,1,3,8,2,3,2,3.4,0.06,-0.06,56.7,26.939828505450087,-15.733894200161872,34.88268454410409,36.05290282362068,45.42203572470354
ST,2025-10-06,85.3,-2.99,6.32,"Castellanos, Nick",592206,595014,,foul,,,,,5,Foul,D,R,R,PHI,LAD,S,,,0,0,2025,1.09,0.15,0.06081573450777089,2.746036066336668,664761,592663,,0,9,Bot,,,,,,,4.9286345160715115,-124.09544976942217,-2.362473256879489,10.195218061631257,26.57869044050232,-30.335128148609012,3.94,1.89,172,74.3,64,84.2,2550,5.8,813052,669257,518692,669242,571970,605141,571771,681909,681624,54.74,,,,,,,,71,1,Sweeper,1,4,1,4,4,1,1,4,Standard,Standard,59,-0.013,-0.064,68.1,8.1,,0.064,88.0,-3,-3,0.221,0.221,37,33,37,33,1,3,5,2,2,2,3,-1.09,-1.09,30.6,16.526174531115213,-17.191062943810508,40.985913584414924,36.67415271359715,34.58432868614646
FF,2025-10-06,94,1.93,6.02,"Yelich, Christian",592885,519141,field_out,hit_into_play,,,,,1,Christian Yelich flies out to left fielder Ian Happ.,D,L,L,MIL,CHC,X,7,fly_ball,0,2,2025,0.02,1.36,-0.773416907641986,3.199609874626715,,,,1,5,Bot,53.3,91.98,,,,,-6.955390272122521,-136.7829179950197,-4.550649695800631,1.7971655920219491,29.942955128046822,-14.302607338457847,3.32,1.75,320,91.2,35,92.9,2572,5.6,813048,608348,683737,663538,807713,621020,664023,691718,673548,54.87,0.033,0.056,0,1,0,0,3,45,4,4-Seam Fastball,7,3,7,3,3,7,7,3,Strategic,Standard,162,-0.002,-0.163,70.3,7.3,0.107,0.163,91.2,4,4,0.923,0.923,36,33,37,34,1,2,4,2,2,2,1.22,0.02,0.02,37.3,12.37218831467851,8.933045638735821,29.41083147289879,47.37286187892337,22.966714381866304
ST,2025-10-06,87.9,-2.01,5.61,"Muncy, Max",571970,689147,,ball,,,,,14,Ball,D,L,R,PHI,LAD,B,,,2,0,2025,1.17,0.04,1.3792300845043155,1.1046862338156793,518692,,571771,1,7,Top,,,,,,,5.769314636284536,-127.76448747068245,-4.732631045462008,11.21346154410105,31.57551179122887,-30.85069347491915,2.96214185338136,1.4152072487618,,,,86.9,3095,6.2,813052,592663,547180,624641,664761,607208,805249,669016,592206,54.33,,,,,,,,48,3,Sweeper,0,1,1,0,1,0,1,0,Strategic,Standard,56,-0.008,0.088,,,,-0.088,,-1,1,0.225,0.775,24,34,24,35,1,0,2,2,2,2,2.97,-1.17,1.17,25.8,,,,,
SI,2025-10-06,99.5,-1.5,5.72,"Crow-Armstrong, Pete",691718,682842,,ball,,,,,13,Ball,D,L,R,MIL,CHC,B,,,0,2,2025,-0.97,0.5,-2.0528850006666275,2.157435176330008,,,,1,9,Top,,,,,,,0.7648221331497156,-144.87481025047242,-5.530263816961168,-13.838152154266067,35.598012025924774,-23.986944548404697,3.01516475209059,1.42243505719498,,,,99.1,2482,6.2,813048,661388,683734,668930,702332,687401,663604,663368,686217,54.33,,,,,,,,70,3,Sinker,7,3,3,7,3,7,3,7,Strategic,Standard,218,-0.001,0.017,,,,-0.017,,4,-4,0.996,0.0040000000000000036,25,23,25,23,1,3,8,2,5,2,1.81,0.97,-0.97,33.5,,,,,
FF,2025-10-06,97.7,-0.92,5.48,"Stott, Bryson",681082,686218,field_out,hit_into_play,,,,,14,"Bryson Stott grounds out, second baseman Tommy Edman to first baseman Freddie Freeman.",D,L,R,PHI,LAD,X,4,ground_ball,1,1,2025,-0.8,1.52,0.43170985786461824,1.2362402336154845,,,,2,7,Bot,153.78,154.92,,,,,5.5155345098705935,-141.66569001684726,-9.313968749581278,-12.11052728290907,39.72681674032233,-9.721463280285835,3.32,1.59,121,104.1,5,97.3,2524,6.8,813052,669257,518692,669242,571970,605141,571771,681624,606192,53.73,0.646,0.618,0,1,0,0,4,55,3,4-Seam Fastball,0,4,0,4,4,0,0,4,Standard,Standard,207,-0.006,-0.244,67.7,7.6,0.751,0.244,104.1,-4,-4,0.042,0.042,25,27,26,28,1,0,5,2,3,2,0.93,0.8,-0.8,36.3,5.439912903779246,0.4059807273937042,36.12689888823232,27.968030189765578,28.344662861981103
SI,2025-10-06,97.1,0.1,6.57,"Tucker, Kyle",663656,676879,,ball,,,,,13,Ball,D,L,L,MIL,CHC,B,,,0,1,2025,1.44,0.59,-1.4243877166750052,0.8696754647048095,,,663538,1,1,Top,,,,,,,-7.190955637305536,-140.85586852363278,-10.786208351193935,20.77420807940641,34.00966482881623,-21.96788501816055,3.40769300089002,1.56760419117158,,,,94.8,2091,5.3,813048,661388,683734,668930,702332,687401,694192,663368,686217,55.22,,,,,,,,3,2,Sinker,0,0,0,0,0,0,0,0,Infield shade,Standard,145,-0.003,0.019,,,,-0.019,,0,0,0.502,0.498,27,28,27,28,1,0,2,2,3,2,1.86,1.44,1.44,54.7,,,,,
CU,2025-10-06,89.6,-1.75,5.48,"Happ, Ian",664023,694819,,ball,,,,,11,Ball,D,L,R,MIL,CHC,B,,,0,0,2025,0.58,-0.6,-1.4322828345985346,3.1068033722521946,,,673548,1,3,Top,,,,,,,-0.4558647042397258,-130.58741774107148,1.401065871580455,6.781411009627377,26.193309947837786,-39.572249766520784,3.60872306082538,1.70867977256867,,,,91.3,2324,7.1,813048,661388,683734,668930,702332,687401,694192,663368,686217,53.4,,,,,,,,23,1,Curveball,3,3,3,3,3,3,3,3,Standard,Standard,38,-0.004,0.035,,,,-0.035,,0,0,0.497,0.503,23,30,23,31,1,1,9,2,5,2,3.42,-0.58,0.58,35.2,,,,,
SL,2025-10-06,87.2,0.12,6.34,"Kepler, Max",596146,681911,force_out,hit_into_play,,,,,7,"Max Kepler grounds into a force out, first baseman Freddie Freeman to shortstop Mookie Betts. Bryson Stott to 3rd. Weston Wilson out at 2nd. Max Kepler to 1st.",D,L,L,PHI,LAD,X,3,ground_ball,1,1,2025,-0.48,0.71,-0.28576166229674205,1.5457346014230189,,681082,642215,1,9,Bot,149.73,170.11,,,,,0.012052320830473195,-126.87991580816457,-6.822088569938172,-5.162559216253916,24.829326754368864,-23.342672607828057,3.41,1.61,3,103.9,-25,86.9,2458,6,813052,669257,518692,669242,571970,605141,571771,681909,681624,54.48,0.087,0.083,0,1,0,0,2,74,3,Slider,3,4,3,4,4,3,3,4,Standard,Standard,199,-0.133,-0.3,70.1,7.2,0.088,0.3,103.9,-1,-1,0.335,0.335,29,32,29,32,1,1,2,2,3,2,2.28,-0.48,-0.48,68.4,-0.302525480188108,1.2264503779420646,38.21188918633075,42.12520469381241,29.452340355581654
SI,2025-10-06,96.6,0.24,6.49,"Tucker, Kyle",663656,676879,,foul,,,,,6,Foul,D,L,L,MIL,CHC,S,,,0,0,2025,1.35,0.75,0.7451483057977123,2.1804417730314656,,,663538,1,1,Top,,,,,,,-1.6948205013785345,-140.588671424384,-7.46956342890302,18.31460932039739,33.17887518205924,-20.749370787636316,3.44,1.6,3,56,-34,94.8,2181,5.3,813048,661388,683734,668930,702332,687401,694192,663368,686217,55.2,,,,,,,,3,1,Sinker,0,0,0,0,0,0,0,0,Infield shade,Standard,149,0.004,-0.04,75.3,8.4,,0.04,88.0,0,0,0.498,0.502,27,28,27,28,1,0,2,2,3,2,1.7,1.35,1.35,51.7,25.397108015836395,-21.437176221555745,36.05972969930053,28.459784498178433,34.37530942818943
FF,2025-10-06,98.2,2.16,5.9,"Betts, Mookie",605141,666200,,ball,,,,,12,Ball,D,R,L,PHI,LAD,B,,,0,1,2025,0.94,1.26,0.16375866287593344,3.7535761884541663,,,,1,1,Top,,,,,,,-7.505611546685698,-142.7855943357792,-3.156136374386751,14.630785182542844,36.22446836938864,-14.548649187347602,3.22999979138389,1.48071539533909,,,,96.8,2363,5.8,813052,592663,547180,624641,664761,607208,805249,669016,592206,54.73,,,,,,,,2,2,4-Seam Fastball,0,0,0,0,0,0,0,0,Standard,Standard,130,-0.001,0.029,,,,-0.029,,0,0,0.524,0.476,27,32,28,33,1,0,12,2,3,2,1.13,0.94,-0.94,31.1,,,,,
SL,2025-10-06,90.8,-1.82,5.15,"Durbin, Caleb",702332,694037,,ball,,,,,11,Ball,D,R,R,MIL,CHC,B,,,0,0,2025,0.21,0.17,-0.31832510996278685,3.6931501592962217,,,,1,4,Bot,,,,,,,3.320073015021302,-132.15094710166133,1.9606585144963864,1.7354192246771518,30.157625785034543,-30.82907774886377,3.14106130342472,1.40888149710204,,,,91,2428,6.6,813048,608348,683737,663538,807713,621020,664023,691718,673548,53.92,,,,,,,,35,1,Slider,4,3,4,3,3,4,4,3,Strategic,Standard,103,0.002,0.039,,,,-0.039,,1,1,0.664,0.664,25,25,25,25,1,1,4,2,2,2,2.61,-0.21,-0.21,26.2,,,,,
SV,2025-10-06,88.2,-1.27,5.28,"Crow-Armstrong, Pete",691718,694477,,ball,,,,,14,Ball,D,L,R,MIL,CHC,B,,,1,2,2025,0.4,-0.7,2.6376989035263017,-2.2585369623390186,,,,1,6,Top,,,,,,,8.6138607937747,-127.88342031828905,-10.646132597764613,2.478625750675589,28.26970894425635,-37.64810170533749,3.07484961618639,1.48113408876581,,,,87.4,2693,6.2,813048,661388,683734,668930,702332,687401,694192,663368,686217,54.34,,,,,,,,49,4,Slurve,7,3,3,7,3,7,3,7,Strategic,Standard,56,-0.001,0.048,,,,-0.048,,4,-4,0.938,0.062000000000000055,26,23,27,23,1,2,8,2,2,2,3.67,-0.4,0.4,34.4,,,,,
FF,2025-10-06,93.2,2.52,6.56,"Edman, Tommy",669242,621383,field_out,hit_into_play,,,,,2,Tommy Edman flies out to center fielder Brandon Marsh.,D,R,L,PHI,LAD,X,8,fly_ball,0,1,2025,0.28,1.15,-0.08016462665157414,3.235691135740452,,,,2,8,Top,146.12,64.87,,,,,-7.163532552955988,-135.47742555565932,-5.230679472822278,4.928794346487009,28.616165927024706,-17.103817614299118,3.39,1.55,337,90.4,31,91.9,2094,5.5,813052,592663,547180,681082,664761,607208,805249,669016,592206,55.03,0.033,0.045,0,1,0,0,3,58,2,4-Seam Fastball,0,4,4,0,4,0,4,0,Standard,Standard,156,0.002,-0.217,72.4,6.5,0.08,0.217,90.4,-4,4,0.042,0.958,33,30,34,30,1,3,8,2,2,2,1.48,0.28,-0.28,49.5,3.4869965441886164,13.24872543495133,17.752623173006388,38.711988399068034,23.659894034205873
FF,2025-10-06,91.7,1.72,5.37,"Turang, Brice",668930,684007,,ball,,,,,13,Ball,D,L,L,MIL,CHC,B,,,1,1,2025,1.23,1.52,-1.2486844140026858,2.0451796137660416,,,,1,1,Bot,,,,,,,-10.162549246625659,-132.98906311797086,-5.722371924413004,16.95839249141227,31.96478731932722,-13.052529915215066,3.31824457617186,1.64000054281835,,,,91,2496,6.3,813048,608348,457759,663538,807713,621020,664023,691718,673548,54.15,,,,,,,,8,3,4-Seam Fastball,0,3,0,3,3,0,0,3,Standard,Standard,141,0.003,0.055,,,,-0.055,,-3,-3,0.245,0.245,31,25,32,26,1,0,5,2,,2,1.23,1.23,1.23,35.6,,,,,
FF,2025-10-06,100.3,-2.34,6.11,"Pages, Andy",681624,661395,,called_strike,,,,,2,Called Strike,D,R,R,PHI,LAD,S,,,1,0,2025,-1.08,1.13,-0.08610482619572757,2.892887915379232,,571970,,1,9,Top,,,,,,,8.746443076561789,-145.64180875596563,-6.157842746885514,-17.461883578451115,35.32066472462924,-14.80391557406747,3.3603655757414,1.51731302683459,,,,99.6,2074,6.1,813052,592663,547180,681082,664761,607208,596146,669016,592206,54.4,,,,,,,,66,2,4-Seam Fastball,1,4,4,1,4,1,4,1,Standard,Standard,234,0,-0.042,,,,0.042,,-3,3,0.031,0.969,27,24,27,25,1,3,2,2,3,2,1.15,1.08,1.08,31.8,,,,,
FS,2025-10-06,89.6,-1.55,5.48,"Frelick, Sal",686217,607067,,ball,,,,,14,Ball,D,L,R,MIL,CHC,B,,,0,1,2025,-1.14,-0.04,0.607878449278314,1.0096862715992092,,,683734,2,5,Bot,,,,,,,7.79190643737249,-130.08193048293865,-4.907303052315863,-14.675904390802309,30.19145295692643,-31.66265625183325,3.02671350787075,1.2749573474286,,,,89.6,1286,6.7,813048,608348,683737,663538,807713,621020,664023,691718,673548,53.83,,,,,,,,47,2,Split-Finger,7,3,7,3,3,7,7,3,Standard,Standard,250,0.001,0.027,,,,-0.027,,4,4,0.923,0.923,34,25,35,25,1,2,5,2,5,2,2.92,1.14,-1.14,32.5,,,,,
SL,2025-10-06,89.7,1.99,6.79,"Harper, Bryce",547180,605483,,ball,,,,,13,Ball,D,L,L,PHI,LAD,B,,,1,0,2025,-0.45,0.84,-0.8299849002996136,2.1866317943397093,,,,2,1,Bot,,,,,,,-6.0639884055687965,-130.3745856361162,-7.165693484054327,-3.7459520532524606,29.32249903275547,-21.193215842597155,3.27006655454803,1.72023368249303,,,,90,2458,6.7,813052,666163,518692,669242,500743,605141,571771,681624,606192,53.78,,,,,,,,8,2,Slider,0,0,0,0,0,0,0,0,Strategic,Standard,172,0.003,0.065,,,,-0.065,,0,0,0.511,0.511,32,32,33,33,1,0,6,2,7,2,2.01,-0.45,-0.45,56.2,,,,,
CU,2025-10-06,83.1,2.73,5.58,"Busch, Michael",683737,657649,,ball,,,,,13,Ball,D,L,L,MIL,CHC,B,,,1,1,2025,-0.96,-0.9,-1.4605938133529088,0.9871550830318356,,,,1,7,Top,,,,,,,-7.662586262288834,-120.780118815892,-2.16515702409438,-7.554510079540051,27.605583313326964,-40.62185339520202,3.22175935806491,1.58000133032288,,,,82,2572,6,813048,661388,683734,668930,702332,687401,694192,663368,686217,54.51,,,,,,,,57,3,Curveball,7,3,3,7,3,7,3,7,Strategic,Standard,312,-0.002,0.055,,,,-0.055,,4,-4,0.956,0.04400000000000004,31,27,31,28,1,1,2,2,2,2,4.26,-0.96,-0.96,28.4,,,,,
SL,2025-10-06,85.8,-1.47,5.8,"Crow-Armstrong, Pete",691718,682842,,called_strike,,,,,11,Called Strike,D,L,R,MIL,CHC,S,,,0,1,2025,1.04,0.39,-0.9554876914898809,2.7027632288731316,,,,1,9,Top,,,,,,,-0.901205289151263,-124.96857390095312,-1.8445703574446384,11.073816572224846,25.561404303971038,-27.977537313154833,2.97953473248396,1.44415800784374,,,,85.9,2524,6.4,813048,661388,683734,668930,702332,687401,663604,663368,686217,54.13,,,,,,,,70,2,Slider,7,3,3,7,3,7,3,7,Standard,Standard,71,0.001,-0.052,,,,0.052,,4,-4,0.995,0.0050000000000000044,25,23,25,23,1,3,8,2,5,2,2.71,-1.04,1.04,39.1,,,,,
FF,2025-10-06,95.2,-2.73,6.36,"Realmuto, J.T.",592663,595014,double,hit_into_play,,,,,1,J.T. Realmuto doubles (1) on a sharp line drive to left fielder Enrique Hernández. Alec Bohm to 3rd.,D,R,R,PHI,LAD,X,7,line_drive,1,2,2025,-0.92,1.26,-0.35855553731789647,3.7011969480795948,,,664761,0,9,Bot,49.67,115.44,,,,,8.173421128856706,-138.43774498851383,-4.11466781143934,-13.713259950403856,30.766504569972717,-15.253444392968781,3.66,1.74,190,104.6,11,94,2480,5.6,813052,669257,518692,669242,571970,605141,571771,681909,681624,54.87,0.942,0.941,1.25,1,1,1,4,70,5,4-Seam Fastball,1,4,1,4,4,1,1,4,Standard,Standard,232,0.143,0.809,74.1,6.9,1.208,-0.809,104.6,-3,-3,0.078,0.078,37,34,37,34,1,3,5,2,2,2,1.26,0.92,0.92,31.2,17.197214264367695,-11.606501617246897,22.425554320769333,32.89156209820139,34.050571938709666
KC,2025-10-06,86.3,1.88,5.94,"Yelich, Christian",592885,519141,,foul,,,,,13,Foul,D,L,L,MIL,CHC,S,,,0,2,2025,-0.25,-0.74,-0.0684980831025914,1.563581321113924,,,,1,5,Bot,,,,,,,-4.051744844827417,-125.60018089259752,-2.6573094439696874,-1.8466267807071732,25.99712191297273,-39.69325176717475,3.32,1.75,2,70.1,-41,85.1,2230,5.5,813048,608348,683737,663538,807713,621020,664023,691718,673548,54.95,,,,,,,,45,3,Knuckle Curve,7,3,7,3,3,7,7,3,Standard,Standard,328,0,0,72.5,8.2,,0,88.0,4,4,0.923,0.923,36,33,37,34,1,2,4,2,2,2,3.81,-0.25,-0.25,37.6,19.173908488342985,-0.4233241039411108,36.21504666135645,38.9454099330818,29.330973341461153
ST,2025-10-06,88,-1.97,5.55,"Muncy, Max",571970,689147,,ball,,,,,14,Ball,D,L,R,PHI,LAD,B,,,1,0,2025,1.13,0.16,1.3768296914498155,1.2471706683781951,518692,,571771,1,7,Top,,,,,,,5.740608491931858,-127.9296953842917,-4.549172882767053,10.828374857900197,31.346620864324443,-29.516078831169175,3.02761401973678,1.46759895901288,,,,87.1,3097,6.2,813052,592663,547180,624641,664761,607208,805249,669016,592206,54.31,,,,,,,,48,2,Sweeper,0,1,1,0,1,0,1,0,Strategic,Standard,58,-0.005,0.045,,,,-0.045,,-1,1,0.23,0.77,24,34,24,35,1,0,2,2,2,2,2.83,-1.13,1.13,26.3,,,,,
KC,2025-10-06,87.2,-0.22,6.46,"Happ, Ian",664023,656730,,foul,,,,,7,Foul,D,L,R,MIL,CHC,S,,,2,2,2025,0.19,-0.14,-0.561341537153354,1.6874104077183287,,,,2,8,Top,,,,,,,-1.209795040910933,-127.02852140600618,-5.101782350240663,2.3213464647873465,24.15372600200684,-32.88941386386933,3.55,1.65,,,,87.6,2702,6.3,813048,661388,683734,668930,702332,687401,694192,663368,686217,54.17,,,,,,,,64,5,Knuckle Curve,7,3,3,7,3,7,3,7,Strategic,Standard,25,0,0,34.0,5.7,,0,,4,-4,0.985,0.015000000000000013,31,30,32,31,1,3,8,2,3,2,3.11,-0.19,0.19,53.2,-4.28241598442934,32.82039819160386,30.144759025614032,40.32511710569784,7.558977508807276
FF,2025-10-06,96.6,-0.91,5.6,"Stott, Bryson",681082,686218,,swinging_strike,,,,,5,Swinging Strike,D,L,R,PHI,LAD,S,,,1,0,2025,-0.5,1.75,0.011716600748183204,2.442389687921111,,,,2,7,Bot,,,,,,,3.613775532844622,-140.46608213395515,-6.782647836372439,-7.46575971027548,36.513093664032645,-7.737636410838686,3.32,1.59,,,,96.6,2585,6.7,813052,669257,518692,669242,571970,605141,571771,681624,606192,53.84,,,,,,,,55,2,4-Seam Fastball,0,4,0,4,4,0,0,4,Standard,Standard,208,-0.001,-0.054,69.6,6.8,,0.054,,-4,-4,0.043,0.043,25,27,26,28,1,0,5,2,3,2,0.73,0.5,-0.5,38.9,0.6231663994944674,14.203916085214068,33.01282868319644,32.60238365962617,21.931198058116312
FF,2025-10-06,102.8,-1.92,5.01,"Suzuki, Seiya",673548,694819,walk,ball,,,,,14,Seiya Suzuki walks.,D,R,R,MIL,CHC,B,,,3,0,2025,-1.08,1.19,0.887475673821742,2.177139711124444,,,,1,3,Top,,,,,,,10.83168798548284,-149.2735696222213,-5.816918015321267,-18.749130156487723,35.526698270418166,-13.115253165635767,3.21439154261941,1.40587126447858,,,,105.2,2784,7.6,813048,661388,683734,668930,702332,687401,694192,663368,686217,52.88,,0.691497,0.7,1,0,0,,22,4,4-Seam Fastball,3,3,3,3,3,3,3,3,Strategic,Standard,226,-0.011,0.164,,,,-0.164,,0,0,0.508,0.492,23,30,23,31,1,1,9,2,5,2,0.97,1.08,1.08,25.7,,,,,
FF,2025-10-06,92.6,0.24,6.17,"Kepler, Max",596146,681911,,swinging_strike,,,,,3,Swinging Strike,D,L,L,PHI,LAD,S,,,1,0,2025,0.94,1.66,0.4697318684840411,3.5223466009752133,,681082,642215,1,9,Bot,,,,,,,-1.468458561531262,-134.75659824170302,-4.491070706598128,11.675978978210091,33.867647215425194,-11.359144464865858,3.41,1.61,,,,91.9,2512,6.2,813052,669257,518692,669242,571970,605141,571771,681909,681624,54.28,,,,,,,,74,2,4-Seam Fastball,3,4,3,4,4,3,3,4,Standard,Standard,169,-0.028,-0.045,66.4,6.0,,0.045,,-1,-1,0.363,0.363,29,32,29,32,1,1,2,2,3,2,1.04,0.94,0.94,65.6,-4.804017281345065,13.481757997193327,30.469691165744067,32.02176048462709,22.07374770817615
CH,2025-10-06,92.8,0.51,6.36,"Hoerner, Nico",663538,676879,single,hit_into_play,,,,,12,Nico Hoerner singles on a line drive to right fielder Sal Frelick.,D,R,L,MIL,CHC,X,9,line_drive,0,2,2025,1.37,0.05,1.266695801336368,3.181972904148279,,,,1,1,Top,180.55,129.45,,,,,-1.0540729969247336,-135.09393135372048,-2.4128012450199847,17.018561127653836,30.414988645824145,-31.265083607333032,3.33,1.59,188,76,16,91.4,1758,5.5,813048,661388,683734,668930,702332,687401,694192,663368,686217,55,0.785,0.717,0.9,1,1,0,4,2,3,Changeup,0,0,0,0,0,0,0,0,Strategic,Standard,136,-0.03,0.506,58.1,6.8,0.84,-0.506,88.0,0,0,0.528,0.472,27,28,27,28,1,0,2,2,3,2,2.6,1.37,-1.37,54.8,8.420529597029608,15.900528125176768,16.02117763165638,51.495022845850855,16.88347499788939
CH,2025-10-06,89,2.29,5.77,"Betts, Mookie",605141,666200,,called_strike,,,,,3,Called Strike,D,R,L,PHI,LAD,S,,,0,0,2025,1.44,0.62,0.49636970317203977,2.7155132563071147,,,,1,1,Top,,,,,,,-7.358412386397346,-129.307076494427,-2.696704682355181,17.732933991056047,28.48554918149693,-24.861299757122744,3.23000035370898,1.48070454342851,,,,88.1,2062,6,813052,592663,547180,624641,664761,607208,805249,669016,592206,54.55,,,,,,,,2,1,Changeup,0,0,0,0,0,0,0,0,Standard,Standard,118,0.002,-0.039,,,,0.039,,0,0,0.522,0.478,27,32,28,33,1,0,12,2,3,2,2.28,1.44,-1.44,36.0,,,,,
ST,2025-10-06,83.1,2.95,6.46,"Edman, Tommy",669242,621383,,called_strike,,,,,3,Called Strike,D,R,L,PHI,LAD,S,,,0,0,2025,-0.94,0.31,0.7572200331783322,3.0402095999913463,,,,2,8,Top,,,,,,,-3.1266316423763962,-121.1029205723532,-1.981093812873596,-8.653771956655364,23.87804258665955,-28.98620788228993,3.39147838561216,1.60375796723011,,,,81.9,2378,5.4,813052,592663,547180,681082,664761,607208,805249,669016,592206,55.09,,,,,,,,58,1,Sweeper,0,4,4,0,4,0,4,0,Standard,Standard,285,0,-0.043,,,,0.043,,-4,4,0.042,0.958,33,30,34,30,1,3,8,2,2,2,2.99,-0.94,0.94,50.3,,,,,
FF,2025-10-06,94,2.02,5.98,"Yelich, Christian",592885,519141,,foul,,,,,6,Foul,D,L,L,MIL,CHC,S,,,0,1,2025,0.13,1.68,0.4020417735737622,2.5035979595557984,,,,1,5,Bot,,,,,,,-4.441032602503823,-136.59949571057965,-6.876136724327235,2.7552226215610283,33.370073260483146,-9.871331536507101,3.32,1.75,198,77.3,58,92.6,2730,5.8,813048,608348,683737,663538,807713,621020,664023,691718,673548,54.7,,,,,,,,45,2,4-Seam Fastball,7,3,7,3,3,7,7,3,Standard,Standard,161,-0.001,-0.052,73.7,7.6,,0.052,88.0,4,4,0.924,0.924,36,33,37,34,1,2,4,2,2,2,0.93,0.13,0.13,35.7,11.794272665871556,1.038042045515143,37.47270538701184,33.36374217376633,26.573793845423936
SI,2025-10-06,98.4,-2.45,6.09,"Pages, Andy",681624,661395,,blocked_ball,,,,,13,Ball In Dirt,D,R,R,PHI,LAD,B,,,0,0,2025,-1.35,-0.14,-0.44276079705292304,0.8088373263875686,,571970,,1,9,Top,,,,,,,8.525517859725252,-142.87320691629705,-8.458999068960129,-20.457432790678503,34.51090974622428,-32.246786385753246,3.46297093580685,1.5686259635547,,,,97.6,1712,6.1,813052,592663,547180,681082,664761,607208,596146,669016,592206,54.41,,,,,,,,66,1,Sinker,1,4,4,1,4,1,4,1,Standard,Standard,240,0,0.028,,,,-0.028,,-3,3,0.031,0.969,27,24,27,25,1,3,2,2,3,2,2.52,1.35,1.35,30.5,,,,,
FF,2025-10-06,101.6,-1.21,5.49,"Frelick, Sal",686217,694037,field_out,hit_into_play,,,,,1,"Sal Frelick grounds out, shortstop Dansby Swanson to first baseman Michael Busch.",D,L,R,MIL,CHC,X,6,ground_ball,1,2,2025,-0.69,1.44,-0.4990777684619647,3.0029210752826887,,,,0,4,Bot,116.38,138.34,,,,,3.6586504806622333,-147.7701105736864,-5.125391168118065,-10.929672328325815,37.73866593176735,-10.166211773298727,3.14,1.5,35,98.9,-3,102.1,2425,6.8,813048,608348,683737,663538,807713,621020,664023,691718,673548,53.75,0.339,0.311,0,1,0,0,2,34,4,4-Seam Fastball,4,3,4,3,3,4,4,3,Standard,Standard,216,-0.015,-0.189,65.2,6.3,0.4,0.189,98.9,1,1,0.679,0.679,25,25,25,25,1,1,4,2,2,2,0.79,0.69,-0.69,37.1,2.4438728949523085,19.220613176425378,28.142049320286713,40.1249981712591,13.972031360786143
SI,2025-10-06,96.9,-1.21,5.49,"Crow-Armstrong, Pete",691718,694477,,ball,,,,,11,Ball,D,L,R,MIL,CHC,B,,,0,2,2025,-0.94,1.16,-1.189722252567888,3.2090523008953467,,,,1,6,Top,,,,,,,2.165289462057049,-140.9888244656731,-3.117390861907465,-12.935979013130352,35.634707803347446,-16.327630110302014,3.07385380448638,1.47999957265252,,,,95.8,2394,5.9,813048,661388,683734,668930,702332,687401,694192,663368,686217,54.59,,,,,,,,49,3,Sinker,7,3,3,7,3,7,3,7,Strategic,Standard,222,-0.001,0.017,,,,-0.017,,4,-4,0.939,0.061000000000000054,26,23,27,23,1,2,8,2,2,2,1.29,0.94,-0.94,30.5,,,,,
FC,2025-10-06,92.9,2.62,5.64,"Busch, Michael",683737,657649,,ball,,,,,13,Ball,D,L,L,MIL,CHC,B,,,0,1,2025,-0.1,0.83,-1.43474057212096,2.052157693705822,,,,1,7,Top,,,,,,,-10.138943165606491,-134.85980921414912,-5.205758729539495,0.9536146065107923,29.415299988246055,-21.03621840039243,3.28562917060934,1.58554738862976,,,,92.6,2535,6.3,813048,661388,683734,668930,702332,687401,694192,663368,686217,54.23,,,,,,,,57,2,Cutter,7,3,3,7,3,7,3,7,Standard,Standard,136,-0.002,0.029,,,,-0.029,,4,-4,0.958,0.04200000000000004,31,27,31,28,1,1,2,2,2,2,1.82,-0.1,-0.1,27.2,,,,,
FF,2025-10-06,92.9,1.58,5.37,"Turang, Brice",668930,684007,,ball,,,,,1,Ball,D,L,L,MIL,CHC,B,,,0,1,2025,1.21,1.49,-0.28755395678652285,3.4707048636543947,,,,1,1,Bot,,,,,,,-7.433820913786124,-134.91199179560277,-2.23439184213198,16.52471168101308,33.85854017686917,-13.82739741373917,3.43957269921257,1.64014512695442,,,,92.1,2523,6.3,813048,608348,457759,663538,807713,621020,664023,691718,673548,54.22,,,,,,,,8,2,4-Seam Fastball,0,3,0,3,3,0,0,3,Standard,Standard,143,0.001,0.029,,,,-0.029,,-3,-3,0.244,0.244,31,25,32,26,1,0,5,2,,2,1.19,1.21,1.21,38.8,,,,,
SL,2025-10-06,90.1,1.91,6.76,"Harper, Bryce",547180,605483,,ball,,,,,13,Ball,D,L,L,PHI,LAD,B,,,0,0,2025,-0.32,0.72,-1.146198713383946,1.897106679090847,,,,2,1,Bot,,,,,,,-6.970649119060355,-130.97209259771907,-7.707414549448462,-2.238824090339653,27.034704645032637,-22.47219598675965,3.31191689691365,1.7115941003065,,,,90.9,2464,6.8,813052,666163,518692,669242,500743,605141,571771,681624,606192,53.75,,,,,,,,8,1,Slider,0,0,0,0,0,0,0,0,Infield shade,Standard,179,0.001,0.037,,,,-0.037,,0,0,0.51,0.51,32,32,33,33,1,0,6,2,7,2,2.09,-0.32,-0.32,57.7,,,,,
FF,2025-10-06,98.1,-0.07,6.51,"Happ, Ian",664023,656730,,foul,,,,,3,Foul,D,L,R,MIL,CHC,S,,,2,1,2025,0.2,1.59,0.41499686680559866,3.579807321917573,,,,2,8,Top,,,,,,,0.8455936528060927,-142.68361765544904,-6.057498323105432,2.53517477581205,38.50274542392933,-9.310933094518983,3.55,1.65,169,67.3,60,97.5,2521,6.4,813048,661388,683734,668930,702332,687401,694192,663368,686217,54.12,,,,,,,,64,4,4-Seam Fastball,7,3,3,7,3,7,3,7,Strategic,Standard,191,0.001,-0.073,64.3,5.6,,0.073,88.0,4,-4,0.984,0.016000000000000014,31,30,32,31,1,3,8,2,3,2,0.81,-0.2,0.2,54.4,4.990258243916395,11.949863055278012,26.573426825849186,29.32647622695211,26.774810371289817
SI,2025-10-06,97.9,-1.59,5.73,"Crow-Armstrong, Pete",691718,682842,,foul,,,,,9,Foul,D,L,R,MIL,CHC,S,,,0,0,2025,-0.85,0.78,0.3851985734227048,1.8056935746915148,,,,1,9,Top,,,,,,,7.273325744231744,-142.27821109696097,-6.833634701178498,-13.303921735727906,35.13396664895731,-20.12911673516113,3.13,1.48,28,97.6,-2,97.4,2456,6.2,813048,661388,683734,668930,702332,687401,663604,663368,686217,54.28,,,,,,,,70,1,Sinker,7,3,3,7,3,7,3,7,Standard,Standard,224,0.001,-0.039,73.6,7.7,,0.039,97.6,4,-4,0.994,0.006000000000000005,25,23,25,23,1,3,8,2,5,2,1.62,0.85,-0.85,35.1,24.61733110526365,-18.08798795997813,38.69715008019054,28.369088616518034,44.07439712234188
CU,2025-10-06,82,-1.74,5.59,"Frelick, Sal",686217,607067,,called_strike,,,,,4,Called Strike,D,L,R,MIL,CHC,S,,,0,0,2025,0.92,-0.77,-0.5413310178411995,1.9790085050245705,,,683734,2,5,Bot,,,,,,,0.9245551050578611,-119.33344035155355,-0.006122177641149973,8.447174012453326,26.61196550608362,-39.69520326684222,2.91691704887399,1.38871092586598,,,,81.6,2233,6.4,813048,608348,683737,663538,807713,621020,664023,691718,673548,54.14,,,,,,,,47,1,Curveball,7,3,7,3,3,7,7,3,Standard,Standard,57,-0.001,-0.042,,,,0.042,,4,4,0.924,0.924,34,25,35,25,1,2,5,2,5,2,4.2,-0.92,0.92,36.6,,,,,
ST,2025-10-06,86.1,-3,6.28,"Realmuto, J.T.",592663,595014,,foul,,,,,12,Foul,D,R,R,PHI,LAD,S,,,1,2,2025,1.39,0.05,0.2732620895647879,3.8441771985322353,,,664761,0,9,Bot,,,,,,,4.910330989156368,-125.23489136338937,0.39497806824048887,13.428831587642716,27.368204505322474,-31.982672916320002,3.66,1.74,202,71.8,48,85,2774,5.8,813052,669257,518692,669242,571970,605141,571771,681909,681624,54.73,,,,,,,,70,4,Sweeper,1,4,1,4,4,1,1,4,Standard,Standard,59,0,0,59.7,6.5,,0,88.0,-3,-3,0.078,0.078,37,34,37,34,1,3,5,2,2,2,3.05,-1.39,-1.39,30.2,2.780583074844756,15.156460884355782,23.04299802831643,42.48102900381684,16.13431200009073
FF,2025-10-06,102.6,-1.73,5.18,"Suzuki, Seiya",673548,694819,,ball,,,,,14,Ball,D,R,R,MIL,CHC,B,,,2,0,2025,-1,1.22,1.1081009170018805,2.1041503951361777,,,,1,3,Top,,,,,,,10.695264221340722,-148.9443513448708,-6.553091804564913,-17.43122966793985,33.904876416259945,-12.623417519240876,3.1014866607496,1.35145889291742,,,,105.1,2771,7.6,813048,661388,683734,668930,702332,687401,694192,663368,686217,52.87,,,,,,,,22,3,4-Seam Fastball,3,3,3,3,3,3,3,3,Strategic,Standard,222,-0.009,0.143,,,,-0.143,,0,0,0.517,0.483,23,30,23,31,1,1,9,2,5,2,0.95,1,1,36.5,,,,,
ST,2025-10-06,88.7,-1.96,5.7,"Muncy, Max",571970,689147,,ball,,,,,12,Ball,D,L,R,PHI,LAD,B,,,0,0,2025,1.09,0.16,1.4003592107392626,2.41893788706795,518692,,571771,1,7,Top,,,,,,,5.900324996807553,-128.93382273565405,-2.173552154156843,10.551667823863344,31.97318875566049,-30.094827608625813,3.02735074820041,1.46726261919078,,,,87.5,3124,6,813052,592663,547180,624641,664761,607208,805249,669016,592206,54.47,,,,,,,,48,1,Sweeper,0,1,1,0,1,0,1,0,Strategic,Standard,59,-0.003,0.029,,,,-0.029,,-1,1,0.233,0.767,24,34,24,35,1,0,2,2,2,2,2.79,-1.09,1.09,27.3,,,,,
FF,2025-10-06,97.3,-0.94,5.52,"Stott, Bryson",681082,686218,,ball,,,,,14,Ball,D,L,R,PHI,LAD,B,,,0,0,2025,-0.57,1.68,0.9716896935815482,2.353404917878031,,,,2,7,Bot,,,,,,,6.481839091367293,-141.3138774079427,-6.78114717189823,-9.302381446373852,37.106550091254675,-8.284013254741822,3.26786019762014,1.58999924717683,,,,97.3,2585,6.8,813052,669257,518692,669242,571970,605141,571771,681624,606192,53.73,,,,,,,,55,1,4-Seam Fastball,0,4,0,4,4,0,0,4,Standard,Standard,208,0.001,0.037,,,,-0.037,,-4,-4,0.042,0.042,25,27,26,28,1,0,5,2,3,2,0.76,0.57,-0.57,34.7,,,,,
SL,2025-10-06,86.6,0.37,6.36,"Kepler, Max",596146,681911,,ball,,,,,11,Ball,D,L,L,PHI,LAD,B,,,0,0,2025,-0.57,0.48,-0.5569780132793695,3.5156631268161034,,681082,642215,1,9,Bot,,,,,,,-1.0381123980381757,-126.16797358891505,-1.5938832983716824,-5.907242676902323,24.314294057455427,-26.97048384905821,3.35873942873741,1.58400248596067,,,,86,2457,5.7,813052,669257,518692,669242,571970,605141,571771,681909,681624,54.8,,,,,,,,74,1,Slider,3,4,3,4,4,3,3,4,Standard,Standard,202,0.02,0.031,,,,-0.031,,-1,-1,0.343,0.343,29,32,29,32,1,1,2,2,3,2,2.54,-0.57,-0.57,66.6,,,,,
FF,2025-10-06,103.1,-1.79,5.25,"Suzuki, Seiya",673548,694819,,ball,,,,,11,Ball,D,R,R,MIL,CHC,B,,,1,0,2025,-1.1,1.25,-0.062204348465448644,4.031982511896175,,,,1,3,Top,,,,,,,7.762006495191947,-149.91972627619595,-1.297682924620357,-18.44339570191199,36.12783848945365,-13.191472003028233,3.10147856898266,1.35144839641189,,,,105.2,2799,7.4,813048,661388,683734,668930,702332,687401,694192,663368,686217,53.05,,,,,,,,22,2,4-Seam Fastball,3,3,3,3,3,3,3,3,Strategic,Standard,219,-0.005,0.071,,,,-0.071,,0,0,0.522,0.478,23,30,23,31,1,1,9,2,5,2,0.9,1.1,1.1,28.1,,,,,
SL,2025-10-06,88.3,2.7,6.44,"Freeman, Freddie",518692,621383,field_out,hit_into_play,,,,,4,"Freddie Freeman grounds out, second baseman Bryson Stott to first baseman Bryce Harper.",D,L,L,PHI,LAD,X,4,ground_ball,2,2,2025,-0.35,0.28,-0.3222644758010706,2.747837593331765,,,,1,8,Top,152.77,156.95,,,,,-6.548578593344552,-128.5010418850476,-3.4481790506929157,-2.5479440896985412,26.535515920956264,-28.607679849542087,3.72,1.8,89,93.3,5,87.3,2410,5.6,813052,592663,547180,681082,664761,607208,805249,669016,592206,54.88,0.522,0.503,0,1,0,0,4,57,5,Slider,0,4,4,0,4,0,4,0,Strategic,Standard,190,0.002,-0.228,70.1,6.8,0.603,0.228,93.3,-4,4,0.04,0.96,33,35,34,36,1,3,8,2,2,2,2.65,-0.35,-0.35,48.0,14.446929017311412,0.5742669091641999,34.311037854266814,45.53054917133531,28.31923484058797
FC,2025-10-06,91,-1.63,5.26,"Crow-Armstrong, Pete",691718,694477,,swinging_strike,,,,,1,Swinging Strike,D,L,R,MIL,CHC,S,,,0,1,2025,0.22,1.17,-0.527364985552589,3.02676124545125,,,,1,6,Top,,,,,,,2.2917950774157863,-132.49555877549827,-2.1568795093133217,2.0032903861775826,30.542259894828803,-18.212234063704354,3.13,1.48,,,,90.3,2545,6,813048,661388,683734,668930,702332,687401,694192,663368,686217,54.48,,,,,,,,49,2,Cutter,7,3,3,7,3,7,3,7,Standard,Standard,177,0.002,-0.052,70.7,6.4,,0.052,,4,-4,0.937,0.06299999999999994,26,23,27,23,1,2,8,2,2,2,1.6,-0.22,0.22,28.3,13.113497711709892,10.72190057463211,33.72164650973694,37.97583277793671,24.30213590536362
FF,2025-10-06,99.2,-1.43,5.35,"Frelick, Sal",686217,694037,,foul,,,,,5,Foul,D,L,R,MIL,CHC,S,,,1,1,2025,-0.78,1.37,0.22221459116914088,2.314678641900116,,,,0,4,Bot,,,,,,,6.370689456192414,-144.134686786932,-6.052663734600184,-12.362460861426817,35.99922885344069,-11.916642534555846,3.14,1.5,139,78.5,16,99.4,2411,6.7,813048,608348,683737,663538,807713,621020,664023,691718,673548,53.84,,,,,,,,34,3,4-Seam Fastball,4,3,4,3,3,4,4,3,Standard,Standard,219,-0.005,-0.061,48.8,4.7,,0.061,88.0,1,1,0.684,0.684,25,25,25,25,1,1,4,2,2,2,0.97,0.78,-0.78,33.4,-33.35940054305645,41.22847965896497,40.07202441065144,32.153718403795736,2.3227835497685856
SI,2025-10-06,98.4,-2.26,6.15,"Muncy, Max",571970,661395,double,hit_into_play,,,,,8,Max Muncy doubles (1) on a sharp line drive to left fielder Max Kepler.,D,L,R,PHI,LAD,X,7,line_drive,1,0,2025,-1.06,-0.11,-0.16167709500923433,1.7566444834959376,,,,1,9,Top,61.64,128.6,,,,,8.10305083994255,-143.02282452168615,-6.1754202676674925,-16.41197770428889,32.5002499611403,-32.47514360973337,3.08,1.52,262,101.4,15,98.1,1732,6.1,813052,592663,547180,681082,664761,607208,596146,669016,592206,54.37,0.686,0.713,1.25,1,1,1,4,65,2,Sinker,1,4,4,1,4,1,4,1,Strategic,Standard,238,-0.007,0.602,80.4,6.5,0.967,-0.602,101.4,-3,3,0.038,0.962,27,34,27,35,1,1,2,2,3,2,2.47,1.06,-1.06,32.2,-0.4929451443205815,19.291943469260474,38.53323246045988,40.319616802867685,25.094465743715084
FF,2025-10-06,95.4,-1.68,5.37,"Vaughn, Andrew",683734,607067,walk,ball,,,,,11,Andrew Vaughn walks.,D,R,R,MIL,CHC,B,,,3,2,2025,-0.75,1.17,-1.386328404473586,2.4742455697891037,,,,2,5,Bot,,,,,,,2.4756391137711016,-138.8148651075118,-4.552034872598784,-10.22873880071968,35.92114560844105,-16.2670414435689,2.99716370536188,1.51356446239344,,,,95.3,2178,6.6,813048,608348,683737,663538,807713,621020,664023,691718,673548,53.9,,0.691497,0.7,1,0,0,,46,6,4-Seam Fastball,7,3,7,3,3,7,7,3,Standard,Standard,215,0.003,0.259,,,,-0.259,,4,4,0.921,0.921,34,27,35,27,1,2,5,2,5,2,1.37,0.75,0.75,27.5,,,,,
FF,2025-10-06,96.5,1.97,6.82,"Schwarber, Kyle",656941,605483,field_out,hit_into_play,,,,,1,Kyle Schwarber flies out to left fielder Enrique Hernández.,D,L,L,PHI,LAD,X,7,fly_ball,0,0,2025,0.2,1.53,-0.5165104711271388,3.370099258065843,,,,1,1,Bot,76.73,140.1,,,,,-7.123650441737648,-140.23028940557927,-7.081464981940347,4.31772383949201,33.96259280214016,-10.56087496969955,3.28,1.51,192,99.2,63,96.9,2558,6.7,813052,666163,518692,669242,500743,605141,571771,681624,606192,53.77,0.01,0.009,0,1,0,0,3,7,1,4-Seam Fastball,0,0,0,0,0,0,0,0,Strategic,Standard,160,-0.016,-0.254,77.7,6.9,0.01,0.254,99.2,0,0,0.526,0.526,32,32,33,32,1,0,6,2,7,2,0.94,0.2,0.2,57.6,15.520219813423745,5.257405427766965,23.792568137745004,38.25661630718662,27.02658693943939
CH,2025-10-06,90.1,2.18,5.59,"Ohtani, Shohei",660271,666200,strikeout,called_strike,,,,,7,Shohei Ohtani called out on strikes.,D,L,L,PHI,LAD,S,2,,2,2,2025,1.42,0.54,-0.42586726737265024,1.612904812241765,,,,0,1,Top,,,,,,,-9.42763510969831,-130.81157001897873,-5.032493905649285,18.27925448956794,27.071835463174207,-25.036357249532468,3.45319888015396,1.60658264147277,,,,89.7,2123,6.1,813052,592663,547180,624641,664761,607208,805249,669016,592206,54.36,,0,0,1,0,0,,1,6,Changeup,0,0,0,0,0,0,0,0,Strategic,Standard,107,0.019,-0.232,,,,0.232,,0,0,0.503,0.497,27,30,28,31,1,0,12,2,3,2,2.27,1.42,1.42,32.8,,,,,
CU,2025-10-06,82.3,2.62,5.58,"Busch, Michael",683737,657649,,called_strike,,,,,7,Called Strike,D,L,L,MIL,CHC,S,,,0,0,2025,-1.13,-0.7,-0.6595086487181001,1.7747218580235544,,,,1,7,Top,,,,,,,-5.2109466390937405,-119.68527463104775,-0.6550958954783809,-9.587385674890431,26.477452366518317,-38.919922570428824,3.27722649314104,1.57725157993932,,,,81.1,2499,5.8,813048,661388,683734,668930,702332,687401,694192,663368,686217,54.65,,,,,,,,57,1,Curveball,7,3,3,7,3,7,3,7,Standard,Standard,306,0.002,-0.039,,,,0.039,,4,-4,0.956,0.04400000000000004,31,27,31,28,1,1,2,2,2,2,4.11,-1.13,-1.13,26.9,,,,,
FF,2025-10-06,94.1,2.07,5.95,"Yelich, Christian",592885,519141,,called_strike,,,,,4,Called Strike,D,L,L,MIL,CHC,S,,,0,0,2025,0.1,1.58,-0.41553677159436303,2.657355583320852,,,,1,5,Bot,,,,,,,-6.6058475505192735,-136.7071027619243,-6.222140356361156,2.817625956324134,31.773639332317682,-11.158405369830803,3.3793416546381,1.75225790438678,,,,92.8,2594,5.7,813048,608348,683737,663538,807713,621020,664023,691718,673548,54.77,,,,,,,,45,1,4-Seam Fastball,7,3,7,3,3,7,7,3,Infield shade,Standard,155,-0.001,-0.039,,,,0.039,,4,4,0.925,0.925,36,33,37,34,1,2,4,2,2,2,1.01,0.1,0.1,35.8,,,,,
FF,2025-10-06,92.5,1.7,5.33,"Turang, Brice",668930,684007,,called_strike,,,,,7,Called Strike,D,L,L,MIL,CHC,S,,,0,0,2025,1.31,1.37,-0.637087389465905,1.6471092957208862,,,,1,1,Bot,,,,,,,-8.807977812727206,-134.24473998897457,-6.468763754677379,17.850299687721087,33.430607758831826,-14.347659356521788,3.44518079307037,1.64572496825182,,,,91.8,2455,6.4,813048,608348,457759,663538,807713,621020,664023,691718,673548,54.14,,,,,,,,8,1,4-Seam Fastball,0,3,0,3,3,0,0,3,Standard,Standard,140,-0.002,-0.039,,,,0.039,,-3,-3,0.246,0.246,31,25,32,26,1,0,5,2,,2,1.34,1.31,1.31,37.8,,,,,
FF,2025-10-06,97.8,0.12,6.5,"Happ, Ian",664023,656730,,called_strike,,,,,3,Called Strike,D,L,R,MIL,CHC,S,,,2,0,2025,0.1,1.61,0.44715600435828273,3.3878568250341594,,,,2,8,Top,,,,,,,0.6538103633363127,-142.21949622270833,-6.50740460672865,1.2091258943992012,39.43709780262292,-9.16965141833184,3.49138810361965,1.64803653678193,,,,97.2,2498,6.5,813048,661388,683734,668930,702332,687401,694192,663368,686217,54.03,,,,,,,,64,3,4-Seam Fastball,7,3,3,7,3,7,3,7,Strategic,Standard,190,0.001,-0.066,,,,0.066,,4,-4,0.983,0.017000000000000015,31,30,32,31,1,3,8,2,3,2,0.82,-0.1,0.1,55.4,,,,,
SL,2025-10-06,87.3,-1.27,5.81,"Kelly, Carson",608348,682842,strikeout,swinging_strike,,,,,14,Carson Kelly strikes out swinging.,D,R,R,MIL,CHC,S,2,,2,2,2025,1.41,0.25,0.7479468035564,1.5374328719538108,,,,0,9,Top,,,,,,,1.9317163707911242,-126.95734739980335,-4.559271666008035,14.665651815293263,29.504979424461034,-28.69650634025122,3.38,1.67,,,,86.8,2416,6.3,813048,661388,683734,668930,702332,687401,663604,663368,686217,54.22,,0,0,1,0,0,,69,6,Slider,7,3,3,7,3,7,3,7,Strategic,Standard,80,0.008,-0.232,66.5,8.0,,0.232,,4,-4,0.986,0.014000000000000012,25,30,25,31,1,3,8,2,5,2,2.78,-1.41,-1.41,41.2,24.98625741362954,-30.08180953716775,33.38032673572983,46.1988128218665,47.04341834886159
FF,2025-10-06,95.3,-2.7,6.43,"Realmuto, J.T.",592663,595014,,foul,,,,,5,Foul,D,R,R,PHI,LAD,S,,,1,1,2025,-0.92,1.18,0.26221326785421073,3.0074185868225536,,,664761,0,9,Bot,,,,,,,9.716162970935963,-138.37158162062116,-5.888553673831361,-14.002275019900395,32.36751587336488,-15.838861030455616,3.66,1.74,185,79.1,66,93.9,2413,5.7,813052,669257,518692,669242,571970,605141,571771,681909,681624,54.78,,,,,,,,70,3,4-Seam Fastball,1,4,1,4,4,1,1,4,Strategic,Standard,232,-0.012,-0.07,71.2,7.5,,0.07,88.0,-3,-3,0.09,0.09,37,34,37,34,1,3,5,2,2,2,1.35,0.92,0.92,33.2,15.292198906688366,-7.070938279799457,29.017489629499874,40.54181436604722,30.628286590457115
SI,2025-10-06,96.6,-1.8,5.71,"Hernández, Enrique",571771,689147,fielders_choice,hit_into_play,,,,,11,"Phillies challenged (tag play), call on the field was upheld: Enrique Hernández reaches on a fielder's choice, fielded by shortstop Trea Turner. Teoscar Hernández scores. Freddie Freeman to 3rd.",D,R,R,PHI,LAD,X,6,ground_ball,0,1,2025,-1.46,0.98,-1.7843330819039056,3.077503005429808,606192,518692,,1,7,Top,118.85,167.07,,,,,3.375182511389416,-140.61637123801637,-3.660972093820255,-20.0782161023859,33.616565750125474,-18.602109954349135,3.42,1.69,25,35.4,2,96.4,2347,6.3,813052,592663,547180,624641,664761,607208,805249,669016,592206,54.22,0.221,0.199,0.9,1,0,0,1,47,2,Sinker,0,0,0,0,1,0,1,0,Strategic,Standard,229,-0.139,0.46,60.0,6.2,0.221,-0.46,88.0,0,0,0.372,0.628,24,33,24,34,1,2,2,2,2,2,1.47,1.46,1.46,30.1,1.3473606484739342,8.934704900158659,29.69392165845124,20.048827387255606,24.96105078001657
FF,2025-10-06,98.3,-0.69,5.71,"Castellanos, Nick",592206,686218,field_out,hit_into_play,,,,,6,Nick Castellanos flies out to right fielder Teoscar Hernández.,D,R,R,PHI,LAD,X,9,fly_ball,0,2,2025,-0.55,1.68,0.509809177097972,3.1893353034883987,,,,1,7,Bot,198.1,125.79,,,,,4.551151427146315,-142.9157929927191,-5.22410807113392,-8.606415881866942,37.61453476355446,-8.2050373538022,3.94,1.89,255,92.2,51,98.5,2581,6.8,813052,669257,518692,669242,571970,605141,571771,681624,606192,53.74,0.01,0.011,0,1,0,0,3,54,3,4-Seam Fastball,0,4,0,4,4,0,0,4,Standard,Standard,203,-0.007,-0.163,74.8,7.3,0.016,0.163,92.2,-4,-4,0.049,0.049,25,33,26,33,1,2,5,2,3,2,0.71,0.55,0.55,41.8,6.538248795993719,0.6759773896535067,32.406196858627325,42.13376686930106,23.513404249682274
SI,2025-10-06,98.6,0.35,6.5,"Hoerner, Nico",663538,676879,,foul,,,,,14,Foul,D,R,L,MIL,CHC,S,,,0,1,2025,1.1,0.91,0.0674298313740247,0.9805008177725116,,,,1,1,Top,,,,,,,-3.271461603730784,-143.14116747005295,-11.420964688772019,15.912759515238417,35.115218879782795,-17.183990017972835,3.33,1.59,,,,96.7,2250,5.5,813048,661388,683734,668930,702332,687401,694192,663368,686217,55,,,,,,,,2,2,Sinker,0,0,0,0,0,0,0,0,Standard,Standard,145,0.004,-0.052,69.6,8.1,,0.052,,0,0,0.524,0.476,27,28,27,28,1,0,2,2,3,2,1.46,1.1,-1.1,54.4,1.4224090121659008,-5.17740638344621,47.27927607256078,38.15447125411946,24.444701707220524
FF,2025-10-06,93.2,0.43,6.16,"Bader, Harrison",664056,681911,single,hit_into_play,,,,,12,Harrison Bader singles on a sharp line drive to left fielder Enrique Hernández. Bryson Stott to 2nd.,D,R,L,PHI,LAD,X,7,line_drive,2,1,2025,0.58,1.77,0.408100461720102,3.431559143310826,,,681082,1,9,Bot,71.19,93.14,,,,,-1.3476937824637456,-135.62358594588667,-5.063708869455429,7.45918014654232,34.334560742015,-9.522114837100483,3.25,1.52,253,101.6,16,92.5,2563,6.2,813052,669257,518692,669242,571970,605141,571771,681909,681624,54.29,0.519,0.544,0.9,1,1,0,4,73,4,4-Seam Fastball,3,4,3,4,4,3,3,4,Standard,Standard,166,0.116,0.364,75.5,7.0,0.784,-0.364,101.6,-1,-1,0.227,0.227,29,31,29,31,1,0,2,2,3,3,0.89,0.58,-0.58,62.4,13.296186158715283,-10.281412735948177,15.563895083921695,39.85476397671228,32.65944599905733
FF,2025-10-06,97,1.88,6.75,"Turner, Trea",607208,605483,strikeout,called_strike,,,,,1,Trea Turner called out on strikes.,D,R,L,PHI,LAD,S,2,,2,2,2025,0.36,1.69,-0.8155781392565218,2.9621916959993424,,,,0,1,Bot,,,,,,,-8.091971334220112,-140.759244156272,-8.444076459049423,6.740934151846099,33.55041832000644,-7.988142299243091,3.35863304207706,1.6114976013557,,,,97.3,2523,6.7,813052,666163,518692,669242,500743,605141,571771,681624,606192,53.76,,0,0,1,0,0,,6,5,4-Seam Fastball,0,0,0,0,0,0,0,0,Standard,Standard,156,-0.019,-0.232,,,,0.232,,0,0,0.545,0.545,32,32,33,32,1,0,6,2,7,2,0.76,0.36,-0.36,59.2,,,,,
CH,2025-10-06,90.2,2.22,5.63,"Ohtani, Shohei",660271,666200,,foul,,,,,8,Foul,D,L,L,PHI,LAD,S,,,2,2,2025,1.49,0.71,-0.21098456330152215,1.7714046633841944,,,,0,1,Top,,,,,,,-9.138512400912349,-130.95869942104176,-5.07402947879916,19.08109891103507,28.997362573007162,-23.087329898951403,3.56,1.66,,,,89.4,2022,6,813052,592663,547180,624641,664761,607208,805249,669016,592206,54.5,,,,,,,,1,5,Changeup,0,0,0,0,0,0,0,0,Infield shade,Standard,113,0,0,73.9,8.2,,0,,0,0,0.503,0.497,27,30,28,31,1,0,12,2,3,2,2.12,1.49,1.49,33.1,13.69627797861026,-5.791478023974684,36.82189653987841,43.95080410146852,31.004427092516885
SI,2025-10-06,97,-1.27,5.39,"Crow-Armstrong, Pete",691718,694477,,foul,,,,,5,Foul,D,L,R,MIL,CHC,S,,,0,0,2025,-1.43,0.92,0.1739509861114128,2.4741738637178976,,,,1,6,Top,,,,,,,7.113385139042967,-141.0311297673785,-4.3160278503824525,-20.76829308390903,34.938414147287645,-19.051961097401716,3.13,1.48,191,72.1,56,96.4,2286,6.2,813048,661388,683734,668930,702332,687401,694192,663368,686217,54.32,,,,,,,,49,1,Sinker,7,3,3,7,3,7,3,7,Standard,Standard,223,0.002,-0.039,70.2,6.2,,0.039,88.0,4,-4,0.935,0.06499999999999995,26,23,27,23,1,2,8,2,2,2,1.52,1.43,-1.43,30.3,3.2859437025814535,6.020096751943892,38.02445450652521,29.559192575229613,29.82719546501371
KC,2025-10-06,85.3,2.06,6.01,"Contreras, William",661388,519141,strikeout,called_strike,,,,,3,William Contreras called out on strikes.,D,R,L,MIL,CHC,S,2,,0,2,2025,-0.32,-1.09,0.6686275173325515,3.1699467966847465,,,,0,5,Bot,,,,,,,-2.5847126331548202,-124.11788600058324,1.8187979530875935,-2.7388858762128283,26.978571014768104,-44.0073454781477,3.34898499132601,1.50900119747045,,,,83.6,2252,5.4,813048,608348,683737,663538,807713,621020,664023,691718,673548,55.11,,0,0,1,0,0,,44,3,Knuckle Curve,7,3,7,3,3,7,7,3,Standard,Standard,322,-0.004,-0.165,,,,0.165,,4,4,0.929,0.929,36,27,37,28,1,2,4,2,2,2,4.25,-0.32,0.32,34.0,,,,,
SI,2025-10-06,97.7,-2.52,6.08,"Muncy, Max",571970,661395,,ball,,,,,11,Ball,D,L,R,PHI,LAD,B,,,0,0,2025,-1,-0.18,-1.241304124141751,2.288262892165233,,,,1,9,Top,,,,,,,5.705992623073917,-142.14819507160962,-4.284364335947055,-14.847643401577253,31.736020021208706,-33.859232636583876,3.05136577694574,1.36150581609922,,,,97.4,1704,6.1,813052,592663,547180,681082,664761,607208,596146,669016,592206,54.43,,,,,,,,65,1,Sinker,1,4,4,1,4,1,4,1,Strategic,Standard,241,0,0.039,,,,-0.039,,-3,3,0.038,0.962,27,34,27,35,1,1,2,2,3,2,2.56,1,-1,29.8,,,,,
SI,2025-10-06,97.8,0.25,6.54,"Hoerner, Nico",663538,676879,,called_strike,,,,,3,Called Strike,D,R,L,MIL,CHC,S,,,0,0,2025,1.08,0.51,0.4699776543537584,3.131655199874108,,,,1,1,Top,,,,,,,-1.860613619581786,-142.41597551838987,-4.789702830976264,15.078590591008705,34.53068954325133,-24.297900169351905,3.26526807891952,1.46507328919023,,,,96.1,2097,5.4,813048,661388,683734,668930,702332,687401,694192,663368,686217,55.1,,,,,,,,2,1,Sinker,0,0,0,0,0,0,0,0,Standard,Standard,152,0.002,-0.039,,,,0.039,,0,0,0.522,0.478,27,28,27,28,1,0,2,2,3,2,1.88,1.08,-1.08,50.4,,,,,
ST,2025-10-06,83.7,2.61,6.45,"Freeman, Freddie",518692,621383,,ball,,,,,13,Ball,D,L,L,PHI,LAD,B,,,1,2,2025,-1.1,0,-2.1876108966650123,1.3443707939411516,,,,1,8,Top,,,,,,,-8.783365989841261,-121.50013314113775,-5.190064481866319,-8.840575612115897,26.783750551012826,-31.26335257964763,3.72000063197231,1.78700970239844,,,,82.2,2503,5.7,813052,592663,547180,681082,664761,607208,805249,669016,592206,54.8,,,,,,,,57,4,Sweeper,0,4,4,0,4,0,4,0,Strategic,Standard,300,-0.001,0.048,,,,-0.048,,-4,4,0.041,0.959,33,35,34,36,1,3,8,2,2,2,3.31,-1.1,-1.1,48.1,,,,,
FF,2025-10-06,100.1,-1.33,5.39,"Frelick, Sal",686217,694037,,called_strike,,,,,3,Called Strike,D,L,R,MIL,CHC,S,,,1,0,2025,-0.69,1.32,0.34161873962911016,2.6837643367599373,,,,0,4,Bot,,,,,,,6.27950817598873,-145.53592701453815,-5.205365748860786,-11.379326496243348,36.997893038044076,-12.418514229355404,3.08161373629071,1.44145700058395,,,,100.3,2348,6.6,813048,608348,683737,663538,807713,621020,664023,691718,673548,53.87,,,,,,,,34,2,4-Seam Fastball,4,3,4,3,3,4,4,3,Standard,Standard,219,-0.004,-0.05,,,,0.05,,1,1,0.688,0.688,25,25,25,25,1,1,4,2,2,2,0.97,0.69,-0.69,36.1,,,,,
SI,2025-10-06,99.8,1.74,6.07,"Shaw, Matt",807713,657649,strikeout,swinging_strike,,,,,12,Matt Shaw strikes out swinging.,D,R,L,MIL,CHC,S,2,,2,2,2025,1.36,1.11,0.9650439956271997,2.7241389071520423,,,,0,7,Top,,,,,,,-5.276692632996216,-145.00503023274297,-6.323556366763965,20.32485733559737,38.64370271151323,-15.196311934191188,3.28,1.55,,,,98.6,2516,6,813048,661388,683734,668930,702332,687401,694192,663368,686217,54.48,,0,0,1,0,0,,56,5,Sinker,7,3,3,7,3,7,3,7,Strategic,Standard,151,0.013,-0.232,64.3,6.0,,0.232,,4,-4,0.943,0.05700000000000005,31,23,31,24,1,2,2,2,2,2,1.21,1.36,-1.36,39.2,-4.148978348940309,40.151568314433284,23.888555948556725,43.69747058219771,6.66003466836467
FF,2025-10-06,92,1.67,5.32,"Chourio, Jackson",694192,684007,strikeout,swinging_strike,,,,,7,Jackson Chourio strikes out swinging.,D,R,L,MIL,CHC,S,2,,2,2,2025,1.35,1.26,-0.460494628470439,1.9106652930188501,,,,0,1,Bot,,,,,,,-8.314331366422666,-133.60392960243436,-5.443627772248687,18.04636127597369,33.05854969220051,-16.045326009685873,3.41,1.61,,,,91.2,2458,6.3,813048,608348,457759,663538,807713,621020,664023,691718,673548,54.24,,0,0,1,0,0,,7,5,4-Seam Fastball,0,3,0,3,3,0,0,3,Standard,Standard,141,-0.018,-0.232,74.0,7.4,,0.232,,-3,-3,0.264,0.264,31,21,32,21,1,0,5,2,,2,1.47,1.35,-1.35,35.7,2.4470442785270072,0.8691542844187516,39.13630658362221,30.588726675425587,23.71886524274031
FF,2025-10-06,98.3,-0.02,6.56,"Happ, Ian",664023,656730,,ball,,,,,3,Ball,D,L,R,MIL,CHC,B,,,1,0,2025,0.09,1.67,0.6900951385441473,3.053090321868524,,,,2,8,Top,,,,,,,1.7199091386529428,-143.00983566503277,-7.909343661628902,0.7961016557664113,34.56002320015953,-7.688868196682016,3.5349770549134,1.7057826775215,,,,98.5,2463,6.5,813048,661388,683734,668930,702332,687401,694192,663368,686217,53.99,,,,,,,,64,2,4-Seam Fastball,7,3,3,7,3,7,3,7,Strategic,Standard,193,-0.001,0.065,,,,-0.065,,4,-4,0.984,0.016000000000000014,31,30,32,31,1,3,8,2,3,2,0.7,-0.09,0.09,56.2,,,,,
SI,2025-10-06,94.9,-2.78,6.31,"Realmuto, J.T.",592663,595014,,ball,,,,,13,Ball,D,R,R,PHI,LAD,B,,,0,1,2025,-1.4,0.74,-1.0974525611358454,2.0749910977812482,,,664761,0,9,Bot,,,,,,,7.43812339364712,-137.86990074397872,-6.978734623776783,-19.545571677485405,30.789200347492343,-21.400299591619447,3.55668973980536,1.63665070023676,,,,93.8,2203,5.7,813052,669257,518692,669242,571970,605141,571771,681909,681624,54.77,,,,,,,,70,2,Sinker,1,4,1,4,4,1,1,4,Standard,Standard,235,0.005,0.034,,,,-0.034,,-3,-3,0.085,0.085,37,34,37,34,1,3,5,2,2,2,1.8,1.4,1.4,31.0,,,,,
FF,2025-10-06,95.8,-1.6,5.51,"Vaughn, Andrew",683734,607067,,foul,,,,,6,Foul,D,R,R,MIL,CHC,S,,,3,1,2025,-0.36,1.31,0.544156762493907,2.6382368011467103,,,,2,5,Bot,,,,,,,6.533716306504373,-139.32754168558162,-4.952781584757905,-6.236186378528069,31.951988152984683,-14.223817480421234,3.23,1.52,,,,96.3,2215,6.7,813048,608348,683737,663538,807713,621020,664023,691718,673548,53.82,,,,,,,,46,5,4-Seam Fastball,7,3,7,3,3,7,7,3,Standard,Standard,214,-0.001,-0.086,73.8,7.4,,0.086,,4,4,0.922,0.922,34,27,35,27,1,2,5,2,5,2,1.18,0.36,0.36,34.0,8.673073941669541,0.061941027676171885,26.080287916998962,44.63952199526709,28.145075121980575
SL,2025-10-06,85.5,-1.45,5.73,"Kelly, Carson",608348,682842,,foul,,,,,11,Foul,D,R,R,MIL,CHC,S,,,2,2,2025,0.87,0.5,-0.8930172301585426,3.3679400934777615,,,,0,9,Top,,,,,,,-0.44565422134246374,-124.52800769804196,-0.29221334932326914,9.119436365125784,26.002897344879063,-27.110415123227174,3.38,1.67,,,,85.4,2463,6.2,813048,661388,683734,668930,702332,687401,663604,663368,686217,54.26,,,,,,,,69,5,Slider,7,3,3,7,3,7,3,7,Strategic,Standard,76,0,0,67.5,6.2,,0,,4,-4,0.986,0.014000000000000012,25,30,25,31,1,3,8,2,5,2,2.62,-0.87,-0.87,40.5,10.254397910943338,-9.444902235266753,28.409452211779396,28.307018228070294,29.207033633233905
SI,2025-10-06,97.1,-1.7,5.74,"Hernández, Enrique",571771,689147,,foul,,,,,11,Foul,D,R,R,PHI,LAD,S,,,0,0,2025,-1.52,0.91,-1.2434322228008852,2.854990785739668,606192,518692,,1,7,Top,,,,,,,4.709500009430455,-141.25246357092067,-4.237128774027143,-21.3639318186561,34.14338299319243,-19.268154133808917,3.42,1.69,140,70.3,14,97.1,2375,6.4,813052,592663,547180,624641,664761,607208,805249,669016,592206,54.05,,,,,,,,47,1,Sinker,0,0,0,0,0,0,0,0,Strategic,Standard,229,0.02,-0.051,65.5,5.8,,0.051,88.0,0,0,0.352,0.648,24,33,24,34,1,2,2,2,2,2,1.52,1.52,1.52,29.9,-17.460052516060045,31.621733551403306,38.166404877507354,25.1726952636292,12.170965090469988
FF,2025-10-06,103.9,-1.79,5.25,"Suzuki, Seiya",673548,694819,,ball,,,,,13,Ball,D,R,R,MIL,CHC,B,,,0,0,2025,-1.19,1.14,-0.33629017769951264,1.2436445634649593,,,,1,3,Top,,,,,,,7.234906472554775,-150.8728359460361,-9.264596039000564,-20.013935647149065,36.81462922188559,-12.63212184292591,3.27674887693017,1.52667792825198,,,,105.9,2771,7.4,813048,661388,683734,668930,702332,687401,694192,663368,686217,53.06,,,,,,,,22,1,4-Seam Fastball,3,3,3,3,3,3,3,3,Strategic,Standard,222,-0.003,0.039,,,,-0.039,,0,0,0.525,0.475,23,30,23,31,1,1,9,2,5,2,0.98,1.19,1.19,28.1,,,,,
SL,2025-10-06,88.3,-1.03,5.41,"Castellanos, Nick",592206,686218,,foul,,,,,6,Foul,D,R,R,PHI,LAD,S,,,0,1,2025,0.22,0.29,0.7288630525464289,3.0131087132237155,,,,1,7,Bot,,,,,,,3.851189446818027,-128.61087372991403,-0.3926268317491546,1.6308605353473289,26.10900204326948,-29.03707488972861,3.94,1.89,5,44.2,-30,89.1,2346,6.7,813052,669257,518692,669242,571970,605141,571771,681624,606192,53.79,,,,,,,,54,2,Slider,0,4,0,4,4,0,0,4,Standard,Standard,157,-0.002,-0.052,71.8,8.1,,0.052,88.0,-4,-4,0.051,0.051,25,33,26,33,1,2,5,2,3,2,2.62,-0.22,-0.22,33.7,18.872209622283073,-23.331628396414086,29.74516899683296,45.091874147782654,39.72122213638151
FF,2025-10-06,91.7,0.44,6.18,"Bader, Harrison",664056,681911,,swinging_strike,,,,,12,Swinging Strike,D,R,L,PHI,LAD,S,,,2,0,2025,0.59,1.73,1.0585319426578241,3.518938343329752,,,681082,1,9,Bot,,,,,,,0.28866788617704253,-133.47179348403674,-4.535364405928941,6.868150287139804,32.45582957907412,-10.858027194677488,3.25,1.52,,,,90.9,2489,6.1,813052,669257,518692,669242,571970,605141,571771,681909,681624,54.4,,,,,,,,73,3,4-Seam Fastball,3,4,3,4,4,3,3,4,Standard,Standard,165,-0.026,-0.062,43.9,5.6,,0.062,,-1,-1,0.253,0.253,29,31,29,31,1,0,2,2,3,3,1.01,0.59,-0.59,64.7,2.950502374985538,31.66237896374916,5.3895703886755655,47.622119671353104,8.567820010607448
SI,2025-10-06,98,2.11,5.82,"Ohtani, Shohei",660271,666200,,called_strike,,,,,8,Called Strike,D,L,L,PHI,LAD,S,,,2,1,2025,1.44,0.9,-0.09194488313888893,1.9318170625725817,,,,0,1,Top,,,,,,,-9.20194056984852,-142.15258023981244,-6.962358655733593,21.723013766234875,36.39553151753021,-18.45707022859585,3.45312826061717,1.66000175940725,,,,96.7,2391,6,813052,592663,547180,624641,664761,607208,805249,669016,592206,54.51,,,,,,,,1,4,Sinker,0,0,0,0,0,0,0,0,Infield shade,Standard,130,0.007,-0.073,,,,0.073,,0,0,0.496,0.504,27,30,28,31,1,0,12,2,3,2,1.51,1.44,1.44,30.9,,,,,
FF,2025-10-06,100.5,-1.24,5.48,"Frelick, Sal",686217,694037,,ball,,,,,11,Ball,D,L,R,MIL,CHC,B,,,0,0,2025,-0.8,1.38,-0.049556967104743554,3.7998295771668005,,,,0,4,Bot,,,,,,,5.250851643927044,-146.232702157693,-2.545153273250948,-12.796084913679232,38.6656989007059,-12.05957646788308,2.96852280715954,1.44281617259832,,,,100.6,2353,6.6,813048,608348,683737,663538,807713,621020,664023,691718,673548,53.87,,,,,,,,34,1,4-Seam Fastball,4,3,4,3,3,4,4,3,Standard,Standard,223,0.003,0.041,,,,-0.041,,1,1,0.685,0.685,25,25,25,25,1,1,4,2,2,2,0.9,0.8,-0.8,33.7,,,,,
FF,2025-10-06,104.2,-1.71,5.13,"Tucker, Kyle",663656,694819,field_out,hit_into_play,,,,,13,"Kyle Tucker grounds out, third baseman Caleb Durbin to first baseman Andrew Vaughn.",D,L,R,MIL,CHC,X,5,ground_ball,1,2,2025,-1,1.12,-0.6415779272255644,1.360898416394416,,,,0,3,Top,95.16,142.99,,,,,5.671735513342017,-151.45102221586149,-8.556044699124929,-16.790762563551812,39.82699382535977,-12.999021349220266,3.44,1.6,128,72.9,10,106.1,2784,7.5,813048,661388,683734,668930,702332,687401,694192,663368,686217,52.99,0.271,0.244,0,1,0,0,2,21,4,4-Seam Fastball,3,3,3,3,3,3,3,3,Strategic,Standard,228,0.018,-0.189,70.0,7.2,0.271,0.189,88.0,0,0,0.507,0.493,23,28,23,28,1,1,9,2,5,2,1,1,-1,25.5,-5.674697897821636,9.168787122912464,43.19927114347695,44.86429574592039,14.984138055590012
FF,2025-10-06,97.5,-1.25,5.49,"Kelly, Carson",608348,694477,strikeout,swinging_strike,,,,,3,Carson Kelly strikes out swinging.,D,R,R,MIL,CHC,S,2,,1,2,2025,-0.73,1.46,0.3116098198644417,3.1118645710915698,,,,0,6,Top,,,,,,,5.848223912104857,-141.6983104630442,-4.126162092628452,-11.212456930244599,36.490687755429995,-11.894788261384116,3.38,1.67,,,,96.6,2527,6.1,813048,661388,683734,668930,702332,687401,694192,663368,686217,54.39,,0,0,1,0,0,,48,4,4-Seam Fastball,7,3,3,7,3,7,3,7,Strategic,Standard,220,0.012,-0.189,69.1,6.1,,0.189,,4,-4,0.923,0.07699999999999996,26,30,27,31,1,2,8,2,2,2,0.97,0.73,0.73,35.1,1.7388249389402732,14.491964038261226,30.64666733627248,42.500172207736796,16.80287569299869
FC,2025-10-06,89.9,-1.69,5.4,"Vaughn, Andrew",683734,607067,,ball,,,,,12,Ball,D,R,R,MIL,CHC,B,,,2,1,2025,0.28,0.76,1.238623651256821,2.578365206007412,,,,2,5,Bot,,,,,,,6.711303660525295,-130.78600193153142,-2.584517183631359,1.621644496389084,29.82138989580434,-23.097613746657633,3.11822353387905,1.5214962953804,,,,90,2240,6.5,813048,608348,683737,663538,807713,621020,664023,691718,673548,53.96,,,,,,,,46,4,Cutter,7,3,7,3,3,7,7,3,Standard,Standard,187,0.001,0.117,,,,-0.117,,4,4,0.921,0.921,34,27,35,27,1,2,5,2,5,2,2.08,-0.28,-0.28,32.4,,,,,
FF,2025-10-06,100.6,-2.14,6.15,"Hernández, Enrique",571771,661395,strikeout,swinging_strike,,,,,3,Enrique Hernández strikes out swinging.,D,R,R,PHI,LAD,S,2,,1,2,2025,-1.1,0.86,0.49077124244825643,3.3852484315589044,,,,0,9,Top,,,,,,,9.823164731065342,-146.1014322348212,-4.319746609729998,-18.176096969188677,35.471723282027746,-18.959480230010914,3.42,1.69,,,,99.6,1992,5.9,813052,592663,547180,681082,664761,607208,596146,669016,592206,54.57,,0,0,1,0,0,,64,4,4-Seam Fastball,1,4,4,1,4,1,4,1,Standard,Standard,235,0.003,-0.189,65.6,6.8,,0.189,,-3,3,0.035,0.965,27,33,27,34,1,3,2,2,3,2,1.4,1.1,1.1,30.1,4.480712161671652,26.90712575216314,18.12432755959523,48.43744709940027,9.701830678106555
FF,2025-10-06,94.2,2.48,6.67,"Freeman, Freddie",518692,621383,,swinging_strike,,,,,2,Swinging Strike,D,L,L,PHI,LAD,S,,,1,1,2025,0.07,1.38,-0.08942724433183205,3.6405414646211876,,,,1,8,Top,,,,,,,-6.701882945652813,-136.93952192100772,-5.11033394541108,2.4630678872558214,32.13853799817029,-13.941613404798252,3.72,1.8,,,,92.4,2250,5.4,813052,592663,547180,681082,664761,607208,805249,669016,592206,55.09,,,,,,,,57,3,4-Seam Fastball,0,4,4,0,4,0,4,0,Strategic,Standard,162,0.001,-0.064,61.6,4.7,,0.064,,-4,4,0.04,0.96,33,35,34,36,1,3,8,2,2,2,1.21,0.07,0.07,51.4,-15.912613385799093,46.732350581723736,35.67036539088727,44.33138110013007,0.18672528749611716
SL,2025-10-06,82.6,1.8,5.63,"Betts, Mookie",605141,621381,field_out,hit_into_play,,,,,2,Mookie Betts flies out to center fielder Brandon Marsh.,D,R,L,PHI,LAD,X,8,fly_ball,1,0,2025,0.12,0.55,-0.19448893094951494,2.8112185528161495,669257,,660271,2,7,Top,117.87,70.31,,,,,-4.774241732255331,-120.23572259959907,-0.970743956247084,2.128843864444384,24.093736182672036,-26.89929346075607,3.23,1.53,320,96.3,42,82.4,2800,6.2,813052,592663,547180,624641,664761,607208,805249,669016,592206,54.26,0.025,0.034,0,1,0,0,3,52,2,Slider,0,4,4,0,4,0,4,0,Standard,Standard,251,0.012,-0.281,74.3,7.2,0.065,0.281,96.3,-4,4,0.059,0.9410000000000001,33,32,34,33,1,3,2,2,3,2,2.8,0.12,-0.12,35.9,10.881090899387829,-5.246781846941594,30.35365509831143,40.33000027999072,34.94714394843323
FF,2025-10-06,92.3,1.65,5.3,"Chourio, Jackson",694192,684007,,called_strike,,,,,7,Called Strike,D,R,L,MIL,CHC,S,,,2,1,2025,1.37,1.37,-0.6071309358576791,2.028793729471243,,,,0,1,Bot,,,,,,,-8.698108609132177,-133.93751652124277,-5.3661232066596165,18.433134761100995,32.92304260528706,-14.771935031876506,3.2421693646963,1.61417019033246,,,,91.5,2500,6.3,813048,608348,457759,663538,807713,621020,664023,691718,673548,54.24,,,,,,,,7,4,4-Seam Fastball,0,3,0,3,3,0,0,3,Standard,Standard,141,-0.007,-0.073,,,,0.073,,-3,-3,0.271,0.271,31,21,32,21,1,0,5,2,,2,1.36,1.37,-1.37,35.8,,,,,
FF,2025-10-06,98.3,0.32,6.59,"Turner, Justin",457759,676879,field_out,hit_into_play,,,,,1,Justin Turner flies out to left fielder Jackson Chourio.,D,R,L,MIL,CHC,X,7,fly_ball,1,2,2025,0.59,1.22,-0.5823415196855126,3.053264685706478,,,,0,1,Top,73.22,89.4,,,,,-3.7504267387876045,-143.029563111569,-6.828457114059102,8.962914547491563,33.671323629881805,-13.986342907964143,3.39,1.53,301,85,41,96.6,2273,5.3,813048,661388,683734,668930,702332,687401,694192,663368,686217,55.15,0.01,0.011,0,1,0,0,3,1,4,4-Seam Fastball,0,0,0,0,0,0,0,0,Strategic,Standard,149,0.015,-0.189,67.7,6.2,0.019,0.189,88.0,0,0,0.507,0.493,27,40,27,41,1,0,2,8,3,,1.14,0.59,-0.59,50.1,19.970833795516132,-2.2021334964764128,26.700762808261253,23.803202412114047,38.42451956089857
SI,2025-10-06,98.2,1.54,6.05,"Shaw, Matt",807713,657649,,ball,,,,,13,Ball,D,R,L,MIL,CHC,B,,,1,2,2025,1.15,1.27,-1.2262913447423167,1.405041295537779,,,,0,7,Top,,,,,,,-10.081237059219792,-142.3192331209365,-9.90843493838541,18.075775416203946,35.51463351179077,-12.648110816409309,3.27966123361595,1.54953363277417,,,,97.2,2502,6.1,813048,661388,683734,668930,702332,687401,694192,663368,686217,54.38,,,,,,,,56,4,Sinker,7,3,3,7,3,7,3,7,Strategic,Standard,150,-0.003,0.043,,,,-0.043,,4,-4,0.946,0.05400000000000005,31,23,31,24,1,2,2,2,2,2,1.13,1.15,-1.15,38.4,,,,,
FF,2025-10-06,96.5,2.09,6.82,"Turner, Trea",607208,605483,,ball,,,,,12,Ball,D,R,L,PHI,LAD,B,,,1,2,2025,0.42,1.42,1.1663503176384833,4.726355909584105,,,,0,1,Bot,,,,,,,-3.4348531009203023,-140.52173044650235,-3.2588902673581273,6.3592890132167685,31.830810505377592,-12.789592461751639,3.38406464572635,1.6105198241715,,,,97.1,2506,6.6,813052,666163,518692,669242,500743,605141,571771,681624,606192,53.89,,,,,,,,6,4,4-Seam Fastball,0,0,0,0,0,0,0,0,Standard,Standard,153,0.004,0.043,,,,-0.043,,0,0,0.541,0.541,32,32,33,32,1,0,6,2,7,2,1.02,0.42,-0.42,55.4,,,,,
KC,2025-10-06,87.4,-0.23,6.53,"Happ, Ian",664023,656730,,ball,,,,,14,Ball,D,L,R,MIL,CHC,B,,,0,0,2025,0,-0.2,0.5013713374287733,1.1912085777145958,,,,2,8,Top,,,,,,,1.7566180270688234,-127.24637209613228,-6.341441122504441,-0.34259908827494445,25.519451580877124,-33.27213517691995,3.6423821675302,1.71162020054865,,,,87.6,2709,6.3,813048,661388,683734,668930,702332,687401,694192,663368,686217,54.15,,,,,,,,64,1,Knuckle Curve,7,3,3,7,3,7,3,7,Strategic,Standard,12,-0.001,0.037,,,,-0.037,,4,-4,0.985,0.015000000000000013,31,30,32,31,1,3,8,2,3,2,3.17,0,0,58.8,,,,,
SI,2025-10-06,96.2,-2.78,6.33,"Realmuto, J.T.",592663,595014,,foul,,,,,7,Foul,D,R,R,PHI,LAD,S,,,0,0,2025,-1.55,0.47,-0.3896632403705822,2.1881440605431832,,,664761,0,9,Bot,,,,,,,9.719304453222234,-139.60955396128574,-6.360617535667967,-22.428383737395443,32.19305496575848,-24.66251801810182,3.66,1.74,4,93.1,-29,94.9,2307,5.7,813052,669257,518692,669242,571970,605141,571771,681909,681624,54.75,,,,,,,,70,1,Sinker,1,4,1,4,4,1,1,4,Standard,Standard,235,-0.007,-0.043,80.2,7.5,,0.043,93.1,-3,-3,0.092,0.092,37,34,37,34,1,3,5,2,2,2,2.01,1.55,1.55,31.1,11.784644134141766,6.336072985614206,36.41828219809866,32.97957458766108,23.371319882882194
SI,2025-10-06,97.8,-1.29,5.81,"Kelly, Carson",608348,682842,,foul,,,,,5,Foul,D,R,R,MIL,CHC,S,,,2,1,2025,-1.18,0.6,0.09437664630998777,2.3130383923813165,,,,0,9,Top,,,,,,,6.437618409711411,-142.1891345774531,-5.305270345705269,-17.5323256458711,33.41844711270785,-22.968367647732226,3.38,1.67,214,86.3,57,97.5,2539,6.2,813048,661388,683734,668930,702332,687401,663604,663368,686217,54.28,,,,,,,,69,4,Sinker,7,3,3,7,3,7,3,7,Strategic,Standard,212,0.003,-0.073,71.6,6.8,,0.073,88.0,4,-4,0.983,0.017000000000000015,25,30,25,31,1,3,8,2,5,2,1.79,1.18,1.18,36.3,6.258934620065665,4.236663829643598,33.714123248502105,39.701003708650866,25.105541506280677
FF,2025-10-06,98.8,-1.45,6,"Edman, Tommy",669242,689147,strikeout,swinging_strike,,,,,1,Tommy Edman strikes out swinging.,D,L,R,PHI,LAD,S,2,,1,2,2025,-0.93,1.47,-0.3472633693821612,2.975862261211277,606192,518692,,0,7,Top,,,,,,,5.162094723336876,-143.61122320846187,-6.164793269168047,-14.130978580426685,36.44872652635024,-10.65917400975283,3.39,1.55,,,,98.3,2494,6.3,813052,592663,547180,624641,664761,607208,805249,669016,592206,54.2,,0,0,1,0,0,,46,4,4-Seam Fastball,0,0,0,0,0,0,0,0,Strategic,Standard,227,0.054,-0.226,66.8,6.1,,0.226,,0,0,0.298,0.702,24,30,24,30,1,2,2,2,2,2,0.89,0.93,-0.93,38.2,-3.4101392557260968,15.52058922980705,22.46064923522645,40.36895714116187,16.80343344065188
FF,2025-10-06,97.9,-0.97,5.64,"Castellanos, Nick",592206,686218,,swinging_strike,,,,,5,Swinging Strike,D,R,R,PHI,LAD,S,,,0,0,2025,-0.8,1.6,-0.04139346292448409,2.698758964717596,,,,1,7,Bot,,,,,,,4.390350080159701,-142.37004616276693,-6.1337563493643295,-11.846120247604594,35.718513484981,-9.260439390513838,3.94,1.89,,,,98.3,2506,6.7,813052,669257,518692,669242,571970,605141,571771,681624,606192,53.76,,,,,,,,54,1,4-Seam Fastball,0,4,0,4,4,0,0,4,Standard,Standard,205,-0.002,-0.039,75.0,7.7,,0.039,,-4,-4,0.053,0.053,25,33,26,33,1,2,5,2,3,2,0.8,0.8,0.8,39.6,15.868786983588807,-0.3144599249881174,44.090332517463565,36.69375372660515,21.869816681606235
FF,2025-10-06,92.1,0.44,6.14,"Bader, Harrison",664056,681911,,ball,,,,,12,Ball,D,R,L,PHI,LAD,B,,,1,0,2025,0.54,1.59,1.4386809661681494,2.8226094538258346,,,681082,1,9,Bot,,,,,,,1.3506451415136917,-133.9444703516918,-5.938137761123358,6.104262927129418,33.273185422115084,-12.049965958383508,3.23702039177093,1.51999955508167,,,,91.2,2446,6.1,813052,669257,518692,669242,571970,605141,571771,681909,681624,54.39,,,,,,,,73,2,4-Seam Fastball,3,4,3,4,4,3,3,4,Infield shade,Standard,162,0.026,0.068,,,,-0.068,,-1,-1,0.227,0.227,29,31,29,31,1,0,2,2,3,3,1.14,0.54,-0.54,63.9,,,,,
KC,2025-10-06,84.3,2.06,6,"Contreras, William",661388,519141,,foul,,,,,9,Foul,D,R,L,MIL,CHC,S,,,0,1,2025,-0.35,-1.09,0.3377613989206866,1.637711329606836,,,,0,5,Bot,,,,,,,-3.248130739655236,-122.67775582913525,-1.575389259042048,-2.8015383449078226,25.655936293047205,-43.01229914636431,3.46,1.62,1,50.1,-69,82.7,2272,5.4,813048,608348,683737,663538,807713,621020,664023,691718,673548,55.15,,,,,,,,44,2,Knuckle Curve,7,3,7,3,3,7,7,3,Standard,Standard,321,-0.001,-0.055,68.9,7.1,,0.055,88.0,4,4,0.93,0.93,36,27,37,28,1,2,4,2,2,2,4.31,-0.35,0.35,34.0,2.9352792586491825,21.545046258012192,24.672213763774273,40.6308546415751,19.361590472818804
SI,2025-10-06,98.2,-2.25,6.16,"Hernández, Enrique",571771,661395,,ball,,,,,14,Ball,D,R,R,PHI,LAD,B,,,0,2,2025,-1.09,-0.06,0.36627343641389776,0.9836497719624178,,,,0,9,Top,,,,,,,9.55477854517783,-142.48544222667547,-8.328794123541257,-17.098340915975438,32.38711385921322,-31.2805943267007,3.31757812642953,1.61315992124668,,,,97.7,1628,6.1,813052,592663,547180,681082,664761,607208,596146,669016,592206,54.36,,,,,,,,64,3,Sinker,1,4,4,1,4,1,4,1,Standard,Standard,234,-0.001,0.024,,,,-0.024,,-3,3,0.036,0.964,27,33,27,34,1,3,2,2,3,2,2.44,1.09,1.09,33.4,,,,,
SI,2025-10-06,98.2,2.07,5.81,"Ohtani, Shohei",660271,666200,,called_strike,,,,,4,Called Strike,D,L,L,PHI,LAD,S,,,2,0,2025,1.08,0.96,-0.6326005843299116,2.202155466261342,,,,0,1,Top,,,,,,,-9.71798040240694,-142.4108509161476,-6.344705324275366,17.09841994581543,38.28833053755364,-17.713091567831366,3.39967440869681,1.60653969707945,,,,96.6,2237,5.9,813052,592663,547180,624641,664761,607208,805249,669016,592206,54.56,,,,,,,,1,3,Sinker,0,0,0,0,0,0,0,0,Infield shade,Standard,124,0.007,-0.072,,,,0.072,,0,0,0.489,0.511,27,30,28,31,1,0,12,2,3,2,1.45,1.08,1.08,36.4,,,,,
FC,2025-10-06,90.7,-1.49,5.3,"Kelly, Carson",608348,694477,,called_strike,,,,,9,Called Strike,D,R,R,MIL,CHC,S,,,1,1,2025,0.06,0.86,0.6685976455310869,1.8352312878767842,,,,0,6,Top,,,,,,,5.229923335708289,-131.89581723427114,-4.498341179471872,-0.4496867892779881,30.200105559947158,-21.409816558918116,3.38122933391375,1.67125577841757,,,,90.1,2491,6.1,813048,661388,683734,668930,702332,687401,694192,663368,686217,54.39,,,,,,,,48,3,Cutter,7,3,3,7,3,7,3,7,Strategic,Standard,179,0.004,-0.061,,,,0.061,,4,-4,0.919,0.08099999999999996,26,30,27,31,1,2,8,2,2,2,1.93,-0.06,-0.06,29.3,,,,,
ST,2025-10-06,84.5,2.77,6.48,"Freeman, Freddie",518692,621383,,ball,,,,,9,Ball,D,L,L,PHI,LAD,B,,,0,1,2025,-0.67,0.07,0.5703678724099855,1.7198262212763278,,,,1,8,Top,,,,,,,-3.7348721951236623,-122.83497437629288,-4.697294755763731,-5.822625493933301,27.923943940719123,-30.663063562585844,3.67317626179316,1.79221487071581,,,,82.6,2491,5.4,813052,592663,547180,681082,664761,607208,805249,669016,592206,55.12,,,,,,,,57,2,Sweeper,0,4,4,0,4,0,4,0,Strategic,Standard,294,0,0.029,,,,-0.029,,-4,4,0.04,0.96,33,35,34,36,1,3,8,2,2,2,3.17,-0.67,-0.67,45.5,,,,,
FF,2025-10-06,92.7,1.67,5.49,"Betts, Mookie",605141,621381,,ball,,,,,11,Ball,D,R,L,PHI,LAD,B,,,0,0,2025,0.96,1.73,-1.4041440767950255,3.24354290236754,669257,,660271,2,7,Top,,,,,,,-9.911783500909497,-134.54626068170995,-3.6300501181565044,13.97620957280929,32.12177826667697,-10.665379853717097,3.20409225687836,1.478222222591,,,,92,2630,6.2,813052,592663,547180,624641,664761,607208,805249,669016,592206,54.27,,,,,,,,52,1,4-Seam Fastball,0,4,4,0,4,0,4,0,Standard,Standard,137,0,0.009,,,,-0.009,,-4,4,0.059,0.9410000000000001,33,32,34,33,1,3,2,2,3,2,0.96,0.96,-0.96,31.1,,,,,
FF,2025-10-06,100,-1.64,5.29,"Vaughn, Andrew",683734,694037,field_out,hit_into_play,,,,,1,Andrew Vaughn flies out to left fielder Ian Happ.,D,R,R,MIL,CHC,X,7,fly_ball,1,1,2025,-1.14,1.17,-0.49322806007990727,3.198966128589887,,,592885,2,3,Bot,83.81,88.77,,,,,5.909536239237393,-145.38131159042086,-3.0819001421137306,-17.641433048430688,38.72139469887421,-15.197618893347697,3.23,1.52,294,80.4,30,100.1,2447,6.7,813048,608348,457759,663538,807713,621020,664023,691718,673548,53.78,0.119,0.116,0,1,0,0,3,29,3,4-Seam Fastball,4,3,4,3,3,4,4,3,Standard,Standard,222,-0.02,-0.255,72.4,7.0,0.161,0.255,88.0,1,1,0.643,0.643,25,27,25,27,1,1,4,2,2,2,1.14,1.14,1.14,32.8,13.122367492900612,-5.7030827247507805,21.815278227572602,29.01177311351297,29.748123154653058
CU,2025-10-06,83.4,1.83,6.78,"Turner, Trea",607208,605483,,ball,,,,,13,Ball,D,R,L,PHI,LAD,B,,,0,2,2025,-0.8,-0.49,-0.30807705150878706,-0.2099307062461584,,,,0,1,Bot,,,,,,,-3.365242543181851,-121.13427973258636,-8.66405312820957,-7.181144147222947,24.835108910435498,-35.420388132596905,3.49246169893652,1.69181361129879,,,,83.7,2624,6.7,813052,666163,518692,669242,500743,605141,571771,681624,606192,53.79,,,,,,,,6,3,Curveball,0,0,0,0,0,0,0,0,Standard,Standard,328,0.002,0.024,,,,-0.024,,0,0,0.539,0.539,32,32,33,32,1,0,6,2,7,2,3.79,-0.8,0.8,60.7,,,,,
ST,2025-10-06,81.6,2.07,5.18,"Chourio, Jackson",694192,684007,,called_strike,,,,,1,Called Strike,D,R,L,MIL,CHC,S,,,2,0,2025,-0.42,0.48,-0.3522826879375104,2.9626492652788365,,,,0,1,Bot,,,,,,,-4.612979658547254,-118.5608042936811,0.8119192858656065,-2.7993372943417825,27.382511288589896,-28.18517496806898,3.35278787519588,1.55276024275478,,,,80.5,2533,6.1,813048,608348,457759,663538,807713,621020,664023,691718,673548,54.4,,,,,,,,7,3,Sweeper,0,3,0,3,3,0,0,3,Standard,Standard,282,-0.007,-0.072,,,,0.072,,-3,-3,0.278,0.278,31,21,32,21,1,0,5,2,,2,3.02,-0.42,0.42,33.5,,,,,
CU,2025-10-06,81.2,2.21,5.89,"Shaw, Matt",807713,657649,,called_strike,,,,,5,Called Strike,D,R,L,MIL,CHC,S,,,1,1,2025,-0.92,-0.9,0.05097212331741241,2.1710188409226165,,,,0,7,Top,,,,,,,-3.033098581183172,-118.23627100648262,0.07393990270562512,-7.930472124326502,25.45137988345832,-40.78962425265842,3.27999954271229,1.54999897005333,,,,80.1,2503,5.8,813048,661388,683734,668930,702332,687401,694192,663368,686217,54.71,,,,,,,,56,3,Curveball,7,3,3,7,3,7,3,7,Standard,Standard,307,0.004,-0.061,,,,0.061,,4,-4,0.942,0.05800000000000005,31,23,31,24,1,2,2,2,2,2,4.39,-0.92,0.92,33.9,,,,,
FF,2025-10-06,94,2.02,6,"Contreras, William",661388,519141,,called_strike,,,,,2,Called Strike,D,R,L,MIL,CHC,S,,,0,0,2025,0.29,1.54,0.2503752337285201,3.4011902148557964,,,,0,5,Bot,,,,,,,-5.149098027390832,-136.75198367786467,-4.387577805052127,4.7457147383042,29.755793403987465,-12.079501566667897,3.40292715457795,1.61999973280401,,,,92.9,2539,5.6,813048,608348,683737,663538,807713,621020,664023,691718,673548,54.9,,,,,,,,44,1,4-Seam Fastball,7,3,7,3,3,7,7,3,Standard,Standard,159,-0.001,-0.039,,,,0.039,,4,4,0.931,0.931,36,27,37,28,1,2,4,2,2,2,1.04,0.29,-0.29,37.5,,,,,
ST,2025-10-06,84.6,-1.66,5.43,"Vaughn, Andrew",683734,607067,,ball,,,,,14,Ball,D,R,R,MIL,CHC,B,,,1,1,2025,1.07,0,0.9866019090652386,0.91777552508435,,,,2,5,Bot,,,,,,,4.038664372861569,-123.06598467649624,-4.09582633778569,9.8440897424107,27.881588748097982,-31.50426700986366,3.06362100189637,1.52338107250648,,,,84.3,2583,6.5,813048,608348,683737,663538,807713,621020,664023,691718,673548,54.05,,,,,,,,46,3,Sweeper,7,3,7,3,3,7,7,3,Standard,Standard,68,0,0.053,,,,-0.053,,4,4,0.921,0.921,34,27,35,27,1,2,5,2,5,2,3.23,-1.07,-1.07,30.4,,,,,
FF,2025-10-06,95.2,-1.73,6.14,"Hoerner, Nico",663538,683232,field_out,hit_into_play,,,,,5,Nico Hoerner flies out to right fielder Sal Frelick.,D,R,R,MIL,CHC,X,9,fly_ball,2,0,2025,-0.58,1.58,-0.18258353099005842,2.775831489958441,,807713,457759,2,2,Top,169.51,112.38,,,,,5.4005879907014025,-138.3243873426292,-6.731224613871385,-8.681288371829856,33.282439940696754,-10.54489286950529,3.33,1.59,243,93.2,55,95.7,2290,6.8,813048,661388,683734,668930,702332,687401,694192,663368,686217,53.67,0.015,0.019,0,1,0,0,3,17,3,4-Seam Fastball,3,3,3,3,3,3,3,3,Strategic,Standard,205,0.055,-0.335,70.4,7.4,0.026,0.335,93.2,0,0,0.496,0.504,28,28,29,28,1,1,2,2,2,2,0.96,0.58,0.58,54.5,15.026007741826252,-7.127008011380298,27.434599388493787,35.77625065465139,30.254996274897998
SI,2025-10-06,98.1,-1.32,5.79,"Kelly, Carson",608348,682842,,ball,,,,,3,Ball,D,R,R,MIL,CHC,B,,,1,1,2025,-1.03,0.56,0.7813289368988523,3.2914237350817124,,,,0,9,Top,,,,,,,8.058844598457128,-142.6901453106693,-2.5881378286921732,-15.896294819984227,32.73834165450114,-24.083424643951787,3.39443795284162,1.59779653078725,,,,98.1,2534,6.3,813048,661388,683734,668930,702332,687401,663604,663368,686217,54.22,,,,,,,,69,3,Sinker,7,3,3,7,3,7,3,7,Strategic,Standard,211,-0.002,0.055,,,,-0.055,,4,-4,0.985,0.015000000000000013,25,30,25,31,1,3,8,2,5,2,1.81,1.03,1.03,38.0,,,,,
KC,2025-10-06,85.6,-0.15,6.53,"Suzuki, Seiya",673548,656730,field_out,hit_into_play,,,,,5,Seiya Suzuki flies out to left fielder Jackson Chourio.,D,R,R,MIL,CHC,X,7,fly_ball,1,1,2025,0.28,-0.54,-0.17325499316455606,2.5782705537638995,,,,1,8,Top,70.99,84.03,,,,,-0.6218129835511252,-124.69693257455583,-1.9971624642486205,3.098966612170374,23.5572148701308,-37.67761737514604,3.16,1.41,315,85.8,37,85.9,2817,6.3,813048,661388,683734,668930,702332,687401,694192,663368,686217,54.2,0.005,0.005,0,1,0,0,3,63,3,Knuckle Curve,7,3,3,7,3,7,3,7,Strategic,Standard,30,0.008,-0.244,72.3,7.4,0.007,0.244,88.0,4,-4,0.977,0.02300000000000002,31,30,32,31,1,3,8,2,3,2,3.63,-0.28,-0.28,55.3,10.474248791638912,-7.87305433456455,29.156133442460483,33.86180111475783,37.290868754743755
SI,2025-10-06,97.3,-2.82,6.37,"Bohm, Alec",664761,595014,single,hit_into_play,,,,,4,Alec Bohm singles on a ground ball to center fielder Justin Dean.,D,R,R,PHI,LAD,X,8,ground_ball,1,1,2025,-1.63,0.53,-0.7481611328329723,2.789973435485771,,,,0,9,Bot,122.04,145.93,,,,,9.179023711407558,-141.30508954591969,-5.214527278033273,-23.894013390481717,33.479167962089484,-24.056663622273238,3.59,1.64,25,93.4,-5,96.1,2412,5.8,813052,669257,518692,669242,571970,605141,571771,681909,681624,54.72,0.218,0.198,0.9,1,1,0,2,69,3,Sinker,1,4,1,4,4,1,1,4,Standard,Standard,233,0.05,0.447,74.1,6.6,0.239,-0.447,93.4,-3,-3,0.042,0.042,37,28,37,29,1,3,5,2,2,2,1.9,1.63,1.63,31.4,3.099053329848989,9.700471742939197,26.72742116448984,32.45182972777097,25.166810750473772
FF,2025-10-06,97.8,-1.55,5.98,"Edman, Tommy",669242,689147,,ball,,,,,12,Ball,D,L,R,PHI,LAD,B,,,0,2,2025,-0.88,1.59,0.8321950153921305,4.737860636942962,606192,518692,,0,7,Top,,,,,,,8.446348927640663,-142.1707299257615,-1.4633711362328912,-14.034260184110215,36.16529125471254,-10.665311575882054,3.28677079977411,1.44673316278212,,,,97.2,2522,6.3,813052,592663,547180,624641,664761,607208,805249,669016,592206,54.22,,,,,,,,46,3,4-Seam Fastball,0,0,0,0,0,0,0,0,Strategic,Standard,221,-0.008,0.019,,,,-0.019,,0,0,0.306,0.694,24,30,24,30,1,2,2,2,2,2,0.82,0.88,-0.88,36.6,,,,,
FF,2025-10-06,104.3,-1.9,5.15,"Tucker, Kyle",663656,694819,,ball,,,,,14,Ball,D,L,R,MIL,CHC,B,,,0,2,2025,-0.91,1.15,0.09324238080817215,0.6652808311647278,,,,0,3,Top,,,,,,,8.157507790880796,-151.37965575841122,-10.750815222762657,-15.98462563023004,38.34037906482167,-11.930523046384454,3.4380260753112,1.65738109418718,,,,106.3,2740,7.5,813048,661388,683734,668930,702332,687401,694192,663368,686217,52.95,,,,,,,,21,3,4-Seam Fastball,3,3,3,3,3,3,3,3,Strategic,Standard,223,-0.003,0.024,,,,-0.024,,0,0,0.51,0.49,23,28,23,28,1,1,9,2,5,2,0.96,0.91,-0.91,27.2,,,,,
CH,2025-10-06,91.5,0.65,6.38,"Turner, Justin",457759,676879,,ball,,,,,14,Ball,D,R,L,MIL,CHC,B,,,0,2,2025,1.16,0.63,1.0322909996731369,1.1694085294774113,,,,0,1,Top,,,,,,,-1.512557272215723,-133.0923832056819,-8.476171994359337,14.144693118154251,29.19293837070954,-22.99903173876298,3.36113650090313,1.50111974183275,,,,89.8,1673,5.3,813048,661388,683734,668930,702332,687401,694192,663368,686217,55.16,,,,,,,,1,3,Changeup,0,0,0,0,0,0,0,0,Strategic,Standard,136,-0.002,0.024,,,,-0.024,,0,0,0.509,0.491,27,40,27,41,1,0,2,8,3,,2.09,1.16,-1.16,45.2,,,,,
SL,2025-10-06,90.9,-1.12,5.39,"Realmuto, J.T.",592663,686218,field_out,hit_into_play,,,,,9,"J.T. Realmuto grounds out, shortstop Mookie Betts to first baseman Freddie Freeman.",D,R,R,PHI,LAD,X,6,ground_ball,0,2,2025,0.42,0.58,0.7760774137870055,2.028537772852996,,,,0,7,Bot,111.25,149.86,,,,,3.8822310516931613,-132.35982248823558,-3.810009688763067,4.1540101572786545,27.8244718679318,-24.71849922330741,3.66,1.74,4,66.4,-24,91.6,2501,6.7,813052,669257,518692,669242,571970,605141,571771,681624,606192,53.84,0.052,0.052,0,1,0,0,2,53,3,Slider,0,4,0,4,4,0,0,4,Standard,Standard,164,-0.011,-0.165,69.6,7.6,0.055,0.165,88.0,-4,-4,0.064,0.064,25,34,26,34,1,2,5,2,3,2,2.17,-0.42,-0.42,32.0,6.636148911578089,0.35725972198487377,36.07452924038157,46.436556113178106,26.594604282186417
SL,2025-10-06,84.7,0.14,6.38,"Bader, Harrison",664056,681911,,blocked_ball,,,,,13,Ball In Dirt,D,R,L,PHI,LAD,B,,,0,0,2025,-0.42,0.32,-0.7635258395030599,0.3116985793788425,,,681082,1,9,Bot,,,,,,,-1.2538612317880962,-123.21687438412394,-8.425255834242975,-4.065462457606019,23.99256792781137,-27.485730652674114,3.23582085856169,1.51884619948137,,,,84.2,2439,5.9,813052,669257,518692,669242,571970,605141,571771,681909,681624,54.55,,,,,,,,73,1,Slider,3,4,3,4,4,3,3,4,Standard,Standard,206,0.013,0.035,,,,-0.035,,-1,-1,0.214,0.214,29,31,29,31,1,0,2,2,3,3,2.85,-0.42,0.42,69.8,,,,,
ST,2025-10-06,88.2,2.27,5.67,"Ohtani, Shohei",660271,666200,,ball,,,,,14,Ball,D,L,L,PHI,LAD,B,,,1,0,2025,-0.31,-0.2,0.688723501800143,1.2883311402196154,,,,0,1,Top,,,,,,,-3.16901298386571,-128.2620247931318,-3.9780897789389504,-2.556861694612093,32.67736799336526,-33.553445316824316,3.45781354046929,1.6648360433995,,,,86.6,2411,5.9,813052,592663,547180,624641,664761,607208,805249,669016,592206,54.64,,,,,,,,1,2,Sweeper,0,0,0,0,0,0,0,0,Strategic,Standard,333,-0.007,0.077,,,,-0.077,,0,0,0.496,0.504,27,30,28,31,1,0,12,2,3,2,3.19,-0.31,-0.31,29.1,,,,,
FF,2025-10-06,103.7,-1.86,5.16,"Tucker, Kyle",663656,694819,,swinging_strike,,,,,4,Swinging Strike,D,L,R,MIL,CHC,S,,,0,1,2025,-1.03,1.18,-0.5512172384713208,2.5027657210893017,,,,0,3,Top,,,,,,,6.426054270318669,-150.82275767125603,-5.3584792060603155,-17.35356696003056,40.02546117505087,-13.101934366071172,3.44,1.6,,,,105.5,2723,7.5,813048,661388,683734,668930,702332,687401,694192,663368,686217,53.01,,,,,,,,21,2,4-Seam Fastball,3,3,3,3,3,3,3,3,Strategic,Standard,226,0.006,-0.055,72.8,7.2,,0.055,,0,0,0.504,0.496,23,28,23,28,1,1,9,2,5,2,0.96,1.03,-1.03,26.7,3.076523007724772,7.8859161904611925,35.87402000534056,44.33785472362296,19.945950111937748
FF,2025-10-06,95.8,-1.69,5.41,"Vaughn, Andrew",683734,607067,,foul_tip,,,,,2,Foul Tip,D,R,R,MIL,CHC,S,,,1,0,2025,-0.66,1.3,0.1897429134479136,3.205656469769171,,,,2,5,Bot,,,,,,,6.503297438358854,-139.31495692057598,-3.128336688817138,-10.17273956539419,33.952238974295014,-14.74674819103918,3.23,1.52,,,,96.1,2264,6.7,813048,608348,683737,663538,807713,621020,664023,691718,673548,53.81,,,,,,,,46,2,4-Seam Fastball,7,3,7,3,3,7,7,3,Standard,Standard,217,0,-0.054,71.5,6.7,,0.054,,4,4,0.921,0.921,34,27,35,27,1,2,5,2,5,2,1.2,0.66,0.66,33.3,7.285451296270967,14.354361697208132,24.34912450495637,39.45896610816907,20.24750178425975
FF,2025-10-06,92.4,2.14,5.95,"Turang, Brice",668930,519141,field_out,hit_into_play,,,,,7,Brice Turang bunt pops out to pitcher Drew Pomeranz.,D,L,L,MIL,CHC,X,1,popup,0,1,2025,0.1,1.4,-0.2956224367128258,1.989368328275913,,,,2,4,Bot,126.48,179.16,,,,,-6.339494391831096,-134.28098093462364,-7.217472780838474,2.60045277883213,28.979439155419577,-13.867964128583539,3.5,1.64,59,32.2,52,91.2,2693,5.6,813048,608348,683737,663538,807713,621020,664023,691718,673548,54.86,0.13,0.117,0,1,0,0,1,39,2,4-Seam Fastball,7,3,7,3,3,7,7,3,Standard,Standard,175,-0.003,0.075,8.1,2.1,0.133,-0.075,88.0,4,4,0.899,0.899,36,25,37,26,1,2,4,2,2,2,1.28,0.1,0.1,35.4,-53.966298740980996,-32.205207343137616,18.651836334135886,38.519460643250305,34.36055727016665
FC,2025-10-06,90,-1.52,5.33,"Kelly, Carson",608348,694477,,ball,,,,,14,Ball,D,R,R,MIL,CHC,B,,,0,1,2025,0.19,0.97,1.1997936208830375,1.9144158569586633,,,,0,6,Top,,,,,,,6.317139364041711,-130.82845210133303,-4.467918044303958,0.6727374962941575,30.8982444236173,-20.294188419450723,3.43881752223534,1.72896444403129,,,,89.2,2690,6.2,813048,661388,683734,668930,702332,687401,694192,663368,686217,54.35,,,,,,,,48,2,Cutter,7,3,3,7,3,7,3,7,Strategic,Standard,174,-0.002,0.031,,,,-0.031,,4,-4,0.921,0.07899999999999996,26,30,27,31,1,2,8,2,2,2,1.88,-0.19,-0.19,28.8,,,,,
SL,2025-10-06,87.2,2.63,6.57,"Freeman, Freddie",518692,621383,,called_strike,,,,,8,Called Strike,D,L,L,PHI,LAD,S,,,0,0,2025,-0.51,0.36,-0.0515144903260199,1.8870067059310474,,,,1,8,Top,,,,,,,-5.314190351335954,-126.87311644043749,-5.728740392064241,-4.3621145506394,26.778205300383682,-27.29256400155651,3.66804409764802,1.80000144462123,,,,85.7,2311,5.4,813052,592663,547180,681082,664761,607208,805249,669016,592206,55.1,,,,,,,,57,1,Slider,0,4,4,0,4,0,4,0,Strategic,Standard,217,0,-0.039,,,,0.039,,-4,4,0.04,0.96,33,35,34,36,1,3,8,2,2,2,2.65,-0.51,-0.51,47.2,,,,,
SL,2025-10-06,88.5,-1.8,5.09,"Vaughn, Andrew",683734,694037,,called_strike,,,,,7,Called Strike,D,R,R,MIL,CHC,S,,,1,0,2025,0.14,0.12,-0.5990767341077411,2.0394819576842647,,,592885,2,3,Bot,,,,,,,2.641151369458084,-128.82395720634753,-1.6239023271530217,1.0220760902538675,27.38991232346552,-30.700925612610845,3.28810538311482,1.5781331724839,,,,89,2366,6.6,813048,608348,457759,663538,807713,621020,664023,691718,673548,53.86,,,,,,,,29,2,Slider,4,3,4,3,3,4,4,3,Standard,Standard,204,-0.003,-0.05,,,,0.05,,1,1,0.646,0.646,25,27,25,27,1,1,4,2,2,2,2.79,-0.14,-0.14,29.3,,,,,
FF,2025-10-06,91.6,1.79,5.35,"Chourio, Jackson",694192,684007,,ball,,,,,14,Ball,D,R,L,MIL,CHC,B,,,1,0,2025,1.24,1.44,1.169052493330635,2.1134888780297842,,,,0,1,Bot,,,,,,,-4.236549469704691,-133.1192390538267,-5.306251870034229,15.671717311890895,33.84851189893047,-14.139410495427509,3.34980383804539,1.60696856551618,,,,90.6,2474,6.2,813048,608348,457759,663538,807713,621020,664023,691718,673548,54.31,,,,,,,,7,2,4-Seam Fastball,0,3,0,3,3,0,0,3,Standard,Standard,141,0.007,0.077,,,,-0.077,,-3,-3,0.271,0.271,31,21,32,21,1,0,5,2,,2,1.32,1.24,-1.24,36.4,,,,,
SI,2025-10-06,93.1,3.49,5.45,"Ohtani, Shohei",660271,621381,single,hit_into_play,,,,,6,Shohei Ohtani singles on a sharp ground ball to right fielder Nick Castellanos. Max Muncy scores. Will Smith to 3rd.,D,L,L,PHI,LAD,X,9,ground_ball,0,1,2025,1.39,0.9,0.6889604897490753,2.643721369091595,,571970,669257,2,7,Top,158.34,111.89,,,,,-10.19084726988029,-135.19693115293458,-3.3482056474973625,19.341323623868114,31.35461367915635,-20.540843437505966,3.56,1.66,88,111.6,5,92.4,2545,6.1,813052,592663,547180,624641,664761,607208,805249,669016,592206,54.36,0.678,0.648,0.9,1,1,0,4,51,2,Sinker,0,3,3,0,4,0,4,0,Standard,Standard,133,-0.053,0.588,75.4,7.0,0.801,-0.588,111.6,-3,3,0.112,0.888,33,30,34,31,1,3,2,2,3,2,1.75,1.39,1.39,29.6,8.631501701934527,12.37492516109228,36.329666383101745,32.95708838373095,24.928280568914893
SL,2025-10-06,88.1,1.97,6.79,"Turner, Trea",607208,605483,,swinging_strike,,,,,4,Swinging Strike,D,R,L,PHI,LAD,S,,,0,1,2025,-0.35,0.59,-0.7471738717435881,2.263487806252007,,,,0,1,Bot,,,,,,,-5.931833605177417,-128.1603970602607,-6.193653966670825,-2.662232235866123,25.204675679516225,-24.66089899246225,3.49,1.69,,,,89,2468,6.8,813052,666163,518692,669242,500743,605141,571771,681624,606192,53.75,,,,,,,,6,2,Slider,0,0,0,0,0,0,0,0,Standard,Standard,176,-0.006,-0.055,75.1,7.3,,0.055,,0,0,0.545,0.545,32,32,33,32,1,0,6,2,7,2,2.34,-0.35,0.35,56.2,6.072535298929178,0.3733015593918632,23.799134378380316,28.776340188899532,23.448809234179876
SI,2025-10-06,97.4,1.95,6.03,"Shaw, Matt",807713,657649,,ball,,,,,13,Ball,D,R,L,MIL,CHC,B,,,0,1,2025,1.23,1.19,-0.9728122759254025,1.7747836075960528,,,,0,7,Top,,,,,,,-10.596105641903133,-141.23795326294248,-8.51679985711151,18.998733484945443,34.42372839028607,-14.359842369965191,3.33694391393328,1.55000004131825,,,,96.4,2482,6.1,813048,661388,683734,668930,702332,687401,694192,663368,686217,54.44,,,,,,,,56,2,Sinker,7,3,3,7,3,7,3,7,Standard,Standard,148,-0.001,0.031,,,,-0.031,,4,-4,0.943,0.05700000000000005,31,23,31,24,1,2,2,2,2,2,1.24,1.23,-1.23,41.4,,,,,
KC,2025-10-06,88.9,-0.07,6.52,"Suzuki, Seiya",673548,656730,,ball,,,,,14,Ball,D,R,R,MIL,CHC,B,,,0,1,2025,0.01,-0.11,0.8255342721001929,-0.8288376205721426,,,,1,8,Top,,,,,,,2.1624421545351775,-128.91062094516914,-11.553728749683149,-0.42911567781408483,30.463463878791362,-30.931405216635405,3.19121767315482,1.38304784640113,,,,88,2795,6.3,813048,661388,683734,668930,702332,687401,694192,663368,686217,54.25,,,,,,,,63,2,Knuckle Curve,7,3,3,7,3,7,3,7,Strategic,Standard,12,-0.001,0.029,,,,-0.029,,4,-4,0.978,0.02200000000000002,31,30,32,31,1,3,8,2,3,2,3.05,-0.01,-0.01,54.2,,,,,
SL,2025-10-06,85.5,-1.82,6.07,"Hoerner, Nico",663538,683232,,ball,,,,,13,Ball,D,R,R,MIL,CHC,B,,,1,0,2025,0.24,0.02,-1.113480225937454,2.3162068493866474,,807713,457759,2,2,Top,,,,,,,1.177661730764363,-124.65438425058346,-2.7078570399189745,2.3494708016395394,23.12180458867147,-31.613481276407903,3.27601447106066,1.53609681655098,,,,86.4,2427,6.6,813048,661388,683734,668930,702332,687401,694192,663368,686217,53.89,,,,,,,,17,2,Slider,3,3,3,3,3,3,3,3,Standard,Standard,61,-0.007,0.029,,,,-0.029,,0,0,0.503,0.497,28,28,29,28,1,1,2,2,2,2,3.06,-0.24,-0.24,54.5,,,,,
ST,2025-10-06,85.4,-3,6.27,"Bohm, Alec",664761,595014,,ball,,,,,14,Ball,D,R,R,PHI,LAD,B,,,0,1,2025,0.97,0.06,1.6618658124278585,1.6378977955903236,,,,0,9,Bot,,,,,,,8.913231738597679,-124.05364682540272,-4.62513816838476,8.058388404248799,27.027348199606138,-30.70603881829382,3.58999801418849,1.53584875146113,,,,84.3,2742,5.9,813052,669257,518692,669242,571970,605141,571771,681909,681624,54.64,,,,,,,,69,2,Sweeper,1,4,1,4,4,1,1,4,Standard,Standard,51,0.003,0.031,,,,-0.031,,-3,-3,0.039,0.039,37,28,37,29,1,3,5,2,2,2,3.1,-0.97,-0.97,29.3,,,,,
SI,2025-10-06,98.1,-1.54,5.79,"Kelly, Carson",608348,682842,,ball,,,,,12,Ball,D,R,R,MIL,CHC,B,,,0,1,2025,-0.98,0.62,0.1652760394396815,3.8902810555849783,,,,0,9,Top,,,,,,,6.857845460982482,-142.7194682377444,-1.1022834147381384,-14.999712579977663,33.34537109109798,-23.611336564468516,3.43737264284345,1.61178576767598,,,,97.8,2503,6.2,813048,661388,683734,668930,702332,687401,663604,663368,686217,54.35,,,,,,,,69,2,Sinker,7,3,3,7,3,7,3,7,Strategic,Standard,211,-0.001,0.031,,,,-0.031,,4,-4,0.986,0.014000000000000012,25,30,25,31,1,3,8,2,5,2,1.75,0.98,0.98,36.0,,,,,
FF,2025-10-06,99.3,-2,6.3,"Turner, Trea",607208,808963,field_out,hit_into_play,,,,,4,"Trea Turner grounds out, second baseman Tommy Edman to first baseman Freddie Freeman.",D,R,R,PHI,LAD,X,4,ground_ball,1,0,2025,-0.82,1.2,-0.5414219879951379,2.5650839786064283,681082,,596146,2,9,Bot,153.27,155.94,,,,,5.996326655004551,-144.4222041880513,-7.725176402076619,-12.875416692768319,33.39594735363714,-13.77260863601573,3.49,1.69,86,79.1,5,100.7,2179,7,813052,669257,518692,669242,571970,605141,571771,681909,681624,53.46,0.348,0.313,0,1,0,0,2,75,2,4-Seam Fastball,3,4,3,4,4,3,3,4,Standard,Standard,224,-0.21,-0.286,71.7,6.8,0.393,0.286,88.0,-1,-1,0.21,0.21,23,32,24,32,1,4,2,2,3,2,1.11,0.82,0.82,43.8,3.7194166647280773,14.783738098423951,21.134316999778754,31.06761354154839,22.262455185324892
ST,2025-10-06,88.1,-2.08,5.64,"Edman, Tommy",669242,689147,,foul,,,,,7,Foul,D,L,R,PHI,LAD,S,,,0,1,2025,0.99,-0.3,-0.3996419094844137,1.7810014550952808,606192,518692,,0,7,Top,,,,,,,2.0086283332042667,-128.26469680315577,-2.598124465249615,10.480982675581846,28.256859387826793,-35.14552498455877,3.39,1.55,198,74.1,39,87.4,3153,6,813052,592663,547180,624641,664761,607208,805249,669016,592206,54.51,,,,,,,,46,2,Sweeper,0,0,0,0,0,0,0,0,Strategic,Standard,60,0.019,-0.058,60.1,6.2,,0.058,88.0,0,0,0.287,0.7130000000000001,24,30,24,30,1,2,2,2,2,2,3.25,-0.99,0.99,25.0,-15.131751672800892,26.304916571135248,28.50690123462197,40.89936258886456,13.077679844635089
ST,2025-10-06,88.1,-2.55,5.88,"Hernández, Enrique",571771,661395,,called_strike,,,,,5,Called Strike,D,R,R,PHI,LAD,S,,,0,1,2025,0.97,-0.37,-0.1642901529615307,2.5708433465428335,,,,0,9,Top,,,,,,,3.773667342365478,-128.34151441629314,-1.1665579883486985,9.851735815690336,27.22176828521964,-36.267879022192766,3.39439164283731,1.68999825276996,,,,87.6,2614,6,813052,592663,547180,681082,664761,607208,596146,669016,592206,54.53,,,,,,,,64,2,Sweeper,1,4,4,1,4,1,4,1,Standard,Standard,51,0.001,-0.055,,,,0.055,,-3,3,0.035,0.965,27,33,27,34,1,3,2,2,3,2,3.31,-0.97,-0.97,29.8,,,,,
SL,2025-10-06,90.1,-0.95,5.44,"Realmuto, J.T.",592663,686218,,called_strike,,,,,6,Called Strike,D,R,R,PHI,LAD,S,,,0,1,2025,0.26,0.64,0.4249084989840562,2.8477738165921798,,,,0,7,Bot,,,,,,,2.8833743107237133,-131.25083496104872,-1.8747678073533427,2.4451615617885345,26.939009974408552,-24.568836088187854,3.55564541562403,1.63570263270159,,,,90.8,2377,6.6,813052,669257,518692,669242,571970,605141,571771,681624,606192,53.9,,,,,,,,53,2,Slider,0,4,0,4,4,0,0,4,Standard,Standard,172,-0.004,-0.055,,,,0.055,,-4,-4,0.068,0.068,25,34,26,34,1,2,5,2,3,2,2.15,-0.26,-0.26,31.1,,,,,
SL,2025-10-06,84.4,0.38,6.42,"Stott, Bryson",681082,681911,fielders_choice_out,hit_into_play,,,,,4,"Bryson Stott reaches on a fielder's choice out, third baseman Max Muncy to shortstop Mookie Betts. Nick Castellanos out at 3rd.",D,L,L,PHI,LAD,X,5,ground_ball,1,0,2025,-0.66,0.32,-0.2895785333646593,2.62384234035296,,592206,,0,9,Bot,120.36,193.91,,,,,-0.26015699948906923,-122.91162691851464,-3.1183605765339255,-6.5993456200935325,24.03930036886386,-28.481459613728745,3.32,1.59,2,28.3,-50,83.7,2409,5.7,813052,669257,518692,669242,571970,605141,571771,681909,681624,54.76,0.253,0.234,0,1,0,0,1,72,2,Slider,3,4,3,4,4,3,3,4,Strategic,Standard,214,-0.241,-0.079,5.4,1.4,0.256,0.079,88.0,-1,-1,0.455,0.455,29,27,29,28,1,1,2,2,3,2,2.87,-0.66,-0.66,70.3,-83.15206800088419,-93.5224121114352,51.22407936744719,38.52923543244645,14.226379874364063
SI,2025-10-06,97.6,0.25,6.5,"Turner, Justin",457759,676879,,foul,,,,,5,Foul,D,R,L,MIL,CHC,S,,,0,1,2025,1.41,0.63,0.0664652713444498,2.376365783009672,,,,0,1,Top,,,,,,,-3.6527105787237133,-141.9942565586444,-6.890069705955866,19.84122773033383,34.95278964599505,-22.255561230720776,3.39,1.53,4,76.7,-33,95.6,2151,5.3,813048,661388,683734,668930,702332,687401,694192,663368,686217,55.17,,,,,,,,1,2,Sinker,0,0,0,0,0,0,0,0,Strategic,Standard,151,0.006,-0.055,73.8,6.9,,0.055,88.0,0,0,0.503,0.497,27,40,27,41,1,0,2,8,3,,1.78,1.41,-1.41,51.1,25.23362051727634,-8.174563578990607,28.65659071856458,31.155643565176174,43.89638552683337
FF,2025-10-06,103.4,-1.81,5.11,"Tucker, Kyle",663656,694819,,called_strike,,,,,9,Called Strike,D,L,R,MIL,CHC,S,,,0,0,2025,-0.91,1.26,0.6212437717590009,1.6559696042645906,,,,0,3,Top,,,,,,,9.359816897359547,-150.13255776340407,-7.83719690209914,-16.07177127807879,37.9751688045759,-11.337641720778421,3.44438725429568,1.66385076621604,,,,105.3,2706,7.5,813048,661388,683734,668930,702332,687401,694192,663368,686217,53.01,,,,,,,,21,1,4-Seam Fastball,3,3,3,3,3,3,3,3,Strategic,Standard,224,0.004,-0.039,,,,0.039,,0,0,0.5,0.5,23,28,23,28,1,1,9,2,5,2,0.89,0.91,-0.91,29.1,,,,,
FF,2025-10-06,98.3,2.2,5.9,"Ohtani, Shohei",660271,666200,,ball,,,,,11,Ball,D,L,L,PHI,LAD,B,,,0,0,2025,0.82,1.46,-0.2901114698825711,4.034466913693304,,,,0,1,Top,,,,,,,-8.619007537091763,-142.6870889268786,-2.8499115282671834,13.418473821007478,38.46428584209358,-11.902271061355714,3.50732052565806,1.66237863569818,,,,97.1,2332,6.1,813052,592663,547180,624641,664761,607208,805249,669016,592206,54.38,,,,,,,,1,1,4-Seam Fastball,0,0,0,0,0,0,0,0,Strategic,Standard,126,-0.004,0.041,,,,-0.041,,0,0,0.5,0.5,27,30,28,31,1,0,12,2,3,2,0.94,0.82,0.82,34.4,,,,,
SI,2025-10-06,96.9,-1.1,5.59,"Kelly, Carson",608348,694477,,called_strike,,,,,6,Called Strike,D,R,R,MIL,CHC,S,,,0,0,2025,-1.37,1.1,0.5938938248944046,2.7392214683915017,,,,0,6,Top,,,,,,,7.59868963507159,-140.80965547213646,-4.509550162567009,-20.01679381946303,34.324646489443786,-16.758732542795304,3.54241706898696,1.72179531099174,,,,95.9,2189,6,813048,661388,683734,668930,702332,687401,694192,663368,686217,54.53,,,,,,,,48,1,Sinker,7,3,3,7,3,7,3,7,Strategic,Standard,217,0.003,-0.039,,,,0.039,,4,-4,0.918,0.08199999999999996,26,30,27,31,1,2,8,2,2,2,1.35,1.37,1.37,37.3,,,,,
SI,2025-10-06,93.2,2.49,6.64,"Hernández, Teoscar",606192,621383,single,hit_into_play,,,,,5,"Dodgers challenged (tag play), call on the field was upheld: Teoscar Hernández singles on a sharp ground ball to center fielder Brandon Marsh. Teoscar Hernández out at 2nd on the throw, center fielder Brandon Marsh to second baseman Bryson Stott.",D,R,L,PHI,LAD,X,8,ground_ball,0,0,2025,1.31,0.88,0.18986226969660192,2.3554115092907266,,,,0,8,Top,105.48,98.21,,,,,-8.633344095722268,-135.42980422687302,-7.105691301706629,17.940947681552434,28.394531679234184,-19.904426100691367,3.49,1.63,150,103.4,9,91.9,2006,5.5,813052,592663,547180,681082,664761,607208,805249,669016,592206,55,0.744,0.712,0.9,1,1,0,4,56,1,Sinker,0,4,4,0,4,0,4,0,Standard,Standard,155,0.004,0.438,74.8,7.7,0.876,-0.438,103.4,-4,4,0.036,0.964,33,32,34,33,1,3,8,2,2,2,1.74,1.31,-1.31,50.3,13.01733447535573,4.554375839255909,34.38535962812378,40.079095490452126,27.799824491522113
SL,2025-10-06,82.6,3.61,5.63,"Ohtani, Shohei",660271,621381,,foul,,,,,4,Foul,D,L,L,PHI,LAD,S,,,0,0,2025,-0.38,0.47,-0.7909864044388992,2.601466804287743,,571970,669257,2,7,Top,,,,,,,-9.232538189129345,-119.95806501687065,-1.2388794795549058,-1.7695612024109308,24.993840622426564,-27.614648784940716,3.56,1.66,195,71,42,82,2674,6.2,813052,592663,547180,624641,664761,607208,805249,669016,592206,54.34,,,,,,,,51,1,Slider,0,3,3,0,3,0,3,0,Standard,Standard,272,0.003,-0.047,64.3,8.6,,0.047,88.0,-3,3,0.109,0.891,33,30,34,31,1,3,2,2,3,2,2.9,-0.38,-0.38,37.3,19.973502084600767,-17.61309262333962,32.37261458101535,50.50870476485659,37.128988939492764
FF,2025-10-06,101.2,-1.68,5.31,"Vaughn, Andrew",683734,694037,,ball,,,,,11,Ball,D,R,R,MIL,CHC,B,,,0,0,2025,-1.25,1.02,-1.3731070092240358,3.941470599199323,,,592885,2,3,Bot,,,,,,,3.8836557076882654,-147.27565212436357,-0.8682716421383605,-18.998028930427242,40.92689446477536,-17.525362286018993,3.22999910659693,1.51999923390667,,,,101.2,2440,6.7,813048,608348,457759,663538,807713,621020,664023,691718,673548,53.81,,,,,,,,29,1,4-Seam Fastball,4,3,4,3,3,4,4,3,Standard,Standard,224,0.002,0.035,,,,-0.035,,1,1,0.644,0.644,25,27,25,27,1,1,4,2,2,2,1.24,1.25,1.25,29.2,,,,,
FF,2025-10-06,92.4,2.15,6.04,"Turang, Brice",668930,519141,,foul,,,,,2,Foul,D,L,L,MIL,CHC,S,,,0,0,2025,0.13,1.46,0.012164208739999904,3.4671103425942698,,,,2,4,Bot,,,,,,,-5.628328086621166,-134.47230122435462,-3.8603320865732846,2.749562877879878,28.680138227986436,-13.856731064834618,3.5,1.64,174,86.2,65,91.1,2726,5.5,813048,608348,683737,663538,807713,621020,664023,691718,673548,55.02,,,,,,,,39,1,4-Seam Fastball,7,3,7,3,3,7,7,3,Standard,Standard,153,-0.001,-0.043,67.3,6.2,,0.043,88.0,4,4,0.9,0.9,36,25,37,26,1,2,4,2,2,2,1.21,0.13,0.13,37.1,8.968770017228424,14.253174997317542,22.819876594208026,34.085693052596575,27.79626764387335
FF,2025-10-06,96,1.91,6.86,"Turner, Trea",607208,605483,,called_strike,,,,,2,Called Strike,D,R,L,PHI,LAD,S,,,0,0,2025,0.38,1.72,-0.008353837324274083,3.175868277311708,,,,0,1,Bot,,,,,,,-5.969293738571346,-139.4242947119688,-8.04048361170378,6.403712907991837,32.735352741378044,-8.140729589060147,3.58638205946796,1.78638904435399,,,,96.1,2495,6.6,813052,666163,518692,669242,500743,605141,571771,681624,606192,53.93,,,,,,,,6,1,4-Seam Fastball,0,0,0,0,0,0,0,0,Standard,Standard,160,-0.003,-0.039,,,,0.039,,0,0,0.548,0.548,32,32,33,32,1,0,6,2,7,2,0.77,0.38,-0.38,55.4,,,,,
SI,2025-10-06,96.3,1.83,6.07,"Shaw, Matt",807713,657649,,called_strike,,,,,4,Called Strike,D,R,L,MIL,CHC,S,,,0,0,2025,1.18,1.24,-0.7614111294321,2.337115874531789,,,,0,7,Top,,,,,,,-9.499353609238785,-139.74728427006826,-7.019374505998574,17.725108964911044,34.65532172831088,-14.479729032572408,3.3351340182228,1.54818274842414,,,,95.3,2386,6.1,813048,661388,683734,668930,702332,687401,694192,663368,686217,54.4,,,,,,,,56,1,Sinker,7,3,3,7,3,7,3,7,Standard,Standard,150,0.002,-0.039,,,,0.039,,4,-4,0.941,0.05900000000000005,31,23,31,24,1,2,2,2,2,2,1.25,1.18,-1.18,37.8,,,,,
FF,2025-10-06,91.1,1.83,5.38,"Chourio, Jackson",694192,684007,,ball,,,,,12,Ball,D,R,L,MIL,CHC,B,,,0,0,2025,1.31,1.37,1.2736507821055683,2.8409385577674118,,,,0,1,Bot,,,,,,,-4.196157757361018,-132.50100764844245,-3.2917556422635545,16.30571588959504,33.51771650375506,-15.695626371667766,3.41000047295258,1.60999961271316,,,,89.9,2456,6,813048,608348,457759,663538,807713,621020,664023,691718,673548,54.47,,,,,,,,7,1,4-Seam Fastball,0,3,0,3,3,0,0,3,Standard,Standard,140,0.004,0.041,,,,-0.041,,-3,-3,0.267,0.267,31,21,32,21,1,0,5,2,,2,1.42,1.31,-1.31,34.5,,,,,
SI,2025-10-06,97.6,-2.71,6.37,"Bohm, Alec",664761,595014,,called_strike,,,,,9,Called Strike,D,R,R,PHI,LAD,S,,,0,0,2025,-1.57,0.58,0.4700410247034963,1.8618894713121183,,,,0,9,Bot,,,,,,,11.995912007645765,-141.43791607669127,-7.811527787137817,-23.869596415866262,33.11289616439649,-22.637381685852283,3.59076232024089,1.64078215930832,,,,96.2,2420,5.8,813052,669257,518692,669242,571970,605141,571771,681909,681624,54.73,,,,,,,,69,1,Sinker,1,4,1,4,4,1,1,4,Standard,Standard,233,-0.004,-0.039,,,,0.039,,-3,-3,0.043,0.043,37,28,37,29,1,3,5,2,2,2,1.84,1.57,1.57,31.8,,,,,
FF,2025-10-06,95.4,-1.78,6.06,"Hoerner, Nico",663538,683232,,ball,,,,,2,Ball,D,R,R,MIL,CHC,B,,,0,0,2025,-0.55,1.53,-0.045726597861115326,3.30060265360654,,807713,457759,2,2,Top,,,,,,,5.852364674734769,-138.7219331130268,-5.067303245670315,-8.518565347055686,32.97881520397621,-11.506453909208881,3.20997190762981,1.52895762082968,,,,95.7,2162,6.6,813048,661388,683734,668930,702332,687401,694192,663368,686217,53.86,,,,,,,,17,1,4-Seam Fastball,3,3,3,3,3,3,3,3,Standard,Standard,211,-0.003,0.024,,,,-0.024,,0,0,0.506,0.494,28,28,29,28,1,1,2,2,2,2,0.99,0.55,0.55,55.2,,,,,
FS,2025-10-06,84.6,-1.91,6.31,"Turner, Trea",607208,808963,,ball,,,,,11,Ball,D,R,R,PHI,LAD,B,,,0,0,2025,-0.49,-0.38,-1.3222256106888493,2.940915448532819,681082,,596146,2,9,Bot,,,,,,,2.4020177520734953,-123.12392866836964,-0.6858757412649437,-5.503904104323021,26.88433852500485,-36.0744473987613,3.33432990718454,1.68999966476375,,,,85.4,519,7,813052,669257,518692,669242,571970,605141,571771,681909,681624,53.45,,,,,,,,75,1,Split-Finger,3,4,3,4,4,3,3,4,Standard,Standard,311,0.008,0.009,,,,-0.009,,-1,-1,0.202,0.202,23,32,24,32,1,4,2,2,3,2,3.59,0.49,0.49,52.4,,,,,
FF,2025-10-06,98.5,-1.45,6.01,"Edman, Tommy",669242,689147,,foul,,,,,2,Foul,D,L,R,PHI,LAD,S,,,0,0,2025,-0.75,1.55,0.2707432713798299,2.9871880341843653,606192,518692,,0,7,Top,,,,,,,6.410378947751402,-143.16455170818742,-6.308189156781637,-11.85600484439191,34.863758040567376,-9.607610041526398,3.39,1.55,161,84.3,12,98.2,2448,6.3,813052,592663,547180,624641,664761,607208,805249,669016,592206,54.21,,,,,,,,46,1,4-Seam Fastball,0,0,0,0,0,0,0,0,Strategic,Standard,224,0.012,-0.064,71.8,6.3,,0.064,88.0,0,0,0.275,0.725,24,30,24,30,1,2,2,2,2,2,0.82,0.75,-0.75,36.3,5.949146740044126,2.693125942672543,22.610678250089276,33.2950035159675,22.049474913141054
FF,2025-10-06,96.2,-0.92,5.68,"Realmuto, J.T.",592663,686218,,called_strike,,,,,2,Called Strike,D,R,R,PHI,LAD,S,,,0,0,2025,-0.65,1.81,0.04879656382495501,3.192988545016949,,,,0,7,Bot,,,,,,,4.069582678406098,-139.84327277372878,-5.0604762389875235,-9.530951255110232,35.359469554296254,-7.632081497395149,3.6088442773488,1.58457997947825,,,,96.3,2430,6.7,813052,669257,518692,669242,571970,605141,571771,681624,606192,53.84,,,,,,,,53,1,4-Seam Fastball,0,4,0,4,4,0,0,4,Standard,Standard,207,-0.003,-0.039,,,,0.039,,-4,-4,0.071,0.071,25,34,26,34,1,2,5,2,3,2,0.69,0.65,0.65,40.1,,,,,
SL,2025-10-06,86.5,-1.47,5.87,"Kelly, Carson",608348,682842,,called_strike,,,,,3,Called Strike,D,R,R,MIL,CHC,S,,,0,0,2025,0.83,0.15,0.3959700788797228,3.0518704406077033,,,,0,9,Top,,,,,,,2.7560531739443266,-125.97676678197757,-0.7975932503734021,8.217538098370404,26.653476093975673,-30.59118164483615,3.43441245883292,1.60898000844874,,,,86.2,2483,6.2,813048,661388,683734,668930,702332,687401,663604,663368,686217,54.33,,,,,,,,69,1,Slider,7,3,3,7,3,7,3,7,Strategic,Standard,64,0.001,-0.039,,,,0.039,,4,-4,0.985,0.015000000000000013,25,30,25,31,1,3,8,2,5,2,2.9,-0.83,-0.83,41.6,,,,,
SI,2025-10-06,97.9,-2.26,6.14,"Hernández, Enrique",571771,661395,,called_strike,,,,,1,Called Strike,D,R,R,PHI,LAD,S,,,0,0,2025,-1.03,0.21,-0.7178160290792531,3.3143830993283823,,,,0,9,Top,,,,,,,6.507170325504568,-142.45158388484728,-2.618267942236722,-15.573776599392541,32.49940333993329,-28.980969325895973,3.39410050647852,1.66405357373996,,,,97.4,1525,6,813052,592663,547180,681082,664761,607208,596146,669016,592206,54.51,,,,,,,,64,1,Sinker,1,4,4,1,4,1,4,1,Standard,Standard,235,0.001,-0.039,,,,0.039,,-3,3,0.034,0.966,27,33,27,34,1,3,2,2,3,2,2.17,1.03,1.03,31.9,,,,,
KC,2025-10-06,87.1,-0.21,6.53,"Suzuki, Seiya",673548,656730,,called_strike,,,,,3,Called Strike,D,R,R,MIL,CHC,S,,,0,0,2025,0.24,-0.07,0.40157793657710406,2.7691539266335776,,,,1,8,Top,,,,,,,0.9921115699499699,-126.9014764943876,-2.773297583148995,2.398190585026383,24.35579392580858,-32.58862958967006,3.13359468304138,1.3835501536732,,,,87.4,2711,6.3,813048,661388,683734,668930,702332,687401,694192,663368,686217,54.2,,,,,,,,63,1,Knuckle Curve,7,3,3,7,3,7,3,7,Strategic,Standard,40,0.001,-0.039,,,,0.039,,4,-4,0.977,0.02300000000000002,31,30,32,31,1,3,8,2,3,2,3.05,-0.24,-0.24,56.4,,,,,
ST,2025-10-06,85.5,-1.69,5.49,"Vaughn, Andrew",683734,607067,,ball,,,,,9,Ball,D,R,R,MIL,CHC,B,,,0,0,2025,0.97,0.23,0.7995351603741921,1.5783827239043116,,,,2,5,Bot,,,,,,,3.9055658420149286,-124.42496530771092,-3.3436613270344733,9.178484595098666,27.462339897133567,-29.251242090648038,3.18632134388449,1.59671337388791,,,,85.3,2408,6.4,813048,608348,683737,663538,807713,621020,664023,691718,673548,54.09,,,,,,,,46,1,Sweeper,7,3,7,3,3,7,7,3,Standard,Standard,61,0,0.037,,,,-0.037,,4,4,0.921,0.921,34,27,35,27,1,2,5,2,5,2,2.91,-0.97,-0.97,30.7,,,,,
SI,2025-10-06,97.7,0.14,6.54,"Turner, Justin",457759,676879,,called_strike,,,,,7,Called Strike,D,R,L,MIL,CHC,S,,,0,0,2025,1.38,0.75,-0.6642117580226017,1.784595768556058,,,,0,1,Top,,,,,,,-5.2675785531761665,-141.9248641113231,-8.85962115078119,19.871205642613546,34.93859428605141,-20.102040504359998,3.3329580788968,1.52999981750119,,,,96,2181,5.6,813048,661388,683734,668930,702332,687401,694192,663368,686217,54.92,,,,,,,,1,1,Sinker,0,0,0,0,0,0,0,0,Strategic,Standard,151,0.003,-0.039,,,,0.039,,0,0,0.5,0.5,27,40,27,41,1,0,2,8,3,,1.66,1.38,-1.38,51.8,,,,,
SL,2025-10-06,85.8,0.4,6.42,"Stott, Bryson",681082,681911,,ball,,,,,11,Ball,D,L,L,PHI,LAD,B,,,0,0,2025,-0.8,0.51,-0.2484961549517326,4.437808651384101,,592206,,0,9,Bot,,,,,,,0.07559641519123944,-124.98746734088579,0.5022802633926493,-8.422954739603137,23.925603326441315,-27.150529910224883,3.31366481987945,1.59650557617153,,,,85.3,2366,5.8,813052,669257,518692,669242,571970,605141,571771,681909,681624,54.68,,,,,,,,72,1,Slider,3,4,3,4,4,3,3,4,Strategic,Standard,207,0.007,0.032,,,,-0.032,,-1,-1,0.448,0.448,29,27,29,28,1,1,2,2,3,2,2.57,-0.8,-0.8,68.4,,,,,
