pitch_type,game_date,release_speed,release_pos_x,release_pos_z,player_name,batter,pitcher,events,description,spin_dir,spin_rate_deprecated,break_angle_deprecated,break_length_deprecated,zone,des,game_type,stand,p_throws,home_team,away_team,type,hit_location,bb_type,balls,strikes,game_year,pfx_x,pfx_z,plate_x,plate_z,on_3b,on_2b,on_1b,outs_when_up,inning,inning_topbot,hc_x,hc_y,tfs_deprecated,tfs_zulu_deprecated,umpire,sv_id,vx0,vy0,vz0,ax,ay,az,sz_top,sz_bot,hit_distance_sc,launch_speed,launch_angle,effective_speed,release_spin_rate,release_extension,game_pk,fielder_2,fielder_3,fielder_4,fielder_5,fielder_6,fielder_7,fielder_8,fielder_9,release_pos_y,estimated_ba_using_speedangle,estimated_woba_using_speedangle,woba_value,woba_denom,babip_value,iso_value,launch_speed_angle,at_bat_number,pitch_number,pitch_name,home_score,away_score,bat_score,fld_score,post_away_score,post_home_score,post_bat_score,post_fld_score,if_fielding_alignment,of_fielding_alignment,spin_axis,delta_home_win_exp,delta_run_exp,bat_speed,swing_length,estimated_slg_using_speedangle,delta_pitcher_run_exp,hyper_speed,home_score_diff,bat_score_diff,home_win_exp,bat_win_exp,age_pit_legacy,age_bat_legacy,age_pit,age_bat,n_thruorder_pitcher,n_priorpa_thisgame_player_at_bat,pitcher_days_since_prev_game,batter_days_since_prev_game,pitcher_days_until_next_game,batter_days_until_next_game,api_break_z_with_gravity,api_break_x_arm,api_break_x_batter_in,arm_angle,attack_angle,attack_direction,swing_path_tilt,intercept_ball_minus_batter_pos_x_inches,intercept_ball_minus_batter_pos_y_inches
SI,2025-10-02,98.4,-1.64,6.27,"Story, Trevor",596115,693645,field_out,hit_into_play,,,,,7,"Trevor Story grounds out, shortstop Anthony Volpe to first baseman Ben Rice.",F,R,R,NYY,BOS,X,6,ground_ball,0,0,2025,-1.18,1.04,-0.531271139117492,2.184761362052482,,,,2,8,Top,115.3,147.84,,,,,5.757034435806691,-143.06167028462727,-8.067297945753364,-17.522435828351973,33.45835766109388,-16.174423150696303,3.49,1.61,74,87.6,4,98.7,2221,6.5,813065,669224,700250,665862,641857,683011,641355,663757,592450,53.97,0.461,0.416,0,1,0,0,2,60,1,Sinker,4,0,0,4,0,4,0,4,Strategic,Standard,209,0.003,-0.26,72.3,7.2,0.522,0.26,88.0,4,-4,0.985,0.015000000000000013,24,32,24,33,4,3,5,1,6,,1.32,1.18,1.18,37.9,2.546454000716144,6.346735083128891,34.1525781601631,32.396278552684414,28.950978482583327
FC,2025-10-02,95.5,-1.76,6.36,"Duran, Jarren",680776,693645,field_out,hit_into_play,,,,,2,Jarren Duran pops out softly to third baseman Ryan McMahon in foul territory.,F,L,R,NYY,BOS,X,5,popup,0,0,2025,0.6,0.77,0.15512952412553455,3.479275946952729,,,,1,8,Top,93.02,197.92,,,,,3.7037305189010548,-139.0421670938376,-3.7274511762056277,6.993088212776836,30.77814947133321,-21.541282836848875,3.49,1.65,80,53.8,71,96,2303,6.5,813065,669224,700250,665862,641857,683011,641355,663757,592450,53.97,0.008,0.009,0,1,0,0,1,59,1,Cutter,4,0,0,4,0,4,0,4,Standard,Standard,182,0.008,-0.254,70.1,7.0,0.011,0.254,88.0,4,-4,0.977,0.02300000000000002,24,28,24,29,4,3,5,1,6,,1.72,-0.6,0.6,38.7,6.492834361538534,7.518743105543328,16.821101298302587,33.55510515571926,26.337912972065542
FF,2025-10-02,97.6,-1.43,6.52,"Gonzalez, Romy",663853,693645,strikeout,swinging_strike,,,,,12,Romy Gonzalez strikes out swinging.,F,R,R,NYY,BOS,S,2,,2,2,2025,-0.18,1.46,0.23096898428028512,4.028462638617342,,,,0,8,Top,,,,,,,4.9096283560205825,-142.0136745027297,-4.5248258072192815,-3.684590428068683,34.94679350830774,-11.651666071767162,3.57,1.72,,,,97.6,2505,6.5,813065,669224,700250,665862,641857,683011,641355,663757,592450,54.03,,0,0,1,0,0,,58,5,4-Seam Fastball,4,0,0,4,0,4,0,4,Strategic,Standard,205,0.011,-0.232,74.5,6.4,,0.232,,4,-4,0.966,0.03400000000000003,24,28,24,29,3,2,5,1,6,,0.95,0.18,0.18,46.3,10.115043657422131,12.21533717361667,14.92778881004928,40.46228646207423,17.9188170187118
FC,2025-10-02,90.1,-1.9,6.26,"Gonzalez, Romy",663853,693645,,ball,,,,,14,Ball,F,R,R,NYY,BOS,B,,,1,2,2025,0.76,0.11,0.09526356897911203,1.34742343193017,,,,0,8,Top,,,,,,,3.3541810654162214,-131.2197704430381,-6.51614392516381,8.102658009404125,26.711060474299725,-29.785037940944104,3.61604356124931,1.75505777203151,,,,90.4,2645,6.4,813065,669224,700250,665862,641857,683011,641355,663757,592450,54.15,,,,,,,,58,4,Cutter,4,0,0,4,0,4,0,4,Strategic,Standard,118,-0.002,0.043,,,,-0.043,,4,-4,0.968,0.03200000000000003,24,28,24,29,3,2,5,1,6,,2.69,-0.76,-0.76,39.9,,,,,
FF,2025-10-02,98.1,-1.48,6.53,"Gonzalez, Romy",663853,693645,,swinging_strike,,,,,1,Swinging Strike,F,R,R,NYY,BOS,S,,,1,1,2025,-0.4,1.57,-0.392863561793947,3.182852992600078,,,,0,8,Top,,,,,,,3.899553150968818,-142.67440283074717,-7.17290250913322,-6.448864003178866,36.3076430421984,-9.340288192360207,3.57,1.72,,,,98,2376,6.5,813065,669224,700250,665862,641857,683011,641355,663757,592450,53.99,,,,,,,,58,3,4-Seam Fastball,4,0,0,4,0,4,0,4,Strategic,Standard,206,0.003,-0.061,74.3,6.1,,0.061,,4,-4,0.965,0.03500000000000003,24,28,24,29,3,2,5,1,6,,0.83,0.4,0.4,46.1,0.008621268958971811,18.610512127214346,26.029226764506788,33.554257064239074,16.68038627720513
FC,2025-10-02,91.3,-1.86,6.18,"Gonzalez, Romy",663853,693645,,ball,,,,,14,Ball,F,R,R,NYY,BOS,B,,,0,1,2025,0.62,0.5,1.923530791632535,1.980272693660981,,,,0,8,Top,,,,,,,8.204227559799572,-132.61440543243867,-5.732708745780942,5.505750333130036,29.543870762005856,-25.17110339438833,3.56312878988784,1.64863024387784,,,,91.4,2541,6.5,813065,669224,700250,665862,641857,683011,641355,663757,592450,53.96,,,,,,,,58,2,Cutter,4,0,0,4,0,4,0,4,Strategic,Standard,155,-0.001,0.031,,,,-0.031,,4,-4,0.966,0.03400000000000003,24,28,24,29,3,2,5,1,6,,2.25,-0.62,-0.62,39.0,,,,,
SI,2025-10-02,96.6,-1.62,6.3,"Gonzalez, Romy",663853,693645,,called_strike,,,,,5,Called Strike,F,R,R,NYY,BOS,S,,,0,0,2025,-0.98,0.99,0.050288755230459614,2.371775036579159,,,,0,8,Top,,,,,,,6.715292440164595,-140.31847212362607,-7.1465916869887405,-14.522025373150145,33.18252756584309,-17.677404466363733,3.61604356124931,1.70184772294024,,,,96.9,2171,6.7,813065,669224,700250,665862,641857,683011,641355,663757,592450,53.82,,,,,,,,58,1,Sinker,4,0,0,4,0,4,0,4,Strategic,Standard,206,0.002,-0.039,,,,0.039,,4,-4,0.964,0.03600000000000003,24,28,24,29,3,2,5,1,6,,1.47,0.98,0.98,40.8,,,,,
FF,2025-10-02,98.6,-1.34,6.54,"Abreu, Wilyer",677800,693645,strikeout,swinging_strike,,,,,5,Wilyer Abreu strikes out swinging.,F,L,R,NYY,BOS,S,2,,2,2,2025,-0.29,1.46,-0.0024017676806223354,2.774303642193489,,,,2,7,Top,,,,,,,4.319071337859832,-143.30676946301392,-8.14834250574548,-5.050322397493232,33.921089125153784,-10.36359053110702,3.43,1.59,,,,98.4,2444,6.3,813065,669224,700250,665862,641857,683011,641355,663757,592450,54.19,,0,0,1,0,0,,54,5,4-Seam Fastball,4,0,0,4,0,4,0,4,Infield shade,Standard,207,0.004,-0.224,77.8,6.6,,0.224,,4,-4,0.967,0.03300000000000003,24,26,24,26,3,2,5,1,6,,0.89,0.29,-0.29,53.6,1.4283773083365334,6.051181965954167,31.790330475424735,34.53866283475111,26.55414639774603
FC,2025-10-02,94.5,-1.73,6.43,"Abreu, Wilyer",677800,693645,,swinging_strike,,,,,4,Swinging Strike,F,L,R,NYY,BOS,S,,,2,1,2025,0.21,0.67,-0.41250482000334665,2.5599795353923236,,,,2,7,Top,,,,,,,2.977359648610232,-137.51011451994762,-5.90616210478772,2.0433346596962596,30.124113834126938,-22.555149076695624,3.43,1.59,,,,94.8,2371,6.4,813065,669224,700250,665862,641857,683011,641355,663757,592450,54.06,,,,,,,,54,4,Cutter,4,0,0,4,0,4,0,4,Infield shade,Standard,176,0.002,-0.073,80.4,7.4,,0.073,,4,-4,0.965,0.03500000000000003,24,26,24,26,3,2,5,1,6,,1.88,-0.21,0.21,43.2,7.739723531544428,-1.2655009790013843,28.494678239688906,40.943129047051634,27.205092332663035
FF,2025-10-02,97.5,-1.6,6.47,"Abreu, Wilyer",677800,693645,,ball,,,,,11,Ball,F,L,R,NYY,BOS,B,,,1,1,2025,-0.38,1.32,-1.7958149999866773,4.0398184894295905,,,,2,7,Top,,,,,,,0.349227816068331,-141.9811813946018,-4.050793408698331,-5.164748268565875,34.402399110833045,-13.685585367619623,3.53666638517102,1.59540555634876,,,,97.7,2312,6.5,813065,669224,700250,665862,641857,683011,641355,663757,592450,54.02,,,,,,,,54,3,4-Seam Fastball,4,0,0,4,0,4,0,4,Infield shade,Standard,211,-0.001,0.053,,,,-0.053,,4,-4,0.966,0.03400000000000003,24,26,24,26,3,2,5,1,6,,1.09,0.38,-0.38,41.8,,,,,
CU,2025-10-02,85.4,-1.5,6.39,"Abreu, Wilyer",677800,693645,,ball,,,,,14,Ball,F,L,R,NYY,BOS,B,,,0,1,2025,0.35,-1.18,0.6139759071804561,-0.02635970833993495,,,,2,7,Top,,,,,,,4.287478406173903,-124.11242006409223,-6.35416166907103,2.6398415910932482,28.02351771937011,-43.00432140501911,3.45725939538842,1.62201878730429,,,,85.2,2652,6.5,813065,669224,700250,665862,641857,683011,641355,663757,592450,53.97,,,,,,,,54,2,Curveball,4,0,0,4,0,4,0,4,Infield shade,Standard,24,-0.001,0.027,,,,-0.027,,4,-4,0.967,0.03300000000000003,24,26,24,26,3,2,5,1,6,,4.34,-0.35,0.35,47.5,,,,,
FF,2025-10-02,97.5,-1.52,6.44,"Abreu, Wilyer",677800,693645,,foul_tip,,,,,1,Foul Tip,F,L,R,NYY,BOS,S,,,0,0,2025,-0.55,1.49,-0.31651792069529805,2.9806360611062863,,,,2,7,Top,,,,,,,4.509415335938125,-141.73148768239193,-7.164652536606966,-8.502854347170292,35.08834869291496,-10.621980636893552,3.43,1.59,,,,97.1,2398,6.3,813065,669224,700250,665862,641857,683011,641355,663757,592450,54.18,,,,,,,,54,1,4-Seam Fastball,4,0,0,4,0,4,0,4,Infield shade,Standard,206,0.001,-0.043,77.7,6.9,,0.043,,4,-4,0.966,0.03400000000000003,24,26,24,26,3,2,5,1,6,,0.93,0.55,-0.55,44.4,6.310057791832096,6.0098573539506575,26.63349340221979,39.6978415954166,28.27689641002779
FF,2025-10-02,98.9,-1.71,6.32,"Narváez, Carlos",665966,693645,field_out,hit_into_play,,,,,11,Carlos Narváez pops out to catcher Austin Wells.,F,R,R,NYY,BOS,X,2,popup,1,2,2025,-0.7,1.37,-0.8720493368992429,3.4282737434721042,,,,1,7,Top,127.72,199.09,,,,,3.9352050591633594,-143.82624725547637,-5.627896795544343,-10.603549096663468,35.44760882623976,-12.046238039679846,3.49,1.57,12,79.9,80,99,2380,6.5,813065,669224,700250,665862,641857,683011,641355,663757,592450,53.97,0.008,0.007,0,1,0,0,3,53,4,4-Seam Fastball,4,0,0,4,0,4,0,4,Strategic,Standard,215,0.007,-0.18,68.5,7.3,0.008,0.18,88.0,4,-4,0.959,0.041000000000000036,24,26,24,27,3,2,5,1,6,,0.97,0.7,0.7,40.5,19.11209797259273,-9.296430596549813,30.134691908040967,26.689721166450795,35.12854399647353
FC,2025-10-02,94.6,-1.76,6.34,"Narváez, Carlos",665966,693645,,foul,,,,,2,Foul,F,R,R,NYY,BOS,S,,,1,1,2025,0.58,0.99,0.12958420000505638,3.323827029658049,,,,1,7,Top,,,,,,,3.6444859848376785,-137.80155635111456,-4.413924818179822,6.620646509735781,30.457324187668092,-18.80438637420685,3.49,1.57,,,,95,2527,6.4,813065,669224,700250,665862,641857,683011,641355,663757,592450,54.06,,,,,,,,53,3,Cutter,4,0,0,4,0,4,0,4,Strategic,Standard,181,0.003,-0.064,75.2,7.6,,0.064,,4,-4,0.956,0.04400000000000004,24,26,24,27,3,2,5,1,6,,1.55,-0.58,-0.58,38.6,17.286062084248773,-5.856455093254,24.86498211374595,40.557966033804945,37.74058021053394
FF,2025-10-02,98.7,-1.72,6.36,"Narváez, Carlos",665966,693645,,called_strike,,,,,5,Called Strike,F,R,R,NYY,BOS,S,,,1,0,2025,-0.64,1.5,-0.15638212531170992,2.5216329656776733,,,,1,7,Top,,,,,,,5.770023787685077,-143.28731587743806,-8.452502436446691,-10.244172689232697,36.49493046458823,-9.706426527217898,3.45725939538842,1.54217388243082,,,,98.6,2437,6.6,813065,669224,700250,665862,641857,683011,641355,663757,592450,53.93,,,,,,,,53,2,4-Seam Fastball,4,0,0,4,0,4,0,4,Strategic,Standard,212,0.002,-0.049,,,,0.049,,4,-4,0.954,0.04600000000000004,24,26,24,27,3,2,5,1,6,,0.87,0.64,0.64,41.6,,,,,
FF,2025-10-02,96.8,-1.49,6.6,"Narváez, Carlos",665966,693645,,ball,,,,,11,Ball,F,R,R,NYY,BOS,B,,,0,0,2025,-0.37,1.52,-1.0032024022948418,3.8665491726762298,,,,1,7,Top,,,,,,,2.136795049757062,-140.93220064571221,-5.197276614914427,-5.374685186571931,33.47513261130823,-10.959155004647995,3.48373166280591,1.57197459050148,,,,96.7,2424,6.3,813065,669224,700250,665862,641857,683011,641355,663757,592450,54.21,,,,,,,,53,1,4-Seam Fastball,4,0,0,4,0,4,0,4,Strategic,Standard,203,-0.002,0.039,,,,-0.039,,4,-4,0.956,0.04400000000000004,24,26,24,27,3,2,5,1,6,,0.92,0.37,0.37,47.3,,,,,
CU,2025-10-02,82.2,-1.4,6.49,"Lowe, Nathaniel",663993,693645,field_out,hit_into_play,,,,,5,Nathaniel Lowe flies out to right fielder Aaron Judge in foul territory.,F,L,R,NYY,BOS,X,9,fly_ball,0,1,2025,0.53,-0.96,0.19557385465470623,2.3956193962207295,,,,0,7,Top,191.74,141.56,,,,,2.6051670711852246,-119.72684699841598,-0.870771296341194,4.533556924016025,24.458124700890533,-41.3731086110977,3.51,1.62,216,94.3,55,82.2,2546,6.4,813065,669224,700250,665862,641857,683011,641355,663757,592450,54.11,0.013,0.015,0,1,0,0,3,52,2,Curveball,4,0,0,4,0,4,0,4,Strategic,Standard,37,0.013,-0.22,72.6,8.3,0.021,0.22,94.3,4,-4,0.943,0.05700000000000005,24,29,24,30,3,2,5,1,6,,4.34,-0.53,0.53,47.5,16.62821370129327,-20.761770728581592,25.257554512725438,33.85316996438632,42.22319484284116
FC,2025-10-02,93.9,-1.73,6.35,"Lowe, Nathaniel",663993,693645,,called_strike,,,,,11,Called Strike,F,L,R,NYY,BOS,S,,,0,0,2025,0.54,0.98,-0.4116688043939018,3.7348604064773325,,,,0,7,Top,,,,,,,2.241810847986413,-136.7979487930262,-3.2608683397328924,6.295634445810357,29.137990042223308,-19.337537014148825,3.47490806955668,1.62405239175106,,,,94.5,2436,6.5,813065,669224,700250,665862,641857,683011,641355,663757,592450,54.03,,,,,,,,52,1,Cutter,4,0,0,4,0,4,0,4,Strategic,Standard,171,0.002,-0.039,,,,0.039,,4,-4,0.941,0.05900000000000005,24,29,24,30,3,2,5,1,6,,1.59,-0.54,0.54,38.5,,,,,
FF,2025-10-02,98.8,-1.43,6.46,"Rafaela, Ceddanne",678882,693645,strikeout,swinging_strike,,,,,12,Ceddanne Rafaela strikes out swinging.,F,R,R,NYY,BOS,S,2,,2,2,2025,-0.3,1.43,0.07953668345660514,3.9567296428775736,,,608324,2,6,Top,,,,,,,4.814212496282277,-143.60614218156266,-4.654093596538927,-5.3115653809424,37.74410319953495,-11.619767184679205,3.44,1.59,,,,98.6,2304,6.5,813065,669224,700250,665862,641857,683011,641355,663757,592450,53.96,,0,0,1,0,0,,47,5,4-Seam Fastball,4,0,0,4,0,4,0,4,Strategic,Standard,213,0.012,-0.216,60.9,5.6,,0.216,,4,-4,0.939,0.061000000000000054,24,24,24,25,3,2,5,1,6,,0.94,0.3,0.3,43.6,5.03127678285716,26.658619937771547,18.081012767966897,36.40810564998611,14.611830100539848
SI,2025-10-02,98.7,-1.66,6.31,"Rafaela, Ceddanne",678882,693645,,foul,,,,,5,Foul,F,R,R,NYY,BOS,S,,,2,1,2025,-1.1,0.69,0.26206699255507715,2.3051397777319025,,,608324,2,6,Top,,,,,,,7.799326184725745,-143.34474661028082,-7.046621323663334,-16.960287319360653,33.861626291925866,-21.205427745546988,3.44,1.59,1,68.5,-61,98.7,2218,6.4,813065,669224,700250,665862,641857,683011,641355,663757,592450,54.06,,,,,,,,47,4,Sinker,4,0,0,4,0,4,0,4,Standard,Standard,208,0.004,-0.093,74.0,7.6,,0.093,88.0,4,-4,0.935,0.06499999999999995,24,24,24,25,3,2,5,1,6,,1.67,1.1,1.1,38.3,5.5954746304421175,7.4500125317157275,25.187096521412712,38.98044192037285,29.46890154275428
CU,2025-10-02,84.6,-1.34,6.39,"Rafaela, Ceddanne",678882,693645,,blocked_ball,,,,,14,Ball In Dirt,F,R,R,NYY,BOS,B,,,1,1,2025,0.59,-1.14,1.5468991773533949,1.5244111906535425,,,608324,2,6,Top,,,,,,,5.560610115724561,-122.99716059565397,-2.6337326626152704,4.7203978919822145,27.565387134143478,-43.257901504972395,3.40430517411469,1.54217388243082,,,,84.4,2516,6.5,813065,669224,700250,665862,641857,683011,641355,663757,592450,53.97,,,,,,,,47,3,Curveball,4,0,0,4,0,4,0,4,Standard,Standard,36,-0.003,0.054,,,,-0.054,,4,-4,0.938,0.062000000000000055,24,24,24,25,3,2,5,1,6,,4.36,-0.59,-0.59,51.0,,,,,
FC,2025-10-02,92.2,-1.69,6.27,"Rafaela, Ceddanne",678882,693645,,ball,,,,,14,Ball,F,R,R,NYY,BOS,B,,,0,1,2025,0.72,0.45,1.9371011712329156,1.0486322183036785,,,608324,2,6,Top,,,,,,,7.683583043926665,-133.97940983070777,-8.470542881279794,7.063476409671566,28.100727904044124,-25.086988452143327,3.48373166280591,1.56879057879124,,,,92.7,2430,6.6,813065,669224,700250,665862,641857,683011,641355,663757,592450,53.91,,,,,,,,47,2,Cutter,4,0,0,4,0,4,0,4,Standard,Standard,160,-0.001,0.027,,,,-0.027,,4,-4,0.939,0.061000000000000054,24,24,24,25,3,2,5,1,6,,2.23,-0.72,-0.72,40.7,,,,,
FC,2025-10-02,94.6,-1.78,6.32,"Rafaela, Ceddanne",678882,693645,,foul,,,,,1,Foul,F,R,R,NYY,BOS,S,,,0,0,2025,0.47,0.79,-0.592846426829332,3.1112922395153717,,,608324,2,6,Top,,,,,,,2.0439490086794456,-137.76946820565755,-4.485248855000947,5.5797058284800505,30.857775863200768,-21.334564093703136,3.44,1.59,173,73.9,61,95.2,2364,6.6,813065,669224,700250,665862,641857,683011,641355,663757,592450,53.91,,,,,,,,47,1,Cutter,4,0,0,4,0,4,0,4,Standard,Standard,175,0.002,-0.042,68.8,6.6,,0.042,88.0,4,-4,0.937,0.06299999999999994,24,24,24,25,3,2,5,1,6,,1.76,-0.47,-0.47,39.7,6.066381396391861,11.021935363858153,29.464774470399014,31.740484040313905,25.431939365277916
FF,2025-10-02,97,-1.46,6.45,"Yoshida, Masataka",807799,693645,strikeout,swinging_strike,,,,,11,Masataka Yoshida strikes out swinging.,F,L,R,NYY,BOS,S,2,,0,2,2025,-0.13,1.39,-0.5703674334927029,4.190224679461966,,,608324,1,6,Top,,,,,,,2.7223406113284914,-141.1709175010022,-3.6801300330276963,-2.4599185471386664,35.136986494283654,-12.997872917627241,3.25,1.42,,,,97.5,2298,6.8,813065,669224,700250,665862,641857,683011,641355,663757,592450,53.72,,0,0,1,0,0,,46,3,4-Seam Fastball,4,0,0,4,0,4,0,4,Infield shade,Standard,201,0.013,-0.168,54.2,5.2,,0.168,,4,-4,0.924,0.07599999999999996,24,31,24,32,3,2,5,1,6,,1.05,0.13,-0.13,46.9,-7.3427121276382925,55.1916631735202,21.962692869055243,40.97968415623926,-5.1771062339450875
CU,2025-10-02,84,-1.45,6.39,"Yoshida, Masataka",807799,693645,,foul,,,,,9,Foul,F,L,R,NYY,BOS,S,,,0,1,2025,0.54,-0.56,0.4946106813964628,1.4336196406890904,,,608324,1,6,Top,,,,,,,3.442728053419723,-122.1719134314172,-3.868065333747026,4.510685835104091,28.058253193224918,-37.06555117221622,3.25,1.42,117,53.2,33,83.7,2523,6.5,813065,669224,700250,665862,641857,683011,641355,663757,592450,54.01,,,,,,,,46,2,Curveball,4,0,0,4,0,4,0,4,Infield shade,Standard,42,0.005,-0.047,71.0,8.4,,0.047,88.0,4,-4,0.919,0.08099999999999996,24,31,24,32,3,2,5,1,6,,3.84,-0.54,0.54,46.4,23.65651040109311,-29.234849418497607,39.356943722226006,29.208909218356393,47.43030174538514
FF,2025-10-02,98.5,-1.3,6.5,"Yoshida, Masataka",807799,693645,,foul,,,,,2,Foul,F,L,R,NYY,BOS,S,,,0,0,2025,-0.47,1.62,-0.09358998239279664,2.891607013838705,,,608324,1,6,Top,,,,,,,4.404484125665364,-143.15142441823693,-8.073763773629155,-7.550251321649729,35.5551976300569,-8.272551190634921,3.25,1.42,201,78.2,20,98.6,2389,6.6,813065,669224,700250,665862,641857,683011,641355,663757,592450,53.92,,,,,,,,46,1,4-Seam Fastball,4,0,0,4,0,4,0,4,Infield shade,Standard,203,0.003,-0.04,73.8,6.7,,0.04,88.0,4,-4,0.916,0.08399999999999996,24,31,24,32,3,2,5,1,6,,0.75,0.47,-0.47,46.1,0.3989340175766935,11.834118888454226,30.114255992058503,35.10256780007125,24.220047473747613
SI,2025-10-02,97.7,-1.8,6.23,"Bregman, Alex",608324,693645,force_out,hit_into_play,,,,,6,"Alex Bregman grounds into a force out, second baseman Jazz Chisholm Jr. to shortstop Anthony Volpe. Trevor Story out at 2nd. Alex Bregman to 1st.",F,R,R,NYY,BOS,X,4,ground_ball,0,1,2025,-1.13,1.11,0.40135136622576195,2.634395664692848,,,596115,0,6,Top,154.79,155.94,,,,,8.546439772347808,-141.75608952032565,-6.661917032703845,-17.282420509107823,36.53431278620718,-15.834775428460118,3.33,1.55,17,101.5,-8,97.3,2252,6.5,813065,669224,700250,665862,641857,683011,641355,663757,592450,53.99,0.274,0.251,0,1,0,0,2,45,2,Sinker,4,0,0,4,0,4,0,4,Strategic,Standard,210,0.025,-0.293,69.5,6.3,0.274,0.293,101.5,4,-4,0.891,0.10899999999999999,24,31,24,31,3,2,5,1,6,,1.32,1.13,1.13,37.0,2.180637831863229,20.406822470615353,25.86220919379685,37.80298030415205,17.61716857974659
SI,2025-10-02,97.3,-1.74,6.14,"Bregman, Alex",608324,693645,,called_strike,,,,,8,Called Strike,F,R,R,NYY,BOS,S,,,0,0,2025,-1.07,0.99,-0.21225295392717625,2.134920613574856,,,596115,0,6,Top,,,,,,,6.579524355096757,-141.28242683987384,-7.433616567103474,-15.85279353244923,36.29262615970009,-17.36020313637142,3.48373166280591,1.62201878730429,,,,97.2,2201,6.6,813065,669224,700250,665862,641857,683011,641355,663757,592450,53.88,,,,,,,,45,1,Sinker,4,0,0,4,0,4,0,4,Strategic,Standard,212,0.004,-0.043,,,,0.043,,4,-4,0.887,0.11299999999999999,24,31,24,31,3,2,5,1,6,,1.46,1.07,1.07,37.1,,,,,
FC,2025-10-02,94.1,-1.68,6.46,"Story, Trevor",596115,693645,single,hit_into_play,,,,,5,Trevor Story singles on a line drive to left fielder Cody Bellinger.,F,R,R,NYY,BOS,X,7,line_drive,0,0,2025,0.56,0.85,0.2125963928043768,2.415064547991596,,,,0,6,Top,94.45,93.24,,,,,3.6651935859616014,-136.95077900945435,-6.6687124360835615,6.328631949611558,29.348193700415386,-20.28345788874301,3.49,1.61,249,79.3,22,94.3,2478,6.3,813065,669224,700250,665862,641857,683011,641355,663757,592450,54.19,0.833,0.787,0.9,1,1,0,4,44,1,Cutter,4,0,0,4,0,4,0,4,Strategic,Standard,182,-0.031,0.438,73.1,7.3,0.936,-0.438,88.0,4,-4,0.918,0.08199999999999996,24,32,24,33,3,2,5,1,6,,1.72,-0.56,-0.56,41.6,-14.208216543816487,-16.691174565471393,35.32814148422076,39.124791256569715,41.00318275634834
FF,2025-10-02,99.9,-1.55,6.38,"Duran, Jarren",680776,693645,strikeout,swinging_strike,,,,,14,Jarren Duran strikes out swinging.,F,L,R,NYY,BOS,S,2,,0,2,2025,-0.55,1.45,1.111453231913389,2.438063321894332,,663993,663853,2,5,Top,,,,,,,8.616733704453557,-145.00129193986373,-8.8511451883091,-9.794671825159675,35.66106081746225,-9.73095454279092,3.49,1.65,,,,99.6,2401,6.4,813065,669224,700250,665862,642708,683011,641355,663757,592450,54.11,,0,0,1,0,0,,40,3,4-Seam Fastball,4,0,0,4,0,4,0,4,Infield shade,Standard,210,0.019,-0.178,44.2,5.3,,0.178,,4,-4,0.912,0.08799999999999997,24,28,24,29,3,2,5,1,6,,0.85,0.55,-0.55,40.6,-17.587032444355977,42.81070506373291,27.853895744731563,22.075893279269568,15.946576894211963
ST,2025-10-02,83,3.05,5.31,"Grisham, Trent",663757,813349,field_out,hit_into_play,,,,,7,Trent Grisham flies out to right fielder Wilyer Abreu.,F,L,L,NYY,BOS,X,9,fly_ball,0,1,2025,-1.09,0.46,-0.5182101164953353,1.855444036276189,,683011,669224,1,4,Bot,177.1,99.08,,,,,-6.08458351771031,-120.60646338601427,-2.220249059008853,-9.13252932248137,26.935798174003853,-27.490885420211185,3.59,1.71,279,84.4,41,83.1,2509,6.8,813065,665966,663993,663853,608324,596115,680776,678882,677800,53.73,0.01,0.01,0,1,0,0,3,33,2,Sweeper,4,0,4,0,0,4,4,0,Infield shade,Standard,304,-0.011,-0.211,69.3,8.5,0.018,0.211,88.0,4,4,0.921,0.921,23,28,23,29,3,2,5,1,,2,2.9,-1.09,-1.09,22.8,35.299718437440525,-10.110131061610101,28.05431649092979,45.418859292618805,36.169678145007225
SI,2025-10-02,91.5,2.89,5.3,"Grisham, Trent",663757,813349,,called_strike,,,,,14,Called Strike,F,L,L,NYY,BOS,S,,,0,0,2025,1.69,0.72,0.22076007905545159,1.3606199122328209,,683011,669224,1,4,Bot,,,,,,,-10.493014598025391,-132.6707174285841,-5.613689871226993,22.20400666367894,29.109132668115436,-22.58627050825244,3.77470578008238,1.72845369005519,,,,92.3,2107,7,813065,665966,663993,663853,608324,596115,680776,678882,677800,53.48,,,,,,,,33,1,Sinker,4,0,4,0,0,4,4,0,Standard,Standard,122,-0.002,-0.033,,,,0.033,,4,4,0.923,0.923,23,28,23,29,3,2,5,1,,2,2.03,1.69,1.69,27.1,,,,,
FF,2025-10-02,98.2,-1.47,6.5,"Duran, Jarren",680776,693645,,foul,,,,,2,Foul,F,L,R,NYY,BOS,S,,,0,1,2025,-0.15,1.51,0.1491320437276051,3.403126851812568,,663993,663853,2,5,Top,,,,,,,4.747873916058599,-142.7736272077807,-6.413456064829995,-3.1724133056995236,34.118660133327225,-10.221749513018672,3.49,1.65,187,69.8,50,98.7,2380,6.7,813065,669224,700250,665862,642708,683011,641355,663757,592450,53.82,,,,,,,,40,2,4-Seam Fastball,4,0,0,4,0,4,0,4,Infield shade,Standard,201,0.007,-0.057,72.2,6.8,,0.057,88.0,4,-4,0.905,0.09499999999999997,24,28,24,29,3,2,5,1,6,,0.86,0.15,-0.15,49.0,8.021181396726721,8.563196467968465,17.35905786662614,33.954531395746656,25.22238577601084
SI,2025-10-02,92,2.93,5.37,"Wells, Austin",669224,813349,fielders_choice,hit_into_play,,,,,9,"Austin Wells reaches on a fielder's choice, fielded by first baseman Nathaniel Lowe. Amed Rosario scores. Jazz Chisholm Jr. scores. Anthony Volpe to 2nd. Fielding error by first baseman Nathaniel Lowe.",F,L,L,NYY,BOS,X,3,ground_ball,3,2,2025,1.57,0.59,0.3832935128976007,2.0976958190590764,642708,665862,683011,1,4,Bot,155.3,169.61,,,,,-9.96142927165088,-133.51031138561913,-3.72580705388526,20.945198270862445,30.554182710613652,-24.438752789003722,3.54,1.63,12,100.3,-8,92.6,2106,6.9,813065,665966,663993,663853,608324,596115,680776,678882,677800,53.57,0.272,0.245,0.9,1,0,0,2,32,9,Sinker,2,0,2,0,0,4,4,0,Standard,Standard,119,0.065,0.442,,,0.293,-0.442,100.3,2,2,0.858,0.858,23,25,23,26,2,1,5,1,,2,2.13,1.57,1.57,28.7,,,,,
FF,2025-10-02,99.5,-1.59,6.45,"Duran, Jarren",680776,693645,,foul,,,,,4,Foul,F,L,R,NYY,BOS,S,,,0,0,2025,-0.64,1.29,-0.584627231023915,2.8482150355006532,,663993,663853,2,5,Top,,,,,,,4.30328677488414,-144.64182045834207,-7.522546404213999,-10.052531130726818,35.828056270912754,-12.451153503920025,3.49,1.65,198,83.8,60,99.9,2330,6.7,813065,669224,700250,665862,642708,683011,641355,663757,592450,53.79,,,,,,,,40,1,4-Seam Fastball,4,0,0,4,0,4,0,4,Infield shade,Standard,206,0.005,-0.047,75.5,7.3,,0.047,88.0,4,-4,0.9,0.09999999999999998,24,28,24,29,3,2,5,1,6,,1.03,0.64,-0.64,43.6,4.3987890666865175,9.969959598748517,21.99318051154021,42.74089250418595,25.0172709256653
SI,2025-10-02,93,2.83,5.33,"Wells, Austin",669224,813349,,foul,,,,,11,Foul,F,L,L,NYY,BOS,S,,,3,2,2025,1.47,0.93,-0.911432427740539,2.8357564664496326,642708,665862,683011,1,4,Bot,,,,,,,-12.956622425024591,-134.76407274391724,-2.586258587520566,20.77824477934683,30.930270306982784,-20.518462480718487,3.54,1.63,,,,93.8,2214,7.1,813065,665966,663993,663853,608324,596115,680776,678882,677800,53.41,,,,,,,,32,8,Sinker,2,0,2,0,0,2,2,0,Standard,Standard,130,0,0,61.0,6.2,,0,,2,2,0.858,0.858,23,25,23,26,2,1,5,1,,2,1.74,1.47,1.47,27.8,-16.437117061997714,31.88092863144264,27.270894644842727,45.250357488527115,0.7220324211762188
SI,2025-10-02,99.2,-1.7,6.33,"Gonzalez, Romy",663853,693645,single,hit_into_play,,,,,6,Romy Gonzalez singles on a sharp line drive to right fielder Aaron Judge. Nathaniel Lowe to 2nd.,F,R,R,NYY,BOS,X,9,line_drive,2,2,2025,-1.07,1.09,0.5333839999007075,2.6165518675890143,,,663993,2,5,Top,175.77,88.63,,,,,8.606729218811626,-144.03625292896444,-7.241601813509038,-16.969907901662488,35.548563902422146,-15.451560723482952,3.57,1.72,248,108.9,12,98.9,2086,6.4,813065,669224,700250,665862,642708,683011,641355,663757,592450,54.1,0.856,0.873,0.9,1,1,0,5,39,5,Sinker,4,0,0,4,0,4,0,4,Strategic,Standard,211,-0.018,0.4,73.9,7.1,1.185,-0.4,108.9,4,-4,0.918,0.08199999999999996,24,28,24,29,2,1,5,1,6,,1.25,1.07,1.07,40.4,3.1788449180593763,16.096022404780843,23.833313152904037,43.697744491644656,18.023006356232464
FF,2025-10-02,98.2,-1.73,6.49,"Gonzalez, Romy",663853,693645,,ball,,,,,11,Ball,F,R,R,NYY,BOS,B,,,1,2,2025,-0.51,1.32,-0.4021722830477986,4.935937291356233,,,663993,2,5,Top,,,,,,,4.799581313168936,-142.97609109640817,-1.8013589858327204,-8.122419410874917,32.75706003408705,-13.851127991709431,3.64249587799999,1.78165994127181,,,,98.4,2336,6.4,813065,669224,700250,665862,642708,683011,641355,663757,592450,54.15,,,,,,,,39,4,4-Seam Fastball,4,0,0,4,0,4,0,4,Strategic,Standard,205,-0.002,0.033,,,,-0.033,,4,-4,0.92,0.07999999999999996,24,28,24,29,2,1,5,1,6,,1.04,0.51,0.51,43.3,,,,,
SI,2025-10-02,94.2,2.86,5.25,"Wells, Austin",669224,813349,,ball,,,,,13,Ball,F,L,L,NYY,BOS,B,,,2,2,2025,1.53,0.79,-1.4279681606817076,1.788253908547029,642708,665862,683011,1,4,Bot,,,,,,,-14.66464187256049,-136.2690930960085,-4.998990961283472,22.364807290578906,31.671972661192303,-21.3153597287402,3.58958785690647,1.64863024387784,,,,94.8,2267,7.1,813065,665966,663993,663853,608324,596115,680776,678882,677800,53.43,,,,,,,,32,7,Sinker,2,0,2,0,0,2,2,0,Infield shade,Standard,123,0.015,0.069,,,,-0.069,,2,2,0.843,0.843,23,25,23,26,2,1,5,1,,2,1.82,1.53,1.53,26.0,,,,,
FF,2025-10-02,96.1,-2.49,5.41,"Kayfus, CJ",692216,656427,walk,ball,,,,,13,CJ Kayfus walks.,F,L,R,CLE,DET,B,,,3,2,2025,-0.54,1.32,-1.460391575597593,1.8638707577315463,,,,2,5,Bot,,,,,,,3.9701991337202513,-139.84739089617023,-6.8187488577542785,-7.9901874603440595,32.35494084750388,-13.575073252662916,3.53161605709713,1.60153977753171,,,,96.7,2338,6.7,813073,693307,679529,650402,656716,595879,682985,678009,672761,53.84,,0.691497,0.7,1,0,0,,38,6,4-Seam Fastball,1,1,1,1,1,1,1,1,Infield shade,Standard,217,0.014,0.259,,,,-0.259,,0,0,0.517,0.517,29,23,30,24,2,1,8,1,5,,1.16,0.54,-0.54,30.3,,,,,
CU,2025-10-02,83.1,-1.38,6.37,"Gonzalez, Romy",663853,693645,,called_strike,,,,,9,Called Strike,F,R,R,NYY,BOS,S,,,1,1,2025,0.9,-1.17,0.7260052576143879,1.6782660217056122,,,663993,2,5,Top,,,,,,,3.076577802803034,-120.90230553531853,-1.9184833619693846,8.096439647048753,26.128657188814238,-43.41899516040971,3.58958785690647,1.6752398983233,,,,83.2,2589,6.6,813065,669224,700250,665862,642708,683011,641355,663757,592450,53.86,,,,,,,,39,3,Curveball,4,0,0,4,0,4,0,4,Strategic,Standard,36,0.003,-0.073,,,,0.073,,4,-4,0.917,0.08299999999999996,24,28,24,29,2,1,5,1,6,,4.51,-0.9,-0.9,48.2,,,,,
ST,2025-10-02,81.9,3.06,5.38,"Wells, Austin",669224,813349,,ball,,,,,13,Ball,F,L,L,NYY,BOS,B,,,1,2,2025,-1.12,0.11,-1.2678266107014347,2.1706285514724546,642708,665862,683011,1,4,Bot,,,,,,,-7.680237871580466,-118.94965363308509,-0.7179538141388458,-8.662412886945006,28.066245358471825,-31.238171069079108,3.58958785690647,1.62201878730429,,,,81.9,2519,6.9,813065,665966,663993,663853,608324,596115,680776,678882,677800,53.57,,,,,,,,32,6,Sweeper,2,0,2,0,0,2,2,0,Standard,Standard,311,0.008,0.05,,,,-0.05,,2,2,0.835,0.835,23,25,23,26,2,1,5,1,,2,3.37,-1.12,-1.12,24.4,,,,,
SL,2025-10-02,88.1,-2.84,5.28,"Kayfus, CJ",692216,656427,,foul,,,,,7,Foul,F,L,R,CLE,DET,S,,,3,1,2025,0.72,0.31,-0.39262287784994954,1.668417138157154,,,,2,5,Bot,,,,,,,4.501734654620626,-128.33953998761874,-3.3965390861311406,7.11204588648928,24.570833073903472,-28.22651938246066,3.47,1.61,3,95.3,-33,89.1,,6.7,813073,693307,679529,650402,656716,595879,682985,678009,672761,53.8,,,,,,,,38,5,Slider,1,1,1,1,1,1,1,1,Infield shade,Standard,,-0.004,-0.086,69.8,7.8,,0.086,95.3,0,0,0.521,0.521,29,23,30,24,2,1,8,1,5,,2.6,-0.72,0.72,23.4,31.74501632202782,-7.391116215896917,33.487157080529705,34.547930823452624,36.31132173430747
CU,2025-10-02,83.8,-1.39,6.55,"Gonzalez, Romy",663853,693645,,ball,,,,,12,Ball,F,R,R,NYY,BOS,B,,,0,1,2025,0.88,-0.77,0.846291497951914,3.8557825804765287,,,663993,2,5,Top,,,,,,,3.4465103168101305,-121.99303165325146,1.7658688773078552,8.01092085337914,25.66300699284514,-40.38781207326542,3.64249587799999,1.75505777203151,,,,84.1,2500,6.6,813065,669224,700250,665862,642708,683011,641355,663757,592450,53.87,,,,,,,,39,2,Curveball,4,0,0,4,0,4,0,4,Strategic,Standard,37,-0.001,0.027,,,,-0.027,,4,-4,0.918,0.08199999999999996,24,28,24,29,2,1,5,1,6,,4.03,-0.88,-0.88,49.4,,,,,
SL,2025-10-02,87.4,-2.7,5.42,"Kayfus, CJ",692216,656427,,ball,,,,,13,Ball,F,L,R,CLE,DET,B,,,2,1,2025,0.68,0.14,-0.27634175605061384,1.1530031369892222,,,,2,5,Bot,,,,,,,4.465457942794959,-127.25891865158445,-4.48968458656034,6.542275469153121,24.188943019524572,-29.990659058688287,3.47,1.61,,,,88.1,,6.5,813073,693307,679529,650402,656716,595879,682985,678009,672761,53.96,,,,,,,,38,4,Slider,1,1,1,1,1,1,1,1,Infield shade,Standard,,0.004,0.117,,,,-0.117,,0,0,0.517,0.517,29,23,30,24,2,1,8,1,5,,2.82,-0.68,0.68,26.7,,,,,
ST,2025-10-02,82.3,3.1,5.27,"Wells, Austin",669224,813349,,foul,,,,,2,Foul,F,L,L,NYY,BOS,S,,,1,2,2025,-1.01,0.1,0.15939262856874148,3.0086010760276634,642708,665862,683011,1,4,Bot,,,,,,,-4.7575580422257415,-119.72474291731876,1.3521079731495056,-8.50825115759997,27.304844194959035,-31.78295918621932,3.54,1.63,121,69.6,12,82.6,2410,6.9,813065,665966,663993,663853,608324,596115,680776,678882,677800,53.56,,,,,,,,32,5,Sweeper,2,0,2,0,0,2,2,0,Infield shade,Standard,301,0,0,67.4,7.6,,0,88.0,2,2,0.835,0.835,23,25,23,26,2,1,5,1,,2,3.32,-1.01,-1.01,26.6,16.107469046001025,-13.360187821584356,25.996839434624285,30.661094723999735,34.38674011259034
FF,2025-10-02,99.9,-1.71,6.36,"Gonzalez, Romy",663853,693645,,foul,,,,,5,Foul,F,R,R,NYY,BOS,S,,,0,0,2025,-0.47,1.4,-0.16837911125248295,2.9650543002152823,,,663993,2,5,Top,,,,,,,5.375975798186435,-145.23498181437836,-7.254942174799863,-8.004237306196543,36.70969501133341,-10.797149510241958,3.57,1.72,240,80.2,45,99.9,2337,6.5,813065,669224,700250,665862,642708,683011,641355,663757,592450,53.99,,,,,,,,39,1,4-Seam Fastball,4,0,0,4,0,4,0,4,Strategic,Standard,220,0.002,-0.042,72.7,6.4,,0.042,88.0,4,-4,0.916,0.08399999999999996,24,28,24,29,2,1,5,1,6,,0.9,0.47,0.47,40.4,1.7067798825554394,14.25198209545651,25.37408182863395,35.33911783769075,18.162645360757327
ST,2025-10-02,84.1,3.08,5.25,"Wells, Austin",669224,813349,,blocked_ball,,,,,13,Ball In Dirt,F,L,L,NYY,BOS,B,,,0,2,2025,-1.15,-0.29,-1.4893139211039135,0.4472231996207259,642708,665862,683011,1,4,Bot,,,,,,,-8.398007138868063,-122.03454057984649,-3.9708613946408073,-9.088736073638028,31.06910729792967,-34.28515361084806,3.66894478231045,1.62201878730429,,,,83.9,2508,7,813065,665966,663993,663853,608324,596115,680776,678882,677800,53.48,,,,,,,,32,4,Sweeper,2,0,2,0,0,2,2,0,Standard,Standard,320,0.005,0.026,,,,-0.026,,2,2,0.83,0.83,23,25,23,26,2,1,5,1,,2,3.62,-1.15,-1.15,24.8,,,,,
FF,2025-10-02,94.6,-2.51,5.49,"Kayfus, CJ",692216,656427,,called_strike,,,,,13,Called Strike,F,L,R,CLE,DET,S,,,2,0,2025,-0.47,1.34,-0.8853759686332784,2.129260187939683,,,,2,5,Bot,,,,,,,5.341037933367598,-137.7293368119899,-6.17850546374429,-7.166808408820325,28.200108044650282,-13.881907890343355,3.50952248238312,1.5800821097101,,,,95.8,2343,6.8,813073,693307,679529,650402,656716,595879,682985,678009,672761,53.71,,,,,,,,38,3,4-Seam Fastball,1,1,1,1,1,1,1,1,Infield shade,Standard,209,-0.003,-0.066,,,,0.066,,0,0,0.52,0.52,29,23,30,24,2,1,8,1,5,,1.18,0.47,-0.47,28.2,,,,,
SI,2025-10-02,91.7,-2.55,5.54,"Kayfus, CJ",692216,656427,,ball,,,,,11,Ball,F,L,R,CLE,DET,B,,,1,0,2025,-1.03,0.73,-1.5706332780467664,2.834221332163101,,,,2,5,Bot,,,,,,,4.751539384488633,-133.56502142338317,-2.632550328721854,-13.354726848120302,26.927465987774642,-23.01193902746994,3.51289342811701,1.58322574335772,,,,92.7,2101,6.7,813073,693307,679529,650402,656716,595879,682985,678009,672761,53.82,,,,,,,,38,2,Sinker,1,1,1,1,1,1,1,1,Infield shade,Standard,205,0.003,0.065,,,,-0.065,,0,0,0.517,0.517,29,23,30,24,2,1,8,1,5,,1.96,1.03,-1.03,30.1,,,,,
FF,2025-10-02,99.4,-1.59,6.43,"Abreu, Wilyer",677800,693645,strikeout,swinging_strike,,,,,11,Wilyer Abreu strikes out swinging.,F,L,R,NYY,BOS,S,2,,0,2,2025,-0.57,1.53,-0.9315861447017173,3.067311863597536,,,663993,1,5,Top,,,,,,,3.1420602127142203,-144.5478023055965,-7.3635217509789035,-8.68344052437402,36.692455869903476,-9.19960815483071,3.43,1.59,,,,99.3,2349,6.5,813065,669224,700250,665862,642708,683011,641355,663757,592450,54.03,,0,0,1,0,0,,38,3,4-Seam Fastball,4,0,0,4,0,4,0,4,Infield shade,Standard,216,0.013,-0.168,70.5,6.2,,0.168,,4,-4,0.903,0.09699999999999998,24,26,24,26,2,1,5,1,6,,0.8,0.57,-0.57,42.3,-4.619256645810473,28.4254639850475,27.54627591583523,46.49315758578316,10.368840983063688
FF,2025-10-02,94,2.87,5.44,"Wells, Austin",669224,813349,,foul,,,,,12,Foul,F,L,L,NYY,BOS,S,,,0,2,2025,0.87,1.33,0.8609954143762165,2.8072471480838175,642708,665862,683011,1,4,Bot,,,,,,,-7.238369077925608,-136.63799324527236,-4.040289774744155,12.620149042877513,33.32695209926381,-14.853613416940462,3.54,1.63,187,75.9,19,94.8,2382,7.1,813065,665966,663993,663853,608324,596115,680776,678882,677800,53.43,,,,,,,,32,3,4-Seam Fastball,2,0,2,0,0,2,2,0,Infield shade,Standard,129,0,0,73.8,7.5,,0,88.0,2,2,0.83,0.83,23,25,23,26,2,1,5,1,,2,1.28,0.87,0.87,28.5,15.461334111379335,-16.66429868754909,34.6352025673271,22.690908071465916,30.121742683286005
FF,2025-10-02,98.3,-1.91,6.44,"Abreu, Wilyer",677800,693645,,swinging_strike,,,,,2,Swinging Strike,F,L,R,NYY,BOS,S,,,0,1,2025,-0.47,1.53,-0.058352030934684995,3.4920752662584973,,,663993,1,5,Top,,,,,,,6.113965397026791,-142.84044471261043,-6.0038412857301,-7.970351725239263,36.730959320904056,-10.096962233652556,3.43,1.59,,,,97.8,2378,6.4,813065,669224,700250,665862,642708,683011,641355,663757,592450,54.14,,,,,,,,38,2,4-Seam Fastball,4,0,0,4,0,4,0,4,Standard,Standard,214,0.006,-0.047,67.4,5.4,,0.047,,4,-4,0.897,0.10299999999999998,24,26,24,26,2,1,5,1,6,,0.86,0.47,-0.47,39.7,-4.740941845432786,30.29089545966254,30.395925969561127,37.11246264067096,14.534378895567817
SI,2025-10-02,94,2.99,5.27,"Wells, Austin",669224,813349,,foul,,,,,6,Foul,F,L,L,NYY,BOS,S,,,0,1,2025,1.48,0.72,0.4622952788346444,2.8675502422846897,642708,665862,683011,1,4,Bot,,,,,,,-9.907699916402114,-136.52434255839,-2.068694237497242,20.673374630360723,31.220971309354898,-22.94851766662531,3.54,1.63,,,,94.7,2128,6.9,813065,665966,663993,663853,608324,596115,680776,678882,677800,53.62,,,,,,,,32,2,Sinker,2,0,2,0,0,2,2,0,Infield shade,Standard,124,-0.013,-0.064,74.8,6.7,,0.064,,2,2,0.843,0.843,23,25,23,26,2,1,5,1,,2,1.88,1.48,1.48,24.3,-0.871078922766378,8.536884960019542,31.92506097579559,28.97680531712657,21.50582840557375
KC,2025-10-02,78.4,-2.61,5.43,"Kayfus, CJ",692216,656427,,ball,,,,,13,Ball,F,L,R,CLE,DET,B,,,0,0,2025,1.1,-0.83,-1.6814953399404193,1.058199912304032,,,,2,5,Bot,,,,,,,-0.02605563000744726,-114.26255486931251,-1.097346915410569,9.632404536040003,20.767103180971432,-39.468762228477104,3.51029674489696,1.55010582647784,,,,79,2439,6.6,813073,693307,679529,650402,656716,595879,682985,678009,672761,53.91,,,,,,,,38,1,Knuckle Curve,1,1,1,1,1,1,1,1,Infield shade,Standard,50,0.002,0.037,,,,-0.037,,0,0,0.515,0.515,29,23,30,24,2,1,8,1,5,,4.52,-1.1,1.1,32.9,,,,,
FF,2025-10-02,95.6,-2.64,5.48,"Naylor, Bo",666310,656427,field_out,hit_into_play,,,,,4,Bo Naylor lines out to left fielder Riley Greene.,F,L,R,CLE,DET,X,7,line_drive,2,2,2025,-0.41,1.27,-0.7228175560297325,2.0425360320906876,,,,1,5,Bot,44.23,105.91,,,,,6.016050627317803,-139.10710145866886,-6.348560566738073,-6.705255278739876,30.57931476433296,-14.41150326208336,3.2,1.38,306,95.9,21,96.2,,6.6,813073,693307,679529,650402,656716,595879,682985,678009,672761,53.89,0.233,0.284,0,1,0,0,3,37,5,4-Seam Fastball,1,1,1,1,1,1,1,1,Infield shade,Standard,,-0.019,-0.228,73.6,7.2,0.451,0.228,95.9,0,0,0.534,0.534,29,25,30,25,2,1,8,1,5,,1.22,0.41,-0.41,28.9,-4.474762652500368,17.386802664717862,38.1513706144264,44.429880521602385,18.351648690118697
ST,2025-10-02,82.4,3.05,5.35,"Wells, Austin",669224,813349,,foul,,,,,7,Foul,F,L,L,NYY,BOS,S,,,0,0,2025,-0.93,-0.15,-0.7305044631857527,1.7805049949383398,642708,665862,683011,1,4,Bot,,,,,,,-6.8351717367291425,-119.8066266317391,-1.22024523266842,-7.481008027668511,25.34155975508109,-33.56922815108235,3.54,1.63,70,66.6,14,82.9,2348,6.9,813065,665966,663993,663853,608324,596115,680776,678882,677800,53.62,,,,,,,,32,1,Sweeper,2,0,2,0,0,2,2,0,Infield shade,Standard,295,-0.007,-0.05,74.6,7.7,,0.05,88.0,2,2,0.85,0.85,23,25,23,26,2,1,5,1,,2,3.54,-0.93,-0.93,25.8,4.509181095973892,3.246583993257443,34.2908156146955,42.2085399514461,23.650650292260778
FF,2025-10-02,99,-1.75,6.43,"Abreu, Wilyer",677800,693645,,called_strike,,,,,5,Called Strike,F,L,R,NYY,BOS,S,,,0,0,2025,-0.28,1.57,-0.07375611402540438,2.7778040706040708,,,663993,1,5,Top,,,,,,,5.22231106811245,-143.80639357060957,-8.184779658475524,-5.08645954087598,35.44319914076017,-8.663807454807477,3.56312878988784,1.64863024387784,,,,98.9,2393,6.5,813065,669224,700250,665862,642708,683011,641355,663757,592450,54.01,,,,,,,,38,1,4-Seam Fastball,4,0,0,4,0,4,0,4,Infield shade,Standard,215,0.003,-0.04,,,,0.04,,4,-4,0.894,0.10599999999999998,24,26,24,26,2,1,5,1,6,,0.78,0.28,-0.28,42.1,,,,,
SL,2025-10-02,87.9,-2.57,5.27,"Naylor, Bo",666310,656427,,ball,,,,,14,Ball,F,L,R,CLE,DET,B,,,1,2,2025,0.67,0.26,0.9940536521103187,0.4305992346101415,,,,1,5,Bot,,,,,,,7.301731384559155,-127.77386111764478,-6.192839684630569,5.855941792583166,25.77327675681017,-28.27841954314124,3.21782096989485,1.38933222383512,,,,88.6,,6.7,813073,693307,679529,650402,656716,595879,682985,678009,672761,53.79,,,,,,,,37,4,Slider,1,1,1,1,1,1,1,1,Infield shade,Standard,,0.004,0.048,,,,-0.048,,0,0,0.53,0.53,29,25,30,25,2,1,8,1,5,,2.69,-0.67,0.67,26.8,,,,,
SI,2025-10-02,99,-1.83,6.32,"Narváez, Carlos",665966,693645,strikeout,swinging_strike,,,,,6,Carlos Narváez strikes out swinging.,F,R,R,NYY,BOS,S,2,,2,2,2025,-1.28,0.76,0.6006200107099171,2.462776432149874,,,663993,0,5,Top,,,,,,,9.607758448744834,-143.65070819298757,-6.828353190335357,-20.020135946941604,35.249878488563816,-20.10982893738068,3.49,1.57,,,,98.7,2257,6.4,813065,669224,700250,665862,642708,683011,641355,663757,592450,54.09,,0,0,1,0,0,,37,7,Sinker,4,0,0,4,0,4,0,4,Standard,Standard,213,0.025,-0.201,70.5,7.2,,0.201,,4,-4,0.869,0.131,24,26,24,27,2,1,5,1,6,,1.59,1.28,1.28,39.3,-0.13523285998122675,23.008471601593985,22.1931248161771,45.42348402024456,15.181243776145884
FF,2025-10-02,94.4,2.76,5.45,"Volpe, Anthony",683011,813349,single,hit_into_play,,,,,1,Anthony Volpe singles on a ground ball to right fielder Wilyer Abreu. Giancarlo Stanton scores. Amed Rosario to 3rd. Jazz Chisholm Jr. to 2nd.,F,R,L,NYY,BOS,X,9,ground_ball,0,1,2025,0.71,1.33,-0.3865526184242566,3.0875379907674168,519317,642708,665862,1,4,Bot,161.88,112.4,,,,,-9.892580946719033,-137.04419695801644,-3.410755970427558,11.210272236813339,32.453255416236715,-14.875890660074607,3.41,1.62,26,86,-5,95.3,2395,7.1,813065,665966,663993,663853,608324,596115,680776,678882,677800,53.41,0.137,0.127,0.9,1,1,0,2,31,2,4-Seam Fastball,1,0,1,0,0,2,2,0,Standard,Standard,137,0.086,0.496,,,0.159,-0.496,88.0,1,1,0.764,0.764,23,24,23,24,2,1,5,1,,2,1.25,0.71,-0.71,31.7,,,,,
SL,2025-10-02,87.5,3,5.33,"Volpe, Anthony",683011,813349,,foul,,,,,8,Foul,F,R,L,NYY,BOS,S,,,0,0,2025,0.09,0.42,-0.1650396241703297,2.024439175813984,519317,642708,665862,1,4,Bot,,,,,,,-7.887586403556788,-127.12244992894395,-2.6802855923460576,2.6323120944330234,27.45720255384767,-27.252466496766864,3.41,1.62,217,88,60,88,2384,6.8,813065,665966,663993,663853,608324,596115,680776,678882,677800,53.67,,,,,,,,31,1,Slider,1,0,1,0,0,1,1,0,Standard,Standard,132,-0.01,-0.05,78.0,7.5,,0.05,88.0,1,1,0.774,0.774,23,24,23,24,2,1,5,1,,2,2.58,0.09,-0.09,24.8,7.74090758789611,3.2774644565066193,38.12702969653172,35.69445268503192,26.84804127139808
CH,2025-10-02,87.8,-2.77,5.16,"Naylor, Bo",666310,656427,,called_strike,,,,,7,Called Strike,F,L,R,CLE,DET,S,,,1,1,2025,-1.16,0.73,-0.5317421917086582,1.8428893688896946,,,,1,5,Bot,,,,,,,7.876889564990545,-127.68244725152601,-3.451700131957062,-14.295531579976977,26.199485084525865,-23.670470059418804,3.2,1.38,,,,88.6,,6.8,813073,693307,679529,650402,656716,595879,682985,678009,672761,53.71,,,,,,,,37,3,Changeup,1,1,1,1,1,1,1,1,Infield shade,Standard,,-0.006,-0.064,,,,0.064,,0,0,0.536,0.536,29,25,30,25,2,1,8,1,5,,2.23,1.16,-1.16,20.8,,,,,
SI,2025-10-02,99.4,-1.74,6.28,"Narváez, Carlos",665966,693645,,foul,,,,,2,Foul,F,R,R,NYY,BOS,S,,,2,2,2025,-1.17,0.89,-0.16361224893298965,3.3262089270312005,,,663993,0,5,Top,,,,,,,7.084893831606358,-144.6403858614089,-4.792210925557562,-18.062681162222738,33.03738837897673,-18.7762964979866,3.49,1.57,249,76.2,31,99.7,2285,6.4,813065,669224,700250,665862,642708,683011,641355,663757,592450,54.08,,,,,,,,37,6,Sinker,4,0,0,4,0,4,0,4,Standard,Standard,210,0,0,71.3,6.7,,0,88.0,4,-4,0.869,0.131,24,26,24,27,2,1,5,1,6,,1.42,1.17,1.17,38.8,5.9847142018155335,18.93198139823286,24.763640886013075,35.32406133753514,26.894833002070342
FF,2025-10-02,99.3,-1.75,6.37,"Narváez, Carlos",665966,693645,,foul,,,,,5,Foul,F,R,R,NYY,BOS,S,,,2,2,2025,-0.52,1.44,-0.13551780525202772,2.8485044736544154,,,663993,0,5,Top,,,,,,,5.668169561817245,-144.228529985104,-7.52684489838659,-8.70555688421245,38.54302941453863,-10.550159606302756,3.49,1.57,217,79.4,22,99,2368,6.5,813065,669224,700250,665862,642708,683011,641355,663757,592450,53.96,,,,,,,,37,5,4-Seam Fastball,4,0,0,4,0,4,0,4,Strategic,Standard,213,0,0,73.2,7.4,,0,88.0,4,-4,0.869,0.131,24,26,24,27,2,1,5,1,6,,0.91,0.52,0.52,39.2,11.826667912055514,0.42300038213557617,31.3318104234304,35.40892589663916,32.76845860733861
FF,2025-10-02,94.7,2.71,5.43,"Chisholm Jr., Jazz",665862,813349,single,hit_into_play,,,,,3,Jazz Chisholm Jr. singles on a sharp line drive to right fielder Wilyer Abreu. Giancarlo Stanton to 3rd. Amed Rosario to 2nd.,F,L,L,NYY,BOS,X,9,line_drive,0,1,2025,0.77,1.33,0.47603225575733377,3.574644230453943,,519317,642708,1,4,Bot,163.67,75.54,,,,,-7.65781148735638,-137.64516281247623,-2.094261906076291,11.621897005359298,34.28813061021283,-15.10960196284982,3.67,1.71,287,100.5,18,95.5,2312,7.1,813065,665966,663993,663853,608324,596115,680776,678882,677800,53.4,0.408,0.475,0.9,1,1,0,4,30,2,4-Seam Fastball,1,0,1,0,0,1,1,0,Infield shade,Standard,129,0.059,0.511,73.6,6.9,0.709,-0.511,100.5,1,1,0.715,0.715,23,27,23,27,2,1,5,1,,2,1.24,0.77,0.77,30.2,10.952511690825293,-0.45225373291412074,21.490649302233475,29.60785081478216,25.789244151514815
CH,2025-10-02,87.4,-2.75,5.2,"Naylor, Bo",666310,656427,,ball,,,,,13,Ball,F,L,R,CLE,DET,B,,,0,1,2025,-1.15,0.76,-0.8987991004947968,1.1817601804118774,,,,1,5,Bot,,,,,,,6.879930871568603,-127.08522077736467,-5.164128251029711,-13.83468414856398,24.465187138610236,-23.03134844660916,3.34946568209115,1.33844090564681,,,,88.1,2024,6.6,813073,693307,679529,650402,656716,595879,682985,678009,672761,53.85,,,,,,,,37,2,Changeup,1,1,1,1,1,1,1,1,Infield shade,Standard,220,0.002,0.029,,,,-0.029,,0,0,0.534,0.534,29,25,30,25,2,1,8,1,5,,2.21,1.15,-1.15,26.5,,,,,
SI,2025-10-02,98,-1.75,6.42,"Narváez, Carlos",665966,693645,,foul,,,,,4,Foul,F,R,R,NYY,BOS,S,,,2,1,2025,-1.13,1.06,-0.7801432879629484,2.639590528008089,,,663993,0,5,Top,,,,,,,5.261971698242162,-142.44025488560297,-7.174634883780983,-16.633020811158765,34.20815631403932,-16.247002485408345,3.49,1.57,114,75.9,74,98.1,2241,6.5,813065,669224,700250,665862,642708,683011,641355,663757,592450,54.01,,,,,,,,37,4,Sinker,4,0,0,4,0,4,0,4,Standard,Standard,209,0.009,-0.078,73.1,7.2,,0.078,88.0,4,-4,0.86,0.14,24,26,24,27,2,1,5,1,6,,1.33,1.13,1.13,41.4,10.03260697588753,2.4870512936006914,32.12765633580097,30.059592418446186,34.44822690250846
FF,2025-10-02,94,2.81,5.47,"Chisholm Jr., Jazz",665862,813349,,foul_tip,,,,,5,Foul Tip,F,L,L,NYY,BOS,S,,,0,0,2025,0.82,1.3,0.023226020559560467,2.549454059525371,,519317,642708,1,4,Bot,,,,,,,-9.195308532126479,-136.46447088274246,-4.721090887936897,12.440281366047117,33.458308354156514,-15.085096534264016,3.67,1.71,,,,94.9,2213,7.2,813065,665966,663993,663853,608324,596115,680776,678882,677800,53.3,,,,,,,,30,1,4-Seam Fastball,1,0,1,0,0,1,1,0,Standard,Standard,128,-0.006,-0.033,75.1,7.9,,0.033,,1,1,0.721,0.721,23,27,23,27,2,1,5,1,,2,1.31,0.82,0.82,33.8,12.243328121287114,4.06322915059561,35.12057626945835,36.279924990572404,23.61125432912029
SL,2025-10-02,88.1,-2.74,5.32,"Naylor, Bo",666310,656427,,called_strike,,,,,13,Called Strike,F,L,R,CLE,DET,S,,,0,0,2025,0.5,0.36,-0.8858777480577351,1.6313810825591055,,,,1,5,Bot,,,,,,,3.4785562969170862,-128.29439977015468,-3.660070171258477,4.8544708068274245,24.658939965834495,-27.71132133526913,3.32800088471411,1.40768392487353,,,,88.6,2553,6.4,813073,693307,679529,650402,656716,595879,682985,678009,672761,54.1,,,,,,,,37,1,Slider,1,1,1,1,1,1,1,1,Infield shade,Standard,157,-0.003,-0.039,,,,0.039,,0,0,0.537,0.537,29,25,30,25,2,1,8,1,5,,2.56,-0.5,0.5,28.5,,,,,
FC,2025-10-02,90.6,-1.85,6.2,"Narváez, Carlos",665966,693645,,ball,,,,,14,Ball,F,R,R,NYY,BOS,B,,,1,1,2025,0.58,0.5,1.6001832897452415,1.3202959268455874,,,663993,0,5,Top,,,,,,,7.4004368753541545,-131.66899416288166,-7.359336824154013,5.304924736151204,26.90454735893273,-25.015622226959607,3.40430517411469,1.59540555634876,,,,91,2440,6.5,813065,669224,700250,665862,642708,683011,641355,663757,592450,53.97,,,,,,,,37,3,Cutter,4,0,0,4,0,4,0,4,Standard,Standard,148,-0.006,0.044,,,,-0.044,,4,-4,0.866,0.134,24,26,24,27,2,1,5,1,6,,2.28,-0.58,-0.58,39.3,,,,,
FF,2025-10-02,93.8,-2.57,5.47,"Arias, Gabriel",672356,656427,field_out,hit_into_play,,,,,4,Gabriel Arias flies out to center fielder Parker Meadows.,F,R,R,CLE,DET,X,8,fly_ball,1,0,2025,-0.49,1.15,-0.4604475552650513,2.526868780833607,,,,0,5,Bot,149.67,74.18,,,,,6.552946185450322,-136.51593789191426,-4.467650085441163,-7.501740684739228,29.094685933187275,-17.03316854521646,3.46,1.51,315,93.9,38,94.4,2317,6.6,813073,693307,679529,650402,656716,595879,682985,678009,672761,53.94,0.046,0.065,0,1,0,0,3,36,2,4-Seam Fastball,1,1,1,1,1,1,1,1,Standard,Standard,212,-0.035,-0.301,74.0,7.5,0.122,0.301,93.9,0,0,0.572,0.572,29,25,30,25,2,1,8,1,5,,1.44,0.49,0.49,29.2,7.983117186157902,5.005120463203284,31.798142383195415,37.39183220563533,35.698668551101065
CH,2025-10-02,83.6,2.98,5.49,"Rosario, Amed",642708,813349,single,hit_into_play,,,,,6,Amed Rosario singles on a sharp ground ball to left fielder Jarren Duran. Cody Bellinger scores. Giancarlo Stanton to 2nd.,F,R,L,NYY,BOS,X,7,ground_ball,1,0,2025,1.32,-0.05,0.7561828158545294,2.5504699304988336,,641355,519317,1,4,Bot,81.89,124.04,,,,,-7.788021569261499,-121.51744023304687,-0.24137669517206573,14.578030048298894,23.531014470356002,-32.83709700408286,3.49,1.62,44,108.2,-1,84.4,1445,6.9,813065,665966,663993,663853,608324,596115,680776,678882,677800,53.65,0.458,0.412,0.9,1,1,0,4,29,2,Changeup,0,0,0,0,0,1,1,0,Standard,Standard,105,0.107,0.447,77.5,7.7,0.465,-0.447,108.2,0,0,0.614,0.614,23,29,23,30,2,1,5,2,,5,3.31,1.32,-1.32,28.0,12.125092049029258,-3.231368646488775,20.755400125096102,40.14980277835491,35.07494931499008
CH,2025-10-02,84.2,3.02,5.42,"Rosario, Amed",642708,813349,,ball,,,,,14,Ball,F,R,L,NYY,BOS,B,,,0,0,2025,1.14,-0.06,1.058123169928966,1.6805323623592803,,641355,519317,1,4,Bot,,,,,,,-6.8816604954977265,-122.39438794216804,-2.1860259057308076,12.77400532929217,24.372468350728024,-32.51410048776168,3.66894478231045,1.70184772294024,,,,85.1,1395,7,813065,665966,663993,663853,608324,596115,680776,678882,677800,53.55,,,,,,,,29,1,Changeup,0,0,0,0,0,0,0,0,Standard,Standard,101,0.007,0.031,,,,-0.031,,0,0,0.607,0.607,23,29,23,30,2,1,5,2,,5,3.28,1.14,-1.14,27.2,,,,,
FC,2025-10-02,91.1,-1.91,6.22,"Narváez, Carlos",665966,693645,,blocked_ball,,,,,14,Ball In Dirt,F,R,R,NYY,BOS,B,,,0,1,2025,0.4,0.43,1.614692169200743,0.09005007685897226,,,663993,0,5,Top,,,,,,,8.0221745966751,-132.17051086073673,-10.400933918674088,2.913704630735001,28.56217490440611,-25.085814557156898,3.48373166280591,1.54217388243082,,,,91.2,2556,6.6,813065,669224,700250,665862,642708,683011,641355,663757,592450,53.94,,,,,,,,37,2,Cutter,4,0,0,4,0,4,0,4,Standard,Standard,167,-0.003,0.034,,,,-0.034,,4,-4,0.869,0.131,24,26,24,27,2,1,5,1,6,,2.34,-0.4,-0.4,36.8,,,,,
SL,2025-10-02,86.8,-2.48,5.45,"Arias, Gabriel",672356,656427,,ball,,,,,14,Ball,F,R,R,CLE,DET,B,,,0,0,2025,0.49,0.25,0.7615736684983427,0.8671192747901459,,,,0,5,Bot,,,,,,,6.758591787592321,-126.35288859086734,-5.330282978704971,4.021605983930664,23.764185976108088,-28.692741075193602,3.44744468413846,1.48365588707468,,,,87.2,,6.4,813073,693307,679529,650402,656716,595879,682985,678009,672761,54.13,,,,,,,,36,1,Slider,1,1,1,1,1,1,1,1,Standard,Standard,,0.005,0.041,,,,-0.041,,0,0,0.567,0.567,29,25,30,25,2,1,8,1,5,,2.76,-0.49,-0.49,28.4,,,,,
ST,2025-10-02,83.8,3.06,5.29,"Rice, Ben",700250,813349,strikeout,swinging_strike,,,,,13,Ben Rice strikes out swinging.,F,L,L,NYY,BOS,S,2,,0,2,2025,-1.21,0.04,-0.7068705996099264,1.5782378368467667,,641355,519317,0,4,Bot,,,,,,,-6.373686830568111,-121.76388474538834,-2.1362013527173263,-10.43110294245981,27.8145005557422,-31.497260630177053,3.61,1.74,,,,84,2591,6.9,813065,665966,663993,663853,608324,596115,680776,678882,677800,53.59,,0,0,1,0,0,,28,3,Sweeper,0,0,0,0,0,0,0,0,Infield shade,Standard,308,-0.035,-0.178,67.4,8.4,,0.178,,0,0,0.642,0.642,23,26,23,26,2,1,5,1,,2,3.26,-1.21,-1.21,25.3,20.87446014971837,-26.88972456741952,30.632399201699304,46.41092215810937,43.92854071303087
CH,2025-10-02,86.3,-3.07,5.14,"DeLauter, Chase",800050,656427,grounded_into_double_play,hit_into_play,,,,,13,"Chase DeLauter grounds into a double play, shortstop Javier Báez to first baseman Spencer Torkelson. Kyle Manzardo out at 2nd. Chase DeLauter out at 1st.",F,L,R,CLE,DET,X,6,ground_ball,0,1,2025,-0.98,0.78,-0.9902969395318982,2.0556699254668196,,,700932,1,4,Bot,125.43,150.37,,,,,7.00857557832963,-125.58307556815684,-2.728496130326338,-11.778055014970585,24.65503331897627,-23.590070482473973,3.49,1.601,4,84.9,-29,87.2,1914,6.8,813073,693307,679529,650402,656716,595879,682985,678009,672761,53.71,0.041,0.04,0,1,0,0,2,32,2,Changeup,1,1,1,1,1,1,1,1,Infield shade,Standard,222,-0.058,-0.278,68.4,7.1,0.058,0.278,88.0,0,0,0.558,0.558,29,23,30,24,2,1,8,1,5,,2.28,0.98,-0.98,21.4,3.4070150847289846,18.771935618520985,24.50015406062322,49.3748593767172,20.516541566738308
SI,2025-10-02,98.7,-1.65,6.46,"Narváez, Carlos",665966,693645,,called_strike,,,,,4,Called Strike,F,R,R,NYY,BOS,S,,,0,0,2025,-1.01,1.27,-0.4682648143141708,2.5056312957834415,,,663993,0,5,Top,,,,,,,5.581490881357587,-143.5036020773793,-8.26105029658502,-15.243715253716177,33.73535938477052,-12.898264844521202,3.45725939538842,1.59540555634876,,,,98.9,2289,6.5,813065,669224,700250,665862,642708,683011,641355,663757,592450,54.04,,,,,,,,37,1,Sinker,4,0,0,4,0,4,0,4,Standard,Standard,206,0.004,-0.043,,,,0.043,,4,-4,0.865,0.135,24,26,24,27,2,1,5,1,6,,1.08,1.01,1.01,43.0,,,,,
ST,2025-10-02,82.8,3.04,5.33,"Rice, Ben",700250,813349,,swinging_strike,,,,,7,Swinging Strike,F,L,L,NYY,BOS,S,,,0,1,2025,-1.31,0.14,-0.2825399914249167,2.2554170601085857,,641355,519317,0,4,Bot,,,,,,,-5.060896067050399,-120.35918708992106,-0.6655366628168792,-11.341874567196326,28.024347451127085,-30.93727509789806,3.61,1.74,,,,82.7,2517,6.8,813065,665966,663993,663853,608324,596115,680776,678882,677800,53.73,,,,,,,,28,2,Sweeper,0,0,0,0,0,0,0,0,Infield shade,Standard,302,-0.014,-0.053,67.6,8.4,,0.053,,0,0,0.656,0.656,23,26,23,26,2,1,5,1,,2,3.25,-1.31,-1.31,22.2,23.697717711821767,-36.22892248379466,28.10483085595137,40.73603568400684,49.238915061393286
FF,2025-10-02,98,-1.38,6.57,"Lowe, Nathaniel",663993,693645,single,hit_into_play,,,,,3,Nathaniel Lowe singles on a ground ball to center fielder Trent Grisham.,F,L,R,NYY,BOS,X,8,ground_ball,1,0,2025,-0.49,1.42,0.5837863128213395,3.1427057738349147,,,,0,5,Top,134,100,,,,,6.464461561694844,-142.52358460231073,-7.074762472879367,-8.194066689754521,31.850595730876435,-11.415603533822228,3.51,1.62,30,83.6,-4,98.2,2427,6.4,813065,669224,700250,665862,642708,683011,641355,663757,592450,54.13,0.143,0.133,0.9,1,1,0,2,36,2,4-Seam Fastball,4,0,0,4,0,4,0,4,Strategic,Standard,209,-0.028,0.396,71.0,6.6,0.143,-0.396,88.0,4,-4,0.893,0.10699999999999998,24,29,24,30,2,1,5,1,6,,0.95,0.49,-0.49,48.7,-11.321124075004645,4.0866183158956355,33.529927876474076,28.721320511452806,23.60324802424408
ST,2025-10-02,79.6,-1.33,6.06,"Bogaerts, Xander",593428,592791,field_out,hit_into_play,,,,,8,Xander Bogaerts pops out to shortstop Dansby Swanson.,F,R,R,CHC,SD,X,6,popup,3,2,2025,1.42,-0.23,0.10062389797750604,2.019159549182455,,701538,,2,4,Top,95.42,121.24,,,,,0.47739956209327233,-116.00570789215337,-1.7313730230217372,12.750080270749864,20.9350264591756,-34.14971177923227,3.62,1.75,209,68.2,41,80.8,2873,7,813059,608348,683737,663538,807713,621020,664023,691718,673548,53.54,0.423,0.403,0,1,0,0,3,29,7,Sweeper,2,0,0,2,0,2,0,2,Standard,Standard,56,0.038,-0.277,63.3,8.4,0.487,0.277,88.0,2,-2,0.748,0.252,33,32,34,33,2,1,5,1,6,,3.81,-1.42,-1.42,47.0,22.28759211116551,-41.71669228688529,31.527111295676622,37.3829241988027,57.54974987740518
CH,2025-10-02,86.1,-2.89,5.22,"DeLauter, Chase",800050,656427,,swinging_strike,,,,,7,Swinging Strike,F,L,R,CLE,DET,S,,,0,0,2025,-1.57,0.31,-0.49888745251642397,1.7118487920917107,,,700932,1,4,Bot,,,,,,,8.930809596393983,-125.07957249989569,-2.6705367030033607,-18.3582040170986,26.79687660981629,-28.52644805715291,3.49,1.601,,,,86.4,1969,6.7,813073,693307,679529,650402,656716,595879,682985,678009,672761,53.78,,,,,,,,32,1,Changeup,1,1,1,1,1,1,1,1,Infield shade,Standard,220,-0.005,-0.04,73.4,8.7,,0.04,,0,0,0.563,0.563,29,23,30,24,2,1,8,1,5,,2.79,1.57,-1.57,23.5,25.427025143285974,-41.94757997279825,27.609211684062064,46.63567844743139,55.36918980065662
FF,2025-10-02,97.3,-1.5,6.61,"Lowe, Nathaniel",663993,693645,,ball,,,,,1,Ball,F,L,R,NYY,BOS,B,,,0,0,2025,-0.58,1.37,-0.6606652373140383,3.5424493735564697,,,,0,5,Top,,,,,,,3.591943985433959,-141.5360689657869,-5.84305678363941,-8.572219582830595,32.6113077848611,-12.64416088612476,3.5013781647939,1.69297878842517,,,,97.5,2318,6.5,813065,669224,700250,665862,642708,683011,641355,663757,592450,54.04,,,,,,,,36,1,4-Seam Fastball,4,0,0,4,0,4,0,4,Strategic,Standard,209,-0.003,0.041,,,,-0.041,,4,-4,0.896,0.10399999999999998,24,29,24,30,2,1,5,1,6,,1.04,0.58,-0.58,44.9,,,,,
SI,2025-10-02,92.7,2.88,5.47,"Rice, Ben",700250,813349,,called_strike,,,,,6,Called Strike,F,L,L,NYY,BOS,S,,,0,0,2025,1.65,0.66,0.34799472285136335,2.3317314439248396,,641355,519317,0,4,Bot,,,,,,,-10.20819051250766,-134.52575120775379,-3.649788061693302,22.328137955821887,31.056988417590972,-23.51551612160379,3.64249587799999,1.6752398983233,,,,93.5,2150,7.1,813065,665966,663993,663853,608324,596115,680776,678882,677800,53.44,,,,,,,,28,1,Sinker,0,0,0,0,0,0,0,0,Infield shade,Standard,126,-0.009,-0.053,,,,0.053,,0,0,0.665,0.665,23,26,23,26,2,1,5,1,,2,2.02,1.65,1.65,27.9,,,,,
FC,2025-10-02,85.2,-1.31,6.02,"Bogaerts, Xander",593428,592791,,blocked_ball,,,,,14,Ball In Dirt,F,R,R,CHC,SD,B,,,2,2,2025,0.58,0.26,1.606451217314062,-0.006211155487355846,,701538,,2,4,Top,,,,,,,5.753762417520559,-123.91712014383158,-8.516694233309794,4.9971783286871725,22.30921559975406,-28.09589085152813,3.60844467345031,1.68150137586351,,,,86.6,2716,7,813059,608348,683737,663538,807713,621020,664023,691718,673548,53.51,,,,,,,,29,6,Cutter,2,0,0,2,0,2,0,2,Standard,Standard,148,-0.007,0.057,,,,-0.057,,2,-2,0.755,0.245,33,32,34,33,2,1,5,1,6,,2.86,-0.58,-0.58,41.3,,,,,
KC,2025-10-02,79.8,-2.63,5,"Manzardo, Kyle",700932,656427,walk,blocked_ball,,,,,13,Kyle Manzardo walks.,F,L,R,CLE,DET,B,,,3,2,2025,1.12,-0.77,-0.2818967416424053,0.385948511344564,,,,1,4,Bot,,,,,,,3.0879784390614358,-116.29227075104359,-2.0172308679766786,9.583093958920104,21.303985631002025,-39.03793814796577,3.21978707468852,1.28891217170213,,,,80.6,2471,6.7,813073,693307,679529,650402,656716,595879,682985,678009,672761,53.82,,0.691497,0.7,1,0,0,,31,6,Knuckle Curve,1,1,1,1,1,1,1,1,Infield shade,Standard,59,0.026,0.339,,,,-0.339,,0,0,0.537,0.537,29,24,30,25,2,1,8,1,5,,4.33,-1.12,1.12,21.6,,,,,
FF,2025-10-02,95.2,-2.51,5.51,"Manzardo, Kyle",700932,656427,,foul,,,,,1,Foul,F,L,R,CLE,DET,S,,,3,1,2025,-0.36,1.25,-0.3793672693384789,2.7079774204623037,,,,1,4,Bot,,,,,,,6.446132795208833,-138.39473327833645,-4.4987948212916,-6.151343948956251,32.668040331819654,-15.328269786080089,3.16,1.34,218,77.1,49,95.5,2306,6.7,813073,693307,679529,650402,656716,595879,682985,678009,672761,53.85,,,,,,,,31,5,4-Seam Fastball,1,1,1,1,1,1,1,1,Infield shade,Standard,210,-0.008,-0.087,71.3,7.2,,0.087,88.0,0,0,0.545,0.545,29,24,30,25,2,1,8,1,5,,1.28,0.36,-0.36,29.6,14.627628173239403,10.045076654768984,34.99002198583882,43.85194617507756,27.04263944029713
ST,2025-10-02,80.3,-1.34,6.04,"Bogaerts, Xander",593428,592791,,foul,,,,,14,Foul,F,R,R,CHC,SD,S,,,2,2,2025,1.72,-0.21,0.4458614092119755,1.3931703064054428,,701538,,2,4,Top,,,,,,,0.6909090970630521,-116.94120916617678,-3.1643328342938952,15.572496715209061,24.069999443912852,-33.67584904026009,3.62,1.75,152,60.9,26,80.8,2803,6.8,813059,608348,683737,663538,807713,621020,664023,691718,673548,53.69,,,,,,,,29,5,Sweeper,2,0,0,2,0,2,0,2,Standard,Standard,52,0,0,45.4,6.9,,0,88.0,2,-2,0.755,0.245,33,32,34,33,2,1,5,1,6,,3.77,-1.72,-1.72,44.6,9.874632086198561,9.824639991782739,35.91018235189965,43.290453694007844,33.630894055620814
FF,2025-10-02,94.2,2.54,5.53,"Stanton, Giancarlo",519317,813349,walk,ball,,,,,11,Giancarlo Stanton walks.,F,R,L,NYY,BOS,B,,,3,2,2025,0.79,1.31,-1.0662777591767094,3.523655398028401,,641355,,0,4,Bot,,,,,,,-11.274404152798574,-136.6654632118581,-2.3527502061212844,12.635290577861673,33.63351931713106,-15.472867868557339,3.77470578008238,1.83485843132227,,,,95,2268,7.2,813065,665966,663993,663853,608324,596115,680776,678882,677800,53.34,,0.691497,0.7,1,0,0,,27,7,4-Seam Fastball,0,0,0,0,0,0,0,0,Standard,Standard,134,0.026,0.265,,,,-0.265,,0,0,0.639,0.639,23,35,23,36,2,1,5,1,,2,1.29,0.79,-0.79,33.9,,,,,
SI,2025-10-02,98.9,-1.75,6.45,"Rafaela, Ceddanne",678882,693645,field_out,hit_into_play,,,,,4,"Ceddanne Rafaela grounds out, second baseman Jazz Chisholm Jr. to first baseman Ben Rice.",F,R,R,NYY,BOS,X,4,ground_ball,0,0,2025,-1.19,0.92,-0.6299488829877091,2.3784523652628335,,,807799,2,4,Top,146.35,144.06,,,,,5.809622389871613,-143.69023184894212,-7.773809668426135,-17.773628371343484,34.75437727905562,-17.800264945175396,3.44,1.59,102,60.4,12,98.8,2235,6.4,813065,669224,700250,665862,642708,683011,641355,663757,592450,54.1,0.179,0.165,0,1,0,0,2,25,1,Sinker,0,0,0,0,0,0,0,0,Standard,Standard,207,0.028,-0.271,72.1,6.7,0.222,0.271,88.0,0,0,0.532,0.46799999999999997,24,24,24,25,2,1,5,1,6,,1.43,1.19,1.19,41.6,-5.647331097914204,22.285796729161188,36.125546595569695,28.93844606377601,24.992768878856815
FF,2025-10-02,95.4,-2.49,5.42,"Manzardo, Kyle",700932,656427,,ball,,,,,13,Ball,F,L,R,CLE,DET,B,,,2,1,2025,-0.56,1.18,-0.9384891146865217,2.1278871970317237,,,,1,4,Bot,,,,,,,5.401009067169184,-138.6745314751091,-5.694304655279948,-8.529444972878622,32.640869701726395,-15.87710268227191,3.22651551712638,1.25361045160441,,,,95.9,2310,6.8,813073,693307,679529,650402,656716,595879,682985,678009,672761,53.73,,,,,,,,31,4,4-Seam Fastball,1,1,1,1,1,1,1,1,Infield shade,Standard,216,0.009,0.121,,,,-0.121,,0,0,0.536,0.536,29,24,30,25,2,1,8,1,5,,1.34,0.56,-0.56,29.9,,,,,
FF,2025-10-02,99.7,-1.45,6.6,"Yoshida, Masataka",807799,693645,single,hit_into_play,,,,,1,Masataka Yoshida singles on a sharp line drive to center fielder Trent Grisham.,F,L,R,NYY,BOS,X,8,line_drive,1,2,2025,-0.71,1.5,-0.5803424869921878,2.9341889039639057,,,,2,4,Top,94.33,71.57,,,,,4.035126803638603,-144.90719136657265,-8.119078431542336,-10.949331293735662,36.27108708184444,-9.347757102451837,3.25,1.42,263,103.2,12,99,2425,6.1,813065,669224,700250,665862,642708,683011,641355,663757,592450,54.36,0.942,0.928,0.9,1,1,0,4,24,4,4-Seam Fastball,0,0,0,0,0,0,0,0,Strategic,Standard,211,-0.019,0.403,72.7,6.6,1.2,-0.403,103.2,0,0,0.551,0.44899999999999995,24,31,24,32,2,1,5,1,6,,0.81,0.71,-0.71,44.8,-3.734014172672405,15.03545307703013,26.364132209358278,40.81980520636672,23.928042037469375
CH,2025-10-02,84.4,2.89,5.5,"Stanton, Giancarlo",519317,813349,,foul,,,,,13,Foul,F,R,L,NYY,BOS,S,,,3,2,2025,1.09,-0.32,-0.39262211221220156,1.3546182419097086,,641355,,0,4,Bot,,,,,,,-9.898946729172884,-122.4736879590491,-2.6163945473178005,12.97924320199568,24.897725821395273,-35.014352842902824,3.81,1.85,,,,85,1343,6.9,813065,665966,663993,663853,608324,596115,680776,678882,677800,53.58,,,,,,,,27,6,Changeup,0,0,0,0,0,0,0,0,Standard,Standard,101,0,0,81.3,9.4,,0,,0,0,0.639,0.639,23,35,23,36,2,1,5,1,,2,3.54,1.09,-1.09,29.0,18.402059402103095,-15.115185719763376,34.84571071571947,39.50120610344975,37.147778350984254
FC,2025-10-02,85.3,-1.31,5.99,"Bogaerts, Xander",593428,592791,,blocked_ball,,,,,14,Ball In Dirt,F,R,R,CHC,SD,B,,,1,2,2025,0.64,0.42,1.0376517325847014,0.45155525788670703,,701538,,2,4,Top,,,,,,,4.290212181067541,-124.2179881587358,-7.7753840569559465,5.963873246787782,20.953729068077465,-26.577854462188622,3.61126165659977,1.62857246362676,,,,87,2710,7,813059,608348,683737,663538,807713,621020,664023,691718,673548,53.54,,,,,,,,29,4,Cutter,2,0,0,2,0,2,0,2,Standard,Standard,148,-0.006,0.012,,,,-0.012,,2,-2,0.761,0.239,33,32,34,33,2,1,5,1,6,,2.66,-0.64,-0.64,40.5,,,,,
FF,2025-10-02,92.2,-1.11,6.13,"Bogaerts, Xander",593428,592791,,ball,,,,,12,Ball,F,R,R,CHC,SD,B,,,0,2,2025,-0.5,1.34,1.3659677125661878,2.7438005675843877,,701538,,2,4,Top,,,,,,,7.468167648536188,-133.9781951619029,-5.7374512902130235,-7.613759839769719,28.300350467349226,-15.001640388287509,3.60375750811124,1.69188231085724,,,,93.3,2405,6.9,813059,608348,683737,663538,807713,621020,664023,691718,673548,53.56,,,,,,,,29,3,4-Seam Fastball,2,0,0,2,0,2,0,2,Standard,Standard,206,-0.003,0.015,,,,-0.015,,2,-2,0.764,0.236,33,32,34,33,2,1,5,1,6,,1.35,0.5,0.5,43.9,,,,,
FC,2025-10-02,92.2,-1.49,6.38,"Yoshida, Masataka",807799,693645,,ball,,,,,14,Ball,F,L,R,NYY,BOS,B,,,0,2,2025,0.64,0.6,1.0422074195474686,0.9159895634334099,,,,2,4,Top,,,,,,,5.051751112979253,-134.0722242301159,-9.466031490867845,6.866453409596913,25.13540744194839,-23.1938224124588,3.29835869499102,1.43569046638692,,,,92.9,2452,6.4,813065,669224,700250,665862,642708,683011,641355,663757,592450,54.07,,,,,,,,24,3,Cutter,0,0,0,0,0,0,0,0,Strategic,Standard,163,-0.001,0.022,,,,-0.022,,0,0,0.552,0.44799999999999995,24,31,24,32,2,1,5,1,6,,2.05,-0.64,0.64,43.9,,,,,
CH,2025-10-02,85.9,2.91,5.56,"Stanton, Giancarlo",519317,813349,,ball,,,,,14,Ball,F,R,L,NYY,BOS,B,,,2,2,2025,1.47,-0.17,1.2205972896974184,0.9902849077876072,,641355,,0,4,Bot,,,,,,,-7.065293595678892,-124.90134675556712,-4.223919602048746,16.832791543690075,25.945598478831656,-33.30325950350068,3.77470578008238,1.83485843132227,,,,86.7,1431,6.9,813065,665966,663993,663853,608324,596115,680776,678882,677800,53.57,,,,,,,,27,5,Changeup,0,0,0,0,0,0,0,0,Standard,Standard,98,0.012,0.1,,,,-0.1,,0,0,0.627,0.627,23,35,23,36,2,1,5,1,,2,3.28,1.47,-1.47,28.6,,,,,
KC,2025-10-02,78.3,-2.79,5.28,"Manzardo, Kyle",700932,656427,,ball,,,,,11,Ball,F,L,R,CLE,DET,B,,,1,1,2025,1.13,-0.43,-1.1100683721041544,3.250429214844918,,,608070,0,4,Bot,,,,,,,1.5565174829848143,-114.04026828775051,3.2768209979995895,9.60199368668969,19.86766986419474,-36.70863793910392,3.21208256032556,1.29972688281803,,,,79.3,2424,6.8,813073,693307,679529,650402,656716,595879,682985,678009,672761,53.71,,,,,,,,31,3,Knuckle Curve,1,1,1,1,1,1,1,1,Infield shade,Standard,63,-0.065,0.044,,,,-0.044,,0,0,0.601,0.601,29,24,30,25,2,1,8,1,5,,4.12,-1.13,1.13,26.7,,,,,
FF,2025-10-02,94.6,-2.69,5.42,"Manzardo, Kyle",700932,656427,,ball,,,,,11,Ball,F,L,R,CLE,DET,B,,,0,1,2025,-0.34,1.2,-0.8410141537750342,2.395202223980228,,,608070,0,4,Bot,,,,,,,5.638332557045757,-137.70968953352457,-4.942232454863955,-5.559526553885295,29.965749677281234,-15.931345492114483,3.24400207155679,1.33178388587149,,,,95.5,2320,6.7,813073,693307,679529,650402,656716,595879,682985,678009,672761,53.77,,,,,,,,31,2,4-Seam Fastball,1,1,1,1,1,1,1,1,Infield shade,Standard,210,0.004,0.034,,,,-0.034,,0,0,0.597,0.597,29,24,30,25,2,1,8,1,5,,1.34,0.34,-0.34,26.5,,,,,
SI,2025-10-02,99.8,-1.71,6.37,"Yoshida, Masataka",807799,693645,,foul_tip,,,,,1,Foul Tip,F,L,R,NYY,BOS,S,,,0,1,2025,-1.12,1.05,-0.712741467479812,3.188264828629383,,,,2,4,Top,,,,,,,5.366641348817218,-145.19186204422462,-5.807935609061135,-17.10178808829627,35.18105610613249,-16.161062361737574,3.25,1.42,,,,99.5,2035,6.2,813065,669224,700250,665862,642708,683011,641355,663757,592450,54.27,,,,,,,,24,2,Sinker,0,0,0,0,0,0,0,0,Strategic,Standard,209,0.003,-0.057,67.6,5.9,,0.057,,0,0,0.549,0.45099999999999996,24,31,24,32,2,1,5,1,6,,1.25,1.12,-1.12,39.4,-5.81125374179501,33.447864518214956,27.88274942591549,43.18471669335585,11.168910710504408
ST,2025-10-02,79.3,-1.42,6.02,"Bogaerts, Xander",593428,592791,,foul,,,,,5,Foul,F,R,R,CHC,SD,S,,,0,1,2025,1.59,-0.31,0.07533096011663765,2.6702116230055717,,701538,,2,4,Top,,,,,,,0.28973546078963064,-115.53310303781113,0.030996461716003676,14.187701052387862,21.801921936045545,-35.19993775032513,3.62,1.75,9,64.3,-16,80.1,2646,6.8,813059,608348,683737,663538,807713,621020,664023,691718,673548,53.69,,,,,,,,29,2,Sweeper,2,0,0,2,0,2,0,2,Standard,Standard,57,0.009,-0.056,79.7,7.8,,0.056,88.0,2,-2,0.755,0.245,33,32,34,33,2,1,5,1,6,,3.93,-1.59,-1.59,41.7,16.388888736064295,-27.770159140915936,31.310403292903235,36.920825475138315,46.40639292625095
FF,2025-10-02,93.7,2.63,5.52,"Stanton, Giancarlo",519317,813349,,foul,,,,,5,Foul,F,R,L,NYY,BOS,S,,,2,1,2025,0.68,1.39,0.09574810373070386,2.9874834991592136,,641355,,0,4,Bot,,,,,,,-8.146207817419999,-136.1585793899232,-3.88487988100122,10.315006361361265,32.43099162376262,-14.226690147001502,3.81,1.85,209,76.1,57,94.5,2226,7,813065,665966,663993,663853,608324,596115,680776,678882,677800,53.48,,,,,,,,27,4,4-Seam Fastball,0,0,0,0,0,0,0,0,Standard,Standard,132,-0.01,-0.081,80.5,9.0,,0.081,88.0,0,0,0.637,0.637,23,35,23,36,2,1,5,1,,2,1.23,0.68,-0.68,32.2,10.184306756838659,-4.321558329743299,24.486036419216603,44.93319577159889,23.218135672147632
FF,2025-10-02,93.4,2.67,5.49,"Stanton, Giancarlo",519317,813349,,ball,,,,,11,Ball,F,R,L,NYY,BOS,B,,,1,1,2025,0.67,1.44,-1.1476579869686607,3.3884919592520744,,641355,,0,4,Bot,,,,,,,-11.409961373671951,-135.39592347745992,-2.750826486891824,10.88975962836636,32.87763187945438,-14.167600641024274,3.77470578008238,1.80826017020967,,,,93.9,2199,7,813065,665966,663993,663853,608324,596115,680776,678882,677800,53.45,,,,,,,,27,3,4-Seam Fastball,0,0,0,0,0,0,0,0,Standard,Standard,130,0.005,0.045,,,,-0.045,,0,0,0.632,0.632,23,35,23,36,2,1,5,1,,2,1.22,0.67,-0.67,31.5,,,,,
FF,2025-10-02,94.9,-2.62,5.42,"Manzardo, Kyle",700932,656427,,called_strike,,,,,5,Called Strike,F,L,R,CLE,DET,S,,,0,0,2025,-0.46,1.15,-0.051963209052858894,2.009029825437165,,,608070,0,4,Bot,,,,,,,7.8167189732857345,-137.86441664380453,-5.856392590025429,-7.6058577054299334,30.83834535194912,-16.357880489960717,3.28848448559249,1.38938971856005,,,,95.6,2190,6.8,813073,693307,679529,650402,656716,595879,682985,678009,672761,53.69,,,,,,,,31,1,4-Seam Fastball,1,1,1,1,1,1,1,1,Infield shade,Standard,215,-0.006,-0.043,,,,0.043,,0,0,0.603,0.603,29,24,30,25,2,1,8,1,5,,1.39,0.46,-0.46,27.6,,,,,
SI,2025-10-02,99.6,-1.74,6.41,"Yoshida, Masataka",807799,693645,,called_strike,,,,,1,Called Strike,F,L,R,NYY,BOS,S,,,0,0,2025,-1.07,0.85,-0.44177470232189586,3.1898751515657087,,,,2,4,Top,,,,,,,6.094646325541195,-144.84935500428202,-5.477871348164591,-16.428285232008975,33.2423499896938,-19.05836001142394,3.35133820625081,1.54217388243082,,,,99.9,2093,6.5,813065,669224,700250,665862,642708,683011,641355,663757,592450,54.03,,,,,,,,24,1,Sinker,0,0,0,0,0,0,0,0,Strategic,Standard,216,0.002,-0.043,,,,0.043,,0,0,0.547,0.45299999999999996,24,31,24,32,2,1,5,1,6,,1.44,1.07,-1.07,39.7,,,,,
FC,2025-10-02,84.9,-1.49,6.09,"Bogaerts, Xander",593428,592791,,called_strike,,,,,8,Called Strike,F,R,R,CHC,SD,S,,,0,0,2025,0.7,0.3,0.22669309575178875,2.193885946862961,,701538,,2,4,Top,,,,,,,2.632750373831063,-123.68698637876163,-3.465396228285048,6.788520678380865,22.713455470285464,-28.655502195912025,3.64604650652291,1.69715577371377,,,,85.9,2646,6.7,813059,608348,683737,663538,807713,621020,664023,691718,673548,53.78,,,,,,,,29,1,Cutter,2,0,0,2,0,2,0,2,Standard,Standard,146,0.005,-0.04,,,,0.04,,2,-2,0.75,0.25,33,32,34,33,2,1,5,1,6,,2.84,-0.7,-0.7,46.0,,,,,
FC,2025-10-02,86.8,-1.42,6.01,"Merrill, Jackson",701538,592791,double,hit_into_play,,,,,3,Jackson Merrill doubles (2) on a line drive to right fielder Seiya Suzuki.,F,L,R,CHC,SD,X,9,line_drive,0,0,2025,0.75,0.58,0.710242175514275,3.0147326888051227,,,,2,4,Top,208.45,113.36,,,,,3.6069353654010543,-126.39648565769227,-2.187914698279816,7.277598878230574,25.62931795120927,-25.696801343385033,3.61,1.7,251,96.6,20,87.5,2543,6.7,813059,608348,683737,663538,807713,621020,664023,691718,673548,53.84,0.294,0.36,1.25,1,1,1,4,28,1,Cutter,2,0,0,2,0,2,0,2,Infield shade,Standard,166,-0.024,0.579,74.6,7.3,0.564,-0.579,96.6,2,-2,0.774,0.22599999999999998,33,22,34,22,2,1,5,1,6,,2.44,-0.75,0.75,44.3,13.996568237494888,-7.670039896834463,36.15406937268028,31.15666430343547,33.701332515180205
FF,2025-10-02,93.5,2.67,5.51,"Stanton, Giancarlo",519317,813349,,called_strike,,,,,13,Called Strike,F,R,L,NYY,BOS,S,,,1,0,2025,0.67,1.34,-0.8360065252103667,2.548224130874017,,641355,,0,4,Bot,,,,,,,-10.669783444695721,-135.6646617395625,-4.8358151537804,10.710660109334961,32.09278246901096,-14.790487978817023,3.77470578008238,1.80826017020967,,,,94.6,2194,7.3,813065,665966,663993,663853,608324,596115,680776,678882,677800,53.24,,,,,,,,27,2,4-Seam Fastball,0,0,0,0,0,0,0,0,Standard,Standard,131,-0.005,-0.049,,,,0.049,,0,0,0.637,0.637,23,35,23,36,2,1,5,1,,2,1.3,0.67,-0.67,33.4,,,,,
KC,2025-10-02,80,-2.81,5.13,"Ramírez, José",608070,656427,single,hit_into_play,,,,,13,José Ramírez singles on a ground ball to right fielder Wenceel Pérez. George Valera scores.,F,L,R,CLE,DET,X,9,ground_ball,3,2,2025,0.92,-0.67,-0.6017197953732873,1.0766730752371418,,671655,,0,4,Bot,130.49,100.24,,,,,3.1579069527567634,-116.55003557098439,-1.0185127896956594,7.916297547556822,20.47054410860203,-38.29952376670718,3.35,1.54,115,99,4,80.7,2428,6.6,813073,693307,679529,650402,656716,595879,682985,678009,672761,53.92,0.511,0.486,0.9,1,1,0,4,30,6,Knuckle Curve,0,1,0,1,1,1,1,1,Standard,Standard,56,0.088,0.475,65.5,6.9,0.593,-0.475,99.0,-1,-1,0.515,0.515,29,32,30,33,2,1,8,1,5,,4.2,-0.92,0.92,23.5,-1.812533723610056,-5.102431801198949,37.949105819787526,34.503156427494126,26.276486977445323
FF,2025-10-02,100.4,-1.48,6.58,"Bregman, Alex",608324,693645,field_out,hit_into_play,,,,,1,Alex Bregman flies out to right fielder Aaron Judge.,F,R,R,NYY,BOS,X,9,fly_ball,0,0,2025,-0.58,1.47,-0.29410290518365734,3.2957555923974464,,,,1,4,Top,193.73,108.05,,,,,4.635383785214328,-146.00421666655183,-7.193416129404569,-9.362845533508663,34.645592242771784,-9.625569657336378,3.33,1.55,282,84.3,34,100.2,2426,6.2,813065,669224,700250,665862,642708,683011,641355,663757,592450,54.28,0.018,0.021,0,1,0,0,3,23,1,4-Seam Fastball,0,0,0,0,0,0,0,0,Strategic,Standard,207,0.02,-0.254,64.0,5.5,0.034,0.254,88.0,0,0,0.527,0.473,24,31,24,31,2,1,5,1,6,,0.79,0.58,0.58,46.9,8.118574501693098,19.97406787343595,23.747672855238807,29.351168229640795,20.53697990484583
FC,2025-10-02,84.5,-1.46,6.04,"Machado, Manny",592518,592791,field_out,hit_into_play,,,,,6,Manny Machado pops out to first baseman Michael Busch in foul territory.,F,R,R,CHC,SD,X,3,popup,0,1,2025,0.67,0.33,0.339625712496323,2.3092739746866595,,,,1,4,Top,172.19,174.98,,,,,2.880729920872237,-123.05036693650652,-3.054677340682101,6.329120084471795,22.832464458539764,-28.482093137979113,3.64,1.69,130,83.9,68,85.4,2627,6.7,813059,608348,683737,663538,807713,621020,664023,691718,673548,53.85,0.005,0.005,0,1,0,0,3,27,2,Cutter,2,0,0,2,0,2,0,2,Standard,Standard,138,0.015,-0.215,79.1,8.3,0.005,0.215,88.0,2,-2,0.759,0.241,33,32,34,33,2,1,5,1,6,,2.85,-0.67,-0.67,40.5,5.607580193337029,-4.104226542417311,27.26049643098047,43.423359986476065,32.094992811708835
FF,2025-10-02,94.4,2.74,5.58,"Stanton, Giancarlo",519317,813349,,ball,,,,,3,Ball,F,R,L,NYY,BOS,B,,,0,0,2025,0.79,1.34,0.8016495997390346,3.8695297222191485,,641355,,0,4,Bot,,,,,,,-6.898195236839633,-137.19884222362109,-1.6602884094067132,11.60759605307109,34.39011094565605,-15.289549070423716,3.81875639029142,1.83713276316877,,,,95.2,2194,7.1,813065,665966,663993,663853,608324,596115,680776,678882,677800,53.38,,,,,,,,27,1,4-Seam Fastball,0,0,0,0,0,0,0,0,Standard,Standard,131,0.003,0.032,,,,-0.032,,0,0,0.634,0.634,23,35,23,36,2,1,5,1,,2,1.26,0.79,-0.79,35.4,,,,,
FF,2025-10-02,98.9,-1.5,6.5,"Story, Trevor",596115,693645,field_out,hit_into_play,,,,,4,Trevor Story flies out to right fielder Aaron Judge.,F,R,R,NYY,BOS,X,9,fly_ball,2,1,2025,-0.51,1.36,-0.2984340572780886,2.536697540680235,,,,0,4,Top,195.28,106.07,,,,,4.474543284225504,-143.73239846571894,-8.546518984212721,-8.066753522514663,33.9915417487328,-11.462121084053386,3.49,1.61,287,95.7,47,99,2393,6.4,813065,669224,700250,665862,642708,683011,641355,663757,592450,54.07,0.018,0.028,0,1,0,0,3,22,4,4-Seam Fastball,0,0,0,0,0,0,0,0,Strategic,Standard,209,0.031,-0.305,74.7,6.9,0.045,0.305,95.7,0,0,0.496,0.504,24,32,24,33,2,1,5,1,6,,0.98,0.51,0.51,46.1,8.855862294757912,1.8236840939966354,26.904650632903856,34.843662651682216,32.443858853697456
KC,2025-10-02,79.8,-2.82,5.09,"Ramírez, José",608070,656427,,foul,,,,,8,Foul,F,L,R,CLE,DET,S,,,3,1,2025,1.28,-0.65,-0.1344721313307935,1.5568128859444617,,671655,,0,4,Bot,,,,,,,3.516692376919333,-116.26096695426504,0.19266715635883114,10.911779571039562,22.289659442479877,-38.28243029642811,3.35,1.54,,,,80.2,2501,6.6,813073,693307,679529,650402,656716,595879,682985,678009,672761,53.95,,,,,,,,30,5,Knuckle Curve,0,1,0,1,1,0,0,1,Standard,Standard,52,-0.01,-0.095,71.4,8.0,,0.095,,-1,-1,0.525,0.525,29,32,30,33,2,1,8,1,5,,4.22,-1.28,1.28,23.8,18.997693947752165,-33.27259964289585,28.853543283359404,30.723044889345644,46.870692601168784
SL,2025-10-02,86.9,-2.73,5.47,"Ramírez, José",608070,656427,,called_strike,,,,,7,Called Strike,F,L,R,CLE,DET,S,,,3,0,2025,0.66,0.26,-0.6822122956955381,1.640516097051092,,671655,,0,4,Bot,,,,,,,3.5603842809946475,-126.52176281154865,-3.5643135638522545,6.3775720249420615,25.44172139901503,-28.825450453055325,3.29527929901639,1.53511776254148,,,,87.3,2469,6.5,813073,693307,679529,650402,656716,595879,682985,678009,672761,54,,,,,,,,30,4,Slider,0,1,0,1,1,0,0,1,Infield shade,Standard,136,-0.008,-0.075,,,,0.075,,-1,-1,0.533,0.533,29,32,30,33,2,1,8,1,5,,2.75,-0.66,0.66,28.1,,,,,
CU,2025-10-02,84.6,-1.5,6.46,"Story, Trevor",596115,693645,,ball,,,,,14,Ball,F,R,R,NYY,BOS,B,,,1,1,2025,0.57,-0.96,0.7900298818689377,1.0797736538466762,,,,0,4,Top,,,,,,,4.226611792658309,-123.10025371913768,-4.267938780448185,4.888432229898519,25.558907385470405,-41.21825113032265,3.48373166280591,1.54217388243082,,,,84.8,2536,6.5,813065,669224,700250,665862,642708,683011,641355,663757,592450,54,,,,,,,,22,3,Curveball,0,0,0,0,0,0,0,0,Strategic,Standard,29,-0.005,0.055,,,,-0.055,,0,0,0.501,0.499,24,32,24,33,2,1,5,1,6,,4.16,-0.57,-0.57,49.3,,,,,
ST,2025-10-02,79.8,-1.47,6.09,"Machado, Manny",592518,592791,,swinging_strike,,,,,6,Swinging Strike,F,R,R,CHC,SD,S,,,0,0,2025,1.5,-0.37,0.6866519777802566,2.431083251623364,,,,1,4,Top,,,,,,,1.9305672760143313,-116.25325597009945,-0.6030141168705848,13.174214112444144,22.648529276549198,-35.64518671283743,3.64,1.69,,,,80.3,2842,6.7,813059,608348,683737,663538,807713,621020,664023,691718,673548,53.84,,,,,,,,27,1,Sweeper,2,0,0,2,0,2,0,2,Standard,Standard,55,0.003,-0.039,77.0,9.0,,0.039,,2,-2,0.756,0.244,33,32,34,33,2,1,5,1,6,,3.95,-1.5,-1.5,41.2,16.931788776397802,-37.231173719400836,20.956254310916282,46.13039168834274,56.67147610129966
SI,2025-10-02,93.1,2.84,5.34,"Bellinger, Cody",641355,813349,double,hit_into_play,,,,,9,"Cody Bellinger doubles (1) on a fly ball to right fielder Wilyer Abreu, deflected by center fielder Ceddanne Rafaela.",F,L,L,NYY,BOS,X,8,fly_ball,3,2,2025,1.52,0.59,0.5573446819385046,2.1519132060308834,,,,0,4,Bot,141.28,107.97,,,,,-9.29520778932451,-135.22322840165717,-3.7026915546841774,20.72196368327093,30.391293949054827,-24.289776714496504,3.81,1.78,233,77.1,47,93.8,2173,6.9,813065,665966,663993,663853,608324,596115,680776,678882,677800,53.62,0.089,0.092,1.25,1,1,1,3,26,6,Sinker,0,0,0,0,0,0,0,0,Infield shade,Standard,128,0.068,0.631,73.1,7.9,0.119,-0.631,88.0,0,0,0.566,0.566,23,29,23,30,2,1,5,1,,2,2.06,1.52,1.52,32.1,15.364152738479355,-4.625614962700673,41.12627815900856,23.14093364417988,29.969954186865653
FF,2025-10-02,91.6,-1.25,6.09,"Arraez, Luis",650333,592791,field_out,hit_into_play,,,,,6,"Luis Arraez lines out, shortstop Dansby Swanson to first baseman Michael Busch.",F,L,R,CHC,SD,X,6,line_drive,1,1,2025,-0.56,1.51,0.5758881300495078,2.6794027150827717,,,,0,4,Top,115.63,123.22,,,,,5.860588103853787,-133.18483696669014,-6.052927007771799,-7.871891854640543,27.76916419440119,-13.070628745641047,3.22,1.54,196,94.1,10,92.5,2403,6.8,813059,608348,683737,663538,807713,621020,664023,691718,673548,53.72,0.699,0.652,0,1,0,0,4,26,3,4-Seam Fastball,2,0,0,2,0,2,0,2,Standard,Standard,206,0.026,-0.251,60.2,4.9,0.79,0.251,94.1,2,-2,0.73,0.27,33,28,34,28,2,1,5,1,6,,1.2,0.56,-0.56,40.9,3.154810942910298,11.625081572889126,37.177242677094895,29.815804742971117,27.371565852899295
ST,2025-10-02,84.1,3.07,5.35,"Bellinger, Cody",641355,813349,,ball,,,,,13,Ball,F,L,L,NYY,BOS,B,,,2,2,2025,-1.16,0.11,-1.676664537658672,1.1072361172625715,,,,0,4,Bot,,,,,,,-8.791869575551871,-122.08493553476262,-3.5719645303800647,-9.412862559351476,27.925514157106715,-30.515367584554983,3.93324071555816,1.75505777203151,,,,84.4,2516,7,813065,665966,663993,663853,608324,596115,680776,678882,677800,53.49,,,,,,,,26,5,Sweeper,0,0,0,0,0,0,0,0,Infield shade,Standard,312,0.01,0.112,,,,-0.112,,0,0,0.556,0.556,23,29,23,30,2,1,5,1,,2,3.17,-1.16,-1.16,26.8,,,,,
FF,2025-10-02,99.1,-1.53,6.53,"Story, Trevor",596115,693645,,called_strike,,,,,6,Called Strike,F,R,R,NYY,BOS,S,,,1,0,2025,-0.71,1.42,0.7024176783426572,2.8200164977387434,,,,0,4,Top,,,,,,,7.773615760935721,-143.98860908628524,-8.053487563749036,-11.674361054780533,34.00501754427709,-10.654642123302368,3.53666638517102,1.54217388243082,,,,99.4,2399,6.6,813065,669224,700250,665862,642708,683011,641355,663757,592450,53.9,,,,,,,,22,2,4-Seam Fastball,0,0,0,0,0,0,0,0,Strategic,Standard,210,0.005,-0.05,,,,0.05,,0,0,0.496,0.504,24,32,24,33,2,1,5,1,6,,0.91,0.71,0.71,44.7,,,,,
SL,2025-10-02,86.4,-2.79,5.36,"Ramírez, José",608070,656427,,ball,,,,,14,Ball,F,L,R,CLE,DET,B,,,2,0,2025,0.58,0.24,0.34475675508805215,0.9320571024233417,,671655,,0,4,Bot,,,,,,,6.3492450520182615,-125.71858711772366,-4.889815610972658,4.922914008772936,24.259393980998215,-28.83191181480282,3.48071411264038,1.57016792195854,,,,87.2,2439,6.7,813073,693307,679529,650402,656716,595879,682985,678009,672761,53.8,,,,,,,,30,3,Slider,0,1,0,1,1,0,0,1,Standard,Standard,139,0.012,0.112,,,,-0.112,,-1,-1,0.521,0.521,29,32,30,33,2,1,8,1,5,,2.8,-0.58,0.58,26.6,,,,,
CH,2025-10-02,83.7,3.02,5.45,"Bellinger, Cody",641355,813349,,swinging_strike,,,,,14,Swinging Strike,F,L,L,NYY,BOS,S,,,2,1,2025,1.22,-0.27,0.17617289007396542,1.164442830623658,,,,0,4,Bot,,,,,,,-9.03471575854401,-121.50223623797928,-2.9111119827891176,13.854304956642508,24.908610617666152,-34.39866939410617,3.81,1.78,,,,84.2,1412,6.9,813065,665966,663993,663853,608324,596115,680776,678882,677800,53.64,,,,,,,,26,4,Changeup,0,0,0,0,0,0,0,0,Infield shade,Standard,102,-0.008,-0.073,69.1,9.3,,0.073,,0,0,0.564,0.564,23,29,23,30,2,1,5,1,,2,3.55,1.22,1.22,28.5,34.28764927746972,-34.470295548358735,44.04094246387109,26.856203585142232,47.43512492886657
CH,2025-10-02,82.4,-1.35,6.14,"Arraez, Luis",650333,592791,,ball,,,,,13,Ball,F,L,R,CHC,SD,B,,,0,1,2025,-1.42,0.2,-0.675345775757026,1.3060715974396189,,,,0,4,Top,,,,,,,4.312742349179379,-119.79994031615114,-4.783066890114032,-14.443627496033061,26.249477517357562,-29.451125415568384,3.2880175447001,1.47279877382847,,,,82.3,1553,6.6,813059,608348,683737,663538,807713,621020,664023,691718,673548,53.9,,,,,,,,26,2,Changeup,2,0,0,2,0,2,0,2,Standard,Standard,234,-0.003,0.031,,,,-0.031,,2,-2,0.733,0.267,33,28,34,28,2,1,5,1,6,,3.2,1.42,-1.42,40.8,,,,,
FC,2025-10-02,92.3,-1.7,6.34,"Story, Trevor",596115,693645,,ball,,,,,12,Ball,F,R,R,NYY,BOS,B,,,0,0,2025,0.63,0.73,1.2999825494178492,2.810239167453389,,,,0,4,Top,,,,,,,6.302878568163252,-134.35720614939805,-4.807319896292685,6.373516144947191,27.341641038231483,-22.43223662617957,3.5102006677807,1.46231375917488,,,,93,2431,6.5,813065,669224,700250,665862,642708,683011,641355,663757,592450,53.97,,,,,,,,22,1,Cutter,0,0,0,0,0,0,0,0,Strategic,Standard,164,-0.004,0.041,,,,-0.041,,0,0,0.5,0.5,24,32,24,33,2,1,5,1,6,,1.93,-0.63,-0.63,40.7,,,,,
SL,2025-10-02,87.2,-2.84,5.25,"Ramírez, José",608070,656427,,ball,,,,,13,Ball,F,L,R,CLE,DET,B,,,1,0,2025,0.55,0.35,-0.9609139709638387,1.9690084269349093,,671655,,0,4,Bot,,,,,,,3.4215510841887458,-127.09683558513083,-2.5684660205069836,5.400476599306195,22.66456043750058,-28.0199192920094,3.47760608488197,1.5364873017326,,,,88.2,2406,6.6,813073,693307,679529,650402,656716,595879,682985,678009,672761,53.95,,,,,,,,30,2,Slider,0,1,0,1,1,0,0,1,Infield shade,Standard,149,0.008,0.075,,,,-0.075,,-1,-1,0.513,0.513,29,32,30,33,2,1,8,1,5,,2.6,-0.55,0.55,27.6,,,,,
FC,2025-10-02,92.7,-1.58,6.45,"Duran, Jarren",680776,693645,strikeout,swinging_strike,,,,,9,"Jarren Duran strikes out swinging, catcher Austin Wells to first baseman Ben Rice.",F,L,R,NYY,BOS,S,2,,0,2,2025,0.72,0.33,0.39754818874024633,1.678199767011641,,,,2,3,Top,,,,,,,3.4920232837409406,-134.8917301402421,-7.179745270917408,8.063077904689537,29.593069277886475,-26.726636729212807,3.49,1.65,,,,93.6,2481,6.8,813065,669224,700250,665862,642708,683011,641355,663757,592450,53.68,,0,0,1,0,0,,17,4,Cutter,0,0,0,0,0,0,0,0,Infield shade,Standard,147,0.007,-0.16,67.2,8.1,,0.16,,0,0,0.548,0.45199999999999996,24,28,24,29,2,1,5,1,6,,2.32,-0.72,0.72,46.4,2.222618492954655,-5.099906583522537,25.40486089524307,30.36904545180485,33.31447449246167
SI,2025-10-02,93,2.84,5.41,"Bellinger, Cody",641355,813349,,ball,,,,,13,Ball,F,L,L,NYY,BOS,B,,,1,1,2025,1.45,0.82,-0.8924452094314079,2.826913636496703,,,,0,4,Bot,,,,,,,-12.815566716785302,-134.73976776064097,-2.5677431639825636,20.525066833208346,30.894624450580796,-21.846892618934206,3.93324071555816,1.80826017020967,,,,93.3,2184,6.8,813065,665966,663993,663853,608324,596115,680776,678882,677800,53.68,,,,,,,,26,3,Sinker,0,0,0,0,0,0,0,0,Infield shade,Standard,124,0.005,0.055,,,,-0.055,,0,0,0.559,0.559,23,29,23,30,2,1,5,1,,2,1.85,1.45,1.45,26.0,,,,,
CU,2025-10-02,78,-1.36,6.21,"Arraez, Luis",650333,592791,,called_strike,,,,,3,Called Strike,F,L,R,CHC,SD,S,,,0,0,2025,1.51,-0.66,0.5201428246969199,2.791701151101969,,,,0,4,Top,,,,,,,1.2611090491683783,-113.4544548048952,0.8899800488254446,12.561891342213476,24.468519832829674,-38.268936473076195,3.17966093510339,1.49232949141766,,,,77.6,2586,6.5,813059,608348,683737,663538,807713,621020,664023,691718,673548,54.04,,,,,,,,26,1,Curveball,2,0,0,2,0,2,0,2,Standard,Standard,43,0.004,-0.039,,,,0.039,,2,-2,0.729,0.271,33,28,34,28,2,1,5,1,6,,4.47,-1.51,1.51,49.8,,,,,
KC,2025-10-02,79.3,-2.79,5.11,"Ramírez, José",608070,656427,,ball,,,,,14,Ball,F,L,R,CLE,DET,B,,,0,0,2025,0.98,-0.56,0.3490904650882397,1.1810533791346227,,671655,,0,4,Bot,,,,,,,5.065621271015373,-115.51743166452549,-0.8433942108464919,7.972649678107929,19.53675356912578,-37.284406434119944,3.49810771322539,1.60233300764785,,,,80.2,2388,6.7,813073,693307,679529,650402,656716,595879,682985,678009,672761,53.83,,,,,,,,30,1,Knuckle Curve,0,1,0,1,1,0,0,1,Standard,Standard,53,0.004,0.032,,,,-0.032,,-1,-1,0.509,0.509,29,32,30,33,2,1,8,1,5,,4.15,-0.98,0.98,28.7,,,,,
KC,2025-10-02,80.7,-2.36,5.43,"Valera, George",671655,656427,double,hit_into_play,,,,,8,George Valera doubles (1) on a sharp line drive to right fielder Wenceel Pérez.,F,L,R,CLE,DET,X,9,line_drive,2,2,2025,0.75,-0.77,0.22734697747735555,1.689977641135409,,,,0,4,Bot,211.33,102.89,,,,,4.3546970051220875,-117.4935059496352,-0.23032597820837775,6.231043286277795,20.956511484783213,-39.503978230582725,3.47,1.57,269,102.5,15,81.5,2403,6.7,813073,693307,679529,650402,656716,595879,682985,678009,672761,53.83,0.648,0.664,1.25,1,1,1,4,29,5,Knuckle Curve,0,1,0,1,1,0,0,1,Infield shade,Standard,51,0.086,0.744,72.6,7.2,0.904,-0.744,102.5,-1,-1,0.423,0.423,29,24,30,25,2,1,8,1,5,,4.25,-0.75,0.75,29.8,6.564310756976277,-19.22744150759033,32.73447230082318,32.97746200354577,39.767618106291586
FF,2025-10-02,100.8,-1.31,6.55,"Duran, Jarren",680776,693645,,foul,,,,,4,Foul,F,L,R,NYY,BOS,S,,,0,2,2025,-0.7,1.38,-0.3641172779375581,2.3561807396791083,,,,2,3,Top,,,,,,,4.287791551379522,-146.37262670694813,-9.565553035505882,-11.078859389507276,36.73844048691349,-10.268408875100217,3.49,1.65,190,81.7,61,100.7,2380,6.5,813065,669224,700250,665862,642708,683011,641355,663757,592450,54.02,,,,,,,,17,3,4-Seam Fastball,0,0,0,0,0,0,0,0,Infield shade,Standard,212,0,0,71.8,7.6,,0,88.0,0,0,0.548,0.45199999999999996,24,28,24,29,2,1,5,1,6,,0.89,0.7,-0.7,43.7,-6.205654630880326,-1.7384654347641637,28.017514140799136,40.22146162591805,29.45648948995134
ST,2025-10-02,80.5,-1.27,6.08,"Tatis Jr., Fernando",665487,592791,strikeout,swinging_strike_blocked,,,,,14,Fernando Tatis Jr. strikes out swinging.,F,R,R,CHC,SD,S,2,,0,2,2025,1.12,-0.11,1.1616924514954734,0.4466799551700156,,,,2,3,Top,,,,,,,3.3138492783616553,-117.23433606429026,-5.711917009136397,9.774381451691003,20.80103386263887,-32.41275268044397,3.68,1.75,,,,81.6,2791,6.9,813059,608348,683737,663538,807713,621020,664023,691718,673548,53.64,,0,0,1,0,0,,21,3,Sweeper,2,0,0,2,0,2,0,2,Standard,Standard,55,0.006,-0.16,69.9,8.5,,0.16,,2,-2,0.758,0.242,33,26,34,26,2,1,5,1,6,,3.61,-1.12,-1.12,41.9,18.13307609941115,-36.959468126646726,32.70538391365288,48.645398912721205,56.70622913281928
SI,2025-10-02,92.6,2.85,5.4,"Bellinger, Cody",641355,813349,,called_strike,,,,,2,Called Strike,F,L,L,NYY,BOS,S,,,1,0,2025,1.6,0.8,-0.17070326863867225,3.3220944726682413,,,,0,4,Bot,,,,,,,-11.301964579229235,-134.3210855577752,-1.1705816905517072,21.90158187364069,30.610477475436422,-22.502880447720667,3.93324071555816,1.83485843132227,,,,93,2144,6.8,813065,665966,663993,663853,608324,596115,680776,678882,677800,53.66,,,,,,,,26,2,Sinker,0,0,0,0,0,0,0,0,Infield shade,Standard,129,-0.005,-0.05,,,,0.05,,0,0,0.564,0.564,23,29,23,30,2,1,5,1,,2,1.89,1.6,1.6,27.9,,,,,
SI,2025-10-02,95.9,-2.19,5.6,"Torres, Gleyber",650402,677944,single,hit_into_play,,,,,2,Gleyber Torres singles on a ground ball to right fielder George Valera. Parker Meadows to 3rd.,F,R,R,CLE,DET,X,9,ground_ball,1,1,2025,-1.56,0.6,-0.25838852917105815,2.7046769315329753,,,678009,1,3,Top,154.79,111.89,,,,,8.670734401482674,-139.3239847568534,-3.367799228360817,-22.327110442156396,34.21838117627325,-23.729439938547326,3.23,1.51,24,92.8,-4,95.9,2346,6.6,813073,666310,692216,677587,608070,672356,680757,800050,671655,53.93,0.218,0.199,0.9,1,1,0,2,17,3,Sinker,0,0,0,0,0,0,0,0,Standard,Standard,231,-0.074,0.427,69.3,6.4,0.239,-0.427,92.8,0,0,0.499,0.501,26,28,26,29,2,1,6,1,,2,1.9,1.56,1.56,31.9,-4.234699528376762,25.074596518618424,33.85825225205554,31.77127831145586,20.530455852349974
FF,2025-10-02,92.4,-1.25,6.17,"Tatis Jr., Fernando",665487,592791,,swinging_strike,,,,,2,Swinging Strike,F,R,R,CHC,SD,S,,,0,1,2025,-0.19,1.39,0.1422681658255477,3.647953924078256,,,,2,3,Top,,,,,,,4.010950229512582,-134.68417655619888,-3.740495118551422,-3.0572178137898374,26.18080044297936,-14.60337605828192,3.68,1.75,,,,94.1,2262,6.9,813059,608348,683737,663538,807713,621020,664023,691718,673548,53.55,,,,,,,,21,2,4-Seam Fastball,2,0,0,2,0,2,0,2,Standard,Standard,212,0.002,-0.057,79.9,7.2,,0.057,,2,-2,0.756,0.244,33,26,34,26,2,1,5,1,6,,1.25,0.19,0.19,41.9,10.836421445535365,-1.7589396575763594,18.804014986039732,39.98286364106992,28.008567364365653
SL,2025-10-02,87.3,-2.65,5.36,"Valera, George",671655,656427,,called_strike,,,,,8,Called Strike,F,L,R,CLE,DET,S,,,2,1,2025,0.64,0.21,0.06491838594077409,1.5752598315571813,,,,0,4,Bot,,,,,,,5.264564271585307,-127.16896061536323,-3.475507834000111,6.004691705590549,23.378792857282868,-29.441461653259314,3.4912607042894,1.49503727771262,,,,88.3,2503,6.6,813073,693307,679529,650402,656716,595879,682985,678009,672761,53.9,,,,,,,,29,4,Slider,0,1,0,1,1,0,0,1,Standard,Standard,137,-0.01,-0.073,,,,0.073,,-1,-1,0.433,0.433,29,24,30,25,2,1,8,1,5,,2.75,-0.64,0.64,26.3,,,,,
SL,2025-10-02,85.5,-2.05,5.88,"Torres, Gleyber",650402,677944,,ball,,,,,12,Ball,F,R,R,CLE,DET,B,,,0,1,2025,0.55,-0.22,0.23211646996929286,3.714024072111144,,,678009,1,3,Top,,,,,,,4.284770813387696,-124.42381931624176,1.6430417670122384,4.786003548294891,25.450243350812055,-35.03154761315408,3.21022563427286,1.47475634866303,,,,85.5,2587,6.3,813073,666310,692216,677587,608070,672356,680757,800050,671655,54.19,,,,,,,,17,2,Slider,0,0,0,0,0,0,0,0,Standard,Standard,71,-0.003,0.019,,,,-0.019,,0,0,0.502,0.498,26,28,26,29,2,1,6,1,,2,3.34,-0.55,-0.55,37.7,,,,,
CU,2025-10-02,83.4,-1.47,6.55,"Duran, Jarren",680776,693645,,called_strike,,,,,1,Called Strike,F,L,R,NYY,BOS,S,,,0,1,2025,0.56,-1.32,-0.6119385896366509,3.28353701081706,,,,2,3,Top,,,,,,,0.8837385552030543,-121.45739067296675,1.5732731340038795,5.319521020195867,25.595427717524096,-45.72908007794748,3.61604356124931,1.6752398983233,,,,83.4,2449,6.4,813065,669224,700250,665862,642708,683011,641355,663757,592450,54.07,,,,,,,,17,2,Curveball,0,0,0,0,0,0,0,0,Standard,Standard,34,0.003,-0.057,,,,0.057,,0,0,0.545,0.45499999999999996,24,28,24,29,2,1,5,1,6,,4.61,-0.56,0.56,49.3,,,,,
SI,2025-10-02,92.4,2.8,5.51,"Bellinger, Cody",641355,813349,,ball,,,,,12,Ball,F,L,L,NYY,BOS,B,,,0,0,2025,1.63,0.75,1.2097718424176593,2.993311028503178,,,,0,4,Bot,,,,,,,-7.666197734265012,-134.2849465536278,-2.1513451173919647,21.387794498830417,31.995176325358997,-22.914575855396237,3.93324071555816,1.78165994127181,,,,92.6,2175,6.7,813065,665966,663993,663853,608324,596115,680776,678882,677800,53.82,,,,,,,,26,1,Sinker,0,0,0,0,0,0,0,0,Infield shade,Standard,126,0.004,0.041,,,,-0.041,,0,0,0.56,0.56,23,29,23,30,2,1,5,1,,2,1.95,1.63,1.63,25.5,,,,,
FF,2025-10-02,100,-1.44,6.48,"Duran, Jarren",680776,693645,,called_strike,,,,,8,Called Strike,F,L,R,NYY,BOS,S,,,0,0,2025,-0.52,1.39,0.09992929188738331,2.0061921590135863,,,,2,3,Top,,,,,,,5.505917676341058,-145.25318950460235,-10.23581849187326,-8.74910631995544,35.319854393921,-10.276883258461357,3.56312878988784,1.64863024387784,,,,100.1,2393,6.6,813065,669224,700250,665862,642708,683011,641355,663757,592450,53.95,,,,,,,,17,1,4-Seam Fastball,0,0,0,0,0,0,0,0,Standard,Standard,207,0.002,-0.043,,,,0.043,,0,0,0.543,0.45699999999999996,24,28,24,29,2,1,5,1,6,,0.91,0.52,-0.52,45.1,,,,,
FC,2025-10-02,84.6,-1.45,6.06,"Tatis Jr., Fernando",665487,592791,,swinging_strike,,,,,8,Swinging Strike,F,R,R,CHC,SD,S,,,0,0,2025,0.61,0.13,0.22878085439667228,1.6946403879997547,,,,2,3,Top,,,,,,,2.735903304298601,-123.30567844910557,-4.236882938980307,5.797505791971385,20.635055319291247,-30.269107777855396,3.68,1.75,,,,86.1,2643,6.8,813059,608348,683737,663538,807713,621020,664023,691718,673548,53.7,,,,,,,,21,1,Cutter,2,0,0,2,0,2,0,2,Standard,Standard,149,0.002,-0.043,79.8,8.4,,0.043,,2,-2,0.754,0.246,33,26,34,26,2,1,5,1,6,,3,-0.61,-0.61,44.7,18.88465650029447,-24.558336893920227,27.948671350926354,40.074000657865604,43.3706568913931
CH,2025-10-02,85.7,2.92,5.59,"Judge, Aaron",592450,813349,field_out,hit_into_play,,,,,9,"Aaron Judge grounds out, third baseman Alex Bregman to first baseman Nathaniel Lowe.",F,R,L,NYY,BOS,X,5,ground_ball,1,1,2025,0.93,-0.21,0.6097848028545012,2.2467607080459717,,,663757,2,3,Bot,110.24,169.1,,,,,-7.4284597469440135,-124.65051121406039,-1.1973898657142295,11.197826507920157,24.995420411312665,-34.32473525998444,4.08,1.85,4,91.4,-31,86.6,1515,6.9,813065,665966,663993,663853,608324,596115,680776,678882,677800,53.63,0.054,0.053,0,1,0,0,2,21,3,Changeup,0,0,0,0,0,0,0,0,Standard,Standard,103,-0.025,-0.256,78.9,8.1,0.055,0.256,91.4,0,0,0.525,0.525,23,33,23,33,2,1,5,1,,2,3.31,0.93,-0.93,28.0,5.594325627746559,2.1983218381951537,37.14412344579054,49.81890503120881,22.33317011163016
SL,2025-10-02,86.8,-2.47,5.37,"Valera, George",671655,656427,,ball,,,,,14,Ball,F,L,R,CLE,DET,B,,,1,1,2025,0.57,0.26,1.5847087938195048,0.2583359272783414,,,,0,4,Bot,,,,,,,8.623674614775357,-126.15241796207442,-6.661895928087765,4.445838956406902,24.551807833476825,-28.207937292568932,3.48196224480256,1.54570991150736,,,,87.8,2514,6.9,813073,693307,679529,650402,656716,595879,682985,678009,672761,53.62,,,,,,,,29,3,Slider,0,1,0,1,1,0,0,1,Standard,Standard,136,0.007,0.055,,,,-0.055,,-1,-1,0.426,0.426,29,24,30,25,2,1,8,1,5,,2.76,-0.57,0.57,29.7,,,,,
FF,2025-10-02,95.3,-1.98,5.84,"Torres, Gleyber",650402,677944,,foul,,,,,2,Foul,F,R,R,CLE,DET,S,,,0,0,2025,-0.81,1.27,-0.011414186249032454,2.9330936357851614,,,678009,1,3,Top,,,,,,,7.009120034572716,-138.63566437833717,-4.879070496637797,-12.05228056245304,30.12942098020966,-14.924826262305256,3.23,1.51,176,81.1,14,95.6,2464,6.4,813073,666310,692216,677587,608070,672356,680757,800050,671655,54.07,,,,,,,,17,1,4-Seam Fastball,0,0,0,0,0,0,0,0,Standard,Standard,219,0.005,-0.04,69.4,6.6,,0.04,88.0,0,0,0.497,0.503,26,28,26,29,2,1,6,1,,2,1.24,0.81,0.81,36.7,-2.7312671552721937,22.55482705271958,33.7704404232647,36.07797152872575,13.904774206420793
CH,2025-10-02,86.7,-2.12,5.69,"Meadows, Parker",678009,677944,single,hit_into_play,,,,,5,Parker Meadows singles on a ground ball to right fielder George Valera.,F,L,R,CLE,DET,X,9,ground_ball,1,1,2025,-1.3,0.19,-0.14079621578857138,2.3948309830917656,,,,1,3,Top,160.87,124.55,,,,,7.420088776232392,-126.12311607012462,-2.0614503186518522,-15.389971857793926,25.718069694286385,-29.942849948954358,3.46,1.67,56,98.8,1,87.1,1718,6.6,813073,666310,692216,677587,608070,672356,680757,800050,671655,53.92,0.446,0.412,0.9,1,1,0,4,16,3,Changeup,0,0,0,0,0,0,0,0,Infield shade,Standard,231,-0.029,0.425,63.9,7.6,0.493,-0.425,98.8,0,0,0.526,0.474,26,25,26,26,1,0,6,1,,2,2.85,1.3,-1.3,34.4,10.255884452569797,-3.3823639373061667,30.306183850351164,37.74536511180849,39.96802766562898
ST,2025-10-02,80.8,-1.45,6,"Fermin, Freddy",666023,592791,field_out,hit_into_play,,,,,9,"Freddy Fermin grounds out, third baseman Matt Shaw to first baseman Michael Busch.",F,R,R,CHC,SD,X,5,ground_ball,0,2,2025,1.03,-0.23,0.3204521048063098,2.0387660409027566,,,,1,3,Top,87.09,152.74,,,,,1.9776427977645379,-117.68299073179072,-1.7698813222162162,9.267426878529017,21.526693819282578,-34.22907717632155,3.23,1.51,7,87.9,-16,81.5,2821,6.6,813059,608348,683737,663538,807713,621020,664023,691718,673548,53.87,0.104,0.095,0,1,0,0,2,20,4,Sweeper,2,0,0,2,0,2,0,2,Standard,Standard,62,0.011,-0.163,70.3,7.6,0.144,0.163,88.0,2,-2,0.743,0.257,33,30,34,30,1,0,5,1,6,,3.71,-1.03,-1.03,43.8,15.891657212344924,-6.5154401195492095,32.742370347253605,40.90683201168515,35.32356781701816
CU,2025-10-02,80.9,2.75,5.63,"Judge, Aaron",592450,813349,,called_strike,,,,,9,Called Strike,F,R,L,NYY,BOS,S,,,1,0,2025,-0.97,-0.87,0.36573783834141194,1.9505707876234095,,,663757,2,3,Bot,,,,,,,-3.503186568101186,-117.71713038300456,0.20484104817033089,-8.202215603381244,25.58783453841309,-40.468036292638715,4.06525213593666,1.8614546971227,,,,81.5,2423,7,813065,665966,663993,663853,608324,596115,680776,678882,677800,53.47,,,,,,,,21,2,Curveball,0,0,0,0,0,0,0,0,Standard,Standard,316,-0.003,-0.05,,,,0.05,,0,0,0.528,0.528,23,33,23,33,2,1,5,1,,2,4.39,-0.97,0.97,37.4,,,,,
CH,2025-10-02,81.9,0.78,5.84,"Dingler, Dillon",693307,676282,home_run,hit_into_play,,,,,2,Dillon Dingler homers (1) on a fly ball to center field.,F,R,L,CLE,DET,X,,fly_ball,1,1,2025,0.65,1.27,-0.09135001446288371,2.9111293978849266,,,,2,6,Top,83.82,42.2,,,,,-3.283623290923569,-119.26474578279621,-2.58686852150283,6.850125404570265,21.426267984112528,-19.764203470262938,3.37,1.51,401,104.1,32,83.6,1617,7.2,813073,666310,692216,677587,608070,672356,680757,800050,671655,53.27,0.658,1.330909090909091,2,1,0,3,6,42,3,Changeup,1,1,1,1,2,1,2,1,Infield shade,Strategic,134,-0.176,2.612,71.1,7.4,2.612,-2.612,104.1,0,0,0.56,0.43999999999999995,25,26,26,27,2,2,5,1,,2,2.11,0.65,-0.65,50.5,17.54258323226759,-9.072950631479138,34.93434991390672,36.34810844671566,29.84253763868818
CH,2025-10-02,88,-2.75,5.05,"Valera, George",671655,656427,,ball,,,,,13,Ball,F,L,R,CLE,DET,B,,,0,1,2025,-1.22,0.46,-0.3842178769213993,0.7560040802413948,,,,0,4,Bot,,,,,,,8.329408032765727,-127.8887880578754,-5.310036839556083,-15.132900734064291,26.062862426888078,-26.174250469913826,3.5622540811619,1.56569707576205,,,,88.6,1961,6.7,813073,693307,679529,650402,656716,595879,682985,678009,672761,53.77,,,,,,,,29,2,Changeup,0,1,0,1,1,0,0,1,Standard,Standard,225,0.003,0.031,,,,-0.031,,-1,-1,0.423,0.423,29,24,30,25,2,1,8,1,5,,2.49,1.22,-1.22,23.6,,,,,
SI,2025-10-02,99.6,-1.51,6.55,"Gonzalez, Romy",663853,693645,strikeout,foul_tip,,,,,5,Romy Gonzalez strikes out on a foul tip.,F,R,R,NYY,BOS,S,2,,1,2,2025,-1.03,1.01,-0.039203902445153815,2.899013937370283,,,,1,3,Top,,,,,,,6.461575778441775,-144.804376298316,-7.0388708973063485,-15.963650218365112,31.83390849723337,-16.47874778299142,3.57,1.72,,,,100.1,2125,6.5,813065,669224,700250,665862,642708,683011,641355,663757,592450,54.04,,0,0,1,0,0,,16,4,Sinker,0,0,0,0,0,0,0,0,Strategic,Standard,210,0.013,-0.18,75.4,6.3,,0.18,,0,0,0.53,0.47,24,28,24,29,1,0,5,1,6,,1.28,1.03,1.03,45.8,0.36635863468026825,21.757776804866776,19.030935130047908,38.015971996588426,16.75452532290579
CH,2025-10-02,86.7,-2.02,5.69,"Meadows, Parker",678009,677944,,ball,,,,,14,Ball,F,L,R,CLE,DET,B,,,0,1,2025,-1.16,0.2,0.03451224748008075,0.1950091536118519,,,,1,3,Top,,,,,,,7.322066865700894,-125.99279000238194,-7.390197252081149,-13.84140478429287,24.230539852332935,-28.765659446443497,3.49871580277028,1.58771813240638,,,,87.3,1846,6.6,813073,666310,692216,677587,608070,672356,680757,800050,671655,53.88,,,,,,,,16,2,Changeup,0,0,0,0,0,0,0,0,Infield shade,Standard,236,-0.002,0.029,,,,-0.029,,0,0,0.528,0.472,26,25,26,26,1,0,6,1,,2,2.83,1.16,-1.16,34.1,,,,,
CH,2025-10-02,79.2,0.48,5.89,"Dingler, Dillon",693307,676282,,called_strike,,,,,7,Called Strike,F,R,L,CLE,DET,S,,,1,0,2025,0.5,1.09,-0.3723436698773299,1.8162256643738486,,,,2,6,Top,,,,,,,-2.860602931259055,-115.34496794717255,-4.247631223969248,4.964666143674316,20.962266421737965,-21.85751578189122,3.43338355064874,1.45529862670885,,,,81,1425,7.4,813073,666310,692216,677587,608070,672356,680757,800050,671655,53.11,,,,,,,,42,2,Changeup,1,1,1,1,1,1,1,1,Infield shade,Strategic,127,0.003,-0.054,,,,0.054,,0,0,0.557,0.44299999999999995,25,26,26,27,2,2,5,1,,2,2.53,0.5,-0.5,53.9,,,,,
CH,2025-10-02,86,2.87,5.53,"Judge, Aaron",592450,813349,,blocked_ball,,,,,14,Ball In Dirt,F,R,L,NYY,BOS,B,,,0,0,2025,1.35,-0.26,1.0985701807057962,0.4260094693379477,,,663757,2,3,Bot,,,,,,,-6.970803775039443,-124.94956364336554,-5.283184968112047,15.622175008971606,27.441066999083375,-33.88436302349931,4.14441355768167,1.83485843132227,,,,86,1379,6.6,813065,665966,663993,663853,608324,596115,680776,678882,677800,53.91,,,,,,,,21,1,Changeup,0,0,0,0,0,0,0,0,Standard,Standard,98,0.002,0.035,,,,-0.035,,0,0,0.526,0.526,23,33,23,33,2,1,5,1,,2,3.37,1.35,-1.35,27.1,,,,,
ST,2025-10-02,80.8,-1.38,6.07,"Fermin, Freddy",666023,592791,,foul,,,,,2,Foul,F,R,R,CHC,SD,S,,,0,2,2025,1.44,-0.05,0.1185266218145069,3.0311856173872207,,,,1,3,Top,,,,,,,0.6005552589002086,-117.79619348429723,-0.06156705399754325,13.301044038857412,21.77088359276907,-32.83351395043551,3.23,1.51,215,68,38,81.6,2678,6.7,813059,608348,683737,663538,807713,621020,664023,691718,673548,53.84,,,,,,,,20,3,Sweeper,2,0,0,2,0,2,0,2,Standard,Standard,56,0,0,66.5,6.5,,0,88.0,2,-2,0.743,0.257,33,30,34,30,1,0,5,1,6,,3.52,-1.44,-1.44,44.6,4.675696433571072,9.847698144543864,30.443763540470503,38.58797468309882,24.683845548632277
SI,2025-10-02,99.6,-1.78,6.41,"Gonzalez, Romy",663853,693645,,called_strike,,,,,8,Called Strike,F,R,R,NYY,BOS,S,,,1,1,2025,-1.18,1.12,-0.08878469310815951,2.2528990709215506,,,,1,3,Top,,,,,,,7.42037880121581,-144.69662435461726,-8.654741491881692,-18.304197764370016,32.41034922939088,-14.622696099045891,3.61604356124931,1.70184772294024,,,,99.9,2226,6.5,813065,669224,700250,665862,642708,683011,641355,663757,592450,54.05,,,,,,,,16,3,Sinker,0,0,0,0,0,0,0,0,Strategic,Standard,207,0.004,-0.064,,,,0.064,,0,0,0.526,0.474,24,28,24,29,1,0,5,1,6,,1.18,1.18,1.18,41.5,,,,,
FF,2025-10-02,94.2,-2.56,5.49,"Valera, George",671655,656427,,called_strike,,,,,13,Called Strike,F,L,R,CLE,DET,S,,,0,0,2025,-0.53,1.38,-0.8592770203227329,1.6621489629874595,,,,0,4,Bot,,,,,,,5.654584556762638,-136.9159966720141,-7.366354261709967,-7.9435969414074314,29.03216833088026,-13.398368587585965,3.62479822914232,1.56679463876161,,,,95,2294,6.7,813073,693307,679529,650402,656716,595879,682985,678009,672761,53.79,,,,,,,,29,1,4-Seam Fastball,0,1,0,1,1,0,0,1,Infield shade,Standard,213,-0.005,-0.039,,,,0.039,,-1,-1,0.428,0.428,29,24,30,25,2,1,8,1,5,,1.19,0.53,-0.53,28.7,,,,,
ST,2025-10-02,84.9,-2.15,5.78,"Meadows, Parker",678009,677944,,called_strike,,,,,5,Called Strike,F,L,R,CLE,DET,S,,,0,0,2025,0.88,-0.07,0.22500629561329988,2.3689517075263327,,,,1,3,Top,,,,,,,3.8143931812616962,-123.65328545056273,-1.5264188219645347,8.232443349296004,25.10941026531719,-32.78065611482197,3.60763947857545,1.66595057915917,,,,85.3,2610,6.5,813073,666310,692216,677587,608070,672356,680757,800050,671655,53.97,,,,,,,,16,1,Sweeper,0,0,0,0,0,0,0,0,Infield shade,Standard,66,0.003,-0.039,,,,0.039,,0,0,0.525,0.475,26,25,26,26,1,0,6,1,,2,3.23,-0.88,0.88,35.8,,,,,
FF,2025-10-02,92.5,0.55,5.77,"Dingler, Dillon",693307,676282,,ball,,,,,13,Ball,F,R,L,CLE,DET,B,,,0,0,2025,0.85,1.32,-0.19712311370054802,0.6045107987204004,,,,2,6,Top,,,,,,,-3.8325733797518793,-134.35558609884512,-10.483440575426402,11.075983678897256,27.15655475230605,-14.113603495932873,3.53753924144917,1.58929106915564,,,,94.7,1875,7.5,813073,666310,692216,677587,608070,672356,680757,800050,671655,52.95,,,,,,,,42,1,4-Seam Fastball,1,1,1,1,1,1,1,1,Infield shade,Strategic,153,-0.002,0.037,,,,-0.037,,0,0,0.559,0.44099999999999995,25,26,26,27,2,2,5,1,,2,1.33,0.85,-0.85,51.6,,,,,
FF,2025-10-02,93.2,2.69,5.56,"Grisham, Trent",663757,813349,single,hit_into_play,,,,,2,Trent Grisham singles on a sharp ground ball to right fielder Wilyer Abreu.,F,L,L,NYY,BOS,X,9,ground_ball,0,0,2025,0.86,1.35,0.0684273451148456,3.095699522496412,,,,2,3,Bot,153.81,106.25,,,,,-8.745392551027706,-135.3924132779426,-3.5001673218604457,12.586862972357007,32.20597591252446,-15.080248887639977,3.59,1.71,96,100.9,5,94,2223,7.1,813065,665966,663993,663853,608324,596115,680776,678882,677800,53.42,0.595,0.552,0.9,1,1,0,4,20,1,4-Seam Fastball,0,0,0,0,0,0,0,0,Infield shade,Standard,125,0.014,0.325,70.0,7.2,0.683,-0.325,100.9,0,0,0.512,0.512,23,28,23,29,2,1,5,1,,2,1.31,0.86,0.86,31.7,15.552820092933423,2.820880534091286,27.643884407729594,38.80883855566775,22.741226494617628
FC,2025-10-02,85.8,-1.38,6.05,"Fermin, Freddy",666023,592791,,called_strike,,,,,9,Called Strike,F,R,R,CHC,SD,S,,,0,1,2025,0.49,0.5,0.5769791735659872,1.5170125606415996,,,,1,3,Top,,,,,,,3.670976599021627,-124.95137801037316,-5.598397110657413,4.54702389459871,22.54624496758451,-26.074005732934562,3.21612674567675,1.51748860058866,,,,87.2,2606,6.9,813059,608348,683737,663538,807713,621020,664023,691718,673548,53.6,,,,,,,,20,2,Cutter,2,0,0,2,0,2,0,2,Standard,Standard,157,0.004,-0.052,,,,0.052,,2,-2,0.739,0.261,33,30,34,30,1,0,5,1,6,,2.57,-0.49,-0.49,46.3,,,,,
FC,2025-10-02,91.6,-1.95,6.27,"Gonzalez, Romy",663853,693645,,ball,,,,,14,Ball,F,R,R,NYY,BOS,B,,,0,1,2025,0.63,0.08,1.180046310837306,0.5058628223854815,,,,1,3,Top,,,,,,,6.546277845771906,-133.156367859161,-8.876712893016185,6.1500813272037185,28.090763911424087,-29.554070461466274,3.56312878988784,1.70184772294024,,,,91.9,2496,6.5,813065,669224,700250,665862,642708,683011,641355,663757,592450,54.02,,,,,,,,16,2,Cutter,0,0,0,0,0,0,0,0,Strategic,Standard,119,-0.002,0.029,,,,-0.029,,0,0,0.528,0.472,24,28,24,29,1,0,5,1,6,,2.64,-0.63,-0.63,41.0,,,,,
SL,2025-10-02,86,-2.62,5.33,"Kwan, Steven",680757,656427,field_out,hit_into_play,,,,,9,"Steven Kwan grounds out softly, third baseman Zach McKinstry to first baseman Spencer Torkelson.",F,L,R,CLE,DET,X,5,ground_ball,1,1,2025,0.56,0.12,0.31466510684868326,1.4788152212237047,,,,2,3,Bot,114.25,186.45,,,,,5.851251821094984,-125.16077806639898,-3.166295484925212,4.782007770117018,24.621155349311092,-30.44467045742212,3.15,1.43,1,33.1,-63,86.6,2403,6.6,813073,693307,679529,650402,656716,595879,682985,678009,672761,53.86,0.238,0.218,0,1,0,0,1,23,3,Slider,0,1,0,1,1,0,0,1,Standard,Standard,124,-0.012,-0.244,67.3,7.6,0.239,0.244,88.0,-1,-1,0.389,0.389,29,27,30,28,2,1,8,1,5,,2.95,-0.56,0.56,25.8,22.81615124264156,-27.631334733377717,37.034599331188055,27.663271062327283,50.402364394866
FF,2025-10-02,91.4,0.51,5.81,"Greene, Riley",682985,676282,field_out,hit_into_play,,,,,3,Riley Greene flies out to center fielder Chase DeLauter.,F,L,L,CLE,DET,X,8,fly_ball,2,1,2025,0.55,1.17,0.3976878222973018,3.1218476338987604,,,,1,6,Top,157.94,89.49,,,,,-1.4944190358108944,-133.1319688429406,-3.53315426617584,6.905118875136066,25.9971208189046,-17.652560939304585,3.6,1.71,284,80.1,38,93.6,1827,7.3,813073,666310,692216,677587,608070,672356,680757,800050,671655,53.16,0.033,0.038,0,1,0,0,3,41,4,4-Seam Fastball,1,1,1,1,1,1,1,1,Infield shade,Standard,156,0.029,-0.298,71.2,7.3,0.061,0.298,88.0,0,0,0.53,0.47,25,24,26,25,2,2,5,1,,2,1.53,0.55,0.55,52.8,29.22472317783782,30.135146272944965,37.14642616025748,30.319736568172267,33.4000431790902
SL,2025-10-02,86.2,-2.03,5.84,"Báez, Javier",595879,677944,field_out,hit_into_play,,,,,6,Javier Báez flies out to right fielder George Valera.,F,R,R,CLE,DET,X,9,fly_ball,2,2,2025,0.68,-0.32,0.364498195317458,2.3971569487788913,,,,0,3,Top,169.47,111.89,,,,,4.3244044106383175,-125.48937226519637,-1.3152454424316529,6.309464351392835,24.686771948029804,-35.53163442344589,3.52,1.64,248,81.1,36,86.6,2614,6.5,813073,666310,692216,677587,608070,672356,680757,800050,671655,54.02,0.033,0.035,0,1,0,0,3,15,7,Slider,0,0,0,0,0,0,0,0,Infield shade,Standard,52,0.021,-0.232,77.1,8.1,0.057,0.232,88.0,0,0,0.504,0.496,26,32,26,33,1,0,6,1,,2,3.38,-0.68,-0.68,37.1,-0.2784783616047328,5.64523314701884,31.07162021969222,37.77450329938445,24.64015848606161
ST,2025-10-02,82.7,3,5.28,"Wells, Austin",669224,813349,strikeout,called_strike,,,,,8,Austin Wells called out on strikes.,F,L,L,NYY,BOS,S,2,,2,2,2025,-1.41,-0.05,-0.02435838922169098,2.101018422714899,,,,1,3,Bot,,,,,,,-4.173551516562143,-120.32610522071761,-0.5372064379070643,-12.57266714672643,27.672899162935344,-32.779892741774546,3.53666638517102,1.59540555634876,,,,82.8,2564,6.8,813065,665966,663993,663853,608324,596115,680776,678882,677800,53.74,,0,0,1,0,0,,19,5,Sweeper,0,0,0,0,0,0,0,0,Infield shade,Standard,305,-0.015,-0.228,,,,0.228,,0,0,0.527,0.527,23,25,23,26,1,0,5,1,,2,3.43,-1.41,-1.41,24.7,,,,,
CH,2025-10-02,87.2,-2.85,5.1,"Kwan, Steven",680757,656427,,ball,,,,,13,Ball,F,L,R,CLE,DET,B,,,0,1,2025,-1.4,0.58,-0.3130545721097402,0.5218314885848052,,,,2,3,Bot,,,,,,,9.068324449530655,-126.50870981402291,-6.020122706642336,-16.995955474679782,27.863282646331754,-24.795798823311937,3.2595884789923,1.43619931267617,,,,87.7,1920,6.9,813073,693307,679529,650402,656716,595879,682985,678009,672761,53.56,,,,,,,,23,2,Changeup,0,1,0,1,1,0,0,1,Standard,Standard,220,0.001,0.027,,,,-0.027,,-1,-1,0.388,0.388,29,27,30,28,2,1,8,1,5,,2.45,1.4,-1.4,24.3,,,,,
FC,2025-10-02,91.4,-1.89,6.41,"Gonzalez, Romy",663853,693645,,called_strike,,,,,6,Called Strike,F,R,R,NYY,BOS,S,,,0,0,2025,0.77,0.07,0.7587216826013764,2.727811119275271,,,,1,3,Top,,,,,,,5.048613397299793,-133.08217133521913,-3.59287264340664,8.142436432661349,26.874071122464382,-30.81855138039499,3.35133820625081,1.43569046638692,,,,92,2461,6.5,813065,669224,700250,665862,642708,683011,641355,663757,592450,54.03,,,,,,,,16,1,Cutter,0,0,0,0,0,0,0,0,Standard,Standard,131,0.003,-0.039,,,,0.039,,0,0,0.525,0.475,24,28,24,29,1,0,5,1,6,,2.64,-0.77,-0.77,41.5,,,,,
FF,2025-10-02,92,-1.21,6.09,"Fermin, Freddy",666023,592791,,called_strike,,,,,3,Called Strike,F,R,R,CHC,SD,S,,,0,0,2025,-0.54,1.29,0.4377313742426794,2.825345737847669,,,,1,3,Top,,,,,,,5.425747944980792,-133.83649719547023,-5.31029546848867,-7.685063190695571,28.05637843954506,-15.748289068879087,3.09298435356175,1.32913203942609,,,,93.1,2316,6.9,813059,608348,683737,663538,807713,621020,664023,691718,673548,53.61,,,,,,,,20,1,4-Seam Fastball,2,0,0,2,0,2,0,2,Standard,Standard,204,0.003,-0.039,,,,0.039,,2,-2,0.736,0.264,33,30,34,30,1,0,5,1,6,,1.4,0.54,0.54,38.9,,,,,
SI,2025-10-02,94.6,2.9,5.34,"Wells, Austin",669224,813349,,called_strike,,,,,8,Called Strike,F,L,L,NYY,BOS,S,,,2,1,2025,1.55,0.86,0.11886057551155638,2.0892058573106755,,,,1,3,Bot,,,,,,,-10.819442243633398,-137.25671617816604,-4.67322937119304,22.075412018453843,33.56226616681579,-20.371578700109374,3.58958785690647,1.78165994127181,,,,94.9,2167,6.9,813065,665966,663993,663853,608324,596115,680776,678882,677800,53.61,,,,,,,,19,4,Sinker,0,0,0,0,0,0,0,0,Standard,Standard,124,-0.006,-0.07,,,,0.07,,0,0,0.533,0.533,23,25,23,26,1,0,5,1,,2,1.72,1.55,1.55,27.7,,,,,
CH,2025-10-02,83.5,-1.35,6.08,"Cronenworth, Jake",630105,592791,field_out,hit_into_play,,,,,4,"Jake Cronenworth grounds out, second baseman Nico Hoerner to first baseman Michael Busch.",F,L,R,CHC,SD,X,4,ground_ball,2,2,2025,-1.16,0.44,-0.557200682876074,2.407269181946782,,,,0,3,Top,147.45,151.07,,,,,4.132849688944445,-121.56741830196368,-2.9837568470445373,-12.289385327897842,21.454768293520054,-27.405491059021944,3.34,1.61,10,96,-13,84.4,1491,6.6,813059,608348,683737,663538,807713,621020,664023,691718,673548,53.85,0.155,0.145,0,1,0,0,2,19,5,Changeup,2,0,0,2,0,2,0,2,Standard,Standard,234,0.02,-0.232,71.9,7.2,0.156,0.232,96.0,2,-2,0.716,0.28400000000000003,33,31,34,31,1,0,5,1,6,,2.8,1.16,-1.16,42.2,10.155627398015909,1.0215110381767,25.157224553027532,46.34188471654266,31.731575928297794
CU,2025-10-02,78,-1.8,6.04,"Báez, Javier",595879,677944,,foul,,,,,14,Foul,F,R,R,CLE,DET,S,,,2,2,2025,0.78,-1.32,0.5806104146322472,1.5134297899235278,,,,0,3,Top,,,,,,,3.6761287168163315,-113.41859811125151,-0.3025864424628968,5.908790818093602,23.74038028178051,-43.61444600119369,3.52,1.64,30,80.6,-1,77.6,2610,6.4,813073,666310,692216,677587,608070,672356,680757,800050,671655,54.12,,,,,,,,15,6,Curveball,0,0,0,0,0,0,0,0,Standard,Standard,34,0,0,81.2,9.0,,0,88.0,0,0,0.504,0.496,26,32,26,33,1,0,6,1,,2,5.12,-0.78,-0.78,49.4,15.225415449423034,-18.997817475127945,33.039347304751445,40.045956315777566,42.56291665798594
CU,2025-10-02,84.5,-1.64,6.53,"Abreu, Wilyer",677800,693645,field_out,hit_into_play,,,,,8,Wilyer Abreu pops out to third baseman Amed Rosario.,F,L,R,NYY,BOS,X,5,popup,2,1,2025,0.42,-0.59,-0.020357013260689616,1.7784617196904775,,,,0,3,Top,113.78,172.14,,,,,2.9439413778951065,-122.96985987890817,-3.434117898986693,3.560130612807132,28.478446667442146,-37.582071617183004,3.43,1.59,86,82.2,73,84.2,2512,6.5,813065,669224,700250,665862,642708,683011,641355,663757,592450,54.04,0.005,0.006,0,1,0,0,3,15,4,Curveball,0,0,0,0,0,0,0,0,Standard,Standard,32,0.029,-0.305,70.7,7.8,0.006,0.305,88.0,0,0,0.496,0.504,24,26,24,26,1,0,5,1,6,,3.83,-0.42,0.42,49.9,16.164107946004112,-10.560957935560241,30.5810112403612,36.34009330995851,42.66825554535984
FF,2025-10-02,94,-2.57,5.42,"Kwan, Steven",680757,656427,,called_strike,,,,,7,Called Strike,F,L,R,CLE,DET,S,,,0,0,2025,-0.46,1.26,-0.6445684615298464,1.5056495026908123,,,,2,3,Bot,,,,,,,6.053030107809544,-136.64495624851676,-7.210997271255228,-7.199505951646676,31.591330168988062,-15.010398100603224,3.35088035416348,1.46711263429019,,,,94.1,2337,6.5,813073,693307,679529,650402,656716,595879,682985,678009,672761,53.98,,,,,,,,23,1,4-Seam Fastball,0,1,0,1,1,0,0,1,Standard,Standard,214,-0.002,-0.043,,,,0.043,,-1,-1,0.39,0.39,29,27,30,28,2,1,8,1,5,,1.34,0.46,-0.46,31.2,,,,,
CH,2025-10-02,79.7,0.66,5.9,"Greene, Riley",682985,676282,,called_strike,,,,,6,Called Strike,F,L,L,CLE,DET,S,,,2,0,2025,0.74,0.99,0.8045726864666205,2.926511077090158,,,,1,6,Top,,,,,,,-1.0838473466635075,-116.13202364575493,-1.7143953213189702,6.872928798501966,20.714976245313125,-23.09113426867959,3.69783011054071,1.68685612221856,,,,81.4,1344,7.3,813073,666310,692216,677587,608070,672356,680757,800050,671655,53.22,,,,,,,,41,3,Changeup,1,1,1,1,1,1,1,1,Strategic,Standard,132,0.007,-0.066,,,,0.066,,0,0,0.523,0.477,25,24,26,25,2,2,5,1,,2,2.58,0.74,0.74,51.6,,,,,
KC,2025-10-02,79.9,-2.7,5.01,"Rocchio, Brayan",677587,656427,strikeout,swinging_strike,,,,,14,Brayan Rocchio strikes out swinging.,F,L,R,CLE,DET,S,2,,2,2,2025,0.9,-0.81,0.6429421854213844,1.045483844752909,,,,1,3,Bot,,,,,,,5.7313555774958225,-116.29128237033413,-0.44937700671251013,7.032872176849622,22.665657868580563,-39.67717369496374,3.09,1.41,,,,80.8,2386,7,813073,693307,679529,650402,656716,595879,682985,678009,672761,53.54,,0,0,1,0,0,,22,5,Knuckle Curve,0,1,0,1,1,0,0,1,Infield shade,Standard,58,-0.016,-0.228,65.4,8.1,,0.228,,-1,-1,0.406,0.406,29,24,30,24,1,0,8,1,5,,4.39,-0.9,0.9,21.3,26.727518751380043,-38.60226767792383,39.07927275717178,25.253559282796168,50.72845335464056
CU,2025-10-02,77.2,0.72,5.98,"Greene, Riley",682985,676282,,ball,,,,,13,Ball,F,L,L,CLE,DET,B,,,1,0,2025,-0.33,-1.33,-0.15275908301356272,0.8563295976181147,,,,1,6,Top,,,,,,,-1.263159017467285,-112.3558840840175,-1.4667611760587662,-2.569267268866613,21.857966605056557,-43.34017584286305,3.68184005097322,1.67001431526045,,,,77.9,2559,6.9,813073,666310,692216,677587,608070,672356,680757,800050,671655,53.58,,,,,,,,41,2,Curveball,1,1,1,1,1,1,1,1,Strategic,Standard,337,-0.007,0.071,,,,-0.071,,0,0,0.53,0.47,25,24,26,25,2,2,5,1,,2,5.18,-0.33,-0.33,54.5,,,,,
FF,2025-10-02,98,-1.58,6.67,"Abreu, Wilyer",677800,693645,,ball,,,,,11,Ball,F,L,R,NYY,BOS,B,,,1,1,2025,-0.64,1.41,-1.5067772860202484,2.765069159720401,,,,0,3,Top,,,,,,,1.6665028198237066,-142.48129707285605,-8.21740041739831,-9.111795169218562,37.01075261803501,-11.265647934073607,3.58958785690647,1.59540555634876,,,,97.1,2373,6.1,813065,669224,700250,665862,642708,683011,641355,663757,592450,54.41,,,,,,,,15,3,4-Seam Fastball,0,0,0,0,0,0,0,0,Standard,Standard,207,-0.005,0.055,,,,-0.055,,0,0,0.501,0.499,24,26,24,26,1,0,5,1,6,,0.99,0.64,-0.64,46.1,,,,,
SI,2025-10-02,92.5,2.92,5.38,"Wells, Austin",669224,813349,,called_strike,,,,,2,Called Strike,F,L,L,NYY,BOS,S,,,2,0,2025,1.62,0.74,0.0059055810446426715,3.4880487190883,,,,1,3,Bot,,,,,,,-11.093812748240323,-134.17523824916043,-0.5229442823503576,22.08142167898278,32.781229689006345,-23.395575988421587,3.61604356124931,1.62201878730429,,,,92.9,2141,7,813065,665966,663993,663853,608324,596115,680776,678882,677800,53.53,,,,,,,,19,3,Sinker,0,0,0,0,0,0,0,0,Standard,Standard,127,-0.005,-0.066,,,,0.066,,0,0,0.538,0.538,23,25,23,26,1,0,5,1,,2,1.97,1.62,1.62,28.2,,,,,
SL,2025-10-02,86.3,-2.06,5.78,"Báez, Javier",595879,677944,,ball,,,,,14,Ball,F,R,R,CLE,DET,B,,,1,2,2025,0.4,-0.17,2.4055261693060017,1.8777429614455818,,,,0,3,Top,,,,,,,9.85354752979297,-125.37815955163347,-2.73588038646714,2.375097625878858,23.169888589120102,-33.67982184005608,3.47445648611236,1.59415090823743,,,,87,2570,6.6,813073,666310,692216,677587,608070,672356,680757,800050,671655,53.89,,,,,,,,15,5,Slider,0,0,0,0,0,0,0,0,Standard,Standard,51,-0.003,0.043,,,,-0.043,,0,0,0.507,0.493,26,32,26,33,1,0,6,1,,2,3.22,-0.4,-0.4,38.6,,,,,
FF,2025-10-02,93,-1.34,6.06,"Cronenworth, Jake",630105,592791,,foul,,,,,1,Foul,F,L,R,CHC,SD,S,,,2,1,2025,-0.69,1.43,-0.5928359422546264,3.0131450590309514,,,,0,3,Top,,,,,,,3.4482518876195014,-135.37581663961325,-5.257285868054156,-9.180689106020884,27.285327089716393,-13.670018915489559,3.34,1.61,291,91,48,94.3,2377,6.9,813059,608348,683737,663538,807713,621020,664023,691718,673548,53.65,,,,,,,,19,4,4-Seam Fastball,2,0,0,2,0,2,0,2,Standard,Standard,208,0.008,-0.073,71.7,6.9,,0.073,91.0,2,-2,0.708,0.29200000000000004,33,31,34,31,1,0,5,1,6,,1.19,0.69,-0.69,43.0,2.711706449749251,7.293131832800548,21.55889937579802,46.89652289240231,22.946545767112525
FF,2025-10-02,91.7,-1.3,6.03,"Cronenworth, Jake",630105,592791,,called_strike,,,,,14,Called Strike,F,L,R,CHC,SD,S,,,2,0,2025,-0.52,1.48,0.8341024434919957,2.0341155946345135,,,,0,3,Top,,,,,,,6.605232144215937,-133.27187791079984,-7.547179451654443,-7.547216431904899,27.44004446844426,-13.042332283715297,3.27206862925895,1.61328810713464,,,,92.9,2416,7,813059,608348,683737,663538,807713,621020,664023,691718,673548,53.51,,,,,,,,19,3,4-Seam Fastball,2,0,0,2,0,2,0,2,Standard,Standard,210,0.009,-0.072,,,,0.072,,2,-2,0.699,0.30100000000000005,33,31,34,31,1,0,5,1,6,,1.22,0.52,-0.52,42.4,,,,,
FF,2025-10-02,98.8,-1.73,6.52,"Abreu, Wilyer",677800,693645,,called_strike,,,,,7,Called Strike,F,L,R,NYY,BOS,S,,,1,0,2025,-0.45,1.54,-0.4426586172574666,1.891733275982961,,,,0,3,Top,,,,,,,4.535045272950888,-143.3872008844847,-10.667134728169973,-7.312180886206992,37.01798541430865,-8.520708099793417,3.53666638517102,1.64863024387784,,,,98.2,2471,6.4,813065,669224,700250,665862,642708,683011,641355,663757,592450,54.15,,,,,,,,15,2,4-Seam Fastball,0,0,0,0,0,0,0,0,Standard,Standard,209,0.005,-0.05,,,,0.05,,0,0,0.496,0.504,24,26,24,26,1,0,5,1,6,,0.83,0.45,-0.45,43.8,,,,,
SL,2025-10-02,86.1,-2.78,5.22,"Rocchio, Brayan",677587,656427,,foul,,,,,5,Foul,F,L,R,CLE,DET,S,,,2,1,2025,0.68,0.33,0.22435089265931052,2.4446204747564426,,,,1,3,Bot,,,,,,,5.793188849893913,-125.40707870548842,-1.070078063048693,6.0775663574473455,24.49715118261768,-28.644206041161404,3.09,1.41,322,103.9,20,87,2454,6.7,813073,693307,679529,650402,656716,595879,682985,678009,672761,53.8,,,,,,,,22,4,Slider,0,1,0,1,1,0,0,1,Standard,Standard,142,-0.006,-0.07,70.8,7.2,,0.07,103.9,-1,-1,0.412,0.412,29,24,30,24,1,0,8,1,5,,2.73,-0.68,0.68,25.3,12.889254960631574,-16.680488720280167,26.84368405000478,29.035610150844214,40.16456054959056
SL,2025-10-02,84.5,-1.99,5.84,"Báez, Javier",595879,677944,,foul,,,,,14,Foul,F,R,R,CLE,DET,S,,,1,2,2025,0.45,-0.35,1.7468729507359932,1.3603612874771347,,,,0,3,Top,,,,,,,7.8431156539141815,-122.90438354649787,-3.4324008525395806,3.078177629171202,23.318060325259815,-35.230723966667156,3.52,1.64,1,68.1,-57,85,2606,6.6,813073,666310,692216,677587,608070,672356,680757,800050,671655,53.93,,,,,,,,15,4,Slider,0,0,0,0,0,0,0,0,Standard,Standard,68,0,0,70.0,9.2,,0,88.0,0,0,0.507,0.493,26,32,26,33,1,0,6,1,,2,3.53,-0.45,-0.45,36.7,5.44974200061921,-6.115915967721922,27.73399222207172,53.815099878081924,26.840566776036006
FF,2025-10-02,92.9,0.47,5.75,"Greene, Riley",682985,676282,,ball,,,,,13,Ball,F,L,L,CLE,DET,B,,,0,0,2025,0.51,1.49,-0.6856247923531343,1.3247982176876998,,,,1,6,Top,,,,,,,-4.175019749161743,-135.1049907607866,-9.092867369887527,7.068693379673907,26.300432268283643,-12.165769512063633,3.7183694997795,1.64436306613328,,,,95.6,1860,7.7,813073,666310,692216,677587,608070,672356,680757,800050,671655,52.84,,,,,,,,41,1,4-Seam Fastball,1,1,1,1,1,1,1,1,Standard,Standard,157,-0.004,0.039,,,,-0.039,,0,0,0.534,0.46599999999999997,25,24,26,25,2,2,5,1,,2,1.13,0.51,0.51,57.0,,,,,
ST,2025-10-02,81.9,3.03,5.29,"Wells, Austin",669224,813349,,ball,,,,,13,Ball,F,L,L,NYY,BOS,B,,,1,0,2025,-1.24,-0.13,-1.104640967151536,1.9836207210433145,,,,1,3,Bot,,,,,,,-7.002243344028732,-118.94581705657176,-0.4813910394780927,-9.996788472690458,27.7016399514726,-33.50815937879287,3.56312878988784,1.59540555634876,,,,82.2,2479,7.1,813065,665966,663993,663853,608324,596115,680776,678882,677800,53.43,,,,,,,,19,2,Sweeper,0,0,0,0,0,0,0,0,Infield shade,Standard,300,0.005,0.071,,,,-0.071,,0,0,0.533,0.533,23,25,23,26,1,0,5,1,,2,3.6,-1.24,-1.24,24.0,,,,,
FF,2025-10-02,92.2,-1.32,6.07,"Cronenworth, Jake",630105,592791,,ball,,,,,14,Ball,F,L,R,CHC,SD,B,,,1,0,2025,-0.47,1.48,0.6137562534143328,1.4530461790336124,,,,0,3,Top,,,,,,,6.012348356926075,-133.88871856731666,-9.226197561346035,-6.919073968801086,27.310013308083825,-12.604626899453327,3.42636662496353,1.61891010469971,,,,93.4,2359,7,813059,608348,683737,663538,807713,621020,664023,691718,673548,53.53,,,,,,,,19,2,4-Seam Fastball,2,0,0,2,0,2,0,2,Standard,Standard,209,-0.009,0.077,,,,-0.077,,2,-2,0.708,0.29200000000000004,33,31,34,31,1,0,5,1,6,,1.2,0.47,-0.47,39.3,,,,,
SL,2025-10-02,86,-2.59,5.26,"Rocchio, Brayan",677587,656427,,ball,,,,,13,Ball,F,L,R,CLE,DET,B,,,1,1,2025,0.85,0.3,-0.16162260756577274,0.7793726928201483,,,,1,3,Bot,,,,,,,4.063539306418515,-125.15284875544924,-5.046523772662689,8.188818722391783,23.812231584359203,-28.238847685688423,3.09948391003347,1.38048075496204,,,,86.9,2459,6.7,813073,693307,679529,650402,656716,595879,682985,678009,672761,53.79,,,,,,,,22,3,Slider,0,1,0,1,1,0,0,1,Infield shade,Standard,145,0.004,0.055,,,,-0.055,,-1,-1,0.408,0.408,29,24,30,24,1,0,8,1,5,,2.77,-0.85,0.85,24.0,,,,,
CH,2025-10-02,91.5,-1.54,6.21,"Johnson, Bryce",669369,641745,hit_by_pitch,hit_by_pitch,,,,,14,Bryce Johnson hit by pitch. Ryan O'Hearn to 2nd.,F,L,R,CHC,SD,B,,,1,2,2025,-0.99,0.63,2.2012325864678663,-1.25239433274586,,,656811,1,9,Top,,,,,,,11.446859322080224,-132.15856122929196,-14.13936199978102,-13.955319769269286,26.59260465221811,-21.874725477444844,3.42,1.63,,,,90.7,1940,6.1,813059,608348,683737,663538,807713,621020,664023,691718,673548,54.41,,0.722289,0.7,1,0,0,,70,4,Changeup,3,1,1,3,1,3,1,3,Standard,Standard,211,-0.1,0.409,,,,-0.409,,2,-2,0.926,0.07399999999999995,29,29,30,30,1,0,2,1,6,,2.12,0.99,-0.99,45.1,,,,,
FF,2025-10-02,98.6,-1.65,6.6,"Abreu, Wilyer",677800,693645,,ball,,,,,13,Ball,F,L,R,NYY,BOS,B,,,0,0,2025,-0.45,1.46,-1.0554175107474133,2.1986184724689446,,,,0,3,Top,,,,,,,2.6688581917860263,-143.15289627137957,-9.800717636199412,-6.823865201284981,36.936281929039836,-10.030594524169569,3.48373166280591,1.62201878730429,,,,98,2377,6.3,813065,669224,700250,665862,642708,683011,641355,663757,592450,54.18,,,,,,,,15,1,4-Seam Fastball,0,0,0,0,0,0,0,0,Standard,Standard,207,-0.004,0.041,,,,-0.041,,0,0,0.5,0.5,24,26,24,26,1,0,5,1,6,,0.92,0.45,-0.45,45.7,,,,,
FF,2025-10-02,93.8,0.59,5.83,"Torkelson, Spencer",679529,676282,field_out,hit_into_play,,,,,4,Spencer Torkelson lines out to right fielder George Valera.,F,R,L,CLE,DET,X,9,line_drive,0,1,2025,0.42,1.42,-0.45027604296083273,2.411747380884525,,,,0,6,Top,176.6,104.47,,,,,-3.687454014425439,-136.53710480842824,-6.395210635065261,5.980091907856057,28.024907733334086,-13.241369907827563,3.5,1.64,269,86,21,95.7,1918,7.2,813073,666310,692216,677587,608070,672356,680757,800050,671655,53.26,0.471,0.441,0,1,0,0,3,40,2,4-Seam Fastball,1,1,1,1,1,1,1,1,Standard,Standard,156,0.029,-0.22,68.6,6.7,0.57,0.22,88.0,0,0,0.505,0.495,25,25,26,26,1,2,5,1,,2,1.16,0.42,-0.42,51.7,0.4973268619492386,11.108731235349344,44.31679693122721,31.029320750335167,19.550063100484454
SL,2025-10-02,84.5,-2.06,5.85,"Báez, Javier",595879,677944,,swinging_strike,,,,,14,Swinging Strike,F,R,R,CLE,DET,S,,,1,1,2025,0.36,-0.22,1.4120506394127899,2.2675028997141404,,,,0,3,Top,,,,,,,7.3997532295840385,-122.942887291358,-1.5405169636747849,2.2049247856508036,24.033239079596058,-34.33980721311867,3.52,1.64,,,,84.8,2525,6.4,813073,666310,692216,677587,608070,672356,680757,800050,671655,54.07,,,,,,,,15,3,Slider,0,0,0,0,0,0,0,0,Infield shade,Standard,68,0.006,-0.061,75.1,9.0,,0.061,,0,0,0.501,0.499,26,32,26,33,1,0,6,1,,2,3.41,-0.36,-0.36,38.5,12.270223797966851,-8.08850958222007,22.710850967620203,51.59428406011397,31.728486707467525
FF,2025-10-02,94.5,2.61,5.55,"Wells, Austin",669224,813349,,ball,,,,,13,Ball,F,L,L,NYY,BOS,B,,,0,0,2025,0.6,1.37,-1.678347890875358,2.258761382188148,,,,1,3,Bot,,,,,,,-12.657356848040985,-136.90253575413104,-5.947564827044174,10.49704606619042,33.02190952482216,-13.708606345735996,3.53666638517102,1.64863024387784,,,,95.2,2404,7.2,813065,665966,663993,663853,608324,596115,680776,678882,677800,53.32,,,,,,,,19,1,4-Seam Fastball,0,0,0,0,0,0,0,0,Infield shade,Standard,138,0.003,0.039,,,,-0.039,,0,0,0.53,0.53,23,25,23,26,1,0,5,1,,2,1.22,0.6,0.6,35.1,,,,,
FF,2025-10-02,93.9,-2.61,5.37,"Rocchio, Brayan",677587,656427,,ball,,,,,13,Ball,F,L,R,CLE,DET,B,,,0,1,2025,-0.63,1.32,-1.4246349388835597,1.6550575653127217,,,,1,3,Bot,,,,,,,4.494789175006435,-136.56832295122987,-6.839507722137858,-8.905049158186445,31.515236138508826,-14.309409116503035,3.16977046558916,1.41837359312651,,,,94.4,2296,6.7,813073,693307,679529,650402,656716,595879,682985,678009,672761,53.76,,,,,,,,22,2,4-Seam Fastball,0,1,0,1,1,0,0,1,Infield shade,Standard,213,0.002,0.029,,,,-0.029,,-1,-1,0.406,0.406,29,24,30,24,1,0,8,1,5,,1.28,0.63,-0.63,27.1,,,,,
FF,2025-10-02,91.5,-1.42,6.09,"Cronenworth, Jake",630105,592791,,ball,,,,,11,Ball,F,L,R,CHC,SD,B,,,0,0,2025,-0.56,1.47,-0.886855162030971,3.2984264297380417,,,,0,3,Top,,,,,,,2.562786453863203,-133.2537280740752,-4.4175205248878955,-7.194103700233677,27.924015988265477,-13.84844006839493,3.43586295976415,1.66254793826126,,,,92.4,2382,6.7,813059,608348,683737,663538,807713,621020,664023,691718,673548,53.75,,,,,,,,19,1,4-Seam Fastball,2,0,0,2,0,2,0,2,Standard,Standard,211,-0.004,0.041,,,,-0.041,,2,-2,0.712,0.28800000000000003,33,31,34,31,1,0,5,1,6,,1.24,0.56,-0.56,39.6,,,,,
CH,2025-10-02,91.8,-1.56,6.33,"Johnson, Bryce",669369,641745,,ball,,,,,13,Ball,F,L,R,CHC,SD,B,,,0,2,2025,-0.89,0.34,-1.8706637475604784,1.3088036788275699,,,656811,1,9,Top,,,,,,,1.1389717111609827,-133.589864668744,-7.581088251610551,-10.969678826506229,28.41319633233209,-26.64007119721315,3.45914469021725,1.56733607027016,,,,91.4,1847,6,813059,608348,683737,663538,807713,621020,664023,691718,673548,54.51,,,,,,,,70,3,Changeup,3,1,1,3,1,3,1,3,Standard,Standard,211,-0.006,0.01,,,,-0.01,,2,-2,0.932,0.06799999999999995,29,29,30,30,1,0,2,1,6,,2.36,0.89,-0.89,47.0,,,,,
SI,2025-10-02,99.7,-1.8,6.39,"Narváez, Carlos",665966,693645,field_out,hit_into_play,,,,,7,"Carlos Narváez grounds out, shortstop Anthony Volpe to first baseman Ben Rice.",F,R,R,NYY,BOS,X,6,ground_ball,2,0,2025,-1.25,0.98,-0.30658283446888035,2.0572884866525145,,,807799,2,2,Top,117.83,160.49,,,,,7.021732354888689,-144.82263366476616,-8.80501803492334,-19.210043668345858,34.11319767826291,-16.41529409443187,3.49,1.57,3,96,-31,99.6,2369,6.3,813065,669224,700250,665862,642708,683011,641355,663757,592450,54.17,0.054,0.053,0,1,0,0,2,10,3,Sinker,0,0,0,0,0,0,0,0,Strategic,Standard,207,0.03,-0.353,76.1,7.6,0.054,0.353,96.0,0,0,0.521,0.479,24,26,24,27,1,0,5,1,6,,1.32,1.25,1.25,39.9,2.2790603857405713,12.337691547369513,33.92095098753633,35.319994758193204,29.207501663300285
CU,2025-10-02,81.6,2.87,5.54,"Volpe, Anthony",683011,813349,strikeout,swinging_strike,,,,,8,Anthony Volpe strikes out swinging.,F,R,L,NYY,BOS,S,2,,2,2,2025,-0.9,-1.04,0.06929243909223981,1.6962427241220164,,,,0,3,Bot,,,,,,,-4.613495320131645,-118.61184310016884,0.07828947238620354,-7.365227812041025,26.1871496359749,-42.143985960080364,3.41,1.62,,,,82.1,2465,7,813065,665966,663993,663853,608324,596115,680776,678882,677800,53.48,,0,0,1,0,0,,18,5,Curveball,0,0,0,0,0,0,0,0,Standard,Standard,326,-0.021,-0.232,74.4,7.8,,0.232,,0,0,0.551,0.551,23,24,23,24,1,0,5,1,,2,4.51,-0.9,0.9,33.2,12.566203068126516,-7.241068860443386,33.49551034600768,39.388115426149554,33.389219498591714
CH,2025-10-02,80.1,0.59,5.9,"Torkelson, Spencer",679529,676282,,called_strike,,,,,5,Called Strike,F,R,L,CLE,DET,S,,,0,0,2025,0.59,1.28,0.2692745843718851,2.5273994084855094,,,,0,6,Top,,,,,,,-1.8695673540626296,-116.63433538567051,-3.2396926835293485,5.7848442957265895,21.19465424368112,-20.08130485089208,3.50286840661411,1.63749728275038,,,,81.8,1490,7.3,813073,666310,692216,677587,608070,672356,680757,800050,671655,53.2,,,,,,,,40,1,Changeup,1,1,1,1,1,1,1,1,Standard,Standard,133,0.005,-0.039,,,,0.039,,0,0,0.5,0.5,25,25,26,26,1,2,5,1,,2,2.26,0.59,-0.59,53.3,,,,,
CU,2025-10-02,79,-1.86,6.01,"Báez, Javier",595879,677944,,ball,,,,,14,Ball,F,R,R,CLE,DET,B,,,0,1,2025,0.62,-0.64,2.1960110900813024,0.21317319765382603,,,,0,3,Top,,,,,,,7.675624190185605,-114.8465641199447,-4.616439037101063,4.074779640607177,21.422534830664965,-37.137154439928345,3.40901092929985,1.5880023155478,,,,79.1,2425,6.4,813073,666310,692216,677587,608070,672356,680757,800050,671655,54.1,,,,,,,,15,2,Curveball,0,0,0,0,0,0,0,0,Infield shade,Standard,35,-0.003,0.031,,,,-0.031,,0,0,0.504,0.496,26,32,26,33,1,0,6,1,,2,4.3,-0.62,-0.62,45.6,,,,,
FF,2025-10-02,99,-1.43,6.63,"Narváez, Carlos",665966,693645,,ball,,,,,9,Ball,F,R,R,NYY,BOS,B,,,1,0,2025,-0.32,1.52,0.8116319294061181,2.142634410347964,,,807799,2,2,Top,,,,,,,6.840665157675573,-143.66356144969268,-10.300510795779568,-6.110401247380591,34.5987143880298,-8.828380570168745,3.61604356124931,1.64863024387784,,,,98.6,2418,6.3,813065,669224,700250,665862,642708,683011,641355,663757,592450,54.22,,,,,,,,10,2,4-Seam Fastball,0,0,0,0,0,0,0,0,Strategic,Standard,200,-0.005,0.048,,,,-0.048,,0,0,0.526,0.474,24,26,24,27,1,0,5,1,6,,0.82,0.32,0.32,49.6,,,,,
CH,2025-10-02,92.4,-1.53,6.29,"Johnson, Bryce",669369,641745,,swinging_strike,,,,,13,Swinging Strike,F,L,R,CHC,SD,S,,,0,1,2025,-0.97,0.59,-0.6870687135241856,1.1057153699394335,,,656811,1,9,Top,,,,,,,4.235637677723916,-134.3755732797607,-8.678598268933778,-12.72210230280989,26.884252732737366,-23.376675238304347,3.42,1.63,,,,92.2,1897,6,813059,608348,683737,663538,807713,621020,664023,691718,673548,54.47,,,,,,,,70,2,Changeup,3,1,1,3,1,3,1,3,Standard,Standard,212,0.014,-0.047,69.9,7.8,,0.047,,2,-2,0.918,0.08199999999999996,29,29,30,30,1,0,2,1,6,,2.06,0.97,-0.97,46.4,13.692163242123204,-0.6274277686948743,42.09460738069625,44.83047513421018,30.510055488828876
CH,2025-10-02,82.8,-1.44,6.11,"Sheets, Gavin",657757,592791,strikeout,swinging_strike,,,,,13,Gavin Sheets strikes out swinging.,F,L,R,CHC,SD,S,2,,2,2,2025,-1.1,0.41,-0.19872872442842482,1.1769373601334885,,,656811,2,2,Top,,,,,,,5.002373254468028,-120.39121276829289,-5.57841009072117,-11.64819444216144,23.980044215718703,-27.283339438926475,3.51,1.71,,,,83.2,1702,6.7,813059,608348,683737,663538,807713,621020,664023,691718,673548,53.83,,0,0,1,0,0,,11,6,Changeup,0,0,0,0,0,0,0,0,Strategic,Standard,234,0.02,-0.216,77.0,9.2,,0.216,,0,0,0.531,0.469,33,29,34,29,1,0,5,1,6,,2.93,1.1,-1.1,48.1,13.95843280751382,-33.18546618577859,29.528478615389833,41.70034779751518,48.91001015497366
CH,2025-10-02,80.2,0.73,5.84,"Pérez, Wenceel",672761,676282,grounded_into_double_play,hit_into_play,,,,,12,"Wenceel Pérez grounds into a double play, second baseman Brayan Rocchio to first baseman CJ Kayfus. Kerry Carpenter out at 2nd. Wenceel Pérez out at 1st.",F,R,L,CLE,DET,X,4,ground_ball,2,2,2025,0.53,0.7,1.04663672410399,2.4586957414417556,,,681481,1,5,Top,132.52,146.32,,,,,-0.3080982201168082,-116.92680503279777,-2.185983221143025,4.932307778626009,20.70313156622529,-25.561733276255215,3.18,1.47,8,91.8,-17,82.1,1392,7.3,813073,666310,692216,677587,608070,672356,680757,800050,671655,53.16,0.155,0.144,0,1,0,0,2,35,5,Changeup,1,1,1,1,1,1,1,1,Standard,Standard,129,0.064,-0.285,62.3,6.7,0.177,0.285,91.8,0,0,0.503,0.497,25,25,26,26,1,2,5,1,,2,2.82,0.53,-0.53,51.5,-3.4573861625187576,7.419321963077093,20.289322188655913,43.251957273221485,22.109728322001228
SL,2025-10-02,86,-2.81,5.36,"Rocchio, Brayan",677587,656427,,called_strike,,,,,4,Called Strike,F,L,R,CLE,DET,S,,,0,0,2025,0.79,0.29,-0.604415794659277,2.147105852261934,,,,1,3,Bot,,,,,,,3.6683069083745536,-125.33722007797839,-2.0537041515373953,7.68249500544587,22.638567118117642,-28.86736231091563,3.15889214789345,1.38099070080273,,,,87,2462,6.6,813073,693307,679529,650402,656716,595879,682985,678009,672761,53.91,,,,,,,,22,1,Slider,0,1,0,1,1,0,0,1,Standard,Standard,146,-0.003,-0.039,,,,0.039,,-1,-1,0.409,0.409,29,24,30,24,1,0,8,1,5,,2.75,-0.79,0.79,29.1,,,,,
SL,2025-10-02,88.3,3.05,5.42,"Volpe, Anthony",683011,813349,,called_strike,,,,,13,Called Strike,F,R,L,NYY,BOS,S,,,2,1,2025,-0.03,0.61,-0.8851163777470421,1.7509795898582348,,,,0,3,Bot,,,,,,,-9.602994231380553,-128.16589525811273,-4.099275872688159,1.7350251028690589,27.883528080540373,-24.725909070971824,3.40430517411469,1.70184772294024,,,,88.8,2396,6.9,813065,665966,663993,663853,608324,596115,680776,678882,677800,53.62,,,,,,,,18,4,Slider,0,0,0,0,0,0,0,0,Standard,Standard,132,-0.008,-0.073,,,,0.073,,0,0,0.559,0.559,23,24,23,24,1,0,5,1,,2,2.34,-0.03,0.03,25.8,,,,,
SL,2025-10-02,85.1,-2.13,5.83,"Báez, Javier",595879,677944,,swinging_strike,,,,,14,Swinging Strike,F,R,R,CLE,DET,S,,,0,0,2025,0.39,-0.34,1.1919646709595435,1.7690148977181273,,,,0,3,Top,,,,,,,7.041942213768801,-123.93630513812637,-2.596079323432914,2.8021978312923568,22.44898326293722,-35.42916321810284,3.52,1.64,,,,85.8,2653,6.5,813073,666310,692216,677587,608070,672356,680757,800050,671655,54.03,,,,,,,,15,1,Slider,0,0,0,0,0,0,0,0,Infield shade,Standard,64,0.004,-0.039,76.3,8.9,,0.039,,0,0,0.5,0.5,26,32,26,33,1,0,6,1,,2,3.46,-0.39,-0.39,37.1,7.181762292002638,0.9759292975585515,28.524203947098815,49.6785715524885,23.195305343315603
FF,2025-10-02,93.8,-1.54,5.99,"Sheets, Gavin",657757,592791,,foul,,,,,4,Foul,F,L,R,CHC,SD,S,,,2,2,2025,-0.55,1.45,-0.7704091433333878,2.765937288737599,,,656811,2,2,Top,,,,,,,3.2413870022811513,-136.46474113957962,-5.882395819860706,-7.610244128779914,29.602014306129423,-13.00964986927068,3.51,1.71,278,84,45,95,2349,7,813059,608348,683737,663538,807713,621020,664023,691718,673548,53.55,,,,,,,,11,5,4-Seam Fastball,0,0,0,0,0,0,0,0,Strategic,Standard,208,0,0,74.3,7.0,,0,88.0,0,0,0.531,0.469,33,29,34,29,1,0,5,1,6,,1.14,0.55,-0.55,38.9,-5.463446371032563,24.32256833185705,21.51631197951126,48.50328041146174,13.939914591556612
FF,2025-10-02,95.2,-1.59,6.28,"Johnson, Bryce",669369,641745,,foul,,,,,9,Foul,F,L,R,CHC,SD,S,,,0,0,2025,0.05,1.18,0.4164997281906996,1.6638201864319422,,,656811,1,9,Top,,,,,,,5.104810629370651,-138.36648699808805,-9.072585774727969,-0.3916742527213131,28.475740662635832,-15.214616422874462,3.42,1.63,3,92.9,-29,94.8,2359,5.9,813059,608348,683737,663538,807713,621020,664023,691718,673548,54.56,,,,,,,,70,1,4-Seam Fastball,3,1,1,3,1,3,1,3,Standard,Standard,201,0.008,-0.04,68.4,7.4,,0.04,92.9,2,-2,0.91,0.08999999999999997,29,29,30,30,1,0,2,1,6,,1.32,-0.05,0.05,44.6,12.138705064059334,7.706782231878639,44.89359530798443,31.794839907183054,28.225932948183768
CH,2025-10-02,79.8,0.63,5.8,"Pérez, Wenceel",672761,676282,,swinging_strike,,,,,14,Swinging Strike,F,R,L,CLE,DET,S,,,2,1,2025,0.48,0.89,0.9519377792549419,1.951854996037857,,,681481,1,5,Top,,,,,,,-0.20556471898203432,-116.35633102275213,-3.5798618659683985,4.395762239579681,19.551143475008676,-23.63996415840263,3.18,1.47,,,,82.3,1384,7.6,813073,666310,692216,677587,608070,672356,680757,800050,671655,52.9,,,,,,,,35,4,Changeup,1,1,1,1,1,1,1,1,Standard,Standard,129,0.011,-0.075,74.6,8.3,,0.075,,0,0,0.492,0.508,25,25,26,26,1,2,5,1,,2,2.65,0.48,-0.48,51.7,21.01211276893721,-44.5145614262869,23.676760688757813,41.235422227049014,53.721510261764756
CH,2025-10-02,87,-2.16,5.72,"McKinstry, Zach",656716,677944,field_out,hit_into_play,,,,,14,Zach McKinstry grounds out to first baseman CJ Kayfus.,F,L,R,CLE,DET,X,3,ground_ball,1,1,2025,-1.25,0.17,0.19489752591159593,1.302068890760347,,,,2,2,Top,156.82,172.14,,,,,8.211094659010618,-126.3579332221328,-4.733314420579164,-15.045518176659524,26.45390076084359,-29.561799125153705,3.27,1.52,16,79.9,-4,87.1,1832,6.5,813073,666310,692216,677587,608070,672356,680757,800050,671655,54,0.147,0.132,0,1,0,0,2,10,3,Changeup,0,0,0,0,0,0,0,0,Standard,Standard,237,0.01,-0.244,72.9,7.3,0.189,0.244,88.0,0,0,0.541,0.45899999999999996,26,30,26,30,1,0,6,1,,2,2.86,1.25,-1.25,35.2,14.923941968493688,-6.984429295383729,45.32988987293784,32.350203561253906,37.69182143940786
SI,2025-10-02,99.4,-1.71,6.35,"Narváez, Carlos",665966,693645,,ball,,,,,14,Ball,F,R,R,NYY,BOS,B,,,0,0,2025,-1.15,0.84,0.1754249623062596,1.3272735586335063,,,807799,2,2,Top,,,,,,,7.849761990553305,-144.277962512434,-10.353694177945401,-17.793481450283856,32.03593732442342,-18.175229742013133,3.45725939538842,1.56879057879124,,,,99.7,2285,6.5,813065,669224,700250,665862,642708,683011,641355,663757,592450,54.01,,,,,,,,10,1,Sinker,0,0,0,0,0,0,0,0,Strategic,Standard,209,-0.002,0.035,,,,-0.035,,0,0,0.528,0.472,24,26,24,27,1,0,5,1,6,,1.47,1.15,1.15,41.5,,,,,
FF,2025-10-02,95,-2.54,5.5,"Kayfus, CJ",692216,656427,field_out,hit_into_play,,,,,4,CJ Kayfus lines out sharply to shortstop Javier Báez.,F,L,R,CLE,DET,X,6,line_drive,2,1,2025,-0.56,1.26,-0.3680167905690964,2.798092479697418,,,,0,3,Bot,113.89,125.87,,,,,7.007169397552092,-138.27657290388407,-4.303544781105762,-8.68291383026264,28.455070077752566,-15.220781434250487,3.47,1.61,190,103.1,8,96,2349,6.7,813073,693307,679529,650402,656716,595879,682985,678009,672761,53.81,0.651,0.586,0,1,0,0,4,21,4,4-Seam Fastball,0,1,0,1,1,0,0,1,Infield shade,Standard,208,-0.032,-0.305,69.1,5.9,0.72,0.305,103.1,-1,-1,0.441,0.441,29,23,30,24,1,0,8,1,5,,1.25,0.56,-0.56,31.0,0.30233462431961794,13.30371146288719,34.459592724619355,34.00280530778766,22.82940449078673
FF,2025-10-02,92.5,2.77,5.59,"Volpe, Anthony",683011,813349,,foul,,,,,6,Foul,F,R,L,NYY,BOS,S,,,2,0,2025,0.92,1.37,0.46440758598837806,2.633383942962899,,,,0,3,Bot,,,,,,,-8.001713845164629,-134.3379582354698,-4.732619992192494,12.867803440397523,30.690350171406397,-14.78806792764996,3.41,1.62,161,78.7,14,93.6,2233,7.2,813065,665966,663993,663853,608324,596115,680776,678882,677800,53.33,,,,,,,,18,3,4-Seam Fastball,0,0,0,0,0,0,0,0,Standard,Standard,134,-0.008,-0.072,74.6,7.1,,0.072,88.0,0,0,0.567,0.567,23,24,23,24,1,0,5,1,,2,1.32,0.92,-0.92,33.6,7.341664997555794,21.533098742634984,30.58407527084893,43.56436695881204,15.254510463920633
CH,2025-10-02,86.4,-2.06,5.75,"McKinstry, Zach",656716,677944,,ball,,,,,11,Ball,F,L,R,CLE,DET,B,,,0,1,2025,-1.2,0.14,-2.800888114378103,3.3836502942759044,,,,2,2,Top,,,,,,,0.672583506128881,-125.9136632988098,0.2837920759797863,-12.869715392132003,26.36940760281379,-30.951371620350958,3.34924105465724,1.4562167724021,,,,86.3,1747,6.2,813073,666310,692216,677587,608070,672356,680757,800050,671655,54.28,,,,,,,,10,2,Changeup,0,0,0,0,0,0,0,0,Standard,Standard,239,-0.001,0.027,,,,-0.027,,0,0,0.542,0.45799999999999996,26,30,26,30,1,0,6,1,,2,2.91,1.2,-1.2,32.9,,,,,
CH,2025-10-02,84.2,3.09,5.47,"Volpe, Anthony",683011,813349,,ball,,,,,14,Ball,F,R,L,NYY,BOS,B,,,1,0,2025,1.1,-0.08,1.1247317063515418,2.361095225317908,,,,0,3,Bot,,,,,,,-6.848717142829069,-122.52532729489137,-0.7120080610068138,12.40775646403409,22.61580639774034,-33.006590353926335,3.45725939538842,1.59540555634876,,,,85.5,1353,7,813065,665966,663993,663853,608324,596115,680776,678882,677800,53.52,,,,,,,,18,2,Changeup,0,0,0,0,0,0,0,0,Standard,Standard,98,0.008,0.077,,,,-0.077,,0,0,0.559,0.559,23,24,23,24,1,0,5,1,,2,3.27,1.1,-1.1,31.5,,,,,
CH,2025-10-02,82.1,-1.38,6.15,"Sheets, Gavin",657757,592791,,ball,,,,,7,Ball,F,L,R,CHC,SD,B,,,1,2,2025,-1.27,0.5,-0.712176621935604,1.5182120530530425,,,656811,2,2,Top,,,,,,,4.0087914905157085,-119.51587833195764,-4.962777486849868,-12.93952145372089,22.657254361972004,-26.613460589154908,3.41692811713872,1.6304970185415,,,,82.7,1736,6.6,813059,608348,683737,663538,807713,621020,664023,691718,673548,53.85,,,,,,,,11,4,Changeup,0,0,0,0,0,0,0,0,Strategic,Standard,232,-0.004,0.033,,,,-0.033,,0,0,0.535,0.46499999999999997,33,29,34,29,1,0,5,1,6,,2.87,1.27,-1.27,43.0,,,,,
CH,2025-10-02,79,0.79,5.83,"Pérez, Wenceel",672761,676282,,ball,,,,,12,Ball,F,R,L,CLE,DET,B,,,1,1,2025,0.56,0.92,0.5307169442512654,4.001090136869481,,,681481,1,5,Top,,,,,,,-1.6361557145824024,-115.16230065672487,1.0538259877729281,5.31392148291554,19.30992585451382,-24.3053873342355,3.18949786085329,1.49071405891559,,,,80.8,1378,7.2,813073,666310,692216,677587,608070,672356,680757,800050,671655,53.27,,,,,,,,35,3,Changeup,1,1,1,1,1,1,1,1,Standard,Standard,127,-0.007,0.063,,,,-0.063,,0,0,0.499,0.501,25,25,26,26,1,2,5,1,,2,2.69,0.56,-0.56,51.8,,,,,
SL,2025-10-02,84.2,-2.73,5.6,"Kayfus, CJ",692216,656427,,foul,,,,,4,Foul,F,L,R,CLE,DET,S,,,2,0,2025,0.68,0.13,-0.33642366308570837,2.412502334524299,,,,0,3,Bot,,,,,,,4.234267245909944,-122.72770662778112,-1.3510649041254355,6.094434952734067,22.814438612807866,-30.779001079782,3.47,1.61,309,105.2,20,85,2314,6.6,813073,693307,679529,650402,656716,595879,682985,678009,672761,53.92,,,,,,,,21,3,Slider,0,1,0,1,1,0,0,1,Infield shade,Standard,127,-0.009,-0.072,74.2,7.9,,0.072,105.2,-1,-1,0.45,0.45,29,23,30,24,1,0,8,1,5,,3.06,-0.68,0.68,30.9,22.990795147000707,-17.04118736095575,31.418177204956297,35.40257362422548,38.89682391518613
SI,2025-10-02,100.7,-1.67,6.38,"Lowe, Nathaniel",663993,693645,strikeout,called_strike,,,,,8,Nathaniel Lowe called out on strikes.,F,L,R,NYY,BOS,S,2,,2,2,2025,-1.11,0.83,0.14479103387904013,1.768690813252175,,,807799,1,2,Top,,,,,,,7.680728297501229,-146.31275863821395,-9.450333970166652,-17.760882156036814,33.203120470099584,-18.208357608406164,3.6953902493792,1.62201878730429,,,,100.8,2344,6.3,813065,669224,700250,665862,642708,683011,641355,663757,592450,54.17,,0,0,1,0,0,,9,7,Sinker,0,0,0,0,0,0,0,0,Strategic,Standard,210,0.026,-0.222,,,,0.222,,0,0,0.502,0.498,24,29,24,30,1,0,5,1,6,,1.42,1.11,-1.11,40.9,,,,,
FF,2025-10-02,96.1,-1.48,6.29,"O'Hearn, Ryan",656811,641745,hit_by_pitch,hit_by_pitch,,,,,14,Ryan O'Hearn hit by pitch.,F,L,R,CHC,SD,B,,,1,2,2025,0.44,0.8,3.151298147001953,2.060656968440586,,,,1,9,Top,,,,,,,11.206796511465214,-139.4453443672821,-7.403747049527997,3.509493415472027,27.98965471028955,-20.280498856903304,3.43,1.63,,,,95.9,2471,6.1,813059,608348,683737,663538,807713,621020,664023,691718,673548,54.43,,0.722289,0.7,1,0,0,,69,4,4-Seam Fastball,3,1,1,3,1,3,1,3,Infield shade,Standard,193,-0.06,0.492,,,,-0.492,,2,-2,0.97,0.030000000000000027,29,31,30,32,1,3,2,1,6,,1.66,-0.44,0.44,47.9,,,,,
FC,2025-10-02,96.6,-1.61,6.43,"Lowe, Nathaniel",663993,693645,,foul,,,,,12,Foul,F,L,R,NYY,BOS,S,,,2,2,2025,0.47,0.76,0.5911704546194616,3.751538989280565,,,807799,1,2,Top,,,,,,,4.824582609389454,-140.74829804602126,-3.3732778691013774,5.250694752295657,28.725752854537866,-21.518980028582565,3.51,1.62,169,63.3,48,97.6,2418,6.6,813065,669224,700250,665862,642708,683011,641355,663757,592450,53.95,,,,,,,,9,6,Cutter,0,0,0,0,0,0,0,0,Strategic,Standard,167,0,0,69.1,5.8,,0,88.0,0,0,0.502,0.498,24,29,24,30,1,0,5,1,6,,1.66,-0.47,0.47,41.5,1.7840214553858798,34.060723157809946,26.342578279251445,29.842430726171923,21.739197436341726
CU,2025-10-02,76.3,-1.88,6.01,"McKinstry, Zach",656716,677944,,called_strike,,,,,5,Called Strike,F,L,R,CLE,DET,S,,,0,0,2025,0.87,-1.15,-0.05527652972402419,2.390513966596668,,,,2,2,Top,,,,,,,2.260958876691047,-111.0176914851991,1.5641173177024263,6.7050973493652295,21.842252734052693,-42.15868891908287,3.34754397897867,1.45425058963303,,,,75.7,2416,6.1,813073,666310,692216,677587,608070,672356,680757,800050,671655,54.39,,,,,,,,10,1,Curveball,0,0,0,0,0,0,0,0,Standard,Standard,39,0.002,-0.043,,,,0.043,,0,0,0.54,0.45999999999999996,26,30,26,30,1,0,6,1,,2,5.1,-0.87,0.87,44.9,,,,,
CH,2025-10-02,83.2,-1.36,6.12,"Sheets, Gavin",657757,592791,,swinging_strike,,,,,14,Swinging Strike,F,L,R,CHC,SD,S,,,1,1,2025,-1.09,0.27,0.16252915536015422,1.4329046106203642,,,656811,2,2,Top,,,,,,,5.656537662080812,-121.0276754593367,-4.867546786655811,-11.764004716623562,22.58283125554955,-28.81534237594027,3.51,1.71,,,,83.9,1671,6.7,813059,608348,683737,663538,807713,621020,664023,691718,673548,53.84,,,,,,,,11,3,Changeup,0,0,0,0,0,0,0,0,Standard,Standard,237,0.006,-0.073,76.8,9.3,,0.073,,0,0,0.529,0.471,33,29,34,29,1,0,5,1,6,,3.02,1.09,-1.09,41.8,22.31594394496234,-42.44390070558122,29.629405081365935,37.913897250333875,54.125063575216245
KC,2025-10-02,77.7,-2.74,5.31,"Kayfus, CJ",692216,656427,,ball,,,,,13,Ball,F,L,R,CLE,DET,B,,,1,0,2025,1.07,-0.84,-1.7077078593692516,1.537577623697977,,,,0,3,Bot,,,,,,,0.25688431198397665,-113.19052612692006,0.4027559912819001,9.085122405053317,21.779738401946886,-39.69450739991894,3.45989247059235,1.57327572780983,,,,78,2406,6.6,813073,693307,679529,650402,656716,595879,682985,678009,672761,53.91,,,,,,,,21,2,Knuckle Curve,0,1,0,1,1,0,0,1,Infield shade,Standard,61,0.009,0.077,,,,-0.077,,-1,-1,0.441,0.441,29,23,30,24,1,0,8,1,5,,4.63,-1.07,1.07,27.6,,,,,
SL,2025-10-02,84.5,-1.52,6.31,"O'Hearn, Ryan",656811,641745,,ball,,,,,13,Ball,F,L,R,CHC,SD,B,,,0,2,2025,0.77,-0.93,-1.1592896025490877,0.6155249640335221,,,,1,9,Top,,,,,,,-0.6714649066101199,-123.09936636914487,-5.025610720866654,7.911072877180297,24.547901986447553,-40.883091374387064,3.40885461310777,1.54361722843053,,,,84,2679,5.9,813059,608348,683737,663538,807713,621020,664023,691718,673548,54.62,,,,,,,,69,3,Slider,3,1,1,3,1,3,1,3,Infield shade,Standard,59,-0.003,0.017,,,,-0.017,,2,-2,0.973,0.027000000000000024,29,31,30,32,1,3,2,1,6,,4.12,-0.77,0.77,46.9,,,,,
FF,2025-10-02,93.1,2.59,5.61,"Volpe, Anthony",683011,813349,,ball,,,,,13,Ball,F,R,L,NYY,BOS,B,,,0,0,2025,0.82,1.49,-1.5443226011595546,2.0800600596526744,,,,0,3,Bot,,,,,,,-12.55329631623325,-134.82376332510512,-6.56704148481045,12.833407990052711,30.443257546578142,-12.692704759972255,3.37782327082831,1.56879057879124,,,,93.9,2284,7.1,813065,665966,663993,663853,608324,596115,680776,678882,677800,53.38,,,,,,,,18,1,4-Seam Fastball,0,0,0,0,0,0,0,0,Standard,Standard,139,0.004,0.041,,,,-0.041,,0,0,0.555,0.555,23,24,23,24,1,0,5,1,,2,1.18,0.82,-0.82,33.5,,,,,
CH,2025-10-02,79.7,0.73,5.8,"Pérez, Wenceel",672761,676282,,ball,,,,,12,Ball,F,R,L,CLE,DET,B,,,0,1,2025,0.6,0.79,1.6946934840295471,4.519302490787664,,,681481,1,5,Top,,,,,,,1.0255348161188589,-116.17137262328058,2.372664824724476,5.3266473652908655,18.16091390651802,-25.443181247568706,3.15524887505484,1.47166664754597,,,,81.9,1307,7.3,813073,666310,692216,677587,608070,672356,680757,800050,671655,53.21,,,,,,,,35,2,Changeup,1,1,1,1,1,1,1,1,Standard,Standard,128,-0.004,0.019,,,,-0.019,,0,0,0.503,0.497,25,25,26,26,1,2,5,1,,2,2.73,0.6,-0.6,50.5,,,,,
FF,2025-10-02,99.9,-1.58,6.46,"Lowe, Nathaniel",663993,693645,,foul,,,,,8,Foul,F,L,R,NYY,BOS,S,,,2,2,2025,-0.48,1.42,-0.060972617815699515,2.087147251513654,,,807799,1,2,Top,,,,,,,5.3180024349355195,-145.11193002894876,-9.97679861402716,-8.070580835966851,34.24839193083131,-9.909835020449119,3.51,1.62,254,84.9,42,99.7,2448,6.3,813065,669224,700250,665862,642708,683011,641355,663757,592450,54.22,,,,,,,,9,5,4-Seam Fastball,0,0,0,0,0,0,0,0,Strategic,Standard,208,0,0,76.3,7.4,,0,88.0,0,0,0.502,0.498,24,29,24,30,1,0,5,1,6,,0.87,0.48,-0.48,43.5,0.08599239476588504,17.388065082373807,32.33190481396848,37.45054267087623,21.3654408796388
SI,2025-10-02,95,2.76,5.3,"Chisholm Jr., Jazz",665862,813349,strikeout,called_strike,,,,,7,Jazz Chisholm Jr. called out on strikes.,F,L,L,NYY,BOS,S,2,,2,2,2025,1.72,0.76,-0.5082443652120601,2.3198571410513775,,519317,,2,2,Bot,,,,,,,-12.52135707355491,-137.55794713118257,-3.721591170060384,24.79775646191656,36.75764646642546,-21.913910865500178,3.77470578008238,1.78165994127181,,,,94.9,2133,7,813065,665966,663993,663853,608324,596115,680776,678882,677800,53.54,,0,0,1,0,0,,14,7,Sinker,0,0,0,0,0,0,0,0,Standard,Standard,123,-0.03,-0.22,,,,0.22,,0,0,0.53,0.53,23,27,23,27,1,0,5,1,,2,1.84,1.72,1.72,28.6,,,,,
FF,2025-10-02,92.5,-1.41,6.04,"Sheets, Gavin",657757,592791,,ball,,,,,11,Ball,F,L,R,CHC,SD,B,,,0,1,2025,-0.46,1.3,-1.4071546036751663,3.06111924328812,,,656811,2,2,Top,,,,,,,1.0367229640584354,-134.77756011963763,-4.70280750800125,-5.862276586705599,27.775269581113832,-15.524123085117903,3.47978132973596,1.70882439221995,,,,93.7,2310,6.8,813059,608348,683737,663538,807713,621020,664023,691718,673548,53.68,,,,,,,,11,2,4-Seam Fastball,0,0,0,0,0,0,0,0,Standard,Standard,207,-0.002,0.027,,,,-0.027,,0,0,0.531,0.469,33,29,34,29,1,0,5,1,6,,1.35,0.46,-0.46,45.9,,,,,
FF,2025-10-02,90.9,0.59,5.74,"Pérez, Wenceel",672761,676282,,foul,,,,,5,Foul,F,R,L,CLE,DET,S,,,0,0,2025,0.13,1.42,0.046980668488902505,2.2847678952121484,,,681481,1,5,Top,,,,,,,-1.6640256164412495,-132.3077686944079,-5.9289963798122765,1.841234820020219,27.804896654884136,-14.451777514277593,3.18,1.47,6,91.8,-22,93.2,1724,7.6,813073,666310,692216,677587,608070,672356,680757,800050,671655,52.9,,,,,,,,35,1,4-Seam Fastball,1,1,1,1,1,1,1,1,Standard,Standard,154,0.006,-0.04,73.8,7.6,,0.04,91.8,0,0,0.497,0.503,25,25,26,26,1,2,5,1,,2,1.34,0.13,-0.13,50.4,14.123203051599727,-16.970465547739618,30.57463537025473,31.303446067696676,36.64247088589268
KC,2025-10-02,76.8,-2.69,5.43,"Kayfus, CJ",692216,656427,,ball,,,,,13,Ball,F,L,R,CLE,DET,B,,,0,0,2025,1.1,-0.96,-1.7618894498669335,1.9842006750523415,,,,0,3,Bot,,,,,,,-0.03183386331723792,-111.77071643153383,1.4786408274773546,9.221120147043068,21.320436975356298,-40.66245069920587,3.51326987297135,1.63648590888601,,,,76.8,2349,6.4,813073,693307,679529,650402,656716,595879,682985,678009,672761,54.06,,,,,,,,21,1,Knuckle Curve,0,1,0,1,1,0,0,1,Infield shade,Standard,52,0.004,0.041,,,,-0.041,,-1,-1,0.437,0.437,29,23,30,24,1,0,8,1,5,,4.84,-1.1,1.1,27.7,,,,,
FF,2025-10-02,95.4,-1.85,5.82,"Dingler, Dillon",693307,677944,strikeout,swinging_strike,,,,,12,Dillon Dingler strikes out swinging.,F,R,R,CLE,DET,S,2,,1,2,2025,-0.84,1.46,0.13123912505723623,3.8862616428869763,,,,1,2,Top,,,,,,,7.125589280288747,-138.7006129569021,-2.681294966740456,-12.54435200134964,34.14898190264775,-13.01629418565846,3.37,1.51,,,,95.2,2380,6.5,813073,666310,692216,677587,608070,672356,680757,800050,671655,54.05,,0,0,1,0,0,,9,4,4-Seam Fastball,0,0,0,0,0,0,0,0,Strategic,Standard,229,0.012,-0.18,66.2,6.5,,0.18,,0,0,0.528,0.472,26,26,26,27,1,0,6,1,,2,1.07,0.84,0.84,35.6,6.8883648236835935,22.91150752979459,28.043105410190364,37.67991266614596,15.971662964188921
SL,2025-10-02,84.4,-1.47,6.42,"O'Hearn, Ryan",656811,641745,,called_strike,,,,,7,Called Strike,F,L,R,CHC,SD,S,,,0,1,2025,0.82,-0.87,-0.7060975324411856,1.6954285252508945,,,,1,9,Top,,,,,,,0.13679357246103163,-122.98770053411894,-2.8839416119977885,8.311538547510532,24.48822773625959,-40.678838261483484,3.40607759704481,1.50831686800216,,,,83.7,2812,5.7,813059,608348,683737,663538,807713,621020,664023,691718,673548,54.76,,,,,,,,69,2,Slider,3,1,1,3,1,3,1,3,Standard,Standard,61,0.006,-0.052,,,,0.052,,2,-2,0.967,0.03300000000000003,29,31,30,32,1,3,2,1,6,,4.07,-0.82,0.82,49.8,,,,,
SI,2025-10-02,96.7,-1.91,6.09,"Hoerner, Nico",663538,663158,double,hit_into_play,,,,,1,Nico Hoerner doubles (1) on a fly ball to center fielder Jackson Merrill.,F,R,R,CHC,SD,X,8,fly_ball,0,1,2025,-1.22,1.21,-0.781696462852056,2.9890664451624946,,,,0,7,Bot,95,50.36,,,,,5.841957485815407,-140.5517571231556,-5.494757824573434,-17.482293305078844,33.44100811317347,-15.024685639926759,3.33,1.59,375,98.4,29,97.4,2374,6.8,813059,666023,650333,630105,592518,593428,669369,701538,665487,53.66,0.365,0.6953157894736843,1.25,1,1,1,6,56,2,Sinker,3,0,3,0,0,3,3,0,Standard,Standard,212,0.017,0.756,68.8,6.7,1.351,-0.756,98.4,3,3,0.94,0.94,34,28,34,28,1,3,1,1,,2,1.24,1.22,1.22,40.4,13.257161697127056,-1.1967358081736679,30.296872595404757,31.508624663521804,27.487207616563587
FF,2025-10-02,96.7,-1.49,6.34,"O'Hearn, Ryan",656811,641745,,called_strike,,,,,9,Called Strike,F,L,R,CHC,SD,S,,,0,0,2025,0.35,1.08,0.3854887162794403,2.0083313006264127,,,,1,9,Top,,,,,,,4.17570756783214,-140.6733479887402,-8.459249240219306,3.8658669688480534,28.434681425861477,-16.201154154019864,3.3784951182137,1.54260378663086,,,,96.6,2543,6,813059,608348,683737,663538,807713,621020,664023,691718,673548,54.52,,,,,,,,69,1,4-Seam Fastball,3,1,1,3,1,3,1,3,Infield shade,Standard,199,0.004,-0.039,,,,0.039,,2,-2,0.963,0.03700000000000003,29,31,30,32,1,3,2,1,6,,1.34,-0.35,0.35,47.9,,,,,
FF,2025-10-02,95.2,2.66,5.58,"Chisholm Jr., Jazz",665862,813349,,foul,,,,,12,Foul,F,L,L,NYY,BOS,S,,,2,2,2025,0.72,1.32,0.2397772846914944,3.8201667577383565,,519317,,2,2,Bot,,,,,,,-8.098146631150101,-138.23739797045246,-1.8541712280873217,11.198693217089367,36.05398098880702,-15.23154764360662,3.67,1.71,189,80.9,70,95.9,2319,7.2,813065,665966,663993,663853,608324,596115,680776,678882,677800,53.31,,,,,,,,14,6,4-Seam Fastball,0,0,0,0,0,0,0,0,Infield shade,Standard,134,0,0,70.1,7.6,,0,88.0,0,0,0.53,0.53,23,27,23,27,1,0,5,1,,2,1.24,0.72,0.72,34.7,11.059487381484004,-10.274275596419386,27.787154962708353,31.410070391655687,29.653985103492797
FF,2025-10-02,96.4,-1.85,5.85,"Dingler, Dillon",693307,677944,,ball,,,,,12,Ball,F,R,R,CLE,DET,B,,,0,2,2025,-1.1,1.27,0.054421938056514074,4.870971675516056,,,,1,2,Top,,,,,,,7.585004390301565,-140.21107627516568,0.1081549157623451,-16.296148923333345,32.41148706745788,-15.756088332298564,3.32509980559823,1.48738681796975,,,,96.4,2432,6.3,813073,666310,692216,677587,608070,672356,680757,800050,671655,54.15,,,,,,,,9,3,4-Seam Fastball,0,0,0,0,0,0,0,0,Strategic,Standard,223,-0.002,0.017,,,,-0.017,,0,0,0.53,0.47,26,26,26,27,1,0,6,1,,2,1.19,1.1,1.1,35.5,,,,,
FF,2025-10-02,92,-1.4,5.98,"Sheets, Gavin",657757,592791,,called_strike,,,,,7,Called Strike,F,L,R,CHC,SD,S,,,0,0,2025,-0.46,1.34,-0.46559299247835995,2.1563015003333534,,,656811,2,2,Top,,,,,,,3.416001477847624,-133.919584625363,-6.893291023039508,-6.29325743693943,26.73333530586957,-14.822226884720234,3.61077009209892,1.74617535051163,,,,93.5,2358,7,813059,608348,683737,663538,807713,621020,664023,691718,673548,53.54,,,,,,,,11,1,4-Seam Fastball,0,0,0,0,0,0,0,0,Standard,Standard,207,0.003,-0.042,,,,0.042,,0,0,0.528,0.472,33,29,34,29,1,0,5,1,6,,1.34,0.46,-0.46,40.0,,,,,
SI,2025-10-02,96.4,-1.92,6.08,"Hoerner, Nico",663538,663158,,called_strike,,,,,4,Called Strike,F,R,R,CHC,SD,S,,,0,0,2025,-1.11,1.2,-0.7098932252546621,2.816065763245712,,,,0,7,Bot,,,,,,,5.793490224408443,-140.2710886317719,-5.8885621277713085,-15.936483106097532,31.92866251690198,-15.159336089996279,3.39375425738628,1.66090642602563,,,,97.5,2327,6.9,813059,666023,650333,630105,592518,593428,669369,701538,665487,53.59,,,,,,,,56,1,Sinker,3,0,3,0,0,3,3,0,Standard,Standard,207,-0.001,-0.039,,,,0.039,,3,3,0.941,0.941,34,28,34,28,1,3,1,1,,2,1.25,1.11,1.11,40.6,,,,,
SL,2025-10-02,85.4,0.94,5.74,"Carpenter, Kerry",681481,676282,walk,ball,,,,,12,Kerry Carpenter walks.,F,L,L,CLE,DET,B,,,3,0,2025,-0.39,0.61,1.1046342187255078,4.453223218238389,,,,1,5,Top,,,,,,,1.2012681759609585,-124.40888443829888,2.015788947697105,-4.313961858103901,22.658846170835897,-26.368535624910713,3.33982241869091,1.58709774167971,,,,86.9,1944,7,813073,666310,692216,677587,608070,672356,680757,800050,671655,53.51,,0.691497,0.7,1,0,0,,34,4,Slider,1,1,1,1,1,1,1,1,Infield shade,Strategic,237,-0.013,0.164,,,,-0.164,,0,0,0.51,0.49,25,27,26,28,1,2,5,1,,2,2.49,-0.39,-0.39,51.8,,,,,
FF,2025-10-02,100.3,-1.29,6.6,"Lowe, Nathaniel",663993,693645,,ball,,,,,12,Ball,F,L,R,NYY,BOS,B,,,1,2,2025,-0.56,1.63,1.0315368121945663,3.193177241678519,,,807799,1,2,Top,,,,,,,7.764468007059266,-145.61889024826246,-7.89816642728208,-9.799159779483196,36.06798535034081,-7.333001974182968,3.74827077291375,1.70184772294024,,,,100.5,2431,6.6,813065,669224,700250,665862,642708,683011,641355,663757,592450,53.87,,,,,,,,9,4,4-Seam Fastball,0,0,0,0,0,0,0,0,Strategic,Standard,208,-0.004,0.044,,,,-0.044,,0,0,0.506,0.494,24,29,24,30,1,0,5,1,6,,0.66,0.56,-0.56,47.7,,,,,
KC,2025-10-02,80.4,-2.79,5.05,"Naylor, Bo",666310,656427,field_out,hit_into_play,,,,,8,Bo Naylor pops out to second baseman Gleyber Torres in foul territory.,F,L,R,CLE,DET,X,4,popup,3,2,2025,0.83,-0.42,-0.23496100814208876,1.4125600381162244,,,800050,2,2,Bot,176.36,159.4,,,,,4.121967211114415,-117.15373824145873,-0.6480989217198637,6.933537551281601,20.95835495557294,-36.10389171743954,3.2,1.38,160,80.4,58,81.4,2497,6.7,813073,693307,679529,650402,656716,595879,682985,678009,672761,53.75,0.038,0.044,0,1,0,0,3,14,8,Knuckle Curve,0,0,0,0,0,0,0,0,Infield shade,Standard,63,-0.027,-0.294,60.2,8.3,0.064,0.294,88.0,0,0,0.527,0.527,29,25,30,25,1,0,8,1,5,,3.92,-0.83,0.83,21.6,13.48998411930285,-25.0740201273827,30.21194718204978,42.65776183259884,42.85595998854862
FS,2025-10-02,80.9,-0.48,5.6,"Suzuki, Seiya",673548,669093,strikeout,called_strike,,,,,3,Seiya Suzuki called out on strikes.,F,R,R,CHC,SD,S,2,,2,2,2025,-0.95,0.54,0.5291992839054799,3.190926941735287,,,663656,2,3,Bot,,,,,,,4.135642913193962,-117.87493032649536,0.16955477258280494,-9.623870906656538,20.26493047735893,-27.32022496515697,3.15407690576507,1.36534448522773,,,,82.8,1505,7.3,813059,666023,650333,630105,592518,593428,657757,701538,665487,53.24,,0,0,1,0,0,,25,5,Split-Finger,2,0,2,0,0,2,2,0,Standard,Standard,239,-0.014,-0.216,,,,0.216,,2,2,0.743,0.743,26,30,27,31,1,1,2,1,,2,2.91,0.95,0.95,63.0,,,,,
FF,2025-10-02,93.2,-1.78,5.95,"Dingler, Dillon",693307,677944,,called_strike,,,,,1,Called Strike,F,R,R,CLE,DET,S,,,0,1,2025,-1.16,1.35,-0.7177033640077888,3.1667382489155886,,,,1,2,Top,,,,,,,5.2955149717831045,-135.55545909737793,-4.336987342841653,-15.52194054893784,31.35222494550907,-14.774282972122528,3.30546542741381,1.46780364506416,,,,93.2,2272,6.4,813073,666310,692216,677587,608070,672356,680757,800050,671655,54.08,,,,,,,,9,2,4-Seam Fastball,0,0,0,0,0,0,0,0,Strategic,Standard,226,0.004,-0.052,,,,0.052,,0,0,0.526,0.474,26,26,26,27,1,0,6,1,,2,1.29,1.16,1.16,38.8,,,,,
FF,2025-10-02,99.3,-1.4,6.65,"Lowe, Nathaniel",663993,693645,,ball,,,,,12,Ball,F,L,R,NYY,BOS,B,,,0,2,2025,-0.27,1.59,0.8701990691171777,4.590837453003116,,,807799,1,2,Top,,,,,,,6.865260499750798,-144.41291647210818,-3.925243869655514,-5.485038325298729,34.704959415888545,-9.276078711705933,3.61604356124931,1.62201878730429,,,,99.1,2402,6.3,813065,669224,700250,665862,642708,683011,641355,663757,592450,54.21,,,,,,,,9,3,4-Seam Fastball,0,0,0,0,0,0,0,0,Strategic,Standard,206,-0.003,0.01,,,,-0.01,,0,0,0.509,0.491,24,29,24,30,1,0,5,1,6,,0.73,0.27,-0.27,46.4,,,,,
CH,2025-10-02,83.9,-1.34,6.08,"O'Hearn, Ryan",656811,592791,single,hit_into_play,,,,,8,"Ryan O'Hearn singles on a ground ball to right fielder Seiya Suzuki, deflected by second baseman Nico Hoerner.",F,L,R,CHC,SD,X,4,ground_ball,0,1,2025,-0.92,0.22,-0.19650842166492666,1.7094666650605657,,,,2,2,Top,172.78,130.59,,,,,4.511210107961043,-122.06407173332757,-4.170142297691867,-10.109742951083392,23.266393136563092,-29.41811531485078,3.43,1.63,11,96.9,-9,84.7,1577,6.8,813059,608348,683737,663538,807713,621020,664023,691718,673548,53.73,0.256,0.235,0.9,1,1,0,2,10,2,Changeup,0,0,0,0,0,0,0,0,Infield shade,Standard,237,-0.014,0.368,73.1,7.8,0.257,-0.368,96.9,0,0,0.542,0.45799999999999996,33,31,34,32,1,0,5,1,6,,3.02,0.92,-0.92,47.5,13.377863898729723,-2.664644935496854,37.3790708353458,43.81719680722682,29.489445988658538
FF,2025-10-02,97.6,-2.06,6.07,"Busch, Michael",683737,663158,home_run,hit_into_play,,,,,5,Michael Busch homers (1) on a fly ball to right center field.,F,L,R,CHC,SD,X,,fly_ball,2,2,2025,-0.52,1.22,0.16338123132595261,2.699128765910832,,,,0,7,Bot,177.16,45.65,,,,,7.230372819486255,-141.91348177615055,-6.444217864380296,-8.603044612783542,31.821875036680726,-14.336632423066598,3.26,1.58,400,107,28,98.5,2316,6.8,813059,666023,650333,630105,592518,593428,669369,701538,665487,53.73,0.905,1.8251785714285718,2,1,0,3,6,55,5,4-Seam Fastball,2,0,2,0,0,3,3,0,Infield shade,Standard,215,0.056,1.141,71.7,7.0,3.606,-1.141,107.0,2,2,0.885,0.885,34,27,34,28,1,3,1,1,,2,1.17,0.52,-0.52,36.4,19.811721583588145,-4.711844391668613,33.914931323506615,36.15622362114668,32.79174279566969
SL,2025-10-02,86.6,0.96,5.66,"Carpenter, Kerry",681481,676282,,ball,,,,,13,Ball,F,L,L,CLE,DET,B,,,2,0,2025,-0.22,0.37,-0.10393474776935469,1.3099713978376686,,,,1,5,Top,,,,,,,-2.1221305080187554,-126.11005010867585,-5.091772984096168,-2.0213614842673646,22.879042465138077,-27.445893247536983,3.35277970719205,1.57014132636622,,,,88.5,1924,7.2,813073,666310,692216,677587,608070,672356,680757,800050,671655,53.3,,,,,,,,34,3,Slider,1,1,1,1,1,1,1,1,Standard,Strategic,218,-0.01,0.143,,,,-0.143,,0,0,0.52,0.48,25,27,26,28,1,2,5,1,,2,2.64,-0.22,-0.22,49.7,,,,,
SL,2025-10-02,87.4,-0.75,5.68,"Suzuki, Seiya",673548,669093,,foul,,,,,2,Foul,F,R,R,CHC,SD,S,,,2,1,2025,0.26,0.34,-0.09306588216645462,2.9064978126017365,,,663656,2,3,Bot,,,,,,,1.0479733303421772,-127.38486772185333,-1.3399040758137697,2.712634919842081,22.7202990471767,-28.39004849940303,3.16,1.4,221,68.7,50,89.1,2335,7,813059,666023,650333,630105,592518,593428,657757,701538,665487,53.54,,,,,,,,25,4,Slider,2,0,2,0,0,2,2,0,Standard,Standard,126,-0.004,-0.093,74.1,7.6,,0.093,88.0,2,2,0.747,0.747,26,30,27,31,1,1,2,1,,2,2.6,-0.26,-0.26,57.4,15.059554225987641,-11.668584359483267,26.90205365261818,36.24386136543319,38.28338108794312
SL,2025-10-02,86.7,-2.65,5.47,"Naylor, Bo",666310,656427,,foul,,,,,11,Foul,F,L,R,CLE,DET,S,,,3,2,2025,0.27,0.49,-0.8619197069124032,2.3208240950965346,,,800050,2,2,Bot,,,,,,,3.742916617017707,-126.28818869198378,-2.3595979241379657,2.1039557336575645,25.06072213795734,-26.676104843844843,3.2,1.38,157,75.5,69,87.2,2530,6.5,813073,693307,679529,650402,656716,595879,682985,678009,672761,54.03,,,,,,,,14,7,Slider,0,0,0,0,0,0,0,0,Infield shade,Standard,139,0,0,73.7,7.9,,0,88.0,0,0,0.527,0.527,29,25,30,25,1,0,8,1,5,,2.53,-0.27,0.27,28.5,6.936086080686243,1.2008315631554645,27.715342237431642,48.10070005350315,28.13912636555489
FF,2025-10-02,97.5,-1.32,6.3,"Bogaerts, Xander",593428,641745,strikeout,called_strike,,,,,14,Xander Bogaerts called out on strikes.,F,R,R,CHC,SD,S,2,,3,2,2025,0.02,1.2,0.6271834642121578,1.492141172264751,,,,0,9,Top,,,,,,,5.167525247963697,-141.68848214283892,-10.130481059825053,-0.8487190772385922,30.16638336389947,-13.911090640154422,3.57158780192564,1.70447462149707,,,,97.2,2514,6,813059,608348,683737,663538,807713,621020,664023,691718,673548,54.46,,0,0,1,0,0,,68,6,4-Seam Fastball,3,1,1,3,1,3,1,3,Standard,Standard,192,0.051,-0.345,,,,0.345,,2,-2,0.912,0.08799999999999997,29,32,30,33,1,3,2,1,6,,1.19,-0.02,-0.02,49.7,,,,,
ST,2025-10-02,83.8,3.03,5.49,"Chisholm Jr., Jazz",665862,813349,,foul,,,,,14,Foul,F,L,L,NYY,BOS,S,,,2,2,2025,-1.23,-0.07,0.9531852012707387,2.4608690902335013,,519317,,2,2,Bot,,,,,,,-2.3719971814090703,-121.95526654059074,-0.2961770583994867,-11.49853820122551,29.118634650302795,-33.08935467145319,3.67,1.71,182,60.5,37,83.9,2459,6.8,813065,665966,663993,663853,608324,596115,680776,678882,677800,53.67,,,,,,,,14,5,Sweeper,0,0,0,0,0,0,0,0,Standard,Standard,309,0,0,71.3,7.4,,0,88.0,0,0,0.53,0.53,23,27,23,27,1,0,5,1,,2,3.38,-1.23,-1.23,25.7,6.682792537274424,-10.02754969788387,38.47941705239209,22.862366275721133,31.328191640887937
FF,2025-10-02,95.3,-2.63,5.49,"Naylor, Bo",666310,656427,,foul,,,,,13,Foul,F,L,R,CLE,DET,S,,,3,2,2025,-0.69,1.45,-1.2509797106014413,2.1334996308377967,,,800050,2,2,Bot,,,,,,,5.193064957718799,-138.54510450797545,-6.39904157533723,-10.029027445651682,33.29436817295847,-12.291965445395816,3.2,1.38,235,73.1,35,95.3,2360,6.5,813073,693307,679529,650402,656716,595879,682985,678009,672761,54,,,,,,,,14,6,4-Seam Fastball,0,0,0,0,0,0,0,0,Strategic,Standard,213,0,0,62.6,8.0,,0,88.0,0,0,0.527,0.527,29,25,30,25,1,0,8,1,5,,1.08,0.69,-0.69,26.8,-0.4467205986423352,10.223102911983224,29.18455460708729,52.61907845441797,17.464489763992518
FF,2025-10-02,98.9,-1.48,6.6,"Lowe, Nathaniel",663993,693645,,foul,,,,,2,Foul,F,L,R,NYY,BOS,S,,,0,1,2025,-0.07,1.43,0.04322173343328441,3.4838361375763967,,,807799,1,2,Top,,,,,,,4.308921121426815,-143.88698173021638,-6.387917587616674,-2.007265474229498,32.90545275662476,-11.014620443608381,3.51,1.62,279,82.6,36,98.9,2303,6.2,813065,669224,700250,665862,642708,683011,641355,663757,592450,54.25,,,,,,,,9,2,4-Seam Fastball,0,0,0,0,0,0,0,0,Strategic,Standard,205,0.007,-0.047,71.2,6.4,,0.047,88.0,0,0,0.502,0.498,24,29,24,30,1,0,5,1,6,,0.9,0.07,-0.07,47.7,0.6849875455284502,28.091363514247956,24.508248765952438,35.30904321155349,16.065232605668527
CU,2025-10-02,78,0.69,5.92,"Carpenter, Kerry",681481,676282,,ball,,,,,14,Ball,F,L,L,CLE,DET,B,,,1,0,2025,-0.49,-1.38,0.16105181863469253,1.2542652613803895,,,,1,5,Top,,,,,,,-0.22688768491145309,-113.60048398667027,-0.5209013085964147,-4.182633053656347,23.005054325505597,-44.188521654294334,3.35602011592376,1.63339812953313,,,,78.9,2628,7.1,813073,666310,692216,677587,608070,672356,680757,800050,671655,53.4,,,,,,,,34,2,Curveball,1,1,1,1,1,1,1,1,Standard,Strategic,342,-0.007,0.071,,,,-0.071,,0,0,0.527,0.473,25,27,26,28,1,2,5,1,,2,5.16,-0.49,-0.49,56.2,,,,,
ST,2025-10-02,84.7,2.99,5.21,"Chisholm Jr., Jazz",665862,813349,,blocked_ball,,,,,13,Ball In Dirt,F,L,L,NYY,BOS,B,,,1,2,2025,-1.32,0.17,-2.7900706989261708,0.39828198788422764,,519317,,2,2,Bot,,,,,,,-10.940490885058932,-122.78567516148145,-5.1334386801559235,-10.733374981895869,27.438899109507243,-29.55052987730391,3.72183225447336,1.6752398983233,,,,84.8,2568,6.8,813065,665966,663993,663853,608324,596115,680776,678882,677800,53.65,,,,,,,,14,4,Sweeper,0,0,0,0,0,0,0,0,Infield shade,Standard,304,0.006,0.012,,,,-0.012,,0,0,0.524,0.524,23,27,23,27,1,0,5,1,,2,3.07,-1.32,-1.32,23.7,,,,,
FC,2025-10-02,88.5,-2.11,5.76,"Dingler, Dillon",693307,677944,,called_strike,,,,,6,Called Strike,F,R,R,CLE,DET,S,,,0,0,2025,0.05,0.27,0.6104883952323009,2.617116377929184,,,,1,2,Top,,,,,,,6.552916008010814,-128.81968978782703,-2.1804109875014532,-0.7615207897788412,26.055946752043617,-28.897155064977643,3.38654298482388,1.60916353295133,,,,88.7,2328,6.4,813073,666310,692216,677587,608070,672356,680757,800050,671655,54.14,,,,,,,,9,1,Cutter,0,0,0,0,0,0,0,0,Strategic,Standard,199,0.003,-0.039,,,,0.039,,0,0,0.523,0.477,26,26,26,27,1,0,6,1,,2,2.63,-0.05,-0.05,34.9,,,,,
CH,2025-10-02,90,-2.04,5.94,"Busch, Michael",683737,663158,,ball,,,,,13,Ball,F,L,R,CHC,SD,B,,,1,2,2025,-1.15,0.68,-1.206205247427173,2.453318389330057,,,,0,7,Bot,,,,,,,4.547016812838002,-131.0170481666568,-4.174676100836982,-14.2073785354786,27.13682916125216,-23.62560562248141,3.42339516211473,1.57917077496841,,,,91,1926,6.8,813059,666023,650333,630105,592518,593428,669369,701538,665487,53.69,,,,,,,,55,4,Changeup,2,0,2,0,0,2,2,0,Infield shade,Standard,233,0.001,0.043,,,,-0.043,,2,2,0.884,0.884,34,27,34,28,1,3,1,1,,2,2.12,1.15,-1.15,34.9,,,,,
CU,2025-10-02,78.8,-1.21,6.23,"O'Hearn, Ryan",656811,592791,,called_strike,,,,,1,Called Strike,F,L,R,CHC,SD,S,,,0,0,2025,0.8,-0.85,-0.5140465711873379,3.0483634732591742,,,,2,2,Top,,,,,,,0.022382694127342978,-114.81389976607909,1.4998431731775443,7.030621833194043,21.583923990138086,-40.179614873039505,3.4294022064793,1.58754123239436,,,,79.5,2603,6.7,813059,608348,683737,663538,807713,621020,664023,691718,673548,53.78,,,,,,,,10,1,Curveball,0,0,0,0,0,0,0,0,Infield shade,Standard,38,0.002,-0.043,,,,0.043,,0,0,0.54,0.45999999999999996,33,31,34,32,1,0,5,1,6,,4.52,-0.8,0.8,45.7,,,,,
FS,2025-10-02,80.7,-0.54,5.58,"Suzuki, Seiya",673548,669093,,ball,,,,,12,Ball,F,R,R,CHC,SD,B,,,1,1,2025,-0.81,0.47,1.052397929843489,2.554879946328376,,,663656,2,3,Bot,,,,,,,5.185113197624103,-117.45592733528542,-0.9890017659035076,-8.509315758591491,21.297415267779662,-27.879127325593778,3.19938793608627,1.44249921464205,,,,82.3,1409,7.2,813059,666023,650333,630105,592518,593428,657757,701538,665487,53.27,,,,,,,,25,3,Split-Finger,2,0,2,0,0,2,2,0,Standard,Standard,242,0.002,0.054,,,,-0.054,,2,2,0.745,0.745,26,30,27,31,1,1,2,1,,2,3.02,0.81,0.81,59.6,,,,,
FF,2025-10-02,96.5,-1.33,6.32,"Bogaerts, Xander",593428,641745,,called_strike,,,,,9,Called Strike,F,R,R,CHC,SD,S,,,3,1,2025,0.13,1.16,0.7249000011916467,2.227816919947337,,,,0,9,Top,,,,,,,5.135343478528105,-140.35885554779782,-7.948904221299038,0.6698206958083978,29.191470821881296,-15.21124044135409,3.67838612086067,1.71930424793249,,,,96.3,2536,6,813059,608348,683737,663538,807713,621020,664023,691718,673548,54.51,,,,,,,,68,5,4-Seam Fastball,3,1,1,3,1,3,1,3,Standard,Standard,196,0.02,-0.094,,,,0.094,,2,-2,0.892,0.10799999999999998,29,32,30,33,1,3,2,1,6,,1.27,-0.13,-0.13,47.0,,,,,
CH,2025-10-02,90.5,-2.02,5.96,"Busch, Michael",683737,663158,,swinging_strike,,,,,13,Swinging Strike,F,L,R,CHC,SD,S,,,1,1,2025,-1.39,0.19,-0.9095709504385505,1.4301925387326322,,,,0,7,Bot,,,,,,,5.782435294024566,-131.54639585063077,-5.787595477904809,-17.338302334336625,29.420284993909235,-28.88264967092456,3.26,1.58,,,,91.2,1924,6.9,813059,666023,650333,630105,592518,593428,669369,701538,665487,53.63,,,,,,,,55,3,Changeup,2,0,2,0,0,2,2,0,Infield shade,Standard,239,-0.002,-0.061,70.1,8.1,,0.061,,2,2,0.886,0.886,34,27,34,28,1,3,1,1,,2,2.61,1.39,-1.39,34.2,24.761499579370003,-11.81399156730967,35.3729664005369,49.42998218476442,39.40234104001784
FF,2025-10-02,99.3,-1.62,6.56,"Lowe, Nathaniel",663993,693645,,called_strike,,,,,1,Called Strike,F,L,R,NYY,BOS,S,,,0,0,2025,-0.25,1.45,-0.3472877856433618,3.5651545531922224,,,807799,1,2,Top,,,,,,,4.060899341486623,-144.51007245414175,-6.19519963601672,-4.411199644719859,33.47686856857794,-10.543095533222836,3.80113725142585,1.70184772294024,,,,99.3,2358,6.2,813065,669224,700250,665862,642708,683011,641355,663757,592450,54.26,,,,,,,,9,1,4-Seam Fastball,0,0,0,0,0,0,0,0,Strategic,Standard,207,0.005,-0.04,,,,0.04,,0,0,0.497,0.503,24,29,24,30,1,0,5,1,6,,0.86,0.25,-0.25,45.1,,,,,
FF,2025-10-02,98,-0.21,5.9,"Suzuki, Seiya",673548,669093,,ball,,,,,12,Ball,F,R,R,CHC,SD,B,,,0,1,2025,-0.17,1.62,0.18877168593744068,4.082244528975571,,,663656,2,3,Bot,,,,,,,1.5044874346428385,-142.75296172380018,-3.1892903181873775,-2.7367039551491534,33.70759619548867,-9.584674263463018,3.18079669443471,1.42369641416447,,,,99.1,2224,6.9,813059,666023,650333,630105,592518,593428,657757,701538,665487,53.6,,,,,,,,25,2,4-Seam Fastball,2,0,2,0,0,2,2,0,Standard,Standard,188,0.002,0.027,,,,-0.027,,2,2,0.743,0.743,26,30,27,31,1,1,2,1,,2,0.76,0.17,0.17,69.3,,,,,
FF,2025-10-02,94.1,-2.07,5.87,"Greene, Riley",682985,677944,field_out,hit_into_play,,,,,2,Riley Greene lines out sharply to center fielder Chase DeLauter.,F,L,R,CLE,DET,X,8,line_drive,0,0,2025,-1.03,1.28,-0.2060118654342148,3.3111876531919675,,,,0,2,Top,118.7,70.91,,,,,7.120483900268197,-136.84152627003945,-3.8016014939350473,-14.478585762038183,28.701592368355634,-15.373163807212928,3.6,1.71,320,102,17,94.4,2382,6.4,813073,666310,692216,677587,608070,672356,680757,800050,671655,54.14,0.428,0.467,0,1,0,0,5,8,1,4-Seam Fastball,0,0,0,0,0,0,0,0,Infield shade,Standard,221,0.023,-0.259,75.8,6.6,0.712,0.259,102.0,0,0,0.5,0.5,26,24,26,25,1,0,6,1,,2,1.28,1.03,-1.03,37.6,9.83465148155801,12.756410548324974,35.53399271820012,34.72580643547058,25.19212078346636
SL,2025-10-02,84.6,-1.38,6.38,"Bogaerts, Xander",593428,641745,,ball,,,,,14,Ball,F,R,R,CHC,SD,B,,,2,1,2025,0.67,-0.81,0.19134638149445693,1.0219744249881466,,,,0,9,Top,,,,,,,2.3112639356406532,-123.19862725243787,-4.537887400403833,6.358918020613755,23.93246013796928,-39.78632006548804,3.64348594703287,1.71352484019428,,,,84.1,2818,5.9,813059,608348,683737,663538,807713,621020,664023,691718,673548,54.61,,,,,,,,68,4,Slider,3,1,1,3,1,3,1,3,Standard,Standard,44,-0.024,0.134,,,,-0.134,,2,-2,0.916,0.08399999999999996,29,32,30,33,1,3,2,1,6,,3.99,-0.67,-0.67,50.3,,,,,
SL,2025-10-02,85.3,-2.69,5.37,"Naylor, Bo",666310,656427,,foul,,,,,4,Foul,F,L,R,CLE,DET,S,,,3,1,2025,0.53,0.37,-0.6821198618315556,2.621400413357055,,,800050,2,2,Bot,,,,,,,3.6832585274434653,-124.21319187216396,-0.9138280704074405,4.731998996740635,24.737563044170592,-28.401916860495607,3.2,1.38,209,76,58,85.7,2471,6.5,813073,693307,679529,650402,656716,595879,682985,678009,672761,54.02,,,,,,,,14,5,Slider,0,0,0,0,0,0,0,0,Infield shade,Standard,138,-0.006,-0.094,74.7,7.3,,0.094,88.0,0,0,0.533,0.533,29,25,30,25,1,0,8,1,5,,2.76,-0.53,0.53,24.7,1.5431515278483507,8.324935188337946,31.898508173637456,45.6982986271539,22.945701203855716
FF,2025-10-02,93,-1.18,6.12,"Bogaerts, Xander",593428,592791,field_out,hit_into_play,,,,,5,Xander Bogaerts flies out to left fielder Ian Happ.,F,R,R,CHC,SD,X,7,fly_ball,3,2,2025,-0.5,1.39,-0.16106180649159157,3.0253724248980016,,,,1,2,Top,97.79,121.69,,,,,3.7435514018655605,-135.4686999117746,-5.296412824720986,-6.963394485530329,27.830401180275683,-14.115015519822487,3.62,1.75,207,95.5,58,94.3,2432,6.9,813059,608348,683737,663538,807713,621020,664023,691718,673548,53.62,0.018,0.019,0,1,0,0,3,9,6,4-Seam Fastball,0,0,0,0,0,0,0,0,Standard,Standard,206,0.021,-0.332,78.5,7.4,0.026,0.332,95.5,0,0,0.519,0.481,33,32,34,33,1,0,5,1,6,,1.23,0.5,0.5,44.1,18.159401939456604,-11.705699503496863,28.702667949513515,36.11813255330283,38.268735735701675
CU,2025-10-02,77.2,0.64,5.96,"Carpenter, Kerry",681481,676282,,ball,,,,,14,Ball,F,L,L,CLE,DET,B,,,0,0,2025,-0.46,-1.47,0.007477729331278715,1.3137295402912414,,,,1,5,Top,,,,,,,-0.526109157208956,-112.31962689902112,-0.1190559866692118,-3.733506015445637,23.149443836413894,-44.73921107496374,3.39507983419001,1.61258364585259,,,,78.1,2775,7.2,813073,666310,692216,677587,608070,672356,680757,800050,671655,53.25,,,,,,,,34,1,Curveball,1,1,1,1,1,1,1,1,Standard,Strategic,340,-0.003,0.039,,,,-0.039,,0,0,0.53,0.47,25,27,26,28,1,2,5,1,,2,5.34,-0.46,-0.46,59.3,,,,,
FF,2025-10-02,95.3,2.74,5.52,"Chisholm Jr., Jazz",665862,813349,,swinging_strike,,,,,12,Swinging Strike,F,L,L,NYY,BOS,S,,,1,1,2025,0.87,1.27,0.38185306299133903,3.8527776645962115,,519317,,2,2,Bot,,,,,,,-8.254648480656886,-138.50822046059875,-1.5208453208253954,13.124415561591992,34.64880194947468,-15.8733479009953,3.67,1.71,,,,95.9,2259,7,813065,665966,663993,663853,608324,596115,680776,678882,677800,53.55,,,,,,,,14,3,4-Seam Fastball,0,0,0,0,0,0,0,0,Infield shade,Standard,127,-0.009,-0.056,74.1,7.5,,0.056,,0,0,0.533,0.533,23,27,23,27,1,0,5,1,,2,1.27,0.87,0.87,31.9,16.503067788122724,-1.9771282015537155,24.62827529145497,31.45982522078841,24.76855350488583
FS,2025-10-02,86.2,-2.3,5.59,"Ramírez, José",608070,640448,field_out,hit_into_play,,,,,11,José Ramírez flies out to left fielder Riley Greene.,F,L,R,CLE,DET,X,7,fly_ball,3,2,2025,-0.74,-0.04,-0.9935506939863413,2.6833471122354173,,,,2,6,Bot,61.31,80.76,,,,,4.648043244002093,-125.57691903505894,-0.6413965854254725,-8.7794980165092,23.83276284518323,-32.709985209091776,3.35,1.54,333,94.5,30,87.2,972,6.7,813073,693307,679529,650402,656716,595879,682985,678009,672761,53.78,0.122,0.188,0,1,0,0,3,46,6,Split-Finger,1,2,1,2,2,1,1,2,Infield shade,Standard,225,-0.022,-0.328,66.0,6.5,0.349,0.328,94.5,-1,-1,0.33,0.33,33,32,34,33,1,2,1,1,2,,3.09,0.74,-0.74,53.1,3.997752591396147,12.06347418686861,26.66285913763532,40.651967123574664,25.770848792333645
FF,2025-10-02,97.2,-1.98,5.82,"Torkelson, Spencer",679529,677944,strikeout,called_strike,,,,,12,Spencer Torkelson called out on strikes.,F,R,R,CLE,DET,S,2,,2,2,2025,-0.85,1.35,0.8833259772213747,3.24090385890788,,,681481,2,1,Top,,,,,,,9.649238615784885,-141.18275536818754,-4.460918708223386,-13.63883196710266,33.11164012128257,-13.251729700966058,3.53228085446545,1.69124664077478,,,,97.2,2458,6.5,813073,666310,692216,677587,608070,672356,680757,800050,671655,54.05,,0,0,1,0,0,,4,5,4-Seam Fastball,0,0,0,0,0,0,0,0,Infield shade,Strategic,222,0.019,-0.216,,,,0.216,,0,0,0.529,0.471,26,25,26,26,1,0,6,1,,2,1.08,0.85,0.85,39.3,,,,,
SI,2025-10-02,98.8,-1.79,6.37,"Rafaela, Ceddanne",678882,693645,strikeout,foul_tip,,,,,11,Ceddanne Rafaela strikes out on a foul tip.,F,R,R,NYY,BOS,S,2,,3,2,2025,-1.1,0.74,-1.0135824790842873,3.0594743346387956,,,807799,0,2,Top,,,,,,,4.701359526010577,-143.82128261870602,-5.330704529934746,-16.35577743290841,33.50925182169204,-20.89827178058601,3.44,1.59,,,,99.1,2167,6.5,813065,669224,700250,665862,642708,683011,641355,663757,592450,54.03,,0,0,1,0,0,,8,7,Sinker,0,0,0,0,0,0,0,0,Standard,Standard,203,0.044,-0.315,67.9,6.0,,0.315,,0,0,0.453,0.5469999999999999,24,24,24,25,1,0,5,1,6,,1.6,1.1,1.1,42.3,0.35950201481074534,11.584984706637822,33.92582239203304,23.596364321539934,22.941642746198543
CH,2025-10-02,80.8,0.74,5.81,"Torres, Gleyber",650402,676282,strikeout,swinging_strike,,,,,6,Gleyber Torres strikes out swinging.,F,R,L,CLE,DET,S,2,,3,2,2025,0.7,1.07,0.600368705873426,2.3659687256650557,,,,0,5,Top,,,,,,,-1.6951482281823447,-117.75071892334054,-3.2217724237182326,6.878779215271713,19.543656244608986,-21.766530748865105,3.23,1.51,,,,83.1,1455,7.5,813073,666310,692216,677587,608070,672356,680757,800050,671655,53.03,,0,0,1,0,0,,33,6,Changeup,1,1,1,1,1,1,1,1,Standard,Standard,128,0.037,-0.345,73.7,8.2,,0.345,,0,0,0.493,0.507,25,28,26,29,1,2,5,1,,2,2.37,0.7,-0.7,51.5,26.02751651866656,-29.01804236423799,33.92564383161628,39.247335411726624,50.33317989176157
SI,2025-10-02,95.3,-1.36,6.31,"Bogaerts, Xander",593428,641745,,ball,,,,,11,Ball,F,R,R,CHC,SD,B,,,1,1,2025,-1.21,0.77,-1.7091782758796126,2.7969692426724273,,,,0,9,Top,,,,,,,1.7735623670229304,-138.74328446328684,-5.30842211161625,-15.985743966015574,30.710622229063233,-21.275334470172787,3.67179554326697,1.77157432264509,,,,94.8,2205,6,813059,608348,683737,663538,807713,621020,664023,691718,673548,54.55,,,,,,,,68,3,Sinker,3,1,1,3,1,3,1,3,Standard,Standard,201,-0.01,0.055,,,,-0.055,,2,-2,0.926,0.07399999999999995,29,32,30,33,1,3,2,1,6,,1.74,1.21,1.21,48.1,,,,,
FF,2025-10-02,94.2,-2.62,5.48,"Naylor, Bo",666310,656427,,ball,,,,,9,Ball,F,L,R,CLE,DET,B,,,2,1,2025,-0.25,1.23,0.5082521492156324,1.3720415320767136,,,800050,2,2,Bot,,,,,,,8.731033613141706,-136.9115081488294,-7.797428848386735,-4.907083221799598,27.593511948445016,-15.094349431197077,3.28183329097931,1.33050179749694,,,,95.1,2213,6.7,813073,693307,679529,650402,656716,595879,682985,678009,672761,53.84,,,,,,,,14,4,4-Seam Fastball,0,0,0,0,0,0,0,0,Infield shade,Standard,213,0.007,0.079,,,,-0.079,,0,0,0.526,0.526,29,25,30,25,1,0,8,1,5,,1.32,0.25,-0.25,28.4,,,,,
FC,2025-10-02,85.5,-1.32,6.09,"Bogaerts, Xander",593428,592791,,ball,,,,,14,Ball,F,R,R,CHC,SD,B,,,2,2,2025,0.62,0.33,0.7931646581255778,1.1449152457490266,,,,1,2,Top,,,,,,,3.7728809278028237,-124.60209892721765,-6.201073684380292,5.874530371877234,20.803305978425676,-27.837699994546035,3.62057857515894,1.69017021052305,,,,87,2693,6.8,813059,608348,683737,663538,807713,621020,664023,691718,673548,53.73,,,,,,,,9,5,Cutter,0,0,0,0,0,0,0,0,Standard,Standard,140,-0.007,0.104,,,,-0.104,,0,0,0.526,0.474,33,32,34,33,1,0,5,1,6,,2.74,-0.62,-0.62,41.8,,,,,
CH,2025-10-02,89.3,-2.12,5.94,"Busch, Michael",683737,663158,,ball,,,,,13,Ball,F,L,R,CHC,SD,B,,,0,1,2025,-1.2,0.45,-1.6216351832463989,2.1647418304709074,,,,0,7,Bot,,,,,,,3.7910130392515446,-129.99943575013117,-4.267701523470034,-14.431374746430176,27.503962955220228,-26.325724414385988,3.50233010685171,1.62717363029313,,,,90.1,1807,6.8,813059,666023,650333,630105,592518,593428,669369,701538,665487,53.7,,,,,,,,55,2,Changeup,2,0,2,0,0,2,2,0,Infield shade,Standard,238,0.001,0.031,,,,-0.031,,2,2,0.885,0.885,34,27,34,28,1,3,1,1,,2,2.4,1.2,-1.2,36.0,,,,,
FF,2025-10-02,96.4,-0.39,5.85,"Suzuki, Seiya",673548,669093,,called_strike,,,,,1,Called Strike,F,R,R,CHC,SD,S,,,0,0,2025,-0.03,1.58,-0.4943526671072849,2.934175923500897,,,663656,2,3,Bot,,,,,,,-0.21907606078719696,-140.36625012642008,-5.853956298703484,-0.28881484737314145,31.897053332984196,-10.122172983242685,3.20387726089839,1.49371810262582,,,,97.7,2095,7,813059,666023,650333,630105,592518,593428,657757,701538,665487,53.5,,,,,,,,25,1,4-Seam Fastball,2,0,2,0,0,2,2,0,Standard,Standard,190,-0.003,-0.042,,,,0.042,,2,2,0.746,0.746,26,30,27,31,1,1,2,1,,2,0.87,0.03,0.03,66.6,,,,,
FS,2025-10-02,85.8,-2.27,5.49,"Ramírez, José",608070,640448,,ball,,,,,11,Ball,F,L,R,CLE,DET,B,,,2,2,2025,-0.55,0.22,-1.29822816401738,2.7070172617013157,,,,2,6,Bot,,,,,,,3.434398989605736,-124.99409146255769,-0.8166494714147675,-6.457334648256626,23.680596584621732,-29.939903707117033,3.38523696365759,1.50528062950683,,,,86.5,873,6.5,813073,693307,679529,650402,656716,595879,682985,678009,672761,53.96,,,,,,,,46,5,Split-Finger,1,2,1,2,2,1,1,2,Infield shade,Standard,239,0.006,0.104,,,,-0.104,,-1,-1,0.324,0.324,33,32,34,33,1,2,1,1,2,,2.86,0.55,-0.55,47.8,,,,,
ST,2025-10-02,83.6,2.96,5.27,"Chisholm Jr., Jazz",665862,813349,,called_strike,,,,,8,Called Strike,F,L,L,NYY,BOS,S,,,1,0,2025,-1.03,0.14,-0.003195999918122139,2.082730875569578,,519317,,2,2,Bot,,,,,,,-4.831771971358675,-121.54811959057515,-1.0461735393901241,-8.92410324340663,29.180177770463974,-30.77475813525643,3.6953902493792,1.64863024387784,,,,83.6,2579,6.8,813065,665966,663993,663853,608324,596115,680776,678882,677800,53.66,,,,,,,,14,2,Sweeper,0,0,0,0,0,0,0,0,Infield shade,Standard,299,-0.003,-0.044,,,,0.044,,0,0,0.536,0.536,23,27,23,27,1,0,5,1,,2,3.18,-1.03,-1.03,21.0,,,,,
SL,2025-10-02,85.8,-1.32,6.39,"Bogaerts, Xander",593428,641745,,called_strike,,,,,7,Called Strike,F,R,R,CHC,SD,S,,,1,0,2025,0.71,-0.85,-0.6291602048198395,1.6627227086499197,,,,0,9,Top,,,,,,,0.21350818198487315,-125.02398277135366,-3.2091001155020766,7.3614587701705,25.108557398320787,-40.68480099670846,3.68087152246891,1.68805728487384,,,,85.3,2866,5.9,813059,608348,683737,663538,807713,621020,664023,691718,673548,54.63,,,,,,,,68,2,Slider,3,1,1,3,1,3,1,3,Standard,Standard,49,0.01,-0.05,,,,0.05,,2,-2,0.916,0.08399999999999996,29,32,30,33,1,3,2,1,6,,3.94,-0.71,-0.71,49.7,,,,,
FF,2025-10-02,97.8,-0.47,5.81,"Tucker, Kyle",663656,669093,single,hit_into_play,,,,,3,Kyle Tucker singles on a line drive to left fielder Gavin Sheets.,F,L,R,CHC,SD,X,7,line_drive,2,1,2025,-0.03,1.43,0.6482832906524358,3.1873645890497877,,,,2,3,Bot,86.39,98.16,,,,,3.1091343980189747,-142.34093265520374,-4.944565059650366,-1.0983873579184233,31.979025032581852,-11.757684416180135,3.44,1.62,200,80.9,15,99.1,2218,7,813059,666023,650333,630105,592518,593428,657757,701538,665487,53.54,0.916,0.866,0.9,1,1,0,4,24,4,4-Seam Fastball,2,0,2,0,0,2,2,0,Infield shade,Standard,190,0.008,0.289,68.6,5.9,1.037,-0.289,88.0,2,2,0.738,0.738,26,28,27,28,1,1,2,1,,2,0.95,0.03,-0.03,65.3,-3.180096725031327,16.05639354510925,31.291387902111204,31.242590741769355,16.723755943213074
ST,2025-10-02,80.9,-1.49,6.07,"Bogaerts, Xander",593428,592791,,swinging_strike,,,,,9,Swinging Strike,F,R,R,CHC,SD,S,,,2,1,2025,1.29,0.05,0.5890302324192815,2.136172399912243,,,,1,2,Top,,,,,,,2.186676646772512,-117.83372694335782,-2.252309965568198,11.599317493611554,22.77355988114536,-31.48072968357476,3.62,1.75,,,,81.9,2736,6.9,813059,608348,683737,663538,807713,621020,664023,691718,673548,53.58,,,,,,,,9,4,Sweeper,0,0,0,0,0,0,0,0,Standard,Standard,56,0.006,-0.07,67.4,8.3,,0.07,,0,0,0.52,0.48,33,32,34,33,1,0,5,1,6,,3.43,-1.29,-1.29,45.3,25.59112804489538,-36.74972892519474,31.55372700775389,43.27199416137668,51.39906655410246
CU,2025-10-02,78.3,0.81,5.97,"Torres, Gleyber",650402,676282,,ball,,,,,14,Ball,F,R,L,CLE,DET,B,,,2,2,2025,-0.62,-1.13,0.09468234250196406,1.2485840916967463,,,,0,5,Top,,,,,,,-0.4064205131845291,-114.04876231386538,-1.2318164091080317,-5.343317267456377,21.21689153857326,-42.05162206151866,3.24317952012008,1.53360062889242,,,,79.5,2381,7.1,813073,666310,692216,677587,608070,672356,680757,800050,671655,53.39,,,,,,,,33,5,Curveball,1,1,1,1,1,1,1,1,Strategic,Standard,345,-0.011,0.112,,,,-0.112,,0,0,0.504,0.496,25,28,26,29,1,2,5,1,,2,4.85,-0.62,0.62,55.9,,,,,
FS,2025-10-02,87.8,-2.11,5.52,"Ramírez, José",608070,640448,,foul,,,,,13,Foul,F,L,R,CLE,DET,S,,,2,1,2025,-0.47,0.17,-0.08949390732280149,1.1941196215209193,,,,2,6,Bot,,,,,,,5.926124800657488,-127.82151115514782,-4.852131416893272,-6.254030906381028,22.08515146771583,-29.593395002877678,3.35,1.54,1,67.2,-40,89.1,1054,6.7,813073,693307,679529,650402,656716,595879,682985,678009,672761,53.78,,,,,,,,46,4,Split-Finger,1,2,1,2,2,1,1,2,Infield shade,Standard,219,-0.005,-0.073,69.7,7.2,,0.073,88.0,-1,-1,0.329,0.329,33,32,34,33,1,2,1,1,2,,2.74,0.47,-0.47,52.2,0.5473940411640026,-3.472616939896825,38.155507341788116,31.07890078006228,29.72013591109431
FF,2025-10-02,98.1,-1.66,6.37,"Rafaela, Ceddanne",678882,693645,,foul,,,,,5,Foul,F,R,R,NYY,BOS,S,,,3,2,2025,-0.49,1.49,-0.22561272761410922,2.645361666511806,,,807799,0,2,Top,,,,,,,5.018602477754362,-142.60084673543,-8.089315019784976,-7.778277930061361,31.144734003920405,-10.170943331860895,3.44,1.59,132,85.2,84,98.6,2317,6.5,813065,669224,700250,665862,642708,683011,641355,663757,592450,53.99,,,,,,,,8,6,4-Seam Fastball,0,0,0,0,0,0,0,0,Standard,Standard,210,0,0,75.4,8.2,,0,88.0,0,0,0.453,0.5469999999999999,24,24,24,25,1,0,5,1,6,,0.87,0.49,0.49,42.5,20.75650197608697,-21.886701197768872,33.561303347560596,33.37130538898259,38.93963717546315
FF,2025-10-02,93.6,-2.56,5.53,"Naylor, Bo",666310,656427,,swinging_strike,,,,,1,Swinging Strike,F,L,R,CLE,DET,S,,,2,0,2025,-0.28,1.29,-0.5911683792636624,2.924607638046262,,,800050,2,2,Bot,,,,,,,5.722429728270281,-136.2411076816998,-3.910513747528444,-4.6706278328479085,26.750687956578734,-15.430265295136344,3.2,1.38,,,,94.5,2129,6.6,813073,693307,679529,650402,656716,595879,682985,678009,672761,53.94,,,,,,,,14,3,4-Seam Fastball,0,0,0,0,0,0,0,0,Infield shade,Standard,206,-0.005,-0.044,69.8,6.5,,0.044,,0,0,0.531,0.531,29,25,30,25,1,0,8,1,5,,1.29,0.28,-0.28,30.0,-10.4553210097133,30.58612875246809,35.03547372241183,43.67814293365464,5.952219232166515
CH,2025-10-02,88.3,-2.07,5.97,"Busch, Michael",683737,663158,,swinging_strike,,,,,8,Swinging Strike,F,L,R,CHC,SD,S,,,0,0,2025,-1.22,0.29,-0.24228402168657337,1.7979232621013042,,,,0,7,Bot,,,,,,,7.085502083726297,-128.45568990695708,-4.748953087723992,-14.960257304050128,25.602405427751115,-28.186468028233495,3.26,1.58,,,,89.5,1836,6.9,813059,666023,650333,630105,592518,593428,669369,701538,665487,53.57,,,,,,,,55,1,Changeup,2,0,2,0,0,2,2,0,Infield shade,Standard,242,-0.002,-0.039,71.2,7.9,,0.039,,2,2,0.887,0.887,34,27,34,28,1,3,1,1,,2,2.63,1.22,-1.22,36.7,28.799733595041765,-16.95549396045236,37.705510534081675,41.8128213385338,41.334647111344026
ST,2025-10-02,82.6,3,5.34,"Chisholm Jr., Jazz",665862,813349,,ball,,,,,13,Ball,F,L,L,NYY,BOS,B,,,0,0,2025,-1.1,-0.1,-1.0176990903766243,1.9439357063263354,,519317,,2,2,Bot,,,,,,,-7.0599509475429905,-119.90995709334275,-0.8365488941512235,-8.743356276750157,28.68140569603749,-33.16904995683484,3.72183225447336,1.72845369005519,,,,82.6,2462,7,813065,665966,663993,663853,608324,596115,680776,678882,677800,53.54,,,,,,,,14,1,Sweeper,0,0,0,0,0,0,0,0,Standard,Standard,305,0.001,0.019,,,,-0.019,,0,0,0.535,0.535,23,27,23,27,1,0,5,1,,2,3.52,-1.1,-1.1,26.2,,,,,
FF,2025-10-02,94.6,-1.88,5.76,"Torkelson, Spencer",679529,677944,,swinging_strike,,,,,9,Swinging Strike,F,R,R,CLE,DET,S,,,2,1,2025,-0.93,1.27,0.6221059144649262,1.947276292038529,,,681481,2,1,Top,,,,,,,8.628750004663475,-137.46637607261366,-7.147636299833819,-13.585583059573993,28.628450776013295,-14.681237376703525,3.5,1.64,,,,95.1,2419,6.5,813073,666310,692216,677587,608070,672356,680757,800050,671655,53.96,,,,,,,,4,4,4-Seam Fastball,0,0,0,0,0,0,0,0,Strategic,Standard,228,0.005,-0.093,75.8,8.0,,0.093,,0,0,0.524,0.476,26,25,26,26,1,0,6,1,,2,1.27,0.93,0.93,38.7,8.386656779997379,1.2625654064303409,43.7744518434456,43.61324490799739,22.62718436425126
FF,2025-10-02,100.2,-1.88,6.13,"Shaw, Matt",807713,663158,strikeout,swinging_strike,,,,,3,Matt Shaw strikes out swinging.,F,R,R,CHC,SD,S,2,,3,2,2025,-0.44,1.32,0.5035984581307148,2.872236878420881,,608348,691718,2,6,Bot,,,,,,,7.719500985398984,-145.64788276283264,-6.850448650822039,-8.062026446355304,33.761340657486905,-11.914120711096352,3.28,1.55,,,,101.5,2281,7,813059,666023,650333,630105,592518,593428,657757,701538,665487,53.46,,0,0,1,0,0,,50,6,4-Seam Fastball,2,0,2,0,0,2,2,0,Standard,Standard,211,-0.028,-0.282,73.4,6.7,,0.282,,2,2,0.843,0.843,34,23,34,24,1,2,1,1,,2,0.95,0.44,0.44,38.2,7.845614573363741,6.7673105233813216,17.704769425450518,40.3815260661118,27.871159538481493
FS,2025-10-02,81.8,-0.67,5.66,"Tucker, Kyle",663656,669093,,ball,,,,,11,Ball,F,L,R,CHC,SD,B,,,1,1,2025,-0.99,0.53,-1.1011304384816394,3.4493012905583265,,,,2,3,Bot,,,,,,,0.9420031890935752,-119.13649490023828,0.5732371097258393,-9.601796141237891,22.82592414917876,-27.491194899556486,3.48325094589588,1.62955439338239,,,,83,1557,7,813059,666023,650333,630105,592518,593428,657757,701538,665487,53.49,,,,,,,,24,3,Split-Finger,2,0,2,0,0,2,2,0,Infield shade,Standard,244,0.001,0.053,,,,-0.053,,2,2,0.737,0.737,26,28,27,28,1,1,2,1,,2,2.87,0.99,-0.99,58.6,,,,,
FS,2025-10-02,86.8,-2.08,5.54,"Ramírez, José",608070,640448,,called_strike,,,,,9,Called Strike,F,L,R,CLE,DET,S,,,2,0,2025,-0.63,0.21,0.3021411761282794,1.8572110797994124,,,,2,6,Bot,,,,,,,7.023958674610662,-126.24021955392585,-3.083620139274815,-8.098863832791109,24.572692637919495,-29.5441776442059,3.40607323545419,1.57741128813401,,,,87.5,1091,6.7,813073,693307,679529,650402,656716,595879,682985,678009,672761,53.83,,,,,,,,46,3,Split-Finger,1,2,1,2,2,1,1,2,Infield shade,Standard,232,-0.005,-0.066,,,,0.066,,-1,-1,0.334,0.334,33,32,34,33,1,2,1,1,2,,2.81,0.63,-0.63,52.9,,,,,
SL,2025-10-02,87.6,-2.78,5.43,"Naylor, Bo",666310,656427,,ball,,,,,14,Ball,F,L,R,CLE,DET,B,,,1,0,2025,0.48,0.38,0.44429423240952637,0.6878283397523806,,,800050,2,2,Bot,,,,,,,6.835975134004558,-127.40997198389375,-6.174514098727416,3.953434334396544,24.729141853041455,-26.948000244198816,3.19570576355603,1.27438740596109,,,,88.4,2461,6.7,813073,693307,679529,650402,656716,595879,682985,678009,672761,53.82,,,,,,,,14,2,Slider,0,0,0,0,0,0,0,0,Infield shade,Standard,166,0.005,0.048,,,,-0.048,,0,0,0.526,0.526,29,25,30,25,1,0,8,1,5,,2.58,-0.48,0.48,28.5,,,,,
FF,2025-10-02,95.3,-1.83,5.87,"Torkelson, Spencer",679529,677944,,ball,,,,,14,Ball,F,R,R,CLE,DET,B,,,1,1,2025,-1.08,1.27,1.0280402355803853,2.4537607073562437,,,681481,2,1,Top,,,,,,,9.948429033591932,-138.43766573146354,-6.209276805682834,-16.018247355240227,29.404042321016366,-14.541377300974867,3.6026731644476,1.60556054582336,,,,95.6,2513,6.4,813073,666310,692216,677587,608070,672356,680757,800050,671655,54.06,,,,,,,,4,3,4-Seam Fastball,0,0,0,0,0,0,0,0,Infield shade,Standard,223,-0.003,0.054,,,,-0.054,,0,0,0.527,0.473,26,25,26,26,1,0,6,1,,2,1.23,1.08,1.08,39.1,,,,,
SI,2025-10-02,98.8,-1.64,6.29,"Rafaela, Ceddanne",678882,693645,,ball,,,,,14,Ball,F,R,R,NYY,BOS,B,,,2,2,2025,-1.26,0.93,0.2848135520652695,0.8720738982786396,,,807799,0,2,Top,,,,,,,8.194194103972128,-143.2368846159195,-11.49268795697275,-19.178681587223608,32.94336497690588,-16.796711989334224,3.45725939538842,1.62201878730429,,,,99,2202,6.6,813065,669224,700250,665862,642708,683011,641355,663757,592450,53.9,,,,,,,,8,5,Sinker,0,0,0,0,0,0,0,0,Standard,Standard,207,-0.014,0.113,,,,-0.113,,0,0,0.467,0.5329999999999999,24,24,24,25,1,0,5,1,6,,1.42,1.26,1.26,40.8,,,,,
SI,2025-10-02,94.4,2.84,5.39,"Rosario, Amed",642708,813349,field_out,hit_into_play,,,,,4,Amed Rosario flies out to right fielder Wilyer Abreu.,F,R,L,NYY,BOS,X,9,fly_ball,2,2,2025,1.57,0.44,-0.30048161288159836,2.5136091573687827,,519317,,1,2,Bot,143.24,103.24,,,,,-11.783251613607833,-136.9560898590893,-2.7271170293587104,22.46524572771043,31.561953067176418,-26.202035164227688,3.49,1.62,244,93.1,51,95,2142,6.9,813065,665966,663993,663853,608324,596115,680776,678882,677800,53.57,0.01,0.012,0,1,0,0,3,13,6,Sinker,0,0,0,0,0,0,0,0,Standard,Standard,122,-0.031,-0.213,76.5,7.4,0.018,0.213,93.1,0,0,0.566,0.566,23,29,23,30,1,0,5,2,,5,2.14,1.57,-1.57,25.8,6.843611313766574,-9.322104683638715,33.636485697185805,28.268344792927206,33.85138452616112
FF,2025-10-02,97.2,-1.34,6.4,"Bogaerts, Xander",593428,641745,,ball,,,,,13,Ball,F,R,R,CHC,SD,B,,,0,0,2025,-0.22,1.39,-0.0449566455258556,1.174795282549562,,,,0,9,Top,,,,,,,3.9514010536719977,-141.20941280896258,-11.589895241713396,-3.8914639910179942,31.454942956658474,-11.17576499818724,3.7706060847743,1.71615668137233,,,,96.8,2500,6.1,813059,608348,683737,663538,807713,621020,664023,691718,673548,54.38,,,,,,,,68,1,4-Seam Fastball,3,1,1,3,1,3,1,3,Standard,Standard,199,-0.008,0.041,,,,-0.041,,2,-2,0.924,0.07599999999999996,29,32,30,33,1,3,2,1,6,,1.03,0.22,0.22,52.4,,,,,
CU,2025-10-02,77.7,0.76,5.99,"Torres, Gleyber",650402,676282,,ball,,,,,12,Ball,F,R,L,CLE,DET,B,,,1,2,2025,-0.55,-1.32,1.1976964739112583,3.1370604093184067,,,,0,5,Top,,,,,,,1.9833297136225843,-113.13561386272703,3.2650443991481763,-5.106565394988725,20.099809803556685,-44.31986344985697,3.15177814898603,1.47238204350733,,,,79,2622,7.1,813073,666310,692216,677587,608070,672356,680757,800050,671655,53.43,,,,,,,,33,4,Curveball,1,1,1,1,1,1,1,1,Standard,Standard,338,-0.005,0.043,,,,-0.043,,0,0,0.509,0.491,25,28,26,29,1,2,5,1,,2,5.08,-0.55,0.55,55.8,,,,,
FF,2025-10-02,92.5,-1.23,6.18,"Bogaerts, Xander",593428,592791,,ball,,,,,12,Ball,F,R,R,CHC,SD,B,,,1,1,2025,-0.52,1.52,0.3101014745870643,4.344902512073437,,,,1,2,Top,,,,,,,5.107602127908499,-134.71060558836461,-2.2429088721963835,-7.38981214996551,27.22542024612463,-13.32387470083911,3.5044342912858,1.6438571765688,,,,93.6,2340,6.8,813059,608348,683737,663538,807713,621020,664023,691718,673548,53.74,,,,,,,,9,3,4-Seam Fastball,0,0,0,0,0,0,0,0,Standard,Standard,207,-0.004,0.055,,,,-0.055,,0,0,0.524,0.476,33,32,34,33,1,0,5,1,6,,1.13,0.52,0.52,42.0,,,,,
FS,2025-10-02,82.8,-0.58,5.5,"Tucker, Kyle",663656,669093,,ball,,,,,14,Ball,F,L,R,CHC,SD,B,,,0,1,2025,-0.78,0.9,0.7919464414301346,0.4689483531204566,,,,2,3,Bot,,,,,,,4.735258011336621,-120.31767298174138,-6.835558387557867,-8.49825059127676,23.563513111269632,-22.28382046818111,3.4939020819327,1.64000522515695,,,,84,1508,7.2,813059,666023,650333,630105,592518,593428,657757,701538,665487,53.29,,,,,,,,24,2,Split-Finger,2,0,2,0,0,2,2,0,Infield shade,Standard,235,0.001,0.027,,,,-0.027,,2,2,0.736,0.736,26,28,27,28,1,1,2,1,,2,2.44,0.78,-0.78,61.5,,,,,
SI,2025-10-02,98,-1.74,6.38,"Rafaela, Ceddanne",678882,693645,,swinging_strike,,,,,4,Swinging Strike,F,R,R,NYY,BOS,S,,,2,1,2025,-1.18,1.02,-0.6028847924411211,2.7356607800601074,,,807799,0,2,Top,,,,,,,5.81754092973179,-142.44345282651727,-6.730535837861645,-17.346625340193203,32.937028830277214,-16.87252478520887,3.44,1.59,,,,98.2,2199,6.5,813065,669224,700250,665862,642708,683011,641355,663757,592450,54,,,,,,,,8,4,Sinker,0,0,0,0,0,0,0,0,Standard,Standard,205,0.011,-0.078,72.3,6.3,,0.078,,0,0,0.456,0.544,24,24,24,25,1,0,5,1,6,,1.36,1.18,1.18,40.8,-7.961676287907661,34.072221291329626,37.60098994058771,29.13053971872249,18.905271403461747
KC,2025-10-02,78.6,-2.92,5.16,"Naylor, Bo",666310,656427,,ball,,,,,13,Ball,F,L,R,CLE,DET,B,,,0,0,2025,1.06,-0.91,-0.8829605012548836,0.9111560533363803,,,800050,2,2,Bot,,,,,,,2.45170654791751,-114.37841563435661,-0.5736408521938422,8.7026250711533,24.302980415278647,-40.172179599096474,3.27924206453999,1.3492379681167,,,,78.3,2381,6.4,813073,693307,679529,650402,656716,595879,682985,678009,672761,54.07,,,,,,,,14,1,Knuckle Curve,0,0,0,0,0,0,0,0,Infield shade,Standard,58,0.002,0.035,,,,-0.035,,0,0,0.524,0.524,29,25,30,25,1,0,8,1,5,,4.64,-1.06,1.06,21.6,,,,,
FF,2025-10-02,99.9,-1.97,6.06,"Shaw, Matt",807713,663158,,foul,,,,,6,Foul,F,R,R,CHC,SD,S,,,3,1,2025,-0.74,1.36,0.503995310810781,2.518084659891191,,608348,691718,2,6,Bot,,,,,,,8.657832317407314,-145.1307456917934,-7.702282621638248,-12.390663331440406,31.84906571266512,-11.271978340669333,3.28,1.55,264,78.3,36,101.4,2463,7.1,813059,666023,650333,630105,592518,593428,657757,701538,665487,53.42,,,,,,,,50,5,4-Seam Fastball,2,0,2,0,0,2,2,0,Standard,Standard,214,-0.004,-0.11,68.2,6.9,,0.11,88.0,2,2,0.847,0.847,34,23,34,24,1,2,1,1,,2,0.92,0.74,0.74,36.7,4.880967777565662,7.297319068358347,23.62595792670061,41.24691768329339,24.234710075190613
FC,2025-10-02,85.8,-1.41,6.08,"Bogaerts, Xander",593428,592791,,ball,,,,,14,Ball,F,R,R,CHC,SD,B,,,0,1,2025,0.63,0.46,0.946637323641293,1.3462819974855056,,,,1,2,Top,,,,,,,4.3338806749025585,-124.96311993507908,-6.049048529269839,6.047995890067504,20.06616013665694,-26.442951639473947,3.47355514120019,1.58178491843073,,,,87.4,2674,6.8,813059,608348,683737,663538,807713,621020,664023,691718,673548,53.7,,,,,,,,9,2,Cutter,0,0,0,0,0,0,0,0,Standard,Standard,151,-0.002,0.029,,,,-0.029,,0,0,0.526,0.474,33,32,34,33,1,0,5,1,6,,2.58,-0.63,-0.63,39.8,,,,,
CU,2025-10-02,80.8,0.84,5.88,"Torres, Gleyber",650402,676282,,ball,,,,,13,Ball,F,R,L,CLE,DET,B,,,0,2,2025,-0.57,-1.47,-0.5551427315948905,-0.15652569346071665,,,,0,5,Top,,,,,,,-2.0530494392295577,-117.52194293972673,-3.875537743472637,-4.715989310436803,26.677500357877477,-44.99745763971915,3.24565665248238,1.50501325111824,,,,81.3,2850,7.1,813073,666310,692216,677587,608070,672356,680757,800050,671655,53.42,,,,,,,,33,3,Curveball,1,1,1,1,1,1,1,1,Standard,Standard,337,-0.003,0.024,,,,-0.024,,0,0,0.512,0.488,25,28,26,29,1,2,5,1,,2,5.02,-0.57,0.57,54.2,,,,,
CH,2025-10-02,92.7,-1.38,6.34,"Merrill, Jackson",701538,641745,home_run,hit_into_play,,,,,9,Jackson Merrill homers (1) on a fly ball to right center field.,F,L,R,CHC,SD,X,,fly_ball,1,1,2025,-0.74,0.77,0.46479112903994735,1.9525182879114686,,,,0,9,Top,190.92,64.54,,,,,6.288313488750479,-134.92311692653632,-7.131775336882328,-10.389622678631714,25.974681098257374,-21.43795915979228,3.61,1.7,369,104.5,36,92.5,1931,5.9,813059,608348,683737,663538,807713,621020,664023,691718,673548,54.59,0.579,1.1613103448275859,2,1,0,3,6,67,3,Changeup,3,0,0,3,1,3,1,3,Standard,Standard,205,-0.043,1.123,78.8,8.5,2.285,-1.123,104.5,3,-3,0.967,0.03300000000000003,29,22,30,22,1,3,2,1,6,,1.85,0.74,-0.74,46.6,21.701884202213126,-13.254481022935536,43.5414060623884,35.39193085830739,38.23291167063231
FS,2025-10-02,87.3,-2.02,5.5,"Ramírez, José",608070,640448,,ball,,,,,14,Ball,F,L,R,CLE,DET,B,,,1,0,2025,-0.52,0.1,0.5399212679785262,1.2299071058907143,,,,2,6,Bot,,,,,,,7.290620287400975,-126.97083311380058,-4.412191476023573,-7.004723269463444,23.746477452158327,-30.424196545210933,3.39180900047156,1.53311596343649,,,,88.3,982,6.7,813073,693307,679529,650402,656716,595879,682985,678009,672761,53.76,,,,,,,,46,2,Split-Finger,1,2,1,2,2,1,1,2,Infield shade,Standard,231,0.005,0.065,,,,-0.065,,-1,-1,0.329,0.329,33,32,34,33,1,2,1,1,2,,2.87,0.52,-0.52,49.1,,,,,
FF,2025-10-02,95.7,2.6,5.6,"Rosario, Amed",642708,813349,,foul,,,,,1,Foul,F,R,L,NYY,BOS,S,,,2,2,2025,0.72,1.39,-0.6657190876870948,3.1437349694496652,,519317,,1,2,Bot,,,,,,,-10.336644239907272,-138.803269805943,-3.928956012082025,11.808478343284742,35.63847064553219,-13.601626911318444,3.49,1.62,8,93.4,-21,96,2366,7,813065,665966,663993,663853,608324,596115,680776,678882,677800,53.5,,,,,,,,13,5,4-Seam Fastball,0,0,0,0,0,0,0,0,Standard,Standard,136,0,0,70.1,6.9,,0,93.4,0,0,0.566,0.566,23,29,23,30,1,0,5,2,,5,1.15,0.72,-0.72,38.4,21.020951267038704,-8.046289046560364,23.93721259291835,24.14587131118677,29.810515362276174
FF,2025-10-02,95.9,-1.96,5.86,"Torkelson, Spencer",679529,677944,,ball,,,,,12,Ball,F,R,R,CLE,DET,B,,,0,1,2025,-0.88,1.38,0.7826030232080036,4.069583851930298,,,681481,2,1,Top,,,,,,,9.254059020640412,-139.39529071418247,-2.2075060660891896,-13.552198242315471,32.85115099597586,-13.98623911264388,3.56927310584625,1.68997619907726,,,,95.9,2493,6.5,813073,666310,692216,677587,608070,672356,680757,800050,671655,54.05,,,,,,,,4,2,4-Seam Fastball,0,0,0,0,0,0,0,0,Infield shade,Standard,219,-0.002,0.027,,,,-0.027,,0,0,0.529,0.471,26,25,26,26,1,0,6,1,,2,1.12,0.88,0.88,38.6,,,,,
FF,2025-10-02,97.6,-1.79,6.38,"Rafaela, Ceddanne",678882,693645,,called_strike,,,,,6,Called Strike,F,R,R,NYY,BOS,S,,,2,0,2025,-0.2,1.51,0.40103667852775476,2.366160654577076,,,807799,0,2,Top,,,,,,,6.366890726122709,-141.81315057552348,-8.791936404007586,-4.139157589430005,33.69432711275292,-9.882322322353547,3.48373166280591,1.64863024387784,,,,97.8,2284,6.6,813065,669224,700250,665862,642708,683011,641355,663757,592450,53.95,,,,,,,,8,3,4-Seam Fastball,0,0,0,0,0,0,0,0,Standard,Standard,209,0.011,-0.066,,,,0.066,,0,0,0.445,0.5549999999999999,24,24,24,25,1,0,5,1,6,,0.89,0.2,0.2,42.5,,,,,
FF,2025-10-02,96.1,-1.93,5.81,"Torkelson, Spencer",679529,677944,,called_strike,,,,,5,Called Strike,F,R,R,CLE,DET,S,,,0,0,2025,-0.89,1.3,-0.1852506671541163,2.415977686628686,,,681481,2,1,Top,,,,,,,6.672071089417912,-139.6383421248879,-6.353750023810077,-13.176723559579017,32.602349103001856,-13.902259897608909,3.49817237845004,1.64841312917841,,,,96.3,2489,6.6,813073,666310,692216,677587,608070,672356,680757,800050,671655,53.91,,,,,,,,4,1,4-Seam Fastball,0,0,0,0,0,0,0,0,Infield shade,Standard,223,0.003,-0.042,,,,0.042,,0,0,0.526,0.474,26,25,26,26,1,0,6,1,,2,1.18,0.89,0.89,40.4,,,,,
CU,2025-10-02,79.4,2.93,5.67,"Rosario, Amed",642708,813349,,foul,,,,,5,Foul,F,R,L,NYY,BOS,S,,,2,1,2025,-1.04,-0.84,0.14126425836736722,2.2669259091390694,,519317,,1,2,Bot,,,,,,,-4.204556390454433,-115.46234209839726,1.0726784226524375,-8.223430034861057,26.103176241269065,-40.03765404113071,3.49,1.62,31,77.6,-2,79.9,2503,7.1,813065,665966,663993,663853,608324,596115,680776,678882,677800,53.37,,,,,,,,13,4,Curveball,0,0,0,0,0,0,0,0,Standard,Standard,318,-0.008,-0.065,75.0,8.2,,0.065,88.0,0,0,0.574,0.574,23,29,23,30,1,0,5,2,,5,4.52,-1.04,1.04,35.1,16.225989043506893,-21.72143263060997,29.891898963451474,35.656141112046484,47.754984379140275
FS,2025-10-02,82.6,-0.82,5.62,"Tucker, Kyle",663656,669093,,swinging_strike,,,,,7,Swinging Strike,F,L,R,CHC,SD,S,,,0,0,2025,-0.75,0.84,-0.8272127242577658,1.9991700678971664,,,,2,3,Bot,,,,,,,1.4815789060991666,-120.36692878815064,-3.4531648043416445,-7.597844903106098,22.71685238740105,-23.54838935874787,3.44,1.62,,,,84,1601,7.1,813059,666023,650333,630105,592518,593428,657757,701538,665487,53.42,,,,,,,,24,1,Split-Finger,2,0,2,0,0,2,2,0,Infield shade,Standard,239,-0.001,-0.043,62.9,8.8,,0.043,,2,2,0.737,0.737,26,28,27,28,1,1,2,1,,2,2.48,0.75,-0.75,58.8,27.323325069995292,-38.548308083501645,29.54472258759679,48.52102884807195,49.818291538128
FF,2025-10-02,96.5,-1.92,5.51,"Schneemann, Daniel",682177,676684,field_out,hit_into_play,,,,,8,Daniel Schneemann grounds out to first baseman Spencer Torkelson.,F,L,R,CLE,DET,X,3,ground_ball,1,2,2025,-0.8,1.07,-0.2037597605161633,1.6337883233995232,,,,2,9,Bot,159.35,167.58,,,,,6.415462326111028,-140.2999713760654,-7.204188195733002,-12.065675381008175,31.89659998109111,-16.563170619580323,3.37,1.64,48,73.5,3,96.8,2237,6.5,813073,693307,679529,650402,656716,595879,682985,678009,672761,54.01,0.173,0.16,0,1,0,0,2,74,4,4-Seam Fastball,3,6,3,6,6,3,3,6,Infield shade,Strategic,221,-0.005,-0.182,72.6,7.6,0.174,0.182,88.0,-3,-3,0.005,0.005,30,28,30,28,1,0,2,1,2,,1.38,0.8,-0.8,49.9,19.169004284054097,-8.291433028355947,35.130426802090696,34.84332847378717,43.061493478550005
KC,2025-10-02,78.2,-2.53,5.51,"Arias, Gabriel",672356,656427,strikeout,swinging_strike_blocked,,,,,14,Gabriel Arias strikes out swinging.,F,R,R,CLE,DET,S,2,,0,2,2025,0.82,-0.77,0.2477652251553265,0.7326012517782394,,,800050,1,2,Bot,,,,,,,4.5041380743582415,-113.80638821142612,-1.9797478024300361,6.195136366926413,21.925518159486256,-38.65602479887473,3.46,1.51,,,,78.3,2374,6.5,813073,693307,679529,650402,656716,595879,682985,678009,672761,54.05,,0,0,1,0,0,,13,3,Knuckle Curve,0,0,0,0,0,0,0,0,Standard,Standard,53,-0.018,-0.168,64.5,8.8,,0.168,,0,0,0.542,0.542,29,25,30,25,1,0,8,1,5,,4.51,-0.82,-0.82,34.8,17.95043889319902,-28.922268868130278,33.79793435264924,44.6633659558954,51.655438989875776
FF,2025-10-02,93.8,0.62,5.75,"Torres, Gleyber",650402,676282,,called_strike,,,,,7,Called Strike,F,R,L,CLE,DET,S,,,0,1,2025,0.66,1.51,-0.7463607552968405,1.7309009471496055,,,,0,5,Top,,,,,,,-5.10646903397785,-136.27809016562662,-8.148518393821208,9.388445638232907,30.31542551714094,-11.762019289796957,3.21567307535776,1.47467522006609,,,,95.7,1823,7.5,813073,666310,692216,677587,608070,672356,680757,800050,671655,53.02,,,,,,,,33,2,4-Seam Fastball,1,1,1,1,1,1,1,1,Standard,Standard,147,0.008,-0.055,,,,0.055,,0,0,0.504,0.496,25,28,26,29,1,2,5,1,,2,1.09,0.66,-0.66,50.7,,,,,
FF,2025-10-02,96.7,-1.49,6.33,"Merrill, Jackson",701538,641745,,called_strike,,,,,5,Called Strike,F,L,R,CHC,SD,S,,,1,0,2025,-0.09,1.21,0.1075560545737202,2.395159626873304,,,,0,9,Top,,,,,,,4.429469706987417,-140.7284267512966,-7.685084063914752,-2.1481052535826994,29.12986851472039,-14.619414026130386,3.60619679479171,1.71774344434252,,,,96.5,2397,6,813059,608348,683737,663538,807713,621020,664023,691718,673548,54.55,,,,,,,,67,2,4-Seam Fastball,3,0,0,3,0,3,0,3,Standard,Standard,199,0.005,-0.05,,,,0.05,,3,-3,0.962,0.038000000000000034,29,22,30,22,1,3,2,1,6,,1.21,0.09,-0.09,47.7,,,,,
FS,2025-10-02,87.1,-2.25,5.6,"Ramírez, José",608070,640448,,ball,,,,,13,Ball,F,L,R,CLE,DET,B,,,0,0,2025,-0.66,0.01,-1.3219512268048992,1.9852596354915857,,,,2,6,Bot,,,,,,,3.6201429710201474,-126.9023528881708,-2.6470134996181574,-7.857309398990367,21.663101000831734,-31.834743283644382,3.43700556222794,1.60806514514187,,,,88.4,903,6.7,813073,693307,679529,650402,656716,595879,682985,678009,672761,53.81,,,,,,,,46,1,Split-Finger,1,2,1,2,2,1,1,2,Infield shade,Standard,229,0.002,0.037,,,,-0.037,,-1,-1,0.327,0.327,33,32,34,33,1,2,1,1,2,,2.95,0.66,-0.66,55.2,,,,,
SL,2025-10-02,88.5,-1.75,5.14,"Bogaerts, Xander",593428,694037,single,hit_into_play,,,,,5,Xander Bogaerts singles on a line drive to left fielder Ian Happ.,F,R,R,CHC,SD,X,7,line_drive,1,2,2025,0.31,-0.05,0.04692229659998309,2.70256993346089,,,,0,7,Top,66.74,98.57,,,,,3.771341550847323,-129.02898020627885,0.16343809339159798,2.7798735734289344,24.315851818223827,-32.94779096581686,3.62,1.75,192,99.4,9,89.8,2432,6.7,813059,608348,683737,663538,807713,621020,664023,691718,673548,53.75,0.701,0.649,0.9,1,1,0,4,51,4,Slider,2,0,0,2,0,2,0,2,Standard,Standard,99,-0.071,0.508,73.4,7.2,0.797,-0.508,99.4,2,-2,0.825,0.17500000000000004,25,32,25,33,1,2,2,1,4,,2.93,-0.31,-0.31,21.6,6.865891405491405,-0.7400768354402575,26.65576570691358,39.39185171615124,36.356125687453996
FF,2025-10-02,99.9,-1.97,6.16,"Shaw, Matt",807713,663158,,ball,,,,,11,Ball,F,R,R,CHC,SD,B,,,2,1,2025,-0.54,1.34,-0.8678806038331682,3.2241963057396172,,608348,691718,2,6,Bot,,,,,,,4.365024892284387,-145.36057360940399,-5.955033071088739,-8.637878985541864,32.491731106635534,-11.96352159892339,3.32609255632585,1.54364491216256,,,,101.3,2435,6.9,813059,666023,650333,630105,592518,593428,657757,701538,665487,53.55,,,,,,,,50,4,4-Seam Fastball,2,0,2,0,0,2,2,0,Standard,Standard,208,0.004,0.109,,,,-0.109,,2,2,0.843,0.843,34,23,34,24,1,2,1,1,,2,0.94,0.54,0.54,38.9,,,,,
FF,2025-10-02,92.5,-1.29,6.18,"Bogaerts, Xander",593428,592791,,swinging_strike,,,,,3,Swinging Strike,F,R,R,CHC,SD,S,,,0,0,2025,-0.49,1.51,0.33334828431067703,3.6366361255442836,,,,1,2,Top,,,,,,,5.267816447234683,-134.70415959927234,-4.066543539965018,-7.075902325447482,27.684400830055317,-13.035041147120689,3.62,1.75,,,,93.7,2481,6.8,813059,608348,683737,663538,807713,621020,664023,691718,673548,53.66,,,,,,,,9,1,4-Seam Fastball,0,0,0,0,0,0,0,0,Standard,Standard,210,0.003,-0.039,,,,0.039,,0,0,0.523,0.477,33,32,34,33,1,0,5,1,6,,1.14,0.49,0.49,49.4,,,,,
ST,2025-10-02,84.7,-2.1,5.71,"Pérez, Wenceel",672761,677944,strikeout,called_strike,,,,,4,Wenceel Pérez called out on strikes.,F,L,R,CLE,DET,S,2,,2,2,2025,0.86,-0.25,-0.5437636496743596,2.6968816314080706,,,681481,1,1,Top,,,,,,,1.9208304995360508,-123.36030353150896,-0.23290416500501343,8.4645693546855,23.320885480913716,-34.94097381058569,3.23036949955832,1.54057726698799,,,,85.1,2741,6.4,813073,666310,692216,677587,608070,672356,680757,800050,671655,54.1,,0,0,1,0,0,,3,7,Sweeper,0,0,0,0,0,0,0,0,Infield shade,Standard,70,0.024,-0.222,,,,0.222,,0,0,0.502,0.498,26,25,26,26,1,0,6,1,,2,3.41,-0.86,0.86,37.2,,,,,
SL,2025-10-02,87.1,2.99,5.39,"Rosario, Amed",642708,813349,,called_strike,,,,,6,Called Strike,F,R,L,NYY,BOS,S,,,2,0,2025,0,0.44,0.7105967165271735,2.3840446121833967,,519317,,1,2,Bot,,,,,,,-5.530970395150736,-126.61991600195519,-1.8486971084188593,1.3308210771835138,30.30833964334046,-27.281273776172497,3.58958785690647,1.70184772294024,,,,87.3,2426,6.9,813065,665966,663993,663853,608324,596115,680776,678882,677800,53.61,,,,,,,,13,3,Slider,0,0,0,0,0,0,0,0,Standard,Standard,144,-0.004,-0.058,,,,0.058,,0,0,0.578,0.578,23,29,23,30,1,0,5,2,,5,2.61,0,0,26.6,,,,,
FF,2025-10-02,93.3,-2.6,5.45,"Arias, Gabriel",672356,656427,,called_strike,,,,,7,Called Strike,F,R,R,CLE,DET,S,,,0,1,2025,-0.67,1.4,-0.6577847589317487,2.014085816853245,,,800050,1,2,Bot,,,,,,,6.500543559736092,-135.5973528457575,-6.148224115586333,-9.669081306053885,30.604377999162654,-13.797268716523885,3.43522693319834,1.65320863984415,,,,93.7,2379,6.7,813073,693307,679529,650402,656716,595879,682985,678009,672761,53.85,,,,,,,,13,2,4-Seam Fastball,0,0,0,0,0,0,0,0,Standard,Standard,209,-0.008,-0.047,,,,0.047,,0,0,0.55,0.55,29,25,30,25,1,0,8,1,5,,1.24,0.67,0.67,29.5,,,,,
CH,2025-10-02,90.8,-2.09,5.55,"Schneemann, Daniel",682177,676684,,swinging_strike,,,,,13,Swinging Strike,F,L,R,CLE,DET,S,,,1,1,2025,-1.3,0.28,-0.48938335874981354,1.3374863661353942,,,,2,9,Bot,,,,,,,6.799877104557417,-132.1441480764161,-5.295371356851861,-16.63477266149846,26.009577694322562,-28.013290502129138,3.37,1.64,,,,91.5,1719,6.5,813073,693307,679529,650402,656716,595879,682985,678009,672761,53.99,,,,,,,,74,3,Changeup,3,6,3,6,6,3,3,6,Infield shade,Strategic,238,0,-0.062,70.1,7.9,,0.062,,-3,-3,0.005,0.005,30,28,30,28,1,0,2,1,2,,2.47,1.3,-1.3,46.7,27.270710850381747,-19.154121211291233,36.23952598614918,37.751084392182676,46.00308897047228
CU,2025-10-02,76.8,0.68,5.97,"Torres, Gleyber",650402,676282,,called_strike,,,,,2,Called Strike,F,R,L,CLE,DET,S,,,0,0,2025,-0.59,-1.47,0.08095935818970179,3.3456717409327386,,,,0,5,Top,,,,,,,-0.19933501973574907,-111.69518362502133,4.2797492106661,-4.866599171252294,23.027236247478083,-45.471932293154715,3.32435823590743,1.44537131102526,,,,77.3,2647,7,813073,666310,692216,677587,608070,672356,680757,800050,671655,53.52,,,,,,,,33,1,Curveball,1,1,1,1,1,1,1,1,Standard,Standard,335,0.004,-0.039,,,,0.039,,0,0,0.5,0.5,25,28,26,29,1,2,5,1,,2,5.38,-0.59,0.59,56.4,,,,,
FS,2025-10-02,86.7,-2.19,5.57,"Valera, George",671655,640448,field_out,hit_into_play,,,,,13,"George Valera grounds out, second baseman Gleyber Torres to first baseman Spencer Torkelson.",F,L,R,CLE,DET,X,4,ground_ball,3,2,2025,-0.89,0.2,-1.0018439370472394,2.2885781949591837,,,,1,6,Bot,142.64,145.81,,,,,4.682256352802824,-126.37724941660795,-2.1793508490847815,-10.444536089601739,21.575073079313984,-29.826247440753818,3.47,1.57,14,86.9,-9,87.9,1087,6.6,813073,693307,679529,650402,656716,595879,682985,678009,672761,53.91,0.106,0.099,0,1,0,0,2,45,8,Split-Finger,1,2,1,2,2,1,1,2,Infield shade,Standard,223,-0.036,-0.332,69.1,6.9,0.106,0.332,88.0,-1,-1,0.363,0.363,33,24,34,25,1,2,1,1,2,,2.78,0.89,-0.89,51.1,7.135881410791426,-7.601908771611086,19.89858830471312,46.482326763465345,38.34912389454328
SL,2025-10-02,84.2,-1.43,6.47,"Merrill, Jackson",701538,641745,,ball,,,,,11,Ball,F,L,R,CHC,SD,B,,,0,0,2025,0.8,-0.7,-1.3147032335876394,2.825947053587116,,,,0,9,Top,,,,,,,-1.3176530820038246,-122.79740552694322,-0.7838897849098853,8.417383244022492,22.43346809163551,-39.313684458227094,3.53952516516993,1.65065411221998,,,,83.7,2799,5.7,813059,608348,683737,663538,807713,621020,664023,691718,673548,54.81,,,,,,,,67,1,Slider,3,0,0,3,0,3,0,3,Standard,Standard,65,-0.004,0.041,,,,-0.041,,3,-3,0.966,0.03400000000000003,29,22,30,22,1,3,2,1,6,,3.88,-0.8,0.8,50.2,,,,,
FS,2025-10-02,84,-0.7,5.59,"Happ, Ian",664023,669093,field_out,hit_into_play,,,,,4,Ian Happ pops out to first baseman Luis Arraez in foul territory.,F,L,R,CHC,SD,X,3,popup,0,1,2025,-0.82,0.91,-0.452607678813272,2.6303873922479033,,,,1,3,Bot,159.7,189.09,,,,,2.241349430114225,-122.36928677867408,-2.3058443888058426,-8.69476428693122,24.434950856640217,-22.774479464439587,3.55,1.66,88,70.9,71,85.4,1583,7.1,813059,666023,650333,630105,592518,593428,657757,701538,665487,53.36,0.001,0,0,1,0,0,3,23,2,Split-Finger,2,0,2,0,0,2,2,0,Infield shade,Standard,233,-0.01,-0.215,62.2,7.3,0.001,0.215,88.0,2,2,0.747,0.747,26,30,27,31,1,1,2,1,,2,2.31,0.82,-0.82,60.8,21.3460592107181,-16.619877291115817,27.00706224836296,42.81542319804677,46.98107221781157
FF,2025-10-02,93.5,-1.98,5.54,"Crow-Armstrong, Pete",691718,506433,single,hit_into_play,,,,,5,Pete Crow-Armstrong singles on a line drive to center fielder Jackson Merrill. Kyle Tucker scores. Seiya Suzuki to 3rd. Carson Kelly to 2nd.,F,L,R,CHC,SD,X,8,line_drive,1,0,2025,-0.72,1.24,0.1670838646852193,2.1104536721343052,663656,673548,608348,0,2,Bot,123.63,99.36,,,,,7.160214884902814,-136.02609689172624,-5.8990801080818125,-10.391948483633847,27.334660351407784,-15.704004994188798,3.11,1.47,279,86.4,22,94.4,2355,6.6,813059,666023,650333,630105,592518,593428,657757,701538,665487,53.86,0.413,0.42,0.9,1,1,0,3,15,2,4-Seam Fastball,0,0,0,0,0,1,1,0,Infield shade,Standard,213,0.069,0.406,71.0,6.7,0.55,-0.406,88.0,0,0,0.723,0.723,38,23,39,23,1,0,6,1,,2,1.35,0.72,-0.72,35.6,3.5939125416052358,4.931391028906569,44.420338868887704,32.42580165233355,28.30957176772253
FC,2025-10-02,85.2,-1.64,5.93,"Merrill, Jackson",701538,592791,strikeout,called_strike,,,,,7,Jackson Merrill called out on strikes.,F,L,R,CHC,SD,S,2,,2,2,2025,0.49,0.8,-0.6163616412785254,1.797378327215844,,,,0,2,Top,,,,,,,1.4213239372306228,-124.31132369601858,-5.214823903786315,4.9796622756750555,19.109329530763347,-23.08055297431741,3.71398363602054,1.61244231120055,,,,86.9,2555,6.7,813059,608348,683737,663538,807713,621020,664023,691718,673548,53.81,,0,0,1,0,0,,8,5,Cutter,0,0,0,0,0,0,0,0,Infield shade,Standard,181,0.02,-0.232,,,,0.232,,0,0,0.503,0.497,33,22,34,22,1,0,5,1,6,,2.26,-0.49,0.49,45.1,,,,,
SL,2025-10-02,90.3,-1.56,5.03,"Bogaerts, Xander",593428,694037,,ball,,,,,14,Ball,F,R,R,CHC,SD,B,,,0,2,2025,0.36,0.12,1.3479371746606357,2.168700864348108,,,,0,7,Top,,,,,,,6.511182378381225,-131.4098493693722,-1.445062238689771,2.8192085803707028,27.282946399981018,-30.70556097830376,3.59003154265667,1.768869278384,,,,91,2394,6.6,813059,608348,683737,663538,807713,621020,664023,691718,673548,53.86,,,,,,,,51,3,Slider,2,0,0,2,0,2,0,2,Standard,Standard,101,-0.004,0.024,,,,-0.024,,2,-2,0.829,0.17100000000000004,25,32,25,33,1,2,2,1,4,,2.67,-0.36,-0.36,27.3,,,,,
FF,2025-10-02,100.2,-1.86,6.2,"Shaw, Matt",807713,663158,,ball,,,,,12,Ball,F,R,R,CHC,SD,B,,,1,1,2025,-0.36,1.43,0.8583151105295149,3.3387166054231843,,608348,691718,2,6,Bot,,,,,,,8.455325799537215,-145.6439981939271,-5.969795115960371,-7.022741386787547,33.179255894302145,-10.604934094913958,3.3234325152746,1.54083339239138,,,,101.3,2414,6.9,813059,666023,650333,630105,592518,593428,657757,701538,665487,53.59,,,,,,,,50,3,4-Seam Fastball,2,0,2,0,0,2,2,0,Standard,Standard,210,0.003,0.03,,,,-0.03,,2,2,0.84,0.84,34,23,34,24,1,2,1,1,,2,0.84,0.36,0.36,39.6,,,,,
FF,2025-10-02,97.8,-1.72,6.32,"Rafaela, Ceddanne",678882,693645,,ball,,,,,13,Ball,F,R,R,NYY,BOS,B,,,1,0,2025,-0.26,1.48,-0.9443831443686761,2.1893078168547135,,,807799,0,2,Top,,,,,,,2.702473761452694,-142.20303100023017,-9.045910682585745,-4.16735035546221,31.526483014054126,-10.282084708300752,3.58958785690647,1.64863024387784,,,,97.9,2278,6.3,813065,669224,700250,665862,642708,683011,641355,663757,592450,54.2,,,,,,,,8,2,4-Seam Fastball,0,0,0,0,0,0,0,0,Standard,Standard,213,-0.011,0.062,,,,-0.062,,0,0,0.456,0.544,24,24,24,25,1,0,5,1,6,,0.9,0.26,0.26,41.2,,,,,
CH,2025-10-02,85.8,-2.16,5.63,"Pérez, Wenceel",672761,677944,,foul,,,,,1,Foul,F,L,R,CLE,DET,S,,,2,2,2025,-1.15,0.27,-0.641953610437241,2.959489506985491,,,681481,1,1,Top,,,,,,,5.9312578543673355,-124.77387443710404,-0.5936521923060898,-13.194690179879169,25.622996401018728,-29.424258028632128,3.18,1.47,,,,85.9,1687,6.4,813073,666310,692216,677587,608070,672356,680757,800050,671655,54.06,,,,,,,,3,6,Changeup,0,0,0,0,0,0,0,0,Infield shade,Standard,236,0,0,71.0,6.4,,0,,0,0,0.502,0.498,26,25,26,26,1,0,6,1,,2,2.83,1.15,-1.15,34.6,-0.19710846343883148,10.711110768275391,24.618108488643323,39.77638004232341,18.874159886151226
SL,2025-10-02,87,0.81,5.66,"Meadows, Parker",678009,676282,field_out,hit_into_play,,,,,8,Parker Meadows flies out to left fielder Steven Kwan.,F,L,L,CLE,DET,X,7,fly_ball,2,0,2025,-0.27,0.59,-0.06527303143664162,1.8247009782774521,,682985,656716,2,4,Top,79.85,118.06,,,,,-1.5821536775337883,-126.76790009819484,-4.395275301311626,-2.6767757094994242,22.154500650638173,-25.17742532238037,3.46,1.67,233,85.8,49,89.1,2024,7.2,813073,666310,692216,677587,608070,672356,680757,800050,671655,53.32,0.01,0.011,0,1,0,0,3,28,3,Slider,0,1,1,0,1,0,1,0,Standard,Strategic,222,0.054,-0.335,69.4,7.6,0.019,0.335,88.0,-1,1,0.374,0.626,25,25,26,26,1,1,5,1,,2,2.38,-0.27,-0.27,51.5,5.555492731824134,-4.682490540609023,36.752934495995085,36.94621449583012,36.906476357024744
FF,2025-10-02,94.9,-1.78,5.65,"Valera, George",671655,640448,,foul,,,,,13,Foul,F,L,R,CLE,DET,S,,,3,2,2025,-0.83,1.42,-0.9046331155641374,2.4460946118973634,,,,1,6,Bot,,,,,,,4.170561696430961,-138.09025310894415,-5.93459847567287,-11.543095331494891,29.940943877457,-12.81759514717679,3.47,1.57,289,87,40,95.4,2244,6.5,813073,693307,679529,650402,656716,595879,682985,678009,672761,53.96,,,,,,,,45,7,4-Seam Fastball,1,2,1,2,2,1,1,2,Infield shade,Standard,206,0,0,67.2,6.3,,0,88.0,-1,-1,0.363,0.363,33,24,34,25,1,2,1,1,2,,1.1,0.83,-0.83,55.1,-3.840300696136762,19.31807909414041,22.966805297728655,46.97318396874793,20.93643873565101
FF,2025-10-02,97.5,-0.56,5.85,"Happ, Ian",664023,669093,,foul,,,,,9,Foul,F,L,R,CHC,SD,S,,,0,0,2025,0,1.52,0.4654638867982342,1.8880141541785183,,,,1,3,Bot,,,,,,,2.775000721513579,-141.73877774123173,-8.721501571746197,-0.5927892913671098,31.894087963781104,-9.8802659047996,3.55,1.66,5,85.5,-22,98.6,2272,6.9,813059,666023,650333,630105,592518,593428,657757,701538,665487,53.57,,,,,,,,23,1,4-Seam Fastball,2,0,2,0,0,2,2,0,Infield shade,Standard,190,-0.002,-0.039,72.8,7.1,,0.039,88.0,2,2,0.749,0.749,26,30,27,31,1,1,2,1,,2,0.88,0,0,70.0,11.317129468046979,-9.845166936115955,38.546397985849886,30.829750385135107,34.44351141079177
FF,2025-10-02,96.8,-1.91,5.64,"Schneemann, Daniel",682177,676684,,foul,,,,,5,Foul,F,L,R,CLE,DET,S,,,1,0,2025,-0.55,1.19,-0.02129699794748796,2.506565794059249,,,,2,9,Bot,,,,,,,6.30371874116956,-140.7828144201781,-5.500866319806565,-8.823115930634263,33.214928510794735,-15.313899731227332,3.37,1.64,216,74.2,52,96.8,2274,6.4,813073,693307,679529,650402,656716,595879,682985,678009,672761,54.08,,,,,,,,74,2,4-Seam Fastball,3,6,3,6,6,3,3,6,Infield shade,Strategic,216,-0.001,-0.054,71.4,7.0,,0.054,88.0,-3,-3,0.006,0.006,30,28,30,28,1,0,2,1,2,,1.25,0.55,-0.55,52.5,11.925481033465388,3.88406715491335,33.64830047839631,33.919616578079065,29.745745443954988
CH,2025-10-02,81.6,-1.45,6.11,"Merrill, Jackson",701538,592791,,ball,,,,,11,Ball,F,L,R,CHC,SD,B,,,1,2,2025,-1.22,0.4,-1.6138900552778965,2.7627685835732545,,,,0,2,Top,,,,,,,1.9915939586262235,-118.91701984240927,-1.7546036282745425,-11.969888438488963,22.012797102165205,-28.27544810277132,3.647697086771,1.57879639467632,,,,82.3,1533,6.6,813059,608348,683737,663538,807713,621020,664023,691718,673548,53.91,,,,,,,,8,4,Changeup,0,0,0,0,0,0,0,0,Infield shade,Standard,233,-0.004,0.043,,,,-0.043,,0,0,0.507,0.493,33,22,34,22,1,0,5,1,6,,3.01,1.22,-1.22,46.9,,,,,
FF,2025-10-02,99.4,-1.79,6.16,"Shaw, Matt",807713,663158,,called_strike,,,,,9,Called Strike,F,R,R,CHC,SD,S,,,1,0,2025,-0.44,1.47,0.6659805085374007,1.928907132361028,,608348,691718,2,6,Bot,,,,,,,7.840331740836876,-144.36952705764483,-9.743666749851487,-7.880430014439429,32.260427485742866,-9.455487074484504,3.29068779974414,1.4428225170855,,,,100.5,2369,6.9,813059,666023,650333,630105,592518,593428,657757,701538,665487,53.62,,,,,,,,50,2,4-Seam Fastball,2,0,2,0,0,2,2,0,Standard,Standard,212,-0.003,-0.052,,,,0.052,,2,2,0.843,0.843,34,23,34,24,1,2,1,1,,2,0.83,0.44,0.44,37.9,,,,,
FF,2025-10-02,93.4,-2.8,5.26,"Arias, Gabriel",672356,656427,,called_strike,,,,,13,Called Strike,F,R,R,CLE,DET,S,,,0,0,2025,-0.69,1.36,-1.0371530780248426,2.2482312179149995,,,800050,1,2,Bot,,,,,,,6.1255281462931865,-135.85360349596894,-5.038791259817149,-9.86517658265053,29.98317886429514,-14.427481084454042,3.49774338677723,1.66336848916896,,,,94.3,2414,6.9,813073,693307,679529,650402,656716,595879,682985,678009,672761,53.62,,,,,,,,13,1,4-Seam Fastball,0,0,0,0,0,0,0,0,Standard,Standard,208,-0.004,-0.04,,,,0.04,,0,0,0.554,0.554,29,25,30,25,1,0,8,1,5,,1.26,0.69,0.69,28.3,,,,,
SL,2025-10-02,86.9,-1.52,5.22,"Bogaerts, Xander",593428,694037,,swinging_strike,,,,,14,Swinging Strike,F,R,R,CHC,SD,S,,,0,1,2025,0.25,0.09,0.7818256685644858,1.4193234557573566,,,,0,7,Top,,,,,,,5.056390255026727,-126.59463546720815,-3.1679399548452256,1.7258096774144578,24.749045265479854,-30.791072589780036,3.62,1.75,,,,87.9,2230,6.7,813059,608348,683737,663538,807713,621020,664023,691718,673548,53.77,,,,,,,,51,2,Slider,2,0,0,2,0,2,0,2,Standard,Standard,104,0.009,-0.055,71.9,8.1,,0.055,,2,-2,0.82,0.18000000000000005,25,32,25,33,1,2,2,1,4,,2.91,-0.25,-0.25,26.1,20.18492073008039,-16.711903098484452,32.94946946486418,46.1119769437048,43.45508740507238
FF,2025-10-02,99.1,-1.91,6.26,"Rafaela, Ceddanne",678882,693645,,ball,,,,,13,Ball,F,R,R,NYY,BOS,B,,,0,0,2025,-0.58,1.53,-1.4370738170960515,2.4564120646733514,,,807799,0,2,Top,,,,,,,2.648767384028986,-144.17208578970283,-8.58432958619296,-8.648454945564364,33.31847325455977,-9.05247702998977,3.53666638517102,1.6752398983233,,,,99.5,2370,6.5,813065,669224,700250,665862,642708,683011,641355,663757,592450,53.99,,,,,,,,8,1,4-Seam Fastball,0,0,0,0,0,0,0,0,Standard,Standard,213,-0.006,0.04,,,,-0.04,,0,0,0.462,0.538,24,24,24,25,1,0,5,1,6,,0.79,0.58,0.58,39.2,,,,,
CH,2025-10-02,84.9,3.05,5.43,"Rosario, Amed",642708,813349,,blocked_ball,,,,,14,Ball In Dirt,F,R,L,NYY,BOS,B,,,1,0,2025,0.8,-0.31,0.33346641452727777,0.5798831433318532,,519317,,1,2,Bot,,,,,,,-7.993759992386831,-123.3871519498904,-4.371656654339313,9.845893539594316,25.55096063049046,-34.659462016263156,3.64249587799999,1.78165994127181,,,,85.1,1194,6.6,813065,665966,663993,663853,608324,596115,680776,678882,677800,53.93,,,,,,,,13,2,Changeup,0,0,0,0,0,0,0,0,Standard,Standard,92,0.004,0.046,,,,-0.046,,0,0,0.574,0.574,23,29,23,30,1,0,5,2,,5,3.49,0.8,-0.8,32.6,,,,,
CU,2025-10-02,70.2,-1.6,5.8,"Crow-Armstrong, Pete",691718,506433,,blocked_ball,,,,,13,Ball In Dirt,F,L,R,CHC,SD,B,,,0,0,2025,0.82,-1.08,-1.2415344377105009,0.5882854679605636,663656,673548,608348,0,2,Bot,,,,,,,-0.6683816587720279,-102.31490686741732,-0.6429364410448778,5.840902308330859,17.2491011784595,-39.85066290934575,3.07933747478452,1.36237941322424,,,,70.9,2443,6.8,813059,666023,650333,630105,592518,593428,657757,701538,665487,53.72,,,,,,,,15,1,Curveball,0,0,0,0,0,0,0,0,Infield shade,Standard,40,0.008,0.021,,,,-0.021,,0,0,0.715,0.715,38,23,39,23,1,0,6,1,,2,5.7,-0.82,0.82,40.7,,,,,
ST,2025-10-02,85.5,-1.44,6.27,"Machado, Manny",592518,641745,field_out,hit_into_play,,,,,14,"Manny Machado grounds out, shortstop Dansby Swanson to first baseman Michael Busch.",F,R,R,CHC,SD,X,6,ground_ball,1,2,2025,1.56,-0.19,1.011822410905097,1.6982598028997247,666023,,,2,8,Top,110.45,150.57,,,,,2.6319767398548435,-124.4106214940103,-4.055165185666017,15.512322005336364,26.69327907528153,-33.45767268658252,3.64,1.69,53,73.8,3,84.6,2949,5.9,813059,608348,683737,663538,807713,621020,664023,691718,673548,54.64,0.151,0.139,0,1,0,0,2,63,4,Sweeper,3,0,0,3,0,3,0,3,Standard,Standard,62,0.017,-0.195,74.7,9.0,0.17,0.195,88.0,3,-3,0.955,0.04500000000000004,29,32,30,33,1,3,2,1,6,,3.32,-1.56,-1.56,46.4,14.873875006017323,-13.770791279994455,24.14556722394843,50.51084620091845,42.29169381149258
KC,2025-10-02,77.5,-2.69,5.16,"DeLauter, Chase",800050,656427,single,hit_into_play,,,,,8,Chase DeLauter singles on a ground ball to right fielder Wenceel Pérez.,F,L,R,CLE,DET,X,9,ground_ball,0,0,2025,1.04,-0.47,-0.05202723070664994,1.8609717840959017,,,,1,2,Bot,172.01,121,,,,,3.7662390597012707,-112.79315435117357,0.7664751690655782,8.204506313432578,20.84034723742868,-36.574036213513885,3.49,1.601,58,96.4,2,78.1,2389,6.8,813073,693307,679529,650402,656716,595879,682985,678009,672761,53.75,0.471,0.429,0.9,1,1,0,4,12,1,Knuckle Curve,0,0,0,0,0,0,0,0,Infield shade,Standard,57,0.026,0.414,71.1,7.9,0.519,-0.414,96.4,0,0,0.528,0.528,29,23,30,24,1,0,8,1,5,,4.27,-1.04,1.04,21.9,15.18807897866244,-5.242251051431643,33.42786869839215,39.584340671435356,36.54309614987788
SI,2025-10-02,92.7,-2.36,5.48,"Kelly, Carson",608348,506433,hit_by_pitch,hit_by_pitch,,,,,11,Carson Kelly hit by pitch.,F,R,R,CHC,SD,B,,,1,1,2025,-1.42,0.56,-2.4541399381804805,3.384222050550483,663656,673548,,0,2,Bot,,,,,,,2.8919630379991803,-135.035602318402,-0.8155981297194566,-18.049038207807133,28.720341600042833,-25.308193669718953,3.39,1.68,,,,93.5,2302,6.7,813059,666023,650333,630105,592518,593428,657757,701538,665487,53.84,,0.722289,0.7,1,0,0,,14,3,Sinker,0,0,0,0,0,0,0,0,Standard,Standard,216,0.026,0.312,,,,-0.312,,0,0,0.689,0.689,38,30,39,31,1,0,6,1,,2,2.08,1.42,1.42,31.3,,,,,
FS,2025-10-02,83.8,-0.57,5.65,"Hoerner, Nico",663538,669093,field_out,hit_into_play,,,,,14,"Nico Hoerner grounds out, shortstop Xander Bogaerts to first baseman Luis Arraez.",F,R,R,CHC,SD,X,6,ground_ball,0,1,2025,-0.85,0.67,0.157777616819199,1.1601065288862746,,,,0,3,Bot,113.99,157.66,,,,,3.4362466077488443,-122.01622325936127,-5.45548391525946,-9.201998294048854,21.237746566125004,-24.62337045968292,3.33,1.59,3,84.1,-24,85.6,1409,7.1,813059,666023,650333,630105,592518,593428,657757,701538,665487,53.36,0.064,0.064,0,1,0,0,2,22,2,Split-Finger,2,0,2,0,0,2,2,0,Standard,Standard,237,-0.013,-0.22,70.2,8.5,0.067,0.22,88.0,2,2,0.762,0.762,26,28,27,28,1,1,2,1,,2,2.54,0.85,0.85,64.3,18.27694172856441,-17.14071689171292,39.43990163878616,40.93958699225487,39.23675986675785
FF,2025-10-02,99.5,-1.98,6.14,"Shaw, Matt",807713,663158,,ball,,,,,12,Ball,F,R,R,CHC,SD,B,,,0,0,2025,-0.52,1.26,1.3642819580800658,2.478300282503228,,608348,691718,2,6,Bot,,,,,,,10.494353224250334,-144.37261599299808,-7.645882018741208,-9.76133570837131,33.49877129932363,-12.854302626298214,3.24924802510041,1.49907802148486,,,,100.4,2359,6.9,813059,666023,650333,630105,592518,593428,657757,701538,665487,53.56,,,,,,,,50,1,4-Seam Fastball,2,0,2,0,0,2,2,0,Standard,Standard,212,0.002,0.024,,,,-0.024,,2,2,0.841,0.841,34,23,34,24,1,2,1,1,,2,1.05,0.52,0.52,39.0,,,,,
SL,2025-10-02,85.6,-1.55,5.29,"Bogaerts, Xander",593428,694037,,foul,,,,,5,Foul,F,R,R,CHC,SD,S,,,0,0,2025,0.21,0.01,0.07672979692900125,2.9341596250234336,,,,0,7,Top,,,,,,,3.424486957740682,-124.76195550183948,0.5907046125897213,1.6168583755305923,21.131930071898974,-32.32636210997457,3.62,1.75,,,,86.5,2254,6.4,813059,608348,683737,663538,807713,621020,664023,691718,673548,54.08,,,,,,,,51,1,Slider,2,0,0,2,0,2,0,2,Standard,Standard,119,0.005,-0.039,73.6,7.5,,0.039,,2,-2,0.815,0.18500000000000005,25,32,25,33,1,2,2,1,4,,3.05,-0.21,-0.21,24.3,18.506401065857606,-12.760659426960542,26.69335128860847,38.06850058861301,39.07565438084094
FF,2025-10-02,96.1,-1.91,5.87,"Pérez, Wenceel",672761,677944,,foul,,,,,12,Foul,F,L,R,CLE,DET,S,,,2,2,2025,-0.75,1.42,0.3427858254238696,3.4746924341570087,,,681481,1,1,Top,,,,,,,7.673826635243045,-139.7537924476466,-3.9951691135982084,-11.510038713756101,31.154600015154816,-12.801839990533255,3.18,1.47,177,82.6,14,96.4,2454,6.5,813073,666310,692216,677587,608070,672356,680757,800050,671655,54.03,,,,,,,,3,5,4-Seam Fastball,0,0,0,0,0,0,0,0,Infield shade,Standard,223,0,0,71.6,6.5,,0,88.0,0,0,0.502,0.498,26,25,26,26,1,0,6,1,,2,1.05,0.75,-0.75,36.2,12.385610068465397,-10.40476339051562,24.43175732402034,28.110524704574253,26.649766518588663
FC,2025-10-02,96.9,-1.84,6.4,"Yoshida, Masataka",807799,693645,single,hit_into_play,,,,,5,Masataka Yoshida singles on a line drive to left fielder Cody Bellinger.,F,L,R,NYY,BOS,X,7,line_drive,2,2,2025,0.46,0.84,-0.16988018946505856,2.104615421462815,,,,0,2,Top,82.05,109.5,,,,,3.40761307609201,-141.02876292701015,-7.877515494659265,5.397872945789118,31.25764078986926,-19.426316652703527,3.25,1.42,217,86.4,14,97.3,2435,6.4,813065,669224,700250,665862,642708,683011,641355,663757,592450,54.06,0.947,0.906,0.9,1,1,0,4,7,5,Cutter,0,0,0,0,0,0,0,0,Strategic,Standard,183,-0.041,0.465,73.6,6.8,1.091,-0.465,88.0,0,0,0.503,0.497,24,31,24,32,1,0,5,1,6,,1.58,-0.46,0.46,39.9,-12.513599794748975,9.091545027818162,37.80870296717576,34.385264057753545,20.58425554884203
FS,2025-10-02,85.5,-2.24,5.58,"Valera, George",671655,640448,,foul,,,,,7,Foul,F,L,R,CLE,DET,S,,,3,2,2025,-0.69,-0.06,-0.5003020395875422,2.0287424334136377,,,,1,6,Bot,,,,,,,5.528758348373035,-124.47081863173135,-2.016907388135535,-8.263497899481177,23.9954347063976,-32.560478889522734,3.47,1.57,2,82,-47,86.3,949,6.7,813073,693307,679529,650402,656716,595879,682985,678009,672761,53.84,,,,,,,,45,6,Split-Finger,1,2,1,2,2,1,1,2,Infield shade,Standard,233,0,0,69.4,7.3,,0,88.0,-1,-1,0.363,0.363,33,24,34,25,1,2,1,1,2,,3.16,0.69,-0.69,48.9,9.796865126228754,-14.557130277988833,20.263272717472965,42.554463432241846,42.212478600058645
SL,2025-10-02,85.6,0.97,5.67,"Meadows, Parker",678009,676282,,blocked_ball,,,,,13,Ball In Dirt,F,L,L,CLE,DET,B,,,1,0,2025,-0.29,0.51,-0.5566007845708764,0.6331419128118587,,682985,656716,2,4,Top,,,,,,,-3.0785726461944276,-124.4276560436176,-6.702262505785409,-2.31080063750833,26.38654389595711,-25.686692953747308,3.62966447180347,1.62591737835063,,,,86.8,2131,7.2,813073,666310,692216,677587,608070,672356,680757,800050,671655,53.27,,,,,,,,28,2,Slider,0,1,1,0,1,0,1,0,Standard,Strategic,235,-0.006,0.029,,,,-0.029,,-1,1,0.38,0.62,25,25,26,26,1,1,5,1,,2,2.62,-0.29,-0.29,55.9,,,,,
ST,2025-10-02,84.4,-2.84,5.6,"Shaw, Matt",807713,650633,strikeout,swinging_strike,,,,,6,Matt Shaw strikes out swinging.,F,R,R,CHC,SD,S,2,,1,2,2025,1.21,0.45,0.7593382731406764,2.2976456251287463,,,608348,2,4,Bot,,,,,,,5.930969846529977,-122.91222441269007,-2.2283443142958532,11.177866874048886,23.849080862654496,-27.415154110943014,3.28,1.55,,,,84.1,2703,6,813059,666023,650333,630105,592518,593428,657757,701538,665487,54.49,,0,0,1,0,0,,33,4,Sweeper,2,0,2,0,0,2,2,0,Standard,Standard,62,-0.011,-0.183,66.2,8.3,,0.183,,2,2,0.762,0.762,30,23,30,24,1,1,5,1,,2,2.74,-1.21,-1.21,26.6,21.348660748003972,-41.2393039419075,24.960755662386525,42.21882348460474,56.31726493175891
FF,2025-10-02,95.8,-2,5.62,"Schneemann, Daniel",682177,676684,,ball,,,,,11,Ball,F,L,R,CLE,DET,B,,,0,0,2025,-0.62,1.03,-0.9987905898867132,2.6289684735268297,,,,2,9,Bot,,,,,,,4.067094887924847,-139.49294878221232,-4.64296691936542,-9.076122594696685,31.44513131533296,-17.82122672763854,3.41506502453773,1.65619926789719,,,,96,2198,6.4,813073,693307,679529,650402,656716,595879,682985,678009,672761,54.1,,,,,,,,74,1,4-Seam Fastball,3,6,3,6,6,3,3,6,Infield shade,Strategic,212,0.001,0.037,,,,-0.037,,-3,-3,0.005,0.005,30,28,30,28,1,0,2,1,2,,1.45,0.62,-0.62,49.9,,,,,
CH,2025-10-02,83.5,-1.31,6.19,"Merrill, Jackson",701538,592791,,swinging_strike,,,,,13,Swinging Strike,F,L,R,CHC,SD,S,,,1,1,2025,-1.33,0.48,-0.3330131705446382,1.1100004562705763,,,,0,2,Top,,,,,,,4.911193346103322,-121.48286291787723,-6.2847270060513845,-14.179996990382113,22.403069657543266,-26.436997684149482,3.61,1.7,,,,84.3,1647,6.7,813059,608348,683737,663538,807713,621020,664023,691718,673548,53.84,,,,,,,,8,3,Changeup,0,0,0,0,0,0,0,0,Infield shade,Standard,231,0.006,-0.061,70.5,8.8,,0.061,,0,0,0.501,0.499,33,22,34,22,1,0,5,1,6,,2.78,1.33,-1.33,42.4,27.396544964788895,-18.735344568108673,44.73103543185014,43.90620357534377,49.69261427901409
SI,2025-10-02,95.5,-1.48,6.25,"Machado, Manny",592518,641745,,called_strike,,,,,9,Called Strike,F,R,R,CHC,SD,S,,,1,1,2025,-0.78,0.73,0.5134645929438689,2.274738307379766,666023,,,2,8,Top,,,,,,,6.944930698585926,-138.83153650416597,-6.431342837126374,-11.604698714547157,30.32185124425913,-21.536073932630593,3.66040274364055,1.73736755074021,,,,94.9,2202,5.9,813059,608348,683737,663538,807713,621020,664023,691718,673548,54.56,,,,,,,,63,3,Sinker,3,0,0,3,0,3,0,3,Standard,Standard,198,0.006,-0.065,,,,0.065,,3,-3,0.949,0.051000000000000045,29,32,30,33,1,3,2,1,6,,1.77,0.78,0.78,45.1,,,,,
SL,2025-10-02,88,3,5.29,"Rosario, Amed",642708,813349,,ball,,,,,13,Ball,F,R,L,NYY,BOS,B,,,0,0,2025,-0.06,0.22,-1.068449208603744,1.1865824437866697,,519317,,1,2,Bot,,,,,,,-9.8352729933016,-127.76193842124148,-4.299417312302697,1.4646598054892634,27.405636884869775,-29.035737661332806,3.56312878988784,1.72845369005519,,,,88.6,2340,6.9,813065,665966,663993,663853,608324,596115,680776,678882,677800,53.61,,,,,,,,13,1,Slider,0,0,0,0,0,0,0,0,Standard,Standard,152,0.002,0.028,,,,-0.028,,0,0,0.572,0.572,23,29,23,30,1,0,5,2,,5,2.75,-0.06,0.06,24.8,,,,,
FF,2025-10-02,99.7,-1.57,6.56,"Yoshida, Masataka",807799,693645,,ball,,,,,11,Ball,F,L,R,NYY,BOS,B,,,1,2,2025,-0.32,1.5,-1.132464101812397,3.484697399865845,,,,0,2,Top,,,,,,,1.9526937946883671,-145.0560558856208,-6.58109874344776,-4.968941461993961,35.03006571109298,-9.605846718764596,3.35133820625081,1.46231375917488,,,,99.4,2410,6.2,813065,669224,700250,665862,642708,683011,641355,663757,592450,54.32,,,,,,,,7,4,4-Seam Fastball,0,0,0,0,0,0,0,0,Strategic,Standard,208,-0.004,0.043,,,,-0.043,,0,0,0.507,0.493,24,31,24,32,1,0,5,1,6,,0.79,0.32,-0.32,42.3,,,,,
FF,2025-10-02,94.8,-2.55,5.38,"Manzardo, Kyle",700932,656427,strikeout,swinging_strike,,,,,2,Kyle Manzardo strikes out swinging.,F,L,R,CLE,DET,S,2,,1,2,2025,-0.49,1.48,-0.2216583700657364,2.7870416880814872,,,,0,2,Bot,,,,,,,7.190905059692074,-137.89974676830437,-4.424295632199149,-7.833237381431718,31.038150402222143,-12.489360116810737,3.16,1.34,,,,95.1,2407,6.5,813073,693307,679529,650402,656716,595879,682985,678009,672761,53.99,,0,0,1,0,0,,11,4,4-Seam Fastball,0,0,0,0,0,0,0,0,Infield shade,Standard,212,-0.016,-0.189,71.5,6.8,,0.189,,0,0,0.544,0.544,29,24,30,25,1,0,8,1,5,,1.06,0.49,-0.49,26.0,14.168182418957889,14.912233000536844,40.00117069144976,39.07986835579041,24.075082071832604
FF,2025-10-02,92.6,0.68,5.82,"Meadows, Parker",678009,676282,,ball,,,,,1,Ball,F,L,L,CLE,DET,B,,,0,0,2025,0.44,1.55,-0.8115018126992406,3.5545859238984736,,682985,656716,2,4,Top,,,,,,,-4.856458847258863,-134.7847563533062,-3.409299935194454,6.423707427184055,29.71136648647748,-12.801189499348379,3.59581179982828,1.70449124653111,,,,94.3,1877,7.3,813073,666310,692216,677587,608070,672356,680757,800050,671655,53.21,,,,,,,,28,1,4-Seam Fastball,0,1,1,0,1,0,1,0,Standard,Strategic,149,-0.003,0.024,,,,-0.024,,-1,1,0.383,0.617,25,25,26,26,1,1,5,1,,2,1.11,0.44,0.44,51.4,,,,,
CH,2025-10-02,91.8,-2.3,6.01,"Swanson, Dansby",621020,663158,strikeout,swinging_strike,,,,,14,Dansby Swanson strikes out swinging.,F,R,R,CHC,SD,S,2,,1,2,2025,-1.3,0.71,0.12745843465387874,1.013436082517708,,608348,691718,1,6,Bot,,,,,,,9.03980852982521,-133.1834120941662,-8.387060802900631,-17.376992013554318,27.74813251503164,-22.076440960602998,3.59,1.69,,,,92.8,1874,7,813059,666023,650333,630105,592518,593428,657757,701538,665487,53.54,,0,0,1,0,0,,49,4,Changeup,2,0,2,0,0,2,2,0,Standard,Standard,232,-0.017,-0.174,80.4,8.7,,0.174,,2,2,0.858,0.858,34,31,34,31,1,2,1,1,,2,2,1.3,1.3,36.7,29.716691470833446,-22.285790320426923,37.45328740903235,39.57061029867818,47.88097181480668
FS,2025-10-02,88.2,-2.04,5.54,"Valera, George",671655,640448,,ball,,,,,14,Ball,F,L,R,CLE,DET,B,,,2,2,2025,-0.37,0.77,0.1450822390410496,1.4559699683382137,,,,1,6,Bot,,,,,,,6.142907947495239,-128.22171824543318,-5.46587112201485,-5.399698598541822,27.663333451838387,-22.69604157507996,3.50691714103238,1.67479438715765,,,,88.8,943,6.8,813073,693307,679529,650402,656716,595879,682985,678009,672761,53.68,,,,,,,,45,5,Split-Finger,1,2,1,2,2,1,1,2,Infield shade,Standard,237,0.011,0.104,,,,-0.104,,-1,-1,0.352,0.352,33,24,34,25,1,2,1,1,2,,2.17,0.37,-0.37,49.4,,,,,
FF,2025-10-02,97.1,-1.93,5.71,"DeLauter, Chase",800050,676684,field_out,hit_into_play,,,,,8,"Chase DeLauter grounds out, pitcher Will Vest to first baseman Spencer Torkelson.",F,L,R,CLE,DET,X,1,ground_ball,1,1,2025,-0.38,1.43,-0.05356995130499004,1.9659565518088702,,,,1,9,Bot,122.39,171.63,,,,,5.898925099320094,-141.1702717643494,-7.759680960483517,-6.434107866694245,32.9064400011643,-11.447438265974341,3.49,1.601,1,,-74,97,2231,6.4,813073,693307,679529,650402,656716,595879,682985,678009,672761,54.15,,,0,,0,0,,73,3,4-Seam Fastball,3,6,3,6,6,3,3,6,Standard,Standard,210,-0.012,-0.244,71.7,6.4,,0.244,,-3,-3,0.017,0.017,30,23,30,24,1,3,2,1,2,,1,0.38,-0.38,51.4,-19.403482947758945,26.687691927504122,40.20340718611592,37.729255986386825,9.256097551122611
FF,2025-10-02,97.6,-0.66,5.92,"Hoerner, Nico",663538,669093,,called_strike,,,,,9,Called Strike,F,R,R,CHC,SD,S,,,0,0,2025,0.03,1.38,0.5121156944760756,2.024484693349257,,,,0,3,Bot,,,,,,,3.1311360143444307,-141.98526539837695,-8.246881419857436,-0.33132172921393893,32.62605907775382,-11.82088240426291,3.29907342639112,1.64227968558814,,,,98.7,2269,6.9,813059,666023,650333,630105,592518,593428,657757,701538,665487,53.56,,,,,,,,22,1,4-Seam Fastball,2,0,2,0,0,2,2,0,Standard,Standard,197,-0.002,-0.039,,,,0.039,,2,2,0.764,0.764,26,28,27,28,1,1,2,1,,2,1.01,-0.03,-0.03,62.5,,,,,
ST,2025-10-02,83.2,2.82,5.29,"Rice, Ben",700250,813349,strikeout,swinging_strike_blocked,,,,,13,Ben Rice strikes out swinging.,F,L,L,NYY,BOS,S,2,,1,2,2025,-1.17,-0.02,-1.340661133962199,0.6457439179423421,,519317,,0,2,Bot,,,,,,,-7.293122819808889,-120.84055562975811,-4.014796444270074,-9.510791168420655,28.53391408348932,-31.652843677026922,3.61,1.74,,,,83,2546,6.7,813065,665966,663993,663853,608324,596115,680776,678882,677800,53.76,,0,0,1,0,0,,12,5,Sweeper,0,0,0,0,0,0,0,0,Standard,Standard,308,-0.029,-0.241,58.5,8.7,,0.241,,0,0,0.601,0.601,23,26,23,26,1,0,5,1,,2,3.38,-1.17,-1.17,24.1,31.454494427755407,-62.1874704718432,32.74035701526262,50.725512803234494,70.92953942540825
ST,2025-10-02,84.1,-2.9,5.65,"Shaw, Matt",807713,650633,,swinging_strike,,,,,12,Swinging Strike,F,R,R,CHC,SD,S,,,1,1,2025,1.41,0.31,0.9996025144368998,2.4916215712101186,,,608348,2,4,Bot,,,,,,,6.224930189893878,-122.46102497039783,-1.5669756347747361,12.960693671113251,23.854538011036844,-28.961392851145078,3.28,1.55,,,,83.7,2801,6,813059,666023,650333,630105,592518,593428,657757,701538,665487,54.54,,,,,,,,33,3,Sweeper,2,0,2,0,0,2,2,0,Standard,Standard,59,-0.004,-0.073,60.6,7.2,,0.073,,2,2,0.766,0.766,30,23,30,24,1,1,5,1,,2,2.91,-1.41,-1.41,29.1,12.67859633361673,-8.089160087824844,22.377097935639075,46.239205450837616,41.575255027492005
SI,2025-10-02,92.9,-2.51,5.29,"Kelly, Carson",608348,506433,,swinging_strike,,,,,11,Swinging Strike,F,R,R,CHC,SD,S,,,1,0,2025,-1.35,0.49,-1.24553990466947,2.8462349531866273,663656,673548,,0,2,Bot,,,,,,,6.244365105362526,-135.16581831653005,-1.5592996450500731,-17.94678104439141,30.250458812993607,-25.989807739733735,3.39,1.68,,,,93.4,2226,6.6,813059,666023,650333,630105,592518,593428,657757,701538,665487,53.87,,,,,,,,14,2,Sinker,0,0,0,0,0,0,0,0,Standard,Standard,224,-0.005,-0.059,70.9,6.1,,0.059,,0,0,0.694,0.694,38,30,39,31,1,0,6,1,,2,2.15,1.35,1.35,25.0,7.351286644960143,4.414854829845583,30.829490474554206,25.593537570368163,23.207388560287868
SL,2025-10-02,86.8,-1.31,6.32,"Machado, Manny",592518,641745,,swinging_strike,,,,,14,Swinging Strike,F,R,R,CHC,SD,S,,,1,0,2025,0.53,-0.66,0.28434800233013185,0.9163110821100862,666023,,,2,8,Top,,,,,,,2.7049981682619464,-126.36257178297431,-5.388360454846047,5.185421721285593,24.881596576225075,-38.425029537477364,3.64,1.69,,,,86.5,2738,6,813059,608348,683737,663538,807713,621020,664023,691718,673548,54.48,,,,,,,,63,2,Slider,3,0,0,3,0,3,0,3,Standard,Standard,56,0.003,-0.042,49.5,8.2,,0.042,,3,-3,0.946,0.05400000000000005,29,32,30,33,1,3,2,1,6,,3.68,-0.53,-0.53,52.4,4.350434049487983,0.2983799297742824,30.67305560060702,43.97304659747484,31.895581660353475
FF,2025-10-02,92.6,-1.46,6.05,"Merrill, Jackson",701538,592791,,ball,,,,,12,Ball,F,L,R,CHC,SD,B,,,0,1,2025,-0.83,1.28,0.04189766756502855,3.9720197407798077,,,,0,2,Top,,,,,,,5.700338388766263,-134.8226546177712,-2.3610271400024043,-11.345220105311883,26.552093743843326,-16.16471547523399,3.65059635790258,1.61433598146543,,,,93.9,2363,6.8,813059,608348,683737,663538,807713,621020,664023,691718,673548,53.71,,,,,,,,8,2,4-Seam Fastball,0,0,0,0,0,0,0,0,Infield shade,Standard,210,-0.002,0.031,,,,-0.031,,0,0,0.503,0.497,33,22,34,22,1,0,5,1,6,,1.35,0.83,-0.83,38.6,,,,,
CU,2025-10-02,80.2,-1.82,5.96,"Pérez, Wenceel",672761,677944,,ball,,,,,11,Ball,F,L,R,CLE,DET,B,,,1,2,2025,0.86,-1.02,-1.0174266918996293,3.9570898308568623,,,681481,1,1,Top,,,,,,,0.1298074883142287,-116.66506548093474,4.228696392520853,7.858096971056484,22.29166273545668,-42.51668091919415,3.26664104461049,1.51049999522729,,,,80.2,2527,6.3,813073,666310,692216,677587,608070,672356,680757,800050,671655,54.17,,,,,,,,3,4,Curveball,0,0,0,0,0,0,0,0,Infield shade,Standard,41,-0.004,0.044,,,,-0.044,,0,0,0.506,0.494,26,25,26,26,1,0,6,1,,2,4.57,-0.86,0.86,45.2,,,,,
FF,2025-10-02,98.1,-1.21,5.47,"Merrill, Jackson",701538,694037,grounded_into_double_play,hit_into_play,,,,,5,"Jackson Merrill grounds into a double play, shortstop Dansby Swanson to first baseman Michael Busch. Manny Machado out at 2nd. Jackson Merrill out at 1st.",F,L,R,CHC,SD,X,6,ground_ball,0,0,2025,-0.78,1.29,-0.21856342753978442,2.826697886358948,,,592518,1,6,Top,116.7,138.26,,,,,4.526977473263131,-142.7724674074843,-4.693809956929665,-11.741811569909071,32.90261282118241,-13.622017235808793,3.61,1.7,64,105.2,2,98.8,2304,6.7,813059,608348,683737,663538,807713,621020,664023,691718,673548,53.83,0.544,0.49,0,1,0,0,4,45,1,4-Seam Fastball,2,0,0,2,0,2,0,2,Standard,Standard,223,0.071,-0.318,76.6,7.1,0.596,0.318,105.2,2,-2,0.774,0.22599999999999998,25,22,25,22,1,2,2,1,4,,1.08,0.78,-0.78,30.9,4.528524773224018,18.173852576528855,32.81512891538361,43.96484302447702,20.77025203595162
CH,2025-10-02,90.1,-2.11,5.62,"DeLauter, Chase",800050,676684,,ball,,,,,13,Ball,F,L,R,CLE,DET,B,,,0,1,2025,-1.07,0.15,-1.584327436561843,2.406959051080101,,,,1,9,Bot,,,,,,,3.571430178807849,-131.19573648610674,-2.318794750778654,-13.057578608899334,29.4595063501619,-30.155583218737135,3.61270828954787,1.57671292982917,,,,90.1,1548,6.4,813073,693307,679529,650402,656716,595879,682985,678009,672761,54.1,,,,,,,,73,2,Changeup,3,6,3,6,6,3,3,6,Standard,Standard,237,0.001,0.029,,,,-0.029,,-3,-3,0.016,0.016,30,23,30,24,1,3,2,1,2,,2.67,1.07,-1.07,47.6,,,,,
FF,2025-10-02,91.7,-1.35,6.14,"Merrill, Jackson",701538,592791,,called_strike,,,,,7,Called Strike,F,L,R,CHC,SD,S,,,0,0,2025,-0.81,1.37,-0.6022350246152447,1.8671713157853866,,,,0,2,Top,,,,,,,3.686033314805829,-133.52659918898902,-8.081613407303534,-10.47496462313286,24.114139153368512,-14.227897921582722,3.57832606044519,1.54693769556138,,,,93.2,2386,6.8,813059,608348,683737,663538,807713,621020,664023,691718,673548,53.73,,,,,,,,8,1,4-Seam Fastball,0,0,0,0,0,0,0,0,Infield shade,Standard,207,0.003,-0.039,,,,0.039,,0,0,0.5,0.5,33,22,34,22,1,0,5,1,6,,1.3,0.81,-0.81,40.6,,,,,
CH,2025-10-02,91.1,-2.37,5.93,"Swanson, Dansby",621020,663158,,swinging_strike,,,,,13,Swinging Strike,F,R,R,CHC,SD,S,,,1,1,2025,-1.41,0.43,-0.15062414509927557,0.871735847341037,,608348,691718,1,6,Bot,,,,,,,8.718674914918088,-132.22517930287447,-7.8106957882015156,-18.440010276664186,28.56842556126777,-25.529514191386692,3.59,1.69,,,,92.2,1889,7.1,813059,666023,650333,630105,592518,593428,657757,701538,665487,53.38,,,,,,,,49,3,Changeup,2,0,2,0,0,2,2,0,Standard,Standard,240,-0.007,-0.058,69.9,8.5,,0.058,,2,2,0.865,0.865,34,31,34,31,1,2,1,1,,2,2.33,1.41,1.41,36.5,22.012582668116387,-18.509265987740285,40.27426123752747,37.30526801202717,41.388067449371434
FF,2025-10-02,95.6,-1.97,5.57,"Valera, George",671655,640448,,foul,,,,,4,Foul,F,L,R,CLE,DET,S,,,2,1,2025,-0.7,1.44,-0.44915294994211863,2.3079033539791647,,,,1,6,Bot,,,,,,,5.618491118279942,-139.0829162600019,-6.291011427783108,-10.254708079437558,29.50295288338425,-12.242470819581992,3.47,1.57,269,85.8,47,96.5,2287,6.7,813073,693307,679529,650402,656716,595879,682985,678009,672761,53.78,,,,,,,,45,4,4-Seam Fastball,1,2,1,2,2,1,1,2,Infield shade,Standard,207,-0.009,-0.07,72.4,6.3,,0.07,88.0,-1,-1,0.361,0.361,33,24,34,25,1,2,1,1,2,,1.04,0.7,-0.7,53.2,-3.2176217326005245,17.230586769362876,31.37315878122622,40.91923272810791,21.92588838992493
SI,2025-10-02,94.6,2.78,5.41,"Rice, Ben",700250,813349,,foul,,,,,7,Foul,F,L,L,NYY,BOS,S,,,1,2,2025,1.43,0.77,-0.34733148426857663,1.9099093659058521,,519317,,0,2,Bot,,,,,,,-11.471476908199294,-137.15043086148358,-5.155200125750425,20.668234247674178,32.68751653975258,-21.37815666061409,3.61,1.74,2,84.6,-50,95.2,2108,7,813065,665966,663993,663853,608324,596115,680776,678882,677800,53.51,,,,,,,,12,4,Sinker,0,0,0,0,0,0,0,0,Infield shade,Standard,129,0,0,74.1,7.2,,0,88.0,0,0,0.601,0.601,23,26,23,26,1,0,5,1,,2,1.81,1.43,1.43,26.9,3.4940850234082372,3.6174324029313962,35.52132005596876,42.35300168757948,23.366102560983656
FF,2025-10-02,97.3,-0.37,5.73,"Busch, Michael",683737,669093,grounded_into_double_play,hit_into_play,,,,,9,"Michael Busch grounds into a double play, first baseman Luis Arraez to shortstop Xander Bogaerts to pitcher Jeremiah Estrada. Dansby Swanson out at 2nd. Michael Busch out at 1st.",F,L,R,CHC,SD,X,3,ground_ball,3,2,2025,-0.14,1.54,0.47650270640936687,1.7605318505551795,608348,691718,621020,1,2,Bot,159.62,162.73,,,,,2.644339834674037,-141.5414217234748,-8.833336787891474,-2.486728675027536,30.97973815168907,-9.62200531354564,3.26,1.58,9,96.9,-11,99,2245,7.2,813059,666023,650333,630105,592518,593428,657757,701538,665487,53.33,0.226,0.204,0,1,0,0,2,18,7,4-Seam Fastball,2,0,2,0,0,2,2,0,Infield shade,Standard,189,-0.111,-0.341,73.0,7.0,0.226,0.341,96.9,2,2,0.823,0.823,26,27,27,28,1,1,2,1,,2,0.86,0.14,-0.14,69.9,5.417912608531974,3.17826420813229,42.090770381430225,32.57443556589206,31.02973643278159
SI,2025-10-02,94.3,-2.54,5.25,"Kelly, Carson",608348,506433,,ball,,,,,14,Ball,F,R,R,CHC,SD,B,,,0,0,2025,-1.35,0.25,0.34379860407864493,0.9688487428564732,663656,673548,,0,2,Bot,,,,,,,10.563705979462615,-136.89483947170032,-5.995685598103834,-19.359903048543323,30.301701474357664,-27.887275080447928,3.46724877468375,1.65636129841956,,,,94.7,2286,6.7,813059,666023,650333,630105,592518,593428,657757,701538,665487,53.83,,,,,,,,14,1,Sinker,0,0,0,0,0,0,0,0,Standard,Standard,226,0.002,0.022,,,,-0.022,,0,0,0.692,0.692,38,30,39,31,1,0,6,1,,2,2.33,1.35,1.35,24.8,,,,,
SI,2025-10-02,94,-2.87,5.39,"Shaw, Matt",807713,650633,,called_strike,,,,,6,Called Strike,F,R,R,CHC,SD,S,,,1,0,2025,-1.26,0.32,0.38459858005250647,2.0255704885104633,,,608348,2,4,Bot,,,,,,,11.145836075165569,-136.46177983049972,-3.692273880093646,-18.080226338841307,28.53287869757223,-27.59011335506357,3.01930459088786,1.47370756070038,,,,93.6,2241,6.1,813059,666023,650333,630105,592518,593428,657757,701538,665487,54.42,,,,,,,,33,2,Sinker,2,0,2,0,0,2,2,0,Standard,Standard,234,-0.002,-0.05,,,,0.05,,2,2,0.768,0.768,30,23,30,24,1,1,5,1,,2,2.27,1.26,1.26,21.9,,,,,
KC,2025-10-02,77.9,-2.7,5.21,"Manzardo, Kyle",700932,656427,,called_strike,,,,,7,Called Strike,F,L,R,CLE,DET,S,,,1,1,2025,0.99,-0.85,-0.4706925766261322,1.7515160055546368,,,,0,2,Bot,,,,,,,2.9802641043692337,-113.46357030242515,1.047414997724411,8.029265294032227,20.769727028836638,-39.91547734851652,3.31341304844153,1.35473930267783,,,,78.6,2380,6.7,813073,693307,679529,650402,656716,595879,682985,678009,672761,53.77,,,,,,,,11,3,Knuckle Curve,0,0,0,0,0,0,0,0,Standard,Standard,64,-0.006,-0.061,,,,0.061,,0,0,0.55,0.55,29,24,30,25,1,0,8,1,5,,4.6,-0.99,0.99,24.8,,,,,
FF,2025-10-02,100,-1.43,5.33,"Machado, Manny",592518,694037,walk,ball,,,,,12,Manny Machado walks.,F,R,R,CHC,SD,B,,,3,2,2025,-0.55,1.26,0.3301703057942518,4.37525079074449,,,,1,6,Top,,,,,,,6.2232640439727405,-145.52428115568475,-0.22462992758804107,-9.375028327217894,35.39719039371978,-14.441817257171866,3.59020740094111,1.58969304921336,,,,101,2313,6.9,813059,608348,683737,663538,807713,621020,664023,691718,673548,53.6,,0.691497,0.7,1,0,0,,44,6,4-Seam Fastball,2,0,0,2,0,2,0,2,Standard,Standard,221,-0.031,0.339,,,,-0.339,,2,-2,0.805,0.19499999999999995,25,32,25,33,1,2,2,1,4,,1.02,0.55,0.55,29.7,,,,,
SI,2025-10-02,97.3,-1.41,6.25,"Machado, Manny",592518,641745,,ball,,,,,14,Ball,F,R,R,CHC,SD,B,,,0,0,2025,-1.05,0.8,1.454971916828693,1.0480665070120254,666023,,,2,8,Top,,,,,,,10.031251404377725,-141.0601355971122,-10.205838566074215,-16.202367478963385,30.26853100215671,-19.33899233364582,3.67191361446474,1.65568881184296,,,,96.9,2201,6.2,813059,608348,683737,663538,807713,621020,664023,691718,673548,54.34,,,,,,,,63,1,Sinker,3,0,0,3,0,3,0,3,Standard,Standard,203,-0.002,0.028,,,,-0.028,,3,-3,0.948,0.052000000000000046,29,32,30,33,1,3,2,1,6,,1.62,1.05,1.05,52.4,,,,,
FF,2025-10-02,99.5,-1.66,6.48,"Yoshida, Masataka",807799,693645,,ball,,,,,11,Ball,F,L,R,NYY,BOS,B,,,0,2,2025,-0.47,1.44,-0.00360260921671518,4.248077535524915,,,,0,2,Top,,,,,,,5.669141786122289,-144.69723021411139,-4.058253141115076,-8.02892179554212,35.959674253937564,-11.312435718059959,3.37782327082831,1.51555549512014,,,,99.3,2338,6.4,813065,669224,700250,665862,642708,683011,641355,663757,592450,54.14,,,,,,,,7,3,4-Seam Fastball,0,0,0,0,0,0,0,0,Strategic,Standard,210,-0.002,0.024,,,,-0.024,,0,0,0.509,0.491,24,31,24,32,1,0,5,1,6,,0.88,0.47,-0.47,42.9,,,,,
FF,2025-10-02,96.7,-1.96,5.75,"Pérez, Wenceel",672761,677944,,ball,,,,,12,Ball,F,L,R,CLE,DET,B,,,0,2,2025,-0.94,1.3,0.7573146556545721,4.166220312829313,,,681481,1,1,Top,,,,,,,9.391767212977744,-140.4582490417874,-1.5664427738575724,-14.700461317066903,34.17372419976789,-14.88381045065927,3.26749673787804,1.54107829198516,,,,96.5,2517,6.4,813073,666310,692216,677587,608070,672356,680757,800050,671655,54.08,,,,,,,,3,3,4-Seam Fastball,0,0,0,0,0,0,0,0,Strategic,Standard,226,-0.003,0.01,,,,-0.01,,0,0,0.509,0.491,26,25,26,26,1,0,6,1,,2,1.16,0.94,-0.94,35.2,,,,,
CH,2025-10-02,80.4,0.74,5.82,"Báez, Javier",595879,676282,strikeout,swinging_strike,,,,,14,Javier Báez strikes out swinging.,F,R,L,CLE,DET,S,2,,0,2,2025,0.68,1.21,0.4370364813364389,0.74791450884351,,682985,656716,1,4,Top,,,,,,,-2.002058624959359,-117.04451545784715,-7.07163982387729,6.628712971576274,18.634252384078014,-19.9646368701526,3.52,1.64,,,,82.3,1541,7.2,813073,666310,692216,677587,608070,672356,680757,800050,671655,53.31,,0,0,1,0,0,,27,3,Changeup,0,1,1,0,1,0,1,0,Standard,Standard,127,0.028,-0.16,73.1,9.7,,0.16,,-1,1,0.355,0.645,25,32,26,33,1,1,5,1,,2,2.27,0.68,-0.68,52.3,32.24118868807209,-39.90523804387554,38.204127567392604,38.38968197592459,57.64023020383308
SI,2025-10-02,93.7,-1.24,6.08,"Machado, Manny",592518,592791,field_out,hit_into_play,,,,,5,Manny Machado lines out sharply to center fielder Pete Crow-Armstrong.,F,R,R,CHC,SD,X,8,line_drive,2,2,2025,-1.03,1.04,0.00652126455394042,2.649321159765087,,,,2,1,Top,144.1,74.52,,,,,5.54623807568374,-136.4325847025583,-5.554166521528613,-14.050054724961873,25.92744790518876,-18.13682173635336,3.64,1.69,312,111.2,13,95.2,2295,6.8,813059,608348,683737,663538,807713,621020,664023,691718,673548,53.65,0.752,0.79,0,1,0,0,6,3,5,Sinker,0,0,0,0,0,0,0,0,Strategic,Standard,209,0.008,-0.224,78.2,7.7,1.117,0.224,111.2,0,0,0.54,0.45999999999999996,33,32,34,33,1,0,5,1,6,,1.52,1.03,1.03,40.5,5.532887224580978,3.9160287394902515,23.985869491913952,40.05571081810181,28.302720944686854
FF,2025-10-02,97,-1.9,5.69,"DeLauter, Chase",800050,676684,,called_strike,,,,,6,Called Strike,F,L,R,CLE,DET,S,,,0,0,2025,-0.4,1.32,0.4767407861595543,2.722440733678683,,,,1,9,Bot,,,,,,,7.284040078008293,-141.09246752362915,-5.427865729813915,-7.0725353474407715,32.552489920441396,-13.45364805201261,3.54757394591601,1.66504760588159,,,,97,2182,6.4,813073,693307,679529,650402,656716,595879,682985,678009,672761,54.13,,,,,,,,73,1,4-Seam Fastball,3,6,3,6,6,3,3,6,Infield shade,Standard,214,-0.002,-0.039,,,,0.039,,-3,-3,0.018,0.018,30,23,30,24,1,3,2,1,2,,1.1,0.4,-0.4,53.8,,,,,
SL,2025-10-02,85.8,-1.61,5.21,"Machado, Manny",592518,694037,,called_strike,,,,,3,Called Strike,F,R,R,CHC,SD,S,,,3,1,2025,0.18,0.17,0.44513316459388863,3.1855825876465103,,,,1,6,Top,,,,,,,4.528600389821266,-124.97526847410765,1.0479982630824434,1.1541538244005454,21.909950560633195,-30.737084943393,3.5858362986765,1.59113929561786,,,,86.9,2114,6.7,813059,608348,683737,663538,807713,621020,664023,691718,673548,53.83,,,,,,,,44,5,Slider,2,0,0,2,0,2,0,2,Standard,Standard,128,0.009,-0.087,,,,0.087,,2,-2,0.796,0.20399999999999996,25,32,25,33,1,2,2,1,4,,2.89,-0.18,-0.18,26.1,,,,,
FC,2025-10-02,90.2,-2.09,5.57,"Suzuki, Seiya",673548,506433,double,hit_into_play,,,,,4,Seiya Suzuki doubles (2) on a sharp ground ball to left fielder Gavin Sheets. Kyle Tucker to 3rd.,F,R,R,CHC,SD,X,7,ground_ball,1,0,2025,0.1,0.84,-0.8090745552730567,2.326230461613645,,,663656,0,2,Bot,54.17,115.08,,,,,2.9839408065866113,-131.4430478988668,-4.022023552861389,0.6411182846726601,24.52177098857779,-21.73931332097916,3.16,1.4,77,103.5,3,91.4,2443,6.7,813059,666023,650333,630105,592518,593428,657757,701538,665487,53.83,0.603,0.573,1.25,1,1,1,4,13,2,Cutter,0,0,0,0,0,0,0,0,Standard,Standard,192,0.097,0.692,74.5,7.1,0.702,-0.692,103.5,0,0,0.595,0.595,38,30,39,31,1,0,6,1,,2,1.92,-0.1,-0.1,36.2,7.060342092268668,-14.422312591002585,33.8067318315649,26.658430942041228,35.21577120534694
FF,2025-10-02,95,2.59,5.71,"Rice, Ben",700250,813349,,ball,,,,,12,Ball,F,L,L,NYY,BOS,B,,,0,2,2025,0.86,1.49,0.05791802798861467,4.5463360159760615,,519317,,0,2,Bot,,,,,,,-8.683513078388161,-137.95515663546618,-0.599969443111081,13.173135185499474,36.22355601873486,-13.529989212086742,3.8275651624466,1.80826017020967,,,,95.5,2320,7.1,813065,665966,663993,663853,608324,596115,680776,678882,677800,53.39,,,,,,,,12,3,4-Seam Fastball,0,0,0,0,0,0,0,0,Standard,Standard,136,0.004,0.017,,,,-0.017,,0,0,0.597,0.597,23,26,23,26,1,0,5,1,,2,1.09,0.86,0.86,36.2,,,,,
FF,2025-10-02,93.3,0.46,5.85,"Báez, Javier",595879,676282,,foul,,,,,4,Foul,F,R,L,CLE,DET,S,,,0,1,2025,0.8,1.49,-0.32817129638196785,2.7857869699276163,,682985,656716,1,4,Top,,,,,,,-3.8783521376338665,-135.8652310844263,-5.56396265282657,10.750958123123768,28.228734147528783,-12.666266772342214,3.52,1.64,185,69.2,28,95.5,1835,7.4,813073,666310,692216,677587,608070,672356,680757,800050,671655,53.07,,,,,,,,27,2,4-Seam Fastball,0,1,1,0,1,0,1,0,Standard,Standard,150,0.011,-0.053,71.0,6.6,,0.053,88.0,-1,1,0.344,0.656,25,32,26,33,1,1,5,1,,2,1.11,0.8,-0.8,57.1,-15.073400770033652,24.003393513227966,38.996150150725015,29.737341689550945,13.983065078850231
SL,2025-10-02,90.4,0.52,5.93,"Tucker, Kyle",663656,593974,field_out,hit_into_play,,,,,7,"Kyle Tucker grounds out, second baseman Jake Cronenworth to first baseman Luis Arraez.",F,L,L,CHC,SD,X,4,ground_ball,2,0,2025,-0.02,0.5,-0.4162933683274188,1.718048684450456,,664023,,2,5,Bot,155.89,135.53,,,,,-2.2824980897503733,-131.75895249409487,-5.698941255843486,0.19353732870495088,24.417828574055235,-25.383289328372616,3.44,1.62,136,72.5,12,90.4,2230,5.9,813059,666023,650333,630105,592518,593428,657757,701538,665487,54.58,0.362,0.326,0,1,0,0,2,42,3,Slider,2,0,2,0,0,2,2,0,Infield shade,Standard,142,-0.025,-0.334,73.0,8.2,0.384,0.334,88.0,2,2,0.804,0.804,33,28,34,28,1,2,2,1,,2,2.25,-0.02,-0.02,39.2,17.723641506534797,-10.546039848672248,35.30869501422961,45.33840763764762,32.93111764907345
ST,2025-10-02,81.7,-2.8,5.59,"Shaw, Matt",807713,650633,,ball,,,,,14,Ball,F,R,R,CHC,SD,B,,,0,0,2025,1.53,-0.11,1.4714472730858181,1.4621627604468586,,,608348,2,4,Bot,,,,,,,6.65414975259194,-118.90634115096354,-2.5042148334179255,13.199776136575576,22.808573192465282,-32.97532713296706,3.02830952049399,1.41572067536643,,,,81.4,2794,6.1,813059,666023,650333,630105,592518,593428,657757,701538,665487,54.42,,,,,,,,33,1,Sweeper,2,0,2,0,0,2,2,0,Standard,Standard,59,0.001,0.035,,,,-0.035,,2,2,0.767,0.767,30,23,30,24,1,1,5,1,,2,3.53,-1.53,-1.53,28.3,,,,,
FS,2025-10-02,87.1,-2.15,5.52,"Valera, George",671655,640448,,ball,,,,,14,Ball,F,L,R,CLE,DET,B,,,1,1,2025,-0.49,0.23,0.6533320961903107,1.4654749636269835,,,,1,6,Bot,,,,,,,7.776122365500382,-126.71629067387914,-4.135650609957745,-6.6917956806333345,22.155984794160325,-29.1001614027818,3.57428153750909,1.62074473349586,,,,88.1,999,6.6,813073,693307,679529,650402,656716,595879,682985,678009,672761,53.87,,,,,,,,45,3,Split-Finger,1,2,1,2,2,1,1,2,Standard,Standard,229,0.006,0.055,,,,-0.055,,-1,-1,0.355,0.355,33,24,34,25,1,2,1,1,2,,2.74,0.49,-0.49,49.2,,,,,
FF,2025-10-02,97,-2.04,5.79,"Pérez, Wenceel",672761,677944,,foul,,,,,3,Foul,F,L,R,CLE,DET,S,,,0,1,2025,-1.01,1.19,0.3747784875876582,2.7781826560446943,,,681481,1,1,Top,,,,,,,8.782795901290811,-140.98499082500945,-5.247277942979949,-15.432383011752481,31.682532188138456,-15.292700902700025,3.18,1.47,208,74.6,33,97.2,2565,6.5,813073,666310,692216,677587,608070,672356,680757,800050,671655,54.04,,,,,,,,3,2,4-Seam Fastball,0,0,0,0,0,0,0,0,Standard,Standard,220,0.007,-0.047,56.2,5.1,,0.047,88.0,0,0,0.502,0.498,26,25,26,26,1,0,6,1,,2,1.24,1.01,-1.01,33.4,-14.095755523827357,28.561457420825874,31.92187943983177,27.22018574587286,9.708168653869606
FF,2025-10-02,98.2,-1.57,6.25,"Arraez, Luis",650333,641745,field_out,hit_into_play,,,,,7,"Luis Arraez grounds out, shortstop Dansby Swanson to first baseman Michael Busch. Freddy Fermin to 3rd.",F,L,R,CHC,SD,X,6,ground_ball,3,2,2025,-0.33,1.13,-0.5480052331586074,1.421116549140177,,666023,,1,8,Top,114.73,155.47,,,,,3.515315251886583,-142.72607653627603,-10.175916527638588,-5.315626507940192,30.41766606891373,-14.632923446063915,3.22,1.54,1,62.8,-44,97.9,2361,6,813059,608348,683737,663538,807713,621020,664023,691718,673548,54.49,0.143,0.133,0,1,0,0,2,62,6,4-Seam Fastball,3,0,0,3,0,3,0,3,Standard,Standard,200,0.038,-0.279,58.5,5.9,0.143,0.279,88.0,3,-3,0.91,0.08999999999999997,29,28,30,28,1,3,2,1,6,,1.22,0.33,-0.33,44.9,-10.393569316256535,22.623347163218888,43.00244679467428,44.523252628605576,18.727928255582555
FS,2025-10-02,83.2,-0.72,5.51,"Busch, Michael",683737,669093,,blocked_ball,,,,,14,Ball In Dirt,F,L,R,CHC,SD,B,,,2,2,2025,-1.01,0.61,0.2028886715573367,0.09580116753284607,608348,691718,621020,1,2,Bot,,,,,,,4.174048028629444,-121.01295239648941,-7.348518568156216,-10.69014100509275,21.898940821732314,-24.953010820801094,3.33870890306413,1.574039883858,,,,85.1,1356,7.4,813059,666023,650333,630105,592518,593428,657757,701538,665487,53.09,,,,,,,,18,6,Split-Finger,2,0,2,0,0,2,2,0,Infield shade,Standard,243,0.017,0.069,,,,-0.069,,2,2,0.806,0.806,26,27,27,28,1,1,2,1,,2,2.66,1.01,-1.01,58.3,,,,,
FF,2025-10-02,93.6,-2.48,5.6,"Manzardo, Kyle",700932,656427,,swinging_strike,,,,,11,Swinging Strike,F,L,R,CLE,DET,S,,,1,0,2025,-0.56,1.44,-0.9118253092994083,2.9999156371521836,,,,0,2,Bot,,,,,,,5.295929167111628,-136.31758936387263,-4.191687384188669,-8.138420849717427,28.512474020062516,-13.47782654754953,3.16,1.34,,,,94,2334,6.4,813073,693307,679529,650402,656716,595879,682985,678009,672761,54.12,,,,,,,,11,2,4-Seam Fastball,0,0,0,0,0,0,0,0,Infield shade,Standard,208,-0.005,-0.05,62.3,6.5,,0.05,,0,0,0.555,0.555,29,24,30,25,1,0,8,1,5,,1.15,0.56,-0.56,29.6,8.379358486632082,26.867561425762656,32.6088907855526,45.655398745820854,15.595324397485381
FS,2025-10-02,91,0.18,6.08,"Volpe, Anthony",683011,547973,strikeout,swinging_strike,,,,,7,Anthony Volpe strikes out swinging.,F,R,L,NYY,BOS,S,2,,2,2,2025,0.6,0.25,-0.4305228961059413,1.6380602774665047,,,502671,2,8,Bot,,,,,,,-2.8816228066426257,-132.39456779572086,-5.826861802196137,7.640099574395836,30.195131590870396,-28.153318374334475,3.41,1.62,,,,92.6,852,7.4,813065,665966,663993,663853,608324,596115,680776,678882,677800,53.1,,0,0,1,0,0,,64,5,Split-Finger,4,0,4,0,0,4,4,0,Standard,Standard,140,-0.001,-0.216,68.3,8.7,,0.216,,4,4,0.986,0.986,37,24,37,24,1,3,2,1,,2,2.52,0.6,-0.6,50.0,23.441574072020483,-46.444380228611905,30.992516495841777,34.22238856744629,53.90733574966176
CU,2025-10-02,83.5,-1.7,6.48,"Yoshida, Masataka",807799,693645,,foul,,,,,14,Foul,F,L,R,NYY,BOS,S,,,0,1,2025,0.77,-1.24,0.4041163848156013,1.0710118489265392,,,,0,2,Top,,,,,,,3.356480272174024,-121.58750952051216,-3.54308892982807,6.819907874364811,26.002933691488412,-43.8737503386154,3.25,1.42,42,26.4,44,83.6,2632,6.5,813065,669224,700250,665862,642708,683011,641355,663757,592450,53.99,,,,,,,,7,2,Curveball,0,0,0,0,0,0,0,0,Strategic,Standard,31,0.006,-0.055,69.1,8.5,,0.055,88.0,0,0,0.503,0.497,24,31,24,32,1,0,5,1,6,,4.53,-0.77,0.77,46.1,28.481072293442498,-25.129445614937797,38.48308663293611,30.06145510389374,48.38601237468879
SI,2025-10-02,98.9,-1.85,6.15,"Swanson, Dansby",621020,663158,,foul,,,,,7,Foul,F,R,R,CHC,SD,S,,,1,0,2025,-1.23,1.11,-0.7086423245670099,2.2329592017669677,,608348,691718,1,6,Bot,,,,,,,6.059701053590751,-143.68185837518806,-7.874997591256302,-18.49182951120731,35.94340085690886,-15.11088112389828,3.59,1.69,,,,99.6,2237,6.9,813059,666023,650333,630105,592518,593428,657757,701538,665487,53.55,,,,,,,,49,2,Sinker,2,0,2,0,0,2,2,0,Standard,Standard,213,-0.004,-0.045,71.8,7.4,,0.045,,2,2,0.869,0.869,34,31,34,31,1,2,1,1,,2,1.24,1.23,1.23,41.7,17.880732651891673,-0.9085128050412457,35.141162148501486,31.189706055280443,31.441793176176827
ST,2025-10-02,83,3.01,5.32,"Rice, Ben",700250,813349,,swinging_strike,,,,,13,Swinging Strike,F,L,L,NYY,BOS,S,,,0,1,2025,-0.98,0.07,-0.27599684598259233,0.9757135243943158,,519317,,0,2,Bot,,,,,,,-5.628913067817112,-120.6308067928494,-3.468714269341351,-8.035839034252326,28.577681262645644,-30.889918555295097,3.61,1.74,,,,82.6,2533,6.6,813065,665966,663993,663853,608324,596115,680776,678882,677800,53.89,,,,,,,,12,2,Sweeper,0,0,0,0,0,0,0,0,Infield shade,Standard,307,-0.011,-0.071,50.8,8.1,,0.071,,0,0,0.608,0.608,23,26,23,26,1,0,5,1,,2,3.3,-0.98,-0.98,22.5,24.487151353106842,-34.234262774305776,36.11750574440335,40.27046156818099,52.087043611833714
SI,2025-10-02,95.7,0.34,6.26,"Tucker, Kyle",663656,593974,,ball,,,,,12,Ball,F,L,L,CHC,SD,B,,,1,0,2025,1.18,0.53,2.567312524162954,2.928413638544913,,664023,,2,5,Bot,,,,,,,3.207400273523546,-139.48509282063003,-4.407772019025877,14.810762902018144,29.225861686300117,-24.44559525247476,3.42991989795361,1.5420924347493,,,,95.4,2103,5.9,813059,666023,650333,630105,592518,593428,657757,701538,665487,54.63,,,,,,,,42,2,Sinker,2,0,2,0,0,2,2,0,Infield shade,Standard,134,0.001,0.028,,,,-0.028,,2,2,0.803,0.803,33,28,34,28,1,2,2,1,,2,1.93,1.18,1.18,44.8,,,,,
CH,2025-10-02,88.8,-2.02,6.1,"Swanson, Dansby",621020,663158,,ball,,,,,11,Ball,F,R,R,CHC,SD,B,,,0,0,2025,-1.24,0.75,-0.9072309156265577,3.932810542857222,,608348,691718,1,6,Bot,,,,,,,5.36876316931134,-129.27070746338626,-0.8024686156170839,-14.99360806035683,28.259250602552033,-23.806654569846103,3.55625658901423,1.62749352097254,,,,89.5,1743,6.8,813059,666023,650333,630105,592518,593428,657757,701538,665487,53.69,,,,,,,,49,1,Changeup,2,0,2,0,0,2,2,0,Standard,Standard,237,0.003,0.031,,,,-0.031,,2,2,0.866,0.866,34,31,34,31,1,2,1,1,,2,2.15,1.24,1.24,37.2,,,,,
FS,2025-10-02,83.1,-0.67,5.58,"Busch, Michael",683737,669093,,foul,,,,,2,Foul,F,L,R,CHC,SD,S,,,2,2,2025,-0.71,0.64,0.02850766180596709,2.881434666885549,608348,691718,621020,1,2,Bot,,,,,,,3.0455260046998904,-120.95930252802496,-0.9588351305728758,-7.518651999706752,23.792910794500415,-25.95276594998328,3.26,1.58,243,84.6,24,84.6,1575,7.3,813059,666023,650333,630105,592518,593428,657757,701538,665487,53.22,,,,,,,,18,5,Split-Finger,2,0,2,0,0,2,2,0,Infield shade,Standard,232,0,0,80.1,7.1,,0,88.0,2,2,0.806,0.806,26,27,27,28,1,1,2,1,,2,2.66,0.71,-0.71,63.3,23.375179276023022,-17.06678043421336,32.92283730591397,38.07597753977733,46.23272306448031
FF,2025-10-02,97.5,-1.42,5.31,"Machado, Manny",592518,694037,,ball,,,,,11,Ball,F,R,R,CHC,SD,B,,,2,1,2025,-0.64,1.16,-0.830926157679766,4.09445336314716,,,,1,6,Top,,,,,,,3.0827857526592486,-141.98422372743076,-0.41685798481587494,-9.358296459473413,34.2705911452697,-16.617421079900577,3.58978391344412,1.56252320080695,,,,98.1,2304,6.7,813059,608348,683737,663538,807713,621020,664023,691718,673548,53.79,,,,,,,,44,4,4-Seam Fastball,2,0,0,2,0,2,0,2,Standard,Standard,224,-0.01,0.121,,,,-0.121,,2,-2,0.806,0.19399999999999995,25,32,25,33,1,2,2,1,4,,1.24,0.64,0.64,29.8,,,,,
FC,2025-10-02,91,-2.08,5.58,"Suzuki, Seiya",673548,506433,,ball,,,,,14,Ball,F,R,R,CHC,SD,B,,,0,0,2025,-0.03,0.78,1.1688475963306522,1.7837608852975009,,,663656,0,2,Bot,,,,,,,8.267551893229212,-132.22254179776073,-5.346145937584351,-2.045600398585169,26.64875663132849,-22.052535326038655,3.16470334041367,1.42782188069433,,,,91.8,2454,6.7,813059,666023,650333,630105,592518,593428,657757,701538,665487,53.79,,,,,,,,13,1,Cutter,0,0,0,0,0,0,0,0,Standard,Standard,191,0.006,0.04,,,,-0.04,,0,0,0.589,0.589,38,30,39,31,1,0,6,1,,2,1.97,0.03,0.03,36.7,,,,,
CH,2025-10-02,79.3,0.68,5.84,"Báez, Javier",595879,676282,,called_strike,,,,,5,Called Strike,F,R,L,CLE,DET,S,,,0,0,2025,1.01,0.76,-0.20345419190796976,2.7813881848560986,,682985,656716,1,4,Top,,,,,,,-3.9090102283292345,-115.51497786920875,-1.37556832760807,9.81004259103106,21.07754832160519,-25.285582516245395,3.46628483745362,1.6656621338958,,,,80.7,1366,7.2,813073,666310,692216,677587,608070,672356,680757,800050,671655,53.34,,,,,,,,27,1,Changeup,0,1,1,0,1,0,1,0,Standard,Standard,129,0.007,-0.033,,,,0.033,,-1,1,0.337,0.663,25,32,26,33,1,1,5,1,,2,2.85,1.01,-1.01,50.9,,,,,
CH,2025-10-02,88.5,-2.91,5.29,"Swanson, Dansby",621020,650633,strikeout,swinging_strike,,,,,13,Dansby Swanson strikes out swinging.,F,R,R,CHC,SD,S,2,,2,2,2025,-1.49,0.71,-0.2090302490924567,1.4041797524439326,,,608348,1,4,Bot,,,,,,,9.655783311426214,-128.47674504718861,-4.836565392472313,-18.508550094563066,27.023383737211685,-23.425012503675063,3.59,1.69,,,,88,2108,6.2,813059,666023,650333,630105,592518,593428,657757,701538,665487,54.35,,0,0,1,0,0,,32,6,Changeup,2,0,2,0,0,2,2,0,Standard,Standard,253,-0.017,-0.222,71.1,8.6,,0.222,,2,2,0.784,0.784,30,31,30,31,1,1,5,1,,2,2.21,1.49,1.49,15.8,25.656707303534468,-21.83471866648386,41.32040556067915,34.40067534258715,45.32066058735167
ST,2025-10-02,81.5,-1.38,6.07,"Machado, Manny",592518,592791,,ball,,,,,14,Ball,F,R,R,CHC,SD,B,,,1,2,2025,1.16,0.08,1.352051764685347,1.771340094595642,,,,2,1,Top,,,,,,,3.9312038895642907,-118.70999753130786,-3.2888515340905746,10.322737292872715,21.557890023481264,-31.043868821771706,3.51786801755554,1.56357385131633,,,,82.4,2886,6.7,813059,608348,683737,663538,807713,621020,664023,691718,673548,53.76,,,,,,,,3,4,Sweeper,0,0,0,0,0,0,0,0,Strategic,Standard,51,-0.001,0.042,,,,-0.042,,0,0,0.541,0.45899999999999996,33,32,34,33,1,0,5,1,6,,3.33,-1.16,-1.16,39.8,,,,,
FS,2025-10-02,88.2,-2.38,5.54,"Valera, George",671655,640448,,ball,,,,,13,Ball,F,L,R,CLE,DET,B,,,0,1,2025,-0.5,0.26,-0.48058643294035974,0.256821389009231,,,,1,6,Bot,,,,,,,5.689827129064288,-128.28212572610133,-7.414204245385416,-6.54967034072926,23.237025738376854,-28.04506549055558,3.52391971061304,1.56999419088131,,,,89.2,976,6.7,813073,693307,679529,650402,656716,595879,682985,678009,672761,53.83,,,,,,,,45,2,Split-Finger,1,2,1,2,2,1,1,2,Standard,Standard,231,0.003,0.029,,,,-0.029,,-1,-1,0.352,0.352,33,24,34,25,1,2,1,1,2,,2.64,0.5,-0.5,47.5,,,,,
FF,2025-10-02,98.4,-1.53,6.32,"Arraez, Luis",650333,641745,,called_strike,,,,,2,Called Strike,F,L,R,CHC,SD,S,,,3,1,2025,-0.07,1.06,-0.18025869287334328,3.2496528047841364,,666023,,1,8,Top,,,,,,,3.7991977590872335,-143.31399888703035,-5.3479370576710705,-1.7399121872965773,30.362925459875747,-16.56999394959953,3.27297166504181,1.54823082981769,,,,98.1,2346,5.9,813059,608348,683737,663538,807713,621020,664023,691718,673548,54.61,,,,,,,,62,5,4-Seam Fastball,3,0,0,3,0,3,0,3,Standard,Standard,196,0.011,-0.068,,,,0.068,,3,-3,0.899,0.10099999999999998,29,28,30,28,1,3,2,1,6,,1.28,0.07,-0.07,46.1,,,,,
FF,2025-10-02,99.4,0.33,6.24,"Volpe, Anthony",683011,547973,,foul,,,,,2,Foul,F,R,L,NYY,BOS,S,,,2,1,2025,0.26,1.57,0.17757085016343682,2.892099337671402,,,502671,2,8,Bot,,,,,,,-1.039339890699368,-144.55139877865093,-7.47950892636448,3.859895649539389,38.48683784168653,-8.62901702213635,3.41,1.62,218,85.5,59,100.3,2501,7.1,813065,665966,663993,663853,608324,596115,680776,678882,677800,53.36,,,,,,,,64,4,4-Seam Fastball,4,0,4,0,0,4,4,0,Standard,Standard,161,0,-0.093,78.1,6.9,,0.093,88.0,4,4,0.986,0.986,37,24,37,24,1,3,2,1,,2,0.77,0.26,-0.26,51.8,12.775234018856407,20.790454001365465,26.07705583467873,41.5419581838341,17.165071719893596
FF,2025-10-02,96.1,-1.97,5.76,"Pérez, Wenceel",672761,677944,,called_strike,,,,,1,Called Strike,F,L,R,CLE,DET,S,,,0,0,2025,-0.85,1.51,-0.4186595233366328,2.7907091427947965,,,681481,1,1,Top,,,,,,,6.046954729342492,-139.73655636334675,-5.700369810775138,-12.496899033153063,31.349612686000807,-11.299808590842597,3.22162128068302,1.55534443064532,,,,96.3,2451,6.4,813073,666310,692216,677587,608070,672356,680757,800050,671655,54.08,,,,,,,,3,1,4-Seam Fastball,0,0,0,0,0,0,0,0,Standard,Standard,224,0.004,-0.04,,,,0.04,,0,0,0.498,0.502,26,25,26,26,1,0,6,1,,2,0.96,0.85,-0.85,37.3,,,,,
SL,2025-10-02,85.3,-2.5,5.61,"Manzardo, Kyle",700932,656427,,ball,,,,,14,Ball,F,L,R,CLE,DET,B,,,0,0,2025,0.44,0.41,0.05902490235485114,1.1768559114472734,,,,0,2,Bot,,,,,,,5.144766392410665,-124.19273832178898,-4.985890681150521,3.5763632469513036,24.18341742765395,-27.1223857270716,3.2795273710524,1.33851697867646,,,,85.5,2512,6.3,813073,693307,679529,650402,656716,595879,682985,678009,672761,54.16,,,,,,,,11,1,Slider,0,0,0,0,0,0,0,0,Standard,Standard,152,0.004,0.041,,,,-0.041,,0,0,0.551,0.551,29,24,30,25,1,0,8,1,5,,2.71,-0.44,0.44,29.5,,,,,
FF,2025-10-02,98.5,-1.7,6.55,"Yoshida, Masataka",807799,693645,,called_strike,,,,,11,Called Strike,F,L,R,NYY,BOS,S,,,0,0,2025,-0.72,1.49,-0.45198841785463484,3.2667708013325005,,,,0,2,Top,,,,,,,5.06907452453104,-143.20493221726312,-6.893118027210926,-11.12557217486988,33.06461991657147,-10.317235398076907,3.13050995001033,1.35754133916813,,,,98.5,2438,6.3,813065,669224,700250,665862,642708,683011,641355,663757,592450,54.15,,,,,,,,7,1,4-Seam Fastball,0,0,0,0,0,0,0,0,Strategic,Standard,204,0.003,-0.039,,,,0.039,,0,0,0.5,0.5,24,31,24,32,1,0,5,1,6,,0.87,0.72,-0.72,43.2,,,,,
ST,2025-10-02,83.9,-2.24,4.88,"Báez, Javier",595879,670036,field_out,hit_into_play,,,,,14,Javier Báez pops out to second baseman Brayan Rocchio.,F,R,R,CLE,DET,X,4,popup,0,2,2025,1.59,0.19,1.2696415081657855,1.2565375151699412,679529,682985,693307,2,7,Top,149.71,143.04,,,,,4.994593234069694,-121.9859033236765,-2.263746407462474,14.595583981828652,26.827668264921112,-30.079010613670984,3.52,1.64,155,66.1,55,83.6,2717,6.4,813073,666310,692216,677587,608070,672356,680757,800050,671655,54.06,0.041,0.037,0,1,0,0,3,56,4,Sweeper,1,6,6,1,6,1,6,1,Standard,Standard,72,0.006,-0.172,63.9,9.2,0.048,0.172,88.0,-5,5,0.033,0.967,32,32,32,33,1,3,4,1,,2,3.09,-1.59,-1.59,31.1,3.0626662807280467,-11.860998939035401,33.74072303690443,48.13450465059988,32.493195970897546
FF,2025-10-02,97.5,-1.95,5.71,"Manzardo, Kyle",700932,676684,field_out,hit_into_play,,,,,4,"Kyle Manzardo grounds out, shortstop Javier Báez to first baseman Spencer Torkelson.",F,L,R,CLE,DET,X,6,ground_ball,2,2,2025,-0.51,1.16,-0.4774998611580872,2.453549492766844,,,,0,9,Bot,128.47,147.33,,,,,5.11350883138091,-141.9620576779047,-5.947352660194255,-7.962379436976991,30.009167682801213,-15.289105342516482,3.16,1.34,5,86.8,-24,97.8,2217,6.3,813073,693307,679529,650402,656716,595879,682985,678009,672761,54.24,0.05,0.049,0,1,0,0,2,72,5,4-Seam Fastball,3,6,3,6,6,3,3,6,Infield shade,Standard,214,-0.021,-0.232,63.5,6.5,0.05,0.232,88.0,-3,-3,0.039,0.039,30,24,30,25,1,3,2,1,2,,1.22,0.51,-0.51,50.8,1.608225053328968,20.865783631615763,40.462487244329054,43.99818658868635,19.125381493013464
FF,2025-10-02,98.9,0.36,6.31,"Volpe, Anthony",683011,547973,,ball,,,,,12,Ball,F,R,L,NYY,BOS,B,,,1,1,2025,0.15,1.6,1.3988349457269904,3.9835473993445616,,,502671,2,8,Bot,,,,,,,2.5215475621111807,-143.83878261426685,-4.638516934922101,1.3657711956353926,37.95903137374504,-9.220349103359734,3.45725939538842,1.6752398983233,,,,99.6,2429,7,813065,665966,663993,663853,608324,596115,680776,678882,677800,53.45,,,,,,,,64,3,4-Seam Fastball,4,0,4,0,0,4,4,0,Standard,Standard,155,0,0.054,,,,-0.054,,4,4,0.986,0.986,37,24,37,24,1,3,2,1,,2,0.76,0.15,-0.15,46.7,,,,,
FF,2025-10-02,93,-1.3,6.16,"Machado, Manny",592518,592791,,called_strike,,,,,6,Called Strike,F,R,R,CHC,SD,S,,,1,1,2025,-0.58,1.43,0.526754447048413,2.5244451228676303,,,,2,1,Top,,,,,,,6.0158140065998,-135.2588598555763,-6.811385123355093,-8.310097072669585,25.735985539536465,-13.281338179726735,3.56467588286215,1.50552363136651,,,,94.5,2369,6.9,813059,608348,683737,663538,807713,621020,664023,691718,673548,53.6,,,,,,,,3,3,4-Seam Fastball,0,0,0,0,0,0,0,0,Strategic,Standard,204,0.003,-0.062,,,,0.062,,0,0,0.538,0.46199999999999997,33,32,34,33,1,0,5,1,6,,1.18,0.58,0.58,40.9,,,,,
SI,2025-10-02,94.8,2.86,5.5,"Rice, Ben",700250,813349,,called_strike,,,,,5,Called Strike,F,L,L,NYY,BOS,S,,,0,0,2025,1.39,0.93,-0.20308235239045191,2.990245607733918,,519317,,0,2,Bot,,,,,,,-11.210934574639204,-137.55623630269582,-2.941216520927999,20.23685916678085,31.80030094242522,-19.90647782188908,3.8275651624466,1.78165994127181,,,,95.3,2106,6.8,813065,665966,663993,663853,608324,596115,680776,678882,677800,53.66,,,,,,,,12,1,Sinker,0,0,0,0,0,0,0,0,Standard,Standard,134,-0.006,-0.043,,,,0.043,,0,0,0.614,0.614,23,26,23,26,1,0,5,1,,2,1.63,1.39,1.39,27.5,,,,,
FF,2025-10-02,97.6,-1.76,5.63,"Valera, George",671655,640448,,called_strike,,,,,6,Called Strike,F,L,R,CLE,DET,S,,,0,0,2025,-0.42,1.53,0.5942658944744827,2.2948660064497446,,,,1,6,Bot,,,,,,,7.319837276091771,-141.74960700626502,-6.963531335422091,-7.330507431002196,33.98043336530082,-10.116954888741207,3.56937340940403,1.55447018962149,,,,97.7,2281,6.5,813073,693307,679529,650402,656716,595879,682985,678009,672761,53.96,,,,,,,,45,1,4-Seam Fastball,1,2,1,2,2,1,1,2,Standard,Standard,203,-0.004,-0.039,,,,0.039,,-1,-1,0.356,0.356,33,24,34,25,1,2,1,1,2,,0.88,0.42,-0.42,52.6,,,,,
FF,2025-10-02,92.7,-2.09,5.53,"Tucker, Kyle",663656,506433,single,hit_into_play,,,,,2,Kyle Tucker singles on a line drive to right fielder Fernando Tatis Jr.,F,L,R,CHC,SD,X,9,line_drive,1,1,2025,-0.5,1.41,-0.17296815075850303,2.973831059150034,,,,0,2,Bot,185.27,134.45,,,,,6.033653384448134,-134.9288479736247,-3.8435478557544083,-7.388413826402164,29.04941099819355,-14.356213379026045,3.44,1.62,218,80.2,20,93.5,2350,6.7,813059,666023,650333,630105,592518,593428,657757,701538,665487,53.79,0.924,0.871,0.9,1,1,0,4,12,3,4-Seam Fastball,0,0,0,0,0,0,0,0,Infield shade,Standard,216,0.039,0.447,77.1,7.6,1.046,-0.447,88.0,0,0,0.55,0.55,38,28,39,28,1,0,6,1,,2,1.24,0.5,-0.5,36.0,21.837924177432143,-16.35281826362462,27.99688162600982,41.89232961084254,33.97114798112067
FF,2025-10-02,97.1,-1.75,5.91,"Lowe, Nathaniel",663993,670280,field_out,hit_into_play,,,,,6,Nathaniel Lowe pops out to third baseman Ryan McMahon in foul territory.,F,L,R,NYY,BOS,X,5,popup,0,1,2025,-0.72,1.52,0.5910777849722703,2.7954560619302447,,,807799,2,9,Top,72.43,158.73,,,,,7.949172777082425,-141.0066882606115,-6.2501760551708285,-11.46785064279838,34.520809019103716,-10.647282670246451,3.51,1.62,168,67.2,59,97.2,2493,6.6,813065,669224,502671,665862,641857,683011,641355,663757,592450,53.87,0.005,0.005,0,1,0,0,3,68,2,4-Seam Fastball,4,0,0,4,0,4,0,4,Infield shade,Standard,216,0.003,-0.229,75.6,7.2,0.005,0.229,88.0,4,-4,0.997,0.0030000000000000027,30,29,31,30,1,3,1,1,5,,0.92,0.72,-0.72,35.5,2.205088909062946,5.963167203251867,31.62763771397227,27.86924787276348,26.286992173772404
FF,2025-10-02,99.7,-1.88,6.11,"Crow-Armstrong, Pete",691718,663158,single,hit_into_play,,,,,4,Pete Crow-Armstrong singles on a sharp line drive to right fielder Fernando Tatis Jr. Carson Kelly to 2nd.,F,L,R,CHC,SD,X,9,line_drive,3,2,2025,-0.63,1.24,-0.5112136683500001,2.4390141139869943,,,608348,1,6,Bot,165.16,92.23,,,,,5.294826551142274,-145.01599951797166,-7.693875592518568,-10.064319678358563,33.90713201503237,-13.07796276643063,3.11,1.47,232,100.8,14,100.7,2362,6.9,813059,666023,650333,630105,592518,593428,657757,701538,665487,53.62,0.818,0.817,0.9,1,1,0,4,48,7,4-Seam Fastball,2,0,2,0,0,2,2,0,Infield shade,Standard,207,0.017,0.341,73.3,6.9,1.08,-0.341,100.8,2,2,0.849,0.849,34,23,34,23,1,2,1,1,,2,1.06,0.63,-0.63,36.4,12.12201080822968,6.939799326105791,28.721082832782002,41.248470110187796,32.6691963503922
SL,2025-10-02,85.9,-2.08,5.7,"Carpenter, Kerry",681481,677944,walk,blocked_ball,,,,,14,Kerry Carpenter walks.,F,L,R,CLE,DET,B,,,3,2,2025,0.41,-0.35,0.8942721894272132,0.5864691050621147,,,,1,1,Top,,,,,,,6.246598935185214,-124.99060023005545,-5.166863682339797,2.966359144176894,25.572582500012963,-34.92643372829273,3.46687017527486,1.57866934891989,,,,86.2,2591,6.5,813073,666310,692216,677587,608070,672356,680757,800050,671655,53.98,,0.691497,0.7,1,0,0,,2,7,Slider,0,0,0,0,0,0,0,0,Infield shade,Strategic,67,-0.02,0.339,,,,-0.339,,0,0,0.518,0.482,26,27,26,28,1,0,6,1,,2,3.44,-0.41,0.41,35.9,,,,,
FF,2025-10-02,91.5,0.62,5.8,"McKinstry, Zach",656716,676282,walk,ball,,,,,13,Zach McKinstry walks. Riley Greene to 2nd.,F,L,L,CLE,DET,B,,,3,0,2025,0.67,1.5,-0.1258148135524807,1.4434910204710465,,,682985,1,4,Top,,,,,,,-3.388187384498634,-133.1503695245952,-8.581792276222515,8.667817339892165,25.7578535490389,-12.733749065363872,3.37013866982052,1.57752664499958,,,,93.8,1794,7.4,813073,666310,692216,677587,608070,672356,680757,800050,671655,53.09,,0.691497,0.7,1,0,0,,26,4,4-Seam Fastball,0,1,1,0,1,0,1,0,Standard,Standard,153,-0.015,0.131,,,,-0.131,,-1,1,0.352,0.648,25,30,26,30,1,1,5,1,,2,1.2,0.67,0.67,53.9,,,,,
FF,2025-10-02,96.6,-1.86,5.69,"Manzardo, Kyle",700932,676684,,foul,,,,,5,Foul,F,L,R,CLE,DET,S,,,2,1,2025,-0.72,1.31,0.013914875620833267,2.3232826813927154,,,,0,9,Bot,,,,,,,6.670343517208838,-140.40616225804976,-6.399613928901768,-11.084786125809323,31.339448886073175,-13.577037970910165,3.16,1.34,252,83.5,39,97,2302,6.6,813073,693307,679529,650402,656716,595879,682985,678009,672761,53.93,,,,,,,,72,4,4-Seam Fastball,3,6,3,6,6,3,3,6,Infield shade,Standard,215,-0.009,-0.073,68.7,6.6,,0.073,88.0,-3,-3,0.048,0.048,30,24,30,25,1,3,2,1,2,,1.14,0.72,-0.72,51.9,2.6267874733075725,20.88992156587402,41.125615440892695,38.7953863768531,19.000252368377467
ST,2025-10-02,85.1,-2.26,4.88,"Báez, Javier",595879,670036,,foul,,,,,14,Foul,F,R,R,CLE,DET,S,,,0,2,2025,0.9,-0.16,0.8487903820088901,1.5465535775552817,679529,682985,693307,2,7,Top,,,,,,,5.50254469960907,-123.91810220891058,-1.1871179211880816,8.11740235734215,25.132492938817094,-33.83928360234043,3.52,1.64,3,91.2,-30,85.1,2768,6.3,813073,666310,692216,677587,608070,672356,680757,800050,671655,54.2,,,,,,,,56,3,Sweeper,1,6,6,1,6,1,6,1,Standard,Standard,74,0,0,77.3,9.2,,0,91.2,-5,5,0.033,0.967,32,32,32,33,1,3,4,1,,2,3.31,-0.9,-0.9,28.4,9.028107587937884,-18.281684256888845,32.08897335365288,41.66331559765068,36.944292530167374
SI,2025-10-02,100.1,-1.72,6.36,"Bregman, Alex",608324,693645,strikeout,called_strike,,,,,3,Alex Bregman called out on strikes.,F,R,R,NYY,BOS,S,2,,1,2,2025,-0.98,1.09,0.47546089032260763,3.1404644088248106,,,,2,1,Top,,,,,,,8.379961056637415,-145.4215225924018,-6.037456707069173,-15.937289555799177,36.273583534880814,-15.51070602349075,3.5102006677807,1.62201878730429,,,,99.9,2237,6.4,813065,669224,700250,665862,642708,683011,641355,663757,592450,54.06,,0,0,1,0,0,,3,4,Sinker,0,0,0,0,0,0,0,0,Strategic,Standard,205,0.007,-0.182,,,,0.182,,0,0,0.541,0.45899999999999996,24,31,24,31,1,0,5,1,6,,1.21,0.98,0.98,39.9,,,,,
SL,2025-10-02,84.6,-2.82,5.6,"Swanson, Dansby",621020,650633,,ball,,,,,14,Ball,F,R,R,CHC,SD,B,,,1,2,2025,0.88,0.18,1.7361081437759207,2.364819396544523,,,608348,1,4,Bot,,,,,,,8.830337305553932,-123.05056665008684,-1.5749583330697674,7.312269161587379,23.074602931501115,-30.207522014200787,3.48710663394895,1.51392843007915,,,,84.3,2800,6,813059,666023,650333,630105,592518,593428,657757,701538,665487,54.48,,,,,,,,32,5,Slider,2,0,2,0,0,2,2,0,Standard,Standard,61,0.003,0.044,,,,-0.044,,2,2,0.781,0.781,30,31,30,31,1,1,5,1,,2,2.99,-0.88,-0.88,27.3,,,,,
FF,2025-10-02,97.2,-1.55,6.29,"Arraez, Luis",650333,641745,,called_strike,,,,,1,Called Strike,F,L,R,CHC,SD,S,,,3,0,2025,-0.01,0.99,-0.539911726367009,2.9042145870938425,,666023,,1,8,Top,,,,,,,2.7105922024379923,-141.57956967208779,-5.84799280768844,-0.6745862405138333,29.784714134629354,-17.691184556409606,3.3339450452002,1.60849093838583,,,,97,2333,5.9,813059,608348,683737,663538,807713,621020,664023,691718,673548,54.57,,,,,,,,62,4,4-Seam Fastball,3,0,0,3,0,3,0,3,Standard,Standard,203,0.009,-0.054,,,,0.054,,3,-3,0.89,0.10999999999999999,29,28,30,28,1,3,2,1,6,,1.4,0.01,-0.01,45.4,,,,,
FF,2025-10-02,97.3,-0.47,5.81,"Busch, Michael",683737,669093,,foul,,,,,2,Foul,F,L,R,CHC,SD,S,,,2,1,2025,-0.11,1.57,0.03640178539190689,2.8580718139882872,608348,691718,621020,1,2,Bot,,,,,,,1.6270780443824082,-141.72015208399264,-6.100211079576215,-1.8500101710741992,31.49276955656221,-9.854282781296735,3.26,1.58,186,73.5,61,98.8,2163,7,813059,666023,650333,630105,592518,593428,657757,701538,665487,53.49,,,,,,,,18,4,4-Seam Fastball,2,0,2,0,0,2,2,0,Infield shade,Standard,192,-0.014,-0.097,65.9,6.6,,0.097,88.0,2,2,0.82,0.82,26,27,27,28,1,1,2,1,,2,0.83,0.11,-0.11,64.7,7.281915712068654,8.001839088188232,34.6774947265908,37.52218365205847,23.10797911019317
SI,2025-10-02,95.6,0.58,6.22,"Tucker, Kyle",663656,593974,,ball,,,,,12,Ball,F,L,L,CHC,SD,B,,,0,0,2025,1.24,0.36,2.597881100626915,2.686958162242645,,664023,,2,5,Bot,,,,,,,2.4983594330801746,-139.21892082161634,-4.507933825309368,15.670300094269455,30.08281103783109,-26.661879732377898,3.51880555359678,1.66212978037875,,,,94.7,2047,5.7,813059,666023,650333,630105,592518,593428,657757,701538,665487,54.84,,,,,,,,42,1,Sinker,2,0,2,0,0,2,2,0,Infield shade,Standard,129,0,0.019,,,,-0.019,,2,2,0.803,0.803,33,28,34,28,1,2,2,1,,2,2.12,1.24,1.24,43.0,,,,,
SL,2025-10-02,87.7,-2.62,5.34,"Ramírez, José",608070,656427,strikeout,swinging_strike_blocked,,,,,14,José Ramírez strikes out swinging.,F,L,R,CLE,DET,S,2,,3,2,2025,0.66,0.2,0.3667546039249308,0.7813539886078305,,,,2,1,Bot,,,,,,,5.913474304619673,-127.67047014756513,-5.455667423657174,6.316204022311495,22.334980725805938,-29.196182906861875,3.35,1.54,,,,89.1,2578,6.8,813073,693307,679529,650402,656716,595879,682985,678009,672761,53.69,,0,0,1,0,0,,7,6,Slider,0,0,0,0,0,0,0,0,Infield shade,Standard,130,-0.012,-0.328,50.3,7.6,,0.328,,0,0,0.512,0.512,29,32,30,33,1,0,8,1,5,,2.73,-0.66,0.66,28.2,8.965137451853767,-16.593084795879783,40.478315908979816,23.979276503507087,31.770544861547826
FF,2025-10-02,99,-1.32,5.28,"Machado, Manny",592518,694037,,foul,,,,,8,Foul,F,R,R,CHC,SD,S,,,2,0,2025,-0.87,1.21,0.07310844246760229,1.9626813648686547,,,,1,6,Top,,,,,,,5.911020250510368,-143.9215486621724,-6.500965325578556,-13.512992763464622,34.41331252612337,-13.961827271684678,3.64,1.69,223,74.2,48,99.9,2327,6.9,813059,608348,683737,663538,807713,621020,664023,691718,673548,53.57,,,,,,,,44,3,4-Seam Fastball,2,0,0,2,0,2,0,2,Standard,Standard,228,0.007,-0.066,75.1,8.3,,0.066,88.0,2,-2,0.799,0.20099999999999996,25,32,25,33,1,2,2,1,4,,1.12,0.87,0.87,28.3,1.8708027438619002,0.5792040246233875,33.25086901730012,41.04062151465295,24.744340739806603
FF,2025-10-02,97.8,-1.84,5.73,"Manzardo, Kyle",700932,676684,,ball,,,,,11,Ball,F,L,R,CLE,DET,B,,,1,1,2025,-0.57,1.28,-0.05599215239813937,3.6233776199202947,,,,0,9,Bot,,,,,,,6.141685950167756,-142.2325249583502,-3.129235680709094,-9.2273982526011,34.56914751605317,-14.280878076589952,3.18916831644257,1.39090743816956,,,,97.9,2405,6.5,813073,693307,679529,650402,656716,595879,682985,678009,672761,53.98,,,,,,,,72,3,4-Seam Fastball,3,6,3,6,6,3,3,6,Infield shade,Standard,208,0.006,0.055,,,,-0.055,,-3,-3,0.042,0.042,30,24,30,25,1,3,2,1,2,,1.11,0.57,-0.57,51.6,,,,,
FS,2025-10-02,82.4,-0.78,5.52,"Busch, Michael",683737,669093,,swinging_strike,,,,,9,Swinging Strike,F,L,R,CHC,SD,S,,,2,0,2025,-0.92,0.67,0.7345688831380547,1.938208190219746,608348,691718,621020,1,2,Bot,,,,,,,5.345235230795734,-120.00976561829403,-3.023978057325061,-9.909260755045828,21.160911086655233,-25.304161219577153,3.26,1.58,,,,84.4,1537,7.3,813059,666023,650333,630105,592518,593428,657757,701538,665487,53.18,,,,,,,,18,3,Split-Finger,2,0,2,0,0,2,2,0,Infield shade,Standard,239,-0.011,-0.013,72.1,8.8,,0.013,,2,2,0.831,0.831,26,27,27,28,1,1,2,1,,2,2.66,0.92,-0.92,60.3,38.741574972121796,-66.77470511120093,38.36528367338705,30.3631910354816,68.39757770166645
CU,2025-10-02,70.2,-1.81,5.74,"Tucker, Kyle",663656,506433,,ball,,,,,11,Ball,F,L,R,CHC,SD,B,,,0,1,2025,1.14,-0.88,-1.3218468560086545,2.5623390410119438,,,,0,2,Bot,,,,,,,-0.9485614777040882,-102.07754974828937,3.0807427052582836,8.084589230599834,18.500537381084836,-39.04939286200934,3.41938512483188,1.53990861339334,,,,70.4,2572,6.7,813059,666023,650333,630105,592518,593428,657757,701538,665487,53.79,,,,,,,,12,2,Curveball,0,0,0,0,0,0,0,0,Infield shade,Standard,44,0.002,0.031,,,,-0.031,,0,0,0.548,0.548,38,28,39,28,1,0,6,1,,2,5.55,-1.14,1.14,43.8,,,,,
KC,2025-10-02,78,-2.66,5.18,"Ramírez, José",608070,656427,,foul,,,,,7,Foul,F,L,R,CLE,DET,S,,,3,1,2025,0.88,-0.7,-0.40590931834137756,1.74761557396132,,,,2,1,Bot,,,,,,,3.2554749289125033,-113.51962958241337,0.8418917539551369,7.015144991060318,21.43613378842907,-38.62498829788937,3.35,1.54,2,91.7,-37,78.6,2393,6.8,813073,693307,679529,650402,656716,595879,682985,678009,672761,53.73,,,,,,,,7,5,Knuckle Curve,0,0,0,0,0,0,0,0,Infield shade,Standard,57,-0.003,-0.086,59.4,7.3,,0.086,91.7,0,0,0.515,0.515,29,32,30,33,1,0,8,1,5,,4.46,-0.88,0.88,24.6,18.606491074954604,-17.56698831330417,29.72012768967438,34.27703952013155,36.00419441756861
CH,2025-10-02,88.9,-2.91,5.39,"Swanson, Dansby",621020,650633,,foul,,,,,13,Foul,F,R,R,CHC,SD,S,,,1,2,2025,-1.4,0.7,-0.4262743150867978,1.167279679376133,,,608348,1,4,Bot,,,,,,,8.970830144343632,-129.11141107653768,-5.757292608206417,-17.44751700083497,25.2669047413473,-23.350872438169358,3.59,1.69,2,71.7,-25,88.7,2011,6.1,813059,666023,650333,630105,592518,593428,657757,701538,665487,54.39,,,,,,,,32,4,Changeup,2,0,2,0,0,2,2,0,Standard,Standard,251,0,0,67.7,8.6,,0,88.0,2,2,0.781,0.781,30,31,30,31,1,1,5,1,,2,2.18,1.4,1.4,20.7,24.33220947604099,-15.97685386491489,45.75691706594363,32.63447319981382,38.13743861958657
ST,2025-10-02,79.6,-1.46,6.11,"Machado, Manny",592518,592791,,ball,,,,,13,Ball,F,R,R,CHC,SD,B,,,0,1,2025,1.15,-0.3,-0.09654002075952706,1.2392984399945668,,,,2,1,Top,,,,,,,0.845508428039243,-115.97459044874593,-3.4335076693498765,10.239357769898072,21.306585611209023,-34.44005708057356,3.55602222843115,1.62105630771098,,,,80.2,2779,6.6,813059,608348,683737,663538,807713,621020,664023,691718,673548,53.89,,,,,,,,3,2,Sweeper,0,0,0,0,0,0,0,0,Strategic,Standard,51,-0.002,0.027,,,,-0.027,,0,0,0.54,0.45999999999999996,33,32,34,33,1,0,5,1,6,,3.88,-1.15,-1.15,43.6,,,,,
FC,2025-10-02,96.2,-1.66,6.46,"Bregman, Alex",608324,693645,,ball,,,,,12,Ball,F,R,R,NYY,BOS,B,,,0,2,2025,0.53,0.59,0.3175996443052549,4.94240949995765,,,,2,1,Top,,,,,,,4.065820690232283,-140.22005083380918,0.18686199677488113,6.137921048082398,30.163885602563262,-24.63471377968063,3.53666638517102,1.64863024387784,,,,96.7,2332,6.4,813065,669224,700250,665862,642708,683011,641355,663757,592450,54.12,,,,,,,,3,3,Cutter,0,0,0,0,0,0,0,0,Strategic,Standard,162,-0.001,0.022,,,,-0.022,,0,0,0.542,0.45799999999999996,24,31,24,31,1,0,5,1,6,,1.86,-0.53,-0.53,44.6,,,,,
FF,2025-10-02,99.2,-2.12,6.14,"Crow-Armstrong, Pete",691718,663158,,foul,,,,,11,Foul,F,L,R,CHC,SD,S,,,3,2,2025,-0.65,1.29,-1.0777177120202466,2.950666869276175,,,608348,1,6,Bot,,,,,,,4.444860637048972,-144.3856562033044,-6.430237972963343,-10.120727753713016,31.012759712468654,-12.859103144572535,3.11,1.47,237,79,46,100.8,2356,7,813059,666023,650333,630105,592518,593428,657757,701538,665487,53.52,,,,,,,,48,6,4-Seam Fastball,2,0,2,0,0,2,2,0,Infield shade,Standard,214,0,0,65.0,6.1,,0,88.0,2,2,0.849,0.849,34,23,34,23,1,2,1,1,,2,1.01,0.65,-0.65,37.3,-1.3898372195054354,25.326036824953505,25.129246590789965,48.01618578232311,18.37129311327182
CU,2025-10-02,80.3,-1.74,5.93,"Carpenter, Kerry",681481,677944,,ball,,,,,13,Ball,F,L,R,CLE,DET,B,,,2,2,2025,0.74,-1.08,-0.7518499031130005,1.4166873717959834,,,,1,1,Top,,,,,,,0.7834689379758628,-116.9518952766683,-1.2584653084507895,6.5984063959100805,22.54784585799585,-42.05070093314153,3.34751194877106,1.53880121000945,,,,80.3,2484,6.3,813073,666310,692216,677587,608070,672356,680757,800050,671655,54.18,,,,,,,,2,6,Curveball,0,0,0,0,0,0,0,0,Infield shade,Standard,36,-0.006,0.104,,,,-0.104,,0,0,0.524,0.476,26,27,26,28,1,0,6,1,,2,4.62,-0.74,0.74,45.2,,,,,
SL,2025-10-02,86.4,-1.28,6.32,"Arraez, Luis",650333,641745,,blocked_ball,,,,,14,Ball In Dirt,F,L,R,CHC,SD,B,,,2,0,2025,0.35,-0.46,0.6062025212212612,0.5424032523788593,,666023,,1,8,Top,,,,,,,3.7737331659861564,-125.8601316681515,-6.650198513094034,3.0133517329910156,23.148075322071367,-36.01860094948077,3.23804463808564,1.57192077519543,,,,86.2,2631,5.9,813059,608348,683737,663538,807713,621020,664023,691718,673548,54.63,,,,,,,,62,3,Slider,3,0,0,3,0,3,0,3,Standard,Standard,59,-0.013,0.067,,,,-0.067,,3,-3,0.903,0.09699999999999998,29,28,30,28,1,3,2,1,6,,3.48,-0.35,0.35,48.7,,,,,
FF,2025-10-02,92.8,1.98,6.14,"Cronenworth, Jake",630105,519141,field_out,hit_into_play,,,,,5,Jake Cronenworth flies out to center fielder Pete Crow-Armstrong.,F,L,L,CHC,SD,X,8,fly_ball,1,0,2025,0.14,1.51,0.01764963442570891,2.3799237664445743,,593428,,2,7,Top,122.32,53.41,,,,,-5.270559300630935,-134.95844420643527,-7.0800337069893295,2.7968793887257086,28.55081435497185,-12.405429676495073,3.34,1.61,361,97.2,34,92,2570,5.8,813059,608348,683737,663538,807713,621020,664023,691718,673548,54.7,0.228,0.43544444444444447,0,1,0,0,5,54,2,4-Seam Fastball,2,0,0,2,0,2,0,2,Infield shade,Standard,155,0.046,-0.308,71.7,7.4,0.859,0.308,97.2,2,-2,0.841,0.15900000000000003,36,31,37,31,1,2,2,1,4,,1.14,0.14,0.14,35.0,13.109553344931946,-1.9727981319532728,29.53255493532563,39.36255243630617,30.844847783462992
ST,2025-10-02,83.8,-2.22,4.99,"Báez, Javier",595879,670036,,foul,,,,,5,Foul,F,R,R,CLE,DET,S,,,0,1,2025,0.92,0.01,0.013671136261403927,2.7095576417740017,679529,682985,693307,2,7,Top,,,,,,,3.352529663583417,-122.05121936058802,1.0775979359849952,8.57132546627885,23.09478938720628,-32.46646328589441,3.52,1.64,,,,84,2883,6.3,813073,666310,692216,677587,608070,672356,680757,800050,671655,54.22,,,,,,,,56,2,Sweeper,1,6,6,1,6,1,6,1,Standard,Standard,65,0.002,-0.05,78.3,8.1,,0.05,,-5,5,0.031,0.969,32,32,32,33,1,3,4,1,,2,3.22,-0.92,-0.92,30.1,13.99738021616063,-10.238471214061802,25.995643451646156,33.77211320717857,31.005442911117715
CH,2025-10-02,80.6,0.8,5.86,"McKinstry, Zach",656716,676282,,ball,,,,,12,Ball,F,L,L,CLE,DET,B,,,2,0,2025,1.02,0.75,0.6963830064282531,3.616505284344183,,,682985,1,4,Top,,,,,,,-2.222679019625889,-117.52346783222806,0.21471674837991406,9.92610621122904,20.811339314792125,-25.4152024227208,3.48072912826763,1.4773651578297,,,,82.4,1406,7.3,813073,666310,692216,677587,608070,672356,680757,800050,671655,53.24,,,,,,,,26,3,Changeup,0,1,1,0,1,0,1,0,Standard,Standard,126,-0.012,0.097,,,,-0.097,,-1,1,0.364,0.636,25,30,26,30,1,1,5,1,,2,2.72,1.02,1.02,48.8,,,,,
CU,2025-10-02,77.7,-1.98,5.82,"Lowe, Nathaniel",663993,670280,,called_strike,,,,,5,Called Strike,F,L,R,NYY,BOS,S,,,0,0,2025,0.98,-0.49,-0.10400041550306238,2.5981674750658077,,,807799,2,9,Top,,,,,,,2.227475606955969,-113.19867107930729,0.9281015758953584,8.016447069646846,21.525747434959975,-36.79740897754658,3.61604356124931,1.64863024387784,,,,77.7,2475,6.3,813065,669224,502671,665862,641857,683011,641355,663757,592450,54.18,,,,,,,,68,1,Curveball,4,0,0,4,0,4,0,4,Infield shade,Standard,49,0.001,-0.042,,,,0.042,,4,-4,0.996,0.0040000000000000036,30,29,31,30,1,3,1,1,5,,4.27,-0.98,0.98,37.5,,,,,
FF,2025-10-02,95.6,-1.81,5.6,"Kwan, Steven",680757,640448,field_out,hit_into_play,,,,,6,Steven Kwan flies out to shortstop Javier Báez.,F,L,R,CLE,DET,X,6,fly_ball,2,2,2025,-0.68,1.35,0.7887759298767996,2.0794918099625326,,,,0,6,Bot,95.77,128.33,,,,,8.43261494440654,-138.81149776450837,-6.726030591354253,-10.679922077804072,31.474869527461966,-13.37017889986646,3.15,1.43,195,65.7,36,96.2,2137,6.8,813073,693307,679529,650402,656716,595879,682985,678009,672761,53.74,0.696,0.67,0,1,0,0,4,44,5,4-Seam Fastball,1,2,1,2,2,1,1,2,Standard,Standard,212,-0.034,-0.232,62.6,5.9,0.791,0.232,88.0,-1,-1,0.39,0.39,33,27,34,28,1,2,1,1,2,,1.16,0.68,-0.68,54.3,-3.582138266459135,0.23957185563177494,48.813056617570034,21.180297157075593,25.0028370491776
CU,2025-10-02,81.3,2.76,5.73,"Stanton, Giancarlo",519317,813349,double,hit_into_play,,,,,13,Giancarlo Stanton doubles (1) on a sharp line drive to left fielder Jarren Duran.,F,R,L,NYY,BOS,X,7,line_drive,2,2,2025,-0.97,-1.04,-0.3905665549666534,1.6940629898968336,,,,0,2,Bot,78,54,,,,,-5.267381830388044,-118.07144546804795,-0.23902517971383963,-7.5881565333361864,28.40471960784711,-41.88545316824448,3.81,1.85,391,114.5,18,81.4,2496,7.1,813065,665966,663993,663853,608324,596115,680776,678882,677800,53.4,0.807,1.391888888888889,1.25,1,1,1,6,11,5,Curveball,0,0,0,0,0,0,0,0,Standard,Standard,319,0.066,0.744,,,2.611,-0.744,114.5,0,0,0.548,0.548,23,35,23,36,1,0,5,1,,2,4.57,-0.97,0.97,35.5,,,,,
SI,2025-10-02,94.4,2.5,5.56,"Grisham, Trent",663757,571927,field_out,hit_into_play,,,,,4,Trent Grisham pops out to third baseman Alex Bregman.,F,L,L,NYY,BOS,X,5,popup,2,1,2025,1.42,0.95,-0.4773935752580416,2.649911794251423,,669224,,2,6,Bot,93.76,168.02,,,,,-10.989494328241754,-136.90896165926847,-3.9570500114605043,20.35433933798347,32.49954138929195,-19.475832778333853,3.59,1.71,116,92.4,70,94.6,2259,6.8,813065,665966,663993,663853,608324,596115,680776,678882,677800,53.73,0.003,0.002,0,1,0,0,3,51,4,Sinker,4,0,4,0,0,4,4,0,Infield shade,Standard,119,-0.007,-0.285,,,0.003,0.285,92.4,4,4,0.948,0.948,34,28,34,29,1,3,1,1,,2,1.64,1.42,1.42,26.4,,,,,
FS,2025-10-02,90.9,0.38,6.18,"Volpe, Anthony",683011,547973,,ball,,,,,14,Ball,F,R,L,NYY,BOS,B,,,0,1,2025,0.63,0.02,1.43725592156472,2.2198817378862663,,,502671,2,8,Bot,,,,,,,1.323568848421415,-132.3788417360764,-4.1016059300041094,7.146430511432875,28.83212944568109,-31.300754732267347,3.45725939538842,1.59540555634876,,,,92.4,738,7.2,813065,665966,663993,663853,608324,596115,680776,678882,677800,53.29,,,,,,,,64,2,Split-Finger,4,0,4,0,0,4,4,0,Standard,Standard,134,0,0.027,,,,-0.027,,4,4,0.986,0.986,37,24,37,24,1,3,2,1,,2,2.74,0.63,-0.63,48.8,,,,,
FF,2025-10-02,97.8,-1.56,5.37,"Machado, Manny",592518,694037,,ball,,,,,1,Ball,F,R,R,CHC,SD,B,,,1,0,2025,-0.93,1.12,-0.6189317103098658,3.549449227897454,,,,1,6,Top,,,,,,,4.702733740894716,-142.35566657245838,-2.0093762216335596,-13.698772154717627,32.74980050108443,-16.7182974935993,3.58314264860434,1.55579701091086,,,,98.4,2336,6.6,813059,608348,683737,663538,807713,621020,664023,691718,673548,53.86,,,,,,,,44,2,4-Seam Fastball,2,0,0,2,0,2,0,2,Standard,Standard,228,-0.007,0.071,,,,-0.071,,2,-2,0.806,0.19399999999999995,25,32,25,33,1,2,2,1,4,,1.26,0.93,0.93,27.5,,,,,
SI,2025-10-02,95.4,0.02,6.23,"Happ, Ian",664023,593974,double,hit_into_play,,,,,7,Ian Happ doubles (1) on a sharp line drive to left fielder Gavin Sheets.,F,R,L,CHC,SD,X,7,line_drive,1,2,2025,1.23,0.82,-0.5425061122773172,1.7261754846803041,,,,2,5,Bot,54.86,77.71,,,,,-4.210008480025265,-138.6939122727894,-8.003286296446959,16.842676835061983,29.711071134197308,-19.995149426042424,3.55,1.66,346,110.7,17,94.7,2180,5.8,813059,666023,650333,630105,592518,593428,657757,701538,665487,54.69,0.613,0.97475,1.25,1,1,1,6,41,4,Sinker,2,0,2,0,0,2,2,0,Standard,Standard,136,0.019,0.657,76.4,6.9,1.778,-0.657,110.7,2,2,0.784,0.784,33,30,34,31,1,2,2,1,,2,1.68,1.23,-1.23,48.6,-1.0243536097114905,-12.41908173433709,37.245477255657256,30.559342684867513,38.22175985579775
FF,2025-10-02,96,-1.79,5.65,"Kwan, Steven",680757,640448,,foul,,,,,7,Foul,F,L,R,CLE,DET,S,,,2,1,2025,-0.71,1.41,-0.30281681416854056,1.780023579808788,,,,0,6,Bot,,,,,,,5.568031960379081,-139.54531380580522,-7.870477912675573,-10.505842168323872,30.791411966993277,-12.158220517992426,3.15,1.43,,,,96.5,2156,6.6,813073,693307,679529,650402,656716,595879,682985,678009,672761,53.92,,,,,,,,44,4,4-Seam Fastball,1,2,1,2,2,1,1,2,Standard,Standard,213,-0.012,-0.073,66.2,5.9,,0.073,,-1,-1,0.402,0.402,33,27,34,28,1,2,1,1,2,,1.06,0.71,-0.71,55.4,-10.637816848793861,10.429816776229746,48.24958513342132,34.49227051236606,19.698575234676532
FF,2025-10-02,96,-1.48,6.23,"Arraez, Luis",650333,641745,,ball,,,,,14,Ball,F,L,R,CHC,SD,B,,,1,0,2025,0.16,0.96,1.7168010125421493,1.0453243194014015,,,666023,1,8,Top,,,,,,,8.06004476353976,-139.28609375591967,-10.183450259075132,0.18080578635726838,31.76075172313662,-17.556832998011025,3.23723634770076,1.43633546319712,,,,95.3,2329,6.1,813059,608348,683737,663538,807713,621020,664023,691718,673548,54.41,,,,,,,,62,2,4-Seam Fastball,3,0,0,3,0,3,0,3,Standard,Standard,200,-0.017,0.068,,,,-0.068,,3,-3,0.92,0.07999999999999996,29,28,30,28,1,3,2,1,6,,1.53,-0.16,0.16,43.7,,,,,
SL,2025-10-02,86,2.93,5.47,"Stanton, Giancarlo",519317,813349,,foul,,,,,4,Foul,F,R,L,NYY,BOS,S,,,2,1,2025,-0.24,0.36,-0.8105004910806443,2.6491819690218317,,,,0,2,Bot,,,,,,,-8.463241721533723,-125.10481411749676,-1.168520075309363,-0.8991307470517642,24.757839788285157,-28.37422155185118,3.81,1.85,374,116.4,21,87,2314,6.9,813065,665966,663993,663853,608324,596115,680776,678882,677800,53.63,,,,,,,,11,4,Slider,0,0,0,0,0,0,0,0,Standard,Standard,149,-0.007,-0.073,82.6,9.1,,0.073,116.4,0,0,0.555,0.555,23,35,23,36,1,0,5,1,,2,2.72,-0.24,0.24,27.9,16.483332238653304,-23.92630811866096,23.64451569608546,33.45257222283337,37.442918549379726
FC,2025-10-02,85.2,-1.36,6.17,"Machado, Manny",592518,592791,,called_strike,,,,,8,Called Strike,F,R,R,CHC,SD,S,,,0,0,2025,0.44,0.25,0.1798628741850311,1.9451850293948345,,,,2,1,Top,,,,,,,2.783786417214655,-124.15315287063629,-4.263716890391713,4.065390899278255,21.72783224207816,-28.99811967697881,3.57824395134888,1.55011061335962,,,,86.7,2742,6.9,813059,608348,683737,663538,807713,621020,664023,691718,673548,53.64,,,,,,,,3,1,Cutter,0,0,0,0,0,0,0,0,Strategic,Standard,150,0.002,-0.043,,,,0.043,,0,0,0.538,0.46199999999999997,33,32,34,33,1,0,5,1,6,,2.85,-0.44,-0.44,43.8,,,,,
CH,2025-10-02,90.2,-2.14,5.91,"Crow-Armstrong, Pete",691718,663158,,ball,,,,,13,Ball,F,L,R,CHC,SD,B,,,2,2,2025,-1.23,0.42,-1.5120106069237147,1.5942139075236934,,,608348,1,6,Bot,,,,,,,4.228523605181939,-131.29614161563498,-5.785856007143692,-15.099969374329952,26.465986314572362,-26.263336457704376,3.080468578702,1.4411679750681,,,,91.6,1882,7,813059,666023,650333,630105,592518,593428,657757,701538,665487,53.49,,,,,,,,48,5,Changeup,2,0,2,0,0,2,2,0,Infield shade,Standard,231,0.006,0.098,,,,-0.098,,2,2,0.843,0.843,34,23,34,23,1,2,1,1,,2,2.36,1.23,-1.23,34.8,,,,,
CU,2025-10-02,79.6,-1.84,5.94,"Rafaela, Ceddanne",678882,670280,strikeout,swinging_strike,,,,,14,Ceddanne Rafaela strikes out swinging.,F,R,R,NYY,BOS,S,2,,1,2,2025,0.76,-0.56,0.6479262405410094,1.046653547447078,,,807799,1,9,Top,,,,,,,4.023352363903568,-115.82168479108554,-2.9058204542052373,6.072527548070473,22.668666811435763,-36.88299008268528,3.44,1.59,,,,79.3,2457,6.2,813065,669224,502671,665862,641857,683011,641355,663757,592450,54.3,,0,0,1,0,0,,67,4,Curveball,4,0,0,4,0,4,0,4,Strategic,Standard,40,0.008,-0.178,56.9,8.6,,0.178,,4,-4,0.988,0.01200000000000001,30,24,31,25,1,3,1,1,5,,4.18,-0.76,-0.76,37.0,21.94076716487942,-29.58625212270761,35.07074675584052,42.330017669967354,54.02035259109582
CU,2025-10-02,72.1,-1.63,5.78,"Tucker, Kyle",663656,506433,,called_strike,,,,,1,Called Strike,F,L,R,CHC,SD,S,,,0,0,2025,1.03,-0.96,-0.3269203600379379,2.7940849612082133,,,,0,2,Bot,,,,,,,0.8370396354170588,-104.88567355215469,3.2697913335590325,7.432294734664641,19.337871823039226,-40.05574672728204,3.42321824839377,1.41232951409114,,,,72.5,2585,6.8,813059,666023,650333,630105,592518,593428,657757,701538,665487,53.7,,,,,,,,12,1,Curveball,0,0,0,0,0,0,0,0,Infield shade,Standard,44,-0.003,-0.039,,,,0.039,,0,0,0.551,0.551,38,28,39,28,1,0,6,1,,2,5.38,-1.03,1.03,43.5,,,,,
FF,2025-10-02,91.9,0.57,5.79,"McKinstry, Zach",656716,676282,,ball,,,,,1,Ball,F,L,L,CLE,DET,B,,,1,0,2025,0.7,1.43,-0.7198533592479485,3.3816970306420586,,,682985,1,4,Top,,,,,,,-4.894609325153606,-133.75948091533343,-3.4476744797136902,9.395512798969808,27.122382274914685,-14.454217420528472,3.27932806656914,1.48668514494204,,,,94.1,1802,7.4,813073,666310,692216,677587,608070,672356,680757,800050,671655,53.08,,,,,,,,26,2,4-Seam Fastball,0,1,1,0,1,0,1,0,Standard,Standard,152,-0.007,0.068,,,,-0.068,,-1,1,0.371,0.629,25,30,26,30,1,1,5,1,,2,1.26,0.7,0.7,52.8,,,,,
CH,2025-10-02,89.6,-1.94,5.68,"Carpenter, Kerry",681481,677944,,ball,,,,,14,Ball,F,L,R,CLE,DET,B,,,1,2,2025,-1.18,0.24,0.018113219957613724,0.41968127826977764,,,,1,1,Top,,,,,,,7.3701422415873825,-130.25535039577244,-7.583324850290436,-14.990965422560755,25.73635642703485,-28.028321715708376,3.44990326445492,1.61062770634399,,,,90.3,1853,6.6,813073,666310,692216,677587,608070,672356,680757,800050,671655,53.85,,,,,,,,2,5,Changeup,0,0,0,0,0,0,0,0,Infield shade,Standard,237,-0.003,0.048,,,,-0.048,,0,0,0.527,0.473,26,27,26,28,1,0,6,1,,2,2.59,1.18,-1.18,34.1,,,,,
FF,2025-10-02,94.1,1.76,5.76,"Torkelson, Spencer",679529,682120,strikeout,swinging_strike,,,,,13,Spencer Torkelson strikes out swinging.,F,R,L,CLE,DET,S,2,,2,2,2025,0.54,0.73,-0.6209156836334383,1.1757960832395968,650402,681481,,2,3,Top,,,,,,,-7.4370380878721205,-136.66964467815802,-7.851124720642947,8.38846690457528,29.34736854240349,-21.501639344167778,3.5,1.64,,,,94.8,2362,6.8,813073,666310,692216,677587,608070,672356,680757,800050,671655,53.73,,0,0,1,0,0,,20,6,4-Seam Fastball,0,1,1,0,1,0,1,0,Standard,Standard,130,0.048,-0.219,73.4,8.4,,0.219,,-1,1,0.389,0.611,28,25,29,26,1,1,1,1,,2,1.85,0.54,-0.54,32.9,19.215215405407605,-10.817173724966906,51.094151892998084,27.745491484669543,32.8745502573445
CU,2025-10-02,84.9,-1.51,6.52,"Bregman, Alex",608324,693645,,foul,,,,,5,Foul,F,R,R,NYY,BOS,S,,,0,1,2025,0.52,-1.19,0.2472566165649081,2.46813579886775,,,,2,1,Top,,,,,,,3.0721730974893267,-123.54567107691835,-0.7045122516817425,4.621033018230746,27.722063148707633,-44.30451728300768,3.33,1.55,185,83.9,59,84.8,2638,6.5,813065,669224,700250,665862,642708,683011,641355,663757,592450,54.02,,,,,,,,3,2,Curveball,0,0,0,0,0,0,0,0,Strategic,Standard,37,0.002,-0.057,75.5,7.1,,0.057,88.0,0,0,0.54,0.45999999999999996,24,31,24,31,1,0,5,1,6,,4.38,-0.52,-0.52,49.1,7.283474654903562,-0.05343002603867363,27.873157134200824,36.31705917636864,29.37986005376445
ST,2025-10-02,83.4,-2.12,5.06,"Báez, Javier",595879,670036,,swinging_strike,,,,,14,Swinging Strike,F,R,R,CLE,DET,S,,,0,0,2025,1.54,0.1,1.6131308332774688,2.451408444270171,679529,682985,693307,2,7,Top,,,,,,,5.553647106654144,-121.31189768437696,0.27001470849110154,14.105175068246137,24.434978902895484,-31.477819955610585,3.52,1.64,,,,83.4,2758,6.4,813073,666310,692216,677587,608070,672356,680757,800050,671655,54.13,,,,,,,,56,1,Sweeper,1,6,6,1,6,1,6,1,Standard,Standard,62,0.002,-0.035,75.3,9.1,,0.035,,-5,5,0.029,0.971,32,32,32,33,1,3,4,1,,2,3.19,-1.54,-1.54,33.3,13.73757216106035,-15.19864041327579,22.726463285361127,52.13683474503493,35.56297750987973
FF,2025-10-02,93.7,2.03,6.24,"Cronenworth, Jake",630105,519141,,ball,,,,,12,Ball,F,L,L,CHC,SD,B,,,0,0,2025,-0.01,1.51,0.3491521727691018,4.336716856358235,,593428,,2,7,Top,,,,,,,-4.286297159916778,-136.48018416331428,-2.5092090712266097,0.7551185323028328,29.272494058072105,-12.981119596112329,3.3317754772104,1.49138886279913,,,,93,2677,5.8,813059,608348,683737,663538,807713,621020,664023,691718,673548,54.72,,,,,,,,54,1,4-Seam Fastball,2,0,0,2,0,2,0,2,Infield shade,Standard,162,-0.002,0.019,,,,-0.019,,2,-2,0.843,0.15700000000000003,36,31,37,31,1,2,2,1,4,,1.08,-0.01,-0.01,41.0,,,,,
CH,2025-10-02,87.4,1.03,5.83,"Happ, Ian",664023,593974,,ball,,,,,14,Ball,F,R,L,CHC,SD,B,,,0,2,2025,1.22,0.28,1.7125273446819584,1.5453260284933283,,,,2,5,Bot,,,,,,,-0.8597234122468433,-127.33489614612512,-4.745761144079884,13.458621737464428,25.983718115100118,-28.39584392200867,3.54233684595305,1.64371651219853,,,,86.9,2113,5.9,813059,666023,650333,630105,592518,593428,657757,701538,665487,54.62,,,,,,,,41,3,Changeup,2,0,2,0,0,2,2,0,Standard,Standard,124,0.001,0.022,,,,-0.022,,2,2,0.783,0.783,33,30,34,31,1,2,2,1,,2,2.7,1.22,-1.22,35.6,,,,,
SI,2025-10-02,95.5,-2.73,5.63,"Swanson, Dansby",621020,650633,,foul,,,,,11,Foul,F,R,R,CHC,SD,S,,,1,1,2025,-1.29,0.65,-1.0584555828846767,2.750456782204652,,,608348,1,4,Bot,,,,,,,7.266566363367403,-138.92007631279958,-3.435996445035393,-18.336863824206656,29.11617654174294,-23.199603188246886,3.59,1.69,78,59.3,8,95.3,2325,6.1,813059,666023,650333,630105,592518,593428,657757,701538,665487,54.45,,,,,,,,32,3,Sinker,2,0,2,0,0,2,2,0,Standard,Standard,220,-0.005,-0.056,64.4,5.6,,0.056,88.0,2,2,0.786,0.786,30,31,30,31,1,1,5,1,,2,1.84,1.29,1.29,28.5,-8.365809022827655,28.68698524782175,38.32127985419286,25.028114302948342,19.609581947653083
SI,2025-10-02,94.7,2.2,5.66,"Grisham, Trent",663757,571927,,ball,,,,,7,Ball,F,L,L,NYY,BOS,B,,,1,1,2025,1.47,1.02,-0.5157528064464842,1.679746454503112,,669224,,2,6,Bot,,,,,,,-10.470712994639511,-137.32576292973357,-6.976315502527515,20.988340829813882,32.32708253526919,-17.851509438046655,3.52784498082036,1.78387453670714,,,,95.3,2059,6.9,813065,665966,663993,663853,608324,596115,680776,678882,677800,53.55,,,,,,,,51,3,Sinker,4,0,4,0,0,4,4,0,Infield shade,Standard,120,0,0.02,,,,-0.02,,4,4,0.948,0.948,34,28,34,29,1,3,1,1,,2,1.56,1.47,1.47,34.8,,,,,
FF,2025-10-02,100.8,0.22,6.33,"Volpe, Anthony",683011,547973,,foul,,,,,1,Foul,F,R,L,NYY,BOS,S,,,0,0,2025,0.33,1.61,-0.293968313604079,3.356571662161079,,,502671,2,8,Bot,,,,,,,-2.2549435857410214,-146.5532819224677,-6.765350282471916,5.3260046986169725,39.22709979916076,-7.670470435371325,3.41,1.62,269,79.1,36,101.6,2578,7.1,813065,665966,663993,663853,608324,596115,680776,678882,677800,53.43,,,,,,,,64,1,4-Seam Fastball,4,0,4,0,0,4,4,0,Standard,Standard,161,0,-0.042,73.5,6.2,,0.042,88.0,4,4,0.986,0.986,37,24,37,24,1,3,2,1,,2,0.66,0.33,-0.33,50.0,4.228422059299486,17.500418460062825,23.19094446837696,36.815590812137785,19.49138863070508
FF,2025-10-02,97.4,-1.97,5.74,"Manzardo, Kyle",700932,676684,,ball,,,,,13,Ball,F,L,R,CLE,DET,B,,,0,1,2025,-0.8,1.44,-0.8578941374152067,1.0159477272731872,,,,0,9,Bot,,,,,,,4.82603569595281,-141.30161303765522,-10.412836252871424,-11.847263241590609,35.212102456854566,-10.629233563542753,3.2192342995061,1.32980750312097,,,,97.1,2312,6.5,813073,693307,679529,650402,656716,595879,682985,678009,672761,54,,,,,,,,72,2,4-Seam Fastball,3,6,3,6,6,3,3,6,Standard,Standard,207,0.003,0.031,,,,-0.031,,-3,-3,0.039,0.039,30,24,30,25,1,3,2,1,2,,1,0.8,-0.8,57.0,,,,,
SL,2025-10-02,88.8,-1.56,5.1,"Machado, Manny",592518,694037,,ball,,,,,14,Ball,F,R,R,CHC,SD,B,,,0,0,2025,0.1,0.2,0.6484526730837611,1.1199975023473043,,,,1,6,Top,,,,,,,5.252397197505399,-129.37101953421742,-4.224939691229923,0.15298215089790712,23.985161848769984,-29.347297654302295,3.63639125874533,1.57679374600858,,,,90.1,2286,6.8,813059,608348,683737,663538,807713,621020,664023,691718,673548,53.72,,,,,,,,44,1,Slider,2,0,0,2,0,2,0,2,Standard,Standard,118,-0.004,0.039,,,,-0.039,,2,-2,0.81,0.18999999999999995,25,32,25,33,1,2,2,1,4,,2.66,-0.1,-0.1,25.0,,,,,
FS,2025-10-02,82.1,-0.73,5.68,"Busch, Michael",683737,669093,,ball,,,,,11,Ball,F,L,R,CHC,SD,B,,,1,0,2025,-1.03,0.48,-0.5850669963696199,3.821250888589483,608348,691718,621020,1,2,Bot,,,,,,,2.3712247284726997,-119.62594985829664,1.38775780089897,-10.378752769749516,21.582150976581087,-28.024266133297623,3.33904975595378,1.61270427243507,,,,83.7,1580,7.1,813059,666023,650333,630105,592518,593428,657757,701538,665487,53.37,,,,,,,,18,2,Split-Finger,2,0,2,0,0,2,2,0,Infield shade,Standard,239,0.011,0.034,,,,-0.034,,2,2,0.82,0.82,26,27,27,28,1,1,2,1,,2,2.88,1.03,-1.03,63.0,,,,,
FF,2025-10-02,94.7,-2.53,5.51,"Ramírez, José",608070,656427,,called_strike,,,,,4,Called Strike,F,L,R,CLE,DET,S,,,3,0,2025,-0.44,1.38,-0.4640976394225866,2.4225284538199334,,,,2,1,Bot,,,,,,,6.411826508998826,-137.7417183528502,-5.465310990427743,-7.040335066714028,31.31900143758238,-13.620623866422886,3.31971720469154,1.5434700167127,,,,95,2370,6.6,813073,693307,679529,650402,656716,595879,682985,678009,672761,53.94,,,,,,,,7,4,4-Seam Fastball,0,0,0,0,0,0,0,0,Infield shade,Standard,211,-0.002,-0.07,,,,0.07,,0,0,0.517,0.517,29,32,30,33,1,0,8,1,5,,1.17,0.44,-0.44,29.8,,,,,
FS,2025-10-02,86.1,-2.2,5.56,"Kwan, Steven",680757,640448,,ball,,,,,13,Ball,F,L,R,CLE,DET,B,,,1,1,2025,-0.72,-0.05,-1.6820038691775294,0.6216386320320426,,,,0,6,Bot,,,,,,,2.694708031269321,-125.39434331488688,-5.443899440538757,-8.115839732911176,24.341288438049098,-31.856229975900327,3.36514771602321,1.52496083450433,,,,86.7,899,6.6,813073,693307,679529,650402,656716,595879,682985,678009,672761,53.94,,,,,,,,44,3,Split-Finger,1,2,1,2,2,1,1,2,Standard,Standard,237,0.008,0.055,,,,-0.055,,-1,-1,0.394,0.394,33,27,34,28,1,2,1,1,2,,3.11,0.72,-0.72,48.8,,,,,
ST,2025-10-02,81.3,-1.55,6.07,"Arraez, Luis",650333,592791,field_out,hit_into_play,,,,,8,Luis Arraez flies out to center fielder Pete Crow-Armstrong.,F,L,R,CHC,SD,X,8,fly_ball,2,2,2025,0.99,0.28,-0.03700997690439367,1.8704083803173757,,,,1,1,Top,90.13,58.72,,,,,1.5142867528186594,-118.44112086795067,-3.4387024542559184,9.079553967675377,20.576739090974797,-29.133436974689275,3.22,1.54,357,96.9,37,82.2,2768,6.7,813059,608348,683737,663538,807713,621020,664023,691718,673548,53.85,0.114,0.208,0,1,0,0,3,2,8,Sweeper,0,0,0,0,0,0,0,0,Standard,Standard,66,0.014,-0.228,69.9,6.5,0.4,0.228,96.9,0,0,0.524,0.476,33,28,34,28,1,0,5,1,6,,3.14,-0.99,0.99,42.3,7.964450311607591,-9.143840906614855,44.64528323949274,37.49840548300676,42.7134060046828
CH,2025-10-02,89.4,0.7,5.63,"Happ, Ian",664023,593974,,foul,,,,,14,Foul,F,R,L,CHC,SD,S,,,0,1,2025,1.33,0.59,1.0021308106830147,2.0306855282486973,,,,2,5,Bot,,,,,,,-2.028269311858907,-130.2568577373909,-4.082892442679655,15.594886531189692,27.44201352459204,-24.758338554779318,3.55,1.66,35,64.9,0,88.5,2259,5.6,813059,666023,650333,630105,592518,593428,657757,701538,665487,54.87,,,,,,,,41,2,Changeup,2,0,2,0,0,2,2,0,Standard,Standard,124,-0.002,-0.057,75.1,7.4,,0.057,88.0,2,2,0.785,0.785,33,30,34,31,1,2,2,1,,2,2.25,1.33,-1.33,33.9,4.268345730617334,0.21680452519861748,29.49333135162422,48.33720497170446,33.22177172134308
FF,2025-10-02,96.8,-1.87,5.74,"Manzardo, Kyle",700932,676684,,called_strike,,,,,5,Called Strike,F,L,R,CLE,DET,S,,,0,0,2025,-0.69,1.4,-0.1695011123701986,2.2931291863489616,,,,0,9,Bot,,,,,,,6.091658349485417,-140.58967212923554,-6.739396336538627,-10.613907124581111,36.27651292021712,-12.20816829766818,3.18720005396979,1.34142925454919,,,,95.8,2280,6.1,813073,693307,679529,650402,656716,595879,682985,678009,672761,54.36,,,,,,,,72,1,4-Seam Fastball,3,6,3,6,6,3,3,6,Infield shade,Standard,210,-0.004,-0.039,,,,0.039,,-3,-3,0.043,0.043,30,24,30,25,1,3,2,1,2,,1.06,0.69,-0.69,50.6,,,,,
CU,2025-10-02,80.3,2.01,6.07,"Torkelson, Spencer",679529,682120,,foul,,,,,6,Foul,F,R,L,CLE,DET,S,,,2,2,2025,-0.85,-0.28,0.7167355933648998,2.2747282917914475,650402,681481,,2,3,Top,,,,,,,-1.258458936052378,-116.98038329825901,-1.189338695648762,-7.564864140591823,22.712130877897582,-34.700628429853715,3.5,1.64,176,82,67,80.3,2405,6.3,813073,666310,692216,677587,608070,672356,680757,800050,671655,54.21,,,,,,,,20,5,Curveball,0,1,1,0,1,0,1,0,Infield shade,Strategic,324,0,0,73.0,7.8,,0,88.0,-1,1,0.389,0.611,28,25,29,26,1,1,1,1,,2,3.81,-0.85,0.85,41.7,11.58503155411687,-7.321107960811249,36.20328858905107,44.58078172224492,29.37842226580163
SI,2025-10-02,94.9,-2.33,5.12,"Stanton, Giancarlo",519317,669711,field_out,hit_into_play,,,,,13,"Giancarlo Stanton grounds out, shortstop Trevor Story to first baseman Nathaniel Lowe.",F,R,R,NYY,BOS,X,6,ground_ball,3,2,2025,-1.5,0.3,-0.8643938851759494,2.5939801242990805,,,,2,7,Bot,112.26,150.87,,,,,7.133440920424084,-138.07066179492344,-1.5838891434143052,-20.76309226671467,32.427468780552026,-28.187237003901984,3.81,1.85,37,73.7,0,94.1,2238,6,813065,665966,663993,663853,608324,596115,680776,678882,677800,54.54,0.099,0.093,0,1,0,0,2,57,6,Sinker,4,0,4,0,0,4,4,0,Standard,Standard,235,-0.002,-0.328,79.8,8.1,0.099,0.328,88.0,4,4,0.966,0.966,30,35,30,36,1,3,4,1,,2,2.24,1.5,1.5,18.6,0.46819839410378633,10.279900749475317,29.131089458208972,31.841040924627837,18.97883496548659
CU,2025-10-02,83.8,-0.75,6.21,"Rosario, Amed",642708,686580,strikeout,swinging_strike,,,,,7,Amed Rosario strikes out swinging.,F,R,R,NYY,BOS,S,2,,2,2,2025,0.46,-1.5,-0.7539112021091623,1.5774612187683186,,,,2,5,Bot,,,,,,,-0.9109268121817258,-121.97239182197922,-1.2407132670883,4.707104838281203,27.229095049042645,-46.921455441905024,3.49,1.62,,,,83.8,2687,6.6,813065,665966,663993,663853,608324,596115,680776,678882,677800,53.92,,0,0,1,0,0,,43,7,Curveball,4,0,4,0,0,4,4,0,Standard,Standard,18,-0.003,-0.224,76.5,7.6,,0.224,,4,4,0.921,0.921,27,29,28,30,1,2,1,2,,5,4.78,-0.46,-0.46,51.7,3.336868383381454,-14.401067649627967,37.83196233986981,24.319076765214746,39.822527711635544
FF,2025-10-02,91.9,0.6,5.87,"McKinstry, Zach",656716,676282,,ball,,,,,11,Ball,F,L,L,CLE,DET,B,,,0,0,2025,0.52,1.52,-0.7412270371384658,4.44478452573785,,,682985,1,4,Top,,,,,,,-4.616577030186951,-133.9282673733565,-1.1327210410067359,7.182857654344818,26.795364907953676,-13.722234290306332,3.36994245662455,1.51677989992869,,,,94,1849,7.3,813073,666310,692216,677587,608070,672356,680757,800050,671655,53.24,,,,,,,,26,1,4-Seam Fastball,0,1,1,0,1,0,1,0,Standard,Standard,152,-0.004,0.035,,,,-0.035,,-1,1,0.375,0.625,25,30,26,30,1,1,5,1,,2,1.15,0.52,0.52,55.2,,,,,
FS,2025-10-02,82.7,-0.86,5.56,"Busch, Michael",683737,669093,,ball,,,,,14,Ball,F,L,R,CHC,SD,B,,,0,0,2025,-0.64,0.63,0.27122083901907657,0.8987741794500534,608348,691718,621020,1,2,Bot,,,,,,,3.9122315846021185,-120.4100771791346,-5.524665442303398,-6.955239668524722,20.536000967059074,-25.264800975824286,3.35739035995952,1.56506338520965,,,,84.7,1541,7.3,813059,666023,650333,630105,592518,593428,657757,701538,665487,53.23,,,,,,,,18,1,Split-Finger,2,0,2,0,0,2,2,0,Infield shade,Standard,239,0.006,0.038,,,,-0.038,,2,2,0.814,0.814,26,27,27,28,1,1,2,1,,2,2.67,0.64,-0.64,64.8,,,,,
FF,2025-10-02,98.2,-2,6.15,"Crow-Armstrong, Pete",691718,663158,,ball,,,,,11,Ball,F,L,R,CHC,SD,B,,,1,2,2025,-0.43,1.33,-0.10171706910772954,3.9867122195690397,,,608348,1,6,Bot,,,,,,,6.170864287840305,-142.84663328595224,-3.467994195483229,-7.329112745574625,34.34187089779199,-13.348185050440632,3.2071825059579,1.47501331305474,,,,98.7,2439,6.7,813059,666023,650333,630105,592518,593428,657757,701538,665487,53.82,,,,,,,,48,4,4-Seam Fastball,2,0,2,0,0,2,2,0,Infield shade,Standard,213,0.002,0.044,,,,-0.044,,2,2,0.841,0.841,34,23,34,23,1,2,1,1,,2,1.04,0.43,-0.43,38.2,,,,,
SL,2025-10-02,88.1,-2.2,5.07,"Swanson, Dansby",621020,688158,strikeout,swinging_strike,,,,,14,Dansby Swanson strikes out swinging.,F,R,R,CHC,SD,S,2,,2,2,2025,0.28,-0.04,0.40091319150893223,1.3066000216857616,,,,2,8,Bot,,,,,,,5.701138154748457,-128.1980538604938,-2.9647591529262023,1.9416816415856302,26.057535008589042,-32.170545023967186,3.59,1.69,,,,87.7,2371,6,813059,666023,650333,630105,592518,593428,669369,701538,665487,54.5,,0,0,1,0,0,,66,5,Slider,3,0,3,0,0,3,3,0,Standard,Standard,113,-0.001,-0.224,68.9,8.6,,0.224,,3,3,0.967,0.967,25,31,26,31,1,3,4,1,,2,2.97,-0.28,-0.28,22.1,26.554779435097014,-21.263039075210532,41.00035957509613,41.6696382078519,43.71653321671222
FF,2025-10-02,94,1.85,6.11,"Iglesias, Jose",578428,519141,field_out,hit_into_play,,,,,8,Jose Iglesias lines out to second baseman Nico Hoerner.,F,R,L,CHC,SD,X,4,line_drive,1,2,2025,0.2,1.53,0.1831196029057516,1.9942705332887605,,593428,,1,7,Top,147.89,127.81,,,,,-4.70704667167652,-136.66816801923306,-8.28588775170097,3.500301680055367,29.28738065807882,-11.309160405176854,3.27,1.45,190,86,11,93.2,2548,5.8,813059,608348,683737,663538,807713,621020,664023,691718,673548,54.69,0.613,0.571,0,1,0,0,4,53,5,4-Seam Fastball,2,0,0,2,0,2,0,2,Standard,Standard,155,0.037,-0.187,71.7,6.5,0.705,0.187,88.0,2,-2,0.806,0.19399999999999995,36,35,37,35,1,0,2,1,4,,1.04,0.2,-0.2,38.5,-2.5132604368102722,15.270409799398019,35.31521705515511,37.7666562913826,20.096398758183984
SL,2025-10-02,89.2,-1.5,5.06,"Arraez, Luis",650333,694037,field_out,hit_into_play,,,,,14,"Luis Arraez grounds out, shortstop Dansby Swanson to first baseman Michael Busch.",F,L,R,CHC,SD,X,6,ground_ball,1,1,2025,0.18,0.13,0.12100567307728967,1.3011072259195253,,,,0,6,Top,117.21,124.98,,,,,3.6296965553955367,-129.82493737341466,-3.521543306182687,1.279101450476466,27.091189927824075,-30.170663193093308,3.22,1.54,136,89.5,9,90,2260,6.8,813059,608348,683737,663538,807713,621020,664023,691718,673548,53.73,0.559,0.509,0,1,0,0,4,43,3,Slider,2,0,0,2,0,2,0,2,Standard,Standard,121,0.029,-0.251,66.4,6.1,0.599,0.251,89.5,2,-2,0.781,0.21899999999999997,25,28,25,28,1,2,2,1,4,,2.73,-0.18,0.18,22.9,1.467557965398517,6.504293941229205,45.765756819434834,35.59626240531198,30.668805340415364
FF,2025-10-02,100.6,-1.83,6.43,"Bregman, Alex",608324,693645,,called_strike,,,,,4,Called Strike,F,R,R,NYY,BOS,S,,,0,0,2025,-0.7,1.41,-0.3074244133320423,2.8495629481592166,,,,2,1,Top,,,,,,,5.860999232990643,-146.12600964997108,-7.887928503687828,-11.40483572623633,36.259053633454485,-10.218803799177675,3.5102006677807,1.64863024387784,,,,100.3,2383,6.3,813065,669224,700250,665862,642708,683011,641355,663757,592450,54.18,,,,,,,,3,1,4-Seam Fastball,0,0,0,0,0,0,0,0,Strategic,Standard,211,0.002,-0.043,,,,0.043,,0,0,0.538,0.46199999999999997,24,31,24,31,1,0,5,1,6,,0.86,0.7,0.7,41.3,,,,,
SI,2025-10-02,94.6,-2.87,5.37,"Swanson, Dansby",621020,650633,,called_strike,,,,,2,Called Strike,F,R,R,CHC,SD,S,,,1,0,2025,-1.33,0.45,0.18796603703231463,2.9651876305416422,,,608348,1,4,Bot,,,,,,,10.87732726736723,-137.35405062860653,-1.5949206181445246,-19.222110883498477,28.50019760334307,-26.353210356689114,3.45477979350387,1.54576246701343,,,,94.3,2232,6.1,813059,666023,650333,630105,592518,593428,657757,701538,665487,54.4,,,,,,,,32,2,Sinker,2,0,2,0,0,2,2,0,Standard,Standard,235,-0.003,-0.056,,,,0.056,,2,2,0.789,0.789,30,31,30,31,1,1,5,1,,2,2.1,1.33,1.33,20.3,,,,,
FC,2025-10-02,89.9,-1.9,5.28,"McKinstry, Zach",656716,670036,strikeout,called_strike,,,,,4,Zach McKinstry called out on strikes.,F,L,R,CLE,DET,S,2,,1,2,2025,0.52,0.18,-0.7575152153169051,2.2665858912584027,679529,682985,693307,1,7,Top,,,,,,,1.755412050110065,-131.1216014142424,-2.0203913335322143,5.763952096677042,21.806196688872046,-29.87756739564494,3.42156915615207,1.48409032993461,,,,91.3,2605,6.6,813073,666310,692216,677587,608070,672356,680757,800050,671655,53.94,,0,0,1,0,0,,55,4,Cutter,1,6,6,1,6,1,6,1,Strategic,Standard,149,0.006,-0.223,,,,0.223,,-5,5,0.023,0.977,32,30,32,30,1,3,4,1,,2,2.58,-0.52,0.52,40.4,,,,,
FF,2025-10-02,94.2,-1.87,5.59,"Tucker, Kyle",663656,506433,truncated_pa,ball,,,,,4,"Padres challenged (tag play), call on the field was overturned: Nico Hoerner caught stealing 2nd base, catcher Freddy Fermin to shortstop Xander Bogaerts.",F,L,R,CHC,SD,B,2,,1,1,2025,-0.44,1.41,-0.8169754416116145,2.4020848999385485,,,663538,2,1,Bot,,,,,,,3.7634717116072784,-137.16611423311548,-5.77554891547716,-6.419941611817919,29.815007419839503,-13.244355518259972,3.47419681641757,1.59466176972174,,,,95.1,2467,6.8,813059,666023,650333,630105,592518,593428,657757,701538,665487,53.75,,,0,0,0,0,,7,3,4-Seam Fastball,0,0,0,0,0,0,0,0,Infield shade,Standard,213,-0.021,-0.255,,,,0.255,,0,0,0.521,0.521,38,28,39,28,1,0,6,1,,2,1.15,0.44,-0.44,38.8,,,,,
FS,2025-10-02,93,-1.56,5.95,"Rafaela, Ceddanne",678882,670280,,ball,,,,,14,Ball,F,R,R,NYY,BOS,B,,,0,2,2025,-0.44,0.29,1.155582664072956,0.8702801217339702,,,807799,1,9,Top,,,,,,,7.983898393896087,-135.10951906843002,-7.956374673832014,-7.078146289737893,27.375486039446475,-27.11042958638338,3.45725939538842,1.56879057879124,,,,93.7,1813,6.7,813065,669224,502671,665862,641857,683011,641355,663757,592450,53.85,,,,,,,,67,3,Split-Finger,4,0,0,4,0,4,0,4,Standard,Standard,220,-0.001,0.01,,,,-0.01,,4,-4,0.989,0.01100000000000001,30,24,31,25,1,3,1,1,5,,2.34,0.44,0.44,41.3,,,,,
SL,2025-10-02,88.1,-1.94,5.79,"Carpenter, Kerry",681481,677944,,foul,,,,,14,Foul,F,L,R,CLE,DET,S,,,1,2,2025,0.31,-0.25,0.5247543938251704,0.9958997824519975,,,,1,1,Top,,,,,,,5.352454728447037,-128.13601026948885,-5.002419434989543,2.2243608186704944,27.95815334794588,-34.044879593468345,3.41,1.63,,,,88.2,2716,6.5,813073,666310,692216,677587,608070,672356,680757,800050,671655,53.97,,,,,,,,2,4,Slider,0,0,0,0,0,0,0,0,Infield shade,Standard,59,0,0,63.3,7.9,,0,,0,0,0.527,0.473,26,27,26,28,1,0,6,1,,2,3.2,-0.31,0.31,37.6,17.663614902879154,-3.2913410066126474,50.67906060654938,30.87180801471245,24.879626885204416
SI,2025-10-02,94.6,2.32,5.56,"Grisham, Trent",663757,571927,,ball,,,,,13,Ball,F,L,L,NYY,BOS,B,,,0,1,2025,1.4,0.94,-1.5267906979992414,2.4606431914786198,,669224,,2,6,Bot,,,,,,,-13.235766506620582,-136.99306732116793,-4.4452441457465355,20.63219748966068,31.505101106985126,-19.499945885727747,3.74827077291375,1.70184772294024,,,,95,2331,6.9,813065,665966,663993,663853,608324,596115,680776,678882,677800,53.64,,,,,,,,51,2,Sinker,4,0,4,0,0,4,4,0,Infield shade,Standard,120,0.001,0.015,,,,-0.015,,4,4,0.947,0.947,34,28,34,29,1,3,1,1,,2,1.64,1.4,1.4,27.7,,,,,
SI,2025-10-02,100.7,0.36,6.16,"Chisholm Jr., Jazz",665862,547973,strikeout,called_strike,,,,,1,Jazz Chisholm Jr. called out on strikes.,F,L,L,NYY,BOS,S,2,,0,2,2025,1.42,1.2,-0.7053961899600061,3.1514131315242278,,,502671,1,8,Bot,,,,,,,-6.4141433975868045,-146.31822122084722,-5.831123360709512,21.841875816757707,40.39252909865794,-13.78955718587253,3.72183225447336,1.72845369005519,,,,101.3,2514,7.1,813065,665966,663993,663853,608324,596115,680776,678882,677800,53.44,,0,0,1,0,0,,63,4,Sinker,4,0,4,0,0,4,4,0,Standard,Standard,162,-0.001,-0.168,,,,0.168,,4,4,0.987,0.987,37,27,37,27,1,3,2,1,,2,1.09,1.42,1.42,44.0,,,,,
CU,2025-10-02,77,2.82,5.77,"Stanton, Giancarlo",519317,813349,,ball,,,,,12,Ball,F,R,L,NYY,BOS,B,,,1,1,2025,-1.26,-0.99,0.9517478064139713,3.2869975583663678,,,,0,2,Bot,,,,,,,-1.6980316975447494,-111.91690521746436,3.684020270870503,-10.09734646623661,23.06623683999419,-41.43151175839853,3.80113725142585,1.80826017020967,,,,77.3,2561,6.9,813065,665966,663993,663853,608324,596115,680776,678882,677800,53.61,,,,,,,,11,3,Curveball,0,0,0,0,0,0,0,0,Standard,Standard,319,0.005,0.055,,,,-0.055,,0,0,0.55,0.55,23,35,23,36,1,0,5,1,,2,4.89,-1.26,1.26,34.5,,,,,
FF,2025-10-02,97.7,-1.41,6.29,"Arraez, Luis",650333,641745,,ball,,,,,14,Ball,F,L,R,CHC,SD,B,,,0,0,2025,0.13,1.28,1.588179441355574,1.721771967477095,,,666023,1,8,Top,,,,,,,7.717548596957815,-141.8367643204028,-9.695703241194463,0.0012811225877788956,32.526508489681,-12.768707918326468,3.20946735129537,1.50119883965696,,,,97.1,2474,6.1,813059,608348,683737,663538,807713,621020,664023,691718,673548,54.42,,,,,,,,62,1,4-Seam Fastball,3,0,0,3,0,3,0,3,Standard,Standard,203,-0.005,0.035,,,,-0.035,,3,-3,0.925,0.07499999999999996,29,28,30,28,1,3,2,1,6,,1.12,-0.13,0.13,46.2,,,,,
SI,2025-10-02,90.1,-2.49,5.53,"Ramírez, José",608070,656427,,ball,,,,,13,Ball,F,L,R,CLE,DET,B,,,2,0,2025,-1.24,0.59,-1.7279559479162419,1.9149963856975827,,,,2,1,Bot,,,,,,,4.5477322057971,-131.16829006295728,-4.298870628962967,-15.227192769002203,27.677855521142554,-24.6993518063822,3.31393517668405,1.5674957348717,,,,90.8,2086,6.7,813073,693307,679529,650402,656716,595879,682985,678009,672761,53.84,,,,,,,,7,3,Sinker,0,0,0,0,0,0,0,0,Standard,Standard,211,0.003,0.121,,,,-0.121,,0,0,0.514,0.514,29,32,30,33,1,0,8,1,5,,2.22,1.24,-1.24,29.1,,,,,
FF,2025-10-02,91.8,0.66,5.77,"Dingler, Dillon",693307,676282,strikeout,swinging_strike,,,,,13,Dillon Dingler strikes out swinging.,F,R,L,CLE,DET,S,2,,3,2,2025,0.67,1.56,-0.8500715480200554,1.6130304974372742,,,682985,0,4,Top,,,,,,,-5.389569907411356,-133.37884679672408,-8.23728334567409,9.115023521888615,27.302965069363104,-12.008244888891412,3.37,1.51,,,,94.1,1823,7.6,813073,666310,692216,677587,608070,672356,680757,800050,671655,52.89,,0,0,1,0,0,,25,6,4-Seam Fastball,0,1,1,0,1,0,1,0,Standard,Standard,150,0.042,-0.315,70.6,7.2,,0.315,,-1,1,0.333,0.667,25,26,26,27,1,1,5,1,,2,1.15,0.67,-0.67,54.2,-6.324488436920223,6.975686412973064,57.07409394960955,26.806214242376626,14.832076759291875
FF,2025-10-02,95.5,-0.77,6.17,"Rosario, Amed",642708,686580,,ball,,,,,12,Ball,F,R,R,NYY,BOS,B,,,1,2,2025,0.19,1.35,0.10744441176630523,5.547522233721783,,,,2,5,Bot,,,,,,,1.9125816043122934,-139.13295046915698,0.939450088738322,2.0106087617106763,31.245757466374556,-15.03503308603757,3.58958785690647,1.64863024387784,,,,96.5,2346,6.8,813065,665966,663993,663853,608324,596115,680776,678882,677800,53.69,,,,,,,,43,6,4-Seam Fastball,4,0,4,0,0,4,4,0,Standard,Standard,176,0.001,0.042,,,,-0.042,,4,4,0.92,0.92,27,29,28,30,1,2,1,2,,5,1.14,-0.19,-0.19,55.3,,,,,
FF,2025-10-02,97.4,-2.02,5.66,"Ramírez, José",608070,676684,field_error,hit_into_play,,,,,5,"Tigers challenged (tag play), call on the field was overturned: José Ramírez reaches on a missed catch error by pitcher Will Vest, assist to first baseman Spencer Torkelson. Brayan Rocchio scores. Steven Kwan scores. José Ramírez out at 2nd, pitcher Will Vest to shortstop Javier Báez.",F,L,R,CLE,DET,X,3,ground_ball,3,1,2025,-0.43,1.33,0.025088922374793543,2.190882238494809,677587,680757,,2,8,Bot,148.72,171.63,,,,,6.499871568023417,-141.49154937210432,-6.8100129226636685,-7.386327802526741,35.04406400649237,-12.907155090019401,3.35,1.54,38,89.5,-1,97.2,2240,6.5,813073,693307,679529,650402,656716,595879,682985,678009,672761,54.05,0.304,0.274,0.9,1,0,0,2,68,5,4-Seam Fastball,1,6,1,6,6,3,3,6,Infield shade,Standard,214,0.006,0.477,71.9,7.0,0.425,-0.477,89.5,-5,-5,0.028,0.028,30,32,30,33,1,3,2,1,2,,1.1,0.43,-0.43,49.9,10.41586153662114,-5.646894385470694,34.03147757563156,28.52624065550932,28.720350923713898
FF,2025-10-02,90,-0.03,6.15,"Cronenworth, Jake",630105,573204,strikeout,foul_tip,,,,,4,Jake Cronenworth strikes out on a foul tip.,F,L,L,CHC,SD,S,2,,1,2,2025,0.04,0.9,-0.6515313817266525,2.6633820859057513,,,657757,1,5,Top,,,,,,,-1.6282870809375314,-131.16076753411326,-4.625484823256923,0.7751657451647394,26.251011648847566,-21.04450331935329,3.34,1.61,,,,90.3,2366,6.3,813059,608348,683737,663538,807713,621020,664023,691718,673548,54.24,,0,0,1,0,0,,36,4,4-Seam Fastball,2,0,0,2,0,2,0,2,Infield shade,Standard,191,0.026,-0.178,72.4,7.5,,0.178,,2,-2,0.758,0.242,38,31,38,31,1,1,1,1,6,,1.9,0.04,0.04,56.0,5.860500240281607,-4.212497958558425,24.153675683096715,47.361259732658446,27.802248641118304
FF,2025-10-02,94.1,2.01,6.16,"Iglesias, Jose",578428,519141,,foul,,,,,6,Foul,F,R,L,CHC,SD,S,,,1,2,2025,0.29,1.55,0.298542583741293,2.4644608784311357,,593428,,1,7,Top,,,,,,,-5.017813326962815,-136.84247992205493,-7.218202646563608,4.791328959335503,30.924133728643806,-11.284340812487985,3.27,1.45,200,72.4,25,93,2596,5.7,813059,608348,683737,663538,807713,621020,664023,691718,673548,54.76,,,,,,,,53,4,4-Seam Fastball,2,0,0,2,0,2,0,2,Standard,Standard,161,0,0,70.1,6.4,,0,88.0,2,-2,0.806,0.19399999999999995,36,35,37,35,1,0,2,1,4,,1.03,0.29,-0.29,38.6,-4.506393709944918,19.106157352399553,33.28101973008932,39.85336409596863,15.842877434199954
FF,2025-10-02,93.4,-1.28,6.14,"Arraez, Luis",650333,592791,,foul,,,,,11,Foul,F,L,R,CHC,SD,S,,,2,2,2025,-0.64,1.27,-0.08296186158664798,3.3722500850128387,,,,1,1,Top,,,,,,,4.535755487957348,-136.06773886309978,-4.267380849532746,-8.863308566373028,27.698517245328,-15.577924765518107,3.22,1.54,201,75.7,59,94.7,2359,6.8,813059,608348,683737,663538,807713,621020,664023,691718,673548,53.68,,,,,,,,2,7,4-Seam Fastball,0,0,0,0,0,0,0,0,Standard,Standard,213,0,0,58.7,4.9,,0,88.0,0,0,0.524,0.476,33,28,34,28,1,0,5,1,6,,1.32,0.64,-0.64,43.5,-1.9836905298427063,11.653171740384428,26.032364380133842,37.70396555983888,26.310129920514004
SL,2025-10-02,86.3,-2.67,5.52,"Ramírez, José",608070,656427,,ball,,,,,13,Ball,F,L,R,CLE,DET,B,,,1,0,2025,0.64,0.25,-0.5079873617473584,1.1007982452769736,,,,2,1,Bot,,,,,,,3.852134785583181,-125.7667725601171,-4.8751782812848905,6.174311693656814,22.95168243970454,-28.83505387098664,3.42894475795381,1.56326636869764,,,,86.8,2477,6.3,813073,693307,679529,650402,656716,595879,682985,678009,672761,54.17,,,,,,,,7,2,Slider,0,0,0,0,0,0,0,0,Infield shade,Standard,149,0.003,0.065,,,,-0.065,,0,0,0.511,0.511,29,32,30,33,1,0,8,1,5,,2.78,-0.64,0.64,31.4,,,,,
CU,2025-10-02,77.9,-1.81,5.86,"Rafaela, Ceddanne",678882,670280,,foul,,,,,9,Foul,F,R,R,NYY,BOS,S,,,0,1,2025,0.83,-0.89,0.4497408097083584,1.56711831602958,,,807799,1,9,Top,,,,,,,3.31367814195977,-113.35166733779906,-0.586746665086634,6.433190074060417,23.61636440224012,-39.852911095516966,3.44,1.59,7,49.2,-13,77.6,2497,6.4,813065,669224,502671,665862,641857,683011,641355,663757,592450,54.08,,,,,,,,67,2,Curveball,4,0,0,4,0,4,0,4,Standard,Standard,40,0.002,-0.047,65.8,8.3,,0.047,88.0,4,-4,0.987,0.013000000000000012,30,24,31,25,1,3,1,1,5,,4.69,-0.83,-0.83,38.9,17.55872204095934,-24.042726363456204,28.793768688434124,40.12516920123761,54.72163081288523
FF,2025-10-02,92.9,2.66,5.74,"Stanton, Giancarlo",519317,813349,,foul_tip,,,,,6,Foul Tip,F,R,L,NYY,BOS,S,,,1,0,2025,0.91,1.33,0.3985903787122117,3.1450604494252534,,,,0,2,Bot,,,,,,,-7.901272374253318,-134.9633947058328,-3.766212833173823,12.890635174524949,30.919486978190466,-15.3176163984786,3.81,1.85,,,,93.9,2214,7.1,813065,665966,663993,663853,608324,596115,680776,678882,677800,53.42,,,,,,,,11,2,4-Seam Fastball,0,0,0,0,0,0,0,0,Standard,Standard,134,-0.005,-0.05,81.4,7.5,,0.05,,0,0,0.555,0.555,23,35,23,36,1,0,5,1,,2,1.33,0.91,-0.91,37.2,-4.885277118501104,34.19617359628877,24.58668520684884,45.71502568111846,-0.27377145069768893
FF,2025-10-02,97.2,-2.66,5.8,"Swanson, Dansby",621020,650633,,ball,,,,,14,Ball,F,R,R,CHC,SD,B,,,0,0,2025,-0.57,1.41,2.535709572318499,2.5176670239098566,,,608348,1,4,Bot,,,,,,,15.091424394740045,-140.6349247599799,-6.426324035688557,-10.888667342781922,30.272190275550212,-12.044777813633278,3.54631322228188,1.60351100170325,,,,96.6,2391,6.1,813059,666023,650333,630105,592518,593428,657757,701538,665487,54.36,,,,,,,,32,1,4-Seam Fastball,2,0,2,0,0,2,2,0,Standard,Standard,224,0.002,0.035,,,,-0.035,,2,2,0.787,0.787,30,31,30,31,1,1,5,1,,2,1.02,0.57,0.57,33.2,,,,,
CU,2025-10-02,85.5,-1.84,5.36,"Swanson, Dansby",621020,688158,,ball,,,,,14,Ball,F,R,R,CHC,SD,B,,,1,2,2025,0.45,-0.55,1.4926207478072586,0.43839118074201,,,,2,8,Bot,,,,,,,6.926325516445869,-124.38944641109306,-4.218798091797286,3.306961215082592,24.42061221216955,-37.27420511981943,3.50977365448996,1.60649069682043,,,,85.4,2762,6.2,813059,666023,650333,630105,592518,593428,669369,701538,665487,54.3,,,,,,,,66,4,Curveball,3,0,3,0,0,3,3,0,Standard,Standard,59,0,0.042,,,,-0.042,,3,3,0.967,0.967,25,31,26,31,1,3,4,1,,2,3.67,-0.45,-0.45,34.6,,,,,
CH,2025-10-02,84.3,-1.9,5.71,"Carpenter, Kerry",681481,596001,field_out,hit_into_play,,,,,11,"Kerry Carpenter grounds out, second baseman Brayan Rocchio to first baseman CJ Kayfus.",F,L,R,CLE,DET,X,4,ground_ball,2,0,2025,-1.17,0.16,-1.051048771431449,2.7046037864597716,,,,2,8,Top,144.16,143.79,,,,,4.279244183923484,-122.6527897300769,-0.8873410826616586,-12.675262476098764,25.757802756825843,-30.642333093716577,3.41,1.63,78,72.6,7,83.7,1182,6,813073,666310,692216,677587,608070,672356,680757,800050,671655,54.48,0.299,0.269,0,1,0,0,2,63,3,Changeup,1,6,6,1,6,1,6,1,Strategic,Standard,230,0.001,-0.362,69.8,8.2,0.341,0.362,88.0,-5,5,0.021,0.979,32,27,33,28,1,4,1,1,,2,3.07,1.17,-1.17,33.0,26.902464634229773,-11.05117479461743,30.390263478331203,51.09206551521339,31.570717836730054
CH,2025-10-02,86.2,-2.19,5.32,"Kwan, Steven",680757,592454,double,hit_into_play,,,,,6,Steven Kwan doubles (2) on a sharp line drive to right fielder Wenceel Pérez. Brayan Rocchio to 3rd.,F,L,R,CLE,DET,X,9,line_drive,1,0,2025,-1.05,0.31,0.3850704025445162,2.226407315871081,,,677587,1,8,Bot,202.79,117.47,,,,,8.31941635438729,-125.2501833108,-1.7256491742804445,-12.764182302979437,26.03928538783126,-28.74449431333397,3.15,1.43,276,102,17,86.8,1320,6.8,813073,693307,679529,650402,656716,595879,682985,678009,672761,53.71,0.428,0.467,1.25,1,1,1,5,66,2,Changeup,1,6,1,6,6,1,1,6,Infield shade,Standard,258,0.03,0.757,,,0.712,-0.757,102.0,-5,-5,0.024,0.024,35,27,36,28,1,3,6,1,2,,2.77,1.05,-1.05,26.3,,,,,
CU,2025-10-02,81,2.3,5.72,"Grisham, Trent",663757,571927,,called_strike,,,,,4,Called Strike,F,L,L,NYY,BOS,S,,,0,0,2025,-0.59,-0.81,-0.37941158382415724,2.6272209089009437,,669224,,2,6,Bot,,,,,,,-4.923956945649918,-117.84365664442547,1.3834403630992367,-4.510001788645452,23.909118465889822,-40.23968462128009,3.64249587799999,1.62201878730429,,,,82,2237,7.2,813065,665966,663993,663853,608324,596115,680776,678882,677800,53.35,,,,,,,,51,1,Curveball,4,0,4,0,0,4,4,0,Infield shade,Standard,327,-0.001,-0.04,,,,0.04,,4,4,0.948,0.948,34,28,34,29,1,3,1,1,,2,4.31,-0.59,-0.59,37.2,,,,,
FF,2025-10-02,99.7,-1.55,6.49,"Story, Trevor",596115,693645,field_out,hit_into_play,,,,,1,Trevor Story pops out to first baseman Ben Rice.,F,R,R,NYY,BOS,X,3,popup,2,1,2025,-0.43,1.41,-0.6472779853420041,3.1595060298351525,,,,1,1,Top,136.2,173.41,,,,,3.51090022519693,-145.02377121405206,-7.039947188236515,-6.914594428608146,37.80974077971114,-10.901307238151112,3.49,1.61,77,81.4,73,99.6,2407,6.5,813065,669224,700250,665862,642708,683011,641355,663757,592450,53.97,0.003,0.002,0,1,0,0,3,2,4,4-Seam Fastball,0,0,0,0,0,0,0,0,Strategic,Standard,205,0.018,-0.298,74.3,7.0,0.003,0.298,88.0,0,0,0.52,0.48,24,32,24,33,1,0,5,1,6,,0.91,0.43,0.43,44.0,8.612343947184176,-10.549393641654964,22.57266415790378,31.53687321258372,34.14369137187897
CU,2025-10-02,81.1,1.99,6.12,"Torkelson, Spencer",679529,682120,,called_strike,,,,,8,Called Strike,F,R,L,CLE,DET,S,,,2,1,2025,-0.63,-0.19,-0.12119720558236691,1.8957424643192393,650402,681481,,2,3,Top,,,,,,,-3.5185855823542536,-118.16308811479222,-2.527066224423548,-5.346811972224558,20.90695905379216,-33.69751932854892,3.54139051478671,1.6855046980068,,,,81.4,2243,6.3,813073,666310,692216,677587,608070,672356,680757,800050,671655,54.21,,,,,,,,20,4,Curveball,0,1,1,0,1,0,1,0,Infield shade,Standard,326,0.01,-0.064,,,,0.064,,-1,1,0.379,0.621,28,25,29,26,1,1,1,1,,2,3.62,-0.63,0.63,39.2,,,,,
ST,2025-10-02,83.6,-2.18,5.04,"McKinstry, Zach",656716,670036,,called_strike,,,,,1,Called Strike,F,L,R,CLE,DET,S,,,1,1,2025,0.97,0.19,-0.4284692283269934,3.060706721931477,679529,682985,693307,1,7,Top,,,,,,,2.1228014738669847,-121.79758735718528,1.4383871485642985,9.341937459362963,22.31921917371482,-30.761476397137095,3.35991692056167,1.51415553132612,,,,83.9,2743,6.2,813073,666310,692216,677587,608070,672356,680757,800050,671655,54.26,,,,,,,,55,3,Sweeper,1,6,6,1,6,1,6,1,Strategic,Standard,71,0.003,-0.073,,,,0.073,,-5,5,0.02,0.98,32,30,32,30,1,3,4,1,,2,3.05,-0.97,0.97,30.9,,,,,
FF,2025-10-02,96.7,-1.81,5.64,"Kwan, Steven",680757,640448,,called_strike,,,,,4,Called Strike,F,L,R,CLE,DET,S,,,1,0,2025,-0.51,1.5,-0.5641817451331779,2.3531547971689393,,,,0,6,Bot,,,,,,,4.509330652861166,-140.66472812288865,-6.6552794101705555,-7.79803682492601,31.94658680356057,-10.934085345669542,3.28897144700245,1.44846021879819,,,,97.1,2223,6.5,813073,693307,679529,650402,656716,595879,682985,678009,672761,53.95,,,,,,,,44,2,4-Seam Fastball,1,2,1,2,2,1,1,2,Standard,Standard,201,-0.008,-0.05,,,,0.05,,-1,-1,0.402,0.402,33,27,34,28,1,2,1,1,2,,0.94,0.51,-0.51,54.1,,,,,
SI,2025-10-02,97.4,-1.54,6.18,"Tatis Jr., Fernando",665487,641745,strikeout,swinging_strike,,,,,13,Fernando Tatis Jr. strikes out swinging.,F,R,R,CHC,SD,S,2,,1,2,2025,-1.32,0.6,-1.4289914543178404,2.2409667981906845,,,666023,0,8,Top,,,,,,,3.2966649131526915,-141.6433108849619,-6.360176799733051,-18.431093622643647,34.201645609783796,-22.79564685226092,3.68,1.75,,,,96.6,2102,6,813059,608348,683737,663538,807713,621020,664023,691718,673548,54.48,,0,0,1,0,0,,61,4,Sinker,3,0,0,3,0,3,0,3,Standard,Standard,211,0.028,-0.165,53.1,5.5,,0.165,,3,-3,0.897,0.10299999999999998,29,26,30,26,1,3,2,1,6,,1.82,1.32,1.32,44.1,-14.274447553014157,31.974133177579592,36.20535371268092,20.094955521998905,15.788919158853112
FF,2025-10-02,94.2,-2.26,5.28,"Stanton, Giancarlo",519317,669711,,foul,,,,,5,Foul,F,R,R,NYY,BOS,S,,,3,1,2025,-1.13,0.64,-0.1665845997610682,2.6731344431011337,,,,2,7,Bot,,,,,,,7.903519269933377,-137.07607754728775,-2.5024111036674412,-15.921594127571602,29.35675518869579,-23.78158125158304,3.81,1.85,2,59.4,-54,94.1,2293,6.1,813065,665966,663993,663853,608324,596115,680776,678882,677800,54.36,,,,,,,,57,5,4-Seam Fastball,4,0,4,0,0,4,4,0,Standard,Strategic,234,0,-0.086,79.3,8.1,,0.086,88.0,4,4,0.966,0.966,30,35,30,36,1,3,4,1,,2,1.93,1.13,1.13,21.4,7.986112494079014,9.379341420248991,24.6552271662234,39.95199806135156,18.794965719590145
FF,2025-10-02,97.3,-0.41,5.82,"Shaw, Matt",807713,669093,strikeout,swinging_strike,,,,,12,Matt Shaw strikes out swinging.,F,R,R,CHC,SD,S,2,,0,2,2025,0.01,1.51,1.4237186062830773,2.7786517658835637,608348,691718,621020,0,2,Bot,,,,,,,4.9477765929953685,-141.5489494369506,-6.205108938848538,-0.889060427174655,30.873008659030614,-10.653672065331374,3.28,1.55,,,,98.8,2171,7,813059,666023,650333,630105,592518,593428,657757,701538,665487,53.46,,0,0,1,0,0,,17,3,4-Seam Fastball,2,0,2,0,0,2,2,0,Strategic,Standard,179,-0.023,-0.204,62.6,6.5,,0.204,,2,2,0.837,0.837,26,23,27,24,1,0,2,1,,2,0.89,-0.01,-0.01,68.2,-0.7213965249267508,24.35605902783229,18.130117036986068,50.798504460946155,11.966051415634906
CH,2025-10-02,79.1,-2.56,5.86,"Greene, Riley",682985,683769,single,hit_into_play,,,,,4,Riley Greene singles on a line drive to right fielder George Valera. Wenceel Pérez scores. Spencer Torkelson to 2nd.,F,L,R,CLE,DET,X,9,line_drive,0,0,2025,-1.02,0.21,-0.37567090462334707,2.5436145611596914,672761,,679529,1,7,Top,183.25,122.21,,,,,6.760952052027269,-114.90195996050478,-0.7434927927372255,-10.353971952263814,23.10069276951134,-30.440232711198764,3.6,1.71,188,94.6,11,79.7,1504,7,813073,666310,692216,677587,608070,672356,680757,800050,671655,53.49,0.871,0.822,0.9,1,1,0,4,53,1,Changeup,1,5,5,1,6,1,6,1,Strategic,Standard,247,-0.016,0.479,65.0,7.3,1.002,-0.479,94.6,-4,4,0.043,0.957,27,24,27,25,1,3,1,1,,2,3.47,1.02,-1.02,31.2,16.856897735462123,-4.139471641299048,36.76903682854764,37.33224139067478,39.13565916389941
FF,2025-10-02,95.4,-2.02,5.86,"Carpenter, Kerry",681481,677944,,foul,,,,,11,Foul,F,L,R,CLE,DET,S,,,1,1,2025,-1.07,1.19,-0.6953766704292834,3.5498850950499055,,,,1,1,Top,,,,,,,5.8824594413119495,-138.90846374519398,-3.15747934101511,-15.133428129437982,29.446241500610643,-16.25450703724732,3.41,1.63,253,84.7,49,95.8,2498,6.4,813073,666310,692216,677587,608070,672356,680757,800050,671655,54.15,,,,,,,,2,3,4-Seam Fastball,0,0,0,0,0,0,0,0,Infield shade,Standard,219,0.004,-0.064,64.6,6.0,,0.064,88.0,0,0,0.523,0.477,26,27,26,28,1,0,6,1,,2,1.3,1.07,-1.07,38.4,4.5289598339758,27.09994377440812,27.318357767189617,46.52284058176791,8.342170389238444
FF,2025-10-02,98.8,-2.05,6.1,"Crow-Armstrong, Pete",691718,663158,,foul,,,,,1,Foul,F,L,R,CHC,SD,S,,,1,1,2025,-0.33,1.36,-0.7419148909783184,2.9368812464421534,,,608348,1,6,Bot,,,,,,,4.371266193827694,-143.75317480718118,-6.399695179240619,-5.615464022776881,34.26692911814639,-12.058565318360785,3.11,1.47,196,83.1,65,99.7,2276,6.9,813059,666023,650333,630105,592518,593428,657757,701538,665487,53.64,,,,,,,,48,3,4-Seam Fastball,2,0,2,0,0,2,2,0,Infield shade,Standard,211,-0.004,-0.056,73.8,6.6,,0.056,88.0,2,2,0.845,0.845,34,23,34,23,1,2,1,1,,2,0.98,0.33,-0.33,36.5,10.793139536880767,8.328087266333208,27.070553623946502,43.43483001331319,27.139286888192558
SL,2025-10-02,87.4,0.31,6.39,"Chisholm Jr., Jazz",665862,547973,,foul,,,,,4,Foul,F,L,L,NYY,BOS,S,,,0,2,2025,-1.2,0.15,-0.5750422225822229,2.7372182068085777,,,502671,1,8,Bot,,,,,,,0.3634956390467486,-127.17503057390348,-2.897035230078628,-12.953210243729623,30.462357461524864,-30.11918127998851,3.67,1.71,2,66.3,-56,88,2498,7,813065,665966,663993,663853,608324,596115,680776,678882,677800,53.47,,,,,,,,63,3,Slider,4,0,4,0,0,4,4,0,Infield shade,Standard,290,0,0,84.3,8.0,,0,88.0,4,4,0.987,0.987,37,27,37,27,1,3,2,1,,2,2.88,-1.2,-1.2,50.4,3.9702715743850456,-14.7812189708023,26.708914874228686,42.389928913006564,38.27199992704419
FF,2025-10-02,94.2,-1.8,5.66,"Tucker, Kyle",663656,506433,,foul,,,,,5,Foul,F,L,R,CHC,SD,S,,,1,0,2025,-0.58,1.52,0.24003143687732376,2.4578608125793417,,,663538,2,1,Bot,,,,,,,6.611286353749774,-137.00156072829031,-6.062252941021271,-8.6373455777669,27.4358066763477,-11.78093828117436,3.44,1.62,146,78.9,73,95.1,2398,6.6,813059,666023,650333,630105,592518,593428,657757,701538,665487,53.88,,,,,,,,7,2,4-Seam Fastball,0,0,0,0,0,0,0,0,Infield shade,Standard,212,-0.003,-0.05,76.8,7.8,,0.05,88.0,0,0,0.524,0.524,38,28,39,28,1,0,6,1,,2,1.03,0.58,-0.58,37.9,10.754625490293677,-8.338029714685268,38.08114199602569,36.85901382359586,23.60594806162847
SL,2025-10-02,86.8,-1.46,5.18,"Arraez, Luis",650333,694037,,called_strike,,,,,8,Called Strike,F,L,R,CHC,SD,S,,,1,0,2025,0.14,0.17,0.054529645725525905,2.005795672340431,,,,0,6,Top,,,,,,,3.365736584033222,-126.39056120355738,-1.7771834169207916,0.8654603013726552,25.007442546099412,-30.22504731167434,3.20740221053685,1.53360221141237,,,,87.5,2106,6.6,813059,608348,683737,663538,807713,621020,664023,691718,673548,53.87,,,,,,,,43,2,Slider,2,0,0,2,0,2,0,2,Standard,Standard,153,0.007,-0.05,,,,0.05,,2,-2,0.774,0.22599999999999998,25,28,25,28,1,2,2,1,4,,2.85,-0.14,0.14,27.3,,,,,
CH,2025-10-02,89.9,0.68,5.89,"Happ, Ian",664023,593974,,called_strike,,,,,14,Called Strike,F,R,L,CHC,SD,S,,,0,0,2025,1.13,0.65,0.9729746284805235,2.372225773966798,,,,2,5,Bot,,,,,,,-1.6399228571505948,-130.9161662577617,-4.142511011603953,13.341225171120984,25.61997227795294,-24.01932632331625,3.6286159737824,1.66867880880416,,,,89.4,2236,5.8,813059,666023,650333,630105,592518,593428,657757,701538,665487,54.72,,,,,,,,41,1,Changeup,2,0,2,0,0,2,2,0,Standard,Standard,127,-0.001,-0.043,,,,0.043,,2,2,0.786,0.786,33,30,34,31,1,2,2,1,,2,2.15,1.13,-1.13,34.7,,,,,
SL,2025-10-02,86.8,2.92,5.46,"Stanton, Giancarlo",519317,813349,,ball,,,,,13,Ball,F,R,L,NYY,BOS,B,,,0,0,2025,0.04,0.55,-1.1213091049071289,2.4927879787541745,,,,0,2,Bot,,,,,,,-9.84209755307946,-126.0955120661964,-2.0186575438493066,2.449580043356375,25.647013104024698,-26.08480803457133,3.90682728954942,1.91464113300952,,,,87.6,2242,6.9,813065,665966,663993,663853,608324,596115,680776,678882,677800,53.62,,,,,,,,11,1,Slider,0,0,0,0,0,0,0,0,Standard,Standard,127,0.004,0.041,,,,-0.041,,0,0,0.551,0.551,23,35,23,36,1,0,5,1,,2,2.48,0.04,-0.04,26.6,,,,,
FF,2025-10-02,95.8,-1.97,5.82,"Carpenter, Kerry",681481,677944,,foul,,,,,4,Foul,F,L,R,CLE,DET,S,,,1,0,2025,-0.92,1.35,-0.319179191228113,2.725210799801228,,,,1,1,Top,,,,,,,6.426955172949045,-139.36421354182892,-5.626197293369589,-13.464673734449896,30.30354180943453,-13.426274423063703,3.41,1.63,263,99.6,16,95.9,2490,6.3,813073,666310,692216,677587,608070,672356,680757,800050,671655,54.23,,,,,,,,2,2,4-Seam Fastball,0,0,0,0,0,0,0,0,Infield shade,Standard,224,0.003,-0.049,61.3,5.7,,0.049,99.6,0,0,0.52,0.48,26,27,26,28,1,0,6,1,,2,1.12,0.92,-0.92,38.1,-1.476326442387822,42.00319123225876,35.061596573569325,42.57383114092622,0.31963621557506894
SL,2025-10-02,81.6,-2.18,5.78,"Carpenter, Kerry",681481,596001,,ball,,,,,11,Ball,F,L,R,CLE,DET,B,,,1,0,2025,1.07,0.01,-1.213639609044601,3.3928050861538233,,,,2,8,Top,,,,,,,0.12940963616041468,-118.91516612005347,1.1365272429774251,10.12221951400533,22.149528634517367,-32.493366150948354,3.53136294853919,1.6053861241315,,,,81.4,2388,6,813073,666310,692216,677587,608070,672356,680757,800050,671655,54.53,,,,,,,,63,2,Slider,1,6,6,1,6,1,6,1,Strategic,Standard,63,0,0.065,,,,-0.065,,-5,5,0.021,0.979,32,27,33,28,1,4,1,1,,2,3.39,-1.07,1.07,30.8,,,,,
CH,2025-10-02,86.6,-2.25,5.44,"Kwan, Steven",680757,592454,,ball,,,,,11,Ball,F,L,R,CLE,DET,B,,,0,0,2025,-1.05,0.6,-1.5547406497616483,3.567478404894105,,,677587,1,8,Bot,,,,,,,3.8226281274517167,-126.05817757332649,0.48250303354030843,-11.997233053285388,25.02619343227078,-26.032609264182657,3.25651190413609,1.48571556769256,,,,87.2,1314,6.6,813073,693307,679529,650402,656716,595879,682985,678009,672761,53.88,,,,,,,,66,1,Changeup,1,6,1,6,6,1,1,6,Infield shade,Standard,253,0.002,0.035,,,,-0.035,,-5,-5,0.022,0.022,35,27,36,28,1,3,6,1,2,,2.43,1.05,-1.05,30.9,,,,,
SL,2025-10-02,88.8,-2.4,5.11,"Swanson, Dansby",621020,688158,,swinging_strike,,,,,14,Swinging Strike,F,R,R,CHC,SD,S,,,1,1,2025,0.33,0.15,0.952196017461267,1.9474151591127935,,,,2,8,Bot,,,,,,,7.454034477967271,-129.2725607927974,-2.023922173855217,2.233644310600417,25.878392428556033,-30.305494308227342,3.59,1.69,,,,88.3,2440,5.9,813059,666023,650333,630105,592518,593428,669369,701538,665487,54.62,,,,,,,,66,3,Slider,3,0,3,0,0,3,3,0,Standard,Standard,111,0,-0.062,69.2,8.5,,0.062,,3,3,0.967,0.967,25,31,26,31,1,3,4,1,,2,2.73,-0.33,-0.33,25.4,20.18144095800521,-21.219902338986497,34.261705516692196,48.93775748989641,39.4476645826425
KC,2025-10-02,78.7,-2.71,5.18,"Ramírez, José",608070,656427,,ball,,,,,14,Ball,F,L,R,CLE,DET,B,,,0,0,2025,1.01,-0.71,0.0746401930854298,1.2977955136924342,,,,2,1,Bot,,,,,,,4.195699125193917,-114.65037303340415,-0.27818241493114204,8.144116136996168,21.271253402546133,-38.58663614840465,3.33498711440787,1.50918373022418,,,,79.2,2431,6.6,813073,693307,679529,650402,656716,595879,682985,678009,672761,53.88,,,,,,,,7,1,Knuckle Curve,0,0,0,0,0,0,0,0,Standard,Standard,62,0.001,0.037,,,,-0.037,,0,0,0.51,0.51,29,32,30,33,1,0,8,1,5,,4.38,-1.01,1.01,23.1,,,,,
ST,2025-10-02,83.9,-1.13,5.94,"Rosario, Amed",642708,686580,,foul,,,,,8,Foul,F,R,R,NYY,BOS,S,,,1,2,2025,1.58,-0.04,0.22711891898072722,1.7652939406692356,,,,2,5,Bot,,,,,,,0.011909639811294781,-122.11756921881158,-3.1203629437276774,15.667543597850141,26.711537274120765,-32.08609383138252,3.49,1.62,,,,84.1,2530,6.7,813065,665966,663993,663853,608324,596115,680776,678882,677800,53.81,,,,,,,,43,5,Sweeper,4,0,4,0,0,4,4,0,Standard,Standard,58,0,0,75.6,7.8,,0,,4,4,0.92,0.92,27,29,28,30,1,2,1,2,,5,3.3,-1.58,-1.58,47.8,8.188492639755648,-11.796050899912187,30.438685831243262,34.36366310186473,40.9240303581117
SI,2025-10-02,95.4,-2.25,5.14,"Stanton, Giancarlo",519317,669711,,called_strike,,,,,7,Called Strike,F,R,R,NYY,BOS,S,,,3,0,2025,-1.5,0.12,-0.2846236844417862,2.1019710203260806,,,,2,7,Bot,,,,,,,8.486194998292085,-138.7202686992959,-2.587049652882505,-21.323087528612152,31.75260023506092,-30.27243021304374,3.90682728954942,1.8614546971227,,,,94.5,2058,5.9,813065,665966,663993,663853,608324,596115,680776,678882,677800,54.62,,,,,,,,57,4,Sinker,4,0,4,0,0,4,4,0,Standard,Strategic,241,-0.001,-0.07,,,,0.07,,4,4,0.967,0.967,30,35,30,36,1,3,4,1,,2,2.4,1.5,1.5,14.6,,,,,
SL,2025-10-02,90.1,0.15,6.1,"Cronenworth, Jake",630105,573204,,ball,,,,,13,Ball,F,L,L,CHC,SD,B,,,0,2,2025,-0.2,0.66,-1.8321354873349183,1.9143593194746997,,,657757,1,5,Top,,,,,,,-4.511109721998032,-131.11076384067755,-5.898857624181721,-1.4441079829494368,25.829380126332936,-23.505401101239606,3.29796516402602,1.55471763709328,,,,90.6,2334,6.4,813059,608348,683737,663538,807713,621020,664023,691718,673548,54.06,,,,,,,,36,3,Slider,2,0,0,2,0,2,0,2,Infield shade,Standard,193,-0.004,0.01,,,,-0.01,,2,-2,0.762,0.238,38,31,38,31,1,1,1,1,6,,2.13,-0.2,-0.2,52.5,,,,,
SI,2025-10-02,97.4,-1.43,6.21,"Tatis Jr., Fernando",665487,641745,,swinging_strike,,,,,13,Swinging Strike,F,R,R,CHC,SD,S,,,1,1,2025,-1.3,0.63,-0.7020449013603596,1.4630094054893512,,,666023,0,8,Top,,,,,,,4.904878331219679,-141.6057937282891,-8.600292336071476,-18.645334872974512,33.42059671666862,-21.838514666958943,3.68,1.75,,,,96.7,2225,6,813059,608348,683737,663538,807713,621020,664023,691718,673548,54.48,,,,,,,,61,3,Sinker,3,0,0,3,0,3,0,3,Standard,Standard,202,0.01,-0.07,70.4,6.7,,0.07,,3,-3,0.887,0.11299999999999999,29,26,30,26,1,3,2,1,6,,1.78,1.3,1.3,42.5,-5.789629994020583,16.660393522815685,36.55198148821722,29.086763998781596,16.51255019070682
SI,2025-10-02,94.5,2.29,5.67,"Wells, Austin",669224,571927,force_out,hit_into_play,,,,,7,"Austin Wells grounds into a force out, first baseman Nathaniel Lowe to shortstop Trevor Story. Jazz Chisholm Jr. out at 2nd. Austin Wells advances to 2nd, on a throwing error by shortstop Trevor Story.",F,L,L,NYY,BOS,X,3,ground_ball,0,1,2025,1.45,0.89,-0.36088347923192643,1.94757169277492,,,665862,1,6,Bot,155.8,170.11,,,,,-10.255033151241555,-137.16059316872298,-6.017807426383779,20.608980422772838,30.435676563409757,-19.770953296685907,3.54,1.63,3,80.7,-35,95.5,2098,7,813065,665966,663993,663853,608324,596115,680776,678882,677800,53.5,0.043,0.043,0,1,0,0,2,50,2,Sinker,4,0,4,0,0,4,4,0,Infield shade,Standard,123,-0.002,-0.278,75.2,8.0,0.043,0.278,88.0,4,4,0.95,0.95,34,25,34,26,1,2,1,1,,2,1.68,1.45,1.45,34.3,10.83937587275044,1.7996655907583539,31.55891226987352,39.47494461132277,26.05705719125948
FF,2025-10-02,94.8,-1.9,5.68,"Tucker, Kyle",663656,506433,,ball,,,,,11,Ball,F,L,R,CHC,SD,B,,,0,0,2025,-0.54,1.35,-1.86847709673852,2.660229209972551,,,663538,2,1,Bot,,,,,,,1.300319378505161,-138.1210868951467,-5.3518866292289955,-7.1897760053330835,27.186424099703814,-13.856536975535523,3.52692062452551,1.63828992087195,,,,95.9,2392,6.6,813059,666023,650333,630105,592518,593428,657757,701538,665487,53.88,,,,,,,,7,1,4-Seam Fastball,0,0,0,0,0,0,0,0,Infield shade,Standard,215,0.002,0.035,,,,-0.035,,0,0,0.522,0.522,38,28,39,28,1,0,6,1,,2,1.15,0.54,-0.54,38.3,,,,,
CH,2025-10-02,84,-1.57,6.13,"Arraez, Luis",650333,592791,,foul,,,,,4,Foul,F,L,R,CHC,SD,S,,,2,2,2025,-0.94,0.83,-0.2987326323043751,2.4318514941378258,,,,1,1,Top,,,,,,,4.837567632078457,-122.3247669600487,-3.8563341954786727,-10.373446952951262,23.624415115228306,-23.253467001359088,3.22,1.54,236,77,35,84.6,1663,6.6,813059,608348,683737,663538,807713,621020,664023,691718,673548,53.88,,,,,,,,2,6,Changeup,0,0,0,0,0,0,0,0,Standard,Standard,234,0,0,63.8,5.4,,0,88.0,0,0,0.524,0.476,33,28,34,28,1,0,5,1,6,,2.39,0.94,-0.94,40.9,-1.1607973699161402,18.235782016206528,36.56190899956628,40.309704488547865,26.627973055535893
KC,2025-10-02,85.1,1.95,6.16,"Iglesias, Jose",578428,519141,,swinging_strike,,,,,7,Swinging Strike,F,R,L,CHC,SD,S,,,1,1,2025,-0.43,-0.99,-0.43851337627238585,1.6176539307076747,,593428,,1,7,Top,,,,,,,-4.685752354906184,-123.87605378499117,-2.3094502623379367,-3.4051706690126773,26.335102281428465,-42.082185507958435,3.27,1.45,,,,84,2324,5.7,813059,608348,683737,663538,807713,621020,664023,691718,673548,54.84,,,,,,,,53,3,Knuckle Curve,2,0,0,2,0,2,0,2,Standard,Standard,334,0.013,-0.061,75.1,6.8,,0.061,,2,-2,0.793,0.20699999999999996,36,35,37,35,1,0,2,1,4,,4.15,-0.43,0.43,38.4,-0.47033858354814284,2.6779888837788643,36.797121628755946,30.972516686070556,23.86090307116038
SI,2025-10-02,98.7,-1.71,6.33,"Story, Trevor",596115,693645,,called_strike,,,,,9,Called Strike,F,R,R,NYY,BOS,S,,,2,0,2025,-1.2,0.78,0.4018708178976935,1.7589120221128043,,,,1,1,Top,,,,,,,8.53667474043526,-143.24195492475945,-8.762606834191656,-18.548106715082373,34.807330983454655,-19.490461962672487,3.53666638517102,1.6752398983233,,,,98.4,2309,6.4,813065,669224,700250,665862,642708,683011,641355,663757,592450,54.09,,,,,,,,2,3,Sinker,0,0,0,0,0,0,0,0,Strategic,Standard,204,0.005,-0.066,,,,0.066,,0,0,0.515,0.485,24,32,24,33,1,0,5,1,6,,1.58,1.2,1.2,40.9,,,,,
FF,2025-10-02,96,-1.93,5.64,"Kwan, Steven",680757,640448,,ball,,,,,11,Ball,F,L,R,CLE,DET,B,,,0,0,2025,-0.69,1.4,-1.6567266252778414,2.437891854702719,,,,0,6,Bot,,,,,,,2.297893394634811,-139.68875490656467,-6.076865482855335,-9.519003837954983,31.422082361447497,-12.689139302106028,3.31270691029838,1.4885134165676,,,,96.6,2267,6.6,813073,693307,679529,650402,656716,595879,682985,678009,672761,53.87,,,,,,,,44,1,4-Seam Fastball,1,2,1,2,2,1,1,2,Standard,Standard,211,0.006,0.041,,,,-0.041,,-1,-1,0.396,0.396,33,27,34,28,1,2,1,1,2,,1.07,0.69,-0.69,52.1,,,,,
FF,2025-10-02,97,-0.54,5.87,"Shaw, Matt",807713,669093,,foul,,,,,6,Foul,F,R,R,CHC,SD,S,,,0,1,2025,-0.07,1.48,0.7918339187005593,2.70330999374361,608348,691718,621020,0,2,Bot,,,,,,,3.784712213667307,-141.2638342226155,-6.463688447790441,-1.8013164045407217,29.636626286998677,-11.107431099197894,3.28,1.55,271,78.8,42,98.8,2188,7.1,813059,666023,650333,630105,592518,593428,657757,701538,665487,53.4,,,,,,,,17,2,4-Seam Fastball,2,0,2,0,0,2,2,0,Strategic,Standard,188,-0.01,-0.061,68.8,6.3,,0.061,88.0,2,2,0.847,0.847,26,23,27,24,1,0,2,1,,2,0.93,0.07,0.07,65.7,-1.5160007997220002,19.9068127147578,21.46157758749336,42.71363050101178,20.24347369372807
FC,2025-10-02,90.7,-2.15,5.32,"McKinstry, Zach",656716,670036,,ball,,,,,11,Ball,F,L,R,CLE,DET,B,,,0,1,2025,0.34,0.48,-1.7287800612023316,3.8381833603881126,679529,682985,693307,1,7,Top,,,,,,,0.31644686887066387,-132.3422603359591,1.0632586448924493,4.0346329370552185,23.067741637375743,-26.756998514256065,3.37684253706877,1.56167236748455,,,,91.8,2564,6.4,813073,666310,692216,677587,608070,672356,680757,800050,671655,54.09,,,,,,,,55,2,Cutter,1,6,6,1,6,1,6,1,Strategic,Standard,158,-0.001,0.034,,,,-0.034,,-5,5,0.021,0.979,32,30,32,30,1,3,4,1,,2,2.23,-0.34,0.34,35.3,,,,,
SI,2025-10-02,95.8,0.27,6.17,"Hoerner, Nico",663538,593974,grounded_into_double_play,hit_into_play,,,,,4,"Nico Hoerner grounds into a double play, shortstop Xander Bogaerts to second baseman Jake Cronenworth to first baseman Luis Arraez. Michael Busch out at 2nd. Nico Hoerner out at 1st.",F,R,L,CHC,SD,X,6,ground_ball,2,1,2025,1.21,0.58,-0.4139612434944082,2.380964273120334,,,683737,0,5,Bot,115.01,150.06,,,,,-4.48746805381628,-139.49811768726093,-5.724366373555885,16.78955941146205,28.707235098075536,-23.51138926696504,3.33,1.59,10,100.1,-13,95.2,2116,5.7,813059,666023,650333,630105,592518,593428,657757,701538,665487,54.79,0.284,0.256,0,1,0,0,2,40,4,Sinker,2,0,2,0,0,2,2,0,Standard,Standard,135,-0.051,-0.372,69.2,6.6,0.308,0.372,100.1,2,2,0.837,0.837,33,28,34,28,1,2,2,1,,2,1.88,1.21,-1.21,43.8,-3.7268165842516914,8.543608323209222,35.256174125778415,34.974799512974386,21.396091294828715
FF,2025-10-02,95.3,-2.7,5.85,"Crow-Armstrong, Pete",691718,650633,strikeout,swinging_strike,,,,,11,Pete Crow-Armstrong strikes out swinging.,F,L,R,CHC,SD,S,2,,3,2,2025,-0.68,1.2,-0.35840128373165403,3.6588236091181967,,,608348,0,4,Bot,,,,,,,7.636037640838443,-138.6989893103579,-2.837878118053684,-10.456287687250697,28.84000910944474,-16.154768304048066,3.11,1.47,,,,95,2462,5.9,813059,666023,650333,630105,592518,593428,657757,701538,665487,54.55,,0,0,1,0,0,,31,7,4-Seam Fastball,2,0,2,0,0,2,2,0,Infield shade,Standard,223,-0.027,-0.315,71.6,5.9,,0.315,,2,2,0.814,0.814,30,23,30,23,1,1,5,1,,2,1.29,0.68,-0.68,33.6,10.693697889250409,14.03337015096553,24.352049276415677,39.48261814916848,25.307063786440345
CU,2025-10-02,81.5,1.95,5.99,"Torkelson, Spencer",679529,682120,,blocked_ball,,,,,13,Ball In Dirt,F,R,L,CLE,DET,B,,,1,1,2025,-0.59,-0.36,-0.43891079760044344,-0.7121634226599367,650402,681481,,2,3,Top,,,,,,,-4.223703233884927,-118.44965869280692,-7.729964131989579,-4.71215357863867,23.42100799964547,-34.25843048143194,3.56193845370648,1.7073558197895,,,,81.4,2300,6.4,813073,666310,692216,677587,608070,672356,680757,800050,671655,54.12,,,,,,,,20,3,Curveball,0,1,1,0,1,0,1,0,Standard,Standard,331,-0.004,0.022,,,,-0.022,,-1,1,0.383,0.617,28,25,29,26,1,1,1,1,,2,3.81,-0.59,0.59,37.6,,,,,
FF,2025-10-02,100.3,0.48,6.25,"Chisholm Jr., Jazz",665862,547973,,swinging_strike,,,,,2,Swinging Strike,F,L,L,NYY,BOS,S,,,0,1,2025,0.14,1.61,0.26757195186254934,3.6830647589092154,,,502671,1,8,Bot,,,,,,,-0.9374784135953045,-145.89120177275166,-5.560249881994435,2.2611189325446346,37.62514652037423,-8.159366537927333,3.67,1.71,,,,101.1,2518,7,813065,665966,663993,663853,608324,596115,680776,678882,677800,53.54,,,,,,,,63,2,4-Seam Fastball,4,0,4,0,0,4,4,0,Standard,Standard,164,-0.001,-0.047,76.7,7.0,,0.047,,4,4,0.988,0.988,37,27,37,27,1,3,2,1,,2,0.68,0.14,0.14,46.2,13.558120001691226,1.7723206237128977,27.88342100759453,32.11916718155325,23.251542850787196
FF,2025-10-02,96.8,-1.92,5.73,"Ramírez, José",608070,676684,,called_strike,,,,,5,Called Strike,F,L,R,CLE,DET,S,,,3,0,2025,-0.43,1.32,-0.05916675464341897,2.4025719050038497,677587,680757,,2,8,Bot,,,,,,,5.939266553702808,-140.79672176208194,-6.335966646705485,-7.060222696021957,32.663894296361086,-13.296738528416748,3.47781676400679,1.55060914335949,,,,96.8,2263,6.3,813073,693307,679529,650402,656716,595879,682985,678009,672761,54.16,,,,,,,,68,4,4-Seam Fastball,1,6,1,6,6,1,1,6,Infield shade,Standard,206,-0.003,-0.018,,,,0.018,,-5,-5,0.031,0.031,30,32,30,33,1,3,2,1,2,,1.11,0.43,-0.43,52.6,,,,,
FF,2025-10-02,99,-1.91,6.11,"Crow-Armstrong, Pete",691718,663158,,foul,,,,,12,Foul,F,L,R,CHC,SD,S,,,1,0,2025,-0.25,1.42,0.5688091338564807,3.4183816382591905,,,608348,1,6,Bot,,,,,,,7.465047234606704,-143.96402853297036,-5.304896607336589,-5.289611904348772,33.74216480842164,-11.308718492029437,3.11,1.47,274,80.4,35,100.2,2420,7,813059,666023,650333,630105,592518,593428,657757,701538,665487,53.52,,,,,,,,48,2,4-Seam Fastball,2,0,2,0,0,2,2,0,Infield shade,Standard,209,-0.003,-0.056,74.7,6.6,,0.056,88.0,2,2,0.848,0.848,34,23,34,23,1,2,1,1,,2,0.91,0.25,-0.25,39.5,19.291780454159387,-17.365847214598144,23.479571220616926,28.421891355318735,37.077439108156916
FF,2025-10-02,92.3,0.52,5.83,"Dingler, Dillon",693307,676282,,foul,,,,,1,Foul,F,R,L,CLE,DET,S,,,3,1,2025,0.53,1.42,-0.7292036635797401,3.022954978096612,,,682985,0,4,Top,,,,,,,-4.419940287599291,-134.40762106493958,-4.509627593820671,7.32328250453903,27.917422342986118,-14.206718546436845,3.37,1.51,117,52.4,22,94.4,1857,7.4,813073,666310,692216,677587,608070,672356,680757,800050,671655,53.13,,,,,,,,25,5,4-Seam Fastball,0,1,1,0,1,0,1,0,Infield shade,Standard,156,0.013,-0.081,62.2,5.4,,0.081,88.0,-1,1,0.32,0.6799999999999999,25,26,26,27,1,1,5,1,,2,1.25,0.53,-0.53,55.0,-19.367239254676065,24.598361821515752,48.76025324734103,27.06386836805241,13.207062689924335
FF,2025-10-02,98.7,-1.22,5.34,"Arraez, Luis",650333,694037,,ball,,,,,1,Ball,F,L,R,CHC,SD,B,,,0,0,2025,-0.87,1.25,-0.6849201205988315,3.498081665883478,,,,0,6,Top,,,,,,,3.501764324395946,-143.72170215317743,-2.5123805822476104,-12.852550384861368,32.21337568843887,-14.434903519923349,3.37754025452767,1.57135920683093,,,,99.8,2253,6.8,813059,608348,683737,663538,807713,621020,664023,691718,673548,53.71,,,,,,,,43,1,4-Seam Fastball,2,0,0,2,0,2,0,2,Standard,Standard,230,-0.005,0.041,,,,-0.041,,2,-2,0.779,0.22099999999999997,25,28,25,28,1,2,2,1,4,,1.08,0.87,-0.87,30.9,,,,,
FF,2025-10-02,94.7,-2.51,6.38,"Torkelson, Spencer",679529,683769,single,hit_into_play,,,,,1,Spencer Torkelson singles on a line drive to left fielder Steven Kwan. Kerry Carpenter scores. Wenceel Pérez to 3rd.,F,R,R,CLE,DET,X,7,line_drive,0,1,2025,-0.4,1.53,-0.35601522475004577,3.561470061294486,681481,,672761,1,7,Top,48.39,118.13,,,,,6.576703295574996,-137.63304538967375,-5.059310399882074,-6.6477181916308705,34.17526332486508,-11.900214561635627,3.5,1.64,230,92.1,16,95.2,2255,6.9,813073,666310,692216,677587,608070,672356,680757,800050,671655,53.59,0.846,0.823,0.9,1,1,0,4,52,2,4-Seam Fastball,1,4,4,1,5,1,5,1,Infield shade,Strategic,204,-0.039,0.52,70.5,7.2,1.033,-0.52,92.1,-3,3,0.082,0.918,27,25,27,26,1,3,1,1,,2,1.05,0.4,0.4,35.9,17.97674175275756,-18.98317666349524,21.917539298812063,32.74664565842891,36.63735017713993
CU,2025-10-02,78.4,-1.86,5.94,"Rafaela, Ceddanne",678882,670280,,called_strike,,,,,2,Called Strike,F,R,R,NYY,BOS,S,,,0,0,2025,0.65,-0.87,0.170224738135911,3.4492400619807233,,,807799,1,9,Top,,,,,,,3.1988909488917523,-114.01917995030675,3.180537963075895,4.929617968311885,23.570648023634813,-40.56382085051551,3.48373166280591,1.56879057879124,,,,78.1,2469,6.4,813065,669224,502671,665862,641857,683011,641355,663757,592450,54.12,,,,,,,,67,1,Curveball,4,0,0,4,0,4,0,4,Standard,Standard,50,0.002,-0.04,,,,0.04,,4,-4,0.985,0.015000000000000013,30,24,31,25,1,3,1,1,5,,4.62,-0.65,-0.65,37.4,,,,,
SL,2025-10-02,85.5,-1.41,6.31,"Tatis Jr., Fernando",665487,641745,,swinging_strike,,,,,14,Swinging Strike,F,R,R,CHC,SD,S,,,1,0,2025,0.54,-0.99,0.05448888882251274,1.405873982081944,,,666023,0,8,Top,,,,,,,2.3566475293461773,-124.49607553127973,-3.3007396119872814,5.122084825474077,24.402779731162557,-42.04522602922358,3.68,1.75,,,,85,2791,5.9,813059,608348,683737,663538,807713,621020,664023,691718,673548,54.63,,,,,,,,61,2,Slider,3,0,0,3,0,3,0,3,Standard,Standard,44,0.01,-0.048,73.1,7.1,,0.048,,3,-3,0.877,0.123,29,26,30,26,1,3,2,1,6,,4.1,-0.54,-0.54,45.1,2.587917076767621,3.8500038378883388,29.529304631932327,38.03734188802999,29.899657218216216
FF,2025-10-02,97,-2.42,5.84,"Greene, Riley",682985,671922,field_out,hit_into_play,,,,,6,"Riley Greene grounds out, third baseman José Ramírez to first baseman CJ Kayfus.",F,L,R,CLE,DET,X,5,ground_ball,0,0,2025,-0.89,1.15,0.5049574241283122,2.7524097567547683,,,,2,9,Top,109.23,168.59,,,,,10.062207237839464,-140.92529208908036,-5.45480283786468,-14.17240469408006,31.4560118206085,-15.712110796446277,3.6,1.71,6,80.9,-25,99,2150,7.4,813073,666310,692216,677587,608070,672356,680757,800050,671655,53.08,0.045,0.044,0,1,0,0,2,71,1,4-Seam Fastball,3,6,6,3,6,3,6,3,Strategic,Standard,211,0.002,-0.26,65.2,5.2,0.046,0.26,88.0,-3,3,0.041,0.959,26,24,26,25,1,4,1,1,,2,1.27,0.89,-0.89,38.3,-27.957614909107505,22.518879466703492,57.11261064610227,25.534351018608838,17.25282009756128
FF,2025-10-02,92.9,-2.22,4.96,"McKinstry, Zach",656716,670036,,called_strike,,,,,6,Called Strike,F,L,R,CLE,DET,S,,,0,0,2025,-0.1,1.23,0.391947569565101,2.482790674206832,679529,682985,693307,1,7,Top,,,,,,,6.9310201919037215,-135.17180592203647,-3.3082382845788474,-2.6202980648983405,26.992772670847238,-16.515730614722667,3.32421217806939,1.51631080938276,,,,93.6,2598,6.5,813073,666310,692216,677587,608070,672356,680757,800050,671655,53.97,,,,,,,,55,1,4-Seam Fastball,1,6,6,1,6,1,6,1,Strategic,Standard,208,0.001,-0.05,,,,0.05,,-5,5,0.02,0.98,32,30,32,30,1,3,4,1,,2,1.39,0.1,-0.1,31.0,,,,,
KC,2025-10-02,76.9,-2.66,5.2,"Valera, George",671655,656427,field_out,hit_into_play,,,,,7,"George Valera grounds out, third baseman Zach McKinstry to first baseman Spencer Torkelson.",F,L,R,CLE,DET,X,5,ground_ball,1,1,2025,1.04,-0.41,-0.7046812445889583,2.094261477154471,,,,1,1,Bot,105.47,165.73,,,,,2.269342107142572,-111.99885511261093,1.102931295091016,8.424066988590015,19.286322544036828,-35.99214938721681,3.47,1.57,5,58.7,-27,77.3,2361,6.4,813073,693307,679529,650402,656716,595879,682985,678009,672761,54.07,0.049,0.048,0,1,0,0,1,6,3,Knuckle Curve,0,0,0,0,0,0,0,0,Infield shade,Standard,60,-0.015,-0.244,70.7,7.8,0.049,0.244,88.0,0,0,0.525,0.525,29,24,30,25,1,0,8,1,5,,4.24,-1.04,1.04,24.1,14.172746640667578,-29.76489977174067,19.19720963306486,45.72937916260467,56.590178033893814
CH,2025-10-02,89.6,0.69,5.89,"Hoerner, Nico",663538,593974,,ball,,,,,12,Ball,F,R,L,CHC,SD,B,,,1,1,2025,1.14,0.33,1.4282818830068118,3.023641889136501,,,683737,0,5,Bot,,,,,,,-0.5732882033009474,-130.51720977077537,-1.8147617710665187,13.182480816801263,26.097876449165415,-28.17979869464586,3.33089518837711,1.5333703037896,,,,88.8,2226,5.7,813059,666023,650333,630105,592518,593428,657757,701538,665487,54.85,,,,,,,,40,3,Changeup,2,0,2,0,0,2,2,0,Standard,Standard,126,0.004,0.044,,,,-0.044,,2,2,0.833,0.833,33,28,34,28,1,2,2,1,,2,2.49,1.14,-1.14,38.8,,,,,
FF,2025-10-02,95.1,2.61,5.64,"Bellinger, Cody",641355,813349,field_out,hit_into_play,,,,,4,"Cody Bellinger grounds out, shortstop Trevor Story to first baseman Nathaniel Lowe.",F,L,L,NYY,BOS,X,6,ground_ball,0,0,2025,0.84,1.27,-0.675438387555239,2.6790073047300353,,,,2,1,Bot,119.46,138.75,,,,,-10.633329735941777,-137.93712508649799,-4.971121445118633,13.180054607018569,32.3349340000313,-15.036903519321337,3.81,1.78,100,98.4,3,96,2277,7.1,813065,665966,663993,663853,608324,596115,680776,678882,677800,53.37,0.443,0.413,0,1,0,0,4,6,1,4-Seam Fastball,0,0,0,0,0,0,0,0,Infield shade,Standard,131,-0.01,-0.26,70.3,7.7,0.508,0.26,98.4,0,0,0.51,0.51,23,29,23,30,1,0,5,1,,2,1.28,0.84,0.84,33.5,13.66147048186715,9.516396450690749,27.755100030183673,40.340892942702425,23.81126262204263
FF,2025-10-02,100,-1.76,6.45,"Story, Trevor",596115,693645,,ball,,,,,11,Ball,F,R,R,NYY,BOS,B,,,1,0,2025,-0.34,1.35,-0.2744807414175876,4.551740891845673,,,,1,1,Top,,,,,,,4.9071384078658,-145.4473927049446,-3.0060617832069187,-6.104536990354397,36.60395552949951,-12.529180774224658,3.5102006677807,1.64863024387784,,,,99.7,2374,6.3,813065,669224,700250,665862,642708,683011,641355,663757,592450,54.2,,,,,,,,2,2,4-Seam Fastball,0,0,0,0,0,0,0,0,Strategic,Standard,207,-0.005,0.071,,,,-0.071,,0,0,0.52,0.48,24,32,24,33,1,0,5,1,6,,0.94,0.34,0.34,43.2,,,,,
CH,2025-10-02,88.5,-2.15,5.7,"Carpenter, Kerry",681481,677944,,ball,,,,,13,Ball,F,L,R,CLE,DET,B,,,0,0,2025,-1.21,0.32,-0.4024582713454852,1.2733261458363283,,,,1,1,Top,,,,,,,6.822422178775044,-128.7956575728437,-5.4915858630326,-14.820374247374273,24.21889121393739,-27.765953260738897,3.54901457434924,1.65913934774408,,,,89.4,1877,6.7,813073,666310,692216,677587,608070,672356,680757,800050,671655,53.85,,,,,,,,2,1,Changeup,0,0,0,0,0,0,0,0,Infield shade,Standard,236,-0.002,0.039,,,,-0.039,,0,0,0.522,0.478,26,27,26,28,1,0,6,1,,2,2.57,1.21,-1.21,33.9,,,,,
FF,2025-10-02,94.8,-2.59,6.26,"Torkelson, Spencer",679529,683769,,foul,,,,,12,Foul,F,R,R,CLE,DET,S,,,0,0,2025,-0.27,1.55,0.060185667950503896,3.7741748352948474,681481,,672761,1,7,Top,,,,,,,7.644908910243325,-137.81795978622316,-4.290123658437851,-5.29545925397666,32.89217759886283,-11.695225063493982,3.5,1.64,86,86.7,88,95.7,2115,7,813073,666310,692216,677587,608070,672356,680757,800050,671655,53.49,,,,,,,,52,1,4-Seam Fastball,1,4,4,1,4,1,4,1,Standard,Strategic,206,0.004,-0.041,71.6,7.4,,0.041,88.0,-3,3,0.078,0.922,27,25,27,26,1,3,1,1,,2,1.01,0.27,0.27,34.3,14.824487498021316,-13.355072715745457,20.71358428224677,37.82535820816727,32.95097367548916
FF,2025-10-02,98,-2.11,6.15,"Crow-Armstrong, Pete",691718,663158,,ball,,,,,11,Ball,F,L,R,CHC,SD,B,,,0,0,2025,-0.61,1.49,-1.3823842215755775,3.452143328757187,,,608348,1,6,Bot,,,,,,,3.4189072648567818,-142.634246417802,-5.301271206665202,-9.105844520171267,32.74904648933715,-10.76081082135886,3.12665455414532,1.48256985450921,,,,99,2276,6.8,813059,666023,650333,630105,592518,593428,657757,701538,665487,53.67,,,,,,,,48,1,4-Seam Fastball,2,0,2,0,0,2,2,0,Infield shade,Standard,211,0.002,0.035,,,,-0.035,,2,2,0.846,0.846,34,23,34,23,1,2,1,1,,2,0.88,0.61,-0.61,38.0,,,,,
CH,2025-10-02,89.1,-2.5,5.37,"Rocchio, Brayan",677587,592454,single,hit_into_play,,,,,8,Brayan Rocchio singles on a ground ball to right fielder Wenceel Pérez.,F,L,R,CLE,DET,X,9,ground_ball,2,1,2025,-1.09,0.16,-0.22402243292964497,1.8462728737007388,,,,1,8,Bot,168.97,124.55,,,,,7.947011002753191,-129.4993038078116,-2.9463023422244174,-13.98657686716244,27.26447106190204,-29.99340887410435,3.09,1.41,44,102.4,0,89.7,1332,6.8,813073,693307,679529,650402,656716,595879,682985,678009,672761,53.74,0.433,0.39,0.9,1,1,0,4,65,4,Changeup,1,6,1,6,6,1,1,6,Standard,Standard,252,0.008,0.37,73.9,7.3,0.456,-0.37,102.4,-5,-5,0.014,0.014,35,24,36,24,1,2,6,1,2,,2.72,1.09,-1.09,29.4,8.586406406437906,-1.8315451212628984,34.76596593447693,32.48954543735281,34.65968827682729
FF,2025-10-02,95.5,-0.02,6.18,"Cronenworth, Jake",630105,573204,,foul,,,,,9,Foul,F,L,L,CHC,SD,S,,,0,1,2025,0.37,1.71,0.39502086777145806,1.763343291831007,,,657757,1,5,Top,,,,,,,0.26303816369511174,-138.74746744736245,-9.802208990040869,4.6665166739423025,32.58501204016489,-8.053401389627656,3.34,1.61,243,74.7,35,95.3,2450,6.4,813059,608348,683737,663538,807713,621020,664023,691718,673548,54.14,,,,,,,,36,2,4-Seam Fastball,2,0,0,2,0,2,0,2,Infield shade,Standard,163,0.009,-0.047,73.6,7.5,,0.047,88.0,2,-2,0.753,0.247,38,31,38,31,1,1,1,1,6,,0.8,0.37,0.37,53.7,4.5194751292955075,-0.5151666010133504,44.594224670796535,35.258337002489,25.958225584345097
FF,2025-10-02,100.4,-1.45,5.4,"Tatis Jr., Fernando",665487,694037,field_out,hit_into_play,,,,,2,Fernando Tatis Jr. flies out to right fielder Seiya Suzuki.,F,R,R,CHC,SD,X,9,fly_ball,1,2,2025,-0.97,1.26,0.10133955149585872,3.6253702591485317,657757,666023,,2,5,Top,173.8,104.94,,,,,6.655899636203962,-146.04026947699515,-2.551584411853359,-15.410486762898243,36.30306286449881,-13.767417841455341,3.68,1.75,263,80.9,33,101.2,2474,6.8,813059,608348,683737,663538,807713,621020,664023,691718,673548,53.65,0.048,0.056,0,1,0,0,3,38,4,4-Seam Fastball,2,0,0,2,0,2,0,2,Standard,Standard,219,0.052,-0.207,70.9,6.6,0.091,0.207,88.0,2,-2,0.76,0.24,25,26,25,26,1,2,2,1,4,,1.01,0.97,0.97,29.8,4.777425411009152,9.998798165296135,16.203458321142186,38.160705945925415,24.77436711717999
FF,2025-10-02,93.8,0.95,5.98,"Meadows, Parker",678009,681870,single,hit_into_play,,,,,8,Parker Meadows singles on a soft bunt ground ball to pitcher Erik Sabrowski. Javier Báez to 3rd.,F,L,L,CLE,DET,X,1,ground_ball,1,0,2025,0.82,1.56,0.20155177120568601,2.1838742090342365,,595879,,0,7,Top,122.79,189.25,,,,,-3.774287034024739,-136.3512013618079,-7.575444075235104,11.010511041724008,30.076404228547403,-11.2311082741276,3.46,1.67,0,41.7,-81,94.5,2603,6.8,813073,666310,692216,677587,608070,672356,680757,800050,671655,53.71,0.182,0.173,0.9,1,1,0,1,48,2,4-Seam Fastball,1,2,2,1,2,1,2,1,Strategic,Standard,150,-0.057,-0.079,,,0.185,0.079,88.0,-1,1,0.237,0.763,27,25,28,26,1,2,1,1,,2,1.04,0.82,0.82,46.4,,,,,
CH,2025-10-02,84.8,-1.93,5.72,"Carpenter, Kerry",681481,596001,,ball,,,,,11,Ball,F,L,R,CLE,DET,B,,,0,0,2025,-0.67,0.55,-1.6520118040955123,3.632682637459131,,,,2,8,Top,,,,,,,1.9937864108784438,-123.55173940502027,0.335543262457457,-7.286896641868502,24.37016156782577,-26.8230849163352,3.51857379566169,1.56194052269553,,,,84.7,1079,6.1,813073,666310,692216,677587,608070,672356,680757,800050,671655,54.37,,,,,,,,63,1,Changeup,1,6,6,1,6,1,6,1,Strategic,Standard,224,0,0.037,,,,-0.037,,-5,5,0.021,0.979,32,27,33,28,1,4,1,1,,2,2.61,0.67,-0.67,31.0,,,,,
FF,2025-10-02,96.5,-2.74,5.76,"Crow-Armstrong, Pete",691718,650633,,foul,,,,,8,Foul,F,L,R,CHC,SD,S,,,3,2,2025,-0.74,1.46,0.09999464105272038,1.9381186955087488,,,608348,0,4,Bot,,,,,,,9.15882971772968,-140.06223257550263,-7.85976152791569,-11.856584958054512,31.782435248975823,-11.268699763444769,3.11,1.47,186,72.4,32,95.7,2429,6,813059,666023,650333,630105,592518,593428,657757,701538,665487,54.5,,,,,,,,31,6,4-Seam Fastball,2,0,2,0,0,2,2,0,Infield shade,Standard,224,0,0,74.0,7.1,,0,88.0,2,2,0.814,0.814,30,23,30,23,1,1,5,1,,2,1,0.74,-0.74,30.2,10.050850836630174,2.591080826290988,42.119615180050374,34.405817514529076,31.50222706476513
FF,2025-10-02,97.4,-2.02,5.64,"Ramírez, José",608070,676684,,ball,,,,,11,Ball,F,L,R,CLE,DET,B,,,2,0,2025,-0.57,1.3,-1.014946878734091,2.808287473472258,677587,680757,,2,8,Bot,,,,,,,4.029042180112066,-141.79490313090855,-5.080966861598205,-8.650969848727174,32.563494236002015,-13.740369967648114,3.42693567206411,1.62143714142043,,,,97.7,2203,6.4,813073,693307,679529,650402,656716,595879,682985,678009,672761,54.08,,,,,,,,68,3,4-Seam Fastball,1,6,1,6,6,1,1,6,Infield shade,Standard,213,0.004,0.029,,,,-0.029,,-5,-5,0.027,0.027,30,32,30,33,1,3,2,1,2,,1.11,0.57,-0.57,48.8,,,,,
FS,2025-10-02,91.9,-1.96,5.73,"Yoshida, Masataka",807799,670280,force_out,hit_into_play,,,,,8,"Masataka Yoshida grounds into a force out, second baseman Jazz Chisholm Jr. to shortstop Anthony Volpe. Alex Bregman out at 2nd. Masataka Yoshida to 1st.",F,L,R,NYY,BOS,X,4,ground_ball,0,1,2025,-0.86,0.32,0.004199521619789093,1.3054201009038482,,,608324,0,9,Top,156.65,142.11,,,,,6.862766303876215,-133.5550752707996,-6.0232761046699554,-11.80002164072222,29.85248278714141,-27.24729303105682,3.25,1.42,3,103.1,-18,92.1,1899,6.6,813065,669224,502671,665862,641857,683011,641355,663757,592450,53.95,0.16,0.145,0,1,0,0,2,66,2,Split-Finger,4,0,0,4,0,4,0,4,Infield shade,Standard,228,0.016,-0.293,68.6,7.4,0.179,0.293,103.1,4,-4,0.969,0.031000000000000028,30,31,31,32,1,3,1,1,5,,2.4,0.86,-0.86,33.0,-3.6219613119944203,4.555613697679011,40.98161289233069,33.90426171669566,23.035493601298896
CH,2025-10-02,80.8,0.73,5.89,"Dingler, Dillon",693307,676282,,ball,,,,,12,Ball,F,R,L,CLE,DET,B,,,2,1,2025,0.79,1.14,0.9771010155421068,3.5324406144441456,,,682985,0,4,Top,,,,,,,-0.9846301937155858,-117.74879543510579,-0.8148325947387607,7.553379094960958,21.569893871929814,-21.612307377040523,3.47423300585846,1.63055585442539,,,,82.6,1604,7.3,813073,666310,692216,677587,608070,672356,680757,800050,671655,53.18,,,,,,,,25,4,Changeup,0,1,1,0,1,0,1,0,Infield shade,Standard,130,-0.016,0.116,,,,-0.116,,-1,1,0.336,0.6639999999999999,25,26,26,27,1,1,5,1,,2,2.33,0.79,-0.79,51.8,,,,,
SI,2025-10-02,98.3,2.32,6.09,"Suzuki, Seiya",673548,670970,strikeout,swinging_strike,,,,,3,Seiya Suzuki strikes out swinging.,F,R,L,CHC,SD,S,2,,0,2,2025,1.23,0.85,0.4346441821686742,2.6559492182532916,,,663656,2,7,Bot,,,,,,,-7.971821289412861,-142.89882375147644,-5.8709803748943745,18.651310606881964,29.83656870598053,-19.305871316837862,3.16,1.4,,,,98.8,2437,6.4,813059,666023,650333,630105,592518,593428,669369,701538,665487,54.09,,0,0,1,0,0,,59,3,Sinker,3,0,3,0,0,3,3,0,Standard,Standard,144,-0.004,-0.174,74.2,6.6,,0.174,,3,3,0.932,0.932,26,30,26,31,1,3,1,1,,2,1.49,1.23,-1.23,45.7,-0.9259506845129938,15.587303344795744,30.785942730231184,41.77731862207381,20.46943414513781
ST,2025-10-02,84.1,-1.06,5.97,"Rosario, Amed",642708,686580,,foul,,,,,13,Foul,F,R,R,NYY,BOS,S,,,1,2,2025,0.91,-0.38,-0.37968329361933106,1.0972284904194676,,,,2,5,Bot,,,,,,,-0.2162715871659754,-122.53158887321736,-4.175251546644916,9.159103069716032,24.910830120031683,-35.337997782916645,3.49,1.62,3,83.5,-24,84.7,2545,6.7,813065,665966,663993,663853,608324,596115,680776,678882,677800,53.81,,,,,,,,43,4,Sweeper,4,0,4,0,0,4,4,0,Standard,Standard,53,0,0,71.2,8.1,,0,88.0,4,4,0.92,0.92,27,29,28,30,1,2,1,2,,5,3.6,-0.91,-0.91,48.3,11.099723909971424,-17.456799684281446,39.9819495558538,28.311359805079576,41.24188912909911
SI,2025-10-02,94.1,-2.35,5.09,"Stanton, Giancarlo",519317,669711,,ball,,,,,13,Ball,F,R,R,NYY,BOS,B,,,2,0,2025,-1.57,0.19,-1.1287198531737843,2.2362140390974683,,,,2,7,Bot,,,,,,,6.624429584422948,-136.9394115242089,-2.0921204162975675,-21.278057738466014,31.49337192988705,-29.482967007207936,3.853989488713,1.8614546971227,,,,93.5,2014,6,813065,665966,663993,663853,608324,596115,680776,678882,677800,54.48,,,,,,,,57,3,Sinker,4,0,4,0,0,4,4,0,Standard,Strategic,240,0.001,0.121,,,,-0.121,,4,4,0.966,0.966,30,35,30,36,1,3,4,1,,2,2.39,1.57,1.57,16.9,,,,,
FS,2025-10-02,86.2,-2.07,5.62,"Rocchio, Brayan",677587,640448,field_out,hit_into_play,,,,,7,Brayan Rocchio grounds out to first baseman Spencer Torkelson.,F,L,R,CLE,DET,X,3,ground_ball,3,2,2025,-1.22,0.19,-0.783906085455536,1.7505887946422916,,,692216,2,5,Bot,154.79,168.09,,,,,5.581475439154327,-125.49072526052369,-3.423128972180974,-13.992121339247296,22.98656170845555,-29.673599876694027,3.09,1.41,9,73.6,-12,87.1,1063,6.6,813073,693307,679529,650402,656716,595879,682985,678009,672761,53.86,0.063,0.058,0,1,0,0,2,39,8,Split-Finger,1,1,1,1,1,1,1,1,Infield shade,Standard,226,-0.035,-0.295,68.7,7.8,0.063,0.295,88.0,0,0,0.535,0.535,33,24,34,24,1,1,1,1,2,,2.85,1.22,-1.22,50.7,14.305686660517475,-15.959634995682976,30.30717186887414,39.042520193584494,41.75012078837521
SI,2025-10-02,95.4,2.27,5.74,"Wells, Austin",669224,571927,,called_strike,,,,,4,Called Strike,F,L,L,NYY,BOS,S,,,0,0,2025,1.36,1.04,-0.4414490976797405,2.236000576515135,,,665862,1,6,Bot,,,,,,,-10.337260100740325,-138.54322791019058,-5.992380440394974,19.80600747279083,29.807934206580892,-17.56282325754721,3.61604356124931,1.59540555634876,,,,96.7,2166,7.1,813065,665966,663993,663853,608324,596115,680776,678882,677800,53.44,,,,,,,,50,1,Sinker,4,0,4,0,0,4,4,0,Standard,Standard,124,-0.001,-0.04,,,,0.04,,4,4,0.951,0.951,34,25,34,26,1,2,1,1,,2,1.47,1.36,1.36,32.9,,,,,
FF,2025-10-02,100.8,0.48,6.28,"Chisholm Jr., Jazz",665862,547973,,swinging_strike,,,,,6,Swinging Strike,F,L,L,NYY,BOS,S,,,0,0,2025,0.17,1.46,0.45131464382767883,2.977888866337513,,,502671,1,8,Bot,,,,,,,-0.5037968594364248,-146.60748404305886,-7.387505933337889,2.6107003413103937,36.46950704356656,-9.527429740837261,3.67,1.71,,,,101.8,2516,6.9,813065,665966,663993,663853,608324,596115,680776,678882,677800,53.55,,,,,,,,63,1,4-Seam Fastball,4,0,4,0,0,4,4,0,Strategic,Standard,159,0,-0.04,71.3,6.9,,0.04,,4,4,0.988,0.988,37,27,37,27,1,3,2,1,,2,0.79,0.17,0.17,44.4,6.436120031569564,17.953461862046627,37.136540137791755,29.88680560758335,19.95315652592162
SI,2025-10-02,93.4,-1.28,6.1,"Arraez, Luis",650333,592791,,foul,,,,,1,Foul,F,L,R,CHC,SD,S,,,2,2,2025,-1.06,0.95,-0.656084432984545,2.9852733520360015,,,,1,1,Top,,,,,,,3.980847915968021,-135.9822613076891,-4.438592447490061,-13.987389026620967,27.233629052669222,-19.656812705850964,3.22,1.54,255,77.9,35,94.6,2242,6.8,813059,608348,683737,663538,807713,621020,664023,691718,673548,53.73,,,,,,,,2,5,Sinker,0,0,0,0,0,0,0,0,Standard,Standard,209,0,0,60.3,4.9,,0,88.0,0,0,0.524,0.476,33,28,34,28,1,0,5,1,6,,1.65,1.06,-1.06,40.0,-6.4726142565385265,29.674281371776786,30.304205607228404,44.98296336835966,17.982873358015294
CU,2025-10-02,80.4,1.92,6.15,"Torkelson, Spencer",679529,682120,,called_strike,,,,,8,Called Strike,F,R,L,CLE,DET,S,,,1,0,2025,-0.8,-0.12,-0.20477255461095178,1.8335256256689427,650402,681481,,2,3,Top,,,,,,,-3.19482818023531,-117.11800034423142,-2.716187242483338,-6.850009586523522,20.965120882929273,-33.00032415829106,3.48511936467913,1.69062794799443,,,,80.6,2292,6.3,813073,666310,692216,677587,608070,672356,680757,800050,671655,54.22,,,,,,,,20,2,Curveball,0,1,1,0,1,0,1,0,Standard,Standard,327,0.004,-0.036,,,,0.036,,-1,1,0.379,0.621,28,25,29,26,1,1,1,1,,2,3.62,-0.8,0.8,37.5,,,,,
FF,2025-10-02,96.7,-0.53,5.89,"Shaw, Matt",807713,669093,,swinging_strike,,,,,12,Swinging Strike,F,R,R,CHC,SD,S,,,0,0,2025,0.16,1.48,0.3039198120454018,3.4353400605817987,608348,691718,621020,0,2,Bot,,,,,,,1.8818510204755166,-140.9208712973608,-4.475620680002657,1.7519943157174025,30.072313956417116,-11.562088786019869,3.28,1.55,,,,98.4,2149,7,813059,666023,650333,630105,592518,593428,657757,701538,665487,53.47,,,,,,,,17,1,4-Seam Fastball,2,0,2,0,0,2,2,0,Strategic,Standard,183,-0.006,-0.045,73.8,6.7,,0.045,,2,2,0.853,0.853,26,23,27,24,1,0,2,1,,2,0.94,-0.16,-0.16,71.2,13.807896577100234,6.42358400762379,16.991225680560373,38.08807740092328,29.138357897112215
FF,2025-10-02,95.5,-1.91,5.75,"Happ, Ian",664023,506433,strikeout,swinging_strike,,,,,11,Ian Happ strikes out swinging.,F,L,R,CHC,SD,S,2,,1,2,2025,-0.57,1.41,-0.2688720786409915,3.797162869964845,,,663538,1,1,Bot,,,,,,,5.635151506859803,-139.0376934611134,-2.7656857373146195,-8.52974965686298,28.168526885811,-13.322537405540215,3.55,1.66,,,,96.4,2426,6.6,813059,666023,650333,630105,592518,593428,657757,701538,665487,53.92,,0,0,1,0,0,,6,4,4-Seam Fastball,0,0,0,0,0,0,0,0,Infield shade,Standard,209,-0.02,-0.178,66.8,5.6,,0.178,,0,0,0.542,0.542,38,30,39,31,1,0,6,1,,2,1.06,0.57,-0.57,40.4,3.3920976879722864,19.497893983144397,25.682115249562532,39.34713568516312,21.15456989486867
FF,2025-10-02,93.7,1.95,6.15,"Iglesias, Jose",578428,519141,,called_strike,,,,,2,Called Strike,F,R,L,CHC,SD,S,,,1,0,2025,0.28,1.57,-0.09894982212910791,2.530642228740666,,,593428,1,7,Top,,,,,,,-5.839132610573428,-136.32382576649204,-7.02883175653537,4.734363856876174,29.153592244355984,-11.285095729752904,2.69746433360096,1.12269688851902,,,,92.9,2634,5.7,813059,608348,683737,663538,807713,621020,664023,691718,673548,54.76,,,,,,,,53,2,4-Seam Fastball,2,0,0,2,0,2,0,2,Standard,Standard,160,-0.01,-0.056,,,,0.056,,2,-2,0.803,0.19699999999999995,36,35,37,35,1,0,2,1,4,,1.03,0.28,-0.28,37.8,,,,,
FF,2025-10-02,97.6,-2.19,5.19,"Swanson, Dansby",621020,688158,,ball,,,,,1,Ball,F,R,R,CHC,SD,B,,,0,1,2025,-0.68,1.07,-0.7625775173711666,3.0593132532761858,,,691718,1,8,Bot,,,,,,,5.384755376059941,-142.08554186509264,-2.698191633280452,-10.465739633013717,31.697103626635393,-17.21558989142276,3.53186817855291,1.66791032634578,,,,97.2,2375,6,813059,666023,650333,630105,592518,593428,669369,701538,665487,54.54,,,,,,,,66,2,4-Seam Fastball,3,0,3,0,0,3,3,0,Standard,Standard,231,-0.005,0.019,,,,-0.019,,3,3,0.972,0.972,25,31,26,31,1,3,4,1,,2,1.31,0.68,0.68,25.1,,,,,
SL,2025-10-02,88.8,-2.08,5.48,"Ramírez, José",608070,676684,,blocked_ball,,,,,14,Ball In Dirt,F,L,R,CLE,DET,B,,,1,0,2025,0.66,-0.25,1.280582631827561,0.7010569988977924,677587,680757,,2,8,Bot,,,,,,,6.848964505766719,-129.07369396499857,-5.125261807144519,5.974961087774942,27.065887145848677,-34.13833263694665,3.48091521931502,1.58358456523898,,,,89.1,2793,6.5,813073,693307,679529,650402,656716,595879,682985,678009,672761,53.97,,,,,,,,68,2,Slider,1,6,1,6,6,1,1,6,Infield shade,Standard,50,0.003,0.005,,,,-0.005,,-5,-5,0.024,0.024,30,32,30,33,1,3,2,1,2,,3.15,-0.66,0.66,47.5,,,,,
FF,2025-10-02,97.6,-1.98,5.31,"Swanson, Dansby",621020,688158,,swinging_strike,,,,,6,Swinging Strike,F,R,R,CHC,SD,S,,,0,0,2025,-0.56,1.12,0.778766601759026,2.6402848628252653,,,691718,1,8,Bot,,,,,,,8.666563065604452,-141.91103510392134,-4.2491178429136784,-9.469346605945239,31.136347386673147,-16.197380173107778,3.59,1.69,,,,97.3,2360,6.1,813059,666023,650333,630105,592518,593428,669369,701538,665487,54.45,,,,,,,,66,1,4-Seam Fastball,3,0,3,0,0,3,3,0,Standard,Standard,223,-0.001,-0.04,71.3,7.0,,0.04,,3,3,0.973,0.973,25,31,26,31,1,3,4,1,,2,1.27,0.56,0.56,27.7,10.963805747991852,19.109274662692563,33.995605030265224,47.60693829400803,14.726334268155604
SI,2025-10-02,99.2,2.21,6.12,"Suzuki, Seiya",673548,670970,,called_strike,,,,,4,Called Strike,F,R,L,CHC,SD,S,,,0,1,2025,1.23,0.89,-0.3533833449515078,2.0977271794668226,,,663656,2,7,Bot,,,,,,,-9.825592979010736,-144.03572313397447,-7.666862846553132,19.311600167292074,30.60661129335232,-18.23552768765247,3.21957472288473,1.45081174768025,,,,99.1,2425,6.2,813059,666023,650333,630105,592518,593428,669369,701538,665487,54.32,,,,,,,,59,2,Sinker,3,0,3,0,0,3,3,0,Standard,Standard,148,-0.001,-0.055,,,,0.055,,3,3,0.933,0.933,26,30,26,31,1,3,1,1,,2,1.42,1.23,-1.23,44.3,,,,,
SI,2025-10-02,91.8,1.58,5.73,"Naylor, Bo",666310,663947,field_out,hit_into_play,,,,,7,"Bo Naylor grounds out, shortstop Javier Báez to first baseman Spencer Torkelson.",F,L,L,CLE,DET,X,6,ground_ball,0,0,2025,1.27,0.86,-0.5610573518660913,1.9188319257238065,,,672356,2,7,Bot,109.23,149.86,,,,,-8.231658732554065,-133.47743048777835,-5.738481031119713,16.910338105412578,26.204110976181727,-20.852631590807437,3.2,1.38,11,99,-9,92.7,2079,6.7,813073,693307,679529,650402,656716,595879,682985,678009,672761,53.82,0.243,0.223,0,1,0,0,2,60,1,Sinker,1,6,1,6,6,1,1,6,Standard,Standard,139,-0.008,-0.271,73.8,7.6,0.243,0.271,99.0,-5,-5,0.026,0.026,29,25,29,25,1,2,1,1,2,,1.83,1.27,1.27,40.1,1.0136685366423306,10.28986587762641,32.794756823972854,46.461130636937895,20.473612831668397
CH,2025-10-02,89.4,0.91,5.83,"Hoerner, Nico",663538,593974,,called_strike,,,,,6,Called Strike,F,R,L,CHC,SD,S,,,1,0,2025,1.23,0.22,0.6509545130913998,2.507448679160685,,,683737,0,5,Bot,,,,,,,-3.203713652826268,-130.27282572436786,-2.71489802886852,14.709552218249291,24.69089973480493,-29.283056920230965,3.34819016813199,1.61254089848474,,,,89,2168,5.8,813059,666023,650333,630105,592518,593428,657757,701538,665487,54.74,,,,,,,,40,2,Changeup,2,0,2,0,0,2,2,0,Standard,Standard,123,-0.004,-0.048,,,,0.048,,2,2,0.837,0.837,33,28,34,28,1,2,2,1,,2,2.6,1.23,-1.23,34.3,,,,,
SI,2025-10-02,95.5,-1.49,6.24,"Tatis Jr., Fernando",665487,641745,,ball,,,,,14,Ball,F,R,R,CHC,SD,B,,,0,0,2025,-1.24,0.51,0.216344077816766,1.271851145193002,,,666023,0,8,Top,,,,,,,7.2265348147665245,-138.7172949658074,-8.526316548228072,-17.659943524716276,30.319073031208383,-23.867031227038183,3.71043586009205,1.85226527850467,,,,94.8,2084,6,813059,608348,683737,663538,807713,621020,664023,691718,673548,54.55,,,,,,,,61,1,Sinker,3,0,0,3,0,3,0,3,Standard,Standard,214,-0.008,0.04,,,,-0.04,,3,-3,0.885,0.11499999999999999,29,26,30,26,1,3,2,1,6,,1.99,1.24,1.24,45.6,,,,,
FF,2025-10-02,97.5,-2.18,5.81,"Torkelson, Spencer",679529,671922,field_out,hit_into_play,,,,,5,Spencer Torkelson flies out to shortstop Gabriel Arias.,F,R,R,CLE,DET,X,6,fly_ball,1,1,2025,-0.77,1.23,-0.009744064424022869,2.8586745671937033,,,,1,9,Top,102.33,130.4,,,,,7.809397356416451,-141.68040225650586,-5.295898124308339,-12.252258511499718,34.82200368334884,-14.649564106565789,3.5,1.64,185,87,60,99.4,2295,7.6,813073,666310,692216,677587,608070,672356,680757,800050,671655,52.89,0.02,0.023,0,1,0,0,3,70,3,4-Seam Fastball,3,6,6,3,6,3,6,3,Strategic,Standard,210,0.003,-0.244,77.0,8.3,0.03,0.244,88.0,-3,3,0.038,0.962,26,25,26,26,1,4,1,1,,2,1.19,0.77,0.77,41.3,8.53964541817156,-20.33025391199682,34.51614369518716,36.944725223469405,28.101631866978295
SL,2025-10-02,85.9,-2.63,5.52,"Valera, George",671655,656427,,called_strike,,,,,7,Called Strike,F,L,R,CLE,DET,S,,,1,0,2025,0.5,0.34,-0.4612375838139422,1.6473347560249683,,,,1,1,Bot,,,,,,,4.136992275424606,-125.12487856864635,-3.6948791566369277,4.544971654075784,22.78207976529217,-28.080457715273333,3.39387170874971,1.50048592581522,,,,86.6,2605,6.5,813073,693307,679529,650402,656716,595879,682985,678009,672761,54.03,,,,,,,,6,2,Slider,0,0,0,0,0,0,0,0,Standard,Standard,132,-0.004,-0.049,,,,0.049,,0,0,0.529,0.529,29,24,30,25,1,0,8,1,5,,2.72,-0.5,0.5,29.7,,,,,
SL,2025-10-02,85.8,-0.99,5.73,"Swanson, Dansby",621020,669093,walk,ball,,,,,12,Dansby Swanson walks. Seiya Suzuki scores. Carson Kelly to 3rd. Pete Crow-Armstrong to 2nd.,F,R,R,CHC,SD,B,,,3,2,2025,0.3,0.39,0.08114205311043424,4.256070088338481,673548,608348,691718,0,2,Bot,,,,,,,1.9548273940645198,-125.04005067317254,1.9350663997968103,2.8044997595698105,22.81978695609046,-28.55653304820497,3.59286447135985,1.53822325502348,,,,87.4,1841,7,813059,666023,650333,630105,592518,593428,657757,701538,665487,53.52,,0.691497,0.7,1,0,0,,16,7,Slider,1,0,1,0,0,2,2,0,Strategic,Standard,136,0.052,0.353,,,,-0.353,,1,1,0.801,0.801,26,31,27,31,1,0,2,1,,2,2.67,-0.3,-0.3,64.3,,,,,
CU,2025-10-02,81.7,1.83,6.07,"Torkelson, Spencer",679529,682120,,ball,,,,,13,Ball,F,R,L,CLE,DET,B,,,0,0,2025,-0.92,-0.27,-0.685994439762153,1.2332085700825295,650402,681481,,2,3,Top,,,,,,,-3.896447434411197,-118.96314686285683,-3.8234744476422935,-8.00899799188833,22.27284427482144,-34.20966684527861,3.55771978832816,1.74468374674674,,,,81.9,2360,6.3,813073,666310,692216,677587,608070,672356,680757,800050,671655,54.17,,,,,,,,20,1,Curveball,0,1,1,0,1,0,1,0,Standard,Standard,324,-0.001,0.002,,,,-0.002,,-1,1,0.38,0.62,28,25,29,26,1,1,1,1,,2,3.67,-0.92,0.92,37.4,,,,,
CH,2025-10-02,80.8,0.82,5.83,"Dingler, Dillon",693307,676282,,ball,,,,,12,Ball,F,R,L,CLE,DET,B,,,1,1,2025,1.13,0.74,0.4120093123835312,4.029653278414461,,,682985,0,4,Top,,,,,,,-3.1372860660221344,-117.74067004103333,1.2425536619513853,11.12385143379466,21.771188048254867,-25.70966609120537,3.48258971799149,1.51923273723103,,,,82.4,1455,7.2,813073,666310,692216,677587,608070,672356,680757,800050,671655,53.27,,,,,,,,25,3,Changeup,0,1,1,0,1,0,1,0,Standard,Standard,127,-0.007,0.044,,,,-0.044,,-1,1,0.343,0.657,25,26,26,27,1,1,5,1,,2,2.73,1.13,-1.13,49.5,,,,,
CH,2025-10-02,85.5,2.89,5.61,"Judge, Aaron",592450,813349,field_out,hit_into_play,,,,,8,Aaron Judge flies out to right fielder Wilyer Abreu.,F,R,L,NYY,BOS,X,9,fly_ball,1,0,2025,1.19,0.32,0.15432924592738284,1.8633371707720792,,,,1,1,Bot,136.7,98.69,,,,,-8.93272623664734,-124.1944307187911,-3.1449288640662805,14.160548021321643,26.788540420461004,-28.395848257934436,4.08,1.85,252,81.7,46,86.1,1316,6.9,813065,665966,663993,663853,608324,596115,680776,678882,677800,53.58,0.015,0.014,0,1,0,0,3,5,2,Changeup,0,0,0,0,0,0,0,0,Standard,Standard,104,-0.019,-0.293,80.9,8.8,0.018,0.293,88.0,0,0,0.529,0.529,23,33,23,33,1,0,5,1,,2,2.83,1.19,-1.19,30.5,16.90568278920039,-10.99216483414259,42.30825234504565,45.948725998329735,38.8512828332936
FF,2025-10-02,95.8,-1.86,5.63,"Rocchio, Brayan",677587,640448,,foul,,,,,5,Foul,F,L,R,CLE,DET,S,,,3,2,2025,-0.98,1.27,0.15021388709371364,2.3351573305171436,,,692216,2,5,Bot,,,,,,,7.587863416993693,-139.22544234456336,-5.995033168844797,-14.508737636072798,31.006558092863568,-14.446383204097373,3.09,1.41,161,72.7,68,96.4,2200,6.7,813073,693307,679529,650402,656716,595879,682985,678009,672761,53.82,,,,,,,,39,7,4-Seam Fastball,1,1,1,1,1,1,1,1,Infield shade,Standard,207,0,0,,,,0,88.0,0,0,0.535,0.535,33,24,34,24,1,1,1,1,2,,1.22,0.98,-0.98,53.3,,,,,
FF,2025-10-02,98.1,-1.84,6.14,"Kelly, Carson",608348,663158,single,hit_into_play,,,,,6,Carson Kelly singles on a line drive to right fielder Fernando Tatis Jr.,F,R,R,CHC,SD,X,9,line_drive,0,0,2025,-0.47,1.3,0.4324386559780212,2.4744931877218566,,,,1,6,Bot,153.19,95.7,,,,,7.299860871293584,-142.55410919183916,-7.48560269600463,-8.154782013403773,34.25316701012759,-12.903191851210444,3.39,1.68,246,75,27,98.8,2334,6.9,813059,666023,650333,630105,592518,593428,657757,701538,665487,53.65,0.643,0.598,0.9,1,1,0,4,47,1,4-Seam Fastball,2,0,2,0,0,2,2,0,Standard,Standard,212,0.014,0.414,72.5,6.8,0.715,-0.414,88.0,2,2,0.832,0.832,34,30,34,31,1,2,1,1,,2,1.09,0.47,0.47,40.6,8.691529148160848,0.9510917572024815,29.68401061869067,47.322605080541784,27.665084767533028
CH,2025-10-02,86.2,-2.4,4.83,"Stanton, Giancarlo",519317,669711,,ball,,,,,14,Ball,F,R,R,NYY,BOS,B,,,1,0,2025,-1.48,-0.24,1.4222609401520687,2.7913514421367243,,,,2,7,Bot,,,,,,,12.01577440598256,-124.92526270396155,1.935864364672581,-17.90714725502241,25.065100902215168,-35.39930927043972,3.8275651624466,1.80826017020967,,,,85.8,1651,6.2,813065,665966,663993,663853,608324,596115,680776,678882,677800,54.26,,,,,,,,57,2,Changeup,4,0,4,0,0,4,4,0,Standard,Strategic,266,0,0.065,,,,-0.065,,4,4,0.966,0.966,30,35,30,36,1,3,4,1,,2,3.34,1.48,1.48,12.2,,,,,
SL,2025-10-02,91,-1.6,5.01,"Tatis Jr., Fernando",665487,694037,,ball,,,,,14,Ball,F,R,R,CHC,SD,B,,,0,2,2025,0.12,0.24,1.6490463445451207,1.1104416545879685,657757,666023,,2,5,Top,,,,,,,7.983503624167975,-132.41592560683446,-4.502074294942213,-0.031540026501865305,24.756785133954658,-28.685848111080976,3.72620610288209,1.72978575426414,,,,92.5,2343,6.9,813059,608348,683737,663538,807713,621020,664023,691718,673548,53.57,,,,,,,,38,3,Slider,2,0,0,2,0,2,0,2,Standard,Standard,150,-0.008,-0.014,,,,0.014,,2,-2,0.768,0.23199999999999998,25,26,25,26,1,2,2,1,4,,2.49,-0.12,-0.12,20.5,,,,,
CH,2025-10-02,85.2,-2.05,5.75,"Torres, Gleyber",650402,596001,field_out,hit_into_play,,,,,1,"Gleyber Torres grounds out, third baseman José Ramírez to first baseman CJ Kayfus.",F,R,R,CLE,DET,X,5,ground_ball,2,2,2025,-1.09,0.12,-0.6156779594017701,2.724253093106626,,,,1,8,Top,95.41,149.33,,,,,5.526106025615718,-123.99260169729416,-1.004412815961481,-12.333625351231218,26.783256868086536,-30.90850752577313,3.23,1.51,10,90.7,-14,84.7,1226,6.1,813073,666310,692216,677587,608070,672356,680757,800050,671655,54.37,0.119,0.111,0,1,0,0,2,62,5,Changeup,1,6,6,1,6,1,6,1,Strategic,Strategic,221,0.002,-0.228,63.8,6.6,0.14,0.228,90.7,-5,5,0.019,0.981,32,28,33,29,1,4,1,1,,2,3.04,1.09,1.09,31.4,11.065028190331091,-3.42969699378854,29.628025509006022,26.262090928588993,31.01191749133061
FF,2025-10-02,94.6,-0.01,6.13,"Cronenworth, Jake",630105,573204,,called_strike,,,,,5,Called Strike,F,L,L,CHC,SD,S,,,0,0,2025,0.33,1.61,0.24912908451936533,2.3594287345735463,,,657757,1,5,Top,,,,,,,-0.049474372179271614,-137.65101017394716,-7.742915068226466,4.135093839892235,31.42788146059054,-10.226839588855762,3.35036940618379,1.54515956995805,,,,94.6,2349,6.4,813059,608348,683737,663538,807713,621020,664023,691718,673548,54.12,,,,,,,,36,1,4-Seam Fastball,2,0,0,2,0,2,0,2,Infield shade,Standard,163,0.006,-0.04,,,,0.04,,2,-2,0.747,0.253,38,31,38,31,1,1,1,1,6,,0.95,0.33,0.33,56.7,,,,,
SL,2025-10-02,85.8,1.01,6.08,"Meadows, Parker",678009,681870,,ball,,,,,11,Ball,F,L,L,CLE,DET,B,,,0,0,2025,-0.22,0.41,-0.0729965630940003,4.999557875961797,,595879,,0,7,Top,,,,,,,-2.118379563307258,-125.05007910793948,2.8309198836368545,-1.922055398250395,23.538421065957927,-28.59030537946332,3.28378833712783,1.46442830632543,,,,86.5,2395,6.5,813073,666310,692216,677587,608070,672356,680757,800050,671655,53.99,,,,,,,,48,1,Slider,1,2,2,1,2,1,2,1,Strategic,Standard,218,-0.002,0.032,,,,-0.032,,-1,1,0.239,0.761,27,25,28,26,1,2,1,1,,2,2.66,-0.22,-0.22,47.5,,,,,
FF,2025-10-02,94.8,1.94,6.12,"Iglesias, Jose",578428,519141,,ball,,,,,14,Ball,F,R,L,CHC,SD,B,,,0,0,2025,0.42,1.56,0.9436950195556426,0.9659663356043221,,,593428,1,7,Top,,,,,,,-3.5113482352152263,-137.62460926585064,-11.15972335166298,6.128850099106928,30.299798458436893,-10.032055704464703,3.3075375005692,1.48686384831404,,,,93.8,2587,5.8,813059,608348,683737,663538,807713,621020,664023,691718,673548,54.7,,,,,,,,53,1,4-Seam Fastball,2,0,0,2,0,2,0,2,Standard,Standard,157,-0.006,0.035,,,,-0.035,,2,-2,0.809,0.19099999999999995,36,35,37,35,1,0,2,1,4,,0.98,0.42,-0.42,36.0,,,,,
SL,2025-10-02,88.1,-2.56,6.29,"Pérez, Wenceel",672761,683769,single,hit_into_play,,,,,3,Wenceel Pérez singles on a line drive to right fielder George Valera. Javier Báez scores. Parker Meadows scores. Kerry Carpenter to 3rd.,F,L,R,CLE,DET,X,9,line_drive,0,1,2025,0.59,0.26,0.5053395202097251,2.701279657086885,595879,678009,681481,1,7,Top,186.69,119.99,,,,,6.288994964750706,-128.3147403409221,-3.254644484365981,5.4479669486611835,23.642616934631917,-28.87257406852018,3.18,1.47,226,91.5,19,89.7,2295,7,813073,666310,692216,677587,608070,672356,680757,800050,671655,53.5,0.471,0.453,0.9,1,1,0,4,51,2,Slider,1,2,2,1,4,1,4,1,Strategic,Strategic,133,-0.141,0.496,71.1,7.0,0.583,-0.496,91.5,-1,1,0.219,0.781,27,25,27,26,1,3,1,1,,2,2.65,-0.59,0.59,38.2,16.34583623354309,-12.053279335453603,32.08675549555296,25.994900124698315,29.491051563731823
FF,2025-10-02,96.1,-2.82,5.73,"Crow-Armstrong, Pete",691718,650633,,called_strike,,,,,4,Called Strike,F,L,R,CHC,SD,S,,,3,1,2025,-0.69,1.43,-0.5395377635124546,2.0748299016701166,,,608348,0,4,Bot,,,,,,,7.531263702972984,-139.66698890144752,-7.303760256156062,-10.652816690325308,29.86612989691567,-11.936679312528371,3.18273069364768,1.52705972498575,,,,95.6,2435,5.9,813059,666023,650333,630105,592518,593428,657757,701538,665487,54.56,,,,,,,,31,5,4-Seam Fastball,2,0,2,0,0,2,2,0,Infield shade,Standard,228,-0.009,-0.081,,,,0.081,,2,2,0.823,0.823,30,23,30,23,1,1,5,1,,2,1.03,0.69,-0.69,31.0,,,,,
SL,2025-10-02,86.5,-2,5.65,"Happ, Ian",664023,506433,,foul,,,,,8,Foul,F,L,R,CHC,SD,S,,,1,1,2025,0.43,0.5,-0.07170498105444673,1.7147248559105566,,,663538,1,1,Bot,,,,,,,3.737389919625128,-126.01358002899757,-4.303481662363508,4.0022262044188315,22.37686181803111,-26.231160074048343,3.55,1.66,5,73.1,-20,87.4,2749,6.5,813059,666023,650333,630105,592518,593428,657757,701538,665487,54.01,,,,,,,,6,3,Slider,0,0,0,0,0,0,0,0,Infield shade,Standard,147,-0.008,-0.056,76.4,7.3,,0.056,88.0,0,0,0.55,0.55,38,30,39,31,1,0,6,1,,2,2.51,-0.43,0.43,36.8,15.247499225559023,-17.869690381123526,31.765801369523274,37.23952390262173,39.090075630099236
ST,2025-10-02,85.1,-1.14,5.96,"Rosario, Amed",642708,686580,,ball,,,,,14,Ball,F,R,R,NYY,BOS,B,,,0,2,2025,1.65,0.09,1.253515781686711,1.3140906411644933,,,,2,5,Bot,,,,,,,2.3051489911374548,-123.7970420984774,-4.690688233575709,16.258942266795593,28.365501527535088,-30.461858931774398,3.56312878988784,1.62201878730429,,,,85.1,2568,6.7,813065,665966,663993,663853,608324,596115,680776,678882,677800,53.83,,,,,,,,43,3,Sweeper,4,0,4,0,0,4,4,0,Standard,Standard,57,0,0.022,,,,-0.022,,4,4,0.92,0.92,27,29,28,30,1,2,1,2,,5,3.1,-1.65,-1.65,48.4,,,,,
FF,2025-10-02,96.5,-1.79,5.88,"Yoshida, Masataka",807799,670280,,called_strike,,,,,5,Called Strike,F,L,R,NYY,BOS,S,,,0,0,2025,-0.82,1.62,-0.14656956461225157,2.5081315311729693,,,608324,0,9,Top,,,,,,,6.270492945306159,-140.1272312991564,-6.986790494080715,-12.337684559106426,37.670468557174694,-9.529569852451294,3.32485000581028,1.43569046638692,,,,96,2503,6.6,813065,669224,502671,665862,641857,683011,641355,663757,592450,53.92,,,,,,,,66,1,4-Seam Fastball,4,0,0,4,0,4,0,4,Infield shade,Standard,212,0.003,-0.043,,,,0.043,,4,-4,0.966,0.03400000000000003,30,31,31,32,1,3,1,1,5,,0.88,0.82,-0.82,43.4,,,,,
FC,2025-10-02,88.7,-2.13,5.64,"Torres, Gleyber",650402,677944,field_out,hit_into_play,,,,,4,Gleyber Torres lines out sharply to left fielder Steven Kwan.,F,R,R,CLE,DET,X,7,line_drive,3,2,2025,0.28,0.15,-0.2889284378856137,2.389864914459628,,,,0,1,Top,91.34,89.94,,,,,3.929680119325819,-129.27521985655267,-2.301148971345622,2.4506436487988172,23.992456305651086,-30.20460050052362,3.23,1.51,285,105.7,17,89.3,2340,6.4,813073,666310,692216,677587,608070,672356,680757,800050,671655,54.14,0.363,0.514,0,1,0,0,5,1,7,Cutter,0,0,0,0,0,0,0,0,Strategic,Strategic,171,0.027,-0.345,74.4,6.9,0.91,0.345,105.7,0,0,0.495,0.505,26,28,26,29,1,0,6,1,,2,2.71,-0.28,-0.28,33.5,-1.8700354379843644,-9.248179219231293,40.75305035294713,30.025456503582127,34.67755364936106
CH,2025-10-02,88.7,-2.18,5.31,"Rocchio, Brayan",677587,592454,,ball,,,,,14,Ball,F,L,R,CLE,DET,B,,,1,1,2025,-1.11,-0.29,1.0992530102764242,0.6431847908707073,,,,1,8,Bot,,,,,,,10.426985337651818,-128.6833745164863,-4.750854210160361,-14.54731504480473,27.136794153569355,-34.50901955440279,3.09359334186126,1.40215751925409,,,,89.3,1424,6.9,813073,693307,679529,650402,656716,595879,682985,678009,672761,53.63,,,,,,,,65,3,Changeup,1,6,1,6,6,1,1,6,Standard,Standard,255,0.001,0.055,,,,-0.055,,-5,-5,0.013,0.013,35,24,36,24,1,2,6,1,2,,3.2,1.11,-1.11,27.5,,,,,
SI,2025-10-02,94.3,2.35,5.61,"Volpe, Anthony",683011,571927,strikeout,called_strike,,,,,4,Anthony Volpe called out on strikes.,F,R,L,NYY,BOS,S,2,,1,2,2025,1.24,0.97,-0.7545259557872017,2.7786778685770104,,,665862,0,6,Bot,,,,,,,-10.936005786095997,-136.97411748976185,-3.876382822016719,17.947863955287257,27.95948557447042,-19.282726987187527,3.45725939538842,1.59540555634876,,,,95.4,2209,6.8,813065,665966,663993,663853,608324,596115,680776,678882,677800,53.66,,0,0,1,0,0,,49,4,Sinker,4,0,4,0,0,4,4,0,Standard,Standard,123,-0.005,-0.165,,,,0.165,,4,4,0.956,0.956,34,24,34,24,1,2,1,1,,2,1.59,1.24,-1.24,31.4,,,,,
SL,2025-10-02,87.1,0.33,6.26,"McMahon, Ryan",641857,547973,strikeout,called_strike,,,,,7,Ryan McMahon called out on strikes.,F,L,L,NYY,BOS,S,2,,0,2,2025,-1.12,0.31,-0.4045127491983169,1.8042585763041745,,,502671,0,8,Bot,,,,,,,0.5489031299560494,-126.64804619739135,-5.109312964932948,-12.07333207245709,30.07245170809655,-27.899936613268473,3.66894478231045,1.6752398983233,,,,87.6,2389,7,813065,665966,663993,663853,608324,596115,680776,678882,677800,53.46,,0,0,1,0,0,,62,5,Slider,4,0,4,0,0,4,4,0,Standard,Standard,292,-0.001,-0.148,,,,0.148,,4,4,0.989,0.989,37,30,37,31,1,0,2,1,,2,2.74,-1.12,-1.12,49.5,,,,,
FF,2025-10-02,93.3,-1.38,6.1,"Arraez, Luis",650333,592791,,foul,,,,,1,Foul,F,L,R,CHC,SD,S,,,2,1,2025,-0.62,1.52,-0.31311092198841217,2.8160520883369395,,,,1,1,Top,,,,,,,4.132281700421802,-135.7773488314325,-6.127167584533437,-8.520823553338266,26.742776813670964,-12.151781660159921,3.22,1.54,241,76.3,30,94.4,2417,6.7,813059,608348,683737,663538,807713,621020,664023,691718,673548,53.8,,,,,,,,2,4,4-Seam Fastball,0,0,0,0,0,0,0,0,Standard,Standard,215,0.004,-0.07,61.4,5.0,,0.07,88.0,0,0,0.52,0.48,33,28,34,28,1,0,5,1,6,,1.07,0.62,-0.62,39.2,-7.765349221255748,24.506609432636385,33.94979299612927,40.28534269336319,21.535374284653564
ST,2025-10-02,84.6,-2.23,5.07,"Dingler, Dillon",693307,670036,walk,ball,,,,,14,Dillon Dingler walks. Spencer Torkelson to 3rd. Riley Greene to 2nd.,F,R,R,CLE,DET,B,,,3,2,2025,1.14,0.27,1.607078642489654,2.4084114119236193,,679529,682985,1,7,Top,,,,,,,6.660753364871225,-123.05897851641384,-0.411452235290777,10.357931248802629,23.93151653986708,-29.53089425343067,3.4311402972975,1.51800263032385,,,,84.7,2719,6.3,813073,666310,692216,677587,608070,672356,680757,800050,671655,54.2,,0.691497,0.7,1,0,0,,54,7,Sweeper,1,6,6,1,6,1,6,1,Standard,Standard,66,-0.006,0.287,,,,-0.287,,-5,5,0.026,0.974,32,26,32,27,1,3,4,1,,2,2.91,-1.14,-1.14,29.4,,,,,
SI,2025-10-02,100,-1.55,6.45,"Story, Trevor",596115,693645,,ball,,,,,14,Ball,F,R,R,NYY,BOS,B,,,0,0,2025,-1.14,0.98,1.1888015211583849,2.1131091637884643,,,,1,1,Top,,,,,,,10.23285995092812,-145.03703508316582,-8.829006651721203,-18.574775071849796,36.409085742236975,-16.311453266763223,3.48373166280591,1.72845369005519,,,,99.7,2370,6.5,813065,669224,700250,665862,642708,683011,641355,663757,592450,54.02,,,,,,,,2,1,Sinker,0,0,0,0,0,0,0,0,Strategic,Standard,202,-0.002,0.039,,,,-0.039,,0,0,0.522,0.478,24,32,24,33,1,0,5,1,6,,1.33,1.14,1.14,44.8,,,,,
FF,2025-10-02,95,0.74,5.97,"Báez, Javier",595879,681870,double,hit_into_play,,,,,1,Javier Báez doubles (1) on a line drive to left fielder Steven Kwan.,F,R,L,CLE,DET,X,7,line_drive,0,1,2025,0.84,1.64,-0.28206253567249273,3.0743816653385427,,,,0,7,Top,49.48,85.06,,,,,-4.577715083382558,-138.18431816714133,-5.643110084148787,11.739329593185397,31.015880861919356,-10.132011232183064,3.52,1.64,373,108.5,20,95.7,2660,6.7,813073,666310,692216,677587,608070,672356,680757,800050,671655,53.76,0.688,1.1878611111111113,1.25,1,1,1,6,47,2,4-Seam Fastball,1,2,2,1,2,1,2,1,Standard,Standard,151,-0.073,0.756,77.1,7.9,2.218,-0.756,108.5,-1,1,0.312,0.688,27,32,28,33,1,2,1,1,,2,0.89,0.84,-0.84,46.7,4.683224786250208,-13.144408752980581,24.08913630161903,31.433965187883242,34.503055557196284
SL,2025-10-02,85.4,3,5.98,"Suzuki, Seiya",673548,670970,,called_strike,,,,,9,Called Strike,F,R,L,CHC,SD,S,,,0,0,2025,-0.37,-0.03,0.38970661065528167,1.6267379462242277,,,663656,2,7,Bot,,,,,,,-5.402011387510055,-124.29331751373329,-3.950606738520941,-2.8743149935643837,23.384090958368084,-31.89120049371587,3.19966939135309,1.42357382583098,,,,85.6,2683,6.3,813059,666023,650333,630105,592518,593428,669369,701538,665487,54.24,,,,,,,,59,1,Slider,3,0,3,0,0,3,3,0,Standard,Standard,280,-0.001,-0.042,,,,0.042,,3,3,0.934,0.934,26,30,26,31,1,3,1,1,,2,3.13,-0.37,0.37,40.8,,,,,
FC,2025-10-02,96.6,-1.75,6.47,"Duran, Jarren",680776,693645,field_out,hit_into_play,,,,,6,Jarren Duran lines out softly to second baseman Jazz Chisholm Jr.,F,L,R,NYY,BOS,X,4,line_drive,2,2,2025,0.63,0.82,0.5527096843052617,2.446171797594095,,,,0,1,Top,141.57,147.93,,,,,4.720470699909735,-140.46724268744094,-7.020782212784081,7.237947603467184,31.849645164900043,-19.968610442207453,3.49,1.65,139,54.8,21,97,2392,6.6,813065,669224,700250,665862,642708,683011,641355,663757,592450,53.95,0.22,0.198,0,1,0,0,1,1,6,Cutter,0,0,0,0,0,0,0,0,Strategic,Standard,171,0.019,-0.232,81.0,7.6,0.22,0.232,88.0,0,0,0.503,0.497,24,28,24,29,1,0,5,1,6,,1.63,-0.63,0.63,41.8,1.1606441929442795,-3.3125675169757636,27.652483079081858,28.737510389057817,33.90321345805709
CH,2025-10-02,80.5,0.74,5.8,"Dingler, Dillon",693307,676282,,swinging_strike_blocked,,,,,13,Swinging Strike (Blocked),F,R,L,CLE,DET,S,,,1,0,2025,0.57,1.18,-0.7196761234574879,0.7710985901727558,,,682985,0,4,Top,,,,,,,-4.427652028525885,-117.09169147516508,-6.88280876341219,6.073883028287547,21.272558198819393,-20.207405660613677,3.37,1.51,,,,82.3,1428,7.4,813073,666310,692216,677587,608070,672356,680757,800050,671655,53.07,,,,,,,,25,2,Changeup,0,1,1,0,1,0,1,0,Infield shade,Standard,132,0.007,-0.048,67.6,9.3,,0.048,,-1,1,0.336,0.6639999999999999,25,26,26,27,1,1,5,1,,2,2.33,0.57,-0.57,48.3,37.972482501248855,-42.39303735972997,52.77085327721889,27.117218921649794,54.05891023136543
FF,2025-10-02,94.1,-1.74,5.78,"Happ, Ian",664023,506433,,ball,,,,,11,Ball,F,L,R,CHC,SD,B,,,0,1,2025,-0.65,1.32,-1.8985245339086425,4.000882749542137,,,663538,1,1,Bot,,,,,,,1.0469813311175056,-137.02988571691768,-1.8559198651987774,-8.418200252930639,29.836002641607685,-15.279442630694053,3.65730467897654,1.63648590794349,,,,94.7,2366,6.6,813059,666023,650333,630105,592518,593428,657757,701538,665487,53.92,,,,,,,,6,2,4-Seam Fastball,0,0,0,0,0,0,0,0,Infield shade,Standard,207,0.003,0.019,,,,-0.019,,0,0,0.547,0.547,38,30,39,31,1,0,6,1,,2,1.24,0.65,-0.65,40.2,,,,,
SL,2025-10-02,85.2,-0.85,5.8,"Swanson, Dansby",621020,669093,,ball,,,,,12,Ball,F,R,R,CHC,SD,B,,,2,2,2025,0.14,0.08,0.09070799415632254,5.0017466220799145,673548,608348,691718,0,2,Bot,,,,,,,1.9492000175273656,-124.13149181951873,4.245116325066689,1.1057414360358648,21.687904587147372,-32.26624571031756,3.53720110108893,1.67566094844376,,,,86.9,1865,7,813059,666023,650333,630105,592518,593428,657757,701538,665487,53.48,,,,,,,,16,6,Slider,1,0,1,0,0,1,1,0,Strategic,Standard,103,0.017,0.117,,,,-0.117,,1,1,0.784,0.784,26,31,27,31,1,0,2,1,,2,3.02,-0.14,-0.14,62.7,,,,,
FF,2025-10-02,91.8,-2.42,4.86,"Dingler, Dillon",693307,670036,,foul,,,,,11,Foul,F,R,R,CLE,DET,S,,,3,2,2025,0.13,0.91,-0.9890736366209031,3.4853690894769027,,679529,682985,1,7,Top,,,,,,,3.3352833490513407,-133.66675123693702,0.40144036405192984,0.8975448235695112,28.85184813263966,-21.569335057248068,3.37,1.51,,,,92,2638,6.4,813073,666310,692216,677587,608070,672356,680757,800050,671655,54.13,,,,,,,,54,6,4-Seam Fastball,1,6,6,1,6,1,6,1,Standard,Standard,203,0,0,,,,0,,-5,5,0.026,0.974,32,26,32,27,1,3,4,1,,2,1.79,-0.13,-0.13,24.9,,,,,
SL,2025-10-02,88.7,0.92,5.93,"Hoerner, Nico",663538,593974,,ball,,,,,12,Ball,F,R,L,CHC,SD,B,,,0,0,2025,0.05,0.23,2.2986761151392567,2.8864043499465692,,,683737,0,5,Bot,,,,,,,3.235701314771823,-129.187783702578,-1.8873435087353272,-0.1392053627158072,25.801417316595003,-29.439257025121822,3.39557593133637,1.59771350023762,,,,87.9,2175,5.7,813059,666023,650333,630105,592518,593428,657757,701538,665487,54.83,,,,,,,,40,1,Slider,2,0,2,0,0,2,2,0,Standard,Standard,153,0.003,0.04,,,,-0.04,,2,2,0.834,0.834,33,28,34,28,1,2,2,1,,2,2.65,0.05,-0.05,39.3,,,,,
SL,2025-10-02,87.1,-2.55,5.54,"Valera, George",671655,656427,,ball,,,,,13,Ball,F,L,R,CLE,DET,B,,,0,0,2025,0.74,0.36,-0.05791671092183315,1.285423472300136,,,,1,1,Bot,,,,,,,4.476680762730502,-126.80212448358306,-4.834171272887373,7.1426410230153845,25.25187056748821,-27.49047828155032,3.48907606450394,1.53610480910363,,,,87.4,2473,6.4,813073,693307,679529,650402,656716,595879,682985,678009,672761,54.08,,,,,,,,6,1,Slider,0,0,0,0,0,0,0,0,Infield shade,Standard,153,0.003,0.039,,,,-0.039,,0,0,0.526,0.526,29,24,30,25,1,0,8,1,5,,2.63,-0.74,0.74,29.1,,,,,
FC,2025-10-02,88.5,-2.05,5.65,"Torres, Gleyber",650402,677944,,foul,,,,,9,Foul,F,R,R,CLE,DET,S,,,3,2,2025,0.08,0.38,0.7781305579601383,1.6346189619090916,,,,0,1,Top,,,,,,,6.767203135402699,-128.8597365509237,-4.597020910777902,-0.367279625733416,24.236773876349233,-27.212636892812746,3.23,1.51,,,,89.3,2323,6.5,813073,666310,692216,677587,608070,672356,680757,800050,671655,53.99,,,,,,,,1,6,Cutter,0,0,0,0,0,0,0,0,Strategic,Strategic,191,0,0,67.4,8.1,,0,,0,0,0.495,0.505,26,28,26,29,1,0,6,1,,2,2.5,-0.08,-0.08,36.7,10.47769594247834,-4.5342076262619795,39.539432506683305,43.193793686826616,31.237425145705657
CH,2025-10-02,89.3,-2.28,5.43,"Rocchio, Brayan",677587,592454,,ball,,,,,14,Ball,F,L,R,CLE,DET,B,,,0,1,2025,-1.1,-0.04,0.06370488777386218,1.1318769527240553,,,,1,8,Bot,,,,,,,8.162878822150942,-129.80047554281896,-4.48525933151525,-14.125332083044919,27.821496496045384,-31.83282775433665,3.01965850263253,1.35816579770442,,,,89.9,1322,6.8,813073,693307,679529,650402,656716,595879,682985,678009,672761,53.7,,,,,,,,65,2,Changeup,1,6,1,6,6,1,1,6,Standard,Standard,247,0.001,0.029,,,,-0.029,,-5,-5,0.012,0.012,35,24,36,24,1,2,6,1,2,,2.91,1.1,-1.1,33.9,,,,,
FC,2025-10-02,87.2,1.71,5.79,"Arias, Gabriel",672356,663947,single,hit_into_play,,,,,5,Gabriel Arias singles on a ground ball to center fielder Parker Meadows.,F,R,L,CLE,DET,X,8,ground_ball,0,0,2025,-0.38,0.78,0.13887205032695638,2.429893643735622,,,,2,7,Bot,117.33,105.31,,,,,-3.0277542212597326,-127.09242873044137,-3.6429548125670537,-3.6275433526220184,21.95938475098895,-23.192461577555083,3.46,1.51,8,99,-17,88.6,2413,6.7,813073,693307,679529,650402,656716,595879,682985,678009,672761,53.75,0.145,0.136,0.9,1,1,0,2,59,1,Cutter,1,6,1,6,6,1,1,6,Standard,Standard,173,0.005,0.325,74.9,7.3,0.146,-0.325,99.0,-5,-5,0.021,0.021,29,25,29,25,1,2,1,1,2,,2.17,-0.38,0.38,39.4,4.690282038164219,14.874896798665372,30.42909970104512,46.0660697359563,25.829057309650373
SL,2025-10-02,84.2,-2.22,5.57,"Torres, Gleyber",650402,596001,,ball,,,,,14,Ball,F,R,R,CLE,DET,B,,,1,2,2025,1.35,0.07,1.3797315087715005,0.6907795133721906,,,,1,8,Top,,,,,,,5.661066845879194,-122.41962755753475,-5.001033659028675,12.237665546158524,26.16051070389233,-30.643371326768996,3.2995464812621,1.52270175592955,,,,83.7,2564,6.2,813073,666310,692216,677587,608070,672356,680757,800050,671655,54.34,,,,,,,,62,4,Slider,1,6,6,1,6,1,6,1,Standard,Strategic,59,-0.001,0.048,,,,-0.048,,-5,5,0.02,0.98,32,28,33,29,1,4,1,1,,2,3.17,-1.35,-1.35,25.2,,,,,
FF,2025-10-02,95.4,2,6.11,"O'Hearn, Ryan",656811,519141,field_out,hit_into_play,,,,,9,Ryan O'Hearn flies out to center fielder Pete Crow-Armstrong.,F,L,L,CHC,SD,X,8,fly_ball,3,2,2025,0.52,1.55,0.6200362063784131,2.0336712012159195,,,593428,0,7,Top,92.4,74.19,,,,,-4.744060567660285,-138.61617206084227,-8.494154828756377,7.7220663397048614,31.70526879569394,-10.416331225541153,3.43,1.63,321,93,37,94.5,2544,5.9,813059,608348,683737,663538,807713,621020,664023,691718,673548,54.59,0.056,0.096,0,1,0,0,3,52,6,4-Seam Fastball,2,0,0,2,0,2,0,2,Infield shade,Standard,158,0.069,-0.313,75.0,7.4,0.17,0.313,93.0,2,-2,0.74,0.26,36,31,37,32,1,2,2,1,4,,0.96,0.52,0.52,38.8,14.760918941218991,3.0209838372570754,39.11613149565504,36.38607569099067,25.681840458210896
CH,2025-10-02,78.5,-2.79,5.7,"Pérez, Wenceel",672761,683769,,swinging_strike,,,,,7,Swinging Strike,F,L,R,CLE,DET,S,,,0,0,2025,-0.91,-0.06,-0.357491857088425,1.545125993000204,595879,678009,681481,1,7,Top,,,,,,,7.138980733528606,-114.1693440797327,-2.053583746535658,-9.312585424876008,21.02516586358438,-32.56442091420118,3.18,1.47,,,,80.3,1494,7.6,813073,666310,692216,677587,608070,672356,680757,800050,671655,52.94,,,,,,,,51,1,Changeup,1,2,2,1,2,1,2,1,Strategic,Strategic,254,0.012,-0.05,61.7,8.2,,0.05,,-1,1,0.207,0.793,27,25,27,26,1,3,1,1,,2,3.77,0.91,-0.91,29.0,25.338018698146172,-50.226851723731826,28.123011060426574,37.93430259889305,56.254177750865125
CU,2025-10-02,79,2.78,5.72,"Judge, Aaron",592450,813349,,ball,,,,,13,Ball,F,R,L,NYY,BOS,B,,,0,0,2025,-1,-1.04,-1.211123004889441,0.18487021366060574,,,,1,1,Bot,,,,,,,-6.9353282511683245,-114.80513598354435,-3.217071310907664,-7.280718371337734,24.639237355872485,-40.772641698078246,4.08,1.85,,,,79.7,2455,7.2,813065,665966,663993,663853,608324,596115,680776,678882,677800,53.29,,,,,,,,5,1,Curveball,0,0,0,0,0,0,0,0,Standard,Standard,326,0.003,0.039,,,,-0.039,,0,0,0.526,0.526,23,33,23,33,1,0,5,1,,2,4.75,-1,1,34.5,,,,,
FF,2025-10-02,95.1,-2.09,5.38,"Stanton, Giancarlo",519317,669711,,ball,,,,,12,Ball,F,R,R,NYY,BOS,B,,,0,0,2025,-1.03,0.8,1.0250865272884961,3.1511101687163423,,,,2,7,Bot,,,,,,,10.41106908630528,-138.20500164502087,-1.9617073567518268,-15.561542366241358,30.534165167761458,-21.681627084909277,3.88041020585162,1.88804894015296,,,,94.6,2247,6.1,813065,665966,663993,663853,608324,596115,680776,678882,677800,54.44,,,,,,,,57,1,4-Seam Fastball,4,0,4,0,0,4,4,0,Standard,Strategic,232,0,0.037,,,,-0.037,,4,4,0.966,0.966,30,35,30,36,1,3,4,1,,2,1.73,1.03,1.03,22.6,,,,,
CU,2025-10-02,79.2,-1.49,6.23,"Arraez, Luis",650333,592791,,ball,,,,,11,Ball,F,L,R,CHC,SD,B,,,1,1,2025,0.63,-0.87,-1.9447116749418343,2.4234965771903076,,,,1,1,Top,,,,,,,-2.193306337082012,-115.40563609902912,0.036832569317141184,6.039457908799117,20.272920469972316,-40.16874576039348,3.31917350782302,1.49763102444967,,,,79.9,2505,6.6,813059,608348,683737,663538,807713,621020,664023,691718,673548,53.93,,,,,,,,2,3,Curveball,0,0,0,0,0,0,0,0,Standard,Standard,38,-0.003,0.055,,,,-0.055,,0,0,0.523,0.477,33,28,34,28,1,0,5,1,6,,4.47,-0.63,0.63,43.0,,,,,
CH,2025-10-02,88.2,-3.05,5.36,"Crow-Armstrong, Pete",691718,650633,,ball,,,,,11,Ball,F,L,R,CHC,SD,B,,,2,1,2025,-1.25,0.63,-1.5396857390044847,2.9164888607485704,,,608348,0,4,Bot,,,,,,,6.2309642591007215,-128.32637783203546,-1.2002979680577752,-15.04481908789795,24.905374090675586,-25.102624051600873,3.19117994014199,1.47307921193573,,,,88,1883,6,813059,666023,650333,630105,592518,593428,657757,701538,665487,54.46,,,,,,,,31,4,Changeup,2,0,2,0,0,2,2,0,Infield shade,Standard,255,0.01,0.116,,,,-0.116,,2,2,0.813,0.813,30,23,30,23,1,1,5,1,,2,2.28,1.25,-1.25,18.1,,,,,
SI,2025-10-02,98.6,-2.05,6.09,"Suzuki, Seiya",673548,663158,field_out,hit_into_play,,,,,5,Seiya Suzuki flies out sharply to center fielder Jackson Merrill.,F,R,R,CHC,SD,X,8,fly_ball,2,2,2025,-1.14,1.15,-0.036495339160766305,2.385457422361572,,,,0,6,Bot,136.93,63.32,,,,,8.194445152348276,-143.22599083623885,-7.349415930899842,-17.54850296718943,33.476050131754135,-14.814901371853953,3.16,1.4,337,100.4,38,99.4,2382,6.9,813059,666023,650333,630105,592518,593428,657757,701538,665487,53.63,0.259,0.5223636363636364,0,1,0,0,5,46,6,Sinker,2,0,2,0,0,2,2,0,Standard,Standard,210,-0.011,-0.232,75.7,7.4,1.029,0.232,100.4,2,2,0.843,0.843,34,30,34,31,1,2,1,1,,2,1.21,1.14,1.14,39.4,8.202975411110955,-5.19221196702425,32.14511901187878,37.34408221714728,30.639154238773756
SL,2025-10-02,88,0.26,6.07,"Sheets, Gavin",657757,573204,single,hit_into_play,,,,,6,Gavin Sheets singles on a ground ball to right fielder Seiya Suzuki.,F,L,L,CHC,SD,X,9,ground_ball,1,0,2025,-0.49,0.41,0.5465163012042075,2.594804583145461,,,,1,5,Top,168.08,126.9,,,,,1.7110415721856818,-128.23150363897057,-3.261291857689899,-5.746534397601242,22.978907384068705,-27.252942207909417,3.51,1.71,12,107.1,-12,88.7,2336,6.3,813059,608348,683737,663538,807713,621020,664023,691718,673548,54.16,0.298,0.271,0.9,1,1,0,2,35,2,Slider,2,0,0,2,0,2,0,2,Standard,Standard,200,-0.03,0.375,79.6,7.4,0.338,-0.375,107.1,2,-2,0.777,0.22299999999999998,38,29,38,29,1,1,1,1,6,,2.5,-0.49,-0.49,53.1,3.741863575044444,-2.729125386460242,23.445089602895205,36.43014709535499,33.67337890584716
FF,2025-10-02,99.7,-2.04,5.31,"Crow-Armstrong, Pete",691718,688158,single,hit_into_play,,,,,2,Pete Crow-Armstrong singles on a sharp line drive to right fielder Fernando Tatis Jr.,F,L,R,CHC,SD,X,9,line_drive,0,1,2025,-0.84,1.13,0.2699762135958411,2.7080019782833626,,,,1,8,Bot,172.22,125.66,,,,,8.26554309165588,-144.93046793151163,-4.388006929187467,-13.818843299074498,33.645788524967024,-15.380313914231682,3.11,1.47,217,109.4,12,99,2480,5.9,813059,666023,650333,630105,592518,593428,669369,701538,665487,54.55,0.856,0.873,0.9,1,1,0,5,65,2,4-Seam Fastball,3,0,3,0,0,3,3,0,Infield shade,Standard,223,0.003,0.453,73.2,6.5,1.185,-0.453,109.4,3,3,0.97,0.97,25,23,26,23,1,3,4,1,,2,1.17,0.84,-0.84,30.9,12.095134480384672,-2.893445065525427,30.21231372655563,33.04043438429797,34.687143174699145
FS,2025-10-02,87.1,-2.11,5.78,"Torkelson, Spencer",679529,671922,,ball,,,,,14,Ball,F,R,R,CLE,DET,B,,,0,1,2025,-0.56,-0.58,1.3797722402301016,-0.13667165263353231,,,,1,9,Top,,,,,,,9.754283797244527,-126.2304390183904,-6.8520695634728614,-8.190411901908993,28.528652955248607,-36.96603497960382,3.56879359364404,1.57800527269582,,,,88.5,549,7.6,813073,666310,692216,677587,608070,672356,680757,800050,671655,52.86,,,,,,,,70,2,Split-Finger,3,6,6,3,6,3,6,3,Strategic,Standard,291,0,0.029,,,,-0.029,,-3,3,0.038,0.962,26,25,26,26,1,4,1,1,,2,3.64,0.56,0.56,38.8,,,,,
SL,2025-10-02,89.6,-2.06,5.51,"Ramírez, José",608070,676684,,blocked_ball,,,,,14,Ball In Dirt,F,L,R,CLE,DET,B,,,0,0,2025,0.21,-0.24,1.8038714472581936,1.0642622774210895,677587,680757,,2,8,Bot,,,,,,,9.1164464907778,-130.24877685904306,-4.504084622652661,0.6307630867880666,25.877833921289778,-34.197849917948695,3.53193981368783,1.55355858703468,,,,89.9,2720,6.4,813073,693307,679529,650402,656716,595879,682985,678009,672761,54.07,,,,,,,,68,1,Slider,1,6,1,6,6,1,1,6,Infield shade,Standard,31,0.001,0.002,,,,-0.002,,-5,-5,0.023,0.023,30,32,30,33,1,3,2,1,2,,3.07,-0.21,0.21,47.9,,,,,
CU,2025-10-02,78.5,-1.88,5.91,"Bregman, Alex",608324,670280,walk,ball,,,,,11,Alex Bregman walks.,F,R,R,NYY,BOS,B,,,3,2,2025,0.77,-0.35,-0.88149665675932,2.9392949126799883,,,,0,9,Top,,,,,,,0.7413724130449135,-114.27928253695748,1.0853514402177693,6.546452992570188,22.056865001418895,-35.70220692364135,3.32485000581028,1.56879057879124,,,,78.3,2453,6.2,813065,669224,502671,665862,641857,683011,641355,663757,592450,54.28,,0.691497,0.7,1,0,0,,65,6,Curveball,4,0,0,4,0,4,0,4,Strategic,Standard,45,-0.016,0.356,,,,-0.356,,4,-4,0.982,0.018000000000000016,30,31,31,31,1,3,1,1,5,,4.06,-0.77,-0.77,36.8,,,,,
SI,2025-10-02,94.6,2.28,5.68,"Volpe, Anthony",683011,571927,,swinging_strike,,,,,12,Swinging Strike,F,R,L,NYY,BOS,S,,,1,1,2025,1.36,1.13,0.024877252140661055,3.534434835182501,,,665862,0,6,Bot,,,,,,,-8.970415806306718,-137.39907209057702,-2.3811943119345034,19.30735028064587,32.12094753665149,-17.596393684264047,3.41,1.62,,,,94.7,2204,6.6,813065,665966,663993,663853,608324,596115,680776,678882,677800,53.92,,,,,,,,49,3,Sinker,4,0,4,0,0,4,4,0,Standard,Standard,119,-0.002,-0.07,74.7,6.9,,0.07,,4,4,0.958,0.958,34,24,34,24,1,2,1,1,,2,1.44,1.36,-1.36,32.0,14.963191057314043,9.106225170146658,25.732526051411547,39.10156603246894,23.16235527966619
SL,2025-10-02,85.7,0.28,6.31,"McMahon, Ryan",641857,547973,,foul,,,,,3,Foul,F,L,L,NYY,BOS,S,,,0,2,2025,-0.94,0.36,0.5202504631173327,3.1495412142412684,,,502671,0,8,Bot,,,,,,,2.519603578829327,-124.79945395338694,-1.9572189069365162,-10.367842855154464,24.743364826565198,-28.22182753715696,3.54,1.65,169,70.9,20,86.9,2308,7,813065,665966,663993,663853,608324,596115,680776,678882,677800,53.5,,,,,,,,62,4,Slider,4,0,4,0,0,4,4,0,Standard,Standard,288,0,0,72.0,6.7,,0,88.0,4,4,0.989,0.989,37,30,37,31,1,0,2,1,,2,2.73,-0.94,-0.94,53.3,10.697621168775774,1.2572842036110286,34.59190269009394,34.80113568325023,24.070903688429993
FF,2025-10-02,95.3,-0.79,6.19,"Rosario, Amed",642708,686580,,foul,,,,,4,Foul,F,R,R,NYY,BOS,S,,,0,1,2025,-0.01,1.53,-0.37520856286159454,2.375853960821926,,,,2,5,Bot,,,,,,,1.1120812856307911,-138.6707003303948,-7.869391819451354,-0.329161560871719,31.113443695148774,-10.907012859725835,3.49,1.62,189,67.1,46,96.1,2441,6.8,813065,665966,663993,663853,608324,596115,680776,678882,677800,53.73,,,,,,,,43,2,4-Seam Fastball,4,0,4,0,0,4,4,0,Standard,Standard,192,-0.001,-0.057,70.1,6.9,,0.057,88.0,4,4,0.921,0.921,27,29,28,30,1,2,1,2,,5,0.98,0.01,0.01,53.4,-6.514321962607605,6.127558550893929,40.363104356115876,28.43999886647454,18.662471174521535
FF,2025-10-02,100.2,-1.36,5.37,"Tatis Jr., Fernando",665487,694037,,foul,,,,,14,Foul,F,R,R,CHC,SD,S,,,0,1,2025,-1.07,1.21,1.0000041591369946,2.535787530148645,657757,666023,,2,5,Top,,,,,,,9.174293512807408,-145.64346276456007,-5.3993259827841396,-17.351016825870587,32.958904367417695,-13.89115622850323,3.68,1.75,5,78.3,-25,101.6,2450,7,813059,608348,683737,663538,807713,621020,664023,691718,673548,53.47,,,,,,,,38,2,4-Seam Fastball,2,0,0,2,0,2,0,2,Standard,Standard,222,0.019,-0.048,49.6,6.7,,0.048,88.0,2,-2,0.749,0.251,25,26,25,26,1,2,2,1,4,,1.06,1.07,1.07,31.3,10.202845384960021,33.78666313026305,23.4559361622522,50.27360000549908,8.155114751323163
SL,2025-10-02,85.1,-1.31,6.38,"Fermin, Freddy",666023,641745,single,hit_into_play,,,,,7,Freddy Fermin singles on a line drive to left fielder Ian Happ.,F,R,R,CHC,SD,X,7,line_drive,2,2,2025,0.66,-0.86,-0.4278899208705911,1.980168714167799,,,,0,8,Top,64.02,102.48,,,,,0.7286054203572276,-123.93462832125786,-2.2991611024060954,6.677758605894708,24.862142550153706,-40.7423936438817,3.23,1.51,245,90.1,14,84.6,2826,5.9,813059,608348,683737,663538,807713,621020,664023,691718,673548,54.6,0.97,0.928,0.9,1,1,0,4,60,6,Slider,3,0,0,3,0,3,0,3,Standard,Standard,41,-0.046,0.465,68.5,7.6,1.134,-0.465,90.1,3,-3,0.931,0.06899999999999995,29,30,30,30,1,2,2,1,6,,4,-0.66,-0.66,51.9,9.904401644056994,-10.6198883128154,37.938763398594595,31.67138094969379,34.441558254221164
CU,2025-10-02,81.4,1.95,6.12,"Pérez, Wenceel",672761,682120,field_out,hit_into_play,,,,,8,Wenceel Pérez pops out to first baseman CJ Kayfus.,F,R,L,CLE,DET,X,3,popup,1,2,2025,-0.7,-0.22,0.1494257105227249,1.8318407195398891,650402,681481,,1,3,Top,127.1,177.34,,,,,-2.6945404058939633,-118.4972728316194,-2.524033713184922,-5.9486100324149,25.013533824041964,-33.96403974067157,3.18,1.47,62,64.6,71,81,2272,6.3,813073,666310,692216,677587,608070,672356,680757,800050,671655,54.24,0.001,0,0,1,0,0,3,19,4,Curveball,0,1,1,0,1,0,1,0,Strategic,Standard,333,0.053,-0.065,70.5,7.3,0.001,0.065,88.0,-1,1,0.327,0.673,28,25,29,26,1,1,1,1,,2,3.69,-0.7,0.7,38.9,17.39097896923929,-22.511597476507315,30.972020961778,32.77617390548833,46.93388629197369
FS,2025-10-02,86.6,-2.18,5.62,"Rocchio, Brayan",677587,640448,,foul,,,,,3,Foul,F,L,R,CLE,DET,S,,,3,2,2025,-0.36,0.17,0.3558058012539649,2.7488020074747075,,,692216,2,5,Bot,,,,,,,6.768412947570571,-126.11037732606484,-1.097225620144308,-4.984113104585309,21.197058724748988,-30.353570577877843,3.09,1.41,3,84.4,-39,87.2,889,6.3,813073,693307,679529,650402,656716,595879,682985,678009,672761,54.24,,,,,,,,39,6,Split-Finger,1,1,1,1,1,1,1,1,Infield shade,Standard,238,0,0,67.5,6.6,,0,88.0,0,0,0.535,0.535,33,24,34,24,1,1,1,1,2,,2.82,0.36,-0.36,50.2,10.398473954004976,-4.108061260554894,25.444101813146627,26.91510326639291,33.91540406510509
FS,2025-10-02,86.3,-2.15,5.6,"Rocchio, Brayan",677587,640448,,ball,,,,,12,Ball,F,L,R,CLE,DET,B,,,2,2,2025,0.09,0.74,0.03950032816800669,3.3455176531666435,,,692216,2,5,Bot,,,,,,,5.044891620410468,-125.68076802316817,-0.6743923666170075,-0.015339497872413399,23.606002234504217,-24.40642041872451,3.09638360268873,1.37736555575682,,,,86.7,822,6.4,813073,693307,679529,650402,656716,595879,682985,678009,672761,54.15,,,,,,,,39,5,Split-Finger,1,1,1,1,1,1,1,1,Infield shade,Standard,237,0.009,0.079,,,,-0.079,,0,0,0.526,0.526,33,24,34,24,1,1,1,1,2,,2.3,-0.09,0.09,53.6,,,,,
SI,2025-10-02,98.7,2.39,6.08,"Tucker, Kyle",663656,670970,fielders_choice_out,hit_into_play,,,,,3,"Cubs challenged (tag play), call on the field was upheld: Kyle Tucker reaches on a fielder's choice out, first baseman Luis Arraez to catcher Freddy Fermin. Nico Hoerner out at home.",F,L,L,CHC,SD,X,3,ground_ball,2,1,2025,1.25,0.96,0.7920615026074176,3.035307362960633,663538,,,1,7,Bot,143.4,174.9,,,,,-7.245050225747097,-143.56197337939582,-5.092239430062946,18.943948796784905,31.50232624984832,-17.852779277821984,3.44,1.62,10,60.7,-16,98.8,2559,6.3,813059,666023,650333,630105,592518,593428,669369,701538,665487,54.23,0.05,0.049,0,1,0,0,2,58,4,Sinker,3,0,3,0,0,3,3,0,Strategic,Standard,155,-0.022,-0.297,72.6,7.1,0.05,0.297,88.0,3,3,0.956,0.956,26,28,26,28,1,3,1,1,,2,1.37,1.25,1.25,44.9,3.5473682660681503,-12.400472072212132,33.44492819313542,31.7512698687683,23.65621180721817
FF,2025-10-02,94.7,2.01,6.2,"O'Hearn, Ryan",656811,519141,,ball,,,,,12,Ball,F,L,L,CHC,SD,B,,,2,2,2025,0.37,1.26,1.642803686209225,4.925882053612586,,,593428,0,7,Top,,,,,,,-1.7693983651337608,-137.9861338133955,-0.4886437133168057,5.108065318385545,30.095654359549595,-16.122413465950533,3.50203433765535,1.57349972286959,,,,93.6,2466,5.5,813059,608348,683737,663538,807713,621020,664023,691718,673548,54.95,,,,,,,,52,5,4-Seam Fastball,2,0,0,2,0,2,0,2,Infield shade,Standard,160,-0.022,0.113,,,,-0.113,,2,-2,0.762,0.238,36,31,37,32,1,2,2,1,4,,1.27,0.37,0.37,38.2,,,,,
FF,2025-10-02,93,0.77,5.82,"Dingler, Dillon",693307,676282,,ball,,,,,12,Ball,F,R,L,CLE,DET,B,,,0,0,2025,0.62,1.31,1.0313534312228665,3.9313550485138484,,,682985,0,4,Top,,,,,,,-0.7003907944279955,-135.5433010680854,-2.0159984032184504,7.857419892320311,27.734306267835027,-15.70578887660294,3.44411223547083,1.56993198656239,,,,95.1,1754,7.3,813073,666310,692216,677587,608070,672356,680757,800050,671655,53.19,,,,,,,,25,1,4-Seam Fastball,0,1,1,0,1,0,1,0,Standard,Standard,152,-0.005,0.04,,,,-0.04,,-1,1,0.341,0.659,25,26,26,27,1,1,5,1,,2,1.3,0.62,-0.62,53.0,,,,,
FF,2025-10-02,96.6,-2.18,5.81,"Torkelson, Spencer",679529,671922,,called_strike,,,,,2,Called Strike,F,R,R,CLE,DET,S,,,0,0,2025,-0.61,1.38,0.2095211550515761,3.6164781954011396,,,,1,9,Top,,,,,,,7.947663009856935,-140.43351219602886,-3.4883988565565494,-9.925727171777075,32.084913550192425,-13.352145961949512,3.60208944908149,1.69723976928896,,,,98.7,2217,7.5,813073,666310,692216,677587,608070,672356,680757,800050,671655,52.96,,,,,,,,70,1,4-Seam Fastball,3,6,6,3,6,3,6,3,Strategic,Standard,210,0,-0.039,,,,0.039,,-3,3,0.038,0.962,26,25,26,26,1,4,1,1,,2,1.07,0.61,0.61,39.3,,,,,
FF,2025-10-02,97.2,-1.19,6.36,"Fermin, Freddy",666023,641745,,foul,,,,,3,Foul,F,R,R,CHC,SD,S,,,2,2,2025,0.26,1.32,0.5492239488910915,2.889811991904887,,,,0,8,Top,,,,,,,4.0525313936079455,-141.4358439306374,-6.782680617449893,2.5761459207227015,31.310754659827598,-13.079135702384043,3.23,1.51,231,80,24,96.8,2526,6,813059,608348,683737,663538,807713,621020,664023,691718,673548,54.5,,,,,,,,60,5,4-Seam Fastball,3,0,0,3,0,3,0,3,Standard,Standard,189,0,0,68.6,6.7,,0,88.0,3,-3,0.931,0.06899999999999995,29,30,30,30,1,2,2,1,6,,1.08,-0.26,-0.26,50.1,3.189194350255767,12.827240383399186,27.83598270272518,43.728411482433714,20.252863973171763
FS,2025-10-02,82.7,-0.76,5.64,"Swanson, Dansby",621020,669093,,blocked_ball,,,,,14,Ball In Dirt,F,R,R,CHC,SD,B,,,1,2,2025,-0.71,0.56,0.8586576311848992,-0.4847901524214242,673548,608348,691718,0,2,Bot,,,,,,,5.174413141770852,-120.1671241076425,-8.706475949283972,-7.822552499345293,21.766998253430774,-25.34401601853627,3.59533371246602,1.65130974892018,,,,84.4,1466,7.3,813059,666023,650333,630105,592518,593428,657757,701538,665487,53.19,,,,,,,,16,5,Split-Finger,1,0,1,0,0,1,1,0,Strategic,Standard,238,0.007,0.009,,,,-0.009,,1,1,0.777,0.777,26,31,27,31,1,0,2,1,,2,2.77,0.71,0.71,62.6,,,,,
SI,2025-10-02,96,0.35,6.21,"Busch, Michael",683737,593974,single,hit_into_play,,,,,12,Michael Busch singles on a soft ground ball to third baseman Manny Machado.,F,L,L,CHC,SD,X,5,ground_ball,2,2,2025,1.2,0.7,1.25446455477839,3.0937510130112438,,,,0,5,Bot,91.35,176.56,,,,,-0.32300201921012545,-139.90630334563545,-4.266064235235472,15.972446306347075,28.45480448186625,-22.24916499409077,3.26,1.58,98,44.3,52,95.4,2066,5.6,813059,666023,650333,630105,592518,593428,657757,701538,665487,54.89,0.048,0.043,0.9,1,1,0,1,39,5,Sinker,2,0,2,0,0,2,2,0,Infield shade,Standard,133,0.024,0.465,60.4,5.4,0.048,-0.465,88.0,2,2,0.81,0.81,33,27,34,28,1,2,2,1,,2,1.75,1.2,1.2,44.2,3.7970298557684443,8.885519666987895,36.71770229701307,23.447501648589387,22.07654553234842
SL,2025-10-02,86.1,-2.66,5.37,"Kwan, Steven",680757,656427,field_out,hit_into_play,,,,,7,Steven Kwan flies out to left fielder Riley Greene.,F,L,R,CLE,DET,X,7,fly_ball,2,2,2025,0.51,0.39,-0.29181288655413085,1.7939510753856718,,,,0,1,Bot,81.73,74.86,,,,,4.60889909899539,-125.50101825366741,-3.148753573310736,4.594748437135321,22.70835179936265,-27.598741504676184,3.15,1.43,326,93.5,35,86.9,2528,6.4,813073,693307,679529,650402,656716,595879,682985,678009,672761,54.05,0.063,0.109,0,1,0,0,3,5,5,Slider,0,0,0,0,0,0,0,0,Standard,Standard,134,-0.019,-0.232,70.0,6.8,0.202,0.232,93.5,0,0,0.545,0.545,29,27,30,28,1,0,8,1,5,,2.64,-0.51,0.51,26.8,9.084398327857636,-8.508750149024468,39.83912583972972,33.569719631990694,34.343935346365626
CH,2025-10-02,87.7,-2.28,5.34,"Rocchio, Brayan",677587,592454,,swinging_strike,,,,,7,Swinging Strike,F,L,R,CLE,DET,S,,,0,0,2025,-1.1,0.2,-0.28945762973331424,1.3227067108513788,,,,1,8,Bot,,,,,,,7.165966437136988,-127.59518117400714,-4.067443746717786,-13.502338058612956,25.189562951561456,-29.347194809562072,3.09,1.41,,,,88.7,1284,6.8,813073,693307,679529,650402,656716,595879,682985,678009,672761,53.69,,,,,,,,65,1,Changeup,1,6,1,6,6,1,1,6,Standard,Standard,252,-0.001,-0.039,75.1,8.0,,0.039,,-5,-5,0.013,0.013,35,24,36,24,1,2,6,1,2,,2.75,1.1,-1.1,28.1,18.97507611524993,-23.59962001418709,35.05790589424785,33.34125457650024,43.59134969880283
SI,2025-10-02,96.4,-1.61,5.79,"Fermin, Freddy",666023,552640,field_out,hit_into_play,,,,,5,Freddy Fermin flies out sharply to center fielder Pete Crow-Armstrong.,F,R,R,CHC,SD,X,8,fly_ball,0,0,2025,-1.28,0.73,0.1075324193270768,2.4479135831405365,656811,669369,,2,9,Top,118.2,56.71,,,,,7.525338346529674,-140.06732678711924,-4.930077500851261,-18.56488877853768,33.519484209314044,-21.646319170704377,3.23,1.51,353,101.1,39,96.6,2484,6.6,813059,608348,683737,663538,807713,621020,664023,691718,673548,53.86,0.281,0.5714999999999999,0,1,0,0,5,72,1,Sinker,3,1,1,3,1,3,1,3,Standard,Standard,216,0.115,-0.305,77.3,7.6,1.123,0.305,101.1,2,-2,0.885,0.11499999999999999,35,30,35,30,1,3,1,1,6,,1.74,1.28,1.28,41.5,13.174823143518488,-0.891808063695171,28.663430264553945,40.39780412522304,32.95355160939252
FF,2025-10-02,97.7,-1.91,5.69,"Valera, George",671655,676684,strikeout,called_strike,,,,,7,George Valera called out on strikes.,F,L,R,CLE,DET,S,2,,2,2,2025,-0.54,1.43,-0.5997204431624421,1.9838570949627963,677587,680757,,1,8,Bot,,,,,,,4.765730330053665,-142.11393811178365,-7.771194420486907,-8.391203236580306,32.083907656425,-11.209287579873612,3.53737615653392,1.58597584343857,,,,97.7,2355,6.3,813073,693307,679529,650402,656716,595879,682985,678009,672761,54.25,,0,0,1,0,0,,67,5,4-Seam Fastball,1,6,1,6,6,1,1,6,Standard,Standard,213,-0.026,-0.317,,,,0.317,,-5,-5,0.049,0.049,30,24,30,25,1,3,2,1,2,,0.96,0.54,-0.54,51.8,,,,,
ST,2025-10-02,83,1.71,5.66,"DeLauter, Chase",800050,663947,strikeout,swinging_strike,,,,,13,Chase DeLauter strikes out swinging.,F,L,L,CLE,DET,S,2,,0,2,2025,-0.9,0.17,-0.9207906897164047,1.8285862245610462,,,,1,7,Bot,,,,,,,-4.278187442473721,-120.79521894761355,-2.6039720108299695,-7.968157005855989,24.134538394266027,-30.242668194698165,3.49,1.601,,,,83.2,2794,6.5,813073,693307,679529,650402,656716,595879,682985,678009,672761,54.01,,0,0,1,0,0,,58,3,Sweeper,1,6,1,6,6,1,1,6,Infield shade,Standard,297,-0.004,-0.163,68.5,8.2,,0.163,,-5,-5,0.025,0.025,29,23,29,24,1,2,1,1,2,,3.15,-0.9,-0.9,34.6,17.221143832051688,-21.078699457565047,23.126189383250264,48.720629870302055,47.500044989222815
SL,2025-10-02,87.6,-2.41,6.32,"Torres, Gleyber",650402,683769,field_out,hit_into_play,,,,,12,"Gleyber Torres grounds out, pitcher Hunter Gaddis to first baseman CJ Kayfus. Parker Meadows to 2nd.",F,R,R,CLE,DET,X,1,ground_ball,2,2,2025,0.59,0.16,0.9614749361830067,3.1687445653907274,595879,,678009,0,7,Top,126.44,183.28,,,,,7.020305629184966,-127.44218939024938,-1.8803384642093102,5.13411689356566,24.07709155765138,-30.24030359216672,3.23,1.51,30,86.7,-4,89.2,2366,7.1,813073,666310,692216,677587,608070,672356,680757,800050,671655,53.41,0.184,0.17,0,1,0,0,2,49,5,Slider,1,2,2,1,2,1,2,1,Strategic,Standard,115,0.025,-0.205,57.9,6.9,0.184,0.205,88.0,-1,1,0.188,0.812,27,28,27,29,1,3,1,1,,2,2.79,-0.59,-0.59,38.8,9.021365771143984,11.079919275515067,24.59412327652329,47.196861440695486,22.890262828228852
CH,2025-10-02,82.8,2.46,5.63,"Volpe, Anthony",683011,571927,,ball,,,,,14,Ball,F,R,L,NYY,BOS,B,,,0,1,2025,1.52,-0.23,1.3188152003793043,2.1506496294544446,,,665862,0,6,Bot,,,,,,,-5.59670944384446,-120.40300396168676,-0.9542500060646089,15.835805304993846,24.814602439348707,-34.3923711476511,3.40430517411469,1.56879057879124,,,,83,2367,6.6,813065,665966,663993,663853,608324,596115,680776,678882,677800,53.91,,,,,,,,49,2,Changeup,4,0,4,0,0,4,4,0,Standard,Standard,83,0.001,0.034,,,,-0.034,,4,4,0.957,0.957,34,24,34,24,1,2,1,1,,2,3.57,1.52,-1.52,29.8,,,,,
FS,2025-10-02,92.7,-1.57,6.02,"Bregman, Alex",608324,670280,,ball,,,,,14,Ball,F,R,R,NYY,BOS,B,,,2,2,2025,-0.44,0.62,1.800030423801743,1.6672441893327603,,,,0,9,Top,,,,,,,9.567979139454863,-134.55080748804096,-6.661624526851062,-7.422579363769154,30.253473724679267,-23.28591801433668,3.40430517411469,1.54217388243082,,,,92.7,1802,6.5,813065,669224,502671,665862,641857,683011,641355,663757,592450,53.98,,,,,,,,65,5,Split-Finger,4,0,0,4,0,4,0,4,Strategic,Standard,220,-0.004,0.112,,,,-0.112,,4,-4,0.986,0.014000000000000012,30,31,31,31,1,3,1,1,5,,2.05,0.44,0.44,40.3,,,,,
CH,2025-10-02,91.1,-2.02,5.96,"Suzuki, Seiya",673548,663158,,ball,,,,,14,Ball,F,R,R,CHC,SD,B,,,1,2,2025,-1.37,0.47,0.3023156236692506,-0.502738578995656,,,,0,6,Bot,,,,,,,8.840392133703306,-131.95595139960935,-11.390293964400943,-17.916154457221932,27.371033655756936,-24.37986060099866,3.19119141588982,1.40752937811643,,,,91.8,1797,6.9,813059,666023,650333,630105,592518,593428,657757,701538,665487,53.62,,,,,,,,46,5,Changeup,2,0,2,0,0,2,2,0,Standard,Standard,236,0.002,0.043,,,,-0.043,,2,2,0.841,0.841,34,30,34,31,1,2,1,1,,2,2.29,1.37,1.37,34.9,,,,,
CU,2025-10-02,76,-1.66,6.01,"Torres, Gleyber",650402,677944,,ball,,,,,14,Ball,F,R,R,CLE,DET,B,,,2,2,2025,0.78,-1.28,0.7015893479039796,1.0008642396998786,,,,0,1,Top,,,,,,,3.5633336854736295,-110.51356026289783,-0.9970087682409562,5.543156816821626,22.92021290384015,-42.61465100378231,3.29024821544889,1.49148202421712,,,,75.7,2589,6.5,813073,666310,692216,677587,608070,672356,680757,800050,671655,54,,,,,,,,1,5,Curveball,0,0,0,0,0,0,0,0,Strategic,Strategic,40,-0.008,0.112,,,,-0.112,,0,0,0.503,0.497,26,28,26,29,1,0,6,1,,2,5.29,-0.78,-0.78,48.3,,,,,
FF,2025-10-02,94.1,0.92,6,"Báez, Javier",595879,681870,,swinging_strike,,,,,12,Swinging Strike,F,R,L,CLE,DET,S,,,0,0,2025,0.96,1.72,0.4412881326859258,3.8350568863497814,,,,0,7,Top,,,,,,,-3.4042256439293612,-137.03800029832664,-3.7587336412006094,12.884392282175915,30.802859562427084,-9.905229327125006,3.52,1.64,,,,94.8,2642,6.7,813073,666310,692216,677587,608070,672356,680757,800050,671655,53.81,,,,,,,,47,1,4-Seam Fastball,1,2,2,1,2,1,2,1,Standard,Standard,149,0.004,-0.039,74.0,7.4,,0.039,,-1,1,0.308,0.692,27,32,28,33,1,2,1,1,,2,0.85,0.96,-0.96,45.2,5.0069352073073,16.275170638851407,20.723199134609175,39.09606518150117,18.34065422224102
CH,2025-10-02,89,-3.2,5.32,"Crow-Armstrong, Pete",691718,650633,,ball,,,,,14,Ball,F,L,R,CHC,SD,B,,,1,1,2025,-1.41,0.65,0.5374723793344889,1.3536535688296694,,,608348,0,4,Bot,,,,,,,12.043826788846326,-129.10150170652244,-5.022653330173959,-18.21878988814614,25.703508824902986,-23.986330211871742,3.25432661799139,1.50488879119835,,,,88.5,1952,6.1,813059,666023,650333,630105,592518,593428,657757,701538,665487,54.42,,,,,,,,31,3,Changeup,2,0,2,0,0,2,2,0,Infield shade,Standard,252,0.005,0.044,,,,-0.044,,2,2,0.808,0.808,30,23,30,23,1,1,5,1,,2,2.23,1.41,-1.41,19.3,,,,,
FC,2025-10-02,95.9,-1.79,6.52,"Duran, Jarren",680776,693645,,ball,,,,,12,Ball,F,L,R,NYY,BOS,B,,,1,2,2025,0.7,0.7,0.246117513606111,4.889891048171907,,,,0,1,Top,,,,,,,3.823957065868624,-139.74384846747427,-0.28953351546945655,8.247051634612777,31.624660088292266,-23.169757495256405,3.66894478231045,1.64863024387784,,,,96.2,2419,6.4,813065,669224,700250,665862,642708,683011,641355,663757,592450,54.12,,,,,,,,1,5,Cutter,0,0,0,0,0,0,0,0,Strategic,Standard,161,-0.004,0.043,,,,-0.043,,0,0,0.507,0.493,24,28,24,29,1,0,5,1,6,,1.77,-0.7,0.7,42.1,,,,,
ST,2025-10-02,82,0.48,5.93,"Sheets, Gavin",657757,573204,,ball,,,,,7,Ball,F,L,L,CHC,SD,B,,,0,0,2025,-1.1,0.34,-0.810136702634459,1.8572217812471092,,,,1,5,Top,,,,,,,-0.7881840230273666,-119.59746649720272,-3.4256539761439835,-10.524224506379555,20.61908111867695,-28.520862870365313,3.42059755387902,1.6848911285941,,,,82.8,2533,6.5,813059,608348,683737,663538,807713,621020,664023,691718,673548,54.04,,,,,,,,35,1,Sweeper,2,0,0,2,0,2,0,2,Standard,Standard,300,-0.003,0.039,,,,-0.039,,2,-2,0.78,0.21999999999999997,38,29,38,29,1,1,1,1,6,,3.01,-1.1,-1.1,48.7,,,,,
FF,2025-10-02,93.1,-1.38,6.15,"Arraez, Luis",650333,592791,,ball,,,,,11,Ball,F,L,R,CHC,SD,B,,,0,1,2025,-0.78,1.31,-0.2941936847603204,4.437452366929304,,,,1,1,Top,,,,,,,4.528649758603288,-135.53389278053518,-1.5552515828754323,-10.5279483269433,27.92348893953224,-15.836484373702577,3.29438947350747,1.53984454652583,,,,94,2289,6.7,813059,608348,683737,663538,807713,621020,664023,691718,673548,53.81,,,,,,,,2,2,4-Seam Fastball,0,0,0,0,0,0,0,0,Standard,Standard,214,-0.001,0.029,,,,-0.029,,0,0,0.524,0.476,33,28,34,28,1,0,5,1,6,,1.31,0.78,-0.78,45.7,,,,,
FC,2025-10-02,91.8,-0.99,6.15,"Rosario, Amed",642708,686580,,called_strike,,,,,4,Called Strike,F,R,R,NYY,BOS,S,,,0,0,2025,0.35,0.63,-0.5008562092143622,2.3351405746278067,,,,2,5,Bot,,,,,,,0.4838676679862166,-133.75123985624904,-5.234177027712972,4.140794757172583,27.836034749346386,-23.729042126957342,3.64249587799999,1.72845369005519,,,,92.9,2625,6.8,813065,665966,663993,663853,608324,596115,680776,678882,677800,53.69,,,,,,,,43,1,Cutter,4,0,4,0,0,4,4,0,Standard,Standard,171,0,-0.043,,,,0.043,,4,4,0.921,0.921,27,29,28,30,1,2,1,2,,5,2.06,-0.35,-0.35,48.8,,,,,
FF,2025-10-02,94.6,1.77,5.8,"Pérez, Wenceel",672761,682120,,foul,,,,,12,Foul,F,R,L,CLE,DET,S,,,1,1,2025,0.72,1.1,1.504748335149925,2.6933738530070004,650402,681481,,1,3,Top,,,,,,,-2.297680247415546,-137.82412726243516,-4.955552927757118,9.678282176708121,28.029558085918225,-17.271776097482103,3.18,1.47,203,77.5,54,95.4,2209,6.5,813073,666310,692216,677587,608070,672356,680757,800050,671655,54,,,,,,,,19,3,4-Seam Fastball,0,1,1,0,1,0,1,0,Infield shade,Standard,132,0.019,-0.094,59.1,6.8,,0.094,88.0,-1,1,0.308,0.692,28,25,29,26,1,1,1,1,,2,1.43,0.72,-0.72,29.8,-2.501099043525818,12.334541111762675,18.996162857820377,48.14526758495903,18.5738078636702
FF,2025-10-02,99.9,-1.96,5.52,"Crow-Armstrong, Pete",691718,688158,,swinging_strike,,,,,3,Swinging Strike,F,L,R,CHC,SD,S,,,0,0,2025,-0.71,1.33,0.46636536431619424,3.027704116859103,,,,1,8,Bot,,,,,,,8.30990205095933,-145.3285059837809,-4.61740634239787,-11.956556752866591,32.14603161354077,-12.420549544051312,3.11,1.47,,,,99.7,2568,6.1,813059,666023,650333,630105,592518,593428,669369,701538,665487,54.45,,,,,,,,65,1,4-Seam Fastball,3,0,3,0,0,3,3,0,Infield shade,Standard,219,0,-0.039,75.5,6.4,,0.039,,3,3,0.97,0.97,25,23,26,23,1,3,4,1,,2,0.95,0.71,-0.71,34.8,10.504336114904792,2.507693619817039,32.42754652697186,30.902146835730484,29.75834901242776
SI,2025-10-02,94.2,-2.37,5.12,"Bellinger, Cody",641355,669711,field_out,hit_into_play,,,,,4,"Cody Bellinger grounds out, first baseman Nathaniel Lowe to pitcher Greg Weissert.",F,L,R,NYY,BOS,X,3,ground_ball,0,0,2025,-1.46,0.14,-0.3080460020424345,2.5054965251108663,,,,1,7,Bot,152,162,,,,,8.528232047115207,-136.7580236951151,-1.2869529882932231,-20.25307435389088,34.47120340241201,-30.290347108249723,3.81,1.78,49,70.9,2,92.9,2062,6,813065,665966,663993,663853,608324,596115,680776,678882,677800,54.53,0.156,0.144,0,1,0,0,2,56,1,Sinker,4,0,4,0,0,4,4,0,Infield shade,Standard,243,-0.002,-0.254,70.8,7.8,0.159,0.254,88.0,4,4,0.968,0.968,30,29,30,30,1,3,4,1,,2,2.47,1.46,-1.46,14.4,17.96175249630509,-12.910614036164928,33.77937568785295,33.998119689779344,35.14874967365542
FF,2025-10-02,92.2,-2.2,4.9,"Dingler, Dillon",693307,670036,,ball,,,,,14,Ball,F,R,R,CLE,DET,B,,,2,2,2025,0.07,1.2,1.2389875444481135,2.044372491384336,,679529,682985,1,7,Top,,,,,,,8.618638124338872,-134.08019646644573,-4.024395478558618,-1.080646783205526,29.077582604783093,-17.063286905611054,3.44519115944705,1.54758417020807,,,,92.4,2627,6.4,813073,666310,692216,677587,608070,672356,680757,800050,671655,54.06,,,,,,,,54,5,4-Seam Fastball,1,6,6,1,6,1,6,1,Standard,Standard,207,-0.002,0.096,,,,-0.096,,-5,5,0.028,0.972,32,26,32,27,1,3,4,1,,2,1.49,-0.07,-0.07,24.1,,,,,
FF,2025-10-02,99.1,0.34,6.23,"McMahon, Ryan",641857,547973,,foul,,,,,2,Foul,F,L,L,NYY,BOS,S,,,0,2,2025,0.36,1.49,-0.19677905936006174,3.116744804978583,,,502671,0,8,Bot,,,,,,,-2.3344060491787273,-144.1353500049769,-6.57981139457729,5.539115639826856,37.033919370744265,-10.053896403661776,3.54,1.65,191,79.8,17,99.8,2338,6.9,813065,665966,663993,663853,608324,596115,680776,678882,677800,53.58,,,,,,,,62,3,4-Seam Fastball,4,0,4,0,0,4,4,0,Standard,Standard,155,0,0,73.7,7.0,,0,88.0,4,4,0.989,0.989,37,30,37,31,1,0,2,1,,2,0.85,0.36,0.36,45.9,8.270352502266292,12.085730728055275,31.210862517346996,43.67890106837784,18.172247316751392
FF,2025-10-02,95.4,-1.96,5.6,"Happ, Ian",664023,506433,,called_strike,,,,,5,Called Strike,F,L,R,CHC,SD,S,,,0,0,2025,-0.66,1.43,-0.2010841355660522,2.5238494041967607,,,663538,1,1,Bot,,,,,,,6.153392390353323,-138.64756016413858,-5.6676484275072045,-9.899954046245668,32.04519796588612,-12.622928307457311,3.62236434800014,1.66277713668841,,,,95.7,2453,6.6,813059,666023,650333,630105,592518,593428,657757,701538,665487,53.87,,,,,,,,6,1,4-Seam Fastball,0,0,0,0,0,0,0,0,Infield shade,Standard,211,-0.004,-0.04,,,,0.04,,0,0,0.551,0.551,38,30,39,31,1,0,6,1,,2,1.08,0.66,-0.66,35.4,,,,,
SL,2025-10-02,81.3,-2.29,5.69,"Torres, Gleyber",650402,596001,,called_strike,,,,,11,Called Strike,F,R,R,CLE,DET,S,,,1,1,2025,1.29,0.02,-0.8791227072748815,2.5437759613428432,,,,1,8,Top,,,,,,,0.6811670875808857,-118.36041010827151,-0.45734535492768114,11.95946908050433,24.07432159761274,-32.147010478759796,3.2586591423106,1.4516375689647,,,,80.2,2573,5.6,813073,666310,692216,677587,608070,672356,680757,800050,671655,54.86,,,,,,,,62,3,Slider,1,6,6,1,6,1,6,1,Standard,Strategic,72,0.001,-0.064,,,,0.064,,-5,5,0.019,0.981,32,28,33,29,1,4,1,1,,2,3.45,-1.29,-1.29,26.0,,,,,
SI,2025-10-02,94,2.83,5.39,"Grisham, Trent",663757,813349,strikeout,called_strike,,,,,7,Trent Grisham called out on strikes.,F,L,L,NYY,BOS,S,2,,2,2,2025,1.59,0.72,-0.4161870640047751,2.230202848111643,,,,0,1,Bot,,,,,,,-12.070770575441962,-136.2690170882941,-4.010470278072967,22.622034516996948,32.364356636426045,-22.488685067120635,3.77470578008238,1.6752398983233,,,,94.6,2149,7,813065,665966,663993,663853,608324,596115,680776,678882,677800,53.49,,0,0,1,0,0,,4,5,Sinker,0,0,0,0,0,0,0,0,Infield shade,Standard,125,-0.019,-0.232,,,,0.232,,0,0,0.545,0.545,23,28,23,29,1,0,5,1,,2,1.9,1.59,1.59,32.3,,,,,
FF,2025-10-02,99.8,-1.43,5.37,"Tatis Jr., Fernando",665487,694037,,called_strike,,,,,5,Called Strike,F,R,R,CHC,SD,S,,,0,0,2025,-1,1.26,0.2741343683995545,2.558622181264683,657757,666023,,2,5,Top,,,,,,,7.118862241518599,-145.12511687185366,-5.3916587625276815,-15.759053253472752,33.090096457186796,-13.217017469704185,3.76239520920386,1.77422465323191,,,,101,2480,6.9,813059,608348,683737,663538,807713,621020,664023,691718,673548,53.59,,,,,,,,38,1,4-Seam Fastball,2,0,0,2,0,2,0,2,Standard,Standard,225,0.011,-0.036,,,,0.036,,2,-2,0.738,0.262,25,26,25,26,1,2,2,1,4,,1.02,1,1,26.9,,,,,
FC,2025-10-02,88.4,-2.09,5.69,"Torres, Gleyber",650402,677944,,foul_tip,,,,,6,Foul Tip,F,R,R,CLE,DET,S,,,2,1,2025,0.33,0.55,0.6148071760696234,2.195396930278131,,,,0,1,Top,,,,,,,5.938833427254308,-128.7323777127554,-3.6512039575818576,2.5233358991015518,25.101386645497975,-25.49192629966151,3.23,1.51,,,,89,2267,6.5,813073,666310,692216,677587,608070,672356,680757,800050,671655,54.02,,,,,,,,1,4,Cutter,0,0,0,0,0,0,0,0,Strategic,Standard,193,0.007,-0.073,68.6,7.6,,0.073,,0,0,0.496,0.504,26,28,26,29,1,0,6,1,,2,2.35,-0.33,-0.33,35.0,7.648648985346906,11.564629198753968,35.14060437291418,42.01949852330948,25.47386909827042
FF,2025-10-02,95,1.97,6.18,"O'Hearn, Ryan",656811,519141,,ball,,,,,11,Ball,F,L,L,CHC,SD,B,,,1,2,2025,0.31,1.38,-1.5484788781579892,3.319633958647798,,,593428,0,7,Top,,,,,,,-9.823950988688136,-137.99588421480794,-4.895380904428687,6.081218086170264,28.969245617868054,-13.602485735290172,3.47403295748744,1.63708424496583,,,,94.3,2580,5.8,813059,608348,683737,663538,807713,621020,664023,691718,673548,54.65,,,,,,,,52,4,4-Seam Fastball,2,0,0,2,0,2,0,2,Infield shade,Standard,162,-0.008,0.036,,,,-0.036,,2,-2,0.77,0.22999999999999998,36,31,37,32,1,2,2,1,4,,1.14,0.31,0.31,38.4,,,,,
CH,2025-10-02,90.5,-2.1,5.57,"Valera, George",671655,676684,,ball,,,,,13,Ball,F,L,R,CLE,DET,B,,,1,2,2025,-1.15,0.79,-0.9555243696593496,1.7701390139188165,677587,680757,,1,8,Bot,,,,,,,5.333888565361095,-131.6958221156705,-5.276163307027457,-14.533725827804028,26.98328520768327,-22.0196406877272,3.46877477750897,1.60837249760617,,,,90.8,1629,6.4,813073,693307,679529,650402,656716,595879,682985,678009,672761,54.08,,,,,,,,67,4,Changeup,1,6,1,6,6,1,1,6,Infield shade,Standard,235,0.004,0.038,,,,-0.038,,-5,-5,0.045,0.045,30,24,30,25,1,3,2,1,2,,1.98,1.15,-1.15,51.6,,,,,
SI,2025-10-02,98.4,2.31,6.06,"Tucker, Kyle",663656,670970,,ball,,,,,4,Ball,F,L,L,CHC,SD,B,,,1,1,2025,1.14,0.77,-0.7341462483769647,2.573488882497069,663538,,,1,7,Bot,,,,,,,-10.90010819559095,-142.87804250521765,-5.773177138415007,18.10645187348019,32.2798399261759,-20.443736464762758,3.49071232333429,1.63201352881953,,,,98.4,2529,6.4,813059,666023,650333,630105,592518,593428,669369,701538,665487,54.13,,,,,,,,58,3,Sinker,3,0,3,0,0,3,3,0,Strategic,Standard,149,0.001,0.027,,,,-0.027,,3,3,0.955,0.955,26,28,26,28,1,3,1,1,,2,1.59,1.14,1.14,42.7,,,,,
ST,2025-10-02,83.5,-2.18,5,"Dingler, Dillon",693307,670036,,foul_tip,,,,,14,Foul Tip,F,R,R,CLE,DET,S,,,2,1,2025,1.27,0.25,0.924148893454344,2.0199625017436293,,679529,682985,1,7,Top,,,,,,,4.6441587002679645,-121.57650676777013,-0.8797169871995767,11.58162858344257,25.386657549861795,-29.763446722686332,3.37,1.51,,,,83.3,2713,6.3,813073,666310,692216,677587,608070,672356,680757,800050,671655,54.23,,,,,,,,54,4,Sweeper,1,6,6,1,6,1,6,1,Strategic,Standard,65,0.002,-0.063,66.2,7.4,,0.063,,-5,5,0.026,0.974,32,26,32,27,1,3,4,1,,2,3.03,-1.27,-1.27,30.7,2.050532173099797,15.648032598887834,38.78751529679617,46.25971846098237,21.89363508324506
ST,2025-10-02,81.4,1.78,5.62,"DeLauter, Chase",800050,663947,,foul,,,,,4,Foul,F,L,L,CLE,DET,S,,,0,1,2025,-1.2,0.38,-0.36261207453031985,2.4192920946830103,,,,1,7,Bot,,,,,,,-2.5149893879382303,-118.56053781645527,-1.2987073944014274,-10.815796478170096,23.523116282133802,-28.54602434730741,3.49,1.601,178,67.6,37,81.6,2853,6.5,813073,693307,679529,650402,656716,595879,682985,678009,672761,54.01,,,,,,,,58,2,Sweeper,1,6,1,6,6,1,1,6,Standard,Standard,285,-0.001,-0.052,71.1,7.4,,0.052,88.0,-5,-5,0.026,0.026,29,23,29,24,1,2,1,1,2,,3.06,-1.2,-1.2,33.6,7.963581998579933,2.86876931297978,31.021940948100017,43.400739260056,28.836412925774773
FS,2025-10-02,81.2,-0.63,5.63,"Swanson, Dansby",621020,669093,,foul,,,,,5,Foul,F,R,R,CHC,SD,S,,,1,2,2025,-0.79,0.37,-0.10284647245303324,2.2837400569326936,673548,608348,691718,0,2,Bot,,,,,,,2.735587815429552,-118.23813386101706,-1.628336440556403,-7.94060058835896,21.588289448848453,-28.639115889691574,3.59,1.69,6,67.3,-24,82.8,1286,7.2,813059,666023,650333,630105,592518,593428,657757,701538,665487,53.29,,,,,,,,16,4,Split-Finger,1,0,1,0,0,1,1,0,Strategic,Standard,239,0,0,65.1,8.6,,0,88.0,1,1,0.777,0.777,26,31,27,31,1,0,2,1,,2,3.07,0.79,0.79,59.0,31.714153088869338,-32.60484105250635,31.07672335912315,35.93885023473467,50.76965280085318
FF,2025-10-02,92.6,-2.54,5.47,"Kwan, Steven",680757,656427,,ball,,,,,12,Ball,F,L,R,CLE,DET,B,,,1,2,2025,-0.74,1.22,0.06667523590853697,3.9978639634870623,,,,0,1,Bot,,,,,,,8.323299961365368,-134.67980911134046,-0.6240134173946581,-10.847370310813599,28.977309054618548,-17.418439590097613,3.21936768611302,1.48748951849707,,,,93.2,2284,6.7,813073,693307,679529,650402,656716,595879,682985,678009,672761,53.84,,,,,,,,5,4,4-Seam Fastball,0,0,0,0,0,0,0,0,Standard,Standard,208,0.004,0.043,,,,-0.043,,0,0,0.541,0.541,29,27,30,28,1,0,8,1,5,,1.44,0.74,-0.74,30.0,,,,,
SL,2025-10-02,89.5,0.84,5.81,"Busch, Michael",683737,593974,,foul,,,,,5,Foul,F,L,L,CHC,SD,S,,,2,1,2025,-0.03,0.47,0.11390087112015326,2.41246844847331,,,,0,5,Bot,,,,,,,-1.70819212831543,-130.4491070888575,-3.4587151864740395,-0.028961613493269523,23.85101257681502,-26.3106245130253,3.26,1.58,181,85.4,66,89.5,2320,5.9,813059,666023,650333,630105,592518,593428,657757,701538,665487,54.61,,,,,,,,39,4,Slider,2,0,2,0,0,2,2,0,Infield shade,Standard,139,-0.004,-0.073,71.6,6.8,,0.073,88.0,2,2,0.814,0.814,33,27,34,28,1,2,2,1,,2,2.34,-0.03,-0.03,37.1,12.810094929539261,-1.663516212025483,37.859490524143254,37.70220157900128,33.487249022528395
FS,2025-10-02,88.3,-2.22,5.61,"Rocchio, Brayan",677587,640448,,blocked_ball,,,,,13,Ball In Dirt,F,L,R,CLE,DET,B,,,1,2,2025,-0.89,0.3,-0.10999310798218775,0.08642238329985608,,,692216,2,5,Bot,,,,,,,7.036508890508342,-128.25983942704732,-8.056231552606231,-11.203945159539689,24.194387488165606,-27.449870876362272,3.04133170335128,1.35301997245984,,,,89.1,1046,6.7,813073,693307,679529,650402,656716,595879,682985,678009,672761,53.82,,,,,,,,39,4,Split-Finger,1,1,1,1,1,1,1,1,Infield shade,Standard,227,0.004,0.033,,,,-0.033,,0,0,0.522,0.522,33,24,34,24,1,1,1,1,2,,2.61,0.89,-0.89,48.4,,,,,
CH,2025-10-02,83,-2.04,5.7,"Torres, Gleyber",650402,596001,,foul,,,,,9,Foul,F,R,R,CLE,DET,S,,,1,0,2025,-1.03,0.18,0.3084522556128113,1.9144009964184785,,,,1,8,Top,,,,,,,7.338954870567299,-120.7581015220729,-2.559800593276586,-11.508566007991869,22.637327281936567,-30.071629972633982,3.23,1.51,2,67.1,-38,82.7,1289,6,813073,666310,692216,677587,608070,672356,680757,800050,671655,54.48,,,,,,,,62,2,Changeup,1,6,6,1,6,1,6,1,Strategic,Strategic,228,0,-0.049,71.7,8.0,,0.049,88.0,-5,5,0.019,0.981,32,28,33,29,1,4,1,1,,2,3.11,1.03,1.03,30.1,14.300895052253809,-7.32318651103255,37.23212987144836,39.83876125118553,35.93566617013717
CH,2025-10-02,88.6,-2.31,5.47,"Kayfus, CJ",692216,592454,field_out,hit_into_play,,,,,13,"CJ Kayfus grounds out, shortstop Javier Báez to first baseman Spencer Torkelson.",F,L,R,CLE,DET,X,6,ground_ball,1,2,2025,-0.97,0.1,-0.9490746069210332,2.421794665646544,,,,0,8,Bot,126.44,143.28,,,,,5.376976036162086,-129.05493257995533,-1.6367487791574717,-11.921575566860467,25.926807230649583,-30.921519083177547,3.47,1.61,42,101,-1,89.3,1302,6.6,813073,693307,679529,650402,656716,595879,682985,678009,672761,53.9,0.403,0.362,0,1,0,0,4,64,4,Changeup,1,6,1,6,6,1,1,6,Infield shade,Standard,256,-0.006,-0.189,70.8,6.5,0.426,0.189,101.0,-5,-5,0.019,0.019,35,23,36,24,1,2,6,1,2,,2.79,0.97,-0.97,31.2,4.339034523647109,12.473747981981862,32.87529581015264,41.39701928794469,26.58444544236171
SL,2025-10-02,89,-2.25,5.06,"Kelly, Carson",608348,688158,strikeout,swinging_strike,,,,,14,Carson Kelly strikes out swinging.,F,R,R,CHC,SD,S,2,,1,2,2025,0.25,-0.16,0.8523624783646067,0.9812152156827554,,,,0,8,Bot,,,,,,,7.035342619486351,-129.46929161150376,-3.6660386897057524,1.4677108413917448,24.43825130447517,-33.494712122226524,3.39,1.68,,,,88.7,2381,5.9,813059,666023,650333,630105,592518,593428,669369,701538,665487,54.58,,0,0,1,0,0,,64,4,Slider,3,0,3,0,0,3,3,0,Standard,Standard,125,-0.001,-0.189,65.8,8.5,,0.189,,3,3,0.971,0.971,25,30,26,31,1,3,4,1,,2,3.02,-0.25,-0.25,25.6,29.299706764146134,-34.05641660735442,37.42182863366946,49.232696380507406,49.72981981217009
FF,2025-10-02,93.1,-1.46,6.08,"Arraez, Luis",650333,592791,,called_strike,,,,,4,Called Strike,F,L,R,CHC,SD,S,,,0,0,2025,-0.73,1.53,-0.7730163882113184,2.6335782232287404,,,,1,1,Top,,,,,,,3.3707857867177866,-135.46995913826672,-6.483749638307718,-9.674635746885356,28.385270486829587,-12.15286717809991,3.13968825508886,1.5775128383893,,,,94,2425,6.7,813059,608348,683737,663538,807713,621020,664023,691718,673548,53.79,,,,,,,,2,1,4-Seam Fastball,0,0,0,0,0,0,0,0,Standard,Standard,212,0.002,-0.039,,,,0.039,,0,0,0.522,0.478,33,28,34,28,1,0,5,1,6,,1.09,0.73,-0.73,38.2,,,,,
SI,2025-10-02,94.2,2.43,5.76,"Volpe, Anthony",683011,571927,,called_strike,,,,,2,Called Strike,F,R,L,NYY,BOS,S,,,0,0,2025,1.32,1.08,0.16492500614539218,3.25551167313082,,,665862,0,6,Bot,,,,,,,-8.878204392364053,-136.84804643437542,-3.1793836334660477,18.584422948211287,31.889989727081133,-18.137248126686426,3.45725939538842,1.56879057879124,,,,94.7,2172,6.8,813065,665966,663993,663853,608324,596115,680776,678882,677800,53.72,,,,,,,,49,1,Sinker,4,0,4,0,0,4,4,0,Standard,Standard,122,-0.001,-0.043,,,,0.043,,4,4,0.958,0.958,34,24,34,24,1,2,1,1,,2,1.51,1.32,-1.32,36.3,,,,,
ST,2025-10-02,84.2,2.9,5.44,"Grisham, Trent",663757,813349,,ball,,,,,13,Ball,F,L,L,NYY,BOS,B,,,1,2,2025,-1.41,-0.05,-1.509577501008799,1.9105001232690149,,,,0,1,Bot,,,,,,,-7.4737414896580265,-122.28557338251733,-1.5841453708508597,-12.23403747599266,28.38062258302839,-32.56428721372609,3.6953902493792,1.72845369005519,,,,84.2,2432,6.8,813065,665966,663993,663853,608324,596115,680776,678882,677800,53.73,,,,,,,,4,4,Sweeper,0,0,0,0,0,0,0,0,Infield shade,Standard,305,0.004,0.043,,,,-0.043,,0,0,0.541,0.541,23,28,23,29,1,0,5,1,,2,3.33,-1.41,-1.41,24.8,,,,,
SL,2025-10-02,88.2,-2.34,6.28,"Torres, Gleyber",650402,683769,,blocked_ball,,,,,14,Ball In Dirt,F,R,R,CLE,DET,B,,,1,2,2025,0.63,0.07,1.407143354382751,-0.17194702515203186,595879,,678009,0,7,Top,,,,,,,7.898350217236726,-128.10449189300738,-9.895565899657624,5.632445429176958,22.278319274166087,-29.825717733265417,3.21298768519383,1.45782364554864,,,,89.7,2327,6.9,813073,666310,692216,677587,608070,672356,680757,800050,671655,53.55,,,,,,,,49,4,Slider,1,2,2,1,2,1,2,1,Strategic,Standard,133,-0.008,0.038,,,,-0.038,,-1,1,0.196,0.804,27,28,27,29,1,3,1,1,,2,2.84,-0.63,-0.63,40.4,,,,,
FF,2025-10-02,98.6,-1.74,6.2,"Suzuki, Seiya",673548,663158,,foul,,,,,12,Foul,F,R,R,CHC,SD,S,,,1,2,2025,-0.51,1.36,1.1314233250309322,2.4262411947009315,,,,0,6,Bot,,,,,,,9.034426586170984,-143.08893711302068,-7.975958576322918,-9.078798869787867,33.066624128528076,-11.815784796433121,3.16,1.4,104,69.4,11,98.9,2370,6.6,813059,666023,650333,630105,592518,593428,657757,701538,665487,53.87,,,,,,,,46,4,4-Seam Fastball,2,0,2,0,0,2,2,0,Standard,Standard,211,0,0,73.9,7.6,,0,88.0,2,2,0.841,0.841,34,30,34,31,1,2,1,1,,2,1,0.51,0.51,39.0,11.614612288352282,-1.9423681189341364,25.74178360987217,50.500202346287466,33.90571022519372
FF,2025-10-02,95.4,0.76,5.98,"McKinstry, Zach",656716,681870,field_out,hit_into_play,,,,,7,"Zach McKinstry grounds out, shortstop Gabriel Arias to first baseman CJ Kayfus.",F,L,L,CLE,DET,X,6,ground_ball,1,2,2025,0.68,1.63,-0.4482002038831948,1.482392033929937,,,,2,6,Top,135.55,151.89,,,,,-4.755942310460385,-138.56822644643836,-9.915381419011394,9.88197892762475,31.22869067471617,-9.153872201763425,3.27,1.52,2,84.4,-37,96.1,2609,6.8,813073,666310,692216,677587,608070,672356,680757,800050,671655,53.7,0.052,0.051,0,1,0,0,2,43,4,4-Seam Fastball,1,2,2,1,2,1,2,1,Strategic,Strategic,150,0.008,-0.182,,,0.053,0.182,88.0,-1,1,0.388,0.612,27,30,28,30,1,2,1,1,,2,0.89,0.68,0.68,47.7,,,,,
SL,2025-10-02,86.6,-2.05,5.54,"Hoerner, Nico",663538,506433,force_out,hit_into_play,,,,,14,"Nico Hoerner grounds into a force out, shortstop Xander Bogaerts to second baseman Jake Cronenworth. Michael Busch out at 2nd. Nico Hoerner to 1st.",F,R,R,CHC,SD,X,6,ground_ball,0,1,2025,0.5,0.09,0.36270315726810365,1.3521978991784835,,,683737,0,1,Bot,112.57,149.41,,,,,4.774210238943887,-126.19447811197436,-4.099054418184889,4.586303800688363,22.569798708359116,-30.650584571825583,3.33,1.59,59,59.4,7,87.6,2685,6.6,813059,666023,650333,630105,592518,593428,657757,701538,665487,53.93,0.165,0.153,0,1,0,0,1,5,2,Slider,0,0,0,0,0,0,0,0,Standard,Standard,124,-0.027,-0.293,60.9,8.2,0.226,0.293,88.0,0,0,0.578,0.578,38,28,39,28,1,0,6,1,,2,2.91,-0.5,-0.5,36.3,20.348832122872103,-6.986856457106994,41.27124757657133,43.989959413868505,37.9121527646596
FF,2025-10-02,97.7,-1.16,6.34,"Fermin, Freddy",666023,641745,,ball,,,,,14,Ball,F,R,R,CHC,SD,B,,,1,2,2025,0.12,1.38,1.4228316319105863,2.317559919753891,,,,0,8,Top,,,,,,,6.652113750331891,-141.89609233128436,-8.45326991736482,0.09493836842290272,32.791065108994445,-11.742266837672323,3.32861471607672,1.48526330086084,,,,97.2,2353,6.1,813059,608348,683737,663538,807713,621020,664023,691718,673548,54.4,,,,,,,,60,4,4-Seam Fastball,3,0,0,3,0,3,0,3,Standard,Standard,201,-0.004,0.043,,,,-0.043,,3,-3,0.935,0.06499999999999995,29,30,30,30,1,2,2,1,6,,1.02,-0.12,-0.12,48.5,,,,,
FF,2025-10-02,94.8,-2.86,5.71,"Crow-Armstrong, Pete",691718,650633,,ball,,,,,11,Ball,F,L,R,CHC,SD,B,,,0,1,2025,-0.57,1.28,-1.1219086722482177,3.4963344261544407,,,608348,0,4,Bot,,,,,,,5.763296780602457,-137.94664949088636,-2.991525082126309,-8.501571417845822,29.565706351933386,-15.287493268724448,3.16928383174253,1.45077834481956,,,,94.2,2328,5.9,813059,666023,650333,630105,592518,593428,657757,701538,665487,54.62,,,,,,,,31,2,4-Seam Fastball,2,0,2,0,0,2,2,0,Infield shade,Standard,226,0.002,0.034,,,,-0.034,,2,2,0.806,0.806,30,23,30,23,1,1,5,1,,2,1.24,0.57,-0.57,29.4,,,,,
FF,2025-10-02,93.4,0.83,5.79,"Greene, Riley",682985,676282,single,hit_into_play,,,,,9,Riley Greene singles on a line drive to left fielder Steven Kwan.,F,L,L,CLE,DET,X,7,line_drive,2,1,2025,0.64,1.47,0.33760218719823853,2.2686053599615468,,,,0,4,Top,56.35,122.96,,,,,-2.7369911035744097,-136.00022801846268,-6.728272436467464,8.516655115874501,27.50434989789437,-12.708388497609459,3.6,1.71,181,86.1,13,95.7,1945,7.4,813073,666310,692216,677587,608070,672356,680757,800050,671655,53.09,0.851,0.805,0.9,1,1,0,4,24,4,4-Seam Fastball,0,1,1,0,1,0,1,0,Infield shade,Standard,150,-0.032,0.392,78.0,6.5,0.977,-0.392,88.0,-1,1,0.373,0.627,25,24,26,25,1,1,5,1,,2,1.13,0.64,0.64,54.4,-7.891391852515991,11.754237168880877,50.718107418629955,29.65806796345492,22.49480473451759
FF,2025-10-02,97.3,-2.16,5.92,"Pérez, Wenceel",672761,671922,strikeout,swinging_strike,,,,,12,Wenceel Pérez strikes out swinging.,F,L,R,CLE,DET,S,2,,1,2,2025,-0.54,1.56,0.3335567570594574,3.9356600509192843,,,,0,9,Top,,,,,,,8.138726892673665,-141.43745852770695,-3.4508585059118317,-9.092900526351677,32.57999389902335,-10.613578815552605,3.18,1.47,,,,99.6,2355,7.7,813073,666310,692216,677587,608070,672356,680757,800050,671655,52.84,,0,0,1,0,0,,69,4,4-Seam Fastball,3,6,6,3,6,3,6,3,Infield shade,Strategic,209,0.003,-0.189,59.1,4.8,,0.189,,-3,3,0.035,0.965,26,25,26,26,1,4,1,1,,2,0.85,0.54,-0.54,41.6,-4.0377573844945704,33.59718177923147,21.94632614048434,28.07753149609465,10.983072769754358
FF,2025-10-02,100.5,-1.75,6.42,"Duran, Jarren",680776,693645,,ball,,,,,11,Ball,F,L,R,NYY,BOS,B,,,0,2,2025,-0.62,1.42,-0.5822962974546033,4.283306370965462,,,,0,1,Top,,,,,,,4.696423289261892,-146.15697724672802,-3.9078046616910154,-10.045976120802377,37.28525443158625,-11.10923429009009,3.61604356124931,1.6752398983233,,,,100.1,2349,6.3,813065,669224,700250,665862,642708,683011,641355,663757,592450,54.2,,,,,,,,1,4,4-Seam Fastball,0,0,0,0,0,0,0,0,Strategic,Standard,213,-0.002,0.024,,,,-0.024,,0,0,0.509,0.491,24,28,24,29,1,0,5,1,6,,0.85,0.62,-0.62,39.9,,,,,
FF,2025-10-02,94.6,1.7,5.9,"Pérez, Wenceel",672761,682120,,swinging_strike,,,,,3,Swinging Strike,F,R,L,CLE,DET,S,,,1,0,2025,0.49,1.15,0.7568907475727994,2.887648589735006,650402,681481,,1,3,Top,,,,,,,-3.555456566413609,-137.8159615424442,-4.835761760924473,6.934208678812413,26.624562336632113,-16.59168254070091,3.18,1.47,,,,95.3,2325,6.3,813073,666310,692216,677587,608070,672356,680757,800050,671655,54.16,,,,,,,,19,2,4-Seam Fastball,0,1,1,0,1,0,1,0,Infield shade,Standard,130,0.005,-0.066,67.3,7.0,,0.066,,-1,1,0.303,0.6970000000000001,28,25,29,26,1,1,1,1,,2,1.36,0.49,-0.49,31.1,5.934196232979116,7.825919983435255,23.24450318213932,38.91518267128388,22.62264241314503
FF,2025-10-02,95.5,-0.88,6.18,"Rice, Ben",700250,686580,field_out,hit_into_play,,,,,2,Ben Rice flies out to center fielder Ceddanne Rafaela.,F,L,R,NYY,BOS,X,8,fly_ball,0,0,2025,-0.04,1.48,0.0274047281438297,3.3502347147895506,,,,1,5,Bot,107.67,64.07,,,,,2.482855089871328,-139.0938070996553,-5.194649656763533,-1.0792064909664358,31.635710285626505,-11.954846914048865,3.61,1.74,339,95.7,35,95.9,2450,6.5,813065,665966,663993,663853,608324,596115,680776,678882,677800,54.02,0.165,0.311,0,1,0,0,3,42,1,4-Seam Fastball,4,0,4,0,0,4,4,0,Infield shade,Standard,198,-0.004,-0.254,76.0,7.0,0.608,0.254,95.7,4,4,0.925,0.925,27,26,28,26,1,2,1,1,,2,1.01,0.04,-0.04,51.4,8.746179528855782,-0.09369541683575179,26.027761378524723,38.218256731094016,22.740130288314184
CU,2025-10-02,78.9,-1.93,5.92,"Bregman, Alex",608324,670280,,called_strike,,,,,1,Called Strike,F,R,R,NYY,BOS,S,,,2,1,2025,0.83,-0.42,-0.5156759239109313,2.950774158299105,,,,0,9,Top,,,,,,,1.5264959334155275,-114.91155670756767,1.1684465672003126,6.988125269975156,23.110940827909705,-36.37068387611217,3.29835869499102,1.51555549512014,,,,78.4,2391,6.1,813065,669224,502671,665862,641857,683011,641355,663757,592450,54.4,,,,,,,,65,4,Curveball,4,0,0,4,0,4,0,4,Strategic,Standard,45,0.003,-0.073,,,,0.073,,4,-4,0.983,0.017000000000000015,30,31,31,31,1,3,1,1,5,,4.1,-0.83,-0.83,35.9,,,,,
FF,2025-10-02,94.7,-2.2,5.41,"Judge, Aaron",592450,669711,field_out,hit_into_play,,,,,4,Aaron Judge flies out sharply to right fielder Wilyer Abreu.,F,R,R,NYY,BOS,X,9,fly_ball,1,2,2025,-0.9,1.21,-0.42121452215654476,3.2847661623966538,,,,0,7,Bot,149.61,106.09,,,,,6.594131384857915,-137.72746361188962,-2.5142574676734344,-12.9359350241763,32.68784623785105,-16.487885928771547,4.08,1.85,241,102.2,52,93.8,2270,6,813065,665966,663993,663853,608324,596115,680776,678882,677800,54.54,0.02,0.032,0,1,0,0,3,55,4,4-Seam Fastball,4,0,4,0,0,4,4,0,Standard,Standard,234,-0.002,-0.189,78.6,7.7,0.052,0.189,102.2,4,4,0.97,0.97,30,33,30,33,1,3,4,1,,2,1.35,0.9,0.9,22.1,14.063470783176545,-2.6878494559162154,35.23032645540367,37.3957736660514,28.162752860678445
FF,2025-10-02,98.2,0.41,6.15,"McMahon, Ryan",641857,547973,,foul,,,,,6,Foul,F,L,L,NYY,BOS,S,,,0,1,2025,0.59,1.54,0.283311351875111,2.2703823264113265,,,502671,0,8,Bot,,,,,,,-1.7149507203285954,-142.71666570335293,-8.638356358555038,8.371225723714902,36.77639772082717,-9.302168631899788,3.54,1.65,175,96.9,9,99.1,2414,7.1,813065,665966,663993,663853,608324,596115,680776,678882,677800,53.38,,,,,,,,62,2,4-Seam Fastball,4,0,4,0,0,4,4,0,Strategic,Standard,152,-0.001,-0.053,70.3,6.2,,0.053,96.9,4,4,0.99,0.99,37,30,37,31,1,0,2,1,,2,0.85,0.59,0.59,44.0,-15.473951171833805,33.693492500743154,44.13836662115346,37.907565365275346,2.8361613367463088
CU,2025-10-02,77.7,-0.15,6.21,"O'Hearn, Ryan",656811,573204,strikeout,called_strike,,,,,7,Ryan O'Hearn called out on strikes.,F,L,L,CHC,SD,S,2,,1,2,2025,-0.24,-1.13,-0.337711000717841,1.6540248960329382,,,,0,5,Top,,,,,,,0.029743773183274216,-113.20810620538197,-0.7929605209666271,-2.0755559559479355,20.669524842357465,-41.965898414928596,3.57208541402465,1.61997678838362,,,,77.9,2609,6.4,813059,608348,683737,663538,807713,621020,664023,691718,673548,54.11,,0,0,1,0,0,,34,4,Curveball,2,0,0,2,0,2,0,2,Infield shade,Standard,321,0.02,-0.189,,,,0.189,,2,-2,0.76,0.24,38,31,38,32,1,1,1,1,6,,4.9,-0.24,-0.24,59.6,,,,,
FF,2025-10-02,100.9,-1.19,5.39,"Fermin, Freddy",666023,694037,double,hit_into_play,,,,,11,Freddy Fermin doubles (2) on a line drive to left fielder Ian Happ. Gavin Sheets to 3rd.,F,R,R,CHC,SD,X,7,line_drive,1,2,2025,-0.9,1.12,-0.9033708234443673,3.214417621051406,,,657757,2,5,Top,64.85,139.29,,,,,2.970604225826055,-146.94218091596113,-3.4131683546725315,-13.704520655458428,36.71138826681079,-15.380509279395886,3.23,1.51,213,82.4,18,102,2390,7,813059,608348,683737,663538,807713,621020,664023,691718,673548,53.52,0.967,0.913,1.25,1,1,1,4,37,4,4-Seam Fastball,2,0,0,2,0,2,0,2,Standard,Standard,221,-0.054,1.005,71.4,6.9,1.108,-1.005,88.0,2,-2,0.792,0.20799999999999996,25,30,25,30,1,1,2,1,4,,1.13,0.9,0.9,32.5,11.450724872423452,-7.687004054214708,32.06532279639714,25.61010434248607,32.75037260486643
SI,2025-10-02,96.3,-1.81,5.86,"Cronenworth, Jake",630105,552640,field_out,hit_into_play,,,,,11,"Padres challenged (play at 1st), call on the field was upheld: Jake Cronenworth grounds out, third baseman Matt Shaw to first baseman Michael Busch. Ryan O'Hearn to 3rd. Bryce Johnson to 2nd.",F,L,R,CHC,SD,X,5,ground_ball,1,2,2025,-1.24,0.67,-1.118861455341426,3.1150671111914487,,656811,669369,1,9,Top,117.04,174.9,,,,,4.6581187880055825,-140.21073226445333,-3.264276990735854,-17.4056944418946,30.118167048735636,-22.782946864487766,3.34,1.61,3,72.4,-46,96.8,2361,6.4,813059,608348,683737,663538,807713,621020,664023,691718,673548,54.09,0.182,0.168,0,1,0,0,2,71,4,Sinker,3,1,1,3,1,3,1,3,Standard,Standard,216,0.03,-0.242,67.1,6.6,0.204,0.242,88.0,2,-2,0.855,0.14500000000000002,35,31,35,31,1,3,1,1,6,,1.77,1.24,-1.24,36.7,3.2325298724972336,13.740679877044894,15.147136809993713,52.790141688603626,18.88457324820193
FF,2025-10-02,93.7,1.88,5.92,"Pérez, Wenceel",672761,682120,,ball,,,,,12,Ball,F,R,L,CLE,DET,B,,,0,0,2025,0.57,1.07,1.4292665548051686,2.6531362826197644,650402,681481,,1,3,Top,,,,,,,-2.420709948157855,-136.49513649623012,-5.150501691412141,7.608432115961873,27.494881017136493,-17.842853237362817,3.25410912352098,1.45831056294505,,,,94.3,2242,6.4,813073,666310,692216,677587,608070,672356,680757,800050,671655,54.08,,,,,,,,19,1,4-Seam Fastball,0,1,1,0,1,0,1,0,Infield shade,Standard,129,-0.001,0.03,,,,-0.03,,-1,1,0.304,0.696,28,25,29,26,1,1,1,1,,2,1.5,0.57,-0.57,34.3,,,,,
SL,2025-10-02,88.6,-2.13,5.62,"Valera, George",671655,676684,,swinging_strike,,,,,14,Swinging Strike,F,L,R,CLE,DET,S,,,1,1,2025,0.33,-0.27,0.8317050211582073,2.408915879302511,677587,680757,,1,8,Bot,,,,,,,6.560706706923039,-129.0896890113047,-1.3153421575500062,2.533623433173487,22.798041532901415,-35.152888355772646,3.47,1.57,,,,89.3,2734,6.3,813073,693307,679529,650402,656716,595879,682985,678009,672761,54.18,,,,,,,,67,3,Slider,1,6,1,6,6,1,1,6,Standard,Standard,31,-0.007,-0.094,56.1,5.9,,0.094,,-5,-5,0.052,0.052,30,24,30,25,1,3,2,1,2,,3.13,-0.33,0.33,46.7,-0.7769546442693883,6.249214876310625,27.46454862668209,25.1163281275543,22.218688617900586
SL,2025-10-02,85.8,-0.84,5.73,"Swanson, Dansby",621020,669093,,foul,,,,,2,Foul,F,R,R,CHC,SD,S,,,1,1,2025,0.21,0.48,0.11715397859502708,3.308141993561018,673548,608348,691718,0,2,Bot,,,,,,,1.8683551387984108,-125.0410713058777,-0.4778379800483182,1.8550536320579214,24.611231338987302,-27.192007193148196,3.59,1.69,5,61.9,-37,87.2,2033,7,813059,666023,650333,630105,592518,593428,657757,701538,665487,53.49,,,,,,,,16,3,Slider,1,0,1,0,0,1,1,0,Strategic,Standard,122,-0.012,-0.076,78.6,8.2,,0.076,88.0,1,1,0.789,0.789,26,31,27,31,1,0,2,1,,2,2.6,-0.21,-0.21,60.0,13.002746895658623,-27.16879631204718,30.746929227889844,38.73607623607532,46.2063920366977
CH,2025-10-02,80.2,0.75,5.87,"Greene, Riley",682985,676282,,foul,,,,,12,Foul,F,L,L,CLE,DET,S,,,2,0,2025,0.94,1.06,1.3669794563970454,2.778832153389641,,,,0,4,Top,,,,,,,-0.4164619903906088,-116.78446001381259,-2.1591634438005123,8.673717812653761,22.084272144277183,-22.312076988552313,3.6,1.71,361,109.5,30,81.7,1582,7.2,813073,666310,692216,677587,608070,672356,680757,800050,671655,53.26,,,,,,,,24,3,Changeup,0,1,1,0,1,0,1,0,Infield shade,Standard,129,0.007,-0.072,77.8,7.7,,0.072,109.5,-1,1,0.366,0.634,25,24,26,25,1,1,5,1,,2,2.48,0.94,0.94,50.9,31.779064219858867,-25.728942759942857,45.525033577160954,18.05565016566075,45.155162528614426
SI,2025-10-02,94.9,0.66,5.98,"Busch, Michael",683737,593974,,ball,,,,,14,Ball,F,L,L,CHC,SD,B,,,1,1,2025,1.16,0.77,0.9089822356482528,1.6014926850038678,,,,0,5,Bot,,,,,,,-1.9300518754494742,-138.18722532629528,-7.5123193847471095,15.361050458701955,28.488602908072092,-20.885746767668724,3.36304438355092,1.6916497265594,,,,94.4,2104,5.8,813059,666023,650333,630105,592518,593428,657757,701538,665487,54.69,,,,,,,,39,3,Sinker,2,0,2,0,0,2,2,0,Infield shade,Standard,126,0.003,0.055,,,,-0.055,,2,2,0.811,0.811,33,27,34,28,1,2,2,1,,2,1.74,1.16,1.16,40.5,,,,,
SI,2025-10-02,90.8,1.67,5.75,"DeLauter, Chase",800050,663947,,foul,,,,,2,Foul,F,L,L,CLE,DET,S,,,0,0,2025,1.22,0.97,0.17185316249798155,3.0738303291969276,,,,1,7,Bot,,,,,,,-6.386532867081688,-132.088191792256,-2.895887017731086,15.672698852132998,27.112284045160397,-20.337104213895245,3.49,1.601,178,79.1,65,91.3,2092,6.5,813073,693307,679529,650402,656716,595879,682985,678009,672761,53.99,,,,,,,,58,1,Sinker,1,6,1,6,6,1,1,6,Infield shade,Standard,136,-0.001,-0.039,69.0,6.8,,0.039,88.0,-5,-5,0.027,0.027,29,23,29,24,1,2,1,1,2,,1.78,1.22,1.22,36.2,5.354932027899859,7.279140362219823,27.042779926476065,37.405510889701645,25.395287418554876
SL,2025-10-02,85.8,-2.61,5.51,"Kwan, Steven",680757,656427,,called_strike,,,,,1,Called Strike,F,L,R,CLE,DET,S,,,1,1,2025,0.74,0.16,-0.2776301973167057,2.743641450915034,,,,0,1,Bot,,,,,,,4.0491425476399625,-125.04996930159159,-0.655438609506402,6.992033945098295,23.933968890041847,-30.517044623580343,3.12888110282878,1.42647801005255,,,,86.4,2397,6.5,813073,693307,679529,650402,656716,595879,682985,678009,672761,54,,,,,,,,5,3,Slider,0,0,0,0,0,0,0,0,Standard,Standard,134,-0.006,-0.061,,,,0.061,,0,0,0.547,0.547,29,27,30,28,1,0,8,1,5,,2.91,-0.74,0.74,30.2,,,,,
SL,2025-10-02,86,-2.3,5.5,"Hoerner, Nico",663538,506433,,swinging_strike,,,,,14,Swinging Strike,F,R,R,CHC,SD,S,,,0,0,2025,0.59,0.16,0.9036310956972577,1.1530248358969555,,,683737,0,1,Bot,,,,,,,6.4107181348060935,-125.10622516471658,-4.45805606542677,5.107924535709179,22.795108612319964,-29.86759697751588,3.33,1.59,,,,86.7,2746,6.5,813059,666023,650333,630105,592518,593428,657757,701538,665487,53.99,,,,,,,,5,1,Slider,0,0,0,0,0,0,0,0,Standard,Standard,120,-0.005,-0.043,37.7,7.8,,0.043,,0,0,0.583,0.583,38,28,39,28,1,0,6,1,,2,2.9,-0.59,-0.59,34.3,14.516062627131344,-6.440770721047376,38.818383874749536,51.067034166822154,31.000243339402267
CH,2025-10-02,89,-2.27,5.5,"Kayfus, CJ",692216,592454,,ball,,,,,13,Ball,F,L,R,CLE,DET,B,,,0,2,2025,-0.99,0,-0.3308323362642064,0.02057716796785858,,,,0,8,Bot,,,,,,,6.88068513328545,-129.24530885850868,-7.408582076684626,-12.597346543547694,28.104333244285463,-30.72172433771246,3.41497322317993,1.5459130711522,,,,89.3,1379,6.7,813073,693307,679529,650402,656716,595879,682985,678009,672761,53.83,,,,,,,,64,3,Changeup,1,6,1,6,6,1,1,6,Infield shade,Standard,253,0.001,0.024,,,,-0.024,,-5,-5,0.018,0.018,35,23,36,24,1,2,6,1,2,,2.9,0.99,-0.99,29.4,,,,,
FF,2025-10-02,96.4,-1.81,5.7,"Rocchio, Brayan",677587,640448,,foul,,,,,2,Foul,F,L,R,CLE,DET,S,,,1,1,2025,-0.54,1.54,0.26567921158774355,2.686367170843734,,,692216,2,5,Bot,,,,,,,6.772234791833222,-140.10464691556956,-5.924999853511405,-8.714075049881881,33.86243767544902,-10.69314230190103,3.09,1.41,208,74.7,45,96.5,2252,6.6,813073,693307,679529,650402,656716,595879,682985,678009,672761,53.91,,,,,,,,39,3,4-Seam Fastball,1,1,1,1,1,1,1,1,Infield shade,Standard,210,-0.007,-0.073,76.1,6.9,,0.073,88.0,0,0,0.529,0.529,33,24,34,24,1,1,1,1,2,,0.93,0.54,-0.54,54.2,11.165961942572231,-5.389539607192437,31.870456103351113,27.182655073507924,32.62630502998951
CU,2025-10-02,78.2,-1.77,5.94,"Bregman, Alex",608324,670280,,ball,,,,,9,Ball,F,R,R,NYY,BOS,B,,,1,1,2025,0.7,-0.47,0.7777437812198249,1.6063189329454728,,,,0,9,Top,,,,,,,4.197420197558254,-113.80805562593618,-1.5322913617656682,5.226995591900609,23.086666376967884,-36.134566953657,3.24536684441421,1.51555549512014,,,,77.9,2539,6.3,813065,669224,502671,665862,641857,683011,641355,663757,592450,54.19,,,,,,,,65,3,Curveball,4,0,0,4,0,4,0,4,Strategic,Standard,46,-0.002,0.055,,,,-0.055,,4,-4,0.985,0.015000000000000013,30,31,31,31,1,3,1,1,5,,4.23,-0.7,-0.7,37.2,,,,,
CH,2025-10-02,85.2,-2.39,4.72,"Judge, Aaron",592450,669711,,ball,,,,,9,Ball,F,R,R,NYY,BOS,B,,,0,2,2025,-1.12,-0.2,0.7681651806537455,2.01099590586967,,,,0,7,Bot,,,,,,,9.643645491586721,-123.75730467105903,0.3235388875157694,-13.387923947233334,22.93004937610873,-34.51209803964378,4.09164311010192,1.83485843132227,,,,85.2,1593,6.2,813065,665966,663993,663853,608324,596115,680776,678882,677800,54.27,,,,,,,,55,3,Changeup,4,0,4,0,0,4,4,0,Standard,Standard,272,0,0.024,,,,-0.024,,4,4,0.97,0.97,30,33,30,33,1,3,4,1,,2,3.33,1.12,1.12,10.2,,,,,
SI,2025-10-02,89.1,-1.94,5.59,"Torres, Gleyber",650402,596001,,ball,,,,,14,Ball,F,R,R,CLE,DET,B,,,0,0,2025,-1.24,0.64,1.5093740467525238,1.6293848367242874,,,,1,8,Top,,,,,,,11.020201953354826,-129.24153654743432,-5.000890314210182,-16.187937820627,26.44255790204146,-24.094005692926377,3.36288693686159,1.49619548228779,,,,88.7,2144,6.2,813073,666310,692216,677587,608070,672356,680757,800050,671655,54.32,,,,,,,,62,1,Sinker,1,6,6,1,6,1,6,1,Strategic,Standard,215,0,0.039,,,,-0.039,,-5,5,0.019,0.981,32,28,33,29,1,4,1,1,,2,2.24,1.24,1.24,26.9,,,,,
SL,2025-10-02,87,-2.42,6.34,"Torres, Gleyber",650402,683769,,ball,,,,,14,Ball,F,R,R,CLE,DET,B,,,0,2,2025,0.57,-0.02,1.7212458013909444,1.077232628475298,595879,,678009,0,7,Top,,,,,,,8.843318381332828,-126.45665958413616,-6.494062774253266,4.519938580339296,23.9672600514061,-31.35313528009634,3.21675764721264,1.49242241952397,,,,88.2,2345,6.9,813073,666310,692216,677587,608070,672356,680757,800050,671655,53.56,,,,,,,,49,3,Slider,1,2,2,1,2,1,2,1,Strategic,Standard,108,-0.005,0.011,,,,-0.011,,-1,1,0.201,0.7989999999999999,27,28,27,29,1,3,1,1,,2,3.03,-0.57,-0.57,39.5,,,,,
ST,2025-10-02,82.3,-2.27,5.08,"Dingler, Dillon",693307,670036,,ball,,,,,14,Ball,F,R,R,CLE,DET,B,,,1,1,2025,1.54,0.1,1.704544436076036,1.3752409385225386,,679529,682985,1,7,Top,,,,,,,6.030209536581265,-119.70362324106985,-1.9655158038573255,13.377183476288325,26.26136674065359,-31.059629224566553,3.49677493207576,1.50737189235309,,,,81.9,2704,6.4,813073,666310,692216,677587,608070,672356,680757,800050,671655,54.12,,,,,,,,54,3,Sweeper,1,6,6,1,6,1,6,1,Standard,Standard,61,-0.001,0.048,,,,-0.048,,-5,5,0.027,0.973,32,26,32,27,1,3,4,1,,2,3.31,-1.54,-1.54,33.4,,,,,
SI,2025-10-02,97.8,-1.93,6.13,"Suzuki, Seiya",673548,663158,,ball,,,,,13,Ball,F,R,R,CHC,SD,B,,,0,2,2025,-1.07,1.02,-0.5454698306853403,0.8411122346358428,,,,0,6,Bot,,,,,,,6.252090483651025,-142.04300637932477,-11.232731596539766,-15.849987986817947,30.323982611383425,-16.096369087469434,3.12930437009339,1.46136172562073,,,,99,2414,6.9,813059,666023,650333,630105,592518,593428,657757,701538,665487,53.6,,,,,,,,46,3,Sinker,2,0,2,0,0,2,2,0,Standard,Standard,209,0.001,0.024,,,,-0.024,,2,2,0.84,0.84,34,30,34,31,1,2,1,1,,2,1.36,1.07,1.07,39.2,,,,,
FF,2025-10-02,94.3,0.05,6.14,"O'Hearn, Ryan",656811,573204,,swinging_strike,,,,,2,Swinging Strike,F,L,L,CHC,SD,S,,,1,1,2025,0.4,1.64,-0.09509980110415844,2.9047569184326525,,,,0,5,Top,,,,,,,-1.2626108644542913,-137.34753409287651,-6.40136019399899,5.356405615300196,29.628941313617716,-10.211924371612268,3.43,1.63,,,,94.6,2232,6.4,813059,608348,683737,663538,807713,621020,664023,691718,673548,54.13,,,,,,,,34,3,4-Seam Fastball,2,0,0,2,0,2,0,2,Infield shade,Standard,156,0.008,-0.061,71.9,6.1,,0.061,,2,-2,0.752,0.248,38,31,38,32,1,1,1,1,6,,0.91,0.4,0.4,57.1,-4.092475084300063,34.1039360636211,34.01377331760938,42.83525594716496,4.448260452915044
SI,2025-10-02,98.8,2.55,6.01,"Tucker, Kyle",663656,670970,,foul,,,,,12,Foul,F,L,L,CHC,SD,S,,,1,0,2025,1.49,0.53,1.0724757967119813,2.83376895115536,663538,,,1,7,Bot,,,,,,,-7.462646321971303,-143.61305601555702,-4.401791159475056,22.343413040751507,34.924174188471625,-23.95691074504271,3.44,1.62,9,82.9,-17,98.4,2359,6.2,813059,666023,650333,630105,592518,593428,669369,701538,665487,54.27,,,,,,,,58,2,Sinker,3,0,3,0,0,3,3,0,Strategic,Standard,143,-0.001,-0.046,77.2,6.9,,0.046,88.0,3,3,0.956,0.956,26,28,26,28,1,3,1,1,,2,1.82,1.49,1.49,41.9,8.668373616151388,-4.696597503963529,32.01848071212867,27.73595009083244,24.372285502104823
ST,2025-10-02,81.5,3.2,5.4,"Grisham, Trent",663757,813349,,called_strike,,,,,6,Called Strike,F,L,L,NYY,BOS,S,,,1,1,2025,-1.1,0.02,0.7005826710796945,2.935342217471614,,,,0,1,Bot,,,,,,,-3.524662627539412,-118.6671520549541,1.0889036575812963,-9.62456001745196,24.68181304150367,-32.463382769048586,3.74827077291375,1.70184772294024,,,,81.9,2273,6.7,813065,665966,663993,663853,608324,596115,680776,678882,677800,53.76,,,,,,,,4,3,Sweeper,0,0,0,0,0,0,0,0,Infield shade,Standard,298,-0.006,-0.061,,,,0.061,,0,0,0.547,0.547,23,28,23,29,1,0,5,1,,2,3.43,-1.1,-1.1,24.3,,,,,
CU,2025-10-02,81.9,0.55,6.16,"McKinstry, Zach",656716,681870,,ball,,,,,13,Ball,F,L,L,CLE,DET,B,,,0,2,2025,-0.36,-1.04,-0.3342827904283685,1.3622606727139916,,,,2,6,Top,,,,,,,-1.3211636387045114,-119.39966756478397,-2.311684226032177,-3.1855166062091955,22.568221996371957,-41.920462023506616,3.49765400828334,1.64140877443103,,,,82.5,,6.5,813073,666310,692216,677587,608070,672356,680757,800050,671655,53.96,,,,,,,,43,3,Curveball,1,2,2,1,2,1,2,1,Strategic,Strategic,,-0.001,0.022,,,,-0.022,,-1,1,0.389,0.611,27,30,28,30,1,2,1,1,,2,4.42,-0.36,-0.36,52.0,,,,,
FF,2025-10-02,96.4,-2.36,5.85,"Pérez, Wenceel",672761,671922,,foul,,,,,11,Foul,F,L,R,CLE,DET,S,,,1,1,2025,-0.63,1.16,-0.9037604638974849,3.167903454885648,,,,0,9,Top,,,,,,,5.4500457707623555,-140.2006469588312,-4.234658117230773,-9.609579012315198,32.94659384929352,-16.19452998915669,3.18,1.47,254,78.7,31,98.5,2315,7.6,813073,666310,692216,677587,608070,672356,680757,800050,671655,52.9,,,,,,,,69,3,4-Seam Fastball,3,6,6,3,6,3,6,3,Infield shade,Standard,212,0.001,-0.061,63.2,6.0,,0.061,88.0,-3,3,0.034,0.966,26,25,26,26,1,4,1,1,,2,1.31,0.63,-0.63,40.0,-11.65254001669428,33.104552576956685,20.563970977085795,42.714532678991645,3.3064719726015195
FF,2025-10-02,95.2,-2.74,5.92,"Crow-Armstrong, Pete",691718,650633,,swinging_strike,,,,,11,Swinging Strike,F,L,R,CHC,SD,S,,,0,0,2025,-0.69,1.46,-0.622371302817466,3.3139249088963765,,,608348,0,4,Bot,,,,,,,7.051614718767011,-138.50346835716633,-4.442423761914182,-10.4109313575742,30.808672050062253,-12.632252255049504,3.11,1.47,,,,94.6,2333,5.9,813059,666023,650333,630105,592518,593428,657757,701538,665487,54.58,,,,,,,,31,1,4-Seam Fastball,2,0,2,0,0,2,2,0,Infield shade,Standard,226,-0.003,-0.043,68.1,6.1,,0.043,,2,2,0.809,0.809,30,23,30,23,1,1,5,1,,2,1.06,0.69,-0.69,31.2,6.6213010685064795,17.888699589360694,31.863463176463824,42.2201781760006,19.619710730886943
FF,2025-10-02,95,-1.78,5.83,"Torres, Gleyber",650402,677944,,ball,,,,,14,Ball,F,R,R,CLE,DET,B,,,1,1,2025,-0.9,1.29,1.160764066350258,1.9490262501647337,,,,0,1,Top,,,,,,,9.744697520273174,-137.9257378577661,-7.407001146954706,-13.7028985493804,30.26877758335754,-14.20791583998813,3.28766673118937,1.48906520191239,,,,95.2,2520,6.5,813073,666310,692216,677587,608070,672356,680757,800050,671655,54.03,,,,,,,,1,3,4-Seam Fastball,0,0,0,0,0,0,0,0,Strategic,Standard,222,-0.005,0.055,,,,-0.055,,0,0,0.501,0.499,26,28,26,29,1,0,6,1,,2,1.25,0.9,0.9,38.6,,,,,
SI,2025-10-02,100.5,-1.58,6.51,"Duran, Jarren",680776,693645,,foul,,,,,6,Foul,F,L,R,NYY,BOS,S,,,0,2,2025,-0.88,1.4,0.558700548836505,2.503950069360687,,,,0,1,Top,,,,,,,7.969132261515941,-145.8112141129571,-8.967932393693506,-14.461634745527967,37.51111925631057,-10.155840382058855,3.49,1.65,131,64.5,69,99.7,2529,6.2,813065,669224,700250,665862,642708,683011,641355,663757,592450,54.27,,,,,,,,1,3,Sinker,0,0,0,0,0,0,0,0,Strategic,Standard,213,0,0,76.9,7.1,,0,88.0,0,0,0.509,0.491,24,28,24,29,1,0,5,1,6,,0.88,0.88,-0.88,42.4,-2.767291641475058,1.7831992842371747,30.99594434061955,29.203932810703588,30.12673814897186
SI,2025-10-02,96.2,-1.65,5.77,"Cronenworth, Jake",630105,552640,,swinging_strike,,,,,13,Swinging Strike,F,L,R,CHC,SD,S,,,1,1,2025,-1.44,0.61,-0.9528631023183662,1.4728344609555204,,656811,669369,1,9,Top,,,,,,,5.129567340807101,-139.9516271708808,-7.243278787913108,-20.060158687366748,30.577592713802513,-22.69902379422062,3.34,1.61,,,,96.8,2330,6.6,813059,608348,683737,663538,807713,621020,664023,691718,673548,53.91,,,,,,,,71,3,Sinker,3,1,1,3,1,3,1,3,Standard,Standard,218,0.024,-0.058,75.8,8.0,,0.058,,2,-2,0.831,0.16900000000000004,35,31,35,31,1,3,1,1,6,,1.84,1.44,-1.44,34.2,15.689248766569714,-7.148499190352521,30.620958633665204,50.420026922239366,35.987297272233064
FC,2025-10-02,90.1,-0.72,6.18,"Stanton, Giancarlo",519317,686580,field_out,hit_into_play,,,,,9,Giancarlo Stanton flies out sharply to center fielder Ceddanne Rafaela.,F,R,R,NYY,BOS,X,8,fly_ball,0,0,2025,0.6,0.53,0.3209286839706402,2.1959638786403,,,,0,5,Bot,121.66,44.19,,,,,1.3316989865606055,-131.19986728657724,-5.1619864705664416,6.686035252086778,25.79314110967534,-25.20798316542653,3.81,1.85,383,101.3,30,91.4,2445,6.9,813065,665966,663993,663853,608324,596115,680776,678882,677800,53.6,0.567,1.1196842105263156,0,1,0,0,6,41,1,Cutter,4,0,4,0,0,4,4,0,Standard,Standard,152,-0.006,-0.259,76.1,9.2,2.209,0.259,101.3,4,4,0.931,0.931,27,35,28,36,1,2,1,1,,2,2.26,-0.6,-0.6,55.6,13.05144414002224,-4.430358989501081,27.864588007157632,47.415019747492224,24.6310438496504
FF,2025-10-02,94,2,6.09,"O'Hearn, Ryan",656811,519141,,foul,,,,,9,Foul,F,L,L,CHC,SD,S,,,1,1,2025,0.25,1.45,0.35092348432112513,2.1769134882901096,,,593428,0,7,Top,,,,,,,-4.774750271708994,-136.66220891694107,-7.565498173781497,4.1094263563561615,29.037776260608226,-12.488904077415992,3.43,1.63,,,,93.1,2602,5.7,813059,608348,683737,663538,807713,621020,664023,691718,673548,54.76,,,,,,,,52,3,4-Seam Fastball,2,0,0,2,0,2,0,2,Infield shade,Standard,158,0.013,-0.07,73.0,6.5,,0.07,,2,-2,0.757,0.243,36,31,37,32,1,2,2,1,4,,1.12,0.25,0.25,36.4,-2.4151901132162665,20.5714941694154,39.26364551669267,39.421778329749515,13.80200635236596
SI,2025-10-02,98.8,0.66,6.15,"McMahon, Ryan",641857,547973,,foul,,,,,5,Foul,F,L,L,NYY,BOS,S,,,0,0,2025,0.73,1.51,0.25745568491641346,2.550491393660505,,,502671,0,8,Bot,,,,,,,-2.851345165386867,-143.6417707043056,-7.934714769533742,10.826056389107578,36.35800741734398,-9.595381190486277,3.54,1.65,184,74.4,58,99.8,2458,7.1,813065,665966,663993,663853,608324,596115,680776,678882,677800,53.42,,,,,,,,62,1,Sinker,4,0,4,0,0,4,4,0,Strategic,Standard,157,0,-0.043,74.6,7.4,,0.043,88.0,4,4,0.99,0.99,37,30,37,31,1,0,2,1,,2,0.84,0.73,0.73,47.1,9.06868165373618,6.391682300022696,38.26648112258556,38.019880121575525,23.46653756474945
ST,2025-10-02,81.4,-1.44,6.08,"Tatis Jr., Fernando",665487,592791,strikeout,swinging_strike,,,,,14,Fernando Tatis Jr. strikes out swinging.,F,R,R,CHC,SD,S,2,,0,2,2025,1.1,-0.32,0.8229410117182695,0.7166347352780833,,,,0,1,Top,,,,,,,2.973466428596371,-118.58440504404784,-4.911097848562802,9.951094423549284,21.11513582744198,-34.51857314214196,3.68,1.75,,,,82.2,2870,6.6,813059,608348,683737,663538,807713,621020,664023,691718,673548,53.87,,0,0,1,0,0,,1,3,Sweeper,0,0,0,0,0,0,0,0,Standard,Standard,56,0.013,-0.165,65.2,8.4,,0.165,,0,0,0.509,0.491,33,26,34,26,1,0,5,1,6,,3.73,-1.1,-1.1,40.1,28.65588499291856,-40.52998324836811,33.62240630967625,44.269573270774565,61.63599835661881
FF,2025-10-02,100.6,-1.21,5.5,"Fermin, Freddy",666023,694037,,ball,,,,,2,Ball,F,R,R,CHC,SD,B,,,0,2,2025,-0.93,1.14,-0.07764139461959352,3.4617275682794397,,,657757,2,5,Top,,,,,,,5.404650173215502,-146.39466278070503,-3.052774694920689,-14.60341967172771,33.8897480702458,-15.2928593718567,3.35821379111675,1.51656215170676,,,,101.9,2402,6.9,813059,608348,683737,663538,807713,621020,664023,691718,673548,53.57,,,,,,,,37,3,4-Seam Fastball,2,0,0,2,0,2,0,2,Standard,Standard,221,-0.003,0.009,,,,-0.009,,2,-2,0.795,0.20499999999999996,25,30,25,30,1,1,2,1,4,,1.11,0.93,0.93,29.8,,,,,
SL,2025-10-02,81.4,-1.39,6.23,"Fermin, Freddy",666023,641745,,ball,,,,,13,Ball,F,R,R,CHC,SD,B,,,0,2,2025,1.3,-0.79,-0.07747156722901383,0.5749882619779547,,,,0,8,Top,,,,,,,0.4525750341938161,-118.45598621608688,-4.5000648765722975,12.066322293647543,25.035329835002102,-38.79994355653301,3.35342489417346,1.51994397546448,,,,80.7,2852,6.1,813059,608348,683737,663538,807713,621020,664023,691718,673548,54.43,,,,,,,,60,3,Slider,3,0,0,3,0,3,0,3,Standard,Standard,45,-0.002,0.024,,,,-0.024,,3,-3,0.937,0.06299999999999994,29,30,30,30,1,2,2,1,6,,4.26,-1.3,-1.3,46.4,,,,,
CH,2025-10-02,84,2.41,5.63,"Chisholm Jr., Jazz",665862,571927,single,hit_into_play,,,,,9,Jazz Chisholm Jr. singles on a line drive to right fielder Wilyer Abreu.,F,L,L,NYY,BOS,X,9,line_drive,1,1,2025,1.19,-0.15,0.3807304592374303,1.7421325660775389,,,,0,6,Bot,178.76,97.08,,,,,-7.116303324076239,-122.0641921272018,-2.2840622275251605,13.333048856884737,24.55146183515652,-33.38247439357509,3.67,1.71,196,97.6,11,84.5,2416,6.7,813065,665966,663993,663853,608324,596115,680776,678882,677800,53.79,0.884,0.841,0.9,1,1,0,4,48,3,Changeup,4,0,4,0,0,4,4,0,Infield shade,Standard,86,0.007,0.447,,,1.03,-0.447,97.6,4,4,0.951,0.951,34,27,34,27,1,2,1,1,,2,3.39,1.19,1.19,29.0,,,,,
CU,2025-10-02,86.3,-1.93,5.44,"Kelly, Carson",608348,688158,,ball,,,,,14,Ball,F,R,R,CHC,SD,B,,,0,2,2025,0.7,-0.83,1.2951385532278654,1.030292038572314,,,,0,8,Bot,,,,,,,6.233526214247619,-125.63960762951756,-2.61695484015316,6.253845430818222,24.482918573923214,-40.65502518891046,3.33381687358864,1.59300597355329,,,,86.4,2696,6.2,813059,666023,650333,630105,592518,593428,669369,701538,665487,54.29,,,,,,,,64,3,Curveball,3,0,3,0,0,3,3,0,Standard,Standard,60,0,0.024,,,,-0.024,,3,3,0.971,0.971,25,30,26,31,1,3,4,1,,2,3.88,-0.7,-0.7,34.9,,,,,
FC,2025-10-02,88.7,-2.07,5.69,"Torres, Gleyber",650402,677944,,swinging_strike,,,,,14,Swinging Strike,F,R,R,CLE,DET,S,,,1,0,2025,0.27,0.58,0.8817960651315542,1.7268760037884074,,,,0,1,Top,,,,,,,6.683557161684249,-128.91592637099632,-4.755532925591559,1.3571837278794192,31.167772126544516,-24.819449742997545,3.23,1.51,,,,88.4,2331,6.5,813073,666310,692216,677587,608070,672356,680757,800050,671655,53.98,,,,,,,,1,2,Cutter,0,0,0,0,0,0,0,0,Infield shade,Standard,172,0.005,-0.05,68.6,8.3,,0.05,,0,0,0.496,0.504,26,28,26,29,1,0,6,1,,2,2.36,-0.27,-0.27,32.3,20.593545417674033,-7.663019419170231,39.80150853356856,45.71353174760321,36.86671605443648
FF,2025-10-02,95.1,0.79,6.02,"McKinstry, Zach",656716,681870,,foul,,,,,12,Foul,F,L,L,CLE,DET,S,,,0,1,2025,0.86,1.65,0.06025485614094539,3.773054070087636,,,,2,6,Top,,,,,,,-3.8776420902419506,-138.48687776551898,-3.9599428424163428,11.963479150575866,31.721463598639634,-10.263804916494756,3.27,1.52,219,75.6,25,95.8,2703,6.7,813073,666310,692216,677587,608070,672356,680757,800050,671655,53.77,,,,,,,,43,2,4-Seam Fastball,1,2,2,1,2,1,2,1,Standard,Standard,145,0.003,-0.057,65.9,6.1,,0.057,88.0,-1,1,0.386,0.614,27,30,28,30,1,2,1,1,,2,0.87,0.86,0.86,45.9,-6.500555237505918,2.508655924908093,25.138251350628106,33.21094406805474,21.840361110802352
SI,2025-10-02,98.3,2.52,6.08,"Tucker, Kyle",663656,670970,,ball,,,,,12,Ball,F,L,L,CHC,SD,B,,,0,0,2025,1.08,0.67,0.8156268889540736,4.091858576921031,663538,,,1,7,Bot,,,,,,,-7.1246531240912585,-143.12278344102185,-1.512048053452887,16.461638998961007,31.55516754942903,-22.821794625589956,3.55592736004822,1.66655749016535,,,,98.4,2398,6.2,813059,666023,650333,630105,592518,593428,669369,701538,665487,54.28,,,,,,,,58,1,Sinker,3,0,3,0,0,3,3,0,Strategic,Standard,154,0,0.026,,,,-0.026,,3,3,0.956,0.956,26,28,26,28,1,3,1,1,,2,1.68,1.08,1.08,42.0,,,,,
SI,2025-10-02,95.6,0.72,6.03,"Busch, Michael",683737,593974,,called_strike,,,,,6,Called Strike,F,L,L,CHC,SD,S,,,1,0,2025,1.32,0.86,0.33233376856134333,2.5909776184170985,,,,0,5,Bot,,,,,,,-3.9574623785638874,-139.12508656295677,-5.351367055452698,18.062793185232426,30.532928807847263,-19.99874666005118,3.37633863444959,1.55429384803247,,,,94.8,2115,5.8,813059,666023,650333,630105,592518,593428,657757,701538,665487,54.73,,,,,,,,39,2,Sinker,2,0,2,0,0,2,2,0,Infield shade,Standard,131,-0.003,-0.05,,,,0.05,,2,2,0.814,0.814,33,27,34,28,1,2,2,1,,2,1.63,1.32,1.32,40.3,,,,,
CH,2025-10-02,91.1,-1.94,5.59,"Valera, George",671655,676684,,called_strike,,,,,9,Called Strike,F,L,R,CLE,DET,S,,,1,0,2025,-1.1,0.55,0.6538318849012648,1.6263931498752524,677587,680757,,1,8,Bot,,,,,,,8.934304253695567,-132.32834184863268,-5.294554714169913,-14.732830099140433,26.297278805790338,-24.780899220204997,3.56096758728806,1.57955609660553,,,,91.9,1551,6.7,813073,693307,679529,650402,656716,595879,682985,678009,672761,53.8,,,,,,,,67,2,Changeup,1,6,1,6,6,1,1,6,Infield shade,Standard,232,-0.004,-0.066,,,,0.066,,-5,-5,0.056,0.056,30,24,30,25,1,3,2,1,2,,2.19,1.1,-1.1,50.7,,,,,
FF,2025-10-02,93.1,1.94,6.09,"O'Hearn, Ryan",656811,519141,,ball,,,,,7,Ball,F,L,L,CHC,SD,B,,,0,1,2025,0.25,1.55,-0.7425416460043406,1.7178876545828703,,,593428,0,7,Top,,,,,,,-7.347185544602848,-135.2705490789063,-8.756261751530973,4.683709674970257,28.946687924001555,-11.378543750401892,3.41945769959933,1.65405799578664,,,,92.2,2649,5.8,813059,608348,683737,663538,807713,621020,664023,691718,673548,54.7,,,,,,,,52,2,4-Seam Fastball,2,0,0,2,0,2,0,2,Infield shade,Standard,156,-0.005,0.034,,,,-0.034,,2,-2,0.762,0.238,36,31,37,32,1,2,2,1,4,,1.08,0.25,0.25,38.4,,,,,
FF,2025-10-02,96.4,-2.33,5.86,"Pérez, Wenceel",672761,671922,,called_strike,,,,,11,Called Strike,F,L,R,CLE,DET,S,,,1,0,2025,-0.75,1.32,-0.32474835829246407,3.5188455282961066,,,,0,9,Top,,,,,,,7.186421470427053,-140.26867538958925,-3.746266947025884,-11.525213614949903,30.61838767748333,-14.090091751994795,3.24787648976586,1.47034275844506,,,,98.5,2343,7.4,813073,666310,692216,677587,608070,672356,680757,800050,671655,53.09,,,,,,,,69,2,4-Seam Fastball,3,6,6,3,6,3,6,3,Standard,Standard,213,0,-0.05,,,,0.05,,-3,3,0.034,0.966,26,25,26,26,1,4,1,1,,2,1.13,0.75,-0.75,40.2,,,,,
SI,2025-10-02,91.4,1.8,5.76,"Manzardo, Kyle",700932,663947,field_out,hit_into_play,,,,,6,Kyle Manzardo lines out to right fielder Wenceel Pérez.,F,L,L,CLE,DET,X,9,line_drive,1,0,2025,1.28,0.95,0.5614887320128716,2.5634988128960474,,,,0,7,Bot,165.72,86,,,,,-5.932878516658502,-133.0422970984708,-4.314393633051116,16.488310784348066,26.074201647314194,-20.112195971924667,3.16,1.34,297,88.1,23,92.4,2294,6.7,813073,693307,679529,650402,656716,595879,682985,678009,672761,53.83,0.192,0.193,0,1,0,0,3,57,2,Sinker,1,6,1,6,6,1,1,6,Infield shade,Standard,137,-0.014,-0.301,71.8,7.1,0.274,0.301,88.1,-5,-5,0.041,0.041,29,24,29,25,1,2,1,1,2,,1.75,1.28,1.28,37.2,17.74463975984868,-0.23110581209630282,34.99133849953521,32.42776434832825,30.54955917268636
FS,2025-10-02,85.9,-2.22,5.62,"Rocchio, Brayan",677587,640448,,ball,,,,,14,Ball,F,L,R,CLE,DET,B,,,0,1,2025,-0.7,0.7,0.5637452408225692,0.835970670069625,,,692216,2,5,Bot,,,,,,,8.086978849955733,-124.8854292707137,-6.6150239984092485,-8.807744916940816,22.30630193136277,-23.711923494947772,3.081484009756,1.33205785141264,,,,87.2,916,6.9,813073,693307,679529,650402,656716,595879,682985,678009,672761,53.6,,,,,,,,39,2,Split-Finger,1,1,1,1,1,1,1,1,Infield shade,Standard,243,0.003,0.027,,,,-0.027,,0,0,0.526,0.526,33,24,34,24,1,1,1,1,2,,2.36,0.7,-0.7,54.2,,,,,
FF,2025-10-02,94.1,-2.5,5.42,"Kwan, Steven",680757,656427,,called_strike,,,,,4,Called Strike,F,L,R,CLE,DET,S,,,1,0,2025,-0.79,1.21,-0.3205616110647651,2.4913712080184456,,,,0,1,Bot,,,,,,,7.461524674703163,-136.76915484411128,-4.604240254569723,-11.500675789446126,29.94784732615933,-16.14003494050164,3.26170570481811,1.50025990360204,,,,94.9,2222,6.8,813073,693307,679529,650402,656716,595879,682985,678009,672761,53.68,,,,,,,,5,2,4-Seam Fastball,0,0,0,0,0,0,0,0,Standard,Standard,211,-0.004,-0.05,,,,0.05,,0,0,0.551,0.551,29,27,30,28,1,0,8,1,5,,1.37,0.79,-0.79,27.0,,,,,
FF,2025-10-02,91.2,-1.83,5.6,"Meadows, Parker",678009,596001,field_out,hit_into_play,,,,,8,Parker Meadows flies out to right fielder George Valera.,F,L,R,CLE,DET,X,9,fly_ball,0,1,2025,-0.33,1.04,0.22456286010235033,2.115700640961598,,,,0,8,Top,189.4,93.82,,,,,5.856078415441716,-132.7173186013093,-5.178823673276568,-5.070464673199385,25.295630306261053,-18.907780916593474,3.46,1.67,303,94.4,38,91.4,2125,6.2,813073,666310,692216,677587,608070,672356,680757,800050,671655,54.33,0.046,0.065,0,1,0,0,3,61,2,4-Seam Fastball,1,6,6,1,6,1,6,1,Standard,Standard,221,0.001,-0.22,71.2,7.7,0.122,0.22,94.4,-5,5,0.018,0.982,32,25,33,26,1,3,1,1,,2,1.67,0.33,-0.33,26.6,11.974570371664301,-17.920964570999416,35.86804969006373,30.994003586318165,39.60473687442469
CH,2025-10-02,88.1,-2.38,5.49,"Kayfus, CJ",692216,592454,,swinging_strike,,,,,8,Swinging Strike,F,L,R,CLE,DET,S,,,0,1,2025,-0.97,0.24,-0.1425594638819978,1.8346537909891723,,,,0,8,Bot,,,,,,,7.494686524289504,-128.14930252580004,-3.297864698488869,-12.228343815000146,26.249737339400262,-29.023117194078285,3.47,1.61,,,,88.7,1321,6.7,813073,693307,679529,650402,656716,595879,682985,678009,672761,53.83,,,,,,,,64,2,Changeup,1,6,1,6,6,1,1,6,Infield shade,Standard,247,-0.003,-0.055,75.1,7.0,,0.055,,-5,-5,0.021,0.021,35,23,36,24,1,2,6,1,2,,2.69,0.97,-0.97,30.2,21.688048283235176,-13.552902336553675,40.32181936971231,31.490759803118234,39.99966853957304
FF,2025-10-02,92.9,0.12,6.11,"O'Hearn, Ryan",656811,573204,,foul,,,,,11,Foul,F,L,L,CHC,SD,S,,,1,0,2025,0.04,1.52,-0.00829877726197261,3.7251101283166648,,,,0,5,Top,,,,,,,-0.426264581332259,-135.31131100263167,-3.675901316220481,0.6136602949215563,28.545754733522617,-12.891896796020951,3.43,1.63,289,82.8,39,93.2,2196,6.3,813059,608348,683737,663538,807713,621020,664023,691718,673548,54.16,,,,,,,,34,2,4-Seam Fastball,2,0,0,2,0,2,0,2,Infield shade,Standard,164,0.006,-0.05,61.7,5.2,,0.05,88.0,2,-2,0.746,0.254,38,31,38,32,1,1,1,1,6,,1.11,0.04,0.04,60.1,-9.371560161251224,35.385563582865046,25.784883560338425,43.51752556543063,7.238630011555076
ST,2025-10-02,83.3,-2.3,5.01,"Dingler, Dillon",693307,670036,,swinging_strike,,,,,14,Swinging Strike,F,R,R,CLE,DET,S,,,1,0,2025,0.96,0.36,1.2518824214348472,1.3045336007944623,,679529,682985,1,7,Top,,,,,,,6.267047596375944,-121.16575121439482,-2.7229125984233127,8.095883872779714,25.12042550495107,-28.2494480129701,3.37,1.51,,,,83,2745,6.2,813073,666310,692216,677587,608070,672356,680757,800050,671655,54.26,,,,,,,,54,2,Sweeper,1,6,6,1,6,1,6,1,Standard,Standard,72,0.001,-0.045,73.1,8.4,,0.045,,-5,5,0.026,0.974,32,26,32,27,1,3,4,1,,2,2.94,-0.96,-0.96,28.4,14.223939002071178,4.26787086204677,41.214343482566036,51.29263857388132,29.03182767263535
SL,2025-10-02,86.6,-2.38,6.42,"Torres, Gleyber",650402,683769,,foul,,,,,11,Foul,F,R,R,CLE,DET,S,,,0,1,2025,0.45,0.24,-0.4754215029170196,3.6376843466052495,595879,,678009,0,7,Top,,,,,,,3.6424542150343173,-126.24951912176584,-1.0448336500773208,4.239810981922785,22.25738083181522,-29.559571425914246,3.23,1.51,,,,87.8,2308,6.6,813073,666310,692216,677587,608070,672356,680757,800050,671655,53.87,,,,,,,,49,2,Slider,1,2,2,1,2,1,2,1,Strategic,Standard,123,0.013,-0.049,61.6,5.7,,0.049,,-1,1,0.188,0.812,27,28,27,29,1,3,1,1,,2,2.75,-0.45,-0.45,41.1,-0.6090218024315163,16.347729109122476,29.86640263961045,29.910982727590515,20.87843521991181
FF,2025-10-02,92.6,0.69,5.82,"Greene, Riley",682985,676282,,ball,,,,,11,Ball,F,L,L,CLE,DET,B,,,1,0,2025,0.62,1.25,-1.1693579027284193,3.5675860625678317,,,,0,4,Top,,,,,,,-6.2301527366672405,-134.7287149580436,-2.747174462893483,8.9216392166465,28.008248924519894,-16.462778410868147,3.66692754707373,1.66474458850399,,,,94.3,1882,7.2,813073,666310,692216,677587,608070,672356,680757,800050,671655,53.29,,,,,,,,24,2,4-Seam Fastball,0,1,1,0,1,0,1,0,Standard,Standard,155,-0.007,0.077,,,,-0.077,,-1,1,0.373,0.627,25,24,26,25,1,1,5,1,,2,1.39,0.62,0.62,50.5,,,,,
SI,2025-10-02,94.9,2.72,5.45,"Grisham, Trent",663757,813349,,ball,,,,,7,Ball,F,L,L,NYY,BOS,B,,,0,1,2025,1.51,0.66,-0.7174962930801578,2.01480009310228,,,,0,1,Bot,,,,,,,-12.451489136036033,-137.54823773041494,-4.752910900685534,22.051594302396126,33.12174470517845,-22.8011584431077,3.7130187734508,1.91700501777493,,,,95.1,2109,6.8,813065,665966,663993,663853,608324,596115,680776,678882,677800,53.71,,,,,,,,4,2,Sinker,0,0,0,0,0,0,0,0,Infield shade,Standard,124,0.002,0.031,,,,-0.031,,0,0,0.545,0.545,23,28,23,29,1,0,5,1,,2,1.91,1.51,1.51,25.2,,,,,
FF,2025-10-02,97.6,-1.81,6.24,"Suzuki, Seiya",673548,663158,,foul,,,,,4,Foul,F,R,R,CHC,SD,S,,,0,1,2025,-0.65,1.44,-0.381784129837487,2.0836279747547537,,,,0,6,Bot,,,,,,,5.406398829709022,-141.8872752385548,-9.098028207671213,-10.052164593137261,30.94097843892094,-10.79727314621769,3.16,1.4,122,79.3,75,98.6,2459,6.8,813059,666023,650333,630105,592518,593428,657757,701538,665487,53.71,,,,,,,,46,2,4-Seam Fastball,2,0,2,0,0,2,2,0,Standard,Standard,210,-0.003,-0.055,75.4,7.4,,0.055,88.0,2,2,0.843,0.843,34,30,34,31,1,2,1,1,,2,0.95,0.65,0.65,42.2,4.392759572037191,-7.098197432910208,35.12936240808427,33.03728180279737,33.866543713262814
SL,2025-10-02,86.8,-0.92,5.78,"Swanson, Dansby",621020,669093,,ball,,,,,12,Ball,F,R,R,CHC,SD,B,,,0,1,2025,0.2,0.5,0.6168650553646701,4.069901276133285,673548,608348,691718,0,2,Bot,,,,,,,3.3106253885538894,-126.43700271494353,1.0705941044206102,1.5317802526414692,24.653194430840518,-27.235490361397577,3.56017392975216,1.71004003680251,,,,88.1,2048,7,813059,666023,650333,630105,592518,593428,657757,701538,665487,53.52,,,,,,,,16,2,Slider,1,0,1,0,0,1,1,0,Strategic,Standard,131,0.005,0.032,,,,-0.032,,1,1,0.784,0.784,26,31,27,31,1,0,2,1,,2,2.51,-0.2,-0.2,58.8,,,,,
SI,2025-10-02,93.8,1.65,5.85,"Carpenter, Kerry",681481,682120,double,hit_into_play,,,,,14,"Kerry Carpenter doubles (1) on a ground ball to second baseman Brayan Rocchio, deflected by first baseman CJ Kayfus. Parker Meadows scores. Gleyber Torres to 3rd.",F,L,L,CLE,DET,X,3,ground_ball,0,1,2025,1.48,0.51,1.0588848893914433,2.1650685414453044,678009,,650402,1,3,Top,190.74,135.18,,,,,-4.829305979511407,-136.3813681409402,-4.923207155119662,19.496722104967773,31.810700979505686,-24.848334957673426,3.41,1.63,11,76.3,-9,93.9,2276,6.5,813073,666310,692216,677587,608070,672356,680757,800050,671655,53.99,0.058,0.056,1.25,1,1,1,2,18,2,Sinker,0,0,0,0,1,0,1,0,Infield shade,Strategic,130,-0.132,0.756,71.2,7.1,0.08,-0.756,88.0,0,0,0.436,0.5640000000000001,28,27,29,28,1,1,1,1,,2,2.09,1.48,1.48,32.5,17.498721923780728,-1.4918745763686732,42.5454032692675,25.652786748106955,24.934591639878974
FF,2025-10-02,96.1,-0.86,6.09,"Bellinger, Cody",641355,686580,field_out,hit_into_play,,,,,6,Cody Bellinger flies out to center fielder Ceddanne Rafaela.,F,L,R,NYY,BOS,X,8,fly_ball,0,0,2025,0.01,1.38,0.7155130893859976,2.8503422077977087,683011,669224,592450,2,4,Bot,106.86,107.4,,,,,4.222998506450529,-139.81966329414735,-6.177721248530643,-0.9275576462503514,33.03415524350864,-12.887410929043062,3.81,1.78,236,77.6,47,97.2,2426,7,813065,665966,663993,663853,608324,596115,680776,678882,677800,53.45,0.061,0.06,0,1,0,0,3,35,1,4-Seam Fastball,4,0,4,0,0,4,4,0,Standard,Standard,190,-0.022,-0.257,70.5,6.8,0.082,0.257,88.0,4,4,0.918,0.918,27,29,28,30,1,2,1,1,,2,1.1,-0.01,0.01,55.0,5.979392535786958,2.87968003550876,33.76831588150506,21.522524544499092,27.666257587407824
SI,2025-10-02,97.7,-2.38,4.99,"Kelly, Carson",608348,688158,,foul,,,,,7,Foul,F,R,R,CHC,SD,S,,,0,1,2025,-1.44,0.37,-0.2836616700707275,1.732866590021513,,,,0,8,Bot,,,,,,,8.892811815133804,-142.1074224701654,-4.145153239633552,-21.507738241142064,31.009170241779263,-26.368386121591367,3.39,1.68,2,71.3,-44,97.4,2205,6,813059,666023,650333,630105,592518,593428,669369,701538,665487,54.49,,,,,,,,64,2,Sinker,3,0,3,0,0,3,3,0,Standard,Standard,239,-0.001,-0.055,69.5,6.4,,0.055,88.0,3,3,0.972,0.972,25,30,26,31,1,3,4,1,,2,2.01,1.44,1.44,20.4,0.665991360817368,10.52503616302351,37.469793775943145,38.128570725256345,20.424987355714556
FF,2025-10-02,99.7,-1.63,6.56,"Duran, Jarren",680776,693645,,swinging_strike,,,,,6,Swinging Strike,F,L,R,NYY,BOS,S,,,0,1,2025,-0.66,1.46,0.4251326123894196,2.814094992465522,,,,0,1,Top,,,,,,,7.2238751700511035,-144.7492224274982,-8.274619188058065,-11.109627586138672,36.37108394951153,-9.829995741708862,3.49,1.65,,,,99.4,2551,6.4,813065,669224,700250,665862,642708,683011,641355,663757,592450,54.1,,,,,,,,1,2,4-Seam Fastball,0,0,0,0,0,0,0,0,Infield shade,Standard,205,0.006,-0.055,80.7,7.4,,0.055,,0,0,0.503,0.497,24,28,24,29,1,0,5,1,6,,0.86,0.66,-0.66,44.9,5.727191140884736,1.1044854865283904,29.654785871371786,30.12365463352112,27.83148794374472
FF,2025-10-02,94.4,-2.8,5.75,"Kelly, Carson",608348,650633,single,hit_into_play,,,,,4,Carson Kelly singles on a fly ball to right fielder Fernando Tatis Jr.,F,R,R,CHC,SD,X,9,fly_ball,0,1,2025,-0.7,1.11,-0.3242020141196854,2.6719362043189196,,,,0,4,Bot,174.83,130.8,,,,,7.956253757269549,-137.24018017711884,-4.765647137868689,-10.617046057008055,29.482268573456473,-17.28073451205594,3.39,1.68,219,73.7,28,93.9,2357,6,813059,666023,650333,630105,592518,593428,657757,701538,665487,54.51,0.666,0.632,0.9,1,1,0,4,30,2,4-Seam Fastball,2,0,2,0,0,2,2,0,Standard,Standard,219,0.025,0.477,68.0,6.2,0.75,-0.477,88.0,2,2,0.784,0.784,30,30,30,31,1,1,5,1,,2,1.45,0.7,0.7,34.1,-3.380246011487593,13.55771034883567,36.242602126239106,37.97673534155611,20.977217171985302
CU,2025-10-02,77.1,-1.8,5.89,"Bregman, Alex",608324,670280,,called_strike,,,,,14,Called Strike,F,R,R,NYY,BOS,S,,,1,0,2025,0.75,-0.59,0.8503353660515014,1.9992548727480375,,,,0,9,Top,,,,,,,4.277281735974025,-112.13851958714521,-0.14063542751148295,5.366012589306669,22.8666547027223,-37.33548241086379,3.29835869499102,1.51555549512014,,,,76.6,2489,6.3,813065,669224,502671,665862,641857,683011,641355,663757,592450,54.23,,,,,,,,65,2,Curveball,4,0,0,4,0,4,0,4,Strategic,Standard,42,0.002,-0.05,,,,0.05,,4,-4,0.983,0.017000000000000015,30,31,31,31,1,3,1,1,5,,4.47,-0.75,-0.75,40.8,,,,,
CU,2025-10-02,78.6,-2.36,5.18,"Judge, Aaron",592450,669711,,swinging_strike,,,,,13,Swinging Strike,F,R,R,NYY,BOS,S,,,0,1,2025,1.54,-0.79,-0.2603991566625832,1.4085583588297839,,,,0,7,Bot,,,,,,,1.7013001745978877,-114.51386727346589,0.16086084422317515,13.137501813537844,22.595440073969332,-39.38789604526298,4.08,1.85,,,,78.3,2643,6.2,813065,665966,663993,663853,608324,596115,680776,678882,677800,54.34,,,,,,,,55,2,Curveball,4,0,4,0,0,4,4,0,Standard,Standard,56,-0.001,-0.055,78.9,9.5,,0.055,,4,4,0.971,0.971,30,33,30,33,1,3,4,1,,2,4.5,-1.54,-1.54,21.7,35.81883400944699,-33.849708533482826,43.489698253991264,38.28105973703042,50.32706701513946
CH,2025-10-02,83.9,2.23,5.56,"Chisholm Jr., Jazz",665862,571927,,ball,,,,,13,Ball,F,L,L,NYY,BOS,B,,,0,1,2025,1.13,0,-1.2609208686089042,1.205616227939076,,,,0,6,Bot,,,,,,,-10.34865709885202,-121.77962992560178,-3.6549541952771873,13.289562301135756,23.224773223377444,-31.68611326226218,3.72183225447336,1.75505777203151,,,,84.3,2342,6.6,813065,665966,663993,663853,608324,596115,680776,678882,677800,53.9,,,,,,,,48,2,Changeup,4,0,4,0,0,4,4,0,Standard,Standard,91,0.001,0.031,,,,-0.031,,4,4,0.95,0.95,34,27,34,27,1,2,1,1,,2,3.25,1.13,1.13,30.0,,,,,
SI,2025-10-02,96.7,-1.4,6.27,"Fermin, Freddy",666023,641745,,called_strike,,,,,6,Called Strike,F,R,R,CHC,SD,S,,,0,1,2025,-1,0.69,0.561010262071091,2.278808580441672,,,,0,8,Top,,,,,,,7.465394725464005,-140.5438061228128,-6.603297833020063,-15.005583466213315,32.29738720470411,-21.65852677607176,3.27863097998943,1.54016338406476,,,,95.9,2237,5.9,813059,608348,683737,663538,807713,621020,664023,691718,673548,54.55,,,,,,,,60,2,Sinker,3,0,0,3,0,3,0,3,Standard,Standard,204,0.006,-0.055,,,,0.055,,3,-3,0.931,0.06899999999999995,29,30,30,30,1,2,2,1,6,,1.75,1,1,46.5,,,,,
FS,2025-10-02,88,0.41,6.21,"Goldschmidt, Paul",502671,547973,single,hit_into_play,,,,,6,Paul Goldschmidt singles on a ground ball to center fielder Ceddanne Rafaela.,F,R,L,NYY,BOS,X,8,ground_ball,0,1,2025,0.51,0.06,0.4148393793842947,2.4419571885604445,,,,0,8,Bot,114,91,,,,,-1.0707608029775213,-128.2287588391525,-3.2716318985173802,5.834639081957423,24.474905861544023,-31.08257944312697,3.61,1.74,97,96.7,6,90.1,1067,7.3,813065,665966,663993,663853,608324,596115,680776,678882,677800,53.17,0.565,0.537,0.9,1,1,0,4,61,2,Split-Finger,4,0,4,0,0,4,4,0,Standard,Standard,153,0.002,0.477,76.0,7.6,0.661,-0.477,96.7,4,4,0.988,0.988,37,37,37,38,1,0,2,2,,3,2.86,0.51,-0.51,56.3,10.309460138095456,0.4718678603860568,25.219526802980734,48.5686173394046,25.435388459456817
SI,2025-10-02,97.3,-1.79,5.76,"Cronenworth, Jake",630105,552640,,foul,,,,,7,Foul,F,L,R,CHC,SD,S,,,1,0,2025,-1.44,0.51,-0.32124744767232083,1.5417550571998802,,656811,669369,1,9,Top,,,,,,,7.281582732229108,-141.4333342145102,-6.95860146797078,-20.98842576464742,33.447100687951014,-23.818203571917778,3.34,1.61,,,,97.5,2256,6.5,813059,608348,683737,663538,807713,621020,664023,691718,673548,53.95,,,,,,,,71,2,Sinker,3,1,1,3,1,3,1,3,Standard,Standard,221,0.016,-0.045,76.7,7.9,,0.045,,2,-2,0.815,0.18500000000000005,35,31,35,31,1,3,1,1,6,,1.91,1.44,-1.44,38.9,15.134702792574165,-9.594302774590439,31.843466183826312,43.24592714954276,34.97210131991105
FC,2025-10-02,85.2,-1.42,6.09,"Tatis Jr., Fernando",665487,592791,,swinging_strike,,,,,14,Swinging Strike,F,R,R,CHC,SD,S,,,0,1,2025,0.57,0.45,0.04077689562345427,1.5101906297674592,,,,0,1,Top,,,,,,,2.2920796058676136,-124.18215523400501,-5.54851921766382,5.674218240381627,19.61674298536299,-26.72796982195924,3.68,1.75,,,,86.8,2801,6.7,813059,608348,683737,663538,807713,621020,664023,691718,673548,53.78,,,,,,,,1,2,Cutter,0,0,0,0,0,0,0,0,Standard,Standard,163,0.006,-0.055,77.8,8.5,,0.055,,0,0,0.503,0.497,33,26,34,26,1,0,5,1,6,,2.63,-0.57,-0.57,45.6,24.912714593286122,-42.1030392301915,32.460217438757724,35.877702454331406,57.60087644071728
FF,2025-10-02,100.2,-1.39,5.45,"Fermin, Freddy",666023,694037,,swinging_strike,,,,,11,Swinging Strike,F,R,R,CHC,SD,S,,,0,1,2025,-0.91,1.2,-0.5533895471380678,4.005719135665322,,,657757,2,5,Top,,,,,,,4.5299774165121205,-145.94619604937787,-1.4976576672046353,-14.144775662089296,34.718831855048435,-14.835751694522902,3.23,1.51,,,,101.2,2399,6.8,813059,608348,683737,663538,807713,621020,664023,691718,673548,53.67,,,,,,,,37,2,4-Seam Fastball,2,0,0,2,0,2,0,2,Standard,Standard,219,0.007,-0.055,46.2,4.6,,0.055,,2,-2,0.788,0.21199999999999997,25,30,25,30,1,1,2,1,4,,1.06,0.91,0.91,30.1,-15.874674555667985,55.02079656308203,35.568053151231155,30.873066301503357,1.4737603831916237
FC,2025-10-02,91.2,-2.23,5.4,"Busch, Michael",683737,506433,single,hit_into_play,,,,,2,Michael Busch singles on a ground ball to right fielder Fernando Tatis Jr.,F,L,R,CHC,SD,X,9,ground_ball,0,1,2025,0.05,0.86,0.056819246599601934,2.81794037421058,,,,0,1,Bot,161.35,143.77,,,,,5.696877706837346,-132.8257483452197,-2.4816753585280136,-0.6192492361978592,27.90405987758717,-21.657115741472246,3.26,1.58,10,88.2,-15,92,2414,6.7,813059,666023,650333,630105,592518,593428,657757,701538,665487,53.84,0.104,0.098,0.9,1,1,0,2,4,2,Cutter,0,0,0,0,0,0,0,0,Infield shade,Standard,196,0.038,0.477,71.3,6.5,0.104,-0.477,88.2,0,0,0.545,0.545,38,27,39,28,1,0,6,1,,2,1.87,-0.05,0.05,38.3,13.555264441463429,5.921866655308649,32.573823658999345,37.39723840090495,30.547477637143587
SL,2025-10-02,88.1,-2.13,5.12,"Kelly, Carson",608348,688158,,foul,,,,,5,Foul,F,R,R,CHC,SD,S,,,0,0,2025,0.24,0.11,0.12726066863575936,2.465386366325387,,,,0,8,Bot,,,,,,,4.953013392544871,-128.25069805422663,-0.5698948708896958,1.5806188238115348,27.293024912672088,-31.04760580447192,3.39,1.68,,,,87.3,2305,5.8,813059,666023,650333,630105,592518,593428,669369,701538,665487,54.65,,,,,,,,64,1,Slider,3,0,3,0,0,3,3,0,Standard,Standard,125,0,-0.039,79.4,7.7,,0.039,,3,3,0.972,0.972,25,30,26,31,1,3,4,1,,2,2.83,-0.24,-0.24,22.7,16.691353873077198,-26.744543435512345,27.847590934317793,41.396061156234616,49.13829011494754
FF,2025-10-02,97.3,-1.59,6.02,"Bregman, Alex",608324,670280,,ball,,,,,14,Ball,F,R,R,NYY,BOS,B,,,0,0,2025,-0.77,1.67,0.5128746005466843,1.3003275589686416,,,,0,9,Top,,,,,,,7.4117769204985064,-141.0111065896739,-10.910923069005134,-12.000517903594432,35.67427575587037,-7.442907067579304,3.37782327082831,1.64863024387784,,,,97.1,2478,6.7,813065,669224,502671,665862,641857,683011,641355,663757,592450,53.85,,,,,,,,65,1,4-Seam Fastball,4,0,0,4,0,4,0,4,Strategic,Standard,210,-0.002,0.041,,,,-0.041,,4,-4,0.985,0.015000000000000013,30,31,31,31,1,3,1,1,5,,0.78,0.77,0.77,39.8,,,,,
SL,2025-10-02,89,-2.15,5.6,"Valera, George",671655,676684,,ball,,,,,14,Ball,F,L,R,CLE,DET,B,,,0,0,2025,0.42,-0.04,0.8323337845225017,2.1550971077382446,677587,680757,,1,8,Bot,,,,,,,6.440226566701157,-129.5457194324187,-2.300496517415742,3.311362612328182,28.192361677951748,-32.391071131999766,3.54107086086787,1.62029881393979,,,,88.8,2747,6.3,813073,693307,679529,650402,656716,595879,682985,678009,672761,54.24,,,,,,,,67,1,Slider,1,6,1,6,6,1,1,6,Infield shade,Standard,42,0.002,0.03,,,,-0.03,,-5,-5,0.054,0.054,30,24,30,25,1,3,2,1,2,,2.93,-0.42,0.42,46.4,,,,,
SI,2025-10-02,97.9,2.29,6.14,"Happ, Ian",664023,670970,sac_bunt,hit_into_play,,,,,4,"Ian Happ out on a sacrifice bunt, catcher Freddy Fermin to first baseman Luis Arraez. Nico Hoerner to 3rd.",F,R,L,CHC,SD,X,2,ground_ball,0,0,2025,1.43,0.87,-0.5078978052360916,2.670280267540246,,663538,,0,7,Bot,128.19,191.63,,,,,-10.795461130543238,-142.07854867150266,-5.871370430662712,21.7994065608844,30.494934526111734,-19.19566828836214,3.55,1.66,1,32.6,-76,97.8,2442,6.2,813059,666023,650333,630105,592518,593428,669369,701538,665487,54.28,,,0.2,0,0,0,1,57,1,Sinker,3,0,3,0,0,3,3,0,Standard,Standard,152,-0.001,-0.048,,,,0.048,88.0,3,3,0.957,0.957,26,30,26,31,1,3,1,1,,2,1.51,1.43,-1.43,43.7,,,,,
FF,2025-10-02,92.8,0.71,5.79,"Greene, Riley",682985,676282,,ball,,,,,7,Ball,F,L,L,CLE,DET,B,,,0,0,2025,0.8,1.32,-0.7810756734036618,2.0995258186435155,,,,0,4,Top,,,,,,,-5.694079258010446,-134.93774014202586,-6.665056013090579,10.964532344452705,29.497268437606884,-14.77833068308029,3.63668376301279,1.69335947381898,,,,94.8,1828,7.5,813073,666310,692216,677587,608070,672356,680757,800050,671655,53.02,,,,,,,,24,1,4-Seam Fastball,0,1,1,0,1,0,1,0,Infield shade,Standard,154,-0.004,0.041,,,,-0.041,,-1,1,0.377,0.623,25,24,26,25,1,1,5,1,,2,1.33,0.8,0.8,52.2,,,,,
ST,2025-10-02,82.2,-2.16,5.19,"Dingler, Dillon",693307,670036,,ball,,,,,12,Ball,F,R,R,CLE,DET,B,,,0,0,2025,1.35,0.18,1.0474875099891616,3.1485811709605254,,679529,682985,1,7,Top,,,,,,,4.649856090101023,-119.50561548462882,1.639237517116005,11.804957038872343,25.58446234963767,-31.0887999218054,3.45749105996325,1.54272968795037,,,,81.8,2686,6.3,813073,666310,692216,677587,608070,672356,680757,800050,671655,54.18,,,,,,,,54,1,Sweeper,1,6,6,1,6,1,6,1,Standard,Standard,63,-0.001,0.031,,,,-0.031,,-5,5,0.027,0.973,32,26,32,27,1,3,4,1,,2,3.23,-1.35,-1.35,32.1,,,,,
SL,2025-10-02,85,-0.87,5.84,"Swanson, Dansby",621020,669093,,swinging_strike,,,,,5,Swinging Strike,F,R,R,CHC,SD,S,,,0,0,2025,0.13,0.47,0.21207367587305298,2.916651401833732,673548,608348,691718,0,2,Bot,,,,,,,2.304014805943558,-123.89917571942834,-1.5137821067223747,0.8559155588983596,24.536252289239194,-27.255210300109713,3.59,1.69,,,,86.3,1871,7,813059,666023,650333,630105,592518,593428,657757,701538,665487,53.52,,,,,,,,16,1,Slider,1,0,1,0,0,1,1,0,Strategic,Standard,135,-0.008,-0.045,67.4,7.8,,0.045,,1,1,0.792,0.792,26,31,27,31,1,0,2,1,,2,2.67,-0.13,-0.13,67.0,15.747570901696998,-5.205111464695797,29.16621923097636,39.24786930301968,33.04639263827439
SI,2025-10-02,95.9,0.58,6.24,"Busch, Michael",683737,593974,,ball,,,,,11,Ball,F,L,L,CHC,SD,B,,,0,0,2025,1.28,0.2,-0.4688105707090915,3.8757768194237228,,,,0,5,Bot,,,,,,,-5.580359176525958,-139.53306631030117,-1.108695167581204,17.974920658712264,31.728389564786195,-29.484471181352617,3.46778169127981,1.64553975734259,,,,94.7,1765,5.6,813059,666023,650333,630105,592518,593428,657757,701538,665487,54.9,,,,,,,,39,1,Sinker,2,0,2,0,0,2,2,0,Infield shade,Standard,127,0.002,0.041,,,,-0.041,,2,2,0.812,0.812,33,27,34,28,1,2,2,1,,2,2.28,1.28,1.28,41.3,,,,,
FF,2025-10-02,92.7,-1.27,6.23,"Tatis Jr., Fernando",665487,592791,,foul,,,,,6,Foul,F,R,R,CHC,SD,S,,,0,0,2025,-0.74,1.37,0.7859399939716106,2.4944536921020766,,,,0,1,Top,,,,,,,6.891359703439234,-134.7962760847608,-6.862041940670073,-10.335178549687418,24.811942550417985,-14.158063089290568,3.68000316250723,1.75000007954914,101,82.7,75,93.8,2448,6.6,813059,608348,683737,663538,807713,621020,664023,691718,673548,53.85,,,,,,,,1,1,4-Seam Fastball,0,0,0,0,0,0,0,0,Standard,Standard,211,0.003,-0.039,73.8,7.8,,0.039,88.0,0,0,0.5,0.5,33,26,34,26,1,0,5,1,6,,1.25,0.74,0.74,45.5,11.36971747147967,-4.57884315268726,26.546764433493067,45.50034634602661,32.153605826366075
SI,2025-10-02,93.1,-2.14,5.43,"Busch, Michael",683737,506433,,called_strike,,,,,3,Called Strike,F,L,R,CHC,SD,S,,,0,0,2025,-1.05,0.6,0.7451947516156308,2.917457251757509,,,,0,1,Bot,,,,,,,9.756656838632548,-135.37122490830905,-2.036370275167925,-15.001223165190758,27.851809589124308,-24.523219482929548,3.38320766014186,1.55968143836864,,,,93.8,2338,6.6,813059,666023,650333,630105,592518,593428,657757,701538,665487,53.88,,,,,,,,4,1,Sinker,0,0,0,0,0,0,0,0,Infield shade,Standard,220,-0.003,-0.039,,,,0.039,,0,0,0.548,0.548,38,27,39,28,1,0,6,1,,2,2.02,1.05,-1.05,31.6,,,,,
FS,2025-10-02,86.7,-2.15,5.71,"Rocchio, Brayan",677587,640448,,called_strike,,,,,5,Called Strike,F,L,R,CLE,DET,S,,,0,0,2025,-0.86,0.21,-0.15413822595648075,2.2393411341368648,,,692216,2,5,Bot,,,,,,,6.553850802690991,-126.10094757443626,-2.539372831875954,-10.47135760241773,25.241892863201194,-29.614319642253566,3.12317589308823,1.39172295521663,,,,87,889,6.5,813073,693307,679529,650402,656716,595879,682985,678009,672761,54.03,,,,,,,,39,1,Split-Finger,1,1,1,1,1,1,1,1,Infield shade,Standard,233,-0.005,-0.042,,,,0.042,,0,0,0.531,0.531,33,24,34,24,1,1,1,1,2,,2.82,0.86,-0.86,52.1,,,,,
SL,2025-10-02,80.5,-2.13,5.75,"Meadows, Parker",678009,596001,,called_strike,,,,,9,Called Strike,F,L,R,CLE,DET,S,,,0,0,2025,0.96,-0.18,0.2979686985255531,1.677836826095369,,,,0,8,Top,,,,,,,3.5269506917564444,-117.26480282483935,-1.97869132379984,8.116067625749348,23.494618749099832,-33.68447953861239,3.48020279021741,1.70599501921015,,,,79.6,2359,5.7,813073,666310,692216,677587,608070,672356,680757,800050,671655,54.79,,,,,,,,61,1,Slider,1,6,6,1,6,1,6,1,Standard,Standard,63,0,-0.039,,,,0.039,,-5,5,0.018,0.982,32,25,33,26,1,3,1,1,,2,3.71,-0.96,0.96,29.2,,,,,
CH,2025-10-02,87.9,-2.56,5.44,"Kayfus, CJ",692216,592454,,swinging_strike,,,,,13,Swinging Strike,F,L,R,CLE,DET,S,,,0,0,2025,-0.99,0.12,-0.05092756568676038,1.191297258818056,,,,0,8,Bot,,,,,,,8.218293451902062,-127.78329342094779,-4.449978288394922,-12.582067090998178,26.111076054316133,-30.156815852848702,3.47,1.61,,,,88.6,1351,6.8,813073,693307,679529,650402,656716,595879,682985,678009,672761,53.71,,,,,,,,64,1,Changeup,1,6,1,6,6,1,1,6,Infield shade,Standard,256,-0.001,-0.039,74.4,7.7,,0.039,,-5,-5,0.022,0.022,35,23,36,24,1,2,6,1,2,,2.84,0.99,-0.99,31.2,24.111761392025716,-15.44925038316844,44.63756740845563,30.210562363283866,39.005350621696046
SI,2025-10-02,91.2,1.78,5.74,"Manzardo, Kyle",700932,663947,,ball,,,,,12,Ball,F,L,L,CLE,DET,B,,,0,0,2025,1.24,0.82,0.10195788618875046,3.4929255168452116,,,,0,7,Bot,,,,,,,-6.942710473986528,-132.73997623895434,-1.6023947052990168,16.130370076128433,25.245791810481954,-22.216605501813813,3.229648156848,1.33753556420715,,,,92.4,2090,6.7,813073,693307,679529,650402,656716,595879,682985,678009,672761,53.76,,,,,,,,57,1,Sinker,1,6,1,6,6,1,1,6,Standard,Standard,135,0.002,0.041,,,,-0.041,,-5,-5,0.039,0.039,29,24,29,25,1,2,1,1,2,,1.89,1.24,1.24,36.9,,,,,
FC,2025-10-02,89.1,-2.08,5.7,"Torres, Gleyber",650402,677944,,ball,,,,,14,Ball,F,R,R,CLE,DET,B,,,0,0,2025,0.18,0.39,1.0734847231401778,0.8693044464704474,,,,0,1,Top,,,,,,,7.377825620495535,-129.5245772816279,-6.64231388224111,0.44703293174812136,27.244059367764784,-26.59532333094155,3.30026314724882,1.50099230643232,,,,89.2,2335,6.4,813073,666310,692216,677587,608070,672356,680757,800050,671655,54.09,,,,,,,,1,1,Cutter,0,0,0,0,0,0,0,0,Infield shade,Standard,200,-0.004,0.041,,,,-0.041,,0,0,0.5,0.5,26,28,26,29,1,0,6,1,,2,2.49,-0.18,-0.18,34.3,,,,,
FF,2025-10-02,92.9,2.11,6.13,"O'Hearn, Ryan",656811,519141,,called_strike,,,,,9,Called Strike,F,L,L,CHC,SD,S,,,0,0,2025,0.27,1.48,0.28522958712596,1.637415152287727,,,593428,0,7,Top,,,,,,,-5.188189379352099,-135.05351828058312,-8.88606123241529,4.360070761505441,27.20267121505547,-12.334843096710832,3.50206246234843,1.69496781635961,,,,92.1,2695,5.7,813059,608348,683737,663538,807713,621020,664023,691718,673548,54.8,,,,,,,,52,1,4-Seam Fastball,2,0,0,2,0,2,0,2,Infield shade,Standard,159,0.008,-0.043,,,,0.043,,2,-2,0.754,0.246,36,31,37,32,1,2,2,1,4,,1.15,0.27,0.27,38.8,,,,,
FF,2025-10-02,98.7,-1.61,6.44,"Duran, Jarren",680776,693645,,swinging_strike,,,,,3,Swinging Strike,F,L,R,NYY,BOS,S,,,0,0,2025,-0.62,1.52,0.3578536703197718,3.1848906278427034,,,,0,1,Top,,,,,,,6.79773813443291,-143.35931353921833,-6.876321435239796,-10.250983968193834,35.72802928149479,-9.85155538112029,3.49367650233289,1.6520653689059,,,,98.4,2521,6.4,813065,669224,700250,665862,642708,683011,641355,663757,592450,54.12,,,,,,,,1,1,4-Seam Fastball,0,0,0,0,0,0,0,0,Infield shade,Standard,210,0.003,-0.039,82.7,7.3,,0.039,,0,0,0.5,0.5,24,28,24,29,1,0,5,1,6,,0.85,0.62,-0.62,40.7,7.531479950349636,-5.022727463413723,21.641198319548053,32.79437386021988,36.34058564890113
FF,2025-10-02,94.2,0.83,6.07,"McKinstry, Zach",656716,681870,,swinging_strike,,,,,11,Swinging Strike,F,L,L,CLE,DET,S,,,0,0,2025,0.92,1.72,-0.2968795550402342,3.496123411143278,,,,2,6,Top,,,,,,,-4.986334566784658,-137.07874282418692,-4.807880452771583,12.6491622312736,31.32381269806554,-9.69866994073281,3.27,1.52,,,,94.6,2691,6.6,813073,666310,692216,677587,608070,672356,680757,800050,671655,53.92,,,,,,,,43,1,4-Seam Fastball,1,2,2,1,2,1,2,1,Standard,Standard,147,0.002,-0.043,,,,0.043,,-1,1,0.384,0.616,27,30,28,30,1,2,1,1,,2,0.86,0.92,0.92,45.9,,,,,
FF,2025-10-02,97.1,-1.8,6.25,"Suzuki, Seiya",673548,663158,,called_strike,,,,,14,Called Strike,F,R,R,CHC,SD,S,,,0,0,2025,-0.33,1.5,0.8361052506026196,1.7479853042176037,,,,0,6,Bot,,,,,,,7.848293245120454,-140.97128508896733,-9.979845072483329,-6.201114338717176,32.55506691574689,-9.991622212668533,3.25652569232424,1.4787761541504,,,,97.6,2340,6.7,813059,666023,650333,630105,592518,593428,657757,701538,665487,53.78,,,,,,,,46,1,4-Seam Fastball,2,0,2,0,0,2,2,0,Standard,Standard,205,-0.002,-0.039,,,,0.039,,2,2,0.845,0.845,34,30,34,31,1,2,1,1,,2,0.93,0.33,0.33,40.5,,,,,
FF,2025-10-02,96.6,-2.55,5.83,"Pérez, Wenceel",672761,671922,,ball,,,,,11,Ball,F,L,R,CLE,DET,B,,,0,0,2025,-0.87,1.26,-1.3560944149568686,4.2647949707855615,,,,0,9,Top,,,,,,,5.270546068615771,-140.5949886002098,-1.501176034644118,-12.719656856621869,32.06433139559027,-15.329831933118141,3.05040449317928,1.26466316009848,,,,98.5,2308,7.4,813073,666310,692216,677587,608070,672356,680757,800050,671655,53.12,,,,,,,,69,1,4-Seam Fastball,3,6,6,3,6,3,6,3,Infield shade,Standard,214,0,0.041,,,,-0.041,,-3,3,0.034,0.966,26,25,26,26,1,4,1,1,,2,1.18,0.87,-0.87,38.3,,,,,
SL,2025-10-02,87.7,-2.55,6.35,"Torres, Gleyber",650402,683769,,swinging_strike,,,,,14,Swinging Strike,F,R,R,CLE,DET,S,,,0,0,2025,0.45,0.07,1.2459285780169143,1.6252166426577705,595879,,678009,0,7,Top,,,,,,,8.348256280950878,-127.55517738812063,-5.545629658251789,3.355883364154015,24.34988244169942,-30.50854425041334,3.23,1.51,,,,89,2340,7,813073,666310,692216,677587,608070,672356,680757,800050,671655,53.51,,,,,,,,49,1,Slider,1,2,2,1,2,1,2,1,Strategic,Standard,125,0.008,-0.054,64.6,8.2,,0.054,,-1,1,0.18,0.8200000000000001,27,28,27,29,1,3,1,1,,2,2.88,-0.45,-0.45,42.7,16.37930836198213,-6.133834824567916,30.177132852510294,50.55732966549566,33.181658430603385
FF,2025-10-02,94,2.66,5.6,"Grisham, Trent",663757,813349,,called_strike,,,,,7,Called Strike,F,L,L,NYY,BOS,S,,,0,0,2025,0.9,1.43,-0.3338961078921373,1.6228124422308134,,,,0,1,Bot,,,,,,,-9.876854438070993,-136.30474295316472,-7.739753632017337,13.560743575885914,34.8363882598271,-12.767196992507065,3.66894478231045,1.70184772294024,,,,94.5,2093,7.1,813065,665966,663993,663853,608324,596115,680776,678882,677800,53.37,,,,,,,,4,1,4-Seam Fastball,0,0,0,0,0,0,0,0,Infield shade,Standard,134,-0.003,-0.039,,,,0.039,,0,0,0.548,0.548,23,28,23,29,1,0,5,1,,2,1.21,0.9,0.9,32.7,,,,,
FF,2025-10-02,95.6,-2.83,5.76,"Kelly, Carson",608348,650633,,called_strike,,,,,9,Called Strike,F,R,R,CHC,SD,S,,,0,0,2025,-0.84,1.17,0.4048122363955441,2.18238984410688,,,,0,4,Bot,,,,,,,10.348304884905033,-138.6893650366606,-6.365856139508094,-13.2350145308015,31.604818895151766,-15.792529517568594,3.46856923568724,1.68861517596893,,,,94.8,2318,6,813059,666023,650333,630105,592518,593428,657757,701538,665487,54.46,,,,,,,,30,1,4-Seam Fastball,2,0,2,0,0,2,2,0,Standard,Standard,222,-0.002,-0.039,,,,0.039,,2,2,0.786,0.786,30,30,30,31,1,1,5,1,,2,1.34,0.84,0.84,31.5,,,,,
ST,2025-10-02,80.5,0.6,6.02,"O'Hearn, Ryan",656811,573204,,ball,,,,,12,Ball,F,L,L,CHC,SD,B,,,0,0,2025,-1.27,0.14,0.868173458923398,4.383622756186167,,,,0,5,Top,,,,,,,3.0073893057652485,-117.2564652382741,2.724062170757766,-12.312498132805091,21.244783168974088,-31.537564479621267,3.57046835093918,1.61654800589861,,,,80.6,2462,6.2,813059,608348,683737,663538,807713,621020,664023,691718,673548,54.29,,,,,,,,34,1,Sweeper,2,0,0,2,0,2,0,2,Infield shade,Standard,293,-0.005,0.041,,,,-0.041,,2,-2,0.751,0.249,38,31,38,32,1,1,1,1,6,,3.35,-1.27,-1.27,52.1,,,,,
FF,2025-10-02,92.2,-2.61,5.58,"Kwan, Steven",680757,656427,,ball,,,,,14,Ball,F,L,R,CLE,DET,B,,,0,0,2025,-0.73,1.14,0.19298862693740937,0.9572193463748364,,,,0,1,Bot,,,,,,,8.735673226549553,-133.91700366819663,-8.422039900746729,-10.634406257342157,27.151577603717683,-16.798609824814058,3.28426398492804,1.43333402274621,,,,92.5,2260,6.4,813073,693307,679529,650402,656716,595879,682985,678009,672761,54.05,,,,,,,,5,1,4-Seam Fastball,0,0,0,0,0,0,0,0,Standard,Standard,213,0.003,0.041,,,,-0.041,,0,0,0.548,0.548,29,27,30,28,1,0,8,1,5,,1.54,0.73,-0.73,28.9,,,,,
FF,2025-10-02,95.5,-0.69,6.26,"Judge, Aaron",592450,686580,hit_by_pitch,hit_by_pitch,,,,,11,Aaron Judge hit by pitch. Anthony Volpe to 3rd. Austin Wells to 2nd.,F,R,R,NYY,BOS,B,,,0,0,2025,-0.12,1.39,-1.5807140692107629,4.544073872843887,,683011,669224,2,4,Bot,,,,,,,-2.1211146919988724,-139.14225937640907,-2.054058044383838,-1.021683622089208,31.314082064750913,-13.879056235547443,4.08,1.85,,,,96.5,2175,6.8,813065,665966,663993,663853,608324,596115,680776,678882,677800,53.68,,0.722289,0.7,1,0,0,,34,1,4-Seam Fastball,4,0,4,0,0,4,4,0,Standard,Standard,193,0.008,0.201,,,,-0.201,,4,4,0.91,0.91,27,33,28,33,1,2,1,1,,2,1.1,0.12,0.12,59.3,,,,,
ST,2025-10-02,83.4,-2.73,4.63,"Judge, Aaron",592450,669711,,called_strike,,,,,4,Called Strike,F,R,R,NYY,BOS,S,,,0,0,2025,1.6,0.7,-0.7872520411001225,3.2001292577984355,,,,0,7,Bot,,,,,,,1.3044966078620597,-121.46621452787512,1.7328971482140672,15.659291771515493,23.01022519564288,-25.80934304049537,4.11803025859504,1.88804894015296,,,,83,2677,5.9,813065,665966,663993,663853,608324,596115,680776,678882,677800,54.58,,,,,,,,55,1,Sweeper,4,0,4,0,0,4,4,0,Standard,Standard,83,0,-0.039,,,,0.039,,4,4,0.971,0.971,30,33,30,33,1,3,4,1,,2,2.57,-1.6,-1.6,8.0,,,,,
SI,2025-10-02,94.3,1.8,5.83,"Carpenter, Kerry",681481,682120,,called_strike,,,,,14,Called Strike,F,L,L,CLE,DET,S,,,0,0,2025,1.54,0.62,0.867455605520171,2.228193057942521,678009,,650402,1,3,Top,,,,,,,-5.865583611948667,-137.2338350089098,-5.0486302837404855,20.754823721771167,30.65842578269732,-23.46065513420724,3.33167491114057,1.53686234634601,,,,94.6,2226,6.5,813073,666310,692216,677587,608070,672356,680757,800050,671655,54.03,,,,,,,,18,1,Sinker,0,0,0,0,0,0,0,0,Infield shade,Strategic,130,0.011,-0.041,,,,0.041,,0,0,0.425,0.575,28,27,29,28,1,1,1,1,,2,1.95,1.54,1.54,29.8,,,,,
SI,2025-10-02,95,2.27,5.77,"Chisholm Jr., Jazz",665862,571927,,called_strike,,,,,7,Called Strike,F,L,L,NYY,BOS,S,,,0,0,2025,1.31,1.13,-0.7394111676480941,2.3796814405053732,,,,0,6,Bot,,,,,,,-10.919964834942517,-137.87307164149198,-5.788668274195961,19.14399877294985,30.487339609117743,-16.63096823583976,3.80113725142585,1.78165994127181,,,,95.9,2151,6.9,813065,665966,663993,663853,608324,596115,680776,678882,677800,53.56,,,,,,,,48,1,Sinker,4,0,4,0,0,4,4,0,Standard,Standard,122,-0.001,-0.039,,,,0.039,,4,4,0.951,0.951,34,27,34,27,1,2,1,1,,2,1.41,1.31,1.31,31.8,,,,,
FF,2025-10-02,97.8,0.35,6.24,"Goldschmidt, Paul",502671,547973,,called_strike,,,,,7,Called Strike,F,R,L,NYY,BOS,S,,,0,0,2025,0.08,1.71,-0.38868811462654196,2.112737889094232,,,,0,8,Bot,,,,,,,-2.20755299431128,-142.04323314310594,-9.637029773530278,1.6374120082946018,35.37849314504644,-6.966733828255053,3.45725939538842,1.64863024387784,,,,98.6,2438,7.1,813065,665966,663993,663853,608324,596115,680776,678882,677800,53.44,,,,,,,,61,1,4-Seam Fastball,4,0,4,0,0,4,4,0,Infield shade,Standard,159,0,-0.039,,,,0.039,,4,4,0.988,0.988,37,37,37,38,1,0,2,2,,3,0.7,0.08,-0.08,49.1,,,,,
FF,2025-10-02,99.2,-1.55,5.37,"Fermin, Freddy",666023,694037,,foul,,,,,11,Foul,F,R,R,CHC,SD,S,,,0,0,2025,-0.92,1.28,-1.4398211087843673,3.6029082294479675,,,657757,2,5,Top,,,,,,,2.499309307623607,-144.4374683121264,-2.409425042795127,-13.511477294289604,34.92399241170654,-13.998150324107126,3.23,1.51,13,79.9,-15,100.2,2385,6.9,813059,608348,683737,663538,807713,621020,664023,691718,673548,53.58,,,,,,,,37,1,4-Seam Fastball,2,0,0,2,0,2,0,2,Standard,Standard,223,0.004,-0.042,31.7,5.4,,0.042,88.0,2,-2,0.784,0.21599999999999997,25,30,25,30,1,1,2,1,4,,1.04,0.92,0.92,27.5,1.8211416242372898,23.927703329702013,38.68597129630381,19.347700606220183,19.449524915779776
SI,2025-10-02,95,-1.17,6.4,"Fermin, Freddy",666023,641745,,called_strike,,,,,6,Called Strike,F,R,R,CHC,SD,S,,,0,0,2025,-0.6,0.85,0.46536651502128046,2.4882477886087644,,,,0,8,Top,,,,,,,5.574498214828056,-138.1728015528654,-6.457291776920168,-8.890257266030366,30.151764550866318,-20.029999563188465,3.11777254365936,1.347012374953,,,,94.5,2236,6,813059,608348,683737,663538,807713,621020,664023,691718,673548,54.51,,,,,,,,60,1,Sinker,3,0,0,3,0,3,0,3,Standard,Standard,200,0.003,-0.039,,,,0.039,,3,-3,0.928,0.07199999999999995,29,30,30,30,1,2,2,1,6,,1.67,0.6,0.6,52.5,,,,,
SI,2025-10-02,96.9,-1.69,5.77,"Cronenworth, Jake",630105,552640,,blocked_ball,,,,,14,Ball In Dirt,F,L,R,CHC,SD,B,,,0,0,2025,-1.3,0.86,0.5950987719852026,0.30263885394674395,,656811,669369,1,9,Top,,,,,,,9.086852102751312,-140.46265384322737,-11.009081629574602,-19.267222543926362,32.6913301268187,-18.378979882273992,3.37801846778444,1.5777280693744,,,,96.9,2278,6.6,813059,608348,683737,663538,807713,621020,664023,691718,673548,53.92,,,,,,,,71,1,Sinker,3,1,1,3,1,3,1,3,Standard,Standard,222,-0.011,0.031,,,,-0.031,,2,-2,0.826,0.17400000000000004,35,31,35,31,1,3,1,1,6,,1.59,1.3,-1.3,34.3,,,,,
,2025-10-02,,,,"Carpenter, Kerry",681481,683769,intent_walk,automatic_ball,,,,,,Hunter Gaddis intentionally walks Kerry Carpenter.,F,L,R,CLE,DET,B,,,3,0,2025,,,,,595879,678009,,1,7,Top,,,,,,,,,,,,,,,,,,,,,813073,666310,692216,677587,608070,672356,680757,800050,671655,,,,0.4,0,0,0,,50,4,,1,2,2,1,2,1,2,1,,,,-0.002,,,,,,,-1,1,0.209,0.791,27,27,27,28,1,3,1,1,,2,,,,,,,,,
,2025-10-02,,,,"Carpenter, Kerry",681481,683769,,automatic_ball,,,,,,Automatic Ball - Intentional,F,L,R,CLE,DET,B,,,2,0,2025,,,,,595879,678009,,1,7,Top,,,,,,,,,,,,,,,,,,,,,813073,666310,692216,677587,608070,672356,680757,800050,671655,,,,,,,,,50,3,,1,2,2,1,2,1,2,1,,,,-0.002,,,,,,,-1,1,0.211,0.789,27,27,27,28,1,3,1,1,,2,,,,,,,,,
,2025-10-02,,,,"Carpenter, Kerry",681481,683769,,automatic_ball,,,,,,Automatic Ball - Intentional,F,L,R,CLE,DET,B,,,1,0,2025,,,,,595879,678009,,1,7,Top,,,,,,,,,,,,,,,,,,,,,813073,666310,692216,677587,608070,672356,680757,800050,671655,,,,,,,,,50,2,,1,2,2,1,2,1,2,1,,,,-0.001,,,,,,,-1,1,0.212,0.788,27,27,27,28,1,3,1,1,,2,,,,,,,,,
,2025-10-02,,,,"Carpenter, Kerry",681481,683769,,automatic_ball,,,,,,Automatic Ball - Intentional,F,L,R,CLE,DET,B,,,0,0,2025,,,,,595879,678009,,1,7,Top,,,,,,,,,,,,,,,,,,,,,813073,666310,692216,677587,608070,672356,680757,800050,671655,,,,,,,,,50,1,,1,2,2,1,2,1,2,1,,,,-0.001,,,,,,,-1,1,0.213,0.787,27,27,27,28,1,3,1,1,,2,,,,,,,,,
