pitch_type,game_date,release_speed,release_pos_x,release_pos_z,player_name,batter,pitcher,events,description,spin_dir,spin_rate_deprecated,break_angle_deprecated,break_length_deprecated,zone,des,game_type,stand,p_throws,home_team,away_team,type,hit_location,bb_type,balls,strikes,game_year,pfx_x,pfx_z,plate_x,plate_z,on_3b,on_2b,on_1b,outs_when_up,inning,inning_topbot,hc_x,hc_y,tfs_deprecated,tfs_zulu_deprecated,umpire,sv_id,vx0,vy0,vz0,ax,ay,az,sz_top,sz_bot,hit_distance_sc,launch_speed,launch_angle,effective_speed,release_spin_rate,release_extension,game_pk,fielder_2,fielder_3,fielder_4,fielder_5,fielder_6,fielder_7,fielder_8,fielder_9,release_pos_y,estimated_ba_using_speedangle,estimated_woba_using_speedangle,woba_value,woba_denom,babip_value,iso_value,launch_speed_angle,at_bat_number,pitch_number,pitch_name,home_score,away_score,bat_score,fld_score,post_away_score,post_home_score,post_bat_score,post_fld_score,if_fielding_alignment,of_fielding_alignment,spin_axis,delta_home_win_exp,delta_run_exp,bat_speed,swing_length,estimated_slg_using_speedangle,delta_pitcher_run_exp,hyper_speed,home_score_diff,bat_score_diff,home_win_exp,bat_win_exp,age_pit_legacy,age_bat_legacy,age_pit,age_bat,n_thruorder_pitcher,n_priorpa_thisgame_player_at_bat,pitcher_days_since_prev_game,batter_days_since_prev_game,pitcher_days_until_next_game,batter_days_until_next_game,api_break_z_with_gravity,api_break_x_arm,api_break_x_batter_in,arm_angle,attack_angle,attack_direction,swing_path_tilt,intercept_ball_minus_batter_pos_x_inches,intercept_ball_minus_batter_pos_y_inches
FF,2025-07-15,97.6,-1.73,6.1,"Olson, Matt",621566,608032,strikeout,called_strike,,,,,8,Matt Olson called out on strikes.,A,L,R,NL,AL,S,2,,0,2,2025,-0.43,1.55,0.07868424221246606,1.7853320413807157,,656941,680977,2,7,Bot,,,,,,,5.8135406488645645,-141.8040845799462,-9.549898156175065,-7.003244021888407,29.407443731715382,-9.237733820494652,3.37183399,1.701673228,,,,98.1,2173,6.5,778566,672386,666018,665862,672580,677951,680757,621439,668227,54.04,,,0,,0,0,,60,3,4-Seam Fastball,6,4,6,4,4,6,6,4,Standard,Standard,202,-0.013,-0.178,,,,0.178,,2,2,0.875,0.875,32,31,33,31,1,0,,,,,0.83,0.43,-0.43,,,,,,
FF,2025-07-15,98.4,-1.74,6.13,"Olson, Matt",621566,608032,,foul,,,,,6,Foul,A,L,R,NL,AL,S,,,0,1,2025,-0.57,1.32,0.623048754566163,2.5556657747042957,,656941,680977,2,7,Bot,,,,,,,7.670363626488254,-143.0437260715204,-7.179197130882094,-9.513962329568548,30.122694035570635,-12.522803731668862,3.37183399,1.701673228,,,,98.7,1994,6.3,778566,672386,666018,665862,672580,677951,680757,621439,668227,54.2,,,,,,,,60,2,4-Seam Fastball,6,4,6,4,4,6,6,4,Standard,Standard,204,-0.005,-0.057,80.3,7.1,,0.057,,2,2,0.88,0.88,32,31,33,31,1,0,,,,,1.02,0.57,-0.57,,3.645131491043766,5.459588542130953,38.206780463483,31.402227591379443,29.783644171736775
FF,2025-07-15,99.6,1.74,6.39,"Smith, Will",669257,669373,strikeout,swinging_strike,,,,,3,Will Smith strikes out swinging.,A,R,L,NL,AL,S,2,,0,2,2025,0.18,1.25,0.42994811721909476,3.0283349019237975,,606466,,2,1,Bot,,,,,,,-3.987352521589512,-144.95864681227712,-6.623397010510567,3.5182869057719093,33.71464702094897,-13.209109849351895,3.137508202,1.583415354,,,,99.9,2367,6.4,778566,663728,665489,650402,691406,805779,682985,595879,592450,54.07,,,0,,0,0,,9,3,4-Seam Fastball,2,0,2,0,0,2,2,0,Standard,Standard,157,-0.014,-0.193,66.5,6.5,,0.193,,2,2,0.712,0.712,28,30,29,30,1,0,,,,,1.05,0.18,-0.18,,3.845461172416487,32.49448679644133,27.30999038705429,44.04201100482345,13.714487111943992
FF,2025-07-15,97.6,-1.75,6.21,"Olson, Matt",621566,608032,,foul,,,,,4,Foul,A,L,R,NL,AL,S,,,0,0,2025,-0.31,1.42,-0.31527459584905954,2.834307878329371,,656941,680977,2,7,Bot,,,,,,,4.537056038090409,-142.08696197596512,-6.700712450776969,-5.205928570511783,31.145704041654543,-11.599268365388678,3.37183399,1.701673228,243,79.4,41,97.7,1991,6.2,778566,672386,666018,665862,672580,677951,680757,621439,668227,54.29,,,,,,,,60,1,4-Seam Fastball,6,4,6,4,4,6,6,4,Standard,Standard,198,-0.003,-0.047,66.8,6.6,,0.047,88.0,2,2,0.883,0.883,32,31,33,31,1,0,,,,,0.96,0.31,-0.31,,-9.031429644738184,23.42480224432216,31.564607948626414,40.972796442935746,16.324922485639405
CH,2025-07-15,87,-2.08,6.11,"Donovan, Brendan",680977,608032,single,hit_into_play,,,,,13,Brendan Donovan singles on a soft line drive to center fielder Byron Buxton. Kyle Schwarber to 2nd.,A,L,R,NL,AL,X,8,line_drive,2,2,2025,-0.58,0.65,-0.9155087246865461,1.5363717774778616,,,656941,2,7,Bot,111.15,84.09,,,,,3.983327768534449,-126.51886252155568,-5.883229806531565,-7.072040970085563,26.425764254923656,-24.215795892240433,3.159448819,1.594488189,240,81.7,19,87,1698,6.4,778566,672386,666018,665862,672580,677951,680757,621439,668227,54.13,,,0.9,,1,0,4,59,5,Changeup,6,4,6,4,4,6,6,4,Infield shade,Standard,226,0.011,0.4,67.9,7.2,,-0.4,88.0,2,2,0.872,0.872,32,28,33,28,1,1,,,,,2.37,0.58,-0.58,,8.322766326650095,8.44552393758518,29.605386719954904,48.17164515197629,25.055330327569436
FF,2025-07-15,98.8,1.66,6.43,"Smith, Will",669257,669373,,foul_tip,,,,,11,Foul Tip,A,R,L,NL,AL,S,,,0,1,2025,0.21,1.26,-0.924552759082188,3.382028422746533,,606466,,2,1,Bot,,,,,,,-7.460030747854334,-143.6924331038137,-5.69393343676977,4.555907227118288,31.108032407396664,-13.52491375254915,3.137508202,1.583415354,,,,99.3,2349,6.5,778566,663728,665489,650402,691406,805779,682985,595879,592450,54.05,,,,,,,,9,2,4-Seam Fastball,2,0,2,0,0,2,2,0,Standard,Standard,160,-0.006,-0.056,62.6,5.2,,0.056,,2,2,0.718,0.718,28,30,29,30,1,0,,,,,1.06,0.21,-0.21,,-10.628045741557969,27.333953938702994,31.774770128587154,27.287389155845435,18.060852006722353
FF,2025-07-15,99.6,-2.68,5.15,"Stowers, Kyle",669065,662253,strikeout,called_strike,,,,,9,"National challenged (pitch result), call on the field was upheld: Kyle Stowers called out on strikes.",A,L,R,NL,AL,S,2,,3,2,2025,-0.97,0.8,0.3273150921771115,1.5426820131912082,,695578,682998,2,8,Bot,,,,,,,10.526839766883423,-144.6295885873317,-6.268986741102681,-15.931536018444273,31.208391472474414,-19.588274757066067,3.295480643,1.663139764,,,,100.4,2113,6.7,778566,672386,666018,665862,672580,677951,680757,621439,668227,53.8,,,0,,0,0,,69,7,4-Seam Fastball,6,4,6,4,4,6,6,4,Strategic,Standard,239,-0.013,-0.282,,,,0.282,,2,2,0.937,0.937,26,27,26,27,1,1,,,,,1.49,0.97,-0.97,,,,,,
SL,2025-07-15,92.7,-1.86,5.32,"McKinstry, Zach",656716,694819,field_out,hit_into_play,,,,,2,Zach McKinstry lines out to right fielder Fernando Tatis Jr.,A,L,R,NL,AL,X,9,line_drive,1,2,2025,0.27,0.25,0.07211178579339739,2.8229439922458917,,,666018,2,8,Top,181.35,71.78,,,,,4.339353298824133,-135.09575178465542,-1.072248299155556,2.5885358629732313,25.299775567045117,-29.02761596978595,3.169980315,1.59980315,343,90.7,26,94.7,2397,7,778566,696100,621566,680977,553993,682829,669065,682998,665487,53.47,,,0,,0,0,3,64,4,Slider,6,4,4,6,4,6,4,6,Infield shade,Standard,158,0.025,-0.182,69.8,7.0,,0.182,90.7,2,-2,0.913,0.08699999999999997,23,30,23,30,1,0,,,,,2.36,-0.27,0.27,,23.772081223436935,-2.1388928984114797,29.446863082226727,34.534299426824774,32.16824085405976
FF,2025-07-15,93.6,2.05,6.65,"Ohtani, Shohei",660271,607074,field_out,hit_into_play,,,,,12,Shohei Ohtani grounds out to first baseman Vladimir Guerrero Jr.,A,L,L,NL,AL,X,3,ground_ball,2,2,2025,0.91,1.44,0.04968773044083152,3.755098699464811,,691718,,2,2,Bot,158.7,168.28,,,,,-7.085320902093859,-136.12845822764282,-4.7153037504612065,12.926471216907835,29.920530859893802,-13.470482497715293,3.369201116,1.700344488,49,89.2,-1,92.8,2367,5.9,778566,663728,665489,650402,691406,805779,682985,595879,592450,54.64,,,0,,0,0,2,16,5,4-Seam Fastball,2,0,2,0,0,2,2,0,Standard,Strategic,142,-0.02,-0.219,77.5,8.4,,0.219,89.2,2,2,0.732,0.732,32,30,33,31,1,1,,,,,1.17,0.91,0.91,,32.65973078234842,-18.30151906856049,33.12181237676879,41.051684240594355,35.63426250181401
SL,2025-07-15,87.2,-2.12,5.41,"Stowers, Kyle",669065,662253,,foul,,,,,6,Foul,A,L,R,NL,AL,S,,,3,2,2025,0.43,0.15,0.7477954380765761,2.6268542972449778,,695578,682998,2,8,Bot,,,,,,,5.9575099132986,-126.9582962773731,-0.7075737680761367,3.575787298013915,22.98148953424915,-30.638405169699826,3.295480643,1.663139764,118,78.7,72,88.3,2526,6.7,778566,672386,666018,665862,672580,677951,680757,621439,668227,53.81,,,,,,,,69,6,Slider,6,4,6,4,4,6,6,4,Strategic,Standard,90,0,0,71.3,7.2,,0,88.0,2,2,0.937,0.937,26,27,26,27,1,1,,,,,2.82,-0.43,0.43,,22.691117752110586,-18.09237513175545,33.912085144911465,29.158690247834933,42.26164493127876
SL,2025-07-15,87.2,-1.65,6.22,"Donovan, Brendan",680977,608032,,ball,,,,,9,Ball,A,L,R,NL,AL,B,,,1,2,2025,0.56,-0.01,0.6785504124809725,1.4860382839521429,,,656941,2,7,Bot,,,,,,,4.343262887266755,-127.03319798819457,-5.008558975543559,5.249652799904455,23.61330588149636,-31.493470906456388,3.159448819,1.594488189,,,,87.3,2321,6.1,778566,672386,666018,665862,672580,677951,680757,621439,668227,54.39,,,,,,,,59,4,Slider,6,4,6,4,4,6,6,4,Strategic,Standard,141,0.002,0.033,,,,-0.033,,2,2,0.87,0.87,32,28,33,28,1,1,,,,,2.97,-0.56,0.56,,,,,,
SL,2025-07-15,94.9,-1.89,5.29,"McKinstry, Zach",656716,694819,,ball,,,,,11,Ball,A,L,R,NL,AL,B,,,0,2,2025,0.24,0.47,-1.002059471383086,3.5303806372900075,,,666018,2,8,Top,,,,,,,1.7872079220188561,-138.38502369588528,0.04366856029044608,2.822614381476488,26.03184276224057,-26.200353130977657,3.169980315,1.59980315,,,,97.7,2350,7.4,778566,696100,621566,680977,553993,682829,669065,682998,665487,53.11,,,,,,,,64,3,Slider,6,4,4,6,4,6,4,6,Infield shade,Standard,186,-0.004,0.009,,,,-0.009,,2,-2,0.917,0.08299999999999996,23,30,23,30,1,0,,,,,2.01,-0.24,0.24,,,,,,
SL,2025-07-15,84.1,2.51,6.35,"Ohtani, Shohei",660271,607074,,foul,,,,,2,Foul,A,L,L,NL,AL,S,,,2,1,2025,-0.59,-0.03,0.17274926344280395,3.0726027670550957,,691718,,2,2,Bot,,,,,,,-4.137082568934799,-122.56406183203485,-0.9755998255406124,-5.1747255904066884,23.507771256434367,-32.53991275766699,3.369201116,1.700344488,358,109.9,27,83.7,2600,5.9,778566,663728,665489,650402,691406,805779,682985,595879,592450,54.64,,,,,,,,16,4,Slider,2,0,2,0,0,2,2,0,Standard,Strategic,273,-0.005,-0.064,84.8,8.4,,0.064,109.9,2,2,0.737,0.737,32,30,33,31,1,1,,,,,3.24,-0.59,-0.59,,23.239122902213893,-30.13745630211609,40.00077118078786,39.57243903160024,37.34975838449768
FF,2025-07-15,98.8,1.51,6.44,"Smith, Will",669257,669373,,called_strike,,,,,1,Called Strike,A,R,L,NL,AL,S,,,0,0,2025,0.27,1.2,-0.6375081007952634,2.8623288024145594,,606466,,2,1,Bot,,,,,,,-6.424011691697138,-143.75365391323845,-7.017974818879484,5.046404392226571,29.39922427664784,-14.126658591278721,3.137508202,1.583415354,,,,99.8,2381,6.6,778566,663728,665489,650402,691406,805779,682985,595879,592450,53.92,,,,,,,,9,1,4-Seam Fastball,2,0,2,0,0,2,2,0,Standard,Standard,158,-0.004,-0.04,,,,0.04,,2,2,0.722,0.722,28,30,29,30,1,0,,,,,1.11,0.27,-0.27,,,,,,
FF,2025-07-15,97.9,-2.53,5.7,"Chisholm Jr., Jazz",665862,678495,field_error,hit_into_play,,,,,4,Jazz Chisholm Jr. reaches on a fielding error by first baseman Matt Olson.,A,L,R,NL,AL,X,3,ground_ball,0,0,2025,-0.44,1.36,-0.6328253419209253,2.4044389344228474,,,,2,7,Top,156.17,166.76,,,,,6.135971406611092,-142.4321593036428,-6.507367255241734,-7.2514696993897205,29.26135247602553,-12.291068751481165,3.15593832,1.592716535,110,85.6,8,99.1,2565,6.7,778566,696100,621566,680977,553993,682829,669065,682998,665487,53.78,,,0.9,,0,0,4,54,1,4-Seam Fastball,6,4,4,6,4,6,4,6,Infield shade,Standard,206,-0.019,0.369,73.4,8.6,,-0.369,88.0,2,-2,0.873,0.127,25,27,26,27,1,1,,,,,1,0.44,-0.44,,20.981359666118106,-14.902027346468378,36.42964955630994,41.693731445822394,33.90985614627223
FF,2025-07-15,98,-2.59,5.63,"Witt Jr., Bobby",677951,678495,field_out,hit_into_play,,,,,4,"Bobby Witt Jr. grounds out, second baseman Brendan Donovan to first baseman Matt Olson. Maikel Garcia scores.",A,R,R,NL,AL,X,4,ground_ball,2,2,2025,-0.56,1.48,-0.7001721469976672,2.431515612748394,672580,,,1,7,Top,126.8,145.49,,,,,6.401416204877745,-142.58096342686704,-6.5201233020287175,-9.025634240892229,31.911216209926373,-10.608615411191142,3.238435039,1.634350394,10,96.7,-13,99,2652,6.8,778566,696100,621566,680977,553993,682829,669065,682998,665487,53.68,,,0,,0,0,2,53,5,4-Seam Fastball,6,3,3,6,4,6,4,6,Standard,Standard,210,0.003,-0.207,70.1,6.3,,0.207,96.7,3,-3,0.87,0.13,25,25,26,25,1,0,,,,,0.89,0.56,0.56,,-4.393833576578755,9.239501091012054,36.525948203360855,26.823655916805436,18.934805426926424
SL,2025-07-15,88.6,-1.75,6.14,"Donovan, Brendan",680977,608032,,blocked_ball,,,,,14,Ball In Dirt,A,L,R,NL,AL,B,,,0,2,2025,0.59,0.14,1.0130454884145426,0.4911126020930743,,,656941,2,7,Bot,,,,,,,5.409199862161245,-128.98951824402886,-7.825848784806423,5.697186670193189,22.550134905899114,-29.416972802734698,3.159448819,1.594488189,,,,89.1,2441,6.2,778566,672386,666018,665862,672580,677951,680757,621439,668227,54.29,,,,,,,,59,3,Slider,6,4,6,4,4,6,6,4,Strategic,Standard,149,0.001,0.009,,,,-0.009,,2,2,0.869,0.869,32,28,33,28,1,1,,,,,2.73,-0.59,0.59,,,,,,
CH,2025-07-15,89.5,1.89,6.24,"Machado, Manny",592518,669373,strikeout,called_strike,,,,,8,"American challenged (pitch result), call on the field was overturned: Manny Machado called out on strikes.",A,R,L,NL,AL,S,2,,0,2,2025,1.21,0.78,-0.11213220298801807,1.7616640249674398,,606466,,1,1,Bot,,,,,,,-7.479414975512969,-130.0623824185393,-6.470209873414403,15.266573216829217,26.90023881310427,-22.19054881794006,3.313910761,1.672440945,,,,89.7,1935,6.5,778566,663728,665489,650402,691406,805779,682985,595879,592450,54.03,,,0,,0,0,,8,3,Changeup,2,0,2,0,0,2,2,0,Standard,Strategic,138,-0.015,-0.185,,,,0.185,,2,2,0.737,0.737,28,32,29,33,1,0,,,,,2.07,1.21,-1.21,,,,,,
SI,2025-07-15,99.4,-2.36,5.41,"Stowers, Kyle",669065,662253,,ball,,,,,11,Ball,A,L,R,NL,AL,B,,,2,2,2025,-1.37,0.46,-1.361074179981501,3.053700488980032,,695578,682998,2,8,Bot,,,,,,,5.993199909860367,-144.73298819077158,-2.0314883388922285,-20.65014365628542,31.036823387986534,-25.450021042646725,3.295480643,1.663139764,,,,100.2,1886,6.5,778566,672386,666018,665862,672580,677951,680757,621439,668227,53.98,,,,,,,,69,5,Sinker,6,4,6,4,4,6,6,4,Standard,Standard,233,0.003,0.079,,,,-0.079,,2,2,0.934,0.934,26,27,26,27,1,1,,,,,1.83,1.37,-1.37,,,,,,
SI,2025-07-15,93.8,2.47,6.36,"Ohtani, Shohei",660271,607074,,ball,,,,,14,Ball,A,L,L,NL,AL,B,,,1,1,2025,1.23,0.44,0.7596261011734151,1.1767102569900154,,691718,,2,2,Bot,,,,,,,-7.069395205758966,-136.24247819084698,-8.338490616837758,16.857766813455914,28.01441261366289,-25.12518434395939,3.369201116,1.700344488,,,,93.3,2234,5.9,778566,663728,665489,650402,691406,805779,682985,595879,592450,54.58,,,,,,,,16,3,Sinker,2,0,2,0,0,2,2,0,Standard,Strategic,125,0.002,0.02,,,,-0.02,,2,2,0.735,0.735,32,30,33,31,1,1,,,,,2.15,1.23,1.23,,,,,,
FF,2025-07-15,99.2,-1.7,5.51,"McKinstry, Zach",656716,694819,,foul,,,,,12,Foul,A,L,R,NL,AL,S,,,0,1,2025,-0.73,1.29,0.43064997086096424,3.608609348626128,,,666018,2,8,Top,,,,,,,7.671234992823697,-144.37811859699022,-2.7779867715707542,-11.905157943152746,31.357404296590392,-13.64846384179283,3.169980315,1.59980315,161,62.9,54,101.7,2499,7.5,778566,696100,621566,680977,553993,682829,669065,682998,665487,53.01,,,,,,,,64,2,4-Seam Fastball,6,4,4,6,4,6,4,6,Infield shade,Standard,227,0.009,-0.055,59.5,5.1,,0.055,88.0,2,-2,0.908,0.09199999999999997,23,30,23,30,1,0,,,,,1.02,0.73,-0.73,,-8.24139493072916,17.630567802800922,29.18350364302277,29.40814583715933,18.042083366949214
FF,2025-07-15,97.6,-2.7,5.61,"Witt Jr., Bobby",677951,678495,,swinging_strike,,,,,11,Swinging Strike,A,R,R,NL,AL,S,,,2,1,2025,-0.38,1.57,-0.29175421292561493,3.432233047863085,672580,,,1,7,Top,,,,,,,7.356419968964623,-141.91836877641262,-3.898920539841336,-6.843164273146441,31.774109634009086,-10.176077758055294,3.238435039,1.634350394,,,,98.4,2628,6.7,778566,696100,621566,680977,553993,682829,669065,682998,665487,53.78,,,,,,,,53,4,4-Seam Fastball,6,3,3,6,3,6,3,6,Standard,Standard,209,0.012,-0.09,70.3,5.6,,0.09,,3,-3,0.858,0.14200000000000002,25,25,26,25,1,0,,,,,0.82,0.38,0.38,,-3.1912172120204736,30.689250083272892,23.98097389078466,32.23795253033444,13.265099174994354
FF,2025-07-15,99.3,-1.8,5.42,"McKinstry, Zach",656716,694819,,swinging_strike,,,,,2,Swinging Strike,A,L,R,NL,AL,S,,,0,0,2025,-0.89,1.3,-0.12441611861945745,3.1154924946724414,,,666018,2,8,Top,,,,,,,6.771638823908018,-144.5095292641976,-3.9264513148559392,-14.057145243092661,32.327682433402614,-13.166838339629523,3.169980315,1.59980315,,,,101.3,2641,7.3,778566,696100,621566,680977,553993,682829,669065,682998,665487,53.2,,,,,,,,64,1,4-Seam Fastball,6,4,4,6,4,6,4,6,Standard,Standard,225,0.005,-0.042,66.7,5.9,,0.042,,2,-2,0.903,0.09699999999999998,23,30,23,30,1,0,,,,,1,0.89,-0.89,,-0.4505884932922729,12.420541603485361,34.4473449494502,35.748612210424355,19.092863641396647
FF,2025-07-15,93.9,1.94,5.72,"Suárez, Eugenio",553993,663460,field_out,hit_into_play,,,,,8,"Eugenio Suárez grounds out, second baseman Jazz Chisholm Jr. to first baseman Jonathan Aranda.",A,R,L,NL,AL,X,4,ground_ball,1,1,2025,0.34,1.47,-0.07498007618070823,1.8365003264811772,,,,0,6,Bot,136.93,144.99,,,,,-5.983860566133148,-136.4723976921467,-7.532331054662085,5.502533142038159,28.432489764324494,-12.325622756476951,3.17085794,1.600246063,76,82.5,4,95.3,2299,7.1,778566,672386,666018,665862,672580,677951,680757,621439,668227,53.43,,,0,,0,0,2,44,3,4-Seam Fastball,5,0,5,0,0,5,5,0,Standard,Standard,149,-0.003,-0.251,77.8,7.5,,0.251,88.0,5,5,0.974,0.974,27,33,28,34,1,0,,,,,1.11,0.34,-0.34,,-7.410723106261419,7.052128540393608,47.75750654542942,31.798025183166516,22.931773519991264
FF,2025-07-15,99,1.61,6.43,"Machado, Manny",592518,669373,,swinging_strike,,,,,2,Swinging Strike,A,R,L,NL,AL,S,,,0,1,2025,0.37,1.26,0.2107022600882113,3.4146913533596885,,606466,,1,1,Bot,,,,,,,-4.661750566543027,-144.07270969520195,-5.610437593649883,6.1921842140539765,33.64510219063899,-13.561033896148183,3.313910761,1.672440945,,,,99.2,2318,6.4,778566,663728,665489,650402,691406,805779,682985,595879,592450,54.07,,,,,,,,8,2,4-Seam Fastball,2,0,2,0,0,2,2,0,Standard,Strategic,159,-0.006,-0.052,74.3,6.8,,0.052,,2,2,0.743,0.743,28,32,29,33,1,0,,,,,1.07,0.37,-0.37,,1.1975351914960313,34.155361005508595,21.358443064071693,40.00568402127932,9.58934045703937
SL,2025-07-15,85.8,-2.29,5.48,"Stowers, Kyle",669065,662253,,ball,,,,,11,Ball,A,L,R,NL,AL,B,,,1,2,2025,0.49,-0.11,-1.8933360898642055,3.4714182463880947,,695578,682998,2,8,Bot,,,,,,,-0.09074750339500112,-125.15348845405514,1.8229197303404947,5.23469396366378,21.97206051765373,-33.8803204051264,3.295480643,1.663139764,,,,87,2433,6.6,778566,672386,666018,665862,672580,677951,680757,621439,668227,53.9,,,,,,,,69,4,Slider,6,4,6,4,4,6,6,4,Standard,Standard,84,0.002,0.012,,,,-0.012,,2,2,0.932,0.932,26,27,26,27,1,1,,,,,3.16,-0.49,0.49,,,,,,
CH,2025-07-15,88.2,-2.02,6.16,"Donovan, Brendan",680977,608032,,foul,,,,,8,Foul,A,L,R,NL,AL,S,,,0,1,2025,-0.84,0.83,-0.01866352155908868,1.5565054572634773,,,656941,2,7,Bot,,,,,,,6.564267470182683,-128.18335338690855,-6.598275607253564,-10.637210706453835,26.395457408596698,-21.785409280215852,3.159448819,1.594488189,30,74.5,-1,88.1,1716,6.3,778566,672386,666018,665862,672580,677951,680757,621439,668227,54.21,,,,,,,,59,2,Changeup,6,4,6,4,4,6,6,4,Strategic,Standard,222,-0.003,-0.055,71.3,8.1,,0.055,88.0,2,2,0.872,0.872,32,28,33,28,1,1,,,,,2.1,0.84,-0.84,,24.58240624836144,-23.448859587689025,31.048938129222986,37.267076404367614,41.18640671453729
FF,2025-07-15,93.8,2.07,6.53,"Ohtani, Shohei",660271,607074,,ball,,,,,13,Ball,A,L,L,NL,AL,B,,,0,1,2025,0.86,1.36,-1.1294020817367745,2.405245078097642,,691718,,2,2,Bot,,,,,,,-10.00215258897199,-136.08005249074603,-7.67222464961878,12.873282508842564,30.12628912232988,-13.659496060700842,3.369201116,1.700344488,,,,93,2391,6,778566,663728,665489,650402,691406,805779,682985,595879,592450,54.52,,,,,,,,16,2,4-Seam Fastball,2,0,2,0,0,2,2,0,Standard,Strategic,138,0.003,0.015,,,,-0.015,,2,2,0.732,0.732,32,30,33,31,1,1,,,,,1.24,0.86,0.86,,,,,,
FF,2025-07-15,98.3,1.6,6.42,"Machado, Manny",592518,669373,,foul,,,,,1,Foul,A,R,L,NL,AL,S,,,0,0,2025,0.22,1.35,-0.43912522922296093,3.3775681693816937,,606466,,1,1,Bot,,,,,,,-5.966288456381998,-142.96254962599778,-5.786188638341012,4.317234591191726,32.54992365561458,-12.466993388043395,3.313910761,1.672440945,,,,98.6,2391,6.4,778566,663728,665489,650402,691406,805779,682985,595879,592450,54.05,,,,,,,,8,1,4-Seam Fastball,2,0,2,0,0,2,2,0,Standard,Strategic,157,-0.004,-0.038,76.6,7.1,,0.038,,2,2,0.747,0.747,28,32,29,33,1,0,,,,,1.01,0.22,-0.22,,4.313916996901471,11.718544126515436,25.121901760374662,31.94096541016487,22.710354342720365
FF,2025-07-15,97.7,-2.5,5.63,"Witt Jr., Bobby",677951,678495,,called_strike,,,,,9,Called Strike,A,R,R,NL,AL,S,,,2,0,2025,-0.62,1.49,0.7055247088445767,2.089228668715006,672580,,,1,7,Top,,,,,,,10.053482729303816,-141.87835397061352,-7.369570932549736,-10.665512187328982,31.385927297796265,-10.434528463585288,3.238435039,1.634350394,,,,98.5,2633,6.8,778566,696100,621566,680977,553993,682829,669065,682998,665487,53.74,,,,,,,,53,3,4-Seam Fastball,6,3,3,6,3,6,3,6,Standard,Standard,212,0.008,-0.055,,,,0.055,,3,-3,0.85,0.15000000000000002,25,25,26,25,1,0,,,,,0.9,0.62,0.62,,,,,,
SI,2025-07-15,99.2,-2.55,5.38,"Stowers, Kyle",669065,662253,,foul,,,,,2,Foul,A,L,R,NL,AL,S,,,1,1,2025,-1.16,0.46,0.03864834995162347,2.97838969739555,,695578,682998,2,8,Bot,,,,,,,9.77531780970875,-144.24286146636166,-2.1418564756174776,-18.31696028462573,29.002386562899304,-25.365892735336097,3.295480643,1.663139764,229,81.3,22,100.1,1966,6.5,778566,672386,666018,665862,672580,677951,680757,621439,668227,53.96,,,,,,,,69,3,Sinker,6,4,6,4,4,6,6,4,Standard,Standard,233,-0.003,-0.063,69.5,5.0,,0.063,88.0,2,2,0.935,0.935,26,27,26,27,1,1,,,,,1.83,1.16,-1.16,,-7.793166486763304,32.30285180104518,34.69229043455388,35.97744074736822,15.013608787541184
CH,2025-07-15,86.1,2,5.7,"Suárez, Eugenio",553993,663460,,foul,,,,,14,Foul,A,R,L,NL,AL,S,,,1,0,2025,0.86,0.01,0.8576875129851012,1.5139009264689083,,,,0,6,Bot,,,,,,,-4.50592824420435,-125.38576663392554,-3.529859328325189,9.977215093663009,23.812000402931083,-31.64216830151054,3.17085794,1.600246063,1,62.3,-55,87.1,1401,6.8,778566,672386,666018,665862,672580,677951,680757,621439,668227,53.73,,,,,,,,44,2,Changeup,5,0,5,0,0,5,5,0,Standard,Standard,112,0,-0.05,69.6,8.1,,0.05,88.0,5,5,0.974,0.974,27,33,28,34,1,0,,,,,3.05,0.86,-0.86,,21.565425815566996,18.861372307795396,37.86952452195224,43.091426533448725,26.12008672396172
CH,2025-07-15,94.4,-1.94,5.35,"Aranda, Jonathan",666018,694819,single,hit_into_play,,,,,7,Jonathan Aranda singles on a ground ball to right fielder Fernando Tatis Jr.,A,L,R,NL,AL,X,9,ground_ball,1,2,2025,-1.33,0.22,-0.5179355839024307,1.914197772803988,,,,2,8,Top,181.49,115.11,,,,,6.791546007482267,-137.2611824422578,-3.57659641143873,-18.302649547067272,30.65599935204854,-28.75090918969976,3.189288058,1.609547244,52,101.1,1,96.2,1982,7.4,778566,696100,621566,680977,553993,682829,669065,682998,665487,53.11,,,0.9,,1,0,4,63,4,Changeup,6,4,4,6,4,6,4,6,Infield shade,Standard,256,-0.026,0.403,73.4,7.8,,-0.403,101.1,2,-2,0.929,0.07099999999999995,23,27,23,27,1,1,,,,,2.34,1.33,-1.33,,16.923726788250107,-0.492579916077947,34.90746034793114,41.977982960475615,33.57664666816662
SI,2025-07-15,91.9,2.47,6.48,"Ohtani, Shohei",660271,607074,,called_strike,,,,,13,Called Strike,A,L,L,NL,AL,S,,,0,0,2025,1.42,0.46,-0.05797142360732854,1.5635213624297435,,691718,,2,2,Bot,,,,,,,-9.371975165726623,-133.39836903403733,-7.286910502218962,18.959669502442377,28.899613488704,-25.228071232157703,3.369201116,1.700344488,,,,91.3,2253,6.1,778566,663728,665489,650402,691406,805779,682985,595879,592450,54.42,,,,,,,,16,1,Sinker,2,0,2,0,0,2,2,0,Strategic,Strategic,131,-0.004,-0.04,,,,0.04,,2,2,0.736,0.736,32,30,33,31,1,1,,,,,2.25,1.42,1.42,,,,,,
FF,2025-07-15,99.5,-2.14,5.81,"Judge, Aaron",592450,694973,field_out,hit_into_play,,,,,11,"Aaron Judge grounds out, second baseman Ketel Marte to first baseman Freddie Freeman.",A,R,R,NL,AL,X,4,ground_ball,0,1,2025,-1.23,0.86,-1.0913043284465407,3.0005846216926333,,,,2,1,Top,126.3,149.54,,,,,5.796021093456344,-144.82725746275776,-4.255781192191634,-18.643243656809936,30.347868248944625,-19.19664950459613,3.522785433,1.777854331,14,76.9,-11,100.3,2138,6.5,778566,669257,518692,606466,592518,596019,663656,691718,660670,53.99,,,0,,0,0,2,3,2,4-Seam Fastball,0,0,0,0,0,0,0,0,Standard,Standard,239,0.008,-0.217,59.7,6.1,,0.217,88.0,0,0,0.54,0.45999999999999996,23,33,23,33,1,0,,,,,1.42,1.23,1.23,,-4.153426230171996,9.259876666362889,43.5596795308592,29.124663540303615,18.00709341838116
SL,2025-07-15,85.6,0.2,6.33,"Donovan, Brendan",680977,547973,field_out,hit_into_play,,,,,13,Brendan Donovan grounds out softly to catcher Alejandro Kirk.,A,L,L,NL,AL,X,2,ground_ball,2,2,2025,-0.97,0.29,-0.42203999561419503,1.1232981001343894,,,,2,9,Bot,126.08,204.64,,,,,0.5551549565884779,-124.62881740383409,-6.448801175205623,-10.252920420571249,25.114599591252787,-28.102238305051063,3.159448819,1.594488189,1,8.9,84,87.4,2240,7.4,778566,672386,666018,665862,672580,677951,680757,621439,668227,53.1,,,0,,0,0,1,78,7,Slider,6,6,6,6,6,6,6,6,Strategic,Standard,279,0.108,-0.224,43.6,6.1,,0.224,88.0,0,0,0.531,0.531,37,28,37,28,1,2,,,,,2.82,-0.97,-0.97,,-10.207373704514188,32.878654480328265,37.36768927577053,42.456400568478706,7.090412369495103
FF,2025-07-15,97.1,-1.76,6.13,"Donovan, Brendan",680977,608032,,foul,,,,,9,Foul,A,L,R,NL,AL,S,,,0,0,2025,-0.2,1.47,0.6710221966756966,1.5851919902270044,,,656941,2,7,Bot,,,,,,,6.869391242279351,-141.08204459695668,-9.819781431204577,-4.093538022181809,30.24721109370523,-10.444454402476996,3.159448819,1.594488189,48,103.3,0,97.1,2132,6.3,778566,672386,666018,665862,672580,677951,680757,621439,668227,54.24,,,,,,,,59,1,4-Seam Fastball,6,4,6,4,4,6,6,4,Strategic,Standard,200,-0.002,-0.042,74.5,8.0,,0.042,103.3,2,2,0.874,0.874,32,28,33,28,1,1,,,,,0.94,0.2,-0.2,,18.76120229314648,-21.73127907590076,35.03687941091834,29.433505866629215,37.74783472125044
FF,2025-07-15,100.6,-2.53,5.45,"Stowers, Kyle",669065,662253,,ball,,,,,11,Ball,A,L,R,NL,AL,B,,,0,1,2025,-0.94,0.88,-1.4041631670999641,3.266516041603791,,695578,682998,2,8,Bot,,,,,,,5.381595643393187,-146.49873824585757,-2.6940037899125286,-14.864984258245011,33.15812540852829,-19.069682156921594,3.295480643,1.663139764,,,,101.3,2199,6.5,778566,672386,666018,665862,672580,677951,680757,621439,668227,53.99,,,,,,,,69,2,4-Seam Fastball,6,4,6,4,4,6,6,4,Standard,Standard,229,0.001,0.018,,,,-0.018,,2,2,0.934,0.934,26,27,26,27,1,1,,,,,1.36,0.94,-0.94,,,,,,
SL,2025-07-15,89.2,-1.75,6.22,"Tatis Jr., Fernando",665487,608032,strikeout,foul_tip,,,,,2,Fernando Tatis Jr. strikes out on a foul tip.,A,R,R,NL,AL,S,2,,0,2,2025,0.28,0.03,0.19621700095218736,3.408333320231794,,,656941,1,7,Bot,,,,,,,4.1057622829821305,-129.97303095600554,-0.8272792668858955,2.426995791487442,24.734014021858822,-31.90094196632605,3.346382874,1.68882874,,,,89.1,2315,6,778566,672386,666018,665862,672580,677951,680757,621439,668227,54.53,,,0,,0,0,,58,3,Slider,6,4,6,4,4,6,6,4,Standard,Standard,152,-0.008,-0.168,73.6,6.6,,0.168,,2,2,0.882,0.882,32,26,33,26,1,1,,,,,2.81,-0.28,-0.28,,11.9245610075676,13.341132358126027,22.49990436997035,40.470712794643454,22.34086707323143
FF,2025-07-15,94.7,2.87,5.99,"Arozarena, Randy",668227,671096,field_out,hit_into_play,,,,,12,"Randy Arozarena grounds out softly, pitcher Andrew Abbott to first baseman Pete Alonso.",A,R,L,NL,AL,X,1,ground_ball,1,2,2025,0.66,1.1,0.8318646790723427,3.528687394745729,,,,2,6,Top,130.85,190.06,,,,,-6.754346984364324,-137.75650728320554,-3.0949129295125415,9.82075414531726,29.587613283196,-17.626044085881,3.127854331,1.578543307,1,80.7,-70,94.9,2276,6.4,778566,696100,624413,680977,553993,682829,669065,682998,665487,54.14,,,0,,0,0,2,40,4,4-Seam Fastball,2,0,0,2,0,2,0,2,Standard,Standard,148,0.009,-0.182,70.9,7.0,,0.182,88.0,2,-2,0.836,0.16400000000000003,26,30,26,30,1,0,,,,,1.43,0.66,-0.66,,11.240340722895013,17.576141372967765,9.18506768048216,42.08645251272133,22.643159023318464
SL,2025-07-15,94.6,-1.98,5.22,"Aranda, Jonathan",666018,694819,,foul,,,,,6,Foul,A,L,R,NL,AL,S,,,1,1,2025,0.2,0.26,0.3922082583819913,2.198176254066575,,,,2,8,Top,,,,,,,5.795362779097995,-137.79046833594677,-2.7202818633641304,1.3864766055805624,26.870316173211283,-28.471198493741984,3.189288058,1.609547244,177,76.8,18,97.2,2321,7.4,778566,696100,621566,680977,553993,682829,669065,682998,665487,53.08,,,,,,,,63,3,Slider,6,4,4,6,4,6,4,6,Infield shade,Standard,188,0.003,-0.062,67.8,6.3,,0.062,88.0,2,-2,0.926,0.07399999999999995,23,27,23,27,1,1,,,,,2.26,-0.2,0.2,,-4.280151100925889,23.956336766916408,40.23816538030445,31.731761374737246,17.244381279834506
SL,2025-07-15,87.8,-2.56,5.65,"Witt Jr., Bobby",677951,678495,,ball,,,,,14,Ball,A,R,R,NL,AL,B,,,1,0,2025,1.13,0.47,1.4004774493918581,2.0269956181010467,672580,,,1,7,Top,,,,,,,7.1215950685693326,-127.62489036704739,-3.410419266319592,10.802382377082722,27.12845848437401,-26.492074069556534,3.238435039,1.634350394,,,,88.1,2772,6.6,778566,696100,621566,680977,553993,682829,669065,682998,665487,53.87,,,,,,,,53,2,Slider,6,3,3,6,3,6,3,6,Standard,Standard,66,-0.008,0.037,,,,-0.037,,3,-3,0.858,0.14200000000000002,25,25,26,25,1,0,,,,,2.5,-1.13,-1.13,,,,,,
FF,2025-07-15,99.1,-1.97,4.86,"Arozarena, Randy",668227,621242,strikeout,called_strike,,,,,6,"National challenged (pitch result), call on the field was overturned: Randy Arozarena called out on strikes.",A,R,R,NL,AL,S,2,,0,2,2025,-1,1.01,0.82086889541034,2.4388630717563595,,680757,,2,9,Top,,,,,,,10.08053497611723,-143.95546248480716,-3.463957797469046,-16.165310658031707,32.26214315856157,-17.442719068708872,3.127854331,1.578543307,,,,100.9,2307,7.3,778566,696100,621566,680977,553993,682829,669065,682998,665487,53.2,,,0,,0,0,,75,3,4-Seam Fastball,6,6,6,6,6,6,6,6,Standard,Standard,236,0.064,-0.193,,,,0.193,,0,0,0.575,0.42500000000000004,31,30,31,30,1,2,,,,,1.31,1,1,,,,,,
SL,2025-07-15,85.4,2.59,6.34,"Crow-Armstrong, Pete",691718,607074,double,hit_into_play,,,,,13,Pete Crow-Armstrong doubles (1) on a line drive to right fielder Aaron Judge.,A,L,L,NL,AL,X,9,line_drive,1,0,2025,-0.67,-0.1,-0.07010727143885975,1.3733122863565597,,,,2,2,Bot,206.57,104.01,,,,,-4.779314267229688,-124.32930493198715,-4.959469652888605,-6.083418673439859,22.85565453211881,-32.53089360450811,3.202452428,1.616190945,265,94.2,16,85.1,2571,5.9,778566,663728,665489,650402,691406,805779,682985,595879,592450,54.63,,,1.25,,1,1,4,15,2,Slider,2,0,2,0,0,2,2,0,Infield shade,Strategic,307,0.015,0.542,71.9,7.7,,-0.542,94.2,2,2,0.721,0.721,32,23,33,23,1,0,,,,,3.21,-0.67,-0.67,,17.075516351068938,-15.58096072663509,36.27153135160619,34.28964509739059,46.38291783369567
SI,2025-07-15,94.1,2.03,5.62,"Suárez, Eugenio",553993,663460,,ball,,,,,7,Ball,A,R,L,NL,AL,B,,,0,0,2025,1.11,0.57,-0.7914322806997649,1.8811089884810568,,,,0,6,Bot,,,,,,,-9.853833361574155,-136.64815689165758,-5.123590164955723,16.02528621761479,28.381071646001576,-24.079688738065713,3.17085794,1.600246063,,,,95.5,2090,7.1,778566,672386,666018,665862,672580,677951,680757,621439,668227,53.42,,,,,,,,44,1,Sinker,5,0,5,0,0,5,5,0,Standard,Standard,138,0,0.041,,,,-0.041,,5,5,0.974,0.974,27,33,28,34,1,0,,,,,2,1.11,-1.11,,,,,,
FF,2025-07-15,100.4,-2.19,5.86,"Judge, Aaron",592450,694973,,called_strike,,,,,12,Called Strike,A,R,R,NL,AL,S,,,0,0,2025,-0.99,1.08,0.8719328368255774,2.7176439884416284,,,,2,1,Top,,,,,,,10.803843218224577,-145.83298509453968,-5.805818926864718,-16.57349594360106,31.052307029247903,-15.554848439524818,3.522785433,1.777854331,,,,101.3,2126,6.7,778566,669257,518692,606466,592518,596019,663656,691718,660670,53.82,,,,,,,,3,1,4-Seam Fastball,0,0,0,0,0,0,0,0,Standard,Standard,236,0.002,-0.043,,,,0.043,,0,0,0.538,0.46199999999999997,23,33,23,33,1,0,,,,,1.17,0.99,0.99,,,,,,
SI,2025-07-15,98.9,1.55,6.31,"Freeman, Freddie",518692,669373,field_out,hit_into_play,,,,,8,"Freddie Freeman grounds out, third baseman Junior Caminero to first baseman Vladimir Guerrero Jr.",A,L,L,NL,AL,X,5,ground_ball,1,1,2025,0.94,1.03,-0.028841597231065497,2.0673313142767116,,606466,,0,1,Bot,104.52,169.8,,,,,-6.503443823417381,-143.76770779787324,-8.435963462155712,14.52316088079639,29.707818740254226,-16.159101564715275,3.382365486,1.706988189,4,107.5,-24,99.8,2247,6.6,778566,663728,665489,650402,691406,805779,682985,595879,592450,53.87,,,0,,0,0,2,7,3,Sinker,2,0,2,0,0,2,2,0,Standard,Standard,156,-0.027,-0.208,,,,0.208,107.5,2,2,0.774,0.774,28,35,29,36,1,0,,,,,1.28,0.94,0.94,,,,,,
SI,2025-07-15,99.8,0.11,6.48,"Donovan, Brendan",680977,547973,,ball,,,,,12,Ball,A,L,L,NL,AL,B,,,1,2,2025,0.98,1.24,0.059550788413538225,3.74224852755219,,,,2,9,Bot,,,,,,,-2.523830412016265,-145.35366914832977,-5.039514414466114,14.483956025025513,32.05763246071871,-13.570202943964514,3.159448819,1.594488189,,,,101.7,2425,7.1,778566,672386,666018,665862,672580,677951,680757,621439,668227,53.38,,,,,,,,78,6,Sinker,6,6,6,6,6,6,6,6,Standard,Standard,167,0.006,0.042,,,,-0.042,,0,0,0.525,0.525,37,28,37,28,1,2,,,,,1.03,0.98,0.98,,,,,,
SL,2025-07-15,88.2,-2.28,5.46,"Stowers, Kyle",669065,662253,,swinging_strike,,,,,14,Swinging Strike,A,L,R,NL,AL,S,,,0,0,2025,0.45,0.01,0.7525726926641234,1.4799531882805605,,695578,682998,2,8,Bot,,,,,,,6.375200481280469,-128.48207862024972,-3.476423229805345,3.8857145402686344,23.9879287276383,-31.537362909051364,3.295480643,1.663139764,,,,89.3,2588,6.7,778566,672386,666018,665862,672580,677951,680757,621439,668227,53.82,,,,,,,,69,1,Slider,6,4,6,4,4,6,6,4,Standard,Standard,107,-0.002,-0.047,78.6,7.6,,0.047,,2,2,0.936,0.936,26,27,26,27,1,1,,,,,2.89,-0.45,0.45,,25.538454145720273,-21.982292026398138,38.708780463552415,29.44033042321132,43.04866940387449
CH,2025-07-15,86.8,2.72,6.07,"Arozarena, Randy",668227,671096,,called_strike,,,,,4,Called Strike,A,R,L,NL,AL,S,,,1,1,2025,1.23,0.71,-0.48039611352045,2.118652084678893,,,,2,6,Top,,,,,,,-10.119129195009284,-126.02918559111102,-4.523512115157704,15.17090222968399,24.528206976836582,-23.812065464076635,3.127854331,1.578543307,,,,86.9,2099,6.4,778566,696100,624413,680977,553993,682829,669065,682998,665487,54.11,,,,,,,,40,3,Changeup,2,0,0,2,0,2,0,2,Standard,Standard,134,0.003,-0.062,,,,0.062,,2,-2,0.833,0.16700000000000004,26,30,26,30,1,0,,,,,2.31,1.23,-1.23,,,,,,
SL,2025-07-15,90.3,-2.02,5.19,"Arozarena, Randy",668227,621242,,called_strike,,,,,2,Called Strike,A,R,R,NL,AL,S,,,0,1,2025,0.28,0.23,0.19738667301986276,2.6697728928105304,,680757,,2,9,Top,,,,,,,4.938779592969796,-131.58461880982404,-0.7198655971718558,2.3125163884577256,24.392279394745966,-29.575501138019302,3.127854331,1.578543307,,,,92.4,2420,7.2,778566,696100,621566,680977,553993,682829,669065,682998,665487,53.3,,,,,,,,75,2,Slider,6,6,6,6,6,6,6,6,Standard,Standard,184,0.026,-0.056,,,,0.056,,0,0,0.549,0.45099999999999996,31,30,31,30,1,2,,,,,2.53,-0.28,-0.28,,,,,,
FF,2025-07-15,93.2,2.14,5.67,"Alonso, Pete",624413,663460,home_run,hit_into_play,,,,,2,Pete Alonso homers (1) on a fly ball to right field. Fernando Tatis Jr. scores. Brendan Donovan scores.,A,R,L,NL,AL,X,,fly_ball,1,0,2025,0.53,1.4,-0.033626110964140477,2.866167548946841,665487,,680977,0,6,Bot,218.5,82.2,,,,,-6.791969373297433,-135.61906431905075,-4.484347825182418,7.914480949362797,27.851042849779088,-14.046498136154115,3.323564633,1.677312992,367,99.7,29,94.8,2286,7.1,778566,672386,666018,665862,672580,677951,680757,621439,668227,53.42,,,2,,0,3,6,43,2,4-Seam Fastball,2,0,2,0,0,5,5,0,Standard,Standard,143,0.06,0.889,77.5,6.4,,-0.889,99.7,2,2,0.914,0.914,27,30,28,31,1,1,,,,,1.21,0.53,-0.53,,4.156281611350464,11.28950061416048,34.01121110230307,36.566250469701544,21.180560061837266
SL,2025-07-15,85.6,2.57,6.36,"Crow-Armstrong, Pete",691718,607074,,ball,,,,,13,Ball,A,L,L,NL,AL,B,,,0,0,2025,-0.37,0.07,-1.1519541992469347,1.1035516017579727,,,,2,2,Bot,,,,,,,-7.829732686276387,-124.42029243429863,-6.004941337918972,-2.540895793511721,21.878182607599538,-30.5688947882927,3.202452428,1.616190945,,,,85.2,2641,5.8,778566,663728,665489,650402,691406,805779,682985,595879,592450,54.68,,,,,,,,15,1,Slider,2,0,2,0,0,2,2,0,Infield shade,Strategic,304,0.001,0.037,,,,-0.037,,2,2,0.72,0.72,32,23,33,23,1,0,,,,,3.02,-0.37,-0.37,,,,,,
SL,2025-07-15,86.9,0.09,6.41,"Donovan, Brendan",680977,547973,,foul,,,,,12,Foul,A,L,L,NL,AL,S,,,1,2,2025,-0.49,0.95,0.018649563520578283,3.4332843714640013,,,,2,9,Bot,,,,,,,0.8810394429266284,-126.63730253549618,-2.7739457813012587,-5.430406215000828,26.5835636499188,-21.626358053518636,3.159448819,1.594488189,240,73,48,88.6,2225,7.3,778566,672386,666018,665862,672580,677951,680757,621439,668227,53.19,,,,,,,,78,5,Slider,6,6,6,6,6,6,6,6,Strategic,Standard,274,0,0,63.3,5.5,,0,88.0,0,0,0.525,0.525,37,28,37,28,1,2,,,,,2.07,-0.49,-0.49,,5.131663103651367,25.430494469077153,20.589433316255803,37.30038906874559,12.679635216206883
SL,2025-07-15,85.1,2.22,6.03,"O'Hearn, Ryan",656811,656849,field_out,hit_into_play,,,,,13,"Ryan O'Hearn grounds out, pitcher David Peterson to first baseman Pete Alonso.",A,L,L,NL,AL,X,1,ground_ball,0,0,2025,-0.18,-0.11,-1.0293393526572419,1.8740507030048685,663728,,665489,2,4,Top,128.32,180.94,,,,,-7.287890029177897,-123.92206727212113,-3.1619763090833763,-0.7506082605058787,19.642403876982208,-32.962982435421004,3.28933727,1.66003937,28,68.3,-1,87.4,2223,7.3,778566,669257,624413,606466,592518,596019,663656,691718,665487,53.23,,,0,,0,0,2,28,1,Slider,2,0,0,2,0,2,0,2,Standard,Standard,300,0.057,-0.277,68.2,7.4,,0.277,88.0,2,-2,0.729,0.271,29,31,30,32,1,1,,,,,3.2,-0.18,-0.18,,10.00186941267694,8.433740870198637,32.130413002309695,50.155424897093575,23.778226939967865
CU,2025-07-15,81,-1.88,6.16,"Schwarber, Kyle",656941,656876,field_out,hit_into_play,,,,,7,Kyle Schwarber flies out to center fielder Byron Buxton.,A,L,R,NL,AL,X,8,fly_ball,0,2,2025,0.34,-1.1,-0.46219459726775997,1.8339703722195404,,,,2,5,Bot,141.29,52.86,,,,,2.4834444582245054,-118.01740164092509,-0.6781810447985707,2.6601577977442106,22.42410892058534,-42.523556126956386,3.180511811,1.60511811,362,98.4,32,81.4,2773,6.5,778566,663728,666018,665862,691406,677951,682985,621439,668227,54.03,,,0,,0,0,5,37,3,Curveball,2,0,2,0,0,2,2,0,Infield shade,Standard,28,-0.004,-0.16,76.1,7.8,,0.16,98.4,2,2,0.783,0.783,29,32,30,32,1,0,,,,,4.56,-0.34,0.34,,14.254026521175206,-6.777452708005682,28.269323704942774,38.55079429027068,37.071565774175696
FF,2025-07-15,101.8,-1.47,5.48,"Aranda, Jonathan",666018,694819,,ball,,,,,14,Ball,A,L,R,NL,AL,B,,,0,1,2025,-0.9,1.3,0.7119353172882085,1.475079758177905,,,,2,8,Top,,,,,,,8.411350346346168,-147.86084126562415,-9.074395549666098,-15.171585201392249,34.46543775602029,-11.142161145433327,3.189288058,1.609547244,,,,104,2703,7.5,778566,696100,621566,680977,553993,682829,669065,682998,665487,52.98,,,,,,,,63,2,4-Seam Fastball,6,4,4,6,4,6,4,6,Infield shade,Standard,223,-0.001,0.027,,,,-0.027,,2,-2,0.927,0.07299999999999995,23,27,23,27,1,1,,,,,0.91,0.9,-0.9,,,,,,
FF,2025-07-15,96.6,1.79,6.4,"Freeman, Freddie",518692,669373,,swinging_strike,,,,,2,Swinging Strike,A,L,L,NL,AL,S,,,1,0,2025,0.21,1.39,0.2453063914405063,3.12983956334136,,606466,,0,1,Bot,,,,,,,-4.582360749970367,-140.5833208558322,-6.2024502429611115,3.836255361931931,30.377776889412736,-12.532147814961075,3.382365486,1.706988189,,,,97.2,2343,6.5,778566,663728,665489,650402,691406,805779,682985,595879,592450,54,,,,,,,,7,2,4-Seam Fastball,2,0,2,0,0,2,2,0,Standard,Standard,155,-0.003,-0.049,73.2,5.9,,0.049,,2,2,0.777,0.777,28,35,29,36,1,0,,,,,1.04,0.21,0.21,,1.7979593196344623,4.890138930060624,40.84145759090882,36.04214525161745,22.53120965306123
SL,2025-07-15,88.3,-1.88,6.29,"Tatis Jr., Fernando",665487,608032,,called_strike,,,,,7,Called Strike,A,R,R,NL,AL,S,,,0,1,2025,0.25,0,-0.40493385020943645,2.053143687218052,,,656941,1,7,Bot,,,,,,,2.9995135894228837,-128.60655858040266,-4.056470652581625,2.294841858308473,23.778850686603647,-31.580243185774368,3.346382874,1.68882874,,,,88.4,2244,6.1,778566,672386,666018,665862,672580,677951,680757,621439,668227,54.42,,,,,,,,58,2,Slider,6,4,6,4,4,6,6,4,Standard,Standard,154,-0.003,-0.047,,,,0.047,,2,2,0.885,0.885,32,26,33,26,1,1,,,,,2.89,-0.25,-0.25,,,,,,
SL,2025-07-15,87.4,-2.85,5.52,"Witt Jr., Bobby",677951,678495,,ball,,,,,13,Ball,A,R,R,NL,AL,B,,,0,0,2025,0.91,0.66,-1.2706662193514617,2.3705552605914786,,,672580,1,7,Top,,,,,,,1.8610387465755165,-127.5097059038318,-2.748208402664265,9.769845249253098,22.0832087720364,-24.614730756469683,3.238435039,1.634350394,,,,88.7,2753,6.6,778566,696100,621566,680977,553993,682829,669065,682998,665487,53.9,,,,,,,,53,1,Slider,6,3,3,6,3,6,3,6,Standard,Standard,74,-0.032,0.035,,,,-0.035,,3,-3,0.89,0.10999999999999999,25,25,26,25,1,0,,,,,2.27,-0.91,-0.91,,,,,,
FF,2025-07-15,100.3,-2.65,5.86,"Greene, Riley",682985,694973,strikeout,swinging_strike,,,,,12,Riley Greene strikes out swinging.,A,L,R,NL,AL,S,2,,3,2,2025,-1.04,1.04,0.6149880638225977,3.628852077964736,,,,1,1,Top,,,,,,,11.462112189845113,-145.65248655924236,-3.16908172393598,-17.38047699132994,30.800796515622036,-16.79853495934806,3.303379265,1.667125984,,,,101.2,2152,6.7,778566,669257,518692,606466,592518,596019,663656,691718,660670,53.82,,,0,,0,0,,2,7,4-Seam Fastball,0,0,0,0,0,0,0,0,Infield shade,Standard,236,0.02,-0.332,66.7,5.9,,0.332,,0,0,0.518,0.482,23,24,23,25,1,0,,,,,1.22,1.04,-1.04,,5.446731638421587,7.540703209142643,36.178271741250185,25.90171411838532,25.007968987098288
FF,2025-07-15,94.9,2.82,6.06,"Arozarena, Randy",668227,671096,,ball,,,,,12,Ball,A,R,L,NL,AL,B,,,0,1,2025,0.69,1.08,0.8379340463258892,3.1423425575190684,,,,2,6,Top,,,,,,,-6.687242055619809,-138.05494877427805,-4.24511563936375,10.254254146672627,29.427801744586077,-17.614112432436766,3.127854331,1.578543307,,,,95.1,2295,6.3,778566,696100,624413,680977,553993,682829,669065,682998,665487,54.17,,,,,,,,40,2,4-Seam Fastball,2,0,0,2,0,2,0,2,Standard,Standard,148,-0.001,0.027,,,,-0.027,,2,-2,0.834,0.16600000000000004,26,30,26,30,1,0,,,,,1.45,0.69,-0.69,,,,,,
FF,2025-07-15,101.1,-1.57,5.52,"Aranda, Jonathan",666018,694819,,called_strike,,,,,7,Called Strike,A,L,R,NL,AL,S,,,0,0,2025,-0.93,1.28,-0.33156076467181905,1.9883546483709171,,,,2,8,Top,,,,,,,5.799934312547401,-146.96792570387655,-7.576034172539254,-14.82542883375267,34.46262019646906,-11.990673421754266,3.189288058,1.609547244,,,,103.4,2669,7.6,778566,696100,621566,680977,553993,682829,669065,682998,665487,52.94,,,,,,,,63,1,4-Seam Fastball,6,4,4,6,4,6,4,6,Infield shade,Standard,224,0.002,-0.043,,,,0.043,,2,-2,0.925,0.07499999999999996,23,27,23,27,1,1,,,,,0.95,0.93,-0.93,,,,,,
SI,2025-07-15,100.4,0.07,6.39,"Donovan, Brendan",680977,547973,,ball,,,,,12,Ball,A,L,L,NL,AL,B,,,0,2,2025,0.88,1.32,0.6845339761443612,3.9517172831357943,,,,2,9,Bot,,,,,,,-0.4546357532613155,-146.22186969054135,-4.456484563828881,12.744932116240678,34.87807669298582,-12.399560736931974,3.159448819,1.594488189,,,,101.8,2405,7,778566,672386,666018,665862,672580,677951,680757,621439,668227,53.46,,,,,,,,78,4,Sinker,6,6,6,6,6,6,6,6,Strategic,Standard,160,0.003,0.022,,,,-0.022,,0,0,0.522,0.522,37,28,37,28,1,2,,,,,0.94,0.88,0.88,,,,,,
FF,2025-07-15,100.1,-2.47,5.46,"De La Cruz, Elly",682829,662253,field_out,hit_into_play,,,,,7,Elly De La Cruz flies out to left fielder Steven Kwan.,A,L,R,NL,AL,X,7,fly_ball,3,0,2025,-1.09,0.86,-0.5052609099939249,2.253367452554097,,695578,682998,1,8,Bot,52.24,121.04,,,,,8.012236234634386,-145.4968670822009,-5.347929365645518,-17.382303088781754,33.70714085849589,-18.849437403761673,3.460474081,1.74640748,265,83.5,43,100.6,2340,6.6,778566,672386,666018,665862,672580,677951,680757,621439,668227,53.92,,,0,,0,0,3,68,4,4-Seam Fastball,6,4,6,4,4,6,6,4,Standard,Standard,230,-0.021,-0.461,77.3,7.4,,0.461,88.0,2,2,0.957,0.957,26,23,26,23,1,1,,,,,1.42,1.09,-1.09,,5.26353788886421,6.54512968094912,36.488534202820134,43.39856775040473,33.0940520028557
SI,2025-07-15,91.6,1.88,6.14,"Guerrero Jr., Vladimir",665489,656849,single,hit_into_play,,,,,5,Vladimir Guerrero Jr. singles on a line drive to center fielder Pete Crow-Armstrong. Cal Raleigh to 3rd.,A,R,L,NL,AL,X,8,line_drive,0,0,2025,1.07,0.69,-0.03276810748033987,2.67930365902952,,,663728,2,4,Top,148.07,99.92,,,,,-7.251009442031306,-133.20336931027288,-4.245370782759951,14.32209331230971,27.081859247596025,-23.25406204692552,3.208595801,1.619291339,209,108.6,8,93.3,2130,7.2,778566,669257,624413,606466,592518,596019,663656,691718,665487,53.31,,,0.9,,1,0,4,27,1,Sinker,2,0,0,2,0,2,0,2,Standard,Standard,146,-0.031,0.346,77.9,6.9,,-0.346,108.6,2,-2,0.76,0.24,29,26,30,26,1,1,,,,,2.02,1.07,-1.07,,-6.295727867877447,12.587650894558905,26.89403430716928,37.4399509321797,28.518684937113058
FF,2025-07-15,97.7,-2.57,5.6,"Buxton, Byron",621439,678495,field_out,hit_into_play,,,,,1,Byron Buxton lines out to left fielder Kyle Stowers.,A,R,R,NL,AL,X,7,line_drive,1,0,2025,-0.62,1.56,-0.6545003027393527,2.8781374849709356,,,672580,0,7,Top,41.67,94.13,,,,,6.596924536219807,-142.09602608686131,-5.362936155693598,-9.874683219007752,30.922602343802943,-9.957923679285901,3.257742782,1.644094488,331,92.6,25,98.7,2673,6.8,778566,696100,621566,680977,553993,682829,669065,682998,665487,53.72,,,0,,0,0,3,52,2,4-Seam Fastball,6,3,3,6,3,6,3,6,Standard,Standard,209,0.048,-0.282,78.1,7.6,,0.282,92.6,3,-3,0.842,0.15800000000000003,25,31,26,32,1,0,,,,,0.82,0.62,0.62,,18.12603630053518,-9.561738733249545,34.60798005529746,28.69433272514266,29.239495783731442
SL,2025-07-15,89.1,-2.06,5.29,"Arozarena, Randy",668227,621242,,called_strike,,,,,6,Called Strike,A,R,R,NL,AL,S,,,0,0,2025,0.25,0.36,0.3223370380266476,2.3602617469691105,,,680757,2,9,Top,,,,,,,5.306602382845206,-129.83076577898177,-1.8441315313492774,1.8957649732831037,23.929416935757388,-27.918594822395473,3.127854331,1.578543307,,,,90.6,2325,6.9,778566,696100,621566,680977,553993,682829,669065,682998,665487,53.64,,,,,,,,75,1,Slider,6,6,6,6,6,6,6,6,Standard,Standard,203,-0.025,-0.042,,,,0.042,,0,0,0.574,0.42600000000000005,31,30,31,30,1,2,,,,,2.48,-0.25,-0.25,,,,,,
FF,2025-07-15,94.3,1.86,5.77,"Alonso, Pete",624413,663460,,ball,,,,,11,Ball,A,R,L,NL,AL,B,,,0,0,2025,0.3,1.38,-1.3650143012539817,3.4191961237619832,665487,,680977,0,6,Bot,,,,,,,-9.04439281106159,-137.13320070403898,-3.411389254438135,5.600347718345306,27.793009532822236,-14.15711715882264,3.323564633,1.677312992,,,,95.6,2365,6.9,778566,672386,666018,665862,672580,677951,680757,621439,668227,53.61,,,,,,,,43,1,4-Seam Fastball,2,0,2,0,0,2,2,0,Standard,Standard,149,0.001,0.024,,,,-0.024,,2,2,0.913,0.913,27,30,28,31,1,1,,,,,1.17,0.3,-0.3,,,,,,
FS,2025-07-15,94.9,-2.91,5.84,"Greene, Riley",682985,694973,,ball,,,,,11,Ball,A,L,R,NL,AL,B,,,2,2,2025,-1.02,-0.02,-1.8017220533007237,3.07089300698971,,,,1,1,Top,,,,,,,5.196643744974026,-138.21447545524725,-1.4259040117469577,-14.17859500567427,26.681087327931554,-32.389546251007545,3.303379265,1.667125984,,,,95.8,1608,6.5,778566,669257,518692,606466,592518,596019,663656,691718,660670,54.02,,,,,,,,2,6,Split-Finger,0,0,0,0,0,0,0,0,Infield shade,Standard,250,-0.006,0.104,,,,-0.104,,0,0,0.524,0.476,23,24,23,25,1,0,,,,,2.52,1.02,-1.02,,,,,,
SI,2025-07-15,90.6,-2.16,5.13,"Torres, Gleyber",650402,657277,field_out,hit_into_play,,,,,12,Gleyber Torres grounds out to first baseman Pete Alonso.,A,R,R,NL,AL,X,3,ground_ball,0,2,2025,-1.12,-0.01,1.1657412007040155,2.546266780111054,,691406,,2,3,Top,153.13,164.23,,,,,10.71564267611411,-131.61360983699961,-0.3445207104576028,-15.179258084302623,24.424306799212847,-32.46691531309756,3.12960958,1.579429134,10,65.9,-13,91.7,1820,6.7,778566,669257,624413,606466,592518,596019,663656,691718,660670,53.76,,,0,,0,0,2,20,3,Sinker,2,0,0,2,0,2,0,2,Standard,Standard,252,0.02,-0.192,65.1,6.6,,0.192,88.0,2,-2,0.744,0.256,28,28,29,29,1,1,,,,,2.77,1.12,1.12,,3.394035773804362,16.913760878948906,30.937887369367342,47.292961683432154,20.107873841934868
FF,2025-07-15,94.9,2.18,6.52,"Lindor, Francisco",596019,607074,strikeout,swinging_strike,,,,,9,Francisco Lindor strikes out swinging.,A,R,L,NL,AL,S,2,,2,2,2025,0.99,1.29,0.40885032681206424,1.6701377658524788,,,,1,2,Bot,,,,,,,-6.776322512682398,-137.81337097207214,-9.663930100871497,14.025960098235744,28.644541912521923,-13.75814648556846,3.107668963,1.568356299,,,,94.6,2406,6.1,778566,663728,665489,650402,691406,805779,682985,595879,592450,54.43,,,0,,0,0,,14,5,4-Seam Fastball,2,0,2,0,0,2,2,0,Standard,Strategic,141,-0.009,-0.228,60.5,7.6,,0.228,,2,2,0.729,0.729,32,31,33,32,1,0,,,,,1.24,0.99,-0.99,,-0.5805130882975584,13.9217214068647,36.134717495797545,38.808513830240834,14.233130812696256
SI,2025-07-15,98.8,1.49,6.46,"Freeman, Freddie",518692,669373,,ball,,,,,13,Ball,A,L,L,NL,AL,B,,,0,0,2025,1.01,1.05,-1.145731348858106,1.775455191142565,,606466,,0,1,Bot,,,,,,,-9.495110988299583,-143.44707557714761,-9.590921301592246,16.06623561057205,31.051459584908827,-15.571649794672968,3.382365486,1.706988189,,,,99.3,2252,6.5,778566,663728,665489,650402,691406,805779,682985,595879,592450,53.95,,,,,,,,7,1,Sinker,2,0,2,0,0,2,2,0,Infield shade,Standard,150,0.002,0.032,,,,-0.032,,2,2,0.775,0.775,28,35,29,36,1,0,,,,,1.28,1.01,1.01,,,,,,
FF,2025-07-15,96.3,-1.69,6.25,"Tatis Jr., Fernando",665487,608032,,foul,,,,,9,Foul,A,R,R,NL,AL,S,,,0,0,2025,-0.26,1.37,0.4245145797563128,2.1339428852160705,,,656941,1,7,Bot,,,,,,,6.12903518525077,-139.86966263100345,-8.231134362024129,-4.876627229330878,32.273720562834654,-12.441190129784568,3.346382874,1.68882874,174,71.4,61,95.9,2017,6.2,778566,672386,666018,665862,672580,677951,680757,621439,668227,54.26,,,,,,,,58,1,4-Seam Fastball,6,4,6,4,4,6,6,4,Standard,Standard,200,-0.002,-0.04,70.3,7.7,,0.04,88.0,2,2,0.887,0.887,32,26,33,26,1,1,,,,,1.1,0.26,0.26,,5.0632290066287,1.5715818268861756,32.40171143782631,45.028391188566815,26.467305420373417
FF,2025-07-15,97.1,-1.71,6.22,"Schwarber, Kyle",656941,656876,,foul,,,,,2,Foul,A,L,R,NL,AL,S,,,0,1,2025,-0.5,1.42,-0.17486271998686798,3.119396978034208,,,,2,5,Bot,,,,,,,5.262282575194825,-141.27152407154705,-5.930754626932388,-7.820759041053593,30.701997295858316,-11.961408651546263,3.180511811,1.60511811,150,82.1,10,98,2538,6.7,778566,663728,666018,665862,691406,677951,682985,621439,668227,53.78,,,,,,,,37,2,4-Seam Fastball,2,0,2,0,0,2,2,0,Infield shade,Standard,205,-0.002,-0.057,77.0,6.4,,0.057,88.0,2,2,0.785,0.785,29,32,30,32,1,0,,,,,0.99,0.5,-0.5,,3.3461925333463034,19.44565330769236,25.074558571563866,34.134858376867555,21.79742541352176
SL,2025-07-15,92.3,-2.14,5.19,"Kwan, Steven",680757,621242,single,hit_into_play,,,,,11,Steven Kwan singles on a soft ground ball to third baseman Eugenio Suárez. Bobby Witt Jr. scores.,A,L,R,NL,AL,X,5,ground_ball,2,2,2025,0.01,0.33,-1.1337649326260861,2.8966672565372886,677951,,,2,9,Top,113.62,170.14,,,,,2.5469562723981984,-134.50575060380052,-0.6129430469583972,-0.4009446653192091,27.260993763740316,-28.239690294449133,3.02253937,1.525393701,1,53.9,-68,94,2283,7.1,778566,696100,621566,680977,553993,682829,669065,682998,665487,53.44,,,0.9,,1,0,1,74,7,Slider,6,5,5,6,6,6,6,6,Infield shade,Standard,208,-0.315,0.808,40.5,5.4,,-0.808,88.0,1,-1,0.889,0.11099999999999999,31,27,31,28,1,1,,,,,2.32,-0.01,0.01,,-4.905387347996386,29.20304083074311,19.964911853180787,44.30289634456497,12.280268607926148
FF,2025-07-15,95.7,-1.78,6,"De La Cruz, Elly",682829,663554,strikeout,swinging_strike,,,,,3,Elly De La Cruz strikes out swinging.,A,L,R,NL,AL,S,2,,1,2,2025,-0.56,1.46,0.39814828052761175,3.5266147543124107,,,,2,6,Bot,,,,,,,7.051178282336935,-139.20897856230152,-4.15992950641793,-8.77242114130468,30.37441190224208,-12.466632268957207,3.460474081,1.74640748,,,,97.4,2328,7.2,778566,672386,666018,665862,672580,677951,680757,621439,668227,53.3,,,0,,0,0,,47,4,4-Seam Fastball,6,0,6,0,0,6,6,0,Infield shade,Standard,211,-0.001,-0.182,73.4,6.3,,0.182,,6,6,0.984,0.984,28,23,28,23,1,0,,,,,1.03,0.56,-0.56,,3.3876746107394156,6.893219291927484,32.99224875849964,33.263357313708454,25.98943665455923
FF,2025-07-15,100.2,-2.55,5.38,"De La Cruz, Elly",682829,662253,,ball,,,,,11,Ball,A,L,R,NL,AL,B,,,2,0,2025,-0.99,0.83,-2.0772369620097293,3.536708260219753,,695578,682998,1,8,Bot,,,,,,,3.6898182897391965,-145.9753913740693,-1.5783350655776847,-15.041893807361314,35.18094481602678,-20.156800419938143,3.460474081,1.74640748,,,,100.7,2126,6.6,778566,672386,666018,665862,672580,677951,680757,621439,668227,53.95,,,,,,,,68,3,4-Seam Fastball,6,4,6,4,4,6,6,4,Standard,Standard,239,0.005,0.117,,,,-0.117,,2,2,0.952,0.952,26,23,26,23,1,1,,,,,1.44,0.99,-0.99,,,,,,
FF,2025-07-15,97.1,-2.26,5.88,"Schwarber, Kyle",656941,608032,walk,ball,,,,,11,Kyle Schwarber walks.,A,L,R,NL,AL,B,,,3,2,2025,-0.61,1.46,-1.6593639213780031,3.2987141151967445,,,,1,7,Bot,,,,,,,3.019379472112029,-141.27338103639852,-4.563875766851363,-8.87762000908429,33.795650847695235,-11.835299892337293,3.180511811,1.60511811,,,,97,2088,6.4,778566,672386,666018,665862,672580,677951,680757,621439,668227,54.13,,,0.7,,0,0,,57,6,4-Seam Fastball,6,4,6,4,4,6,6,4,Infield shade,Standard,212,0.009,0.339,,,,-0.339,,2,2,0.878,0.878,32,32,33,32,1,1,,,,,0.97,0.61,-0.61,,,,,,
FF,2025-07-15,94.2,2.9,6.03,"Arozarena, Randy",668227,671096,,called_strike,,,,,6,Called Strike,A,R,L,NL,AL,S,,,0,0,2025,0.6,1.3,0.5697441967941348,2.1932625565709984,,,,2,6,Top,,,,,,,-7.3357503350597115,-136.97085240933714,-6.993386890617494,9.118910980740434,28.57199441204823,-14.470591556667854,3.127854331,1.578543307,,,,94.7,2315,6.5,778566,696100,624413,680977,553993,682829,669065,682998,665487,54.01,,,,,,,,40,1,4-Seam Fastball,2,0,0,2,0,2,0,2,Standard,Standard,142,0.002,-0.043,,,,0.043,,2,-2,0.832,0.16800000000000004,26,30,26,30,1,0,,,,,1.26,0.6,-0.6,,,,,,
FF,2025-07-15,97.1,-2.4,5.72,"Wood, James",695578,681343,force_out,hit_into_play,,,,,5,"James Wood grounds into a force out, third baseman Maikel Garcia to shortstop Bobby Witt Jr. Eugenio Suárez out at 2nd. James Wood to 1st.",A,L,R,NL,AL,X,5,ground_ball,3,2,2025,-0.67,1.18,-0.14596719913303846,2.657421105058856,,,553993,0,8,Bot,110.09,156.63,,,,,7.586205412189492,-141.2941921731128,-5.273585769091329,-10.60250744930687,30.320097606371384,-15.389737563354906,3.488558071,1.760580709,3,98.4,-36,98.4,2396,6.9,778566,672386,666018,665862,672580,677951,680757,621439,668227,53.64,,,0,,0,0,2,66,6,4-Seam Fastball,6,4,6,4,4,6,6,4,Infield shade,Standard,226,-0.011,-0.407,72.8,6.3,,0.407,98.4,2,2,0.95,0.95,25,22,25,23,1,0,,,,,1.23,0.67,-0.67,,-15.18740690678552,23.37279388647248,39.43849299513649,39.679316038387526,13.421303037133343
FF,2025-07-15,100.3,-2.69,5.85,"Greene, Riley",682985,694973,,foul,,,,,5,Foul,A,L,R,NL,AL,S,,,2,2,2025,-1.21,0.92,-0.18662607528289454,2.787261945191821,,,,1,1,Top,,,,,,,9.787611759279576,-145.74431848902108,-5.15257810788361,-19.49535828310464,32.160327217499116,-18.048962536524428,3.303379265,1.667125984,233,79.6,26,101.1,2307,6.7,778566,669257,518692,606466,592518,596019,663656,691718,660670,53.82,,,,,,,,2,5,4-Seam Fastball,0,0,0,0,0,0,0,0,Infield shade,Standard,242,0,0,70.1,6.4,,0,88.0,0,0,0.524,0.476,23,24,23,25,1,0,,,,,1.34,1.21,-1.21,,-0.7583026857937327,16.31462937222823,43.087270854435914,35.12335161471561,18.29611494186495
SI,2025-07-15,98.1,1.72,6.38,"Marte, Ketel",606466,669373,double,hit_into_play,,,,,5,Ketel Marte doubles (1) on a sharp ground ball to right fielder Aaron Judge. Shohei Ohtani scores. Ronald Acuña Jr. scores.,A,R,L,NL,AL,X,9,ground_ball,0,1,2025,1.01,1.03,-0.10872446686374271,2.5086264041806547,,660271,660670,0,1,Bot,211.37,115.11,,,,,-7.28763027010928,-142.65545840878355,-7.247985260153375,15.441195264079699,28.729471676853024,-16.719963038918543,3.218249672,1.624163386,12,109.6,-11,98.8,2347,6.5,778566,663728,665489,650402,691406,805779,682985,595879,592450,54.04,,,1.25,,1,1,2,6,2,Sinker,0,0,0,0,0,2,2,0,Standard,Standard,154,0.146,0.783,73.2,6.2,,-0.783,109.6,0,0,0.629,0.629,28,31,29,32,1,0,,,,,1.32,1.01,-1.01,,-16.848752803883386,31.66050207506464,34.439329299909666,33.24081155036966,14.210281352188463
FF,2025-07-15,94.4,2.43,6.48,"Lindor, Francisco",596019,607074,,ball,,,,,14,Ball,A,R,L,NL,AL,B,,,1,2,2025,0.75,1.61,1.0297651256486233,1.7089670894209648,,,,1,2,Bot,,,,,,,-5.27730889660384,-137.10938575452158,-10.070048655738491,10.63769513277045,28.162795472032688,-9.829980160165993,3.107668963,1.568356299,,,,94.2,2458,6.1,778566,663728,665489,650402,691406,805779,682985,595879,592450,54.41,,,,,,,,14,4,4-Seam Fastball,2,0,2,0,0,2,2,0,Standard,Strategic,145,0.001,0.048,,,,-0.048,,2,2,0.728,0.728,32,31,33,32,1,0,,,,,0.94,0.75,-0.75,,,,,,
CU,2025-07-15,88.7,-1.5,5.64,"Kirk, Alejandro",672386,694819,field_out,hit_into_play,,,,,9,Alejandro Kirk flies out to right fielder Fernando Tatis Jr.,A,R,R,NL,AL,X,9,fly_ball,0,2,2025,0.76,-0.54,0.5901551458670906,1.8976025492993687,,,,1,8,Top,188.42,109.48,,,,,3.475219249366803,-129.2450737338682,-1.811451181082012,7.952195366236299,23.502090074715102,-38.1884711566535,3.010252625,1.519192913,270,79.9,38,90.4,2444,7,778566,696100,621566,680977,553993,682829,669065,682998,665487,53.5,,,0,,0,0,3,62,4,Curveball,6,4,4,6,4,6,4,6,Standard,Standard,52,0.015,-0.163,62.1,7.3,,0.163,88.0,2,-2,0.91,0.08999999999999997,23,26,23,27,1,1,,,,,3.4,-0.76,-0.76,,8.976881823697932,12.309685122381651,18.16715607665972,47.86996902257078,24.32532925754178
FF,2025-07-15,96.7,-2.39,4.92,"Tucker, Kyle",663656,657746,strikeout,called_strike,,,,,8,Kyle Tucker called out on strikes.,A,L,R,NL,AL,S,2,,2,2,2025,-1.18,1.04,0.1954940608803395,1.65863851427301,,,,2,4,Bot,,,,,,,9.594135963680003,-140.3917431575444,-5.321286038247299,-17.778197113069513,33.05124861588311,-17.376680200264257,3.350770997,1.691043307,,,,97.2,2319,6.8,778566,663728,665489,650402,691406,805779,682985,595879,592450,53.73,,,0,,0,0,,31,5,4-Seam Fastball,2,0,2,0,0,2,2,0,Strategic,Strategic,227,-0.007,-0.224,,,,0.224,,2,2,0.758,0.758,29,28,29,28,1,1,,,,,1.42,1.18,-1.18,,,,,,
FF,2025-07-15,99.5,-1,6.4,"Witt Jr., Bobby",677951,663158,double,hit_into_play,,,,,9,Bobby Witt Jr. doubles (1) on a line drive to right fielder Fernando Tatis Jr. Byron Buxton scores.,A,R,R,NL,AL,X,9,line_drive,0,2,2025,-0.56,1.55,0.5695619010192658,1.5326454140423933,,621439,,1,9,Top,200.68,128.63,,,,,5.6121510933757515,-144.40692233130278,-11.401698888114487,-9.14928952945934,34.22969831194591,-8.034785239838923,3.238435039,1.634350394,212,87.6,13,99.9,2490,6.7,778566,696100,621566,680977,553993,682829,669065,682998,665487,53.79,,,1.25,,1,1,4,72,3,4-Seam Fastball,6,4,4,6,5,6,5,6,Standard,Standard,211,-0.158,0.905,67.9,7.1,,-0.905,88.0,2,-2,0.925,0.07499999999999996,34,25,34,25,1,1,,,,,0.77,0.56,0.56,,-9.11508437312581,13.078550988244727,36.8132281438972,42.19471619921768,14.051059576082757
CH,2025-07-15,86.8,1.97,6.2,"Raleigh, Cal",663728,656849,single,hit_into_play,,,,,12,Cal Raleigh singles on a sharp line drive to right fielder Fernando Tatis Jr.,A,R,L,NL,AL,X,9,line_drive,0,1,2025,1.17,0.7,1.1245100595579829,2.673154675444599,,,,2,4,Top,165.29,61.07,,,,,-4.510265776226681,-126.37378573607813,-3.583857911288052,13.486470986017016,23.80033952918278,-24.18427728984227,3.282316273,1.656496063,295,102.7,12,88.4,1719,7.1,778566,669257,624413,606466,592518,596019,663656,691718,665487,53.43,,,0.9,,1,0,4,26,2,Changeup,2,0,0,2,0,2,0,2,Standard,Standard,119,-0.016,0.368,75.9,7.4,,-0.368,102.7,2,-2,0.776,0.22399999999999998,29,28,30,29,1,1,,,,,2.31,1.17,-1.17,,8.992227812510619,15.990555631514159,26.00293817640875,46.880646057352656,25.914122671431418
CH,2025-07-15,86.3,-2.27,5.04,"Torres, Gleyber",650402,657277,,swinging_strike_blocked,,,,,13,Swinging Strike (Blocked),A,R,R,NL,AL,S,,,0,1,2025,-1.23,-0.37,-0.5951812959076932,0.5752303355141359,,691406,,2,3,Top,,,,,,,6.565429642165555,-125.51298952389192,-3.4141345243295844,-14.369655277728851,25.22012405592194,-35.61408387961196,3.12960958,1.579429134,,,,87.3,1448,6.9,778566,669257,624413,606466,592518,596019,663656,691718,660670,53.57,,,,,,,,20,2,Changeup,2,0,0,2,0,2,0,2,Standard,Standard,267,0.008,-0.056,72.6,8.0,,0.056,,2,-2,0.736,0.264,28,28,29,29,1,1,,,,,3.43,1.23,1.23,,16.90401886448003,-20.77988811016834,45.700202345897466,27.73970851747157,48.862214040240005
SI,2025-07-15,100.7,0.05,6.37,"Donovan, Brendan",680977,547973,,foul,,,,,12,Foul,A,L,L,NL,AL,S,,,0,2,2025,1.08,1.21,0.5592229491929744,3.40563097047607,,,,2,9,Bot,,,,,,,-1.2490467015963624,-146.61555688215182,-5.697893983789644,15.873271227315875,34.9182596813983,-13.601005504150054,3.159448819,1.594488189,205,70.3,38,102.3,2387,7.1,778566,672386,666018,665862,672580,677951,680757,621439,668227,53.37,,,,,,,,78,3,Sinker,6,6,6,6,6,6,6,6,Standard,Standard,161,0,0,53.7,4.7,,0,88.0,0,0,0.522,0.522,37,28,37,28,1,2,,,,,1.04,1.08,1.08,,-5.353188885500652,33.10015357003429,24.909610696664394,30.456319307284616,9.55747887097984
CU,2025-07-15,81.2,-1.85,6.21,"Schwarber, Kyle",656941,656876,,called_strike,,,,,3,Called Strike,A,L,R,NL,AL,S,,,0,0,2025,0.27,-0.91,0.4882245987293754,2.991456559801198,,,,2,5,Bot,,,,,,,4.662985533049474,-118.12778486059759,1.3993491526854533,1.6653423899091624,22.143421620759568,-41.17887019920515,3.180511811,1.60511811,,,,81.7,2745,6.6,778566,663728,666018,665862,691406,677951,682985,621439,668227,53.92,,,,,,,,37,1,Curveball,2,0,2,0,0,2,2,0,Infield shade,Standard,29,-0.001,-0.043,,,,0.043,,2,2,0.786,0.786,29,32,30,32,1,0,,,,,4.36,-0.27,0.27,,,,,,
FF,2025-07-15,96.7,-2.6,5.53,"Buxton, Byron",621439,678495,,ball,,,,,13,Ball,A,R,R,NL,AL,B,,,0,0,2025,-0.83,1.47,-1.413017974732395,2.2434765733625825,,,672580,0,7,Top,,,,,,,5.088399618905109,-140.72503403256795,-6.495016421700895,-12.184021894384584,29.707580471960497,-11.367403333864072,3.257742782,1.644094488,,,,97.7,2562,6.7,778566,696100,621566,680977,553993,682829,669065,682998,665487,53.79,,,,,,,,52,1,4-Seam Fastball,6,3,3,6,3,6,3,6,Standard,Standard,210,-0.007,0.04,,,,-0.04,,3,-3,0.849,0.15100000000000002,25,31,26,32,1,0,,,,,0.96,0.83,0.83,,,,,,
SI,2025-07-15,92.8,2.04,5.56,"Donovan, Brendan",680977,663460,single,hit_into_play,,,,,5,Brendan Donovan singles on a ground ball to shortstop Bobby Witt Jr. Fernando Tatis Jr. to 3rd.,A,L,L,NL,AL,X,6,ground_ball,2,1,2025,1.07,0.43,0.08945200383107355,2.3067019283349133,,665487,,0,6,Bot,106.55,149.54,,,,,-7.388249990365561,-135.09704041275796,-3.376696404468268,14.587408158557109,26.059677677032827,-26.39863715255241,3.159448819,1.594488189,35,83.3,-1,94.5,1840,7,778566,672386,666018,665862,672580,677951,680757,621439,668227,53.49,,,0.9,,1,0,2,42,4,Sinker,2,0,2,0,0,2,2,0,Standard,Standard,143,0.031,0.495,61.1,6.2,,-0.495,88.0,2,2,0.882,0.882,27,28,28,28,1,0,,,,,2.19,1.07,1.07,,-0.48608268307182984,14.599158470003951,27.70921916300737,36.473741247805194,17.23004894687533
SI,2025-07-15,93.7,2.22,5.51,"Donovan, Brendan",680977,663460,,foul,,,,,9,Foul,A,L,L,NL,AL,S,,,2,0,2025,1.24,0.5,0.34276944779593466,1.933153473998462,,665487,,0,6,Bot,,,,,,,-7.673504954972082,-136.30834231895358,-4.514027056077786,17.118675154175126,27.940786804264373,-25.106117604700824,3.159448819,1.594488189,2,76.7,-42,95.1,2059,7,778566,672386,666018,665862,672580,677951,680757,621439,668227,53.52,,,,,,,,42,3,Sinker,2,0,2,0,0,2,2,0,Standard,Standard,145,-0.003,-0.078,72.4,6.4,,0.078,88.0,2,2,0.885,0.885,27,28,28,28,1,0,,,,,2.08,1.24,1.24,,-2.207128604667632,12.490498281317581,31.73777897158459,33.28633290220465,17.760116707351504
FF,2025-07-15,99.5,-2.13,4.87,"Kwan, Steven",680757,621242,,ball,,,,,14,Ball,A,L,R,NL,AL,B,,,1,2,2025,-1.08,1.09,0.9456139896050162,2.159487434272463,677951,,,2,9,Top,,,,,,,11.079769132387941,-144.439069761369,-4.500567882693318,-17.660912311243628,33.056416766910765,-16.056617306886224,3.02253937,1.525393701,,,,101.2,2326,7.3,778566,696100,621566,680977,553993,682829,669065,682998,665487,53.21,,,,,,,,74,6,4-Seam Fastball,6,5,5,6,5,6,5,6,Strategic,Standard,240,-0.019,-0.001,,,,0.001,,1,-1,0.908,0.09199999999999997,31,27,31,28,1,1,,,,,1.22,1.08,-1.08,,,,,,
SL,2025-07-15,87,-2.74,5.68,"Garcia, Maikel",672580,678495,walk,ball,,,,,11,Maikel Garcia walks.,A,R,R,NL,AL,B,,,3,2,2025,1.35,0.34,-0.672440089379833,3.8153612953869214,,,,0,7,Top,,,,,,,2.1017592420987885,-126.80219481862032,1.1002932776419787,14.279548825379448,23.672650475298926,-28.913621447138496,3.262130906,1.646309055,,,,88,2823,6.7,778566,696100,621566,680977,553993,682829,669065,682998,665487,53.84,,,0.7,,0,0,,51,6,Slider,6,3,3,6,3,6,3,6,Standard,Standard,81,-0.037,0.356,,,,-0.356,,3,-3,0.886,0.11399999999999999,25,25,26,25,1,0,,,,,2.64,-1.35,-1.35,,,,,,
FF,2025-07-15,98.8,-2.8,5.89,"Greene, Riley",682985,694973,,ball,,,,,11,Ball,A,L,R,NL,AL,B,,,1,2,2025,-1.19,1.03,-1.002437054210263,3.4503889241919037,,,,1,1,Top,,,,,,,7.686325330726158,-143.69764922216726,-3.4925382676378183,-18.297026226127787,31.89045592251456,-17.24531267110603,3.303379265,1.667125984,,,,99.3,2210,6.5,778566,669257,518692,606466,592518,596019,663656,691718,660670,53.98,,,,,,,,2,4,4-Seam Fastball,0,0,0,0,0,0,0,0,Infield shade,Standard,240,-0.003,0.048,,,,-0.048,,0,0,0.527,0.473,23,24,23,25,1,0,,,,,1.3,1.19,-1.19,,,,,,
FS,2025-07-15,89.2,-2.04,5.78,"De La Cruz, Elly",682829,663554,,swinging_strike,,,,,13,Swinging Strike,A,L,R,NL,AL,S,,,1,1,2025,-1.23,0.51,-0.45045806536103106,1.0242062586194836,,,,2,6,Bot,,,,,,,6.577982272678393,-129.72070709473851,-6.606792002311689,-15.232345214667502,25.78171661886691,-25.250482094054004,3.460474081,1.74640748,,,,90.6,1603,7.1,778566,672386,666018,665862,672580,677951,680757,621439,668227,53.43,,,,,,,,47,3,Split-Finger,6,0,6,0,0,6,6,0,Infield shade,Standard,232,0,-0.062,73.1,8.0,,0.062,,6,6,0.984,0.984,28,23,28,23,1,0,,,,,2.35,1.23,-1.23,,14.483190835751541,-9.956421343695688,40.78515967726879,43.5423107191034,48.94763600923042
FF,2025-07-15,96.6,-2.46,5.8,"Wood, James",695578,681343,,ball,,,,,11,Ball,A,L,R,NL,AL,B,,,2,2,2025,-0.56,1.05,-1.4048792495260962,3.3002060883358144,,,553993,0,8,Bot,,,,,,,4.114604014516022,-140.65943499151115,-3.38259435826545,-8.412902182589741,30.222635923377226,-17.66054481856743,3.488558071,1.760580709,,,,97.4,2353,6.6,778566,672386,666018,665862,672580,677951,680757,621439,668227,53.91,,,,,,,,66,5,4-Seam Fastball,6,4,6,4,4,6,6,4,Infield shade,Standard,217,0.003,0.113,,,,-0.113,,2,2,0.947,0.947,25,22,25,23,1,0,,,,,1.38,0.56,-0.56,,,,,,
FF,2025-07-15,94.9,-2.47,4.94,"Tucker, Kyle",663656,657746,,swinging_strike,,,,,5,Swinging Strike,A,L,R,NL,AL,S,,,2,1,2025,-1.16,1,-0.09239488752033131,2.674435348646392,,,,2,4,Bot,,,,,,,8.817967165601333,-137.92626934919602,-2.3602286150484453,-16.74505003401638,31.619998091103266,-19.044632286150286,3.350770997,1.691043307,,,,95.3,2262,6.6,778566,663728,665489,650402,691406,805779,682985,595879,592450,53.85,,,,,,,,31,4,4-Seam Fastball,2,0,2,0,0,2,2,0,Strategic,Strategic,230,-0.002,-0.073,76.0,7.7,,0.073,,2,2,0.76,0.76,29,28,29,28,1,1,,,,,1.54,1.16,-1.16,,12.722221232185497,-8.766259229114436,32.126272172859224,38.58172194447614,27.427543982668666
CU,2025-07-15,82.2,2.65,6.16,"Greene, Riley",682985,671096,field_out,hit_into_play,,,,,8,Riley Greene flies out to center fielder Corbin Carroll.,A,L,L,NL,AL,X,8,fly_ball,1,1,2025,-1.32,-0.4,0.07467963418400458,1.5639639754832775,,,,1,6,Top,145.64,71.46,,,,,-3.1455987194074964,-119.70210957682653,-2.8100224881044182,-11.959352211153767,24.686877312813884,-35.606376058041064,3.303379265,1.667125984,320,89.7,40,81.8,2745,6.1,778566,696100,624413,680977,553993,682829,669065,682998,665487,54.38,,,0,,0,0,3,39,3,Curveball,2,0,0,2,0,2,0,2,Infield shade,Standard,302,0.021,-0.244,73.8,8.1,,0.244,89.7,2,-2,0.811,0.18899999999999995,26,24,26,25,1,2,,,,,3.78,-1.32,-1.32,,18.737690199588165,-9.84135520061201,47.64334369676664,34.71267936541405,40.06982089194586
CH,2025-07-15,86.5,2.32,6.4,"Lindor, Francisco",596019,607074,,ball,,,,,14,Ball,A,R,L,NL,AL,B,,,0,2,2025,0.99,0.53,0.4633669438632122,1.1851847444683448,,,,1,2,Bot,,,,,,,-6.405837718573368,-125.69457151198016,-7.058945188957727,11.800898542091462,23.29668584151868,-25.395842648682656,3.107668963,1.568356299,,,,86.4,1804,6.1,778566,663728,665489,650402,691406,805779,682985,595879,592450,54.4,,,,,,,,14,3,Changeup,2,0,2,0,0,2,2,0,Standard,Strategic,132,0.001,0.017,,,,-0.017,,2,2,0.727,0.727,32,31,33,32,1,0,,,,,2.51,0.99,-0.99,,,,,,
ST,2025-07-15,83.2,-2.38,5.05,"Torres, Gleyber",650402,657277,,called_strike,,,,,5,Called Strike,A,R,R,NL,AL,S,,,0,0,2025,0.97,-0.16,0.1789604488509866,2.1468435374782477,,691406,,2,3,Top,,,,,,,3.9068130256406532,-121.04758141788534,0.4170809792385668,8.621808903711727,26.170692129627575,-34.10306149441021,3.12960958,1.579429134,,,,84.1,2506,7.1,778566,669257,624413,606466,592518,596019,663656,691718,660670,53.38,,,,,,,,20,1,Sweeper,2,0,0,2,0,2,0,2,Standard,Standard,54,0.005,-0.04,,,,0.04,,2,-2,0.731,0.269,28,28,29,29,1,1,,,,,3.49,-0.97,-0.97,,,,,,
CH,2025-07-15,88,1.93,6.24,"Marte, Ketel",606466,669373,,swinging_strike,,,,,14,Swinging Strike,A,R,L,NL,AL,S,,,0,0,2025,1.3,0.64,0.04289148084619421,1.2653987950242487,,660271,660670,0,1,Bot,,,,,,,-7.309010511857575,-127.91440593927165,-7.148500334041312,15.748280223848171,23.07864193245005,-23.929987741380174,3.218249672,1.624163386,,,,88.9,1884,6.6,778566,663728,665489,650402,691406,805779,682985,595879,592450,53.88,,,,,,,,6,1,Changeup,0,0,0,0,0,0,0,0,Standard,Standard,136,-0.007,-0.053,78.8,9.3,,0.053,,0,0,0.636,0.636,28,31,29,32,1,0,,,,,2.28,1.3,-1.3,,20.703053432866422,-49.60047977917533,28.689963196541292,35.7505933707265,60.82020954713768
FF,2025-07-15,95.3,2.36,5.49,"Wilson, Jacob",805779,669022,field_out,hit_into_play,,,,,4,"Jacob Wilson grounds out, shortstop Francisco Lindor to first baseman Pete Alonso.",A,R,L,NL,AL,X,6,ground_ball,2,0,2025,0.74,1.16,-0.49662045547662803,2.183000404574049,,,,2,5,Top,112.12,153.6,,,,,-9.18236929200535,-138.52152984341788,-5.5847887244282095,11.485604243435258,27.937056410733337,-16.120435389817903,3.29109252,1.660925197,96,97.8,5,96.5,2303,6.8,778566,696100,624413,680977,553993,596019,682998,691718,665487,53.7,,,0,,0,0,4,34,3,4-Seam Fastball,2,0,0,2,0,2,0,2,Standard,Standard,147,0.017,-0.362,65.7,5.7,,0.362,97.8,2,-2,0.795,0.20499999999999996,26,23,26,23,1,1,,,,,1.33,0.74,-0.74,,-5.947110863678623,3.7461450435469996,39.17913209945832,29.274935381439885,28.273496935135952
FF,2025-07-15,97,-2.03,6,"Schwarber, Kyle",656941,608032,,foul,,,,,8,Foul,A,L,R,NL,AL,S,,,3,1,2025,-0.75,1.41,0.21007044160923638,1.9032926397382846,,,,1,7,Bot,,,,,,,7.6469575578616675,-140.919175997674,-8.449864504640832,-11.699050306767784,31.562582653109203,-11.630310398725559,3.180511811,1.60511811,2,68.1,-41,97.1,2172,6.4,778566,672386,666018,665862,672580,677951,680757,621439,668227,54.09,,,,,,,,57,5,4-Seam Fastball,6,4,6,4,4,6,6,4,Infield shade,Standard,210,-0.002,-0.087,80.1,7.5,,0.087,88.0,2,2,0.88,0.88,32,32,33,32,1,1,,,,,1.02,0.75,-0.75,,13.458512537167433,-2.8502421488473657,33.87805542922814,31.15908390753535,31.82069818277463
FF,2025-07-15,102.3,-1.72,5.56,"Kirk, Alejandro",672386,694819,,foul,,,,,11,Foul,A,R,R,NL,AL,S,,,0,2,2025,-0.9,1.22,-0.9290945297928708,3.81811429524875,,,,1,8,Top,,,,,,,4.503971648968621,-148.88475203186957,-2.5298269552406016,-14.438973898069417,37.186454787877345,-13.694122402901703,3.010252625,1.519192913,231,82.6,21,104.5,2601,7.5,778566,696100,621566,680977,553993,682829,669065,682998,665487,52.96,,,,,,,,62,3,4-Seam Fastball,6,4,4,6,4,6,4,6,Standard,Standard,221,0,0,61.4,5.6,,0,88.0,2,-2,0.91,0.08999999999999997,23,26,23,27,1,1,,,,,0.97,0.9,0.9,,6.726724971357685,19.70378663453027,11.204225040195066,29.129701394577598,20.069958398406172
CU,2025-07-15,80,2.08,6.3,"Raleigh, Cal",663728,656849,,called_strike,,,,,9,Called Strike,A,R,L,NL,AL,S,,,0,0,2025,-0.46,-0.72,0.5524713449034453,2.125479041146418,,,,2,4,Top,,,,,,,-2.4876499273755734,-116.5555390654505,-0.8961478654615465,-3.706934582034478,21.654511252248867,-38.74516134045454,3.282316273,1.656496063,,,,81.3,2442,7.1,778566,669257,624413,606466,592518,596019,663656,691718,665487,53.43,,,,,,,,26,1,Curveball,2,0,0,2,0,2,0,2,Standard,Standard,330,0.002,-0.043,,,,0.043,,2,-2,0.774,0.22599999999999998,29,28,30,29,1,1,,,,,4.26,-0.46,0.46,,,,,,
SI,2025-07-15,100.2,0.06,6.39,"Donovan, Brendan",680977,547973,,foul,,,,,5,Foul,A,L,L,NL,AL,S,,,0,1,2025,1.02,1.47,-0.24074900671941601,2.5091847358061474,,,,2,9,Bot,,,,,,,-3.3130769484050444,-145.72189458214854,-8.768838223140486,15.280655342116328,34.11730608639768,-9.366236337542533,3.159448819,1.594488189,210,86.7,16,101.5,2607,7,778566,672386,666018,665862,672580,677951,680757,621439,668227,53.48,,,,,,,,78,2,Sinker,6,6,6,6,6,6,6,6,Standard,Standard,163,-0.009,-0.057,62.6,5.2,,0.057,88.0,0,0,0.531,0.531,37,28,37,28,1,2,,,,,0.8,1.02,1.02,,-22.581320937359497,46.92885306953771,32.161812304454955,40.793557921423194,-6.529450112462012
FF,2025-07-15,100.6,-1.09,6.35,"Witt Jr., Bobby",677951,663158,,foul,,,,,3,Foul,A,R,R,NL,AL,S,,,0,1,2025,-0.45,1.45,0.44579674699524513,2.9507666017412046,,621439,,1,9,Top,,,,,,,5.329540379330953,-146.30357540446337,-7.427634495872982,-7.729303197534207,35.20175268537725,-9.723458714068657,3.238435039,1.634350394,164,85.5,11,101.2,2475,6.7,778566,696100,621566,680977,553993,682829,669065,682998,665487,53.79,,,,,,,,72,2,4-Seam Fastball,6,4,4,6,4,6,4,6,Standard,Standard,208,0.015,-0.052,70.1,6.3,,0.052,88.0,2,-2,0.91,0.08999999999999997,34,25,34,25,1,1,,,,,0.8,0.45,0.45,,-4.268223882848169,19.791254543439024,27.597627721781695,40.85901657283176,10.82682346768175
SL,2025-07-15,85.5,-2.45,5.43,"De La Cruz, Elly",682829,662253,,ball,,,,,13,Ball,A,L,R,NL,AL,B,,,1,0,2025,0.53,-0.47,-1.161859200109213,2.1750286871164928,,695578,682998,1,8,Bot,,,,,,,1.9173736137101305,-124.62849458629923,-0.27716191335004037,5.189685303303969,23.611391362938875,-37.20313457730353,3.460474081,1.74640748,,,,86.4,2455,6.6,778566,672386,666018,665862,672580,677951,680757,621439,668227,53.88,,,,,,,,68,2,Slider,6,4,6,4,4,6,6,4,Standard,Standard,81,0.002,0.071,,,,-0.071,,2,2,0.95,0.95,26,23,26,23,1,1,,,,,3.56,-0.53,0.53,,,,,,
FF,2025-07-15,97.3,-1.6,6.38,"Crow-Armstrong, Pete",691718,656876,field_out,hit_into_play,,,,,12,Pete Crow-Armstrong flies out to left fielder Riley Greene.,A,L,R,NL,AL,X,7,fly_ball,2,1,2025,-0.16,1.43,0.08099927390593933,3.3403566801694096,,,,1,5,Bot,96.46,104.69,,,,,4.848155389600986,-141.66982315685078,-5.834235034917191,-3.2455054775626246,31.270255633761757,-11.712115009894145,3.202452428,1.616190945,248,83,50,98,2592,6.6,778566,663728,666018,665862,691406,677951,682985,621439,668227,53.94,,,0,,0,0,3,36,4,4-Seam Fastball,2,0,2,0,0,2,2,0,Infield shade,Standard,194,-0.013,-0.298,69.2,6.2,,0.298,88.0,2,2,0.799,0.799,29,23,30,23,1,1,,,,,0.96,0.16,-0.16,,15.32025530687834,12.165369764395654,27.214482379212576,33.208116440213786,32.86080084986513
CH,2025-07-15,86.9,2.02,6.18,"Judge, Aaron",592450,656849,field_out,hit_into_play,,,,,5,"Aaron Judge grounds out sharply, shortstop Francisco Lindor to first baseman Pete Alonso.",A,R,L,NL,AL,X,6,ground_ball,1,2,2025,1.08,0.65,0.06213707741874974,2.4038441555960812,,,,1,4,Top,97.6,143.17,,,,,-7.006879114610375,-126.41623188540011,-4.066765039196143,13.02202555104202,25.04685372330648,-24.57935043734179,3.522785433,1.777854331,12,101.7,-11,88.6,1755,7.3,778566,669257,624413,606466,592518,596019,663656,691718,665487,53.22,,,0,,0,0,2,25,4,Changeup,2,0,0,2,0,2,0,2,Standard,Standard,125,0.013,-0.18,76.9,8.0,,0.18,101.7,2,-2,0.761,0.239,29,33,30,33,1,1,,,,,2.36,1.08,-1.08,,5.712781955686736,1.2488454220247802,39.56407532500141,43.07142419859551,22.92337346156348
SI,2025-07-15,93.5,2.21,5.67,"Donovan, Brendan",680977,663460,,ball,,,,,14,Ball,A,L,L,NL,AL,B,,,1,0,2025,1.12,0.55,1.0601892655738898,2.338434581478551,,,665487,0,6,Bot,,,,,,,-5.5058357798301705,-136.1352527025997,-3.9571311546949834,15.161142477329044,26.792275314393436,-24.69023036602069,3.159448819,1.594488189,,,,95,2132,6.9,778566,672386,666018,665862,672580,677951,680757,621439,668227,53.62,,,,,,,,42,2,Sinker,2,0,2,0,0,2,2,0,Infield shade,Standard,144,0.017,0.062,,,,-0.062,,2,2,0.868,0.868,27,28,28,28,1,0,,,,,2.03,1.12,1.12,,,,,,
FF,2025-07-15,99.3,1.84,6.35,"Acuña Jr., Ronald",660670,669373,single,hit_into_play,,,,,4,Ronald Acuña Jr. singles on a soft ground ball to second baseman Gleyber Torres. Shohei Ohtani to 2nd.,A,R,L,NL,AL,X,4,ground_ball,1,2,2025,0.08,1.15,-0.3284455945738964,2.260450317301427,,,660271,0,1,Bot,135.61,177.48,,,,,-6.048531532215044,-144.41557185124142,-8.367619628341284,2.346367844342386,30.142177566213398,-14.331980392175872,3.200697179,1.615305118,44,45.3,8,100,2403,6.5,778566,663728,665489,650402,691406,805779,682985,595879,592450,54,,,0.9,,1,0,1,5,4,4-Seam Fastball,0,0,0,0,0,0,0,0,Standard,Strategic,151,0.063,0.547,69.0,7.0,,-0.547,88.0,0,0,0.573,0.573,28,27,29,28,1,0,,,,,1.14,0.08,-0.08,,-5.903251057819205,18.16310169376752,42.031873161483674,28.753314508447822,21.961018160494476
FF,2025-07-15,99.4,-1.03,6.41,"Witt Jr., Bobby",677951,663158,,foul_tip,,,,,3,Foul Tip,A,R,R,NL,AL,S,,,0,0,2025,-0.34,1.45,0.3839158150121782,3.1152659578385618,,621439,,1,9,Top,,,,,,,4.679693299893394,-144.6135719074058,-6.901057866956951,-5.928586280361237,34.15864669261806,-10.421506799601696,3.238435039,1.634350394,,,,100,2368,6.7,778566,696100,621566,680977,553993,682829,669065,682998,665487,53.82,,,,,,,,72,1,4-Seam Fastball,6,4,4,6,4,6,4,6,Standard,Standard,209,0.009,-0.038,72.6,5.9,,0.038,,2,-2,0.901,0.09899999999999998,34,25,34,25,1,1,,,,,0.86,0.34,0.34,,-4.1821020030478495,32.13940990611298,24.991334823134384,40.02508089784675,7.922915289021054
FF,2025-07-15,99,-2.52,5.28,"De La Cruz, Elly",682829,662253,,ball,,,,,11,Ball,A,L,R,NL,AL,B,,,0,0,2025,-1.11,0.85,-1.4444097099223066,3.017236104311546,,695578,682998,1,8,Bot,,,,,,,5.590762294681905,-144.16020980497453,-2.613317441976888,-16.83810974731221,33.03395321968907,-19.87612760266238,3.460474081,1.74640748,,,,99.7,2240,6.6,778566,672386,666018,665862,672580,677951,680757,621439,668227,53.89,,,,,,,,68,1,4-Seam Fastball,6,4,6,4,4,6,6,4,Standard,Standard,233,0.002,0.031,,,,-0.031,,2,2,0.948,0.948,26,23,26,23,1,1,,,,,1.47,1.11,-1.11,,,,,,
SI,2025-07-15,99,-2.72,5.81,"Greene, Riley",682985,694973,,called_strike,,,,,2,Called Strike,A,L,R,NL,AL,S,,,1,1,2025,-1.41,0.49,0.26889409536070796,3.409957275197593,,,,1,1,Top,,,,,,,11.435045835367447,-143.76809734012974,-2.1213584130433794,-22.140828904948656,30.580398123352932,-25.09806653634643,3.303379265,1.667125984,,,,99.5,2325,6.5,778566,669257,518692,606466,592518,596019,663656,691718,660670,53.98,,,,,,,,2,3,Sinker,0,0,0,0,0,0,0,0,Infield shade,Standard,242,0.004,-0.064,,,,0.064,,0,0,0.523,0.477,23,24,23,25,1,0,,,,,1.83,1.41,-1.41,,,,,,
FF,2025-07-15,100.1,0.32,6.33,"Donovan, Brendan",680977,547973,,called_strike,,,,,9,Called Strike,A,L,L,NL,AL,S,,,0,0,2025,0.41,1.45,0.6721479845627187,1.6078663183124493,,,,2,9,Bot,,,,,,,-0.00945025441171976,-145.37695536926879,-11.00899394326971,5.784050993793457,34.272453656503195,-9.276796968886993,3.159448819,1.594488189,,,,101.5,2488,7.2,778566,672386,666018,665862,672580,677951,680757,621439,668227,53.32,,,,,,,,78,1,4-Seam Fastball,6,6,6,6,6,6,6,6,Standard,Standard,157,-0.005,-0.043,,,,0.043,,0,0,0.536,0.536,37,28,37,28,1,2,,,,,0.84,0.41,0.41,,,,,,
CU,2025-07-15,88.5,-1.7,5.59,"Kirk, Alejandro",672386,694819,,foul,,,,,9,Foul,A,R,R,NL,AL,S,,,0,1,2025,0.75,-0.61,0.47476698243765036,1.5259301618935752,,,,1,8,Top,,,,,,,3.6886819189134625,-128.87195050463203,-2.3706858386002105,7.646732254891639,25.546775812967795,-38.75461618738222,3.010252625,1.519192913,2,40.3,-49,90,2477,7.1,778566,696100,621566,680977,553993,682829,669065,682998,665487,53.45,,,,,,,,62,2,Curveball,6,4,4,6,4,6,4,6,Standard,Standard,49,0.006,-0.052,78.6,7.8,,0.052,88.0,2,-2,0.904,0.09599999999999997,23,26,23,27,1,1,,,,,3.51,-0.75,-0.75,,9.597613536018011,-7.544241048407782,24.71541019424555,45.19420452138941,34.15781379776638
CH,2025-07-15,89.6,-2.63,5.63,"Wood, James",695578,681343,,ball,,,,,13,Ball,A,L,R,NL,AL,B,,,1,2,2025,-1.22,-0.11,-1.6851776455383802,1.6361797582420108,,,553993,0,8,Bot,,,,,,,4.9859610596164625,-130.38530707690148,-3.4157377352328493,-14.992206842459735,27.548426189800733,-32.964315539397425,3.488558071,1.760580709,,,,90.5,1690,6.8,778566,672386,666018,665862,672580,677951,680757,621439,668227,53.68,,,,,,,,66,4,Changeup,6,4,6,4,4,6,6,4,Infield shade,Standard,250,0.002,0.036,,,,-0.036,,2,2,0.945,0.945,25,22,25,23,1,0,,,,,2.95,1.22,-1.22,,,,,,
FF,2025-07-15,95.3,-2.22,4.91,"Tucker, Kyle",663656,657746,,ball,,,,,11,Ball,A,L,R,NL,AL,B,,,1,1,2025,-1.18,1.18,-0.40397839091262666,3.7237496932743466,,,,2,4,Bot,,,,,,,7.447070247472207,-138.64488987076754,-0.005390515652844208,-16.889450236667674,32.487456414203876,-17.2711817103392,3.350770997,1.691043307,,,,95.6,2279,6.6,778566,663728,665489,650402,691406,805779,682985,595879,592450,53.89,,,,,,,,31,3,4-Seam Fastball,2,0,2,0,0,2,2,0,Strategic,Strategic,226,0.001,0.053,,,,-0.053,,2,2,0.759,0.759,29,28,29,28,1,1,,,,,1.34,1.18,-1.18,,,,,,
SI,2025-07-15,91.9,-2.21,5.29,"Wilson, Jacob",805779,657277,field_out,hit_into_play,,,,,11,Jacob Wilson flies out to left fielder Kyle Tucker.,A,R,R,NL,AL,X,7,fly_ball,0,0,2025,-1.32,0.34,-0.9374346537404716,3.1468922444506857,,691406,,1,3,Top,95.99,81.66,,,,,6.139864710591185,-133.83040956593317,-0.19520290857046152,-17.181137660135334,27.496660163633507,-28.22429677149076,3.29109252,1.660925197,301,79.6,30,92.8,1855,6.7,778566,669257,624413,606466,592518,596019,663656,691718,660670,53.85,,,0,,0,0,3,19,1,Sinker,2,0,0,2,0,2,0,2,Standard,Standard,241,0.039,-0.262,64.7,5.7,,0.262,88.0,2,-2,0.692,0.30800000000000005,28,23,29,23,1,0,,,,,2.34,1.32,1.32,,3.279266847518779,1.494445168974218,26.786156261854114,25.53209580997223,35.31855184995695
FF,2025-07-15,97.3,-2.53,5.57,"Garcia, Maikel",672580,678495,,called_strike,,,,,3,Called Strike,A,R,R,NL,AL,S,,,3,1,2025,-0.42,1.53,0.7569300811171468,2.804581535142378,,,,0,7,Top,,,,,,,9.775507601471086,-141.453031092414,-5.346777137996098,-7.75489499371079,29.141750657378704,-10.54093237029807,3.262130906,1.646309055,,,,98.4,2708,6.8,778566,696100,621566,680977,553993,682829,669065,682998,665487,53.73,,,,,,,,51,5,4-Seam Fastball,6,3,3,6,3,6,3,6,Standard,Standard,207,0.011,-0.094,,,,0.094,,3,-3,0.875,0.125,25,25,26,25,1,0,,,,,0.87,0.42,0.42,,,,,,
CU,2025-07-15,82.1,2.51,6.24,"Greene, Riley",682985,671096,,ball,,,,,12,Ball,A,L,L,NL,AL,B,,,0,1,2025,-0.92,-0.35,0.3913384957705186,4.17644556149621,,,,1,6,Top,,,,,,,-2.9243232122978293,-119.58646539018233,2.6567353277347197,-8.419789510165016,20.815941907921303,-36.20296804702414,3.303379265,1.667125984,,,,82.3,2957,6.2,778566,696100,624413,680977,553993,682829,669065,682998,665487,54.32,,,,,,,,39,2,Curveball,2,0,0,2,0,2,0,2,Infield shade,Standard,309,-0.002,0.029,,,,-0.029,,2,-2,0.813,0.18700000000000006,26,24,26,25,1,2,,,,,3.7,-0.92,-0.92,,,,,,
FF,2025-07-15,99.4,-2.08,4.84,"Kwan, Steven",680757,621242,,foul,,,,,1,Foul,A,L,R,NL,AL,S,,,1,2,2025,-1.03,0.97,-0.7860333933131539,2.8248887808434686,677951,,,2,9,Top,,,,,,,6.066554754669673,-144.77226186223257,-2.3518895304260803,-15.82438070106306,31.66142370880467,-18.093690527954827,3.02253937,1.525393701,262,80.2,31,101.5,2336,7.2,778566,696100,621566,680977,553993,682829,669065,682998,665487,53.28,,,,,,,,74,5,4-Seam Fastball,6,5,5,6,5,6,5,6,Infield shade,Standard,234,0,0,50.7,5.1,,0,88.0,1,-1,0.908,0.09199999999999997,31,27,31,28,1,1,,,,,1.32,1.03,-1.03,,-16.02763382114385,29.298112049395733,36.13672957310724,40.35581518007372,8.877001979860914
SI,2025-07-15,96.2,-1.52,4.97,"Alonso, Pete",624413,693433,field_out,hit_into_play,,,,,11,Pete Alonso lines out to first baseman Vladimir Guerrero Jr.,A,R,R,NL,AL,X,3,line_drive,2,0,2025,-1.32,0.28,-1.0099204910903077,2.747265647792017,,,,2,3,Bot,149.13,157.9,,,,,4.408176363597071,-140.1817096909216,-0.8493531494097156,-18.476890386443095,29.59221972120785,-28.468793885672515,3.323564633,1.677312992,124,56.1,19,97,2303,6.5,778566,663728,665489,650402,691406,805779,682985,595879,592450,54,,,0,,0,0,1,23,3,Sinker,2,0,2,0,0,2,2,0,Standard,Strategic,228,-0.011,-0.362,67.7,6.0,,0.362,88.0,2,2,0.74,0.74,25,30,25,31,1,0,,,,,2.16,1.32,1.32,,-2.6310742005048926,18.105911318705765,32.04601470305351,24.074142797231325,24.19454451199617
FF,2025-07-15,96.9,-1.56,6.34,"Crow-Armstrong, Pete",691718,656876,,swinging_strike,,,,,1,Swinging Strike,A,L,R,NL,AL,S,,,2,0,2025,-0.14,1.39,-0.3313888476440077,3.073487686114379,,,,1,5,Bot,,,,,,,3.5740500799610517,-141.01417785051328,-6.274868307047682,-2.674591492554418,30.146518816658947,-12.328589837541783,3.202452428,1.616190945,,,,97.5,2593,6.5,778566,663728,666018,665862,691406,677951,682985,621439,668227,54.03,,,,,,,,36,3,4-Seam Fastball,2,0,2,0,0,2,2,0,Infield shade,Standard,199,-0.003,-0.066,70.5,5.9,,0.066,,2,2,0.802,0.802,29,23,30,23,1,1,,,,,1.02,0.14,-0.14,,1.1564703890761625,22.923631643815582,33.30825264206281,38.877397091023894,21.96634997416789
FF,2025-07-15,96.4,-2.19,5.94,"Schwarber, Kyle",656941,608032,,called_strike,,,,,8,Called Strike,A,L,R,NL,AL,S,,,3,0,2025,-0.52,1.44,0.01938719125239674,1.4995570638424525,,,,1,7,Bot,,,,,,,6.983455896585567,-139.92169589398713,-9.258886914890612,-8.434837189087458,32.144543970676686,-11.368511654473311,3.180511811,1.60511811,,,,96.3,2155,6.4,778566,672386,666018,665862,672580,677951,680757,621439,668227,54.11,,,,,,,,57,4,4-Seam Fastball,6,4,6,4,4,6,6,4,Infield shade,Standard,213,-0.003,-0.088,,,,0.088,,2,2,0.883,0.883,32,32,33,32,1,1,,,,,1.03,0.52,-0.52,,,,,,
FF,2025-07-15,95.7,2.5,5.59,"Wilson, Jacob",805779,669022,,ball,,,,,13,Ball,A,R,L,NL,AL,B,,,1,0,2025,0.75,1.23,-0.006996381428917897,1.436669426103965,,,,2,5,Top,,,,,,,-8.26738208726881,-139.02104049545218,-7.910718042165379,11.612801301046252,31.37600908737703,-14.620275208919024,3.29109252,1.660925197,,,,95.9,2309,6.5,778566,696100,624413,680977,553993,596019,682998,691718,665487,53.99,,,,,,,,34,2,4-Seam Fastball,2,0,0,2,0,2,0,2,Standard,Standard,134,-0.003,0.065,,,,-0.065,,2,-2,0.798,0.20199999999999996,26,23,26,23,1,1,,,,,1.27,0.75,-0.75,,,,,,
FF,2025-07-15,95.2,2.35,6.63,"Lindor, Francisco",596019,607074,,foul,,,,,12,Foul,A,R,L,NL,AL,S,,,0,1,2025,0.71,1.37,0.16742534878882398,3.625444175601561,,,,1,2,Bot,,,,,,,-7.210579418536731,-138.37468662943024,-5.132103508937105,10.77938702910084,30.3008882057943,-13.618586341039558,3.107668963,1.568356299,249,76,51,94.5,2410,5.9,778566,663728,665489,650402,691406,805779,682985,595879,592450,54.6,,,,,,,,14,2,4-Seam Fastball,2,0,2,0,0,2,2,0,Standard,Standard,141,-0.002,-0.052,68.6,7.6,,0.052,88.0,2,2,0.729,0.729,32,31,33,32,1,0,,,,,1.15,0.71,-0.71,,12.408648005219789,-5.696219845253763,19.363895266281585,35.77154764220106,28.989718345928768
FF,2025-07-15,95.4,-1.89,5.95,"De La Cruz, Elly",682829,663554,,ball,,,,,11,Ball,A,L,R,NL,AL,B,,,0,1,2025,-0.37,1.49,-0.45291719708006634,4.748287041221545,,,,2,6,Bot,,,,,,,4.618926172859285,-138.96051022728685,-0.8014311811498065,-5.78381166806284,31.82703228757356,-12.926184618556166,3.460474081,1.74640748,,,,96.6,2289,7,778566,672386,666018,665862,672580,677951,680757,621439,668227,53.54,,,,,,,,47,2,4-Seam Fastball,6,0,6,0,0,6,6,0,Infield shade,Standard,210,0,0.027,,,,-0.027,,6,6,0.984,0.984,28,23,28,23,1,0,,,,,1.01,0.37,-0.37,,,,,,
FF,2025-07-15,93.9,1.93,5.66,"Donovan, Brendan",680977,663460,,ball,,,,,13,Ball,A,L,L,NL,AL,B,,,0,0,2025,0.3,1.5,-1.2012363198758123,1.359550966930485,,,665487,0,6,Bot,,,,,,,-8.767298263248765,-136.28760073202838,-8.654206433477396,5.601306656762685,28.981535843432518,-11.694039375080086,3.159448819,1.594488189,,,,95.2,2282,7.1,778566,672386,666018,665862,672580,677951,680757,621439,668227,53.42,,,,,,,,42,1,4-Seam Fastball,2,0,2,0,0,2,2,0,Standard,Standard,149,0.003,0.04,,,,-0.04,,2,2,0.865,0.865,27,28,28,28,1,0,,,,,1.09,0.3,0.3,,,,,,
SL,2025-07-15,85.4,2.84,6.3,"Lindor, Francisco",596019,607074,,foul,,,,,7,Foul,A,R,L,NL,AL,S,,,0,0,2025,-0.64,-0.1,-0.675345754904426,2.000358696635441,,,,1,2,Bot,,,,,,,-6.806706940271722,-124.22804404299303,-3.3729096871068025,-5.269466701723736,25.234254837668498,-32.70167976626671,3.107668963,1.568356299,5,101,-24,84.7,2560,5.9,778566,663728,665489,650402,691406,805779,682985,595879,592450,54.59,,,,,,,,14,1,Slider,2,0,2,0,0,2,2,0,Standard,Strategic,296,-0.002,-0.039,75.3,8.4,,0.039,101.0,2,2,0.731,0.731,32,31,33,32,1,0,,,,,3.23,-0.64,0.64,,19.534790905826657,-27.88851288534666,32.370600882266245,26.873662548345983,43.11742012538209
SI,2025-07-15,97.8,2.51,6.02,"Aranda, Jonathan",666018,670970,walk,ball,,,,,12,Jonathan Aranda walks. Alejandro Kirk to 2nd.,A,L,L,NL,AL,B,,,3,2,2025,1.27,0.78,0.5327994264822022,3.590938350951274,,,672386,0,7,Top,,,,,,,-8.2423711099408,-142.31384461818993,-2.7331979994924636,19.148240498283492,31.49534037240575,-21.05924172642283,3.189288058,1.609547244,,,,97.9,2542,6.3,778566,696100,621566,680977,553993,682829,669065,682998,665487,54.25,,,0.7,,0,0,,49,6,Sinker,6,0,0,6,0,6,0,6,Infield shade,Standard,148,-0.017,0.34,,,,-0.34,,6,-6,0.97,0.030000000000000027,26,27,26,27,1,0,,,,,1.59,1.27,1.27,,,,,,
CU,2025-07-15,79.1,2.21,5.61,"Wilson, Jacob",805779,669022,,ball,,,,,13,Ball,A,R,L,NL,AL,B,,,0,0,2025,-0.8,-1.18,-0.6039473482757541,0.7800981985026745,,,,2,5,Top,,,,,,,-4.564309433551151,-115.10911644119079,-1.1715155884181923,-6.140650403641483,23.605585098306964,-42.54252674063138,3.29109252,1.660925197,,,,79.3,2482,6.7,778566,696100,624413,680977,553993,596019,682998,691718,665487,53.82,,,,,,,,34,1,Curveball,2,0,0,2,0,2,0,2,Standard,Standard,330,-0.002,0.037,,,,-0.037,,2,-2,0.8,0.19999999999999996,26,23,26,23,1,1,,,,,4.85,-0.8,0.8,,,,,,
FF,2025-07-15,99.7,-2.05,4.88,"Kwan, Steven",680757,621242,,foul,,,,,1,Foul,A,L,R,NL,AL,S,,,1,2,2025,-1.21,0.99,-0.30299587302586306,2.9705778832575405,677951,,,2,9,Top,,,,,,,7.803785897436254,-144.9569775958988,-2.0779751523551386,-18.921761022354566,33.87709759902872,-17.926542011547404,3.02253937,1.525393701,243,75.9,31,101.6,2393,7.4,778566,696100,621566,680977,553993,682829,669065,682998,665487,53.14,,,,,,,,74,4,4-Seam Fastball,6,5,5,6,5,6,5,6,Standard,Standard,237,0,0,55.3,5.2,,0,88.0,1,-1,0.908,0.09199999999999997,31,27,31,28,1,1,,,,,1.31,1.21,-1.21,,-5.137547681497625,21.37157737434359,36.9767823667828,34.324188002614115,19.061826959942227
FF,2025-07-15,100,-2.71,5.92,"Greene, Riley",682985,694973,,called_strike,,,,,1,Called Strike,A,L,R,NL,AL,S,,,1,0,2025,-1.09,1.06,-0.6854166830490616,3.2366183628115675,,,,1,1,Top,,,,,,,8.172697562863169,-145.57109995685627,-4.456397255585737,-17.291867789635937,30.147691784841516,-16.26699503774709,3.303379265,1.667125984,,,,101.1,2331,6.6,778566,669257,518692,606466,592518,596019,663656,691718,660670,53.9,,,,,,,,2,2,4-Seam Fastball,0,0,0,0,0,0,0,0,Infield shade,Standard,234,0.003,-0.049,,,,0.049,,0,0,0.52,0.48,23,24,23,25,1,0,,,,,1.2,1.09,-1.09,,,,,,
SL,2025-07-15,85.2,-2.32,5.4,"Carroll, Corbin",682998,662253,walk,ball,,,,,13,Corbin Carroll walks. James Wood to 2nd.,A,L,R,NL,AL,B,,,3,2,2025,0.71,-0.16,-1.6577104696910632,1.8849713037756364,,,695578,1,8,Bot,,,,,,,0.08317232064945801,-124.1586429609796,-1.4664797399625915,7.367727104647842,23.62786111959081,-33.71301202547024,3.10328084,1.566141732,,,,86.1,2499,6.7,778566,672386,666018,665862,672580,677951,680757,621439,668227,53.84,,,0.7,,0,0,,67,7,Slider,6,4,6,4,4,6,6,4,Infield shade,Standard,88,0.008,0.266,,,,-0.266,,2,2,0.94,0.94,26,24,26,25,1,1,,,,,3.27,-0.71,0.71,,,,,,
FF,2025-07-15,102,-1.59,5.58,"Kirk, Alejandro",672386,694819,,foul,,,,,1,Foul,A,R,R,NL,AL,S,,,0,0,2025,-0.8,1.2,-0.764817079437507,3.039045940500451,,,,1,8,Top,,,,,,,4.338246340991171,-148.41760836733576,-4.746528705488433,-12.823768715555628,36.203451167420525,-13.44916285888694,3.010252625,1.519192913,255,76.5,36,104.3,2619,7.6,778566,696100,621566,680977,553993,682829,669065,682998,665487,52.94,,,,,,,,62,1,4-Seam Fastball,6,4,4,6,4,6,4,6,Standard,Standard,220,0.004,-0.039,60.5,5.4,,0.039,88.0,2,-2,0.9,0.09999999999999998,23,26,23,27,1,1,,,,,0.99,0.8,0.8,,-7.433555457121233,29.277323630516058,25.315783676401036,29.695701243653346,17.082340717103108
CH,2025-07-15,86.3,2.06,6.23,"Judge, Aaron",592450,656849,,foul,,,,,14,Foul,A,R,L,NL,AL,S,,,1,1,2025,1.35,0.34,0.9008043349333132,1.4951406656056263,,,,1,4,Top,,,,,,,-5.602999012428734,-125.51393888521837,-5.598927562895797,15.365664611118813,24.262787107016273,-27.612733699022712,3.522785433,1.777854331,,,,87.9,1664,7.2,778566,669257,624413,606466,592518,596019,663656,691718,665487,53.31,,,,,,,,25,3,Changeup,2,0,0,2,0,2,0,2,Standard,Standard,126,0.004,-0.064,79.1,8.4,,0.064,,2,-2,0.757,0.243,29,33,30,33,1,1,,,,,2.71,1.35,-1.35,,12.357050521796449,1.9825807821901578,41.294169379818044,53.12104527461425,24.725249867283537
FF,2025-07-15,96.9,-1.44,4.98,"Alonso, Pete",624413,693433,,ball,,,,,14,Ball,A,R,R,NL,AL,B,,,1,0,2025,-0.73,1.25,0.7892632787807354,1.3870594048047684,,,,2,3,Bot,,,,,,,7.6181585591251,-140.83135263724847,-6.750333511610593,-11.46268008541416,32.30927325898986,-14.132664424455017,3.323564633,1.677312992,,,,97.3,2276,6.6,778566,663728,665489,650402,691406,805779,682985,595879,592450,53.87,,,,,,,,23,2,4-Seam Fastball,2,0,2,0,0,2,2,0,Standard,Strategic,232,0.002,0.065,,,,-0.065,,2,2,0.738,0.738,25,30,25,31,1,0,,,,,1.18,0.73,0.73,,,,,,
FF,2025-07-15,96.9,-2.48,5.75,"Wood, James",695578,681343,,called_strike,,,,,4,Called Strike,A,L,R,NL,AL,S,,,1,1,2025,-0.58,1.2,-0.6599614053166575,2.507396349112816,,,553993,0,8,Bot,,,,,,,6.1983378775101805,-140.96347772027852,-5.771136876655629,-9.048129765855775,30.85260262836223,-14.976196594332,3.488558071,1.760580709,,,,98,2350,6.8,778566,672386,666018,665862,672580,677951,680757,621439,668227,53.66,,,,,,,,66,3,4-Seam Fastball,6,4,6,4,4,6,6,4,Infield shade,Standard,223,-0.003,-0.07,,,,0.07,,2,2,0.948,0.948,25,22,25,23,1,0,,,,,1.22,0.58,-0.58,,,,,,
FF,2025-07-15,95.2,-1.88,6,"De La Cruz, Elly",682829,663554,,swinging_strike,,,,,12,Swinging Strike,A,L,R,NL,AL,S,,,0,0,2025,-0.44,1.49,0.5018515299471186,4.091396456017424,,,,2,6,Bot,,,,,,,7.279041828039299,-138.43638086299495,-2.6113015373599775,-7.248007759524634,31.592884441486945,-12.681406171240159,3.460474081,1.74640748,,,,96.5,2310,7.1,778566,672386,666018,665862,672580,677951,680757,621439,668227,53.37,,,,,,,,47,1,4-Seam Fastball,6,0,6,0,0,6,6,0,Infield shade,Standard,210,0,-0.043,65.6,5.4,,0.043,,6,6,0.984,0.984,28,23,28,23,1,0,,,,,1.04,0.44,-0.44,,-4.691474033960021,26.296988859410444,26.93871303765459,32.16404917999212,19.34183364015946
FF,2025-07-15,97,-2.36,4.83,"Tucker, Kyle",663656,657746,,ball,,,,,11,Ball,A,L,R,NL,AL,B,,,0,1,2025,-1.24,1.03,-1.3912508988538654,3.782665481297386,,,,2,4,Bot,,,,,,,5.47117021075074,-141.1307325830334,0.48245252500186364,-17.76756486390935,32.449834913526104,-18.748086790259045,3.350770997,1.691043307,,,,97.6,2291,6.7,778566,663728,665489,650402,691406,805779,682985,595879,592450,53.82,,,,,,,,31,2,4-Seam Fastball,2,0,2,0,0,2,2,0,Strategic,Strategic,230,0.001,0.027,,,,-0.027,,2,2,0.758,0.758,29,28,29,28,1,1,,,,,1.4,1.24,-1.24,,,,,,
FF,2025-07-15,97.6,-2.41,5.83,"Garcia, Maikel",672580,678495,,ball,,,,,11,Ball,A,R,R,NL,AL,B,,,2,1,2025,-0.29,1.49,-0.7366974117397269,5.017979510514657,,,,0,7,Top,,,,,,,5.172813261760131,-142.12617211886013,-0.043898384934859314,-5.126246365573256,32.38097965214796,-12.175999600215029,3.262130906,1.646309055,,,,98.3,2691,6.6,778566,696100,621566,680977,553993,682829,669065,682998,665487,53.88,,,,,,,,51,4,4-Seam Fastball,6,3,3,6,3,6,3,6,Standard,Standard,200,-0.014,0.134,,,,-0.134,,3,-3,0.889,0.11099999999999999,25,25,26,25,1,0,,,,,0.9,0.29,0.29,,,,,,
FC,2025-07-15,90.4,2.8,6.11,"Greene, Riley",682985,671096,,foul,,,,,8,Foul,A,L,L,NL,AL,S,,,0,0,2025,0.19,0.71,0.047902698754878625,2.0175653174425516,,,,1,6,Top,,,,,,,-7.1842217575241145,-131.43845728083392,-5.590524594493032,3.571533960378279,25.887916844767997,-23.012191761503562,3.303379265,1.667125984,,,,90.9,2604,6.5,778566,696100,624413,680977,553993,682829,669065,682998,665487,54.02,,,,,,,,39,1,Cutter,2,0,0,2,0,2,0,2,Infield shade,Standard,166,0.003,-0.039,78.8,7.9,,0.039,,2,-2,0.81,0.18999999999999995,26,24,26,25,1,2,,,,,2.07,0.19,0.19,,25.197061173873372,-2.4986247005484845,44.221672823444905,35.54490439420757,33.466872523095475
FF,2025-07-15,96.8,-2.15,6.03,"Schwarber, Kyle",656941,608032,,ball,,,,,14,Ball,A,L,R,NL,AL,B,,,2,0,2025,-0.79,1.45,0.13655850363041588,1.326909447925749,,,,1,7,Bot,,,,,,,7.839838684053717,-140.42677816718742,-10.05337479519754,-12.276515803127966,31.90040322436743,-10.849934666077623,3.180511811,1.60511811,,,,96.6,2241,6.3,778566,672386,666018,665862,672580,677951,680757,621439,668227,54.16,,,,,,,,57,3,4-Seam Fastball,6,4,6,4,4,6,6,4,Infield shade,Standard,208,0.004,0.143,,,,-0.143,,2,2,0.879,0.879,32,32,33,32,1,1,,,,,1,0.79,-0.79,,,,,,
FF,2025-07-15,98.9,1.55,6.53,"Acuña Jr., Ronald",660670,669373,,ball,,,,,12,Ball,A,R,L,NL,AL,B,,,0,2,2025,0.21,1.31,0.049085259849287466,4.061630476684487,,,660271,0,1,Bot,,,,,,,-4.555426974207647,-143.98651432624865,-4.259806431419035,3.931261537584377,30.66684415734516,-13.126104002141698,3.200697179,1.615305118,,,,99.3,2390,6.3,778566,663728,665489,650402,691406,805779,682985,595879,592450,54.19,,,,,,,,5,3,4-Seam Fastball,0,0,0,0,0,0,0,0,Standard,Strategic,157,0.003,0.017,,,,-0.017,,0,0,0.57,0.57,28,27,29,28,1,0,,,,,1,0.21,-0.21,,,,,,
FF,2025-07-15,96.9,-1.74,6.27,"Crow-Armstrong, Pete",691718,656876,,ball,,,,,11,Ball,A,L,R,NL,AL,B,,,1,0,2025,-0.26,1.51,-0.6627885678786791,3.4499862639587615,,,,1,5,Bot,,,,,,,3.4744859031685977,-141.122962871595,-5.397870381081405,-4.252338981813587,29.402642113366824,-10.930585483967098,3.202452428,1.616190945,,,,98,2580,6.7,778566,663728,666018,665862,691406,677951,682985,621439,668227,53.83,,,,,,,,36,2,4-Seam Fastball,2,0,2,0,0,2,2,0,Infield shade,Standard,201,0.003,0.071,,,,-0.071,,2,2,0.799,0.799,29,23,30,23,1,1,,,,,0.9,0.26,-0.26,,,,,,
SI,2025-07-15,99,-1.02,6.33,"Buxton, Byron",621439,663158,double,hit_into_play,,,,,2,Byron Buxton doubles (1) on a ground ball to right fielder Fernando Tatis Jr.,A,R,R,NL,AL,X,9,ground_ball,1,0,2025,-1.25,1.11,-0.07491356163081053,3.2049476471224447,,,,1,9,Top,199.21,118.15,,,,,5.546578385421782,-144.00155992463385,-5.579427334480883,-18.682052330536003,32.92868260004591,-15.653937608437102,3.257742782,1.644094488,68,93.4,2,99.8,2351,6.7,778566,696100,621566,680977,553993,682829,669065,682998,665487,53.81,,,1.25,,1,1,2,71,2,Sinker,6,4,4,6,4,6,4,6,Standard,Standard,208,-0.057,0.602,65.7,6.1,,-0.602,93.4,2,-2,0.958,0.04200000000000004,34,31,34,32,1,1,,,,,1.22,1.25,1.25,,-7.901116055951192,29.247307849746445,25.79812951012161,37.33605468840454,10.479820929932027
CH,2025-07-15,87.1,-2.25,5.13,"Báez, Javier",595879,657277,field_out,hit_into_play,,,,,9,"Javier Báez grounds out, third baseman Manny Machado to first baseman Freddie Freeman. Junior Caminero to 2nd.",A,R,R,NL,AL,X,5,ground_ball,2,2,2025,-0.95,-0.25,0.4310664449309016,2.0313831144155334,,,691406,0,3,Top,101.99,173.85,,,,,8.453652506281362,-126.6629859306605,-0.6239195226838701,-11.838437467981112,21.98803116611004,-34.99175387649399,3.175246063,1.60246063,2,80.5,-43,88.8,1549,7,778566,669257,518692,606466,592518,596019,663656,691718,660670,53.47,,,0,,0,0,2,18,6,Changeup,2,0,0,2,0,2,0,2,Standard,Standard,259,0.016,-0.294,73.0,8.5,,0.294,88.0,2,-2,0.676,0.32399999999999995,28,32,29,33,1,0,,,,,3.22,0.95,0.95,,15.406937279759013,2.18163145107009,32.69849837792474,41.46939859237243,27.466061851142094
FS,2025-07-15,92.1,0.18,6.33,"Tatis Jr., Fernando",665487,547973,strikeout,swinging_strike_blocked,,,,,13,Fernando Tatis Jr. strikes out swinging.,A,R,L,NL,AL,S,2,,0,2,2025,0.62,0.33,-0.4669117630835071,1.0837393053755926,,,,1,9,Bot,,,,,,,-3.089837683702324,-134.0294789647291,-8.140545603659207,8.187738458263347,28.368466886798856,-26.635087455917876,3.346382874,1.68882874,,,,94.4,1162,7.6,778566,672386,666018,665862,672580,677951,680757,621439,668227,52.92,,,0,,0,0,,77,3,Split-Finger,6,6,6,6,6,6,6,6,Standard,Standard,153,-0.028,-0.163,75.8,7.8,,0.163,,0,0,0.564,0.564,37,26,37,26,1,2,,,,,2.35,0.62,-0.62,,14.474837262733805,-14.557649333453522,36.060771074670754,34.78858146574177,36.727223924641194
FF,2025-07-15,94.4,2.14,5.74,"Tatis Jr., Fernando",665487,663460,walk,ball,,,,,12,Fernando Tatis Jr. walks.,A,R,L,NL,AL,B,,,3,2,2025,0.29,1.27,0.5025420471536817,3.916805801448488,,,,0,6,Bot,,,,,,,-4.903663411817021,-137.4969861125232,-1.8392378762077666,4.66626563685871,27.528667871449418,-15.733487015377714,3.346382874,1.68882874,,,,95.8,2242,6.9,778566,672386,666018,665862,672580,677951,680757,621439,668227,53.65,,,0.7,,0,0,,41,6,4-Seam Fastball,2,0,2,0,0,2,2,0,Infield shade,Standard,146,0.017,0.356,,,,-0.356,,2,2,0.848,0.848,27,26,28,26,1,0,,,,,1.26,0.29,-0.29,,,,,,
FF,2025-07-15,99.8,-0.84,6.43,"Buxton, Byron",621439,663158,,ball,,,,,14,Ball,A,R,R,NL,AL,B,,,0,0,2025,-0.52,1.38,0.8814104229276908,1.6992036749361628,,,,1,9,Top,,,,,,,5.951202458103008,-144.88453805129873,-10.729202292568786,-8.751623460896093,32.63340092833202,-10.426219780368703,3.257742782,1.644094488,,,,100.4,2384,6.7,778566,696100,621566,680977,553993,682829,669065,682998,665487,53.83,,,,,,,,71,1,4-Seam Fastball,6,4,4,6,4,6,4,6,Standard,Standard,208,-0.005,0.039,,,,-0.039,,2,-2,0.963,0.03700000000000003,34,31,34,32,1,1,,,,,0.91,0.52,0.52,,,,,,
SL,2025-07-15,83.5,-1.3,6.56,"O'Hearn, Ryan",656811,592094,strikeout,called_strike,,,,,4,Ryan O'Hearn called out on strikes.,A,L,R,NL,AL,S,2,,2,2,2025,0,-0.02,-0.8013091735073328,2.5813487342711725,,,,2,2,Top,,,,,,,1.134639560406173,-121.68251940964568,-2.5377428787782272,-0.18735936512271872,21.062792703034432,-32.14781380630294,3.28933727,1.66003937,,,,83.7,2500,6.1,778566,669257,518692,606466,592518,596019,663656,691718,660670,54.4,,,0,,0,0,,12,6,Slider,2,0,0,2,0,2,0,2,Infield shade,Standard,62,0.009,-0.224,,,,0.224,,2,-2,0.738,0.262,33,31,34,32,1,0,,,,,3.25,0,0,,,,,,
SL,2025-07-15,86.9,1.75,6.18,"Guerrero Jr., Vladimir",665489,477132,strikeout,called_strike,,,,,8,Vladimir Guerrero Jr. called out on strikes.,A,R,L,NL,AL,S,2,,2,2,2025,-0.32,0.65,-0.23171891796436406,1.9179516474037759,,,,1,2,Top,,,,,,,-4.0320800540514306,-126.46675629025184,-5.178960423500966,-2.673654068485129,25.21822196654073,-24.393638827888257,3.208595801,1.619291339,,,,87.7,2528,6.7,778566,669257,518692,606466,592518,596019,663656,691718,660670,53.79,,,0,,0,0,,11,5,Slider,2,0,0,2,0,2,0,2,Standard,Standard,199,0.014,-0.228,,,,0.228,,2,-2,0.723,0.277,37,26,37,26,1,0,,,,,2.37,-0.32,0.32,,,,,,
SL,2025-07-15,90.9,-2.13,5.11,"Kwan, Steven",680757,621242,,swinging_strike,,,,,14,Swinging Strike,A,L,R,NL,AL,S,,,1,1,2025,0.1,0.45,0.6946719263605121,1.0196725388482735,677951,,,2,9,Top,,,,,,,6.86529651696697,-132.33700607303328,-5.229662352322431,-0.07274335625046488,24.21058081585597,-26.038444367801315,3.02253937,1.525393701,,,,92.8,2234,7.1,778566,696100,621566,680977,553993,682829,669065,682998,665487,53.44,,,,,,,,74,3,Slider,6,5,5,6,5,6,5,6,Infield shade,Standard,234,0.032,-0.065,67.7,7.8,,0.065,,1,-1,0.876,0.124,31,27,31,28,1,1,,,,,2.27,-0.1,0.1,,27.82997228052137,-29.815167998361282,43.87917100199722,23.8812103497347,42.38955097923759
SI,2025-07-15,98.6,-2.37,5.23,"Carroll, Corbin",682998,662253,,ball,,,,,14,Ball,A,L,R,NL,AL,B,,,2,2,2025,-1.35,0.4,1.2664188268636525,1.4022047687411385,,,695578,1,8,Bot,,,,,,,12.997047829742272,-142.98107224212305,-5.7012655722701915,-21.41534572879847,31.664028398089556,-25.440254288345464,3.10328084,1.566141732,,,,99.1,2076,6.7,778566,672386,666018,665862,672580,677951,680757,621439,668227,53.81,,,,,,,,67,6,Sinker,6,4,6,4,4,6,6,4,Infield shade,Standard,235,0.002,0.098,,,,-0.098,,2,2,0.938,0.938,26,24,26,25,1,1,,,,,1.95,1.35,-1.35,,,,,,
FF,2025-07-15,99.9,-2.77,5.93,"Greene, Riley",682985,694973,,ball,,,,,11,Ball,A,L,R,NL,AL,B,,,0,0,2025,-1.09,1.01,-0.3579681824672203,4.112000517685613,,,,1,1,Top,,,,,,,9.216805834449696,-145.23554882008494,-1.9262025181354319,-17.493642920478354,31.650981147368192,-17.50669786712883,3.303379265,1.667125984,,,,100.9,2323,6.7,778566,669257,518692,606466,592518,596019,663656,691718,660670,53.79,,,,,,,,2,1,4-Seam Fastball,0,0,0,0,0,0,0,0,Infield shade,Standard,235,-0.002,0.039,,,,-0.039,,0,0,0.522,0.478,23,24,23,25,1,0,,,,,1.26,1.09,-1.09,,,,,,
FF,2025-07-15,96.1,-1.85,6.17,"Schwarber, Kyle",656941,608032,,ball,,,,,14,Ball,A,L,R,NL,AL,B,,,1,0,2025,-0.56,1.58,0.183268031827732,1.0136738895665731,,,,1,7,Bot,,,,,,,6.581441380463718,-139.38714403803448,-11.38175467331872,-8.801599989583789,31.182152601476197,-9.136754245278018,3.180511811,1.60511811,,,,95.8,2260,6.3,778566,672386,666018,665862,672580,677951,680757,621439,668227,54.19,,,,,,,,57,2,4-Seam Fastball,6,4,6,4,4,6,6,4,Infield shade,Standard,205,0.002,0.071,,,,-0.071,,2,2,0.877,0.877,32,32,33,32,1,1,,,,,0.9,0.56,-0.56,,,,,,
SI,2025-07-15,94.6,-1.58,4.98,"Alonso, Pete",624413,693433,,ball,,,,,11,Ball,A,R,R,NL,AL,B,,,0,0,2025,-1.31,0.3,-1.3675377930524533,3.1226664614557187,,,,2,3,Bot,,,,,,,3.5461259325138608,-137.85493233859125,0.30736448830200824,-17.561978020951283,30.10194633761244,-28.63117589905291,3.323564633,1.677312992,,,,95.1,2261,6.4,778566,663728,665489,650402,691406,805779,682985,595879,592450,54.06,,,,,,,,23,1,Sinker,2,0,2,0,0,2,2,0,Standard,Strategic,227,0.001,0.037,,,,-0.037,,2,2,0.737,0.737,25,30,25,31,1,0,,,,,2.24,1.31,1.31,,,,,,
FF,2025-07-15,96.1,-2.41,5.75,"Wood, James",695578,681343,,ball,,,,,14,Ball,A,L,R,NL,AL,B,,,0,1,2025,-0.52,1.37,1.2456193178638686,2.4208908703589405,,,553993,0,8,Bot,,,,,,,10.857539221008748,-139.51564692973707,-6.225890272435704,-9.273859643236948,31.018454414173195,-12.970409684712573,3.488558071,1.760580709,,,,96.9,2364,6.9,778566,672386,666018,665862,672580,677951,680757,621439,668227,53.64,,,,,,,,66,2,4-Seam Fastball,6,4,6,4,4,6,6,4,Infield shade,Standard,229,0.001,0.034,,,,-0.034,,2,2,0.947,0.947,25,22,25,23,1,0,,,,,1.1,0.52,-0.52,,,,,,
FF,2025-07-15,96.7,-2.27,4.88,"Tucker, Kyle",663656,657746,,foul,,,,,7,Foul,A,L,R,NL,AL,S,,,0,0,2025,-1.16,1.07,-0.2829035968833078,2.052263702181746,,,,2,4,Bot,,,,,,,7.958673546818811,-140.48525935212095,-4.241954121431775,-17.205202468076696,33.32282724826536,-17.23026369868647,3.350770997,1.691043307,241,74,34,96.9,2290,6.6,778566,663728,665489,650402,691406,805779,682985,595879,592450,53.91,,,,,,,,31,1,4-Seam Fastball,2,0,2,0,0,2,2,0,Strategic,Strategic,228,-0.001,-0.043,73.9,7.7,,0.043,88.0,2,2,0.759,0.759,29,28,29,28,1,1,,,,,1.38,1.16,-1.16,,6.425653791300584,-0.2269103470421231,37.68705647625603,40.019454254992546,23.748351586247267
SL,2025-07-15,87.3,-2.72,5.62,"Garcia, Maikel",672580,678495,,ball,,,,,14,Ball,A,R,R,NL,AL,B,,,1,1,2025,1.18,0.19,1.277391717821556,1.269389729485288,,,,0,7,Top,,,,,,,7.076250105419536,-126.9183856343872,-4.476573896640277,11.250037041122178,26.683382725033592,-29.363476887918644,3.262130906,1.646309055,,,,87.8,2738,6.7,778566,696100,621566,680977,553993,682829,669065,682998,665487,53.77,,,,,,,,51,3,Slider,6,3,3,6,3,6,3,6,Standard,Standard,55,-0.005,0.055,,,,-0.055,,3,-3,0.894,0.10599999999999998,25,25,26,25,1,0,,,,,2.81,-1.18,-1.18,,,,,,
ST,2025-07-15,84.2,-2.33,5.1,"Báez, Javier",595879,657277,,ball,,,,,14,Ball,A,R,R,NL,AL,B,,,1,2,2025,1.58,-0.26,1.8466245778911485,1.2583155901194054,,,691406,0,3,Top,,,,,,,6.476882715732527,-122.466107101307,-1.7441838730777735,14.439335097592265,25.616383437030674,-34.63029943337555,3.175246063,1.60246063,,,,85.4,2568,7.2,778566,669257,518692,606466,592518,596019,663656,691718,660670,53.29,,,,,,,,18,5,Sweeper,2,0,0,2,0,2,0,2,Standard,Standard,47,-0.006,0.036,,,,-0.036,,2,-2,0.682,0.31799999999999995,28,32,29,33,1,0,,,,,3.49,-1.58,-1.58,,,,,,
SI,2025-07-15,98.3,2.47,5.96,"Aranda, Jonathan",666018,670970,,called_strike,,,,,4,Called Strike,A,L,L,NL,AL,S,,,3,1,2025,1.14,0.96,-0.7277353712953107,2.555119655504372,,,672386,0,7,Top,,,,,,,-11.24668597439048,-142.71116392353693,-5.842546004022348,18.116151183312997,31.085777872186412,-17.792922325518674,3.189288058,1.609547244,,,,98.6,2589,6.4,778566,696100,621566,680977,553993,682829,669065,682998,665487,54.06,,,,,,,,49,5,Sinker,6,0,0,6,0,6,0,6,Infield shade,Standard,149,0.005,-0.081,,,,0.081,,6,-6,0.965,0.03500000000000003,26,27,26,27,1,0,,,,,1.4,1.14,1.14,,,,,,
SI,2025-07-15,99.7,-0.06,6.35,"Tatis Jr., Fernando",665487,547973,,called_strike,,,,,13,Called Strike,A,R,L,NL,AL,S,,,0,1,2025,0.86,1.31,-0.8857976365813717,1.7594649157926936,,,,1,9,Bot,,,,,,,-4.388084836072931,-144.84129369993963,-10.258032318727846,13.180743729114115,32.675292749236235,-11.541427007514292,3.346382874,1.68882874,,,,101.4,2480,7.2,778566,672386,666018,665862,672580,677951,680757,621439,668227,53.26,,,,,,,,77,2,Sinker,6,6,6,6,6,6,6,6,Standard,Standard,162,-0.011,-0.052,,,,0.052,,0,0,0.575,0.575,37,26,37,26,1,2,,,,,0.98,0.86,-0.86,,,,,,
FF,2025-07-15,97.2,-1.83,6.22,"Crow-Armstrong, Pete",691718,656876,,ball,,,,,11,Ball,A,L,R,NL,AL,B,,,0,0,2025,-0.24,1.37,-1.1252288149733443,2.8284898542300674,,,,1,5,Bot,,,,,,,2.4541135237467366,-141.57585766081658,-6.61718118528351,-3.829507919415816,29.66835818997689,-12.431297045230362,3.202452428,1.616190945,,,,98.1,2483,6.6,778566,663728,666018,665862,691406,677951,682985,621439,668227,53.93,,,,,,,,36,1,4-Seam Fastball,2,0,2,0,0,2,2,0,Infield shade,Standard,204,0.002,0.039,,,,-0.039,,2,2,0.797,0.797,29,23,30,23,1,1,,,,,1.02,0.24,-0.24,,,,,,
FF,2025-07-15,98.9,1.73,6.38,"Acuña Jr., Ronald",660670,669373,,swinging_strike,,,,,2,Swinging Strike,A,R,L,NL,AL,S,,,0,1,2025,0.01,1.27,0.1366728849814693,3.2144773965518896,,,660271,0,1,Bot,,,,,,,-4.3343282662621965,-143.96832486119504,-6.061264283887501,1.134886612424773,31.47911744328141,-13.35393591178732,3.200697179,1.615305118,,,,99.5,2410,6.5,778566,663728,665489,650402,691406,805779,682985,595879,592450,54.02,,,,,,,,5,2,4-Seam Fastball,0,0,0,0,0,0,0,0,Standard,Strategic,155,-0.008,-0.053,68.7,5.5,,0.053,,0,0,0.578,0.578,28,27,29,28,1,0,,,,,1.05,0.01,-0.01,,-17.068564475046944,54.11233726857867,41.06568247317846,35.54592306568234,9.133765872098298
FF,2025-07-15,100.5,-1.91,5.4,"Arozarena, Randy",668227,694819,field_out,hit_into_play,,,,,5,Randy Arozarena flies out to center fielder Corbin Carroll.,A,R,R,NL,AL,X,8,fly_ball,3,2,2025,-0.9,1.03,-0.04293334720145581,2.306860824844609,,,,0,8,Top,94.78,43.64,,,,,7.449190816940594,-146.07929122736581,-5.6198769538899125,-14.597090703263966,33.75380437759047,-16.2229322264802,3.127854331,1.578543307,390,97.9,29,102.9,2562,7.6,778566,696100,621566,680977,553993,682829,669065,682998,665487,52.92,,,0,,0,0,6,61,6,4-Seam Fastball,6,4,4,6,4,6,4,6,Standard,Standard,229,0.048,-0.345,74.9,7.6,,0.345,97.9,2,-2,0.852,0.14800000000000002,23,30,23,30,1,1,,,,,1.22,0.9,0.9,,15.151589786135878,2.2337518193058346,24.49073090395734,32.09823052457013,35.76770477569839
FF,2025-07-15,95,2.61,6.05,"Chisholm Jr., Jazz",665862,671096,field_out,hit_into_play,,,,,2,Jazz Chisholm Jr. lines out to center fielder Corbin Carroll.,A,L,L,NL,AL,X,8,line_drive,3,2,2025,0.6,1.38,0.0005098254440452088,2.7389720967017763,,,,0,6,Top,110.53,61.22,,,,,-8.174251822158936,-138.16551757780843,-5.999299929516358,9.479495672591531,28.858707151453533,-13.348582817649302,3.15593832,1.592716535,344,95,23,95.8,2387,6.6,778566,696100,624413,680977,553993,682829,669065,682998,665487,53.87,,,0,,0,0,3,38,6,4-Seam Fastball,2,0,0,2,0,2,0,2,Infield shade,Standard,149,0.039,-0.345,71.4,7.4,,0.345,95.0,2,-2,0.771,0.22899999999999998,26,27,26,27,1,0,,,,,1.14,0.6,0.6,,7.671262550815767,2.3900811855429835,31.603745674455226,33.29779841771625,28.74657324406023
FF,2025-07-15,95.3,2.34,5.58,"Báez, Javier",595879,669022,field_out,hit_into_play,,,,,13,"Javier Báez grounds out, shortstop Francisco Lindor to first baseman Pete Alonso.",A,R,L,NL,AL,X,6,ground_ball,2,0,2025,0.66,1.21,-0.6663476264980991,1.433973044830609,,,,1,5,Top,96.42,151.57,,,,,-9.348123638706332,-138.4417982885822,-7.861360881964035,10.400393181022432,27.134039476257,-15.007214166037253,3.175246063,1.60246063,4,93.9,-21,96.2,2240,6.6,778566,696100,624413,680977,553993,596019,682998,691718,665487,53.9,,,0,,0,0,2,33,3,4-Seam Fastball,2,0,0,2,0,2,0,2,Standard,Standard,141,0.03,-0.364,79.6,8.4,,0.364,93.9,2,-2,0.77,0.22999999999999998,26,32,26,33,1,1,,,,,1.28,0.66,-0.66,,3.3671191590023013,5.421438993686568,44.6887715929112,29.249181669313977,21.65044936044825
FF,2025-07-15,94.1,2.02,6.62,"Tucker, Kyle",663656,607074,field_out,hit_into_play,,,,,4,"Kyle Tucker grounds out, second baseman Gleyber Torres to first baseman Vladimir Guerrero Jr.",A,L,L,NL,AL,X,4,ground_ball,3,2,2025,0.84,1.41,-0.4907930137147729,2.3769034405249108,,,,0,2,Bot,143.01,149.04,,,,,-8.257334319369045,-136.6625674456666,-8.20945701180081,12.314297979293924,28.46752600724388,-12.809547908718908,3.350770997,1.691043307,103,97.7,5,93.7,2406,6,778566,663728,665489,650402,691406,805779,682985,595879,592450,54.45,,,0,,0,0,4,13,6,4-Seam Fastball,2,0,2,0,0,2,2,0,Infield shade,Strategic,145,-0.02,-0.345,68.9,7.5,,0.345,97.7,2,2,0.751,0.751,32,28,33,28,1,0,,,,,1.16,0.84,0.84,,7.402527496845762,-0.08333418447424996,33.33020716155655,43.71198905260316,24.65847051138749
SV,2025-07-15,82.2,-2.37,5.72,"Carroll, Corbin",682998,663554,home_run,hit_into_play,,,,,4,Corbin Carroll homers (1) on a fly ball to right center field.,A,L,R,NL,AL,X,,fly_ball,1,2,2025,0.85,0.23,-0.3695949743083137,2.414146852750397,,,,2,6,Bot,191.94,44.45,,,,,2.834909577314386,-119.80657174111775,-1.271010560324948,7.772966656772575,21.462186993316138,-29.89400874014967,3.10328084,1.566141732,414,104.5,31,83.5,2438,6.9,778566,672386,666018,665862,672580,677951,680757,621439,668227,53.58,,,2,,0,3,6,46,4,Slurve,5,0,5,0,0,6,6,0,Strategic,Standard,62,0.015,2.674,74.0,7.7,,-2.674,104.5,5,5,0.969,0.969,28,24,28,25,1,0,,,,,3.11,-0.85,0.85,,11.83006573867122,-9.162551918327681,22.830216881242507,42.540334428745766,41.686151842993155
CH,2025-07-15,86.3,2.11,6.15,"Judge, Aaron",592450,656849,,ball,,,,,14,Ball,A,R,L,NL,AL,B,,,0,1,2025,1.45,0.23,0.23388127459420804,1.0693041906958403,,,,1,4,Top,,,,,,,-7.537549155011649,-125.37502715325212,-6.146551194948351,16.833794474045543,25.30524557133177,-28.65200509996716,3.522785433,1.777854331,,,,87.6,1774,7.2,778566,669257,624413,606466,592518,596019,663656,691718,665487,53.28,,,,,,,,25,2,Changeup,2,0,0,2,0,2,0,2,Standard,Standard,123,-0.002,0.029,,,,-0.029,,2,-2,0.759,0.241,29,33,30,33,1,1,,,,,2.84,1.45,-1.45,,,,,,
FF,2025-07-15,94.2,2.13,6.6,"Tucker, Kyle",663656,607074,,ball,,,,,11,Ball,A,L,L,NL,AL,B,,,2,2,2025,0.81,1.51,-1.352895095421439,2.6434953972344877,,,,0,2,Bot,,,,,,,-10.698103907700082,-136.62627594287284,-7.677542181169911,12.570352675049506,30.345327527757938,-11.6175669053467,3.350770997,1.691043307,,,,93.6,2407,6.2,778566,663728,665489,650402,691406,805779,682985,595879,592450,54.34,,,,,,,,13,5,4-Seam Fastball,2,0,2,0,0,2,2,0,Infield shade,Strategic,142,0.006,0.112,,,,-0.112,,2,2,0.745,0.745,32,28,33,28,1,0,,,,,1.07,0.81,0.81,,,,,,
FF,2025-07-15,94.5,1.84,5.8,"Tatis Jr., Fernando",665487,663460,,swinging_strike,,,,,2,Swinging Strike,A,R,L,NL,AL,S,,,3,1,2025,0.02,1.45,-0.27405311351388745,3.4232769684470385,,,,0,6,Bot,,,,,,,-5.516762788661731,-137.5521750621842,-3.685250674448378,1.3458251241776455,28.269539651130067,-13.1340164413063,3.346382874,1.68882874,,,,95.8,2328,6.8,778566,672386,666018,665862,672580,677951,680757,621439,668227,53.67,,,,,,,,41,5,4-Seam Fastball,2,0,2,0,0,2,2,0,Infield shade,Standard,156,-0.005,-0.094,75.3,6.6,,0.094,,2,2,0.853,0.853,27,26,28,26,1,0,,,,,1.09,0.02,-0.02,,4.638933607583519,14.110779698699682,26.961790160914614,36.020990203809255,23.797655826279907
FF,2025-07-15,99.7,-2.11,5.83,"Torres, Gleyber",650402,694973,strikeout,swinging_strike,,,,,2,Gleyber Torres strikes out swinging.,A,R,R,NL,AL,S,2,,2,2,2025,-1.09,0.78,-0.12568076547049567,3.1203496722759976,,,,0,1,Top,,,,,,,8.02727142816234,-145.01630499690472,-3.787247063822988,-17.228716510490152,31.18261453346692,-20.48635696265414,3.12960958,1.579429134,,,,100.5,2197,6.6,778566,669257,518692,606466,592518,596019,663656,691718,660670,53.92,,,0,,0,0,,1,5,4-Seam Fastball,0,0,0,0,0,0,0,0,Standard,Standard,237,0.019,-0.232,72.4,6.5,,0.232,,0,0,0.503,0.497,23,28,23,29,1,0,,,,,1.5,1.09,1.09,,0.7146092617486511,21.46968080997398,31.526668106193586,32.80572141345047,19.76802476766645
FF,2025-07-15,98.6,-2.13,4.96,"Kwan, Steven",680757,621242,,called_strike,,,,,4,Called Strike,A,L,R,NL,AL,S,,,1,0,2025,-1.26,0.88,-0.4801490478463195,2.506930627730933,677951,,,2,9,Top,,,,,,,7.511585668767516,-143.37746172354852,-3.154707007126289,-19.056031497951572,32.42013819361227,-19.478755530180642,3.02253937,1.525393701,,,,100.3,2387,7.2,778566,696100,621566,680977,553993,682829,669065,682998,665487,53.3,,,,,,,,74,2,4-Seam Fastball,6,5,5,6,5,6,5,6,Strategic,Standard,237,0.01,-0.042,,,,0.042,,1,-1,0.866,0.134,31,27,31,28,1,1,,,,,1.46,1.26,-1.26,,,,,,
SL,2025-07-15,85.1,-2.34,5.5,"Carroll, Corbin",682998,662253,,foul,,,,,7,Foul,A,L,R,NL,AL,S,,,2,2,2025,0.42,-0.05,-0.5433191547749111,1.9350038901505577,,,695578,1,8,Bot,,,,,,,3.309857317935428,-124.07963579489102,-1.8170470892077222,3.793894447488541,22.655785819965374,-32.59185596163257,3.10328084,1.566141732,287,91.7,49,86,2528,6.6,778566,672386,666018,665862,672580,677951,680757,621439,668227,53.92,,,,,,,,67,5,Slider,6,4,6,4,4,6,6,4,Strategic,Standard,86,0,0,75.5,7.2,,0,91.7,2,2,0.938,0.938,26,24,26,25,1,1,,,,,3.17,-0.42,0.42,,5.153225964956617,7.099496247768319,27.166283654861477,45.739313780441165,32.02902410076406
FF,2025-07-15,100.9,-1.79,5.4,"Arozarena, Randy",668227,694819,,foul,,,,,2,Foul,A,R,R,NL,AL,S,,,3,1,2025,-0.86,1.35,-0.16688386937674515,2.8474652025000498,,,,0,8,Top,,,,,,,6.6669161782052235,-146.8588585728055,-4.979272745596247,-13.999034148613504,33.61256534036817,-11.60576384098075,3.127854331,1.578543307,157,82.7,71,103.2,2659,7.4,778566,696100,621566,680977,553993,682829,669065,682998,665487,53.09,,,,,,,,61,5,4-Seam Fastball,6,4,4,6,4,6,4,6,Standard,Standard,224,0.018,-0.094,72.0,7.3,,0.094,88.0,2,-2,0.834,0.16600000000000004,23,30,23,30,1,1,,,,,0.88,0.86,0.86,,8.21051266492777,-0.7330148688439874,23.833122274080818,30.29909316447261,30.69934832967494
FF,2025-07-15,97.3,1.54,6.43,"Acuña Jr., Ronald",660670,669373,,foul,,,,,4,Foul,A,R,L,NL,AL,S,,,0,0,2025,0.16,1.35,-0.43048734381192855,2.2794976143306944,,,660271,0,1,Bot,,,,,,,-5.579755993222672,-141.4114391938298,-8.539617126876454,3.28213809845153,30.195492680839575,-12.376386568238491,3.200697179,1.615305118,162,76.4,14,97.7,2399,6.4,778566,663728,665489,650402,691406,805779,682985,595879,592450,54.06,,,,,,,,5,1,4-Seam Fastball,0,0,0,0,0,0,0,0,Standard,Strategic,158,-0.005,-0.043,71.1,6.0,,0.043,88.0,0,0,0.583,0.583,28,27,29,28,1,0,,,,,1.06,0.16,-0.16,,-18.59470558042827,35.65292503574817,49.995826658234606,30.15978530976311,16.09909829420841
FF,2025-07-15,96.8,-2.48,5.77,"Wood, James",695578,681343,,foul,,,,,4,Foul,A,L,R,NL,AL,S,,,0,0,2025,-0.59,1.31,-0.5554341814753475,2.8908304041481685,,,553993,0,8,Bot,,,,,,,6.4965841983873736,-140.77552045917344,-4.999422716749733,-9.349639678655159,32.75873771420928,-13.827589246915236,3.488558071,1.760580709,150,82.1,11,97.5,2421,6.8,778566,672386,666018,665862,672580,677951,680757,621439,668227,53.73,,,,,,,,66,1,4-Seam Fastball,6,4,6,4,4,6,6,4,Infield shade,Standard,222,-0.001,-0.043,76.7,7.6,,0.043,88.0,2,2,0.948,0.948,25,22,25,23,1,0,,,,,1.13,0.59,-0.59,,6.477972355785348,8.21205109033554,37.59793589915882,44.62555262872087,25.54920174672457
SL,2025-07-15,88.4,-2.58,5.68,"Garcia, Maikel",672580,678495,,ball,,,,,14,Ball,A,R,R,NL,AL,B,,,0,1,2025,0.99,0.33,1.421519849673444,1.9846391396716259,,,,0,7,Top,,,,,,,7.557245941879799,-128.61720204414476,-3.4426490393061426,9.52236248940815,25.55354653381388,-28.053794580096675,3.262130906,1.646309055,,,,89.1,2779,6.6,778566,696100,621566,680977,553993,682829,669065,682998,665487,53.87,,,,,,,,51,2,Slider,6,3,3,6,3,6,3,6,Standard,Standard,64,-0.003,0.031,,,,-0.031,,3,-3,0.897,0.10299999999999998,25,25,26,25,1,0,,,,,2.58,-0.99,-0.99,,,,,,
CH,2025-07-15,87.2,-2.04,6.16,"Schwarber, Kyle",656941,608032,,ball,,,,,11,Ball,A,L,R,NL,AL,B,,,0,0,2025,-1.05,0.8,-1.205200219954508,3.504094885492278,,,,1,7,Bot,,,,,,,4.182534304399785,-126.95777276102312,-1.721795790256528,-12.196810547042384,25.65345792340885,-23.40072962637088,3.180511811,1.60511811,,,,87.3,1685,6.3,778566,672386,666018,665862,672580,677951,680757,621439,668227,54.21,,,,,,,,57,1,Changeup,6,4,6,4,4,6,6,4,Infield shade,Standard,228,0.001,0.039,,,,-0.039,,2,2,0.876,0.876,32,32,33,32,1,1,,,,,2.19,1.05,-1.05,,,,,,
FF,2025-07-15,94.9,2.67,6.08,"Chisholm Jr., Jazz",665862,671096,,swinging_strike,,,,,2,Swinging Strike,A,L,L,NL,AL,S,,,3,1,2025,0.55,1.5,0.02664123630653925,3.19644703452699,,,,0,6,Top,,,,,,,-8.06552781507197,-137.99279474570696,-5.117564908989597,8.741480066285876,29.56412761654799,-12.071409347722977,3.15593832,1.592716535,,,,95.1,2332,6.3,778566,696100,624413,680977,553993,682829,669065,682998,665487,54.16,,,,,,,,38,5,4-Seam Fastball,2,0,0,2,0,2,0,2,Infield shade,Standard,148,0.014,-0.094,78.3,7.1,,0.094,,2,-2,0.757,0.243,26,27,26,27,1,0,,,,,1.03,0.55,0.55,,12.019062828162172,8.244920015672335,31.929480021170832,33.56446057414197,23.09484686183074
CH,2025-07-15,87.1,-2.24,5.11,"Báez, Javier",595879,657277,,foul,,,,,13,Foul,A,R,R,NL,AL,S,,,1,2,2025,-0.64,-0.63,-0.29654045170156396,1.2056843218511326,,,691406,0,3,Top,,,,,,,6.003517130446998,-126.77395725287666,-1.7024300157157908,-8.090147146030015,24.56834038149666,-38.89084479278372,3.175246063,1.60246063,2,73.8,-34,88.1,1572,6.8,778566,669257,518692,606466,592518,596019,663656,691718,660670,53.74,,,,,,,,18,4,Changeup,2,0,0,2,0,2,0,2,Standard,Standard,270,0,0,77.2,9.0,,0,88.0,2,-2,0.682,0.31799999999999995,28,32,29,33,1,0,,,,,3.62,0.64,0.64,,20.639623518211593,-16.373833156990244,36.70982868230368,32.288821110486865,35.738235980159956
SI,2025-07-15,98,2.37,6.01,"Aranda, Jonathan",666018,670970,,ball,,,,,12,Ball,A,L,L,NL,AL,B,,,2,1,2025,1.28,0.75,0.39646812256276664,3.643076522261415,,,672386,0,7,Top,,,,,,,-8.262743295926171,-142.54722894811806,-2.5130245759265604,19.28207815315669,32.36893668730044,-21.543160611777797,3.189288058,1.609547244,,,,98,2444,6.3,778566,696100,621566,680977,553993,682829,669065,682998,665487,54.19,,,,,,,,49,4,Sinker,6,0,0,6,0,6,0,6,Infield shade,Standard,146,-0.006,0.116,,,,-0.116,,6,-6,0.971,0.029000000000000026,26,27,26,27,1,0,,,,,1.62,1.28,1.28,,,,,,
FF,2025-07-15,96.7,-1.46,4.91,"Marte, Ketel",606466,693433,field_out,hit_into_play,,,,,5,"Ketel Marte grounds out, second baseman Gleyber Torres to first baseman Vladimir Guerrero Jr.",A,L,R,NL,AL,X,4,ground_ball,0,0,2025,-0.73,1.13,0.2200009603970271,2.652776601906484,,,,1,3,Bot,148.07,156.13,,,,,6.156464856768028,-140.76064572829185,-2.9413364625432155,-11.152665497839962,31.64806317565068,-16.68208719480111,3.218249672,1.624163386,13,82.6,-10,97.2,2452,6.6,778566,663728,665489,650402,691406,805779,682985,595879,592450,53.94,,,0,,0,0,2,22,1,4-Seam Fastball,2,0,2,0,0,2,2,0,Infield shade,Strategic,232,-0.012,-0.254,63.1,6.9,,0.254,88.0,2,2,0.749,0.749,25,31,25,32,1,1,,,,,1.3,0.73,-0.73,,10.338283613809185,12.605296537141914,35.680489013521225,27.9790668109189,29.804093513240538
SL,2025-07-15,85.7,1.65,6.18,"Guerrero Jr., Vladimir",665489,477132,,ball,,,,,13,Ball,A,R,L,NL,AL,B,,,1,2,2025,-0.37,0.69,-0.17473860052010953,-0.5754803187026964,,,,1,2,Top,,,,,,,-3.4906133832053206,-124.58386048831596,-10.917025863500266,-3.349576818583773,21.048693395765937,-23.20419557023662,3.208595801,1.619291339,,,,86.6,2545,6.6,778566,669257,518692,606466,592518,596019,663656,691718,660670,53.92,,,,,,,,11,4,Slider,2,0,0,2,0,2,0,2,Strategic,Standard,194,-0.003,0.048,,,,-0.048,,2,-2,0.726,0.274,37,26,37,26,1,0,,,,,2.38,-0.37,0.37,,,,,,
SI,2025-07-15,91.8,2.04,6.2,"Judge, Aaron",592450,656849,,called_strike,,,,,7,Called Strike,A,R,L,NL,AL,S,,,0,0,2025,1.01,0.61,-0.32529559611230097,2.1136159994680703,,,,1,4,Top,,,,,,,-8.269084561971967,-133.38770932057358,-5.695419320150708,13.791038944086639,27.653645264183755,-23.89858289381575,3.522785433,1.777854331,,,,93.6,2270,7.3,778566,669257,624413,606466,592518,596019,663656,691718,665487,53.18,,,,,,,,25,1,Sinker,2,0,0,2,0,2,0,2,Standard,Standard,150,0.003,-0.039,,,,0.039,,2,-2,0.756,0.244,29,33,30,33,1,1,,,,,2.1,1.01,-1.01,,,,,,
CH,2025-07-15,86.2,-1.24,6.47,"O'Hearn, Ryan",656811,592094,,foul,,,,,8,Foul,A,L,R,NL,AL,S,,,2,2,2025,-1.36,0.15,-0.1681142169121852,1.5545062519675006,,,,2,2,Top,,,,,,,5.315228820417367,-125.43973972723005,-5.521599487982855,-15.4508258181635,24.186392407229725,-29.71089379773649,3.28933727,1.66003937,227,76.2,23,86.3,1952,6.3,778566,669257,518692,606466,592518,596019,663656,691718,660670,54.23,,,,,,,,12,5,Changeup,2,0,0,2,0,2,0,2,,,230,0,0,69.7,8.3,,0,88.0,2,-2,0.738,0.262,33,31,34,32,1,0,,,,,2.91,1.36,-1.36,,25.52620235297301,-19.926856463619245,44.39822767044608,39.14061716807855,40.11579490694962
FF,2025-07-15,95.3,2.34,5.57,"Báez, Javier",595879,669022,,ball,,,,,13,Ball,A,R,L,NL,AL,B,,,1,0,2025,0.67,1.27,-1.1881075447227532,1.8584562820281136,,,,1,5,Top,,,,,,,-10.712110352003862,-138.33557493934725,-6.865745663010949,10.813146505764403,27.45177075435971,-14.450953714287323,3.175246063,1.60246063,,,,96.1,2232,6.6,778566,696100,624413,680977,553993,596019,682998,691718,665487,53.86,,,,,,,,33,2,4-Seam Fastball,2,0,0,2,0,2,0,2,Standard,Standard,134,-0.007,0.071,,,,-0.071,,2,-2,0.777,0.22299999999999998,26,32,26,33,1,1,,,,,1.23,0.67,-0.67,,,,,,
SI,2025-07-15,99.6,-1.02,6.42,"Garcia, Maikel",672580,663158,field_out,hit_into_play,,,,,5,"Maikel Garcia grounds out softly, third baseman Eugenio Suárez to first baseman Matt Olson.",A,R,R,NL,AL,X,5,ground_ball,1,2,2025,-1.22,1.22,0.10371154611416356,2.4697700195690855,,,,0,9,Top,120.72,178.41,,,,,5.996709612408627,-144.7285522374588,-8.178488585015211,-18.563423461182982,32.909582136786085,-13.25490319320646,3.262130906,1.646309055,1,79,-65,100.3,2403,6.7,778566,696100,621566,680977,553993,682829,669065,682998,665487,53.82,,,0,,0,0,2,70,5,Sinker,6,4,4,6,4,6,4,6,Standard,Standard,207,0.027,-0.189,71.1,7.1,,0.189,88.0,2,-2,0.936,0.06399999999999995,34,25,34,25,1,1,,,,,1.08,1.22,1.22,,-7.355242161678245,15.965227085708275,28.437575378583446,35.37760395785181,20.683446326995057
SI,2025-07-15,97.8,-0.08,6.5,"Tatis Jr., Fernando",665487,547973,,called_strike,,,,,1,Called Strike,A,R,L,NL,AL,S,,,0,0,2025,0.77,1.29,-0.3699522855381291,3.445608469294953,,,,1,9,Bot,,,,,,,-2.640052220254893,-142.31215329604893,-5.642445895753308,11.12644224572445,33.31562726000002,-13.52681523004329,3.346382874,1.68882874,,,,99.1,2438,7,778566,672386,666018,665862,672580,677951,680757,621439,668227,53.46,,,,,,,,77,1,Sinker,6,6,6,6,6,6,6,6,Standard,Standard,173,-0.007,-0.039,,,,0.039,,0,0,0.582,0.582,37,26,37,26,1,2,,,,,1.09,0.77,-0.77,,,,,,
FF,2025-07-15,96.9,-2.41,4.88,"Smith, Will",669257,657746,field_out,hit_into_play,,,,,13,Will Smith pops out to second baseman Gleyber Torres.,A,R,R,NL,AL,X,4,popup,0,0,2025,-1.13,1.11,-0.9398396810020755,2.20131072956179,,,,1,4,Bot,134.27,124.78,,,,,6.530212510194007,-140.89733604587818,-3.99274270853091,-16.490656948268725,33.04174319752891,-16.651461274736135,3.137508202,1.583415354,191,74.4,54,97.2,2322,6.6,778566,663728,665489,650402,691406,805779,682985,595879,592450,53.94,,,0,,0,0,3,30,1,4-Seam Fastball,2,0,2,0,0,2,2,0,Standard,Standard,227,-0.011,-0.254,72.1,7.4,,0.254,88.0,2,2,0.77,0.77,29,30,29,30,1,1,,,,,1.32,1.13,1.13,,16.012181021946354,-11.024599730115598,42.0087531352829,24.740048454080522,31.234195001614488
FS,2025-07-15,88.2,-1.91,5.87,"Carroll, Corbin",682998,663554,,swinging_strike,,,,,5,Swinging Strike,A,L,R,NL,AL,S,,,1,1,2025,-1.26,0.46,-0.18612145217445408,2.5274416002009823,,,,2,6,Bot,,,,,,,6.916447067248443,-128.3872156724023,-2.880949788040243,-15.3186345109048,24.82816897799227,-26.699871830586762,3.10328084,1.566141732,,,,89.9,1383,7.1,778566,672386,666018,665862,672580,677951,680757,621439,668227,53.36,,,,,,,,46,3,Split-Finger,5,0,5,0,0,5,5,0,Strategic,Standard,235,0,-0.062,77.3,7.0,,0.062,,5,5,0.969,0.969,28,24,28,25,1,0,,,,,2.45,1.26,-1.26,,7.900860974347273,9.950521332288421,26.142879432892766,40.820771126217714,33.252963389003554
FC,2025-07-15,91.5,-2.1,6.07,"Lindor, Francisco",596019,656876,field_out,hit_into_play,,,,,8,Francisco Lindor lines out sharply to right fielder Randy Arozarena.,A,L,R,NL,AL,X,9,line_drive,2,2,2025,0.35,0.48,-0.06298089714348742,1.8475076448545118,,,,0,5,Bot,178.96,98.16,,,,,4.332113106913266,-133.30845587745733,-5.707071367074875,3.4200123120263766,24.257667367370242,-25.556722350762467,3.107668963,1.568356299,283,101.2,14,92.5,2646,6.5,778566,663728,666018,665862,691406,677951,682985,621439,668227,54,,,0,,0,0,4,35,5,Cutter,2,0,2,0,0,2,2,0,Infield shade,Standard,170,-0.013,-0.232,70.9,7.6,,0.232,101.2,2,2,0.81,0.81,29,31,30,32,1,1,,,,,2.21,-0.35,0.35,,6.533436317656082,-3.0561965348201623,38.54527262099318,33.029340429776525,29.83181872500606
FF,2025-07-15,99.8,-0.01,6.68,"Kwan, Steven",680757,656730,field_out,hit_into_play,,,,,1,"Steven Kwan grounds out, third baseman Eugenio Suárez to first baseman Matt Olson.",A,L,R,NL,AL,X,5,ground_ball,1,2,2025,-0.41,1.44,-0.5870877738664774,2.974059346355289,,,665862,2,7,Top,99.46,166.76,,,,,-0.5983955160375821,-145.3700367387661,-8.112829888082828,-5.701690351915426,30.483002664211263,-10.151060085376887,3.02253937,1.525393701,13,89.5,-12,100.7,2509,6.5,778566,696100,621566,680977,553993,682829,669065,682998,665487,54,,,0,,0,0,2,55,4,4-Seam Fastball,6,4,4,6,4,6,4,6,Infield shade,Standard,201,0.023,-0.183,55.5,5.2,,0.183,89.5,2,-2,0.864,0.136,31,27,32,28,1,0,,,,,0.83,0.41,-0.41,,-12.734486531565025,17.268863529938983,30.969238756266535,37.565704024829294,15.35449093394596
FF,2025-07-15,93.9,1.9,5.75,"Tatis Jr., Fernando",665487,663460,,ball,,,,,14,Ball,A,R,L,NL,AL,B,,,2,1,2025,0.17,1.51,0.8574605192378422,2.326034884151089,,,,0,6,Bot,,,,,,,-3.0757948113039943,-136.67008321338065,-6.441115968222777,2.731343679126951,27.77649006063027,-12.022760097088803,3.346382874,1.68882874,,,,95.4,2340,6.9,778566,672386,666018,665862,672580,677951,680757,621439,668227,53.55,,,,,,,,41,4,4-Seam Fastball,2,0,2,0,0,2,2,0,Infield shade,Standard,160,0.006,0.134,,,,-0.134,,2,2,0.847,0.847,27,26,28,26,1,0,,,,,1.06,0.17,-0.17,,,,,,
SI,2025-07-15,99.4,-0.06,6.44,"Schwarber, Kyle",656941,547973,field_out,hit_into_play,,,,,5,Kyle Schwarber lines out to third baseman Maikel Garcia.,A,L,L,NL,AL,X,5,line_drive,1,2,2025,1.07,1.34,0.20450956072865423,2.5819499423082735,,,,0,9,Bot,106.69,147.2,,,,,-1.8832668244832973,-144.6048897568196,-8.234897258237096,15.443668150252721,34.38047692379225,-11.693767392659183,3.180511811,1.60511811,144,73.4,12,100.8,2478,7.1,778566,672386,666018,665862,672580,677951,680757,621439,668227,53.36,,,0,,0,0,2,76,4,Sinker,6,6,6,6,6,6,6,6,Infield shade,Standard,165,-0.04,-0.189,70.8,6.4,,0.189,88.0,0,0,0.622,0.622,37,32,37,32,1,2,,,,,0.97,1.07,1.07,,-2.9233747256712737,24.678847706282582,26.79542314892901,30.84884043852073,20.078748279388904
SL,2025-07-15,90.8,-2.12,5.32,"Kwan, Steven",680757,621242,,ball,,,,,11,Ball,A,L,R,NL,AL,B,,,0,0,2025,0.14,0.47,-0.7080756592882947,3.83322326290311,677951,,,2,9,Top,,,,,,,3.2349789741042283,-132.29612134281146,1.2750025582796196,0.9741092020526475,25.54692981715631,-27.065967140260025,3.02253937,1.525393701,,,,92.3,2128,6.9,778566,696100,621566,680977,553993,682829,669065,682998,665487,53.58,,,,,,,,74,1,Slider,6,5,5,6,5,6,5,6,Strategic,Standard,211,-0.003,0.028,,,,-0.028,,1,-1,0.869,0.131,31,27,31,28,1,1,,,,,2.27,-0.14,0.14,,,,,,
FF,2025-07-15,98,-1.37,4.98,"Acuña Jr., Ronald",660670,693433,strikeout,swinging_strike,,,,,14,Ronald Acuña Jr. strikes out swinging.,A,R,R,NL,AL,S,2,,1,2,2025,-0.81,1.14,0.9539826347072181,2.335401783676327,,,,0,3,Bot,,,,,,,8.146242612644436,-142.5327602985031,-4.146844005373521,-12.999050317814943,33.54645398518926,-15.892309349792079,3.200697179,1.615305118,,,,98.3,2561,6.6,778566,663728,665489,650402,691406,805779,682985,595879,592450,53.94,,,0,,0,0,,21,4,4-Seam Fastball,2,0,2,0,0,2,2,0,Standard,Strategic,227,-0.01,-0.189,73.5,7.5,,0.189,,2,2,0.759,0.759,25,27,25,28,1,1,,,,,1.24,0.81,0.81,,9.588422116162636,20.078503244711474,35.565361624287036,43.31105407492346,15.884344480826055
FF,2025-07-15,96.3,-2.2,5.89,"Suárez, Eugenio",553993,681343,hit_by_pitch,hit_by_pitch,,,,,11,Eugenio Suárez hit by pitch.,A,R,R,NL,AL,B,,,2,1,2025,-0.57,1.26,-1.1160156848235916,3.9595634065554304,,,,0,8,Bot,,,,,,,4.2066346529343805,-140.3101629202768,-2.3564631893483265,-8.473827802263061,30.859217805068674,-15.17611448616014,3.17085794,1.600246063,,,,97.7,2412,7,778566,672386,666018,665862,672580,677951,680757,621439,668227,53.54,,,0.7,,0,0,,65,4,4-Seam Fastball,6,4,6,4,4,6,6,4,Strategic,Standard,215,0.009,0.395,,,,-0.395,,2,2,0.939,0.939,25,33,25,34,1,1,,,,,1.19,0.57,0.57,,,,,,
FF,2025-07-15,97,-2.45,4.92,"Machado, Manny",592518,657746,strikeout,swinging_strike,,,,,9,Manny Machado strikes out swinging.,A,R,R,NL,AL,S,2,,1,2,2025,-1.13,1.02,0.2863386981384908,2.0904110706664127,,,,0,4,Bot,,,,,,,9.883216783818762,-140.95430190889306,-4.2229934234009034,-17.254079153275914,31.631280274751248,-17.80946870755583,3.313910761,1.672440945,,,,97.6,2334,6.6,778566,663728,665489,650402,691406,805779,682985,595879,592450,53.85,,,0,,0,0,,29,4,4-Seam Fastball,2,0,2,0,0,2,2,0,Standard,Strategic,230,-0.011,-0.189,74.8,8.2,,0.189,,2,2,0.781,0.781,29,32,29,33,1,1,,,,,1.41,1.13,1.13,,4.257428030999332,8.633293897663759,30.875311025126642,41.87703157244465,22.5972143661766
CU,2025-07-15,71.6,1.47,6.43,"Guerrero Jr., Vladimir",665489,477132,,swinging_strike,,,,,4,Swinging Strike,A,R,L,NL,AL,S,,,1,1,2025,-0.41,-1.11,-0.5522030574451714,2.3760658953179803,,,,1,2,Top,,,,,,,-3.2474550131252315,-104.25504063701915,1.6523232590315218,-2.3927877287465775,17.938146077323026,-40.73449763291842,3.208595801,1.619291339,,,,71.8,2151,6.4,778566,669257,518692,606466,592518,596019,663656,691718,660670,54.05,,,,,,,,11,3,Curveball,2,0,0,2,0,2,0,2,Standard,Standard,333,0.004,-0.064,78.1,8.6,,0.064,,2,-2,0.722,0.278,37,26,37,26,1,0,,,,,5.55,-0.41,0.41,,18.193372725636234,-52.26459847689507,16.472913370133313,32.69617583944229,68.72386759820021
SL,2025-07-15,84.8,2.24,6.02,"Greene, Riley",682985,656849,strikeout,swinging_strike,,,,,13,Riley Greene strikes out swinging.,A,L,L,NL,AL,S,2,,1,2,2025,-0.09,-0.19,-0.9438892188735407,0.7748713460641423,,,,0,4,Top,,,,,,,-7.284045780781022,-123.37946081040054,-5.404751872018402,0.3953915506975399,22.503253920977567,-33.29060913603312,3.303379265,1.667125984,,,,86.6,2498,7.3,778566,669257,624413,606466,592518,596019,663656,691718,665487,53.24,,,0,,0,0,,24,4,Slider,2,0,0,2,0,2,0,2,Infield shade,Standard,340,0.019,-0.189,72.4,8.7,,0.189,,2,-2,0.737,0.263,29,24,30,25,1,1,,,,,3.34,-0.09,-0.09,,31.775064516196164,-15.163145294539506,44.614962347750186,45.012992190376195,47.135647419195884
FF,2025-07-15,96.4,-1.96,6.08,"Stowers, Kyle",669065,608032,strikeout,swinging_strike,,,,,2,Kyle Stowers strikes out swinging.,A,L,R,NL,AL,S,2,,1,2,2025,-0.66,1.48,-0.24620153903811293,2.83793775416391,,,,0,7,Bot,,,,,,,6.007046545156832,-140.1869950018633,-6.252006492729435,-10.024823475019666,31.17572367678342,-11.396049117716034,3.295480643,1.663139764,,,,96.2,2259,6.2,778566,672386,666018,665862,672580,677951,680757,621439,668227,54.33,,,0,,0,0,,56,4,4-Seam Fastball,6,4,6,4,4,6,6,4,Infield shade,Standard,209,-0.008,-0.189,,,,0.189,,2,2,0.884,0.884,32,27,33,27,1,0,,,,,0.97,0.66,-0.66,,,,,,
FF,2025-07-15,99,-2.6,5.42,"Carroll, Corbin",682998,662253,,ball,,,,,14,Ball,A,L,R,NL,AL,B,,,1,2,2025,-1.07,1.07,0.8376449504019003,1.7254902046840934,,,695578,1,8,Bot,,,,,,,11.785876683299726,-143.54349952623193,-6.949451151347934,-17.45281132617715,32.774433387916915,-15.83891471651541,3.10328084,1.566141732,,,,98.9,2349,6.4,778566,672386,666018,665862,672580,677951,680757,621439,668227,54.08,,,,,,,,67,4,4-Seam Fastball,6,4,6,4,4,6,6,4,Strategic,Standard,237,0.001,0.044,,,,-0.044,,2,2,0.937,0.937,26,24,26,25,1,1,,,,,1.27,1.07,-1.07,,,,,,
FF,2025-07-15,99.4,-0.98,6.45,"Garcia, Maikel",672580,663158,,foul,,,,,3,Foul,A,R,R,NL,AL,S,,,1,2,2025,-0.56,1.29,0.6032586312849779,3.193373859589067,,,,0,9,Top,,,,,,,5.649753120899385,-144.68009705347632,-6.470775561931782,-9.107260994408742,31.104958392100063,-12.757224051610004,3.262130906,1.646309055,342,95.1,29,100.5,2472,6.7,778566,696100,621566,680977,553993,682829,669065,682998,665487,53.8,,,,,,,,70,4,4-Seam Fastball,6,4,4,6,4,6,4,6,Standard,Standard,208,0,0,70.5,6.9,,0,95.1,2,-2,0.936,0.06399999999999995,34,25,34,25,1,1,,,,,1,0.56,0.56,,2.4096188287182816,15.578328547008024,23.213892048242638,40.34505443114209,22.24887079716098
FF,2025-07-15,98.5,-2.13,5.8,"Torres, Gleyber",650402,694973,,ball,,,,,14,Ball,A,R,R,NL,AL,B,,,1,2,2025,-1.17,0.88,1.091737535188482,2.248780246296731,,,,0,1,Top,,,,,,,11.451564417128909,-142.98370545353134,-6.106967847265973,-18.560382709565754,28.977077661203325,-18.891771890473645,3.12960958,1.579429134,,,,99.5,2121,6.7,778566,669257,518692,606466,592518,596019,663656,691718,660670,53.82,,,,,,,,1,4,4-Seam Fastball,0,0,0,0,0,0,0,0,Standard,Standard,239,-0.004,0.043,,,,-0.043,,0,0,0.507,0.493,23,28,23,29,1,0,,,,,1.46,1.17,1.17,,,,,,
FF,2025-07-15,95.4,2.14,6.55,"Tucker, Kyle",663656,607074,,foul,,,,,4,Foul,A,L,L,NL,AL,S,,,2,1,2025,0.84,1.52,-0.7929081109627873,2.5515496596695293,,,,0,2,Bot,,,,,,,-9.454565490547717,-138.43060178548905,-8.044254530938272,12.920145160989192,32.05053653168248,-10.911115966844259,3.350770997,1.691043307,,,,94.7,2452,6.1,778566,663728,665489,650402,691406,805779,682985,595879,592450,54.41,,,,,,,,13,4,4-Seam Fastball,2,0,2,0,0,2,2,0,Infield shade,Strategic,139,-0.005,-0.073,67.8,7.3,,0.073,,2,2,0.75,0.75,32,28,33,28,1,0,,,,,1,0.84,0.84,,3.3169880730986776,4.859579836266952,31.494103320963802,48.218389664569806,15.533705828404743
FF,2025-07-15,100.4,-2.08,5.34,"Arozarena, Randy",668227,694819,,ball,,,,,11,Ball,A,R,R,NL,AL,B,,,2,1,2025,-0.57,1.41,-0.24001360912680592,3.7619194572640575,,,,0,8,Top,,,,,,,6.513498097756663,-146.15064397899258,-2.333475587524949,-9.60889442828907,33.031232238288375,-11.53812796718354,3.127854331,1.578543307,,,,102.4,2635,7.2,778566,696100,621566,680977,553993,682829,669065,682998,665487,53.26,,,,,,,,61,4,4-Seam Fastball,6,4,4,6,4,6,4,6,Standard,Standard,222,-0.021,0.134,,,,-0.134,,2,-2,0.855,0.14500000000000002,23,30,23,30,1,1,,,,,0.84,0.57,0.57,,,,,,
FF,2025-07-15,98.1,-2.5,5.67,"Garcia, Maikel",672580,678495,,foul,,,,,1,Foul,A,R,R,NL,AL,S,,,0,0,2025,-0.63,1.43,-0.4959962875971604,2.907359756149936,,,,0,7,Top,,,,,,,6.86566028652366,-142.72604713037234,-5.228527804050006,-10.090753719789209,31.301769897524625,-11.566763035228009,3.262130906,1.646309055,206,73.6,48,99,2627,6.7,778566,696100,621566,680977,553993,682829,669065,682998,665487,53.79,,,,,,,,51,1,4-Seam Fastball,6,3,3,6,3,6,3,6,Standard,Standard,208,0.004,-0.039,68.6,6.5,,0.039,88.0,3,-3,0.893,0.10699999999999998,25,25,26,25,1,0,,,,,0.93,0.63,0.63,,-5.786423780693063,4.7756619921557,31.27179209119841,27.38520025870715,29.023647568652972
CH,2025-07-15,84.8,-2.32,5.11,"Báez, Javier",595879,657277,,swinging_strike,,,,,8,Swinging Strike,A,R,R,NL,AL,S,,,1,1,2025,-0.7,-0.35,0.0807546924835324,1.6544143234697364,,,691406,0,3,Top,,,,,,,7.030819144975749,-123.47962073250734,-0.8944225990141271,-8.530934143200247,22.277118222782377,-35.782247035928314,3.175246063,1.60246063,,,,86,1555,6.8,778566,669257,518692,606466,592518,596019,663656,691718,660670,53.71,,,,,,,,18,3,Changeup,2,0,0,2,0,2,0,2,Standard,Standard,270,0.01,-0.07,75.8,9.4,,0.07,,2,-2,0.672,0.32799999999999996,28,32,29,33,1,0,,,,,3.49,0.7,0.7,,23.9084958415748,-31.075419932950524,29.38016949595343,37.93833389104659,46.43732983501821
FF,2025-07-15,94.8,2.6,6.04,"Chisholm Jr., Jazz",665862,671096,,ball,,,,,14,Ball,A,L,L,NL,AL,B,,,2,1,2025,0.97,0.98,0.5570267280289913,1.2316336105212573,,,,0,6,Top,,,,,,,-7.497860933448529,-137.68382989128602,-8.881055109039865,13.989034876905453,28.91217759288718,-17.957297301396277,3.15593832,1.592716535,,,,95.1,2338,6.5,778566,696100,624413,680977,553993,682829,669065,682998,665487,54.04,,,,,,,,38,4,4-Seam Fastball,2,0,0,2,0,2,0,2,Infield shade,Standard,147,-0.017,0.134,,,,-0.134,,2,-2,0.774,0.22599999999999998,26,27,26,27,1,0,,,,,1.56,0.97,0.97,,,,,,
SI,2025-07-15,97.9,2.56,6.05,"Aranda, Jonathan",666018,670970,,swinging_strike,,,,,12,Swinging Strike,A,L,L,NL,AL,S,,,2,0,2025,1.33,0.68,1.2225084180521144,3.2753509462567645,,,672386,0,7,Top,,,,,,,-6.670226505020085,-142.45265790401828,-3.4278665350291035,19.605151842457346,32.4499286448775,-22.256725353087894,3.189288058,1.609547244,,,,97.9,2454,6.3,778566,696100,621566,680977,553993,682829,669065,682998,665487,54.21,,,,,,,,49,3,Sinker,6,0,0,6,0,6,0,6,Infield shade,Standard,146,0.004,-0.066,57.9,5.7,,0.066,,6,-6,0.967,0.03300000000000003,26,27,26,27,1,0,,,,,1.69,1.33,1.33,,3.5949698001013735,24.825194193629923,34.927165264511565,22.75229377881483,18.54521762608703
FF,2025-07-15,97.5,-1.84,6.3,"Lindor, Francisco",596019,656876,,ball,,,,,11,Ball,A,L,R,NL,AL,B,,,1,2,2025,-0.81,1.5,-1.4768335131048458,4.335543002401191,,,,0,5,Bot,,,,,,,2.8755840167248037,-141.94840639476456,-3.141055648856073,-11.67183181834746,31.78897042285434,-11.381189671263797,3.107668963,1.568356299,,,,98.1,2563,6.6,778566,663728,666018,665862,691406,677951,682985,621439,668227,53.93,,,,,,,,35,4,4-Seam Fastball,2,0,2,0,0,2,2,0,Infield shade,Standard,204,0.003,0.043,,,,-0.043,,2,2,0.807,0.807,29,31,30,32,1,1,,,,,0.89,0.81,-0.81,,,,,,
SL,2025-07-15,92.1,1.94,6.11,"Ohtani, Shohei",660271,669373,single,hit_into_play,,,,,13,Shohei Ohtani singles on a line drive to center fielder Javier Báez.,A,L,L,NL,AL,X,8,line_drive,1,2,2025,-0.21,0.29,-0.9241408080205011,1.7022680409298987,,,,0,1,Bot,117.83,97.97,,,,,-6.77637239616329,-134.13999695920947,-5.895121319248904,-1.3213478121095672,23.85931726914732,-27.765055638548702,3.369201116,1.700344488,202,71.3,19,93.6,2303,6.7,778566,663728,665489,650402,691406,805779,682985,595879,592450,53.78,,,0.9,,1,0,4,4,4,Slider,0,0,0,0,0,0,0,0,Infield shade,Strategic,210,0.042,0.508,64.4,8.3,,-0.508,88.0,0,0,0.541,0.541,28,30,29,31,1,0,,,,,2.36,-0.21,-0.21,,10.573280044084465,-0.2892618757585134,37.90949302088849,52.93756413819756,25.217430758102125
FF,2025-07-15,94.8,2.46,5.55,"Báez, Javier",595879,669022,,ball,,,,,13,Ball,A,R,L,NL,AL,B,,,0,0,2025,0.79,1.15,-1.4690669569414003,2.182248452802747,,,,1,5,Top,,,,,,,-11.945128120805482,-137.54743003271216,-5.594196698750231,12.433573099793572,27.005588108302703,-16.48249570263292,3.175246063,1.60246063,,,,95.5,2293,6.6,778566,696100,624413,680977,553993,596019,682998,691718,665487,53.89,,,,,,,,33,1,4-Seam Fastball,2,0,0,2,0,2,0,2,Standard,Standard,138,-0.003,0.039,,,,-0.039,,2,-2,0.78,0.21999999999999997,26,32,26,33,1,1,,,,,1.38,0.79,-0.79,,,,,,
FF,2025-07-15,94.4,-1.15,6.67,"O'Hearn, Ryan",656811,592094,,ball,,,,,11,Ball,A,L,R,NL,AL,B,,,1,2,2025,-0.89,1.68,-2.326726645319661,3.8757006391100117,,,,2,2,Top,,,,,,,-0.9881105174136546,-137.41831310878754,-5.1624688984513805,-11.046538160064955,31.843279744869488,-10.028202246335967,3.28933727,1.66003937,,,,94.3,2633,6.3,778566,669257,518692,606466,592518,596019,663656,691718,660670,54.17,,,,,,,,12,4,4-Seam Fastball,2,0,0,2,0,2,0,2,,,215,-0.002,0.042,,,,-0.042,,2,-2,0.74,0.26,33,31,34,32,1,0,,,,,0.89,0.89,-0.89,,,,,,
FS,2025-07-15,89.5,-1.94,5.83,"Carroll, Corbin",682998,663554,,ball,,,,,14,Ball,A,L,R,NL,AL,B,,,0,1,2025,-1.25,0.58,1.130317026796783,0.47627626174207394,,,,2,6,Bot,,,,,,,10.271727198842433,-129.7822436553559,-8.303368902417377,-16.13340105763581,24.402708568917962,-24.075423765434685,3.10328084,1.566141732,,,,91,1676,7.1,778566,672386,666018,665862,672580,677951,680757,621439,668227,53.35,,,,,,,,46,2,Split-Finger,5,0,5,0,0,5,5,0,Standard,Standard,231,0,0.027,,,,-0.027,,5,5,0.969,0.969,28,24,28,25,1,0,,,,,2.26,1.25,-1.25,,,,,,
KC,2025-07-15,89.5,-0.24,6.67,"Kwan, Steven",680757,656730,,swinging_strike,,,,,9,Swinging Strike,A,L,R,NL,AL,S,,,1,1,2025,0.54,-0.32,0.6293911872426335,1.443226983530273,,,665862,2,7,Top,,,,,,,0.9575518162909603,-130.41555010131745,-6.021050639161856,6.055502970170362,25.171965283985912,-34.83005870023857,3.02253937,1.525393701,,,,90.2,2893,6.4,778566,696100,621566,680977,553993,682829,669065,682998,665487,54.06,,,,,,,,55,3,Knuckle Curve,6,4,4,6,4,6,4,6,Infield shade,Standard,22,0.008,-0.073,25.2,4.9,,0.073,,2,-2,0.856,0.14400000000000002,31,27,32,28,1,0,,,,,3.13,-0.54,0.54,,-10.030289299950557,36.4728225355324,33.961949313617346,23.319037610565776,9.868393934106713
FF,2025-07-15,97.7,-2.13,4.86,"Chisholm Jr., Jazz",665862,621242,field_out,hit_into_play,,,,,2,"Jazz Chisholm Jr. grounds out sharply, first baseman Matt Olson to pitcher Edwin Díaz. Bobby Witt Jr. to 3rd.",A,L,R,NL,AL,X,3,ground_ball,0,2,2025,-0.93,1.01,-0.04461609812424161,2.9468588206337607,,677951,,1,9,Top,158.7,171.32,,,,,7.859666456104202,-142.06627997057927,-1.8743281007573058,-14.388147824193544,32.07353087753126,-18.318652170514518,3.15593832,1.592716535,82,104.6,2,99.2,2392,7.2,778566,696100,621566,680977,553993,682829,669065,682998,665487,53.34,,,0,,0,0,4,73,3,4-Seam Fastball,6,5,5,6,5,6,5,6,Strategic,Standard,234,0.055,-0.169,67.6,8.1,,0.169,104.6,1,-1,0.814,0.18600000000000005,31,27,31,27,1,2,,,,,1.38,0.93,-0.93,,17.760453721755766,-15.852802388960312,26.292534463055233,35.08882663021859,35.798839279360834
ST,2025-07-15,86.8,2.22,5.56,"Tatis Jr., Fernando",665487,663460,,ball,,,,,13,Ball,A,R,L,NL,AL,B,,,1,1,2025,-1.16,-0.33,-1.291784814900046,0.2390911862674483,,,,0,6,Bot,,,,,,,-5.92302178931225,-126.1729917230774,-5.579167243724379,-11.080329738745885,26.528530759024413,-34.7330358415062,3.346382874,1.68882874,,,,87.5,2803,6.8,778566,672386,666018,665862,672580,677951,680757,621439,668227,53.67,,,,,,,,41,3,Sweeper,2,0,2,0,0,2,2,0,Infield shade,Standard,318,0.003,0.055,,,,-0.055,,2,2,0.844,0.844,27,26,28,26,1,0,,,,,3.37,-1.16,1.16,,,,,,
SI,2025-07-15,99,-1.06,6.39,"Garcia, Maikel",672580,663158,,called_strike,,,,,5,Called Strike,A,R,R,NL,AL,S,,,1,1,2025,-1.14,1.14,-0.08995495627383421,2.447292506764733,,,,0,9,Top,,,,,,,5.368809891024571,-143.9634097305589,-7.888961690297292,-17.127867909799047,30.466739183562332,-14.700187030370142,3.262130906,1.646309055,,,,100.1,2232,6.7,778566,696100,621566,680977,553993,682829,669065,682998,665487,53.77,,,,,,,,70,3,Sinker,6,4,4,6,4,6,4,6,Standard,Standard,208,0.01,-0.061,,,,0.061,,2,-2,0.926,0.07399999999999995,34,25,34,25,1,1,,,,,1.17,1.14,1.14,,,,,,
FF,2025-07-15,99.4,-2.06,5.88,"Torres, Gleyber",650402,694973,,foul_tip,,,,,11,Foul Tip,A,R,R,NL,AL,S,,,1,1,2025,-1.06,0.89,-0.35556440869255845,3.343843003046291,,,,0,1,Top,,,,,,,7.187785428214415,-144.70716785308773,-3.5614602009114362,-16.481987996629147,30.09181522644482,-19.034548015994638,3.12960958,1.579429134,,,,100.6,2232,6.7,778566,669257,518692,606466,592518,596019,663656,691718,660670,53.85,,,,,,,,1,3,4-Seam Fastball,0,0,0,0,0,0,0,0,Standard,Standard,239,0.006,-0.061,67.7,6.3,,0.061,,0,0,0.501,0.499,23,28,23,29,1,0,,,,,1.4,1.06,1.06,,4.352939781565439,17.776992452599757,31.962069551868293,30.876783663039415,21.653687989501005
SL,2025-07-15,98.1,-1.9,5.33,"Arozarena, Randy",668227,694819,,ball,,,,,14,Ball,A,R,R,NL,AL,B,,,1,1,2025,-0.07,0.84,0.924132312674633,1.5227442134693256,,,,0,8,Top,,,,,,,7.882396899001694,-142.64109936681496,-6.75389294903688,-2.565219275010769,28.705572070593828,-19.377913351587026,3.127854331,1.578543307,,,,100.7,2552,7.5,778566,696100,621566,680977,553993,682829,669065,682998,665487,53.01,,,,,,,,61,3,Slider,6,4,4,6,4,6,4,6,Standard,Standard,204,-0.009,0.055,,,,-0.055,,2,-2,0.864,0.136,23,30,23,30,1,1,,,,,1.51,0.07,0.07,,,,,,
FF,2025-07-15,97.2,-1.27,5,"Acuña Jr., Ronald",660670,693433,,ball,,,,,14,Ball,A,R,R,NL,AL,B,,,0,2,2025,-0.85,1.04,1.6222421410222125,1.8103665946671292,,,,0,3,Bot,,,,,,,9.647355430747126,-141.14235422155025,-5.2291873450186745,-13.602200438661983,31.726091580746697,-17.28210899628877,3.200697179,1.615305118,,,,97.4,2326,6.5,778566,663728,665489,650402,691406,805779,682985,595879,592450,53.99,,,,,,,,21,3,4-Seam Fastball,2,0,2,0,0,2,2,0,Standard,Strategic,233,0.001,0.024,,,,-0.024,,2,2,0.758,0.758,25,27,25,28,1,1,,,,,1.38,0.85,0.85,,,,,,
FF,2025-07-15,98.2,-2.67,5.5,"Carroll, Corbin",682998,662253,,called_strike,,,,,11,Called Strike,A,L,R,NL,AL,S,,,1,1,2025,-1.09,1.03,-0.9276644839889892,2.882008913305887,,,695578,1,8,Bot,,,,,,,7.185416601955922,-142.89463045455446,-3.840705920494867,-16.525525386442382,32.93916300940928,-17.42628081071989,3.10328084,1.566141732,,,,98.1,2270,6.2,778566,672386,666018,665862,672580,677951,680757,621439,668227,54.29,,,,,,,,67,3,4-Seam Fastball,6,4,6,4,4,6,6,4,Strategic,Standard,236,-0.002,-0.056,,,,0.056,,2,2,0.939,0.939,26,24,26,25,1,1,,,,,1.34,1.09,-1.09,,,,,,
SL,2025-07-15,90.7,-2.43,4.88,"Machado, Manny",592518,657746,,ball,,,,,14,Ball,A,R,R,NL,AL,B,,,0,2,2025,0.01,0.45,2.865399398304633,-0.3648900732405027,,,,0,4,Bot,,,,,,,13.047100385672666,-131.47586762676545,-7.951575995111642,-2.303762022448937,24.868063601777013,-25.404068121691033,3.313910761,1.672440945,,,,91.3,2341,6.6,778566,663728,665489,650402,691406,805779,682985,595879,592450,53.9,,,,,,,,29,3,Slider,2,0,2,0,0,2,2,0,Standard,Standard,247,0.001,0.024,,,,-0.024,,2,2,0.78,0.78,29,32,29,33,1,1,,,,,2.31,-0.01,-0.01,,,,,,
CU,2025-07-15,83.4,-2.14,6.01,"Suárez, Eugenio",553993,681343,,ball,,,,,14,Ball,A,R,R,NL,AL,B,,,1,1,2025,0.63,-1.15,0.7037377780122683,0.5626073853672158,,,,0,8,Bot,,,,,,,5.206864390314538,-121.31615043017729,-3.44578778908297,5.089541458004633,26.17170831552545,-42.94074853794546,3.17085794,1.600246063,,,,83.5,2362,6.6,778566,672386,666018,665862,672580,677951,680757,621439,668227,53.91,,,,,,,,65,3,Curveball,6,4,6,4,4,6,6,4,Strategic,Standard,36,0.001,0.055,,,,-0.055,,2,2,0.938,0.938,25,33,25,34,1,1,,,,,4.46,-0.63,-0.63,,,,,,
ST,2025-07-15,81.8,-2.46,5.1,"Báez, Javier",595879,657277,,ball,,,,,13,Ball,A,R,R,NL,AL,B,,,0,1,2025,1.57,-0.02,-0.6446447026832105,1.3975247571876062,,,691406,0,3,Top,,,,,,,0.9678898597567781,-119.18855691673915,-1.5280506736587445,14.732739106766976,23.98027686507747,-32.23900314648427,3.175246063,1.60246063,,,,82.7,2572,6.9,778566,669257,518692,606466,592518,596019,663656,691718,660670,53.61,,,,,,,,18,2,Sweeper,2,0,0,2,0,2,0,2,Standard,Standard,58,-0.004,0.034,,,,-0.034,,2,-2,0.676,0.32399999999999995,28,32,29,33,1,0,,,,,3.43,-1.57,-1.57,,,,,,
CH,2025-07-15,85.9,-2.02,6.21,"Stowers, Kyle",669065,608032,,swinging_strike,,,,,4,Swinging Strike,A,L,R,NL,AL,S,,,1,1,2025,-0.98,0.61,-0.3787025742457195,2.2832069337614915,,,,0,7,Bot,,,,,,,5.854893060476601,-124.99948088448862,-4.060151376896035,-11.474620805967552,25.696276026421902,-25.179965783295476,3.295480643,1.663139764,,,,85.8,1586,6.3,778566,672386,666018,665862,672580,677951,680757,621439,668227,54.24,,,,,,,,56,3,Changeup,6,4,6,4,4,6,6,4,Infield shade,Standard,230,-0.002,-0.061,68.6,7.1,,0.061,,2,2,0.886,0.886,32,27,33,27,1,0,,,,,2.49,0.98,-0.98,,16.666251246659606,-1.0873986751275806,34.41963571353947,42.148710833091656,36.71649476158055
FF,2025-07-15,94.6,2.73,6.12,"Chisholm Jr., Jazz",665862,671096,,ball,,,,,11,Ball,A,L,L,NL,AL,B,,,1,1,2025,0.79,1.32,-0.30081651647201435,3.590410655864596,,,,0,6,Top,,,,,,,-9.577288637092865,-137.5559995406426,-3.757936056987466,12.049816026157497,28.369602407764717,-14.657600133922042,3.15593832,1.592716535,,,,94.9,2380,6.3,778566,696100,624413,680977,553993,682829,669065,682998,665487,54.18,,,,,,,,38,3,4-Seam Fastball,2,0,0,2,0,2,0,2,Infield shade,Standard,154,-0.007,0.055,,,,-0.055,,2,-2,0.781,0.21899999999999997,26,27,26,27,1,0,,,,,1.21,0.79,0.79,,,,,,
CU,2025-07-15,72,1.28,6.39,"Guerrero Jr., Vladimir",665489,477132,,ball,,,,,13,Ball,A,R,L,NL,AL,B,,,0,1,2025,-0.03,-1.05,-0.5248037165466721,-0.6989695131654088,,,,1,2,Top,,,,,,,-3.4810214694397077,-104.8566726870152,-4.567274933637644,0.2878700035566011,16.462272604652327,-39.43414828724724,3.208595801,1.619291339,,,,72.4,2198,6.4,778566,669257,518692,606466,592518,596019,663656,691718,660670,54.08,,,,,,,,11,2,Curveball,2,0,0,2,0,2,0,2,Strategic,Standard,345,-0.001,0.029,,,,-0.029,,2,-2,0.723,0.277,37,26,37,26,1,0,,,,,5.41,-0.03,0.03,,,,,,
CU,2025-07-15,81.8,-2.11,6.22,"Lindor, Francisco",596019,656876,,swinging_strike,,,,,5,Swinging Strike,A,L,R,NL,AL,S,,,1,1,2025,0.69,-0.84,-0.04507868885224642,2.202767620428945,,,,0,5,Bot,,,,,,,3.238414579668208,-119.09420719988256,-0.6308297022015802,6.0084434187715345,22.179070953927532,-40.24534130378854,3.107668963,1.568356299,,,,82.2,2679,6.5,778566,663728,666018,665862,691406,677951,682985,621439,668227,54.04,,,,,,,,35,3,Curveball,2,0,2,0,0,2,2,0,Infield shade,Standard,23,-0.004,-0.061,71.2,7.4,,0.061,,2,2,0.811,0.811,29,31,30,32,1,1,,,,,4.23,-0.69,0.69,,12.442008388278255,5.69207213474666,38.163826784406524,34.94853688721847,23.116917199337536
SI,2025-07-15,98.2,2.37,6.13,"Aranda, Jonathan",666018,670970,,ball,,,,,12,Ball,A,L,L,NL,AL,B,,,1,0,2025,1.2,0.66,0.38559754189206963,4.013870295255387,,,672386,0,7,Top,,,,,,,-8.157145894251702,-142.85676152469966,-1.6425049388118174,18.370778418958544,32.34392843861468,-22.936265105312934,3.189288058,1.609547244,,,,98.4,2451,6.4,778566,696100,621566,680977,553993,682829,669065,682998,665487,54.13,,,,,,,,49,2,Sinker,6,0,0,6,0,6,0,6,Infield shade,Standard,149,-0.004,0.062,,,,-0.062,,6,-6,0.971,0.029000000000000026,26,27,26,27,1,0,,,,,1.7,1.2,1.2,,,,,,
CH,2025-07-15,86.8,-1.26,6.61,"O'Hearn, Ryan",656811,592094,,swinging_strike,,,,,11,Swinging Strike,A,L,R,NL,AL,S,,,1,1,2025,-1.28,0.4,-1.245367944419525,2.707017590132871,,,,2,2,Top,,,,,,,2.6815817684054557,-126.39735635712196,-3.7606364669026,-14.264276811168276,25.03614056696729,-27.33375905110788,3.28933727,1.66003937,,,,86.5,2157,6,778566,669257,518692,606466,592518,596019,663656,691718,660670,54.5,,,,,,,,12,3,Changeup,2,0,0,2,0,2,0,2,Infield shade,Standard,232,0.003,-0.062,70.8,7.4,,0.062,,2,-2,0.737,0.263,33,31,34,32,1,0,,,,,2.61,1.28,-1.28,,9.360481175478947,9.532336469576412,26.35452800288903,51.38258918525103,21.90422407470068
SL,2025-07-15,84.8,0.36,6.42,"Schwarber, Kyle",656941,547973,,foul,,,,,5,Foul,A,L,L,NL,AL,S,,,1,1,2025,-0.85,0.53,0.24448767977033592,2.6796873809905257,,,,0,9,Bot,,,,,,,1.4818379317430803,-123.5881633930533,-3.311103660013229,-8.993687256820124,24.53239141414784,-26.331043756250285,3.180511811,1.60511811,6,66.7,-26,86.4,2215,7.2,778566,672386,666018,665862,672580,677951,680757,621439,668227,53.31,,,,,,,,76,3,Slider,6,6,6,6,6,6,6,6,Strategic,Standard,270,-0.014,-0.061,78.1,7.7,,0.061,88.0,0,0,0.636,0.636,37,32,37,32,1,2,,,,,2.63,-0.85,-0.85,,23.098446170169733,-25.68955220645714,30.700218998211014,30.855113589791653,46.99175256005735
FF,2025-07-15,98,-2.57,5.67,"Rooker, Brent",667670,678495,home_run,hit_into_play,,,,,5,Brent Rooker homers (1) on a fly ball to left center field. Alejandro Kirk scores. Jonathan Aranda scores.,A,R,R,NL,AL,X,,fly_ball,2,0,2025,-0.6,1.62,0.09486146800615947,2.3900706955487023,,672386,666018,0,7,Top,69.72,44.06,,,,,8.548064754476648,-142.37852061485444,-6.990834946072056,-10.15063822721072,32.50926781919539,-8.691493478385095,3.363935368,1.697687008,407,105,32,98.4,2751,6.6,778566,696100,621566,680977,553993,682829,669065,682998,665487,53.89,,,2,,0,3,6,50,3,4-Seam Fastball,6,0,0,6,3,6,3,6,Standard,Standard,208,-0.049,0.845,77.5,7.6,,-0.845,105.0,6,-6,0.942,0.05800000000000005,25,30,26,31,1,0,,,,,0.76,0.6,0.6,,16.123511247494477,-10.485530912435392,34.256495673288,38.33435767485018,35.86677268697514
CH,2025-07-15,88.9,1.94,6.19,"Ohtani, Shohei",660271,669373,,ball,,,,,14,Ball,A,L,L,NL,AL,B,,,0,2,2025,1.31,0.64,0.4394723876905129,0.6643971335873207,,,,0,1,Bot,,,,,,,-6.454289427466308,-129.08573926641472,-8.623718305156277,16.0124245738046,25.576526553254226,-23.43106116655,3.369201116,1.700344488,,,,89.3,1865,6.6,778566,663728,665489,650402,691406,805779,682985,595879,592450,53.92,,,,,,,,4,3,Changeup,0,0,0,0,0,0,0,0,Infield shade,Strategic,140,0.002,0.024,,,,-0.024,,0,0,0.539,0.539,28,30,29,31,1,0,,,,,2.24,1.31,1.31,,,,,,
CU,2025-07-15,80,2.05,5.81,"Caminero, Junior",691406,669022,field_out,hit_into_play,,,,,14,"Junior Caminero grounds out, shortstop Francisco Lindor to first baseman Pete Alonso.",A,R,L,NL,AL,X,6,ground_ball,0,2,2025,-0.54,-1.08,1.1474391713625072,2.154670853642493,,,,0,5,Top,103.51,154.1,,,,,-0.9348567717992092,-116.50187114042292,1.0020733416565273,-4.736174639101155,23.164514421048185,-42.402560238217404,3.243700787,1.637007874,8,88.1,-15,80.2,2343,6.5,778566,696100,624413,680977,553993,596019,682998,691718,665487,53.96,,,0,,0,0,2,32,3,Curveball,2,0,0,2,0,2,0,2,Standard,Standard,338,0.017,-0.165,,,,0.165,88.1,2,-2,0.763,0.237,26,21,26,22,1,1,,,,,4.65,-0.54,0.54,,,,,,
SL,2025-07-15,86,2.31,6.06,"Greene, Riley",682985,656849,,swinging_strike,,,,,8,Swinging Strike,A,L,L,NL,AL,S,,,1,1,2025,-0.24,-0.04,0.21266668177989603,2.149044806526031,,,,0,4,Top,,,,,,,-4.474151562132861,-125.29435545957008,-2.7636775274674115,-1.6839548611479773,24.751158363705567,-32.23749137099695,3.303379265,1.667125984,,,,87.4,2428,7.1,778566,669257,624413,606466,592518,596019,663656,691718,665487,53.42,,,,,,,,24,3,Slider,2,0,0,2,0,2,0,2,Infield shade,Standard,337,0.007,-0.061,81.0,8.0,,0.061,,2,-2,0.73,0.27,29,24,30,25,1,1,,,,,3.11,-0.24,-0.24,,34.49077737087594,-19.28429114525378,39.446134748850895,32.908353156519226,47.51416083802069
FF,2025-07-15,95.4,2.15,6.65,"Tucker, Kyle",663656,607074,,foul,,,,,3,Foul,A,L,L,NL,AL,S,,,2,0,2025,0.98,1.53,0.5810628999529515,3.2350805963483316,,,,0,2,Bot,,,,,,,-6.260764003058523,-138.69073684184036,-6.547457625507718,14.130715911625462,32.45330594957081,-11.180967728150021,3.350770997,1.691043307,237,75.3,30,94.4,2474,5.9,778566,663728,665489,650402,691406,805779,682985,595879,592450,54.61,,,,,,,,13,3,4-Seam Fastball,2,0,2,0,0,2,2,0,Infield shade,Strategic,140,-0.004,-0.072,73.1,6.7,,0.072,88.0,2,2,0.754,0.754,32,28,33,28,1,0,,,,,0.99,0.98,0.98,,6.031566120173406,-1.8172266994995658,31.945893202248556,31.431685544863747,24.925730226415972
FF,2025-07-15,94.7,-1.91,5.99,"Carroll, Corbin",682998,663554,,foul,,,,,2,Foul,A,L,R,NL,AL,S,,,0,0,2025,-0.64,1.46,0.053227110722591786,2.6813278953930277,,,,2,6,Bot,,,,,,,6.610354124388759,-137.72250285787285,-6.1799203029039615,-9.597390625861163,28.797532830893246,-12.371840408132039,3.10328084,1.566141732,252,75.6,38,96.2,2126,7.1,778566,672386,666018,665862,672580,677951,680757,621439,668227,53.43,,,,,,,,46,1,4-Seam Fastball,5,0,5,0,0,5,5,0,Standard,Standard,214,0,-0.043,73.1,6.5,,0.043,88.0,5,5,0.969,0.969,28,24,28,25,1,0,,,,,1.07,0.64,-0.64,,2.677429892119655,13.88652070665716,24.41782859961512,38.07778320012637,27.636196850823026
KC,2025-07-15,89,-0.04,6.75,"Kwan, Steven",680757,656730,,ball,,,,,14,Ball,A,L,R,NL,AL,B,,,0,1,2025,0.08,-0.38,0.306122152096878,1.294236713821613,,,665862,2,7,Top,,,,,,,0.6762957387712749,-129.60627509966253,-6.333022643424982,0.7447020714591681,24.938061527405335,-35.43839433034736,3.02253937,1.525393701,,,,89.6,2780,6.5,778566,696100,621566,680977,553993,682829,669065,682998,665487,54.03,,,,,,,,55,2,Knuckle Curve,6,4,4,6,4,6,4,6,Infield shade,Standard,9,-0.003,0.027,,,,-0.027,,2,-2,0.859,0.14100000000000001,31,27,32,28,1,0,,,,,3.23,-0.08,0.08,,,,,,
FF,2025-07-15,94.9,1.93,5.76,"Tatis Jr., Fernando",665487,663460,,called_strike,,,,,8,Called Strike,A,R,L,NL,AL,S,,,1,0,2025,0.53,1.46,0.11972719284551037,1.6135915461946084,,,,0,6,Bot,,,,,,,-5.956615072958295,-137.99215100159122,-8.387057540500026,8.011862630694225,29.39103380098613,-11.862821704186066,3.346382874,1.68882874,,,,96.4,2478,7.1,778566,672386,666018,665862,672580,677951,680757,621439,668227,53.43,,,,,,,,41,2,4-Seam Fastball,2,0,2,0,0,2,2,0,Infield shade,Standard,149,-0.003,-0.05,,,,0.05,,2,2,0.847,0.847,27,26,28,26,1,0,,,,,1.07,0.53,-0.53,,,,,,
FF,2025-07-15,98.8,-2.22,4.96,"Chisholm Jr., Jazz",665862,621242,,swinging_strike,,,,,11,Swinging Strike,A,L,R,NL,AL,S,,,0,1,2025,-1.18,0.92,-0.6942075315220881,3.575533946753311,,677951,,1,9,Top,,,,,,,7.016523055462878,-143.68842592161317,-0.3774882137920468,-18.032848891990366,33.18370253387113,-19.532845978340088,3.15593832,1.592716535,,,,100.4,2388,7.2,778566,696100,621566,680977,553993,682829,669065,682998,665487,53.32,,,,,,,,73,2,4-Seam Fastball,6,5,5,6,5,6,5,6,Strategic,Standard,239,0.029,-0.052,67.7,7.2,,0.052,,1,-1,0.785,0.21499999999999997,31,27,31,27,1,2,,,,,1.42,1.18,-1.18,,13.084371790926346,9.64844691358082,23.957869459828938,42.649642137815206,19.239681562834086
FF,2025-07-15,98.8,-1.05,6.41,"Garcia, Maikel",672580,663158,,foul,,,,,2,Foul,A,R,R,NL,AL,S,,,1,0,2025,-0.61,1.38,-0.046351219654703235,3.0225555763192835,,,,0,9,Top,,,,,,,4.169905942420934,-143.81754207952804,-6.911097680453091,-9.412786492336233,32.85072545365252,-11.573281659841255,3.262130906,1.646309055,266,86.8,50,99.7,2508,6.7,778566,696100,621566,680977,553993,682829,669065,682998,665487,53.76,,,,,,,,70,2,4-Seam Fastball,6,4,4,6,4,6,4,6,Standard,Standard,203,0.01,-0.05,73.3,6.8,,0.05,88.0,2,-2,0.916,0.08399999999999996,34,25,34,25,1,1,,,,,0.95,0.61,0.61,,2.7095626941978956,8.962267752107397,25.27241763532592,33.10998207550847,28.26504846166665
FF,2025-07-15,97.9,-2.09,5.94,"Torres, Gleyber",650402,694973,,ball,,,,,11,Ball,A,R,R,NL,AL,B,,,0,1,2025,-1.13,1.01,-0.7108065281002687,4.209552533419271,,,,0,1,Top,,,,,,,6.361937738224397,-142.5407177507372,-1.451676994597379,-16.874281211357495,30.284784384804095,-18.173459950570926,3.12960958,1.579429134,,,,98.8,2272,6.6,778566,669257,518692,606466,592518,596019,663656,691718,660670,53.91,,,,,,,,1,2,4-Seam Fastball,0,0,0,0,0,0,0,0,Standard,Standard,238,-0.002,0.031,,,,-0.031,,0,0,0.503,0.497,23,28,23,29,1,0,,,,,1.35,1.13,1.13,,,,,,
SL,2025-07-15,85.9,0.33,6.39,"Schwarber, Kyle",656941,547973,,ball,,,,,13,Ball,A,L,L,NL,AL,B,,,0,1,2025,-0.81,0.56,-0.9653836237673808,1.6526157590280723,,,,0,9,Bot,,,,,,,-1.379251171615093,-124.9877898559501,-5.918993564734998,-8.132628575835147,26.951512451184584,-25.237980919875653,3.180511811,1.60511811,,,,87.3,2347,7.3,778566,672386,666018,665862,672580,677951,680757,621439,668227,53.17,,,,,,,,76,2,Slider,6,6,6,6,6,6,6,6,Strategic,Standard,275,0.006,0.031,,,,-0.031,,0,0,0.63,0.63,37,32,37,32,1,2,,,,,2.54,-0.81,-0.81,,,,,,
FF,2025-07-15,94.7,2.08,6.58,"Tucker, Kyle",663656,607074,,ball,,,,,13,Ball,A,L,L,NL,AL,B,,,1,0,2025,0.98,1.48,-1.0264377272875644,1.5986448948648961,,,,0,2,Bot,,,,,,,-10.155633577250951,-137.1620529759238,-10.31357041356864,14.660932282309238,30.605139920304463,-11.22936692796296,3.350770997,1.691043307,,,,93.9,2392,6.1,778566,663728,665489,650402,691406,805779,682985,595879,592450,54.38,,,,,,,,13,2,4-Seam Fastball,2,0,2,0,0,2,2,0,Infield shade,Strategic,147,0.004,0.077,,,,-0.077,,2,2,0.75,0.75,32,28,33,28,1,0,,,,,1.08,0.98,0.98,,,,,,
FF,2025-07-15,101.9,-1.77,5.45,"Arozarena, Randy",668227,694819,,ball,,,,,3,Ball,A,R,R,NL,AL,B,,,0,1,2025,-0.76,1.51,0.6482716403647901,3.0972191417700348,,,,0,8,Top,,,,,,,8.740204301374362,-148.15027222076824,-4.970786156213495,-13.284319219341212,34.720999954968526,-8.837615356987774,3.127854331,1.578543307,,,,104.1,2717,7.5,778566,696100,621566,680977,553993,682829,669065,682998,665487,53.04,,,,,,,,61,2,4-Seam Fastball,6,4,4,6,4,6,4,6,Standard,Standard,220,-0.004,0.031,,,,-0.031,,2,-2,0.868,0.132,23,30,23,30,1,1,,,,,0.68,0.76,0.76,,,,,,
FF,2025-07-15,98.1,-2.7,5.42,"Carroll, Corbin",682998,662253,,called_strike,,,,,1,Called Strike,A,L,R,NL,AL,S,,,1,0,2025,-1.07,0.97,-0.4971406907382272,2.673035937394705,,,695578,1,8,Bot,,,,,,,8.393412005833847,-142.68291889635614,-4.0504661699246975,-16.481216754950502,32.68318435046517,-18.21093818283842,3.10328084,1.566141732,,,,98.3,2415,6.4,778566,672386,666018,665862,672580,677951,680757,621439,668227,54.09,,,,,,,,67,2,4-Seam Fastball,6,4,6,4,4,6,6,4,Strategic,Standard,236,-0.001,-0.056,,,,0.056,,2,2,0.94,0.94,26,24,26,25,1,1,,,,,1.4,1.07,-1.07,,,,,,
FF,2025-07-15,96.3,-1.38,5.02,"Acuña Jr., Ronald",660670,693433,,swinging_strike,,,,,3,Swinging Strike,A,R,R,NL,AL,S,,,0,1,2025,-0.84,1.18,0.3782452010341617,3.080747948758731,,,,0,3,Bot,,,,,,,6.568913102664157,-140.16626675534766,-2.1491711801733238,-12.486553224549057,30.7853796588966,-16.320325543194723,3.200697179,1.615305118,,,,96.8,2423,6.5,778566,663728,665489,650402,691406,805779,682985,595879,592450,54.03,,,,,,,,21,2,4-Seam Fastball,2,0,2,0,0,2,2,0,Standard,Strategic,229,-0.004,-0.055,73.1,6.8,,0.055,,2,2,0.762,0.762,25,27,25,28,1,1,,,,,1.27,0.84,0.84,,8.77685716335732,19.599748821353025,34.10062206168618,37.701447166938266,20.975867030656616
FF,2025-07-15,89,1.67,6.21,"Guerrero Jr., Vladimir",665489,477132,,called_strike,,,,,6,Called Strike,A,R,L,NL,AL,S,,,0,0,2025,0.45,1.53,0.3558980496969769,2.2488499306098824,,,,1,2,Top,,,,,,,-4.1791831253746095,-129.44902594333865,-6.754018233259512,5.933254088004056,25.982506791978647,-13.792657807335292,3.208595801,1.619291339,,,,89.7,2339,6.6,778566,669257,518692,606466,592518,596019,663656,691718,660670,53.85,,,,,,,,11,1,4-Seam Fastball,2,0,0,2,0,2,0,2,Standard,Standard,166,0.002,-0.039,,,,0.039,,2,-2,0.721,0.279,37,26,37,26,1,0,,,,,1.34,0.45,-0.45,,,,,,
FF,2025-07-15,96.6,-2.16,5.86,"Suárez, Eugenio",553993,681343,,called_strike,,,,,3,Called Strike,A,R,R,NL,AL,S,,,1,0,2025,-0.77,1.12,0.7046413363754137,2.964392425484184,,,,0,8,Bot,,,,,,,9.397190840000688,-140.32507538011095,-4.593134217994271,-12.239625569370103,30.234128936472118,-16.49474080633708,3.17085794,1.600246063,,,,97.6,2402,6.8,778566,672386,666018,665862,672580,677951,680757,621439,668227,53.66,,,,,,,,65,2,4-Seam Fastball,6,4,6,4,4,6,6,4,Strategic,Standard,218,-0.001,-0.05,,,,0.05,,2,2,0.939,0.939,25,33,25,34,1,1,,,,,1.32,0.77,0.77,,,,,,
SL,2025-07-15,86.9,-2.81,5.6,"Rooker, Brent",667670,678495,,ball,,,,,12,Ball,A,R,R,NL,AL,B,,,1,0,2025,0.9,0.52,1.0196085329193132,2.6899162784662365,,672386,666018,0,7,Top,,,,,,,7.231391198349117,-126.47720497568531,-1.7285099418103969,8.28146336170064,24.382797179684058,-26.40119456726517,3.363935368,1.697687008,,,,87.7,2880,6.7,778566,696100,621566,680977,553993,682829,669065,682998,665487,53.82,,,,,,,,50,2,Slider,6,0,0,6,0,6,0,6,Standard,Standard,66,-0.007,0.076,,,,-0.076,,6,-6,0.949,0.051000000000000045,25,30,26,31,1,0,,,,,2.48,-0.9,-0.9,,,,,,
FF,2025-07-15,96,-2.33,4.86,"Machado, Manny",592518,657746,,swinging_strike,,,,,6,Swinging Strike,A,R,R,NL,AL,S,,,0,1,2025,-1.16,1,0.502223234023762,2.4602921028369975,,,,0,4,Bot,,,,,,,10.124695795767689,-139.52105443370843,-2.897310876778547,-17.33906367233577,29.81120439472914,-18.63651316644076,3.313910761,1.672440945,,,,96.7,2333,6.6,778566,663728,665489,650402,691406,805779,682985,595879,592450,53.85,,,,,,,,29,2,4-Seam Fastball,2,0,2,0,0,2,2,0,Standard,Strategic,233,-0.004,-0.055,72.9,7.6,,0.055,,2,2,0.784,0.784,29,32,29,33,1,1,,,,,1.47,1.16,1.16,,-5.58381214473927,22.08532044473943,29.75564666698424,45.04800079788766,15.057253990237434
CU,2025-07-15,83.4,2.65,6.14,"Chisholm Jr., Jazz",665862,671096,,ball,,,,,13,Ball,A,L,L,NL,AL,B,,,0,1,2025,-1.28,-0.24,-1.878436008033261,0.569793096708533,,,,0,6,Top,,,,,,,-7.69322896134517,-121.19534507672081,-5.581891567548473,-11.102290397877479,23.70912388054891,-33.62961013821772,3.15593832,1.592716535,,,,83.3,2959,6.3,778566,696100,624413,680977,553993,682829,669065,682998,665487,54.22,,,,,,,,38,2,Curveball,2,0,0,2,0,2,0,2,Infield shade,Standard,326,-0.003,0.031,,,,-0.031,,2,-2,0.784,0.21599999999999997,26,27,26,27,1,0,,,,,3.53,-1.28,-1.28,,,,,,
ST,2025-07-15,82.3,-2.29,5.14,"Báez, Javier",595879,657277,,swinging_strike,,,,,6,Swinging Strike,A,R,R,NL,AL,S,,,0,0,2025,1.33,0.08,0.36592641921777846,2.3567061446689115,,,691406,0,3,Top,,,,,,,3.359804528817397,-119.88005834624352,0.24957752672491584,12.16615811849491,22.97230657289322,-31.653281048783164,3.175246063,1.60246063,,,,83.4,2596,6.9,778566,669257,518692,606466,592518,596019,663656,691718,660670,53.57,,,,,,,,18,1,Sweeper,2,0,0,2,0,2,0,2,Standard,Standard,63,0.006,-0.043,74.2,8.9,,0.043,,2,-2,0.67,0.32999999999999996,28,32,29,33,1,0,,,,,3.27,-1.33,-1.33,,22.519988777778806,-41.48014536523286,27.0107124897429,38.936995469462104,54.38464672784693
SI,2025-07-15,98.5,2.49,6.04,"Aranda, Jonathan",666018,670970,,ball,,,,,11,Ball,A,L,L,NL,AL,B,,,0,0,2025,1.17,0.72,-0.049206004512637014,3.454182814090295,,,672386,0,7,Top,,,,,,,-9.58264958704425,-143.18844100884115,-3.0763296521155516,18.28052381615643,32.47728720081905,-21.767547075362575,3.189288058,1.609547244,,,,98.7,2499,6.4,778566,696100,621566,680977,553993,682829,669065,682998,665487,54.08,,,,,,,,49,1,Sinker,6,0,0,6,0,6,0,6,Standard,Standard,145,-0.002,0.04,,,,-0.04,,6,-6,0.973,0.027000000000000024,26,27,26,27,1,0,,,,,1.63,1.17,1.17,,,,,,
FF,2025-07-15,96.7,-1.66,6.3,"Lindor, Francisco",596019,656876,,swinging_strike,,,,,12,Swinging Strike,A,L,R,NL,AL,S,,,1,0,2025,-0.16,1.6,0.28072251319850516,3.873412146247278,,,,0,5,Bot,,,,,,,5.501083071975749,-140.80534474779432,-4.496517799358883,-3.3172388879217096,31.1237928861982,-10.026964783118538,3.107668963,1.568356299,,,,97.4,2487,6.6,778566,663728,666018,665862,691406,677951,682985,621439,668227,53.91,,,,,,,,35,2,4-Seam Fastball,2,0,2,0,0,2,2,0,Infield shade,Standard,200,-0.003,-0.05,25.1,4.8,,0.05,,2,2,0.814,0.814,29,31,30,32,1,1,,,,,0.83,0.16,-0.16,,-3.9968571195983267,40.40207259680967,34.70596103460105,29.782887841295928,3.523805009454531
CH,2025-07-15,87.3,-1.95,6.25,"Stowers, Kyle",669065,608032,,ball,,,,,11,Ball,A,L,R,NL,AL,B,,,0,1,2025,-0.83,0.86,-0.11283265461976077,3.6350163911562365,,,,0,7,Bot,,,,,,,6.096608834068578,-127.03998625500455,-1.7758031507853451,-10.270001827251615,25.426171310396988,-22.670433670011153,3.295480643,1.663139764,,,,87.3,1629,6.2,778566,672386,666018,665862,672580,677951,680757,621439,668227,54.3,,,,,,,,56,2,Changeup,6,4,6,4,4,6,6,4,Infield shade,Standard,228,0.001,0.031,,,,-0.031,,2,2,0.885,0.885,32,27,33,27,1,0,,,,,2.12,0.83,-0.83,,,,,,
FF,2025-07-15,97.7,1.63,6.4,"Ohtani, Shohei",660271,669373,,foul,,,,,5,Foul,A,L,L,NL,AL,S,,,0,1,2025,0.35,1.09,-0.04937659176666814,2.6420400761423974,,,,0,1,Bot,,,,,,,-5.297575127638067,-142.10739413703658,-6.997643296722047,5.933783699351384,31.21659073743772,-15.966357718948,3.369201116,1.700344488,270,88,49,98.2,2251,6.5,778566,663728,665489,650402,691406,805779,682985,595879,592450,54.03,,,,,,,,4,2,4-Seam Fastball,0,0,0,0,0,0,0,0,Infield shade,Strategic,153,-0.006,-0.055,80.0,7.3,,0.055,88.0,0,0,0.545,0.545,28,30,29,31,1,0,,,,,1.29,0.35,0.35,,0.21197895378121684,18.42698041840144,35.85637441012969,42.72333412381781,15.975702760765763
FF,2025-07-15,93.9,2.54,5.55,"Caminero, Junior",691406,669022,,foul,,,,,14,Foul,A,R,L,NL,AL,S,,,0,1,2025,0.82,1.24,1.1840041434879938,2.320398136850155,,,,0,5,Top,,,,,,,-5.3250222637255815,-136.68639362919632,-5.239317746304295,11.45893652426159,29.885991824390565,-15.685292819569076,3.243700787,1.637007874,227,74.7,29,94.2,2241,6.4,778566,696100,624413,680977,553993,596019,682998,691718,665487,54.06,,,,,,,,32,2,4-Seam Fastball,2,0,0,2,0,2,0,2,Standard,Standard,131,0.008,-0.055,65.6,8.5,,0.055,88.0,2,-2,0.755,0.245,26,21,26,22,1,1,,,,,1.34,0.82,-0.82,,1.830441645902382,8.504262213765244,25.983046854433347,50.12530822830132,23.896385638691857
SV,2025-07-15,83.6,-2.38,5.7,"Goodman, Hunter",696100,663554,field_out,hit_into_play,,,,,9,Hunter Goodman flies out to center fielder Byron Buxton.,A,R,R,NL,AL,X,8,fly_ball,0,1,2025,0.31,0.36,0.5761204408913894,1.62119048936384,,,,1,6,Bot,99.07,79.79,,,,,6.202347401245271,-121.79106778425836,-3.624214455331505,2.0728221656003196,20.062109398095412,-28.133884160634043,3.178756562,1.604232283,303,81.9,32,85.5,2383,7.1,778566,672386,666018,665862,672580,677951,680757,621439,668227,53.41,,,0,,0,0,3,45,2,Slurve,5,0,5,0,0,5,5,0,Standard,Standard,84,-0.002,-0.215,71.5,8.1,,0.215,88.0,5,5,0.971,0.971,28,25,28,26,1,0,,,,,2.85,-0.31,-0.31,,23.32738108003231,-11.855992416444314,34.11592563824237,44.17340468037354,46.48302208209216
SI,2025-07-15,92.4,2.09,6.22,"Greene, Riley",682985,656849,,called_strike,,,,,5,Called Strike,A,L,L,NL,AL,S,,,1,0,2025,1.21,0.53,-0.07928682211868776,2.689650596607575,,,,0,4,Top,,,,,,,-8.28637628627136,-134.3217009629498,-4.200994089633343,16.44870519518039,27.74915102291424,-25.024748430272872,3.303379265,1.667125984,,,,94,2225,7.2,778566,669257,624413,606466,592518,596019,663656,691718,665487,53.31,,,,,,,,24,2,Sinker,2,0,0,2,0,2,0,2,Infield shade,Standard,143,0.005,-0.05,,,,0.05,,2,-2,0.725,0.275,29,24,30,25,1,1,,,,,2.13,1.21,1.21,,,,,,
CH,2025-07-15,87.1,-1.27,6.56,"O'Hearn, Ryan",656811,592094,,ball,,,,,11,Ball,A,L,R,NL,AL,B,,,0,1,2025,-1.31,0.14,-0.9846090227040185,3.1925236088298825,,,,2,2,Top,,,,,,,3.398745836273305,-126.76157072230245,-1.9968707855780825,-14.773387171511885,26.541493605585234,-30.420880256691433,3.28933727,1.66003937,,,,86.7,2131,6.1,778566,669257,518692,606466,592518,596019,663656,691718,660670,54.45,,,,,,,,12,2,Changeup,2,0,0,2,0,2,0,2,Infield shade,Standard,230,-0.001,0.027,,,,-0.027,,2,-2,0.738,0.262,33,31,34,32,1,0,,,,,2.87,1.31,-1.31,,,,,,
FF,2025-07-15,89,1.81,6.15,"Raleigh, Cal",663728,477132,field_out,hit_into_play,,,,,8,Cal Raleigh lines out sharply to left fielder Kyle Tucker.,A,R,L,NL,AL,X,7,line_drive,0,0,2025,0.22,1.62,-0.17338468550046415,2.086175668388976,,,,0,2,Top,39.11,99.69,,,,,-5.306661795338474,-129.46367632978507,-7.2588348515201195,3.5502577001645172,24.533423373144775,-12.563326591914276,3.282316273,1.656496063,324,101.9,22,89.9,2349,6.6,778566,669257,518692,606466,592518,596019,663656,691718,660670,53.85,,,0,,0,0,6,10,1,4-Seam Fastball,2,0,0,2,0,2,0,2,Strategic,Standard,164,0.023,-0.259,79.0,8.3,,0.259,101.9,2,-2,0.698,0.30200000000000005,37,28,37,29,1,0,,,,,1.23,0.22,-0.22,,21.418312377759705,-12.934026354194561,38.65442097861199,32.00215493887614,41.2922443688047
FF,2025-07-15,95.2,1.99,5.83,"Tatis Jr., Fernando",665487,663460,,ball,,,,,11,Ball,A,R,L,NL,AL,B,,,0,0,2025,0.46,1.36,-1.0594412404513376,2.9244960737467047,,,,0,6,Bot,,,,,,,-9.034184970974048,-138.38202274473295,-4.963083005288736,7.907966794269489,29.407341543757006,-13.67449650306551,3.346382874,1.68882874,,,,96.3,2532,6.9,778566,672386,666018,665862,672580,677951,680757,621439,668227,53.62,,,,,,,,41,1,4-Seam Fastball,2,0,2,0,0,2,2,0,Standard,Standard,153,0.002,0.041,,,,-0.041,,2,2,0.845,0.845,27,26,28,26,1,0,,,,,1.15,0.46,-0.46,,,,,,
FF,2025-07-15,98.5,-1.11,6.42,"Garcia, Maikel",672580,663158,,ball,,,,,11,Ball,A,R,R,NL,AL,B,,,0,0,2025,-0.45,1.32,-1.013538924219931,4.514580308142175,,,,0,9,Top,,,,,,,1.3316945647362481,-143.52023186014983,-2.727244722629821,-6.541260158608486,32.25224559745136,-13.445838121822593,3.262130906,1.646309055,,,,99.3,2375,6.6,778566,696100,621566,680977,553993,682829,669065,682998,665487,53.9,,,,,,,,70,1,4-Seam Fastball,6,4,4,6,4,6,4,6,Standard,Standard,206,-0.008,0.041,,,,-0.041,,2,-2,0.924,0.07599999999999996,34,25,34,25,1,1,,,,,1.01,0.45,0.45,,,,,,
FF,2025-07-15,98.7,0.2,6.72,"Kwan, Steven",680757,656730,,foul,,,,,3,Foul,A,L,R,NL,AL,S,,,0,0,2025,-0.18,1.54,0.40699146224712757,2.6316264869888375,,,665862,2,7,Top,,,,,,,0.9727505892364308,-143.51552226533573,-9.148540279667658,-2.683071399533901,32.58811216030958,-8.921321610719259,3.02253937,1.525393701,224,101.1,62,99.3,2484,6.6,778566,696100,621566,680977,553993,682829,669065,682998,665487,53.87,,,,,,,,55,1,4-Seam Fastball,6,4,4,6,4,6,4,6,Infield shade,Standard,196,0.005,-0.042,69.2,7.3,,0.042,101.1,2,-2,0.854,0.14600000000000002,31,27,32,28,1,0,,,,,0.79,0.18,-0.18,,22.22301454588445,-27.10931543018201,29.279807264557494,26.571332216021954,39.95358106075254
FF,2025-07-15,99.4,-2.13,5.94,"Torres, Gleyber",650402,694973,,foul,,,,,1,Foul,A,R,R,NL,AL,S,,,0,0,2025,-1.14,1.18,-0.494733348034085,3.01281868834724,,,,0,1,Top,,,,,,,7.187674850768606,-144.56190451884504,-5.285568548217233,-17.619606963721598,33.16595026014556,-14.522841283581124,3.12960958,1.579429134,,,,100.1,2117,6.7,778566,669257,518692,606466,592518,596019,663656,691718,660670,53.85,,,,,,,,1,1,4-Seam Fastball,0,0,0,0,0,0,0,0,Standard,Standard,234,0.003,-0.039,69.2,6.5,,0.039,,0,0,0.5,0.5,23,28,23,29,1,0,,,,,1.12,1.14,1.14,,5.709698777124835,17.32333998552693,33.423906374618234,28.459969000819434,21.43503243431452
FF,2025-07-15,101.7,-1.51,5.54,"Arozarena, Randy",668227,694819,,called_strike,,,,,12,Called Strike,A,R,R,NL,AL,S,,,0,0,2025,-0.68,1.5,0.8825927344760688,2.9273940665194775,,,,0,8,Top,,,,,,,8.497392862482489,-147.8624287480351,-5.688227761030655,-11.931256146072503,33.38217586486,-8.904670202886837,3.127854331,1.578543307,,,,104.4,2704,7.7,778566,696100,621566,680977,553993,682829,669065,682998,665487,52.85,,,,,,,,61,1,4-Seam Fastball,6,4,4,6,4,6,4,6,Standard,Standard,216,0.006,-0.039,,,,0.039,,2,-2,0.862,0.138,23,30,23,30,1,1,,,,,0.7,0.68,0.68,,,,,,
FF,2025-07-15,97.2,-2.74,5.3,"Carroll, Corbin",682998,662253,,ball,,,,,13,Ball,A,L,R,NL,AL,B,,,0,0,2025,-1.17,0.99,-0.025808074021102634,1.1344238997748963,,,695578,1,8,Bot,,,,,,,9.921024314416496,-141.11855146932737,-7.700096065111902,-17.906759584849063,32.102306186654424,-17.30179699166091,3.10328084,1.566141732,,,,97.4,2369,6.5,778566,672386,666018,665862,672580,677951,680757,621439,668227,53.98,,,,,,,,67,1,4-Seam Fastball,6,4,6,4,4,6,6,4,Strategic,Standard,242,0.001,0.035,,,,-0.035,,2,2,0.939,0.939,26,24,26,25,1,1,,,,,1.43,1.17,-1.17,,,,,,
FF,2025-07-15,99.5,-2.25,5.04,"Chisholm Jr., Jazz",665862,621242,,foul,,,,,12,Foul,A,L,R,NL,AL,S,,,0,0,2025,-1,1.11,0.3001250867700447,3.769981382126904,,677951,,1,9,Top,,,,,,,9.453984430999672,-144.63752768011912,-0.614610622535047,-16.24981878460464,32.78160663124987,-16.569814506954955,3.15593832,1.592716535,200,77.9,18,101.3,2497,7.2,778566,696100,621566,680977,553993,682829,669065,682998,665487,53.26,,,,,,,,73,1,4-Seam Fastball,6,5,5,6,5,6,5,6,Strategic,Standard,231,0.018,-0.038,28.9,5.0,,0.038,88.0,1,-1,0.767,0.23299999999999998,31,27,31,27,1,2,,,,,1.19,1,-1,,-2.1584197947434984,54.18767102075008,25.606479863872586,28.774154617156555,8.502289941753965
FF,2025-07-15,95,2.04,6.73,"Tucker, Kyle",663656,607074,,ball,,,,,11,Ball,A,L,L,NL,AL,B,,,0,0,2025,0.94,1.57,-0.8307621624630247,3.6692178579494703,,,,0,2,Bot,,,,,,,-9.46433382086543,-137.96530126884494,-5.68645058696986,14.094097995215655,30.072103042805303,-11.045384261046134,3.350770997,1.691043307,,,,94.3,2481,5.9,778566,663728,665489,650402,691406,805779,682985,595879,592450,54.58,,,,,,,,13,1,4-Seam Fastball,2,0,2,0,0,2,2,0,Infield shade,Strategic,144,0.003,0.041,,,,-0.041,,2,2,0.747,0.747,32,28,33,28,1,0,,,,,0.97,0.94,0.94,,,,,,
FF,2025-07-15,95.5,-1.44,5.02,"Acuña Jr., Ronald",660670,693433,,called_strike,,,,,2,Called Strike,A,R,R,NL,AL,S,,,0,0,2025,-0.77,1.11,0.26710530156157164,3.1161408827510044,,,,0,3,Bot,,,,,,,6.220911101005657,-139.02717732373213,-1.7839999935017465,-11.37107694546699,30.866216807778592,-17.575257397046126,3.200697179,1.615305118,,,,96.1,2402,6.6,778566,663728,665489,650402,691406,805779,682985,595879,592450,53.94,,,,,,,,21,1,4-Seam Fastball,2,0,2,0,0,2,2,0,Standard,Strategic,225,-0.002,-0.039,,,,0.039,,2,2,0.764,0.764,25,27,25,28,1,1,,,,,1.38,0.77,0.77,,,,,,
FF,2025-07-15,95.7,-2.29,5.88,"Suárez, Eugenio",553993,681343,,ball,,,,,11,Ball,A,R,R,NL,AL,B,,,0,0,2025,-0.73,1.09,-1.2537004233785276,3.740479728953702,,,,0,8,Bot,,,,,,,4.435464606207087,-139.3952354463356,-2.412472642396121,-10.535543912321945,29.37015308424135,-17.645620992580067,3.17085794,1.600246063,,,,97,2236,6.9,778566,672386,666018,665862,672580,677951,680757,621439,668227,53.64,,,,,,,,65,1,4-Seam Fastball,6,4,6,4,4,6,6,4,Standard,Standard,219,0.001,0.041,,,,-0.041,,2,2,0.938,0.938,25,33,25,34,1,1,,,,,1.39,0.73,0.73,,,,,,
FF,2025-07-15,95.4,-2.39,5,"Machado, Manny",592518,657746,,foul,,,,,11,Foul,A,R,R,NL,AL,S,,,0,0,2025,-1.2,1.11,-0.9747195068369943,2.7281095276030665,,,,0,4,Bot,,,,,,,6.429164863168998,-138.774342694419,-2.6819417107691943,-16.901265749225246,32.64977732011174,-17.417796279672352,3.313910761,1.672440945,93,71.1,76,95.5,2392,6.5,778566,663728,665489,650402,691406,805779,682985,595879,592450,54,,,,,,,,29,1,4-Seam Fastball,2,0,2,0,0,2,2,0,Standard,Strategic,230,-0.002,-0.039,68.9,7.6,,0.039,88.0,2,2,0.786,0.786,29,32,29,33,1,1,,,,,1.4,1.2,1.2,,8.1234102095168,-1.6205619319330158,32.82574146749824,26.026963645728443,28.47734270559422
SL,2025-07-15,86.8,-2.6,5.64,"Rooker, Brent",667670,678495,,ball,,,,,12,Ball,A,R,R,NL,AL,B,,,0,0,2025,0.6,0.65,1.6100475889071284,2.643266598709908,,672386,666018,0,7,Top,,,,,,,8.737681215840125,-126.1953933348659,-2.1714146351091146,4.797300616049967,23.704337436779905,-24.995566503538516,3.363935368,1.697687008,,,,87.6,2828,6.7,778566,696100,621566,680977,553993,682829,669065,682998,665487,53.82,,,,,,,,50,1,Slider,6,0,0,6,0,6,0,6,Standard,Standard,66,-0.004,0.045,,,,-0.045,,6,-6,0.953,0.04700000000000004,25,30,26,31,1,0,,,,,2.36,-0.6,-0.6,,,,,,
FF,2025-07-15,94.1,2.73,6.07,"Chisholm Jr., Jazz",665862,671096,,foul,,,,,5,Foul,A,L,L,NL,AL,S,,,0,0,2025,0.77,1.28,0.2640687572926105,2.199954777047516,,,,0,6,Top,,,,,,,-8.07050423507885,-136.78670821993967,-7.052900907810664,11.323615370289525,26.24952256347725,-14.774193563612272,3.15593832,1.592716535,3,82.1,-40,94.9,2356,6.5,778566,696100,624413,680977,553993,682829,669065,682998,665487,54,,,,,,,,38,1,4-Seam Fastball,2,0,0,2,0,2,0,2,Infield shade,Standard,142,0.005,-0.039,70.7,7.4,,0.039,88.0,2,-2,0.779,0.22099999999999997,26,27,26,27,1,0,,,,,1.28,0.77,0.77,,13.084072520120248,8.775905879228144,37.49554073405612,29.535679044300625,28.607479394188648
FF,2025-07-15,95.2,-2.03,6.15,"Stowers, Kyle",669065,608032,,foul,,,,,9,Foul,A,L,R,NL,AL,S,,,0,0,2025,-0.75,1.24,0.6443776991855362,2.112751833764439,,,,0,7,Bot,,,,,,,8.617515961224441,-138.22278660346066,-7.5255357379665675,-11.480398144580569,29.555767169938612,-14.77799320982826,3.295480643,1.663139764,28,91,-2,95.1,2149,6.3,778566,672386,666018,665862,672580,677951,680757,621439,668227,54.24,,,,,,,,56,1,4-Seam Fastball,6,4,6,4,4,6,6,4,Infield shade,Standard,209,-0.002,-0.039,79.6,7.0,,0.039,91.0,2,2,0.887,0.887,32,27,33,27,1,0,,,,,1.28,0.75,-0.75,,15.664165415822648,-1.9056008240523903,41.68570995054546,29.514997936444523,31.625267089761405
SI,2025-07-15,98.6,1.56,6.32,"Ohtani, Shohei",660271,669373,,foul,,,,,7,Foul,A,L,L,NL,AL,S,,,0,0,2025,0.99,1.17,-0.4153153592621497,2.1411239379732825,,,,0,1,Bot,,,,,,,-7.650183860771387,-143.23476308613513,-8.476618162367455,15.303951297892029,31.111455649723826,-14.314209641676829,3.369201116,1.700344488,,,,99.3,2196,6.6,778566,663728,665489,650402,691406,805779,682985,595879,592450,53.88,,,,,,,,4,1,Sinker,0,0,0,0,0,0,0,0,Infield shade,Strategic,151,-0.003,-0.039,74.3,8.3,,0.039,,0,0,0.548,0.548,28,30,29,31,1,0,,,,,1.17,0.99,0.99,,19.59715339459806,-0.5674144245760804,35.977281462588145,46.08699107035855,26.512330011649503
FF,2025-07-15,97.4,-1.76,6.29,"Lindor, Francisco",596019,656876,,ball,,,,,11,Ball,A,L,R,NL,AL,B,,,0,0,2025,-0.35,1.68,-0.274464207363124,3.7290222857350166,,,,0,5,Bot,,,,,,,4.781708622197076,-141.8031805050321,-5.161878043161288,-5.818187132909681,32.02498475709273,-8.466315316627187,3.107668963,1.568356299,,,,98.2,2455,6.7,778566,663728,666018,665862,691406,677951,682985,621439,668227,53.82,,,,,,,,35,1,4-Seam Fastball,2,0,2,0,0,2,2,0,Infield shade,Standard,201,0.002,0.041,,,,-0.041,,2,2,0.812,0.812,29,31,30,32,1,1,,,,,0.71,0.35,-0.35,,,,,,
SI,2025-07-15,98.4,2.35,6.11,"Kirk, Alejandro",672386,670970,single,hit_into_play,,,,,12,Alejandro Kirk singles on a sharp line drive to center fielder Corbin Carroll.,A,R,L,NL,AL,X,8,line_drive,0,0,2025,1.18,0.9,0.35316771448641204,3.149882466559461,,,,0,7,Top,147.33,76.56,,,,,-8.104311088837232,-143.03941830262863,-4.47988666495953,18.024317035547,32.502592941381685,-18.92111303114518,3.010252625,1.519192913,242,102.8,10,98.2,2592,6.2,778566,696100,621566,680977,553993,682829,669065,682998,665487,54.27,,,0.9,,1,0,4,48,1,Sinker,6,0,0,6,0,6,0,6,Standard,Standard,152,-0.01,0.438,69.9,6.6,,-0.438,102.8,6,-6,0.983,0.017000000000000015,26,26,26,27,1,0,,,,,1.45,1.18,-1.18,,5.793973614765029,12.882258914665462,12.05015120720504,43.68832893545097,25.737631334983803
FF,2025-07-15,93.3,2.52,5.39,"Caminero, Junior",691406,669022,,foul,,,,,5,Foul,A,R,L,NL,AL,S,,,0,0,2025,0.7,1.22,0.1850156181760786,2.512516040266245,,,,0,5,Top,,,,,,,-7.509729858852574,-135.7676628659756,-4.243843327692337,10.239272826618157,26.31154012582914,-16.34210430687067,3.243700787,1.637007874,166,78.5,15,94,2284,6.5,778566,696100,624413,680977,553993,596019,682998,691718,665487,54.04,,,,,,,,32,1,4-Seam Fastball,2,0,0,2,0,2,0,2,Standard,Standard,129,0.004,-0.039,78.6,8.0,,0.039,88.0,2,-2,0.751,0.249,26,21,26,22,1,1,,,,,1.38,0.7,-0.7,,2.8605539740300507,2.119084858534325,30.762958792127396,37.84358165387426,29.551834044210054
SI,2025-07-15,92.7,-2.26,5.37,"Caminero, Junior",691406,657277,single,hit_into_play,,,,,5,Junior Caminero singles on a ground ball to center fielder Pete Crow-Armstrong.,A,R,R,NL,AL,X,8,ground_ball,0,0,2025,-1.41,0.34,-0.058744122322946346,2.453692256365317,,,,0,3,Top,124.78,103.97,,,,,8.776290453604275,-134.83192333672986,-2.2545639776389397,-19.101061000610066,27.80913904132061,-27.689291725535952,3.243700787,1.637007874,8,98.6,-17,93.7,1959,6.8,778566,669257,518692,606466,592518,596019,663656,691718,660670,53.68,,,0.9,,1,0,2,17,1,Sinker,2,0,0,2,0,2,0,2,Standard,Standard,242,-0.042,0.438,61.5,7.8,,-0.438,98.6,2,-2,0.712,0.28800000000000003,28,21,29,22,1,0,,,,,2.3,1.41,1.41,,-2.90705124020888,18.98482713500214,26.786472205011354,35.126267079842194,25.546425254431725
SI,2025-07-15,94.3,-1.88,6.02,"Goodman, Hunter",696100,663554,,foul,,,,,2,Foul,A,R,R,NL,AL,S,,,0,0,2025,-1.08,1.15,-0.035031445513059145,3.1729935807766583,,,,1,6,Bot,,,,,,,7.280582050479962,-137.2926833069993,-4.23256812591183,-15.15464421300192,27.24682997098331,-16.818057880895275,3.178756562,1.604232283,273,79.3,43,96.2,2123,7.1,778566,672386,666018,665862,672580,677951,680757,621439,668227,53.38,,,,,,,,45,1,Sinker,5,0,5,0,0,5,5,0,Standard,Standard,215,0,-0.039,73.1,6.6,,0.039,88.0,5,5,0.971,0.971,28,25,28,26,1,0,,,,,1.39,1.08,1.08,,11.554186347590928,6.686400714985232,19.5486037958513,38.88684207005403,32.13011942474759
FF,2025-07-15,92.9,2.32,6.09,"Greene, Riley",682985,656849,,ball,,,,,11,Ball,A,L,L,NL,AL,B,,,0,0,2025,0.14,0.9,-1.4000015784389102,2.547567422462679,,,,0,4,Top,,,,,,,-9.90945434678733,-135.0089817898232,-5.216032895963927,3.7123944112170815,26.368164700017505,-20.222300278876833,3.303379265,1.667125984,,,,95,2249,7.4,778566,669257,624413,606466,592518,596019,663656,691718,665487,53.15,,,,,,,,24,1,4-Seam Fastball,2,0,0,2,0,2,0,2,Infield shade,Standard,149,-0.004,0.041,,,,-0.041,,2,-2,0.729,0.271,29,24,30,25,1,1,,,,,1.73,0.14,0.14,,,,,,
FF,2025-07-15,94,-1.31,6.49,"O'Hearn, Ryan",656811,592094,,called_strike,,,,,4,Called Strike,A,L,R,NL,AL,S,,,0,0,2025,-0.87,1.49,-0.6700235339841075,2.4654259392516513,,,,2,2,Top,,,,,,,3.5861404743617866,-136.65219682379956,-7.844432470706337,-11.632137620133923,29.592360165285694,-11.978271662862344,3.28933727,1.66003937,,,,94.2,2601,6.4,778566,669257,518692,606466,592518,596019,663656,691718,660670,54.09,,,,,,,,12,1,4-Seam Fastball,2,0,0,2,0,2,0,2,Infield shade,Standard,216,0.001,-0.043,,,,0.043,,2,-2,0.737,0.263,33,31,34,32,1,0,,,,,1.09,0.87,-0.87,,,,,,
FF,2025-07-15,95.8,0.16,6.43,"Schwarber, Kyle",656941,547973,,swinging_strike,,,,,4,Swinging Strike,A,L,L,NL,AL,S,,,0,0,2025,0.48,1.5,-0.6696211005323708,2.1417435186511136,,,,0,9,Bot,,,,,,,-3.3308424768013123,-139.27241076544192,-9.014168859214017,7.028780044168265,32.69589842464193,-10.77522897847065,3.180511811,1.60511811,,,,97,2297,7.1,778566,672386,666018,665862,672580,677951,680757,621439,668227,53.39,,,,,,,,76,1,4-Seam Fastball,6,6,6,6,6,6,6,6,Strategic,Standard,153,-0.009,-0.039,80.0,8.4,,0.039,,0,0,0.639,0.639,37,32,37,32,1,2,,,,,0.99,0.48,0.48,,21.250513458508784,-24.666387637609972,28.074238555775235,42.40544176965688,44.033406706406915
