pitch_type,game_date,release_speed,release_pos_x,release_pos_z,player_name,batter,pitcher,events,description,spin_dir,spin_rate_deprecated,break_angle_deprecated,break_length_deprecated,zone,des,game_type,stand,p_throws,home_team,away_team,type,hit_location,bb_type,balls,strikes,game_year,pfx_x,pfx_z,plate_x,plate_z,on_3b,on_2b,on_1b,outs_when_up,inning,inning_topbot,hc_x,hc_y,tfs_deprecated,tfs_zulu_deprecated,umpire,sv_id,vx0,vy0,vz0,ax,ay,az,sz_top,sz_bot,hit_distance_sc,launch_speed,launch_angle,effective_speed,release_spin_rate,release_extension,game_pk,fielder_2,fielder_3,fielder_4,fielder_5,fielder_6,fielder_7,fielder_8,fielder_9,release_pos_y,estimated_ba_using_speedangle,estimated_woba_using_speedangle,woba_value,woba_denom,babip_value,iso_value,launch_speed_angle,at_bat_number,pitch_number,pitch_name,home_score,away_score,bat_score,fld_score,post_away_score,post_home_score,post_bat_score,post_fld_score,if_fielding_alignment,of_fielding_alignment,spin_axis,delta_home_win_exp,delta_run_exp,bat_speed,swing_length,estimated_slg_using_speedangle,delta_pitcher_run_exp,hyper_speed,home_score_diff,bat_score_diff,home_win_exp,bat_win_exp,age_pit_legacy,age_bat_legacy,age_pit,age_bat,n_thruorder_pitcher,n_priorpa_thisgame_player_at_bat,pitcher_days_since_prev_game,batter_days_since_prev_game,pitcher_days_until_next_game,batter_days_until_next_game,api_break_z_with_gravity,api_break_x_arm,api_break_x_batter_in,arm_angle,attack_angle,attack_direction,swing_path_tilt,intercept_ball_minus_batter_pos_x_inches,intercept_ball_minus_batter_pos_y_inches
FF,2025-10-10,100.9,1.83,6.09,"Raleigh, Cal",663728,669373,strikeout,swinging_strike,,,,,5,Cal Raleigh strikes out swinging.,D,R,L,SEA,DET,S,2,,0,2,2025,0.38,1.38,0.1812064819199009,2.6139334022363734,,,,2,6,Bot,,,,,,,-5.505123283741285,-146.76908275142108,-7.662882425558619,6.719801895790607,34.39025371643639,-10.590954299320646,3.6,1.69,,,,101.4,2420,6.6,813054,693307,679529,650402,656716,595879,682985,678009,681481,53.93,,0,0,1,0,0,,43,3,4-Seam Fastball,1,2,1,2,2,1,1,2,Standard,Standard,153,-0.011,-0.16,75.9,8.2,,0.16,,-1,-1,0.319,0.319,28,28,29,29,3,2,5,2,,2,0.86,0.38,-0.38,46.1,12.964507262813795,-2.217957391819626,30.929931966153433,36.81383782476952,29.640000605978134
FF,2025-10-10,99.1,1.83,6.11,"Raleigh, Cal",663728,669373,,foul,,,,,12,Foul,D,R,L,SEA,DET,S,,,0,1,2025,0.28,1.38,0.8578183709655982,3.7884958698053595,,,,2,6,Bot,,,,,,,-3.324496172262519,-144.32987018620847,-4.177498656225544,4.730953376719058,31.716344894725637,-12.145194486711276,3.6,1.69,153,86.4,10,99.7,2398,6.5,813054,693307,679529,650402,656716,595879,682985,678009,681481,54.04,,,,,,,,43,2,4-Seam Fastball,1,2,1,2,2,1,1,2,Standard,Standard,155,-0.005,-0.057,69.4,6.8,,0.057,88.0,-1,-1,0.324,0.324,28,28,29,29,3,2,5,2,,2,0.93,0.28,-0.28,51.7,3.632859498059151,27.20467418578025,21.27632109852808,44.05362077447328,17.501589206201793
FF,2025-10-10,99.7,2,6.09,"Raleigh, Cal",663728,669373,,swinging_strike,,,,,11,Swinging Strike,D,R,L,SEA,DET,S,,,0,0,2025,0.29,1.35,-0.12592914086470564,4.806861687034278,,,,2,6,Bot,,,,,,,-6.55186426285117,-145.17647914796777,-1.3346330445385486,5.644706469179084,32.76091967928831,-12.895170389246578,3.6,1.69,,,,100.1,2371,6.4,813054,693307,679529,650402,656716,595879,682985,678009,681481,54.11,,,,,,,,43,1,4-Seam Fastball,1,2,1,2,2,1,1,2,Infield shade,Standard,154,-0.003,-0.043,56.4,5.5,,0.043,,-1,-1,0.327,0.327,28,28,29,29,3,2,5,2,,2,0.93,0.29,-0.29,46.4,11.17345061566207,37.30913365643089,20.21844566268614,31.250303963922942,15.075003147215849
FF,2025-10-10,100,1.74,6,"Arozarena, Randy",668227,669373,field_out,hit_into_play,,,,,4,Randy Arozarena pops out to shortstop Javier Báez.,D,R,L,SEA,DET,X,6,popup,3,2,2025,0.33,1.43,-0.43511656937381954,2.6512996612895536,,,,1,6,Bot,120.65,135.37,,,,,-6.840251383088402,-145.30970343140157,-7.2704773268406475,6.347324914451434,34.20088250115344,-10.400246665457043,3.43,1.69,164,65.7,55,100.8,2450,6.8,813054,693307,679529,650402,656716,595879,682985,678009,681481,53.69,0.041,0.037,0,1,0,0,3,42,8,4-Seam Fastball,1,2,1,2,2,1,1,2,Standard,Standard,150,-0.036,-0.332,67.7,7.2,0.048,0.332,88.0,-1,-1,0.363,0.363,28,30,29,30,3,2,5,2,,2,0.86,0.33,-0.33,46.4,6.223887455709531,4.682712626392058,17.119351431109997,28.522936802314838,28.71726008964954
FF,2025-10-10,100.8,1.9,6.04,"Arozarena, Randy",668227,669373,,foul,,,,,12,Foul,D,R,L,SEA,DET,S,,,3,2,2025,0.32,1.41,0.5233166817227148,3.6029568490390305,,,,1,6,Bot,,,,,,,-4.591845822365256,-146.74732633578836,-4.863499076653673,5.691140383937912,32.08054314896235,-10.741815733039962,3.43,1.69,120,85.1,79,101.4,2494,6.4,813054,693307,679529,650402,656716,595879,682985,678009,681481,54.09,,,,,,,,42,7,4-Seam Fastball,1,2,1,2,2,1,1,2,Standard,Standard,153,0,0,69.0,6.9,,0,88.0,-1,-1,0.363,0.363,28,30,29,30,3,2,5,2,,2,0.81,0.32,-0.32,46.3,10.79712173501312,16.776654981684004,11.695239777041067,39.901069423248416,24.74879691402755
CH,2025-10-10,89.3,1.93,5.92,"Arozarena, Randy",668227,669373,,ball,,,,,13,Ball,D,R,L,SEA,DET,B,,,2,2,2025,1.14,0.19,-0.7016760466211973,0.383627485742275,,,,1,6,Bot,,,,,,,-8.910838892636498,-129.56968018128538,-8.032490535245662,14.681546454999758,26.17371109231835,-28.564178899542807,3.12509434478137,1.51975245706513,,,,89.7,1772,6.6,813054,693307,679529,650402,656716,595879,682985,678009,681481,53.9,,,,,,,,42,6,Changeup,1,2,1,2,2,1,1,2,Standard,Standard,132,0.011,0.104,,,,-0.104,,-1,-1,0.352,0.352,28,30,29,30,3,2,5,2,,2,2.68,1.14,-1.14,42.1,,,,,
CH,2025-10-10,88.5,1.98,5.94,"Arozarena, Randy",668227,669373,,foul,,,,,14,Foul,D,R,L,SEA,DET,S,,,2,2,2025,1.26,0.57,0.40460333935475346,1.0952205914189923,,,,1,6,Bot,,,,,,,-6.5331714226831155,-128.69460574969716,-7.022508112352414,15.39132662146798,25.055141011222155,-24.57368099953778,3.43,1.69,2,51.9,-42,89.2,1819,6.7,813054,693307,679529,650402,656716,595879,682985,678009,681481,53.85,,,,,,,,42,5,Changeup,1,2,1,2,2,1,1,2,Standard,Standard,134,0,0,71.1,8.3,,0,88.0,-1,-1,0.352,0.352,28,30,29,30,3,2,5,2,,2,2.33,1.26,-1.26,43.1,9.972085512749587,-23.7406875105403,27.95657542836705,38.09164981030817,47.4644535915117
CH,2025-10-10,90.3,1.98,6,"Arozarena, Randy",668227,669373,,ball,,,,,14,Ball,D,R,L,SEA,DET,B,,,1,2,2025,1.29,0.51,1.7359729209718031,2.204475299006547,,,,1,6,Bot,,,,,,,-3.3675314434618318,-131.44896204566308,-4.621297923262302,15.746377566882183,26.363488565745136,-25.531018936115647,3.23892545260542,1.63366952495986,,,,90.9,1742,6.5,813054,693307,679529,650402,656716,595879,682985,678009,681481,54.01,,,,,,,,42,4,Changeup,1,2,1,2,2,1,1,2,Standard,Standard,124,0.005,0.048,,,,-0.048,,-1,-1,0.347,0.347,28,30,29,30,3,2,5,2,,2,2.27,1.29,-1.29,41.2,,,,,
FF,2025-10-10,98.8,1.8,6.04,"Arozarena, Randy",668227,669373,,swinging_strike,,,,,3,Swinging Strike,D,R,L,SEA,DET,S,,,1,1,2025,0.41,1.55,0.5335337576188358,2.90585734304637,,,,1,6,Bot,,,,,,,-4.420581841293766,-143.6964117832008,-6.708220114349695,6.754470767819188,33.680943593901134,-9.355643403707393,3.43,1.69,,,,99,2455,6.5,813054,693307,679529,650402,656716,595879,682985,678009,681481,54.02,,,,,,,,42,3,4-Seam Fastball,1,2,1,2,2,1,1,2,Standard,Standard,152,-0.008,-0.064,70.6,6.4,,0.064,,-1,-1,0.355,0.355,28,30,29,30,3,2,5,2,,2,0.79,0.41,-0.41,45.2,-5.097847274295946,42.51499694377106,21.31687715114518,39.97220943259556,1.0548562167515763
FF,2025-10-10,98.6,1.85,6.1,"Arozarena, Randy",668227,669373,,ball,,,,,12,Ball,D,R,L,SEA,DET,B,,,0,1,2025,0.41,1.51,0.5243999924690291,4.1446995865728224,,,,1,6,Bot,,,,,,,-4.58059346635463,-143.55204169086062,-3.401218469317954,6.757690136081889,32.886374584514414,-10.653451914639577,3.42999928827578,1.71428246783026,,,,98.9,2517,6.4,813054,693307,679529,650402,656716,595879,682985,678009,681481,54.1,,,,,,,,42,2,4-Seam Fastball,1,2,1,2,2,1,1,2,Standard,Standard,149,0.003,0.029,,,,-0.029,,-1,-1,0.352,0.352,28,30,29,30,3,2,5,2,,2,0.83,0.41,-0.41,45.3,,,,,
FF,2025-10-10,99.4,1.58,6.16,"Arozarena, Randy",668227,669373,,called_strike,,,,,6,Called Strike,D,R,L,SEA,DET,S,,,0,0,2025,0.16,1.41,0.47481049237814643,2.681406002694744,,,,1,6,Bot,,,,,,,-3.4330443920533544,-144.61110101249577,-7.481695394251332,3.0204715551698147,32.511738325761144,-10.795820211559883,3.3086894358381,1.68999831512775,,,,100.1,2467,6.6,813054,693307,679529,650402,656716,595879,682985,678009,681481,53.91,,,,,,,,42,1,4-Seam Fastball,1,2,1,2,2,1,1,2,Standard,Standard,157,-0.004,-0.039,,,,0.039,,-1,-1,0.356,0.356,28,30,29,30,3,2,5,2,,2,0.89,0.16,-0.16,49.2,,,,,
FF,2025-10-10,99.7,1.76,6.18,"Crawford, J.P.",641487,669373,strikeout,swinging_strike,,,,,7,J.P. Crawford strikes out swinging.,D,L,L,SEA,DET,S,2,,0,2,2025,0.27,1.53,-0.3474612927466899,1.9505598351966897,,,,0,6,Bot,,,,,,,-6.443028506355908,-144.85060763037356,-9.861128614487924,5.274159880822843,32.71742554226124,-8.507215877353099,3.3,1.54,,,,100,2525,6.4,813054,693307,679529,650402,656716,595879,682985,678009,681481,54.05,,0,0,1,0,0,,41,3,4-Seam Fastball,1,2,1,2,2,1,1,2,Standard,Strategic,154,-0.024,-0.165,73.5,7.3,,0.165,,-1,-1,0.38,0.38,28,30,29,30,2,1,5,2,,2,0.76,0.27,0.27,49.1,-4.190796827731228,12.896654994848586,39.56417463762006,41.37892520610698,23.465915275841972
SI,2025-10-10,99,1.97,6.06,"Crawford, J.P.",641487,669373,,foul,,,,,6,Foul,D,L,L,SEA,DET,S,,,0,1,2025,1.41,0.85,0.7463821223348146,2.35225113242058,,,,0,6,Bot,,,,,,,-6.6561615071242,-143.91188326062047,-6.657039179112378,21.12072338902212,34.625884085589846,-19.00005611296236,3.3,1.54,,,,99.2,2280,6.5,813054,693307,679529,650402,656716,595879,682985,678009,681481,53.96,,,,,,,,41,2,Sinker,1,2,1,2,2,1,1,2,Standard,Standard,146,-0.01,-0.055,72.6,7.1,,0.055,,-1,-1,0.39,0.39,28,30,29,30,2,1,5,2,,2,1.49,1.41,1.41,43.1,9.631616936583383,4.804122758483191,34.14699845028489,28.54155385033386,32.29587181626358
SI,2025-10-10,98.1,1.84,6.1,"Crawford, J.P.",641487,669373,,foul,,,,,3,Foul,D,L,L,SEA,DET,S,,,0,0,2025,1.34,1.29,0.7389731320170734,2.8771495773778373,,,,0,6,Bot,,,,,,,-6.090556832636807,-142.69840734390314,-6.247323847120703,19.702789161529868,32.34490528541003,-13.2434253373463,3.3,1.54,151,57,41,98.4,2492,6.4,813054,693307,679529,650402,656716,595879,682985,678009,681481,54.07,,,,,,,,41,1,Sinker,1,2,1,2,2,1,1,2,Standard,Standard,152,-0.006,-0.039,68.8,6.3,,0.039,88.0,-1,-1,0.396,0.396,28,30,29,30,2,1,5,2,,2,1.07,1.34,1.34,47.1,-6.0944276786886205,14.840197939883394,34.97093003883319,28.049329057444634,26.936502327185266
FF,2025-10-10,100.1,1.7,6.16,"Robles, Victor",645302,669373,field_out,hit_into_play,,,,,5,Victor Robles flies out to right fielder Kerry Carpenter.,D,R,L,SEA,DET,X,9,fly_ball,3,2,2025,0.5,1.49,-0.15031881321934104,2.1501461786411102,,,,2,5,Bot,186.86,123.55,,,,,-6.279275478745068,-145.38934967643547,-9.228661444253401,8.517800970467055,34.067352934620416,-8.98573638710394,3.2,1.52,240,83,51,100.2,2523,6.5,813054,693307,679529,650402,656716,595879,682985,678009,681481,54.04,0.035,0.045,0,1,0,0,3,35,6,4-Seam Fastball,1,0,1,0,0,1,1,0,Standard,Standard,149,-0.013,-0.328,62.8,6.2,0.063,0.328,88.0,1,1,0.673,0.673,28,28,29,28,2,1,5,2,,2,0.79,0.5,-0.5,51.2,2.1117389274328904,1.3665609833456074,34.88221938045911,34.8100828018886,20.317943196643203
CH,2025-10-10,90.5,1.96,5.95,"Robles, Victor",645302,669373,,ball,,,,,13,Ball,D,R,L,SEA,DET,B,,,2,2,2025,1.4,0.37,-0.7701072443985808,0.5157672886354343,,,,2,5,Bot,,,,,,,-9.84199566115871,-131.22929141443234,-8.431225663108062,18.226066677979535,27.392404283245913,-26.225763949772904,3.13318511694127,1.44089644568441,,,,90.9,1847,6.7,813054,693307,679529,650402,656716,595879,682985,678009,681481,53.79,,,,,,,,35,5,Changeup,1,0,1,0,0,1,1,0,Standard,Standard,136,0.004,0.104,,,,-0.104,,1,1,0.669,0.669,28,28,29,28,2,1,5,2,,2,2.43,1.4,-1.4,40.8,,,,,
FF,2025-10-10,97.7,1.77,6.2,"Robles, Victor",645302,669373,,foul_tip,,,,,2,Foul Tip,D,R,L,SEA,DET,S,,,2,1,2025,0.39,1.59,0.04496222852795101,3.0983223674465243,,,,2,5,Bot,,,,,,,-5.556922234447059,-142.12955553590112,-6.527785511715181,6.575615376391484,33.2088907104839,-9.330066623179754,3.2,1.52,,,,98,2439,6.5,813054,693307,679529,650402,656716,595879,682985,678009,681481,53.98,,,,,,,,35,4,4-Seam Fastball,1,0,1,0,0,1,1,0,Standard,Standard,156,-0.003,-0.073,69.6,6.6,,0.073,,1,1,0.672,0.672,28,28,29,28,2,1,5,2,,2,0.8,0.39,-0.39,50.1,8.161451851436757,8.882230421926279,30.757009217942297,42.578088637632966,16.181047170116873
FF,2025-10-10,97.3,1.65,6.13,"Robles, Victor",645302,669373,,ball,,,,,12,Ball,D,R,L,SEA,DET,B,,,1,1,2025,0.15,1.41,1.0732898828391964,3.6775201474534214,,,,2,5,Bot,,,,,,,-1.9211474803164896,-141.71027145126286,-4.316228307794094,2.4974154268704325,33.295534069952154,-12.459017476591306,3.35018803917379,1.65787018136344,,,,97.8,2353,6.6,813054,693307,679529,650402,656716,595879,682985,678009,681481,53.89,,,,,,,,35,3,4-Seam Fastball,1,0,1,0,0,1,1,0,Standard,Standard,161,0.002,0.053,,,,-0.053,,1,1,0.67,0.67,28,28,29,28,2,1,5,2,,2,1,0.15,-0.15,51.1,,,,,
CH,2025-10-10,87.1,2.03,6.04,"Robles, Victor",645302,669373,,swinging_strike,,,,,9,Swinging Strike,D,R,L,SEA,DET,S,,,1,0,2025,1.39,0.47,0.5314780791626306,1.911136816547978,,,,2,5,Bot,,,,,,,-6.477149687790071,-126.6945607614031,-4.727536330910836,16.3027648679968,24.938850889932954,-26.37232114025826,3.2,1.52,,,,87.4,1741,6.4,813054,693307,679529,650402,656716,595879,682985,678009,681481,54.06,,,,,,,,35,2,Changeup,1,0,1,0,0,1,1,0,Standard,Standard,128,-0.002,-0.054,66.8,8.1,,0.054,,1,1,0.672,0.672,28,28,29,28,2,1,5,2,,2,2.53,1.39,-1.39,43.6,29.00818392778521,-38.37594711874141,32.07607896926265,47.825834946109175,50.55566176430368
SI,2025-10-10,98.4,1.92,6.14,"Robles, Victor",645302,669373,,ball,,,,,12,Ball,D,R,L,SEA,DET,B,,,0,0,2025,1.19,0.9,0.8344219145824008,4.932624095068973,,,,2,5,Bot,,,,,,,-5.69763545438331,-143.25382821247229,0.061424882914345336,17.66879201660819,32.13763608221207,-19.931990800437408,3.28637701586221,1.59443375975772,,,,98.6,2145,6.3,813054,693307,679529,650402,656716,595879,682985,678009,681481,54.18,,,,,,,,35,1,Sinker,1,0,1,0,0,1,1,0,Standard,Standard,153,0.001,0.037,,,,-0.037,,1,1,0.671,0.671,28,28,29,28,2,1,5,2,,2,1.44,1.19,-1.19,46.4,,,,,
CH,2025-10-10,89.3,1.94,6.03,"Garver, Mitch",641598,669373,strikeout,swinging_strike,,,,,14,Mitch Garver strikes out swinging.,D,R,L,SEA,DET,S,2,,3,2,2025,1.38,0.22,0.8438243352354111,1.7956468225344877,,,,1,5,Bot,,,,,,,-5.633118074714701,-129.83362842792306,-4.870609035943386,16.830864487188602,27.329128800138562,-28.855796170267457,3.48,1.64,,,,89.4,1738,6.4,813054,693307,679529,650402,656716,595879,682985,678009,681481,54.06,,0,0,1,0,0,,34,6,Changeup,1,0,1,0,0,1,1,0,Standard,Standard,132,-0.019,-0.332,76.1,9.0,,0.332,,1,1,0.69,0.69,28,34,29,34,2,1,5,2,,3,2.64,1.38,-1.38,44.8,27.013916205319518,-51.96606208227114,25.984917800701734,46.12114184610855,63.202351653288105
CH,2025-10-10,88.4,2.1,6.14,"Garver, Mitch",641598,669373,,ball,,,,,12,Ball,D,R,L,SEA,DET,B,,,2,2,2025,1.36,0.22,1.9413651613576366,3.717732170953925,,,,1,5,Bot,,,,,,,-3.216468190176123,-128.81397557020165,-0.3109413619534914,15.767051848758326,26.75314891883959,-29.845602162557334,3.45439235848509,1.65487420611882,,,,88.6,1786,6.3,813054,693307,679529,650402,656716,595879,682985,678009,681481,54.19,,,,,,,,34,5,Changeup,1,0,1,0,0,1,1,0,Standard,Standard,143,0.005,0.104,,,,-0.104,,1,1,0.685,0.685,28,34,29,34,2,1,5,2,,3,2.69,1.36,-1.36,44.6,,,,,
CH,2025-10-10,88.9,1.89,5.99,"Garver, Mitch",641598,669373,,ball,,,,,14,Ball,D,R,L,SEA,DET,B,,,1,2,2025,1.41,0.46,0.45696604179054723,-0.19627445438875069,,,,1,5,Bot,,,,,,,-6.4709237172507175,-128.98227066428797,-10.041736594733653,17.114624083819496,27.24489695536113,-25.11117768240613,3.48000123718655,1.67241743474987,,,,88.9,1817,6.5,813054,693307,679529,650402,656716,595879,682985,678009,681481,53.99,,,,,,,,34,4,Changeup,1,0,1,0,0,1,1,0,Standard,Standard,133,0.003,0.048,,,,-0.048,,1,1,0.682,0.682,28,34,29,34,2,1,5,2,,3,2.45,1.41,-1.41,42.9,,,,,
CH,2025-10-10,90.1,1.87,6.01,"Garver, Mitch",641598,669373,,ball,,,,,14,Ball,D,R,L,SEA,DET,B,,,0,2,2025,1.26,0.12,0.99540047682083,1.1019412976269503,,,,1,5,Bot,,,,,,,-4.876424491026952,-130.93798817563373,-6.431379549863367,15.540230346606528,29.946187444843382,-29.567680965416326,3.50331642493755,1.67415140662938,,,,90.1,1861,6.5,813054,693307,679529,650402,656716,595879,682985,678009,681481,53.96,,,,,,,,34,3,Changeup,1,0,1,0,0,1,1,0,Standard,Standard,134,0.001,0.017,,,,-0.017,,1,1,0.681,0.681,28,34,29,34,2,1,5,2,,3,2.72,1.26,-1.26,42.9,,,,,
CH,2025-10-10,89.3,1.95,6.07,"Garver, Mitch",641598,669373,,swinging_strike,,,,,14,Swinging Strike,D,R,L,SEA,DET,S,,,0,1,2025,1.4,0.53,1.4908375229776896,0.912802514281227,,,,1,5,Bot,,,,,,,-4.092482466960931,-129.77247930834463,-7.79997327582218,16.712755468521408,27.348620328118862,-24.758131932888343,3.48,1.64,,,,89.4,1834,6.5,813054,693307,679529,650402,656716,595879,682985,678009,681481,54.03,,,,,,,,34,2,Changeup,1,0,1,0,0,1,1,0,Standard,Standard,138,-0.004,-0.052,48.5,8.3,,0.052,,1,1,0.685,0.685,28,34,29,34,2,1,5,2,,3,2.34,1.4,-1.4,45.4,25.936200994911015,-26.083499780636856,29.155159979222937,53.62286284696587,51.279590995397584
FF,2025-10-10,98.1,1.5,6.17,"Garver, Mitch",641598,669373,,foul,,,,,3,Foul,D,R,L,SEA,DET,S,,,0,0,2025,0.26,1.5,0.4042310029988054,2.9462049280294367,,,,1,5,Bot,,,,,,,-3.5565766610768237,-142.75901799431426,-6.7705026004436455,4.2821467201349686,30.669554705151356,-10.314948413991972,3.48,1.64,263,89.4,53,98.7,2467,6.5,813054,693307,679529,650402,656716,595879,682985,678009,681481,54.02,,,,,,,,34,1,4-Seam Fastball,1,0,1,0,0,1,1,0,Standard,Standard,156,-0.002,-0.039,68.6,6.6,,0.039,89.4,1,1,0.687,0.687,28,34,29,34,2,1,5,2,,3,0.86,0.26,-0.26,47.7,5.430574151149922,14.128639236729406,23.35733823848004,40.863017934880574,21.670429265136413
SI,2025-10-10,97.1,1.69,6.08,"Naylor, Josh",647304,669373,field_out,hit_into_play,,,,,4,Josh Naylor lines out sharply to center fielder Parker Meadows.,D,L,L,SEA,DET,X,8,line_drive,1,0,2025,0.85,1.22,-0.35803909020656255,2.177181194020341,,,,0,5,Bot,107.2,69.1,,,,,-7.475761247034363,-141.06725008597547,-7.766388788982946,13.05713148962909,30.104218054464624,-14.234726961809843,3.22,1.51,326,103.5,16,97.8,2217,6.6,813054,693307,679529,650402,656716,595879,682985,678009,681481,53.86,0.554,0.621,0,1,0,0,5,33,2,Sinker,1,0,1,0,0,1,1,0,Standard,Standard,149,-0.024,-0.301,72.6,7.3,0.912,0.301,103.5,1,1,0.711,0.711,28,28,29,28,2,1,5,2,,2,1.19,0.85,0.85,46.0,-1.8519865122887398,3.0030021170499825,35.707392912592766,39.07546084166188,18.809114151411734
SI,2025-10-10,98.3,1.84,6.07,"Naylor, Josh",647304,669373,,ball,,,,,11,Ball,D,L,L,SEA,DET,B,,,0,0,2025,0.66,1.36,-0.8302827473622092,3.1535489384792568,,,,0,5,Bot,,,,,,,-8.79482971870104,-142.91650855001316,-5.634423050119051,11.083781025690062,31.64414468159658,-12.380591656240862,3.14278363424045,1.48510537638192,,,,98.8,2194,6.5,813054,693307,679529,650402,656716,595879,682985,678009,681481,53.98,,,,,,,,33,1,Sinker,1,0,1,0,0,1,1,0,Standard,Standard,154,0.003,0.041,,,,-0.041,,1,1,0.708,0.708,28,28,29,28,2,1,5,2,,2,1,0.66,0.66,45.4,,,,,
FF,2025-10-10,100.1,1.82,6.09,"Suárez, Eugenio",553993,669373,strikeout,swinging_strike,,,,,2,Eugenio Suárez strikes out swinging.,D,R,L,SEA,DET,S,2,,0,2,2025,0.27,1.49,-0.1974430004551967,3.388252464590581,,,,2,4,Bot,,,,,,,-6.213482355165346,-145.5570467674922,-5.588631938874584,5.265990476075156,34.953946997199196,-9.938792610044906,3.48,1.61,,,,100.4,2495,6.6,813054,693307,679529,650402,656716,595879,682985,678009,681481,53.94,,0,0,1,0,0,,29,4,4-Seam Fastball,1,0,1,0,0,1,1,0,Standard,Standard,155,-0.007,-0.16,63.0,5.7,,0.16,,1,1,0.645,0.645,28,33,29,34,2,1,5,2,,2,0.8,0.27,-0.27,45.2,-10.351653093235528,41.01830238857369,38.86142328869037,30.61247721594433,11.506877613689216
FF,2025-10-10,100.5,1.79,6.12,"Suárez, Eugenio",553993,669373,,foul,,,,,1,Foul,D,R,L,SEA,DET,S,,,0,2,2025,0.35,1.28,-0.42341243328613587,3.075989282825925,,,,2,4,Bot,,,,,,,-6.9599635113857214,-146.10312297684138,-6.140673198661022,6.56581363231239,33.592728388573924,-12.494929950293107,3.48,1.61,177,78.6,17,100.9,2467,6.5,813054,693307,679529,650402,656716,595879,682985,678009,681481,54.02,,,,,,,,29,3,4-Seam Fastball,1,0,1,0,0,1,1,0,Standard,Standard,152,0,0,67.2,6.0,,0,88.0,1,1,0.645,0.645,28,33,29,34,2,1,5,2,,2,0.97,0.35,-0.35,46.2,-8.757726224324646,28.358069763731415,39.86376071398931,27.992661589182575,16.323142781991002
CH,2025-10-10,88,1.93,6.08,"Suárez, Eugenio",553993,669373,,swinging_strike,,,,,14,Swinging Strike,D,R,L,SEA,DET,S,,,0,1,2025,1.35,0.19,1.3383691562053226,1.2214027532850058,,,,2,4,Bot,,,,,,,-4.24431129275069,-127.97061980813876,-6.069130700566879,15.7649435146281,26.6180096835858,-29.003361633234874,3.48,1.61,,,,88.1,1803,6.4,813054,693307,679529,650402,656716,595879,682985,678009,681481,54.1,,,,,,,,29,2,Changeup,1,0,1,0,0,1,1,0,Standard,Standard,131,-0.002,-0.057,79.5,9.1,,0.057,,1,1,0.647,0.647,28,33,29,34,2,1,5,2,,2,2.76,1.35,-1.35,42.8,30.835446307749464,-34.56009152232099,37.01905216815072,48.99506358833636,54.00834086360847
FF,2025-10-10,99.8,1.82,6.17,"Suárez, Eugenio",553993,669373,,swinging_strike,,,,,11,Swinging Strike,D,R,L,SEA,DET,S,,,0,0,2025,0.47,1.39,-0.17338889670472057,3.6651741307711814,,,,2,4,Bot,,,,,,,-6.622451364793804,-145.2501847160873,-4.8273649342385845,8.226507129460808,33.484688137205445,-11.510313465491143,3.48,1.61,,,,100.3,2480,6.5,813054,693307,679529,650402,656716,595879,682985,678009,681481,53.99,,,,,,,,29,1,4-Seam Fastball,1,0,1,0,0,1,1,0,Standard,Standard,160,-0.002,-0.043,66.3,6.6,,0.043,,1,1,0.649,0.649,28,33,29,34,2,1,5,2,,2,0.89,0.47,-0.47,48.0,10.581732517572384,18.68664234577757,32.693500725343334,30.99692671858616,18.315232876315797
CH,2025-10-10,87.7,1.87,6.04,"Polanco, Jorge",593871,669373,strikeout,swinging_strike,,,,,14,Jorge Polanco strikes out swinging.,D,R,L,SEA,DET,S,2,,2,2,2025,1.22,0.31,0.8942820967057099,1.082985589920391,,,,1,4,Bot,,,,,,,-4.876336256301411,-127.53563604090091,-6.517088682529654,14.273079001452919,25.720334017127783,-27.65506047325513,3.3,1.6,,,,87.9,1869,6.4,813054,693307,679529,650402,656716,595879,682985,678009,681481,54.1,,0,0,1,0,0,,28,7,Changeup,1,0,1,0,0,1,1,0,Standard,Standard,130,-0.013,-0.228,68.0,8.1,,0.228,,1,1,0.662,0.662,28,31,29,32,2,1,5,2,,2,2.65,1.22,-1.22,44.9,18.781310419797705,-28.402330185029054,34.943564243629346,43.93548846780991,43.90754014489582
CH,2025-10-10,88,1.99,5.96,"Polanco, Jorge",593871,669373,,foul,,,,,12,Foul,D,R,L,SEA,DET,S,,,2,2,2025,0.88,0.22,0.9066595068532555,3.6025842825897354,,,,1,4,Bot,,,,,,,-4.466439577121264,-128.1129513117948,-0.0848245992335831,10.604985971031278,26.172989271889097,-29.897779059871706,3.3,1.6,220,70.2,33,88.3,1740,6.4,813054,693307,679529,650402,656716,595879,682985,678009,681481,54.1,,,,,,,,28,6,Changeup,1,0,1,0,0,1,1,0,Standard,Standard,133,0,0,62.2,6.2,,0,88.0,1,1,0.662,0.662,28,31,29,32,2,1,5,2,,2,2.71,0.88,-0.88,42.7,-1.8751773592939514,5.241946545043756,20.19756657695174,44.793495699778646,19.267568027686412
SL,2025-10-10,87.4,-1.99,5.49,"Báez, Javier",595879,669923,double,hit_into_play,,,,,6,Javier Báez doubles (2) on a sharp line drive to center fielder Julio Rodríguez.,D,R,R,SEA,DET,X,8,line_drive,0,0,2025,0.99,-0.02,0.6993939346863317,2.3224674020906626,,,,0,6,Top,102.7,62.75,,,,,4.461746851206024,-127.29783996304596,-1.451589113249289,9.82112101504716,27.039950007667453,-32.28636854284173,3.49,1.65,256,108.2,11,87.6,2355,6.5,813054,663728,647304,593871,553993,641487,668227,677594,645302,54.03,0.944,0.962,1.25,1,1,1,5,36,1,Slider,1,0,0,1,0,1,0,1,Standard,Standard,34,-0.099,0.716,76.8,8.4,1.254,-0.716,108.2,1,-1,0.66,0.33999999999999997,27,32,27,33,2,1,6,2,5,,3.01,-0.99,-0.99,23.6,6.153269421189392,0.12415246841449538,25.836564830357805,44.16701597122214,26.19350987669698
FF,2025-10-10,97.6,-1.64,5.57,"Meadows, Parker",678009,669923,strikeout,foul_tip,,,,,12,Parker Meadows strikes out on a foul tip.,D,L,R,SEA,DET,S,2,,1,2,2025,-0.91,1.23,0.7157794988699188,3.838387988785129,,,,2,5,Top,,,,,,,8.497992602309509,-141.96683180297197,-2.009278421203062,-14.28773724252186,31.70773231447966,-15.258770903658009,3.5,1.71,,,,98.4,2344,6.7,813054,663728,647304,593871,553993,641487,668227,677594,645302,53.81,,0,0,1,0,0,,32,4,4-Seam Fastball,1,0,0,1,0,1,0,1,Infield shade,Standard,225,0.011,-0.182,71.2,6.4,,0.182,,1,-1,0.697,0.30300000000000005,27,25,27,26,2,1,6,2,5,,1.16,0.91,-0.91,28.6,11.203658342093208,-7.257113780533133,23.46899857407329,29.588928559875505,30.70868651479457
CH,2025-10-10,88.5,1.98,5.96,"Polanco, Jorge",593871,669373,,ball,,,,,14,Ball,D,R,L,SEA,DET,B,,,1,2,2025,1.21,0.17,2.02280768311738,1.775742198454521,,,,1,4,Bot,,,,,,,-2.4359655313158584,-128.85947190698732,-4.525543145559357,14.030790499616954,26.601823646531802,-29.558068970093867,3.15930914275289,1.45443660572705,,,,88.9,1831,6.5,813054,693307,679529,650402,656716,595879,682985,678009,681481,54.01,,,,,,,,28,5,Changeup,1,0,1,0,0,1,1,0,Standard,Standard,143,0.003,0.048,,,,-0.048,,1,1,0.659,0.659,28,31,29,32,2,1,5,2,,2,2.74,1.21,-1.21,47.8,,,,,
FF,2025-10-10,99.7,2.04,6,"Polanco, Jorge",593871,669373,,foul,,,,,12,Foul,D,R,L,SEA,DET,S,,,1,2,2025,0.61,1.29,0.4278768448858662,3.42411965813315,,,,1,4,Bot,,,,,,,-5.905468279304538,-145.0312045164555,-4.750574317117661,10.011756419085392,34.41812614679874,-13.033344155417485,3.3,1.6,264,79.2,39,100.3,2519,6.7,813054,693307,679529,650402,656716,595879,682985,678009,681481,53.81,,,,,,,,28,4,4-Seam Fastball,1,0,1,0,0,1,1,0,Standard,Standard,151,0,0,57.7,5.1,,0,88.0,1,1,0.659,0.659,28,31,29,32,2,1,5,2,,2,1.01,0.61,-0.61,45.5,-19.76849664064883,30.753750521138684,28.58969325739344,37.639142427573816,8.52076223148562
SI,2025-10-10,96.3,-1.69,5.45,"Meadows, Parker",678009,669923,,called_strike,,,,,3,Called Strike,D,L,R,SEA,DET,S,,,1,1,2025,-1.38,0.63,0.7894472359962814,3.1420020566395674,,,,2,5,Top,,,,,,,9.768085566753005,-139.9270113759223,-1.9893460586525813,-20.29525573811522,29.440898350441344,-23.649208449927986,3.50000001372289,1.78219632582209,,,,97.2,2411,6.7,813054,663728,647304,593871,553993,641487,668227,677594,645302,53.79,,,,,,,,32,3,Sinker,1,0,0,1,0,1,0,1,Standard,Standard,224,0.003,-0.062,,,,0.062,,1,-1,0.694,0.30600000000000005,27,25,27,26,2,1,6,2,5,,1.82,1.38,-1.38,27.9,,,,,
SL,2025-10-10,86.4,-1.85,5.41,"Meadows, Parker",678009,669923,,foul_tip,,,,,14,Foul Tip,D,L,R,SEA,DET,S,,,1,0,2025,0.93,-0.39,0.9318863514028572,1.785048916869119,,,,2,5,Top,,,,,,,4.76590045731358,-125.76086902863265,-1.6342085892030083,8.911502185896856,25.884360249655305,-36.170820889496696,3.5,1.71,,,,86.9,2390,6.6,813054,663728,647304,593871,553993,641487,668227,677594,645302,53.85,,,,,,,,32,2,Slider,1,0,0,1,0,1,0,1,Standard,Standard,35,0.003,-0.054,75.6,8.0,,0.054,,1,-1,0.691,0.30900000000000005,27,25,27,26,2,1,6,2,5,,3.44,-0.93,0.93,27.9,18.333149694104524,-22.154132170422166,37.172673299079335,27.32062002819849,38.381710541691675
CH,2025-10-10,88.4,2,6.03,"Polanco, Jorge",593871,669373,,swinging_strike,,,,,9,Swinging Strike,D,R,L,SEA,DET,S,,,1,1,2025,0.91,0.31,0.716740726903371,2.06129447810108,,,,1,4,Bot,,,,,,,-5.036674088275805,-128.6290141410179,-4.270686000585116,11.143944033932717,25.633581117957824,-28.112083943246088,3.3,1.6,,,,88.9,1921,6.5,813054,693307,679529,650402,656716,595879,682985,678009,681481,53.96,,,,,,,,28,3,Changeup,1,0,1,0,0,1,1,0,Standard,Standard,140,-0.004,-0.064,70.3,7.3,,0.064,,1,1,0.663,0.663,28,31,29,32,2,1,5,2,,2,2.6,0.91,-0.91,44.3,12.355867359237187,-18.506068527496673,27.754854913934974,43.08314317126914,41.56352571464447
CH,2025-10-10,88.5,-1.82,5.36,"Meadows, Parker",678009,669923,,ball,,,,,11,Ball,D,L,R,SEA,DET,B,,,0,0,2025,-1.19,0.65,-1.4652602254043958,3.4167753375817185,,,,2,5,Top,,,,,,,3.3775654944205176,-128.95268246126437,-0.08427294895879156,-14.053789948009573,25.066799156131015,-25.05296500434911,3.54224979799663,1.82009484579661,,,,89.5,1586,6.7,813054,663728,647304,593871,553993,641487,668227,677594,645302,53.84,,,,,,,,32,1,Changeup,1,0,0,1,0,1,0,1,Standard,Standard,238,-0.002,0.037,,,,-0.037,,1,-1,0.693,0.30700000000000005,27,25,27,26,2,1,6,2,5,,2.24,1.19,-1.19,22.4,,,,,
CH,2025-10-10,89.5,1.94,6.07,"Polanco, Jorge",593871,669373,,ball,,,,,12,Ball,D,R,L,SEA,DET,B,,,0,1,2025,1.12,0.53,1.6033768711378336,3.144993571327587,,,,1,4,Bot,,,,,,,-3.203825535920603,-130.31961564166704,-2.3605951533013245,13.438495971656929,26.60864619448999,-25.838722187393703,3.18555222215021,1.47459182384383,,,,89.9,1867,6.4,813054,693307,679529,650402,656716,595879,682985,678009,681481,54.08,,,,,,,,28,2,Changeup,1,0,1,0,0,1,1,0,Standard,Standard,142,0.001,0.029,,,,-0.029,,1,1,0.662,0.662,28,31,29,32,2,1,5,2,,2,2.3,1.12,-1.12,45.1,,,,,
FF,2025-10-10,95.9,-1.75,5.49,"Dingler, Dillon",693307,669923,strikeout,swinging_strike,,,,,3,Dillon Dingler strikes out swinging.,D,R,R,SEA,DET,S,2,,3,2,2025,-0.74,1.15,0.6655848210958467,3.271576649157237,,,,1,5,Top,,,,,,,8.165262587384106,-139.53813904198267,-2.901505746572564,-11.515092385627517,29.920905314207538,-16.658894060289107,3.41,1.53,,,,97,2266,6.8,813054,663728,647304,593871,553993,641487,668227,677594,645302,53.67,,0,0,1,0,0,,31,6,4-Seam Fastball,1,0,0,1,0,1,0,1,Infield shade,Standard,226,0.028,-0.332,71.8,7.3,,0.332,,1,-1,0.665,0.33499999999999996,27,26,27,27,2,1,6,2,5,,1.32,0.74,0.74,28.5,13.029389021245125,7.615535402700216,28.6976713533917,44.36253102190854,19.38532722173564
FF,2025-10-10,97.8,1.45,6.17,"Polanco, Jorge",593871,669373,,foul,,,,,4,Foul,D,R,L,SEA,DET,S,,,0,0,2025,-0.03,1.51,-0.5797414575348872,2.5371204185733722,,,,1,4,Bot,,,,,,,-5.425928105932778,-142.1090137269203,-7.7910670269520885,0.9241802446267465,33.27524704924166,-10.112581176090899,3.3,1.6,356,95.8,34,98.2,2374,6.6,813054,693307,679529,650402,656716,595879,682985,678009,681481,53.87,,,,,,,,28,1,4-Seam Fastball,1,0,1,0,0,1,1,0,Standard,Standard,159,-0.002,-0.039,74.0,7.4,,0.039,95.8,1,1,0.664,0.664,28,31,29,32,2,1,5,2,,2,0.88,-0.03,0.03,50.6,12.892109629551502,-20.186207649077417,35.17888889254266,27.18277831484291,32.94579792450721
CH,2025-10-10,87.9,2.12,5.92,"Rodríguez, Julio",677594,669373,strikeout,swinging_strike,,,,,8,Julio Rodríguez strikes out swinging.,D,R,L,SEA,DET,S,2,,3,2,2025,1.17,0.36,-0.20176457838470174,1.9149726868621144,,,,0,4,Bot,,,,,,,-8.086462146797691,-127.77972125220015,-4.3392627138247235,14.516618442731113,26.768540636366314,-27.538547292622557,3.29,1.52,,,,88.2,1814,6.5,813054,693307,679529,650402,656716,595879,682985,678009,681481,53.96,,0,0,1,0,0,,27,6,Changeup,1,0,1,0,0,1,1,0,Standard,Standard,137,-0.026,-0.345,75.9,8.6,,0.345,,1,1,0.69,0.69,28,24,29,25,2,1,5,2,,2,2.6,1.17,-1.17,43.8,17.666897498126673,-43.90384279380049,29.082006436170644,37.41563183580412,55.90433136493579
SI,2025-10-10,95.7,-1.78,5.4,"Dingler, Dillon",693307,669923,,foul,,,,,11,Foul,D,R,R,SEA,DET,S,,,3,1,2025,-1.45,0.56,-1.1654084591757226,3.112904261334145,,,,1,5,Top,,,,,,,4.913841538408044,-139.27666442739522,-1.6928160527772445,-19.936732013081144,31.373222181833953,-24.73576866109811,3.41,1.53,16,69.6,-10,96.2,2293,6.6,813054,663728,647304,593871,553993,641487,668227,677594,645302,53.94,,,,,,,,31,5,Sinker,1,0,0,1,0,1,0,1,Infield shade,Standard,224,0.009,-0.087,70.6,7.7,,0.087,88.0,1,-1,0.656,0.344,27,26,27,27,2,1,6,2,5,,1.93,1.45,1.45,25.4,18.85059314299498,-17.20848293338409,36.41715758210273,22.001057693064794,26.918933627335065
SL,2025-10-10,86.5,-2,5.38,"Dingler, Dillon",693307,669923,,ball,,,,,11,Ball,D,R,R,SEA,DET,B,,,2,1,2025,1.02,0.13,-1.0227576648093613,3.1630486482983233,,,,1,5,Top,,,,,,,0.25388761664577275,-125.94078935174915,0.6713399867301801,10.791638241028515,25.792555981459763,-31.189144132027856,3.34836580805412,1.52999920552734,,,,86.9,2062,6.5,813054,663728,647304,593871,553993,641487,668227,677594,645302,53.99,,,,,,,,31,4,Slider,1,0,0,1,0,1,0,1,Infield shade,Standard,40,-0.01,0.121,,,,-0.121,,1,-1,0.666,0.33399999999999996,27,26,27,27,2,1,6,2,5,,2.92,-1.02,-1.02,25.7,,,,,
CH,2025-10-10,91.1,2.08,5.96,"Rodríguez, Julio",677594,669373,,ball,,,,,14,Ball,D,R,L,SEA,DET,B,,,2,2,2025,1.44,0.53,0.3325707326600138,-0.6364423937412969,,,,0,4,Bot,,,,,,,-7.486988590732462,-131.96108165916127,-11.785824552506662,18.376310057999113,28.42980479454527,-23.584029336584933,3.2899985153637,1.49362275117564,,,,91.3,1951,6.7,813054,693307,679529,650402,656716,595879,682985,678009,681481,53.83,,,,,,,,27,5,Changeup,1,0,1,0,0,1,1,0,Standard,Standard,138,0.008,0.112,,,,-0.112,,1,1,0.682,0.682,28,24,29,25,2,1,5,2,,2,2.25,1.44,-1.44,42.7,,,,,
SL,2025-10-10,88.1,-1.97,5.43,"Dingler, Dillon",693307,669923,,ball,,,,,1,Ball,D,R,R,SEA,DET,B,,,1,1,2025,0.89,-0.26,-0.3423352433001504,3.5117992108034928,,,,1,5,Top,,,,,,,2.1174666541047418,-128.3164077379994,1.9801646940202988,9.448010407044697,25.719889841656794,-35.68585290627525,3.4200006697022,1.53932721601082,,,,88.7,2540,6.5,813054,663728,647304,593871,553993,641487,668227,677594,645302,53.99,,,,,,,,31,3,Slider,1,0,0,1,0,1,0,1,Infield shade,Standard,46,-0.005,0.055,,,,-0.055,,1,-1,0.671,0.32899999999999996,27,26,27,27,2,1,6,2,5,,3.19,-0.89,-0.89,23.7,,,,,
SL,2025-10-10,91,2.02,5.95,"Rodríguez, Julio",677594,669373,,foul,,,,,5,Foul,D,R,L,SEA,DET,S,,,2,1,2025,-0.22,0.47,0.17852557796423751,2.204729208109833,,,,0,4,Bot,,,,,,,-4.1832911017709025,-132.5639017440134,-4.583011624069882,-1.7374470258773314,25.923686792062636,-25.939674233304014,3.29,1.52,200,71,42,91.9,2225,6.6,813054,693307,679529,650402,656716,595879,682985,678009,681481,53.93,,,,,,,,27,4,Slider,1,0,1,0,0,1,1,0,Standard,Standard,173,-0.006,-0.073,81.3,7.2,,0.073,88.0,1,1,0.688,0.688,28,24,29,25,2,1,5,2,,2,2.26,-0.22,0.22,45.0,-5.658211624366642,10.658152431824526,32.04918999040715,42.29266123454923,21.84595845363062
SI,2025-10-10,97,-1.72,5.6,"Dingler, Dillon",693307,669923,,ball,,,,,11,Ball,D,R,R,SEA,DET,B,,,0,1,2025,-1.46,0.59,-0.06652134024995249,3.8153313404001588,,,,1,5,Top,,,,,,,7.796600251159016,-141.0992609340763,-0.5923772760633795,-21.220617124898098,31.157298815224625,-24.39027446730935,3.40999976798166,1.51629280697308,,,,97.8,2366,6.7,813054,663728,647304,593871,553993,641487,668227,677594,645302,53.81,,,,,,,,31,2,Sinker,1,0,0,1,0,1,0,1,Standard,Standard,222,-0.002,0.029,,,,-0.029,,1,-1,0.673,0.32699999999999996,27,26,27,27,2,1,6,2,5,,1.83,1.46,1.46,28.9,,,,,
SL,2025-10-10,90.3,2.09,6.01,"Rodríguez, Julio",677594,669373,,ball,,,,,12,Ball,D,R,L,SEA,DET,B,,,1,1,2025,-0.31,0.26,0.8118893417422921,3.442752704689744,,,,0,4,Bot,,,,,,,-2.5413692795039697,-131.57674458689704,-1.0612489564798473,-3.1291101886668757,24.988085134794215,-29.16406118050856,3.26271287849604,1.49645731020028,,,,91.2,2326,6.5,813054,693307,679529,650402,656716,595879,682985,678009,681481,53.99,,,,,,,,27,3,Slider,1,0,1,0,0,1,1,0,Standard,Standard,206,0.004,0.055,,,,-0.055,,1,1,0.684,0.684,28,24,29,25,2,1,5,2,,2,2.51,-0.31,0.31,45.3,,,,,
SL,2025-10-10,87.7,-2,5.43,"Dingler, Dillon",693307,669923,,foul,,,,,6,Foul,D,R,R,SEA,DET,S,,,0,0,2025,1,0.05,0.7419493832461632,2.74104930919188,,,,1,5,Top,,,,,,,4.594111870587034,-127.83916239792147,-0.5432440980106296,10.186881860775802,24.46772793436363,-31.748115013729294,3.41,1.53,,,,88.6,2462,6.6,813054,663728,647304,593871,553993,641487,668227,677594,645302,53.93,,,,,,,,31,1,Slider,1,0,0,1,0,1,0,1,Infield shade,Standard,38,0.003,-0.039,72.7,7.4,,0.039,,1,-1,0.67,0.32999999999999996,27,26,27,27,2,1,6,2,5,,2.89,-1,-1,24.9,9.82864931882388,11.394663840232614,37.054274926777495,45.69750994346225,20.777636619183887
FF,2025-10-10,98.5,1.62,6.17,"Rodríguez, Julio",677594,669373,,ball,,,,,11,Ball,D,R,L,SEA,DET,B,,,0,1,2025,0.2,1.47,-1.0573546871268982,2.4996095717279228,,,,0,4,Bot,,,,,,,-7.779992157192249,-143.16996290576813,-7.954747023509148,4.545269851431723,31.659266567252047,-10.331362890828226,3.31067439992819,1.54426502687446,,,,99.1,2450,6.6,813054,693307,679529,650402,656716,595879,682985,678009,681481,53.91,,,,,,,,27,2,4-Seam Fastball,1,0,1,0,0,1,1,0,Standard,Standard,157,0.002,0.031,,,,-0.031,,1,1,0.682,0.682,28,24,29,25,2,1,5,2,,2,0.88,0.2,-0.2,53.8,,,,,
SI,2025-10-10,95.5,-1.71,5.42,"McKinstry, Zach",656716,669923,field_out,hit_into_play,,,,,6,"Zach McKinstry grounds out, first baseman Josh Naylor to pitcher George Kirby.",D,L,R,SEA,DET,X,3,ground_ball,3,2,2025,-1.35,0.58,0.6472111661371289,2.5639626476918336,,,,0,5,Top,144.32,170.6,,,,,9.336636357285512,-138.82999047812106,-3.243461702694354,-19.55643576867034,28.92519131494435,-24.096612927395267,3.28,1.53,53,67.3,4,96.5,2318,6.7,813054,663728,647304,593871,553993,641487,668227,677594,645302,53.75,0.202,0.182,0,1,0,0,2,30,7,Sinker,1,0,0,1,0,1,0,1,Standard,Standard,224,0.04,-0.345,63.5,5.9,0.224,0.345,88.0,1,-1,0.63,0.37,27,30,27,30,2,1,6,2,5,,1.91,1.35,-1.35,26.6,-1.6769962454149656,3.132750233201352,45.658953022523185,25.498861056931453,22.52858522702162
FF,2025-10-10,98.5,1.78,6.05,"Rodríguez, Julio",677594,669373,,foul,,,,,4,Foul,D,R,L,SEA,DET,S,,,0,0,2025,0.22,1.33,-0.5864097245615134,2.7085777790364673,,,,0,4,Bot,,,,,,,-6.979628715174953,-143.18781463055367,-6.75256039466647,4.626541215977045,32.07387589988166,-12.468258602289767,3.29,1.52,224,76.8,25,99,2347,6.6,813054,693307,679529,650402,656716,595879,682985,678009,681481,53.93,,,,,,,,27,1,4-Seam Fastball,1,0,1,0,0,1,1,0,Standard,Standard,154,-0.003,-0.039,83.5,7.9,,0.039,88.0,1,1,0.685,0.685,28,24,29,25,2,1,5,2,,2,1.02,0.22,-0.22,47.2,7.324304211039441,-8.48978268583651,28.20366071761394,32.16200876344773,33.463598648183236
FF,2025-10-10,96,-1.72,5.5,"McKinstry, Zach",656716,669923,,foul,,,,,6,Foul,D,L,R,SEA,DET,S,,,3,2,2025,-0.78,1.09,0.45002805473517915,2.5964593827634173,,,,0,5,Top,,,,,,,7.561977358370047,-139.59994762185647,-4.617541342218427,-11.860853200230418,30.103963150936885,-17.016673549470983,3.28,1.53,221,68,42,96.9,2154,6.7,813054,663728,647304,593871,553993,641487,668227,677594,645302,53.78,,,,,,,,30,6,4-Seam Fastball,1,0,0,1,0,1,0,1,Infield shade,Standard,226,0,0,68.5,6.6,,0,88.0,1,-1,0.63,0.37,27,30,27,30,2,1,6,2,5,,1.38,0.78,-0.78,28.1,7.858250810862998,-6.279181688751984,43.805917253475144,27.947982063878854,25.49821678627484
FF,2025-10-10,100.6,1.78,6.14,"Raleigh, Cal",663728,669373,strikeout,swinging_strike,,,,,5,Cal Raleigh strikes out swinging.,D,R,L,SEA,DET,S,2,,3,2,2025,0.17,1.34,-0.15324761026327163,2.9920571172547423,,,,2,3,Bot,,,,,,,-5.8147957766554,-146.41107375742737,-6.611500658324367,3.829985254155331,33.935929892210794,-11.52529918887522,3.6,1.69,,,,101.3,2363,6.6,813054,693307,679529,650402,656716,595879,682985,678009,681481,53.89,,0,0,1,0,0,,22,6,4-Seam Fastball,1,0,1,0,0,1,1,0,Standard,Standard,152,-0.012,-0.328,83.8,7.7,,0.328,,1,1,0.635,0.635,28,28,29,29,2,1,5,2,,2,0.91,0.17,-0.17,47.3,15.959494108836557,-2.380181869592328,32.91711355274822,32.01801892499112,30.906682429571507
SI,2025-10-10,94.8,-1.73,5.42,"McKinstry, Zach",656716,669923,,called_strike,,,,,5,Called Strike,D,L,R,SEA,DET,S,,,3,1,2025,-1.45,0.68,0.04805418737045697,2.525474056930552,,,,0,5,Top,,,,,,,7.947770170668924,-137.86296889646673,-3.417161892910376,-20.229477801938813,31.398133236800845,-22.906543531252282,3.35866049263958,1.55971833688467,,,,95.5,2272,6.8,813054,663728,647304,593871,553993,641487,668227,677594,645302,53.74,,,,,,,,30,5,Sinker,1,0,0,1,0,1,0,1,Standard,Standard,226,0.013,-0.094,,,,0.094,,1,-1,0.617,0.383,27,30,27,30,2,1,6,2,5,,1.86,1.45,-1.45,29.4,,,,,
SL,2025-10-10,91.7,2.28,5.85,"Raleigh, Cal",663728,669373,,foul,,,,,6,Foul,D,R,L,SEA,DET,S,,,3,1,2025,-0.31,0.34,0.3762620463309969,2.75537806589117,,,,2,3,Bot,,,,,,,-4.192589177061576,-133.56187957039012,-2.777953927325152,-2.872646686984717,25.945858509193748,-27.77967773119239,3.6,1.69,,,,92.8,2227,6.7,813054,693307,679529,650402,656716,595879,682985,678009,681481,53.81,,,,,,,,22,5,Slider,1,0,1,0,0,1,1,0,Standard,Standard,184,-0.002,-0.086,78.8,8.7,,0.086,,1,1,0.637,0.637,28,28,29,29,2,1,5,2,,2,2.35,-0.31,0.31,41.9,22.109411045400236,-15.359599607339838,27.49926711146056,39.016368240134085,45.06666501751518
SI,2025-10-10,94.7,-1.81,5.46,"McKinstry, Zach",656716,669923,,called_strike,,,,,1,Called Strike,D,L,R,SEA,DET,S,,,3,0,2025,-1.43,0.66,-0.5803941385419171,2.8158005976848814,,,,0,5,Top,,,,,,,6.441701023841134,-137.72112436868002,-2.697219918025492,-19.635539228084486,30.990468531434445,-23.34645537417345,3.2799991465968,1.55318720842123,,,,95.2,2225,6.6,813054,663728,647304,593871,553993,641487,668227,677594,645302,53.88,,,,,,,,30,4,Sinker,1,0,0,1,0,1,0,1,Standard,Standard,230,0.011,-0.09,,,,0.09,,1,-1,0.606,0.394,27,30,27,30,2,1,6,2,5,,1.88,1.43,-1.43,24.7,,,,,
CH,2025-10-10,87.4,1.94,6.09,"Raleigh, Cal",663728,669373,,ball,,,,,12,Ball,D,R,L,SEA,DET,B,,,2,1,2025,1.16,0.38,0.5819486060724395,4.259006433037468,,,,2,3,Bot,,,,,,,-5.657675450537856,-127.17784919500747,0.9746913382813183,13.71535044413497,26.597883312291618,-28.503761720008686,3.48182939555288,1.68999908230431,,,,87.5,1830,6.4,813054,693307,679529,650402,656716,595879,682985,678009,681481,54.1,,,,,,,,22,4,Changeup,1,0,1,0,0,1,1,0,Standard,Standard,136,0.003,0.117,,,,-0.117,,1,1,0.634,0.634,28,28,29,29,2,1,5,2,,2,2.61,1.16,-1.16,45.2,,,,,
SL,2025-10-10,92.1,2.12,5.94,"Raleigh, Cal",663728,669373,,ball,,,,,12,Ball,D,R,L,SEA,DET,B,,,1,1,2025,-0.27,0.25,0.2834308491836639,4.8676270050849215,,,,2,3,Bot,,,,,,,-4.10620427400151,-134.21255039993255,2.5225890039999523,-2.4854332191449813,26.428854927603723,-29.88374867969265,3.50342985079102,1.69558107605864,,,,93,2238,6.6,813054,693307,679529,650402,656716,595879,682985,678009,681481,53.94,,,,,,,,22,3,Slider,1,0,1,0,0,1,1,0,Standard,Standard,205,0.002,0.053,,,,-0.053,,1,1,0.632,0.632,28,28,29,29,2,1,5,2,,2,2.41,-0.27,0.27,43.8,,,,,
FF,2025-10-10,96.2,-1.81,5.59,"McKinstry, Zach",656716,669923,,ball,,,,,14,Ball,D,L,R,SEA,DET,B,,,2,0,2025,-1,0.89,1.0068973411515814,2.4694489882288746,,,,0,5,Top,,,,,,,9.804205193982284,-139.83233027761378,-4.742993708202874,-15.340581105194376,30.14643500572536,-19.55749012550586,3.3610035837941,1.5917602625796,,,,96.9,2323,6.6,813054,663728,647304,593871,553993,641487,668227,677594,645302,53.87,,,,,,,,30,3,4-Seam Fastball,1,0,0,1,0,1,0,1,Standard,Standard,222,-0.016,0.152,,,,-0.152,,1,-1,0.622,0.378,27,30,27,30,2,1,6,2,5,,1.57,1,-1,25.7,,,,,
FF,2025-10-10,99,1.45,6.23,"Raleigh, Cal",663728,669373,,foul,,,,,4,Foul,D,R,L,SEA,DET,S,,,1,0,2025,0.1,1.4,-0.5500939182473644,2.93058892100012,,,,2,3,Bot,,,,,,,-5.744753066770479,-144.01704476086888,-6.877672960913347,2.768707540256178,33.70872739944531,-11.330892536998485,3.6,1.69,176,89.8,71,99.6,2307,6.7,813054,693307,679529,650402,656716,595879,682985,678009,681481,53.85,,,,,,,,22,2,4-Seam Fastball,1,0,1,0,0,1,1,0,Standard,Standard,161,-0.002,-0.054,80.4,8.2,,0.054,89.8,1,1,0.634,0.634,28,28,29,29,2,1,5,2,,2,0.93,0.1,-0.1,54.9,21.36199226439516,-15.080802255171097,32.4579913194123,26.26638097690682,41.48490812316429
SI,2025-10-10,95.2,-1.72,5.62,"McKinstry, Zach",656716,669923,,ball,,,,,12,Ball,D,L,R,SEA,DET,B,,,1,0,2025,-1.37,0.77,0.05183937963239349,3.9823176951119983,,,,0,5,Top,,,,,,,7.760472371334133,-138.5093489629979,-0.3563888705257833,-19.43086020141756,31.35393657772087,-22.42842765820782,3.33931532981701,1.59957963456417,,,,95.6,2303,6.5,813054,663728,647304,593871,553993,641487,668227,677594,645302,53.96,,,,,,,,30,2,Sinker,1,0,0,1,0,1,0,1,Standard,Standard,227,-0.011,0.077,,,,-0.077,,1,-1,0.633,0.367,27,30,27,30,2,1,6,2,5,,1.75,1.37,-1.37,27.3,,,,,
CH,2025-10-10,89.3,2.03,5.99,"Raleigh, Cal",663728,669373,,ball,,,,,14,Ball,D,R,L,SEA,DET,B,,,0,0,2025,1.21,0.28,0.685275680769488,1.4309650981297457,,,,2,3,Bot,,,,,,,-5.874666024152483,-129.7892907492981,-5.804432633142462,14.888617811292386,27.722478846629553,-27.915756154539174,3.62770979954024,1.81740641637691,,,,89.5,1957,6.5,813054,693307,679529,650402,656716,595879,682985,678009,681481,53.97,,,,,,,,22,1,Changeup,1,0,1,0,0,1,1,0,Standard,Standard,134,0.001,0.037,,,,-0.037,,1,1,0.633,0.633,28,28,29,29,2,1,5,2,,2,2.59,1.21,-1.21,44.0,,,,,
FF,2025-10-10,94.3,-1.82,5.59,"McKinstry, Zach",656716,669923,,ball,,,,,11,Ball,D,L,R,SEA,DET,B,,,0,0,2025,-1.09,0.95,-1.1892802196718668,2.5020806793923476,,,,0,5,Top,,,,,,,4.091293241335984,-137.20025649305376,-4.444918788203266,-14.714822135926967,30.431890699142862,-19.442092238456667,3.35248549445532,1.58327512151547,,,,94.6,2171,6.5,813054,663728,647304,593871,553993,641487,668227,677594,645302,54.04,,,,,,,,30,1,4-Seam Fastball,1,0,0,1,0,1,0,1,Standard,Standard,227,-0.005,0.041,,,,-0.041,,1,-1,0.638,0.362,27,30,27,30,2,1,6,2,5,,1.62,1.09,-1.09,28.5,,,,,
FF,2025-10-10,97.3,-1.94,5.56,"McKinstry, Zach",656716,669923,truncated_pa,ball,,,,,11,"Mariners challenged (tag play), call on the field was overturned: Colt Keith caught stealing 2nd base, catcher Cal Raleigh to shortstop J.P. Crawford.",D,L,R,SEA,DET,B,2,,1,1,2025,-0.71,1.19,-0.13855727317197752,4.06458846050276,,,690993,2,4,Top,,,,,,,6.517385792585441,-141.65157324710293,-1.2286762333255266,-11.11241046492669,32.267058055025004,-16.036010974070997,3.27999941548484,1.57868503898437,,,,97.9,2284,6.6,813054,663728,647304,593871,553993,641487,668227,677594,645302,53.89,,,0,0,0,0,,26,3,4-Seam Fastball,1,0,0,1,0,1,0,1,Standard,Standard,223,0.027,-0.255,,,,0.255,,1,-1,0.658,0.34199999999999997,27,30,27,30,2,1,6,2,5,,1.21,0.71,-0.71,28.4,,,,,
CH,2025-10-10,88.9,1.97,6.01,"Arozarena, Randy",668227,669373,strikeout,swinging_strike,,,,,14,Randy Arozarena strikes out swinging.,D,R,L,SEA,DET,S,2,,1,2,2025,0.83,0.49,1.0513534927658648,2.0067580332880506,,,,1,3,Bot,,,,,,,-4.0188442703162774,-129.42332863359943,-4.811402874381231,10.18840543956384,27.84468420375495,-25.873425981666482,3.43,1.69,,,,89.3,1834,6.6,813054,693307,679529,650402,656716,595879,682985,678009,681481,53.92,,0,0,1,0,0,,21,6,Changeup,1,0,1,0,0,1,1,0,Standard,Standard,142,-0.01,-0.18,72.5,8.7,,0.18,,1,1,0.643,0.643,28,30,29,30,2,1,5,2,,2,2.4,0.83,-0.83,45.1,5.8182729207040325,-39.35913523127381,9.68766616420443,46.65568051270005,60.63509452809423
FF,2025-10-10,100.1,1.59,6.19,"Arozarena, Randy",668227,669373,,foul,,,,,13,Foul,D,R,L,SEA,DET,S,,,1,2,2025,0.06,1.55,-1.2155608145598937,2.1816883550008628,,,,1,3,Bot,,,,,,,-7.9240500139457675,-145.31876557911565,-9.335069594505795,2.7888968020640883,34.77600196871626,-8.218294177818038,3.43,1.69,13,49.9,-8,100.3,2453,6.6,813054,693307,679529,650402,656716,595879,682985,678009,681481,53.91,,,,,,,,21,5,4-Seam Fastball,1,0,1,0,0,1,1,0,Standard,Standard,155,0,0,65.5,8.5,,0,88.0,1,1,0.643,0.643,28,30,29,30,2,1,5,2,,2,0.74,0.06,-0.06,49.2,15.3648450130479,-51.253396878448235,31.81475970309602,18.528462418886555,13.958656151898378
SI,2025-10-10,96.1,-1.83,5.54,"McKinstry, Zach",656716,669923,,ball,,,,,12,Ball,D,L,R,SEA,DET,B,,,0,1,2025,-1.44,0.5,0.10458136969104093,3.813940937842122,,,690993,2,4,Top,,,,,,,8.433042361934477,-139.70297957582076,-0.09545646816055231,-20.799943799946735,31.944897882671324,-25.822858495421208,3.27999944174461,1.54600313821079,,,,96.4,2307,6.5,813054,663728,647304,593871,553993,641487,668227,677594,645302,53.96,,,,,,,,26,2,Sinker,1,0,0,1,0,1,0,1,Standard,Standard,223,-0.003,0.027,,,,-0.027,,1,-1,0.661,0.33899999999999997,27,30,27,30,2,1,6,2,5,,1.97,1.44,-1.44,29.4,,,,,
SL,2025-10-10,88.4,-1.96,5.46,"McKinstry, Zach",656716,669923,,called_strike,,,,,5,Called Strike,D,L,R,SEA,DET,S,,,0,0,2025,0.77,0.04,0.023611800053544685,2.6272479619807387,,,690993,2,4,Top,,,,,,,3.2281237169414077,-128.66652428672506,-0.8868065934518758,7.886689426047038,27.52382434849187,-31.760417021397743,3.29507470972777,1.56136411479822,,,,88.7,2222,6.5,813054,663728,647304,593871,553993,641487,668227,677594,645302,53.96,,,,,,,,26,1,Slider,1,0,0,1,0,1,0,1,Standard,Standard,30,0.004,-0.042,,,,0.042,,1,-1,0.657,0.34299999999999997,27,30,27,30,2,1,6,2,5,,2.88,-0.77,0.77,26.9,,,,,
FF,2025-10-10,98.9,1.73,6.12,"Arozarena, Randy",668227,669373,,foul,,,,,1,Foul,D,R,L,SEA,DET,S,,,1,2,2025,0.43,1.52,-0.5527126942968549,3.0282226481584007,,,,1,3,Bot,,,,,,,-7.2566899986856255,-143.8153062478778,-6.57087208501649,7.616252019276851,33.49106353897773,-9.663047040549008,3.43,1.69,260,79.1,52,99.3,2362,6.6,813054,693307,679529,650402,656716,595879,682985,678009,681481,53.93,,,,,,,,21,4,4-Seam Fastball,1,0,1,0,0,1,1,0,Standard,Standard,152,0,0,73.9,7.6,,0,88.0,1,1,0.643,0.643,28,30,29,30,2,1,5,2,,2,0.81,0.43,-0.43,46.2,8.917637529855012,-13.693989232026652,18.746395637454054,27.451966220213983,34.15762455233148
KC,2025-10-10,86.2,-1.72,5.45,"Keith, Colt",690993,669923,hit_by_pitch,hit_by_pitch,,,,,14,Colt Keith hit by pitch.,D,L,R,SEA,DET,B,,,2,2,2025,0.71,-1.14,2.246770325147091,-0.10319106437279668,,,,2,4,Top,,,,,,,8.018432038584212,-125.17084379704427,-4.571040691631842,5.691875816966928,27.41180918780704,-43.333362183238094,3.35,1.59,,,,86.3,2501,6.7,813054,663728,647304,593871,553993,641487,668227,677594,645302,53.81,,0.722289,0.7,1,0,0,,25,5,Knuckle Curve,1,0,0,1,0,1,0,1,Infield shade,Standard,35,-0.017,0.363,,,,-0.363,,1,-1,0.674,0.32599999999999996,27,23,27,24,2,1,6,2,5,,4.25,-0.71,0.71,28.8,,,,,
FF,2025-10-10,98.6,1.5,6.2,"Arozarena, Randy",668227,669373,,called_strike,,,,,6,Called Strike,D,R,L,SEA,DET,S,,,1,1,2025,0.27,1.61,0.3663365641832771,2.3108907971785344,,,,1,3,Bot,,,,,,,-3.708140480656097,-143.36754226865477,-8.892733493617703,4.551118735587553,32.82164112615817,-8.06331986248956,3.30006753003115,1.66501336470408,,,,98.9,2472,6.5,813054,693307,679529,650402,656716,595879,682985,678009,681481,54.04,,,,,,,,21,3,4-Seam Fastball,1,0,1,0,0,1,1,0,Standard,Standard,160,-0.004,-0.064,,,,0.064,,1,1,0.647,0.647,28,30,29,30,2,1,5,2,,2,0.73,0.27,-0.27,52.9,,,,,
CH,2025-10-10,87.8,1.73,6.13,"Arozarena, Randy",668227,669373,,called_strike,,,,,7,Called Strike,D,R,L,SEA,DET,S,,,1,0,2025,1.42,0.65,-0.6732160448016631,2.1441315935564194,,,,1,3,Bot,,,,,,,-8.775696105666354,-127.58185475050577,-4.888965608382156,17.293598679254966,25.48986093680103,-24.22531623673978,3.47259536438628,1.71796926456662,,,,88.2,1822,6.6,813054,693307,679529,650402,656716,595879,682985,678009,681481,53.94,,,,,,,,21,2,Changeup,1,0,1,0,0,1,1,0,Standard,Standard,135,-0.003,-0.049,,,,0.049,,1,1,0.65,0.65,28,30,29,30,2,1,5,2,,2,2.31,1.42,-1.42,46.8,,,,,
SI,2025-10-10,95.9,-1.75,5.41,"Keith, Colt",690993,669923,,called_strike,,,,,6,Called Strike,D,L,R,SEA,DET,S,,,2,1,2025,-1.5,0.51,0.43182013223002946,2.229771236564285,,,,2,4,Top,,,,,,,9.20027500705495,-139.36594843661845,-3.9592274552140214,-21.564441851138046,30.65630630324744,-24.83328901638322,3.37587036440548,1.67132266969755,,,,96.4,2283,6.6,813054,663728,647304,593871,553993,641487,668227,677594,645302,53.9,,,,,,,,25,4,Sinker,1,0,0,1,0,1,0,1,Standard,Standard,228,0.004,-0.073,,,,0.073,,1,-1,0.67,0.32999999999999996,27,23,27,24,2,1,6,2,5,,1.97,1.5,-1.5,25.7,,,,,
FF,2025-10-10,94.3,-2.49,5.44,"Crawford, J.P.",641487,656427,truncated_pa,ball,,,,,13,"Victor Robles caught stealing 2nd base, catcher Dillon Dingler to shortstop Javier Báez.",D,L,R,SEA,DET,B,2,,1,2,2025,-0.72,1.48,-2.0244910790949544,2.259159004888916,,,645302,2,14,Bot,,,,,,,2.825951909623863,-137.22396701548536,-5.857477177910545,-9.728896493793792,32.40895295988238,-12.45694702645434,3.35514740264309,1.59258514098943,,,,94.5,2381,6.6,813054,693307,679529,650402,656716,595879,682985,678009,681481,53.92,,,0,0,0,0,,109,4,4-Seam Fastball,2,2,2,2,2,2,2,2,Infield shade,Standard,210,-0.044,-0.182,,,,0.182,,0,0,0.544,0.544,29,30,30,30,1,5,3,2,,2,1.1,0.72,-0.72,27.1,,,,,
CH,2025-10-10,88.3,2.03,6.03,"Arozarena, Randy",668227,669373,,ball,,,,,12,Ball,D,R,L,SEA,DET,B,,,0,0,2025,1.43,0.44,1.5179007181052833,3.1951863867638925,,,,1,3,Bot,,,,,,,-4.2517656061801965,-128.47983719908922,-1.6838263076969475,16.676809812758254,28.74837919609329,-27.190008891087828,3.32649849238004,1.64958290162835,,,,88.4,1786,6.5,813054,693307,679529,650402,656716,595879,682985,678009,681481,53.97,,,,,,,,21,1,Changeup,1,0,1,0,0,1,1,0,Standard,Standard,144,0.002,0.039,,,,-0.039,,1,1,0.648,0.648,28,30,29,30,2,1,5,2,,2,2.5,1.43,-1.43,43.0,,,,,
SL,2025-10-10,88.8,-1.79,5.47,"Keith, Colt",690993,669923,,swinging_strike,,,,,14,Swinging Strike,D,L,R,SEA,DET,S,,,2,0,2025,0.95,0.18,1.6981967719585436,1.7814740624848602,,,,2,4,Top,,,,,,,6.582961684023974,-129.12711799569274,-3.3099496424993244,9.08546613392762,28.9206721903083,-29.634216810421247,3.35,1.59,,,,88.8,2553,6.5,813054,663728,647304,593871,553993,641487,668227,677594,645302,53.99,,,,,,,,25,3,Slider,1,0,0,1,0,1,0,1,Standard,Standard,35,0.003,-0.066,33.1,6.4,,0.066,,1,-1,0.667,0.33299999999999996,27,23,27,24,2,1,6,2,5,,2.73,-0.95,0.95,26.0,14.356514465710182,-1.415919829514255,34.55686840189421,15.495168391351203,27.567332068979653
SL,2025-10-10,88.9,-1.67,5.51,"Keith, Colt",690993,669923,,ball,,,,,12,Ball,D,L,R,SEA,DET,B,,,1,0,2025,0.9,0.02,1.5155557914332234,2.630876354723724,,,,2,4,Top,,,,,,,5.942426746870888,-129.32545651650693,-1.0166758450959776,8.770007006410186,28.78803168615796,-31.980695690522758,3.34725734950769,1.61473887878456,,,,89,2509,6.5,813054,663728,647304,593871,553993,641487,668227,677594,645302,53.98,,,,,,,,25,2,Slider,1,0,0,1,0,1,0,1,Standard,Standard,31,-0.003,0.065,,,,-0.065,,1,-1,0.67,0.32999999999999996,27,23,27,24,2,1,6,2,5,,2.88,-0.9,0.9,25.9,,,,,
FF,2025-10-10,100.2,1.67,6.15,"Crawford, J.P.",641487,669373,strikeout,swinging_strike,,,,,1,J.P. Crawford strikes out swinging.,D,L,L,SEA,DET,S,2,,2,2,2025,0.29,1.52,-0.6704037620624621,2.847433539135368,,,,0,3,Bot,,,,,,,-7.184463433449862,-145.58284182174603,-7.366164600945524,5.867018947305459,33.967578324195124,-9.037966852694328,3.3,1.54,,,,100.7,2433,6.6,813054,693307,679529,650402,656716,595879,682985,678009,681481,53.85,,0,0,1,0,0,,20,6,4-Seam Fastball,1,0,1,0,0,1,1,0,Standard,Standard,150,-0.018,-0.232,64.5,6.3,,0.232,,1,1,0.666,0.666,28,30,29,30,1,0,5,2,,2,0.76,0.29,0.29,49.8,-20.206319414528053,32.82136525159256,36.45162372166473,47.18184195369746,9.9641341199322
KC,2025-10-10,78.7,-2.67,5.02,"Crawford, J.P.",641487,656427,,foul_tip,,,,,14,Foul Tip,D,L,R,SEA,DET,S,,,1,1,2025,1.1,-0.8,0.46017921314605503,1.3369194651966936,,,645302,2,14,Bot,,,,,,,4.778139477224339,-114.4996488515251,0.37488657629190136,8.727938432351163,22.338774359125587,-39.48031085634085,3.3,1.54,,,,78.9,2403,6.6,813054,693307,679529,650402,656716,595879,682985,678009,681481,53.9,,,,,,,,109,3,Knuckle Curve,2,2,2,2,2,2,2,2,Infield shade,Standard,59,-0.016,-0.073,75.9,9.0,,0.073,,0,0,0.56,0.56,29,30,30,30,1,5,3,2,,2,4.5,-1.1,1.1,20.8,29.552649381102736,-36.594420061563106,33.60511146264903,33.49558053300891,57.427427850673226
FF,2025-10-10,98.8,1.6,6.22,"Crawford, J.P.",641487,669373,,foul,,,,,3,Foul,D,L,L,SEA,DET,S,,,2,2,2025,0.22,1.43,0.5565567818397938,3.0715233635336125,,,,0,3,Bot,,,,,,,-3.369678624916498,-143.71383157970294,-6.476788258454434,3.9013941553532083,34.108802931462,-11.097592135221495,3.3,1.54,175,79.9,15,99.1,2419,6.5,813054,693307,679529,650402,656716,595879,682985,678009,681481,53.96,,,,,,,,20,5,4-Seam Fastball,1,0,1,0,0,1,1,0,Standard,Standard,155,0,0,62.2,5.8,,0,88.0,1,1,0.666,0.666,28,30,29,30,1,0,5,2,,2,0.91,0.22,0.22,48.7,-12.705586870157775,22.642205826426224,36.23626383572249,31.710347623897064,21.137840269040325
FF,2025-10-10,92.7,-2.45,5.32,"Crawford, J.P.",641487,656427,,ball,,,,,11,Ball,D,L,R,SEA,DET,B,,,0,1,2025,-0.61,1.41,-0.749129744975126,3.9886494655843343,,,645302,2,14,Bot,,,,,,,5.689519728565169,-134.9494314183711,-0.6817252223654383,-8.740970836087968,30.29433116975642,-15.084844789063705,3.34253973941262,1.60717234358594,,,,92.8,2273,6.4,813054,693307,679529,650402,656716,595879,682985,678009,681481,54.09,,,,,,,,109,2,4-Seam Fastball,2,2,2,2,2,2,2,2,Infield shade,Standard,210,0.006,0.027,,,,-0.027,,0,0,0.554,0.554,29,30,30,30,1,5,3,2,,2,1.25,0.61,-0.61,24.8,,,,,
CH,2025-10-10,88.3,-1.75,5.29,"Keith, Colt",690993,669923,,ball,,,,,13,Ball,D,L,R,SEA,DET,B,,,0,0,2025,-1.49,0.37,-1.3724594597566377,1.7836600488333723,,,,2,4,Top,,,,,,,4.05477673087994,-128.54744298507467,-3.227022812062528,-17.402335729534855,27.621619031561764,-27.647401203141694,3.3952488036716,1.59000033878937,,,,88.8,1629,6.7,813054,663728,647304,593871,553993,641487,668227,677594,645302,53.84,,,,,,,,25,1,Changeup,1,0,0,1,0,1,0,1,Standard,Standard,243,-0.002,0.037,,,,-0.037,,1,-1,0.672,0.32799999999999996,27,23,27,24,2,1,6,2,5,,2.56,1.49,-1.49,21.5,,,,,
FF,2025-10-10,96.5,-1.85,5.51,"Torkelson, Spencer",679529,669923,field_out,hit_into_play,,,,,6,Spencer Torkelson lines out sharply to left fielder Randy Arozarena.,D,R,R,SEA,DET,X,7,line_drive,2,1,2025,-0.95,0.88,0.40341681119201633,2.3069006809122854,,,,1,4,Top,72.63,86.27,,,,,8.225176966226368,-140.3119654615102,-5.012092042151856,-14.355506883481652,31.27180770139892,-19.52260329771613,3.55,1.69,310,105.8,17,97.3,2417,6.7,813054,663728,647304,593871,553993,641487,668227,677594,645302,53.76,0.363,0.514,0,1,0,0,5,24,4,4-Seam Fastball,1,0,0,1,0,1,0,1,Standard,Standard,224,0.023,-0.298,75.6,8.0,0.91,0.298,105.8,1,-1,0.649,0.351,27,25,27,26,2,1,6,2,5,,1.56,0.95,0.95,27.2,11.493206236295991,-1.327522515035866,37.56770050589334,41.10265699355027,27.473257858492524
SL,2025-10-10,85.9,-2.75,5.36,"Crawford, J.P.",641487,656427,,called_strike,,,,,7,Called Strike,D,L,R,SEA,DET,S,,,0,0,2025,0.53,0.25,-0.2814458193367041,1.7578664675656226,,,645302,2,14,Bot,,,,,,,4.796896166111594,-125.09399771330219,-2.8085914240789194,4.5528252670808484,25.11088240405767,-29.188011678482574,3.36796768253288,1.60317619530047,,,,86.1,2496,6.4,813054,693307,679529,650402,656716,595879,682985,678009,681481,54.11,,,,,,,,109,1,Slider,2,2,2,2,2,2,2,2,Infield shade,Standard,132,-0.009,-0.042,,,,0.042,,0,0,0.563,0.563,29,30,30,30,1,5,3,2,,2,2.83,-0.53,0.53,27.7,,,,,
SI,2025-10-10,97.7,1.92,6.09,"Crawford, J.P.",641487,669373,,foul,,,,,5,Foul,D,L,L,SEA,DET,S,,,2,1,2025,1.28,1.02,0.0733995463570638,2.6585102362574418,,,,0,3,Bot,,,,,,,-7.93997616895723,-141.97247664994964,-6.1189941246042245,19.167097824085307,32.28369131680824,-17.089897189603864,3.3,1.54,165,59,43,97.9,2229,6.5,813054,693307,679529,650402,656716,595879,682985,678009,681481,54.04,,,,,,,,20,4,Sinker,1,0,1,0,0,1,1,0,Standard,Standard,152,-0.006,-0.073,71.4,7.0,,0.073,88.0,1,1,0.672,0.672,28,30,29,30,1,0,5,2,,2,1.37,1.28,1.28,47.6,-7.202847295795311,7.326587872719749,34.43534159150794,37.66316223492507,25.593083954088243
SI,2025-10-10,97.1,-1.77,5.57,"Torkelson, Spencer",679529,669923,,foul,,,,,4,Foul,D,R,R,SEA,DET,S,,,2,0,2025,-1.59,0.48,-0.4409659662715266,2.377098026516062,,,,1,4,Top,,,,,,,7.232345535416945,-141.18372975129392,-4.092272011166381,-22.85438965760015,34.76848709260526,-24.998924236179462,3.55,1.69,6,84.8,-19,97.4,2315,6.7,813054,663728,647304,593871,553993,641487,668227,677594,645302,53.82,,,,,,,,24,3,Sinker,1,0,0,1,0,1,0,1,Standard,Standard,224,0.007,-0.066,76.2,7.5,,0.066,88.0,1,-1,0.642,0.358,27,25,27,26,2,1,6,2,5,,1.96,1.59,1.59,26.0,10.323555814792465,4.140479734069399,37.574389406405025,30.80562735654227,25.64854776688179
SI,2025-10-10,95.8,-1.88,5.52,"Meadows, Parker",678009,660825,strikeout,called_strike,,,,,3,Parker Meadows called out on strikes.,D,L,R,SEA,DET,S,2,,2,2,2025,-1.49,0.64,0.6090144682318481,3.159228664816765,,693307,,1,14,Top,,,,,,,9.854559114675883,-139.06091406940016,-2.008789484072134,-21.557450448685042,33.3930350614552,-23.61792985560993,3.54208258804258,1.71196598576,,,,94.8,2378,6,813054,663728,647304,593871,553993,641487,668227,677594,645302,54.51,,0,0,1,0,0,,104,5,Sinker,2,2,2,2,2,2,2,2,Standard,Standard,216,0.081,-0.227,,,,0.227,,0,0,0.452,0.548,29,25,30,26,2,5,2,2,3,,1.87,1.49,-1.49,40.4,,,,,
SL,2025-10-10,85.6,-2.64,5.07,"Robles, Victor",645302,656427,walk,ball,,,,,14,Victor Robles walks.,D,R,R,SEA,DET,B,,,3,0,2025,0.49,0.23,0.5271005490440839,0.9343261103489255,,,,2,14,Bot,,,,,,,6.505245922170818,-124.52827707522762,-3.9472751839297575,3.77387148428316,25.88675781492048,-29.168013615942122,3.3889746893944,1.71488660598721,,,,85.8,2514,6.5,813054,693307,679529,650402,656716,595879,682985,678009,681481,53.99,,0.691497,0.7,1,0,0,,108,4,Slider,2,2,2,2,2,2,2,2,Standard,Standard,140,0.011,0.103,,,,-0.103,,0,0,0.552,0.552,29,28,30,28,1,5,3,2,,2,2.89,-0.49,-0.49,22.0,,,,,
SI,2025-10-10,97.1,1.71,6.07,"Crawford, J.P.",641487,669373,,called_strike,,,,,1,Called Strike,D,L,L,SEA,DET,S,,,2,0,2025,1.27,1.09,-0.4211644736894995,2.974396558757139,,,,0,3,Bot,,,,,,,-8.661747780296494,-141.17491683304993,-5.272268028873751,18.955269743054092,31.86723852173621,-16.56259776745086,3.24024174171825,1.6090464255997,,,,97.5,2235,6.6,813054,693307,679529,650402,656716,595879,682985,678009,681481,53.94,,,,,,,,20,3,Sinker,1,0,1,0,0,1,1,0,Standard,Standard,152,-0.007,-0.072,,,,0.072,,1,1,0.679,0.679,28,30,29,30,1,0,5,2,,2,1.33,1.27,1.27,50.5,,,,,
FF,2025-10-10,90.6,-2.69,5.31,"Robles, Victor",645302,656427,,ball,,,,,11,Ball,D,R,R,SEA,DET,B,,,2,0,2025,-0.19,1.29,-1.5249064076446845,3.719482460162749,,,,2,14,Bot,,,,,,,3.331593535434681,-131.90249178374594,-0.809303229075075,-2.9006538252253624,27.983781842291865,-17.09943532277166,3.20000061499698,1.56342968011813,,,,91.1,2260,6.5,813054,693307,679529,650402,656716,595879,682985,678009,681481,53.96,,,,,,,,108,3,4-Seam Fastball,2,2,2,2,2,2,2,2,Standard,Standard,205,0.008,0.121,,,,-0.121,,0,0,0.544,0.544,29,28,30,28,1,5,3,2,,2,1.48,0.19,0.19,24.2,,,,,
ST,2025-10-10,83,-2.27,5.75,"Meadows, Parker",678009,660825,,foul_tip,,,,,4,Foul Tip,D,L,R,SEA,DET,S,,,2,1,2025,1.62,-0.18,-0.3410712666144726,2.435100108345076,,693307,,1,14,Top,,,,,,,1.2192609860431927,-120.89926953504735,-0.6875359561607199,15.49137718791217,26.499195042018737,-34.028451897132804,3.5,1.71,,,,81.8,2599,5.7,813054,663728,647304,593871,553993,641487,668227,677594,645302,54.8,,,,,,,,104,4,Sweeper,2,2,2,2,2,2,2,2,Standard,Standard,47,0.016,-0.065,67.0,6.5,,0.065,,0,0,0.436,0.5640000000000001,29,25,30,26,2,5,2,2,3,,3.52,-1.62,1.62,39.3,-6.206714802826601,16.13947223982274,32.41172876692899,41.10940503984831,20.316232643500335
SL,2025-10-10,87.4,-1.91,5.52,"Torkelson, Spencer",679529,669923,,ball,,,,,14,Ball,D,R,R,SEA,DET,B,,,1,0,2025,0.85,-0.07,1.676629753421759,1.1083227087718281,,,,1,4,Top,,,,,,,6.905100731437192,-127.02729461518531,-4.257092834673401,7.524032873260741,29.5861629004255,-32.150032924562495,3.55000083520268,1.69000046661574,,,,87.1,2541,6.5,813054,663728,647304,593871,553993,641487,668227,677594,645302,54.01,,,,,,,,24,2,Slider,1,0,0,1,0,1,0,1,Standard,Standard,36,-0.007,0.071,,,,-0.071,,1,-1,0.649,0.351,27,25,27,26,2,1,6,2,5,,3.09,-0.85,-0.85,26.6,,,,,
SI,2025-10-10,96.9,1.77,6.06,"Crawford, J.P.",641487,669373,,ball,,,,,11,Ball,D,L,L,SEA,DET,B,,,1,0,2025,1.11,1.1,-0.8711227962954564,2.433636191104318,,,,0,3,Bot,,,,,,,-9.625062788352865,-140.75901576771403,-6.695033346783235,16.925009397013927,30.86044390811505,-16.143217283002937,3.23611271804074,1.5750249613711,,,,97.4,2275,6.6,813054,693307,679529,650402,656716,595879,682985,678009,681481,53.91,,,,,,,,20,2,Sinker,1,0,1,0,0,1,1,0,Standard,Standard,153,0.007,0.077,,,,-0.077,,1,1,0.672,0.672,28,30,29,30,1,0,5,2,,2,1.33,1.11,1.11,46.4,,,,,
SI,2025-10-10,94.9,-2,5.47,"Meadows, Parker",678009,660825,,ball,,,,,11,Ball,D,L,R,SEA,DET,B,,,1,1,2025,-1.48,0.63,-0.2290260442731229,4.012361518514645,,693307,,1,14,Top,,,,,,,7.872862428972574,-137.90553127393542,0.4960850476729345,-20.66209223016082,33.8215373034831,-24.564900903207118,3.51073941423167,1.74411034585405,,,,93.6,2282,5.8,813054,663728,647304,593871,553993,641487,668227,677594,645302,54.67,,,,,,,,104,3,Sinker,2,2,2,2,2,2,2,2,Standard,Standard,217,-0.007,0.03,,,,-0.03,,0,0,0.443,0.5569999999999999,29,25,30,26,2,5,2,2,3,,1.93,1.48,-1.48,38.0,,,,,
SI,2025-10-10,98.1,1.81,6.11,"Crawford, J.P.",641487,669373,,ball,,,,,12,Ball,D,L,L,SEA,DET,B,,,0,0,2025,1.15,1.06,0.15145214668528872,3.5257332406407853,,,,0,3,Bot,,,,,,,-7.173456991393646,-142.65759577532785,-3.972111841558653,17.386709952958352,31.95214586782135,-17.00732732477059,3.27065752904201,1.60889237756815,,,,98.6,2250,6.5,813054,693307,679529,650402,656716,595879,682985,678009,681481,53.97,,,,,,,,20,1,Sinker,1,0,1,0,0,1,1,0,Standard,Standard,160,0.003,0.041,,,,-0.041,,1,1,0.669,0.669,28,30,29,30,1,0,5,2,,2,1.31,1.15,1.15,47.6,,,,,
FF,2025-10-10,91.4,-2.49,5.42,"Robles, Victor",645302,656427,,ball,,,,,1,Ball,D,R,R,SEA,DET,B,,,1,0,2025,-0.4,1.37,-0.557015198941996,3.164195999162703,,,,2,14,Bot,,,,,,,5.738095972052603,-133.01402959664657,-2.788525950936144,-5.940968782703741,27.5254649303993,-15.519224290736163,3.21476418224084,1.56679560324576,,,,91.7,2277,6.4,813054,693307,679529,650402,656716,595879,682985,678009,681481,54.1,,,,,,,,108,2,4-Seam Fastball,2,2,2,2,2,2,2,2,Standard,Standard,205,0.005,0.065,,,,-0.065,,0,0,0.539,0.539,29,28,30,28,1,5,3,2,,2,1.35,0.4,0.4,29.2,,,,,
SL,2025-10-10,87.3,-1.93,5.44,"Torkelson, Spencer",679529,669923,,ball,,,,,14,Ball,D,R,R,SEA,DET,B,,,0,0,2025,0.7,0.07,1.390919121673011,1.4500037018399974,,,,1,4,Top,,,,,,,6.579500155104974,-126.92279014973705,-3.5736071518001316,6.158235425108242,27.42274073261853,-30.81591732590199,3.55987625177306,1.73024737957959,,,,87.5,2458,6.6,813054,663728,647304,593871,553993,641487,668227,677594,645302,53.93,,,,,,,,24,1,Slider,1,0,0,1,0,1,0,1,Standard,Standard,39,-0.003,0.039,,,,-0.039,,1,-1,0.652,0.348,27,25,27,26,2,1,6,2,5,,2.94,-0.7,-0.7,25.9,,,,,
FF,2025-10-10,93.3,-2.51,5.43,"Robles, Victor",645302,656427,,ball,,,,,12,Ball,D,R,R,SEA,DET,B,,,0,0,2025,-0.3,1.49,0.37918872084147487,3.865712484385406,,,,2,14,Bot,,,,,,,8.108851648770433,-135.72074299374074,-1.5577132923308026,-5.453279504513373,28.921869051333974,-13.63988705618789,3.2632075964613,1.64804428743548,,,,93.7,2463,6.5,813054,693307,679529,650402,656716,595879,682985,678009,681481,54.01,,,,,,,,108,1,4-Seam Fastball,2,2,2,2,2,2,2,2,Standard,Standard,205,0.003,0.037,,,,-0.037,,0,0,0.536,0.536,29,28,30,28,1,5,3,2,,2,1.13,0.3,0.3,28.7,,,,,
SI,2025-10-10,95.7,-1.78,5.65,"Meadows, Parker",678009,660825,,foul,,,,,2,Foul,D,L,R,SEA,DET,S,,,1,0,2025,-1.47,0.51,-0.12714339851612588,3.000967453931857,,693307,,1,14,Top,,,,,,,7.6160445457679256,-139.13388226040635,-2.4635181530325765,-20.801090424790058,33.435398211119136,-25.26793434757981,3.5,1.71,208,76,54,94.9,2280,6,813054,663728,647304,593871,553993,641487,668227,677594,645302,54.48,,,,,,,,104,2,Sinker,2,2,2,2,2,2,2,2,Standard,Standard,221,0.007,-0.042,66.3,6.4,,0.042,88.0,0,0,0.436,0.5640000000000001,29,25,30,26,2,5,2,2,3,,2,1.47,-1.47,40.3,-5.52123700631799,8.165477355273767,29.932991755556948,37.38672261812418,25.0771203927397
SL,2025-10-10,86.6,-1.73,5.56,"Greene, Riley",682985,669923,field_out,hit_into_play,,,,,9,"Riley Greene grounds out, pitcher George Kirby to first baseman Josh Naylor.",D,L,R,SEA,DET,X,1,ground_ball,1,0,2025,1.09,-0.1,0.43317490719200047,2.2657604242010643,,,,0,4,Top,129.13,185.17,,,,,2.946315984595776,-126.06155261167808,-1.4288356778632425,10.942084223678865,27.156881996643154,-33.1522478850025,3.63,1.72,24,72.7,-3,86.6,2309,6.4,813054,663728,647304,593871,553993,641487,668227,677594,645302,54.07,0.085,0.078,0,1,0,0,2,23,2,Slider,1,0,0,1,0,1,0,1,Infield shade,Standard,38,0.034,-0.301,78.4,6.9,0.107,0.301,88.0,1,-1,0.618,0.382,27,24,27,25,2,1,6,2,5,,3.15,-1.09,1.09,27.8,9.48819585488317,-4.328508125618586,56.94512062738681,27.59649323065655,22.163237063833662
CH,2025-10-10,89.2,1.83,6.05,"Robles, Victor",645302,669373,strikeout,swinging_strike,,,,,14,Victor Robles strikes out swinging.,D,R,L,SEA,DET,S,2,,0,2,2025,0.92,0.72,0.9367724569272845,1.8625433675084477,,,,2,2,Bot,,,,,,,-4.149297297089852,-129.77749241185964,-5.792479701721129,11.276869750172095,27.306077499915567,-22.990303058617997,3.2,1.52,,,,89.3,1799,6.4,813054,693307,679529,650402,656716,595879,682985,678009,681481,54.13,,0,0,1,0,0,,15,4,Changeup,1,0,1,0,0,1,1,0,Standard,Standard,141,-0.005,-0.16,61.9,7.8,,0.16,,1,1,0.617,0.617,28,28,29,28,1,0,5,2,,2,2.14,0.92,-0.92,43.8,25.18105742921566,-31.420076804283607,31.705881380056997,50.96674495088954,39.0883364647724
SI,2025-10-10,94.5,-1.9,5.64,"Meadows, Parker",678009,660825,,ball,,,,,11,Ball,D,L,R,SEA,DET,B,,,0,0,2025,-1.45,0.68,-0.5841222019301171,4.405979893411637,,693307,,1,14,Top,,,,,,,6.607450485745819,-137.4009871090372,0.9884919783142341,-19.80823418332368,32.80638491701437,-24.02417569994831,3.53646095123612,1.76994120628419,,,,93.5,2202,5.9,813054,663728,647304,593871,553993,641487,668227,677594,645302,54.57,,,,,,,,104,1,Sinker,2,2,2,2,2,2,2,2,Standard,Standard,214,-0.002,0.028,,,,-0.028,,0,0,0.438,0.562,29,25,30,26,2,5,2,2,3,,1.89,1.45,-1.45,40.0,,,,,
SL,2025-10-10,88.1,-2.1,5.56,"Rivas, Leo",660844,676684,strikeout,called_strike,,,,,8,Leo Rivas called out on strikes.,D,L,R,SEA,DET,S,2,,0,2,2025,0.07,0.05,-0.04489115588834847,1.7287352374238854,,,647304,2,9,Bot,,,,,,,4.844672448935443,-128.25895245754376,-3.2808329735977355,-0.2889821326903208,28.28164825810444,-31.1190955991572,3.24153726284539,1.58000120661279,,,,87.7,2701,6.2,813054,693307,679529,650402,656716,595879,682985,678009,681481,54.35,,0,0,1,0,0,,68,3,Slider,2,2,2,2,2,2,2,2,Infield shade,Standard,21,-0.038,-0.174,,,,0.174,,0,0,0.538,0.538,30,27,30,28,1,1,2,12,,3,2.9,-0.07,0.07,49.1,,,,,
KC,2025-10-10,79.6,-2.57,5.07,"Rivas, Leo",660844,656427,strikeout,swinging_strike_blocked,,,,,14,Leo Rivas strikes out swinging.,D,L,R,SEA,DET,S,2,,2,2,2025,1.2,-0.82,0.11341979214168918,1.1033343177915707,,,,1,14,Bot,,,,,,,3.6441576891253407,-115.91793965770776,-0.37082171217577065,10.021514766801333,23.279983375572606,-39.66833566593948,3.27,1.58,,,,79.6,2470,6.4,813054,693307,679529,650402,656716,595879,682985,678009,681481,54.05,,0,0,1,0,0,,107,5,Knuckle Curve,2,2,2,2,2,2,2,2,Infield shade,Standard,56,-0.039,-0.228,64.0,8.0,,0.228,,0,0,0.575,0.575,29,27,30,28,1,3,3,12,,3,4.43,-1.2,1.2,21.4,33.57116941787835,-36.25468926144101,41.12907084333846,30.564563899316678,52.353993266141885
SI,2025-10-10,94.3,-1.75,5.65,"Greene, Riley",682985,669923,,ball,,,,,11,Ball,D,L,R,SEA,DET,B,,,0,0,2025,-1.46,0.62,-0.11184015758336363,4.38156845246585,,,,0,4,Top,,,,,,,7.51881958610643,-137.26233490373497,1.0139942064499299,-20.069977486875153,28.859594009255662,-24.79268445621997,3.66590560782061,1.70736586490233,,,,94.8,2289,6.5,813054,663728,647304,593871,553993,641487,668227,677594,645302,54.02,,,,,,,,23,1,Sinker,1,0,0,1,0,1,0,1,Infield shade,Standard,227,-0.005,0.041,,,,-0.041,,1,-1,0.623,0.377,27,24,27,25,2,1,6,2,5,,1.94,1.46,-1.46,27.5,,,,,
FF,2025-10-10,99.9,1.78,6.15,"Robles, Victor",645302,669373,,foul,,,,,11,Foul,D,R,L,SEA,DET,S,,,0,2,2025,0.44,1.49,-0.9363167673346379,2.5849476998706873,,,,2,2,Bot,,,,,,,-8.519518555064955,-145.0525800976059,-7.970287741370777,8.11696265798348,33.49057577439344,-9.395330021279543,3.2,1.52,107,54.4,69,100.2,2495,6.6,813054,693307,679529,650402,656716,595879,682985,678009,681481,53.94,,,,,,,,15,3,4-Seam Fastball,1,0,1,0,0,1,1,0,Standard,Standard,145,0,0,65.2,6.5,,0,88.0,1,1,0.617,0.617,28,28,29,28,1,0,5,2,,2,0.8,0.44,-0.44,47.8,4.446368911191901,-3.0705758170976134,34.93043400269077,29.094850807597005,19.72858641965891
ST,2025-10-10,85.2,-2.1,5.63,"Dingler, Dillon",693307,660825,double,hit_into_play,,,,,6,Dillon Dingler doubles (2) on a sharp line drive to left fielder Randy Arozarena.,D,R,R,SEA,DET,X,7,line_drive,0,1,2025,0.97,-0.23,0.33344471179611546,2.2349539733434254,,,,1,14,Top,37.51,106.81,,,,,3.7209435081979643,-124.02461144993066,-1.151044343344246,9.140714255708826,27.18593727088443,-34.525049871744955,3.41,1.53,224,102.3,15,84,2704,5.7,813054,663728,647304,593871,553993,641487,668227,677594,645302,54.81,0.648,0.664,1.25,1,1,1,4,103,2,Sweeper,2,2,2,2,2,2,2,2,Infield shade,Standard,56,-0.127,0.68,75.8,8.6,0.904,-0.68,102.3,0,0,0.565,0.43500000000000005,29,26,30,27,1,5,2,2,3,,3.39,-0.97,-0.97,41.4,21.81031669643424,-17.288421127621426,38.89120216347858,40.99669654828813,36.038114066631316
FF,2025-10-10,93.5,-2.36,5.47,"Rivas, Leo",660844,656427,,called_strike,,,,,4,Called Strike,D,L,R,SEA,DET,S,,,2,1,2025,-0.55,1.48,-0.553639641457254,2.3642974219207904,,,,1,14,Bot,,,,,,,5.904127469425679,-135.98122747560404,-5.580148324048172,-8.133393626228143,29.372052175296155,-12.721598344633529,3.2699997083958,1.57937065578566,,,,94.2,2421,6.7,813054,693307,679529,650402,656716,595879,682985,678009,681481,53.82,,,,,,,,107,4,4-Seam Fastball,2,2,2,2,2,2,2,2,Infield shade,Standard,213,-0.012,-0.07,,,,0.07,,0,0,0.587,0.587,29,27,30,28,1,3,3,12,,3,1.12,0.55,-0.55,30.1,,,,,
SL,2025-10-10,88.5,-2.11,5.61,"Rivas, Leo",660844,676684,,foul_tip,,,,,8,Foul Tip,D,L,R,SEA,DET,S,,,0,1,2025,0.23,0.02,0.18401120092120798,1.4864565854852754,,,647304,2,9,Bot,,,,,,,5.111493420335549,-128.79835394597836,-3.980469634212505,1.394207086090471,28.239162939797335,-31.317475820957167,3.27,1.58,,,,88.1,2632,6.1,813054,693307,679529,650402,656716,595879,682985,678009,681481,54.36,,,,,,,,68,2,Slider,2,2,2,2,2,2,2,2,Standard,Standard,15,-0.016,-0.055,73.0,7.7,,0.055,,0,0,0.554,0.554,30,27,30,28,1,1,2,12,,3,2.9,-0.23,0.23,47.8,18.455765591395988,1.283798230445579,44.74430501147336,30.188140953701478,30.702845333634748
SI,2025-10-10,98.4,1.78,6.06,"Robles, Victor",645302,669373,,foul,,,,,11,Foul,D,R,L,SEA,DET,S,,,0,1,2025,1.08,0.95,-0.43406537797369893,3.5266804558468077,,,,2,2,Bot,,,,,,,-8.532837778777825,-143.02410493614195,-3.611550596409072,16.774454961405638,33.45841637018148,-18.46605591487526,3.2,1.52,151,82.6,11,98.6,2119,6.5,813054,693307,679529,650402,656716,595879,682985,678009,681481,53.99,,,,,,,,15,2,Sinker,1,0,1,0,0,1,1,0,Standard,Standard,157,-0.003,-0.057,48.8,5.3,,0.057,88.0,1,1,0.62,0.62,28,28,29,28,1,0,5,2,,2,1.41,1.08,-1.08,47.1,-3.2382158339041074,14.121934661208263,28.76430070341329,34.46818268131894,8.481996916224865
FF,2025-10-10,97.4,-1.95,5.44,"Torres, Gleyber",650402,669923,strikeout,swinging_strike,,,,,12,Gleyber Torres strikes out swinging.,D,R,R,SEA,DET,S,2,,3,2,2025,-0.87,0.99,1.022634756489939,2.488689983165483,,,681481,2,3,Top,,,,,,,10.056926613452719,-141.4730105656873,-4.710383044335846,-13.933483932014855,31.522925804406956,-17.92989791781006,3.26,1.53,,,,98.1,2325,6.7,813054,663728,647304,593871,553993,641487,668227,677594,645302,53.77,,0,0,1,0,0,,19,6,4-Seam Fastball,1,0,0,1,0,1,0,1,Standard,Standard,225,0.03,-0.295,65.9,6.9,,0.295,,1,-1,0.639,0.361,27,28,27,29,2,1,6,2,5,,1.41,0.87,0.87,27.1,-4.626870591739351,28.483863268495366,32.644300039488826,48.45018411603083,7.604933531541538
SL,2025-10-10,84.9,-0.59,5.86,"Dingler, Dillon",693307,669302,single,hit_into_play,,,,,8,Dillon Dingler singles on a ground ball to left fielder Randy Arozarena. Zach McKinstry to 2nd.,D,R,R,SEA,DET,X,7,ground_ball,1,1,2025,0.18,0.13,0.0694315280892219,2.009582860298169,,,656716,0,12,Top,81.55,118.96,,,,,1.197918454036896,-123.69759678243531,-3.0114605433483552,1.6037167126270924,24.372478908578035,-30.441383724580728,3.41,1.53,44,96.7,0,86.6,1822,7.3,813054,663728,647304,593871,553993,641487,668227,677594,645302,53.2,0.471,0.424,0.9,1,1,0,2,86,3,Slider,2,2,2,2,2,2,2,2,Standard,Standard,41,-0.117,0.478,75.4,8.2,0.592,-0.478,96.7,0,0,0.423,0.577,28,26,28,27,2,4,3,2,3,,3.02,-0.18,-0.18,45.6,16.468355952285627,0.5201556638801167,42.855552748261864,37.931963411238925,30.661258333909977
SL,2025-10-10,84.6,-2.74,5.08,"Rivas, Leo",660844,656427,,called_strike,,,,,7,Called Strike,D,L,R,SEA,DET,S,,,2,0,2025,0.65,0.24,-0.6410890170147254,1.5671398860234937,,,,1,14,Bot,,,,,,,3.6181890100316063,-123.22286391705029,-2.37091495832414,5.903145067623634,23.661228553889156,-29.436777253865213,3.25547763951772,1.52851338104788,,,,84.9,2525,6.4,813054,693307,679529,650402,656716,595879,682985,678009,681481,54.12,,,,,,,,107,3,Slider,2,2,2,2,2,2,2,2,Infield shade,Standard,135,-0.011,-0.066,,,,0.066,,0,0,0.598,0.598,29,27,30,28,1,3,3,12,,3,2.93,-0.65,0.65,20.4,,,,,
FF,2025-10-10,94.5,-1.94,5.71,"Rivas, Leo",660844,676684,,called_strike,,,,,2,Called Strike,D,L,R,SEA,DET,S,,,0,0,2025,-0.52,1.49,-0.18928723977464723,2.863551925459132,,,647304,2,9,Bot,,,,,,,5.707035873051839,-137.47828606796017,-5.064765062580522,-7.812757647018299,29.92913708371541,-12.395105197286204,3.27000147456559,1.58717229387231,,,,94.7,2136,6.4,813054,693307,679529,650402,656716,595879,682985,678009,681481,54.13,,,,,,,,68,1,4-Seam Fastball,2,2,2,2,2,2,2,2,Strategic,Standard,207,-0.009,-0.042,,,,0.042,,0,0,0.563,0.563,30,27,30,28,1,1,2,12,,3,1.06,0.52,-0.52,54.2,,,,,
SI,2025-10-10,96.6,-1.9,5.67,"Dingler, Dillon",693307,660825,,called_strike,,,,,6,Called Strike,D,R,R,SEA,DET,S,,,0,0,2025,-1.1,1.23,0.35428160005728326,2.301887608139686,,,,1,14,Top,,,,,,,8.431701724830337,-140.26919626989664,-6.111269815506628,-16.44808220453802,34.153064730436085,-14.670842949102106,3.34572881360093,1.56620766777751,,,,95.6,2269,6,813054,663728,647304,593871,553993,641487,668227,677594,645302,54.47,,,,,,,,103,1,Sinker,2,2,2,2,2,2,2,2,Infield shade,Standard,217,0.007,-0.039,,,,0.039,,0,0,0.558,0.44199999999999995,29,26,30,27,1,5,2,2,3,,1.24,1.1,1.1,40.6,,,,,
SL,2025-10-10,89.2,-1.95,5.37,"Torres, Gleyber",650402,669923,,ball,,,,,14,Ball,D,R,R,SEA,DET,B,,,2,2,2025,0.88,0.01,3.0157114666170117,1.2098567068871025,,,681481,2,3,Top,,,,,,,10.412622741589459,-129.50291104819644,-4.180224936651564,7.585877939525401,28.789505704041,-31.340106763093335,3.10900649245339,1.46136155593416,,,,89.5,2515,6.7,813054,663728,647304,593871,553993,641487,668227,677594,645302,53.76,,,,,,,,19,5,Slider,1,0,0,1,0,1,0,1,Standard,Standard,29,-0.008,0.079,,,,-0.079,,1,-1,0.647,0.353,27,28,27,29,2,1,6,2,5,,2.88,-0.88,-0.88,27.8,,,,,
FF,2025-10-10,98.5,1.55,6.16,"Robles, Victor",645302,669373,,foul,,,,,12,Foul,D,R,L,SEA,DET,S,,,0,0,2025,0.26,1.5,1.0994213522572682,2.568396464408583,,,,2,2,Bot,,,,,,,-1.857582999660036,-143.41155413824006,-7.858727040942095,4.053428587747076,31.732225450328166,-9.823289321106309,3.2,1.52,205,75,56,99.2,2420,6.6,813054,693307,679529,650402,656716,595879,682985,678009,681481,53.95,,,,,,,,15,1,4-Seam Fastball,1,0,1,0,0,1,1,0,Strategic,Standard,160,-0.001,-0.043,65.5,6.7,,0.043,88.0,1,1,0.621,0.621,28,28,29,28,1,0,5,2,,2,0.84,0.26,-0.26,53.0,3.121896606490152,12.158423755598111,30.073084303179765,53.48484717633696,13.60603212848735
SL,2025-10-10,85.1,-0.82,5.84,"Dingler, Dillon",693307,669302,,foul,,,,,13,Foul,D,R,R,SEA,DET,S,,,1,0,2025,-0.16,-0.07,-0.9234648744717848,1.7681619675348945,,,656716,0,12,Top,,,,,,,0.07225617685995253,-123.91778815416454,-3.1049485578650127,-1.62067192896262,26.054051338558644,-32.477196158051065,3.41,1.53,3,67.8,-33,86.5,1966,7.3,813054,663728,647304,593871,553993,641487,668227,677594,645302,53.21,,,,,,,,86,2,Slider,2,2,2,2,2,2,2,2,Standard,Standard,49,0.015,-0.048,71.9,7.9,,0.048,88.0,0,0,0.408,0.5920000000000001,28,26,28,27,2,4,3,2,3,,3.23,0.16,0.16,45.4,13.940407090332513,-8.018246334564637,47.96750186155631,25.646254176998674,29.362928467290175
SL,2025-10-10,83.6,-0.78,5.94,"Dingler, Dillon",693307,669302,,ball,,,,,11,Ball,D,R,R,SEA,DET,B,,,0,0,2025,0.13,-0.15,-0.7440983131757238,3.8156794259451874,,,656716,0,12,Top,,,,,,,-0.16556893602244635,-121.74057898951234,1.883259301395283,1.285490462700706,23.938131142794706,-34.28458640109708,3.42166682653034,1.53493817146006,,,,85.2,1888,7.3,813054,663728,647304,593871,553993,641487,668227,677594,645302,53.22,,,,,,,,86,1,Slider,2,2,2,2,2,2,2,2,Standard,Standard,39,-0.011,0.04,,,,-0.04,,0,0,0.419,0.581,28,26,28,27,2,4,3,2,3,,3.41,-0.13,-0.13,47.5,,,,,
SI,2025-10-10,95.8,-2.27,5.85,"Arozarena, Randy",668227,672456,grounded_into_double_play,hit_into_play,,,,,8,"Randy Arozarena grounds into a double play, pitcher Keider Montero to second baseman Gleyber Torres to first baseman Spencer Torkelson. Victor Robles out at 2nd. Randy Arozarena out at 1st.",D,R,R,SEA,DET,X,1,ground_ball,0,1,2025,-1.26,0.93,-0.09009941398756083,1.9799439695851184,,660844,645302,1,12,Bot,128.12,182.24,,,,,8.602225912255761,-139.12906369596237,-6.664741720337893,-18.307183928607905,33.68180304595547,-18.732514300361718,3.43,1.69,6,95.8,-16,95.6,2462,6.4,813054,693307,679529,650402,656716,595879,682985,678009,681481,54.06,0.182,0.164,0,1,0,0,2,94,2,Sinker,2,2,2,2,2,2,2,2,Standard,Standard,204,-0.196,-0.281,72.3,7.0,0.204,0.281,95.8,0,0,0.696,0.696,24,30,25,30,1,5,3,2,,2,1.58,1.26,1.26,42.5,-0.4340953484046541,20.841417712822576,34.10767124619888,31.149348237417097,17.096298902495555
FF,2025-10-10,93.5,-2.59,5.44,"Rivas, Leo",660844,656427,,ball,,,,,11,Ball,D,L,R,SEA,DET,B,,,1,0,2025,-0.62,1.46,-1.5734598705764022,3.2037696193971845,,,,1,14,Bot,,,,,,,4.009632676665341,-136.11405457232019,-3.270232738093908,-8.619837937706137,29.128862046267724,-13.515110652869039,3.24352144406445,1.51633000651297,,,,94,2451,6.5,813054,693307,679529,650402,656716,595879,682985,678009,681481,54.02,,,,,,,,107,2,4-Seam Fastball,2,2,2,2,2,2,2,2,Infield shade,Standard,216,0.011,0.071,,,,-0.071,,0,0,0.587,0.587,29,27,30,28,1,3,3,12,,3,1.14,0.62,-0.62,26.9,,,,,
SL,2025-10-10,89.2,-2.02,5.48,"Torres, Gleyber",650402,669923,,called_strike,,,,,2,Called Strike,D,R,R,SEA,DET,S,,,2,1,2025,0.88,-0.28,-0.15045465896482468,3.169816802221312,,,681481,2,3,Top,,,,,,,2.7621235685997276,-129.95183297804806,0.9391261484659883,9.356097496317505,27.49403449580027,-35.7587527893122,3.2344637611445,1.52999870436682,,,,89.8,2620,6.6,813054,663728,647304,593871,553993,641487,668227,677594,645302,53.87,,,,,,,,19,4,Slider,1,0,0,1,0,1,0,1,Standard,Standard,42,0.007,-0.093,,,,0.093,,1,-1,0.64,0.36,27,28,27,29,2,1,6,2,5,,3.14,-0.88,-0.88,27.8,,,,,
FF,2025-10-10,98.6,1.74,6.24,"Garver, Mitch",641598,669373,sac_fly,hit_into_play,,,,,11,Mitch Garver out on a sacrifice fly to center fielder Parker Meadows. Josh Naylor scores.,D,R,L,SEA,DET,X,8,line_drive,2,2,2025,0.41,1.49,-0.2066249986151757,3.69284169448243,647304,,,1,2,Bot,149.65,54.87,,,,,-6.2613535843832135,-143.38732292119505,-4.954092115035004,7.044023219903197,33.12432964425186,-10.687191037952235,3.48,1.64,362,96,24,98.9,2425,6.5,813054,693307,679529,650402,656716,595879,682985,678009,681481,53.99,,0.224,0,1,0,0,5,14,5,4-Seam Fastball,0,0,0,0,0,1,1,0,Strategic,Standard,155,0.028,-0.042,65.0,6.5,,0.042,96.0,0,0,0.593,0.593,28,34,29,34,1,0,5,2,,3,0.86,0.41,-0.41,48.5,10.394588725358185,8.712026887087662,19.316741787530713,35.1653270188554,21.091739751376657
CH,2025-10-10,88.8,-1.97,5.66,"Naylor, Josh",647304,676684,single,hit_into_play,,,,,8,Josh Naylor singles on a ground ball to right fielder Kerry Carpenter.,D,L,R,SEA,DET,X,9,ground_ball,2,1,2025,-1.32,0.39,-0.1548505948747061,1.9315001204597122,,,,2,9,Bot,161.53,100.23,,,,,7.22593440522236,-129.16585703666237,-3.9189270608605664,-16.310578682625724,25.738453140447707,-27.149236982131033,3.22,1.51,123,105.4,7,89,1609,6.3,813054,693307,679529,650402,656716,595879,682985,678009,681481,54.16,0.689,0.648,0.9,1,1,0,4,67,4,Changeup,2,2,2,2,2,2,2,2,Infield shade,Standard,233,0.024,0.289,70.5,7.3,0.789,-0.289,105.4,0,0,0.539,0.539,30,28,30,28,1,3,2,2,,2,2.49,1.32,-1.32,50.1,1.8275128550621604,-3.960297297814058,40.883659748487496,36.06088423010873,18.980032509115418
ST,2025-10-10,83.6,-2.43,5.55,"McKinstry, Zach",656716,660825,field_out,hit_into_play,,,,,13,Zach McKinstry flies out to center fielder Julio Rodríguez.,D,L,R,SEA,DET,X,8,fly_ball,1,2,2025,1.46,-0.61,-0.1315201850840697,1.2680604490824017,,,,0,14,Top,138.25,91.15,,,,,2.3893172032663896,-121.56819043746037,-2.1019462949396757,13.66413251861071,28.423895287494464,-37.882609166408564,3.28,1.53,271,80.8,29,82,2651,5.7,813054,663728,647304,593871,553993,641487,668227,677594,645302,54.78,0.134,0.134,0,1,0,0,3,102,6,Sweeper,2,2,2,2,2,2,2,2,Infield shade,Standard,45,0.041,-0.189,64.1,7.6,0.186,0.189,88.0,0,0,0.517,0.483,29,30,30,30,1,5,2,2,3,,3.93,-1.46,1.46,40.3,16.17890831432774,-15.912428869034887,40.679917581332184,34.484732009399046,33.93047976148538
SI,2025-10-10,95.6,-1.86,5.58,"McKinstry, Zach",656716,660825,,foul,,,,,1,Foul,D,L,R,SEA,DET,S,,,1,2,2025,-1.51,0.75,-0.5972297717862609,3.0489593539676774,,,,0,14,Top,,,,,,,6.662104016360862,-139.04499232204094,-2.7147125121868902,-21.047346256090837,32.66653181247606,-21.99688931391327,3.28,1.53,237,73.9,35,94.7,2315,5.9,813054,663728,647304,593871,553993,641487,668227,677594,645302,54.61,,,,,,,,102,5,Sinker,2,2,2,2,2,2,2,2,Infield shade,Standard,215,0,0,62.7,6.5,,0,88.0,0,0,0.517,0.483,29,30,30,30,1,5,2,2,3,,1.75,1.51,-1.51,38.6,2.475074040627642,2.7177015104733977,29.39622012257099,39.58939599986361,21.010092700761117
SL,2025-10-10,87.2,-2.08,5.59,"Naylor, Josh",647304,676684,,ball,,,,,13,Ball,D,L,R,SEA,DET,B,,,1,1,2025,0.15,-0.57,-0.039701999102910515,0.8686322340172836,,,,2,9,Bot,,,,,,,4.597253221318873,-127.00605931016209,-4.055084233628348,0.6881505887907048,25.248870663715564,-37.72424839974387,3.16893722961861,1.49396553514786,,,,87.1,2597,6.1,813054,693307,679529,650402,656716,595879,682985,678009,681481,54.39,,,,,,,,67,3,Slider,2,2,2,2,2,2,2,2,Infield shade,Standard,37,0.005,0.053,,,,-0.053,,0,0,0.534,0.534,30,28,30,28,1,3,2,2,,2,3.55,-0.15,0.15,47.9,,,,,
SI,2025-10-10,93.8,-2.35,5.83,"Arozarena, Randy",668227,672456,,foul,,,,,8,Foul,D,R,R,SEA,DET,S,,,0,0,2025,-1.24,0.84,-0.05887867857274531,1.8347394573254845,,660844,645302,1,12,Bot,,,,,,,8.67452455205872,-136.25689176581673,-6.422051420519015,-17.41340549782205,31.702549268861702,-20.478117633818766,3.43,1.69,2,83.3,-47,93.7,2402,6.4,813054,693307,679529,650402,656716,595879,682985,678009,681481,54.05,,,,,,,,94,1,Sinker,2,2,2,2,2,2,2,2,Standard,Standard,203,-0.014,-0.033,76.1,7.8,,0.033,88.0,0,0,0.71,0.71,24,30,25,30,1,5,3,2,,2,1.78,1.24,1.24,40.5,12.509717001392204,6.196795771375473,30.005798774703756,32.03601400156096,27.84104815096515
SL,2025-10-10,87.2,-2.64,5.37,"Rivas, Leo",660844,656427,,ball,,,,,14,Ball,D,L,R,SEA,DET,B,,,0,0,2025,0.6,0.26,0.5080541123068005,1.117039551478182,,,,1,14,Bot,,,,,,,6.357209906784876,-126.92153271044785,-4.62947958451976,5.229727601365532,24.873945588364805,-28.661866667240997,3.25806207437242,1.50080073248245,,,,87.7,2546,6.5,813054,693307,679529,650402,656716,595879,682985,678009,681481,54.04,,,,,,,,107,1,Slider,2,2,2,2,2,2,2,2,Infield shade,Standard,131,0.005,0.039,,,,-0.039,,0,0,0.582,0.582,29,27,30,28,1,3,3,12,,3,2.73,-0.6,0.6,27.9,,,,,
FS,2025-10-10,80.9,-1.06,5.82,"McKinstry, Zach",656716,669302,single,hit_into_play,,,,,13,"Zach McKinstry singles on a ground ball to pitcher Logan Gilbert, deflected by first baseman Josh Naylor.",D,L,R,SEA,DET,X,3,ground_ball,1,2,2025,-0.33,-0.44,-0.8520108347941562,2.117511663740906,,,,0,12,Top,145.84,172.11,,,,,1.1277640423757906,-117.81951844382573,-0.7325578468377127,-3.26237622468078,23.825284938780044,-36.337624495113275,3.28,1.53,2,65.8,-47,82.6,757,7.5,813054,663728,647304,593871,553993,641487,668227,677594,645302,52.98,0.187,0.173,0.9,1,1,0,2,85,4,Split-Finger,2,2,2,2,2,2,2,2,Strategic,Standard,270,-0.098,0.508,59.7,7.2,0.188,-0.508,88.0,0,0,0.517,0.483,28,30,28,30,1,4,3,2,3,,3.94,0.33,-0.33,37.5,8.159948227255395,2.426668708969544,33.27405474754266,41.987921137573444,23.524405048756336
SL,2025-10-10,88.5,-1.99,5.48,"Torres, Gleyber",650402,669923,,ball,,,,,14,Ball,D,R,R,SEA,DET,B,,,1,1,2025,1.07,-0.29,1.5671963538055174,1.3961669226636513,,,681481,2,3,Top,,,,,,,6.467677850866306,-128.74780346809658,-3.2969479215657818,10.477836722300186,27.18468240601833,-34.8732994904581,3.30099161196094,1.56229332359732,,,,88.7,2365,6.5,813054,663728,647304,593871,553993,641487,668227,677594,645302,54.01,,,,,,,,19,3,Slider,1,0,0,1,0,1,0,1,Standard,Standard,32,-0.004,0.054,,,,-0.054,,1,-1,0.644,0.356,27,28,27,29,2,1,6,2,5,,3.2,-1.07,-1.07,27.3,,,,,
CH,2025-10-10,89.8,1.87,6.09,"Garver, Mitch",641598,669373,,swinging_strike,,,,,9,Swinging Strike,D,R,L,SEA,DET,S,,,2,1,2025,1.24,0.37,0.5417245809567361,2.101331961102452,647304,,,1,2,Bot,,,,,,,-5.935166434883599,-130.64270779041658,-4.6856866913982875,15.403384362468978,27.600519074229535,-27.1630629766895,3.48,1.64,,,,90.1,1809,6.5,813054,693307,679529,650402,656716,595879,682985,678009,681481,54.03,,,,,,,,14,4,Changeup,0,0,0,0,0,0,0,0,Strategic,Standard,136,-0.011,-0.09,72.1,8.6,,0.09,,0,0,0.604,0.604,28,34,29,34,1,0,5,2,,3,2.46,1.24,-1.24,45.1,22.690665209906534,-34.638224503324736,26.85924909190653,45.02572790758027,51.79226815928109
KC,2025-10-10,79.1,-2.36,5.3,"Naylor, Josh",647304,656427,field_out,hit_into_play,,,,,13,"Josh Naylor grounds out, second baseman Gleyber Torres to first baseman Spencer Torkelson.",D,L,R,SEA,DET,X,4,ground_ball,0,2,2025,1.01,-0.8,-0.057235299497982894,1.0544756830859758,,,,0,14,Bot,151.24,151.57,,,,,3.1531037495002074,-115.20508059029295,-0.9486435449556401,8.337977959313019,22.612472600220375,-39.28244665914881,3.22,1.51,103,61.1,13,79.2,2441,6.4,813054,693307,679529,650402,656716,595879,682985,678009,681481,54.09,0.163,0.147,0,1,0,0,2,106,4,Knuckle Curve,2,2,2,2,2,2,2,2,Infield shade,Standard,52,-0.034,-0.165,54.5,8.7,0.201,0.165,88.0,0,0,0.616,0.616,29,28,30,28,1,5,3,2,,2,4.45,-1.01,1.01,27.8,4.605172969296432,-42.83547442086233,39.49170429705622,35.41593810878404,41.106782960871136
SI,2025-10-10,95.7,-1.78,5.62,"McKinstry, Zach",656716,660825,,foul,,,,,1,Foul,D,L,R,SEA,DET,S,,,1,2,2025,-1.48,0.65,-0.7535764216219734,2.7678602459887633,,,,0,14,Top,,,,,,,6.017227884742725,-139.1130764484172,-3.271799046255182,-20.596493449585655,34.875792664860626,-23.236716422833716,3.28,1.53,203,79.2,59,94.6,2286,6,813054,663728,647304,593871,553993,641487,668227,677594,645302,54.5,,,,,,,,102,4,Sinker,2,2,2,2,2,2,2,2,Infield shade,Standard,217,0,0,60.8,6.6,,0,88.0,0,0,0.517,0.483,29,30,30,30,1,5,2,2,3,,1.87,1.48,-1.48,40.5,7.590456705718587,6.6822901630396405,33.96707575592353,41.63192643403585,20.209321494544916
FF,2025-10-10,96.4,-0.81,5.87,"McKinstry, Zach",656716,669302,,swinging_strike,,,,,5,Swinging Strike,D,L,R,SEA,DET,S,,,1,1,2025,-0.68,1.28,-0.019206271941366704,2.588965446702103,,,,0,12,Top,,,,,,,3.745575996166999,-140.2550813712845,-6.204148307237387,-9.888643404450052,32.66415125869105,-14.047506333977832,3.28,1.53,,,,98.7,2091,7.6,813054,663728,647304,593871,553993,641487,668227,677594,645302,52.85,,,,,,,,85,3,4-Seam Fastball,2,2,2,2,2,2,2,2,Strategic,Standard,207,0.014,-0.061,64.0,5.6,,0.061,,0,0,0.503,0.497,28,30,28,30,1,4,3,2,3,,1.18,0.68,-0.68,46.0,-12.77004572793222,22.41961716900344,45.64710318161913,32.02411652102432,11.7862509539957
FF,2025-10-10,96.2,-2.27,5.91,"Crawford, J.P.",641487,672456,field_out,hit_into_play,,,,,1,J.P. Crawford flies out to left fielder Riley Greene.,D,L,R,SEA,DET,X,7,fly_ball,3,2,2025,-0.51,1.44,-0.47078263961471145,2.822664451273641,,660844,645302,0,12,Bot,80.45,93.53,,,,,5.9560206742136135,-139.81760656107716,-5.838022667678617,-8.108199762586683,33.653330926232115,-12.15782849162302,3.3,1.54,286,86.1,29,96.1,2450,6.5,813054,693307,679529,650402,656716,595879,682985,678009,681481,54.04,0.058,0.072,0,1,0,0,3,93,6,4-Seam Fastball,2,2,2,2,2,2,2,2,Strategic,Standard,211,-0.119,-0.335,70.1,7.0,0.114,0.335,88.0,0,0,0.829,0.829,24,30,25,30,1,4,3,2,,2,1.04,0.51,-0.51,42.7,-1.733686292792957,10.038324001388457,29.006572722376813,42.4139710559801,31.640898273515262
SL,2025-10-10,88.5,-1.98,5.46,"Torres, Gleyber",650402,669923,,ball,,,,,14,Ball,D,R,R,SEA,DET,B,,,0,1,2025,0.82,-0.04,1.2915133913277916,2.14001724807565,,,681481,2,3,Top,,,,,,,6.307649836825629,-128.87063277343648,-1.9949127895750332,7.916887816456047,24.955006392170322,-32.400719276977604,3.25999874862719,1.59780957505715,,,,89.3,2619,6.6,813054,663728,647304,593871,553993,641487,668227,677594,645302,53.93,,,,,,,,19,2,Slider,1,0,0,1,0,1,0,1,Standard,Standard,41,-0.003,0.027,,,,-0.027,,1,-1,0.647,0.353,27,28,27,29,2,1,6,2,5,,2.93,-0.82,-0.82,27.3,,,,,
FF,2025-10-10,94.9,-1.86,5.75,"Naylor, Josh",647304,676684,,foul,,,,,2,Foul,D,L,R,SEA,DET,S,,,1,0,2025,-0.17,1.47,0.2534865782016994,2.8619845065912823,,,,2,9,Bot,,,,,,,5.884941082215193,-137.976743294532,-5.141260062306177,-3.5199370463177706,32.47330270981083,-12.467475680266181,3.22,1.51,170,66.8,57,94.5,2127,6.3,813054,693307,679529,650402,656716,595879,682985,678009,681481,54.25,,,,,,,,67,2,4-Seam Fastball,2,2,2,2,2,2,2,2,Infield shade,Standard,211,-0.005,-0.054,70.1,6.8,,0.054,88.0,0,0,0.539,0.539,30,28,30,28,1,3,2,2,,2,1.08,0.17,-0.17,53.5,-0.8061701014159278,-0.2297535823084819,33.76838005147371,30.71030451124549,19.322833997754728
CH,2025-10-10,90.4,1.82,6.04,"Garver, Mitch",641598,669373,,blocked_ball,,,,,13,Ball In Dirt,D,R,L,SEA,DET,B,,,1,1,2025,1.18,0.06,-0.8609281473488966,0.07110986816038123,,647304,,1,2,Bot,,,,,,,-9.221798021588095,-131.12908003733747,-9.040913876073281,15.539198874585464,28.47688912513312,-29.653163498314886,3.39368652271252,1.58297754445794,,,,90.5,1831,6.6,813054,693307,679529,650402,656716,595879,682985,678009,681481,53.89,,,,,,,,14,3,Changeup,0,0,0,0,0,0,0,0,Infield shade,Standard,143,0.034,0.03,,,,-0.03,,0,0,0.57,0.57,28,34,29,34,1,0,5,2,,3,2.75,1.18,-1.18,45.2,,,,,
FF,2025-10-10,95.2,-2.09,5.65,"McKinstry, Zach",656716,660825,,ball,,,,,11,Ball,D,L,R,SEA,DET,B,,,0,2,2025,-0.89,1.42,-0.6404313198664582,4.617136643691242,,,,0,14,Top,,,,,,,5.758556876443901,-138.50121443997102,-0.16781972761359715,-12.852447502138553,35.49930787397111,-14.330119000742789,3.39736711618867,1.58716602923108,,,,93.8,2150,5.8,813054,663728,647304,593871,553993,641487,668227,677594,645302,54.7,,,,,,,,102,3,4-Seam Fastball,2,2,2,2,2,2,2,2,Infield shade,Standard,227,-0.006,0.024,,,,-0.024,,0,0,0.523,0.477,29,30,30,30,1,5,2,2,3,,1.13,0.89,-0.89,37.5,,,,,
FF,2025-10-10,94.1,-2.51,5.41,"Naylor, Josh",647304,656427,,foul,,,,,12,Foul,D,L,R,SEA,DET,S,,,0,2,2025,-0.48,1.35,0.21129002998522084,3.4335429814609544,,,,0,14,Bot,,,,,,,8.138147612095391,-136.80861409847833,-2.3701657189614087,-8.007887442646469,33.54069512400304,-14.945424254991833,3.22,1.51,211,74.1,26,93.7,2358,6.4,813054,693307,679529,650402,656716,595879,682985,678009,681481,54.12,,,,,,,,106,3,4-Seam Fastball,2,2,2,2,2,2,2,2,Infield shade,Standard,211,0,0,61.1,5.6,,0,88.0,0,0,0.616,0.616,29,28,30,28,1,5,3,2,,2,1.25,0.48,-0.48,27.8,-11.735536796071498,16.333538902149037,31.425577139907507,30.579704804877398,6.744755733650887
FF,2025-10-10,95,-1.95,5.78,"Naylor, Josh",647304,676684,,ball,,,,,11,Ball,D,L,R,SEA,DET,B,,,0,0,2025,-0.17,1.35,-0.605943405772631,3.632831742562527,,,,2,9,Bot,,,,,,,3.8816888601540827,-138.34078020972999,-2.975462990460554,-3.0487905233697927,32.725670435879316,-14.469457717863218,3.22281919164129,1.51765410019853,,,,94.8,2130,6.3,813054,693307,679529,650402,656716,595879,682985,678009,681481,54.23,,,,,,,,67,1,4-Seam Fastball,2,2,2,2,2,2,2,2,Infield shade,Standard,208,0.003,0.037,,,,-0.037,,0,0,0.536,0.536,30,28,30,28,1,3,2,2,,2,1.19,0.17,-0.17,54.7,,,,,
SL,2025-10-10,85.6,-0.89,5.86,"McKinstry, Zach",656716,669302,,called_strike,,,,,5,Called Strike,D,L,R,SEA,DET,S,,,1,0,2025,-0.07,0.09,-0.24012418350824583,2.143596636582873,,,,0,12,Top,,,,,,,1.7148858456396752,-124.636673228726,-2.722196082017344,-1.0933536583046692,25.840315204041772,-30.85822889102281,3.39317813264168,1.57752104648377,,,,87.6,1818,7.6,813054,663728,647304,593871,553993,641487,668227,677594,645302,52.89,,,,,,,,85,2,Slider,2,2,2,2,2,2,2,2,Standard,Standard,58,0.011,-0.05,,,,0.05,,0,0,0.492,0.508,28,30,28,30,1,4,3,2,3,,3.02,0.07,-0.07,43.8,,,,,
SL,2025-10-10,88.8,-1.9,5.47,"Torres, Gleyber",650402,669923,,foul,,,,,6,Foul,D,R,R,SEA,DET,S,,,0,0,2025,1.03,-0.08,0.49958343818102313,2.6431692969059872,,,681481,2,3,Top,,,,,,,3.7338314415813008,-129.28499432202793,-0.7135228263553622,10.712624109657769,27.465660412014586,-33.08848359151393,3.26,1.53,191,69.5,47,89.2,2015,6.6,813054,663728,647304,593871,553993,641487,668227,677594,645302,53.95,,,,,,,,19,1,Slider,1,0,0,1,0,1,0,1,Standard,Standard,36,0.004,-0.042,64.5,6.8,,0.042,88.0,1,-1,0.643,0.357,27,28,27,29,2,1,6,2,5,,2.97,-1.03,-1.03,28.4,4.316185058468635,13.04430179126141,30.289451606964178,42.57781378448382,26.14414445167135
FF,2025-10-10,94.6,-2.31,5.81,"Crawford, J.P.",641487,672456,,foul_bunt,,,,,7,Foul Bunt,D,L,R,SEA,DET,S,,,3,1,2025,-0.41,1.45,-0.3953990743391377,2.060092450260613,,660844,645302,0,12,Bot,,,,,,,5.929628144996555,-137.38908819718034,-7.2917460631879285,-6.578088061099088,32.81008811761936,-12.400362956801118,3.3,1.54,,,,94.5,2399,6.5,813054,693307,679529,650402,656716,595879,682985,678009,681481,53.99,,,,,,,,93,5,4-Seam Fastball,2,2,2,2,2,2,2,2,Infield shade,Strategic,214,-0.029,-0.142,11.6,1.9,,0.142,88.0,0,0,0.858,0.858,24,30,25,30,1,4,3,2,,2,1.13,0.41,-0.41,42.5,-51.316729711111115,8.258853129331076,37.96100912864676,46.56865224689882,11.924616829852955
CH,2025-10-10,87.6,2.05,6.09,"Garver, Mitch",641598,669373,,swinging_strike,,,,,6,Swinging Strike,D,R,L,SEA,DET,S,,,1,0,2025,0.86,0.94,0.32730968570488195,2.6095442803209408,,647304,,1,2,Bot,,,,,,,-5.95476901720573,-127.49404211740455,-4.25084257816196,10.545982465551731,25.86868001215304,-21.263197643466647,3.48,1.64,,,,88.2,1703,6.6,813054,693307,679529,650402,656716,595879,682985,678009,681481,53.9,,,,,,,,14,2,Changeup,0,0,0,0,0,0,0,0,Standard,Standard,139,-0.004,-0.042,76.1,8.6,,0.042,,0,0,0.574,0.574,28,34,29,34,1,0,5,2,,3,2.03,0.86,-0.86,45.1,23.750583065542635,-49.67737248887756,24.76579871551427,41.263389027571925,58.89533224466143
SI,2025-10-10,95,-2.15,5.73,"McKinstry, Zach",656716,660825,,foul,,,,,1,Foul,D,L,R,SEA,DET,S,,,0,1,2025,-1.42,0.94,-0.32503286594040603,2.9805628295694317,,,,0,14,Top,,,,,,,7.879337981416359,-138.06501734021091,-3.590840734499106,-19.95005997276714,32.06767960590408,-19.53023952677622,3.28,1.53,195,80.9,19,94,2237,5.9,813054,663728,647304,593871,553993,641487,668227,677594,645302,54.63,,,,,,,,102,2,Sinker,2,2,2,2,2,2,2,2,Strategic,Standard,217,0.014,-0.055,65.9,6.3,,0.055,88.0,0,0,0.509,0.491,29,30,30,30,1,5,2,2,3,,1.6,1.42,-1.42,39.4,7.251405872747468,0.02156800903190291,36.096331026660586,36.4751908894055,21.02436001260779
SL,2025-10-10,86.8,-2.57,5.3,"Naylor, Josh",647304,656427,,swinging_strike,,,,,14,Swinging Strike,D,L,R,SEA,DET,S,,,0,1,2025,0.6,0.22,0.10033807110231768,0.8294199442024013,,,,0,14,Bot,,,,,,,5.179449451742523,-126.34461351090171,-4.97643922964515,5.329752097144624,25.793842341215054,-28.97767133383963,3.22,1.51,,,,87.1,2582,6.5,813054,693307,679529,650402,656716,595879,682985,678009,681481,54.03,,,,,,,,106,2,Slider,2,2,2,2,2,2,2,2,Infield shade,Standard,139,-0.014,-0.055,72.1,9.1,,0.055,,0,0,0.63,0.63,29,28,30,28,1,5,3,2,,2,2.8,-0.6,0.6,26.2,33.862864710968935,-31.09226578341691,42.447242714315905,33.25820037297531,45.762685848387626
FF,2025-10-10,95,-2.48,5.91,"Crawford, J.P.",641487,672456,,called_strike,,,,,11,Called Strike,D,L,R,SEA,DET,S,,,3,0,2025,-0.57,1.36,-0.9223122423298147,3.1657355497748023,,660844,645302,0,12,Bot,,,,,,,5.3565016700528405,-138.11218899947534,-4.514459574278201,-8.577730049093928,34.019424279845246,-13.992671189317575,3.31792718276654,1.53218550773592,,,,94.6,2286,6.4,813054,693307,679529,650402,656716,595879,682985,678009,681481,54.14,,,,,,,,93,4,4-Seam Fastball,2,2,2,2,2,2,2,2,Strategic,Standard,213,-0.023,-0.091,,,,0.091,,0,0,0.881,0.881,24,30,25,30,1,4,3,2,,2,1.19,0.57,-0.57,40.7,,,,,
SL,2025-10-10,87.9,-1.74,5.43,"Carpenter, Kerry",681481,669923,single,hit_into_play,,,,,9,Kerry Carpenter singles on a sharp line drive to right fielder Victor Robles.,D,L,R,SEA,DET,X,9,line_drive,0,1,2025,0.86,-0.4,0.2955403224462433,1.7461652827097307,,,,2,3,Top,192.64,104.91,,,,,3.1824650402322603,-127.94439168870781,-1.9636663972880903,8.64206428267889,28.38084436657234,-36.308455596334916,3.39,1.62,200,107.5,13,88.1,2320,6.6,813054,663728,647304,593871,553993,641487,668227,677594,645302,53.94,0.81,0.823,0.9,1,1,0,5,18,2,Slider,1,0,0,1,0,1,0,1,Infield shade,Standard,36,-0.016,0.368,75.7,8.0,1.104,-0.368,107.5,1,-1,0.659,0.34099999999999997,27,27,27,28,2,1,6,2,5,,3.36,-0.86,0.86,32.4,21.305473696524064,0.0926964169039875,43.602890686354144,35.54509250702968,26.954187818801596
FF,2025-10-10,98.6,1.49,6.28,"Garver, Mitch",641598,669373,,ball,,,,,11,Ball,D,R,L,SEA,DET,B,,,0,0,2025,0.07,1.46,-1.1599557906878661,3.56139556124379,,647304,,1,2,Bot,,,,,,,-7.363937228821742,-143.34450834078288,-5.3542171172276465,2.681601772294424,32.28940689823889,-10.927961885747473,3.51564337366239,1.6949397402967,,,,98.7,2312,6.3,813054,693307,679529,650402,656716,595879,682985,678009,681481,54.16,,,,,,,,14,1,4-Seam Fastball,0,0,0,0,0,0,0,0,Standard,Standard,163,0.002,0.028,,,,-0.028,,0,0,0.572,0.572,28,34,29,34,1,0,5,2,,3,0.88,0.07,-0.07,52.4,,,,,
FF,2025-10-10,94.9,-1.86,5.76,"Suárez, Eugenio",553993,676684,strikeout,swinging_strike,,,,,12,Eugenio Suárez strikes out swinging.,D,R,R,SEA,DET,S,2,,2,2,2025,-0.07,1.49,1.0033097892932505,3.3248751676728827,,,,1,9,Bot,,,,,,,7.618322583317242,-137.98897154322566,-4.015865436482417,-2.6453478813168347,32.57968780715525,-12.449296629884552,3.48,1.61,,,,94.5,2115,6.2,813054,693307,679529,650402,656716,595879,682985,678009,681481,54.25,,0,0,1,0,0,,66,6,4-Seam Fastball,2,2,2,2,2,2,2,2,Standard,Standard,210,-0.039,-0.228,47.7,6.6,,0.228,,0,0,0.575,0.575,30,33,30,34,1,3,2,2,,2,1.06,0.07,0.07,54.4,12.955761115954449,31.080738952960253,34.04102404283111,45.13077298929807,12.285893894517448
FF,2025-10-10,94.2,-0.57,5.96,"McKinstry, Zach",656716,669302,,ball,,,,,12,Ball,D,L,R,SEA,DET,B,,,0,0,2025,-0.25,1.38,0.3310776156625212,3.7892733754520065,,,,0,12,Top,,,,,,,2.968387218806919,-137.12749421104124,-3.0049799545765863,-3.8743252415225578,34.29808875781902,-14.415009442043385,3.33080405900412,1.52999930206627,,,,96,2057,7.6,813054,663728,647304,593871,553993,641487,668227,677594,645302,52.91,,,,,,,,85,1,4-Seam Fastball,2,2,2,2,2,2,2,2,Standard,Standard,199,-0.008,0.041,,,,-0.041,,0,0,0.5,0.5,28,30,28,30,1,4,3,2,3,,1.21,0.25,-0.25,47.9,,,,,
KC,2025-10-10,78,-2.45,5.44,"Naylor, Josh",647304,656427,,called_strike,,,,,11,Called Strike,D,L,R,SEA,DET,S,,,0,0,2025,1.21,-0.94,-0.8839449157253148,2.515369870473127,,,,0,14,Bot,,,,,,,1.1271416525528657,-113.50596403954638,2.398386215661354,10.177500110241906,23.216953909144614,-40.928238331363694,3.17162553309804,1.48632025883747,,,,77.7,2519,6.3,813054,693307,679529,650402,656716,595879,682985,678009,681481,54.19,,,,,,,,106,1,Knuckle Curve,2,2,2,2,2,2,2,2,Infield shade,Standard,50,-0.009,-0.039,,,,0.039,,0,0,0.639,0.639,29,28,30,28,1,5,3,2,,2,4.72,-1.21,1.21,26.0,,,,,
FF,2025-10-10,95,-2.5,5.82,"Crawford, J.P.",641487,672456,,ball,,,,,11,Ball,D,L,R,SEA,DET,B,,,2,0,2025,-0.37,1.5,-0.9234656072114886,2.661016644994058,,660844,645302,0,12,Bot,,,,,,,4.958428311776641,-138.16425895822937,-5.919867556635925,-5.8923558298405085,34.489332153678255,-11.813827288560244,3.07114915223528,1.36690704758632,,,,94.6,2396,6.3,813054,693307,679529,650402,656716,595879,682985,678009,681481,54.15,,,,,,,,93,3,4-Seam Fastball,2,2,2,2,2,2,2,2,Infield shade,Standard,214,0.035,0.185,,,,-0.185,,0,0,0.846,0.846,24,30,25,30,1,4,3,2,,2,1.05,0.37,-0.37,40.6,,,,,
SI,2025-10-10,94.3,-1.94,5.79,"McKinstry, Zach",656716,660825,,foul,,,,,6,Foul,D,L,R,SEA,DET,S,,,0,0,2025,-1.6,0.79,0.6517957735266549,2.381853422970035,,,,0,14,Top,,,,,,,10.220032268588774,-136.77721975884486,-4.798735910481337,-22.398972291605627,33.69569654108686,-21.313481057472536,3.28,1.53,137,76,12,93.3,2244,6.1,813054,663728,647304,593871,553993,641487,668227,677594,645302,54.37,,,,,,,,102,1,Sinker,2,2,2,2,2,2,2,2,Strategic,Standard,213,0.009,-0.039,68.0,6.8,,0.039,88.0,0,0,0.5,0.5,29,30,30,30,1,5,2,2,3,,1.81,1.6,-1.6,42.6,15.67043671955122,-13.146973463386567,40.97235584444265,24.910333115511243,27.94799981617857
SL,2025-10-10,87.6,-1.85,5.49,"Carpenter, Kerry",681481,669923,,foul,,,,,12,Foul,D,L,R,SEA,DET,S,,,0,0,2025,1.27,0.04,1.2587892742903948,2.5739831244314337,,,,2,3,Top,,,,,,,4.886212230465787,-127.3925753601119,-0.9116799704512919,12.631958418046949,29.205708686790672,-31.747063932721822,3.39,1.62,65,55.2,9,87.5,2585,6.6,813054,663728,647304,593871,553993,641487,668227,677594,645302,53.95,,,,,,,,18,1,Slider,1,0,0,1,0,1,0,1,Infield shade,Standard,43,0.002,-0.043,70.8,8.0,,0.043,88.0,1,-1,0.657,0.34299999999999997,27,27,27,28,2,1,6,2,5,,2.96,-1.27,1.27,26.1,24.297568476743642,-16.11599501205698,39.48447265124642,23.324297283254,23.85601424075931
SI,2025-10-10,100.2,1.59,6.15,"Naylor, Josh",647304,669373,double,hit_into_play,,,,,11,Josh Naylor doubles (2) on a line drive to left fielder Riley Greene.,D,L,L,SEA,DET,X,7,line_drive,1,2,2025,0.67,1.11,-1.2661247195822984,2.5491116948376584,,,,1,2,Bot,34.47,106.81,,,,,-9.516955229650561,-145.50664437882762,-7.239597820027368,11.702582092859558,32.364547357043186,-14.856638154160427,3.22,1.51,282,89.4,21,100.7,2213,6.6,813054,693307,679529,650402,656716,595879,682985,678009,681481,53.92,0.357,0.392,1.25,1,1,1,3,13,5,Sinker,0,0,0,0,0,0,0,0,Strategic,Standard,161,0.049,0.716,62.4,7.4,0.541,-0.716,89.4,0,0,0.523,0.523,28,28,29,28,1,0,5,2,,2,1.16,0.67,0.67,48.7,-2.0408912969190327,17.450268294051703,23.675504544003115,48.78045402058019,9.306262792909925
SL,2025-10-10,88.6,-2.08,5.63,"Suárez, Eugenio",553993,676684,,ball,,,,,9,Ball,D,R,R,SEA,DET,B,,,1,2,2025,0.15,-0.27,0.8056089542648472,1.6035418104375023,,,,1,9,Bot,,,,,,,6.711858361375171,-129.10492133461568,-3.3434251284047565,0.5929450408197026,21.975202685591157,-34.79346785187509,3.43333691842589,1.57083092633644,,,,89.2,2644,6.2,813054,693307,679529,650402,656716,595879,682985,678009,681481,54.34,,,,,,,,66,5,Slider,2,2,2,2,2,2,2,2,Standard,Standard,14,0.007,0.048,,,,-0.048,,0,0,0.568,0.568,30,33,30,34,1,3,2,2,,2,3.12,-0.15,-0.15,48.9,,,,,
FS,2025-10-10,81.3,-1.16,5.79,"Keith, Colt",690993,669302,strikeout,swinging_strike,,,,,13,Colt Keith strikes out swinging.,D,L,R,SEA,DET,S,2,,1,2,2025,-0.09,-0.38,-0.8630633321716762,1.048349399905259,,681481,682985,2,11,Top,,,,,,,0.8604622660228759,-118.35230045169368,-3.2165602490725247,-1.0397319578818174,26.87661345673889,-35.2350982009211,3.35,1.59,,,,82.1,631,7.3,813054,663728,647304,593871,553993,641487,668227,677594,645302,53.23,,0,0,1,0,0,,81,4,Split-Finger,2,2,2,2,2,2,2,2,Standard,Standard,307,0.082,-0.191,66.4,7.7,,0.191,,0,0,0.557,0.44299999999999995,28,23,28,24,1,4,3,2,3,,3.88,0.09,-0.09,36.9,21.65744757318453,-14.48187498193715,36.94931663796262,46.99667702874982,38.85632212673119
FF,2025-10-10,95.5,-2.56,5.36,"Suárez, Eugenio",553993,656427,grounded_into_double_play,hit_into_play,,,,,3,"Eugenio Suárez grounds into a double play, shortstop Javier Báez to second baseman Gleyber Torres to first baseman Spencer Torkelson. Julio Rodríguez out at 2nd. Eugenio Suárez out at 1st.",D,R,R,SEA,DET,X,6,ground_ball,3,2,2025,-0.49,1.46,0.2927166684985705,2.9906249037996577,,663728,677594,1,13,Bot,107.37,157.43,,,,,8.662090251743617,-138.8017793516025,-3.8948735620048893,-8.404744623554361,32.587620014615716,-12.599879826860672,3.48,1.61,77,101.6,3,95.7,2429,6.6,813054,693307,679529,650402,656716,595879,682985,678009,681481,53.92,0.524,0.489,0,1,0,0,4,101,6,4-Seam Fastball,2,2,2,2,2,2,2,2,Standard,Standard,214,-0.229,-0.381,70.7,7.4,0.599,0.381,101.6,0,0,0.729,0.729,29,33,30,34,1,5,3,2,,2,1.05,0.49,0.49,28.8,20.591140392881346,-2.0061969327684204,32.39003718028233,35.05640456603915,33.416077311116155
FF,2025-10-10,93.7,-2.95,5.8,"Crawford, J.P.",641487,672456,,ball,,,,,11,Ball,D,L,R,SEA,DET,B,,,1,0,2025,-0.56,1.51,-1.0685760801978268,3.1692637715604355,,660844,645302,0,12,Bot,,,,,,,6.08738715390472,-136.15223603874884,-4.273138485237281,-8.489450544030154,35.43290880604161,-12.782010815982911,3.05023557266957,1.46392710318985,,,,92.7,2326,6.2,813054,693307,679529,650402,656716,595879,682985,678009,681481,54.3,,,,,,,,93,2,4-Seam Fastball,2,2,2,2,2,2,2,2,Strategic,Standard,218,0.023,0.076,,,,-0.076,,0,0,0.823,0.823,24,30,25,30,1,4,3,2,,2,1.13,0.56,-0.56,37.4,,,,,
SI,2025-10-10,96.8,-1.8,5.67,"Keith, Colt",690993,660825,strikeout,called_strike,,,,,9,Colt Keith called out on strikes.,D,L,R,SEA,DET,S,2,,3,2,2025,-1.29,1.17,0.6367538379779631,1.7655037001616423,,,,2,13,Top,,,,,,,9.447046140744925,-140.51517482104882,-7.490850221076855,-19.334935404314383,33.392695402468945,-15.022141246049962,3.25612694671227,1.59000008492706,,,,96.4,2367,6.3,813054,663728,647304,593871,553993,641487,668227,677594,645302,54.17,,0,0,1,0,0,,97,6,Sinker,2,2,2,2,2,2,2,2,Infield shade,Standard,217,0.039,-0.328,,,,0.328,,0,0,0.6,0.4,29,23,30,24,1,5,2,2,3,,1.28,1.29,-1.29,39.9,,,,,
SL,2025-10-10,85.2,-2.52,5.03,"Báez, Javier",595879,666374,field_out,hit_into_play,,,,,8,Javier Báez flies out sharply to center fielder Julio Rodríguez.,D,R,R,SEA,DET,X,8,fly_ball,2,0,2025,0.75,0.19,-0.22154536160755434,2.068454772153054,,,,1,8,Top,109.61,42.17,,,,,3.9123856426648076,-123.99358928795793,-0.9767626528028668,6.830851238926385,26.47799946595742,-30.274884098520538,3.49,1.65,388,104.4,31,85.2,2821,6.5,813054,663728,647304,593871,553993,641487,668227,677594,645302,54.04,0.641,1.2795423728813562,0,1,0,0,6,54,3,Slider,2,2,2,2,2,2,2,2,Standard,Standard,49,0.05,-0.364,76.1,8.2,2.526,0.364,104.4,0,0,0.532,0.46799999999999997,27,32,27,33,1,2,3,2,2,,2.97,-0.75,-0.75,25.1,5.0260183311573465,-9.987659056390326,37.44293164603181,33.28604447368281,29.73109788740744
SL,2025-10-10,88.5,-1.76,5.52,"Báez, Javier",595879,669923,strikeout,swinging_strike,,,,,14,Javier Báez strikes out swinging.,D,R,R,SEA,DET,S,2,,0,2,2025,1.36,-0.47,1.9656001245488435,0.953029086724273,,,,1,3,Top,,,,,,,6.2646456062545335,-128.71052928963468,-4.0590118208671875,13.66680437195676,28.553776353275456,-36.7158724287131,3.49,1.65,,,,88.6,2576,6.6,813054,663728,647304,593871,553993,641487,668227,677594,645302,53.93,,0,0,1,0,0,,17,3,Slider,1,0,0,1,0,1,0,1,Infield shade,Standard,30,0.011,-0.163,71.1,8.9,,0.163,,1,-1,0.646,0.354,27,32,27,33,1,0,6,2,5,,3.4,-1.36,-1.36,28.7,1.5907396017633386,2.0719527573440093,29.478288464423922,58.55684158352051,23.82019823927353
SI,2025-10-10,95.5,-2.01,5.66,"Suárez, Eugenio",553993,676684,,foul,,,,,4,Foul,D,R,R,SEA,DET,S,,,1,2,2025,-1.2,0.72,-0.7431976350483,2.551762034068736,,,,1,9,Bot,,,,,,,6.0399795783342185,-138.93724447246305,-4.218544336457561,-16.895209842373582,29.496410413776815,-22.07509416448378,3.48,1.61,124,54,22,95.6,2074,6.2,813054,693307,679529,650402,656716,595879,682985,678009,681481,54.25,,,,,,,,66,4,Sinker,2,2,2,2,2,2,2,2,Standard,Standard,212,0,0,65.2,6.0,,0,88.0,0,0,0.568,0.568,30,33,30,34,1,3,2,2,,2,1.77,1.2,1.2,50.7,-12.888248575330568,27.361373730197283,44.08349661896319,24.21699235224183,16.747526864270526
SL,2025-10-10,92.7,2.03,5.95,"Naylor, Josh",647304,669373,,foul,,,,,13,Foul,D,L,L,SEA,DET,S,,,1,2,2025,-0.3,0.3,-1.5150788211367825,2.2943848127953923,,,,1,2,Bot,,,,,,,-8.46551413017993,-134.80850663970074,-4.269394015961605,-2.0091473855033293,27.225563918817954,-27.813492309881003,3.22,1.51,100,58.7,13,93.6,2236,6.7,813054,693307,679529,650402,656716,595879,682985,678009,681481,53.8,,,,,,,,13,4,Slider,0,0,0,0,0,0,0,0,Strategic,Standard,176,0,0,61.0,8.0,,0,88.0,0,0,0.523,0.523,28,28,29,28,1,0,5,2,,2,2.34,-0.3,-0.3,46.0,4.502322959448422,-5.091322319184435,24.451274111274863,52.0791688876428,21.05516073062258
FS,2025-10-10,81.7,-1.15,5.76,"Keith, Colt",690993,669302,,ball,,,,,13,Ball,D,L,R,SEA,DET,B,,,0,2,2025,-0.77,-0.19,-2.0545668134876567,1.5280895971901787,,681481,682985,2,11,Top,,,,,,,-0.5546110156476182,-118.88432795347954,-2.4480139101221345,-7.07554701811108,28.174538265566124,-33.66584639786885,3.39169157420271,1.65697022044935,,,,82.2,636,7.2,813054,663728,647304,593871,553993,641487,668227,677594,645302,53.32,,,,,,,,81,3,Split-Finger,2,2,2,2,2,2,2,2,Standard,Standard,302,-0.012,0.012,,,,-0.012,,0,0,0.569,0.43100000000000005,28,23,28,24,1,4,3,2,3,,3.68,0.77,-0.77,37.0,,,,,
ST,2025-10-10,84.9,-2.22,5.57,"Keith, Colt",690993,660825,,ball,,,,,14,Ball,D,L,R,SEA,DET,B,,,2,2,2025,1.64,-0.34,0.676369787311619,0.039984242941772496,,,,2,13,Top,,,,,,,3.4668134639741734,-123.5414293696961,-5.831671347336702,15.875278630449342,27.854397401257284,-34.52226696851991,3.34999888018831,1.61876754611743,,,,83.8,2735,5.9,813054,663728,647304,593871,553993,641487,668227,677594,645302,54.62,,,,,,,,97,5,Sweeper,2,2,2,2,2,2,2,2,Infield shade,Standard,46,-0.01,0.104,,,,-0.104,,0,0,0.61,0.39,29,23,30,24,1,5,2,2,3,,3.53,-1.64,1.64,38.3,,,,,
FF,2025-10-10,95.9,-1.83,5.8,"Suárez, Eugenio",553993,676684,,foul,,,,,5,Foul,D,R,R,SEA,DET,S,,,1,1,2025,-0.5,1.35,0.12181783577826011,2.447699612557349,,,,1,9,Bot,,,,,,,6.2809124241998715,-139.41130035553792,-6.291106916146402,-7.986101392814054,32.236972615641164,-13.34029506225643,3.48,1.61,181,79.5,16,95.7,2150,6.3,813054,693307,679529,650402,656716,595879,682985,678009,681481,54.2,,,,,,,,66,3,4-Seam Fastball,2,2,2,2,2,2,2,2,Standard,Standard,210,-0.012,-0.064,77.1,7.5,,0.064,88.0,0,0,0.58,0.58,30,33,30,34,1,3,2,2,,2,1.14,0.5,0.5,54.1,8.916473524648643,8.287269713753597,40.1128406551835,35.672261921245834,26.092686662570735
SL,2025-10-10,86,-2.38,4.95,"Báez, Javier",595879,666374,,ball,,,,,14,Ball,D,R,R,SEA,DET,B,,,1,0,2025,1.07,0.28,1.9739078379761086,1.4443588074872697,,,,1,8,Top,,,,,,,8.2150336525095,-124.95187560696027,-2.5741299595791607,9.286780878299137,27.41950498231555,-28.940973794285668,3.53613146758453,1.69363142883228,,,,86.2,2781,6.7,813054,663728,647304,593871,553993,641487,668227,677594,645302,53.81,,,,,,,,54,2,Slider,2,2,2,2,2,2,2,2,Standard,Standard,48,-0.009,0.071,,,,-0.071,,0,0,0.541,0.45899999999999996,27,32,27,33,1,2,3,2,2,,2.84,-1.07,-1.07,25.1,,,,,
FF,2025-10-10,93.9,-2.67,5.9,"Crawford, J.P.",641487,672456,,ball,,,,,11,Ball,D,L,R,SEA,DET,B,,,0,0,2025,-0.29,1.42,-0.3061787434974465,4.23136094782021,,660844,645302,0,12,Bot,,,,,,,6.745569826320431,-136.57715959071135,-1.6686722206671813,-5.295337720192852,34.246798151709754,-14.414992401913944,3.02528772906586,1.46847450318223,,,,93.2,2420,6.2,813054,693307,679529,650402,656716,595879,682985,678009,681481,54.27,,,,,,,,93,1,4-Seam Fastball,2,2,2,2,2,2,2,2,Strategic,Standard,211,0.012,0.045,,,,-0.045,,0,0,0.811,0.811,24,30,25,30,1,4,3,2,,2,1.2,0.29,-0.29,37.2,,,,,
SL,2025-10-10,85,-2.6,5.4,"Suárez, Eugenio",553993,656427,,called_strike,,,,,4,Called Strike,D,R,R,SEA,DET,S,,,3,1,2025,0.66,0.09,-0.3247813551552766,2.705575978066587,,663728,677594,1,13,Bot,,,,,,,4.021028936640334,-123.82394611702246,-0.1939078034418994,6.0093554931056135,24.55817438698245,-31.450044814921917,3.35581852705671,1.51609977209863,,,,85.3,2544,6.4,813054,693307,679529,650402,656716,595879,682985,678009,681481,54.07,,,,,,,,101,5,Slider,2,2,2,2,2,2,2,2,Standard,Standard,110,-0.032,-0.075,,,,0.075,,0,0,0.761,0.761,29,33,30,34,1,5,3,2,,2,3.06,-0.66,-0.66,30.4,,,,,
SI,2025-10-10,96.3,-1.68,5.58,"Báez, Javier",595879,669923,,foul,,,,,1,Foul,D,R,R,SEA,DET,S,,,0,1,2025,-1.27,0.72,-0.694080672786435,3.48167267935429,,,,1,3,Top,,,,,,,5.546032962133793,-140.25239889137302,-1.6553421192605011,-18.010953139797333,31.38464886716686,-22.519190938560463,3.49,1.65,222,70.5,35,97,2274,6.6,813054,663728,647304,593871,553993,641487,668227,677594,645302,53.9,,,,,,,,17,2,Sinker,1,0,0,1,0,1,0,1,Infield shade,Standard,219,0.005,-0.052,69.9,6.8,,0.052,88.0,1,-1,0.641,0.359,27,32,27,33,1,0,6,2,5,,1.73,1.27,1.27,28.2,-1.615631945978401,26.84620466395729,27.638933978186827,27.801422618767052,15.191900401952436
SL,2025-10-10,91.3,2.03,6.01,"Naylor, Josh",647304,669373,,foul,,,,,4,Foul,D,L,L,SEA,DET,S,,,1,1,2025,-0.26,0.39,-0.3851684909230782,2.5683920371371123,,,,1,2,Bot,,,,,,,-5.5672824088603035,-132.89703293932894,-3.665092142365313,-1.9163082884258775,27.062157141440444,-26.95792362786175,3.22,1.51,3,78.5,-40,92.1,2277,6.6,813054,693307,679529,650402,656716,595879,682985,678009,681481,53.88,,,,,,,,13,3,Slider,0,0,0,0,0,0,0,0,Strategic,Standard,181,-0.004,-0.064,69.8,7.2,,0.064,88.0,0,0,0.527,0.527,28,28,29,28,1,0,5,2,,2,2.33,-0.26,-0.26,48.9,5.2304199594655145,-11.024195813209046,27.200458136874627,38.01130448460749,26.17253858010476
SL,2025-10-10,82.3,-3.01,5.27,"McKinstry, Zach",656716,662253,strikeout,swinging_strike,,,,,7,Zach McKinstry strikes out swinging.,D,L,R,SEA,DET,S,2,,2,2,2025,0.84,-0.04,-0.39905215050231513,1.889745592748001,,,,2,9,Top,,,,,,,4.319339901058216,-119.94554620587193,-1.1209198017482205,7.38116152617122,21.94815773843358,-32.59715220436369,3.28,1.53,,,,83.1,2273,6.6,813054,663728,647304,593871,553993,641487,668227,677594,645302,53.86,,0,0,1,0,0,,64,5,Slider,2,2,2,2,2,2,2,2,Strategic,Standard,73,0.029,-0.224,57.4,8.1,,0.224,,0,0,0.61,0.39,26,30,26,30,1,3,3,2,2,,3.38,-0.84,0.84,28.4,31.62159873303045,-31.042078457612096,37.699311332670916,38.932463563567595,43.03153940985696
FS,2025-10-10,81.2,-0.88,5.85,"Keith, Colt",690993,669302,,called_strike,,,,,6,Called Strike,D,L,R,SEA,DET,S,,,0,1,2025,-0.52,-0.33,0.5156825868400958,2.4717905663545623,,681481,682985,2,11,Top,,,,,,,4.201876357190511,-118.19410071812719,-0.2809591866321399,-5.741560380739791,23.5172353326858,-35.396090953409626,3.27429176476736,1.50767786847274,,,,82.5,780,7.3,813054,663728,647304,593871,553993,641487,668227,677594,645302,53.24,,,,,,,,81,2,Split-Finger,2,2,2,2,2,2,2,2,Standard,Standard,329,0.029,-0.057,,,,0.057,,0,0,0.54,0.45999999999999996,28,23,28,24,1,4,3,2,3,,3.79,0.52,-0.52,41.9,,,,,
SI,2025-10-10,95,-2.01,5.65,"Keith, Colt",690993,660825,,called_strike,,,,,6,Called Strike,D,L,R,SEA,DET,S,,,2,1,2025,-1.4,0.53,0.609323268655237,2.2472937515308384,,,,2,13,Top,,,,,,,9.924859711734499,-137.88684149306073,-4.358540918708103,-20.112088607130953,33.3007375129802,-24.547006611554195,3.35000162196503,1.59137574404666,,,,94.1,2237,6.1,813054,663728,647304,593871,553993,641487,668227,677594,645302,54.39,,,,,,,,97,4,Sinker,2,2,2,2,2,2,2,2,Infield shade,Standard,213,0.008,-0.073,,,,0.073,,0,0,0.602,0.398,29,23,30,24,1,5,2,2,3,,2.02,1.4,-1.4,39.7,,,,,
SL,2025-10-10,88.5,-2.54,5.41,"Suárez, Eugenio",553993,656427,,blocked_ball,,,,,14,Ball In Dirt,D,R,R,SEA,DET,B,,,2,1,2025,0.68,0.36,1.9063775466565778,0.38118848613603973,,663728,677594,1,13,Bot,,,,,,,9.435361248496323,-128.44114457831967,-6.918821180693054,5.583099107773167,27.079898540607207,-26.936162724635004,3.47999989330739,1.56351171758251,,,,88.5,2658,6.5,813054,693307,679529,650402,656716,595879,682985,678009,681481,54,,,,,,,,101,4,Slider,2,2,2,2,2,2,2,2,Standard,Standard,142,0.038,0.108,,,,-0.108,,0,0,0.723,0.723,29,33,30,34,1,5,3,2,,2,2.57,-0.68,-0.68,29.4,,,,,
SL,2025-10-10,88.2,-0.77,5.83,"Keith, Colt",690993,669302,,swinging_strike,,,,,14,Swinging Strike,D,L,R,SEA,DET,S,,,0,0,2025,0.16,0.18,0.4231713601542693,1.389402517051471,,681481,682985,2,11,Top,,,,,,,2.615583154059914,-128.2411798041862,-5.040459262930433,1.110148204253968,32.704470110477615,-29.207564170762545,3.35,1.59,,,,89.4,1823,7.6,813054,663728,647304,593871,553993,641487,668227,677594,645302,52.88,,,,,,,,81,1,Slider,2,2,2,2,2,2,2,2,Standard,Standard,93,0.018,-0.047,69.7,8.3,,0.047,,0,0,0.522,0.478,28,23,28,24,1,4,3,2,3,,2.81,-0.16,0.16,46.2,33.05070655537851,-37.922570494864736,35.421118292355416,32.19887927637288,53.99030293013915
SL,2025-10-10,86.3,-2.37,5.1,"Báez, Javier",595879,666374,,ball,,,,,14,Ball,D,R,R,SEA,DET,B,,,0,0,2025,1.45,-0.11,1.3131043079039515,1.3027091263535016,,,,1,8,Top,,,,,,,5.8240261976650665,-125.53391504504064,-2.512912942614399,13.905080432385367,28.189801933697602,-33.03422348033048,3.51740260126851,1.6742436872244,,,,86.2,2915,6.5,813054,663728,647304,593871,553993,641487,668227,677594,645302,53.99,,,,,,,,54,1,Slider,2,2,2,2,2,2,2,2,Standard,Standard,51,-0.005,0.039,,,,-0.039,,0,0,0.546,0.45399999999999996,27,32,27,33,1,2,3,2,2,,3.2,-1.45,-1.45,27.1,,,,,
SL,2025-10-10,83,-3.04,5.4,"McKinstry, Zach",656716,662253,,ball,,,,,11,Ball,D,L,R,SEA,DET,B,,,1,2,2025,0.78,0,-2.2553055754382383,3.7139014130883283,,,,2,9,Top,,,,,,,0.2610930456654555,-120.94454538371681,2.5733366103607445,7.682315365329967,22.17287973699613,-32.87192764146593,3.3033960593627,1.57039726192025,,,,83.6,2196,6.5,813054,663728,647304,593871,553993,641487,668227,677594,645302,54,,,,,,,,64,4,Slider,2,2,2,2,2,2,2,2,Strategic,Standard,81,-0.005,0.042,,,,-0.042,,0,0,0.615,0.385,26,30,26,30,1,3,3,2,2,,3.29,-0.78,0.78,32.0,,,,,
SL,2025-10-10,86.9,-1.98,5.53,"Báez, Javier",595879,669923,,swinging_strike,,,,,11,Swinging Strike,D,R,R,SEA,DET,S,,,0,0,2025,1.11,-0.24,-0.6034908936577124,3.7217738777984732,,,,1,3,Top,,,,,,,1.0267920023000483,-126.5852204371927,2.355192887238661,11.717131642309266,26.27395265175144,-35.46851218076201,3.49,1.65,,,,87.1,2400,6.4,813054,663728,647304,593871,553993,641487,668227,677594,645302,54.12,,,,,,,,17,1,Slider,1,0,0,1,0,1,0,1,Standard,Standard,47,0.003,-0.039,60.2,5.8,,0.039,,1,-1,0.638,0.362,27,32,27,33,1,0,6,2,5,,3.26,-1.11,-1.11,27.3,-15.952327608738573,41.67472537673939,31.7053555833066,29.68266591179498,3.5936226909381883
SI,2025-10-10,95.4,-2.64,5.77,"Robles, Victor",645302,672456,hit_by_pitch,hit_by_pitch,,,,,11,"Tigers challenged (hit by pitch), call on the field was upheld: Victor Robles hit by pitch.",D,R,R,SEA,DET,B,,,0,0,2025,-1.48,0.81,-1.948807468776157,3.7104618060462964,,660844,,0,12,Bot,,,,,,,5.153118286626286,-138.80892042784754,-1.5305028485288659,-20.211158785571957,35.550784860879304,-21.692831644809104,3.2,1.52,,,,95,2416,6.4,813054,693307,679529,650402,656716,595879,682985,678009,681481,54.13,,0.722289,0.7,1,0,0,,92,1,Sinker,2,2,2,2,2,2,2,2,Strategic,Standard,205,0.006,0.291,,,,-0.291,,0,0,0.805,0.805,24,28,25,28,1,4,3,2,,2,1.73,1.48,1.48,36.6,,,,,
SI,2025-10-10,98.4,1.6,6.15,"Naylor, Josh",647304,669373,,ball,,,,,11,Ball,D,L,L,SEA,DET,B,,,0,1,2025,0.91,1.38,-0.8391968970237769,3.2492070610006003,,,,1,2,Bot,,,,,,,-8.761041081846585,-142.9796354483692,-5.634510420349955,14.487126076192427,33.51935769451563,-12.066799069309123,3.21999972072178,1.48971669717481,,,,98.8,2145,6.6,813054,693307,679529,650402,656716,595879,682985,678009,681481,53.86,,,,,,,,13,2,Sinker,0,0,0,0,0,0,0,0,Strategic,Standard,160,0.002,0.029,,,,-0.029,,0,0,0.525,0.525,28,28,29,28,1,0,5,2,,2,0.98,0.91,0.91,48.3,,,,,
SI,2025-10-10,94.7,-1.95,5.74,"Suárez, Eugenio",553993,676684,,called_strike,,,,,5,Called Strike,D,R,R,SEA,DET,S,,,1,0,2025,-1.31,0.84,-0.0216894220232553,2.2325940126739106,,,,1,9,Bot,,,,,,,7.931388682079935,-137.68316811148654,-5.366052306715206,-18.40674235057197,29.933922543470803,-20.422902210289415,3.47999916148189,1.58788063720593,,,,94.6,2025,6.3,813054,693307,679529,650402,656716,595879,682985,678009,681481,54.24,,,,,,,,66,2,Sinker,2,2,2,2,2,2,2,2,Standard,Standard,214,-0.007,-0.049,,,,0.049,,0,0,0.587,0.587,30,33,30,34,1,3,2,2,,2,1.7,1.31,1.31,51.7,,,,,
FF,2025-10-10,95.9,-2.3,5.41,"Suárez, Eugenio",553993,656427,,ball,,,,,14,Ball,D,R,R,SEA,DET,B,,,1,1,2025,-0.55,1.57,1.098658820424824,1.6139663923700427,,663728,677594,1,13,Bot,,,,,,,10.277262258797531,-138.98854837247413,-7.926479190164871,-9.613860964596999,33.33653813560338,-10.182504909279686,3.52126868096252,1.56212224751972,,,,95.9,2549,6.7,813054,693307,679529,650402,656716,595879,682985,678009,681481,53.82,,,,,,,,101,3,4-Seam Fastball,2,2,2,2,2,2,2,2,Standard,Standard,215,0.018,0.048,,,,-0.048,,0,0,0.705,0.705,29,33,30,34,1,5,3,2,,2,0.95,0.55,0.55,29.5,,,,,
FS,2025-10-10,81.1,-0.55,5.71,"Torkelson, Spencer",679529,669302,field_out,hit_into_play,,,,,13,Spencer Torkelson flies out to left fielder Randy Arozarena.,D,R,R,SEA,DET,X,7,fly_ball,2,2,2025,-0.12,-0.01,-0.27759211455212235,1.3319728823864527,,681481,682985,1,11,Top,82.06,134.66,,,,,0.8589349190484465,-117.99887898666714,-3.0455479407845982,-1.3163999480041855,27.15755297683749,-31.856753424089923,3.55,1.69,236,84.6,49,81.8,605,7.3,813054,663728,647304,593871,553993,641487,668227,677594,645302,53.24,0.025,0.037,0,1,0,0,3,80,6,Split-Finger,2,2,2,2,2,2,2,2,Standard,Standard,300,0.089,-0.213,67.6,8.3,0.051,0.213,88.0,0,0,0.433,0.567,28,25,28,26,1,4,3,2,3,,3.54,0.12,0.12,37.0,21.9121186765573,-27.635332695376043,47.573361607900495,32.43021139788989,44.32848379416805
SL,2025-10-10,88.2,-1.86,5.57,"Meadows, Parker",678009,669923,field_out,hit_into_play,,,,,6,Parker Meadows grounds out to first baseman Josh Naylor.,D,L,R,SEA,DET,X,3,ground_ball,2,2,2025,1.16,-0.38,0.5718867076061244,2.2956363233699766,,,,0,3,Top,154.44,171.1,,,,,3.494413576598306,-128.431387543129,-1.046629653524891,12.026305627049151,28.311530705624985,-36.38448005803822,3.5,1.71,80,88.2,4,88.1,2314,6.4,813054,663728,647304,593871,553993,641487,668227,677594,645302,54.14,0.461,0.416,0,1,0,0,2,16,6,Slider,1,0,0,1,0,1,0,1,Infield shade,Standard,39,0.022,-0.232,71.0,7.5,0.522,0.232,88.2,1,-1,0.616,0.384,27,25,27,26,1,0,6,2,5,,3.32,-1.16,1.16,33.2,8.893604454334122,-7.328629313955833,33.81593906424162,30.674255274048903,37.26619472012032
CH,2025-10-10,88.6,-2.54,4.94,"Meadows, Parker",678009,666374,field_out,hit_into_play,,,,,4,"Parker Meadows grounds out, shortstop J.P. Crawford to first baseman Josh Naylor.",D,L,R,SEA,DET,X,6,ground_ball,2,2,2025,-1.02,-0.24,-0.7290047886828681,2.824557140273956,,,,0,8,Top,123.57,155.41,,,,,6.577050884700338,-128.96869661611143,1.399902726975836,-12.752185642949264,26.002970334397535,-35.398031845893506,3.5,1.71,15,78.8,-9,89,1809,6.4,813054,663728,647304,593871,553993,641487,668227,677594,645302,54.05,0.088,0.084,0,1,0,0,2,53,6,Changeup,2,2,2,2,2,2,2,2,Infield shade,Standard,256,0.039,-0.232,60.1,6.6,0.112,0.232,88.0,0,0,0.507,0.493,27,25,27,26,1,2,3,2,2,,3.14,1.02,-1.02,27.4,4.037569541634582,11.079275462939703,25.165969214150447,46.997120579275446,24.675371255743794
FF,2025-10-10,94.1,-1.88,5.9,"Rivas, Leo",660844,672456,walk,ball,,,,,11,Leo Rivas walks.,D,L,R,SEA,DET,B,,,3,2,2025,-0.17,1.49,-1.0615406066643522,3.149869295597366,,,,0,12,Bot,,,,,,,2.495758930474706,-136.84588330591566,-4.666048331626358,-2.7694870324254333,34.386025150259435,-12.699912335358684,3.26999894202818,1.60757608881276,,,,93.6,2402,6.3,813054,693307,679529,650402,656716,595879,682985,678009,681481,54.16,,0.691497,0.7,1,0,0,,91,7,4-Seam Fastball,2,2,2,2,2,2,2,2,Infield shade,Standard,204,0.06,0.356,,,,-0.356,,0,0,0.65,0.65,24,27,25,28,1,2,3,12,,3,1.12,0.17,-0.17,44.0,,,,,
SI,2025-10-10,98.6,1.73,6.14,"Naylor, Josh",647304,669373,,foul,,,,,1,Foul,D,L,L,SEA,DET,S,,,0,0,2025,0.94,1.24,-0.282134835349251,3.2225998831186065,,,,1,2,Bot,,,,,,,-7.6918297649169505,-143.28922911826558,-5.350922379563379,14.71538683880204,34.91882189056444,-13.990646564604015,3.22,1.51,187,74.9,58,98.8,2273,6.6,813054,693307,679529,650402,656716,595879,682985,678009,681481,53.91,,,,,,,,13,1,Sinker,0,0,0,0,0,0,0,0,Standard,Standard,160,-0.003,-0.039,66.6,6.6,,0.039,88.0,0,0,0.528,0.528,28,28,29,28,1,0,5,2,,2,1.12,0.94,0.94,48.7,-8.610322617117049,13.033316956074435,25.882563301493626,36.59401066338855,12.758751530290409
SI,2025-10-10,95.4,-1.96,5.8,"Suárez, Eugenio",553993,676684,,ball,,,,,11,Ball,D,R,R,SEA,DET,B,,,0,0,2025,-1.29,1.01,-1.2016250075059094,2.875988686133995,,,,1,9,Bot,,,,,,,4.88205831769826,-138.78428097614506,-4.303390472956591,-17.714172106982463,31.336865998385786,-18.38839083014834,3.52284417104697,1.60999910115703,,,,95.3,2126,6.3,813054,693307,679529,650402,656716,595879,682985,678009,681481,54.25,,,,,,,,66,1,Sinker,2,2,2,2,2,2,2,2,Standard,Standard,218,0.005,0.039,,,,-0.039,,0,0,0.582,0.582,30,33,30,34,1,3,2,2,,2,1.5,1.29,1.29,51.7,,,,,
SI,2025-10-10,94.1,-1.82,5.74,"Keith, Colt",690993,660825,,foul,,,,,2,Foul,D,L,R,SEA,DET,S,,,2,0,2025,-1.35,1.06,0.13501874694616856,3.1196988010151196,,,,2,13,Top,,,,,,,8.015017106015758,-136.83902623518313,-3.4191933413186724,-18.728299407394207,31.399224928243168,-18.257791184338842,3.35,1.59,189,83.4,69,93.5,2318,6,813054,663728,647304,593871,553993,641487,668227,677594,645302,54.46,,,,,,,,97,3,Sinker,2,2,2,2,2,2,2,2,Standard,Standard,214,0.006,-0.066,72.4,6.4,,0.066,88.0,0,0,0.596,0.404,29,23,30,24,1,5,2,2,3,,1.52,1.35,-1.35,42.3,16.63743204235697,-7.476884056882812,31.56570858944804,33.96141954512803,30.271976699883318
FF,2025-10-10,96.7,-3.16,5.38,"McKinstry, Zach",656716,662253,,foul_tip,,,,,2,Foul Tip,D,L,R,SEA,DET,S,,,1,1,2025,-0.75,1.03,-0.14462945837552466,3.310705282610756,,,,2,9,Top,,,,,,,9.772008744004081,-140.4958572727981,-2.310519591773259,-12.125920807169766,30.899626923179973,-18.238917275240343,3.28,1.53,,,,97,2270,6.5,813054,663728,647304,593871,553993,641487,668227,677594,645302,54,,,,,,,,64,3,4-Seam Fastball,2,2,2,2,2,2,2,2,Strategic,Standard,230,0.008,-0.062,63.9,5.0,,0.062,,0,0,0.607,0.393,26,30,26,30,1,3,3,2,2,,1.41,0.75,-0.75,25.8,-13.616753533292878,34.50546902153659,35.46569001350399,33.55137915986897,5.34417124992053
SL,2025-10-10,86.7,-2.54,5.38,"Suárez, Eugenio",553993,656427,,foul,,,,,14,Foul,D,R,R,SEA,DET,S,,,1,0,2025,0.73,0.06,0.8667751473823497,1.7654458130545576,,663728,677594,1,13,Bot,,,,,,,6.67458605084035,-126.01482872576972,-2.5129658613508825,6.25536869951592,27.60489598994553,-31.236924129650674,3.48,1.61,207,68.6,28,86.6,2598,6.5,813054,693307,679529,650402,656716,595879,682985,678009,681481,54.01,,,,,,,,101,2,Slider,2,2,2,2,2,2,2,2,Standard,Standard,123,-0.018,-0.045,51.4,7.1,,0.045,88.0,0,0,0.723,0.723,29,33,30,34,1,5,3,2,,2,3,-0.73,-0.73,29.4,7.961981048419395,21.08635467378039,41.0748213611885,42.73634999943461,25.017642460720566
FF,2025-10-10,94.7,-1.91,5.78,"Polanco, Jorge",593871,676684,field_out,hit_into_play,,,,,7,Jorge Polanco lines out to center fielder Parker Meadows.,D,L,R,SEA,DET,X,8,line_drive,0,1,2025,-0.72,1.24,-0.4865127682048993,1.898876236454868,,,,0,9,Bot,140.9,74.49,,,,,5.3074865607729045,-137.7308635415788,-7.223928602061754,-10.311669563878706,31.189343942619608,-14.937021976106259,3.3,1.6,312,93.6,18,94.5,2244,6.3,813054,693307,679529,650402,656716,595879,682985,678009,681481,54.23,0.438,0.438,0,1,0,0,4,65,2,4-Seam Fastball,2,2,2,2,2,2,2,2,Infield shade,Standard,207,-0.048,-0.22,68.9,7.4,0.599,0.22,93.6,0,0,0.63,0.63,30,31,30,32,1,3,2,2,,2,1.31,0.72,-0.72,52.4,6.899034293079833,-8.2416707364584,33.05958277807346,44.12477429487918,27.83575669433995
SL,2025-10-10,85.9,-2.42,5.02,"Meadows, Parker",678009,666374,,foul,,,,,14,Foul,D,L,R,SEA,DET,S,,,2,2,2025,1.19,0.31,0.8562640820721936,2.4441335427350865,,,,0,8,Top,,,,,,,5.3616204286419,-124.92957031516174,-0.44007504273939757,11.269429858867236,26.984095851510816,-29.037365026399645,3.5,1.71,66,103.5,2,85.9,2802,6.5,813054,663728,647304,593871,553993,641487,668227,677594,645302,54.05,,,,,,,,53,5,Slider,2,2,2,2,2,2,2,2,Infield shade,Standard,55,0,0,70.1,7.7,,0,103.5,0,0,0.507,0.493,27,25,27,26,1,2,3,2,2,,2.8,-1.19,1.19,26.9,29.573645738047166,-20.671890107754937,30.61688095513859,29.114313398580222,44.779905985615294
SL,2025-10-10,85.9,-2.43,5.88,"Rivas, Leo",660844,672456,,ball,,,,,11,Ball,D,L,R,SEA,DET,B,,,2,2,2025,0.87,0.34,-1.8632627282327674,2.7413415523977176,,,,0,12,Bot,,,,,,,-0.42377967254603865,-125.10410675190866,-1.81868221654191,9.107968244827138,27.871954644171073,-28.456252800531733,3.27000065880792,1.52804324583674,,,,85.6,2833,6.3,813054,693307,679529,650402,656716,595879,682985,678009,681481,54.23,,,,,,,,91,6,Slider,2,2,2,2,2,2,2,2,Infield shade,Standard,66,0.02,0.112,,,,-0.112,,0,0,0.63,0.63,24,27,25,28,1,2,3,12,,3,2.77,-0.87,0.87,43.5,,,,,
CH,2025-10-10,89.9,2.02,6.04,"Suárez, Eugenio",553993,669373,strikeout,swinging_strike_blocked,,,,,14,Eugenio Suárez strikes out swinging.,D,R,L,SEA,DET,S,2,,1,2,2025,1,0.32,1.3559883103832195,0.6514880314997731,,,,0,2,Bot,,,,,,,-3.799025679179409,-130.63801217576017,-8.016879738457448,12.295194684746956,29.812445784292212,-26.9144336997599,3.48,1.61,,,,89.9,1781,6.5,813054,693307,679529,650402,656716,595879,682985,678009,681481,53.96,,0,0,1,0,0,,12,4,Changeup,0,0,0,0,0,0,0,0,Infield shade,Standard,138,-0.016,-0.189,71.7,9.1,,0.189,,0,0,0.544,0.544,28,33,29,34,1,0,5,2,,2,2.53,1,-1,41.9,29.496890299977586,-28.01711105400172,35.87117632787713,49.220146868607834,54.1696256793098
FF,2025-10-10,96.7,-1.72,5.7,"Meadows, Parker",678009,669923,,ball,,,,,11,Ball,D,L,R,SEA,DET,B,,,1,2,2025,-0.84,1.07,-0.45365557445672156,4.305127866064568,,,,0,3,Top,,,,,,,5.327717536996393,-140.88391962241542,-0.6352779040399391,-12.392694538289199,30.441547451847555,-17.913425321820313,3.49999990154759,1.7755197372249,,,,97.5,2227,6.5,813054,663728,647304,593871,553993,641487,668227,677594,645302,53.95,,,,,,,,16,5,4-Seam Fastball,1,0,0,1,0,1,0,1,Standard,Standard,219,-0.004,0.043,,,,-0.043,,1,-1,0.62,0.38,27,25,27,26,1,0,6,2,5,,1.35,0.84,-0.84,30.6,,,,,
SL,2025-10-10,82.8,-2.92,5.41,"McKinstry, Zach",656716,662253,,called_strike,,,,,8,Called Strike,D,L,R,SEA,DET,S,,,1,0,2025,0.66,-0.1,-0.07759018914736493,1.9444722658205382,,,,2,9,Top,,,,,,,5.22891440691478,-120.54815363384066,-1.2510290110030542,5.449116787420737,22.750647248196046,-33.1056043544673,3.43855221892895,1.5867790355732,,,,83.4,2275,6.6,813054,663728,647304,593871,553993,641487,668227,677594,645302,53.88,,,,,,,,64,2,Slider,2,2,2,2,2,2,2,2,Standard,Standard,79,0.005,-0.054,,,,0.054,,0,0,0.602,0.398,26,30,26,30,1,3,3,2,2,,3.41,-0.66,0.66,31.1,,,,,
SL,2025-10-10,87.7,-0.54,5.84,"Torkelson, Spencer",679529,669302,,foul,,,,,8,Foul,D,R,R,SEA,DET,S,,,2,2,2025,-0.07,-0.02,-0.17487122480541417,1.9534530128815182,,681481,682985,1,11,Top,,,,,,,1.0438463945258571,-127.68283722554479,-3.219581752228682,-0.9526866074929824,29.317881092904447,-31.931841725709624,3.55,1.69,5,87.9,-21,89.4,1748,7.6,813054,663728,647304,593871,553993,641487,668227,677594,645302,52.93,,,,,,,,80,5,Slider,2,2,2,2,2,2,2,2,Standard,Standard,40,0,0,78.5,7.9,,0,88.0,0,0,0.433,0.567,28,25,28,26,1,4,3,2,3,,3.01,0.07,0.07,44.4,12.804859433223333,-10.245481210397315,40.49615110888101,33.90967286982311,33.1797770639544
SI,2025-10-10,96.6,-2.05,5.58,"Keith, Colt",690993,660825,,ball,,,,,14,Ball,D,L,R,SEA,DET,B,,,1,0,2025,-1.53,0.91,0.9342437453388532,1.8984497148022614,,,,2,13,Top,,,,,,,11.353014723872906,-140.03017985835592,-6.23830484174154,-22.66510324809092,32.463182402390935,-18.91316662373939,3.31018173973257,1.60485729315031,,,,95.9,2326,6.1,813054,663728,647304,593871,553993,641487,668227,677594,645302,54.36,,,,,,,,97,2,Sinker,2,2,2,2,2,2,2,2,Standard,Standard,218,-0.006,0.065,,,,-0.065,,0,0,0.602,0.398,29,23,30,24,1,5,2,2,3,,1.56,1.53,-1.53,38.0,,,,,
SL,2025-10-10,86.7,-1.85,5.49,"Meadows, Parker",678009,669923,,foul,,,,,14,Foul,D,L,R,SEA,DET,S,,,1,2,2025,1.06,-0.39,0.0916988631234672,1.198771068959462,,,,0,3,Top,,,,,,,2.492067701690692,-126.28351467613713,-3.288467346894186,10.773773959069645,26.049457233549827,-35.853658687851016,3.5,1.71,2,75.9,-41,87.2,2309,6.6,813054,663728,647304,593871,553993,641487,668227,677594,645302,53.94,,,,,,,,16,4,Slider,1,0,0,1,0,1,0,1,Standard,Standard,41,0,0,63.3,7.7,,0,88.0,1,-1,0.62,0.38,27,25,27,26,1,0,6,2,5,,3.42,-1.06,1.06,25.8,-1.7284270707015639,-9.10221697763541,39.06294481438404,36.725533635369544,34.24953014459512
SL,2025-10-10,87,-2.5,5.41,"Suárez, Eugenio",553993,656427,,ball,,,,,14,Ball,D,R,R,SEA,DET,B,,,0,0,2025,0.82,0.17,0.904507414868747,1.7292985467445852,,663728,677594,1,13,Bot,,,,,,,6.508468957350779,-126.55953445314034,-2.9610691081395695,7.363328326359274,27.870000103868296,-29.976301300353402,3.43270643304775,1.59280015978704,,,,87.1,2610,6.5,813054,693307,679529,650402,656716,595879,682985,678009,681481,53.97,,,,,,,,101,1,Slider,2,2,2,2,2,2,2,2,Standard,Standard,131,0.013,0.031,,,,-0.031,,0,0,0.71,0.71,29,33,30,34,1,5,3,2,,2,2.87,-0.82,-0.82,30.2,,,,,
CH,2025-10-10,88.8,-2.57,4.92,"Meadows, Parker",678009,666374,,ball,,,,,13,Ball,D,L,R,SEA,DET,B,,,1,2,2025,-1.2,-0.52,-0.9385210935662551,1.747165001936522,,,,0,8,Top,,,,,,,6.517575322886789,-129.1223510785804,-0.5890302805027287,-14.856688662570138,28.842515676806816,-38.0487848225941,3.49999907740131,1.73453384283022,,,,88.5,1492,6.3,813054,663728,647304,593871,553993,641487,668227,677594,645302,54.19,,,,,,,,53,4,Changeup,2,2,2,2,2,2,2,2,Infield shade,Standard,260,-0.007,0.043,,,,-0.043,,0,0,0.514,0.486,27,25,27,26,1,2,3,2,2,,3.43,1.2,-1.2,22.5,,,,,
FF,2025-10-10,96.3,-1.84,5.94,"Rivas, Leo",660844,672456,,ball,,,,,11,Ball,D,L,R,SEA,DET,B,,,1,2,2025,-0.21,1.5,-1.251946592693974,3.770372782091272,,,,0,12,Bot,,,,,,,2.0423262794114505,-140.1892566369245,-3.5305161104285805,-3.1992794548496852,35.75847200292572,-11.982958355089327,3.26999887398442,1.57837758283683,,,,95.9,2388,6.4,813054,693307,679529,650402,656716,595879,682985,678009,681481,54.15,,,,,,,,91,5,4-Seam Fastball,2,2,2,2,2,2,2,2,Infield shade,Standard,204,0.008,0.043,,,,-0.043,,0,0,0.622,0.622,24,27,25,28,1,2,3,12,,3,0.99,0.21,-0.21,47.1,,,,,
CH,2025-10-10,88.5,1.93,6.11,"Suárez, Eugenio",553993,669373,,ball,,,,,12,Ball,D,R,L,SEA,DET,B,,,0,2,2025,0.62,0.43,1.4680977563820428,2.9891294043088634,,,,0,2,Bot,,,,,,,-2.439816397863102,-128.83098366591022,-2.4120322326169568,7.4184978178600085,28.49047297750559,-27.05545175366597,3.4147409776077,1.55224932667404,,,,88.7,1826,6.5,813054,693307,679529,650402,656716,595879,682985,678009,681481,53.98,,,,,,,,12,3,Changeup,0,0,0,0,0,0,0,0,Infield shade,Standard,141,0.002,0.024,,,,-0.024,,0,0,0.542,0.542,28,33,29,34,1,0,5,2,,2,2.49,0.62,-0.62,44.3,,,,,
FF,2025-10-10,95,-1.87,5.81,"Polanco, Jorge",593871,676684,,called_strike,,,,,5,Called Strike,D,L,R,SEA,DET,S,,,0,0,2025,-0.64,1.3,0.1241401906131967,2.352068048482589,,,,0,9,Bot,,,,,,,6.661136448787347,-138.11491922993687,-6.273053992007468,-9.77131507195553,32.26333520494597,-14.292979052037907,3.34361211096397,1.66336902420155,,,,94.7,2172,6.3,813054,693307,679529,650402,656716,595879,682985,678009,681481,54.2,,,,,,,,65,1,4-Seam Fastball,2,2,2,2,2,2,2,2,Infield shade,Standard,208,-0.009,-0.039,,,,0.039,,0,0,0.639,0.639,30,31,30,32,1,3,2,2,,2,1.24,0.64,-0.64,52.0,,,,,
FS,2025-10-10,80.4,-0.24,5.82,"Torkelson, Spencer",679529,669302,,ball,,,,,14,Ball,D,R,R,SEA,DET,B,,,1,2,2025,-0.16,-0.26,0.042698106268673625,0.9703241685613246,,681481,682985,1,11,Top,,,,,,,0.9647240686286458,-116.89562504486315,-3.4680339671712086,-1.7008661157121352,26.376756626536675,-34.000639760582956,3.47169433054111,1.65448011289341,,,,80.9,609,7.1,813054,663728,647304,593871,553993,641487,668227,677594,645302,53.36,,,,,,,,80,4,Split-Finger,2,2,2,2,2,2,2,2,Standard,Standard,318,-0.016,0.043,,,,-0.043,,0,0,0.449,0.5509999999999999,28,25,28,26,1,4,3,2,3,,3.85,0.16,0.16,43.0,,,,,
FF,2025-10-10,96.3,-2.99,5.27,"McKinstry, Zach",656716,662253,,ball,,,,,14,Ball,D,L,R,SEA,DET,B,,,0,0,2025,-0.83,0.94,1.6902426957337346,2.5279457167914225,,,,2,9,Top,,,,,,,14.371822056081951,-139.61033355178367,-3.872643543498353,-13.877893299289221,29.196219371593322,-19.086019346963027,3.42774556115004,1.63497196838924,,,,97,2148,6.7,813054,663728,647304,593871,553993,641487,668227,677594,645302,53.78,,,,,,,,64,1,4-Seam Fastball,2,2,2,2,2,2,2,2,Strategic,Standard,228,-0.003,0.037,,,,-0.037,,0,0,0.605,0.395,26,30,26,30,1,3,3,2,2,,1.52,0.83,-0.83,26.2,,,,,
ST,2025-10-10,84.1,-2.5,5.55,"Keith, Colt",690993,660825,,ball,,,,,14,Ball,D,L,R,SEA,DET,B,,,0,0,2025,1.27,0.04,0.37856224121028403,1.108207675079584,,,,2,13,Top,,,,,,,4.113474748254374,-122.45535530339052,-3.932607952375493,11.809983352810356,26.001838545676314,-31.128860674382015,3.43882110979912,1.67397170862114,,,,82.9,2504,5.6,813054,663728,647304,593871,553993,641487,668227,677594,645302,54.86,,,,,,,,97,1,Sweeper,2,2,2,2,2,2,2,2,Standard,Standard,47,-0.003,0.037,,,,-0.037,,0,0,0.605,0.395,29,23,30,24,1,5,2,2,3,,3.19,-1.27,1.27,36.3,,,,,
SI,2025-10-10,96.8,-1.8,5.6,"Torkelson, Spencer",679529,660825,strikeout,called_strike,,,,,9,Spencer Torkelson called out on strikes.,D,R,R,SEA,DET,S,2,,3,2,2025,-1.35,0.88,0.6983866226479931,1.9472104471607639,,,,1,13,Top,,,,,,,9.682738017321237,-140.55091622052407,-6.156212968546185,-20.064627842186667,32.506124595125826,-19.29405704654446,3.49064119166303,1.62798107675457,,,,96.2,2230,6.1,813054,663728,647304,593871,553993,641487,668227,677594,645302,54.38,,0,0,1,0,0,,96,7,Sinker,2,2,2,2,2,2,2,2,Infield shade,Standard,216,0.056,-0.332,,,,0.332,,0,0,0.549,0.45099999999999996,29,25,30,26,1,5,2,2,3,,1.57,1.35,1.35,39.9,,,,,
KC,2025-10-10,77.8,-2.79,5.06,"Polanco, Jorge",593871,656427,strikeout,swinging_strike,,,,,8,Jorge Polanco strikes out swinging.,D,L,R,SEA,DET,S,2,,3,2,2025,1.24,-0.65,0.03510038830385109,2.124165406732987,,663728,677594,0,13,Bot,,,,,,,3.7946942746438315,-113.19372787189003,1.9110668815026315,9.838547825457411,23.028139538038737,-38.37802166222185,3.3,1.6,,,,77.8,2467,6.5,813054,693307,679529,650402,656716,595879,682985,678009,681481,53.97,,0,0,1,0,0,,100,8,Knuckle Curve,2,2,2,2,2,2,2,2,Standard,Standard,59,-0.119,-0.357,74.7,8.1,,0.357,,0,0,0.829,0.829,29,31,30,32,1,5,3,2,,2,4.46,-1.24,1.24,22.3,29.254779881698052,-42.00340461887578,27.814342637491727,37.9524306210008,51.31240794168673
KC,2025-10-10,84.8,-1.74,5.58,"Meadows, Parker",678009,669923,,ball,,,,,14,Ball,D,L,R,SEA,DET,B,,,0,2,2025,0.74,-1.24,1.0937736330902286,-0.7388394062575352,,,,0,3,Top,,,,,,,5.181093370956211,-123.28710669576284,-5.902814283272981,6.333801212074354,26.7567523585128,-43.69171949739424,3.44380900108914,1.7100012184464,,,,84.9,2450,6.6,813054,663728,647304,593871,553993,641487,668227,677594,645302,53.92,,,,,,,,16,3,Knuckle Curve,1,0,0,1,0,1,0,1,Infield shade,Standard,35,-0.002,0.024,,,,-0.024,,1,-1,0.622,0.378,27,25,27,26,1,0,6,2,5,,4.44,-0.74,0.74,29.7,,,,,
SL,2025-10-10,81.9,-2.89,5.36,"Keith, Colt",690993,662253,field_out,hit_into_play,,,,,2,Colt Keith lines out to shortstop J.P. Crawford.,D,L,R,SEA,DET,X,6,line_drive,0,0,2025,0.72,0.23,-0.20029159502185512,2.953929848168853,,,,1,9,Top,116.1,140.03,,,,,4.718388189202991,-119.31220043392764,0.6424026680668007,6.02262255993348,21.42713720920774,-30.318621530425045,3.35,1.59,155,77.9,10,82.7,2254,6.6,813054,663728,647304,593871,553993,641487,668227,677594,645302,53.87,0.37,0.342,0,1,0,0,4,63,1,Slider,2,2,2,2,2,2,2,2,Standard,Standard,83,0.047,-0.254,53.1,5.8,0.4,0.254,88.0,0,0,0.558,0.44199999999999995,26,23,26,24,1,3,3,2,2,,3.15,-0.72,0.72,30.0,-0.024454743274170226,9.375213403020439,26.12033622740836,37.34563254328851,19.978163378561433
SL,2025-10-10,86.4,-2.35,5.9,"Rivas, Leo",660844,672456,,foul,,,,,4,Foul,D,L,R,SEA,DET,S,,,1,2,2025,0.78,0.54,-0.415127847238669,2.5599049479870533,,,,0,12,Bot,,,,,,,3.021246917517114,-125.79194050515042,-2.7907969973200606,7.627726491579608,27.29816115867119,-26.11432632095476,3.27,1.58,,,,86.2,2967,6.3,813054,693307,679529,650402,656716,595879,682985,678009,681481,54.21,,,,,,,,91,4,Slider,2,2,2,2,2,2,2,2,Infield shade,Standard,71,0,0,66.8,7.0,,0,,0,0,0.622,0.622,24,27,25,28,1,2,3,12,,3,2.53,-0.78,0.78,41.4,10.282835027249895,10.490757230563819,38.32236879887839,35.37770282510202,24.28512987511434
FF,2025-10-10,97.7,1.71,6.23,"Suárez, Eugenio",553993,669373,,swinging_strike,,,,,1,Swinging Strike,D,R,L,SEA,DET,S,,,0,1,2025,0.07,1.41,-0.6094219664335322,3.378555736226823,,,,0,2,Bot,,,,,,,-6.422618109942366,-142.14849366725903,-5.4560703128168795,2.4554912765452133,32.37057777177577,-12.02606106524055,3.48,1.61,,,,98,2324,6.5,813054,693307,679529,650402,656716,595879,682985,678009,681481,54.03,,,,,,,,12,2,4-Seam Fastball,0,0,0,0,0,0,0,0,Infield shade,Standard,155,-0.006,-0.055,69.9,6.6,,0.055,,0,0,0.548,0.548,28,33,29,34,1,0,5,2,,2,0.98,0.07,-0.07,55.4,6.21703851614507,18.434287533326618,35.20554489651293,26.567779873213233,20.183226599406947
SL,2025-10-10,89.2,-2.16,5.6,"Rodríguez, Julio",677594,676684,strikeout,swinging_strike,,,,,9,Julio Rodríguez strikes out swinging.,D,R,R,SEA,DET,S,2,,0,2,2025,0.31,-0.01,0.6456321995378009,1.951179848073585,,,668227,2,8,Bot,,,,,,,6.235797398704115,-129.697055946996,-2.8723854088801373,2.0586998237797305,29.059437644856597,-31.87983949977969,3.29,1.52,,,,88.7,2641,6.2,813054,693307,679529,650402,656716,595879,682985,678009,681481,54.31,,0,0,1,0,0,,61,3,Slider,2,2,2,2,2,2,2,2,Standard,Standard,45,-0.03,-0.174,80.4,7.8,,0.174,,0,0,0.53,0.53,30,24,30,25,1,3,2,2,,2,2.9,-0.31,-0.31,49.3,6.136827384084325,-4.21282156037715,24.141734535000257,47.56540890218709,30.311364310656604
FS,2025-10-10,80,-0.38,5.62,"Torkelson, Spencer",679529,669302,,blocked_ball,,,,,14,Ball In Dirt,D,R,R,SEA,DET,B,,,0,2,2025,-0.68,0.03,0.1675436950658351,0.8022116068095433,,681481,682985,1,11,Top,,,,,,,2.5417770198387095,-116.37304580321755,-3.857865792357342,-6.628913552945917,27.364023894466477,-31.277049896534667,3.54999809829969,1.65571653843082,,,,80.7,636,7.4,813054,663728,647304,593871,553993,641487,668227,677594,645302,53.12,,,,,,,,80,3,Split-Finger,2,2,2,2,2,2,2,2,Standard,Standard,301,-0.01,0.014,,,,-0.014,,0,0,0.459,0.5409999999999999,28,25,28,26,1,4,3,2,3,,3.61,0.68,0.68,34.6,,,,,
SL,2025-10-10,87.4,-2.4,5.13,"Meadows, Parker",678009,666374,,foul,,,,,14,Foul,D,L,R,SEA,DET,S,,,1,1,2025,1.04,-0.05,0.7824211903590206,1.6136566677406932,,,,0,8,Top,,,,,,,5.530499051876121,-127.1697990756803,-2.1375517731345512,9.917165547181002,29.156039096677365,-32.48466349003434,3.5,1.71,,,,87.3,2967,6.5,813054,663728,647304,593871,553993,641487,668227,677594,645302,53.99,,,,,,,,53,3,Slider,2,2,2,2,2,2,2,2,Standard,Standard,48,0.012,-0.061,67.6,7.9,,0.061,,0,0,0.502,0.498,27,25,27,26,1,2,3,2,2,,3.07,-1.04,1.04,29.8,22.329358022073947,-15.458492649036828,36.88104114665042,29.66173067233501,41.392647493724695
SI,2025-10-10,96.2,-1.89,5.76,"Torkelson, Spencer",679529,660825,,ball,,,,,12,Ball,D,R,R,SEA,DET,B,,,2,2,2025,-1.25,0.95,1.265522837859226,3.129892240320637,,,,1,13,Top,,,,,,,11.127452712776709,-139.6317671779381,-3.4743525559806416,-18.9611073422351,32.764818746223185,-19.173294888883632,3.43338305802576,1.6317094411996,,,,95.3,2159,6,813054,663728,647304,593871,553993,641487,668227,677594,645302,54.51,,,,,,,,96,6,Sinker,2,2,2,2,2,2,2,2,Standard,Standard,216,-0.016,0.104,,,,-0.104,,0,0,0.565,0.43500000000000005,29,25,30,26,1,5,2,2,3,,1.54,1.25,1.25,43.9,,,,,
FS,2025-10-10,81.5,-0.33,5.77,"Torkelson, Spencer",679529,669302,,swinging_strike_blocked,,,,,14,Swinging Strike (Blocked),D,R,R,SEA,DET,S,,,0,1,2025,-0.12,-0.25,0.3342959468338206,0.9403540759574134,,681481,682985,1,11,Top,,,,,,,1.74207636479394,-118.58602059927667,-3.7510575530260017,-1.4543083242464792,25.46888760332694,-33.97460861855266,3.55,1.69,,,,82.6,679,7.3,813054,663728,647304,593871,553993,641487,668227,677594,645302,53.2,,,,,,,,80,2,Split-Finger,2,2,2,2,2,2,2,2,Standard,Standard,286,0.026,-0.053,66.1,9.3,,0.053,,0,0,0.433,0.567,28,25,28,26,1,4,3,2,3,,3.72,0.12,0.12,40.7,36.15473080150653,-41.73013369578417,40.50133372870468,39.10266724539209,55.21173591309667
FF,2025-10-10,94.4,-2.55,5.54,"Polanco, Jorge",593871,656427,,foul,,,,,5,Foul,D,L,R,SEA,DET,S,,,3,2,2025,-0.35,1.55,-0.0017656793288180483,2.3705731144719957,,663728,677594,0,13,Bot,,,,,,,7.4336525721447675,-137.16138295019996,-5.994918775794716,-6.0777006823077135,30.879753761894023,-11.463383960313745,3.3,1.6,233,86.7,62,94.6,2466,6.5,813054,693307,679529,650402,656716,595879,682985,678009,681481,53.98,,,,,,,,100,7,4-Seam Fastball,2,2,2,2,2,2,2,2,Standard,Standard,211,0,0,73.2,6.9,,0,88.0,0,0,0.829,0.829,29,31,30,32,1,5,3,2,,2,1.02,0.35,-0.35,30.4,7.480209616756239,-1.5420076785317827,31.88943646812467,37.027583631909025,25.054417613421347
SL,2025-10-10,82.2,-2.74,5.39,"Torkelson, Spencer",679529,662253,strikeout,swinging_strike_blocked,,,,,14,"Spencer Torkelson strikes out swinging, catcher Cal Raleigh to first baseman Josh Naylor.",D,R,R,SEA,DET,S,2,,2,2,2025,0.76,-0.11,0.638983498362252,0.47641815195795356,,,,0,9,Top,,,,,,,6.234321482074827,-119.67578758778245,-4.473107223911711,6.3216433120579065,20.716898486730223,-32.66825320212955,3.55,1.69,,,,83.2,2291,6.7,813054,663728,647304,593871,553993,641487,668227,677594,645302,53.78,,0,0,1,0,0,,62,5,Slider,2,2,2,2,2,2,2,2,Standard,Standard,66,0.049,-0.232,64.3,9.6,,0.232,,0,0,0.509,0.491,26,25,26,26,1,3,3,2,2,,3.45,-0.76,-0.76,32.7,36.360881215707785,-55.686125017958545,44.23585693063533,41.3242039770564,60.880539879709374
SI,2025-10-10,95.7,-1.7,5.63,"Meadows, Parker",678009,669923,,called_strike,,,,,6,Called Strike,D,L,R,SEA,DET,S,,,0,1,2025,-1.45,0.55,0.6343782351801266,2.8572682256482613,,,,0,3,Top,,,,,,,9.446572023160396,-139.05816553442705,-2.947520892925386,-20.941798835239563,29.69682520079919,-24.577655325967644,3.45523811639923,1.71000049039075,,,,96,2288,6.5,813054,663728,647304,593871,553993,641487,668227,677594,645302,54.05,,,,,,,,16,2,Sinker,1,0,0,1,0,1,0,1,Standard,Standard,223,0.006,-0.055,,,,0.055,,1,-1,0.616,0.384,27,25,27,26,1,0,6,2,5,,1.94,1.45,-1.45,28.1,,,,,
KC,2025-10-10,81.6,-2.23,6,"Rivas, Leo",660844,672456,,ball,,,,,7,Ball,D,L,R,SEA,DET,B,,,0,2,2025,1.44,-0.68,-0.2890624386454339,1.587765714754687,,,,0,12,Bot,,,,,,,1.5896725932913789,-118.65757737158667,-1.8476511235333204,12.942933796714955,28.65456880357253,-38.32499270845887,3.24759236310971,1.54888592135575,,,,80.7,3306,6.3,813054,693307,679529,650402,656716,595879,682985,678009,681481,54.2,,,,,,,,91,3,Knuckle Curve,2,2,2,2,2,2,2,2,Infield shade,Standard,38,0.006,0.024,,,,-0.024,,0,0,0.616,0.616,24,27,25,28,1,2,3,12,,3,4.19,-1.44,1.44,47.1,,,,,
SI,2025-10-10,95.7,-2.02,5.62,"Rodríguez, Julio",677594,676684,,swinging_strike,,,,,13,Swinging Strike,D,R,R,SEA,DET,S,,,0,1,2025,-1.3,0.79,-1.4196595585092542,1.9258976492806117,,,668227,2,8,Bot,,,,,,,4.526661031751505,-139.24927378116246,-5.931589015616019,-17.96402652176072,31.044199439362746,-20.757345247828113,3.29,1.52,,,,95.9,2093,6.4,813054,693307,679529,650402,656716,595879,682985,678009,681481,54.13,,,,,,,,61,2,Sinker,2,2,2,2,2,2,2,2,Standard,Standard,216,-0.012,-0.055,81.6,7.1,,0.055,,0,0,0.542,0.542,30,24,30,25,1,3,2,2,,2,1.7,1.3,1.3,51.6,4.128987392836457,-6.78347077023685,37.330673078404416,22.812849810431445,26.059978343816994
FF,2025-10-10,98.4,1.67,6.17,"Suárez, Eugenio",553993,669373,,foul_tip,,,,,4,Foul Tip,D,R,L,SEA,DET,S,,,0,0,2025,0.17,1.42,-0.7533646906368987,2.807883381672709,,,,0,2,Bot,,,,,,,-7.013537593879737,-143.02242044114223,-6.995178851350938,3.961198932486411,32.57795045713558,-11.208581744045421,3.48,1.61,,,,98.9,2432,6.6,813054,693307,679529,650402,656716,595879,682985,678009,681481,53.92,,,,,,,,12,1,4-Seam Fastball,0,0,0,0,0,0,0,0,Infield shade,Standard,158,-0.003,-0.039,43.4,5.7,,0.039,,0,0,0.551,0.551,28,33,29,34,1,0,5,2,,2,0.93,0.17,-0.17,49.8,-8.768589516388989,30.918802022021218,43.14443634547055,23.649032086341137,10.006337245044786
CH,2025-10-10,88,-2.54,5.03,"Meadows, Parker",678009,666374,,ball,,,,,14,Ball,D,L,R,SEA,DET,B,,,0,1,2025,-0.8,0.03,0.4499442416408056,1.4984823445996418,,,,0,8,Top,,,,,,,8.904810164073046,-127.93116954137453,-2.5043984396657786,-10.680639174941414,26.65625461494546,-31.512510349278482,3.50000204204158,1.78574452726895,,,,87.9,1674,6.3,813054,663728,647304,593871,553993,641487,668227,677594,645302,54.19,,,,,,,,53,2,Changeup,2,2,2,2,2,2,2,2,Standard,Standard,259,-0.005,0.031,,,,-0.031,,0,0,0.507,0.493,27,25,27,26,1,2,3,2,2,,2.92,0.8,-0.8,24.8,,,,,
SL,2025-10-10,87.8,-2.68,5.32,"Polanco, Jorge",593871,656427,,foul,,,,,8,Foul,D,L,R,SEA,DET,S,,,3,2,2025,0.5,0.2,-0.16458378391599793,2.0169015527204768,,663728,677594,0,13,Bot,,,,,,,5.074747541284281,-127.84982707485223,-2.3144231409920937,4.495186184409004,25.922336193720724,-29.75991974038822,3.3,1.6,237,77.9,43,88.3,2562,6.5,813054,693307,679529,650402,656716,595879,682985,678009,681481,53.99,,,,,,,,100,6,Slider,2,2,2,2,2,2,2,2,Standard,Standard,150,0,0,67.1,6.5,,0,88.0,0,0,0.829,0.829,29,31,30,32,1,5,3,2,,2,2.75,-0.5,0.5,26.6,-6.338611920896382,11.012948227352695,36.99554259532479,38.67259310808022,18.303497294403154
KC,2025-10-10,81,-2.19,5.99,"Rivas, Leo",660844,672456,,swinging_strike,,,,,14,Swinging Strike,D,L,R,SEA,DET,S,,,0,1,2025,1.4,-0.65,0.9191643897119408,1.9970467135962866,,,,0,12,Bot,,,,,,,4.244904615638726,-117.73757093897201,-0.9060027839024929,11.833843909445497,27.012396115963888,-38.139377635861564,3.27,1.58,,,,79.8,3149,6,813054,693307,679529,650402,656716,595879,682985,678009,681481,54.49,,,,,,,,91,2,Knuckle Curve,2,2,2,2,2,2,2,2,Standard,Standard,33,-0.014,-0.055,69.6,8.8,,0.055,,0,0,0.63,0.63,24,27,25,28,1,2,3,12,,3,4.19,-1.4,1.4,45.8,38.92332106829535,-56.401295376474366,43.8495837757672,21.494340951046524,57.05225913101804
ST,2025-10-10,82.6,-2.14,5.72,"Torkelson, Spencer",679529,660825,,foul,,,,,14,Foul,D,R,R,SEA,DET,S,,,2,2,2025,1.29,0.02,0.837527982106582,1.8027315344996406,,,,1,13,Top,,,,,,,4.2222945007058295,-120.20148315562862,-2.3895747441283035,11.529792779133272,25.6260396375332,-31.704286960319088,3.55,1.69,193,87.2,59,81.6,2493,5.8,813054,663728,647304,593871,553993,641487,668227,677594,645302,54.68,,,,,,,,96,5,Sweeper,2,2,2,2,2,2,2,2,Standard,Standard,44,0,0,78.4,7.9,,0,88.0,0,0,0.565,0.43500000000000005,29,25,30,26,1,5,2,2,3,,3.35,-1.29,-1.29,41.7,-0.7158263166558068,-0.9298850819346612,36.69811294693525,45.96273152861043,30.483586363434025
FS,2025-10-10,89.6,-2.13,5.52,"Naylor, Josh",647304,640448,single,hit_into_play,,,,,13,Josh Naylor singles on a ground ball to right fielder Kerry Carpenter. Jorge Polanco to 2nd.,D,L,R,SEA,DET,X,9,ground_ball,0,2,2025,-0.48,0.25,-0.5517496660759911,1.3200210735796571,,,593871,2,7,Bot,188.36,113.9,,,,,4.952670371112793,-130.37509275192912,-4.95357539869613,-6.51831107507361,26.174439330959096,-28.503870041875512,3.22,1.51,57,98.7,2,90.4,1003,6.7,813054,693307,679529,650402,656716,595879,682985,678009,681481,53.79,0.42,0.381,0.9,1,1,0,4,50,4,Split-Finger,1,2,1,2,2,1,1,2,Infield shade,Standard,232,0.066,0.443,65.5,8.2,0.47,-0.443,98.7,-1,-1,0.286,0.286,33,28,34,28,1,2,2,2,,2,2.58,0.48,-0.48,48.1,5.224104783319336,-6.26749378534318,35.818870301515524,39.75711941247603,27.971114693198302
FF,2025-10-10,95.7,-1.85,5.71,"Rodríguez, Julio",677594,676684,,foul,,,,,1,Foul,D,R,R,SEA,DET,S,,,0,0,2025,-0.57,1.45,-0.3764624195920848,2.783207786465233,,,668227,2,8,Bot,,,,,,,5.163468097911153,-139.15960596915724,-5.34815240744476,-8.578134884888316,33.6552054278619,-12.324713032464475,3.29,1.52,206,78,57,95.3,2238,6.3,813054,693307,679529,650402,656716,595879,682985,678009,681481,54.22,,,,,,,,61,1,4-Seam Fastball,2,2,2,2,2,2,2,2,Standard,Standard,215,-0.008,-0.042,75.1,7.0,,0.042,88.0,0,0,0.55,0.55,30,24,30,25,1,3,2,2,,2,1.06,0.57,0.57,51.6,0.6078040933943585,-2.76262687171061,31.737836728028245,34.732729908570754,24.943967893133987
SL,2025-10-10,86.2,-1.87,5.63,"Meadows, Parker",678009,669923,,called_strike,,,,,8,Called Strike,D,L,R,SEA,DET,S,,,0,0,2025,1.16,0.11,0.10825476145898116,2.2743486170713845,,,,0,3,Top,,,,,,,2.356825864342537,-125.44654355010175,-1.936913962886517,11.66912267554503,27.132141231275767,-30.794106018297473,3.49999890345113,1.75260822352609,,,,86.2,2355,6.4,813054,663728,647304,593871,553993,641487,668227,677594,645302,54.06,,,,,,,,16,1,Slider,1,0,0,1,0,1,0,1,Standard,Standard,34,0.004,-0.039,,,,0.039,,1,-1,0.612,0.388,27,25,27,26,1,0,6,2,5,,2.97,-1.16,1.16,27.2,,,,,
CH,2025-10-10,90,1.92,6.04,"Polanco, Jorge",593871,669373,strikeout,swinging_strike,,,,,14,Jorge Polanco strikes out swinging.,D,R,L,SEA,DET,S,2,,1,2,2025,1.26,0.31,1.2543110822159897,1.2594528853776699,,,663728,2,1,Bot,,,,,,,-4.355340281202484,-130.8894440167434,-6.559818417289182,15.423515767296037,27.963433953582157,-27.395796249771763,3.3,1.6,,,,90.3,1779,6.5,813054,693307,679529,650402,656716,595879,682985,678009,681481,53.97,,0,0,1,0,0,,8,5,Changeup,0,0,0,0,0,0,0,0,Infield shade,Standard,141,-0.015,-0.183,72.0,7.4,,0.183,,0,0,0.515,0.515,28,31,29,32,1,0,5,2,,2,2.51,1.26,-1.26,43.8,7.2418250074092585,-13.272924953517515,34.13916530139901,47.16086267140054,38.871492728843954
SL,2025-10-10,87.7,-0.41,5.81,"Torkelson, Spencer",679529,669302,,foul,,,,,6,Foul,D,R,R,SEA,DET,S,,,0,0,2025,-0.04,0.19,0.47039153441925763,2.4644572825355793,,681481,682985,1,11,Top,,,,,,,2.2706341430906787,-127.665873465187,-2.2869168058169604,-0.9526795706219023,30.46577552819485,-29.86200363171897,3.55,1.69,136,101.2,9,89.1,1811,7.5,813054,663728,647304,593871,553993,641487,668227,677594,645302,53.01,,,,,,,,80,1,Slider,2,2,2,2,2,2,2,2,Standard,Standard,61,0.016,-0.033,80.1,8.5,,0.033,101.2,0,0,0.417,0.583,28,25,28,26,1,4,3,2,3,,2.81,0.04,0.04,52.3,15.194918773609373,-27.846212376436277,29.800861241343952,41.243108182511314,40.89175481625418
SL,2025-10-10,85.3,-2.38,5.15,"Meadows, Parker",678009,666374,,called_strike,,,,,5,Called Strike,D,L,R,SEA,DET,S,,,0,0,2025,0.78,-0.21,0.268502578850375,2.3795182945025486,,,,0,8,Top,,,,,,,4.667409813293179,-124.12138344002624,0.25510447628366717,7.050739816013921,26.16650894513985,-34.64339529542562,3.49999976679336,1.72973368813608,,,,85.4,2726,6.5,813054,663728,647304,593871,553993,641487,668227,677594,645302,54.05,,,,,,,,53,1,Slider,2,2,2,2,2,2,2,2,Standard,Standard,51,0.007,-0.039,,,,0.039,,0,0,0.5,0.5,27,25,27,26,1,2,3,2,2,,3.36,-0.78,0.78,27.3,,,,,
SL,2025-10-10,83.4,-2.62,5.44,"Torkelson, Spencer",679529,662253,,foul,,,,,2,Foul,D,R,R,SEA,DET,S,,,2,1,2025,0.64,0.01,-0.0290305311266284,3.1914921484813514,,,,0,9,Top,,,,,,,4.723734740533161,-121.41229527867159,1.221732975381653,5.471774647232303,22.02676873143962,-32.50740224804047,3.55,1.69,201,72.5,54,84.1,2250,6.6,813054,663728,647304,593871,553993,641487,668227,677594,645302,53.92,,,,,,,,62,4,Slider,2,2,2,2,2,2,2,2,Standard,Standard,77,0.017,-0.073,72.4,7.1,,0.073,88.0,0,0,0.492,0.508,26,25,26,26,1,3,3,2,2,,3.24,-0.64,-0.64,33.7,9.197417963622858,-7.330006605496131,29.488759207785826,36.42216874731708,26.738253220008108
SI,2025-10-10,95,-1.96,5.7,"Torkelson, Spencer",679529,660825,,ball,,,,,12,Ball,D,R,R,SEA,DET,B,,,1,2,2025,-1.62,0.66,1.453981238545711,3.028761747276657,,,,1,13,Top,,,,,,,12.43856167748718,-137.73305188912653,-2.7233104797112437,-23.490261582027433,33.60786914123791,-23.35575386161169,3.48168619036081,1.63409575245807,,,,93.7,2311,6,813054,663728,647304,593871,553993,641487,668227,677594,645302,54.52,,,,,,,,96,4,Sinker,2,2,2,2,2,2,2,2,Standard,Standard,218,-0.007,0.048,,,,-0.048,,0,0,0.572,0.42800000000000005,29,25,30,26,1,5,2,2,3,,1.9,1.62,1.62,38.9,,,,,
KC,2025-10-10,78.7,-2.78,5.01,"Polanco, Jorge",593871,656427,,ball,,,,,11,Ball,D,L,R,SEA,DET,B,,,2,2,2025,1.13,-0.7,-1.2765000795752557,3.476914356749448,,663728,677594,0,13,Bot,,,,,,,1.175311388748976,-114.49744292257328,4.8670212532693675,9.64583687857921,22.58661243960868,-39.5111437120667,3.23731326394887,1.54913300223283,,,,78.7,2457,6.5,813054,693307,679529,650402,656716,595879,682985,678009,681481,54.02,,,,,,,,100,5,Knuckle Curve,2,2,2,2,2,2,2,2,Strategic,Standard,60,0.033,0.105,,,,-0.105,,0,0,0.796,0.796,29,31,30,32,1,5,3,2,,2,4.4,-1.13,1.13,20.9,,,,,
SL,2025-10-10,83.7,-2.63,5.4,"Torkelson, Spencer",679529,662253,,swinging_strike,,,,,9,Swinging Strike,D,R,R,SEA,DET,S,,,2,0,2025,0.54,0.07,0.2838998964157199,1.6786550537719584,,,,0,9,Top,,,,,,,5.697823079049987,-121.83389278239228,-2.380906913154666,4.4141877582972695,22.17694461453256,-31.2050312299438,3.55,1.69,,,,84.8,2337,6.8,813054,663728,647304,593871,553993,641487,668227,677594,645302,53.66,,,,,,,,62,3,Slider,2,2,2,2,2,2,2,2,Standard,Standard,80,0.016,-0.072,72.7,8.9,,0.072,,0,0,0.476,0.524,26,25,26,26,1,3,3,2,2,,3.16,-0.54,-0.54,32.6,27.267173641344293,-32.17644438746583,38.624625867140544,39.06542539341653,45.47065626674761
SL,2025-10-10,87.6,-1.92,5.42,"Dingler, Dillon",693307,669923,field_out,hit_into_play,,,,,5,"Dillon Dingler grounds out, shortstop J.P. Crawford to first baseman Josh Naylor.",D,R,R,SEA,DET,X,6,ground_ball,0,1,2025,0.94,-0.34,0.12789683619966408,2.1297673462494324,,,,2,2,Top,108.89,159.46,,,,,3.0118041082567935,-127.58953407883222,-1.0993586078123172,9.592728820987153,26.984687127514643,-35.903940404342116,3.41,1.53,24,104.1,-4,87.9,2437,6.5,813054,663728,647304,593871,553993,641487,668227,677594,645302,54.01,0.391,0.352,0,1,0,0,2,11,2,Slider,0,0,0,0,0,0,0,0,Standard,Standard,43,0.009,-0.217,71.3,7.8,0.392,0.217,104.1,0,0,0.542,0.45799999999999996,27,26,27,27,1,0,6,2,5,,3.31,-0.94,-0.94,24.0,5.450005543635277,-0.2517038999436084,41.506405543626464,36.567208302795734,22.954866073487327
FS,2025-10-10,90.3,-2.1,5.49,"Naylor, Josh",647304,640448,,foul,,,,,13,Foul,D,L,R,SEA,DET,S,,,0,2,2025,-0.95,0.12,-0.9288094450567942,1.0466068901921055,,,593871,2,7,Bot,,,,,,,4.978612642332665,-131.47527194444868,-5.480288625182611,-12.008622161315792,25.465265264190933,-29.84822259834884,3.22,1.51,1,64.4,-47,91.4,1066,6.7,813054,693307,679529,650402,656716,595879,682985,678009,681481,53.79,,,,,,,,50,3,Split-Finger,1,2,1,2,2,1,1,2,Infield shade,Standard,224,0,0,69.1,7.8,,0,88.0,-1,-1,0.286,0.286,33,28,34,28,1,2,2,2,,2,2.65,0.95,-0.95,49.3,-1.564348377973403,3.7283101490860964,35.84421647332581,44.445875161704436,18.968081309532945
FS,2025-10-10,79.9,-0.34,5.85,"Torres, Gleyber",650402,669302,field_out,hit_into_play,,,,,6,Gleyber Torres lines out to right fielder Victor Robles.,D,R,R,SEA,DET,X,9,line_drive,1,2,2025,0.21,-0.44,0.5826033913056449,2.568523244296545,,681481,,0,11,Top,168.64,98.08,,,,,1.658347465192733,-116.37617279132658,0.35673718454677505,1.5718982586672476,22.349812597145984,-36.49331224185546,3.26,1.53,273,80.4,28,81.1,640,7.1,813054,663728,647304,593871,553993,641487,668227,677594,645302,53.38,0.172,0.162,0,1,0,0,3,78,4,Split-Finger,2,2,2,2,2,2,2,2,Infield shade,Standard,324,0.074,-0.192,68.4,6.8,0.226,0.192,88.0,0,0,0.364,0.636,28,28,28,29,1,4,3,2,3,,4.01,-0.21,-0.21,39.8,17.991604588566695,10.659112267553533,29.664303605885475,41.710779439225114,29.955272897671563
SI,2025-10-10,97.8,-1.57,5.42,"Rodríguez, Julio",677594,675512,field_out,hit_into_play,,,,,4,"Julio Rodríguez grounds out, shortstop Javier Báez to first baseman Spencer Torkelson.",D,R,R,SEA,DET,X,6,ground_ball,0,1,2025,-1.28,0.62,-0.32475293346030587,2.5432841853519905,,645302,663728,2,10,Bot,120.02,163,,,,,6.380307386490941,-142.35791304070935,-3.7411686627622243,-18.85626832141884,31.996781101810416,-23.073439308465925,3.29,1.52,3,95,-38,99.1,2205,6.9,813054,693307,679529,650402,656716,595879,682985,678009,681481,53.57,0.055,0.056,0,1,0,0,2,76,2,Sinker,2,2,2,2,2,2,2,2,Standard,Standard,215,-0.097,-0.235,80.6,6.9,0.059,0.235,95.0,0,0,0.597,0.597,24,24,25,25,1,4,2,2,,2,1.76,1.28,1.28,36.4,0.91810111154865,9.041487180826289,26.491986428772677,36.825889272110366,23.805694836894027
FF,2025-10-10,99.1,1.44,6.3,"Polanco, Jorge",593871,669373,,foul,,,,,2,Foul,D,R,L,SEA,DET,S,,,1,2,2025,0.02,1.38,-0.21259483266441642,3.3563211130190482,,,663728,2,1,Bot,,,,,,,-4.553269705006869,-144.13832946305828,-5.814754535785098,1.335238682253726,35.37213268100738,-11.859837003704582,3.3,1.6,160,67.3,62,98.9,2385,6.3,813054,693307,679529,650402,656716,595879,682985,678009,681481,54.17,,,,,,,,8,4,4-Seam Fastball,0,0,0,0,0,0,0,0,Standard,Standard,163,0,0,69.4,6.1,,0,88.0,0,0,0.515,0.515,28,31,29,32,1,0,5,2,,2,0.96,0.02,-0.02,53.1,-3.654057687310105,-0.10470208589781939,22.978332857330226,29.87876464140064,19.022886514520046
SL,2025-10-10,88.7,-2.13,5.53,"Raleigh, Cal",663728,676684,strikeout,swinging_strike,,,,,14,Cal Raleigh strikes out swinging.,D,L,R,SEA,DET,S,2,,1,2,2025,0.36,-0.16,0.4121546315860348,1.5161668635772578,,,668227,1,8,Bot,,,,,,,5.457251900370649,-128.95582505192252,-3.3094715891451214,2.6714893531395267,31.18114910086743,-33.414325076182294,3.6,1.69,,,,88.2,2636,6.4,813054,693307,679529,650402,656716,595879,682985,678009,681481,54.13,,0,0,1,0,0,,60,4,Slider,2,2,2,2,2,2,2,2,Infield shade,Standard,33,-0.041,-0.178,76.0,9.0,,0.178,,0,0,0.591,0.591,30,28,30,29,1,3,2,2,,2,3.1,-0.36,0.36,54.1,32.96263961077784,-32.17159092502006,42.41098999151388,28.22270911338818,53.53504471768472
SL,2025-10-10,84.9,-2.36,5.86,"Rivas, Leo",660844,672456,,called_strike,,,,,8,Called Strike,D,L,R,SEA,DET,S,,,0,0,2025,0.76,0.02,-0.069344586029784,1.9884503311672792,,,,0,12,Bot,,,,,,,3.813157820583883,-123.51007658643171,-2.689058349952951,6.8616802874147895,26.86790448222665,-31.66445570469956,3.24207183402294,1.5518838479414,,,,84.1,2873,6,813054,693307,679529,650402,656716,595879,682985,678009,681481,54.49,,,,,,,,91,1,Slider,2,2,2,2,2,2,2,2,Standard,Standard,69,-0.009,-0.039,,,,0.039,,0,0,0.639,0.639,24,27,25,28,1,2,3,12,,3,3.17,-0.76,0.76,41.7,,,,,
SL,2025-10-10,86.6,-2.32,5.07,"Dingler, Dillon",693307,666374,field_out,hit_into_play,,,,,6,Dillon Dingler lines out sharply to center fielder Julio Rodríguez.,D,R,R,SEA,DET,X,8,line_drive,3,2,2025,0.9,0.41,0.4360814766949732,2.469517885652058,,,,2,7,Top,118.32,75.62,,,,,4.778302512404505,-126.07887866818173,-0.8638613352560015,8.660687850200357,25.20293168085869,-27.85518157466094,3.41,1.53,308,104,17,87.1,2859,6.6,813054,663728,647304,593871,553993,641487,668227,677594,645302,53.94,0.481,0.535,0,1,0,0,5,46,6,Slider,1,2,2,1,2,1,2,1,Standard,Standard,53,0.015,-0.328,71.0,7.2,0.812,0.328,104.0,-1,1,0.349,0.651,27,26,27,27,1,2,3,2,2,,2.62,-0.9,-0.9,26.6,7.598856480669351,9.187260697811526,39.4612809106714,40.33179062824759,24.98726057396044
ST,2025-10-10,82.6,-2.3,5.55,"Torkelson, Spencer",679529,660825,,ball,,,,,14,Ball,D,R,R,SEA,DET,B,,,0,2,2025,1.56,-0.18,1.6070741782003992,1.7062551824845573,,,,1,13,Top,,,,,,,5.790028575996914,-120.14557548829559,-1.7873778587448155,13.633018446760273,26.55698995663019,-33.78080337458066,3.45724550868265,1.66864873005824,,,,81,2529,5.6,813054,663728,647304,593871,553993,641487,668227,677594,645302,54.95,,,,,,,,96,3,Sweeper,2,2,2,2,2,2,2,2,Standard,Standard,48,-0.005,0.017,,,,-0.017,,0,0,0.577,0.42300000000000004,29,25,30,26,1,5,2,2,3,,3.57,-1.56,-1.56,36.2,,,,,
SL,2025-10-10,87.4,-2.27,5.12,"Dingler, Dillon",693307,666374,,ball,,,,,14,Ball,D,R,R,SEA,DET,B,,,2,2,2025,1.06,0.05,2.203558174503927,1.4593871758061638,,,,2,7,Top,,,,,,,8.63962630381816,-126.98816596569336,-2.7448731071056214,9.58490660526071,26.694210499355947,-31.27196062264728,3.41000176511163,1.55872343311214,,,,87.7,2888,6.6,813054,663728,647304,593871,553993,641487,668227,677594,645302,53.9,,,,,,,,46,5,Slider,1,2,2,1,2,1,2,1,Standard,Standard,42,-0.004,0.104,,,,-0.104,,-1,1,0.353,0.647,27,26,27,27,1,2,3,2,2,,2.95,-1.06,-1.06,26.8,,,,,
KC,2025-10-10,78.9,-2.88,5.03,"Polanco, Jorge",593871,656427,,called_strike,,,,,8,Called Strike,D,L,R,SEA,DET,S,,,2,1,2025,0.91,-0.8,-0.045195892974716156,2.006096114206569,,663728,677594,0,13,Bot,,,,,,,4.479781785874332,-114.74049490962722,1.7847645731832948,7.06961878465625,22.914036783115044,-39.79131352452219,3.20704708235148,1.54849452954421,,,,78.8,2420,6.4,813054,693307,679529,650402,656716,595879,682985,678009,681481,54.05,,,,,,,,100,4,Knuckle Curve,2,2,2,2,2,2,2,2,Standard,Standard,59,-0.027,-0.07,,,,0.07,,0,0,0.823,0.823,29,31,30,32,1,5,3,2,,2,4.49,-0.91,0.91,19.5,,,,,
FS,2025-10-10,88.2,-2.05,5.51,"Naylor, Josh",647304,640448,,foul,,,,,8,Foul,D,L,R,SEA,DET,S,,,0,1,2025,-0.5,0.4,-0.08231532190267832,1.6279959549990641,,,593871,2,7,Bot,,,,,,,5.872390979932777,-128.36214093366945,-4.256152837521392,-6.662086737574189,23.922179089601585,-27.148770321296663,3.22,1.51,2,78.1,-33,89.2,994,6.7,813054,693307,679529,650402,656716,595879,682985,678009,681481,53.81,,,,,,,,50,2,Split-Finger,1,2,1,2,2,1,1,2,Infield shade,Standard,229,-0.013,-0.055,71.6,7.7,,0.055,88.0,-1,-1,0.299,0.299,33,28,34,28,1,2,2,2,,2,2.51,0.5,-0.5,49.8,7.399930857838489,-7.2769693124848,39.66102280255171,34.387550292597176,23.799754572797397
SI,2025-10-10,98.2,-1.36,5.43,"Rodríguez, Julio",677594,675512,,swinging_strike,,,,,7,Swinging Strike,D,R,R,SEA,DET,S,,,0,0,2025,-1.25,0.79,-0.5096508276949581,1.6804861749624196,,645302,663728,2,10,Bot,,,,,,,5.243457326825915,-142.7728112485969,-6.5494337525783255,-18.31693470824793,33.04843193744069,-20.01615229239171,3.29,1.52,,,,99,2236,6.8,813054,693307,679529,650402,656716,595879,682985,678009,681481,53.68,,,,,,,,76,1,Sinker,2,2,2,2,2,2,2,2,Standard,Standard,215,-0.017,-0.047,82.1,8.1,,0.047,,0,0,0.614,0.614,24,24,25,25,1,4,2,2,,2,1.58,1.25,1.25,36.9,12.733685422795698,-18.757210277648998,30.83256098019516,33.51422770594701,34.896416134004056
SL,2025-10-10,82.5,-2.74,5.45,"Torkelson, Spencer",679529,662253,,ball,,,,,13,Ball,D,R,R,SEA,DET,B,,,1,0,2025,0.67,-0.26,-1.4685499157558073,2.0582795374672367,,,,0,9,Top,,,,,,,1.591240614098461,-120.21196534898208,-0.7494124038487722,6.23552605282543,21.84465355143057,-34.792154416401516,3.48949918161458,1.65924296847707,,,,83.3,2340,6.6,813054,663728,647304,593871,553993,641487,668227,677594,645302,53.91,,,,,,,,62,2,Slider,2,2,2,2,2,2,2,2,Standard,Standard,81,-0.016,0.077,,,,-0.077,,0,0,0.492,0.508,26,25,26,26,1,3,3,2,2,,3.58,-0.67,-0.67,33.2,,,,,
SL,2025-10-10,88.7,-2.14,5.57,"Raleigh, Cal",663728,676684,,swinging_strike,,,,,9,Swinging Strike,D,L,R,SEA,DET,S,,,1,1,2025,0.13,0.09,0.798384852877234,1.6487602074941141,,,668227,1,8,Bot,,,,,,,6.883550856874444,-128.84893095882072,-3.6075195587814863,-0.1740311688846816,30.2619805074841,-30.56628745624838,3.6,1.69,,,,88,2580,6.2,813054,693307,679529,650402,656716,595879,682985,678009,681481,54.26,,,,,,,,60,3,Slider,2,2,2,2,2,2,2,2,Infield shade,Standard,26,-0.014,-0.056,79.1,9.0,,0.056,,0,0,0.605,0.605,30,28,30,29,1,3,2,2,,2,2.85,-0.13,0.13,46.7,37.21672038136071,-40.65989361571166,42.849461953264694,24.208986263818506,52.54642010236179
SL,2025-10-10,88.1,-1.88,5.55,"Dingler, Dillon",693307,669923,,called_strike,,,,,5,Called Strike,D,R,R,SEA,DET,S,,,0,0,2025,0.97,-0.45,-0.03334036895324621,2.3385237743102962,,,,2,2,Top,,,,,,,2.491986680512791,-128.41293969994803,-0.799264652952229,10.18910057314118,26.539902081956225,-37.198959087041025,3.40999826243038,1.51552679297499,,,,88.5,2503,6.4,813054,663728,647304,593871,553993,641487,668227,677594,645302,54.09,,,,,,,,11,1,Slider,0,0,0,0,0,0,0,0,Standard,Standard,43,0.002,-0.043,,,,0.043,,0,0,0.54,0.45999999999999996,27,26,27,27,1,0,6,2,5,,3.38,-0.97,-0.97,25.3,,,,,
CH,2025-10-10,87.1,-2.04,5.48,"Polanco, Jorge",593871,592454,single,hit_into_play,,,,,14,Jorge Polanco singles on a ground ball to right fielder Kerry Carpenter. J.P. Crawford scores. Randy Arozarena to 3rd. Julio Rodríguez to 2nd.,D,L,R,SEA,DET,X,9,ground_ball,3,2,2025,-1.05,0.35,0.3325511534350851,1.4520300037087353,641487,668227,677594,1,15,Bot,193.42,106.31,,,,,7.865821820500329,-126.50406019351337,-4.182764522193731,-12.866710707036477,26.542435533142278,-27.780957833326376,3.3,1.6,133,110.2,7,87.3,1277,6.6,813054,693307,679529,650402,656716,595879,682985,678009,681481,53.92,0.694,0.669,0.9,1,1,0,4,117,6,Changeup,2,2,2,2,2,3,3,2,Strategic,Standard,250,0.139,0.415,,,0.864,-0.415,110.2,0,0,0.861,0.861,35,31,36,32,1,6,3,2,,2,2.68,1.05,-1.05,32.4,,,,,
KC,2025-10-10,82,-2.05,5.93,"Naylor, Josh",647304,672456,field_out,hit_into_play,,,,,11,"Josh Naylor grounds out, shortstop Javier Báez to first baseman Spencer Torkelson.",D,L,R,SEA,DET,X,6,ground_ball,3,2,2025,1.29,-0.8,-1.2998704519058208,2.433843798024618,,,,2,11,Bot,126.1,147.31,,,,,-0.8116380092669613,-119.40388206331234,0.27295760089135856,12.383917528208173,26.435952556574346,-40.01433017250734,3.22,1.51,133,96.4,3,81.5,3113,6.3,813054,693307,679529,650402,656716,595879,682985,678009,681481,54.25,0.473,0.441,0,1,0,0,4,84,7,Knuckle Curve,2,2,2,2,2,2,2,2,Infield shade,Standard,34,-0.04,-0.328,70.2,7.8,0.54,0.328,96.4,0,0,0.54,0.54,24,28,25,28,1,4,3,2,,2,4.22,-1.29,1.29,48.2,0.4729492277696961,8.666551755443233,25.205773908055164,48.3879765696336,18.11330166131188
FF,2025-10-10,99.9,1.94,6.16,"Polanco, Jorge",593871,669373,,ball,,,,,12,Ball,D,R,L,SEA,DET,B,,,0,2,2025,0.27,1.25,0.20204193725173059,4.122581287932736,,,663728,2,1,Bot,,,,,,,-5.436379685430927,-145.40001555952654,-3.174408780192922,5.147611811361353,34.619391592687386,-13.981921286939139,3.20712614731821,1.5118205145118,,,,100.3,2457,6.5,813054,693307,679529,650402,656716,595879,682985,678009,681481,53.99,,,,,,,,8,3,4-Seam Fastball,0,0,0,0,0,0,0,0,Standard,Standard,155,0.002,0.009,,,,-0.009,,0,0,0.513,0.513,28,31,29,32,1,0,5,2,,2,1.04,0.27,-0.27,46.8,,,,,
FS,2025-10-10,81.4,-0.35,5.8,"Torres, Gleyber",650402,669302,,ball,,,,,13,Ball,D,R,R,SEA,DET,B,,,0,2,2025,-0.85,-0.1,-1.1105227616976165,1.220530417778086,,,681481,0,11,Top,,,,,,,-0.08201951958454659,-118.36310976344886,-3.385628330304476,-7.817263790409571,27.042716974451093,-32.596760721557665,3.25999903677107,1.49723847545494,,,,82.1,649,7.2,813054,663728,647304,593871,553993,641487,668227,677594,645302,53.26,,,,,,,,78,3,Split-Finger,2,2,2,2,2,2,2,2,Standard,Standard,267,-0.087,0.017,,,,-0.017,,0,0,0.451,0.5489999999999999,28,28,28,29,1,4,3,2,3,,3.6,0.85,0.85,38.4,,,,,
SI,2025-10-10,95.8,-1.93,5.72,"Torkelson, Spencer",679529,660825,,called_strike,,,,,6,Called Strike,D,R,R,SEA,DET,S,,,0,1,2025,-1.53,0.87,0.6444857655006306,2.259839643633172,,,,1,13,Top,,,,,,,10.1752224644628,-138.9651872153131,-5.414312621849486,-22.17472601406628,33.005888790558934,-19.789265666130746,3.40543519223963,1.61682652970468,,,,94.9,2146,6.1,813054,663728,647304,593871,553993,641487,668227,677594,645302,54.44,,,,,,,,96,2,Sinker,2,2,2,2,2,2,2,2,Standard,Standard,218,0.012,-0.052,,,,0.052,,0,0,0.565,0.43500000000000005,29,25,30,26,1,5,2,2,3,,1.64,1.53,1.53,41.1,,,,,
KC,2025-10-10,81.6,-2.03,5.99,"Naylor, Josh",647304,672456,,ball,,,,,14,Ball,D,L,R,SEA,DET,B,,,2,2,2025,1.5,-0.89,0.16152802823778445,1.1245610952775111,,,,2,11,Bot,,,,,,,2.0423898754791034,-118.72905962766707,-2.50390108039719,13.516609390912844,27.29838045350408,-40.141792679484304,3.13532929358809,1.43236498461748,,,,80.9,3106,6.3,813054,693307,679529,650402,656716,595879,682985,678009,681481,54.21,,,,,,,,84,6,Knuckle Curve,2,2,2,2,2,2,2,2,Infield shade,Standard,34,0.009,0.104,,,,-0.104,,0,0,0.531,0.531,24,28,25,28,1,4,3,2,,2,4.37,-1.5,1.5,48.6,,,,,
SL,2025-10-10,86.9,-2.71,5.27,"Polanco, Jorge",593871,656427,,foul,,,,,14,Foul,D,L,R,SEA,DET,S,,,2,0,2025,0.79,0.22,0.6235452774190888,1.4550554899836157,,663728,677594,0,13,Bot,,,,,,,6.386047332313994,-126.51356636878974,-3.425726499282163,7.209275029110148,25.75163244251048,-29.275956083211103,3.3,1.6,286,111.1,15,87.2,2534,6.4,813054,693307,679529,650402,656716,595879,682985,678009,681481,54.06,,,,,,,,100,3,Slider,2,2,2,2,2,2,2,2,Strategic,Standard,125,-0.023,-0.084,80.6,7.6,,0.084,111.1,0,0,0.846,0.846,29,31,30,32,1,5,3,2,,2,2.79,-0.79,0.79,24.0,14.477891850130739,-15.191715426467784,39.49882031063685,30.004615495350702,36.77458699267515
FF,2025-10-10,94.6,-1.63,5.83,"Polanco, Jorge",593871,592454,,ball,,,,,13,Ball,D,L,R,SEA,DET,B,,,2,2,2025,-0.44,1.51,-0.5388610402127458,0.9826712777673938,641487,668227,677594,1,15,Bot,,,,,,,3.8372392007767746,-137.39483506015165,-10.327932342299952,-6.447261227705308,31.479228674105173,-10.920360105741757,3.21841500729815,1.56455420807132,,,,94.7,2154,6.5,813054,693307,679529,650402,656716,595879,682985,678009,681481,53.95,,,,,,,,117,5,4-Seam Fastball,2,2,2,2,2,2,2,2,Strategic,Strategic,207,0.05,0.069,,,,-0.069,,0,0,0.811,0.811,35,31,36,32,1,6,3,2,,2,1.05,0.44,-0.44,43.1,,,,,
FF,2025-10-10,97,-1.65,5.57,"Naylor, Josh",647304,640448,,called_strike,,,,,8,Called Strike,D,L,R,SEA,DET,S,,,0,0,2025,-0.73,1.37,-0.13680656867078733,1.779399515397397,,,593871,2,7,Bot,,,,,,,5.76272072149613,-141.04634252989706,-7.808510218013075,-11.00198524777607,30.670446888187595,-12.246201242274953,3.21999925813088,1.5099979904625,,,,97.9,2150,6.7,813054,693307,679529,650402,656716,595879,682985,678009,681481,53.78,,,,,,,,50,1,4-Seam Fastball,1,2,1,2,2,1,1,2,Infield shade,Standard,207,-0.008,-0.042,,,,0.042,,-1,-1,0.307,0.307,33,28,34,28,1,2,2,2,,2,1.04,0.73,-0.73,54.5,,,,,
CH,2025-10-10,88.8,-2,5.58,"Raleigh, Cal",663728,676684,,foul,,,,,13,Foul,D,L,R,SEA,DET,S,,,1,0,2025,-1.39,0.28,-1.3036861820551524,1.819144875910001,,,668227,1,8,Bot,,,,,,,4.639163974736479,-129.2225946379447,-3.747383036284293,-16.568234887172355,27.384177489752886,-28.492013738344568,3.6,1.69,9,63.8,-12,89,1654,6.5,813054,693307,679529,650402,656716,595879,682985,678009,681481,54.05,,,,,,,,60,2,Changeup,2,2,2,2,2,2,2,2,Infield shade,Standard,234,-0.01,-0.056,75.4,8.8,,0.056,88.0,0,0,0.615,0.615,30,28,30,29,1,3,2,2,,2,2.62,1.39,-1.39,48.0,21.47017271730364,-12.905141386087754,31.13120949689315,48.73416384951849,42.377079040141226
FF,2025-10-10,96.2,-2.11,5.06,"Greene, Riley",682985,622491,field_out,hit_into_play,,,,,4,Riley Greene flies out sharply to left fielder Randy Arozarena in foul territory.,D,L,R,SEA,DET,X,7,fly_ball,0,0,2025,-1.2,0.97,-0.3059818760558324,2.8573338384453875,,,,2,15,Top,43.57,123.77,,,,,7.378847251757255,-139.89624160391196,-2.4122055635306836,-17.490263062768328,32.41243245400518,-19.112910144638683,3.63,1.72,275,101.3,56,94.4,2403,5.4,813054,663728,647304,593871,553993,641487,668227,677594,645302,55.14,0.013,0.017,0,1,0,0,3,112,1,4-Seam Fastball,2,2,2,2,2,2,2,2,Infield shade,Standard,238,0.034,-0.26,74.2,7.6,0.027,0.26,101.3,0,0,0.605,0.395,32,24,33,25,1,6,5,2,6,,1.5,1.2,-1.2,15.2,18.500246262742127,1.2831325052436227,44.53804929183841,37.45033387104305,28.044070733406606
FS,2025-10-10,90.3,-1.34,5.44,"Arozarena, Randy",668227,675512,strikeout,swinging_strike,,,,,9,Randy Arozarena strikes out swinging.,D,R,R,SEA,DET,S,2,,2,2,2025,-0.73,-0.3,0.458674782556717,1.7274760211835223,,645302,,1,10,Bot,,,,,,,6.096108329342875,-131.4560262859042,-2.7239284940078674,-9.72381327499919,26.324811005141157,-35.26397271706564,3.43,1.69,,,,91.6,1716,6.9,813054,693307,679529,650402,656716,595879,682985,678009,681481,53.57,,0,0,1,0,0,,74,7,Split-Finger,2,2,2,2,2,2,2,2,Standard,Standard,245,-0.079,-0.227,70.9,8.3,,0.227,,0,0,0.689,0.689,24,30,25,30,1,4,2,2,,2,3.08,0.73,0.73,35.3,8.139700377915991,-24.738290788172986,16.96271658866103,37.818830779541116,43.73394767247235
CH,2025-10-10,89.1,1.92,6.03,"Polanco, Jorge",593871,669373,,foul,,,,,8,Foul,D,R,L,SEA,DET,S,,,0,1,2025,1.23,0.5,-0.07842124609386003,1.7034310165535538,,,663728,2,1,Bot,,,,,,,-7.496867509256057,-129.44545332426532,-5.609405026360446,15.381410514186742,28.13563707622815,-25.550172972332927,3.3,1.6,3,50.6,-33,89.1,1776,6.5,813054,693307,679529,650402,656716,595879,682985,678009,681481,54,,,,,,,,8,2,Changeup,0,0,0,0,0,0,0,0,Standard,Standard,139,-0.006,-0.055,72.4,8.0,,0.055,88.0,0,0,0.519,0.519,28,31,29,32,1,0,5,2,,2,2.39,1.23,-1.23,45.4,21.724796611073515,-32.554305299321875,36.44208553792245,32.40066194099944,45.63344042690208
FS,2025-10-10,80.6,-0.65,5.86,"Torres, Gleyber",650402,669302,,foul,,,,,8,Foul,D,R,R,SEA,DET,S,,,0,1,2025,0.13,-0.48,-0.16988316552685345,1.4988223534395693,,,681481,0,11,Top,,,,,,,0.8297519857107328,-117.33410108718823,-2.1199325100698028,1.0557240971207238,23.234135599115003,-36.35443225042486,3.26,1.53,1,59.5,-61,81.9,558,7.2,813054,663728,647304,593871,553993,641487,668227,677594,645302,53.25,,,,,,,,78,2,Split-Finger,2,2,2,2,2,2,2,2,Standard,Standard,294,0.02,-0.053,56.4,6.4,,0.053,88.0,0,0,0.431,0.569,28,28,28,29,1,4,3,2,3,,3.99,-0.13,-0.13,41.6,0.7152645042962742,19.14322956077345,34.38584216957059,33.274397440878985,25.595656246978113
SL,2025-10-10,87.2,-1.72,5.55,"McKinstry, Zach",656716,669923,field_out,hit_into_play,,,,,14,"Zach McKinstry grounds out, second baseman Jorge Polanco to first baseman Josh Naylor.",D,L,R,SEA,DET,X,4,ground_ball,1,2,2025,0.92,-0.59,0.03619016781189499,1.377056199058062,,,,1,2,Top,157.99,154.4,,,,,2.3483649127695774,-126.91265451014392,-2.5519610123406973,9.213151165953168,30.73364742623315,-38.104652663581305,3.28,1.53,40,93.7,1,86.9,2576,6.5,813054,663728,647304,593871,553993,641487,668227,677594,645302,53.99,0.452,0.407,0,1,0,0,2,10,4,Slider,0,0,0,0,0,0,0,0,Infield shade,Standard,30,0.012,-0.18,65.6,7.1,0.525,0.18,93.7,0,0,0.528,0.472,27,30,27,30,1,0,6,2,5,,3.63,-0.92,0.92,28.2,10.76614524620504,-2.4456640541651025,44.40660957928882,32.97251766322247,28.989922103888937
SL,2025-10-10,85.2,-2.28,5.04,"Dingler, Dillon",693307,666374,,foul,,,,,14,Foul,D,R,R,SEA,DET,S,,,2,1,2025,1.28,0.12,1.1817055498281324,1.7836716170871845,,,,2,7,Top,,,,,,,5.591752342668282,-124.09460547067118,-1.6321770408215044,12.241555493909408,23.503590839437496,-30.80515105590191,3.41,1.53,6,52.7,-18,86,2811,6.6,813054,663728,647304,593871,553993,641487,668227,677594,645302,53.85,,,,,,,,46,4,Slider,1,2,2,1,2,1,2,1,Standard,Standard,56,0.003,-0.073,71.0,8.8,,0.073,88.0,-1,1,0.35,0.65,27,26,27,27,1,2,3,2,2,,3,-1.28,-1.28,25.9,21.112652572530582,-9.890573649545267,39.17997471428083,49.502556415825524,35.24310475683473
SL,2025-10-10,81.9,-2.89,5.41,"Torkelson, Spencer",679529,662253,,ball,,,,,14,Ball,D,R,R,SEA,DET,B,,,0,0,2025,0.5,-0.27,0.06693051619466156,1.011244425222778,,,,0,9,Top,,,,,,,5.747195215579227,-119.26141021820156,-2.89507411370292,3.762859532038151,21.92074391035161,-34.45715729113566,3.54999792943537,1.73126502209752,,,,82.6,2287,6.6,813054,663728,647304,593871,553993,641487,668227,677594,645302,53.9,,,,,,,,62,1,Slider,2,2,2,2,2,2,2,2,Standard,Standard,71,-0.008,0.041,,,,-0.041,,0,0,0.5,0.5,26,25,26,26,1,3,3,2,2,,3.65,-0.5,-0.5,28.8,,,,,
ST,2025-10-10,81.8,-2.15,5.69,"Torkelson, Spencer",679529,660825,,foul,,,,,5,Foul,D,R,R,SEA,DET,S,,,0,0,2025,1.47,-0.54,-0.17321106748452486,2.3621146428821023,,,,1,13,Top,,,,,,,1.597449880572805,-118.96746038673945,0.20563239831508584,13.409600279137365,26.835943160821582,-37.53638731623982,3.55,1.69,136,88,70,80.3,2633,5.7,813054,663728,647304,593871,553993,641487,668227,677594,645302,54.82,,,,,,,,96,1,Sweeper,2,2,2,2,2,2,2,2,Standard,Standard,45,0.007,-0.039,73.1,7.6,,0.039,88.0,0,0,0.558,0.44199999999999995,29,25,30,26,1,5,2,2,3,,4,-1.47,-1.47,42.7,19.075302499194,-10.955096434967459,38.798025248600446,34.40721329324402,35.142382129738515
FF,2025-10-10,93.7,-2.58,5.49,"Polanco, Jorge",593871,656427,,ball,,,,,11,Ball,D,L,R,SEA,DET,B,,,1,0,2025,-0.5,1.51,-1.0711956737949775,2.994519927121682,,663728,677594,0,13,Bot,,,,,,,5.031713277138273,-136.3242051646915,-4.053591640587312,-7.3793617853904605,31.102632370411147,-12.686545634046954,3.26904809788498,1.59999980982217,,,,93.9,2308,6.5,813054,693307,679529,650402,656716,595879,682985,678009,681481,53.98,,,,,,,,100,2,4-Seam Fastball,2,2,2,2,2,2,2,2,Standard,Standard,209,0.023,0.076,,,,-0.076,,0,0,0.823,0.823,29,31,30,32,1,5,3,2,,2,1.1,0.5,-0.5,29.8,,,,,
FF,2025-10-10,96,-1.56,5.61,"Suárez, Eugenio",553993,640448,field_out,hit_into_play,,,,,7,Eugenio Suárez flies out to right fielder Kerry Carpenter.,D,R,R,SEA,DET,X,9,fly_ball,2,2,2025,-0.79,1.52,-0.34618676447902397,2.062010222295687,,,593871,1,7,Bot,190.58,76.02,,,,,5.022180952649012,-139.59673724316664,-7.272806080451841,-11.498798408938933,30.412320196246867,-10.850349552324303,3.48,1.61,342,97.6,36,96.6,2211,6.6,813054,693307,679529,650402,656716,595879,682985,678009,681481,53.91,0.224,0.42680000000000007,0,1,0,0,5,49,5,4-Seam Fastball,1,2,1,2,2,1,1,2,Standard,Standard,205,-0.054,-0.223,73.7,7.6,0.852,0.223,97.6,-1,-1,0.361,0.361,33,33,34,34,1,2,2,2,,2,0.95,0.79,0.79,59.4,14.40713655014615,1.5759993351426158,42.40088432505648,28.937718575256483,29.862973740070217
CH,2025-10-10,87,-2.01,5.48,"Polanco, Jorge",593871,592454,,foul,,,,,9,Foul,D,L,R,SEA,DET,S,,,2,1,2025,-1.14,0.41,0.5814600253998237,2.044586835256516,641487,668227,677594,1,15,Bot,,,,,,,8.595022577737204,-126.35465497777466,-2.8711819949319093,-14.027626828868824,26.498759181034107,-27.4364768482655,3.3,1.6,31,84.9,-1,87.2,1244,6.6,813054,693307,679529,650402,656716,595879,682985,678009,681481,53.9,,,,,,,,117,4,Changeup,2,2,2,2,2,2,2,2,Strategic,Strategic,250,-0.042,-0.097,72.0,7.1,,0.097,88.0,0,0,0.853,0.853,35,31,36,32,1,6,3,2,,2,2.62,1.14,-1.14,31.1,13.616531130564812,-22.213042574028773,36.71423021735386,29.83415834826229,38.911493985039236
SL,2025-10-10,87.7,-2.03,5.6,"Raleigh, Cal",663728,676684,,ball,,,,,12,Ball,D,L,R,SEA,DET,B,,,0,0,2025,0.32,0.32,1.1317122241105395,3.244450630460942,,,668227,1,8,Bot,,,,,,,6.993464824004753,-127.67982944820798,-0.30188869531821383,2.2761115517584134,23.189705929733567,-28.74318325951494,3.60000178028172,1.85329488692705,,,,88.3,2579,6.3,813054,693307,679529,650402,656716,595879,682985,678009,681481,54.16,,,,,,,,60,1,Slider,2,2,2,2,2,2,2,2,Infield shade,Standard,41,0.007,0.035,,,,-0.035,,0,0,0.608,0.608,30,28,30,29,1,3,2,2,,2,2.61,-0.32,0.32,47.6,,,,,
SL,2025-10-10,87.3,-2.5,5.92,"Naylor, Josh",647304,672456,,foul,,,,,8,Foul,D,L,R,SEA,DET,S,,,2,2,2025,0.72,0.29,-0.2538663953948044,1.7766888731864796,,,,2,11,Bot,,,,,,,3.9435606495662925,-126.98546716359928,-4.3369317664210785,6.742149544008906,29.617059851068902,-28.247235575181197,3.22,1.51,206,90.6,14,87.1,2798,6.5,813054,693307,679529,650402,656716,595879,682985,678009,681481,54.02,,,,,,,,84,5,Slider,2,2,2,2,2,2,2,2,Infield shade,Standard,65,0,0,70.7,8.5,,0,90.6,0,0,0.531,0.531,24,28,25,28,1,4,3,2,,2,2.73,-0.72,0.72,41.3,12.558643334512455,-24.599241552817354,36.20544137369682,37.296591762658565,37.25421616426226
FS,2025-10-10,91.1,-1.42,5.41,"Arozarena, Randy",668227,675512,,foul,,,,,13,Foul,D,R,R,SEA,DET,S,,,2,2,2025,-0.93,-0.02,-0.04113428262239405,1.4546432758103731,,645302,,1,10,Bot,,,,,,,5.5287096073163955,-132.59222551071505,-4.088494484371019,-12.181824875368966,26.234557215946555,-31.793330980584678,3.43,1.69,,,,92.5,1530,6.9,813054,693307,679529,650402,656716,595879,682985,678009,681481,53.56,,,,,,,,74,6,Split-Finger,2,2,2,2,2,2,2,2,Standard,Standard,238,0,0,71.7,7.8,,0,,0,0,0.689,0.689,24,30,25,30,1,4,2,2,,2,2.75,0.93,0.93,35.6,4.7936604580511375,-1.7692239252508206,22.859420114138196,32.43073121370389,34.436236304909926
SI,2025-10-10,96.8,-2.1,5.04,"Torres, Gleyber",650402,622491,field_out,hit_into_play,,,,,2,"Gleyber Torres grounds out, third baseman Eugenio Suárez to first baseman Josh Naylor.",D,R,R,SEA,DET,X,5,ground_ball,3,2,2025,-1.56,0.43,-0.05389527106828762,3.0163669385218355,,,,1,15,Top,101.4,164.84,,,,,8.849248484118984,-140.75439097378785,-0.8365532749437412,-22.737268831159057,30.98121001344896,-26.447952758963122,3.26,1.53,4,81.9,-37,95.3,2072,5.4,813054,663728,647304,593871,553993,641487,668227,677594,645302,55.11,0.052,0.051,0,1,0,0,2,111,8,Sinker,2,2,2,2,2,2,2,2,Standard,Standard,241,0.056,-0.332,71.6,6.8,0.052,0.332,88.0,0,0,0.549,0.45099999999999996,32,28,33,29,1,6,5,2,6,,2,1.56,1.56,18.5,13.314058576557356,4.837503005516323,25.44839112961681,34.29830495770925,30.959149880538103
SL,2025-10-10,87.9,-1.74,5.54,"McKinstry, Zach",656716,669923,,ball,,,,,8,Ball,D,L,R,SEA,DET,B,,,0,2,2025,0.96,-0.1,0.2555092941069995,1.4385757032427668,,,,1,2,Top,,,,,,,2.8357738061754096,-127.95008335645859,-3.532710583298507,9.792047195914273,30.008935988942344,-32.70957153355268,3.31576290641893,1.55596701398002,,,,87.6,2463,6.4,813054,663728,647304,593871,553993,641487,668227,677594,645302,54.08,,,,,,,,10,3,Slider,0,0,0,0,0,0,0,0,Infield shade,Standard,38,-0.002,0.017,,,,-0.017,,0,0,0.53,0.47,27,30,27,30,1,0,6,2,5,,3.08,-0.96,0.96,27.9,,,,,
FF,2025-10-10,97,1.41,6.25,"Polanco, Jorge",593871,669373,,foul,,,,,11,Foul,D,R,L,SEA,DET,S,,,0,0,2025,-0.09,1.46,-0.26469370497817735,3.743039411351206,,,663728,2,1,Bot,,,,,,,-4.296743751783371,-141.18324255450898,-4.556414102039472,-0.30066636982959927,31.108089537845917,-11.726337094408978,3.3,1.6,244,74.5,51,97.6,2366,6.5,813054,693307,679529,650402,656716,595879,682985,678009,681481,53.97,,,,,,,,8,1,4-Seam Fastball,0,0,0,0,0,0,0,0,Standard,Standard,162,-0.003,-0.042,65.9,6.5,,0.042,88.0,0,0,0.522,0.522,28,31,29,32,1,0,5,2,,2,0.95,-0.09,0.09,55.3,5.945297276666064,-12.513943331884287,21.294824369643685,30.24081743816486,24.816038701175135
SL,2025-10-10,86.2,-0.89,5.96,"Torres, Gleyber",650402,669302,,foul,,,,,2,Foul,D,R,R,SEA,DET,S,,,0,0,2025,0.01,0.11,-0.19315530516205523,2.8297014197668977,,,681481,0,11,Top,,,,,,,1.6558079970277921,-125.58732052209534,-1.4256465794132105,-0.222134215384638,26.46187972704834,-30.911509698417344,3.26,1.53,251,81.5,26,87.8,1857,7.3,813054,663728,647304,593871,553993,641487,668227,677594,645302,53.18,,,,,,,,78,1,Slider,2,2,2,2,2,2,2,2,Standard,Standard,44,0.012,-0.043,61.2,5.8,,0.043,88.0,0,0,0.419,0.581,28,28,28,29,1,4,3,2,3,,2.96,-0.01,-0.01,46.3,-11.490028008388437,27.43649446651836,36.02221402224412,33.403751656287085,14.972864049506459
SL,2025-10-10,84.9,-2.36,4.97,"Dingler, Dillon",693307,666374,,ball,,,,,14,Ball,D,R,R,SEA,DET,B,,,1,1,2025,1.66,0.06,0.9280647437233838,0.5949900787278479,,,,2,7,Top,,,,,,,4.4014219576457165,-123.51328753443848,-4.015543439215489,15.978748481795652,25.953899776906713,-30.927432364341712,3.43691740395069,1.55112065877256,,,,85.4,2903,6.7,813054,663728,647304,593871,553993,641487,668227,677594,645302,53.76,,,,,,,,46,3,Slider,1,2,2,1,2,1,2,1,Standard,Standard,51,-0.002,0.053,,,,-0.053,,-1,1,0.352,0.648,27,26,27,27,1,2,3,2,2,,3.12,-1.66,-1.66,26.7,,,,,
SL,2025-10-10,84.2,-2.82,5.36,"Greene, Riley",682985,662253,field_out,hit_into_play,,,,,2,Riley Greene pops out to third baseman Eugenio Suárez.,D,L,R,SEA,DET,X,5,popup,1,0,2025,0.68,-0.14,0.2566799767692294,3.05304202765797,,681481,650402,2,8,Top,85.09,155.41,,,,,5.8230199429568215,-122.57174885564724,1.2945820359835731,5.778243721381467,23.438731447068538,-34.01173775148978,3.63,1.72,173,85.5,64,84.9,2304,6.7,813054,663728,647304,593871,553993,641487,668227,677594,645302,53.85,0.01,0.009,0,1,0,0,3,57,2,Slider,2,2,2,2,2,2,2,2,Standard,Standard,76,0.098,-0.305,,,0.012,0.305,88.0,0,0,0.51,0.49,26,24,26,25,1,3,3,2,2,,3.34,-0.68,0.68,30.7,,,,,
ST,2025-10-10,82.8,-2.25,5.69,"Greene, Riley",682985,660825,strikeout,swinging_strike,,,,,14,Riley Greene strikes out swinging.,D,L,R,SEA,DET,S,2,,1,2,2025,1.46,-0.32,0.8644205766621775,1.2113102159567966,,,,0,13,Top,,,,,,,4.205564607472418,-120.41158353559243,-2.9907723914989326,13.111282995897255,26.97204958496893,-34.85464372826144,3.63,1.72,,,,81.5,2551,5.8,813054,663728,647304,593871,553993,641487,668227,677594,645302,54.7,,0,0,1,0,0,,95,5,Sweeper,2,2,2,2,2,2,2,2,Infield shade,Standard,43,0.041,-0.189,68.8,9.2,,0.189,,0,0,0.517,0.483,29,24,30,25,1,5,2,2,3,,3.69,-1.46,1.46,42.1,48.38789458448852,-40.80235731846847,53.50560931721575,24.90339274048674,60.556898997218276
KC,2025-10-10,79.9,-2.75,5.12,"Polanco, Jorge",593871,656427,,blocked_ball,,,,,14,Ball In Dirt,D,L,R,SEA,DET,B,,,0,0,2025,0.96,-0.9,1.0142775384108438,0.7416606522564844,,663728,677594,0,13,Bot,,,,,,,6.517127126985574,-116.18036715324897,-1.1371075708018723,7.280879514327064,23.787289478398478,-40.293453128318944,3.2664561575868,1.6435754330377,,,,80,2489,6.6,813054,693307,679529,650402,656716,595879,682985,678009,681481,53.86,,,,,,,,100,1,Knuckle Curve,2,2,2,2,2,2,2,2,Standard,Standard,57,0.012,0.045,,,,-0.045,,0,0,0.811,0.811,29,31,30,32,1,5,3,2,,2,4.51,-0.96,0.96,23.0,,,,,
FF,2025-10-10,98.9,-1.12,5.48,"Arozarena, Randy",668227,675512,,foul,,,,,4,Foul,D,R,R,SEA,DET,S,,,2,2,2025,-0.53,1.39,-0.49784304734163537,2.8298532715726497,,645302,,1,10,Bot,,,,,,,2.9388163279255606,-143.961590282887,-5.076797662486103,-7.99638958661269,34.72271493728034,-11.822047098882319,3.43,1.69,132,76.9,74,99.6,2373,6.8,813054,693307,679529,650402,656716,595879,682985,678009,681481,53.75,,,,,,,,74,5,4-Seam Fastball,2,2,2,2,2,2,2,2,Standard,Standard,216,0,0,68.6,7.6,,0,88.0,0,0,0.689,0.689,24,30,25,30,1,4,2,2,,2,0.94,0.53,0.53,37.0,6.256880427652511,-14.029208604065463,17.21150785357037,27.026572188586876,40.935023135097566
FS,2025-10-10,87.3,-1.89,5.57,"Suárez, Eugenio",553993,640448,,called_strike,,,,,8,Called Strike,D,R,R,SEA,DET,S,,,2,1,2025,-0.79,0.29,0.19291913371556868,1.8378436357338206,,,593871,1,7,Bot,,,,,,,6.70595346263759,-127.00021699641111,-3.484575281527581,-9.91478540936866,24.510063032139445,-28.51681825157132,3.2414010677722,1.44944673391894,,,,88.2,1013,6.8,813054,693307,679529,650402,656716,595879,682985,678009,681481,53.74,,,,,,,,49,4,Split-Finger,1,2,1,2,2,1,1,2,Standard,Standard,230,-0.017,-0.075,,,,0.075,,-1,-1,0.378,0.378,33,33,34,34,1,2,2,2,,2,2.69,0.79,0.79,53.2,,,,,
FF,2025-10-10,97.1,-2.04,5.16,"Torres, Gleyber",650402,622491,,foul,,,,,3,Foul,D,R,R,SEA,DET,S,,,3,2,2025,-1.02,0.99,0.5905101586622397,2.8239618768935895,,,,1,15,Top,,,,,,,9.189371415866429,-141.06500676285864,-2.893244854864226,-15.758238696772471,33.609168236012756,-18.529889321986985,3.26,1.53,299,94.3,46,95.2,2244,5.4,813054,663728,647304,593871,553993,641487,668227,677594,645302,55.1,,,,,,,,111,7,4-Seam Fastball,2,2,2,2,2,2,2,2,Standard,Standard,234,0,0,67.9,6.7,,0,94.3,0,0,0.549,0.45099999999999996,32,28,33,29,1,6,5,2,6,,1.45,1.02,1.02,21.1,5.96885510283122,25.9630238722487,28.17807724684271,41.82631657896343,21.109775853021013
CH,2025-10-10,86.6,-2.07,5.47,"Polanco, Jorge",593871,592454,,ball,,,,,13,Ball,D,L,R,SEA,DET,B,,,1,1,2025,-1.22,0.2,-2.299840015968387,1.6596163435672122,641487,668227,677594,1,15,Bot,,,,,,,1.955547274419429,-126.02983922066895,-3.2868263090489704,-13.401864423507776,26.837433012033042,-29.534677904579773,3.23352457289134,1.59999863825325,,,,86.7,1313,6.5,813054,693307,679529,650402,656716,595879,682985,678009,681481,54.04,,,,,,,,117,3,Changeup,2,2,2,2,2,2,2,2,Strategic,Strategic,250,0.025,0.074,,,,-0.074,,0,0,0.828,0.828,35,31,36,32,1,6,3,2,,2,2.85,1.22,-1.22,30.4,,,,,
SL,2025-10-10,87.3,-1.86,5.53,"McKinstry, Zach",656716,669923,,called_strike,,,,,6,Called Strike,D,L,R,SEA,DET,S,,,0,1,2025,1.12,-0.33,0.34310671916356006,2.69348930907142,,,,1,2,Top,,,,,,,3.0003150832868135,-127.07457906972257,0.06750799708437105,11.338468782532566,29.23530837394847,-35.952821125234266,3.27999907559621,1.52070196543148,,,,87,2570,6.3,813054,663728,647304,593871,553993,641487,668227,677594,645302,54.17,,,,,,,,10,2,Slider,0,0,0,0,0,0,0,0,Standard,Standard,43,0.004,-0.052,,,,0.052,,0,0,0.526,0.474,27,30,27,30,1,0,6,2,5,,3.35,-1.12,1.12,25.9,,,,,
SL,2025-10-10,85.8,-2.38,5.83,"Naylor, Josh",647304,672456,,foul,,,,,8,Foul,D,L,R,SEA,DET,S,,,2,1,2025,1.22,0.26,-0.046318791626626776,1.85694174978771,,,,2,11,Bot,,,,,,,3.066021151585132,-124.90943322031583,-3.601988541743328,11.966202342628389,27.696344531587872,-28.914939744607906,3.22,1.51,1,51.2,-63,85.5,2911,6.3,813054,693307,679529,650402,656716,595879,682985,678009,681481,54.18,,,,,,,,84,4,Slider,2,2,2,2,2,2,2,2,Infield shade,Strategic,57,-0.008,-0.073,36.2,7.1,,0.073,88.0,0,0,0.539,0.539,24,28,25,28,1,4,3,2,,2,2.86,-1.22,1.22,42.3,-8.330801278217004,14.286839599900922,33.84699004765161,32.89905192877147,11.407464189194467
FF,2025-10-10,96,-3.07,5.33,"Greene, Riley",682985,662253,,ball,,,,,14,Ball,D,L,R,SEA,DET,B,,,0,0,2025,-0.85,0.96,0.9814805909668026,2.6821975292878433,,681481,650402,2,8,Top,,,,,,,12.675112904563983,-139.2896615741695,-3.5800317563631396,-13.894218688705243,31.220170657042516,-18.995601198967027,3.6942553592909,1.77454943464843,,,,96.3,2293,6.6,813054,663728,647304,593871,553993,641487,668227,677594,645302,53.89,,,,,,,,57,1,4-Seam Fastball,2,2,2,2,2,2,2,2,Standard,Standard,228,-0.005,0.024,,,,-0.024,,0,0,0.515,0.485,26,24,26,25,1,3,3,2,2,,1.53,0.85,-0.85,27.1,,,,,
SI,2025-10-10,94.8,-1.9,5.63,"Arozarena, Randy",668227,676684,hit_by_pitch,hit_by_pitch,,,,,11,Randy Arozarena hit by pitch.,D,R,R,SEA,DET,B,,,3,2,2025,-1.09,0.83,-1.6707704609920655,2.6871138043632685,,,,1,8,Bot,,,,,,,3.020840392359845,-138.11903187786422,-3.9270289261316647,-14.584107261417463,29.21999733091687,-20.92122481478332,3.43,1.69,,,,95.2,1934,6.3,813054,693307,679529,650402,656716,595879,682985,678009,681481,54.17,,0.722289,0.7,1,0,0,,59,6,Sinker,2,2,2,2,2,2,2,2,Standard,Standard,215,0.039,0.339,,,,-0.339,,0,0,0.569,0.569,30,30,30,30,1,3,2,2,,2,1.69,1.09,1.09,50.2,,,,,
CH,2025-10-10,90.2,2,6.09,"Rodríguez, Julio",677594,669373,strikeout,swinging_strike,,,,,14,Julio Rodríguez strikes out swinging.,D,R,L,SEA,DET,S,2,,0,2,2025,1.24,0.37,1.6024615479235014,1.8128990524220572,,,663728,1,1,Bot,,,,,,,-3.650140047243363,-131.38633028889024,-5.526710419202057,15.169119035091308,26.22078117672617,-26.968226630471026,3.29,1.52,,,,90.8,1643,6.5,813054,693307,679529,650402,656716,595879,682985,678009,681481,54.04,,0,0,1,0,0,,7,3,Changeup,0,0,0,0,0,0,0,0,Standard,Standard,136,-0.017,-0.168,74.5,8.3,,0.168,,0,0,0.539,0.539,28,24,29,25,1,0,5,2,,2,2.41,1.24,-1.24,42.2,8.294508104591802,-6.797531091185756,21.64098517016029,57.01096439180438,32.45796107569617
SL,2025-10-10,87.2,-0.72,5.86,"Carpenter, Kerry",681481,669302,single,hit_into_play,,,,,5,Kerry Carpenter singles on a ground ball to center fielder Julio Rodríguez.,D,L,R,SEA,DET,X,8,ground_ball,2,1,2025,-0.08,0.16,-0.20886983191517083,2.3693268979534667,,,,0,11,Top,145.87,99.62,,,,,1.4390014438285412,-126.92234095730497,-2.5072565619028815,-1.2177266028351224,28.93615108955921,-30.173262781453698,3.39,1.62,58,104.3,2,88.5,1756,7.3,813054,663728,647304,593871,553993,641487,668227,677594,645302,53.18,0.57,0.556,0.9,1,1,0,4,77,4,Slider,2,2,2,2,2,2,2,2,Infield shade,Standard,57,-0.073,0.392,73.6,7.1,0.672,-0.392,104.3,0,0,0.492,0.508,28,27,28,28,1,4,3,2,3,,2.87,0.08,-0.08,46.3,12.969609317390887,9.280506097441794,36.58207371001895,42.58616307367901,20.798741622516598
SL,2025-10-10,85.8,-2.33,4.97,"Dingler, Dillon",693307,666374,,ball,,,,,11,Ball,D,R,R,SEA,DET,B,,,0,1,2025,0.97,0.1,-0.9285862541748494,3.4574271538692933,,,,2,7,Top,,,,,,,1.3475358620692006,-124.91894959802734,2.501714927177174,9.92647295978267,25.08261621607642,-31.887171835757385,3.4100004856419,1.54904982797665,,,,86,2787,6.4,813054,663728,647304,593871,553993,641487,668227,677594,645302,54.1,,,,,,,,46,2,Slider,1,2,2,1,2,1,2,1,Standard,Standard,66,-0.001,0.027,,,,-0.027,,-1,1,0.353,0.647,27,26,27,27,1,2,3,2,2,,3,-0.97,-0.97,22.6,,,,,
FF,2025-10-10,96.3,-1.7,5.71,"McKinstry, Zach",656716,669923,,called_strike,,,,,12,Called Strike,D,L,R,SEA,DET,S,,,0,0,2025,-0.68,0.95,0.4668309885251175,3.5566531022231054,,,,1,2,Top,,,,,,,7.309292994578771,-140.03503822262692,-2.2867600563967336,-10.566529107438242,31.811693612250053,-19.35439603644965,3.35840731549132,1.56044361955443,,,,96.4,2246,6.4,813054,663728,647304,593871,553993,641487,668227,677594,645302,54.1,,,,,,,,10,1,4-Seam Fastball,0,0,0,0,0,0,0,0,Standard,Standard,221,0.003,-0.039,,,,0.039,,0,0,0.523,0.477,27,30,27,30,1,0,6,2,5,,1.51,0.68,-0.68,28.1,,,,,
FF,2025-10-10,95.7,-2.56,5.58,"Rodríguez, Julio",677594,656427,walk,ball,,,,,12,Julio Rodríguez walks. Cal Raleigh to 2nd.,D,R,R,SEA,DET,B,,,3,2,2025,-0.45,1.34,0.49237383858346495,3.8653942370510794,,,663728,0,13,Bot,,,,,,,9.08651686695905,-139.0523955721409,-1.8623213567008194,-8.012086728584,34.514938776713294,-14.736337219511665,3.24050623881886,1.44130662936969,,,,95.4,2397,6.4,813054,693307,679529,650402,656716,595879,682985,678009,681481,54.06,,0.691497,0.7,1,0,0,,99,6,4-Seam Fastball,2,2,2,2,2,2,2,2,Standard,Standard,212,0.086,0.34,,,,-0.34,,0,0,0.725,0.725,29,24,30,25,1,5,3,2,,2,1.18,0.45,0.45,30.1,,,,,
FF,2025-10-10,96.2,-1.95,5.1,"Torres, Gleyber",650402,622491,,foul,,,,,6,Foul,D,R,R,SEA,DET,S,,,3,2,2025,-1.19,0.93,0.4606692343661911,2.7078570994675792,,,,1,15,Top,,,,,,,8.953898234648927,-139.87440093797738,-2.856557968739006,-17.595695883466036,30.601039124583497,-19.459616321103486,3.26,1.53,320,100.4,23,95,2291,5.5,813054,663728,647304,593871,553993,641487,668227,677594,645302,54.95,,,,,,,,111,6,4-Seam Fastball,2,2,2,2,2,2,2,2,Standard,Standard,236,0,0,69.1,6.7,,0,100.4,0,0,0.549,0.45099999999999996,32,28,33,29,1,6,5,2,6,,1.53,1.19,1.19,17.9,3.4952820676070964,25.346253625928544,28.754818866920086,40.81021037441774,21.56622129717316
FF,2025-10-10,98.9,-1.3,5.56,"Arozarena, Randy",668227,675512,,ball,,,,,11,Ball,D,R,R,SEA,DET,B,,,1,2,2025,-0.63,1.29,-0.5093206866062657,4.5742400361024185,,645302,,1,10,Bot,,,,,,,3.646595221120603,-143.93700510477035,-0.23592472467881478,-9.632735143250823,35.465875630079324,-14.542640249886036,3.29430518631566,1.57004609909141,,,,99.4,2350,6.7,813054,693307,679529,650402,656716,595879,682985,678009,681481,53.79,,,,,,,,74,4,4-Seam Fastball,2,2,2,2,2,2,2,2,Standard,Standard,215,0.014,0.026,,,,-0.026,,0,0,0.675,0.675,24,30,25,30,1,4,2,2,,2,1.06,0.63,0.63,36.9,,,,,
SL,2025-10-10,89.3,-0.85,5.99,"Carpenter, Kerry",681481,669302,,ball,,,,,11,Ball,D,L,R,SEA,DET,B,,,1,1,2025,-0.01,0.24,-1.1404087361112474,2.57774487998808,,,,0,11,Top,,,,,,,-0.6968359174064164,-130.00769964954418,-2.9136224385135487,0.042229074571185424,29.127486333617874,-29.020625936795486,3.3644432746594,1.62000173437235,,,,90.9,1868,7.4,813054,663728,647304,593871,553993,641487,668227,677594,645302,53.09,,,,,,,,77,3,Slider,2,2,2,2,2,2,2,2,Infield shade,Standard,44,-0.011,0.055,,,,-0.055,,0,0,0.503,0.497,28,27,28,28,1,4,3,2,3,,2.63,0.01,-0.01,47.1,,,,,
SI,2025-10-10,95.5,-1.96,5.74,"Greene, Riley",682985,660825,,foul,,,,,2,Foul,D,L,R,SEA,DET,S,,,1,2,2025,-1.46,0.96,0.010301637130916808,3.553244039333034,,,,0,13,Top,,,,,,,8.409872211411962,-138.65483189008853,-2.1813622981043204,-20.82080547461378,35.00240186691581,-19.62577894752928,3.63,1.72,117,79.2,8,94.3,2175,6,813054,663728,647304,593871,553993,641487,668227,677594,645302,54.52,,,,,,,,95,4,Sinker,2,2,2,2,2,2,2,2,Infield shade,Standard,213,0,0,69.2,6.2,,0,88.0,0,0,0.517,0.483,29,24,30,25,1,5,2,2,3,,1.58,1.46,-1.46,41.9,4.0749400621743845,4.917179334440218,41.65308822869667,32.67375345602385,20.91061210848226
CH,2025-10-10,89.4,-2.1,5.73,"Naylor, Josh",647304,672456,,swinging_strike,,,,,5,Swinging Strike,D,L,R,SEA,DET,S,,,2,0,2025,-1.22,0.68,-0.1456783252548659,2.560118817409694,,,,2,11,Bot,,,,,,,7.400684598591796,-129.91098953670277,-3.192552967831751,-15.370007418352566,28.23054403636822,-24.05770138939867,3.22,1.51,,,,89.4,2267,6.4,813054,693307,679529,650402,656716,595879,682985,678009,681481,54.05,,,,,,,,84,3,Changeup,2,2,2,2,2,2,2,2,Infield shade,Strategic,223,-0.005,-0.066,72.7,8.2,,0.066,,0,0,0.544,0.544,24,28,25,28,1,4,3,2,,2,2.19,1.22,-1.22,40.7,22.639894636697246,-32.00838760456885,29.254265537574184,35.94463892902268,37.95566870255226
FF,2025-10-10,95.4,-1.59,5.76,"Polanco, Jorge",593871,592454,,ball,,,,,13,Ball,D,L,R,SEA,DET,B,,,0,1,2025,-0.56,1.42,-1.5392190449335745,2.110553390119137,641487,668227,677594,1,15,Bot,,,,,,,1.3945389200275233,-138.85402585130024,-7.150452242205912,-7.576433862337303,32.31699520896325,-12.455385263309454,3.24032604328088,1.58646643993353,,,,95.5,2252,6.4,813054,693307,679529,650402,656716,595879,682985,678009,681481,54.07,,,,,,,,117,2,4-Seam Fastball,2,2,2,2,2,2,2,2,Strategic,Strategic,207,0.017,0.034,,,,-0.034,,0,0,0.811,0.811,35,31,36,32,1,6,3,2,,2,1.09,0.56,-0.56,42.4,,,,,
FS,2025-10-10,87.2,-1.82,5.54,"Suárez, Eugenio",553993,640448,,ball,,,,,13,Ball,D,R,R,SEA,DET,B,,,1,1,2025,-0.76,0.19,-0.5723343805657247,1.308906026373795,,,593871,1,7,Bot,,,,,,,4.5980497060784575,-127.02638546702701,-4.494438921680062,-9.107785471601087,23.79827654150734,-29.431061206543795,3.31576753517518,1.52403590898814,,,,88.2,1102,6.6,813054,693307,679529,650402,656716,595879,682985,678009,681481,53.85,,,,,,,,49,3,Split-Finger,1,2,1,2,2,1,1,2,Standard,Standard,228,0.011,0.063,,,,-0.063,,-1,-1,0.367,0.367,33,33,34,34,1,2,2,2,,2,2.78,0.76,0.76,49.3,,,,,
SI,2025-10-10,94.7,-1.92,5.66,"Arozarena, Randy",668227,676684,,foul,,,,,4,Foul,D,R,R,SEA,DET,S,,,3,1,2025,-1.2,0.95,-0.32230996523370936,2.519150141559148,,,,1,8,Bot,,,,,,,6.844455818791135,-137.7105535825951,-4.652499693898819,-16.82985109065363,29.82307850292054,-19.261549814467394,3.43,1.69,153,74.4,68,94.8,2130,6.3,813054,693307,679529,650402,656716,595879,682985,678009,681481,54.17,,,,,,,,59,5,Sinker,2,2,2,2,2,2,2,2,Standard,Standard,215,-0.011,-0.087,69.9,6.7,,0.087,88.0,0,0,0.58,0.58,30,30,30,30,1,3,2,2,,2,1.59,1.2,1.2,55.0,5.980015322772504,20.898165005093556,22.631307617740596,29.781088687176982,23.669072680700857
FF,2025-10-10,98.5,1.83,6.19,"Rodríguez, Julio",677594,669373,,swinging_strike,,,,,11,Swinging Strike,D,R,L,SEA,DET,S,,,0,1,2025,-0.01,1.34,-0.12476263203045045,3.8373430552640877,,,663728,1,1,Bot,,,,,,,-5.314319882950011,-143.41744206203208,-4.076433560799096,1.1354335809726994,32.931255479958956,-12.949178882846523,3.29,1.52,,,,98.9,2311,6.5,813054,693307,679529,650402,656716,595879,682985,678009,681481,54.04,,,,,,,,7,2,4-Seam Fastball,0,0,0,0,0,0,0,0,Standard,Standard,160,-0.008,-0.047,71.5,5.9,,0.047,,0,0,0.547,0.547,28,24,29,25,1,0,5,2,,2,1.01,-0.01,0.01,50.1,3.0174030063397623,31.522753946867883,18.907885052278147,36.67263933792765,16.171146386958668
SL,2025-10-10,87.7,-2.26,5.1,"Dingler, Dillon",693307,666374,,swinging_strike,,,,,14,Swinging Strike,D,R,R,SEA,DET,S,,,0,0,2025,1,0.21,1.1476780838983136,1.6424894820861566,,,,2,7,Top,,,,,,,6.207227588084255,-127.57093201190943,-2.6726544232881273,9.631730758834212,26.385068742772035,-29.539579959101005,3.41,1.53,,,,88.1,2956,6.5,813054,663728,647304,593871,553993,641487,668227,677594,645302,53.95,,,,,,,,46,1,Slider,1,2,2,1,2,1,2,1,Standard,Standard,50,0.002,-0.043,76.2,8.4,,0.043,,-1,1,0.351,0.649,27,26,27,27,1,2,3,2,2,,2.76,-1,-1,28.4,18.580589102874303,-1.7434388787440867,38.24483083521418,50.08969778994221,33.302139088382376
SL,2025-10-10,82.6,-2.53,5.33,"Torres, Gleyber",650402,662253,walk,blocked_ball,,,,,14,Gleyber Torres walks. Kerry Carpenter to 2nd.,D,R,R,SEA,DET,B,,,3,1,2025,0.51,-0.34,0.628205178279226,0.7193034080942198,,,681481,2,8,Top,,,,,,,6.247636349344774,-120.1978120393155,-3.3814395539024646,3.8329393859376486,22.51726493026411,-35.03416962839324,3.28698863995682,1.52999904055078,,,,83.4,2248,6.7,813054,663728,647304,593871,553993,641487,668227,677594,645302,53.79,,0.691497,0.7,1,0,0,,56,5,Slider,2,2,2,2,2,2,2,2,Standard,Standard,73,-0.025,0.147,,,,-0.147,,0,0,0.54,0.45999999999999996,26,28,26,29,1,3,3,2,2,,3.67,-0.51,-0.51,33.1,,,,,
SI,2025-10-10,95.7,-1.99,5.72,"Greene, Riley",682985,660825,,called_strike,,,,,6,Called Strike,D,L,R,SEA,DET,S,,,1,1,2025,-1.46,1.03,0.5025635076128261,2.8218889534144926,,,,0,13,Top,,,,,,,9.764410332709048,-138.8583178757579,-4.248250912354676,-21.17063377896831,33.88669603170001,-18.10712515145274,3.62999806391144,1.72589571726206,,,,94.5,2112,5.9,813054,663728,647304,593871,553993,641487,668227,677594,645302,54.58,,,,,,,,95,3,Sinker,2,2,2,2,2,2,2,2,Infield shade,Standard,220,0.014,-0.061,,,,0.061,,0,0,0.503,0.497,29,24,30,25,1,5,2,2,3,,1.49,1.46,-1.46,42.5,,,,,
FF,2025-10-10,95.6,-2.4,5.51,"Rodríguez, Julio",677594,656427,,swinging_strike,,,,,6,Swinging Strike,D,R,R,SEA,DET,S,,,3,1,2025,-0.44,1.4,0.5531998125862477,2.4232141117950197,,,663728,0,13,Bot,,,,,,,8.810440518657018,-138.78661497311063,-5.593811730964522,-7.9055734829025,35.516973090775295,-13.005149732750404,3.29,1.52,,,,95.3,2464,6.6,813054,693307,679529,650402,656716,595879,682985,678009,681481,53.93,,,,,,,,99,5,4-Seam Fastball,2,2,2,2,2,2,2,2,Standard,Standard,215,-0.025,-0.081,78.4,7.0,,0.081,,0,0,0.75,0.75,29,24,30,25,1,5,3,2,,2,1.13,0.44,0.44,30.7,-11.108955072709097,22.846182972667773,30.594425183572508,47.0148791096569,12.048023348598052
FS,2025-10-10,86.9,-2.09,5.58,"Suárez, Eugenio",553993,640448,,ball,,,,,13,Ball,D,R,R,SEA,DET,B,,,0,1,2025,-0.59,0.12,-0.4735551072299057,0.9236208091549538,,,593871,1,7,Bot,,,,,,,5.11618697760461,-126.56626005574965,-5.321449538009672,-7.357533805131144,23.473985697050782,-30.04709586169007,3.37637493136372,1.52373108922036,,,,87.7,1036,6.5,813054,693307,679529,650402,656716,595879,682985,678009,681481,53.95,,,,,,,,49,2,Split-Finger,1,2,1,2,2,1,1,2,Standard,Standard,234,0.006,0.019,,,,-0.019,,-1,-1,0.361,0.361,33,33,34,34,1,2,2,2,,2,2.87,0.59,0.59,47.5,,,,,
SL,2025-10-10,87.3,-2.08,4.85,"Torres, Gleyber",650402,622491,,ball,,,,,14,Ball,D,R,R,SEA,DET,B,,,2,2,2025,0.01,0.2,2.5522099309478983,0.8628289056376968,,,,1,15,Top,,,,,,,10.956025811713246,-126.72790440625542,-3.820850628712428,-2.0487335793896086,24.58364669331248,-29.408376470254844,3.25999867226081,1.58709061835466,,,,86.1,2262,5.5,813054,663728,647304,593871,553993,641487,668227,677594,645302,54.97,,,,,,,,111,5,Slider,2,2,2,2,2,2,2,2,Standard,Standard,185,-0.016,0.104,,,,-0.104,,0,0,0.565,0.43500000000000005,32,28,33,29,1,6,5,2,6,,2.79,-0.01,-0.01,16.1,,,,,
KC,2025-10-10,82.2,-2.04,5.98,"Naylor, Josh",647304,672456,,ball,,,,,13,Ball,D,L,R,SEA,DET,B,,,1,0,2025,0.71,-1.31,-1.712462811061272,1.9717725143710316,,,,2,11,Bot,,,,,,,-0.6305223182930282,-119.64071207505859,0.08760974278628142,6.88307565586548,26.665134658283595,-44.90308660428834,3.18722582747519,1.45457506576646,,,,81.6,3143,6.2,813054,693307,679529,650402,656716,595879,682985,678009,681481,54.27,,,,,,,,84,2,Knuckle Curve,2,2,2,2,2,2,2,2,Infield shade,Strategic,36,0.005,0.065,,,,-0.065,,0,0,0.539,0.539,24,28,25,28,1,4,3,2,,2,4.73,-0.71,0.71,45.5,,,,,
SL,2025-10-10,91.2,2.18,6.01,"Rodríguez, Julio",677594,669373,,called_strike,,,,,6,Called Strike,D,R,L,SEA,DET,S,,,0,0,2025,-0.36,0.49,0.39784379813375625,2.444418787894709,,,663728,1,1,Bot,,,,,,,-3.7140934830053314,-132.7567363085681,-4.177725447891127,-3.528182227829876,27.5725170196562,-25.654775321318304,3.03627477020808,1.34459241367153,,,,91.7,2221,6.5,813054,693307,679529,650402,656716,595879,682985,678009,681481,53.99,,,,,,,,7,1,Slider,0,0,0,0,0,0,0,0,Standard,Standard,169,-0.004,-0.04,,,,0.04,,0,0,0.551,0.551,28,24,29,25,1,0,5,2,,2,2.24,-0.36,0.36,47.6,,,,,
FF,2025-10-10,95.3,-1.71,5.75,"Arozarena, Randy",668227,676684,,called_strike,,,,,6,Called Strike,D,R,R,SEA,DET,S,,,3,0,2025,-0.18,1.43,0.692741718157297,2.1229671408181576,,,,1,8,Bot,,,,,,,6.714466065358867,-138.4970423613416,-7.0712822732377525,-3.8021156322124723,31.7566302289915,-12.418559761457578,3.18172421549722,1.54680781439574,,,,95.2,2222,6.3,813054,693307,679529,650402,656716,595879,682985,678009,681481,54.16,,,,,,,,59,4,4-Seam Fastball,2,2,2,2,2,2,2,2,Standard,Standard,211,-0.01,-0.088,,,,0.088,,0,0,0.59,0.59,30,30,30,30,1,3,2,2,,2,1.1,0.18,0.18,55.9,,,,,
FF,2025-10-10,99.2,-1.44,5.5,"Arozarena, Randy",668227,675512,,foul,,,,,1,Foul,D,R,R,SEA,DET,S,,,1,1,2025,-0.64,1.27,-0.5480753237494697,3.250589962492641,,645302,,1,10,Bot,,,,,,,3.981716287147032,-144.30669573992125,-3.693464912852706,-9.937320757287193,36.15648225013566,-13.825671280347459,3.43,1.69,,,,99.8,2359,6.8,813054,693307,679529,650402,656716,595879,682985,678009,681481,53.7,,,,,,,,74,3,4-Seam Fastball,2,2,2,2,2,2,2,2,Standard,Standard,213,-0.023,-0.061,64.6,6.7,,0.061,,0,0,0.698,0.698,24,30,25,30,1,4,2,2,,2,1.06,0.64,0.64,35.4,11.596013855709021,10.266614382590829,20.834801726122528,26.967121316680064,21.374481529622656
SI,2025-10-10,96.4,-1.83,5.61,"Keith, Colt",690993,669923,field_out,hit_into_play,,,,,4,"Colt Keith grounds out, shortstop J.P. Crawford to first baseman Josh Naylor.",D,L,R,SEA,DET,X,6,ground_ball,0,0,2025,-1.65,0.41,-0.5073939545027766,2.615779828525463,,,,0,2,Top,126.47,149.14,,,,,7.270680688993164,-140.24504301877218,-3.311243257664924,-23.361670197464075,31.266273300597216,-26.26727367795932,3.35,1.59,131,91.6,6,96.7,2199,6.4,813054,663728,647304,593871,553993,641487,668227,677594,645302,54.08,0.516,0.491,0,1,0,0,4,9,1,Sinker,0,0,0,0,0,0,0,0,Standard,Standard,230,0.023,-0.259,69.0,6.5,0.595,0.259,91.6,0,0,0.5,0.5,27,23,27,24,1,0,6,2,5,,2.05,1.65,-1.65,25.9,9.02034312154547,2.9573733249104714,31.69120717410564,41.35970882130902,26.548523297006955
FS,2025-10-10,81.9,-0.85,5.76,"Carpenter, Kerry",681481,669302,,ball,,,,,14,Ball,D,L,R,SEA,DET,B,,,0,1,2025,0.28,-0.55,1.03476628783639,0.7332906447764249,,,,0,11,Top,,,,,,,3.7761316984235798,-119.19406258734591,-3.774246973470648,1.947776295829161,22.929975261725392,-36.87481547240385,3.32465348831903,1.59490352657723,,,,83.4,723,7.3,813054,663728,647304,593871,553993,641487,668227,677594,645302,53.22,,,,,,,,77,2,Split-Finger,2,2,2,2,2,2,2,2,Infield shade,Standard,294,-0.006,0.031,,,,-0.031,,0,0,0.509,0.491,28,27,28,28,1,4,3,2,3,,3.94,-0.28,0.28,38.4,,,,,
CH,2025-10-10,88.9,-2.58,4.97,"McKinstry, Zach",656716,666374,field_out,hit_into_play,,,,,4,Zach McKinstry lines out to left fielder Randy Arozarena.,D,L,R,SEA,DET,X,7,line_drive,0,1,2025,-0.94,-0.43,-0.7203074623326955,2.3817092060997096,,,,1,7,Top,71.52,76.27,,,,,6.5655147579297015,-129.4058325455835,0.5627924975869796,-11.916339038653327,25.42638411091791,-37.342704311251055,3.28,1.53,332,95.8,23,89.5,1455,6.5,813054,663728,647304,593871,553993,641487,668227,677594,645302,54,0.218,0.278,0,1,0,0,5,45,2,Changeup,1,2,2,1,2,1,2,1,Standard,Standard,259,0.016,-0.215,64.6,6.7,0.443,0.215,95.8,-1,1,0.335,0.665,27,30,27,30,1,2,3,2,2,,3.3,0.94,-0.94,22.7,7.708325446842097,2.4084629320104862,35.466772878604225,42.837878243680066,21.955559432622913
CH,2025-10-10,86.3,-1.96,5.56,"Polanco, Jorge",593871,592454,,swinging_strike,,,,,8,Swinging Strike,D,L,R,SEA,DET,S,,,0,0,2025,-1.05,0.48,0.19941983710530375,1.6432708092757196,641487,668227,677594,1,15,Bot,,,,,,,7.311576650706574,-125.49404614136478,-4.091472669893257,-12.62923468260319,25.38011025102033,-26.433498393315823,3.3,1.6,,,,86.6,1322,6.5,813054,693307,679529,650402,656716,595879,682985,678009,681481,53.97,,,,,,,,117,1,Changeup,2,2,2,2,2,2,2,2,Strategic,Strategic,251,-0.026,-0.05,76.3,7.9,,0.05,,0,0,0.837,0.837,35,31,36,32,1,6,3,2,,2,2.58,1.05,-1.05,34.7,21.749945823299125,-29.911180304322052,33.42724535350656,33.36496546005153,42.36461849304805
SL,2025-10-10,83.7,-2.63,5.38,"Torres, Gleyber",650402,662253,,ball,,,,,14,Ball,D,R,R,SEA,DET,B,,,2,1,2025,0.7,-0.1,1.368147593383276,1.5021681073524484,,,681481,2,8,Top,,,,,,,7.9155669847468815,-121.71915152540147,-2.3586976383731884,5.484767304750953,23.038853886214188,-32.87917591337634,3.16289102486843,1.53000055047961,,,,84.6,2352,6.8,813054,663728,647304,593871,553993,641487,668227,677594,645302,53.68,,,,,,,,56,4,Slider,2,2,2,2,2,2,2,2,Standard,Standard,73,-0.013,0.079,,,,-0.079,,0,0,0.553,0.44699999999999995,26,28,26,29,1,3,3,2,2,,3.34,-0.7,-0.7,32.4,,,,,
ST,2025-10-10,81.9,-2.37,5.69,"Greene, Riley",682985,660825,,foul,,,,,14,Foul,D,L,R,SEA,DET,S,,,1,0,2025,1.36,-0.15,0.46600340637441917,1.5373637816636219,,,,0,13,Top,,,,,,,3.74039434780066,-119.1793528210971,-2.4311229813260082,12.002489952061056,26.027278133554837,-33.278343617254706,3.63,1.72,10,80.3,-9,80.7,2516,5.8,813054,663728,647304,593871,553993,641487,668227,677594,645302,54.74,,,,,,,,95,2,Sweeper,2,2,2,2,2,2,2,2,Strategic,Standard,45,0.011,-0.05,69.2,8.5,,0.05,88.0,0,0,0.492,0.508,29,24,30,25,1,5,2,2,3,,3.58,-1.36,1.36,38.8,38.4118223429333,-10.776121422589911,47.975064297426414,29.42515752576162,45.93512375999072
SL,2025-10-10,88.1,-2.54,5.43,"Rodríguez, Julio",677594,656427,,ball,,,,,14,Ball,D,R,R,SEA,DET,B,,,2,1,2025,0.58,0.18,2.398373310807422,0.9323083070472125,,,663728,0,13,Bot,,,,,,,10.801445000351322,-127.83193282202535,-5.122277269708652,3.9643960899743043,28.52694201597184,-29.289594986425957,3.26207297816738,1.52000103726946,,,,88,2587,6.6,813054,693307,679529,650402,656716,595879,682985,678009,681481,53.91,,,,,,,,99,4,Slider,2,2,2,2,2,2,2,2,Standard,Standard,144,0.03,0.116,,,,-0.116,,0,0,0.72,0.72,29,24,30,25,1,5,3,2,,2,2.8,-0.58,-0.58,30.1,,,,,
FS,2025-10-10,88.1,-1.87,5.58,"Suárez, Eugenio",553993,640448,,swinging_strike,,,,,8,Swinging Strike,D,R,R,SEA,DET,S,,,0,0,2025,-0.7,0.44,-0.18626908760047411,1.5655765186831458,,,593871,1,7,Bot,,,,,,,5.572120603464513,-128.1944511026759,-4.627133363384035,-8.808251734203322,24.22895899989159,-26.640113006842018,3.48,1.61,,,,89,1019,6.6,813054,693307,679529,650402,656716,595879,682985,678009,681481,53.87,,,,,,,,49,1,Split-Finger,1,2,1,2,2,1,1,2,Standard,Standard,228,-0.009,-0.04,74.9,9.2,,0.04,,-1,-1,0.37,0.37,33,33,34,34,1,2,2,2,,2,2.48,0.7,0.7,51.3,32.986889390968926,-42.00210171022805,41.94384625865007,30.28620142735791,51.81554390616978
SI,2025-10-10,98.8,-1.55,5.49,"Arozarena, Randy",668227,675512,,foul,,,,,9,Foul,D,R,R,SEA,DET,S,,,1,0,2025,-1.21,1.16,0.4724126160628874,1.6715303126148182,,645302,,1,10,Bot,,,,,,,8.430068731147745,-143.50782088037442,-7.735572143650889,-18.73711030212284,33.30834636335671,-14.545955137383663,3.43,1.69,2,70,-32,99.8,2254,7,813054,693307,679529,650402,656716,595879,682985,678009,681481,53.54,,,,,,,,74,2,Sinker,2,2,2,2,2,2,2,2,Standard,Standard,215,-0.006,-0.042,42.4,6.4,,0.042,88.0,0,0,0.704,0.704,24,30,25,30,1,4,2,2,,2,1.19,1.21,1.21,39.1,-2.8988932353364176,46.24916808610608,21.481351475118537,39.50322941161848,2.7956463931265816
FF,2025-10-10,96.1,-2.08,5.22,"Torres, Gleyber",650402,622491,,swinging_strike,,,,,1,Swinging Strike,D,R,R,SEA,DET,S,,,2,1,2025,-0.96,1.08,-0.5803896711387748,3.3541584678379337,,,,1,15,Top,,,,,,,5.999924107881872,-139.82430899795787,-1.7150455031007725,-13.927202858219415,33.94856166092584,-17.956884654356454,3.26,1.53,,,,93.9,2273,5.2,813054,663728,647304,593871,553993,641487,668227,677594,645302,55.33,,,,,,,,111,4,4-Seam Fastball,2,2,2,2,2,2,2,2,Standard,Standard,237,0.013,-0.07,67.6,6.1,,0.07,,0,0,0.552,0.44799999999999995,32,28,33,29,1,6,5,2,6,,1.41,0.96,0.96,15.8,6.129714823036082,21.792853665081388,30.237555794112748,28.678072769210853,21.090572909447687
FF,2025-10-10,98.1,-1.82,5.68,"Torkelson, Spencer",679529,669923,strikeout,swinging_strike,,,,,11,Spencer Torkelson strikes out swinging.,D,R,R,SEA,DET,S,2,,1,2,2025,-0.9,1.24,-0.006608057380347754,3.953949678466803,,,682985,2,1,Top,,,,,,,7.020000603509352,-142.6802381723537,-2.068928258958737,-13.920106013496186,32.13199820634145,-14.948498763141094,3.55,1.69,,,,98.5,2403,6.5,813054,663728,647304,593871,553993,641487,668227,677594,645302,54.01,,0,0,1,0,0,,4,4,4-Seam Fastball,0,0,0,0,0,0,0,0,Standard,Standard,220,0.015,-0.183,70.4,6.7,,0.183,,0,0,0.533,0.46699999999999997,27,25,27,26,1,0,6,2,5,,1.13,0.9,0.9,29.4,10.017930134164631,-6.631280168957682,20.289481003743507,35.475644685909316,24.373038816584685
CH,2025-10-10,87.6,-1.91,5.62,"Raleigh, Cal",663728,592454,field_out,hit_into_play,,,,,13,Cal Raleigh lines out to center fielder Parker Meadows. J.P. Crawford to 3rd. Throwing error by center fielder Parker Meadows.,D,L,R,SEA,DET,X,8,line_drive,1,2,2025,-1.2,0.2,-1.4431643097627709,1.7198208501715735,,641487,668227,0,15,Bot,127.81,67.03,,,,,3.6106738639041454,-127.56292502948882,-3.73080906784104,-13.830397409303021,25.977749055278007,-29.430981451745353,3.6,1.69,328,91.8,23,88.1,1304,6.5,813054,693307,679529,650402,656716,595879,682985,678009,681481,53.99,0.149,0.184,0,1,0,0,3,115,4,Changeup,2,2,2,2,2,2,2,2,Standard,Standard,246,0.062,-0.172,64.6,8.3,0.284,0.172,91.8,0,0,0.781,0.781,35,28,36,29,1,6,3,2,,2,2.76,1.2,-1.2,35.9,11.08246621639145,-4.16504240545022,31.360494909156692,48.63586168601323,29.034735722993048
KC,2025-10-10,81.3,-2.14,5.87,"Naylor, Josh",647304,672456,,ball,,,,,13,Ball,D,L,R,SEA,DET,B,,,0,0,2025,0.94,-0.95,-1.555687892832143,1.6288764597394843,,,,2,11,Bot,,,,,,,-0.5113061801466401,-118.38589954176858,-1.0059925552148095,8.906796200577228,25.479132014875123,-41.048043136952145,3.19301378104878,1.49034905426719,,,,81,3061,6.4,813054,693307,679529,650402,656716,595879,682985,678009,681481,54.14,,,,,,,,84,1,Knuckle Curve,2,2,2,2,2,2,2,2,Infield shade,Standard,39,0.003,0.037,,,,-0.037,,0,0,0.536,0.536,24,28,25,28,1,4,3,2,,2,4.43,-0.94,0.94,47.3,,,,,
FF,2025-10-10,96.2,-1.86,5.75,"Arozarena, Randy",668227,676684,,ball,,,,,2,Ball,D,R,R,SEA,DET,B,,,2,0,2025,-0.25,1.45,0.11251180699204771,3.3401737213732314,,,,1,8,Bot,,,,,,,5.788681652603174,-139.98224712402902,-4.064596667796924,-4.642301153020846,32.48224286819166,-12.451759252350477,3.42250124333027,1.68321937840497,,,,96,2221,6.2,813054,693307,679529,650402,656716,595879,682985,678009,681481,54.25,,,,,,,,59,3,4-Seam Fastball,2,2,2,2,2,2,2,2,Standard,Standard,215,0.014,0.143,,,,-0.143,,0,0,0.576,0.576,30,30,30,30,1,3,2,2,,2,1.02,0.25,0.25,53.2,,,,,
CH,2025-10-10,89.3,1.9,6.04,"Raleigh, Cal",663728,669373,single,hit_into_play,,,,,9,Cal Raleigh singles on a line drive to left fielder Riley Greene.,D,R,L,SEA,DET,X,7,line_drive,3,2,2025,1.49,0.34,0.6250079814629064,1.9885044071847076,,,,1,1,Bot,59.62,113,,,,,-6.294083964579687,-129.75742415790012,-4.646178918316897,18.177967641787223,28.5816883432727,-27.470577918768647,3.6,1.69,185,79.6,17,89.4,1612,6.5,813054,693307,679529,650402,656716,595879,682985,678009,681481,53.96,0.982,0.92,0.9,1,1,0,4,6,7,Changeup,0,0,0,0,0,0,0,0,Standard,Standard,135,0.021,0.336,75.8,8.4,1.108,-0.336,88.0,0,0,0.53,0.53,28,28,29,29,1,0,5,2,,2,2.53,1.49,-1.49,44.6,22.53322719001614,-16.659684805245657,35.105213387361964,40.19830961491032,42.784979434189474
SL,2025-10-10,88.9,-0.8,5.93,"Carpenter, Kerry",681481,669302,,called_strike,,,,,8,Called Strike,D,L,R,SEA,DET,S,,,0,0,2025,-0.1,-0.27,-0.15896328566217066,1.76729830453634,,,,0,11,Top,,,,,,,1.8165716817814106,-129.44580708415293,-3.648488211941593,-1.5030982555222034,27.93587302073116,-34.602560715184936,3.39000102069674,1.67564593534341,,,,90.5,1895,7.3,813054,663728,647304,593871,553993,641487,668227,677594,645302,53.2,,,,,,,,77,1,Slider,2,2,2,2,2,2,2,2,Infield shade,Standard,20,0.009,-0.039,,,,0.039,,0,0,0.5,0.5,28,27,28,28,1,4,3,2,3,,3.16,0.1,-0.1,51.5,,,,,
SL,2025-10-10,85.7,-2.34,5.18,"McKinstry, Zach",656716,666374,,called_strike,,,,,5,Called Strike,D,L,R,SEA,DET,S,,,0,0,2025,1.15,-0.2,-0.011379258056019137,2.802948743571413,,,,1,7,Top,,,,,,,3.2072851163635105,-124.88996541192928,0.9749433917370265,11.54238731488913,22.559025198688282,-34.606705596015196,3.35744706000205,1.59040642551842,,,,86.5,2757,6.5,813054,663728,647304,593871,553993,641487,668227,677594,645302,53.99,,,,,,,,45,1,Slider,1,2,2,1,2,1,2,1,Standard,Standard,48,0.003,-0.039,,,,0.039,,-1,1,0.332,0.6679999999999999,27,30,27,30,1,2,3,2,2,,3.26,-1.15,1.15,28.6,,,,,
SL,2025-10-10,83.8,-2.64,5.43,"Torres, Gleyber",650402,662253,,swinging_strike,,,,,5,Swinging Strike,D,R,R,SEA,DET,S,,,2,0,2025,0.63,-0.15,0.25771397244299915,2.4301948528039548,,,681481,2,8,Top,,,,,,,5.470881676941306,-121.99076971376492,-0.2611892946204901,5.327893592542647,22.52354626852802,-33.813813939293304,3.26,1.53,,,,84.6,2260,6.6,813054,663728,647304,593871,553993,641487,668227,677594,645302,53.87,,,,,,,,56,3,Slider,2,2,2,2,2,2,2,2,Standard,Standard,75,0.009,-0.044,74.4,8.1,,0.044,,0,0,0.544,0.45599999999999996,26,28,26,29,1,3,3,2,2,,3.37,-0.63,-0.63,31.3,24.908445593442828,-27.796520917465145,30.18802463871645,38.414938150738635,50.853505738205
SI,2025-10-10,95,-1.97,5.72,"Greene, Riley",682985,660825,,ball,,,,,14,Ball,D,L,R,SEA,DET,B,,,0,0,2025,-1.55,0.82,0.5039150123483966,1.598556800918486,,,,0,13,Top,,,,,,,9.847483021790266,-137.85274082433338,-6.861632905787084,-21.978062118155805,31.84245904154605,-20.324773724890957,3.66944059303829,1.79776455514942,,,,94,2188,6,813054,663728,647304,593871,553993,641487,668227,677594,645302,54.53,,,,,,,,95,1,Sinker,2,2,2,2,2,2,2,2,Standard,Standard,218,-0.008,0.041,,,,-0.041,,0,0,0.5,0.5,29,24,30,25,1,5,2,2,3,,1.73,1.55,-1.55,40.0,,,,,
SL,2025-10-10,87.1,-2.61,5.45,"Rodríguez, Julio",677594,656427,,ball,,,,,14,Ball,D,R,R,SEA,DET,B,,,1,1,2025,0.55,0.22,0.8243281704648235,0.9471549763803258,,,663728,0,13,Bot,,,,,,,7.1482589824022025,-126.63472879176567,-5.06714640614734,4.306618544544495,27.81516655544101,-28.863644175793137,3.27700797028555,1.51034453425534,,,,87.2,2547,6.6,813054,693307,679529,650402,656716,595879,682985,678009,681481,53.91,,,,,,,,99,3,Slider,2,2,2,2,2,2,2,2,Standard,Standard,130,0.014,0.044,,,,-0.044,,0,0,0.706,0.706,29,24,30,25,1,5,3,2,,2,2.8,-0.55,-0.55,32.3,,,,,
FF,2025-10-10,96.4,-1.55,5.57,"Polanco, Jorge",593871,640448,walk,ball,,,,,14,Jorge Polanco walks.,D,L,R,SEA,DET,B,,,3,2,2025,-0.68,1.48,0.8853245689107578,0.8777837417038633,,,,1,7,Bot,,,,,,,8.04236670693943,-139.88348588053475,-10.286891949198093,-10.710941596365668,30.108082410660817,-10.589206750762022,3.1763478655894,1.52626674836384,,,,96.9,2203,6.6,813054,693307,679529,650402,656716,595879,682985,678009,681481,53.86,,0.691497,0.7,1,0,0,,48,6,4-Seam Fastball,1,2,1,2,2,1,1,2,Infield shade,Standard,208,0.046,0.339,,,,-0.339,,-1,-1,0.324,0.324,33,31,34,32,1,2,2,2,,2,0.98,0.68,-0.68,54.4,,,,,
FF,2025-10-10,94.6,-2,5.24,"Torres, Gleyber",650402,622491,,ball,,,,,11,Ball,D,R,R,SEA,DET,B,,,1,1,2025,-1.01,1.14,-0.9012366941494068,4.070939760575268,,,,1,15,Top,,,,,,,5.01102029281886,-137.63655815252295,0.11252497251527294,-13.925031184592346,32.70896305607289,-17.959473546811473,3.25999862093374,1.57427176366678,,,,92.6,2295,5.3,813054,663728,647304,593871,553993,641487,668227,677594,645302,55.23,,,,,,,,111,3,4-Seam Fastball,2,2,2,2,2,2,2,2,Standard,Standard,234,-0.008,0.055,,,,-0.055,,0,0,0.56,0.43999999999999995,32,28,33,29,1,6,5,2,6,,1.42,1.01,1.01,25.1,,,,,
FF,2025-10-10,94.3,-1.76,5.78,"Raleigh, Cal",663728,592454,,foul,,,,,2,Foul,D,L,R,SEA,DET,S,,,1,1,2025,-0.65,1.45,0.04679104752414809,3.544549641637849,,641487,668227,0,15,Bot,,,,,,,6.160597034860525,-137.2785181711942,-3.3692718656834098,-9.55272145719481,29.566118948005197,-13.320243861831498,3.6,1.69,202,82.6,66,94.9,2202,6.6,813054,693307,679529,650402,656716,595879,682985,678009,681481,53.94,,,,,,,,115,3,4-Seam Fastball,2,2,2,2,2,2,2,2,Infield shade,Standard,201,-0.025,-0.065,69.6,6.9,,0.065,88.0,0,0,0.806,0.806,35,28,36,29,1,6,3,2,,2,1.11,0.65,-0.65,40.1,14.055593332842685,-2.1656872356843175,29.950426145933683,31.357652491535315,25.968327322561493
SL,2025-10-10,88.9,-1.91,5.49,"Torkelson, Spencer",679529,669923,,foul,,,,,14,Foul,D,R,R,SEA,DET,S,,,1,1,2025,0.68,-0.21,1.1966250228760553,2.4076565200838713,,,682985,2,1,Top,,,,,,,6.21608082534551,-129.39919760229608,-1.133575723864771,6.519430218273921,24.759153707526757,-34.522711211422425,3.55,1.69,123,69.5,76,89.6,2425,6.5,813054,663728,647304,593871,553993,641487,668227,677594,645302,53.98,,,,,,,,4,3,Slider,0,0,0,0,0,0,0,0,Standard,Standard,37,0.006,-0.073,74.6,8.3,,0.073,88.0,0,0,0.527,0.473,27,25,27,26,1,0,6,2,5,,3.07,-0.68,-0.68,27.6,13.46557343852882,-11.417403538240935,30.894363547380443,49.618134045177385,34.789736618311935
SI,2025-10-10,98.6,-1.27,5.5,"Arozarena, Randy",668227,675512,,ball,,,,,14,Ball,D,R,R,SEA,DET,B,,,0,0,2025,-1.39,0.94,0.2688257659141664,1.059048584372929,,645302,,1,10,Bot,,,,,,,7.478220001441635,-143.21122912840656,-8.873655845596678,-20.81767238448167,33.82473899488518,-17.31119098127077,3.11217972414425,1.50393075906241,,,,99.4,2265,6.9,813054,693307,679529,650402,656716,595879,682985,678009,681481,53.6,,,,,,,,74,1,Sinker,2,2,2,2,2,2,2,2,Standard,Standard,210,0.001,0.028,,,,-0.028,,0,0,0.703,0.703,24,30,25,30,1,4,2,2,,2,1.42,1.39,1.39,35.8,,,,,
SI,2025-10-10,95.6,-2.1,5.86,"Suárez, Eugenio",553993,672456,field_out,hit_into_play,,,,,4,Eugenio Suárez pops out to second baseman Gleyber Torres.,D,R,R,SEA,DET,X,4,popup,3,1,2025,-1.33,1.06,-0.45765138075303824,2.55023161145552,,,,1,11,Bot,126.44,129.67,,,,,7.324612553737985,-138.88656073481292,-5.4454759954222025,-18.9067739174205,33.17700077311484,-17.372569815122105,3.48,1.61,176,86.5,70,95.3,2539,6.4,813054,693307,679529,650402,656716,595879,682985,678009,681481,54.14,0.008,0.008,0,1,0,0,3,83,5,Sinker,2,2,2,2,2,2,2,2,Infield shade,Standard,208,-0.067,-0.419,75.3,7.7,0.009,0.419,88.0,0,0,0.603,0.603,24,33,25,34,1,4,3,2,,2,1.45,1.33,1.33,40.1,17.584729542636342,-8.302029231519501,39.71940614710095,27.03639983905189,34.77184712005792
FF,2025-10-10,99.3,1.53,6.2,"Raleigh, Cal",663728,669373,,foul,,,,,11,Foul,D,R,L,SEA,DET,S,,,3,2,2025,-0.05,1.48,-0.7612992186312165,3.7686398898903612,,,,1,1,Bot,,,,,,,-6.17496923224414,-144.43156794294657,-4.71092993149517,0.7311440403445923,33.49943964021073,-10.600718615648834,3.6,1.69,373,108.7,51,99.7,2294,6.5,813054,693307,679529,650402,656716,595879,682985,678009,681481,53.95,,,,,,,,6,6,4-Seam Fastball,0,0,0,0,0,0,0,0,Standard,Standard,168,0,0,82.2,8.2,,0,108.7,0,0,0.53,0.53,28,28,29,29,1,0,5,2,,2,0.84,-0.05,0.05,52.1,23.36238139414031,-32.16744035084121,27.175069705616526,25.09559164818358,40.88112258717055
FF,2025-10-10,96.8,-0.48,5.92,"Báez, Javier",595879,669302,field_out,hit_into_play,,,,,4,Javier Báez flies out to center fielder Julio Rodríguez.,D,R,R,SEA,DET,X,8,fly_ball,0,0,2025,-0.35,1.45,-0.3814751981528801,2.8818157418109034,,,,2,10,Top,103.25,71.2,,,,,1.0939452909506666,-140.85582228940353,-5.985448249647554,-4.854743683866388,32.38743223817278,-11.754728932139077,3.49,1.65,321,89.2,35,99.2,1985,7.6,813054,663728,647304,593871,553993,641487,668227,677594,645302,52.87,0.02,0.027,0,1,0,0,3,71,1,4-Seam Fastball,2,2,2,2,2,2,2,2,Standard,Standard,206,0.034,-0.26,80.0,8.1,0.045,0.26,89.2,0,0,0.605,0.395,28,32,28,33,1,3,3,2,3,,0.99,0.35,0.35,53.4,9.988671833604785,-7.067399002736499,27.82329028830615,32.339138875382275,31.323426411696225
CH,2025-10-10,88.3,-2.5,4.95,"Keith, Colt",690993,666374,strikeout,swinging_strike,,,,,14,Colt Keith strikes out swinging.,D,L,R,SEA,DET,S,2,,2,2,2025,-0.99,-0.2,0.5112740759237314,1.2987925918825027,,,,0,7,Top,,,,,,,9.423524601078284,-128.31979350165034,-2.4252424770717487,-12.833814747293253,24.578341158443184,-34.088665268037936,3.35,1.59,,,,88.8,1509,6.5,813054,663728,647304,593871,553993,641487,668227,677594,645302,54,,0,0,1,0,0,,44,6,Changeup,1,2,2,1,2,1,2,1,Infield shade,Standard,262,0.02,-0.232,71.5,7.8,,0.232,,-1,1,0.312,0.688,27,23,27,24,1,2,3,2,2,,3.11,0.99,-0.99,25.0,31.75283991686908,-32.24385441136832,37.521539276349685,31.699251653768275,48.08844211433632
SI,2025-10-10,95.4,-2.01,5.67,"Arozarena, Randy",668227,676684,,ball,,,,,11,Ball,D,R,R,SEA,DET,B,,,1,0,2025,-1.16,0.92,-0.9587701136238134,2.79417051497792,,,,1,8,Bot,,,,,,,5.372504276472778,-138.84149937742092,-3.9955916775074787,-16.20344160016611,30.60406185803604,-19.62624307967231,3.45440592394328,1.69945695739946,,,,95.5,2045,6.3,813054,693307,679529,650402,656716,595879,682985,678009,681481,54.21,,,,,,,,59,2,Sinker,2,2,2,2,2,2,2,2,Standard,Standard,216,0.009,0.071,,,,-0.071,,0,0,0.567,0.567,30,30,30,30,1,3,2,2,,2,1.58,1.16,1.16,47.0,,,,,
SL,2025-10-10,83.6,-2.53,5.52,"Torres, Gleyber",650402,662253,,ball,,,,,11,Ball,D,R,R,SEA,DET,B,,,1,0,2025,0.67,-0.03,-1.1813517812841363,2.6460680101083582,,,681481,2,8,Top,,,,,,,1.8173507439788734,-121.78289211446749,-0.17755732197004115,6.328569521433759,22.51622828025923,-32.60763128316116,3.26000143200312,1.60745246724406,,,,84.4,2204,6.6,813054,663728,647304,593871,553993,641487,668227,677594,645302,53.86,,,,,,,,56,2,Slider,2,2,2,2,2,2,2,2,Standard,Standard,70,-0.009,0.048,,,,-0.048,,0,0,0.553,0.44699999999999995,26,28,26,29,1,3,3,2,2,,3.27,-0.67,-0.67,36.0,,,,,
SI,2025-10-10,96.6,-1.99,5.67,"Torres, Gleyber",650402,660825,field_out,hit_into_play,,,,,2,Gleyber Torres flies out to right fielder Victor Robles.,D,R,R,SEA,DET,X,9,fly_ball,1,2,2025,-1.63,0.63,-0.15091919982888058,3.267868568114176,693307,595879,681481,2,12,Top,185.83,116.94,,,,,8.541192119487432,-140.43086183869036,-2.2347735192328617,-23.504903246561817,32.655000862463595,-23.571799849622714,3.26,1.53,253,80.8,35,95.8,2372,5.9,813054,663728,647304,593871,553993,641487,668227,677594,645302,54.57,0.048,0.063,0,1,0,0,3,90,4,Sinker,2,2,2,2,2,2,2,2,Standard,Standard,219,0.125,-0.203,69.7,6.6,0.098,0.203,88.0,0,0,0.514,0.486,29,28,30,29,1,5,2,2,3,,1.83,1.63,1.63,39.2,3.3284050430018337,14.386310027018087,28.371934996755282,33.73165897571076,22.539466310092088
FF,2025-10-10,95.7,-2.54,5.47,"Rodríguez, Julio",677594,656427,,called_strike,,,,,9,Called Strike,D,R,R,SEA,DET,S,,,1,0,2025,-0.61,1.36,0.8195665580594537,1.98474016072612,,,663728,0,13,Bot,,,,,,,10.241907332256966,-138.77933115179664,-6.555703898120867,-10.353625529970945,34.804012699562875,-13.306540337579056,3.28999831109999,1.52940859209379,,,,95.3,2376,6.5,813054,693307,679529,650402,656716,595879,682985,678009,681481,53.98,,,,,,,,99,2,4-Seam Fastball,2,2,2,2,2,2,2,2,Standard,Standard,213,-0.014,-0.048,,,,0.048,,0,0,0.72,0.72,29,24,30,25,1,5,3,2,,2,1.17,0.61,0.61,26.1,,,,,
FF,2025-10-10,95.6,-1.83,5.6,"Polanco, Jorge",593871,640448,,foul,,,,,12,Foul,D,L,R,SEA,DET,S,,,3,1,2025,-0.59,1.31,0.6498424749281358,3.472199367524535,,,,1,7,Bot,,,,,,,7.923948940307204,-139.00190696682665,-2.9505804163723583,-9.439843649827328,30.382149289972062,-14.727542012448312,3.3,1.6,264,81.6,29,96.3,2146,6.7,813054,693307,679529,650402,656716,595879,682985,678009,681481,53.84,,,,,,,,48,5,4-Seam Fastball,1,2,1,2,2,1,1,2,Infield shade,Standard,210,-0.014,-0.087,72.0,6.9,,0.087,88.0,-1,-1,0.338,0.338,33,31,34,32,1,2,2,2,,2,1.18,0.59,-0.59,53.8,20.15080592283862,-22.648037318285272,20.50088093628557,30.285718588406404,32.80213471500519
SL,2025-10-10,85.8,-2.17,4.95,"Torres, Gleyber",650402,622491,,ball,,,,,14,Ball,D,R,R,SEA,DET,B,,,0,1,2025,0.06,0.01,1.8619285598004314,1.3624576433630442,,,,1,15,Top,,,,,,,9.243073617475343,-124.75739674501276,-2.2427485440370907,-1.0913000093304002,23.676096022943327,-31.86169875787672,3.26000134641243,1.57004127121067,,,,84.5,2285,5.4,813054,663728,647304,593871,553993,641487,668227,677594,645302,55.13,,,,,,,,111,2,Slider,2,2,2,2,2,2,2,2,Standard,Standard,19,-0.005,0.029,,,,-0.029,,0,0,0.565,0.43500000000000005,32,28,33,29,1,6,5,2,6,,3.08,-0.06,-0.06,16.5,,,,,
CH,2025-10-10,87.3,-2.24,5.36,"Raleigh, Cal",663728,592454,,ball,,,,,14,Ball,D,L,R,SEA,DET,B,,,0,1,2025,-1.14,0.32,0.4425186597985271,0.9458962706505698,,641487,668227,0,15,Bot,,,,,,,8.831843551236899,-126.87046711933235,-5.178685290636636,-14.038302684841325,23.980437684972557,-27.840334854286024,3.68768528020309,1.76025974511324,,,,88,1339,6.6,813054,693307,679529,650402,656716,595879,682985,678009,681481,53.88,,,,,,,,115,2,Changeup,2,2,2,2,2,2,2,2,Infield shade,Standard,245,0.01,0.028,,,,-0.028,,0,0,0.796,0.796,35,28,36,29,1,6,3,2,,2,2.66,1.14,-1.14,27.2,,,,,
SI,2025-10-10,95.3,-1.95,5.65,"Arozarena, Randy",668227,676684,,ball,,,,,13,Ball,D,R,R,SEA,DET,B,,,0,0,2025,-1.32,0.77,-0.3327438386159136,1.1514401338381817,,,,1,8,Bot,,,,,,,7.248430727510246,-138.53614886369266,-7.980036015566102,-18.635017435353266,29.589909774303536,-20.61109859047413,3.39302573461205,1.66830663434887,,,,95.9,2036,6.6,813054,693307,679529,650402,656716,595879,682985,678009,681481,53.9,,,,,,,,59,1,Sinker,2,2,2,2,2,2,2,2,Standard,Standard,215,0.005,0.039,,,,-0.039,,0,0,0.562,0.562,30,30,30,30,1,3,2,2,,2,1.73,1.32,1.32,51.2,,,,,
SL,2025-10-10,89.1,-2.02,5.51,"Torkelson, Spencer",679529,669923,,called_strike,,,,,2,Called Strike,D,R,R,SEA,DET,S,,,1,0,2025,0.99,-0.19,-0.06359381750613868,3.3639482404677725,,,682985,2,1,Top,,,,,,,2.7270294227101983,-129.69195680288462,1.2090130192629316,10.478878752316605,29.146851021709015,-34.80167141274498,3.55000155944821,1.71853725024813,,,,88.9,1929,6.3,813054,663728,647304,593871,553993,641487,668227,677594,645302,54.18,,,,,,,,4,2,Slider,0,0,0,0,0,0,0,0,Standard,Standard,34,0.003,-0.05,,,,0.05,,0,0,0.524,0.476,27,25,27,26,1,0,6,2,5,,3.08,-0.99,-0.99,27.3,,,,,
SI,2025-10-10,94.5,-2.01,5.79,"Suárez, Eugenio",553993,672456,,ball,,,,,14,Ball,D,R,R,SEA,DET,B,,,2,1,2025,-1.47,1,0.4409258084825123,1.1646606775549329,,,,1,11,Bot,,,,,,,9.62305513476252,-137.0341708797272,-8.496271235794847,-20.680969139096227,32.60681204538828,-17.783692420443042,3.35834887829352,1.56220023568871,,,,93.9,2534,6.3,813054,693307,679529,650402,656716,595879,682985,678009,681481,54.19,,,,,,,,83,4,Sinker,2,2,2,2,2,2,2,2,Standard,Standard,208,0.016,0.121,,,,-0.121,,0,0,0.587,0.587,24,33,25,34,1,4,3,2,,2,1.59,1.47,1.47,39.5,,,,,
FS,2025-10-10,82,-0.79,5.81,"Meadows, Parker",678009,669302,strikeout,swinging_strike,,,,,7,Parker Meadows strikes out swinging.,D,L,R,SEA,DET,S,2,,1,2,2025,-0.6,-0.07,-0.4120127191217495,2.1311443758266084,,,,1,10,Top,,,,,,,2.0581045939421116,-119.38783189826442,-1.5722655532997765,-6.113753216798082,25.597031988188274,-32.785485728829194,3.5,1.71,,,,83.1,687,7.2,813054,663728,647304,593871,553993,641487,668227,677594,645302,53.28,,0,0,1,0,0,,70,4,Split-Finger,2,2,2,2,2,2,2,2,Strategic,Standard,277,0.033,-0.18,71.8,8.4,,0.18,,0,0,0.572,0.42800000000000005,28,25,28,26,1,3,3,2,3,,3.49,0.6,-0.6,45.2,25.124530425830123,-39.021657037494,28.717384305886878,42.25838253972875,60.74608060705779
FF,2025-10-10,98.5,1.57,6.14,"Raleigh, Cal",663728,669373,,foul,,,,,11,Foul,D,R,L,SEA,DET,S,,,3,1,2025,0.03,1.42,-1.0253579425998922,2.795662500710305,,,,1,1,Bot,,,,,,,-7.1240260715344785,-143.1646623319364,-6.919871786680314,2.0503811251419517,34.210278828041666,-11.181911526529257,3.6,1.69,295,97,53,98.7,2337,6.6,813054,693307,679529,650402,656716,595879,682985,678009,681481,53.94,,,,,,,,6,5,4-Seam Fastball,0,0,0,0,0,0,0,0,Standard,Standard,154,-0.006,-0.087,82.9,9.0,,0.087,97.0,0,0,0.536,0.536,28,28,29,29,1,0,5,2,,2,0.94,0.03,-0.03,50.4,25.213160828126295,-24.71466387293174,33.18144548171232,23.163784066116904,44.43786599694777
FF,2025-10-10,100.3,-1.4,5.45,"Crawford, J.P.",641487,675512,field_out,hit_into_play,,,,,14,J.P. Crawford pops out to second baseman Gleyber Torres.,D,L,R,SEA,DET,X,4,popup,2,2,2025,-0.82,1.45,0.9627834744334007,2.3987679582960606,,645302,,0,10,Bot,136.33,139.68,,,,,8.522352190030873,-145.6443652650306,-6.514391709741904,-13.717300368224608,36.43178699921658,-10.19330900999235,3.3,1.54,156,54.5,40,100.7,2396,6.8,813054,693307,679529,650402,656716,595879,682985,678009,681481,53.7,0.167,0.15,0,1,0,0,1,73,7,4-Seam Fastball,2,2,2,2,2,2,2,2,Standard,Standard,219,-0.087,-0.237,74.1,7.4,0.167,0.237,88.0,0,0,0.79,0.79,24,30,25,30,1,3,2,2,,2,0.84,0.82,-0.82,32.6,4.305466994150149,-7.5199706411347655,37.95371728066148,26.216712418255106,34.257245011169964
SL,2025-10-10,85.1,-2.34,5.04,"Keith, Colt",690993,666374,,foul,,,,,5,Foul,D,L,R,SEA,DET,S,,,2,2,2025,0.65,0,0.0553654289555926,2.556845465848852,,,,0,7,Top,,,,,,,4.352724863401118,-124.00776468500014,0.4316485365291747,5.920851710672298,22.54957771971493,-32.4492951964291,3.35,1.59,7,73.7,-21,86,2625,6.6,813054,663728,647304,593871,553993,641487,668227,677594,645302,53.93,,,,,,,,44,5,Slider,1,2,2,1,2,1,2,1,Infield shade,Standard,55,0,0,69.2,7.7,,0,88.0,-1,1,0.312,0.688,27,23,27,24,1,2,3,2,2,,3.12,-0.65,0.65,27.1,28.59841889830303,-25.93044050860723,31.32800657033039,37.81816308701207,46.31131137653615
SL,2025-10-10,83.2,-2.61,5.46,"Torres, Gleyber",650402,662253,,ball,,,,,11,Ball,D,R,R,SEA,DET,B,,,0,0,2025,0.46,-0.14,-1.532095486611734,2.473570809379367,,,681481,2,8,Top,,,,,,,1.5741306543801197,-121.29130227209279,-0.20472476695594244,4.3058318795544075,21.802461113806395,-33.689142346587424,3.2600007511829,1.53000123174869,,,,84,2128,6.6,813054,663728,647304,593871,553993,641487,668227,677594,645302,53.95,,,,,,,,56,1,Slider,2,2,2,2,2,2,2,2,Standard,Standard,66,-0.004,0.035,,,,-0.035,,0,0,0.557,0.44299999999999995,26,28,26,29,1,3,3,2,2,,3.4,-0.46,-0.46,33.3,,,,,
SI,2025-10-10,95.3,-1.95,5.61,"Torres, Gleyber",650402,660825,,foul,,,,,2,Foul,D,R,R,SEA,DET,S,,,1,1,2025,-1.48,0.89,0.03317341271703045,2.949596628917554,693307,595879,681481,2,12,Top,,,,,,,8.468670020347764,-138.51305623344365,-3.292386251291223,-20.939982436950476,32.822577622964914,-20.145772749561004,3.26,1.53,256,76,38,94.4,2304,6,813054,663728,647304,593871,553993,641487,668227,677594,645302,54.52,,,,,,,,90,3,Sinker,2,2,2,2,2,2,2,2,Standard,Standard,217,0.044,-0.05,72.1,6.6,,0.05,88.0,0,0,0.47,0.53,29,28,30,29,1,5,2,2,3,,1.63,1.48,1.48,39.2,-1.3150875820467867,21.224688966474968,29.528571875821246,36.78667345987267,22.51817490230504
FF,2025-10-10,95.5,-2.65,5.4,"Rodríguez, Julio",677594,656427,,ball,,,,,9,Ball,D,R,R,SEA,DET,B,,,0,0,2025,-0.51,1.37,0.3598889634289537,1.4926548281544567,,,663728,0,13,Bot,,,,,,,9.095699288038542,-138.5934035287414,-7.699115694317937,-8.696544628581494,33.55662610993073,-12.937045298969023,3.35075062100458,1.56141870073227,,,,95.4,2443,6.6,813054,693307,679529,650402,656716,595879,682985,678009,681481,53.94,,,,,,,,99,1,4-Seam Fastball,2,2,2,2,2,2,2,2,Standard,Standard,213,0.01,0.04,,,,-0.04,,0,0,0.71,0.71,29,24,30,25,1,5,3,2,,2,1.16,0.51,0.51,27.7,,,,,
FS,2025-10-10,88.4,-1.95,5.53,"Polanco, Jorge",593871,640448,,ball,,,,,14,Ball,D,L,R,SEA,DET,B,,,2,1,2025,-0.72,0.2,1.5244615295591424,0.766040009235319,,,,1,7,Bot,,,,,,,10.030319484122288,-128.34130243866366,-5.995571338583245,-9.9669883521217,25.259288295489085,-28.919649492142696,3.22108397635939,1.54066668846192,,,,89.1,1197,6.8,813054,693307,679529,650402,656716,595879,682985,678009,681481,53.74,,,,,,,,48,4,Split-Finger,1,2,1,2,2,1,1,2,Standard,Standard,228,0.017,0.121,,,,-0.121,,-1,-1,0.321,0.321,33,31,34,32,1,2,2,2,,2,2.72,0.72,-0.72,52.7,,,,,
FF,2025-10-10,95.3,-2.15,5.27,"Torres, Gleyber",650402,622491,,swinging_strike,,,,,3,Swinging Strike,D,R,R,SEA,DET,S,,,0,0,2025,-0.96,1.09,0.31706131720350683,3.312021951817406,,,,1,15,Top,,,,,,,8.477789696036163,-138.4519535922403,-1.8478618727759928,-14.366457772621333,34.49182522492388,-18.001298348110037,3.26,1.53,,,,93.1,2281,5.4,813054,663728,647304,593871,553993,641487,668227,677594,645302,55.14,,,,,,,,111,1,4-Seam Fastball,2,2,2,2,2,2,2,2,Standard,Standard,237,0.007,-0.039,66.1,6.3,,0.039,,0,0,0.558,0.44199999999999995,32,28,33,29,1,6,5,2,6,,1.45,0.96,0.96,20.1,2.4999388984084994,29.950306466411345,33.797917409908706,40.406791425671514,13.610635029026316
FF,2025-10-10,93.7,-1.73,5.85,"Raleigh, Cal",663728,592454,,called_strike,,,,,5,Called Strike,D,L,R,SEA,DET,S,,,0,0,2025,-0.58,1.51,-0.22482564698354646,2.3729036677603457,,641487,668227,0,15,Bot,,,,,,,5.186118469509912,-136.33605782840021,-6.635021236530807,-8.358885017031927,29.22969372955206,-12.05251177084201,3.59999988523617,1.6292062989419,,,,94.3,2193,6.6,813054,693307,679529,650402,656716,595879,682985,678009,681481,53.92,,,,,,,,115,1,4-Seam Fastball,2,2,2,2,2,2,2,2,Infield shade,Standard,206,-0.015,-0.053,,,,0.053,,0,0,0.811,0.811,35,28,36,29,1,6,3,2,,2,1.08,0.58,-0.58,44.6,,,,,
FF,2025-10-10,99.4,-1.24,5.43,"Crawford, J.P.",641487,675512,,foul,,,,,9,Foul,D,L,R,SEA,DET,S,,,2,2,2025,-0.9,1.19,0.32887265401745636,1.8857052669789554,,645302,,0,10,Bot,,,,,,,6.469452658907307,-144.5712330424571,-7.161245923383108,-14.078245843606833,32.30319053967178,-14.019069477995085,3.3,1.54,189,79.7,60,100.5,2274,6.8,813054,693307,679529,650402,656716,595879,682985,678009,681481,53.69,,,,,,,,73,6,4-Seam Fastball,2,2,2,2,2,2,2,2,Standard,Standard,220,0,0,73.7,7.6,,0,88.0,0,0,0.79,0.79,24,30,25,30,1,3,2,2,,2,1.11,0.9,-0.9,33.6,1.5346861584883043,-10.24430771920306,41.36620381830505,32.8940563531672,37.878455589369025
SL,2025-10-10,83.4,-2.95,5.27,"Carpenter, Kerry",681481,662253,walk,blocked_ball,,,,,13,Kerry Carpenter walks.,D,L,R,SEA,DET,B,,,3,2,2025,0.74,-0.05,-0.2603525364067468,0.25997232542329884,,,,2,8,Top,,,,,,,4.779379559326118,-121.45852594563719,-5.045543300362605,6.443467215497731,22.79193094841246,-31.947558115582737,3.34454232387142,1.58612308126621,,,,84.3,2263,6.7,813054,663728,647304,593871,553993,641487,668227,677594,645302,53.78,,0.691497,0.7,1,0,0,,55,7,Slider,2,2,2,2,2,2,2,2,Infield shade,Standard,70,-0.021,0.259,,,,-0.259,,0,0,0.578,0.42200000000000004,26,27,26,28,1,3,3,2,2,,3.31,-0.74,0.74,29.1,,,,,
SI,2025-10-10,96.5,-1.88,5.81,"Suárez, Eugenio",553993,672456,,ball,,,,,12,Ball,D,R,R,SEA,DET,B,,,1,1,2025,-1.24,1.21,1.7999731038216387,2.812508851577742,,,,1,11,Bot,,,,,,,12.613581536619183,-139.955194758637,-5.152105995262027,-19.192659861884074,31.413448562033047,-15.194985679185194,3.42910018443575,1.57216937698868,,,,96.5,2470,6.5,813054,693307,679529,650402,656716,595879,682985,678009,681481,54.01,,,,,,,,83,3,Sinker,2,2,2,2,2,2,2,2,Standard,Standard,209,0.007,0.055,,,,-0.055,,0,0,0.58,0.58,24,33,25,34,1,4,3,2,,2,1.25,1.24,1.24,43.9,,,,,
SL,2025-10-10,86.6,-2.34,4.95,"Keith, Colt",690993,666374,,ball,,,,,14,Ball,D,L,R,SEA,DET,B,,,1,2,2025,0.88,0.06,1.2862072198662617,0.3310147666097354,,,,0,7,Top,,,,,,,6.888946304312377,-126.0265357476549,-5.012301139670278,8.162591151917622,23.83723331029023,-30.736156835205357,3.26494371495259,1.59000115574156,,,,87.3,2657,6.6,813054,663728,647304,593871,553993,641487,668227,677594,645302,53.9,,,,,,,,44,4,Slider,1,2,2,1,2,1,2,1,Infield shade,Standard,46,-0.003,0.043,,,,-0.043,,-1,1,0.315,0.685,27,23,27,24,1,2,3,2,2,,2.96,-0.88,0.88,27.0,,,,,
FF,2025-10-10,95.9,-1.87,5.66,"Crawford, J.P.",641487,676684,field_out,hit_into_play,,,,,9,J.P. Crawford flies out to shortstop Javier Báez.,D,L,R,SEA,DET,X,6,fly_ball,3,2,2025,-0.59,1.33,0.2828871003567358,2.009028283317522,,,,0,8,Bot,118.84,124.76,,,,,7.034134141109943,-139.3130192818948,-7.020667239566677,-9.340327178189039,31.86057812287481,-13.473963674486503,3.3,1.54,190,62.8,31,95.9,2150,6.4,813054,693307,679529,650402,656716,595879,682985,678009,681481,54.09,0.701,0.631,0,1,0,0,4,58,7,4-Seam Fastball,2,2,2,2,2,2,2,2,Infield shade,Standard,213,-0.055,-0.345,76.2,7.5,0.741,0.345,88.0,0,0,0.617,0.617,30,30,30,30,1,2,2,2,,2,1.16,0.59,-0.59,52.6,0.7949489478872599,-4.589767677278044,39.446880387419455,33.696984572833884,30.99220149870202
FF,2025-10-10,97.7,1.53,6.2,"Raleigh, Cal",663728,669373,,called_strike,,,,,2,Called Strike,D,R,L,SEA,DET,S,,,3,0,2025,-0.09,1.49,-0.14071566232493588,3.417489905637183,,,,1,1,Bot,,,,,,,-4.3218500814128475,-142.18051745499562,-5.409995850022391,-0.1079979463472222,34.61270530845938,-11.01193806799641,3.57508138223274,1.74524095293754,,,,98,2242,6.6,813054,693307,679529,650402,656716,595879,682985,678009,681481,53.9,,,,,,,,6,4,4-Seam Fastball,0,0,0,0,0,0,0,0,Standard,Standard,160,-0.005,-0.088,,,,0.088,,0,0,0.541,0.541,28,28,29,29,1,0,5,2,,2,0.91,-0.09,0.09,52.3,,,,,
FS,2025-10-10,81.5,-0.87,5.76,"Meadows, Parker",678009,669302,,foul,,,,,9,Foul,D,L,R,SEA,DET,S,,,1,1,2025,0.23,-0.55,0.49122444117238584,1.6578124847520286,,,,1,10,Top,,,,,,,2.665749162865362,-118.75023089680164,-1.6185965405311276,1.7248843337466122,22.078734638688072,-37.27443132426248,3.5,1.71,2,40.4,-41,83.3,650,7.4,813054,663728,647304,593871,553993,641487,668227,677594,645302,53.14,,,,,,,,70,3,Split-Finger,2,2,2,2,2,2,2,2,Standard,Standard,301,0.012,-0.064,69.5,7.9,,0.064,88.0,0,0,0.56,0.43999999999999995,28,25,28,26,1,3,3,2,3,,3.96,-0.23,0.23,40.3,21.594071338633402,-26.469730036502543,38.96310065281693,32.987022942895855,52.91978542101603
SI,2025-10-10,97.6,-1.76,5.51,"Torkelson, Spencer",679529,669923,,ball,,,,,14,Ball,D,R,R,SEA,DET,B,,,0,0,2025,-1.46,0.78,1.2475581563183946,2.460625799549231,,,682985,2,1,Top,,,,,,,11.477765610895558,-141.72863298238914,-4.541334037871167,-22.19750987014365,29.550455342650988,-20.707353117575632,3.54999805460712,1.68999997013179,,,,98.3,2249,6.6,813054,663728,647304,593871,553993,641487,668227,677594,645302,53.91,,,,,,,,4,1,Sinker,0,0,0,0,0,0,0,0,Standard,Standard,225,-0.002,0.035,,,,-0.035,,0,0,0.526,0.474,27,25,27,26,1,0,6,2,5,,1.6,1.46,1.46,24.8,,,,,
SI,2025-10-10,96.6,-1.73,5.68,"Torres, Gleyber",650402,660825,,ball,,,,,12,Ball,D,R,R,SEA,DET,B,,,0,1,2025,-1.44,0.88,1.0008954458245842,2.5451168973156317,693307,595879,681481,2,12,Top,,,,,,,10.440774270097359,-140.2622174234198,-4.697726891563067,-21.396747324308663,32.91434517063875,-19.66718473438311,3.26229016179938,1.5788935933489,,,,95.5,2369,5.9,813054,663728,647304,593871,553993,641487,668227,677594,645302,54.63,,,,,,,,90,2,Sinker,2,2,2,2,2,2,2,2,Standard,Standard,214,-0.018,0.031,,,,-0.031,,0,0,0.488,0.512,29,28,30,29,1,5,2,2,3,,1.58,1.44,1.44,42.8,,,,,
FF,2025-10-10,95.6,-2.5,5.43,"Raleigh, Cal",663728,656427,walk,ball,,,,,11,Cal Raleigh walks.,D,L,R,SEA,DET,B,,,3,2,2025,-0.46,1.3,-0.6954435542006139,4.409506004625962,,,,0,13,Bot,,,,,,,5.793093303723866,-139.05403734831,0.043611091436487004,-7.3762291619632006,34.21228706145269,-15.650102331791512,3.4985918761759,1.63651391128609,,,,95.3,2373,6.4,813054,693307,679529,650402,656716,595879,682985,678009,681481,54.11,,0.691497,0.7,1,0,0,,98,6,4-Seam Fastball,2,2,2,2,2,2,2,2,Infield shade,Standard,214,0.06,0.356,,,,-0.356,,0,0,0.65,0.65,29,28,30,29,1,5,3,2,,2,1.21,0.46,-0.46,29.1,,,,,
FF,2025-10-10,97,-1.57,5.59,"Polanco, Jorge",593871,640448,,ball,,,,,14,Ball,D,L,R,SEA,DET,B,,,1,1,2025,-0.91,1.37,0.6245698160512106,0.8423780344138874,,,,1,7,Bot,,,,,,,7.987524727726255,-140.78411548093328,-10.342544603194089,-13.84937127166573,31.200844967557856,-11.759512997025825,3.20529921785689,1.49455259995555,,,,97.6,2286,6.7,813054,693307,679529,650402,656716,595879,682985,678009,681481,53.8,,,,,,,,48,3,4-Seam Fastball,1,2,1,2,2,1,1,2,Standard,Standard,208,0.007,0.055,,,,-0.055,,-1,-1,0.314,0.314,33,31,34,32,1,2,2,2,,2,1.06,0.91,-0.91,53.8,,,,,
CH,2025-10-10,84.7,-2.17,5.47,"Arozarena, Randy",668227,592454,hit_by_pitch,hit_by_pitch,,,,,11,Randy Arozarena hit by pitch. J.P. Crawford to 2nd.,D,R,R,SEA,DET,B,,,0,0,2025,-0.96,0.03,-1.3699319769680536,3.4327091939107492,,,641487,0,15,Bot,,,,,,,3.800534190783206,-123.23612680695226,1.5866547477395494,-10.575873579164389,26.175771330438643,-32.47041058087466,3.43,1.69,,,,84.8,1101,6.5,813054,693307,679529,650402,656716,595879,682985,678009,681481,53.98,,0.722289,0.7,1,0,0,,114,1,Changeup,2,2,2,2,2,2,2,2,Standard,Standard,255,0.101,0.416,,,,-0.416,,0,0,0.71,0.71,35,30,36,30,1,6,3,2,,2,3.17,0.96,0.96,31.4,,,,,
FF,2025-10-10,96.7,-1.89,5.63,"Greene, Riley",682985,669923,force_out,hit_into_play,,,,,2,"Riley Greene grounds into a force out, second baseman Jorge Polanco to shortstop J.P. Crawford. Kerry Carpenter out at 2nd. Riley Greene to 1st.",D,L,R,SEA,DET,X,4,ground_ball,0,0,2025,-0.89,1.04,0.2640281772963684,3.3620346323819454,,,681481,1,1,Top,146.23,162.99,,,,,7.810229166340258,-140.62260589007934,-2.878606684652786,-13.559183529343587,31.156508632807856,-17.952762516559883,3.63,1.72,32,66.4,-2,97.2,2196,6.5,813054,663728,647304,593871,553993,641487,668227,677594,645302,53.95,0.069,0.066,0,1,0,0,2,3,1,4-Seam Fastball,0,0,0,0,0,0,0,0,Infield shade,Standard,227,0.028,-0.318,63.8,6.2,0.07,0.318,88.0,0,0,0.498,0.502,27,24,27,25,1,0,6,2,5,,1.4,0.89,-0.89,29.2,-0.8210516966456819,9.226473780953025,41.74334398458015,29.11150923137176,23.124420620953835
SI,2025-10-10,96,-2.06,5.78,"Suárez, Eugenio",553993,672456,,ball,,,,,13,Ball,D,R,R,SEA,DET,B,,,0,1,2025,-1.24,1.2,-0.8373451205926714,1.4169958764553159,,,,1,11,Bot,,,,,,,6.0841546062204195,-139.47051178253668,-8.684821597218665,-17.600952190125696,32.09674683611575,-14.65415418213839,3.45641202836586,1.53897970959304,,,,96.2,2480,6.6,813054,693307,679529,650402,656716,595879,682985,678009,681481,53.95,,,,,,,,83,2,Sinker,2,2,2,2,2,2,2,2,Standard,Standard,209,0.005,0.029,,,,-0.029,,0,0,0.575,0.575,24,33,25,34,1,4,3,2,,2,1.28,1.24,1.24,43.2,,,,,
FF,2025-10-10,99,-1.46,5.46,"Crawford, J.P.",641487,675512,,foul,,,,,12,Foul,D,L,R,SEA,DET,S,,,2,2,2025,-0.7,1.41,0.5756707738070501,3.8342949966749367,,645302,,0,10,Bot,,,,,,,7.256319942362134,-143.98738128278893,-2.2834699890795784,-11.534437139302035,35.38132037962835,-12.2744595988257,3.3,1.54,176,67.5,58,99.5,2343,6.7,813054,693307,679529,650402,656716,595879,682985,678009,681481,53.77,,,,,,,,73,5,4-Seam Fastball,2,2,2,2,2,2,2,2,Standard,Standard,216,0,0,58.0,5.6,,0,88.0,0,0,0.79,0.79,24,30,25,30,1,3,2,2,,2,0.93,0.7,-0.7,31.6,-1.6953958891348757,8.021111794534123,26.718783267299077,30.408587429822926,27.487996294990744
FF,2025-10-10,94.9,-2.25,5.06,"Carpenter, Kerry",681481,622491,strikeout,swinging_strike,,,,,12,Kerry Carpenter strikes out swinging.,D,L,R,SEA,DET,S,2,,1,2,2025,-0.98,1.08,0.07235108982217031,4.3226546999471465,,,,0,15,Top,,,,,,,8.057938274806371,-137.8634804479268,1.354394786964286,-14.307551672378333,33.16575248352577,-19.104400936268565,3.39,1.62,,,,92.5,2223,5.2,813054,663728,647304,593871,553993,641487,668227,677594,645302,55.34,,0,0,1,0,0,,110,4,4-Seam Fastball,2,2,2,2,2,2,2,2,Infield shade,Standard,247,0.041,-0.189,66.6,5.6,,0.189,,0,0,0.517,0.483,32,27,33,28,1,6,5,2,6,,1.48,0.98,-0.98,15.3,9.961282915844679,21.878349312333356,23.110531503736837,37.69509160880601,12.518633818327666
FF,2025-10-10,95.9,-2.01,5.65,"Crawford, J.P.",641487,676684,,foul,,,,,6,Foul,D,L,R,SEA,DET,S,,,3,2,2025,-0.53,1.39,0.4356046568859594,2.109382524814676,,,,0,8,Bot,,,,,,,7.656575436611345,-139.37209101930486,-6.897645105510502,-8.591263811018141,31.3245954999485,-12.658555388932033,3.3,1.54,147,61.8,61,95.9,2300,6.4,813054,693307,679529,650402,656716,595879,682985,678009,681481,54.13,,,,,,,,58,6,4-Seam Fastball,2,2,2,2,2,2,2,2,Infield shade,Standard,214,0,0,,,,0,88.0,0,0,0.617,0.617,30,30,30,30,1,2,2,2,,2,1.09,0.53,-0.53,49.9,,,,,
FF,2025-10-10,98.9,1.54,6.25,"Raleigh, Cal",663728,669373,,ball,,,,,12,Ball,D,R,L,SEA,DET,B,,,2,0,2025,-0.03,1.45,0.5230969443158415,4.5201029308462335,,,,1,1,Bot,,,,,,,-2.7237400965854857,-143.94990337149258,-2.6430003839841807,0.29567318858620384,36.30383462327361,-11.73933063142103,3.45959926124789,1.7480390847378,,,,99,2341,6.5,813054,693307,679529,650402,656716,595879,682985,678009,681481,53.97,,,,,,,,6,3,4-Seam Fastball,0,0,0,0,0,0,0,0,Standard,Standard,159,0.008,0.143,,,,-0.143,,0,0,0.533,0.533,28,28,29,29,1,0,5,2,,2,0.9,-0.03,0.03,51.0,,,,,
SL,2025-10-10,87.8,-0.8,5.88,"Meadows, Parker",678009,669302,,foul,,,,,8,Foul,D,L,R,SEA,DET,S,,,1,0,2025,0.08,0.09,-0.21271212934091802,2.2537900363467394,,,,1,10,Top,,,,,,,1.2861171485076308,-127.87765881578451,-2.910408998177243,0.6576930767695484,26.69547756013067,-30.747347867982775,3.5,1.71,,,,89.8,1874,7.5,813054,663728,647304,593871,553993,641487,668227,677594,645302,52.99,,,,,,,,70,2,Slider,2,2,2,2,2,2,2,2,Standard,Standard,58,0.008,-0.049,68.5,7.6,,0.049,,0,0,0.552,0.44799999999999995,28,25,28,26,1,3,3,2,3,,2.86,-0.08,0.08,48.4,7.672255367903839,-4.336338559381092,33.09009891707359,41.454253048179865,30.02757504489924
CH,2025-10-10,88.3,-2.55,4.93,"Keith, Colt",690993,666374,,foul,,,,,4,Foul,D,L,R,SEA,DET,S,,,1,1,2025,-1.39,-0.22,-0.5052905270591064,2.3325198383222157,,,,0,7,Top,,,,,,,7.898530858477318,-128.44366255019148,0.21567495797384661,-17.050050510151497,26.185102969291194,-34.8393966061476,3.35,1.59,3,67.6,-39,88.6,1859,6.5,813054,663728,647304,593871,553993,641487,668227,677594,645302,54.04,,,,,,,,44,3,Changeup,1,2,2,1,2,1,2,1,Standard,Standard,256,0.006,-0.061,67.2,7.3,,0.061,88.0,-1,1,0.309,0.6910000000000001,27,23,27,24,1,2,3,2,2,,3.14,1.39,-1.39,23.1,24.54431806525654,-12.272984981573531,24.90959960176921,42.87948347612667,37.75067547081977
SL,2025-10-10,84.3,-2.82,5.35,"Carpenter, Kerry",681481,662253,,foul,,,,,8,Foul,D,L,R,SEA,DET,S,,,3,2,2025,0.65,-0.05,-0.22075073233411568,1.7011708385034914,,,,2,8,Top,,,,,,,4.787813334483599,-122.78498136479298,-2.0683354000922494,5.710657519002831,22.760680262310185,-32.52973159294439,3.39,1.62,3,61.6,-28,85.1,2243,6.6,813054,663728,647304,593871,553993,641487,668227,677594,645302,53.88,,,,,,,,55,6,Slider,2,2,2,2,2,2,2,2,Infield shade,Standard,72,0,0,77.2,8.6,,0,88.0,0,0,0.578,0.42200000000000004,26,27,26,28,1,3,3,2,2,,3.24,-0.65,0.65,31.0,30.22445150643504,-10.89708473399745,43.2771176132826,42.242802045154946,34.514943076159696
ST,2025-10-10,83.2,-2.29,5.66,"Torres, Gleyber",650402,660825,,called_strike,,,,,4,Called Strike,D,R,R,SEA,DET,S,,,0,0,2025,1.27,-0.41,-0.4027594888539734,2.3635501946112645,693307,595879,681481,2,12,Top,,,,,,,1.8142257107126514,-121.08319467458932,-0.23147676557863917,11.92532650411797,26.865213623685516,-36.3880912610592,3.25999970972069,1.56890963765298,,,,81.8,2487,5.6,813054,663728,647304,593871,553993,641487,668227,677594,645302,54.88,,,,,,,,90,1,Sweeper,2,2,2,2,2,2,2,2,Standard,Standard,53,0.027,-0.035,,,,0.035,,0,0,0.461,0.5389999999999999,29,28,30,29,1,5,2,2,3,,3.74,-1.27,-1.27,43.8,,,,,
KC,2025-10-10,81.5,-2.57,5.22,"Raleigh, Cal",663728,656427,,swinging_strike,,,,,13,Swinging Strike,D,L,R,SEA,DET,S,,,3,1,2025,0.99,-0.9,-0.25130236803453787,1.3899536284711012,,,,0,13,Bot,,,,,,,3.3134174810705788,-118.56767240923816,-0.2034450214837873,8.584169124984092,25.275399814212346,-40.78966564409427,3.6,1.69,,,,81.3,2472,6.4,813054,693307,679529,650402,656716,595879,682985,678009,681481,54.07,,,,,,,,98,5,Knuckle Curve,2,2,2,2,2,2,2,2,Infield shade,Standard,55,-0.017,-0.094,82.1,9.1,,0.094,,0,0,0.667,0.667,29,28,30,29,1,5,3,2,,2,4.37,-0.99,0.99,23.8,32.096549232809814,-23.007234701265723,44.08770409176222,34.926602437193175,46.93410649790913
FF,2025-10-10,96.3,-1.66,5.67,"Polanco, Jorge",593871,640448,,called_strike,,,,,1,Called Strike,D,L,R,SEA,DET,S,,,1,0,2025,-0.66,1.44,-0.3297197943748593,2.914416401159724,,,,1,7,Bot,,,,,,,5.067400639183117,-140.15508650645378,-5.060181149532592,-9.891806851674902,30.751120790636364,-12.215206429021595,3.1924687597212,1.6007391572917,,,,97,2231,6.6,813054,693307,679529,650402,656716,595879,682985,678009,681481,53.91,,,,,,,,48,2,4-Seam Fastball,1,2,1,2,2,1,1,2,Infield shade,Standard,210,-0.007,-0.049,,,,0.049,,-1,-1,0.321,0.321,33,31,34,32,1,2,2,2,,2,1.01,0.66,-0.66,51.3,,,,,
FF,2025-10-10,94.6,-2.28,5.05,"Carpenter, Kerry",681481,622491,,ball,,,,,11,Ball,D,L,R,SEA,DET,B,,,0,2,2025,-0.98,1.06,-1.2015611358910725,4.841476707776932,,,,0,15,Top,,,,,,,4.881117493921712,-137.63275018036907,2.7272241755828945,-13.577444549468563,32.633792306911445,-19.650516763654238,3.47770758395714,1.70189792642798,,,,92.4,2248,5.2,813054,663728,647304,593871,553993,641487,668227,677594,645302,55.34,,,,,,,,110,3,4-Seam Fastball,2,2,2,2,2,2,2,2,Infield shade,Standard,236,-0.006,0.024,,,,-0.024,,0,0,0.523,0.477,32,27,33,28,1,6,5,2,6,,1.5,0.98,-0.98,15.0,,,,,
CH,2025-10-10,88.8,-2.02,5.44,"Crawford, J.P.",641487,592454,single,hit_into_play,,,,,13,J.P. Crawford singles on a line drive to right fielder Kerry Carpenter.,D,L,R,SEA,DET,X,9,line_drive,2,2,2025,-1.22,0.21,-0.5688974276509287,1.3938893544200854,,,,0,15,Bot,156.03,91.32,,,,,6.127708689218836,-129.09092203382977,-4.305189767589019,-14.91409634224396,27.07481019652836,-29.12549939004968,3.3,1.54,246,91.3,13,89.1,1407,6.6,813054,693307,679529,650402,656716,595879,682985,678009,681481,53.94,0.937,0.901,0.9,1,1,0,4,113,5,Changeup,2,2,2,2,2,2,2,2,Infield shade,Standard,247,0.08,0.465,72.9,8.2,1.093,-0.465,91.3,0,0,0.63,0.63,35,30,36,30,1,5,3,2,,2,2.69,1.22,-1.22,31.5,12.956955560317617,-5.262825530924547,38.291523158346656,43.10276096383515,39.73167001082696
SI,2025-10-10,95.5,-2.15,5.83,"Suárez, Eugenio",553993,672456,,swinging_strike,,,,,8,Swinging Strike,D,R,R,SEA,DET,S,,,0,0,2025,-1.39,1.09,0.2648608669126291,1.7974391700169279,,,,1,11,Bot,,,,,,,9.47898208522613,-138.61791303097817,-7.411152386676004,-20.024371710225942,32.547834481979514,-16.51600760579129,3.48,1.61,,,,95.3,2540,6.4,813054,693307,679529,650402,656716,595879,682985,678009,681481,54.08,,,,,,,,83,1,Sinker,2,2,2,2,2,2,2,2,Standard,Standard,211,-0.007,-0.039,74.9,8.5,,0.039,,0,0,0.582,0.582,24,33,25,34,1,4,3,2,,2,1.43,1.39,1.39,40.4,24.923899678071095,-15.091880378131357,38.573632768641794,35.77005641305896,36.09827312894486
FF,2025-10-10,95.4,-1.85,5.76,"Crawford, J.P.",641487,676684,,called_strike,,,,,8,Called Strike,D,L,R,SEA,DET,S,,,3,1,2025,-0.39,1.4,-0.2711579811875505,1.6497228298916533,,,,0,8,Bot,,,,,,,5.040785833350652,-138.65620376075702,-8.308303010844622,-6.170549054000975,30.45664017166437,-12.45298580377006,3.26387843929672,1.53999787360266,,,,95.4,2157,6.3,813054,693307,679529,650402,656716,595879,682985,678009,681481,54.19,,,,,,,,58,5,4-Seam Fastball,2,2,2,2,2,2,2,2,Standard,Standard,213,-0.016,-0.094,,,,0.094,,0,0,0.633,0.633,30,30,30,30,1,2,2,2,,2,1.11,0.39,-0.39,52.2,,,,,
SL,2025-10-10,89.9,-1.96,5.53,"Torres, Gleyber",650402,669923,strikeout,called_strike,,,,,12,Gleyber Torres called out on strikes.,D,R,R,SEA,DET,S,2,,0,2,2025,0.57,-0.21,0.8327983956412885,3.2962595574522875,,,681481,0,1,Top,,,,,,,5.738180620684304,-130.84019784679867,0.8880146509898728,5.331504376470891,28.07554031732179,-34.95643975393188,3.28700690401365,1.47014897957609,,,,90.2,1952,6.5,813054,663728,647304,593871,553993,641487,668227,677594,645302,54.02,,0,0,1,0,0,,2,3,Slider,0,0,0,0,0,0,0,0,Standard,Standard,19,0.02,-0.148,,,,0.148,,0,0,0.478,0.522,27,28,27,29,1,0,6,2,5,,3.03,-0.57,-0.57,27.4,,,,,
FF,2025-10-10,98.1,1.93,6.1,"Raleigh, Cal",663728,669373,,ball,,,,,12,Ball,D,R,L,SEA,DET,B,,,1,0,2025,0.06,1.42,0.5516941806910163,4.193583241745949,,,,1,1,Bot,,,,,,,-3.888317784104249,-142.8188917980235,-2.955358970163349,1.790206976565319,34.14925368457688,-12.34668318509769,3.44554082163512,1.73380229050144,,,,98.4,2311,6.5,813054,693307,679529,650402,656716,595879,682985,678009,681481,54,,,,,,,,6,2,4-Seam Fastball,0,0,0,0,0,0,0,0,Standard,Standard,154,0.004,0.071,,,,-0.071,,0,0,0.529,0.529,28,28,29,29,1,0,5,2,,2,0.96,0.06,-0.06,51.2,,,,,
SL,2025-10-10,86.1,-0.9,5.94,"Meadows, Parker",678009,669302,,ball,,,,,11,Ball,D,L,R,SEA,DET,B,,,0,0,2025,0.1,0.01,-0.18882891893292159,3.708299485525614,,,,1,10,Top,,,,,,,1.5009891946466194,-125.4361788258871,0.9319136916161537,0.7854237238624036,25.19779977604333,-32.43171300019322,3.54868422450765,1.70999834076591,,,,88,1933,7.4,813054,663728,647304,593871,553993,641487,668227,677594,645302,53.13,,,,,,,,70,1,Slider,2,2,2,2,2,2,2,2,Standard,Standard,53,-0.006,0.039,,,,-0.039,,0,0,0.558,0.44199999999999995,28,25,28,26,1,3,3,2,3,,3.05,-0.1,0.1,46.2,,,,,
CH,2025-10-10,88.9,-2.58,4.98,"Keith, Colt",690993,666374,,ball,,,,,13,Ball,D,L,R,SEA,DET,B,,,0,1,2025,-1.28,-0.53,-0.2447722202277045,0.40063476256796093,,,,0,7,Top,,,,,,,8.399720611594068,-129.1468234254478,-4.053404108210002,-16.065390476687025,27.544076250367755,-37.384890839446996,3.29344181658812,1.6738649597938,,,,88.8,1786,6.4,813054,663728,647304,593871,553993,641487,668227,677594,645302,54.11,,,,,,,,44,2,Changeup,1,2,2,1,2,1,2,1,Standard,Standard,257,-0.003,0.031,,,,-0.031,,-1,1,0.312,0.688,27,23,27,24,1,2,3,2,2,,3.43,1.28,-1.28,24.3,,,,,
FF,2025-10-10,97.7,-1.5,5.41,"Crawford, J.P.",641487,675512,,swinging_strike,,,,,12,Swinging Strike,D,L,R,SEA,DET,S,,,2,1,2025,-0.63,1.43,0.9668987766757371,2.946397868761293,,645302,,0,10,Bot,,,,,,,8.181624247102857,-142.09755138725288,-4.471758238264646,-10.418736699153937,32.75633846012394,-11.98062971375113,3.3,1.54,,,,98.7,2303,6.9,813054,693307,679529,650402,656716,595879,682985,678009,681481,53.62,,,,,,,,73,4,4-Seam Fastball,2,2,2,2,2,2,2,2,Strategic,Standard,213,-0.016,-0.081,74.5,7.0,,0.081,,0,0,0.806,0.806,24,30,25,30,1,3,2,2,,2,0.96,0.63,-0.63,37.5,6.8960123481129365,-7.643030299074839,33.813381794603664,25.494259141078764,34.59827482448888
SL,2025-10-10,83.8,-2.79,5.33,"Carpenter, Kerry",681481,662253,,ball,,,,,14,Ball,D,L,R,SEA,DET,B,,,2,2,2025,0.61,-0.2,0.5717852975434532,0.522364351321468,,,,2,8,Top,,,,,,,6.620349759545278,-121.93363967862692,-4.3518536406523065,4.883831600345792,22.860933046006767,-33.560936939934216,3.45569349288624,1.69825016813292,,,,84.7,2230,6.8,813054,663728,647304,593871,553993,641487,668227,677594,645302,53.74,,,,,,,,55,5,Slider,2,2,2,2,2,2,2,2,Infield shade,Standard,65,-0.008,0.104,,,,-0.104,,0,0,0.586,0.41400000000000003,26,27,26,28,1,3,3,2,2,,3.44,-0.61,0.61,29.2,,,,,
SI,2025-10-10,96.8,-2.04,5.7,"Báez, Javier",595879,660825,fielders_choice_out,hit_into_play,,,,,4,"Javier Báez reaches on a fielder's choice out, third baseman Eugenio Suárez to catcher Cal Raleigh. Zach McKinstry out at home. Dillon Dingler to 3rd.",D,R,R,SEA,DET,X,5,ground_ball,0,1,2025,-1.48,0.8,-0.7074600617145523,2.3655473305611334,656716,693307,,1,12,Top,109.39,177.68,,,,,6.884448666284211,-140.72934512101062,-5.084704844176221,-21.258456159818806,33.958302945311694,-20.61713203076121,3.49,1.65,5,72.1,-24,95.8,2340,5.9,813054,663728,647304,593871,553993,641487,668227,677594,645302,54.61,0.046,0.045,0,1,0,0,2,88,2,Sinker,2,2,2,2,2,2,2,2,Infield shade,Standard,218,0.186,-0.178,74.2,8.0,0.047,0.178,88.0,0,0,0.315,0.685,29,32,30,33,1,4,2,2,3,,1.65,1.48,1.48,40.7,1.5972215954920372,-0.979353673605256,32.98100487875699,28.22504336633901,24.854861271101683
SL,2025-10-10,88.1,-2.67,5.37,"Raleigh, Cal",663728,656427,,ball,,,,,14,Ball,D,L,R,SEA,DET,B,,,2,1,2025,0.56,0.14,0.9699808193341477,1.3688990038672042,,,,0,13,Bot,,,,,,,7.698736281894609,-128.05558024454322,-3.877131045660267,4.520548736794087,27.51135658209945,-30.01867955619309,3.60000134174643,1.72706024605497,,,,88.2,2505,6.5,813054,693307,679529,650402,656716,595879,682985,678009,681481,54.02,,,,,,,,98,4,Slider,2,2,2,2,2,2,2,2,Infield shade,Standard,140,0.021,0.134,,,,-0.134,,0,0,0.646,0.646,29,28,30,29,1,5,3,2,,2,2.81,-0.56,0.56,27.7,,,,,
SI,2025-10-10,96.4,1.66,5.42,"Greene, Riley",682985,642100,field_out,hit_into_play,,,,,3,"Riley Greene grounds out, first baseman Josh Naylor to pitcher Gabe Speier.",D,L,L,SEA,DET,X,3,ground_ball,0,0,2025,1.47,0.68,0.6665459758703456,3.0774229059943448,,,,1,6,Top,149.89,170.09,,,,,-5.951558573787108,-140.32197568492322,-2.222928068998772,20.81304378902705,31.27242350137073,-22.822851695090332,3.63,1.72,45,72.1,1,95.9,2207,5.9,813054,663728,647304,593871,553993,641487,668227,677594,645302,54.58,0.107,0.101,0,1,0,0,2,39,1,Sinker,1,2,2,1,2,1,2,1,Infield shade,Standard,130,0.019,-0.254,65.3,6.9,0.129,0.254,88.0,-1,1,0.365,0.635,30,24,30,25,1,2,2,2,2,,1.76,1.47,1.47,30.3,10.544839440012044,1.3833297899500872,41.566746572406736,27.577903534120782,28.464228944350378
FF,2025-10-10,96.3,-1.6,5.63,"Polanco, Jorge",593871,640448,,ball,,,,,12,Ball,D,L,R,SEA,DET,B,,,0,0,2025,-0.7,1.35,0.6274981363749103,3.438410786133027,,,,1,7,Bot,,,,,,,7.5496649509866725,-140.0379943067941,-3.3128932062112666,-10.981775970596942,31.621234774801714,-13.91520345075616,3.2212004858849,1.59999783258702,,,,96.8,2215,6.6,813054,693307,679529,650402,656716,595879,682985,678009,681481,53.89,,,,,,,,48,1,4-Seam Fastball,1,2,1,2,2,1,1,2,Infield shade,Standard,206,0.005,0.039,,,,-0.039,,-1,-1,0.316,0.316,33,31,34,32,1,2,2,2,,2,1.12,0.7,-0.7,56.2,,,,,
SL,2025-10-10,86,-2.3,4.88,"Carpenter, Kerry",681481,622491,,foul,,,,,9,Foul,D,L,R,SEA,DET,S,,,0,1,2025,0.02,0.12,0.380804527594542,1.6397524593304946,,,,0,15,Top,,,,,,,6.193439585317162,-125.19244536307401,-1.699804992775905,-0.9372350021465466,23.786357523265337,-30.775821760191068,3.39,1.62,212,76.9,48,84.8,2316,5.4,813054,663728,647304,593871,553993,641487,668227,677594,645302,55.14,,,,,,,,110,2,Slider,2,2,2,2,2,2,2,2,Infield shade,Standard,63,0.014,-0.055,68.8,7.6,,0.055,88.0,0,0,0.509,0.491,32,27,33,28,1,6,5,2,6,,2.94,-0.02,0.02,13.6,9.85236825176978,0.46293577017058446,50.30345610301167,32.637088492911595,19.279865554141743
FF,2025-10-10,93.3,-1.88,5.6,"Crawford, J.P.",641487,592454,,swinging_strike,,,,,2,Swinging Strike,D,L,R,SEA,DET,S,,,2,1,2025,-0.65,1.55,0.09582904980817053,3.115078606385996,,,,0,15,Bot,,,,,,,6.55861485258269,-135.69496797092458,-4.030290669057742,-9.500689248731469,30.930388686245127,-12.379082902863221,3.3,1.54,,,,93.6,2235,6.6,813054,693307,679529,650402,656716,595879,682985,678009,681481,53.9,,,,,,,,113,4,4-Seam Fastball,2,2,2,2,2,2,2,2,Standard,Standard,212,-0.016,-0.073,63.4,5.6,,0.073,,0,0,0.646,0.646,35,30,36,30,1,5,3,2,,2,1.08,0.65,-0.65,37.5,-15.539669598594694,32.9479993410491,42.04916763006065,35.21573642455193,16.636866959795906
CH,2025-10-10,89.7,-2.45,5.66,"Polanco, Jorge",593871,672456,field_out,hit_into_play,,,,,1,Jorge Polanco flies out to center fielder Parker Meadows.,D,L,R,SEA,DET,X,8,fly_ball,1,2,2025,-1.32,0.36,-0.5827699637387791,2.9933793503905193,,,,0,11,Bot,145.07,53.43,,,,,7.418919563882915,-130.4659738750318,-1.395821764644166,-16.663746797530305,26.261661110711028,-27.973017745729457,3.3,1.6,363,94.2,26,89.9,2332,6.3,813054,693307,679529,650402,656716,595879,682985,678009,681481,54.18,0.154,0.2,0,1,0,0,3,82,4,Changeup,2,2,2,2,2,2,2,2,Infield shade,Standard,217,-0.04,-0.189,69.0,6.9,0.334,0.189,94.2,0,0,0.622,0.622,24,31,25,32,1,4,3,2,,2,2.47,1.32,-1.32,36.7,4.46830308939172,-7.35408744267158,21.802720401886422,44.272984962246795,29.4792380069417
SL,2025-10-10,88.6,-1.92,5.56,"Torres, Gleyber",650402,669923,,called_strike,,,,,3,Called Strike,D,R,R,SEA,DET,S,,,0,1,2025,0.81,-0.29,0.816688331882765,2.4856055320375257,,,681481,0,1,Top,,,,,,,5.007758913487841,-128.9812305860694,-0.8042379004824823,7.879193754268364,28.281421440170284,-35.44368610701826,2.93920727924254,1.33795049333547,,,,88.6,2051,6.4,813054,663728,647304,593871,553993,641487,668227,677594,645302,54.11,,,,,,,,2,2,Slider,0,0,0,0,0,0,0,0,Standard,Standard,22,0.009,-0.053,,,,0.053,,0,0,0.469,0.531,27,28,27,29,1,0,6,2,5,,3.2,-0.81,-0.81,28.5,,,,,
FF,2025-10-10,95.4,-1.88,5.76,"Crawford, J.P.",641487,676684,,ball,,,,,11,Ball,D,L,R,SEA,DET,B,,,2,1,2025,-0.46,1.43,-0.05456999576421545,4.238503426114995,,,,0,8,Bot,,,,,,,5.843667981415719,-138.88141255314218,-1.5615793980943597,-7.342074762203881,31.738783961679864,-13.582289496538065,3.25821621112132,1.50702670052338,,,,95.2,2314,6.2,813054,693307,679529,650402,656716,595879,682985,678009,681481,54.31,,,,,,,,58,4,4-Seam Fastball,2,2,2,2,2,2,2,2,Standard,Standard,208,0.019,0.134,,,,-0.134,,0,0,0.614,0.614,30,30,30,30,1,2,2,2,,2,1.08,0.46,-0.46,51.8,,,,,
CU,2025-10-10,82.5,1.56,6.17,"Raleigh, Cal",663728,669373,,ball,,,,,13,Ball,D,R,L,SEA,DET,B,,,0,0,2025,-0.75,-0.27,-1.540172971070632,0.8942647056109756,,,,1,1,Bot,,,,,,,-5.628705182241082,-119.99595055344146,-4.972340925770642,-6.118451255657934,23.215409934472312,-33.979681677283516,3.50837467645222,1.69000032251284,,,,82.9,2590,6.6,813054,693307,679529,650402,656716,595879,682985,678009,681481,53.93,,,,,,,,6,1,Curveball,0,0,0,0,0,0,0,0,Standard,Standard,326,0.003,0.039,,,,-0.039,,0,0,0.526,0.526,28,28,29,29,1,0,5,2,,2,3.62,-0.75,0.75,51.8,,,,,
FF,2025-10-10,98.3,-1.56,5.48,"Crawford, J.P.",641487,675512,,swinging_strike,,,,,3,Swinging Strike,D,L,R,SEA,DET,S,,,2,0,2025,-0.66,1.42,0.49946773300989744,3.143920298405458,,645302,,0,10,Bot,,,,,,,7.1708146147444864,-142.96762192920815,-4.162797695120018,-10.712141302236514,34.59250825917289,-11.926520955001818,3.3,1.54,,,,98.9,2414,6.7,813054,693307,679529,650402,656716,595879,682985,678009,681481,53.76,,,,,,,,73,3,4-Seam Fastball,2,2,2,2,2,2,2,2,Strategic,Standard,214,-0.001,-0.078,74.4,7.2,,0.078,,0,0,0.807,0.807,24,30,25,30,1,3,2,2,,2,0.95,0.66,-0.66,34.8,13.1534507541898,-6.122443353390345,31.419553634545345,31.3339749995521,37.98987248898227
CU,2025-10-10,83.3,-0.66,5.86,"Dingler, Dillon",693307,669302,field_out,hit_into_play,,,,,6,Dillon Dingler flies out to center fielder Julio Rodríguez.,D,R,R,SEA,DET,X,8,fly_ball,1,2,2025,1.11,-0.64,0.7463963192088232,2.221468917368707,,,,0,10,Top,161.92,53.65,,,,,1.0701902377884749,-121.41623386148923,-0.6475509707667075,10.755300396162655,24.03775996224241,-38.628397364124275,3.41,1.53,370,96.9,30,85.1,2239,7.4,813054,663728,647304,593871,553993,641487,668227,677594,645302,53.09,0.296,0.5566666666666666,0,1,0,0,5,69,4,Curveball,2,2,2,2,2,2,2,2,Standard,Standard,35,0.041,-0.189,66.2,7.8,1.087,0.189,96.9,0,0,0.517,0.483,28,26,28,27,1,3,3,2,3,,3.92,-1.11,-1.11,51.1,9.753404091303103,7.830035740569391,37.5592008719078,45.08980649485405,22.269319851912257
SL,2025-10-10,84,-2.4,5.26,"Keith, Colt",690993,666374,,called_strike,,,,,5,Called Strike,D,L,R,SEA,DET,S,,,0,0,2025,1.44,0.05,0.12086128386713879,2.6307461521334172,,,,0,7,Top,,,,,,,2.993049850544624,-122.35302165354574,0.22561784773378002,13.805432237980709,25.009671853027722,-31.905519141699124,3.34999819940015,1.60447466908382,,,,84.2,2909,6.5,813054,663728,647304,593871,553993,641487,668227,677594,645302,54.04,,,,,,,,44,1,Slider,1,2,2,1,2,1,2,1,Standard,Standard,54,0.004,-0.039,,,,0.039,,-1,1,0.308,0.692,27,23,27,24,1,2,3,2,2,,3.18,-1.44,1.44,28.3,,,,,
SL,2025-10-10,85.6,-2.78,5.42,"Carpenter, Kerry",681481,662253,,ball,,,,,14,Ball,D,L,R,SEA,DET,B,,,1,2,2025,0.43,0.07,1.0453938619711247,0.7369301207312464,,,,2,8,Top,,,,,,,8.200391650348239,-124.53481900465034,-4.989552146206939,2.992251919399917,22.840217559100942,-30.736528101583417,3.45026676362364,1.75318751673814,,,,86.4,2338,6.6,813054,663728,647304,593871,553993,641487,668227,677594,645302,53.87,,,,,,,,55,4,Slider,2,2,2,2,2,2,2,2,Infield shade,Standard,65,-0.004,0.042,,,,-0.042,,0,0,0.59,0.41000000000000003,26,27,26,28,1,3,3,2,2,,3.03,-0.43,0.43,30.2,,,,,
SI,2025-10-10,95.9,-1.83,5.68,"Báez, Javier",595879,660825,,foul,,,,,2,Foul,D,R,R,SEA,DET,S,,,0,0,2025,-1.56,0.93,0.014070879823974147,2.9216135376168753,656716,693307,,1,12,Top,,,,,,,8.331099000908084,-139.42646908703367,-3.7438545126160028,-22.28442937753301,32.98881873330856,-19.386313606785215,3.49,1.65,244,73.9,37,94.9,2280,5.8,813054,663728,647304,593871,553993,641487,668227,677594,645302,54.65,,,,,,,,88,1,Sinker,2,2,2,2,2,2,2,2,Strategic,Standard,215,0.032,-0.051,77.6,8.5,,0.051,88.0,0,0,0.283,0.7170000000000001,29,32,30,33,1,4,2,2,3,,1.56,1.56,1.56,40.9,7.927045038322125,-0.6541064338395146,27.949347600175805,38.639716616970034,26.931671235215482
FC,2025-10-10,88.9,1.72,5.79,"Robles, Victor",645302,663947,force_out,hit_into_play,,,,,5,"Victor Robles grounds into a force out, shortstop Javier Báez to second baseman Gleyber Torres. Leo Rivas out at 2nd.",D,R,L,SEA,DET,X,6,ground_ball,0,0,2025,-0.38,0.82,0.11870592116231271,2.6548283580690883,,647304,660844,2,7,Bot,115.97,164.01,,,,,-3.159117029118301,-129.53621384895771,-3.4246821636263745,-3.645604314259211,25.039039463882563,-22.40417110812694,3.2,1.52,13,96.9,-11,89.6,2420,6.5,813054,693307,679529,650402,656716,595879,682985,678009,681481,54.01,0.267,0.242,0,1,0,0,2,52,1,Cutter,2,2,2,2,2,2,2,2,Standard,Standard,184,-0.076,-0.282,67.4,6.4,0.27,0.282,96.9,0,0,0.576,0.576,29,28,29,28,1,2,2,2,,2,2.04,-0.38,0.38,38.8,6.004857036463673,1.1320057995357857,27.587488780126417,41.36889843381019,23.47351857748101
SL,2025-10-10,87.5,-2.65,5.24,"Raleigh, Cal",663728,656427,,ball,,,,,14,Ball,D,L,R,SEA,DET,B,,,1,1,2025,0.53,0.35,0.8765510432742227,0.7601585684461156,,,,0,13,Bot,,,,,,,7.465133835830787,-127.17051518870775,-5.4014852076822875,4.119088045376046,26.803337387921736,-27.38026975851568,3.67018164414807,1.7486723633182,,,,87.8,2610,6.6,813054,693307,679529,650402,656716,595879,682985,678009,681481,53.91,,,,,,,,98,3,Slider,2,2,2,2,2,2,2,2,Infield shade,Standard,148,0.01,0.055,,,,-0.055,,0,0,0.636,0.636,29,28,30,29,1,5,3,2,,2,2.64,-0.53,0.53,24.8,,,,,
SL,2025-10-10,86.3,1.79,5.25,"Torres, Gleyber",650402,642100,field_out,hit_into_play,,,,,5,"Gleyber Torres grounds out, third baseman Eugenio Suárez to first baseman Josh Naylor.",D,R,L,SEA,DET,X,5,ground_ball,0,0,2025,-0.31,-0.22,0.04249772831314383,2.3629442469102684,,,,0,6,Top,102.64,179.41,,,,,-3.514405355139549,-125.79267632520465,-0.25138871146950226,-2.584988872638364,24.05968621796926,-34.728277644467354,3.26,1.53,3,61.2,-39,86.1,2406,6,813054,663728,647304,593871,553993,641487,668227,677594,645302,54.53,0.104,0.098,0,1,0,0,2,38,1,Slider,1,2,2,1,2,1,2,1,Infield shade,Standard,244,0.025,-0.259,69.8,8.3,0.104,0.259,88.0,-1,1,0.34,0.6599999999999999,30,28,30,29,1,2,2,2,2,,3.26,-0.31,0.31,27.1,21.712368059006863,-20.93733745895865,29.71484112823443,37.50110876479052,46.73492520096237
FS,2025-10-10,86.7,-2,5.59,"Rodríguez, Julio",677594,640448,field_out,hit_into_play,,,,,6,Julio Rodríguez flies out to center fielder Parker Meadows.,D,R,R,SEA,DET,X,8,fly_ball,2,0,2025,-0.56,0.38,0.7516571538645729,2.1650134412089423,,,,0,7,Bot,124.4,45.21,,,,,7.766708897765924,-126.12019660231061,-2.81172322075737,-7.493881755443011,24.257428177938646,-27.75418840663042,3.29,1.52,379,99.6,23,87.5,945,6.7,813054,693307,679529,650402,656716,595879,682985,678009,681481,53.82,0.379,0.6253214285714286,0,1,0,0,5,47,3,Split-Finger,1,2,1,2,2,1,1,2,Standard,Standard,227,-0.071,-0.378,81.0,8.1,1.153,0.378,99.6,-1,-1,0.387,0.387,33,24,34,25,1,2,2,2,,2,2.64,0.56,0.56,54.7,4.563908961189435,-4.165041850870803,24.201648601727385,48.33347138275039,30.2198865942067
SI,2025-10-10,94.9,-2.37,4.99,"Carpenter, Kerry",681481,622491,,called_strike,,,,,4,Called Strike,D,L,R,SEA,DET,S,,,0,0,2025,-1.64,0.29,-0.7954858508990261,2.48103561474129,,,,0,15,Top,,,,,,,7.616452302526432,-137.91639308397143,-1.468909952314701,-22.651779264648827,33.65090358960902,-28.348331294059832,3.38999884539842,1.66219153561182,,,,92.7,2156,5.3,813054,663728,647304,593871,553993,641487,668227,677594,645302,55.22,,,,,,,,110,1,Sinker,2,2,2,2,2,2,2,2,Infield shade,Standard,238,0.009,-0.039,,,,0.039,,0,0,0.5,0.5,32,27,33,28,1,6,5,2,6,,2.27,1.64,-1.64,14.4,,,,,
CH,2025-10-10,87.2,-2.24,5.35,"Crawford, J.P.",641487,592454,,ball,,,,,13,Ball,D,L,R,SEA,DET,B,,,1,1,2025,-1.26,-0.17,-1.58515766577749,1.8505173714154255,,,,0,15,Bot,,,,,,,4.198140705998052,-126.92063229946842,-1.893121086036391,-14.528094966673034,26.606172303018827,-33.78721850583516,3.33355581581348,1.58709577591021,,,,87.5,1366,6.5,813054,693307,679529,650402,656716,595879,682985,678009,681481,53.99,,,,,,,,113,3,Changeup,2,2,2,2,2,2,2,2,Infield shade,Standard,251,0.01,0.055,,,,-0.055,,0,0,0.636,0.636,35,30,36,30,1,5,3,2,,2,3.17,1.26,-1.26,27.7,,,,,
FF,2025-10-10,96.8,-1.83,5.55,"Torres, Gleyber",650402,669923,,foul,,,,,1,Foul,D,R,R,SEA,DET,S,,,0,0,2025,-0.94,1.16,-0.6497173457744011,3.072677681756143,,,681481,0,1,Top,,,,,,,5.3221665707059,-140.91743965498677,-3.725419435471429,-13.677988836810286,32.797909573050276,-16.045763780970823,3.26,1.53,,,,97.1,2256,6.5,813054,663728,647304,593871,553993,641487,668227,677594,645302,53.98,,,,,,,,2,1,4-Seam Fastball,0,0,0,0,0,0,0,0,Standard,Standard,227,0.005,-0.043,76.8,7.6,,0.043,,0,0,0.464,0.536,27,28,27,29,1,0,6,2,5,,1.27,0.94,0.94,27.1,18.21340239390942,-15.0975634193503,33.1142456542257,27.27624915753853,37.07008696722905
CH,2025-10-10,89.9,-2.05,5.67,"Crawford, J.P.",641487,676684,,ball,,,,,11,Ball,D,L,R,SEA,DET,B,,,1,1,2025,-1.21,0.28,-1.6003177195575373,2.68279808431493,,,,0,8,Bot,,,,,,,3.6789180365870013,-130.88631085637672,-2.0456567740075156,-14.726168152409151,26.612903726050277,-28.710317690238533,3.25344285129412,1.53247167241108,,,,89.9,1560,6.2,813054,693307,679529,650402,656716,595879,682985,678009,681481,54.35,,,,,,,,58,3,Changeup,2,2,2,2,2,2,2,2,Standard,Standard,234,0.008,0.055,,,,-0.055,,0,0,0.606,0.606,30,30,30,30,1,2,2,2,,2,2.53,1.21,-1.21,46.6,,,,,
FF,2025-10-10,96.8,-1.51,5.44,"Crawford, J.P.",641487,675512,,ball,,,,,12,Ball,D,L,R,SEA,DET,B,,,1,0,2025,-0.58,1.39,0.8688994328111806,4.048293816100875,,645302,,0,10,Bot,,,,,,,7.760442092608094,-140.78306955419723,-1.3301573093627284,-9.541228354141198,32.94269677797714,-13.5941030699708,3.28102158247107,1.52393123511807,,,,97.6,2409,6.9,813054,693307,679529,650402,656716,595879,682985,678009,681481,53.65,,,,,,,,73,2,4-Seam Fastball,2,2,2,2,2,2,2,2,Strategic,Standard,212,0.001,0.075,,,,-0.075,,0,0,0.806,0.806,24,30,25,30,1,3,2,2,,2,1.05,0.58,-0.58,36.6,,,,,
SI,2025-10-10,97.4,1.89,6.04,"Arozarena, Randy",668227,669373,field_out,hit_into_play,,,,,8,"Randy Arozarena grounds out softly, pitcher Tarik Skubal to first baseman Spencer Torkelson.",D,R,L,SEA,DET,X,1,ground_ball,1,1,2025,1.38,0.75,0.10826543600840921,2.0187084513843345,,,,0,1,Bot,120.02,192.87,,,,,-7.987549480043338,-141.46782334597447,-7.010963152046303,20.370386267147843,32.23998968510861,-20.693293638527607,3.43,1.69,1,65.1,-68,97.8,2366,6.6,813054,693307,679529,650402,656716,595879,682985,678009,681481,53.86,0.29,0.265,0,1,0,0,2,5,3,Sinker,0,0,0,0,0,0,0,0,Infield shade,Standard,148,-0.021,-0.251,69.8,6.9,0.291,0.251,88.0,0,0,0.547,0.547,28,30,29,30,1,0,5,2,,2,1.66,1.38,-1.38,46.9,0.7394468685745793,11.034517483041332,20.627851294855528,35.135404225574355,25.832424500879313
SL,2025-10-10,86.7,-0.48,5.91,"Dingler, Dillon",693307,669302,,foul,,,,,8,Foul,D,R,R,SEA,DET,S,,,1,1,2025,0.09,-0.06,-0.04635191752994007,1.7909086517291892,,,,0,10,Top,,,,,,,0.8761037965235096,-126.28182987877625,-3.589245739127397,0.7962966574890522,26.02649408372665,-32.261064050269376,3.41,1.53,6,46.9,-15,88.7,1841,7.5,813054,663728,647304,593871,553993,641487,668227,677594,645302,52.97,,,,,,,,69,3,Slider,2,2,2,2,2,2,2,2,Standard,Standard,38,0.014,-0.061,66.9,8.6,,0.061,88.0,0,0,0.503,0.497,28,26,28,27,1,3,3,2,3,,3.09,-0.09,-0.09,47.1,22.566883182256507,-12.032936317951805,41.60376149963158,34.800213579981914,34.22513656213763
SL,2025-10-10,87.3,-2.33,5.07,"Torkelson, Spencer",679529,666374,strikeout,swinging_strike,,,,,14,Spencer Torkelson strikes out swinging.,D,R,R,SEA,DET,S,2,,0,2,2025,0.91,0.47,1.405561851292222,2.349882390971284,,,,2,6,Top,,,,,,,7.162811546999814,-126.99209743714246,-1.3690264649664436,8.396559448037687,25.698866859759725,-26.962376977764578,3.55,1.69,,,,87.8,2726,6.6,813054,663728,647304,593871,553993,641487,668227,677594,645302,53.91,,0,0,1,0,0,,40,3,Slider,1,2,2,1,2,1,2,1,Standard,Standard,49,0.007,-0.16,68.8,8.5,,0.16,,-1,1,0.389,0.611,27,25,27,26,1,2,3,2,2,,2.52,-0.91,-0.91,25.9,26.536598530181962,-18.68847431416968,34.74661657544564,52.744769990049036,36.873751345723726
KC,2025-10-10,82.4,-1.99,5.92,"Polanco, Jorge",593871,672456,,ball,,,,,14,Ball,D,L,R,SEA,DET,B,,,0,2,2025,1.65,-0.64,1.2494597217877876,0.6852723527053635,,,,0,11,Bot,,,,,,,4.142634734284972,-119.87298482975892,-4.014197498033704,14.779578015277666,26.616268567497663,-37.62800987214552,3.21488666792735,1.48465730380685,,,,81.8,3296,6.2,813054,693307,679529,650402,656716,595879,682985,678009,681481,54.28,,,,,,,,82,3,Knuckle Curve,2,2,2,2,2,2,2,2,Infield shade,Standard,38,0.006,0.024,,,,-0.024,,0,0,0.616,0.616,24,31,25,32,1,4,3,2,,2,4.04,-1.65,1.65,48.9,,,,,
SL,2025-10-10,85,-2.91,5.37,"Carpenter, Kerry",681481,662253,,called_strike,,,,,6,Called Strike,D,L,R,SEA,DET,S,,,1,1,2025,0.57,0.09,0.6409670944152551,2.7655639814363986,,,,2,8,Top,,,,,,,7.231236182005695,-123.70994043880664,-0.019306217444727825,4.560459069869468,22.1487885238199,-31.457683458387457,3.43916643169813,1.68179336364298,,,,85.9,2387,6.6,813054,663728,647304,593871,553993,641487,668227,677594,645302,53.9,,,,,,,,55,3,Slider,2,2,2,2,2,2,2,2,Infield shade,Standard,77,0.007,-0.062,,,,0.062,,0,0,0.583,0.41700000000000004,26,27,26,28,1,3,3,2,2,,3.04,-0.57,0.57,29.7,,,,,
SI,2025-10-10,94.3,-1.93,5.81,"Meadows, Parker",678009,660825,sac_bunt,hit_into_play,,,,,6,"Parker Meadows out on a sacrifice bunt, pitcher Eduard Bazardo to second baseman Jorge Polanco. Zach McKinstry to 3rd. Dillon Dingler to 2nd.",D,L,R,SEA,DET,X,1,ground_ball,0,1,2025,-1.43,0.96,0.6470457673172445,2.791272968330737,,656716,693307,0,12,Top,130.15,193.88,,,,,9.817691849851357,-136.92521669425435,-4.25239184995628,-20.164714849704232,30.396836650438367,-19.31893152073949,3.5,1.71,2,36,-59,93.8,2241,6.1,813054,663728,647304,593871,553993,641487,668227,677594,645302,54.39,,,0.2,0,0,0,1,87,2,Sinker,2,2,2,2,2,2,2,2,Strategic,Standard,213,-0.04,0.052,,,,-0.052,88.0,0,0,0.323,0.677,29,25,30,26,1,4,2,2,3,,1.62,1.43,-1.43,42.4,,,,,
KC,2025-10-10,80.7,-2.53,5.42,"Raleigh, Cal",663728,656427,,ball,,,,,13,Ball,D,L,R,SEA,DET,B,,,0,1,2025,0.83,-1.09,-0.39583767129144953,0.27075304616333806,,,,0,13,Bot,,,,,,,3.174646224862186,-117.44507607693356,-2.672049621705373,6.9833154857106186,24.02058918883789,-41.89160821846839,3.59999852866166,1.68999948102913,,,,80.6,2543,6.4,813054,693307,679529,650402,656716,595879,682985,678009,681481,54.12,,,,,,,,98,2,Knuckle Curve,2,2,2,2,2,2,2,2,Infield shade,Standard,41,0.006,0.031,,,,-0.031,,0,0,0.63,0.63,29,28,30,29,1,5,3,2,,2,4.61,-0.83,0.83,27.3,,,,,
FF,2025-10-10,95.4,1.92,5.32,"Carpenter, Kerry",681481,642100,home_run,hit_into_play,,,,,5,Kerry Carpenter homers (2) on a fly ball to center field. Javier Báez scores.,D,L,L,SEA,DET,X,,fly_ball,1,0,2025,1.2,1.1,0.0846162922739464,2.757354106277484,,595879,,0,6,Top,166.47,37.7,,,,,-7.489745971794615,-138.84246050659831,-3.614779697898781,17.214121544184994,29.259646422690235,-17.268237888688883,3.39,1.62,411,105.5,36,95.2,2196,6,813054,663728,647304,593871,553993,641487,668227,677594,645302,54.45,0.594,1.1931875,2,1,0,3,6,37,2,4-Seam Fastball,1,0,0,1,2,1,2,1,Standard,Standard,129,-0.216,0.96,75.7,7.6,2.345,-0.96,105.5,1,-1,0.556,0.44399999999999995,30,27,30,28,1,2,2,2,2,,1.39,1.2,1.2,25.5,18.483518528821328,-0.6398431407499379,33.93005181856857,40.66037117804049,25.343690714781765
FF,2025-10-10,97.2,-1.52,5.67,"Rodríguez, Julio",677594,640448,,ball,,,,,14,Ball,D,R,R,SEA,DET,B,,,1,0,2025,-0.81,1.56,1.0460202234474512,1.5518316758900381,,,,0,7,Bot,,,,,,,8.770557079055752,-141.00629114087826,-9.093929364813048,-12.806351200125443,32.914664421264135,-9.363438904471256,3.28999827246454,1.51999809648099,,,,97.5,2268,6.7,813054,693307,679529,650402,656716,595879,682985,678009,681481,53.83,,,,,,,,47,2,4-Seam Fastball,1,2,1,2,2,1,1,2,Standard,Standard,207,0.015,0.077,,,,-0.077,,-1,-1,0.372,0.372,33,24,34,25,1,2,2,2,,2,0.87,0.81,0.81,60.9,,,,,
FF,2025-10-10,95.7,-1.97,5.12,"Báez, Javier",595879,622491,field_out,hit_into_play,,,,,11,Javier Báez pops out softly to first baseman Josh Naylor.,D,R,R,SEA,DET,X,3,popup,0,1,2025,-1.45,0.74,-0.880292838956203,3.1889718539109126,,693307,,2,14,Top,154.53,172.09,,,,,6.0676328370448935,-139.22168391282838,-1.0835186805179378,-20.263018002479143,34.28577226230381,-22.60165786425771,3.49,1.65,103,44.4,44,94,2343,5.5,813054,663728,647304,593871,553993,641487,668227,677594,645302,55,0.094,0.084,0,1,0,0,1,105,2,4-Seam Fastball,2,2,2,2,2,2,2,2,Standard,Standard,238,0.09,-0.249,72.2,6.9,0.094,0.249,88.0,0,0,0.549,0.45099999999999996,32,32,33,33,1,5,5,2,6,,1.77,1.45,1.45,16.1,-5.114561519222154,19.28507033850307,29.95503195068264,24.384725658487177,16.119176829927312
CH,2025-10-10,86.6,-2.03,5.5,"Crawford, J.P.",641487,592454,,called_strike,,,,,13,Called Strike,D,L,R,SEA,DET,S,,,1,0,2025,-1.2,0.37,-0.9562297242711979,2.233183292887808,,,,0,15,Bot,,,,,,,5.041547122744485,-126.03301209004059,-2.3771961578344944,-13.81654456405404,24.805243399741542,-27.956528913466304,3.37287422056195,1.59633231889412,,,,87,1412,6.5,813054,693307,679529,650402,656716,595879,682985,678009,681481,54.02,,,,,,,,113,2,Changeup,2,2,2,2,2,2,2,2,Infield shade,Standard,248,-0.01,-0.05,,,,0.05,,0,0,0.646,0.646,35,30,36,30,1,5,3,2,,2,2.66,1.2,-1.2,30.5,,,,,
FF,2025-10-10,98.7,-1.51,5.38,"Crawford, J.P.",641487,675512,,ball,,,,,14,Ball,D,L,R,SEA,DET,B,,,0,0,2025,-0.84,1.37,1.2895682650484448,1.954213199927464,,645302,,0,10,Bot,,,,,,,9.643983047883898,-143.2344704605932,-7.1037775571604564,-13.762760559962048,33.96346534816732,-11.800127890709446,3.22506504122369,1.53999997611788,,,,99.4,2434,6.9,813054,693307,679529,650402,656716,595879,682985,678009,681481,53.62,,,,,,,,73,1,4-Seam Fastball,2,2,2,2,2,2,2,2,Strategic,Standard,218,0.001,0.032,,,,-0.032,,0,0,0.805,0.805,24,30,25,30,1,3,2,2,,2,0.99,0.84,-0.84,34.0,,,,,
FF,2025-10-10,95.8,-1.82,5.81,"Crawford, J.P.",641487,676684,,foul_tip,,,,,3,Foul Tip,D,L,R,SEA,DET,S,,,1,0,2025,-0.44,1.39,0.2976870525808369,2.8873094171520903,,,,0,8,Bot,,,,,,,6.57498666068642,-139.3376574659028,-5.240485680053632,-7.139413249453605,30.929380960068723,-13.131667210342858,3.3,1.54,,,,95.8,2211,6.3,813054,693307,679529,650402,656716,595879,682985,678009,681481,54.23,,,,,,,,58,2,4-Seam Fastball,2,2,2,2,2,2,2,2,Standard,Standard,213,-0.008,-0.05,70.6,6.3,,0.05,,0,0,0.614,0.614,30,30,30,30,1,2,2,2,,2,1.1,0.44,-0.44,54.3,-3.1777816119020863,17.317973817514336,36.94284319375702,34.203162127195085,25.860303762719088
KC,2025-10-10,86.2,-1.92,5.63,"Carpenter, Kerry",681481,669923,single,hit_into_play,,,,,7,Kerry Carpenter singles on a line drive to shortstop J.P. Crawford.,D,L,R,SEA,DET,X,6,line_drive,0,1,2025,0.45,-1.09,-0.4968883476988164,1.5351201053030263,,,,0,1,Top,106.36,144.27,,,,,2.47605970666479,-125.55838288957426,-1.2957609470781781,4.2370341635536715,25.72805837235358,-43.633096902622704,3.39,1.62,170,105.4,8,86.1,2425,6.2,813054,663728,647304,593871,553993,641487,668227,677594,645302,54.29,0.724,0.676,0.9,1,1,0,4,1,2,Knuckle Curve,0,0,0,0,0,0,0,0,Infield shade,Standard,38,-0.039,0.477,74.5,7.6,0.837,-0.477,105.4,0,0,0.503,0.497,27,27,27,28,1,0,6,2,5,,4.15,-0.45,0.45,28.7,11.456629374318807,16.621247421220502,37.182392611084836,44.69047473573574,17.603712507982213
KC,2025-10-10,81.8,-2.18,5.92,"Polanco, Jorge",593871,672456,,called_strike,,,,,7,Called Strike,D,L,R,SEA,DET,S,,,0,1,2025,1.41,-0.79,-0.42276787963308804,1.6483847364576052,,,,0,11,Bot,,,,,,,1.2323960826072244,-119.09237284591212,-1.4408675071713286,13.028849557703447,26.525142449302948,-39.57243113426301,3.18738914230174,1.51712885939925,,,,81.2,3249,6.2,813054,693307,679529,650402,656716,595879,682985,678009,681481,54.27,,,,,,,,82,2,Knuckle Curve,2,2,2,2,2,2,2,2,Infield shade,Standard,38,-0.014,-0.055,,,,0.055,,0,0,0.63,0.63,24,31,25,32,1,4,3,2,,2,4.24,-1.41,1.41,43.9,,,,,
FF,2025-10-10,98.7,1.81,6.18,"Arozarena, Randy",668227,669373,,ball,,,,,11,Ball,D,R,L,SEA,DET,B,,,0,1,2025,0.24,1.27,-0.31821033853784586,3.694229573755341,,,,0,1,Bot,,,,,,,-6.37717843139499,-143.69868719187608,-4.3131851927774605,4.775062866602446,32.31500892520177,-13.779316194162584,3.30884642763908,1.69000044482659,,,,99.4,2315,6.6,813054,693307,679529,650402,656716,595879,682985,678009,681481,53.94,,,,,,,,5,2,4-Seam Fastball,0,0,0,0,0,0,0,0,Infield shade,Standard,153,0.002,0.031,,,,-0.031,,0,0,0.545,0.545,28,30,29,30,1,0,5,2,,2,1.06,0.24,-0.24,46.3,,,,,
FF,2025-10-10,96.7,-0.48,6.03,"Dingler, Dillon",693307,669302,,ball,,,,,12,Ball,D,R,R,SEA,DET,B,,,0,1,2025,-0.31,1.31,0.2370262091709524,3.7056344166142496,,,,0,10,Top,,,,,,,2.6999829322969844,-140.82956576539925,-3.7324245593140755,-4.777497096282111,30.61637156270399,-14.11716157408252,3.30633778959946,1.49436260486775,,,,99.3,2186,7.6,813054,663728,647304,593871,553993,641487,668227,677594,645302,52.91,,,,,,,,69,2,4-Seam Fastball,2,2,2,2,2,2,2,2,Standard,Standard,198,-0.006,0.031,,,,-0.031,,0,0,0.509,0.491,28,26,28,27,1,3,3,2,3,,1.12,0.31,0.31,51.4,,,,,
SL,2025-10-10,86,-2.34,5.15,"Torkelson, Spencer",679529,666374,,swinging_strike,,,,,9,Swinging Strike,D,R,R,SEA,DET,S,,,0,1,2025,0.76,-0.1,0.5667850856093504,2.2670897799564496,,,,2,6,Top,,,,,,,5.371516547608249,-125.1393120917226,-0.33440489983846644,6.776193546776908,27.614599191976282,-33.38737551003064,3.55,1.69,,,,86,2849,6.5,813054,663728,647304,593871,553993,641487,668227,677594,645302,54,,,,,,,,40,2,Slider,1,2,2,1,2,1,2,1,Standard,Standard,55,0.003,-0.057,81.6,9.1,,0.057,,-1,1,0.386,0.614,27,25,27,26,1,2,3,2,2,,3.21,-0.76,-0.76,26.9,27.94996310067198,-40.6604342772234,37.47302692834419,41.7577593462305,46.66168033457565
CH,2025-10-10,84.6,1.71,5.68,"Rivas, Leo",660844,663947,single,hit_into_play,,,,,8,Leo Rivas singles on a line drive to left fielder Riley Greene. Jorge Polanco scores. Josh Naylor to 2nd.,D,R,L,SEA,DET,X,7,line_drive,0,1,2025,1.33,0.1,0.07627778614882352,2.0813783892521105,,593871,647304,2,7,Bot,52.73,111.67,,,,,-6.488254095067533,-123.04932013045713,-2.249057402018157,14.788538463939306,24.19746764893364,-30.8729354115049,3.27,1.58,215,97.7,15,84.9,1621,6.5,813054,693307,679529,650402,656716,595879,682985,678009,681481,54.03,0.709,0.705,0.9,1,1,0,4,51,2,Changeup,1,2,1,2,2,2,2,2,Standard,Standard,105,0.239,0.588,69.7,7.8,0.93,-0.588,97.7,-1,-1,0.337,0.337,29,27,29,28,1,0,2,12,,3,3.08,1.33,-1.33,36.4,16.760658743146067,-8.124453497872034,35.621608149879016,32.62657691360269,33.45114988414252
SL,2025-10-10,82.3,-2.89,5.45,"Carpenter, Kerry",681481,662253,,foul,,,,,8,Foul,D,L,R,SEA,DET,S,,,1,0,2025,0.81,0.08,0.09338135989721175,1.8223179051291805,,,,2,8,Top,,,,,,,5.227960257725104,-119.88030039078494,-1.9139800478703282,6.870272395875245,21.594232727176983,-31.237408639357035,3.39,1.62,1,41.1,-56,82.9,2319,6.5,813054,663728,647304,593871,553993,641487,668227,677594,645302,54.03,,,,,,,,55,2,Slider,2,2,2,2,2,2,2,2,Infield shade,Standard,69,0.004,-0.054,74.5,8.9,,0.054,88.0,0,0,0.579,0.42100000000000004,26,27,26,28,1,3,3,2,2,,3.26,-0.81,0.81,29.7,36.21684498983484,-21.79169699138098,43.49105593939084,39.32929012787973,40.60749922185591
SI,2025-10-10,94.7,-2.02,5.78,"Meadows, Parker",678009,660825,,foul_bunt,,,,,5,Foul Bunt,D,L,R,SEA,DET,S,,,0,0,2025,-1.54,0.84,-0.1651339831656935,2.582076573270072,,656716,693307,0,12,Top,,,,,,,8.204936774405743,-137.49815870029244,-4.4490340826774695,-21.40720581455446,34.20900294105589,-20.676178871650855,3.5,1.71,,,,93.5,2314,6,813054,663728,647304,593871,553993,641487,668227,677594,645302,54.53,,,,,,,,87,1,Sinker,2,2,2,2,2,2,2,2,Strategic,Standard,216,0.017,-0.053,7.4,1.4,,0.053,88.0,0,0,0.306,0.694,29,25,30,26,1,4,2,2,3,,1.74,1.54,-1.54,47.3,-14.042807850475569,-163.1318998771324,19.093552506873266,41.59709565899924,21.617078979108477
SL,2025-10-10,88.7,-2.6,5.42,"Raleigh, Cal",663728,656427,,swinging_strike,,,,,14,Swinging Strike,D,L,R,SEA,DET,S,,,0,0,2025,0.42,0.44,0.4344606084322353,1.1171136486309363,,,,0,13,Bot,,,,,,,6.541980287301583,-128.99881128188085,-5.409894204120489,3.3969535506334565,26.361047332984853,-26.304365816140223,3.6,1.69,,,,89,2640,6.5,813054,693307,679529,650402,656716,595879,682985,678009,681481,54.02,,,,,,,,98,1,Slider,2,2,2,2,2,2,2,2,Infield shade,Standard,152,-0.009,-0.039,77.0,9.2,,0.039,,0,0,0.639,0.639,29,28,30,29,1,5,3,2,,2,2.45,-0.42,0.42,26.6,37.93820096959535,-29.144851093139682,51.47446250962211,27.59352427422348,51.80890475298504
FF,2025-10-10,95.6,1.98,5.42,"Carpenter, Kerry",681481,642100,,ball,,,,,12,Ball,D,L,L,SEA,DET,B,,,0,0,2025,1.24,1.06,1.7447310506680769,3.668076112007217,,595879,,0,6,Top,,,,,,,-3.4087203887729043,-139.19255275666166,-1.3825211744659804,16.904220466504267,30.64027218384203,-18.341024229038272,3.23798739505449,1.57534952917565,,,,95.3,2108,6,813054,663728,647304,593871,553993,641487,668227,677594,645302,54.47,,,,,,,,37,1,4-Seam Fastball,1,0,0,1,0,1,0,1,Infield shade,Standard,130,-0.005,0.032,,,,-0.032,,1,-1,0.561,0.43899999999999995,30,27,30,28,1,2,2,2,2,,1.43,1.24,1.24,30.0,,,,,
FF,2025-10-10,97,-1.48,5.69,"Rodríguez, Julio",677594,640448,,ball,,,,,14,Ball,D,R,R,SEA,DET,B,,,0,0,2025,-0.69,1.64,1.707254461847453,1.9088972171045344,,,,0,7,Bot,,,,,,,10.119917222224037,-140.69435661950897,-8.3029002710547,-11.52511653814841,32.13891395946922,-8.574094847926812,3.42263012471672,1.56781774200967,,,,97.1,2253,6.5,813054,693307,679529,650402,656716,595879,682985,678009,681481,53.97,,,,,,,,47,1,4-Seam Fastball,1,2,1,2,2,1,1,2,Standard,Standard,205,0.008,0.041,,,,-0.041,,-1,-1,0.364,0.364,33,24,34,25,1,2,2,2,,2,0.8,0.69,0.69,55.4,,,,,
FF,2025-10-10,95.8,-2.11,5.22,"Báez, Javier",595879,622491,,called_strike,,,,,6,Called Strike,D,R,R,SEA,DET,S,,,0,0,2025,-1.36,0.81,0.7761885213365611,2.7979066842682365,,693307,,2,14,Top,,,,,,,10.491182182799394,-139.05407161980546,-2.5152600459212104,-20.09016842867696,35.07470297017956,-21.303990354306777,3.46354719133438,1.62076201363134,,,,93.8,2325,5.5,813054,663728,647304,593871,553993,641487,668227,677594,645302,54.98,,,,,,,,105,1,4-Seam Fastball,2,2,2,2,2,2,2,2,Standard,Standard,241,0.016,-0.04,,,,0.04,,0,0,0.533,0.46699999999999997,32,32,33,33,1,5,5,2,6,,1.71,1.36,1.36,28.1,,,,,
FF,2025-10-10,93,-1.78,5.8,"Crawford, J.P.",641487,592454,,ball,,,,,11,Ball,D,L,R,SEA,DET,B,,,0,0,2025,-0.83,1.41,-1.6499513344248506,2.587903242196545,,,,0,15,Bot,,,,,,,2.1577847482878214,-135.364456230233,-5.531231979261274,-10.647152747849775,31.105123635407086,-13.888510877394856,3.3695359367927,1.59311377923055,,,,93.2,2258,6.5,813054,693307,679529,650402,656716,595879,682985,678009,681481,53.97,,,,,,,,113,1,4-Seam Fastball,2,2,2,2,2,2,2,2,Infield shade,Standard,207,0.007,0.041,,,,-0.041,,0,0,0.639,0.639,35,30,36,30,1,5,3,2,,2,1.24,0.83,-0.83,37.9,,,,,
FF,2025-10-10,95.2,-2.16,5.78,"Polanco, Jorge",593871,672456,,swinging_strike,,,,,13,Swinging Strike,D,L,R,SEA,DET,S,,,0,0,2025,-0.59,1.48,-0.8288620537160268,1.1488755195739415,,,,0,11,Bot,,,,,,,4.813792572192698,-138.26598439690304,-9.799351509552588,-8.60602702915193,31.886039137437752,-11.162943225292619,3.3,1.6,,,,95,2408,6.4,813054,693307,679529,650402,656716,595879,682985,678009,681481,54.13,,,,,,,,82,1,4-Seam Fastball,2,2,2,2,2,2,2,2,Infield shade,Standard,215,-0.009,-0.039,44.7,6.8,,0.039,,0,0,0.639,0.639,24,31,25,32,1,4,3,2,,2,1.05,0.59,-0.59,40.7,-0.6554863182537377,13.741724503517164,36.274199694498016,44.757712753678845,14.877303245556018
SL,2025-10-10,85.6,-1.97,5.52,"Carpenter, Kerry",681481,669923,,called_strike,,,,,5,Called Strike,D,L,R,SEA,DET,S,,,0,0,2025,0.79,-0.07,0.21170849163062966,2.1601857583656248,,,,0,1,Top,,,,,,,3.5724887534379737,-124.70078444327054,-1.5745411968225391,7.652447695598419,23.355763892502207,-32.77451373120752,3.27583456190563,1.55916935739924,,,,86.5,2430,6.7,813054,663728,647304,593871,553993,641487,668227,677594,645302,53.84,,,,,,,,1,1,Slider,0,0,0,0,0,0,0,0,Infield shade,Standard,37,0.003,-0.039,,,,0.039,,0,0,0.5,0.5,27,27,27,28,1,0,6,2,5,,3.15,-0.79,0.79,27.5,,,,,
FF,2025-10-10,99,-1.49,5.45,"Robles, Victor",645302,675512,double,hit_into_play,,,,,5,Victor Robles doubles (2) on a line drive to right fielder Kerry Carpenter.,D,R,R,SEA,DET,X,9,line_drive,0,0,2025,-0.63,1.24,0.11086297799739475,2.0469833516491946,,,,0,10,Bot,178.85,147.06,,,,,5.895270784346143,-143.95332766579037,-6.7969279471079975,-10.160864222537148,34.74437936423741,-13.557966014620364,3.2,1.52,141,100.6,6,99.8,2424,6.9,813054,693307,679529,650402,656716,595879,682985,678009,681481,53.63,0.623,0.593,1.25,1,1,1,4,72,1,4-Seam Fastball,2,2,2,2,2,2,2,2,Standard,Standard,214,0.166,0.716,65.8,6.0,0.728,-0.716,100.6,0,0,0.639,0.639,24,28,25,28,1,3,2,2,,2,1.1,0.63,0.63,36.6,-14.084164559135067,16.993166962524953,40.53348649898788,41.778963672376875,8.544197665358823
FF,2025-10-10,95.4,-1.84,5.81,"Crawford, J.P.",641487,676684,,ball,,,,,12,Ball,D,L,R,SEA,DET,B,,,0,0,2025,-0.42,1.43,0.19497841162135954,3.6775997760464554,,,,0,8,Bot,,,,,,,6.29615227575106,-138.84922208153324,-3.1863664855397524,-6.91768731088797,31.73769170335693,-13.174486137118066,3.2896662261096,1.62828030997762,,,,95.3,2210,6.3,813054,693307,679529,650402,656716,595879,682985,678009,681481,54.25,,,,,,,,58,1,4-Seam Fastball,2,2,2,2,2,2,2,2,Standard,Standard,211,0.006,0.041,,,,-0.041,,0,0,0.608,0.608,30,30,30,30,1,2,2,2,,2,1.08,0.42,-0.42,52.0,,,,,
FF,2025-10-10,97.5,1.52,6.21,"Arozarena, Randy",668227,669373,,called_strike,,,,,5,Called Strike,D,R,L,SEA,DET,S,,,0,0,2025,0.27,1.49,0.22878773694842136,2.2231635263865748,,,,0,1,Bot,,,,,,,-4.1079313000337265,-141.722262624099,-8.671925916836939,4.528447206504933,32.812678285215696,-10.282819014360692,3.31597532816919,1.61676198591393,,,,98,2350,6.6,813054,693307,679529,650402,656716,595879,682985,678009,681481,53.87,,,,,,,,5,1,4-Seam Fastball,0,0,0,0,0,0,0,0,Infield shade,Standard,160,-0.003,-0.039,,,,0.039,,0,0,0.548,0.548,28,30,29,30,1,0,5,2,,2,0.91,0.27,-0.27,53.9,,,,,
SL,2025-10-10,87.3,-0.66,6.01,"Dingler, Dillon",693307,669302,,called_strike,,,,,2,Called Strike,D,R,R,SEA,DET,S,,,0,0,2025,0.07,-0.04,0.036774663792357505,2.8268739993070997,,,,0,10,Top,,,,,,,1.5596531669386247,-127.27583694961346,-1.4651809802974827,0.4698418435345499,25.362099150882248,-32.57378185352437,3.22230395113909,1.50012604180467,,,,89.6,1744,7.5,813054,663728,647304,593871,553993,641487,668227,677594,645302,52.98,,,,,,,,69,1,Slider,2,2,2,2,2,2,2,2,Standard,Standard,48,0.009,-0.039,,,,0.039,,0,0,0.5,0.5,28,26,28,27,1,3,3,2,3,,3.02,-0.07,-0.07,46.3,,,,,
SL,2025-10-10,84.3,-2.25,5.16,"Torkelson, Spencer",679529,666374,,called_strike,,,,,2,Called Strike,D,R,R,SEA,DET,S,,,0,0,2025,1.4,-0.21,-0.2033978195878472,3.452871359928242,,,,2,6,Top,,,,,,,1.992742458815028,-122.75374707202059,2.882552032456432,13.618957318281199,26.314738414721095,-35.146131244727485,3.49327392490325,1.62409563808801,,,,84.4,2834,6.5,813054,663728,647304,593871,553993,641487,668227,677594,645302,54,,,,,,,,40,1,Slider,1,2,2,1,2,1,2,1,Standard,Standard,44,0.002,-0.043,,,,0.043,,-1,1,0.384,0.616,27,25,27,26,1,2,3,2,2,,3.44,-1.4,-1.4,26.2,,,,,
FC,2025-10-10,88.9,1.73,5.87,"Rivas, Leo",660844,663947,,called_strike,,,,,9,Called Strike,D,R,L,SEA,DET,S,,,0,0,2025,-0.31,0.71,0.3205022117018653,2.0026293429459434,,593871,647304,2,7,Bot,,,,,,,-2.8224406024200226,-129.58528709472478,-5.015795654988486,-3.0425246951222062,24.04376073326,-23.40978851168395,3.19019071949188,1.50704160618448,,,,89.7,2460,6.5,813054,693307,679529,650402,656716,595879,682985,678009,681481,54.04,,,,,,,,51,1,Cutter,1,2,1,2,2,1,1,2,Standard,Standard,179,-0.015,-0.047,,,,0.047,,-1,-1,0.352,0.352,29,27,29,28,1,0,2,12,,3,2.14,-0.31,0.31,43.1,,,,,
SL,2025-10-10,84.7,-2.93,5.33,"Carpenter, Kerry",681481,662253,,ball,,,,,14,Ball,D,L,R,SEA,DET,B,,,0,0,2025,0.39,-0.18,1.1927220746178622,0.458407565114066,,,,2,8,Top,,,,,,,8.86878139469073,-122.99441371060036,-4.650303516365913,2.1695783165874003,25.130044118099512,-33.25262659128092,3.48794627502389,1.66969829495629,,,,84.9,2319,6.6,813054,663728,647304,593871,553993,641487,668227,677594,645302,53.88,,,,,,,,55,1,Slider,2,2,2,2,2,2,2,2,Infield shade,Standard,85,-0.003,0.037,,,,-0.037,,0,0,0.582,0.41800000000000004,26,27,26,28,1,3,3,2,2,,3.38,-0.39,0.39,31.8,,,,,
,2025-10-10,,,,"Carpenter, Kerry",681481,660825,intent_walk,automatic_ball,,,,,,Eduard Bazardo intentionally walks Kerry Carpenter. Javier Báez to 2nd.,D,L,R,SEA,DET,B,,,3,0,2025,,,,,693307,,595879,2,12,Top,,,,,,,,,,,,,,,,,,,,,813054,663728,647304,593871,553993,641487,668227,677594,645302,,,,0.4,0,0,0,,89,4,,2,2,2,2,2,2,2,2,,,,-0.016,,,,,,,0,0,0.477,0.523,29,27,30,28,1,5,2,2,3,,,,,,,,,,
,2025-10-10,,,,"Carpenter, Kerry",681481,660825,,automatic_ball,,,,,,Automatic Ball - Intentional,D,L,R,SEA,DET,B,,,0,0,2025,,,,,693307,,595879,2,12,Top,,,,,,,,,,,,,,,,,,,,,813054,663728,647304,593871,553993,641487,668227,677594,645302,,,,,,,,,89,1,,2,2,2,2,2,2,2,2,,,,-0.004,,,,,,,0,0,0.501,0.499,29,27,30,28,1,5,2,2,3,,,,,,,,,,
,2025-10-10,,,,"Carpenter, Kerry",681481,660825,,automatic_ball,,,,,,Automatic Ball - Intentional,D,L,R,SEA,DET,B,,,2,0,2025,,,,,693307,,595879,2,12,Top,,,,,,,,,,,,,,,,,,,,,813054,663728,647304,593871,553993,641487,668227,677594,645302,,,,,,,,,89,3,,2,2,2,2,2,2,2,2,,,,-0.012,,,,,,,0,0,0.489,0.511,29,27,30,28,1,5,2,2,3,,,,,,,,,,
,2025-10-10,,,,"Carpenter, Kerry",681481,660825,,automatic_ball,,,,,,Automatic Ball - Intentional,D,L,R,SEA,DET,B,,,1,0,2025,,,,,693307,,595879,2,12,Top,,,,,,,,,,,,,,,,,,,,,813054,663728,647304,593871,553993,641487,668227,677594,645302,,,,,,,,,89,2,,2,2,2,2,2,2,2,2,,,,-0.008,,,,,,,0,0,0.497,0.503,29,27,30,28,1,5,2,2,3,,,,,,,,,,
,2025-10-10,,,,"Rodríguez, Julio",677594,592454,,automatic_ball,,,,,,Automatic Ball - Intentional,D,R,R,SEA,DET,B,,,2,0,2025,,,,,641487,668227,,1,15,Bot,,,,,,,,,,,,,,,,,,,,,813054,693307,679529,650402,656716,595879,682985,678009,681481,,,,,,,,,116,3,,2,2,2,2,2,2,2,2,,,,0,,,,,,,0,0,0.843,0.843,35,24,36,25,1,6,3,2,,2,,,,,,,,,
,2025-10-10,,,,"Rodríguez, Julio",677594,592454,,automatic_ball,,,,,,Automatic Ball - Intentional,D,R,R,SEA,DET,B,,,1,0,2025,,,,,641487,668227,,1,15,Bot,,,,,,,,,,,,,,,,,,,,,813054,693307,679529,650402,656716,595879,682985,678009,681481,,,,,,,,,116,2,,2,2,2,2,2,2,2,2,,,,0,,,,,,,0,0,0.843,0.843,35,24,36,25,1,6,3,2,,2,,,,,,,,,
,2025-10-10,,,,"Rodríguez, Julio",677594,592454,,automatic_ball,,,,,,Automatic Ball - Intentional,D,R,R,SEA,DET,B,,,0,0,2025,,,,,641487,668227,,1,15,Bot,,,,,,,,,,,,,,,,,,,,,813054,693307,679529,650402,656716,595879,682985,678009,681481,,,,,,,,,116,1,,2,2,2,2,2,2,2,2,,,,0,,,,,,,0,0,0.843,0.843,35,24,36,25,1,6,3,2,,2,,,,,,,,,
,2025-10-10,,,,"Rodríguez, Julio",677594,592454,intent_walk,automatic_ball,,,,,,Tommy Kahnle intentionally walks Julio Rodríguez.,D,R,R,SEA,DET,B,,,3,0,2025,,,,,641487,668227,,1,15,Bot,,,,,,,,,,,,,,,,,,,,,813054,693307,679529,650402,656716,595879,682985,678009,681481,,,,0.4,0,0,0,,116,4,,2,2,2,2,2,2,2,2,,,,-0.006,,,,,,,0,0,0.843,0.843,35,24,36,25,1,6,3,2,,2,,,,,,,,,
,2025-10-10,,,,"Raleigh, Cal",663728,675512,,automatic_ball,,,,,,Automatic Ball - Intentional,D,L,R,SEA,DET,B,,,2,0,2025,,,,,,645302,,2,10,Bot,,,,,,,,,,,,,,,,,,,,,813054,693307,679529,650402,656716,595879,682985,678009,681481,,,,,,,,,75,3,,2,2,2,2,2,2,2,2,,,,0.001,,,,,,,0,0,0.611,0.611,24,28,25,29,1,4,2,2,,2,,,,,,,,,
,2025-10-10,,,,"Raleigh, Cal",663728,675512,intent_walk,automatic_ball,,,,,,Troy Melton intentionally walks Cal Raleigh.,D,L,R,SEA,DET,B,,,3,0,2025,,,,,,645302,,2,10,Bot,,,,,,,,,,,,,,,,,,,,,813054,693307,679529,650402,656716,595879,682985,678009,681481,,,,0.4,0,0,0,,75,4,,2,2,2,2,2,2,2,2,,,,0.002,,,,,,,0,0,0.612,0.612,24,28,25,29,1,4,2,2,,2,,,,,,,,,
,2025-10-10,,,,"Raleigh, Cal",663728,675512,,automatic_ball,,,,,,Automatic Ball - Intentional,D,L,R,SEA,DET,B,,,1,0,2025,,,,,,645302,,2,10,Bot,,,,,,,,,,,,,,,,,,,,,813054,693307,679529,650402,656716,595879,682985,678009,681481,,,,,,,,,75,2,,2,2,2,2,2,2,2,2,,,,0.001,,,,,,,0,0,0.61,0.61,24,28,25,29,1,4,2,2,,2,,,,,,,,,
,2025-10-10,,,,"Raleigh, Cal",663728,675512,,automatic_ball,,,,,,Automatic Ball - Intentional,D,L,R,SEA,DET,B,,,0,0,2025,,,,,,645302,,2,10,Bot,,,,,,,,,,,,,,,,,,,,,813054,693307,679529,650402,656716,595879,682985,678009,681481,,,,,,,,,75,1,,2,2,2,2,2,2,2,2,,,,0,,,,,,,0,0,0.61,0.61,24,28,25,29,1,4,2,2,,2,,,,,,,,,
,2025-10-10,,,,"Greene, Riley",682985,669302,,automatic_ball,,,,,,Automatic Ball - Intentional,D,L,R,SEA,DET,B,,,1,0,2025,,,,,,681481,,1,11,Top,,,,,,,,,,,,,,,,,,,,,813054,663728,647304,593871,553993,641487,668227,677594,645302,,,,,,,,,79,2,,2,2,2,2,2,2,2,2,,,,-0.004,,,,,,,0,0,0.436,0.5640000000000001,28,24,28,25,1,4,3,2,3,,,,,,,,,,
,2025-10-10,,,,"Greene, Riley",682985,669302,,automatic_ball,,,,,,Automatic Ball - Intentional,D,L,R,SEA,DET,B,,,2,0,2025,,,,,,681481,,1,11,Top,,,,,,,,,,,,,,,,,,,,,813054,663728,647304,593871,553993,641487,668227,677594,645302,,,,,,,,,79,3,,2,2,2,2,2,2,2,2,,,,-0.007,,,,,,,0,0,0.432,0.5680000000000001,28,24,28,25,1,4,3,2,3,,,,,,,,,,
,2025-10-10,,,,"Greene, Riley",682985,669302,intent_walk,automatic_ball,,,,,,Logan Gilbert intentionally walks Riley Greene.,D,L,R,SEA,DET,B,,,3,0,2025,,,,,,681481,,1,11,Top,,,,,,,,,,,,,,,,,,,,,813054,663728,647304,593871,553993,641487,668227,677594,645302,,,,0.4,0,0,0,,79,4,,2,2,2,2,2,2,2,2,,,,-0.008,,,,,,,0,0,0.425,0.575,28,24,28,25,1,4,3,2,3,,,,,,,,,,
,2025-10-10,,,,"Greene, Riley",682985,669302,,automatic_ball,,,,,,Automatic Ball - Intentional,D,L,R,SEA,DET,B,,,0,0,2025,,,,,,681481,,1,11,Top,,,,,,,,,,,,,,,,,,,,,813054,663728,647304,593871,553993,641487,668227,677594,645302,,,,,,,,,79,1,,2,2,2,2,2,2,2,2,,,,-0.002,,,,,,,0,0,0.438,0.562,28,24,28,25,1,4,3,2,3,,,,,,,,,,
