pitch_type,game_date,release_speed,release_pos_x,release_pos_z,player_name,batter,pitcher,events,description,spin_dir,spin_rate_deprecated,break_angle_deprecated,break_length_deprecated,zone,des,game_type,stand,p_throws,home_team,away_team,type,hit_location,bb_type,balls,strikes,game_year,pfx_x,pfx_z,plate_x,plate_z,on_3b,on_2b,on_1b,outs_when_up,inning,inning_topbot,hc_x,hc_y,tfs_deprecated,tfs_zulu_deprecated,umpire,sv_id,vx0,vy0,vz0,ax,ay,az,sz_top,sz_bot,hit_distance_sc,launch_speed,launch_angle,effective_speed,release_spin_rate,release_extension,game_pk,fielder_2,fielder_3,fielder_4,fielder_5,fielder_6,fielder_7,fielder_8,fielder_9,release_pos_y,estimated_ba_using_speedangle,estimated_woba_using_speedangle,woba_value,woba_denom,babip_value,iso_value,launch_speed_angle,at_bat_number,pitch_number,pitch_name,home_score,away_score,bat_score,fld_score,post_away_score,post_home_score,post_bat_score,post_fld_score,if_fielding_alignment,of_fielding_alignment,spin_axis,delta_home_win_exp,delta_run_exp,bat_speed,swing_length,estimated_slg_using_speedangle,delta_pitcher_run_exp,hyper_speed,home_score_diff,bat_score_diff,home_win_exp,bat_win_exp,age_pit_legacy,age_bat_legacy,age_pit,age_bat,n_thruorder_pitcher,n_priorpa_thisgame_player_at_bat,pitcher_days_since_prev_game,batter_days_since_prev_game,pitcher_days_until_next_game,batter_days_until_next_game,api_break_z_with_gravity,api_break_x_arm,api_break_x_batter_in,arm_angle,attack_angle,attack_direction,swing_path_tilt,intercept_ball_minus_batter_pos_x_inches,intercept_ball_minus_batter_pos_y_inches
FF,2025-10-27,96.3,-1.48,5.9,"Bichette, Bo",666182,607192,strikeout,called_strike,,,,,7,Bo Bichette called out on strikes.,W,R,R,LAD,TOR,S,2,,2,2,2025,-0.03,1.41,-0.6052119451601289,2.013881477631133,,,664770,1,5,Top,,,,,,,2.4494326328857916,-140.08383102124412,-8.097786589685807,-0.9423163056835157,30.429038448037844,-11.99414157209502,3.4518403955996,1.55657152543683,,,,98.3,2447,7.4,813032,669257,518692,669242,571970,605141,571771,681624,606192,53.14,,0,0,1,0,0,,38,7,4-Seam Fastball,2,4,4,2,4,2,4,2,Standard,Standard,192,0.02,-0.222,,,,0.222,,-2,2,0.25,0.75,31,27,32,27,3,2,11,2,4,1,1.04,0.03,0.03,54.5,,,,,
SL,2025-10-27,88.4,-1.67,5.8,"Bichette, Bo",666182,607192,,foul,,,,,3,Foul,W,R,R,LAD,TOR,S,,,2,2,2025,0.11,-0.37,0.5060066498385571,3.597162518425325,,,664770,1,5,Top,,,,,,,5.190482694309645,-128.70689453061823,1.5110754238044644,0.12106444608669216,26.480216738875235,-36.80595008122348,3.68,1.73,,,,90.1,2641,7.3,813032,669257,518692,669242,571970,605141,571771,681624,606192,53.2,,,,,,,,38,6,Slider,2,4,4,2,4,2,4,2,Standard,Standard,61,0,0,65.5,7.1,,0,,-2,2,0.25,0.75,31,27,32,27,3,2,11,2,4,1,3.28,-0.11,-0.11,56.1,9.813622768969738,5.260491977169591,14.86286037230595,38.68700943834328,22.593893640295175
SI,2025-10-27,96,-1.58,5.8,"Bichette, Bo",666182,607192,,foul,,,,,3,Foul,W,R,R,LAD,TOR,S,,,2,2,2025,-0.99,1.06,0.3979934661836442,3.570422849818829,,,664770,1,5,Top,,,,,,,7.697915615600695,-139.60949475056,-2.7377250146889494,-14.664976682382516,33.28558844250821,-17.863239264507847,3.68,1.73,325,98.9,20,98.5,2543,7.8,813032,669257,518692,669242,571970,605141,571771,681624,606192,52.67,,,,,,,,38,5,Sinker,2,4,4,2,4,2,4,2,Standard,Standard,190,0,0,64.0,6.0,,0,98.9,-2,2,0.25,0.75,31,27,32,27,3,2,11,2,4,1,1.42,0.99,0.99,53.2,-8.55753399505482,29.33276810091545,26.507737277089404,37.37671298342588,10.637968043677313
CU,2025-10-27,81.5,-1.52,6.03,"Bichette, Bo",666182,607192,,swinging_strike_blocked,,,,,14,Swinging Strike (Blocked),W,R,R,LAD,TOR,S,,,2,1,2025,0.46,-1.36,0.8651918223498326,0.15395003897565562,,,664770,1,5,Top,,,,,,,4.547374661498251,-118.56951981929562,-3.960600820452658,3.3571303344007872,25.30699443113328,-44.23142772277607,3.68,1.73,,,,82.6,2817,7.3,813032,669257,518692,669242,571970,605141,571771,681624,606192,53.23,,,,,,,,38,4,Curveball,2,4,4,2,4,2,4,2,Standard,Standard,19,0.006,-0.075,62.3,9.0,,0.075,,-2,2,0.244,0.756,31,27,32,27,3,2,11,2,4,1,4.82,-0.46,-0.46,58.1,29.742625021555234,-44.9235351988486,34.705471905079364,40.83068035830016,62.90270916449629
SL,2025-10-27,91.9,-1.84,5.83,"Bichette, Bo",666182,607192,,ball,,,,,14,Ball,W,R,R,LAD,TOR,B,,,1,1,2025,0.38,0.43,2.079916746834632,1.2063286736817362,,,664770,1,5,Top,,,,,,,9.306166048630073,-133.55441457442276,-6.978195540800125,2.734521357613837,27.028969441616358,-25.668994300260792,3.76212539312122,1.72999864561203,,,,94.2,2605,7.6,813032,669257,518692,669242,571970,605141,571771,681624,606192,52.91,,,,,,,,38,3,Slider,2,4,4,2,4,2,4,2,Standard,Standard,196,-0.004,0.063,,,,-0.063,,-2,2,0.248,0.752,31,27,32,27,3,2,11,2,4,1,2.26,-0.38,-0.38,50.8,,,,,
SL,2025-10-27,89.9,-1.8,5.71,"Bichette, Bo",666182,607192,,swinging_strike,,,,,14,Swinging Strike,W,R,R,LAD,TOR,S,,,1,0,2025,0.22,0.05,1.581749786639573,0.8849203319162102,,,664770,1,5,Top,,,,,,,8.071007612033576,-130.70090780896624,-6.213204288455198,0.9083742113941489,26.76845150910955,-30.547333199947623,3.68,1.73,,,,91.9,2540,7.5,813032,669257,518692,669242,571970,605141,571771,681624,606192,53.01,,,,,,,,38,2,Slider,2,4,4,2,4,2,4,2,Standard,Standard,88,0.004,-0.056,36.4,7.0,,0.056,,-2,2,0.244,0.756,31,27,32,27,3,2,11,2,4,1,2.77,-0.22,-0.22,48.0,-3.6420813549056703,11.780416878163136,35.18617268615838,51.52368111434309,18.070878335348013
SL,2025-10-27,86,-3.31,5.3,"Pages, Andy",681624,453286,field_out,hit_into_play,,,,,6,Andy Pages flies out to right fielder Addison Barger.,W,R,R,LAD,TOR,X,9,fly_ball,0,1,2025,0.33,0.35,0.48738809758361834,2.2671173908391538,,,571771,0,5,Bot,178.55,85.59,,,,,8.347277590573546,-125.00405411588784,-1.66734080300643,1.857404431852298,23.698990676858557,-28.4126054082859,3.48,1.59,309,93.5,37,86.3,2499,6.4,813032,672386,665489,666182,676391,665926,664770,662139,680718,54.07,0.056,0.096,0,1,0,0,3,41,2,Slider,2,4,2,4,4,2,2,4,Standard,Standard,156,-0.043,-0.199,74.8,8.3,0.17,0.199,93.5,-2,-2,0.336,0.336,40,24,41,25,2,1,11,2,5,1,2.73,-0.33,-0.33,28.9,11.433051993876118,-6.087068864195416,41.97389406324438,39.34239857885725,35.93364993199013
SI,2025-10-27,96.7,-1.64,5.8,"Bichette, Bo",666182,607192,,ball,,,,,14,Ball,W,R,R,LAD,TOR,B,,,0,0,2025,-1.13,1.16,1.1795312287846937,1.5698729716090831,,,664770,1,5,Top,,,,,,,10.30203938118485,-140.2242195429759,-8.524091284903948,-17.174129851285404,31.14279412094636,-15.007238037763445,3.80985122653883,1.79947822244571,,,,98.8,2598,7.6,813032,669257,518692,669242,571970,605141,571771,681624,606192,52.92,,,,,,,,38,1,Sinker,2,4,4,2,4,2,4,2,Standard,Standard,191,-0.003,0.035,,,,-0.035,,-2,2,0.247,0.753,31,27,32,27,3,2,11,2,4,1,1.29,1.13,1.13,56.6,,,,,
SI,2025-10-27,97,-1.64,5.77,"Guerrero Jr., Vladimir",665489,607192,field_out,hit_into_play,,,,,5,Vladimir Guerrero Jr. flies out to right fielder Teoscar Hernández.,W,R,R,LAD,TOR,X,9,fly_ball,1,2,2025,-0.83,1.28,0.24363662845102718,2.2655550756711405,,,664770,0,5,Top,190.4,129.12,,,,,7.117270999411245,-141.07967861254954,-6.9579243374746875,-12.648819743322402,29.186969927138833,-13.66266598249949,3.63,1.6,236,79.6,45,99.8,2461,7.6,813032,669257,518692,669242,571970,605141,571771,681624,606192,52.85,0.035,0.034,0,1,0,0,3,37,4,Sinker,2,4,4,2,4,2,4,2,Standard,Standard,188,0.018,-0.164,79.8,7.4,0.044,0.164,88.0,-2,2,0.229,0.771,31,26,32,26,3,2,11,2,4,1,1.13,0.83,0.83,52.7,-5.437607458865251,3.6018022174712527,35.08610604139116,37.92302434706043,27.8292749679077
FF,2025-10-27,93.9,-3.06,5.63,"Pages, Andy",681624,453286,,called_strike,,,,,4,Called Strike,W,R,R,LAD,TOR,S,,,0,0,2025,-0.85,1.37,-0.3228783314823501,2.5206612008363734,,,571771,0,5,Bot,,,,,,,8.95601847146354,-136.35667701388502,-5.273002553223712,-12.703222340735806,33.150434591851514,-14.14913511873472,3.51720635723404,1.59000005429508,,,,93.4,2568,6.4,813032,672386,665489,666182,676391,665926,664770,662139,680718,54.14,,,,,,,,41,1,4-Seam Fastball,2,4,2,4,4,2,2,4,Standard,Standard,213,-0.007,-0.043,,,,0.043,,-2,-2,0.343,0.343,40,24,41,25,2,1,11,2,5,1,1.25,0.85,0.85,36.7,,,,,
FF,2025-10-27,94.9,-3.1,5.59,"Hernández, Enrique",571771,453286,single,hit_into_play,,,,,2,Enrique Hernández singles on a ground ball to center fielder Daulton Varsho.,W,R,R,LAD,TOR,X,8,ground_ball,1,2,2025,-0.68,1.35,-0.05281272295500339,3.4394378465263498,,,,0,5,Bot,115.9,126.08,,,,,9.479280952721611,-137.80366721703663,-2.9150623451382094,-10.832441493525657,32.72112395674061,-14.590468561983942,3.43,1.67,118,101.8,6,94.6,2527,6.4,813032,672386,665489,666182,676391,665926,664770,662139,680718,54.14,0.638,0.605,0.9,1,1,0,4,40,5,4-Seam Fastball,2,4,2,4,4,2,2,4,Standard,Standard,214,0.064,0.508,67.8,6.6,0.745,-0.508,101.8,-2,-2,0.279,0.279,40,33,41,34,2,1,11,2,5,1,1.21,0.68,0.68,33.2,3.8722276030086795,0.15010582155558383,17.242678738495304,36.82101385453507,29.886981502883703
SL,2025-10-27,90.1,-1.81,5.8,"Guerrero Jr., Vladimir",665489,607192,,ball,,,,,14,Ball,W,R,R,LAD,TOR,B,,,0,2,2025,0.35,0.01,1.4194714894544285,1.7626299833774897,,,664770,0,5,Top,,,,,,,7.487739806604694,-131.11095751072057,-4.214967864892589,2.5408389901389468,25.994980398593615,-31.389961345038483,3.67129294689027,1.59999873619677,,,,92.7,2658,7.7,813032,669257,518692,669242,571970,605141,571771,681624,606192,52.82,,,,,,,,37,3,Slider,2,4,4,2,4,2,4,2,Standard,Standard,71,-0.003,0.017,,,,-0.017,,-2,2,0.232,0.768,31,26,32,26,3,2,11,2,4,1,2.78,-0.35,-0.35,49.4,,,,,
CU,2025-10-27,81.6,-1.52,6.01,"Guerrero Jr., Vladimir",665489,607192,,foul,,,,,7,Foul,W,R,R,LAD,TOR,S,,,0,1,2025,0.62,-1.13,-0.34926703684465044,2.0774662109548467,,,664770,0,5,Top,,,,,,,1.4763783541980386,-118.78563114073599,-0.011078585433582866,5.506668200381173,24.783831696357655,-43.049978394265395,3.63,1.6,13,79.6,-9,83,2649,7.4,813032,669257,518692,669242,571970,605141,571771,681624,606192,53.07,,,,,,,,37,2,Curveball,2,4,4,2,4,2,4,2,Standard,Standard,18,0.006,-0.053,77.5,8.3,,0.053,88.0,-2,2,0.226,0.774,31,26,32,26,3,2,11,2,4,1,4.58,-0.62,-0.62,55.9,12.440325056671156,-35.08347299086377,26.13441512282673,29.71239155725238,54.36180835375079
CU,2025-10-27,76.8,-3.04,5.69,"Hernández, Enrique",571771,453286,,foul,,,,,4,Foul,W,R,R,LAD,TOR,S,,,1,2,2025,0.85,-0.38,-0.3093715208201495,2.598114172764785,,,,0,5,Bot,,,,,,,4.260567580245607,-111.73007130722341,1.1583772396996286,6.295265248662156,20.5258227620383,-35.76336798628258,3.43,1.67,,,,76.9,2592,6.4,813032,672386,665489,666182,676391,665926,664770,662139,680718,54.1,,,,,,,,40,4,Curveball,2,4,2,4,4,2,2,4,Standard,Standard,62,0,0,70.9,6.8,,0,,-2,-2,0.279,0.279,40,33,41,34,2,1,11,2,5,1,4.25,-0.85,-0.85,36.5,7.31976072310391,-0.719604935529584,31.193624515231676,33.2190254647119,35.622571925715
SL,2025-10-27,89.3,-1.97,5.7,"Guerrero Jr., Vladimir",665489,607192,,called_strike,,,,,6,Called Strike,W,R,R,LAD,TOR,S,,,0,0,2025,0.25,0.1,0.6684342169961699,2.284068719898284,,,664770,0,5,Top,,,,,,,6.090911446811317,-129.92486857255196,-2.653540123896083,1.5632812419945548,26.081572890822844,-30.701938476293748,3.65276260080703,1.59999877681365,,,,91.2,2470,7.3,813032,669257,518692,669242,571970,605141,571771,681624,606192,53.17,,,,,,,,37,1,Slider,2,4,4,2,4,2,4,2,Standard,Standard,90,0.004,-0.043,,,,0.043,,-2,2,0.222,0.778,31,26,32,26,3,2,11,2,4,1,2.75,-0.25,-0.25,47.9,,,,,
SL,2025-10-27,86.7,-3.17,5.46,"Hernández, Enrique",571771,453286,,swinging_strike,,,,,14,Swinging Strike,W,R,R,LAD,TOR,S,,,1,1,2025,0.33,0.03,0.6879959456381108,1.4142328838182836,,,,0,5,Bot,,,,,,,8.529074952118753,-125.95735831818347,-3.5253565615347346,1.799831109068046,25.621943123203426,-31.311852213767907,3.43,1.67,,,,86.5,2240,6.3,813032,672386,665489,666182,676391,665926,664770,662139,680718,54.23,,,,,,,,40,3,Slider,2,4,2,4,4,2,2,4,Standard,Standard,153,-0.008,-0.061,74.7,8.5,,0.061,,-2,-2,0.287,0.287,40,33,41,34,2,1,11,2,5,1,3.01,-0.33,-0.33,29.9,18.58101915699573,-19.689651675474977,30.89212247998522,45.779060470229325,42.78749827393428
SI,2025-10-27,96.7,-1.72,5.79,"Lukes, Nathan",664770,607192,walk,ball,,,,,11,Nathan Lukes walks.,W,L,R,LAD,TOR,B,,,3,2,2025,-1.25,1.07,-0.506508365281024,4.313651910515999,,,,0,5,Top,,,,,,,6.25879361400524,-140.71385536040228,-0.7919722214481143,-18.020453146101218,33.85883892221216,-18.088473349853576,3.3119767734262,1.53999887040056,,,,99,2414,7.7,813032,669257,518692,669242,571970,605141,571771,681624,606192,52.81,,0.691497,0.7,1,0,0,,36,8,Sinker,2,4,4,2,4,2,4,2,Strategic,Standard,196,-0.023,0.356,,,,-0.356,,-2,2,0.245,0.755,31,30,32,31,3,2,11,2,4,1,1.38,1.25,-1.25,55.8,,,,,
FF,2025-10-27,93.8,-3.14,5.53,"Hernández, Enrique",571771,453286,,foul,,,,,5,Foul,W,R,R,LAD,TOR,S,,,1,0,2025,-0.77,1.4,0.08243062616370034,2.8708342000553153,,,,0,5,Bot,,,,,,,10.011672760039762,-136.13955834415393,-4.200553396882041,-11.786127618127793,30.8166240107469,-14.053253081522676,3.43,1.67,215,74.8,35,93.5,2530,6.3,813032,672386,665489,666182,676391,665926,664770,662139,680718,54.16,,,,,,,,40,2,4-Seam Fastball,2,4,2,4,4,2,2,4,Standard,Standard,219,-0.007,-0.05,72.5,7.1,,0.05,88.0,-2,-2,0.294,0.294,40,33,41,34,2,1,11,2,5,1,1.21,0.77,0.77,31.1,3.811182008718728,0.3671398887381161,27.124596692164236,38.39783469294246,26.46524466099836
SI,2025-10-27,95.7,-1.72,5.76,"Lukes, Nathan",664770,607192,,foul,,,,,1,Foul,W,L,R,LAD,TOR,S,,,3,2,2025,-0.81,1.21,-0.6020248132361229,3.4568991065243564,,,,0,5,Top,,,,,,,4.8985165744678625,-139.34800510152482,-3.310099893870165,-11.636436703934784,29.702410499242752,-15.820984949293505,3.35,1.54,264,86.9,54,98.3,2274,7.6,813032,669257,518692,669242,571970,605141,571771,681624,606192,52.88,,,,,,,,36,7,Sinker,2,4,4,2,4,2,4,2,Strategic,Standard,194,0,0,59.5,5.7,,0,88.0,-2,2,0.245,0.755,31,30,32,31,3,2,11,2,4,1,1.26,0.81,-0.81,53.7,8.665423741811715,30.729199888539057,15.235255667058004,47.39563184655956,12.508909318333778
FF,2025-10-27,93.4,-3.32,5.52,"Hernández, Enrique",571771,453286,,ball,,,,,11,Ball,W,R,R,LAD,TOR,B,,,0,0,2025,-0.91,1.38,-1.1473759142718516,3.0153827778721345,,,,0,5,Bot,,,,,,,7.5872671048054885,-135.79096639611143,-3.6908436004688414,-12.97072861826723,32.53720175573486,-14.520281121353538,3.39563911943022,1.67000117778109,,,,92.9,2497,6.3,813032,672386,665489,666182,676391,665926,664770,662139,680718,54.24,,,,,,,,40,1,4-Seam Fastball,2,4,2,4,4,2,2,4,Standard,Standard,217,0.005,0.041,,,,-0.041,,-2,-2,0.289,0.289,40,33,41,34,2,1,11,2,5,1,1.26,0.91,0.91,31.8,,,,,
CU,2025-10-27,86.1,-1.35,5.79,"Heineman, Tyler",623168,694361,strikeout,swinging_strike,,,,,6,Tyler Heineman strikes out swinging.,W,L,R,LAD,TOR,S,2,,3,2,2025,0.75,-1.07,0.8276386693921953,2.3089842204508964,643396,662139,,2,18,Top,,,,,,,3.655739314287332,-125.31189893538469,0.24708601447923884,7.006392200431656,28.603981905131967,-43.66978126393126,3.17,1.47,,,,86.3,2551,6.7,813032,669257,518692,500743,571970,605141,669743,669242,606192,53.82,,0,0,1,0,0,,152,6,Curveball,5,5,5,5,5,5,5,5,Standard,Standard,23,0.15,-0.248,68.4,7.0,,0.248,,0,0,0.489,0.511,25,34,26,34,2,2,3,32,,,4.18,-0.75,0.75,51.1,2.707124628564946,-26.391499444911158,28.412736039612565,25.168986799600017,35.302043853105594
SI,2025-10-27,96.1,-1.68,5.81,"Lukes, Nathan",664770,607192,,foul,,,,,2,Foul,W,L,R,LAD,TOR,S,,,3,2,2025,-0.91,1.25,0.1326746261742039,3.249474768717506,,,,0,5,Top,,,,,,,7.06706891983977,-139.67583628983067,-4.095751977511771,-13.54834472866321,32.522200482315895,-15.13670795992203,3.35,1.54,261,77.2,38,98.4,2468,7.7,813032,669257,518692,669242,571970,605141,571771,681624,606192,52.81,,,,,,,,36,6,Sinker,2,4,4,2,4,2,4,2,Strategic,Standard,187,0,0,55.8,5.1,,0,88.0,-2,2,0.245,0.755,31,30,32,31,3,2,11,2,4,1,1.23,0.91,-0.91,56.7,-5.107567962826091,20.68148901614436,26.861374530115665,37.705710291510435,18.324613306607866
FF,2025-10-27,94,-3.05,5.71,"Edman, Tommy",669242,453286,field_out,hit_into_play,,,,,2,Tommy Edman pops out to third baseman Ernie Clement.,W,L,R,LAD,TOR,X,5,popup,1,1,2025,-0.69,1.31,-0.24605212000504773,2.8595240214744484,,,,2,4,Bot,102.33,157.16,,,,,8.788784690711804,-136.64121642488053,-4.5763317355968764,-10.600733554437467,29.92608109393213,-14.9057102283096,3.38,1.57,129,81.1,68,94,2382,6.3,813032,672386,665489,666182,676391,665926,664770,662139,680718,54.16,0.003,0.002,0,1,0,0,3,35,3,4-Seam Fastball,2,4,2,4,4,2,2,4,Standard,Standard,213,-0.012,-0.244,67.2,6.5,0.003,0.244,88.0,-2,-2,0.261,0.261,40,30,41,30,2,1,11,2,5,1,1.27,0.69,-0.69,43.0,6.526195690689372,0.8644075994432678,26.58655855690595,36.544179988886484,28.029871908445614
FF,2025-10-27,96.8,-1.2,5.63,"Heineman, Tyler",623168,694361,,called_strike,,,,,6,Called Strike,W,L,R,LAD,TOR,S,,,3,1,2025,-0.71,1.62,0.7896025234493887,1.9916784205712592,643396,662139,,2,18,Top,,,,,,,6.990225693861498,-140.6579545316495,-7.879135588735261,-11.03657848705836,33.96158692483598,-9.073252841592545,3.13636755023135,1.47000008316472,,,,97.5,2191,6.9,813032,669257,518692,500743,571970,605141,669743,669242,606192,53.59,,,,,,,,152,5,4-Seam Fastball,5,5,5,5,5,5,5,5,Standard,Standard,215,0.008,-0.064,,,,0.064,,0,0,0.481,0.519,25,34,26,34,2,2,3,32,,,0.83,0.71,-0.71,48.0,,,,,
CH,2025-10-27,85.7,-3.24,5.39,"Edman, Tommy",669242,453286,,ball,,,,,13,Ball,W,L,R,LAD,TOR,B,,,0,1,2025,-1.24,0.04,-1.6105641216708035,2.267028389541408,,,,2,4,Bot,,,,,,,6.363589373098018,-124.64131072622216,-1.2065232492011355,-14.19286738851517,24.577622923393008,-31.703318371554033,3.45812739228966,1.64259574248911,,,,85.9,1470,6.4,813032,672386,665489,666182,676391,665926,664770,662139,680718,54.1,,,,,,,,35,2,Changeup,2,4,2,4,4,2,2,4,Standard,Standard,242,0.001,0.027,,,,-0.027,,-2,-2,0.26,0.26,40,30,41,30,2,1,11,2,5,1,3.06,1.24,-1.24,27.9,,,,,
SI,2025-10-27,95.5,-1.67,5.8,"Lukes, Nathan",664770,607192,,ball,,,,,12,Ball,W,L,R,LAD,TOR,B,,,2,2,2025,-0.86,1.21,0.7562038738350888,3.946576999046669,,,,0,5,Top,,,,,,,8.54034344812873,-138.80951286947916,-1.96782866982034,-13.103134350101051,33.04899244317393,-16.385271825953414,3.31921770759907,1.54000081198489,,,,97.5,2404,7.6,813032,669257,518692,669242,571970,605141,571771,681624,606192,52.87,,,,,,,,36,5,Sinker,2,4,4,2,4,2,4,2,Strategic,Standard,189,-0.007,0.112,,,,-0.112,,-2,2,0.252,0.748,31,30,32,31,3,2,11,2,4,1,1.31,0.86,-0.86,51.5,,,,,
FF,2025-10-27,98.1,-1.23,5.64,"Heineman, Tyler",623168,694361,,ball,,,,,14,Ball,W,L,R,LAD,TOR,B,,,2,1,2025,-0.54,1.5,1.593318038911981,1.5677424866653675,643396,662139,,2,18,Top,,,,,,,8.969494010528994,-142.24462527207754,-9.013043761079302,-9.493338777903787,35.836962487742404,-9.794481636717968,3.19135912749704,1.47000097277655,,,,98.6,2283,7,813032,669257,518692,500743,571970,605141,669743,669242,606192,53.49,,,,,,,,152,4,4-Seam Fastball,5,5,5,5,5,5,5,5,Standard,Standard,212,-0.01,0.029,,,,-0.029,,0,0,0.491,0.509,25,34,26,34,2,2,3,32,,,0.9,0.54,-0.54,50.4,,,,,
FF,2025-10-27,96.1,-1.59,5.91,"Lukes, Nathan",664770,607192,,ball,,,,,14,Ball,W,L,R,LAD,TOR,B,,,1,2,2025,0.01,1.2,2.0390072678406455,1.0537205361595054,,,,0,5,Top,,,,,,,9.76505058340849,-139.46668296889288,-10.231436840178963,-1.7244317554140587,26.5944476857835,-14.490238697603488,3.2807395792917,1.54000010090894,,,,98.5,2538,7.4,813032,669257,518692,669242,571970,605141,571771,681624,606192,53.05,,,,,,,,36,4,4-Seam Fastball,2,4,4,2,4,2,4,2,Strategic,Standard,190,-0.002,0.043,,,,-0.043,,-2,2,0.254,0.746,31,30,32,31,3,2,11,2,4,1,1.25,-0.01,0.01,57.4,,,,,
FF,2025-10-27,94.6,-3.05,5.66,"Edman, Tommy",669242,453286,,called_strike,,,,,4,Called Strike,W,L,R,LAD,TOR,S,,,0,0,2025,-0.63,1.33,-0.4801793905332947,2.6815389176473574,,,,2,4,Bot,,,,,,,8.111888668381594,-137.48020742523607,-5.044034106949876,-9.833820885533576,31.15613336309469,-14.341576253564927,3.4786911362066,1.56999912851564,,,,94.4,2439,6.3,813032,672386,665489,666182,676391,665926,664770,662139,680718,54.19,,,,,,,,35,1,4-Seam Fastball,2,4,2,4,4,2,2,4,Standard,Standard,213,-0.002,-0.043,,,,0.043,,-2,-2,0.262,0.262,40,30,41,30,2,1,11,2,5,1,1.23,0.63,-0.63,35.8,,,,,
FF,2025-10-27,95.7,-3.1,5.53,"Hernández, Teoscar",606192,453286,field_out,hit_into_play,,,,,3,Teoscar Hernández flies out to right fielder Addison Barger.,W,R,R,LAD,TOR,X,9,fly_ball,1,2,2025,-0.61,1.36,0.3349783904269239,3.1589081730000936,,,,1,4,Bot,211.55,104.25,,,,,10.458600083540656,-139.00952149851705,-3.698284642581741,-10.212352985762609,31.28842588681394,-13.936741975085491,3.41,1.58,315,92.9,28,95.8,2493,6.5,813032,672386,665489,666182,676391,665926,664770,662139,680718,54.03,0.116,0.151,0,1,0,0,3,34,5,4-Seam Fastball,2,4,2,4,4,2,2,4,Standard,Standard,219,-0.014,-0.18,68.0,6.4,0.266,0.18,92.9,-2,-2,0.276,0.276,40,32,41,33,2,1,11,2,5,1,1.14,0.61,0.61,32.1,-4.601007724898982,15.42642300165938,25.958005709264075,37.676429417260415,22.69654772382648
FF,2025-10-27,97.3,-1.2,5.59,"Heineman, Tyler",623168,694361,,ball,,,,,14,Ball,W,L,R,LAD,TOR,B,,,1,1,2025,-1.05,1.45,1.162892363503817,0.17816645271068732,,643396,662139,2,18,Top,,,,,,,8.808407837924257,-140.908216519596,-12.357312837435881,-16.024729958107066,31.92159197749051,-10.116534978985506,3.09921280295877,1.46999952015011,,,,97.8,2043,6.8,813032,669257,518692,500743,571970,605141,669743,669242,606192,53.67,,,,,,,,152,3,4-Seam Fastball,5,5,5,5,5,5,5,5,Standard,Standard,217,-0.037,0.03,,,,-0.03,,0,0,0.528,0.472,25,34,26,34,2,2,3,32,,,0.98,1.05,-1.05,48.5,,,,,
CU,2025-10-27,81.1,-1.6,6.01,"Lukes, Nathan",664770,607192,,swinging_strike,,,,,14,Swinging Strike,W,L,R,LAD,TOR,S,,,1,1,2025,0.68,-1.21,0.28984491341017427,0.3678955897470888,,,,0,5,Top,,,,,,,2.9388678717616243,-117.93907307327594,-3.6018673993723422,5.669193659906655,25.422353984802456,-42.77420460568154,3.35,1.54,,,,81.5,2780,6.9,813032,669257,518692,669242,571970,605141,571771,681624,606192,53.59,,,,,,,,36,3,Curveball,2,4,4,2,4,2,4,2,Standard,Standard,20,0.004,-0.061,71.5,8.4,,0.061,,-2,2,0.25,0.75,31,30,32,31,3,2,11,2,4,1,4.71,-0.68,0.68,57.6,32.274435085736954,-35.53842889065802,36.181957993723195,37.02758642220076,55.41676662630891
CU,2025-10-27,84.8,-1.27,5.84,"Heineman, Tyler",623168,694361,,blocked_ball,,,,,14,Ball In Dirt,W,L,R,LAD,TOR,B,,,0,1,2025,0.4,-1.22,0.8794997614003951,0.42385274035929,,643396,662139,2,18,Top,,,,,,,4.242097989299091,-123.33544459360651,-3.7854015772264775,3.0522671796041796,28.175370200941778,-43.89998331324152,3.18294828789133,1.46999926793684,,,,84.5,2595,6.5,813032,669257,518692,500743,571970,605141,669743,669242,606192,54.01,,,,,,,,152,2,Curveball,5,5,5,5,5,5,5,5,Standard,Standard,21,-0.012,0.018,,,,-0.018,,0,0,0.54,0.45999999999999996,25,34,26,34,2,2,3,32,,,4.44,-0.4,0.4,49.1,,,,,
CU,2025-10-27,79.9,-1.81,5.9,"Lukes, Nathan",664770,607192,,called_strike,,,,,8,Called Strike,W,L,R,LAD,TOR,S,,,1,0,2025,0.83,-1.14,-0.11117359885293665,1.872104957103092,,,,0,5,Top,,,,,,,2.1937107864073537,-116.23825830942283,0.11120213833243864,7.0292382081652125,24.21878885714722,-42.71701770237404,3.27942421831304,1.49804084012689,,,,80.6,2761,7,813032,669257,518692,669242,571970,605141,571771,681624,606192,53.46,,,,,,,,36,2,Curveball,2,4,4,2,4,2,4,2,Standard,Standard,28,0.004,-0.05,,,,0.05,,-2,2,0.246,0.754,31,30,32,31,3,2,11,2,4,1,4.75,-0.83,0.83,57.0,,,,,
SL,2025-10-27,86.1,-3.14,5.44,"Hernández, Teoscar",606192,453286,,foul,,,,,14,Foul,W,R,R,LAD,TOR,S,,,1,2,2025,0.17,-0.07,1.1071948422037479,1.3780293641641155,,,,1,4,Bot,,,,,,,9.76474266666428,-125.13592485348529,-3.300164753402696,-0.08858381074923033,23.5940426213092,-32.427121189933004,3.41,1.58,1,52.9,-56,86.5,2391,6.5,813032,672386,665489,666182,676391,665926,664770,662139,680718,54.05,,,,,,,,34,4,Slider,2,4,2,4,4,2,2,4,Standard,Standard,107,0,0,61.2,8.3,,0,88.0,-2,-2,0.276,0.276,40,32,41,33,2,1,11,2,5,1,3.13,-0.17,-0.17,30.5,14.679348758496003,-5.132627199729531,33.6246790696825,46.29930999063764,31.73889764126353
CU,2025-10-27,76.2,1.97,6,"Hernández, Teoscar",606192,641778,field_out,hit_into_play,,,,,3,Teoscar Hernández flies out to center fielder Daulton Varsho.,W,R,L,LAD,TOR,X,8,fly_ball,0,0,2025,-1.08,-0.54,0.43599307949490196,2.9187553200941276,,,,2,16,Bot,130.72,61.34,,,,,-1.2933198199027705,-110.95102709478479,1.5598387233819273,-8.625738404330404,20.621700685679283,-37.11677164908596,3.41,1.58,381,101.4,28,75.8,2566,6.1,813032,623168,665489,643396,676391,665926,664702,662139,664770,54.45,0.557,1.0655600000000003,0,1,0,0,6,139,1,Curveball,5,5,5,5,5,5,5,5,Standard,Standard,312,-0.036,-0.26,75.6,7.8,2.074,0.26,101.4,0,0,0.536,0.536,30,32,30,33,3,7,3,2,,1,4.47,-1.08,1.08,36.3,10.978310261907737,4.360334377322876,24.22137643647356,41.058347253232654,29.612994064226545
FF,2025-10-27,96.7,-1.4,5.67,"Heineman, Tyler",623168,694361,,foul,,,,,5,Foul,W,L,R,LAD,TOR,S,,,0,0,2025,-0.59,1.53,-0.2258286020262662,2.591649017527658,,643396,662139,2,18,Top,,,,,,,4.533483514239113,-140.67203016982944,-6.143425706050219,-8.912712675912134,34.9631339631034,-10.735684014860647,3.17,1.47,193,73.8,60,97.4,2246,6.9,813032,669257,518692,500743,571970,605141,669743,669242,606192,53.58,,,,,,,,152,1,4-Seam Fastball,5,5,5,5,5,5,5,5,Standard,Standard,211,0.018,-0.047,66.4,6.9,,0.047,88.0,0,0,0.522,0.478,25,34,26,34,2,2,3,32,,,0.93,0.59,-0.59,48.4,3.45713433192879,-11.701174932729675,31.303588817211608,38.292362481032995,35.76252452668486
CU,2025-10-27,77.2,-3,5.61,"Hernández, Teoscar",606192,453286,,foul,,,,,14,Foul,W,R,R,LAD,TOR,S,,,1,1,2025,1.04,-0.34,0.1522867666821961,1.3330791289508155,,,,1,4,Bot,,,,,,,4.816110388930431,-112.34425086903205,-1.5069238384289778,7.8803428796810735,21.119538626278473,-34.9621368962066,3.41,1.58,,,,77.1,2791,6.3,813032,672386,665489,666182,676391,665926,664770,662139,680718,54.19,,,,,,,,34,3,Curveball,2,4,2,4,4,2,2,4,Standard,Standard,55,-0.005,-0.064,74.0,8.7,,0.064,,-2,-2,0.281,0.281,40,32,41,33,2,1,11,2,5,1,4.17,-1.04,-1.04,37.5,23.485167943941946,-30.988813067987877,39.60246487496357,34.11854328865335,48.58057764952157
SI,2025-10-27,96.8,-1.66,5.8,"Lukes, Nathan",664770,607192,,ball,,,,,14,Ball,W,L,R,LAD,TOR,B,,,0,0,2025,-0.89,1.35,1.5884572189981432,2.157947076502893,,,,0,5,Top,,,,,,,10.97075439502956,-140.3016644302637,-7.349802112655062,-14.352723714512777,33.669920752813375,-12.73932787922883,3.33958500045064,1.53999908571763,,,,98.7,2524,7.7,813032,669257,518692,669242,571970,605141,571771,681624,606192,52.79,,,,,,,,36,1,Sinker,2,4,4,2,4,2,4,2,Standard,Standard,193,-0.003,0.041,,,,-0.041,,-2,2,0.249,0.751,31,30,32,31,3,2,11,2,4,1,1.11,0.89,-0.89,51.8,,,,,
FC,2025-10-27,87.1,1.92,5.76,"Muncy, Max",571970,641778,strikeout,foul_tip,,,,,13,Max Muncy strikes out on a foul tip.,W,L,L,LAD,TOR,S,2,,2,2,2025,-0.49,0.56,-0.9021585556526568,2.2983057921346033,,,,1,16,Bot,,,,,,,-5.776752773168303,-126.8201840813731,-3.293886779254414,-4.131114892590589,26.069786693645426,-25.6902286812241,3.1,1.52,,,,87.1,2538,6.3,813032,623168,665489,643396,676391,665926,664702,662139,664770,54.21,,0,0,1,0,0,,138,6,Cutter,5,5,5,5,5,5,5,5,Infield shade,Standard,177,-0.039,-0.228,71.0,6.5,,0.228,,0,0,0.575,0.575,30,34,30,35,3,7,3,2,,1,2.44,-0.49,-0.49,33.1,6.882883750180281,8.46625909503881,33.6346432113585,47.271530470928404,31.032754493105315
CU,2025-10-27,82.5,-1.58,5.94,"Springer, George",543807,607192,strikeout,swinging_strike,,,,,14,George Springer strikes out swinging.,W,R,R,LAD,TOR,S,2,,3,2,2025,0.71,-0.89,1.085735787352967,1.827359516362383,,676391,,2,4,Top,,,,,,,4.7494470956416315,-120.04707210544592,-1.0797524580975602,5.943079963377933,23.8321473122835,-40.79878173540252,3.54,1.63,,,,83.7,2783,7.1,813032,669257,518692,669242,571970,605141,571771,681624,606192,53.39,,0,0,1,0,0,,32,6,Curveball,2,4,4,2,4,2,4,2,Standard,Standard,20,0.029,-0.277,64.8,8.9,,0.277,,-2,2,0.282,0.718,31,35,32,36,3,2,11,2,4,4,4.25,-0.71,-0.71,60.7,23.879741101279546,-35.281783719839666,33.62125306350619,45.748500399205575,44.131163446109646
FF,2025-10-27,97.7,-1.31,5.72,"Varsho, Daulton",662139,694361,walk,ball,,,,,12,Daulton Varsho walks. Isiah Kiner-Falefa to 2nd.,W,L,R,LAD,TOR,B,,,3,2,2025,-0.49,1.52,1.1683147940547078,2.838300462135919,,,643396,2,18,Top,,,,,,,7.89034901362658,-141.98638911664847,-5.75682481112363,-8.589488444509506,35.10469967332117,-10.538127830318565,3.32670681045979,1.55999885480942,,,,98.3,2230,6.9,813032,669257,518692,500743,571970,605141,669743,669242,606192,53.61,,0.691497,0.7,1,0,0,,151,10,4-Seam Fastball,5,5,5,5,5,5,5,5,Strategic,Strategic,214,-0.044,0.24,,,,-0.24,,0,0,0.566,0.43400000000000005,25,28,26,29,2,8,3,2,,1,0.89,0.49,-0.49,48.9,,,,,
FF,2025-10-27,93.7,-3.09,5.68,"Hernández, Teoscar",606192,453286,,ball,,,,,11,Ball,W,R,R,LAD,TOR,B,,,0,1,2025,-0.84,1.31,-1.075355319330681,2.6851184109244994,,,,1,4,Bot,,,,,,,7.037804434019145,-136.33047010351123,-4.910015097734187,-11.953342415462583,29.43132432948699,-14.916250585625182,3.47347085146467,1.58000137920778,,,,93.7,2369,6.2,813032,672386,665489,666182,676391,665926,664770,662139,680718,54.26,,,,,,,,34,2,4-Seam Fastball,2,4,2,4,4,2,2,4,Standard,Standard,217,0.002,0.029,,,,-0.029,,-2,-2,0.279,0.279,40,32,41,33,2,1,11,2,5,1,1.28,0.84,0.84,36.4,,,,,
FF,2025-10-27,93.2,1.68,5.82,"Muncy, Max",571970,641778,,foul,,,,,7,Foul,W,L,L,LAD,TOR,S,,,2,2,2025,0.72,1.25,-0.5323580827399057,1.9861795357181027,,,,1,16,Bot,,,,,,,-7.259945795247184,-135.50090524992018,-6.854636513269947,10.43010171987303,29.21391072037954,-15.419156122226093,3.1,1.52,195,84.7,65,93.4,2336,6.4,813032,623168,665489,643396,676391,665926,664702,662139,664770,54.1,,,,,,,,138,5,4-Seam Fastball,5,5,5,5,5,5,5,5,Infield shade,Standard,142,0,0,72.8,7.0,,0,88.0,0,0,0.575,0.575,30,34,30,35,3,7,3,2,,1,1.37,0.72,0.72,36.0,12.547198531329219,3.4421764122796197,36.81094337515041,42.85827849020308,35.08793749057847
SI,2025-10-27,95.7,-1.41,6,"Springer, George",543807,607192,,ball,,,,,11,Ball,W,R,R,LAD,TOR,B,,,2,2,2025,-0.88,1.24,-0.18799962451699204,4.544678134385433,,676391,,2,4,Top,,,,,,,5.335464135458347,-139.33078903306733,-1.0106877066862563,-12.698242907425605,32.046603205657455,-16.08096089481985,3.48757971711573,1.63000038341157,,,,97.9,2399,7.5,813032,669257,518692,669242,571970,605141,571771,681624,606192,52.97,,,,,,,,32,5,Sinker,2,4,4,2,4,2,4,2,Standard,Standard,192,-0.005,0.057,,,,-0.057,,-2,2,0.287,0.7130000000000001,31,35,32,36,3,2,11,2,4,4,1.25,0.88,0.88,59.6,,,,,
FF,2025-10-27,98,-1.12,5.68,"Varsho, Daulton",662139,694361,,foul,,,,,9,Foul,W,L,R,LAD,TOR,S,,,3,2,2025,-0.52,1.58,0.44815598564170644,1.5617824196208439,,,643396,2,18,Top,,,,,,,5.479207648850526,-142.28375758868634,-9.300117075917807,-8.418082041949432,34.99387164304507,-8.679979952832175,3.38,1.56,,,,98.3,2194,6.7,813032,669257,518692,500743,571970,605141,669743,669242,606192,53.76,,,,,,,,151,9,4-Seam Fastball,5,5,5,5,5,5,5,5,Strategic,Strategic,210,0,0,71.0,8.1,,0,,0,0,0.566,0.43400000000000005,25,28,26,29,2,8,3,2,,1,0.81,0.52,-0.52,49.2,2.455355493128199,3.210223293924651,44.917937519021706,30.018641617661707,19.247503989204084
FF,2025-10-27,94.2,-3.06,5.62,"Hernández, Teoscar",606192,453286,,swinging_strike,,,,,5,Swinging Strike,W,R,R,LAD,TOR,S,,,0,0,2025,-0.73,1.37,-0.14651877332868324,2.590373534859102,,,,1,4,Bot,,,,,,,9.219817858178601,-136.8566511404222,-5.212079419182876,-11.182536429794157,29.88668418128043,-14.002644588795286,3.41,1.58,,,,94.5,2427,6.5,813032,672386,665489,666182,676391,665926,664770,662139,680718,53.95,,,,,,,,34,1,4-Seam Fastball,2,4,2,4,4,2,2,4,Standard,Standard,218,-0.003,-0.039,77.4,7.3,,0.039,,-2,-2,0.282,0.282,40,32,41,33,2,1,11,2,5,1,1.21,0.73,0.73,33.3,5.827325008241594,3.9696435453972803,33.11278959210762,32.456489732874644,23.60065978861512
CU,2025-10-27,76.1,1.85,5.97,"Muncy, Max",571970,641778,,ball,,,,,13,Ball,W,L,L,LAD,TOR,B,,,1,2,2025,-0.7,-1.07,-1.2752239812530475,-0.15852668909853573,,,,1,16,Bot,,,,,,,-5.288387721311195,-110.63450308966671,-3.808235745600824,-4.67676174105197,21.270038845887516,-40.3873358117224,3.08831169446869,1.52000086329319,,,,75.7,2407,6.2,813032,623168,665489,643396,676391,665926,664702,662139,664770,54.29,,,,,,,,138,4,Curveball,5,5,5,5,5,5,5,5,Infield shade,Standard,317,0.007,0.048,,,,-0.048,,0,0,0.568,0.568,30,34,30,35,3,7,3,2,,1,5.04,-0.7,-0.7,46.3,,,,,
FC,2025-10-27,87.8,1.84,5.86,"Muncy, Max",571970,641778,,ball,,,,,11,Ball,W,L,L,LAD,TOR,B,,,0,2,2025,-0.53,0.56,-1.4243287471346073,2.866467200480834,,,,1,16,Bot,,,,,,,-6.794018429764178,-127.70063527062976,-2.2561993294508516,-4.363302650580597,27.234794399019655,-25.785230685640204,3.18151857081782,1.51999868365543,,,,87.8,2428,6.4,813032,623168,665489,643396,676391,665926,664702,662139,664770,54.12,,,,,,,,138,3,Cutter,5,5,5,5,5,5,5,5,Infield shade,Standard,181,0.004,0.017,,,,-0.017,,0,0,0.564,0.564,30,34,30,35,3,7,3,2,,1,2.41,-0.53,-0.53,36.5,,,,,
CU,2025-10-27,82.8,-1.42,6.03,"Springer, George",543807,607192,,blocked_ball,,,,,14,Ball In Dirt,W,R,R,LAD,TOR,B,,,1,2,2025,0.51,-1.24,1.3747210860752135,0.1582141118889866,,676391,,2,4,Top,,,,,,,5.50242206451612,-120.43773191988832,-4.486809190777574,3.7852476987884742,25.624639110842587,-43.471603346151305,3.37601859154701,1.49926801119024,,,,84.3,2712,7.5,813032,669257,518692,669242,571970,605141,571771,681624,606192,53.01,,,,,,,,32,4,Curveball,2,4,4,2,4,2,4,2,Standard,Standard,18,-0.004,0.012,,,,-0.012,,-2,2,0.291,0.7090000000000001,31,35,32,36,3,2,11,2,4,4,4.6,-0.51,-0.51,61.4,,,,,
ST,2025-10-27,88.7,-1.58,5.6,"Varsho, Daulton",662139,694361,,foul,,,,,2,Foul,W,L,R,LAD,TOR,S,,,3,2,2025,0.94,0.01,0.13251071428700478,2.8194461404233846,,,643396,2,18,Top,,,,,,,2.218056285971881,-129.0719912778972,-0.6720100687811927,9.892435162730704,30.81760979472633,-32.196090080134965,3.38,1.56,106,80.2,83,88.5,2479,6.5,813032,669257,518692,500743,571970,605141,669743,669242,606192,53.98,,,,,,,,151,8,Sweeper,5,5,5,5,5,5,5,5,Standard,Strategic,34,0,0,73.4,8.4,,0,88.0,0,0,0.566,0.43400000000000005,25,28,26,29,2,8,3,2,,1,2.93,-0.94,0.94,40.5,11.846319952947312,-19.05185677270437,26.838916713230837,33.67664698665615,32.18051514687295
SL,2025-10-27,88.1,-3.3,5.51,"Muncy, Max",571970,453286,field_out,hit_into_play,,,,,7,Max Muncy grounds out to first baseman Vladimir Guerrero Jr.,W,L,R,LAD,TOR,X,3,ground_ball,1,2,2025,0.24,0.26,-0.4897114153891018,1.6739763939216634,,,,0,4,Bot,161.65,161.72,,,,,6.321124722413634,-128.18956118117248,-3.7526335678282163,1.3846166237584505,26.446036037427145,-28.76774101308559,3.1,1.52,3,79,-31,88.2,2368,6.3,813032,672386,665489,666182,676391,665926,664770,662139,680718,54.16,0.036,0.037,0,1,0,0,2,33,4,Slider,2,4,2,4,4,2,2,4,Infield shade,Standard,191,-0.02,-0.189,70.5,7.4,0.036,0.189,88.0,-2,-2,0.302,0.302,40,34,41,35,2,1,11,2,5,1,2.68,-0.24,0.24,31.7,18.839116297533554,-1.4480192556884761,39.23226759026984,43.146131102207676,39.650867877328196
CU,2025-10-27,82,-1.47,6.01,"Springer, George",543807,607192,,swinging_strike,,,,,14,Swinging Strike,W,R,R,LAD,TOR,S,,,1,1,2025,0.08,-1.39,0.18887066721490833,1.116502163570047,,676391,,2,4,Top,,,,,,,3.640934572443213,-119.36702311329947,-1.7871670705160478,0.05206504207633053,24.76011860366732,-45.241304421241615,3.54,1.63,,,,82.9,2721,7,813032,669257,518692,669242,571970,605141,571771,681624,606192,53.46,,,,,,,,32,3,Curveball,2,4,4,2,4,2,4,2,Standard,Standard,18,0.007,-0.056,68.0,8.7,,0.056,,-2,2,0.284,0.716,31,35,32,36,3,2,11,2,4,4,4.8,-0.08,-0.08,60.3,22.977127408081735,-34.47582523099378,35.22396021835756,36.159574970810105,41.3278441797905
ST,2025-10-27,88,-1.38,5.68,"Varsho, Daulton",662139,694361,,ball,,,,,14,Ball,W,L,R,LAD,TOR,B,,,2,2,2025,0.81,-0.52,0.6721272433513455,1.1487108844822491,,,643396,2,18,Top,,,,,,,3.3069043419005943,-127.95745407750199,-3.6823369675287765,8.015852618733023,31.16749611856402,-37.19598910676389,3.32579678680825,1.56000044241128,,,,87.7,2508,6.5,813032,669257,518692,500743,571970,605141,669743,669242,606192,53.95,,,,,,,,151,7,Sweeper,5,5,5,5,5,5,5,5,Strategic,Strategic,24,-0.018,0.079,,,,-0.079,,0,0,0.584,0.41600000000000004,25,28,26,29,2,8,3,2,,1,3.51,-0.81,0.81,48.5,,,,,
FF,2025-10-27,92.2,1.8,5.79,"Muncy, Max",571970,641778,,foul,,,,,3,Foul,W,L,L,LAD,TOR,S,,,0,1,2025,0.91,1.39,0.46411052886171045,2.6610679146528957,,,,1,16,Bot,,,,,,,-5.381043081882618,-134.0957446904646,-5.108256860905647,12.196301748985247,31.640324937606703,-14.514323539307323,3.1,1.52,159,72.8,63,92,2334,6.4,813032,623168,665489,643396,676391,665926,664702,662139,664770,54.12,,,,,,,,138,2,4-Seam Fastball,5,5,5,5,5,5,5,5,Infield shade,Standard,142,-0.011,-0.052,64.7,5.7,,0.052,88.0,0,0,0.575,0.575,30,34,30,35,3,7,3,2,,1,1.31,0.91,0.91,39.3,5.624542588925736,11.18174047968275,37.225307768806104,30.483071704317666,29.96322202770068
CU,2025-10-27,76.4,-3.05,5.61,"Muncy, Max",571970,453286,,foul,,,,,9,Foul,W,L,R,LAD,TOR,S,,,1,1,2025,1.14,-0.48,0.3036117986593513,1.8527508564970177,,,,0,4,Bot,,,,,,,5.023479517108682,-111.10265431884916,0.04408353999081305,8.420561154063128,21.224805237304242,-36.37191339288817,3.1,1.52,8,82.9,-14,76.3,2830,6.4,813032,672386,665489,666182,676391,665926,664770,662139,680718,54.12,,,,,,,,33,3,Curveball,2,4,2,4,4,2,2,4,Infield shade,Standard,62,-0.008,-0.061,84.9,7.6,,0.061,88.0,-2,-2,0.31,0.31,40,34,41,35,2,1,11,2,5,1,4.41,-1.14,1.14,37.6,30.90878021985474,-25.28612668569756,40.62621660761025,35.35066929227748,53.26883832487307
SI,2025-10-27,96.5,-1.71,5.86,"Springer, George",543807,607192,,foul,,,,,5,Foul,W,R,R,LAD,TOR,S,,,1,0,2025,-0.86,1.27,-0.22941622731886746,2.9360575962872097,,676391,,2,4,Top,,,,,,,6.0400921944778965,-140.37397518666128,-5.262560941040306,-12.698850801868636,29.90345511920618,-14.305743074483138,3.54,1.63,125,79.9,81,99.2,2419,7.7,813032,669257,518692,669242,571970,605141,571771,681624,606192,52.84,,,,,,,,32,2,Sinker,2,4,4,2,4,2,4,2,Standard,Standard,199,0.002,-0.044,81.0,7.9,,0.044,88.0,-2,2,0.282,0.718,31,35,32,36,3,2,11,2,4,4,1.16,0.86,0.86,56.0,18.264892765356777,-10.273843326434157,31.761519994634792,30.62199233216412,26.829410893966156
FF,2025-10-27,97.2,-1.32,5.7,"Varsho, Daulton",662139,694361,,foul,,,,,2,Foul,W,L,R,LAD,TOR,S,,,2,2,2025,-0.19,1.51,0.27361468619728424,3.3300026923472514,,,643396,2,18,Top,,,,,,,4.771385643618576,-141.3854957405677,-4.300487774046109,-3.7144625276400522,34.423414455356216,-11.216012376449306,3.38,1.56,136,66.4,71,98,2084,6.9,813032,669257,518692,500743,571970,605141,669743,669242,606192,53.59,,,,,,,,151,6,4-Seam Fastball,5,5,5,5,5,5,5,5,Strategic,Strategic,214,0,0,74.3,7.0,,0,88.0,0,0,0.584,0.41600000000000004,25,28,26,29,2,8,3,2,,1,0.92,0.19,-0.19,47.0,6.123077262456343,4.169886006554749,22.77117310464274,31.939547457418815,25.322638839136133
FC,2025-10-27,88.8,-3.3,5.36,"Muncy, Max",571970,453286,,ball,,,,,12,Ball,W,L,R,LAD,TOR,B,,,0,1,2025,-0.01,0.59,1.388697179682305,2.915803839584574,,,,0,4,Bot,,,,,,,11.519792268236642,-128.95088234497257,-1.2003117648597916,-2.1742455690815503,23.375883795315474,-25.513511036481244,3.17989606154458,1.52000139095309,,,,89.5,2555,6.6,813032,672386,665489,666182,676391,665926,664770,662139,680718,53.92,,,,,,,,33,2,Cutter,2,4,2,4,4,2,2,4,Infield shade,Standard,209,0.003,0.031,,,,-0.031,,-2,-2,0.307,0.307,40,34,41,35,2,1,11,2,5,1,2.28,0.01,-0.01,30.4,,,,,
FF,2025-10-27,92,1.81,5.78,"Muncy, Max",571970,641778,,called_strike,,,,,11,Called Strike,W,L,L,LAD,TOR,S,,,0,0,2025,0.76,1.36,-0.08622455474848989,3.484544807659165,,,,1,16,Bot,,,,,,,-6.452903123314439,-133.80381826398406,-2.906489781493708,10.583113207483187,30.36719687666504,-15.46588671557102,3.18466581689527,1.47077068901957,,,,91.8,2298,6.3,813032,623168,665489,643396,676391,665926,664702,662139,664770,54.2,,,,,,,,138,1,4-Seam Fastball,5,5,5,5,5,5,5,5,Strategic,Standard,138,-0.007,-0.039,,,,0.039,,0,0,0.582,0.582,30,34,30,35,3,7,3,2,,1,1.35,0.76,0.76,35.9,,,,,
CU,2025-10-27,80.7,-1.59,5.93,"Springer, George",543807,607192,,ball,,,,,13,Ball,W,R,R,LAD,TOR,B,,,0,0,2025,0.52,-1.37,-1.0388676430351445,1.4092696932692688,,676391,,2,4,Top,,,,,,,0.2350492578367631,-117.55324843037025,-0.7311088379317163,4.759369014105112,24.779277908568698,-44.832521889372295,3.52647728735039,1.62999943964411,,,,81.7,2787,7.2,813032,669257,518692,669242,571970,605141,571771,681624,606192,53.33,,,,,,,,32,1,Curveball,2,4,4,2,4,2,4,2,Standard,Standard,20,-0.001,0.019,,,,-0.019,,-2,2,0.283,0.7170000000000001,31,35,32,36,3,2,11,2,4,4,4.89,-0.52,-0.52,60.9,,,,,
FF,2025-10-27,96.3,-1.21,5.82,"Varsho, Daulton",662139,694361,,foul,,,,,5,Foul,W,L,R,LAD,TOR,S,,,2,2,2025,-0.68,1.59,-0.12051631424413067,2.8018325932889434,,,643396,2,18,Top,,,,,,,4.454513429802042,-139.97191832607788,-5.998806670487645,-10.00484713780163,35.06120763702633,-10.185920084702019,3.38,1.56,219,77,53,96.3,2154,6.6,813032,669257,518692,500743,571970,605141,669743,669242,606192,53.9,,,,,,,,151,5,4-Seam Fastball,5,5,5,5,5,5,5,5,Strategic,Strategic,215,0,0,74.9,7.8,,0,88.0,0,0,0.584,0.41600000000000004,25,28,26,29,2,8,3,2,,1,0.9,0.68,-0.68,46.4,11.38976349122959,-2.0112625675804754,27.87443292939557,36.95779189230642,26.197593992440396
CU,2025-10-27,77.1,-3.11,5.62,"Muncy, Max",571970,453286,,called_strike,,,,,9,Called Strike,W,L,R,LAD,TOR,S,,,0,0,2025,1.09,-0.38,0.7002933544957068,1.8870200472487912,,,,0,4,Bot,,,,,,,6.131827870566694,-112.21234595670386,-0.24434571965873197,8.028122379371489,20.978339382549166,-35.56262569972024,3.15849772177588,1.52000120446451,,,,77,2827,6.3,813032,672386,665489,666182,676391,665926,664770,662139,680718,54.18,,,,,,,,33,1,Curveball,2,4,2,4,4,2,2,4,Infield shade,Standard,59,-0.004,-0.039,,,,0.039,,-2,-2,0.311,0.311,40,34,41,35,2,1,11,2,5,1,4.22,-1.09,1.09,35.1,,,,,
FF,2025-10-27,92.1,1.89,5.83,"Smith, Will",669257,641778,strikeout,swinging_strike,,,,,6,Will Smith strikes out swinging.,W,R,L,LAD,TOR,S,2,,1,2,2025,0.87,1.26,0.5467819014135812,2.7436978536458643,,,,0,16,Bot,,,,,,,-5.279346333171179,-134.00172648618752,-4.703846962336749,11.591107158933823,30.792692174877295,-16.1856701824493,3.4,1.59,,,,91.7,2419,6.2,813032,623168,665489,643396,676391,665926,664702,662139,664770,54.29,,0,0,1,0,0,,137,4,4-Seam Fastball,5,5,5,5,5,5,5,5,Standard,Standard,140,-0.04,-0.189,66.9,6.9,,0.189,,0,0,0.622,0.622,30,30,30,30,2,7,3,2,,1,1.44,0.87,-0.87,35.1,1.1480092264835497,28.323023480116387,27.688381692246445,45.3254977759927,14.629560068522668
SI,2025-10-27,96.8,-1.65,5.86,"Giménez, Andrés",665926,607192,sac_fly,hit_into_play,,,,,2,Andrés Giménez out on a sacrifice fly to center fielder Andy Pages. Addison Barger scores. Ernie Clement to 2nd.,W,L,R,LAD,TOR,X,8,fly_ball,0,1,2025,-1.11,1.15,-0.21278534379884162,2.792331340484667,680718,,676391,1,4,Top,118.76,45.39,,,,,6.523831831473876,-140.79509429555165,-5.405145159148738,-16.198634736849595,30.182766300154274,-15.788462294240489,3.25,1.5,380,102.3,31,99.2,2474,7.5,813032,669257,518692,669242,571970,605141,571771,681624,606192,52.96,,1.1097192982456143,0,1,0,0,6,31,2,Sinker,2,3,3,2,4,2,4,2,Standard,Standard,193,-0.035,-0.097,69.3,6.6,,0.097,102.3,-1,1,0.318,0.6819999999999999,31,26,32,27,2,1,11,2,4,1,1.27,1.11,-1.11,54.1,17.646870573075002,6.554726486190471,30.27664161980204,38.62399959465915,29.091920905110396
ST,2025-10-27,87.2,-1.67,5.56,"Varsho, Daulton",662139,694361,,foul,,,,,1,Foul,W,L,R,LAD,TOR,S,,,2,1,2025,0.7,-0.1,-0.33249620856416373,3.113948463093922,,,643396,2,18,Top,,,,,,,1.7855962050935887,-127.04153961625748,0.4875440079442146,7.195252528935164,26.449428594696958,-33.56288722706319,3.38,1.56,183,77.9,66,87.5,2421,6.5,813032,669257,518692,500743,571970,605141,669743,669242,606192,54.02,,,,,,,,151,4,Sweeper,5,5,5,5,5,5,5,5,Standard,Strategic,43,0.015,-0.093,74.4,8.0,,0.093,88.0,0,0,0.569,0.43100000000000005,25,28,26,29,2,8,3,2,,1,3.09,-0.7,0.7,40.9,10.01505632611903,-9.460329225401649,23.433945384353464,39.25594379200139,27.730804545410397
FF,2025-10-27,94.4,-3.09,5.45,"Smith, Will",669257,453286,single,hit_into_play,,,,,12,"Will Smith singles on a line drive to right fielder Addison Barger. Freddie Freeman out at home on the throw, right fielder Addison Barger to catcher Alejandro Kirk.",W,R,R,LAD,TOR,X,9,line_drive,3,2,2025,-0.62,1.34,1.1989218564639879,2.7907414148995926,,518692,,2,3,Bot,181.9,109.73,,,,,12.574815335638169,-136.89407781936455,-4.177528191683534,-10.691630074709199,31.013922063061784,-14.565225764543108,3.4,1.59,224,86.7,16,94.4,2269,6.5,813032,672386,665489,666182,676391,665926,664770,662139,680718,53.98,0.954,0.897,0.9,1,1,0,4,24,6,4-Seam Fastball,2,0,2,0,0,2,2,0,Standard,Standard,222,-0.026,0.685,62.1,7.1,1.081,-0.685,88.0,2,2,0.755,0.755,40,30,41,30,2,1,11,2,5,1,1.24,0.62,0.62,33.0,10.516677800222205,18.394620974420306,21.557837366952203,50.54258328080509,23.10558790457074
FC,2025-10-27,86.4,1.96,5.76,"Smith, Will",669257,641778,,called_strike,,,,,7,Called Strike,W,R,L,LAD,TOR,S,,,1,1,2025,-0.3,0.58,-0.4065988779987277,1.8820729576596458,,,,0,16,Bot,,,,,,,-5.024604427055007,-125.80245976678832,-4.262978505739241,-2.274341218637662,24.134968741069926,-25.317369775697575,3.42365983628475,1.59000114793633,,,,86.7,2399,6.3,813032,623168,665489,643396,676391,665926,664702,662139,664770,54.19,,,,,,,,137,3,Cutter,5,5,5,5,5,5,5,5,Standard,Standard,173,-0.014,-0.061,,,,0.061,,0,0,0.636,0.636,30,30,30,30,2,7,3,2,,1,2.45,-0.3,0.3,34.1,,,,,
CU,2025-10-27,79.7,-1.63,5.96,"Giménez, Andrés",665926,607192,,foul,,,,,7,Foul,W,L,R,LAD,TOR,S,,,0,0,2025,0.53,-1.37,-0.470923859768018,1.8309539459457387,680718,,676391,1,4,Top,,,,,,,1.5565027495878736,-116.01259693711596,0.34320329289845697,4.454493533887376,24.209008891034458,-44.76521818816451,3.25,1.5,2,74.1,-47,80.6,2830,7.2,813032,669257,518692,669242,571970,605141,571771,681624,606192,53.32,,,,,,,,31,1,Curveball,2,3,3,2,3,2,3,2,Strategic,Standard,24,0.01,-0.041,65.9,7.3,,0.041,88.0,-1,1,0.308,0.692,31,26,32,27,2,1,11,2,4,1,4.99,-0.53,0.53,54.4,11.874250134223612,-12.207515296687454,26.39973741365948,43.11472943046845,41.32030161560725
FF,2025-10-27,96.3,-1.16,5.62,"Varsho, Daulton",662139,694361,,ball,,,,,13,Ball,W,L,R,LAD,TOR,B,,,1,1,2025,-0.76,1.45,-0.4308178238598285,1.479171471664845,,,643396,2,18,Top,,,,,,,3.7095003139515135,-139.93557051358275,-8.756646667574142,-10.81854862300581,32.37598760967616,-11.347076300173775,3.44869137069267,1.69979945926103,,,,97.1,2080,6.9,813032,669257,518692,500743,571970,605141,669743,669242,606192,53.6,,,,,,,,151,3,4-Seam Fastball,5,5,5,5,5,5,5,5,Standard,Strategic,215,-0.008,0.054,,,,-0.054,,0,0,0.577,0.42300000000000004,25,28,26,29,2,8,3,2,,1,1.02,0.76,-0.76,46.0,,,,,
FF,2025-10-27,95.3,-3.04,5.51,"Smith, Will",669257,453286,,ball,,,,,14,Ball,W,R,R,LAD,TOR,B,,,2,2,2025,-0.46,1.45,2.550108848949305,1.6838041471448848,,,518692,2,3,Bot,,,,,,,15.71977674962314,-137.7781712493991,-7.611400134188194,-9.510016495748536,32.043812028994545,-11.991991066409115,3.38772577676631,1.59000087149427,,,,95.1,2459,6.6,813032,672386,665489,666182,676391,665926,664770,662139,680718,53.88,,,,,,,,24,5,4-Seam Fastball,2,0,2,0,0,2,2,0,Standard,Standard,218,0.012,0.079,,,,-0.079,,2,2,0.743,0.743,40,30,41,30,2,1,11,2,5,1,1.1,0.46,0.46,33.7,,,,,
FF,2025-10-27,90.7,1.88,5.94,"Smith, Will",669257,641778,,called_strike,,,,,6,Called Strike,W,R,L,LAD,TOR,S,,,1,0,2025,0.8,1.44,0.6312112744926415,2.662964599277582,,,,0,16,Bot,,,,,,,-4.82782556726669,-131.87642085509268,-5.308770621395488,10.376868573989661,28.810531962257546,-14.468814437196137,3.46384585002333,1.5900009461717,,,,90.3,2287,6.2,813032,623168,665489,643396,676391,665926,664702,662139,664770,54.32,,,,,,,,137,2,4-Seam Fastball,5,5,5,5,5,5,5,5,Standard,Standard,143,-0.01,-0.05,,,,0.05,,0,0,0.646,0.646,30,30,30,30,2,7,3,2,,1,1.34,0.8,-0.8,40.3,,,,,
ST,2025-10-27,88.5,-1.71,5.57,"Varsho, Daulton",662139,694361,,foul,,,,,5,Foul,W,L,R,LAD,TOR,S,,,1,0,2025,0.67,-0.27,-0.06232927876773853,2.352818507004933,,,643396,2,18,Top,,,,,,,2.636087720313352,-128.7280973973612,-1.10880392576548,6.683700457291078,30.731457113038857,-35.17527121631317,3.38,1.56,161,83.7,75,87.9,2527,6.3,813032,669257,518692,500743,571970,605141,669743,669242,606192,54.25,,,,,,,,151,2,Sweeper,5,5,5,5,5,5,5,5,Standard,Strategic,38,0.008,-0.05,80.1,8.9,,0.05,88.0,0,0,0.569,0.43100000000000005,25,28,26,29,2,8,3,2,,1,3.22,-0.67,0.67,44.4,20.041615840768774,-21.28829823994722,31.696289399419822,36.12646452946565,35.286294057854484
SI,2025-10-27,96.7,-1.74,5.8,"Clement, Ernie",676391,607192,single,hit_into_play,,,,,11,Ernie Clement singles on a fly ball to right fielder Teoscar Hernández. Addison Barger to 3rd.,W,R,R,LAD,TOR,X,9,fly_ball,0,1,2025,-1.03,1.21,-0.9875971457373421,2.9558103014924137,,,680718,1,4,Top,182.43,138.91,,,,,4.50228252229554,-140.66999055770555,-4.907271925257847,-14.675591022690357,31.780175304174055,-15.231635646167808,3.33,1.54,163,61.8,25,99.7,2557,7.9,813032,669257,518692,669242,571970,605141,571771,681624,606192,52.56,0.587,0.529,0.9,1,1,0,4,30,2,Sinker,2,3,3,2,3,2,3,2,Standard,Standard,192,-0.071,0.446,56.8,5.2,0.587,-0.446,88.0,-1,1,0.379,0.621,31,29,32,29,2,1,11,2,4,1,1.23,1.03,1.03,54.0,-2.6623074920330323,5.16530815816228,40.44396518566309,25.75701480575814,18.32175135198518
CH,2025-10-27,84.9,-3.26,5.37,"Smith, Will",669257,453286,,blocked_ball,,,,,14,Ball In Dirt,W,R,R,LAD,TOR,B,,,1,2,2025,-1.2,0.54,0.029709214913805182,-0.29590563883151244,,,518692,2,3,Bot,,,,,,,10.155298432372119,-123.02475199966828,-8.01851915783129,-14.218526694552162,23.743827935744562,-25.185637700599642,3.43064793657052,1.5900006789652,,,,85.3,1445,6.7,813032,672386,665489,666182,676391,665926,664770,662139,680718,53.79,,,,,,,,24,4,Changeup,2,0,2,0,0,2,2,0,Standard,Standard,236,0.002,0.033,,,,-0.033,,2,2,0.741,0.741,40,30,41,30,2,1,11,2,5,1,2.64,1.2,1.2,30.7,,,,,
CU,2025-10-27,75.2,1.93,6.11,"Smith, Will",669257,641778,,ball,,,,,9,Ball,W,R,L,LAD,TOR,B,,,0,0,2025,-0.95,-0.91,0.3999721636611697,1.602255437101051,,,,0,16,Bot,,,,,,,-1.482811089087213,-109.44345717912091,-0.5220076319445878,-7.280603924385088,20.876245488798546,-39.61145067822498,3.33972297943913,1.50829620637414,,,,74.6,2462,6,813032,623168,665489,643396,676391,665926,664702,662139,664770,54.49,,,,,,,,137,1,Curveball,5,5,5,5,5,5,5,5,Standard,Standard,316,0.007,0.041,,,,-0.041,,0,0,0.639,0.639,30,30,30,30,2,7,3,2,,1,4.97,-0.95,0.95,35.5,,,,,
SI,2025-10-27,96.4,-1.73,5.74,"Clement, Ernie",676391,607192,,foul,,,,,8,Foul,W,R,R,LAD,TOR,S,,,0,0,2025,-0.94,1.23,-0.1352693238579722,2.0768442746467044,,,680718,1,4,Top,,,,,,,6.560499062857184,-140.1409453092848,-7.169382744946661,-13.859061340325951,29.277707658809987,-14.54307967517152,3.33,1.54,131,76.8,14,99.4,2418,7.8,813032,669257,518692,669242,571970,605141,571771,681624,606192,52.66,,,,,,,,30,1,Sinker,2,3,3,2,3,2,3,2,Standard,Standard,193,0.004,-0.04,60.5,6.2,,0.04,88.0,-1,1,0.375,0.625,31,29,32,29,2,1,11,2,4,1,1.21,0.94,0.94,47.1,-8.940765832142022,21.590591648731184,36.401125835344416,34.957686042501365,16.869812955120707
CU,2025-10-27,84.9,-1.34,5.72,"Varsho, Daulton",662139,694361,,blocked_ball,,,,,14,Ball In Dirt,W,L,R,LAD,TOR,B,,,0,0,2025,1.08,-0.98,1.1228615245430242,0.18823667805182742,,,643396,2,18,Top,,,,,,,3.5957321863556366,-123.5015494108627,-4.570173893841321,10.139376683822451,28.041724624991005,-41.34116067969179,3.43088883718614,1.55999999640585,,,,84.5,2472,6.4,813032,669257,518692,500743,571970,605141,669743,669242,606192,54.12,,,,,,,,151,1,Curveball,5,5,5,5,5,5,5,5,Standard,Strategic,22,-0.005,0.035,,,,-0.035,,0,0,0.574,0.42600000000000005,25,28,26,29,2,8,3,2,,1,4.19,-1.08,1.08,47.7,,,,,
SL,2025-10-27,85.4,-3.17,5.39,"Smith, Will",669257,453286,,called_strike,,,,,8,Called Strike,W,R,R,LAD,TOR,S,,,1,1,2025,0.29,0.14,0.017011728415101735,1.586538473834303,,,518692,2,3,Bot,,,,,,,6.942937201718971,-124.20557570968386,-2.9501778082974206,1.6585210259080214,24.591627895880233,-30.298179150450817,3.37514258906208,1.56846229098629,,,,85.7,2394,6.5,813032,672386,665489,666182,676391,665926,664770,662139,680718,54.02,,,,,,,,24,3,Slider,2,0,2,0,0,2,2,0,Standard,Standard,109,-0.004,-0.073,,,,0.073,,2,2,0.745,0.745,40,30,41,30,2,1,11,2,5,1,2.98,-0.29,-0.29,30.8,,,,,
FF,2025-10-27,92.4,1.75,5.89,"Freeman, Freddie",518692,641778,field_out,hit_into_play,,,,,8,Freddie Freeman lines out to center fielder Daulton Varsho.,W,L,L,LAD,TOR,X,8,line_drive,1,1,2025,0.71,1.29,-0.19126359192758124,2.1890258113127876,,,660271,2,15,Bot,114.5,69.45,,,,,-6.486530897556568,-134.34242315248608,-6.395691743596567,10.006310602231705,29.768574034736215,-15.286434076220974,3.69,1.79,357,104.4,20,92.2,2248,6.2,813032,623168,665489,643396,676391,665926,664702,662139,664770,54.26,0.46,0.7378214285714286,0,1,0,0,6,133,3,4-Seam Fastball,5,5,5,5,5,5,5,5,Infield shade,Standard,140,-0.06,-0.255,70.9,7.2,1.347,0.255,104.4,0,0,0.56,0.56,30,35,30,36,2,7,3,2,,1,1.38,0.71,0.71,38.9,10.266193701206078,9.43412291340429,42.80695838163101,43.42296388415494,22.72658592448571
ST,2025-10-27,88,-1.48,5.43,"Kiner-Falefa, Isiah",643396,694361,force_out,hit_into_play,,,,,9,"Umpire reviewed (play at 1st), call on the field was upheld: Isiah Kiner-Falefa grounds into a force out, shortstop Mookie Betts to second baseman Miguel Rojas. Vladimir Guerrero Jr. out at 2nd. Isiah Kiner-Falefa to 1st.",W,R,R,LAD,TOR,X,6,ground_ball,1,1,2025,0.94,-0.15,0.3224263360102332,1.8011950749873225,,,665489,1,18,Top,114.5,147.02,,,,,2.446258458391157,-128.18596367660845,-2.358863049065418,9.729567243037327,28.39397685292517,-33.533421013500096,3.23,1.47,5,84.1,-21,88.3,2486,6.6,813032,669257,518692,500743,571970,605141,669743,669242,606192,53.91,0.06,0.054,0,1,0,0,2,150,3,Sweeper,5,5,5,5,5,5,5,5,Standard,Standard,29,0.07,-0.297,62.0,7.1,0.061,0.297,88.0,0,0,0.504,0.496,25,30,26,30,2,4,3,2,,1,3.11,-0.94,-0.94,41.9,2.6392888572116635,13.033727583429686,31.282189606787213,39.76903371512462,24.53332755545918
SL,2025-10-27,89.5,-1.76,5.82,"Barger, Addison",680718,607192,single,hit_into_play,,,,,6,Addison Barger singles on a sharp line drive to right fielder Teoscar Hernández.,W,L,R,LAD,TOR,X,9,line_drive,3,2,2025,0.11,-0.12,0.347517975461752,3.0198796860346255,,,,1,4,Top,188.33,89.92,,,,,5.057738193265113,-130.39104129708264,-0.6853196080468898,0.20308513348237736,26.14300138395314,-33.584391351338304,3.72,1.74,248,111.3,12,91.2,2326,7.2,813032,669257,518692,669242,571970,605141,571771,681624,606192,53.34,0.815,0.848,0.9,1,1,0,5,29,7,Slider,2,3,3,2,3,2,3,2,Strategic,Standard,121,-0.021,0.336,78.1,7.0,1.17,-0.336,111.3,-1,1,0.396,0.604,31,25,32,26,2,1,11,2,4,1,2.95,-0.11,0.11,50.8,7.048006444383621,-3.4596297625121673,24.539918026621653,28.953527436452507,32.33206027405241
SL,2025-10-27,84.9,-3.32,5.37,"Smith, Will",669257,453286,,foul,,,,,7,Foul,W,R,R,LAD,TOR,S,,,1,0,2025,0.35,-0.05,-0.33511316443762784,2.1529938863421147,,,518692,2,3,Bot,,,,,,,6.300639256881879,-123.64303233590857,-1.1419638397420244,2.368315109965679,23.761554300831406,-32.63758023985627,3.4,1.59,3,34.2,-33,85.2,2383,6.4,813032,672386,665489,666182,676391,665926,664770,662139,680718,54.15,,,,,,,,24,2,Slider,2,0,2,0,0,2,2,0,Standard,Standard,120,-0.002,-0.05,71.7,8.0,,0.05,88.0,2,2,0.747,0.747,40,30,41,30,2,1,11,2,5,1,3.19,-0.35,-0.35,28.9,24.665415994689322,-27.127727437275034,34.823899772942084,31.77039687942072,46.98527675346281
SL,2025-10-27,83.2,1.71,5.91,"Freeman, Freddie",518692,641778,,called_strike,,,,,7,Called Strike,W,L,L,LAD,TOR,S,,,1,0,2025,-0.26,0.08,-0.5726698155384649,2.1409524103343154,,,660271,2,15,Bot,,,,,,,-4.698246669635268,-121.0938046166758,-2.375156946646168,-1.7077844912037132,23.02335229161932,-31.10021286720988,3.73364062051006,1.79000100868634,,,,82.9,2242,6.1,813032,623168,665489,643396,676391,665926,664702,662139,664770,54.45,,,,,,,,133,2,Slider,5,5,5,5,5,5,5,5,Infield shade,Standard,205,-0.008,-0.05,,,,0.05,,0,0,0.568,0.568,30,35,30,36,2,7,3,2,,1,3.2,-0.26,-0.26,39.5,,,,,
FF,2025-10-27,95.9,-1.12,5.69,"Kiner-Falefa, Isiah",643396,694361,,foul,,,,,6,Foul,W,R,R,LAD,TOR,S,,,1,0,2025,-0.32,1.54,0.5099832536373187,2.668401566010228,,,665489,1,18,Top,,,,,,,5.057641252308384,-139.43381067522648,-5.857948653343232,-5.391338647364236,34.09416146523948,-10.982728452196875,3.23,1.47,,,,96.1,2260,6.7,813032,669257,518692,500743,571970,605141,669743,669242,606192,53.83,,,,,,,,150,2,4-Seam Fastball,5,5,5,5,5,5,5,5,Standard,Standard,210,0.012,-0.056,67.9,7.1,,0.056,,0,0,0.492,0.508,25,30,26,30,2,4,3,2,,1,0.96,0.32,0.32,53.0,3.3835135813088044,10.596499849298995,28.930225355872924,42.42665265335299,20.948971604364026
FF,2025-10-27,94.1,-2.85,5.72,"Smith, Will",669257,453286,,ball,,,,,12,Ball,W,R,R,LAD,TOR,B,,,0,0,2025,-0.51,1.12,1.3764199215362098,2.7204777736138546,,,518692,2,3,Bot,,,,,,,12.063097747574487,-136.53499060612265,-4.5402319974868455,-8.82107252064034,27.882771037573097,-17.33678047448615,3.32828782709844,1.59000075032585,,,,94.2,2273,6.3,813032,672386,665489,666182,676391,665926,664770,662139,680718,54.17,,,,,,,,24,1,4-Seam Fastball,2,0,2,0,0,2,2,0,Standard,Standard,216,0.001,0.035,,,,-0.035,,2,2,0.746,0.746,40,30,41,30,2,1,11,2,5,1,1.46,0.51,0.51,36.8,,,,,
FF,2025-10-27,92,1.84,5.84,"Freeman, Freddie",518692,641778,,ball,,,,,3,Ball,W,L,L,LAD,TOR,B,,,0,0,2025,0.72,1.35,0.6765980565013944,3.6298524403987624,,,660271,2,15,Bot,,,,,,,-4.501609778859183,-133.89222314692583,-2.688141402889422,9.6784963181991,28.59507579900115,-15.516940350828515,3.82085151294607,1.89257512339785,,,,91.5,2268,6,813032,623168,665489,643396,676391,665926,664702,662139,664770,54.52,,,,,,,,133,1,4-Seam Fastball,5,5,5,5,5,5,5,5,Infield shade,Standard,138,0.005,0.035,,,,-0.035,,0,0,0.563,0.563,30,35,30,36,2,7,3,2,,1,1.34,0.72,0.72,34.0,,,,,
SI,2025-10-27,96.9,-1.69,5.8,"Barger, Addison",680718,607192,,foul,,,,,6,Foul,W,L,R,LAD,TOR,S,,,3,2,2025,-0.97,1.01,0.37506072580862804,2.8414928085879536,,,,1,4,Top,,,,,,,7.889234691922694,-140.8804686667138,-4.767324059569317,-14.676484344688117,32.202405101693884,-17.78791244946423,3.72,1.74,168,68,32,98.9,2255,7.5,813032,669257,518692,669242,571970,605141,571771,681624,606192,53.03,,,,,,,,29,6,Sinker,2,3,3,2,3,2,3,2,Strategic,Standard,191,0,0,79.1,7.4,,0,88.0,-1,1,0.396,0.604,31,25,32,26,2,1,11,2,4,1,1.42,0.97,-0.97,53.7,6.076476262099803,-2.5613796142732737,27.4920161368281,28.669842287526727,30.78615921823316
FF,2025-10-27,95.5,-1.74,5.82,"Barger, Addison",680718,607192,,ball,,,,,11,Ball,W,L,R,LAD,TOR,B,,,2,2,2025,-0.35,1.29,-1.2186682806450293,3.698255339866316,,,,1,4,Top,,,,,,,2.2276963939235643,-139.058488272169,-2.9313537804685095,-5.088599781189538,30.964270423250255,-14.95995046752489,3.69323439957714,1.73999994404022,,,,97.7,2301,7.5,813032,669257,518692,669242,571970,605141,571771,681624,606192,53,,,,,,,,29,5,4-Seam Fastball,2,3,3,2,3,2,3,2,Strategic,Standard,196,-0.007,0.104,,,,-0.104,,-1,1,0.403,0.597,31,25,32,26,2,1,11,2,4,1,1.2,0.35,-0.35,50.1,,,,,
FF,2025-10-27,96.4,-1.28,5.66,"Kiner-Falefa, Isiah",643396,694361,,ball,,,,,11,Ball,W,R,R,LAD,TOR,B,,,0,0,2025,-0.5,1.61,-1.280988385372083,3.203456062300015,,,665489,1,18,Top,,,,,,,1.1268283056682904,-140.32062151001395,-4.61463340544437,-6.777547055440848,34.51558101391295,-10.077733838729605,3.21596384314322,1.47000031962213,,,,96.6,2215,6.6,813032,669257,518692,500743,571970,605141,669743,669242,606192,53.89,,,,,,,,150,1,4-Seam Fastball,5,5,5,5,5,5,5,5,Standard,Standard,214,-0.008,0.035,,,,-0.035,,0,0,0.5,0.5,25,30,26,30,2,4,3,2,,1,0.85,0.5,0.5,46.2,,,,,
CU,2025-10-27,77,-3.18,5.52,"Freeman, Freddie",518692,453286,walk,ball,,,,,11,Freddie Freeman walks.,W,L,R,LAD,TOR,B,,,3,1,2025,0.73,-0.48,-1.3731642966176456,2.9598621692216494,,,,2,3,Bot,,,,,,,2.516355741998813,-112.03872422562232,2.4071192683363796,5.7336326858278195,19.984201933914086,-36.86543151125418,3.699432565641,1.78999986491121,,,,77.1,2516,6.3,813032,672386,665489,666182,676391,665926,664770,662139,680718,54.17,,0.691497,0.7,1,0,0,,23,5,Curveball,2,0,2,0,0,2,2,0,Infield shade,Standard,61,0.005,0.173,,,,-0.173,,2,2,0.741,0.741,40,35,41,36,2,1,11,2,5,1,4.32,-0.73,0.73,33.8,,,,,
FF,2025-10-27,93.7,1.81,5.86,"Betts, Mookie",605141,641778,field_out,hit_into_play,,,,,5,Mookie Betts flies out to right fielder Nathan Lukes.,W,R,L,LAD,TOR,X,9,fly_ball,1,2,2025,0.75,1.26,0.14850375455641163,2.298880290623842,,,660271,1,15,Bot,205.39,102.58,,,,,-5.946360363500441,-136.21949135113297,-6.224076602829082,10.698285953671308,30.309280308267052,-15.324120931992708,3.18,1.49,308,90.5,36,93.4,2303,6.2,813032,623168,665489,643396,676391,665926,664702,662139,664770,54.29,0.023,0.031,0,1,0,0,3,132,4,4-Seam Fastball,5,5,5,5,5,5,5,5,Standard,Standard,140,-0.05,-0.179,74.3,6.6,0.063,0.179,90.5,0,0,0.613,0.613,30,32,30,33,2,7,3,2,,1,1.35,0.75,-0.75,33.4,1.1395702264480232,7.43497521261035,38.61051088856752,38.70150050222075,27.709727593550546
SI,2025-10-27,97.6,-1.52,5.79,"Barger, Addison",680718,607192,,ball,,,,,14,Ball,W,L,R,LAD,TOR,B,,,1,2,2025,-0.81,1.23,1.3694770220101518,0.7114177155877718,,,,1,4,Top,,,,,,,9.832557053337279,-141.46287358261648,-11.188653620850728,-13.07373058623465,31.88324862138781,-13.21471725680583,3.74226002521197,1.73999970094281,,,,99.5,2634,7.5,813032,669257,518692,669242,571970,605141,571771,681624,606192,52.95,,,,,,,,29,4,Sinker,2,3,3,2,3,2,3,2,Strategic,Standard,195,-0.002,0.048,,,,-0.048,,-1,1,0.405,0.595,31,25,32,26,2,1,11,2,4,1,1.18,0.81,-0.81,51.9,,,,,
CU,2025-10-27,85.8,-1.11,5.81,"Guerrero Jr., Vladimir",665489,694361,walk,ball,,,,,14,Vladimir Guerrero Jr. walks.,W,R,R,LAD,TOR,B,,,3,1,2025,0.66,-1.2,0.6647280224275733,-0.045241046141657026,,,,1,18,Top,,,,,,,2.872832892379098,-124.70824887020633,-5.026184598151696,6.060542715787671,30.770039860947488,-43.47104288369488,3.66258444288853,1.59999863046808,,,,85.4,2555,6.6,813032,669257,518692,500743,571970,605141,669743,669242,606192,53.87,,0.691497,0.7,1,0,0,,149,5,Curveball,5,5,5,5,5,5,5,5,Standard,Strategic,20,-0.035,0.253,,,,-0.253,,0,0,0.535,0.46499999999999997,25,26,26,26,2,8,3,2,,1,4.36,-0.66,-0.66,52.9,,,,,
CH,2025-10-27,86,-3.25,5.28,"Freeman, Freddie",518692,453286,,ball,,,,,14,Ball,W,L,R,LAD,TOR,B,,,2,1,2025,-0.84,0.45,0.4955541481039948,1.254426669439098,,,,2,3,Bot,,,,,,,10.668184769323464,-124.74204170370867,-4.197266901725951,-10.907980574934856,24.59787130563346,-26.824360356778097,3.68092855604313,1.78999981712649,,,,86.6,1410,6.8,813032,672386,665489,666182,676391,665926,664770,662139,680718,53.67,,,,,,,,23,4,Changeup,2,0,2,0,0,2,2,0,Infield shade,Standard,239,0.003,0.117,,,,-0.117,,2,2,0.738,0.738,40,35,41,36,2,1,11,2,5,1,2.65,0.84,-0.84,29.5,,,,,
FC,2025-10-27,86.3,1.94,5.71,"Betts, Mookie",605141,641778,,swinging_strike,,,,,9,Swinging Strike,W,R,L,LAD,TOR,S,,,1,1,2025,0.06,0.16,0.38134596034629775,1.588761145961493,,,660271,1,15,Bot,,,,,,,-3.8292859591690975,-125.64781851923223,-3.908017020958301,1.3670112294684262,25.062809384106107,-29.916534161159674,3.18,1.49,,,,86.3,2421,6.2,813032,623168,665489,643396,676391,665926,664702,662139,664770,54.27,,,,,,,,132,3,Cutter,5,5,5,5,5,5,5,5,Standard,Standard,194,-0.018,-0.056,83.3,8.2,,0.056,,0,0,0.631,0.631,30,32,30,33,2,7,3,2,,1,2.89,0.06,-0.06,38.8,23.642915763001305,-14.31818478061868,32.04481628379036,41.895768930188254,51.34605029752774
FF,2025-10-27,92.8,1.75,5.84,"Betts, Mookie",605141,641778,,ball,,,,,11,Ball,W,R,L,LAD,TOR,B,,,0,1,2025,0.51,1.36,-1.1864192976934564,3.5444378397714273,,,660271,1,15,Bot,,,,,,,-8.559853560629813,-134.84508916423866,-3.044410519799765,8.061517353285572,29.475213687965518,-15.06616131965576,3.19152466037692,1.48999947519088,,,,92.2,2269,6,813032,623168,665489,643396,676391,665926,664702,662139,664770,54.48,,,,,,,,132,2,4-Seam Fastball,5,5,5,5,5,5,5,5,Standard,Standard,141,0.007,0.019,,,,-0.019,,0,0,0.624,0.624,30,32,30,33,2,7,3,2,,1,1.29,0.51,-0.51,34.3,,,,,
CU,2025-10-27,82.5,-1.51,5.94,"Barger, Addison",680718,607192,,ball,,,,,14,Ball,W,L,R,LAD,TOR,B,,,0,2,2025,0.67,-1.32,0.8220484739636279,0.5523847217002427,,,,1,4,Top,,,,,,,4.053485281639968,-120.10029935086048,-3.1364850523092773,5.613535624043047,25.431868507736418,-44.4408697950822,3.64491231242509,1.73999986514025,,,,83.3,2803,7,813032,669257,518692,669242,571970,605141,571771,681624,606192,53.48,,,,,,,,29,3,Curveball,2,3,3,2,3,2,3,2,Strategic,Standard,18,-0.002,0.017,,,,-0.017,,-1,1,0.407,0.593,31,25,32,26,2,1,11,2,4,1,4.69,-0.67,0.67,55.1,,,,,
CU,2025-10-27,86.2,-1.11,5.81,"Guerrero Jr., Vladimir",665489,694361,,ball,,,,,14,Ball,W,R,R,LAD,TOR,B,,,2,1,2025,0.67,-1.19,0.8706066355691001,1.063420702178806,,,,1,18,Top,,,,,,,3.3691273100377295,-125.39688884262708,-2.5229341495656277,6.160117312484005,29.552103185033197,-44.24613325022482,3.66184662176683,1.59999879112413,,,,86.1,2555,6.6,813032,669257,518692,500743,571970,605141,669743,669242,606192,53.87,,,,,,,,149,4,Curveball,5,5,5,5,5,5,5,5,Standard,Strategic,22,-0.017,0.121,,,,-0.121,,0,0,0.552,0.44799999999999995,25,26,26,26,2,8,3,2,,1,4.3,-0.67,-0.67,50.7,,,,,
FF,2025-10-27,94.7,-3.11,5.67,"Freeman, Freddie",518692,453286,,foul,,,,,11,Foul,W,L,R,LAD,TOR,S,,,2,0,2025,-0.69,1.23,-0.18843544526435463,3.850613924311249,,,,2,3,Bot,,,,,,,9.135763264413841,-137.63619744718255,-1.802838491316979,-10.833137792664505,31.327379226979765,-16.368875406077457,3.69,1.79,250,74.6,38,94.2,2404,6.1,813032,672386,665489,666182,676391,665926,664770,662139,680718,54.35,,,,,,,,23,3,4-Seam Fastball,2,0,2,0,0,2,2,0,Infield shade,Standard,222,-0.002,-0.066,65.8,6.0,,0.066,88.0,2,2,0.74,0.74,40,35,41,36,2,1,11,2,5,1,1.32,0.69,-0.69,35.6,5.795970626403741,12.47760879143133,31.562142533392993,41.978398116649664,19.383887576638458
FF,2025-10-27,97.8,-1.33,5.79,"Guerrero Jr., Vladimir",665489,694361,,ball,,,,,11,Ball,W,R,R,LAD,TOR,B,,,1,1,2025,-0.95,1.47,-1.6708758789064908,3.228435356318216,,,,1,18,Top,,,,,,,1.2965162310941918,-142.271927756464,-4.76298361393907,-13.050553877609866,38.00869326977736,-11.42017123645142,3.67099716018427,1.59999957906052,,,,98,2354,6.8,813032,669257,518692,500743,571970,605141,669743,669242,606192,53.71,,,,,,,,149,3,4-Seam Fastball,5,5,5,5,5,5,5,5,Standard,Strategic,213,-0.008,0.055,,,,-0.055,,0,0,0.56,0.43999999999999995,25,26,26,26,2,8,3,2,,1,0.95,0.95,0.95,47.3,,,,,
SI,2025-10-27,98.4,-1.69,5.69,"Barger, Addison",680718,607192,,called_strike,,,,,6,Called Strike,W,L,R,LAD,TOR,S,,,0,1,2025,-0.99,1.29,0.6785377516972235,2.4628351816980265,,,,1,4,Top,,,,,,,9.003790808620492,-142.94289412816994,-6.47724304726834,-15.596395896745134,32.77116265635139,-13.111855221853583,3.69101914654201,1.7399996245187,,,,101.4,2401,8,813032,669257,518692,669242,571970,605141,571771,681624,606192,52.5,,,,,,,,29,2,Sinker,2,3,3,2,3,2,3,2,Standard,Standard,196,0.004,-0.052,,,,0.052,,-1,1,0.403,0.597,31,25,32,26,2,1,11,2,4,1,1.07,0.99,-0.99,53.3,,,,,
CU,2025-10-27,76.2,-3.13,5.66,"Freeman, Freddie",518692,453286,,ball,,,,,11,Ball,W,L,R,LAD,TOR,B,,,1,0,2025,1.07,-0.51,-1.3779136028497256,4.088998870473857,,,,2,3,Bot,,,,,,,1.752132161498578,-110.87519705756019,4.673914515661662,8.513366611451477,20.162130476549848,-37.47467298524496,3.7180764237383,1.8546950498043,,,,75.9,2695,6.1,813032,672386,665489,666182,676391,665926,664770,662139,680718,54.37,,,,,,,,23,2,Curveball,2,0,2,0,0,2,2,0,Infield shade,Standard,62,0.002,0.065,,,,-0.065,,2,2,0.738,0.738,40,35,41,36,2,1,11,2,5,1,4.44,-1.07,1.07,36.7,,,,,
CU,2025-10-27,74.8,1.82,6.13,"Betts, Mookie",605141,641778,,called_strike,,,,,8,Called Strike,W,R,L,LAD,TOR,S,,,0,0,2025,-0.67,-1.2,0.006721979913313025,2.0079328313024885,,,660271,1,15,Bot,,,,,,,-2.5335208090855224,-108.9185900486916,0.8310773249351862,-4.862837925114457,20.466400422149658,-42.047470457884835,3.12473341692821,1.59763022945168,,,,74.3,2335,6,813032,623168,665489,643396,676391,665926,664702,662139,664770,54.48,,,,,,,,132,1,Curveball,5,5,5,5,5,5,5,5,Standard,Standard,319,-0.011,-0.04,,,,0.04,,0,0,0.635,0.635,30,32,30,33,2,7,3,2,,1,5.29,-0.67,0.67,38.3,,,,,
FC,2025-10-27,89.5,-3.26,5.55,"Freeman, Freddie",518692,453286,,ball,,,,,3,Ball,W,L,R,LAD,TOR,B,,,0,0,2025,0.04,0.54,0.34796149973647184,3.627238340073643,,,,2,3,Bot,,,,,,,8.774081093479902,-130.14373278242735,0.09694582550723496,-1.183466142764115,25.00551069982118,-26.251551757943652,3.80297064125344,1.81808597745851,,,,89.5,2534,6.1,813032,672386,665489,666182,676391,665926,664770,662139,680718,54.38,,,,,,,,23,1,Cutter,2,0,2,0,0,2,2,0,Infield shade,Standard,199,0.001,0.037,,,,-0.037,,2,2,0.737,0.737,40,35,41,36,2,1,11,2,5,1,2.29,-0.04,0.04,31.8,,,,,
CU,2025-10-27,80.2,-1.49,6.02,"Barger, Addison",680718,607192,,called_strike,,,,,2,Called Strike,W,L,R,LAD,TOR,S,,,0,0,2025,0.49,-1.27,0.1583660095061593,3.608606805358118,,,,1,4,Top,,,,,,,2.7569423853425574,-116.69742366334832,3.885783199567811,3.887606244846092,22.93732744108436,-44.76652109474662,3.57459676941524,1.73999951567351,,,,81.3,2640,7.1,813032,669257,518692,669242,571970,605141,571771,681624,606192,53.36,,,,,,,,29,1,Curveball,2,3,3,2,3,2,3,2,Standard,Standard,16,0.003,-0.039,,,,0.039,,-1,1,0.4,0.6,31,25,32,26,2,1,11,2,4,1,4.83,-0.49,0.49,61.8,,,,,
FF,2025-10-27,98.3,-1.22,5.71,"Guerrero Jr., Vladimir",665489,694361,,foul,,,,,6,Foul,W,R,R,LAD,TOR,S,,,1,0,2025,-0.44,1.5,0.5225105771611944,2.4371880326574855,,,,1,18,Top,,,,,,,5.780898263792984,-142.90014808354167,-6.920465529095005,-7.386571619963113,35.07542774874111,-10.185075768822873,3.63,1.6,294,93.6,26,99,2086,6.9,813032,669257,518692,500743,571970,605141,669743,669242,606192,53.65,,,,,,,,149,2,4-Seam Fastball,5,5,5,5,5,5,5,5,Standard,Strategic,214,0.008,-0.049,77.8,7.2,,0.049,93.6,0,0,0.552,0.44799999999999995,25,26,26,26,2,8,3,2,,1,0.87,0.44,0.44,47.8,-10.567286192210464,12.272199809791358,33.71658828315054,42.218817091798314,16.80201447857062
FF,2025-10-27,92.4,1.82,5.91,"Call, Alex",669743,641778,field_out,hit_into_play,,,,,6,"Alex Call grounds out, second baseman Isiah Kiner-Falefa to first baseman Vladimir Guerrero Jr.",W,R,L,LAD,TOR,X,4,ground_ball,2,2,2025,0.75,1.12,0.6379533025941121,2.725283422275174,,,,0,15,Bot,147.45,149.05,,,,,-4.616255301622392,-134.5221184371026,-4.739623980993548,10.062301200307203,29.214435573844895,-17.69242953017464,3.4,1.66,5,93.2,-27,92.3,2261,6.2,813032,623168,665489,643396,676391,665926,664702,662139,664770,54.31,0.062,0.06,0,1,0,0,2,130,7,4-Seam Fastball,5,5,5,5,5,5,5,5,Strategic,Standard,144,-0.048,-0.232,64.9,5.9,0.084,0.232,93.2,0,0,0.63,0.63,30,30,30,31,2,1,3,14,,1,1.54,0.75,-0.75,35.5,-4.593070658597992,18.07886204527378,20.599683994069732,43.154705437654485,24.177916900433132
FF,2025-10-27,94.2,-3.14,5.64,"Betts, Mookie",605141,453286,field_out,hit_into_play,,,,,4,Mookie Betts flies out to left fielder Nathan Lukes.,W,R,R,LAD,TOR,X,7,fly_ball,0,1,2025,-0.86,1.4,-0.37482112711993476,2.392465175701134,,,,1,3,Bot,68.21,113.89,,,,,9.044511519617103,-136.69835954521125,-5.773783540580586,-12.811140116907715,31.904559344813865,-13.485542553345429,3.18,1.49,254,96.7,55,93.5,2461,6.2,813032,672386,665489,666182,676391,665926,664770,662139,680718,54.33,0.005,0.005,0,1,0,0,3,22,2,4-Seam Fastball,2,0,2,0,0,2,2,0,Standard,Standard,217,-0.01,-0.215,67.8,7.4,0.005,0.215,96.7,2,2,0.747,0.747,40,32,41,33,2,1,11,2,5,1,1.19,0.86,0.86,34.3,20.4117214742534,-25.645464859318405,37.5367667252974,31.398570647801904,44.87057600230207
CU,2025-10-27,80.5,-1.54,5.96,"Kirk, Alejandro",672386,607192,home_run,hit_into_play,,,,,5,Alejandro Kirk homers (5) on a fly ball to center field. Vladimir Guerrero Jr. scores. Bo Bichette scores.,W,R,R,LAD,TOR,X,,fly_ball,0,0,2025,0.59,-1.46,-0.1603599438396801,2.2985039517486756,665489,,666182,1,4,Top,101.2,41.74,,,,,1.9885073782734117,-117.17446235356698,1.4816896123039847,5.003264078411201,24.84269271142567,-46.088442944787715,3.1,1.49,394,102.7,29,82.1,2897,7.6,813032,669257,518692,669242,571970,605141,571771,681624,606192,52.88,0.656,1.294395061728395,2,1,0,3,6,28,1,Curveball,2,0,0,2,3,2,3,2,Standard,Standard,20,-0.251,1.163,74.5,7.4,2.533,-1.163,102.7,2,-2,0.651,0.349,31,26,32,27,2,1,11,2,4,1,5.01,-0.59,-0.59,62.7,12.884099870166905,-0.06109722988962824,22.814474669556994,37.34446554081404,36.55585021575097
CU,2025-10-27,85.2,-1.25,5.94,"Guerrero Jr., Vladimir",665489,694361,,ball,,,,,11,Ball,W,R,R,LAD,TOR,B,,,0,0,2025,0.56,-1.33,-1.0374743571541276,3.219592654181424,,,,1,18,Top,,,,,,,-0.6284174087259102,-123.95261252700942,2.698356118378352,5.892560335486477,28.348001744401994,-46.630516186960534,3.68514988159226,1.59999979857597,,,,84.6,2512,6.3,813032,669257,518692,500743,571970,605141,669743,669242,606192,54.24,,,,,,,,149,1,Curveball,5,5,5,5,5,5,5,5,Standard,Strategic,22,-0.006,0.039,,,,-0.039,,0,0,0.558,0.44199999999999995,25,26,26,26,2,8,3,2,,1,4.51,-0.56,-0.56,50.2,,,,,
CU,2025-10-27,76.3,1.81,6.11,"Call, Alex",669743,641778,,foul,,,,,7,Foul,W,R,L,LAD,TOR,S,,,2,2,2025,-0.84,-0.81,-0.3313303731079954,1.6738308437921559,,,,0,15,Bot,,,,,,,-2.9699876441483286,-111.15864939903186,-0.8275652627937989,-6.410319685373199,20.71443731332005,-38.952668388443186,3.4,1.66,6,73.1,-19,75.6,2371,5.8,813032,623168,665489,643396,676391,665926,664702,662139,664770,54.74,,,,,,,,130,6,Curveball,5,5,5,5,5,5,5,5,Strategic,Standard,322,0,0,78.5,7.5,,0,88.0,0,0,0.63,0.63,30,30,30,31,2,1,3,14,,1,4.73,-0.84,0.84,39.4,17.9569586609948,-20.683507213526894,31.367839555142986,32.91196978609105,47.18791437075338
ST,2025-10-27,90.1,-1.65,5.69,"Lukes, Nathan",664770,694361,field_out,hit_into_play,,,,,14,Nathan Lukes lines out to first baseman Freddie Freeman.,W,L,R,LAD,TOR,X,3,line_drive,0,2,2025,0.82,-0.29,0.9251244998342582,1.489966623357938,,,,0,18,Top,170.83,156.56,,,,,4.6645668245655,-131.0394065888364,-3.73660168703772,8.058227158533537,33.66524989728295,-34.76821532465884,3.35,1.54,155,94.9,11,89.7,2621,6.5,813032,669257,518692,500743,571970,605141,669743,669242,606192,53.96,0.871,0.822,0,1,0,0,4,148,3,Sweeper,5,5,5,5,5,5,5,5,Strategic,Strategic,25,0.035,-0.165,63.8,7.2,1.002,0.165,94.9,0,0,0.523,0.477,25,30,26,31,2,8,3,2,,1,3.15,-0.82,0.82,47.8,9.256355815559283,-13.519314886074405,42.581052437522374,29.775130617239736,36.463479953924036
SL,2025-10-27,90.8,-1.85,5.77,"Varsho, Daulton",662139,607192,field_out,hit_into_play,,,,,3,Daulton Varsho flies out to left fielder Enrique Hernández.,W,L,R,LAD,TOR,X,7,fly_ball,0,2,2025,0.23,0.05,0.3168764387672477,2.864557839216055,665489,,666182,0,4,Top,106.19,106.05,,,,,5.050442435519325,-132.23484423962987,-1.525591184534161,1.7049196280887335,25.52881152177095,-31.5319976544771,3.38,1.56,240,75.4,39,93.4,2400,7.5,813032,669257,518692,669242,571970,605141,571771,681624,606192,52.95,0.172,0.168,0,1,0,0,3,27,3,Slider,2,0,0,2,0,2,0,2,Standard,Standard,103,0.04,-0.158,74.1,6.9,0.218,0.158,88.0,2,-2,0.611,0.389,31,28,32,29,2,1,11,2,4,1,2.69,-0.23,0.23,49.7,6.673301994553858,5.196487394757752,23.125333418649653,31.410334592804688,24.437921573774787
FF,2025-10-27,94.7,-3.15,5.73,"Betts, Mookie",605141,453286,,swinging_strike,,,,,3,Swinging Strike,W,R,R,LAD,TOR,S,,,0,0,2025,-0.69,1.31,0.5684569252233461,3.0185270540639664,,,,1,3,Bot,,,,,,,11.177799292551562,-137.39383577256663,-4.280071772726383,-11.219536614414794,30.680467332535326,-14.795052556689665,3.18,1.49,,,,94.2,2390,6.2,813032,672386,665489,666182,676391,665926,664770,662139,680718,54.32,,,,,,,,22,1,4-Seam Fastball,2,0,2,0,0,2,2,0,Standard,Standard,218,-0.002,-0.039,67.9,6.4,,0.039,,2,2,0.749,0.749,40,32,41,33,2,1,11,2,5,1,1.25,0.69,0.69,37.1,2.4196730010137846,15.582682492049466,27.42218147488904,43.79861720360936,22.384281024932854
FF,2025-10-27,93,1.77,5.99,"Call, Alex",669743,641778,,ball,,,,,11,Ball,W,R,L,LAD,TOR,B,,,1,2,2025,0.81,1.22,-0.8114519261813453,3.5675686688920165,,,,0,15,Bot,,,,,,,-8.361914151508554,-135.1631216510944,-3.084669189132847,11.702921453423011,29.740941452857818,-16.689407401791655,3.39537794964234,1.66000015407965,,,,92.7,2199,6.2,813032,623168,665489,643396,676391,665926,664702,662139,664770,54.31,,,,,,,,130,5,4-Seam Fastball,5,5,5,5,5,5,5,5,Standard,Standard,139,0.008,0.043,,,,-0.043,,0,0,0.622,0.622,30,30,30,31,2,1,3,14,,1,1.42,0.81,-0.81,41.4,,,,,
FF,2025-10-27,92.8,1.74,6.04,"Call, Alex",669743,641778,,ball,,,,,11,Ball,W,R,L,LAD,TOR,B,,,0,2,2025,0.53,1.26,-0.1337774409915763,3.9433846012860707,,,,0,15,Bot,,,,,,,-5.917967353430568,-134.96708292802177,-2.287670959084992,7.795150582601782,30.379980471726373,-16.554376427368595,3.43099017864219,1.65999899450384,,,,92.1,2276,6,813032,623168,665489,643396,676391,665926,664702,662139,664770,54.51,,,,,,,,130,4,4-Seam Fastball,5,5,5,5,5,5,5,5,Standard,Standard,141,0.006,0.024,,,,-0.024,,0,0,0.616,0.616,30,30,30,31,2,1,3,14,,1,1.4,0.53,-0.53,37.9,,,,,
FF,2025-10-27,97.4,-1.28,5.71,"Lukes, Nathan",664770,694361,,called_strike,,,,,8,Called Strike,W,L,R,LAD,TOR,S,,,0,1,2025,-0.86,1.5,-0.07894815346728601,1.4916244103005567,,,,0,18,Top,,,,,,,5.25034348906563,-141.4252819717126,-9.27150731474763,-12.768137765828678,35.480235481007156,-10.01774751150252,3.31358957389644,1.47855229307543,,,,97.7,2233,6.8,813032,669257,518692,500743,571970,605141,669743,669242,606192,53.71,,,,,,,,148,2,4-Seam Fastball,5,5,5,5,5,5,5,5,Strategic,Strategic,211,0.014,-0.055,,,,0.055,,0,0,0.509,0.491,25,30,26,31,2,8,3,2,,1,0.93,0.86,-0.86,49.1,,,,,
SL,2025-10-27,91.7,-1.76,5.78,"Varsho, Daulton",662139,607192,,foul,,,,,14,Foul,W,L,R,LAD,TOR,S,,,0,1,2025,0.31,0.32,1.029819504648804,1.723681653199378,665489,,666182,0,4,Top,,,,,,,6.547908764785904,-133.4827702044618,-5.277384318797456,2.4714837130515948,25.958704338291444,-27.408679330635064,3.38,1.56,10,91.1,-10,94.5,2552,7.7,813032,669257,518692,669242,571970,605141,571771,681624,606192,52.8,,,,,,,,27,2,Slider,2,0,0,2,0,2,0,2,Standard,Standard,135,0.016,-0.049,72.8,8.5,,0.049,91.1,2,-2,0.595,0.405,31,28,32,29,2,1,11,2,4,1,2.36,-0.31,0.31,51.4,20.910333335472135,-19.61309140074606,41.87198139374783,23.605196441249564,35.66454811682566
FF,2025-10-27,95.1,-3.05,5.66,"Ohtani, Shohei",660271,453286,home_run,hit_into_play,,,,,12,Shohei Ohtani homers (7) on a fly ball to right field.,W,L,R,LAD,TOR,X,,fly_ball,1,2,2025,-0.54,1.33,0.8797604365175113,3.2520697126566502,,,,1,3,Bot,229.82,79.69,,,,,11.483089665156173,-138.00943476127668,-3.625492596844849,-9.482064471313295,30.37500845644001,-14.504058302382983,3.52,1.64,389,101.5,32,94.9,2429,6.3,813032,672386,665489,666182,676391,665926,664770,662139,680718,54.19,0.484,0.9436250000000002,2,1,0,3,6,21,6,4-Seam Fastball,1,0,1,0,0,2,2,0,Infield shade,Standard,215,0.106,1.657,82.0,7.5,1.867,-1.657,101.5,1,1,0.643,0.643,40,30,41,31,2,1,11,2,5,1,1.2,0.54,-0.54,34.0,21.75892389208536,-2.107796973953515,35.34347834225524,29.962366590075703,31.602286560475903
FF,2025-10-27,97.5,-1.12,5.77,"Lukes, Nathan",664770,694361,,swinging_strike,,,,,6,Swinging Strike,W,L,R,LAD,TOR,S,,,0,0,2025,-0.3,1.58,0.4771321755254228,2.776887535119067,,,,0,18,Top,,,,,,,5.022050588013111,-141.7676915460628,-6.144033990153647,-5.331251676973944,37.385013444282194,-9.66942179710056,3.35,1.54,,,,97.6,2115,6.8,813032,669257,518692,500743,571970,605141,669743,669242,606192,53.75,,,,,,,,148,1,4-Seam Fastball,5,5,5,5,5,5,5,5,Strategic,Strategic,210,0.009,-0.039,68.1,5.4,,0.039,,0,0,0.5,0.5,25,30,26,31,2,8,3,2,,1,0.85,0.3,-0.3,50.1,-9.141184922734666,29.635189592494118,36.568349885867946,33.504192670167825,15.854167747200016
SI,2025-10-27,97.1,-1.6,5.75,"Varsho, Daulton",662139,607192,,called_strike,,,,,6,Called Strike,W,L,R,LAD,TOR,S,,,0,0,2025,-1.01,0.99,0.39677327550357167,2.353155562452276,665489,,666182,0,4,Top,,,,,,,7.860151465422518,-141.04665334960535,-5.868791301448674,-15.369196660712849,35.15540802794643,-17.837423946234274,3.48330207733954,1.56000040209376,,,,98.9,2412,7.6,813032,669257,518692,669242,571970,605141,571771,681624,606192,52.9,,,,,,,,27,1,Sinker,2,0,0,2,0,2,0,2,Standard,Standard,194,0.01,-0.054,,,,0.054,,2,-2,0.585,0.41500000000000004,31,28,32,29,2,1,11,2,4,1,1.46,1.01,-1.01,48.9,,,,,
CU,2025-10-27,79.3,-3.18,5.49,"Ohtani, Shohei",660271,453286,,foul,,,,,14,Foul,W,L,R,LAD,TOR,S,,,1,2,2025,0.88,-0.68,0.6751100849435663,1.4808601138125805,,,,1,3,Bot,,,,,,,6.7803018516691775,-115.27797142657093,-0.6780129656026982,6.560470450338462,22.03901784509075,-38.285395722997,3.52,1.64,196,86.5,18,79.3,2606,6.4,813032,672386,665489,666182,676391,665926,664770,662139,680718,54.09,,,,,,,,21,5,Curveball,1,0,1,0,0,1,1,0,Infield shade,Standard,63,0,0,73.8,8.9,,0,88.0,1,1,0.643,0.643,40,30,41,31,2,1,11,2,5,1,4.32,-0.88,0.88,34.0,31.621945922942746,-21.904625249307422,51.338851205083124,32.54128990891709,45.34970791947303
SL,2025-10-27,83,1.84,5.99,"Call, Alex",669743,641778,,foul,,,,,7,Foul,W,R,L,LAD,TOR,S,,,0,2,2025,-0.39,0.21,-0.4589496269139158,1.96180002135748,,,,0,15,Bot,,,,,,,-4.504760837333496,-120.91331902553851,-3.238313402314608,-3.076334560225583,21.131489367068443,-29.720041696665348,3.4,1.66,94,47.8,63,83.6,2172,6.4,813032,623168,665489,643396,676391,665926,664702,662139,664770,54.11,,,,,,,,130,3,Slider,5,5,5,5,5,5,5,5,Standard,Standard,212,0,0,71.8,6.7,,0,88.0,0,0,0.616,0.616,30,30,30,31,2,1,3,14,,1,3.06,-0.39,0.39,38.5,5.471484094789824,1.8887969970538014,41.85731088452315,30.25095942282321,36.051611132447526
ST,2025-10-27,91.1,-1.48,5.7,"Schneider, Davis",676914,694361,field_out,hit_into_play,,,,,9,Davis Schneider lines out to pitcher Will Klein.,W,R,R,LAD,TOR,X,1,line_drive,0,1,2025,0.62,-0.43,0.42920059638060054,1.5440552648306691,,,,2,17,Top,126,173,,,,,3.4752732541618148,-132.46927669477793,-3.502054052622686,6.2627082722625245,34.018500961358285,-36.46978053660315,3.1,1.53,110,94.8,8,90.4,2596,6.3,813032,669257,518692,500743,571970,605141,669743,669242,606192,54.16,0.603,0.551,0,1,0,0,4,142,2,Sweeper,5,5,5,5,5,5,5,5,Standard,Strategic,25,0.029,-0.217,67.7,7.1,0.668,0.217,94.8,0,0,0.61,0.39,25,26,26,26,2,2,3,3,,2,3.22,-0.62,-0.62,42.9,9.36437839272923,14.80505444926801,38.37812202183562,38.825638298396925,27.061495972939113
SI,2025-10-27,96,-1.56,5.84,"Bichette, Bo",666182,607192,field_error,hit_into_play,,,,,5,Bo Bichette reaches on a fielding error by second baseman Tommy Edman. Vladimir Guerrero Jr. to 3rd.,W,R,R,LAD,TOR,X,4,ground_ball,0,1,2025,-1.18,0.94,-0.15244204567426478,2.7082643629624936,,,665489,0,4,Top,177.87,130.29,,,,,6.549994591967071,-139.70608129691146,-4.925113854963424,-16.976010885717706,30.502476060321136,-18.938673521734085,3.68,1.73,93,71.6,7,98.2,2313,7.4,813032,669257,518692,669242,571970,605141,571771,681624,606192,53.05,0.26,0.235,0.9,1,0,0,2,26,2,Sinker,2,0,0,2,0,2,0,2,Standard,Standard,190,-0.105,0.541,71.0,6.7,0.281,-0.541,88.0,2,-2,0.69,0.31000000000000005,31,27,32,27,2,1,11,2,4,1,1.53,1.18,1.18,54.8,-5.461494341501913,14.199090320802881,32.02351792426512,29.959434650430715,19.12431820408767
FC,2025-10-27,88.3,-3.18,5.44,"Ohtani, Shohei",660271,453286,,foul,,,,,3,Foul,W,L,R,LAD,TOR,S,,,1,2,2025,0.27,0.6,0.6139496600163107,2.9342747775676785,,,,1,3,Bot,,,,,,,8.70161829546515,-128.4402049331637,-1.360858110700534,1.518697969761746,21.96626669830921,-25.38457967436378,3.52,1.64,113,77.9,8,89.3,2502,6.5,813032,672386,665489,666182,676391,665926,664770,662139,680718,53.97,,,,,,,,21,4,Cutter,1,0,1,0,0,1,1,0,Infield shade,Standard,187,0,0,81.5,7.8,,0,88.0,1,1,0.643,0.643,40,30,41,31,2,1,11,2,5,1,2.28,-0.27,0.27,31.3,17.63110084495258,-9.973899569212305,38.724102479107145,32.864047329310935,28.558719356465463
FF,2025-10-27,92.5,1.73,5.9,"Call, Alex",669743,641778,,foul,,,,,4,Foul,W,R,L,LAD,TOR,S,,,0,1,2025,0.66,1.53,-0.8194643323543689,2.4670512269891636,,,,0,15,Bot,,,,,,,-7.900103336932901,-134.29268782805832,-6.203168167019621,9.805100678861763,31.03915306860853,-12.438275193700028,3.4,1.66,128,53.7,44,91.8,2390,6.1,813032,623168,665489,643396,676391,665926,664702,662139,664770,54.35,,,,,,,,130,2,4-Seam Fastball,5,5,5,5,5,5,5,5,Standard,Standard,140,-0.014,-0.055,70.4,6.7,,0.055,88.0,0,0,0.63,0.63,30,30,30,31,2,1,3,14,,1,1.16,0.66,-0.66,35.7,9.569272125091345,-3.5935904954554116,43.41623967339587,26.291968525809146,30.049934621338643
FF,2025-10-27,98.2,-1.21,5.68,"Schneider, Davis",676914,694361,,called_strike,,,,,9,Called Strike,W,R,R,LAD,TOR,S,,,0,0,2025,-0.68,1.6,0.39783886683043124,1.7728756759452353,,,,2,17,Top,,,,,,,5.984853667126403,-142.5673001518482,-8.782337409480188,-10.718159028866955,38.735955961134835,-8.534738293615185,3.08049079456819,1.53000068922104,,,,98.3,2292,6.9,813032,669257,518692,500743,571970,605141,669743,669242,606192,53.6,,,,,,,,142,1,4-Seam Fastball,5,5,5,5,5,5,5,5,Standard,Strategic,210,0.005,-0.043,,,,0.043,,0,0,0.605,0.395,25,26,26,26,2,2,3,3,,2,0.81,0.68,0.68,49.5,,,,,
FF,2025-10-27,94.2,-3.16,5.73,"Ohtani, Shohei",660271,453286,,swinging_strike,,,,,12,Swinging Strike,W,L,R,LAD,TOR,S,,,1,1,2025,-0.83,1.3,0.02414067719401558,3.7893229596900966,,,,1,3,Bot,,,,,,,10.04867816007808,-136.77654025829221,-2.166586520731355,-12.625659639694815,30.702643652338747,-15.643852963193842,3.52,1.64,,,,93.7,2440,6.1,813032,672386,665489,666182,676391,665926,664770,662139,680718,54.36,,,,,,,,21,3,4-Seam Fastball,1,0,1,0,0,1,1,0,Infield shade,Standard,218,-0.004,-0.064,77.0,6.8,,0.064,,1,1,0.647,0.647,40,30,41,31,2,1,11,2,5,1,1.29,0.83,-0.83,35.0,6.710570858287403,15.028711161905855,24.711426751747712,39.821792794960004,13.770917737495218
CU,2025-10-27,79.6,-1.51,5.95,"Bichette, Bo",666182,607192,,called_strike,,,,,5,Called Strike,W,R,R,LAD,TOR,S,,,0,0,2025,0.52,-1.32,-0.0009013506199431198,2.7929632278511356,,,665489,0,4,Top,,,,,,,2.395851044084295,-115.88188275687023,2.4308883660990643,4.1756403650847,22.62015406887762,-44.76957737300277,3.61492856730517,1.72999961751857,,,,81.7,2719,7.8,813032,669257,518692,669242,571970,605141,571771,681624,606192,52.74,,,,,,,,26,1,Curveball,2,0,0,2,0,2,0,2,Standard,Standard,22,0.006,-0.043,,,,0.043,,2,-2,0.684,0.31599999999999995,31,27,32,27,2,1,11,2,4,1,4.93,-0.52,-0.52,56.8,,,,,
FF,2025-10-27,92.6,1.82,5.99,"Call, Alex",669743,641778,,called_strike,,,,,5,Called Strike,W,R,L,LAD,TOR,S,,,0,0,2025,0.69,1.47,0.07560620492341474,2.893691647496655,,,,0,15,Bot,,,,,,,-5.9478920713813,-134.5739882609748,-5.2692185112871766,9.664949343557065,31.374509064034612,-13.341924101096877,3.46088599814744,1.65999862491025,,,,92.3,2354,6.3,813032,623168,665489,643396,676391,665926,664702,662139,664770,54.16,,,,,,,,130,1,4-Seam Fastball,5,5,5,5,5,5,5,5,Standard,Standard,144,-0.009,-0.039,,,,0.039,,0,0,0.639,0.639,30,30,30,31,2,1,3,14,,1,1.21,0.69,-0.69,40.7,,,,,
FF,2025-10-27,99.1,-1.14,5.76,"Giménez, Andrés",665926,694361,strikeout,foul_tip,,,,,3,Andrés Giménez strikes out on a foul tip.,W,L,R,LAD,TOR,S,2,,3,2,2025,-0.56,1.44,0.2973984924164994,2.913036794839802,,,,1,17,Top,,,,,,,5.292118658505152,-144.06682724326683,-5.679270127735898,-9.188852373110196,38.99445604486046,-11.037169217287353,3.25,1.5,,,,99.3,2329,6.8,813032,669257,518692,500743,571970,605141,669743,669242,606192,53.67,,0,0,1,0,0,,141,6,4-Seam Fastball,5,5,5,5,5,5,5,5,Standard,Strategic,210,0.056,-0.332,68.9,6.0,,0.332,,0,0,0.549,0.45099999999999996,25,26,26,27,1,7,3,2,,1,0.92,0.56,-0.56,52.1,-1.550778448702194,18.507965561797274,37.48120155086505,33.428212960945594,19.4600543787576
CU,2025-10-27,81.8,-1.47,5.97,"Guerrero Jr., Vladimir",665489,607192,walk,ball,,,,,13,Vladimir Guerrero Jr. walks.,W,R,R,LAD,TOR,B,,,3,2,2025,0.21,-1.4,-0.02773413313820522,0.07025925573934977,,,,0,4,Top,,,,,,,2.8896117376045924,-119.03699120747395,-4.0215229151641605,1.3395234049028961,25.04767246734573,-44.74836618955443,3.7197788211147,1.59999910512098,,,,82.6,2833,7.1,813032,669257,518692,669242,571970,605141,571771,681624,606192,53.44,,0.691497,0.7,1,0,0,,25,6,Curveball,2,0,0,2,0,2,0,2,Strategic,Standard,13,-0.038,0.356,,,,-0.356,,2,-2,0.722,0.278,31,26,32,26,2,1,11,2,4,1,4.83,-0.21,-0.21,59.3,,,,,
FC,2025-10-27,88.8,-3.16,5.5,"Ohtani, Shohei",660271,453286,,swinging_strike,,,,,11,Swinging Strike,W,L,R,LAD,TOR,S,,,1,0,2025,0.2,0.72,-0.05541995191539041,3.8088933715410045,,,,1,3,Bot,,,,,,,7.213732131694041,-129.2702550408393,0.2995387980366492,0.9593707138552473,22.731020859736677,-24.19231391612234,3.52,1.64,,,,89.7,2454,6.5,813032,672386,665489,666182,676391,665926,664770,662139,680718,54.04,,,,,,,,21,2,Cutter,1,0,1,0,0,1,1,0,Infield shade,Standard,196,-0.003,-0.049,76.5,6.7,,0.049,,1,1,0.65,0.65,40,30,41,31,2,1,11,2,5,1,2.13,-0.2,0.2,32.1,3.0633691597339343,23.28691881066183,31.84389089134619,40.16330161852249,13.378269794134857
FF,2025-10-27,93.4,1.83,5.93,"Rojas, Miguel",500743,641778,field_out,hit_into_play,,,,,11,"Miguel Rojas grounds out, third baseman Ernie Clement to first baseman Vladimir Guerrero Jr.",W,R,L,LAD,TOR,X,5,ground_ball,1,0,2025,0.69,1.3,-0.3000480699285879,3.6649138980113576,,571970,606192,2,14,Bot,102.33,164.25,,,,,-6.9558603209350265,-135.8427777543211,-2.9061560376515385,10.058904862896126,30.76873830172259,-15.608742709482339,3.31,1.61,17,82.8,-11,92.7,2276,6,813032,623168,665489,643396,676391,665926,664702,662139,664770,54.53,0.096,0.087,0,1,0,0,2,125,2,4-Seam Fastball,5,5,5,5,5,5,5,5,Standard,Standard,139,-0.119,-0.305,,,0.096,0.305,88.0,0,0,0.619,0.619,30,36,30,36,2,1,3,19,,4,1.32,0.69,-0.69,35.5,,,,,
SI,2025-10-27,96.3,-1.71,5.77,"Guerrero Jr., Vladimir",665489,607192,,foul,,,,,4,Foul,W,R,R,LAD,TOR,S,,,3,1,2025,-1.05,1.06,-0.8073519413776863,2.981148412594214,,,,0,4,Top,,,,,,,4.925829271656936,-140.0593252172948,-4.2968123852262305,-14.929688362079512,34.74121464742119,-17.462990793307423,3.63,1.6,93,43.7,54,98.6,2489,7.8,813032,669257,518692,669242,571970,605141,571771,681624,606192,52.68,,,,,,,,25,5,Sinker,2,0,0,2,0,2,0,2,Strategic,Standard,193,0.011,-0.094,74.7,6.5,,0.094,88.0,2,-2,0.711,0.28900000000000003,31,26,32,26,2,1,11,2,4,1,1.42,1.05,1.05,51.0,-10.669065280058224,12.461548058488788,30.875653952727053,25.355357298507403,23.750403969475382
CU,2025-10-27,86.1,-1.15,5.81,"Giménez, Andrés",665926,694361,,ball,,,,,14,Ball,W,L,R,LAD,TOR,B,,,2,2,2025,0.92,-1.06,0.042973442422774566,0.47113893073756774,,,,1,17,Top,,,,,,,0.9713063547422429,-125.3210542163778,-4.212639729221808,9.3662421657327,28.554709309528022,-42.51634082579125,3.25963094199232,1.49999870045529,,,,85.9,2264,6.5,813032,669257,518692,500743,571970,605141,669743,669242,606192,54.04,,,,,,,,141,5,Curveball,5,5,5,5,5,5,5,5,Standard,Strategic,20,-0.016,0.104,,,,-0.104,,0,0,0.565,0.43500000000000005,25,26,26,27,1,7,3,2,,1,4.17,-0.92,0.92,54.9,,,,,
CH,2025-10-27,86.6,-3.19,5.42,"Ohtani, Shohei",660271,453286,,ball,,,,,11,Ball,W,L,R,LAD,TOR,B,,,0,0,2025,-1.08,0.49,-1.4529822084890915,2.641898786485315,,,,1,3,Bot,,,,,,,6.378581719995608,-126.07060892357768,-1.4616738685466069,-12.814992188682783,24.28337420433188,-26.828304567746315,3.50894308667735,1.64000074589667,,,,87.2,1423,6.5,813032,672386,665489,666182,676391,665926,664770,662139,680718,53.96,,,,,,,,21,1,Changeup,1,0,1,0,0,1,1,0,Infield shade,Standard,246,0.002,0.039,,,,-0.039,,1,1,0.648,0.648,40,30,41,31,2,1,11,2,5,1,2.53,1.08,-1.08,29.9,,,,,
CU,2025-10-27,76.2,1.82,6.14,"Rojas, Miguel",500743,641778,,ball,,,,,12,Ball,W,R,L,LAD,TOR,B,,,0,0,2025,-1.09,-0.47,1.01592867911861,3.1374655085180367,,571970,606192,2,14,Bot,,,,,,,0.25754896557612866,-111.01243519266015,1.563550706033228,-9.026219494314214,20.384295075066635,-36.54225523882975,3.29947020263144,1.61000032090778,,,,75.8,2413,6,813032,623168,665489,643396,676391,665926,664702,662139,664770,54.5,,,,,,,,125,1,Curveball,5,5,5,5,5,5,5,5,Standard,Standard,316,0.005,0.024,,,,-0.024,,0,0,0.614,0.614,30,36,30,36,2,1,3,19,,4,4.39,-1.09,1.09,39.8,,,,,
FF,2025-10-27,96.9,-0.97,5.76,"Giménez, Andrés",665926,694361,,swinging_strike,,,,,3,Swinging Strike,W,L,R,LAD,TOR,S,,,2,1,2025,-0.56,1.53,0.3578328619238551,3.247051460966166,,,,1,17,Top,,,,,,,4.887765481161411,-141.01547611772838,-4.699872386287411,-8.58164268203756,33.23366557054397,-10.949227867079172,3.25,1.5,,,,97.7,2171,6.8,813032,669257,518692,500743,571970,605141,669743,669242,606192,53.67,,,,,,,,141,4,4-Seam Fastball,5,5,5,5,5,5,5,5,Strategic,Strategic,210,0.013,-0.07,69.2,6.1,,0.07,,0,0,0.552,0.44799999999999995,25,26,26,27,1,7,3,2,,1,0.91,0.56,-0.56,50.0,6.334010311150715,11.689327012124469,30.686589974678316,33.04248301442348,24.484827579054162
SI,2025-10-27,96.5,-1.71,5.79,"Guerrero Jr., Vladimir",665489,607192,,called_strike,,,,,4,Called Strike,W,R,R,LAD,TOR,S,,,3,0,2025,-1.29,1.17,-0.38141866586301787,2.9978628366728732,,,,0,4,Top,,,,,,,6.666738001463859,-140.2448023341754,-4.569287158612979,-18.511222569378567,36.57998782719846,-15.893478461552796,3.64023498130556,1.60000123200308,,,,98.6,2494,7.9,813032,669257,518692,669242,571970,605141,571771,681624,606192,52.61,,,,,,,,25,4,Sinker,2,0,0,2,0,2,0,2,Strategic,Standard,191,0.009,-0.09,,,,0.09,,2,-2,0.702,0.29800000000000004,31,26,32,26,2,1,11,2,4,1,1.31,1.29,1.29,50.7,,,,,
CU,2025-10-27,75.5,1.89,6.14,"Edman, Tommy",669242,641778,field_out,hit_into_play,,,,,3,Tommy Edman pops out to second baseman Isiah Kiner-Falefa on the infield fly rule.,W,R,L,LAD,TOR,X,4,popup,0,1,2025,-0.86,-0.91,0.5767874482461434,3.0067861190704157,,571970,606192,1,14,Bot,145.93,142.96,,,,,-1.2000878127642838,-109.984249166941,2.1721549275891894,-6.7455489013943275,19.721272555077146,-40.124781175186286,3.38,1.57,163,87.8,62,75.1,2437,5.9,813032,623168,665489,643396,676391,665926,664702,662139,664770,54.56,0.018,0.017,0,1,0,0,3,124,2,Curveball,5,5,5,5,5,5,5,5,Standard,Standard,315,-0.082,-0.211,72.3,7.6,0.023,0.211,88.0,0,0,0.696,0.696,30,30,30,30,2,6,3,2,,1,4.9,-0.86,0.86,38.1,14.572143552540693,-3.3882465157995845,17.81884461799808,45.147549692384075,34.84207642869129
FF,2025-10-27,94.3,-3.14,5.64,"Pages, Andy",681624,453286,field_out,hit_into_play,,,,,8,Andy Pages pops out to second baseman Bo Bichette.,W,R,R,LAD,TOR,X,4,popup,1,2,2025,-0.91,1.14,0.15383149368254567,2.008617881462638,,,,0,3,Bot,152.52,152.59,,,,,10.548050992164804,-136.84586971300388,-6.230633402546438,-13.789052774261911,30.70048196393204,-16.639179078566823,3.48,1.59,110,82.9,70,93.9,2411,6.3,813032,672386,665489,666182,676391,665926,664770,662139,680718,54.24,0.003,0.002,0,1,0,0,3,20,6,4-Seam Fastball,1,0,1,0,0,1,1,0,Standard,Standard,220,-0.015,-0.189,78.6,9.1,0.003,0.189,88.0,1,1,0.663,0.663,40,24,41,25,1,0,11,2,5,1,1.44,0.91,0.91,33.4,29.320654945134798,-19.735893361173876,47.46187128189976,34.94279887984763,43.44704831785423
FF,2025-10-27,98.5,-1.07,5.77,"Giménez, Andrés",665926,694361,,ball,,,,,14,Ball,W,L,R,LAD,TOR,B,,,1,1,2025,-0.35,1.49,0.9419515261861546,1.824119027678194,,,,1,17,Top,,,,,,,6.3253632836644025,-143.09146947624947,-8.746224314764802,-6.280280288503822,35.10992081402781,-9.884931315944545,3.31075318565884,1.50000088835382,,,,99,2205,6.8,813032,669257,518692,500743,571970,605141,669743,669242,606192,53.7,,,,,,,,141,3,4-Seam Fastball,5,5,5,5,5,5,5,5,Standard,Strategic,211,-0.008,0.055,,,,-0.055,,0,0,0.56,0.43999999999999995,25,26,26,27,1,7,3,2,,1,0.88,0.35,-0.35,51.1,,,,,
SL,2025-10-27,91.5,-1.86,5.75,"Guerrero Jr., Vladimir",665489,607192,,ball,,,,,14,Ball,W,R,R,LAD,TOR,B,,,2,0,2025,0.18,0.72,1.3520322422778832,0.7479880896426887,,,,0,4,Top,,,,,,,7.8502249587781465,-132.87637082718183,-8.48713679210086,0.6232468140452609,26.722698432078264,-21.9832772106388,3.74298416398232,1.60000093561942,,,,93.6,2445,7.5,813032,669257,518692,669242,571970,605141,571771,681624,606192,53.02,,,,,,,,25,3,Slider,2,0,0,2,0,2,0,2,Strategic,Standard,202,-0.014,0.152,,,,-0.152,,2,-2,0.716,0.28400000000000003,31,26,32,26,2,1,11,2,4,1,2,-0.18,-0.18,49.9,,,,,
SL,2025-10-27,85.7,-3.27,5.5,"Pages, Andy",681624,453286,,foul,,,,,5,Foul,W,R,R,LAD,TOR,S,,,1,2,2025,0.26,0.17,-0.2078703647195178,2.5753888293679075,,,,0,3,Bot,,,,,,,6.705781381273391,-124.74594551387617,-1.0192573168719898,1.4499382661510616,23.108679382150033,-30.44557418969264,3.48,1.59,,,,85.9,2497,6.2,813032,672386,665489,666182,676391,665926,664770,662139,680718,54.27,,,,,,,,20,5,Slider,1,0,1,0,0,1,1,0,Standard,Standard,120,0,0,68.4,8.9,,0,,1,1,0.663,0.663,40,24,41,25,1,0,11,2,5,1,2.92,-0.26,-0.26,29.1,22.41403862090429,-37.62472668607258,39.94322036557085,29.556679536133988,50.7154948590964
FC,2025-10-27,88,1.85,5.92,"Edman, Tommy",669242,641778,,foul,,,,,11,Foul,W,R,L,LAD,TOR,S,,,0,0,2025,-0.31,0.64,-1.2513278163684216,2.804573336233021,,571970,606192,1,14,Bot,,,,,,,-6.857499387101653,-128.0918364251021,-2.813901763208541,-2.1738588194416337,24.53404615015648,-24.723114560653872,3.38,1.57,142,67.2,15,88,2525,6.1,813032,623168,665489,643396,676391,665926,664702,662139,664770,54.42,,,,,,,,124,1,Cutter,5,5,5,5,5,5,5,5,Standard,Standard,171,-0.014,-0.033,86.5,7.8,,0.033,88.0,0,0,0.71,0.71,30,30,30,30,2,6,3,2,,1,2.28,-0.31,0.31,36.8,11.880195477141083,-27.630535392950183,20.083012760050046,24.49189999909448,34.097472504467795
CU,2025-10-27,85.1,-1.13,5.96,"Giménez, Andrés",665926,694361,,called_strike,,,,,2,Called Strike,W,L,R,LAD,TOR,S,,,1,0,2025,1.04,-0.95,0.04808972042576609,3.1429990610666296,,,,1,17,Top,,,,,,,0.6812429744470472,-123.83102728694246,1.666357370797512,10.54549003501602,26.168916620133626,-42.4885953454472,3.29666467140053,1.50000127573708,,,,85.1,2567,6.4,813032,669257,518692,500743,571970,605141,669743,669242,606192,54.08,,,,,,,,141,2,Curveball,5,5,5,5,5,5,5,5,Standard,Strategic,24,0.008,-0.049,,,,0.049,,0,0,0.552,0.44799999999999995,25,26,26,27,1,7,3,2,,1,4.11,-1.04,1.04,52.9,,,,,
SI,2025-10-27,95.6,-1.61,5.82,"Guerrero Jr., Vladimir",665489,607192,,ball,,,,,11,Ball,W,R,R,LAD,TOR,B,,,1,0,2025,-0.99,1.14,-0.5670095165702154,4.624474407917443,,,,0,4,Top,,,,,,,5.133721924614886,-139.12639975432313,-0.06044606933646357,-14.07717882790177,32.69056989632763,-17.59562702044042,3.67743740576629,1.60000112855628,,,,97.7,2260,7.6,813032,669257,518692,669242,571970,605141,571771,681624,606192,52.9,,,,,,,,25,2,Sinker,2,0,0,2,0,2,0,2,Standard,Standard,196,-0.009,0.077,,,,-0.077,,2,-2,0.725,0.275,31,26,32,26,2,1,11,2,4,1,1.36,0.99,0.99,53.1,,,,,
CU,2025-10-27,77.2,-2.97,5.65,"Pages, Andy",681624,453286,,ball,,,,,14,Ball,W,R,R,LAD,TOR,B,,,0,2,2025,1,-0.75,1.631752571987059,0.9352815445305067,,,,0,3,Bot,,,,,,,7.996883561114397,-112.1234944671035,-1.6477789167584544,6.891284564662788,21.15180216435403,-38.36969472327412,3.45485345464328,1.58999885966861,,,,77.4,2711,6.6,813032,672386,665489,666182,676391,665926,664770,662139,680718,53.88,,,,,,,,20,4,Curveball,1,0,1,0,0,1,1,0,Standard,Standard,54,0.002,0.024,,,,-0.024,,1,1,0.661,0.661,40,24,41,25,1,0,11,2,5,1,4.6,-1,-1,39.1,,,,,
FF,2025-10-27,92.8,1.75,6.03,"Hernández, Teoscar",606192,641778,single,hit_into_play,,,,,5,Teoscar Hernández singles on a ground ball to center fielder Daulton Varsho. Max Muncy to 2nd.,W,R,L,LAD,TOR,X,8,ground_ball,3,2,2025,0.67,1.23,0.07291107451445467,2.822361333027419,,,571970,1,14,Bot,139.85,87.7,,,,,-5.715205952840673,-135.01885457902694,-5.081024576647372,9.384626485017984,28.768779578455636,-16.23283074787672,3.41,1.58,65,97.9,2,92.5,2341,6.1,813032,623168,665489,643396,676391,665926,664702,662139,664770,54.45,0.423,0.381,0.9,1,1,0,4,123,8,4-Seam Fastball,5,5,5,5,5,5,5,5,Standard,Standard,144,0.064,0.341,73.7,6.9,0.436,-0.341,97.9,0,0,0.646,0.646,30,32,30,33,2,6,3,2,,1,1.41,0.67,-0.67,40.0,7.0923605742364,16.800792952982484,25.991049751121032,36.7854295130189,22.851539850325633
SI,2025-10-27,95.8,-1.63,5.77,"Guerrero Jr., Vladimir",665489,607192,,ball,,,,,14,Ball,W,R,R,LAD,TOR,B,,,0,0,2025,-1.11,1.06,1.569497336642639,2.097016370237171,,,,0,4,Top,,,,,,,11.293260667275934,-138.9727934411598,-6.616968595729777,-16.95362340372067,31.310089662492015,-17.09360375615266,3.73464486228108,1.59999974222116,,,,98.3,2479,7.9,813032,669257,518692,669242,571970,605141,571771,681624,606192,52.6,,,,,,,,25,1,Sinker,2,0,0,2,0,2,0,2,Standard,Standard,192,-0.004,0.041,,,,-0.041,,2,-2,0.729,0.271,31,26,32,26,2,1,11,2,4,1,1.44,1.11,1.11,53.0,,,,,
CU,2025-10-27,85.3,-0.98,5.9,"Giménez, Andrés",665926,694361,,ball,,,,,14,Ball,W,L,R,LAD,TOR,B,,,0,0,2025,0.79,-0.92,0.9491035381025583,1.3669221048075637,,,,1,17,Top,,,,,,,2.962901007352016,-124.12238514727228,-2.466365493935708,7.486503330076173,26.522406002262002,-41.321705497257696,3.20168040983025,1.43516936306998,,,,85.3,2488,6.4,813032,669257,518692,500743,571970,605141,669743,669242,606192,54.07,,,,,,,,141,1,Curveball,5,5,5,5,5,5,5,5,Standard,Strategic,21,-0.006,0.039,,,,-0.039,,0,0,0.558,0.44199999999999995,25,26,26,27,1,7,3,2,,1,4.07,-0.79,0.79,57.4,,,,,
FF,2025-10-27,94.7,-3.08,5.66,"Pages, Andy",681624,453286,,foul,,,,,14,Foul,W,R,R,LAD,TOR,S,,,0,2,2025,-0.78,1.3,0.8423022987831653,1.9742315780338264,,,,0,3,Bot,,,,,,,11.917988945883263,-137.2728801319385,-6.793749426409325,-12.442766513914064,30.342020518809264,-14.384034358886458,3.48,1.59,225,76.4,45,94.4,2516,6.3,813032,672386,665489,666182,676391,665926,664770,662139,680718,54.18,,,,,,,,20,3,4-Seam Fastball,1,0,1,0,0,1,1,0,Standard,Standard,217,0,0,70.2,8.4,,0,88.0,1,1,0.661,0.661,40,24,41,25,1,0,11,2,5,1,1.27,0.78,0.78,35.1,7.8856962921569735,0.7178580031625375,44.041602637560715,44.14899147292689,27.179785570767535
FF,2025-10-27,93.7,1.77,5.9,"Hernández, Teoscar",606192,641778,,foul,,,,,1,Foul,W,R,L,LAD,TOR,S,,,3,2,2025,0.55,1.45,-0.3379575264213657,2.97509703381492,,,571970,1,14,Bot,,,,,,,-6.607684634324611,-136.04786641868245,-4.861597183089797,8.470321471816145,35.14889669804505,-13.422618367796595,3.41,1.58,134,65.2,69,92.4,2296,6,813032,623168,665489,643396,676391,665926,664702,662139,664770,54.47,,,,,,,,123,7,4-Seam Fastball,5,5,5,5,5,5,5,5,Standard,Standard,139,0,0,71.1,7.1,,0,88.0,0,0,0.646,0.646,30,32,30,33,2,6,3,2,,1,1.2,0.55,-0.55,35.2,3.0340911156116337,2.2460151819560723,31.640897337586367,31.90926226136649,26.034796333183195
SL,2025-10-27,91.3,-1.79,5.71,"Lukes, Nathan",664770,607192,strikeout,swinging_strike_blocked,,,,,14,Nathan Lukes strikes out swinging.,W,L,R,LAD,TOR,S,2,,2,2,2025,0.3,0.1,0.817382336818951,0.9540083267660098,,,,2,3,Top,,,,,,,6.072303881911681,-132.84464359370594,-6.505298307519031,2.4196535289147705,26.008514395706808,-29.879472359540742,3.35,1.54,,,,94.1,2509,7.7,813032,669257,518692,669242,571970,605141,571771,681624,606192,52.76,,0,0,1,0,0,,19,5,Slider,1,0,0,1,0,1,0,1,Strategic,Standard,135,0.01,-0.224,70.2,7.5,,0.224,,1,-1,0.659,0.34099999999999997,31,30,32,31,2,1,11,2,4,1,2.62,-0.3,0.3,53.7,20.994848750002514,-17.664514138636985,39.865901119575796,31.10766043487706,35.50505666549609
FF,2025-10-27,96.7,-1.3,5.72,"Clement, Ernie",676391,694361,field_out,hit_into_play,,,,,4,Ernie Clement flies out to center fielder Tommy Edman.,W,R,R,LAD,TOR,X,8,fly_ball,0,1,2025,-0.34,1.46,-0.515733661893853,2.7095492095191114,,,,0,17,Top,157.72,71.75,,,,,2.905535911196262,-140.6960088856437,-5.842114053775124,-5.243357706815787,33.31524821900025,-11.613997302346556,3.33,1.54,325,92.7,34,97.4,2125,6.8,813032,669257,518692,500743,571970,605141,669743,669242,606192,53.68,0.073,0.12,0,1,0,0,3,140,2,4-Seam Fastball,5,5,5,5,5,5,5,5,Standard,Standard,212,0.049,-0.22,69.3,6.2,0.224,0.22,92.7,0,0,0.509,0.491,25,29,26,29,1,7,3,2,,1,0.98,0.34,0.34,49.8,5.317914595661833,3.6731522214151164,30.364212496607298,30.599300863474685,30.699473767984717
FF,2025-10-27,96.6,-0.89,5.49,"Schneider, Davis",676914,686218,single,hit_into_play,,,,,3,"Umpire reviewed (force play), call on the field was overturned: Davis Schneider singles on a ground ball to third baseman Max Muncy. Tyler Heineman to 3rd. Andrés Giménez to 2nd.",W,R,R,LAD,TOR,X,5,ground_ball,3,2,2025,-0.71,1.53,0.2819192077180297,3.074430535441987,,623168,665926,2,12,Top,111.97,175.91,,,,,4.783077593885814,-140.49117214155126,-4.307957083615829,-10.529922750026062,35.938918960639825,-11.259172878952581,3.1,1.53,2,52,-60,96.8,2466,6.7,813032,669257,518692,669242,571970,605141,571771,681624,606192,53.8,0.196,0.183,0.9,1,1,0,1,103,6,4-Seam Fastball,5,5,5,5,5,5,5,5,Standard,Standard,207,-0.052,0.542,67.6,7.8,0.196,-0.542,88.0,0,0,0.513,0.487,25,26,26,26,2,0,3,3,5,2,0.94,0.71,0.71,38.3,37.871246707290794,-28.626311806899835,25.6448197885192,36.140928627713535,46.79541575725534
SL,2025-10-27,85.4,-3.1,5.64,"Pages, Andy",681624,453286,,swinging_strike,,,,,14,Swinging Strike,W,R,R,LAD,TOR,S,,,0,1,2025,0.32,0.23,1.4763876227633348,1.299339069849609,,,,0,3,Bot,,,,,,,10.109266192097929,-124.04654276219254,-4.417126448671239,1.4616315587900481,22.602220789309097,-29.111645596380583,3.48,1.59,,,,85.5,2350,6.3,813032,672386,665489,666182,676391,665926,664770,662139,680718,54.24,,,,,,,,20,2,Slider,1,0,1,0,0,1,1,0,Standard,Standard,150,-0.005,-0.055,56.5,9.0,,0.055,,1,1,0.666,0.666,40,24,41,25,1,0,11,2,5,1,2.88,-0.32,-0.32,33.4,23.527919740189326,-14.709003799569555,44.911438364219556,49.12486419053778,43.86938668003029
FF,2025-10-27,92.3,1.82,5.97,"Hernández, Teoscar",606192,641778,,ball,,,,,11,Ball,W,R,L,LAD,TOR,B,,,2,2,2025,0.52,1.4,-0.9109629277466723,4.123318412116996,,,571970,1,14,Bot,,,,,,,-8.055923894429693,-134.24803124876013,-1.8982322622688166,8.111279791503424,29.788011100418302,-15.102101801626556,3.41144620716211,1.57999901190651,,,,92,2393,6.2,813032,623168,665489,643396,676391,665926,664702,662139,664770,54.33,,,,,,,,123,6,4-Seam Fastball,5,5,5,5,5,5,5,5,Standard,Standard,143,0.022,0.098,,,,-0.098,,0,0,0.624,0.624,30,32,30,33,2,6,3,2,,1,1.29,0.52,-0.52,43.1,,,,,
CU,2025-10-27,76.5,1.91,6.07,"Hernández, Teoscar",606192,641778,,foul,,,,,14,Foul,W,R,L,LAD,TOR,S,,,2,2,2025,-0.74,-1.18,0.06956446083389844,1.2674600866984642,,,571970,1,14,Bot,,,,,,,-2.5206693952223627,-111.2908576477682,-0.8758972843294578,-5.569200975085209,22.655149831719818,-41.93796991759722,3.41,1.58,1,50.5,-60,75.6,2468,5.9,813032,623168,665489,643396,676391,665926,664702,662139,664770,54.55,,,,,,,,123,5,Curveball,5,5,5,5,5,5,5,5,Standard,Standard,314,0,0,59.2,8.4,,0,88.0,0,0,0.624,0.624,30,32,30,33,2,6,3,2,,1,5.12,-0.74,0.74,37.1,21.488413706045556,-32.02428415866426,33.2687131248796,37.987684718874604,48.53002126275568
FF,2025-10-27,95.3,-1.55,5.85,"Lukes, Nathan",664770,607192,,foul,,,,,12,Foul,W,L,R,LAD,TOR,S,,,2,1,2025,0.07,1.36,0.5311679517701474,3.6926823632371684,,,,2,3,Top,,,,,,,5.428917115372707,-138.64024021710847,-3.129115161800007,-0.3425023999376238,31.840815723983038,-14.163575016002817,3.35,1.54,160,65.1,58,97.1,2373,7.4,813032,669257,518692,669242,571970,605141,571771,681624,606192,53.09,,,,,,,,19,4,4-Seam Fastball,1,0,0,1,0,1,0,1,Standard,Standard,191,0.003,-0.073,61.7,5.2,,0.073,88.0,1,-1,0.656,0.344,31,30,32,31,2,1,11,2,4,1,1.16,-0.07,0.07,53.1,-1.1064593789700654,19.6594340345216,20.467658560293348,33.50210254557968,17.962391125199403
CH,2025-10-27,86.5,-1.16,5.4,"Schneider, Davis",676914,686218,,blocked_ball,,,,,14,Ball In Dirt,W,R,R,LAD,TOR,B,,,2,2,2025,-1.38,-0.25,1.9061245322338762,0.6107520396054809,,623168,665926,2,12,Top,,,,,,,10.180101151926534,-125.52768095918348,-4.6443198708357665,-16.74309872278951,26.842772699991404,-33.98653460807421,2.96344793399961,1.43180893105315,,,,86.6,1590,6.7,813032,669257,518692,669242,571970,605141,571771,681624,606192,53.84,,,,,,,,103,5,Changeup,5,5,5,5,5,5,5,5,Standard,Standard,260,-0.027,0.079,,,,-0.079,,0,0,0.54,0.45999999999999996,25,26,26,26,2,0,3,3,5,2,3.33,1.38,1.38,33.9,,,,,
FF,2025-10-27,97.7,-1.21,5.77,"Clement, Ernie",676391,694361,,foul,,,,,11,Foul,W,R,R,LAD,TOR,S,,,0,0,2025,-0.82,1.57,-1.0215584033329552,3.1947146804538207,,,,0,17,Top,,,,,,,2.3979373521530416,-142.21857901208017,-5.0522059239035375,-11.615900298889475,35.215179587818426,-9.913956885179232,3.33,1.54,191,71.4,55,97.9,2306,6.6,813032,669257,518692,500743,571970,605141,669743,669242,606192,53.94,,,,,,,,140,1,4-Seam Fastball,5,5,5,5,5,5,5,5,Standard,Standard,211,0.009,-0.039,66.6,6.4,,0.039,88.0,0,0,0.5,0.5,25,29,26,29,1,7,3,2,,1,0.83,0.82,0.82,52.2,12.430829035218018,-6.53291092893814,30.272087548005363,25.041010501992623,28.10658576825894
SL,2025-10-27,84,-3.32,5.51,"Pages, Andy",681624,453286,,foul,,,,,5,Foul,W,R,R,LAD,TOR,S,,,0,0,2025,0.38,-0.01,0.18232196904419865,2.2660320300087142,,,,0,3,Bot,,,,,,,7.341955681072273,-122.11447025945183,-1.1002369713617837,2.3666574525301867,23.674098441768233,-32.26316630616289,3.48,1.59,185,72.1,61,83.9,2453,6.3,813032,672386,665489,666182,676391,665926,664770,662139,680718,54.23,,,,,,,,20,1,Slider,1,0,1,0,0,1,1,0,Standard,Standard,98,-0.003,-0.039,70.3,9.0,,0.039,88.0,1,1,0.669,0.669,40,24,41,25,1,0,11,2,5,1,3.24,-0.38,-0.38,30.5,24.77786629771989,-26.814448906715658,40.05649538136851,34.610875096335576,49.09798659930694
SI,2025-10-27,97.4,-1.66,5.77,"Lukes, Nathan",664770,607192,,foul,,,,,8,Foul,W,L,R,LAD,TOR,S,,,2,0,2025,-1.18,1.33,0.19403615340595515,1.7628352174374657,,,,2,3,Top,,,,,,,7.9481458880777165,-141.41657641336272,-8.53893175883857,-17.64342019507911,31.408298174193767,-12.552976438846873,3.35,1.54,214,78.9,56,100.5,2514,8.1,813032,669257,518692,669242,571970,605141,571771,681624,606192,52.43,,,,,,,,19,3,Sinker,1,0,0,1,0,1,0,1,Standard,Standard,198,0.003,-0.066,70.0,6.5,,0.066,88.0,1,-1,0.653,0.347,31,30,32,31,2,1,11,2,4,1,1.08,1.18,-1.18,48.9,2.935282067315414,7.178448285776322,38.44636851722873,36.380999158923075,26.213070773521757
ST,2025-10-27,89.7,-1.94,5.48,"Straw, Myles",664702,694361,strikeout,swinging_strike,,,,,5,Myles Straw strikes out swinging.,W,R,R,LAD,TOR,S,2,,0,2,2025,1.17,-0.28,0.050581100127769396,2.531499099230377,,,,2,16,Top,,,,,,,2.4799039411666044,-130.668398163707,-0.7164116768389125,12.823891060560534,27.939592236504545,-35.47878449853207,3.44,1.62,,,,90.4,2507,6.7,813032,669257,518692,500743,571970,605141,669743,669242,606192,53.82,,0,0,1,0,0,,136,3,Sweeper,5,5,5,5,5,5,5,5,Standard,Strategic,37,0.02,-0.16,55.9,5.2,,0.16,,0,0,0.619,0.381,25,30,26,31,1,3,3,3,,1,3.11,-1.17,-1.17,37.7,-19.606228835824208,46.6927211338188,32.07280215081595,37.060467618406946,-3.8793860269859346
FF,2025-10-27,96,-0.83,5.53,"Schneider, Davis",676914,686218,,ball,,,,,12,Ball,W,R,R,LAD,TOR,B,,,1,2,2025,-0.35,1.73,1.5196604047348445,3.7705286201362105,,623168,665926,2,12,Top,,,,,,,7.045061008887919,-139.4900286511911,-2.9150613253987423,-6.282660468617957,35.37486516906586,-9.285872714610676,3.1510340302873,1.52999992232588,,,,96,2469,6.7,813032,669257,518692,669242,571970,605141,571771,681624,606192,53.83,,,,,,,,103,4,4-Seam Fastball,5,5,5,5,5,5,5,5,Standard,Standard,206,-0.017,0.012,,,,-0.012,,0,0,0.557,0.44299999999999995,25,26,26,26,2,0,3,3,5,2,0.78,0.35,0.35,39.7,,,,,
SL,2025-10-27,87.2,-3.35,5.35,"Hernández, Enrique",571771,453286,strikeout,swinging_strike,,,,,8,Enrique Hernández strikes out swinging.,W,R,R,LAD,TOR,S,2,,3,2,2025,0.54,0.25,0.15024566544701146,2.1481567778433295,,,,2,2,Bot,,,,,,,7.3109939322102955,-126.89118648042256,-2.0967987879608034,4.514374083762914,24.30834438438984,-29.23627074565068,3.43,1.67,,,,87.6,2249,6.4,813032,672386,665489,666182,676391,665926,664770,662139,680718,54.11,,0,0,1,0,0,,16,8,Slider,1,0,1,0,0,1,1,0,Standard,Standard,154,-0.011,-0.328,66.2,8.5,,0.328,,1,1,0.623,0.623,40,33,41,34,1,0,11,2,5,1,2.73,-0.54,-0.54,30.7,24.521591042478292,-57.615215496234725,26.151414702469356,36.59208576649554,63.79869171996971
SL,2025-10-27,85.4,2.07,5.79,"Hernández, Teoscar",606192,641778,,ball,,,,,12,Ball,W,R,L,LAD,TOR,B,,,1,2,2025,-0.15,0.41,1.4481955232508634,3.662442812963206,,,571970,1,14,Bot,,,,,,,-1.1600934256527629,-124.41750170685403,0.4263999823978124,-1.3161043009993065,24.38210722317771,-28.22269630099831,3.40643323186449,1.57999881075142,,,,85.4,2517,6.2,813032,623168,665489,643396,676391,665926,664702,662139,664770,54.34,,,,,,,,123,4,Slider,5,5,5,5,5,5,5,5,Standard,Standard,218,0.011,0.044,,,,-0.044,,0,0,0.613,0.613,30,32,30,33,2,6,3,2,,1,2.7,-0.15,0.15,30.9,,,,,
ST,2025-10-27,88.4,-1.77,5.56,"Straw, Myles",664702,694361,,foul,,,,,2,Foul,W,R,R,LAD,TOR,S,,,0,1,2025,0.73,-0.28,-0.0095920817324604,3.1040872838508657,,,,2,16,Top,,,,,,,2.772721743052066,-128.7389691616393,0.7234194904083047,7.481252480129373,29.061413071520697,-35.677681643055415,3.44,1.62,140,74.1,13,88.6,2707,6.6,813032,669257,518692,500743,571970,605141,669743,669242,606192,53.91,,,,,,,,136,2,Sweeper,5,5,5,5,5,5,5,5,Standard,Standard,34,0.009,-0.057,65.7,6.2,,0.057,88.0,0,0,0.61,0.39,25,30,26,31,1,3,3,3,,1,3.21,-0.73,-0.73,41.8,2.577890250800435,20.035609014783937,26.907249670798873,35.328537789189824,15.706523366591714
SL,2025-10-27,90.3,-1.87,5.82,"Lukes, Nathan",664770,607192,,ball,,,,,11,Ball,W,L,R,LAD,TOR,B,,,1,0,2025,0.33,0.51,-1.0265161209052303,4.505695366668914,,,,2,3,Top,,,,,,,1.4177167989827897,-131.58588465065935,1.5690299267343162,3.627047437200535,26.14875647808701,-26.67782791923844,3.3876801863371,1.5400001119064,,,,92.4,2558,7.3,813032,669257,518692,669242,571970,605141,571771,681624,606192,53.15,,,,,,,,19,2,Slider,1,0,0,1,0,1,0,1,Standard,Standard,144,-0.003,0.065,,,,-0.065,,1,-1,0.656,0.344,31,30,32,31,2,1,11,2,4,1,2.26,-0.33,0.33,47.6,,,,,
SL,2025-10-27,90.5,-1.28,5.24,"Schneider, Davis",676914,686218,,called_strike,,,,,3,Called Strike,W,R,R,LAD,TOR,S,,,1,1,2025,-0.19,0.72,0.7806134285702825,2.8933408834079364,,623168,665926,2,12,Top,,,,,,,5.55027095366733,-131.73959796165016,-1.4965830723435043,-3.310497832209179,26.330945466241882,-23.591486100627648,2.98971301729024,1.51473740471506,,,,91,2447,6.5,813032,669257,518692,669242,571970,605141,571771,681624,606192,54.04,,,,,,,,103,3,Slider,5,5,5,5,5,5,5,5,Standard,Standard,223,0.029,-0.063,,,,0.063,,0,0,0.528,0.472,25,26,26,26,2,0,3,3,5,2,2.04,0.19,0.19,31.9,,,,,
FF,2025-10-27,96.2,-3,5.66,"Hernández, Enrique",571771,453286,,ball,,,,,14,Ball,W,R,R,LAD,TOR,B,,,2,2,2025,-0.65,1.44,0.6507504231014252,1.5647875389919914,,,,2,2,Bot,,,,,,,11.107305691736823,-139.4499951901302,-8.485720778114434,-10.987298950356239,31.537219962008102,-11.57786065436592,3.50127084883334,1.75711815060955,,,,95.9,2413,6.3,813032,672386,665489,666182,676391,665926,664770,662139,680718,54.17,,,,,,,,16,7,4-Seam Fastball,1,0,1,0,0,1,1,0,Standard,Standard,216,0.003,0.104,,,,-0.104,,1,1,0.62,0.62,40,33,41,34,1,0,11,2,5,1,1.04,0.65,0.65,36.2,,,,,
CH,2025-10-27,86.2,1.96,5.87,"Hernández, Teoscar",606192,641778,,blocked_ball,,,,,13,Ball In Dirt,W,R,L,LAD,TOR,B,,,0,2,2025,1.05,0.66,-0.857635126199281,0.5529182766306155,,,571970,1,14,Bot,,,,,,,-8.795200805776512,-125.13217258857384,-7.714848652806419,12.730201648369258,24.50997303285572,-23.889024154180998,3.44857240466903,1.57999929869946,,,,86.2,1151,6.3,813032,623168,665489,643396,676391,665926,664702,662139,664770,54.17,,,,,,,,123,3,Changeup,5,5,5,5,5,5,5,5,Standard,Standard,127,0.007,0.01,,,,-0.01,,0,0,0.606,0.606,30,32,30,33,2,6,3,2,,1,2.42,1.05,-1.05,30.8,,,,,
SI,2025-10-27,97.5,-1.57,5.78,"Lukes, Nathan",664770,607192,,ball,,,,,8,Ball,W,L,R,LAD,TOR,B,,,0,0,2025,-1.17,1.27,0.11375681138222116,1.6008268328940682,,,,2,3,Top,,,,,,,7.424494552211634,-141.62083448552465,-8.896562856914917,-17.383825955806056,31.092167527000377,-13.213659280562588,3.25587918437883,1.49576806454765,,,,100.5,2401,7.9,813032,669257,518692,669242,571970,605141,571771,681624,606192,52.55,,,,,,,,19,1,Sinker,1,0,0,1,0,1,0,1,Standard,Standard,196,-0.001,0.037,,,,-0.037,,1,-1,0.657,0.34299999999999997,31,30,32,31,2,1,11,2,4,1,1.13,1.17,-1.17,52.1,,,,,
FF,2025-10-27,98,-1.36,5.73,"Straw, Myles",664702,694361,,called_strike,,,,,7,Called Strike,W,R,R,LAD,TOR,S,,,0,0,2025,-0.93,1.33,-0.43046178187560835,2.0402567022317117,,,,2,16,Top,,,,,,,4.699622326251484,-142.4091434820553,-7.555894729170908,-13.699912156175301,35.080125958870376,-12.56799443594048,3.44000066960195,1.58735471360989,,,,98.4,2264,6.8,813032,669257,518692,500743,571970,605141,669743,669242,606192,53.74,,,,,,,,136,1,4-Seam Fastball,5,5,5,5,5,5,5,5,Standard,Standard,212,0.005,-0.043,,,,0.043,,0,0,0.605,0.395,25,30,26,31,1,3,3,3,,1,1.07,0.93,0.93,48.1,,,,,
CH,2025-10-27,85.4,-1.11,5.47,"Schneider, Davis",676914,686218,,called_strike,,,,,9,Called Strike,W,R,R,LAD,TOR,S,,,1,0,2025,-1.35,-0.13,0.7635002800012118,1.6831691418471082,,623168,665926,2,12,Top,,,,,,,7.180062933680646,-124.07027509067446,-2.2883098596232996,-15.465519533647871,26.91960192939607,-33.28481958503535,3.06297207366843,1.45057368876389,,,,85.6,1495,6.7,813032,669257,518692,669242,571970,605141,571771,681624,606192,53.8,,,,,,,,103,2,Changeup,5,5,5,5,5,5,5,5,Standard,Standard,261,0.012,-0.052,,,,0.052,,0,0,0.516,0.484,25,26,26,26,2,0,3,3,5,2,3.29,1.35,1.35,35.9,,,,,
FF,2025-10-27,95.4,-2.69,5.69,"Edman, Tommy",669242,656546,field_out,hit_into_play,,,,,12,Tommy Edman pops out to first baseman Vladimir Guerrero Jr. in foul territory.,W,L,R,LAD,TOR,X,3,popup,0,0,2025,-0.98,1.51,0.8298284671430605,3.0213166808825527,,669257,606192,2,10,Bot,167.41,162.49,,,,,11.523243767819478,-138.35385023012108,-4.7934657794959605,-15.153606768669238,30.76451200913062,-11.822657848745697,3.38,1.57,140,60,58,95.9,2518,6.7,813032,672386,665489,643396,676391,665926,664702,662139,664770,53.76,0.005,0.005,0,1,0,0,3,90,1,4-Seam Fastball,5,5,5,5,5,5,5,5,Standard,Standard,220,-0.114,-0.282,71.1,6.4,0.005,0.282,88.0,0,0,0.614,0.614,32,30,32,30,1,4,2,2,2,1,1.01,0.98,-0.98,34.2,10.884841389989118,-6.871435005893565,22.2402425935224,23.849431134609404,26.408747810463716
FF,2025-10-27,95.4,-3.14,5.55,"Hernández, Enrique",571771,453286,,foul,,,,,2,Foul,W,R,R,LAD,TOR,S,,,2,2,2025,-0.55,1.36,0.2733514415281444,3.0907773835744505,,,,2,2,Bot,,,,,,,10.202208623148351,-138.62228388300244,-3.894187069806585,-9.289458823674561,29.730246491823863,-13.950144952477661,3.43,1.67,115,83.7,77,95.6,2421,6.4,813032,672386,665489,666182,676391,665926,664770,662139,680718,54.13,,,,,,,,16,6,4-Seam Fastball,1,0,1,0,0,1,1,0,Standard,Standard,222,0,0,75.8,7.3,,0,88.0,1,1,0.62,0.62,40,33,41,34,1,0,11,2,5,1,1.15,0.55,0.55,32.3,5.859403001878272,-7.689413784752518,21.379531086565212,41.00448564409931,30.449663301604353
CH,2025-10-27,86,1.92,5.76,"Hernández, Teoscar",606192,641778,,swinging_strike_blocked,,,,,13,Swinging Strike (Blocked),W,R,L,LAD,TOR,S,,,0,1,2025,0.84,-0.15,-0.06239815691531614,0.32996825035731847,,,571970,1,14,Bot,,,,,,,-6.434144249072228,-124.96209207881607,-6.33294633976026,10.057445331537052,24.96467289447336,-32.68179884262227,3.41,1.58,,,,86.4,944,6.6,813032,623168,665489,643396,676391,665926,664702,662139,664770,53.91,,,,,,,,123,2,Changeup,5,5,5,5,5,5,5,5,Standard,Standard,108,-0.018,-0.047,75.1,8.7,,0.047,,0,0,0.624,0.624,30,32,30,33,2,6,3,2,,1,3.24,0.84,-0.84,30.3,22.335555032828477,-25.631054554918954,39.87391841660711,35.868321332548526,47.8472700117859
FF,2025-10-27,98.2,-1.33,5.64,"Heineman, Tyler",623168,694361,field_out,hit_into_play,,,,,3,Tyler Heineman pops out softly to pitcher Will Klein.,W,L,R,LAD,TOR,X,1,popup,1,2,2025,-0.28,1.66,0.6040967748896879,3.0947509051749518,,,,1,16,Top,135.12,186.64,,,,,5.962094602585175,-142.8187898452918,-5.2494539022914,-5.337814876919535,36.657146609168244,-8.560306513550227,3.17,1.47,47,54,75,98.8,2339,6.9,813032,669257,518692,500743,571970,605141,669743,669242,606192,53.59,0.005,0.005,0,1,0,0,1,135,8,4-Seam Fastball,5,5,5,5,5,5,5,5,Standard,Strategic,217,0.033,-0.18,65.4,6.2,0.005,0.18,88.0,0,0,0.572,0.42800000000000005,25,34,26,34,1,1,3,32,,,0.73,0.28,-0.28,47.7,3.796310391699424,-8.752578586429337,26.254202688806053,26.978523672890553,32.69333125064644
SI,2025-10-27,97,-1.44,5.9,"Springer, George",543807,607192,field_out,hit_into_play,,,,,12,"George Springer grounds out, shortstop Mookie Betts to first baseman Freddie Freeman.",W,R,R,LAD,TOR,X,6,ground_ball,0,0,2025,-0.81,1.18,1.1501574991744286,2.747060911930688,,,,1,3,Top,118.05,142.96,,,,,8.974329153810748,-140.9759336938285,-5.671202293477781,-12.90834396960627,32.62529950920732,-15.370904010326008,3.54,1.63,16,90.9,-8,98.8,2393,7.4,813032,669257,518692,669242,571970,605141,571771,681624,606192,53.07,0.214,0.193,0,1,0,0,2,18,1,Sinker,1,0,0,1,0,1,0,1,Standard,Standard,185,0.019,-0.254,71.5,7.8,0.236,0.254,90.9,1,-1,0.638,0.362,31,35,32,36,2,1,11,2,4,4,1.26,0.81,0.81,58.9,17.15244203384656,10.067056030278081,30.642256563960014,48.07991132056749,19.06027343417753
FF,2025-10-27,95.7,-0.82,5.63,"Schneider, Davis",676914,686218,,ball,,,,,12,Ball,W,R,R,LAD,TOR,B,,,0,0,2025,-0.56,1.71,0.41486062670886115,4.056265353594068,,623168,665926,2,12,Top,,,,,,,4.556583568297326,-139.2364733268884,-2.337458644109868,-8.320419736486686,35.88155641865055,-9.75934496928416,3.02310160422136,1.53000055232835,,,,96,2565,6.8,813032,669257,518692,669242,571970,605141,571771,681624,606192,53.69,,,,,,,,103,1,4-Seam Fastball,5,5,5,5,5,5,5,5,Standard,Standard,203,-0.006,0.024,,,,-0.024,,0,0,0.522,0.478,25,26,26,26,2,0,3,3,5,2,0.81,0.56,0.56,39.3,,,,,
SL,2025-10-27,87.8,-2.66,5.72,"Hernández, Teoscar",606192,656546,single,hit_into_play,,,,,2,Teoscar Hernández singles on a sharp line drive to left fielder Myles Straw. Will Smith to 2nd.,W,R,R,LAD,TOR,X,7,line_drive,0,2,2025,0.37,-0.02,0.1762595317623805,3.1200105130697633,,,669257,2,10,Bot,67.94,109.25,,,,,6.127830571358798,-127.78265438014826,-0.14700177594844732,2.820330409536271,25.287792805921548,-32.56187117451941,3.41,1.58,167,103,10,88.4,2761,6.6,813032,672386,665489,643396,676391,665926,664702,662139,664770,53.92,0.82,0.763,0.9,1,1,0,4,89,3,Slider,5,5,5,5,5,5,5,5,Strategic,Standard,84,0.076,0.443,73.6,7.5,0.964,-0.443,103.0,0,0,0.538,0.538,32,32,32,33,1,4,2,2,2,1,2.97,-0.37,-0.37,39.5,14.597019967534576,-6.482239851229054,22.24232989509797,36.01013043812776,34.51775045599141
CU,2025-10-27,78.1,-2.99,5.57,"Hernández, Enrique",571771,453286,,foul,,,,,14,Foul,W,R,R,LAD,TOR,S,,,2,2,2025,0.99,-0.56,0.8514468420984327,2.53011234383701,,,,2,2,Bot,,,,,,,6.453482782565959,-113.5089934127943,1.4199535420896994,7.356919179733138,21.349410265673956,-37.49977630138488,3.43,1.67,,,,78.2,2748,6.5,813032,672386,665489,666182,676391,665926,664770,662139,680718,53.98,,,,,,,,16,5,Curveball,1,0,1,0,0,1,1,0,Standard,Standard,57,0,0,65.8,7.7,,0,,1,1,0.62,0.62,40,33,41,34,1,0,11,2,5,1,4.31,-0.99,-0.99,36.9,17.162825209762058,-18.863666893282048,19.604596502261337,46.6800121576715,41.53034839632779
FF,2025-10-27,93.1,1.87,5.94,"Hernández, Teoscar",606192,641778,,foul,,,,,5,Foul,W,R,L,LAD,TOR,S,,,0,0,2025,0.65,1.45,0.0037045837300987428,2.244738377514378,,,571970,1,14,Bot,,,,,,,-6.215707547959705,-135.42586128946422,-6.899136177480499,9.353423452950926,28.00839819818237,-13.044798113141493,3.41,1.58,,,,93.1,2313,6.2,813032,623168,665489,643396,676391,665926,664702,662139,664770,54.29,,,,,,,,123,1,4-Seam Fastball,5,5,5,5,5,5,5,5,Standard,Standard,144,-0.011,-0.04,78.5,7.8,,0.04,,0,0,0.635,0.635,30,32,30,33,2,6,3,2,,1,1.17,0.65,-0.65,37.4,5.950174110480687,5.175822714337899,37.36529133671923,36.62523326646968,24.716210197828072
CU,2025-10-27,85.9,-1.55,5.79,"Heineman, Tyler",623168,694361,,foul,,,,,13,Foul,W,L,R,LAD,TOR,S,,,1,2,2025,0.82,-1.22,-0.642810202480593,1.1436419450563755,,,,1,16,Top,,,,,,,0.48820952782452,-125.09720926501166,-2.224923010860081,8.415775921141847,28.171574610255725,-44.60567283852269,3.17,1.47,4,79.1,-17,85.7,2562,6.4,813032,669257,518692,500743,571970,605141,669743,669242,606192,54.15,,,,,,,,135,7,Curveball,5,5,5,5,5,5,5,5,Standard,Strategic,23,0,0,68.2,7.9,,0,88.0,0,0,0.572,0.42800000000000005,25,34,26,34,1,1,3,32,,,4.33,-0.82,0.82,50.3,8.978637802733541,-18.50643175111745,35.2074680399464,42.501230809272215,40.12013322538886
CU,2025-10-27,81.7,-1.47,6.06,"Giménez, Andrés",665926,607192,field_out,hit_into_play,,,,,2,"Andrés Giménez grounds out, second baseman Tommy Edman to first baseman Freddie Freeman.",W,L,R,LAD,TOR,X,4,ground_ball,1,2,2025,0.63,-1.24,0.08251016484662071,3.1407928448859543,,,,0,3,Top,145.93,158.68,,,,,2.317690589328385,-118.90363927768674,2.516559269878712,5.420554933905846,24.530967140101456,-44.630509898466016,3.25,1.5,3,82.3,-44,82.9,2830,7.2,813032,669257,518692,669242,571970,605141,571771,681624,606192,53.28,0.103,0.098,0,1,0,0,2,17,5,Curveball,1,0,0,1,0,1,0,1,Strategic,Standard,19,0.018,-0.189,69.0,5.7,0.106,0.189,88.0,1,-1,0.62,0.38,31,26,32,27,1,0,11,2,4,1,4.68,-0.63,0.63,55.9,6.576715152975138,12.375506121517509,22.91362508658566,34.70339436189117,24.388495084882805
SL,2025-10-27,89.2,-1.11,5.22,"Clement, Ernie",676391,686218,field_out,hit_into_play,,,,,14,"Ernie Clement grounds out, second baseman Tommy Edman to first baseman Freddie Freeman. Tyler Heineman to 2nd.",W,R,R,LAD,TOR,X,4,ground_ball,0,2,2025,0.05,0.78,1.159041942236151,2.025508049152687,,,623168,1,12,Top,130.22,137.89,,,,,5.494043763290933,-129.90592614981634,-3.526223716142319,-0.49889301720143514,25.89540729999627,-22.81896985893667,3.33,1.54,12,85.7,-9,89.9,2260,6.6,813032,669257,518692,669242,571970,605141,571771,681624,606192,53.95,0.134,0.125,0,1,0,0,2,101,3,Slider,5,5,5,5,5,5,5,5,Standard,Standard,191,0.003,-0.231,67.0,7.2,0.135,0.231,88.0,0,0,0.53,0.47,25,29,26,29,2,5,3,2,5,1,2.07,-0.05,-0.05,31.3,13.40760943250872,5.538805193125099,23.295571399620947,48.491141480517854,26.799539022305787
SL,2025-10-27,86.7,-3.25,5.38,"Hernández, Enrique",571771,453286,,ball,,,,,14,Ball,W,R,R,LAD,TOR,B,,,1,2,2025,0.35,0.16,1.031757545224925,0.32291277848896227,,,,2,2,Bot,,,,,,,9.512908423293611,-125.89589248974616,-6.205943358157114,1.9186212951308614,24.63803226449053,-29.403610057505997,3.41235284792307,1.67000132356356,,,,86.8,2493,6.4,813032,672386,665489,666182,676391,665926,664770,662139,680718,54.13,,,,,,,,16,4,Slider,1,0,1,0,0,1,1,0,Standard,Standard,173,0.002,0.042,,,,-0.042,,1,1,0.618,0.618,40,33,41,34,1,0,11,2,5,1,2.88,-0.35,-0.35,31.9,,,,,
SL,2025-10-27,88.1,-2.56,5.72,"Hernández, Teoscar",606192,656546,,swinging_strike,,,,,9,Swinging Strike,W,R,R,LAD,TOR,S,,,0,1,2025,0.1,0.25,0.6034472411870463,1.6431898328213546,,,669257,2,10,Bot,,,,,,,7.50810926228251,-128.0813012885678,-4.350217176627175,-0.3660729106695605,25.424517156679435,-28.724935290799134,3.41,1.58,,,,88.5,2678,6.5,813032,672386,665489,643396,676391,665926,664702,662139,664770,53.98,,,,,,,,89,2,Slider,5,5,5,5,5,5,5,5,Strategic,Standard,87,-0.016,-0.055,76.5,8.4,,0.055,,0,0,0.554,0.554,32,32,32,33,1,4,2,2,2,1,2.68,-0.1,-0.1,37.6,16.53265133471454,-22.58076059557323,33.75585300223648,40.670425972677904,44.88588879547982
FF,2025-10-27,92.2,1.75,5.96,"Muncy, Max",571970,641778,walk,ball,,,,,11,Max Muncy walks.,W,L,L,LAD,TOR,B,,,3,2,2025,0.37,1.4,-1.5480997102563392,2.618975993600534,,,,1,14,Bot,,,,,,,-9.140354847043444,-134.03490769249183,-5.736068572795057,6.290800344261838,27.010186526338416,-14.172806734064569,3.13206886270164,1.51999939095007,,,,92.2,2369,6.2,813032,623168,665489,643396,676391,665926,664702,662139,664770,54.33,,0.691497,0.7,1,0,0,,122,7,4-Seam Fastball,5,5,5,5,5,5,5,5,Infield shade,Standard,147,0.045,0.339,,,,-0.339,,0,0,0.59,0.59,30,34,30,35,2,6,3,2,,1,1.27,0.37,0.37,36.9,,,,,
CU,2025-10-27,87,-1.38,5.74,"Heineman, Tyler",623168,694361,,ball,,,,,14,Ball,W,L,R,LAD,TOR,B,,,0,2,2025,0.76,-1.15,1.3744559968637435,-1.6176558250165067,,,,1,16,Top,,,,,,,5.065652781991889,-126.35197600205167,-8.972342154487496,6.783854362123458,30.312695395237785,-42.43306513866052,3.13728945024532,1.47000126010768,,,,86.5,2607,6.5,813032,669257,518692,500743,571970,605141,669743,669242,606192,54.01,,,,,,,,135,6,Curveball,5,5,5,5,5,5,5,5,Standard,Strategic,20,-0.005,0.017,,,,-0.017,,0,0,0.577,0.42300000000000004,25,34,26,34,1,1,3,32,,,4.22,-0.76,0.76,51.2,,,,,
FF,2025-10-27,94,-0.81,5.6,"Clement, Ernie",676391,686218,,foul,,,,,2,Foul,W,R,R,LAD,TOR,S,,,0,1,2025,-0.81,1.44,0.04907597630327021,3.0830135783506574,,,623168,1,12,Top,,,,,,,4.036848719134843,-136.69226241261802,-3.9746390521810677,-11.059845044155383,33.46828023874266,-13.473549778553718,3.33,1.54,,,,94.1,2493,6.6,813032,669257,518692,669242,571970,605141,571771,681624,606192,53.89,,,,,,,,101,2,4-Seam Fastball,5,5,5,5,5,5,5,5,Standard,Standard,205,0.019,-0.047,72.5,7.7,,0.047,,0,0,0.511,0.489,25,29,26,29,2,5,3,2,5,1,1.16,0.81,0.81,41.9,27.92668407993405,-20.98193843750952,26.540262902181517,36.96198246819406,42.27911608126804
CU,2025-10-27,83.8,-1.7,6.04,"Giménez, Andrés",665926,683618,strikeout,swinging_strike_blocked,,,,,14,Andrés Giménez strikes out swinging.,W,L,R,LAD,TOR,S,2,,0,2,2025,1.09,-1.22,0.016407316009032447,0.8376092298866316,,,,2,14,Top,,,,,,,1.8015505016317284,-121.86642292356592,-3.059622679410925,10.335695976225054,28.244316493578307,-43.74063246712147,3.25,1.5,,,,83.5,2772,6.5,813032,669257,518692,500743,571970,605141,669743,669242,606192,53.99,,0,0,1,0,0,,120,6,Curveball,5,5,5,5,5,5,5,5,Strategic,Strategic,41,0.02,-0.16,71.5,8.1,,0.16,,0,0,0.619,0.381,23,26,23,27,1,6,27,2,2,1,4.52,-1.09,1.09,48.3,24.841401042691974,-26.300449587461273,39.203889803751096,38.11274684691445,42.01502171929998
SL,2025-10-27,87.9,-2.59,5.69,"Hernández, Teoscar",606192,656546,,foul,,,,,3,Foul,W,R,R,LAD,TOR,S,,,0,0,2025,0.14,0.62,0.6112983085297814,3.032053986201263,,,669257,2,10,Bot,,,,,,,7.534053832108296,-127.94667848862909,-1.6598331688326295,0.06564769492210476,24.352410891192847,-25.23369498429995,3.41,1.58,99,81.3,83,88.8,2703,6.7,813032,672386,665489,643396,676391,665926,664702,662139,664770,53.83,,,,,,,,89,1,Slider,5,5,5,5,5,5,5,5,Strategic,Standard,162,-0.009,-0.042,73.5,8.4,,0.042,88.0,0,0,0.563,0.563,32,32,32,33,1,4,2,2,2,1,2.31,-0.14,-0.14,37.5,17.997001623274446,-22.591081488016243,22.929726378286805,41.18657108479228,43.23388362854615
CU,2025-10-27,81.5,-1.68,6.01,"Giménez, Andrés",665926,607192,,ball,,,,,11,Ball,W,L,R,LAD,TOR,B,,,0,2,2025,0.4,-1.48,-1.8310807889068572,2.949170949147385,,,,0,3,Top,,,,,,,-1.1213115434716538,-118.57104202723731,2.710251631730359,3.956499483022578,25.52846624487341,-46.8629294292915,3.16961324541148,1.50000073081381,,,,82.2,2802,7.1,813032,669257,518692,669242,571970,605141,571771,681624,606192,53.42,,,,,,,,17,4,Curveball,1,0,0,1,0,1,0,1,Strategic,Standard,21,-0.002,0.024,,,,-0.024,,1,-1,0.622,0.378,31,26,32,27,1,0,11,2,4,1,4.95,-0.4,0.4,53.4,,,,,
SL,2025-10-27,86.8,-3.09,5.55,"Hernández, Enrique",571771,453286,,ball,,,,,14,Ball,W,R,R,LAD,TOR,B,,,0,2,2025,0.48,0.09,1.6366650146984818,1.9732657716727986,,,,2,2,Bot,,,,,,,10.295254920050077,-126.00937494176696,-2.524348110966804,3.1048255878551108,25.16340174918229,-30.87693522943662,3.39355281466517,1.66999923595955,,,,86.6,2438,6.3,813032,672386,665489,666182,676391,665926,664770,662139,680718,54.24,,,,,,,,16,3,Slider,1,0,1,0,0,1,1,0,Standard,Standard,134,0.001,0.022,,,,-0.022,,1,1,0.617,0.617,40,33,41,34,1,0,11,2,5,1,2.94,-0.48,-0.48,32.5,,,,,
CU,2025-10-27,76.6,1.77,6.08,"Muncy, Max",571970,641778,,ball,,,,,14,Ball,W,L,L,LAD,TOR,B,,,2,2,2025,-0.93,-0.84,0.30271637431702825,0.9113232587779727,,,,1,14,Bot,,,,,,,-1.4271878599711618,-111.57441521875994,-2.399775444183301,-7.492200950196961,19.922712758584733,-38.95387109309913,3.20248512700061,1.52000024388876,,,,76.4,2455,6.1,813032,623168,665489,643396,676391,665926,664702,662139,664770,54.39,,,,,,,,122,6,Curveball,5,5,5,5,5,5,5,5,Infield shade,Standard,315,0.015,0.104,,,,-0.104,,0,0,0.575,0.575,30,34,30,35,2,6,3,2,,1,4.71,-0.93,-0.93,38.5,,,,,
SI,2025-10-27,97.5,-1.43,5.87,"Giménez, Andrés",665926,607192,,foul,,,,,3,Foul,W,L,R,LAD,TOR,S,,,0,2,2025,-1.03,1.21,0.334986478974337,2.7462283014807314,,,,0,3,Top,,,,,,,7.314859547442535,-141.72514412462422,-5.8177245036961684,-15.517755848477085,31.413612308576486,-14.698260636100947,3.25,1.5,192,73.3,22,100.1,2377,7.7,813032,669257,518692,669242,571970,605141,571771,681624,606192,52.79,,,,,,,,17,3,Sinker,1,0,0,1,0,1,0,1,Standard,Standard,188,0,0,,,,0,88.0,1,-1,0.622,0.378,31,26,32,27,1,0,11,2,4,1,1.19,1.03,-1.03,52.2,,,,,
FF,2025-10-27,98.2,-2,6.13,"Straw, Myles",664702,808963,force_out,hit_into_play,,,,,13,"Myles Straw grounds into a force out, third baseman Max Muncy to second baseman Tommy Edman. Alejandro Kirk out at 2nd.",W,R,R,LAD,TOR,X,5,ground_ball,1,1,2025,-0.6,1.19,-1.1860711342459873,2.4155482358983384,,662139,672386,2,9,Top,96.17,159.95,,,,,3.647116797598897,-142.8471015414526,-7.456803920723527,-9.00597359670082,32.85859444136523,-14.315360612828416,3.44,1.62,7,80.6,-20,99.7,2114,7.1,813032,669257,518692,669242,571970,605141,571771,681624,606192,53.38,0.069,0.067,0,1,0,0,2,78,3,4-Seam Fastball,5,5,5,5,5,5,5,5,Standard,Standard,217,0.111,-0.253,62.8,5.8,0.093,0.253,88.0,0,0,0.528,0.472,23,30,24,31,1,0,10,3,4,1,1.17,0.6,0.6,42.3,-1.585896825880644,-1.803951202506483,36.62817556794823,19.963081117753582,26.62917284957186
FF,2025-10-27,97.6,-1.12,5.73,"Heineman, Tyler",623168,694361,,foul,,,,,2,Foul,W,L,R,LAD,TOR,S,,,0,2,2025,-0.53,1.42,-0.1893336042402175,2.948541964779529,,,,1,16,Top,,,,,,,3.7697186464765298,-142.1133010813678,-5.2923912189312405,-8.081391148635621,32.53219670558723,-11.914362665894313,3.17,1.47,226,76.7,48,98.6,2165,6.8,813032,669257,518692,500743,571970,605141,669743,669242,606192,53.71,,,,,,,,135,5,4-Seam Fastball,5,5,5,5,5,5,5,5,Standard,Standard,216,0,0,66.5,7.0,,0,88.0,0,0,0.577,0.42300000000000004,25,34,26,34,1,1,3,32,,,0.97,0.53,-0.53,49.0,6.874169681167135,-14.819911079633517,24.872635607985195,35.417677865921064,36.83053161030841
CU,2025-10-27,82.7,-1.61,5.97,"Giménez, Andrés",665926,683618,,foul,,,,,13,Foul,W,L,R,LAD,TOR,S,,,0,2,2025,1.17,-1.12,-0.1814569201853684,0.5180823611893239,,,,2,14,Top,,,,,,,0.9861092181969147,-120.4332406980497,-3.7104019618053083,11.06505048086123,26.240187684625337,-42.41461009194636,3.25,1.5,1,56.2,-31,83.2,2777,6.9,813032,669257,518692,500743,571970,605141,669743,669242,606192,53.64,,,,,,,,120,5,Curveball,5,5,5,5,5,5,5,5,Strategic,Strategic,40,0,0,65.7,8.2,,0,88.0,0,0,0.619,0.381,23,26,23,27,1,6,27,2,2,1,4.48,-1.17,1.17,47.2,24.89136144007809,-18.29352992753371,42.532217227614446,40.82305051196308,42.3074173871687
FF,2025-10-27,96.1,-1.01,5.5,"Clement, Ernie",676391,686218,,called_strike,,,,,5,Called Strike,W,R,R,LAD,TOR,S,,,0,0,2025,-0.82,1.39,0.2450237568290693,2.226320251463207,,,623168,1,12,Top,,,,,,,5.227558665957442,-139.7277507752681,-6.247134562517683,-11.958050660692026,33.27454748664553,-12.692804032350335,3.42061925855687,1.53999872162983,,,,96.4,2557,6.7,813032,669257,518692,669242,571970,605141,571771,681624,606192,53.84,,,,,,,,101,1,4-Seam Fastball,5,5,5,5,5,5,5,5,Standard,Standard,212,0.011,-0.04,,,,0.04,,0,0,0.5,0.5,25,29,26,29,2,5,3,2,5,1,1.09,0.82,0.82,36.4,,,,,
SI,2025-10-27,92.4,2.14,5.96,"Freeman, Freddie",518692,663893,home_run,hit_into_play,,,,,5,Freddie Freeman homers (2) on a fly ball to center field.,W,L,L,LAD,TOR,X,,fly_ball,3,2,2025,1.2,-0.05,-0.08651310956791458,2.515351553984322,,,,0,18,Bot,124.08,35.01,,,,,-8.26568484344441,-134.3642457128062,-2.827940364681281,16.406876084976833,29.968623891230095,-32.30267794593948,3.69,1.79,406,107.4,34,91.9,2065,6.1,813032,623168,665489,643396,676391,665926,664702,662139,664770,54.43,0.786,1.587611111111111,2,1,0,3,6,153,6,Sinker,5,5,5,5,5,6,6,5,Infield shade,Standard,123,0.35,1.029,75.3,7.4,3.132,-1.029,107.4,0,0,0.65,0.65,28,35,29,36,1,8,10,2,,1,2.73,1.2,1.2,27.5,19.111351409043436,-5.337994180030159,41.274401212112245,42.94907803905548,32.00509404959956
FS,2025-10-27,89.3,-2.67,5.57,"Muncy, Max",571970,656546,strikeout,called_strike,,,,,9,Max Muncy called out on strikes.,W,L,R,LAD,TOR,S,2,,1,2,2025,-1.42,-0.01,0.40679322983157906,1.7974058595520463,,,669257,1,10,Bot,,,,,,,10.60942603542772,-129.61883090806032,-3.2126733379686794,-18.266722337627165,27.541574536043946,-31.797380375943085,3.13064861082541,1.52000107670999,,,,89.6,1552,6.7,813032,672386,665489,643396,676391,665926,664702,662139,664770,53.85,,0,0,1,0,0,,88,4,Split-Finger,5,5,5,5,5,5,5,5,Infield shade,Standard,241,-0.05,-0.178,,,,0.178,,0,0,0.613,0.613,32,34,32,35,1,4,2,2,2,1,2.89,1.42,-1.42,32.5,,,,,
FF,2025-10-27,94.8,-3.08,5.68,"Hernández, Enrique",571771,453286,,foul_tip,,,,,1,Foul Tip,W,R,R,LAD,TOR,S,,,0,1,2025,-0.59,1.42,-0.7568210796707783,3.3750789598768036,,,,2,2,Bot,,,,,,,7.377290248345484,-137.83115562969954,-3.5188163484902772,-9.176489189120122,30.219091310761794,-13.459641698619276,3.43,1.67,,,,94.6,2441,6.2,813032,672386,665489,666182,676391,665926,664770,662139,680718,54.28,,,,,,,,16,2,4-Seam Fastball,1,0,1,0,0,1,1,0,Standard,Standard,218,-0.003,-0.057,75.7,6.5,,0.057,,1,1,0.62,0.62,40,33,41,34,1,0,11,2,5,1,1.12,0.59,0.59,36.2,8.86503671672519,-3.767615964174571,22.885795986786746,28.782160629848402,32.05762546579058
CU,2025-10-27,75.5,1.82,6.12,"Muncy, Max",571970,641778,,foul,,,,,3,Foul,W,L,L,LAD,TOR,S,,,2,2,2025,-1.03,-0.91,0.330747025492487,2.754557640965401,,,,1,14,Bot,,,,,,,-1.2591057006451407,-109.9429545979773,1.706955375742984,-8.090668632697444,19.82387625906217,-40.04516160068013,3.1,1.52,379,106.4,40,75.1,2309,6,813032,623168,665489,643396,676391,665926,664702,662139,664770,54.52,,,,,,,,122,5,Curveball,5,5,5,5,5,5,5,5,Infield shade,Standard,316,0,0,69.2,6.9,,0,106.4,0,0,0.575,0.575,30,34,30,35,2,6,3,2,,1,4.91,-1.03,-1.03,40.8,34.96004659684436,-5.44757889166266,32.36715208480649,31.643354367667207,43.9504931235507
FF,2025-10-27,97.4,-2.14,6.08,"Straw, Myles",664702,808963,,foul,,,,,5,Foul,W,R,R,LAD,TOR,S,,,1,0,2025,-0.38,1.22,-0.024865387579172338,2.294970644477422,,662139,672386,2,9,Top,,,,,,,6.651499866655261,-141.62976894264605,-7.558596628689995,-6.642783533003278,32.25712746660777,-14.137357264556131,3.44,1.62,138,84.9,76,98.9,2096,7.1,813032,669257,518692,669242,571970,605141,571771,681624,606192,53.37,,,,,,,,78,2,4-Seam Fastball,5,5,5,5,5,5,5,5,Standard,Standard,224,0.012,-0.052,79.5,7.6,,0.052,88.0,0,0,0.516,0.484,23,30,24,31,1,0,10,3,4,1,1.18,0.38,0.38,43.5,13.431572713208137,-17.894796744169913,33.32830909162252,32.8588358262819,36.790024889544696
CU,2025-10-27,85.4,-1.46,5.82,"Heineman, Tyler",623168,694361,,foul,,,,,13,Foul,W,L,R,LAD,TOR,S,,,0,2,2025,0.71,-1.08,-0.48491241376087824,1.287099082870356,,,,1,16,Top,,,,,,,0.8616736792967256,-124.40802449273424,-2.180148781360315,7.141158015312593,26.737603995200296,-43.07340841847309,3.17,1.47,1,68,-42,85.2,2614,6.3,813032,669257,518692,500743,571970,605141,669743,669242,606192,54.23,,,,,,,,135,4,Curveball,5,5,5,5,5,5,5,5,Standard,Standard,23,0,0,63.9,7.4,,0,88.0,0,0,0.577,0.42300000000000004,25,34,26,34,1,1,3,32,,,4.21,-0.71,0.71,51.7,3.453682111309944,-8.38286869164306,33.27077499705778,41.31801848328815,34.44497833433558
SI,2025-10-27,97.7,-1.66,5.89,"Giménez, Andrés",665926,607192,,swinging_strike,,,,,12,Swinging Strike,W,L,R,LAD,TOR,S,,,0,1,2025,-0.8,1.33,0.5171131634243686,3.587301279403054,,,,0,3,Top,,,,,,,7.931830969593387,-142.13728672953505,-3.899491034294357,-12.628655699031508,30.24520950336209,-13.387652381527095,3.25,1.5,,,,100.5,2453,7.7,813032,669257,518692,669242,571970,605141,571771,681624,606192,52.8,,,,,,,,17,2,Sinker,1,0,0,1,0,1,0,1,Standard,Standard,200,0.006,-0.055,44.6,4.4,,0.055,,1,-1,0.616,0.384,31,26,32,27,1,0,11,2,4,1,1.05,0.8,-0.8,50.0,-19.987527003426358,50.02860041560608,38.41376362366888,30.140911825731305,6.86598678252628
FF,2025-10-27,95.1,-0.72,5.58,"Straw, Myles",664702,686218,field_out,hit_into_play,,,,,12,Myles Straw bunt lines out softly to first baseman Freddie Freeman.,W,R,R,LAD,TOR,X,3,line_drive,1,2,2025,-0.64,1.46,0.41081272073594366,3.8145560686727804,,,623168,0,12,Top,139.79,185.92,,,,,4.436128258720763,-138.35373901761915,-2.220469924735835,-9.233811056589929,33.55815463305275,-13.235318212210819,3.44,1.62,54,30.5,26,95.4,2475,6.7,813032,669257,518692,669242,571970,605141,571771,681624,606192,53.85,0.249,0.226,0,1,0,0,1,100,4,4-Seam Fastball,5,5,5,5,5,5,5,5,Strategic,Standard,210,0.057,0.046,,,0.252,-0.046,88.0,0,0,0.443,0.5569999999999999,25,30,26,31,1,1,3,3,5,1,1.08,0.64,0.64,39.7,,,,,
FF,2025-10-27,99.4,-1.93,5.7,"Giménez, Andrés",665926,683618,,foul,,,,,6,Foul,W,L,R,LAD,TOR,S,,,0,2,2025,-0.48,1.23,0.7004735295607939,2.6227268146961915,,,,2,14,Top,,,,,,,8.359551679705294,-144.47162610906764,-5.91573713021541,-8.652501508004423,34.73912469052151,-13.735059179838705,3.25,1.5,128,78.8,9,99.7,2648,6.6,813032,669257,518692,500743,571970,605141,669743,669242,606192,53.88,,,,,,,,120,4,4-Seam Fastball,5,5,5,5,5,5,5,5,Strategic,Strategic,209,0,0,63.2,5.5,,0,88.0,0,0,0.619,0.381,23,26,23,27,1,6,27,2,2,1,1.09,0.48,-0.48,37.4,-11.55942629882412,21.68950463576392,42.71135272542513,27.91395249686647,16.992267811183826
SI,2025-10-27,96.5,1.96,5.5,"Lukes, Nathan",664770,680736,field_out,hit_into_play,,,,,2,"Nathan Lukes grounds out, pitcher Justin Wrobleski to first baseman Freddie Freeman.",W,L,L,LAD,TOR,X,1,ground_ball,0,0,2025,1.15,0.67,0.1708268564518185,2.9016419012626655,,,,1,7,Top,129.71,187.57,,,,,-7.277441089637409,-140.34011468735585,-2.8250228703714844,16.814556812295148,31.968716348948927,-22.918115631757512,3.35,1.54,1,67.9,-65,95.4,2276,5.7,813032,669257,518692,669242,571970,605141,571771,681624,606192,54.83,0.252,0.231,0,1,0,0,2,55,1,Sinker,4,4,4,4,4,4,4,4,Standard,Standard,156,0.029,-0.254,61.2,5.7,0.252,0.254,88.0,0,0,0.539,0.46099999999999997,24,30,25,31,1,3,3,2,4,1,1.78,1.15,1.15,41.0,8.579509542835636,25.14658855444071,21.324872531613064,39.9362757726911,19.825553626875596
SI,2025-10-27,92.2,2.1,6.1,"Freeman, Freddie",518692,663893,,called_strike,,,,,2,Called Strike,W,L,L,LAD,TOR,S,,,3,1,2025,0.94,0.42,-0.271415450895816,3.2686090580391927,,,,0,18,Bot,,,,,,,-8.025721270564295,-134.05701456752556,-2.2622177090338287,13.038977334527328,29.15035802377456,-26.797513289996157,3.74776432229625,1.91199585409137,,,,91.7,1974,6.1,813032,623168,665489,643396,676391,665926,664702,662139,664770,54.45,,,,,,,,153,5,Sinker,5,5,5,5,5,5,5,5,Infield shade,Standard,121,-0.017,-0.094,,,,0.094,,0,0,0.667,0.667,28,35,29,36,1,8,10,2,,1,2.26,0.94,0.94,30.5,,,,,
FF,2025-10-27,94.8,-2.42,5.73,"Muncy, Max",571970,656546,,foul,,,,,2,Foul,W,L,R,LAD,TOR,S,,,1,1,2025,-0.87,1.5,-0.04438470351404822,3.01189902453265,,,669257,1,10,Bot,,,,,,,8.201353717493927,-137.7600947153796,-4.781125331411733,-12.900630993375621,31.536320535939883,-12.240619554972824,3.1,1.52,210,77.1,22,95.2,2490,6.7,813032,672386,665489,643396,676391,665926,664702,662139,664770,53.84,,,,,,,,88,3,4-Seam Fastball,5,5,5,5,5,5,5,5,Infield shade,Standard,220,-0.018,-0.056,67.5,5.7,,0.056,88.0,0,0,0.631,0.631,32,34,32,35,1,4,2,2,2,1,1.05,0.87,-0.87,38.3,3.6119429525990765,16.49215632398884,30.322999676698036,36.63231685971368,24.778273141724583
FF,2025-10-27,94.3,-2.93,5.63,"Hernández, Enrique",571771,453286,,called_strike,,,,,8,Called Strike,W,R,R,LAD,TOR,S,,,0,0,2025,-0.87,1.42,0.25950310424034484,2.06661490903431,,,,2,2,Bot,,,,,,,10.223161641137269,-136.80669822141795,-6.694490221327689,-13.132584304618762,29.987033448883533,-13.044489220473935,3.47618494037892,1.67000083807849,,,,94.4,2476,6.5,813032,672386,665489,666182,676391,665926,664770,662139,680718,54.02,,,,,,,,16,1,4-Seam Fastball,1,0,1,0,0,1,1,0,Standard,Standard,220,-0.001,-0.043,,,,0.043,,1,1,0.621,0.621,40,33,41,34,1,0,11,2,5,1,1.16,0.87,0.87,35.0,,,,,
FF,2025-10-27,92.5,1.82,5.88,"Muncy, Max",571970,641778,,swinging_strike,,,,,1,Swinging Strike,W,L,L,LAD,TOR,S,,,2,1,2025,0.6,1.32,-0.35773449197562557,3.2066386835530736,,,,1,14,Bot,,,,,,,-6.856321167442722,-134.53676527213688,-3.8921797086262537,8.77691625090451,29.506327152341353,-15.440189561125495,3.1,1.52,,,,92.3,2285,6.2,813032,623168,665489,643396,676391,665926,664702,662139,664770,54.29,,,,,,,,122,4,4-Seam Fastball,5,5,5,5,5,5,5,5,Infield shade,Standard,138,-0.012,-0.07,73.9,6.3,,0.07,,0,0,0.587,0.587,30,34,30,35,2,6,3,2,,1,1.34,0.6,0.6,43.6,13.927193711521364,8.237871589183541,29.51074255841848,41.34464147103118,33.5759520612256
SI,2025-10-27,98.4,-1.93,5.46,"Muncy, Max",571970,622554,field_out,hit_into_play,,,,,11,"Max Muncy grounds out, second baseman Isiah Kiner-Falefa to first baseman Vladimir Guerrero Jr.",W,L,R,LAD,TOR,X,4,ground_ball,3,1,2025,-1.37,0.62,-1.1316532701740267,2.585321121872849,,518692,669257,2,7,Bot,141.57,153.9,,,,,5.361005523842697,-143.08661550964487,-3.7617912451677618,-20.00802183028087,35.56347741070474,-22.94961700704462,3.1,1.52,3,59.6,-39,98.5,2270,6.6,813032,672386,665489,643396,676391,665926,664770,662139,680718,53.93,0.112,0.106,0,1,0,0,2,65,5,Sinker,5,5,5,5,5,5,5,5,Infield shade,Standard,217,-0.094,-0.392,64.1,6.5,0.112,0.392,88.0,0,0,0.594,0.594,30,34,31,35,1,3,3,2,2,1,1.75,1.37,-1.37,29.4,21.084497498001387,14.84397050286497,27.96977713634927,49.65400563779721,32.75240554321942
FS,2025-10-27,85,-2.03,6.08,"Straw, Myles",664702,808963,,ball,,,,,13,Ball,W,R,R,LAD,TOR,B,,,0,0,2025,-0.71,-0.62,-1.054539984647199,1.3392524602228275,,662139,672386,2,9,Top,,,,,,,3.787696417680725,-123.76576421715424,-3.5793781144527057,-8.073305188254247,25.617268220575912,-38.033856155862956,3.30798912346647,1.52597720750977,,,,86.5,558,7.3,813032,669257,518692,669242,571970,605141,571771,681624,606192,53.17,,,,,,,,78,1,Split-Finger,5,5,5,5,5,5,5,5,Standard,Standard,296,-0.006,0.024,,,,-0.024,,0,0,0.522,0.478,23,30,24,31,1,0,10,3,4,1,3.78,0.71,0.71,48.0,,,,,
SI,2025-10-27,96.4,-1.62,5.84,"Giménez, Andrés",665926,607192,,called_strike,,,,,3,Called Strike,W,L,R,LAD,TOR,S,,,0,0,2025,-1.04,1.24,0.6201212308253181,2.918848075159879,,,,0,3,Top,,,,,,,8.541354000562624,-140.1994145372046,-5.1703823562750655,-15.51645101865434,28.530780288777024,-14.78713624231949,3.28081706361346,1.49999878814033,,,,99.3,2340,7.7,813032,669257,518692,669242,571970,605141,571771,681624,606192,52.81,,,,,,,,17,1,Sinker,1,0,0,1,0,1,0,1,Standard,Standard,194,0.004,-0.039,,,,0.039,,1,-1,0.612,0.388,31,26,32,27,1,0,11,2,4,1,1.2,1.04,-1.04,52.7,,,,,
FF,2025-10-27,98.4,-1.18,5.68,"Heineman, Tyler",623168,694361,,foul,,,,,5,Foul,W,L,R,LAD,TOR,S,,,0,2,2025,-0.67,1.49,0.11885353460512216,2.226126875202868,,,,1,16,Top,,,,,,,5.137867632109826,-143.15176187673723,-7.422397912064889,-10.436086430714246,33.42737527720827,-10.150730000274185,3.17,1.47,175,69.4,21,99.3,2227,6.8,813032,669257,518692,500743,571970,605141,669743,669242,606192,53.67,,,,,,,,135,3,4-Seam Fastball,5,5,5,5,5,5,5,5,Strategic,Standard,210,0,0,62.9,6.2,,0,88.0,0,0,0.577,0.42300000000000004,25,34,26,34,1,1,3,32,,,0.87,0.67,-0.67,48.7,-10.99271579053709,4.455602278081382,39.81514562773722,32.86458271109546,25.520992475225604
SL,2025-10-27,88.4,-1.1,5.22,"Straw, Myles",664702,686218,,blocked_ball,,,,,14,Ball In Dirt,W,R,R,LAD,TOR,B,,,0,2,2025,0.07,0.64,2.749370767825047,0.25969945034466946,,,623168,0,12,Top,,,,,,,9.273126834528195,-128.3772217502082,-7.406771627922851,-0.9804658492422161,24.8662648944387,-23.781721145268214,3.26851656414453,1.55272885028382,,,,89.2,2284,6.7,813032,669257,518692,669242,571970,605141,571771,681624,606192,53.78,,,,,,,,100,3,Slider,5,5,5,5,5,5,5,5,Strategic,Standard,194,-0.008,0.017,,,,-0.017,,0,0,0.451,0.5489999999999999,25,30,26,31,1,1,3,3,5,1,2.28,-0.07,-0.07,31.5,,,,,
FF,2025-10-27,99.3,-1.76,5.76,"Giménez, Andrés",665926,683618,,foul,,,,,12,Foul,W,L,R,LAD,TOR,S,,,0,2,2025,-0.28,1.12,0.9304052015218773,3.123680761893669,,,,2,14,Top,,,,,,,8.162980344365536,-144.39272958918258,-4.514906644957847,-5.835969732905947,32.603701911891264,-15.591288812979563,3.25,1.5,,,,101.1,2518,7.2,813032,669257,518692,500743,571970,605141,669743,669242,606192,53.27,,,,,,,,120,3,4-Seam Fastball,5,5,5,5,5,5,5,5,Strategic,Strategic,205,0,0,71.7,7.4,,0,,0,0,0.619,0.381,23,26,23,27,1,6,27,2,2,1,1.19,0.28,-0.28,40.5,24.85147917578573,-27.064643502424605,26.985821854565945,26.006468576620257,35.47949708933669
FF,2025-10-27,97.3,1.95,5.55,"France, Ty",664034,680736,strikeout,swinging_strike,,,,,12,Ty France strikes out swinging.,W,R,L,LAD,TOR,S,2,,3,2,2025,0.26,1.67,0.07944606656379694,3.583289347552786,,,,0,7,Top,,,,,,,-5.53166751884996,-141.56809087447107,-3.5444783942670712,4.737454863098327,32.75597000783378,-9.0590205302514,3.28,1.52,,,,96,2480,5.6,813032,669257,518692,669242,571970,605141,571771,681624,606192,54.92,,0,0,1,0,0,,54,8,4-Seam Fastball,4,4,4,4,4,4,4,4,Standard,Standard,149,0.048,-0.345,73.1,7.1,,0.345,,0,0,0.491,0.509,24,30,25,31,1,0,3,36,4,1,0.74,0.26,-0.26,42.2,10.31381993405493,13.022286245979808,24.242740944926126,33.98493485699647,20.37706575556028
FC,2025-10-27,89.1,-3.34,5.46,"Edman, Tommy",669242,453286,strikeout,swinging_strike,,,,,11,Tommy Edman strikes out swinging.,W,L,R,LAD,TOR,S,2,,1,2,2025,0.11,0.71,-0.42297885684837433,3.7916235909219873,,,,1,2,Bot,,,,,,,6.924299994874538,-129.737901171647,0.35690950567039303,0.007075977799476667,23.67854488406264,-24.36082684229021,3.38,1.57,,,,89.5,2469,6.2,813032,672386,665489,666182,676391,665926,664770,662139,680718,54.27,,0,0,1,0,0,,15,4,Cutter,1,0,1,0,0,1,1,0,Infield shade,Standard,197,-0.01,-0.18,54.3,4.8,,0.18,,1,1,0.631,0.631,40,30,41,30,1,0,11,2,5,1,2.13,-0.11,0.11,31.4,-7.46965243508054,47.94424000962677,21.43417188974027,37.431073476524574,0.910705769229212
FC,2025-10-27,92.7,2.02,6.18,"Freeman, Freddie",518692,663893,,ball,,,,,13,Ball,W,L,L,LAD,TOR,B,,,2,1,2025,0.2,0.67,-1.1376586462219618,2.2713384838354598,,,,0,18,Bot,,,,,,,-8.434484144458313,-134.72282331505914,-5.621812361466259,4.200557397775959,28.454689617725105,-22.930028141335324,3.72086575381484,1.94129139286645,,,,92,2179,5.9,813032,623168,665489,643396,676391,665926,664702,662139,664770,54.63,,,,,,,,153,4,Cutter,5,5,5,5,5,5,5,5,Infield shade,Standard,111,0.021,0.134,,,,-0.134,,0,0,0.646,0.646,28,35,29,36,1,8,10,2,,1,1.98,0.2,0.2,34.2,,,,,
FS,2025-10-27,88.6,-2.8,5.62,"Muncy, Max",571970,656546,,called_strike,,,,,4,Called Strike,W,L,R,LAD,TOR,S,,,1,0,2025,-1.25,0.56,-0.6368684780146412,2.4564566717170213,,,669257,1,10,Bot,,,,,,,7.95671156580037,-128.82537764897867,-2.8383423786681234,-15.528375708059267,26.78598993405289,-25.510712920682273,3.12933340842258,1.51999989687691,,,,89.3,1590,6.8,813032,672386,665489,643396,676391,665926,664702,662139,664770,53.72,,,,,,,,88,2,Split-Finger,5,5,5,5,5,5,5,5,Infield shade,Standard,237,-0.011,-0.056,,,,0.056,,0,0,0.642,0.642,32,34,32,35,1,4,2,2,2,1,2.35,1.25,-1.25,35.7,,,,,
FF,2025-10-27,92.9,1.76,5.87,"Muncy, Max",571970,641778,,ball,,,,,4,Ball,W,L,L,LAD,TOR,B,,,1,1,2025,0.56,1.37,-0.7812155456115797,2.1696692304472753,,,,1,14,Bot,,,,,,,-7.690180917611206,-135.03153748363405,-6.654085487901786,8.506165511181282,29.744886056689015,-14.087320789528631,3.1184160025827,1.5199986918733,,,,92.5,2282,6.1,813032,623168,665489,643396,676391,665926,664702,662139,664770,54.36,,,,,,,,122,3,4-Seam Fastball,5,5,5,5,5,5,5,5,Infield shade,Standard,141,0.007,0.055,,,,-0.055,,0,0,0.58,0.58,30,34,30,35,2,6,3,2,,1,1.28,0.56,0.56,34.3,,,,,
ST,2025-10-27,87.1,-1.97,5.51,"Muncy, Max",571970,622554,,blocked_ball,,,,,14,Ball In Dirt,W,L,R,LAD,TOR,B,,,2,1,2025,0.99,0.09,0.20661216543375582,0.7059839395828904,,518692,669257,2,7,Bot,,,,,,,3.1966166115659047,-126.75298235778621,-5.575411665422413,10.000214215747066,26.71894647183793,-30.200265288162594,3.12977393538149,1.51999996050225,,,,87.4,2402,6.5,813032,672386,665489,643396,676391,665926,664770,662139,680718,53.95,,,,,,,,65,4,Sweeper,5,5,5,5,5,5,5,5,Strategic,Standard,82,0.014,0.109,,,,-0.109,,0,0,0.58,0.58,30,34,31,35,1,3,3,2,2,1,2.92,-0.99,0.99,30.9,,,,,
FS,2025-10-27,84.8,-2.12,6,"Kirk, Alejandro",672386,808963,walk,ball,,,,,13,Alejandro Kirk walks. Daulton Varsho to 2nd.,W,R,R,LAD,TOR,B,,,3,1,2025,-0.5,-0.52,-1.8663384310979647,1.0393203307072265,,,662139,2,9,Top,,,,,,,1.624933555250996,-123.4092923608064,-4.241053587839994,-5.442733060861133,26.39312169251622,-36.79579552509413,3.14639776381132,1.49000100834669,,,,86.1,656,7.3,813032,669257,518692,669242,571970,605141,571771,681624,606192,53.22,,0.691497,0.7,1,0,0,,77,5,Split-Finger,5,5,5,5,5,5,5,5,Standard,Standard,285,-0.031,0.147,,,,-0.147,,0,0,0.553,0.44699999999999995,23,26,24,27,1,4,10,2,4,1,3.71,0.5,0.5,47.7,,,,,
FF,2025-10-27,97.3,-1.2,5.75,"Heineman, Tyler",623168,694361,,foul,,,,,6,Foul,W,L,R,LAD,TOR,S,,,0,1,2025,-0.46,1.63,0.4110203785795657,2.5184181466123072,,,,1,16,Top,,,,,,,5.422665618042993,-141.51252351831573,-6.930196120813724,-7.410239517160435,33.297009149095736,-8.899435441548425,3.17,1.47,133,51.3,41,98,2275,6.8,813032,669257,518692,500743,571970,605141,669743,669242,606192,53.74,,,,,,,,135,2,4-Seam Fastball,5,5,5,5,5,5,5,5,Standard,Standard,212,0.012,-0.052,63.0,5.7,,0.052,88.0,0,0,0.565,0.43500000000000005,25,34,26,34,1,1,3,32,,,0.79,0.46,-0.46,48.9,-14.278007566449746,15.00155073008548,40.20655826640839,31.42385572286553,22.711314131683697
CU,2025-10-27,80.8,-1.43,5.97,"Clement, Ernie",676391,607192,field_out,hit_into_play,,,,,8,Ernie Clement lines out to center fielder Andy Pages.,W,R,R,LAD,TOR,X,8,line_drive,0,0,2025,0.41,-1.4,0.12243996513448252,2.058990496972413,662139,,672386,2,2,Top,121.49,85.7,,,,,2.7422192610511167,-117.60431873853845,0.746701194352628,3.1657772472094985,25.10470408906254,-45.445434799295164,3.33,1.54,283,97.4,19,82.3,2776,7.5,813032,669257,518692,669242,571970,605141,571771,681624,606192,52.96,0.349,0.41,0,1,0,0,4,12,1,Curveball,0,0,0,0,0,0,0,0,Standard,Standard,21,0.051,-0.272,67.5,6.8,0.626,0.272,97.4,0,0,0.5,0.5,31,29,32,29,1,0,11,2,4,1,4.93,-0.41,-0.41,57.1,6.4172763978887915,1.5448356953299436,36.771780742193705,36.76422356826929,29.86287604397861
FF,2025-10-27,95.8,-0.93,5.47,"Straw, Myles",664702,686218,,foul_bunt,,,,,6,Foul Bunt,W,R,R,LAD,TOR,S,,,0,1,2025,-1.08,1.37,0.602976615586521,2.3487068052634497,,,623168,0,12,Top,,,,,,,6.540643240636299,-139.2888129373704,-5.724226925622359,-15.609332999447869,33.782411747944636,-13.263453582590184,3.44,1.62,,,,96.1,2483,6.7,813032,669257,518692,669242,571970,605141,571771,681624,606192,53.81,,,,,,,,100,2,4-Seam Fastball,5,5,5,5,5,5,5,5,Strategic,Standard,208,0.02,-0.053,13.7,1.7,,0.053,88.0,0,0,0.431,0.569,25,30,26,31,1,1,3,3,5,1,1.13,1.08,1.08,38.3,-81.129183975183,-50.781536612881645,55.359802252815044,38.63835664387511,20.07200258483085
CU,2025-10-27,82.4,-1.85,5.97,"Giménez, Andrés",665926,683618,,swinging_strike,,,,,8,Swinging Strike,W,L,R,LAD,TOR,S,,,0,1,2025,0.79,-1.08,-0.16683495640788326,1.940499682855946,,,,2,14,Top,,,,,,,2.314013584551714,-119.92744887146837,-0.44547084321141495,7.011899695305225,26.235500260252323,-42.678127770094484,3.25,1.5,,,,82.5,2664,6.6,813032,669257,518692,500743,571970,605141,669743,669242,606192,53.87,,,,,,,,120,2,Curveball,5,5,5,5,5,5,5,5,Strategic,Strategic,44,0.009,-0.057,65.5,6.7,,0.057,,0,0,0.61,0.39,23,26,23,27,1,6,27,2,2,1,4.48,-0.79,0.79,43.0,6.624251418892331,2.8604071337658157,32.118787256382554,38.450284925611044,26.415900757160465
SL,2025-10-27,86.2,2.34,5.42,"France, Ty",664034,680736,,ball,,,,,13,Ball,W,R,L,LAD,TOR,B,,,2,2,2025,-0.36,-0.16,-0.015649572962214586,1.3246868894298727,,,,0,7,Top,,,,,,,-4.790081157464121,-125.47149615382108,-3.1788337312488695,-2.9345933795827257,24.012789945680467,-33.4872233968141,3.32825227616192,1.51999880838259,,,,85,2386,5.4,813032,669257,518692,669242,571970,605141,571771,681624,606192,55.1,,,,,,,,54,7,Slider,4,4,4,4,4,4,4,4,Standard,Standard,291,-0.015,0.112,,,,-0.112,,0,0,0.506,0.494,24,30,25,31,1,0,3,36,4,1,3.21,-0.36,0.36,37.1,,,,,
FC,2025-10-27,91.5,1.94,6.24,"Freeman, Freddie",518692,663893,,ball,,,,,11,Ball,W,L,L,LAD,TOR,B,,,1,1,2025,-0.12,0.65,-1.2084058252151793,2.8461899009170173,,,,0,18,Bot,,,,,,,-7.6371944679163875,-133.13042868833043,-4.092057091758187,0.1383276727817188,27.44693317779239,-23.702170618047887,3.77205266924608,1.88047412701789,,,,91,2216,5.9,813032,623168,665489,643396,676391,665926,664702,662139,664770,54.59,,,,,,,,153,3,Cutter,5,5,5,5,5,5,5,5,Infield shade,Standard,122,0.01,0.055,,,,-0.055,,0,0,0.636,0.636,28,35,29,36,1,8,10,2,,1,2.06,-0.12,-0.12,33.3,,,,,
FS,2025-10-27,88.7,-2.68,5.62,"Muncy, Max",571970,656546,,ball,,,,,13,Ball,W,L,R,LAD,TOR,B,,,0,0,2025,-1.23,0.75,-2.0364658754662806,1.8761234813029226,,,669257,1,10,Bot,,,,,,,4.165823901269178,-129.0238898555717,-4.667340410708966,-14.600281253597755,27.879907625510384,-22.99418607732142,3.09666753646789,1.52000019050661,,,,88.9,1623,6.5,813032,672386,665489,643396,676391,665926,664702,662139,664770,53.98,,,,,,,,88,1,Split-Finger,5,5,5,5,5,5,5,5,Infield shade,Standard,242,0.007,0.035,,,,-0.035,,0,0,0.635,0.635,32,34,32,35,1,4,2,2,2,1,2.16,1.23,-1.23,40.1,,,,,
FF,2025-10-27,95.5,-3.21,5.68,"Edman, Tommy",669242,453286,,ball,,,,,12,Ball,W,L,R,LAD,TOR,B,,,0,2,2025,-0.78,1.39,0.18037445981445188,4.0172155931250115,,,,1,2,Bot,,,,,,,10.625990546988755,-138.6469496527405,-1.8618450769929498,-12.412243652853862,30.834795718604934,-14.01425361084075,3.44905030640044,1.57000096210907,,,,95.1,2502,6.2,813032,672386,665489,666182,676391,665926,664770,662139,680718,54.32,,,,,,,,15,3,4-Seam Fastball,1,0,1,0,0,1,1,0,Infield shade,Standard,219,0.001,0.017,,,,-0.017,,1,1,0.63,0.63,40,30,41,30,1,0,11,2,5,1,1.12,0.78,-0.78,34.0,,,,,
SL,2025-10-27,83.3,1.87,5.96,"Muncy, Max",571970,641778,,called_strike,,,,,12,Called Strike,W,L,L,LAD,TOR,S,,,1,0,2025,-0.17,0.21,0.6179473935374058,3.2366607213302325,,,,1,14,Bot,,,,,,,-2.529221699714813,-121.39308520246897,-0.25593275817216854,-1.1934879313225448,22.947881837315933,-30.275243347904087,2.99558840462723,1.42547702179762,,,,83.2,2163,6.1,813032,623168,665489,643396,676391,665926,664702,662139,664770,54.43,,,,,,,,122,2,Slider,5,5,5,5,5,5,5,5,Infield shade,Standard,226,-0.007,-0.049,,,,0.049,,0,0,0.587,0.587,30,34,30,35,2,6,3,2,,1,3.06,-0.17,-0.17,35.2,,,,,
CU,2025-10-27,81.8,-1.86,5.91,"Giménez, Andrés",665926,683618,,swinging_strike,,,,,13,Swinging Strike,W,L,R,LAD,TOR,S,,,0,0,2025,0.91,-0.94,-0.22969768118999856,0.12868996120034115,,,,2,14,Top,,,,,,,1.9340382410140746,-118.95667160569207,-4.5944704179460905,8.116711729133202,25.83023765393799,-40.25979018345066,3.25,1.5,,,,82,2689,6.8,813032,669257,518692,500743,571970,605141,669743,669242,606192,53.74,,,,,,,,120,1,Curveball,5,5,5,5,5,5,5,5,Strategic,Strategic,37,0.005,-0.043,59.4,8.9,,0.043,,0,0,0.605,0.395,23,26,23,27,1,6,27,2,2,1,4.39,-0.91,0.91,43.1,31.68150832285904,-42.45960417575767,37.872497737406874,42.657640581010405,58.638724774174456
FS,2025-10-27,84.7,-1.78,5.72,"Muncy, Max",571970,622554,,ball,,,,,11,Ball,W,L,R,LAD,TOR,B,,,1,1,2025,-0.87,0.01,-1.7188245613062276,3.1110230661150235,,518692,669257,2,7,Bot,,,,,,,1.8995164455735793,-123.31707075013837,0.23335612681417417,-9.247895379292173,24.669129268198713,-32.348829918411184,3.11845549916224,1.52000102768944,,,,85.3,817,6.7,813032,672386,665489,643396,676391,665926,664770,662139,680718,53.81,,,,,,,,65,3,Split-Finger,5,5,5,5,5,5,5,5,Strategic,Standard,264,0.008,0.03,,,,-0.03,,0,0,0.572,0.572,30,34,31,35,1,3,3,2,2,1,3.17,0.87,-0.87,33.0,,,,,
FF,2025-10-27,96.3,-1.55,5.98,"Barger, Addison",680718,607192,strikeout,swinging_strike,,,,,12,Addison Barger strikes out swinging.,W,L,R,LAD,TOR,S,2,,0,2,2025,-0.22,1.36,0.22689773325024998,4.039447482995599,662139,,672386,1,2,Top,,,,,,,5.358688399442652,-140.2064703370303,-2.74536175123073,-4.1267376549611425,31.360502898673925,-13.808571426398649,3.72,1.74,,,,98.9,2471,7.7,813032,669257,518692,669242,571970,605141,571771,681624,606192,52.82,,0,0,1,0,0,,11,3,4-Seam Fastball,0,0,0,0,0,0,0,0,Standard,Standard,188,0.042,-0.254,70.4,5.7,,0.254,,0,0,0.458,0.542,31,25,32,26,1,0,11,2,4,1,1.09,0.22,-0.22,48.9,-4.90279715212162,37.63823254122227,27.080125706129152,30.095740108011036,11.92422397163148
FF,2025-10-27,97.3,-2.12,6.09,"Kirk, Alejandro",672386,808963,,ball,,,,,12,Ball,W,R,R,LAD,TOR,B,,,2,1,2025,-0.32,1.06,0.8373098035634238,2.5811614612838545,,,662139,2,9,Top,,,,,,,8.812541800196936,-141.3843969356,-6.428562042771365,-6.287047709135222,31.365703390303196,-16.63065909476914,3.18806216391176,1.49000115280121,,,,99,1972,7.3,813032,669257,518692,669242,571970,605141,571771,681624,606192,53.23,,,,,,,,77,4,4-Seam Fastball,5,5,5,5,5,5,5,5,Standard,Standard,219,-0.016,0.079,,,,-0.079,,0,0,0.569,0.43100000000000005,23,26,24,27,1,4,10,2,4,1,1.35,0.32,0.32,43.1,,,,,
CU,2025-10-27,85.3,-1.29,5.84,"Heineman, Tyler",623168,694361,,foul,,,,,1,Foul,W,L,R,LAD,TOR,S,,,0,0,2025,0.78,-0.81,-0.5918943330411915,2.79905844776684,,,,1,16,Top,,,,,,,0.06957467049025223,-124.30165239459913,0.7705548817413417,8.040615061340759,24.727546250629945,-40.963206975813264,3.17,1.47,8,91.1,-19,85.6,2424,6.4,813032,669257,518692,500743,571970,605141,669743,669242,606192,54.12,,,,,,,,135,1,Curveball,5,5,5,5,5,5,5,5,Standard,Standard,21,0.007,-0.039,60.1,5.3,,0.039,91.1,0,0,0.558,0.44199999999999995,25,34,26,34,1,1,3,32,,,3.93,-0.78,0.78,54.2,-15.16317189230622,39.792222836558345,30.835270671520295,41.164784075537355,11.764821381225882
FF,2025-10-27,95.7,-0.87,5.5,"Straw, Myles",664702,686218,,called_strike,,,,,6,Called Strike,W,R,R,LAD,TOR,S,,,0,0,2025,-1.13,1.49,0.5717888852907735,2.140647670027936,,,623168,0,12,Top,,,,,,,6.3922966293216845,-139.06335768519693,-6.589100789923559,-16.109877250907804,33.840154228818385,-11.593168322796727,3.19413109868428,1.45041764612574,,,,96,2512,6.8,813032,669257,518692,669242,571970,605141,571771,681624,606192,53.74,,,,,,,,100,1,4-Seam Fastball,5,5,5,5,5,5,5,5,Strategic,Standard,211,0.012,-0.043,,,,0.043,,0,0,0.419,0.581,25,30,26,31,1,1,3,3,5,1,1.03,1.13,1.13,36.4,,,,,
FF,2025-10-27,94.3,-3.09,5.69,"Edman, Tommy",669242,453286,,swinging_strike,,,,,12,Swinging Strike,W,L,R,LAD,TOR,S,,,0,1,2025,-0.73,1.4,0.5087030917933437,4.164055468821496,,,,1,2,Bot,,,,,,,10.918398805349993,-136.965778215785,-1.405510914012436,-11.428427362349947,27.926816735394937,-14.334048630917042,3.38,1.57,,,,94.1,2523,6.1,813032,672386,665489,666182,676391,665926,664770,662139,680718,54.39,,,,,,,,15,2,4-Seam Fastball,1,0,1,0,0,1,1,0,Standard,Standard,220,-0.004,-0.052,66.7,5.4,,0.052,,1,1,0.634,0.634,40,30,41,30,1,0,11,2,5,1,1.16,0.73,-0.73,35.0,7.537012307141261,11.612354437502276,10.312734743126978,27.16474677931819,21.678852344974736
FF,2025-10-27,97.3,2.03,5.5,"France, Ty",664034,680736,,foul,,,,,2,Foul,W,R,L,LAD,TOR,S,,,2,2,2025,0.52,1.21,0.2508926469307463,3.2013990791087474,,,,0,7,Top,,,,,,,-5.858970456850839,-141.69035188810074,-3.426948010331209,8.27944334966499,31.079730284447816,-15.200272432458693,3.28,1.52,242,79.3,26,96.1,2582,5.5,813032,669257,518692,669242,571970,605141,571771,681624,606192,55.01,,,,,,,,54,6,4-Seam Fastball,4,4,4,4,4,4,4,4,Standard,Standard,149,0,0,60.5,5.9,,0,88.0,0,0,0.506,0.494,24,30,25,31,1,0,3,36,4,1,1.18,0.52,-0.52,36.7,-13.882289475967621,39.0007725740398,34.34807353048115,36.15221972092716,7.673669137494233
KC,2025-10-27,85.5,1.63,6.34,"Freeman, Freddie",518692,663893,,ball,,,,,14,Ball,W,L,L,LAD,TOR,B,,,0,1,2025,-0.48,-0.54,0.8860631040842618,1.0436462333084715,,,,0,18,Bot,,,,,,,-0.7913420735923096,-124.43041000231571,-5.059234417351939,-4.762799083671416,25.810322619368097,-36.97370340162265,3.65850125344546,1.79000045935839,,,,84.9,1404,5.9,813032,623168,665489,643396,676391,665926,664702,662139,664770,54.56,,,,,,,,153,2,Knuckle Curve,5,5,5,5,5,5,5,5,Infield shade,Standard,341,0.006,0.031,,,,-0.031,,0,0,0.63,0.63,28,35,29,36,1,8,10,2,,1,3.67,-0.48,-0.48,39.5,,,,,
SL,2025-10-27,87.5,-2.72,5.72,"Smith, Will",669257,656546,hit_by_pitch,hit_by_pitch,,,,,11,Will Smith hit by pitch.,W,R,R,LAD,TOR,B,,,3,1,2025,0.05,0.4,-1.2184121476582934,3.819257320283881,,,,1,10,Bot,,,,,,,3.5296764961036478,-127.53507004203766,0.6363921886350842,-0.011180943074812892,22.16954094981532,-28.09525024471561,3.4,1.59,,,,88.4,2660,6.4,813032,672386,665489,643396,676391,665926,664702,662139,664770,54.07,,0.722289,0.7,1,0,0,,87,5,Slider,5,5,5,5,5,5,5,5,Strategic,Standard,121,0.032,0.253,,,,-0.253,,0,0,0.603,0.603,32,30,32,30,1,4,2,2,2,1,2.53,-0.05,-0.05,42.4,,,,,
SL,2025-10-27,83.8,1.9,6.04,"Muncy, Max",571970,641778,,ball,,,,,12,Ball,W,L,L,LAD,TOR,B,,,0,0,2025,-0.28,0.06,1.1141568003741718,4.011779946858817,,,,1,14,Bot,,,,,,,-1.258033793565374,-122.12169576273266,1.5531998985483395,-2.616483083547439,22.888018883572197,-32.03079374502797,3.13844106698565,1.52000001381324,,,,83.7,2049,6,813032,623168,665489,643396,676391,665926,664702,662139,664770,54.46,,,,,,,,122,1,Slider,5,5,5,5,5,5,5,5,Strategic,Standard,209,0.005,0.039,,,,-0.039,,0,0,0.582,0.582,30,34,30,35,2,6,3,2,,1,3.16,-0.28,-0.28,38.0,,,,,
FF,2025-10-27,93,1.82,5.93,"Smith, Will",669257,641778,field_out,hit_into_play,,,,,1,Will Smith flies out sharply to center fielder Daulton Varsho.,W,R,L,LAD,TOR,X,8,fly_ball,2,2,2025,0.76,1.23,-0.3220428111786273,3.4092465436554207,,,,0,14,Bot,97.49,46.98,,,,,-7.121220855599627,-135.24180656029603,-3.328398253215191,10.879441403084884,30.857501397201684,-16.58882336771802,3.4,1.59,382,101.5,32,92.4,2376,6.1,813032,623168,665489,643396,676391,665926,664702,662139,664770,54.44,0.484,0.9436250000000002,0,1,0,0,6,121,8,4-Seam Fastball,5,5,5,5,5,5,5,5,Strategic,Standard,140,-0.048,-0.232,68.6,6.7,1.867,0.232,101.5,0,0,0.63,0.63,30,30,30,30,1,6,3,2,,1,1.42,0.76,-0.76,36.6,13.141855428741062,1.2661476919143257,19.929372642098553,35.798259183096995,28.706632077268356
FS,2025-10-27,84.7,-1.71,5.67,"Muncy, Max",571970,622554,,ball,,,,,11,Ball,W,L,R,LAD,TOR,B,,,0,1,2025,-0.8,-0.34,-1.8288525831752778,2.5082698612829284,,518692,669257,2,7,Bot,,,,,,,1.33115675820193,-123.38225233695896,-0.36921086918091117,-8.404034250427554,25.037048511622295,-35.74813581092451,3.15371157755579,1.52000058825511,,,,85,885,6.4,813032,672386,665489,643396,676391,665926,664770,662139,680718,54.05,,,,,,,,65,2,Split-Finger,5,5,5,5,5,5,5,5,Standard,Standard,274,0.007,0.018,,,,-0.018,,0,0,0.565,0.565,30,34,31,35,1,3,3,2,2,1,3.51,0.8,-0.8,33.6,,,,,
FC,2025-10-27,92.8,-1.73,5.69,"Varsho, Daulton",662139,694361,field_out,hit_into_play,,,,,4,"Daulton Varsho grounds out, second baseman Miguel Rojas to first baseman Freddie Freeman.",W,L,R,LAD,TOR,X,4,ground_ball,2,1,2025,0.2,0.49,-0.4427242329116199,2.777343984859629,,,,0,16,Top,150.5,150.06,,,,,2.8554586094855807,-135.1372178486216,-2.7704751340872935,1.8924585312379774,28.81697528323337,-25.738310193211447,3.38,1.56,77,113.7,2,93.1,2571,6.4,813032,669257,518692,500743,571970,605141,669743,669242,606192,54.1,0.628,0.587,0,1,0,0,4,134,4,Cutter,5,5,5,5,5,5,5,5,Standard,Strategic,187,0.066,-0.305,78.4,8.0,0.703,0.305,113.7,0,0,0.492,0.508,25,28,26,29,1,7,3,2,,1,2.14,-0.2,0.2,44.4,13.580790949518828,-2.730986623204519,21.61401472491986,40.23450541976898,28.296543656502955
CU,2025-10-27,81.7,-1.41,5.9,"Barger, Addison",680718,607192,,foul,,,,,14,Foul,W,L,R,LAD,TOR,S,,,0,1,2025,0.69,-1.19,0.38306223275744067,1.5655523115602739,662139,,672386,1,2,Top,,,,,,,2.7661187444845172,-118.96104126104831,-0.8429887597176863,5.9372549063817015,24.503983834470997,-43.4356878344786,3.72,1.74,1,53.3,-70,83.3,2668,7.5,813032,669257,518692,669242,571970,605141,571771,681624,606192,53.01,,,,,,,,11,2,Curveball,0,0,0,0,0,0,0,0,Standard,Standard,21,0.017,-0.073,77.7,8.3,,0.073,88.0,0,0,0.441,0.5589999999999999,31,25,32,26,1,0,11,2,4,1,4.62,-0.69,0.69,56.2,10.798969446656338,-27.597000488054523,30.12028813139997,28.466291649353423,48.72680993816014
SL,2025-10-27,88.9,-1.09,5.17,"Kirk, Alejandro",672386,686218,walk,ball,,,,,12,Alejandro Kirk walks.,W,R,R,LAD,TOR,B,,,3,1,2025,0.25,0.48,1.5562344177814207,3.0332381833284625,,,,0,12,Top,,,,,,,6.007555130192591,-129.4142095612545,-0.2248435276488937,1.6047912340179151,25.876637728303642,-26.968254783050714,3.19352263571034,1.52778787852433,,,,89.7,2300,6.7,813032,669257,518692,669242,571970,605141,571771,681624,606192,53.81,,0.691497,0.7,1,0,0,,99,5,Slider,5,5,5,5,5,5,5,5,Standard,Standard,195,-0.049,0.262,,,,-0.262,,0,0,0.468,0.532,25,26,26,27,1,5,3,2,5,1,2.4,-0.25,-0.25,30.4,,,,,
SL,2025-10-27,90.4,-1.88,5.79,"Clement, Ernie",676391,683618,field_out,hit_into_play,,,,,8,"Ernie Clement grounds out, third baseman Max Muncy to first baseman Freddie Freeman.",W,R,R,LAD,TOR,X,5,ground_ball,1,2,2025,0.52,0.05,0.25818721847548487,2.0834525092330796,,,,1,14,Top,81,158.63,,,,,4.2938819069331355,-131.50571872384896,-3.386687003886374,4.977242194649046,29.991001755311526,-31.045775848459805,3.33,1.54,7,93.9,-16,91.6,2763,7.2,813032,669257,518692,500743,571970,605141,669743,669242,606192,53.28,0.163,0.147,0,1,0,0,2,119,7,Slider,5,5,5,5,5,5,5,5,Standard,Standard,114,0.033,-0.18,70.9,7.6,0.164,0.18,93.9,0,0,0.572,0.42800000000000005,23,29,23,29,1,6,27,2,2,1,2.76,-0.52,-0.52,40.7,15.739299449643834,-16.95353765874854,30.041146729545478,37.82784376811965,38.29623648769143
FF,2025-10-27,93.5,-3.02,5.63,"Edman, Tommy",669242,453286,,called_strike,,,,,7,Called Strike,W,L,R,LAD,TOR,S,,,0,0,2025,-0.92,1.4,-0.42450684746874723,1.8479485989386197,,,,1,2,Bot,,,,,,,8.704376027300237,-135.86152555238812,-7.081466601130848,-13.245720786157955,27.965396328855377,-13.456863311618818,3.41700138229094,1.56999912576276,,,,93.5,2401,6.2,813032,672386,665489,666182,676391,665926,664770,662139,680718,54.26,,,,,,,,15,1,4-Seam Fastball,1,0,1,0,0,1,1,0,Standard,Standard,221,-0.002,-0.039,,,,0.039,,1,1,0.636,0.636,40,30,41,30,1,0,11,2,5,1,1.2,0.92,-0.92,34.0,,,,,
FF,2025-10-27,97.2,2.02,5.53,"France, Ty",664034,680736,,foul,,,,,11,Foul,W,R,L,LAD,TOR,S,,,2,2,2025,0.31,1.34,-0.0917917362927218,3.437355284277178,,,,0,7,Top,,,,,,,-6.284801623286097,-141.4723324873217,-3.104163889729168,5.5306665923616,32.07002893963108,-13.72612612033569,3.28,1.52,186,76.6,18,96.1,2496,5.7,813032,669257,518692,669242,571970,605141,571771,681624,606192,54.84,,,,,,,,54,5,4-Seam Fastball,4,4,4,4,4,4,4,4,Standard,Standard,147,0,0,61.3,6.0,,0,88.0,0,0,0.506,0.494,24,30,25,31,1,0,3,36,4,1,1.07,0.31,-0.31,35.6,-8.567926203934574,38.66824420655402,33.984558123243346,32.05468342091839,11.020380570358697
SI,2025-10-27,90.7,2.06,6.1,"Freeman, Freddie",518692,663893,,foul,,,,,6,Foul,W,L,L,LAD,TOR,S,,,0,0,2025,1.15,0.16,0.7326653003284138,2.581464146398828,,,,0,18,Bot,,,,,,,-5.732971110122729,-131.90826332819316,-3.1085368770344415,14.704959782285462,31.508223863970457,-29.85313617327009,3.69,1.79,290,109.4,20,89.4,1917,5.8,813032,623168,665489,643396,676391,665926,664702,662139,664770,54.68,,,,,,,,153,1,Sinker,5,5,5,5,5,5,5,5,Standard,Standard,121,-0.009,-0.039,75.7,7.4,,0.039,109.4,0,0,0.639,0.639,28,35,29,36,1,8,10,2,,1,2.65,1.15,1.15,30.7,22.76236541480063,-10.51607608615041,42.420052843470444,32.81101070698575,34.04430975613815
FF,2025-10-27,95.3,-2.67,5.62,"Smith, Will",669257,656546,,called_strike,,,,,2,Called Strike,W,R,R,LAD,TOR,S,,,3,0,2025,-0.56,1.56,0.04156963993996399,3.5691138133741527,,,,1,10,Bot,,,,,,,8.478413318805162,-138.46313026077044,-3.218214042711273,-9.328855390805593,35.118095713832226,-11.646463763394271,3.449059656075,1.59000116299607,,,,95.6,2583,6.9,813032,672386,665489,643396,676391,665926,664702,662139,664770,53.63,,,,,,,,87,4,4-Seam Fastball,5,5,5,5,5,5,5,5,Standard,Standard,215,-0.011,-0.088,,,,0.088,,0,0,0.614,0.614,32,30,32,30,1,4,2,2,2,1,0.98,0.56,0.56,32.5,,,,,
FS,2025-10-27,86,-2.06,6.03,"Kirk, Alejandro",672386,808963,,called_strike,,,,,8,Called Strike,W,R,R,LAD,TOR,S,,,2,0,2025,-0.33,0.43,-0.12627588743671375,1.797356217686716,,,662139,2,9,Top,,,,,,,5.343535952194026,-125.11254366429309,-4.739202624955165,-4.522272699368614,25.37702063184357,-26.87432781152837,3.32033429641026,1.48999966302524,,,,87.5,622,7.3,813032,669257,518692,669242,571970,605141,571771,681624,606192,53.22,,,,,,,,77,3,Split-Finger,5,5,5,5,5,5,5,5,Standard,Standard,285,0.011,-0.044,,,,0.044,,0,0,0.558,0.44199999999999995,23,26,24,27,1,4,10,2,4,1,2.65,0.33,0.33,46.3,,,,,
FF,2025-10-27,98.8,-1.98,5.47,"Muncy, Max",571970,622554,,foul,,,,,5,Foul,W,L,R,LAD,TOR,S,,,0,0,2025,-0.28,1.36,0.24927079993473683,2.3859426536691917,,518692,669257,2,7,Bot,,,,,,,6.72460335168931,-143.63152918924078,-6.122108330797149,-5.491087341407506,34.577827735417294,-12.103791488718025,3.1,1.52,151,65.4,62,98.7,2446,6.4,813032,672386,665489,643396,676391,665926,664770,662139,680718,54.14,,,,,,,,65,1,4-Seam Fastball,5,5,5,5,5,5,5,5,Standard,Standard,212,-0.011,-0.047,65.5,6.1,,0.047,88.0,0,0,0.576,0.576,30,34,31,35,1,3,3,2,2,1,0.99,0.28,-0.28,29.4,7.051257681548618,14.26419877906778,35.53747102985963,32.22601542802033,29.118837817762056
CU,2025-10-27,80.7,-1.6,5.96,"Barger, Addison",680718,607192,,foul,,,,,5,Foul,W,L,R,LAD,TOR,S,,,0,0,2025,0.61,-1.15,-0.25303155561999485,2.9308134384011035,662139,,672386,1,2,Top,,,,,,,1.869849309007887,-117.43336378346542,2.2246343977445857,5.172968688121296,24.466754521246056,-43.39805799702522,3.72,1.74,153,68.3,66,81.6,2714,7.1,813032,669257,518692,669242,571970,605141,571771,681624,606192,53.38,,,,,,,,11,1,Curveball,0,0,0,0,0,0,0,0,Standard,Standard,24,0.011,-0.041,74.3,7.3,,0.041,88.0,0,0,0.43,0.5700000000000001,31,25,32,26,1,0,11,2,4,1,4.67,-0.61,0.61,52.9,7.260989153164173,0.48195235589846125,28.962142579476275,36.20030488845929,28.48251905912185
FF,2025-10-27,97.3,-1.46,5.85,"Varsho, Daulton",662139,694361,,ball,,,,,11,Ball,W,L,R,LAD,TOR,B,,,1,1,2025,-0.63,1.53,-1.7350493387059502,4.0212671471829955,,,,0,16,Top,,,,,,,0.7207179804007624,-141.7275991526613,-2.909733606138537,-8.67746729049956,33.40821665345864,-11.110422497392614,3.46328929452055,1.55999861489618,,,,97.6,2222,6.4,813032,669257,518692,500743,571970,605141,669743,669242,606192,54.05,,,,,,,,134,3,4-Seam Fastball,5,5,5,5,5,5,5,5,Standard,Strategic,212,-0.011,0.055,,,,-0.055,,0,0,0.503,0.497,25,28,26,29,1,7,3,2,,1,0.88,0.63,-0.63,48.6,,,,,
FF,2025-10-27,95.8,-0.8,5.48,"Kirk, Alejandro",672386,686218,,ball,,,,,13,Ball,W,R,R,LAD,TOR,B,,,2,1,2025,-1.03,1.24,-1.1865177808229255,2.0233059111547274,,,,0,12,Top,,,,,,,1.3051964252672885,-139.2745348767002,-6.282060158214289,-13.596762581828541,34.75407255866225,-14.804016289961318,3.20265433311572,1.49000008132029,,,,95.9,2458,6.6,813032,669257,518692,669242,571970,605141,571771,681624,606192,53.86,,,,,,,,99,4,4-Seam Fastball,5,5,5,5,5,5,5,5,Standard,Standard,207,-0.024,0.134,,,,-0.134,,0,0,0.492,0.508,25,26,26,27,1,5,3,2,5,1,1.27,1.03,1.03,41.1,,,,,
FF,2025-10-27,97.3,-2.13,6.11,"Kirk, Alejandro",672386,808963,,ball,,,,,11,Ball,W,R,R,LAD,TOR,B,,,1,0,2025,-0.25,1.24,-0.8821654670811543,3.264245355130257,,,662139,2,9,Top,,,,,,,3.9792103424681278,-141.56432929753822,-5.025583231094278,-4.209525370870381,32.51856061957696,-14.57802663538786,3.2062807211281,1.49000114991177,,,,98.7,2070,7.1,813032,669257,518692,669242,571970,605141,571771,681624,606192,53.4,,,,,,,,77,2,4-Seam Fastball,5,5,5,5,5,5,5,5,Standard,Standard,216,-0.011,0.048,,,,-0.048,,0,0,0.569,0.43100000000000005,23,26,24,27,1,4,10,2,4,1,1.17,0.25,0.25,41.6,,,,,
FF,2025-10-27,99.4,-1.85,5.77,"Clement, Ernie",676391,683618,,foul,,,,,12,Foul,W,R,R,LAD,TOR,S,,,1,2,2025,-0.35,1.33,0.9994902695707345,2.938220821385982,,,,1,14,Top,,,,,,,8.680458660757804,-144.40245769291266,-5.453989158225469,-6.958743704083854,35.82612689655731,-12.44153001974088,3.33,1.54,167,80.4,68,99.7,2551,6.7,813032,669257,518692,500743,571970,605141,669743,669242,606192,53.82,,,,,,,,119,6,4-Seam Fastball,5,5,5,5,5,5,5,5,Standard,Standard,209,0,0,69.8,6.9,,0,88.0,0,0,0.572,0.42800000000000005,23,29,23,29,1,6,27,2,2,1,0.99,0.35,0.35,38.8,1.663684120557402,8.951107831660623,22.922913924854658,48.29981226376103,23.749640488089053
FF,2025-10-27,98.1,1.97,5.55,"France, Ty",664034,680736,,ball,,,,,12,Ball,W,R,L,LAD,TOR,B,,,1,2,2025,0.41,1.32,0.6301710268705886,4.083065626993482,,,,0,7,Top,,,,,,,-4.497866220500555,-142.87376635424138,-1.5509007645792299,6.636242017448532,32.77399862476261,-13.933222564545158,3.31042350707375,1.51999946655717,,,,96.9,2589,5.6,813032,669257,518692,669242,571970,605141,571771,681624,606192,54.95,,,,,,,,54,4,4-Seam Fastball,4,4,4,4,4,4,4,4,Standard,Standard,150,-0.006,0.043,,,,-0.043,,0,0,0.512,0.488,24,30,25,31,1,0,3,36,4,1,1.04,0.41,-0.41,36.9,,,,,
SL,2025-10-27,86.5,-3.33,5.39,"Hernández, Teoscar",606192,453286,home_run,hit_into_play,,,,,5,Teoscar Hernández homers (5) on a fly ball to left field.,W,R,R,LAD,TOR,X,,fly_ball,2,2,2025,0.44,0.42,0.24363373097370022,2.728593371475844,,,,1,2,Bot,24.71,65.58,,,,,7.62545626487981,-125.84915807620456,-1.0265078534595542,3.233150831527974,24.139518262366828,-27.674765948856905,3.41,1.58,412,109,31,86.8,2385,6.3,813032,672386,665489,666182,676391,665926,664770,662139,680718,54.16,0.951,1.919055555555556,2,1,0,3,6,14,5,Slider,0,0,0,0,0,1,1,0,Standard,Standard,142,0.111,1.609,75.7,8.1,3.794,-1.609,109.0,0,0,0.525,0.525,40,32,41,33,1,0,11,2,5,1,2.61,-0.44,-0.44,28.9,11.595290719589158,-19.727894266871946,28.79569354898456,35.215829911535224,38.433228588112705
SI,2025-10-27,93.9,2.02,5.96,"Betts, Mookie",605141,663893,field_out,hit_into_play,,,,,2,Mookie Betts pops out to first baseman Vladimir Guerrero Jr. in foul territory.,W,R,L,LAD,TOR,X,3,popup,3,2,2025,0.94,0.17,0.08970397565053823,2.7097597824298765,,669743,660271,2,17,Bot,171.28,177.44,,,,,-7.061737853258314,-136.6329261424117,-3.0609306408540164,13.363401483015169,30.524273367711036,-29.530551714304774,3.18,1.49,96,88.1,76,93.6,2191,6.1,813032,623168,665489,643396,676391,665926,664702,662139,664770,54.37,0.008,0.008,0,1,0,0,3,147,8,Sinker,5,5,5,5,5,5,5,5,Standard,Standard,124,-0.122,-0.282,62.8,7.3,0.009,0.282,88.1,0,0,0.622,0.622,28,32,29,33,1,8,10,2,,1,2.42,0.94,-0.94,29.2,14.42488814045804,-16.284637859799965,31.70873847302111,39.48783795221969,37.20917885864981
SL,2025-10-27,88.8,-2.49,5.64,"Smith, Will",669257,656546,,ball,,,,,14,Ball,W,R,R,LAD,TOR,B,,,2,0,2025,0.17,0.42,2.721084214051357,0.19726650150451275,,,,1,10,Bot,,,,,,,12.43493039028525,-128.7597756948323,-8.217908151441685,-0.3567674467292863,22.96026575158605,-26.054325637367775,3.3508983317756,1.58999914342633,,,,89.4,2657,6.6,813032,672386,665489,643396,676391,665926,664702,662139,664770,53.93,,,,,,,,87,3,Slider,5,5,5,5,5,5,5,5,Strategic,Standard,327,0.016,0.143,,,,-0.143,,0,0,0.598,0.598,32,30,32,30,1,4,2,2,2,1,2.46,-0.17,-0.17,35.6,,,,,
FF,2025-10-27,92.5,1.74,6.02,"Smith, Will",669257,641778,,foul,,,,,4,Foul,W,R,L,LAD,TOR,S,,,2,2,2025,0.72,1.34,-0.2977008550602088,2.579478826485053,,,,0,14,Bot,,,,,,,-6.706310393940248,-134.4257914117353,-5.859623990614468,10.12600707326949,28.947653805773122,-14.830118061081746,3.4,1.59,160,84,70,92,2333,6.1,813032,623168,665489,643396,676391,665926,664702,662139,664770,54.44,,,,,,,,121,7,4-Seam Fastball,5,5,5,5,5,5,5,5,Standard,Standard,145,0,0,70.9,7.1,,0,88.0,0,0,0.63,0.63,30,30,30,30,1,6,3,2,,1,1.33,0.72,-0.72,38.0,6.30686916975536,0.981987775256034,32.31793897003142,35.91375828845429,29.570975298119563
SI,2025-10-27,97.5,-1.81,5.53,"Smith, Will",669257,622554,walk,ball,,,,,14,Will Smith walks. Freddie Freeman to 2nd.,W,R,R,LAD,TOR,B,,,3,2,2025,-1.26,0.76,1.961237656545766,2.2961990542628445,,,518692,2,7,Bot,,,,,,,13.05726317103252,-141.30085718239712,-4.89145894883742,-19.928549451298966,34.10906820777645,-20.945917089185954,3.36688190080933,1.55091008132457,,,,97.5,2302,6.6,813032,672386,665489,643396,676391,665926,664770,662139,680718,53.86,,0.691497,0.7,1,0,0,,64,6,Sinker,5,5,5,5,5,5,5,5,Standard,Standard,211,0.03,0.24,,,,-0.24,,0,0,0.546,0.546,30,30,31,30,1,3,3,2,2,1,1.67,1.26,1.26,30.9,,,,,
SI,2025-10-27,96.4,-1.54,5.77,"Kirk, Alejandro",672386,607192,single,hit_into_play,,,,,2,Alejandro Kirk singles on a line drive to right fielder Teoscar Hernández. Daulton Varsho to 3rd.,W,R,R,LAD,TOR,X,9,line_drive,0,0,2025,-0.87,1.25,-0.24390799626833792,3.116963461487524,,,662139,1,2,Top,200.61,119.28,,,,,5.578831477155849,-140.16122359512212,-4.383352556683735,-12.800467468351489,33.44562951752793,-14.982443299239474,3.1,1.49,168,88.7,10,98.6,2227,7.7,813032,669257,518692,669242,571970,605141,571771,681624,606192,52.8,0.587,0.529,0.9,1,1,0,4,10,1,Sinker,0,0,0,0,0,0,0,0,Standard,Standard,187,-0.067,0.406,66.6,5.9,0.62,-0.406,88.7,0,0,0.497,0.503,31,26,32,27,1,0,11,2,4,1,1.22,0.87,0.87,54.8,-0.7384403326401129,34.46728191049703,16.480723436903883,35.961829908126305,21.617414451572866
ST,2025-10-27,88.6,-2.19,5.56,"Varsho, Daulton",662139,694361,,ball,,,,,11,Ball,W,L,R,LAD,TOR,B,,,0,1,2025,0.79,-0.25,-2.247759989103658,3.1412098306399012,,,,0,16,Top,,,,,,,-1.8116576620492926,-129.0845512059245,0.6908705019869632,9.250638258418393,28.212364353131843,-35.33295972147564,3.50687821823827,1.56000036587629,,,,88.8,2401,6.5,813032,669257,518692,500743,571970,605141,669743,669242,606192,54.02,,,,,,,,134,2,Sweeper,5,5,5,5,5,5,5,5,Standard,Strategic,41,-0.006,0.031,,,,-0.031,,0,0,0.509,0.491,25,28,26,29,1,7,3,2,,1,3.16,-0.79,0.79,40.5,,,,,
FS,2025-10-27,84,-2.04,6.11,"Kirk, Alejandro",672386,808963,,ball,,,,,13,Ball,W,R,R,LAD,TOR,B,,,0,0,2025,-0.18,0.23,-1.0808202705099241,2.1567399771225158,,,662139,2,9,Top,,,,,,,2.6113329254688775,-122.32834917943448,-3.2115000935758458,-2.3668308072571156,25.46308482622635,-29.458749989469606,3.20127298194658,1.48999970749426,,,,85,628,7,813032,669257,518692,669242,571970,605141,571771,681624,606192,53.49,,,,,,,,77,1,Split-Finger,5,5,5,5,5,5,5,5,Standard,Standard,289,-0.005,0.035,,,,-0.035,,0,0,0.574,0.42600000000000005,23,26,24,27,1,4,10,2,4,1,3.01,0.18,0.18,48.2,,,,,
FF,2025-10-27,96.9,-0.77,5.45,"Kirk, Alejandro",672386,686218,,foul,,,,,11,Foul,W,R,R,LAD,TOR,S,,,2,0,2025,-0.67,1.7,-0.19889824975911052,3.4122396957547827,,,,0,12,Top,,,,,,,3.101760255707299,-141.0634873615328,-3.7671998618181624,-9.69789506661604,34.50524771383645,-8.958214450479355,3.1,1.49,241,79.1,47,97.3,2574,6.7,813032,669257,518692,669242,571970,605141,571771,681624,606192,53.82,,,,,,,,99,3,4-Seam Fastball,5,5,5,5,5,5,5,5,Standard,Standard,208,0.016,-0.072,52.1,5.7,,0.072,88.0,0,0,0.476,0.524,25,26,26,27,1,5,3,2,5,1,0.74,0.67,0.67,36.0,2.6890287387898746,30.2463905772686,19.514863296781563,35.64660093987643,18.984816734941198
SL,2025-10-27,88.7,-2.11,5.85,"Clement, Ernie",676391,683618,,foul,,,,,4,Foul,W,R,R,LAD,TOR,S,,,1,2,2025,0.37,0.22,-0.330708784795094,2.478332707457418,,,,1,14,Top,,,,,,,3.5837785849167547,-129.25737800853858,-2.7191384540669867,3.4650250155660802,23.90379116448482,-29.39278943435841,3.33,1.54,22,84,-5,89.2,2826,6.2,813032,669257,518692,500743,571970,605141,669743,669242,606192,54.25,,,,,,,,119,5,Slider,5,5,5,5,5,5,5,5,Standard,Standard,95,0,0,71.6,7.3,,0,88.0,0,0,0.572,0.42800000000000005,23,29,23,29,1,6,27,2,2,1,2.64,-0.37,-0.37,40.7,22.740146795953308,-29.422976447811887,30.778718681668423,31.33381939265441,49.007821651072746
CH,2025-10-27,87.1,-3.17,5.44,"Hernández, Teoscar",606192,453286,,ball,,,,,13,Ball,W,R,R,LAD,TOR,B,,,1,2,2025,-1.19,0.41,-1.5934636281531658,2.2298841814913737,,,,1,2,Bot,,,,,,,6.276294704520232,-126.68539612298886,-2.387281347959374,-14.13797667669324,25.984650076080875,-27.454745952662382,3.44964533713088,1.58000001800703,,,,87.5,1430,6.6,813032,672386,665489,666182,676391,665926,664770,662139,680718,53.93,,,,,,,,14,4,Changeup,0,0,0,0,0,0,0,0,Standard,Standard,244,0.002,0.048,,,,-0.048,,0,0,0.523,0.523,40,32,41,33,1,0,11,2,5,1,2.6,1.19,1.19,30.8,,,,,
FF,2025-10-27,96.9,1.94,5.51,"France, Ty",664034,680736,,called_strike,,,,,2,Called Strike,W,R,L,LAD,TOR,S,,,1,1,2025,0.14,1.49,-0.21141301786836747,2.8323329521010594,,,,0,7,Top,,,,,,,-5.982385384006126,-140.94663943107287,-4.9007692382869426,3.3300336355881397,34.71443465326196,-11.425091957473189,3.29535892841092,1.51999986492997,,,,95.3,2422,5.5,813032,669257,518692,669242,571970,605141,571771,681624,606192,54.95,,,,,,,,54,3,4-Seam Fastball,4,4,4,4,4,4,4,4,Standard,Standard,141,0.01,-0.061,,,,0.061,,0,0,0.502,0.498,24,30,25,31,1,0,3,36,4,1,0.96,0.14,-0.14,37.9,,,,,
FC,2025-10-27,94.3,1.9,6.17,"Betts, Mookie",605141,663893,,foul,,,,,13,Foul,W,R,L,LAD,TOR,S,,,3,2,2025,0.08,0.51,-1.2073041567914844,2.195005095463673,,669743,660271,2,17,Bot,,,,,,,-8.201387914544263,-137.03296456681198,-5.728182206983579,2.8825423380994826,31.30710630721589,-24.60993113570579,3.18,1.49,,,,93.7,2211,6.1,813032,623168,665489,643396,676391,665926,664702,662139,664770,54.43,,,,,,,,147,7,Cutter,5,5,5,5,5,5,5,5,Standard,Standard,128,0,0,71.6,6.8,,0,,0,0,0.622,0.622,28,32,29,33,1,8,10,2,,1,2.07,0.08,-0.08,34.2,21.091147016404204,-19.555939996495898,41.16281815552328,23.8140354414951,36.49038489958358
SL,2025-10-27,87.5,-2.52,5.68,"Smith, Will",669257,656546,,ball,,,,,14,Ball,W,R,R,LAD,TOR,B,,,1,0,2025,0.25,0.45,1.1999031847430506,1.7657087393169797,,,,1,10,Bot,,,,,,,8.495151388461457,-127.33736615100628,-4.320318499390933,1.1985352417186506,22.81075523861512,-26.616028443724453,3.38955941249971,1.59000020427547,,,,88.4,2683,6.5,813032,672386,665489,643396,676391,665926,664702,662139,664770,53.96,,,,,,,,87,2,Slider,5,5,5,5,5,5,5,5,Strategic,Standard,201,0.011,0.071,,,,-0.071,,0,0,0.587,0.587,32,30,32,30,1,4,2,2,2,1,2.5,-0.25,-0.25,36.4,,,,,
FF,2025-10-27,92.4,1.69,6.01,"Smith, Will",669257,641778,,foul,,,,,2,Foul,W,R,L,LAD,TOR,S,,,2,2,2025,0.6,1.39,0.15852025735779018,2.891124300176803,,,,0,14,Bot,,,,,,,-5.17669929458472,-134.38017580330688,-5.098425920602987,8.421869326343941,29.985270384318014,-14.4919490811754,3.4,1.59,142,85.5,77,91.8,2299,6,813032,623168,665489,643396,676391,665926,664702,662139,664770,54.45,,,,,,,,121,6,4-Seam Fastball,5,5,5,5,5,5,5,5,Strategic,Standard,146,0,0,74.6,7.5,,0,88.0,0,0,0.63,0.63,30,30,30,30,1,6,3,2,,1,1.29,0.6,-0.6,45.6,18.017570804304277,4.877144757115021,26.71560615099346,41.53497156958635,29.399194653316847
SI,2025-10-27,98.7,-1.97,5.47,"Smith, Will",669257,622554,,foul,,,,,9,Foul,W,R,R,LAD,TOR,S,,,3,1,2025,-1.18,1.14,0.5265059201513629,1.6460194781068234,,,518692,2,7,Bot,,,,,,,9.550544562573771,-143.25419836337676,-7.561393779272045,-18.528656997084692,35.90788054494435,-14.814783536604873,3.4,1.59,,,,98.4,2310,6.5,813032,672386,665489,643396,676391,665926,664770,662139,680718,54.02,,,,,,,,64,5,Sinker,5,5,5,5,5,5,5,5,Standard,Standard,215,-0.009,-0.094,67.9,8.0,,0.094,,0,0,0.555,0.555,30,30,31,30,1,3,3,2,2,1,1.23,1.18,1.18,29.3,16.093913330862662,2.1272777257511115,29.928076703701944,43.186543758964426,29.364809233407144
FS,2025-10-27,85.6,-2,5.99,"Varsho, Daulton",662139,808963,single,hit_into_play,,,,,14,"Daulton Varsho singles on a line drive to second baseman Tommy Edman, deflected by first baseman Freddie Freeman. Isiah Kiner-Falefa out at 3rd, second baseman Tommy Edman to third baseman Max Muncy.",W,L,R,LAD,TOR,X,3,line_drive,3,2,2025,-0.22,-0.24,0.09183787186552822,1.1521703234366574,,,643396,1,9,Top,170.75,151.95,,,,,5.4767549010094925,-124.44815903023554,-4.6218097801162425,-3.463650345416047,28.44414876455722,-33.83253187391961,3.38,1.56,,,,86.6,526,7.3,813032,669257,518692,669242,571970,605141,571771,681624,606192,53.23,,,0.9,,1,0,,76,6,Split-Finger,5,5,5,5,5,5,5,5,Standard,Strategic,317,0.086,0.341,76.4,8.6,,-0.341,,0,0,0.488,0.512,23,28,24,29,1,4,10,2,4,1,3.39,0.22,-0.22,46.0,17.47925749707072,-16.038389907122465,39.22478348163772,34.79052181195225,36.68367153486294
CU,2025-10-27,82.4,-1.36,6,"Varsho, Daulton",662139,607192,walk,ball,,,,,13,Daulton Varsho walks.,W,L,R,LAD,TOR,B,,,3,2,2025,0.52,-1.3,-0.11861723494002085,0.7220967132468159,,,,1,2,Top,,,,,,,1.8519146426404738,-119.97387869191054,-2.9091087672453826,4.594178169659926,26.437391986296806,-44.1792251523147,3.33141703976686,1.55999906196289,,,,84.1,2850,7.7,813032,669257,518692,669242,571970,605141,571771,681624,606192,52.79,,0.691497,0.7,1,0,0,,9,8,Curveball,0,0,0,0,0,0,0,0,Strategic,Standard,17,-0.022,0.339,,,,-0.339,,0,0,0.519,0.481,31,28,32,29,1,0,11,2,4,1,4.69,-0.52,0.52,55.6,,,,,
FC,2025-10-27,92,-1.95,5.68,"Varsho, Daulton",662139,694361,,foul,,,,,2,Foul,W,L,R,LAD,TOR,S,,,0,0,2025,0.19,0.56,-0.08446925347436893,3.084142020960847,,,,0,16,Top,,,,,,,4.341384914779592,-133.92489206435158,-1.9812667540681803,1.3394673886336748,28.026452493855015,-25.222590227895136,3.38,1.56,171,66,55,92.4,2430,6.4,813032,669257,518692,500743,571970,605141,669743,669242,606192,54.06,,,,,,,,134,1,Cutter,5,5,5,5,5,5,5,5,Standard,Strategic,193,0.009,-0.039,71.0,6.6,,0.039,88.0,0,0,0.5,0.5,25,28,26,29,1,7,3,2,,1,2.13,-0.19,0.19,43.5,-1.413624546506018,23.31151510009586,25.577129258903092,35.14531278721275,17.597623028756477
FF,2025-10-27,95.8,-1.02,5.36,"Kirk, Alejandro",672386,686218,,ball,,,,,13,Ball,W,R,R,LAD,TOR,B,,,1,0,2025,-1.02,1.45,-0.17642288753369184,1.4415380635208574,,,,0,12,Top,,,,,,,4.570393104562658,-139.23155952946578,-8.042456790225755,-14.353175145734776,32.379854907864406,-11.72120507041027,3.22295503820804,1.59532477422034,,,,96.3,2542,6.8,813032,669257,518692,669242,571970,605141,571771,681624,606192,53.75,,,,,,,,99,2,4-Seam Fastball,5,5,5,5,5,5,5,5,Standard,Standard,212,-0.016,0.077,,,,-0.077,,0,0,0.492,0.508,25,26,26,27,1,5,3,2,5,1,1.05,1.02,1.02,32.2,,,,,
FF,2025-10-27,100.1,-1.83,5.74,"Clement, Ernie",676391,683618,,foul,,,,,9,Foul,W,R,R,LAD,TOR,S,,,1,2,2025,-0.49,1.37,0.7832182596912006,1.8650621526680748,,,,1,14,Top,,,,,,,8.407539320616735,-145.36407731321557,-8.586874371953405,-8.896369953471014,35.18498418936258,-10.803070804773288,3.33,1.54,119,83.7,8,100.5,2677,6.7,813032,669257,518692,500743,571970,605141,669743,669242,606192,53.79,,,,,,,,119,4,4-Seam Fastball,5,5,5,5,5,5,5,5,Standard,Standard,214,0,0,68.0,7.4,,0,88.0,0,0,0.572,0.42800000000000005,23,29,23,29,1,6,27,2,2,1,0.92,0.49,0.49,36.3,7.575029018164377,5.999125490835261,33.60936345674248,45.63870410410665,21.72456567622394
FF,2025-10-27,96.4,2.07,5.52,"France, Ty",664034,680736,,ball,,,,,11,Ball,W,R,L,LAD,TOR,B,,,0,1,2025,0.15,1.33,-0.4785298565565493,4.010185488223931,,,,0,7,Top,,,,,,,-7.021577089173045,-140.18441529144448,-1.422450250783972,3.647029540670538,33.317398435676324,-14.529266426422744,3.33244668750114,1.51999972235693,,,,94.9,2464,5.6,813032,669257,518692,669242,571970,605141,571771,681624,606192,54.92,,,,,,,,54,2,4-Seam Fastball,4,4,4,4,4,4,4,4,Standard,Standard,151,-0.004,0.031,,,,-0.031,,0,0,0.506,0.494,24,30,25,31,1,0,3,36,4,1,1.13,0.15,-0.15,36.3,,,,,
KC,2025-10-27,86.8,1.55,6.2,"Betts, Mookie",605141,663893,,foul,,,,,7,Foul,W,R,L,LAD,TOR,S,,,3,2,2025,-0.2,-0.84,-0.5058459727495996,1.6646989107412846,,669743,660271,2,17,Bot,,,,,,,-4.48779397327176,-126.30561268457205,-2.8850524355679967,-1.1126500794333436,27.712407051768288,-40.707824356399364,3.18,1.49,170,106.4,10,86.1,1983,6,813032,623168,665489,643396,676391,665926,664702,662139,664770,54.51,,,,,,,,147,6,Knuckle Curve,5,5,5,5,5,5,5,5,Standard,Standard,340,0,0,75.7,7.8,,0,106.4,0,0,0.622,0.622,28,32,29,33,1,8,10,2,,1,3.88,-0.2,0.2,39.9,16.536870404791788,-21.912499833892817,41.237732610304676,33.286803559682966,40.43128213357038
FF,2025-10-27,94.8,-3.11,5.69,"Hernández, Teoscar",606192,453286,,foul,,,,,5,Foul,W,R,R,LAD,TOR,S,,,1,1,2025,-1.01,1.2,-0.18479742592870485,2.8086122484871034,,,,1,2,Bot,,,,,,,9.883211098635105,-137.6999688521967,-4.504412377069931,-15.092734448935063,31.69003829542064,-16.099615105515408,3.41,1.58,188,88.8,60,94.4,2486,6.2,813032,672386,665489,666182,676391,665926,664770,662139,680718,54.27,,,,,,,,14,3,4-Seam Fastball,0,0,0,0,0,0,0,0,Standard,Standard,223,-0.004,-0.064,74.0,7.4,,0.064,88.8,0,0,0.527,0.527,40,32,41,33,1,0,11,2,5,1,1.35,1.01,1.01,33.8,8.950226667209643,0.30174753267462606,29.63570932405134,31.480683380051445,29.05007261208049
SL,2025-10-27,88.1,-2.45,5.71,"Smith, Will",669257,656546,,ball,,,,,14,Ball,W,R,R,LAD,TOR,B,,,0,0,2025,-0.4,0.65,1.1483778537806635,0.6696536592465949,,,,1,10,Bot,,,,,,,9.627590143987817,-127.85312964595126,-7.56411531956526,-6.175615526948147,23.46384723162703,-23.739033465312655,3.47482958101891,1.59000133524555,,,,88.9,2724,6.7,813032,672386,665489,643396,676391,665926,664702,662139,664770,53.78,,,,,,,,87,1,Slider,5,5,5,5,5,5,5,5,Strategic,Standard,221,0.005,0.039,,,,-0.039,,0,0,0.582,0.582,32,30,32,30,1,4,2,2,2,1,2.28,0.4,0.4,37.6,,,,,
SL,2025-10-27,82.3,1.91,6.05,"Smith, Will",669257,641778,,ball,,,,,14,Ball,W,R,L,LAD,TOR,B,,,1,2,2025,-0.4,0.11,0.19658916949523902,1.3662837673474706,,,,0,14,Bot,,,,,,,-3.0860218069447996,-119.83657040905648,-4.351383353497638,-3.3352997509599254,22.137584206043968,-30.46748732503851,3.40991491657002,1.59000027082178,,,,82.2,2244,6.1,813032,623168,665489,643396,676391,665926,664702,662139,664770,54.39,,,,,,,,121,5,Slider,5,5,5,5,5,5,5,5,Strategic,Standard,247,0.008,0.043,,,,-0.043,,0,0,0.622,0.622,30,30,30,30,1,6,3,2,,1,3.23,-0.4,0.4,38.5,,,,,
FF,2025-10-27,92.6,1.85,6.04,"Smith, Will",669257,641778,,foul,,,,,3,Foul,W,R,L,LAD,TOR,S,,,1,2,2025,0.84,1.33,0.36948427862978184,3.3642653874667277,,,,0,14,Bot,,,,,,,-5.571784950726464,-134.68162764666286,-3.881295484171507,11.416367022687332,30.319218592711078,-15.374465597561143,3.4,1.59,260,76.4,40,91.9,2354,6,813032,623168,665489,643396,676391,665926,664702,662139,664770,54.5,,,,,,,,121,4,4-Seam Fastball,5,5,5,5,5,5,5,5,Standard,Standard,141,0,0,66.4,6.4,,0,88.0,0,0,0.622,0.622,30,30,30,30,1,6,3,2,,1,1.34,0.84,-0.84,36.8,4.704720214440259,27.542289124988187,26.41733626587946,44.17449252164443,13.572132420503447
ST,2025-10-27,85.9,-2.04,5.57,"Smith, Will",669257,622554,,ball,,,,,13,Ball,W,R,R,LAD,TOR,B,,,2,1,2025,0.78,0.32,-1.0978853748922686,1.7026597815260054,,,518692,2,7,Bot,,,,,,,0.6374103697039005,-124.93820411168426,-3.3994311726186286,7.868386495808032,31.08604499468575,-28.32641060812173,3.36431344610131,1.59000026670606,,,,85.4,2587,6.6,813032,672386,665489,643396,676391,665926,664770,662139,680718,53.94,,,,,,,,64,4,Sweeper,5,5,5,5,5,5,5,5,Standard,Standard,96,0.01,0.079,,,,-0.079,,0,0,0.545,0.545,30,30,31,30,1,3,3,2,2,1,2.84,-0.78,-0.78,36.7,,,,,
FS,2025-10-27,85.1,-2.08,6.12,"Varsho, Daulton",662139,808963,,ball,,,,,11,Ball,W,L,R,LAD,TOR,B,,,2,2,2025,-0.74,0.18,-2.234199041281239,3.295529085630983,,,643396,1,9,Top,,,,,,,1.1665953020855402,-123.94564827093721,-0.6199828083661283,-7.8681208602198485,27.00682889918852,-30.408810418483668,3.39955054183686,1.56000105013546,,,,86.2,628,7.2,813032,669257,518692,669242,571970,605141,571771,681624,606192,53.32,,,,,,,,76,5,Split-Finger,5,5,5,5,5,5,5,5,Standard,Strategic,292,-0.023,0.098,,,,-0.098,,0,0,0.511,0.489,23,28,24,29,1,4,10,2,4,1,2.98,0.74,-0.74,47.9,,,,,
FF,2025-10-27,97,-1.72,5.86,"Varsho, Daulton",662139,607192,,foul,,,,,5,Foul,W,L,R,LAD,TOR,S,,,3,2,2025,-0.05,1.29,-0.1851220527958312,2.7250053748162695,,,,1,2,Top,,,,,,,4.329595451410801,-141.17508538208264,-5.974200714010378,-1.593545379066,29.188586228976973,-13.784661986930534,3.38,1.56,191,74.7,64,99.8,2418,7.6,813032,669257,518692,669242,571970,605141,571771,681624,606192,52.88,,,,,,,,9,7,4-Seam Fastball,0,0,0,0,0,0,0,0,Strategic,Standard,194,0,0,73.9,7.8,,0,88.0,0,0,0.519,0.481,31,28,32,29,1,0,11,2,4,1,1.12,0.05,-0.05,52.4,6.933149676041066,6.094618609577045,28.30188340821934,37.10340507952288,19.561822873405504
FF,2025-10-27,97.8,-1.54,5.63,"Kiner-Falefa, Isiah",643396,694361,strikeout,called_strike,,,,,9,Isiah Kiner-Falefa called out on strikes.,W,R,R,LAD,TOR,S,2,,2,2,2025,-0.75,1.49,0.34411337225788396,1.6650058838228299,,,665489,2,15,Top,,,,,,,6.865135917454541,-141.95874551112112,-8.623745020181849,-11.7624525697963,35.73633547607451,-10.175342518528671,3.18115622032943,1.47000071766449,,,,98.2,2153,6.9,813032,669257,518692,500743,571970,605141,669743,669242,606192,53.64,,0,0,1,0,0,,129,6,4-Seam Fastball,5,5,5,5,5,5,5,5,Standard,Strategic,215,0.055,-0.216,,,,0.216,,0,0,0.584,0.41600000000000004,25,30,26,30,1,3,3,2,,1,0.92,0.75,0.75,45.1,,,,,
SL,2025-10-27,88.9,-1.16,5.2,"Kirk, Alejandro",672386,686218,,ball,,,,,12,Ball,W,R,R,LAD,TOR,B,,,0,0,2025,0.27,0.51,0.4386128140278033,3.5736426031044144,,,,0,12,Top,,,,,,,3.3894419313235833,-129.52744581484333,0.9837868781783878,2.3142526178117317,26.792496916819836,-26.810944778278095,3.19813085203644,1.48999980107513,,,,89.5,2385,6.6,813032,669257,518692,669242,571970,605141,571771,681624,606192,53.94,,,,,,,,99,1,Slider,5,5,5,5,5,5,5,5,Standard,Standard,198,-0.008,0.041,,,,-0.041,,0,0,0.5,0.5,25,26,26,27,1,5,3,2,5,1,2.36,-0.27,-0.27,30.5,,,,,
FF,2025-10-27,100.8,-1.9,5.76,"Clement, Ernie",676391,683618,,ball,,,,,14,Ball,W,R,R,LAD,TOR,B,,,0,2,2025,-0.5,1.32,0.8491029565726563,2.41083252760653,,,,1,14,Top,,,,,,,8.893376456582834,-146.439410706019,-7.149187469565662,-9.31559035983746,34.36230643765972,-11.58752163693956,3.35581325902765,1.53999884402093,,,,101.5,2688,6.7,813032,669257,518692,500743,571970,605141,669743,669242,606192,53.77,,,,,,,,119,3,4-Seam Fastball,5,5,5,5,5,5,5,5,Standard,Standard,216,-0.005,0.017,,,,-0.017,,0,0,0.577,0.42300000000000004,23,29,23,29,1,6,27,2,2,1,0.93,0.5,0.5,36.7,,,,,
FF,2025-10-27,100.3,-2.81,5.44,"Hernández, Enrique",571771,686973,single,hit_into_play,,,,,8,"Dodgers challenged (tag play), call on the field was upheld: Enrique Hernández singles on a ground ball to shortstop Andrés Giménez. Teoscar Hernández out at 3rd, shortstop Andrés Giménez to first baseman Vladimir Guerrero Jr. to third baseman Ernie Clement.",W,R,R,LAD,TOR,X,6,ground_ball,1,2,2025,-0.6,1.33,0.12917836496525326,1.6139520422989682,,,606192,2,6,Bot,103.51,157.29,,,,,9.64953532747822,-145.4592050397663,-8.399571547254162,-10.937869951985414,36.76281709167325,-11.418178644335972,3.43,1.67,14,96.6,-6,101,2344,7,813032,672386,665489,666182,676391,665926,664770,662139,680718,53.45,0.278,0.253,0.9,1,1,0,2,53,4,4-Seam Fastball,4,4,4,4,4,4,4,4,Standard,Standard,208,-0.024,0.434,75.0,7.8,0.318,-0.434,96.6,0,0,0.524,0.524,27,33,28,34,1,2,2,2,1,1,0.97,0.6,0.6,45.6,14.3014675117469,-4.976623183714844,33.58127520184945,39.78243956423007,33.84213824200583
SL,2025-10-27,85.7,-3.42,5.42,"Hernández, Teoscar",606192,453286,,swinging_strike,,,,,8,Swinging Strike,W,R,R,LAD,TOR,S,,,1,0,2025,0.23,0.31,0.03189970798542413,1.582455970466468,,,,1,2,Bot,,,,,,,7.674808032756375,-124.6489882574619,-3.497983445955596,1.085385833839594,22.05926673430074,-28.477283136154586,3.41,1.58,,,,86.1,2522,6.3,813032,672386,665489,666182,676391,665926,664770,662139,680718,54.2,,,,,,,,14,2,Slider,0,0,0,0,0,0,0,0,Standard,Standard,186,-0.004,-0.049,79.7,8.6,,0.049,,0,0,0.531,0.531,40,32,41,33,1,0,11,2,5,1,2.77,-0.23,-0.23,28.7,26.796250270004975,-27.036173594443834,39.50787087372373,33.66245215433511,47.59939779505089
SI,2025-10-27,95.6,2.2,5.43,"Springer, George",543807,680736,,foul,,,,,8,Foul,W,R,L,LAD,TOR,S,,,0,0,2025,1.02,0.93,0.1765315336181016,2.218176195199843,,,,0,7,Top,,,,,,,-7.542969766871793,-139.04118831231722,-4.896980691451881,14.860674349613994,31.075358654170643,-19.22579470197019,3.54,1.63,232,79.8,52,94.6,2252,5.7,813032,669257,518692,669242,571970,605141,571771,681624,606192,54.78,,,,,,,,54,1,Sinker,4,4,4,4,4,4,4,4,Standard,Standard,146,0.006,-0.039,74.2,7.0,,0.039,88.0,0,0,0.5,0.5,24,35,25,36,1,0,3,2,4,4,1.57,1.02,-1.02,39.5,0.13555173268181223,10.483397250146613,38.90066141208521,36.781205073415535,13.868540642210549
KC,2025-10-27,87.1,1.71,6.34,"Betts, Mookie",605141,663893,,blocked_ball,,,,,14,Ball In Dirt,W,R,L,LAD,TOR,B,,,2,2,2025,-0.23,-0.95,0.9565934388779044,0.559354112534939,,669743,660271,2,17,Bot,,,,,,,-1.320190999750362,-126.73465874484992,-5.635800474999107,-2.153042304944411,30.05905120433438,-41.159018552080866,3.2010641631281,1.49000054660172,,,,85.7,2038,5.8,813032,623168,665489,643396,676391,665926,664702,662139,664770,54.71,,,,,,,,147,5,Knuckle Curve,5,5,5,5,5,5,5,5,Standard,Standard,343,0.025,0.079,,,,-0.079,,0,0,0.597,0.597,28,32,29,33,1,8,10,2,,1,3.99,-0.23,0.23,47.7,,,,,
FS,2025-10-27,89.2,-2.54,5.53,"Freeman, Freddie",518692,656546,field_out,hit_into_play,,,,,7,Freddie Freeman pops out to third baseman Ernie Clement in foul territory.,W,L,R,LAD,TOR,X,5,popup,3,2,2025,-1.37,0.18,-0.2988442274720571,2.068800840883586,,,,0,10,Bot,83.75,179.98,,,,,8.469302611289917,-129.68477025608897,-2.8793224034671976,-17.233900405920963,27.55071744257494,-29.709206876770036,3.69,1.79,116,81.7,74,89.8,1488,6.7,813032,672386,665489,643396,676391,665926,664702,662139,664770,53.76,0.005,0.005,0,1,0,0,3,86,6,Split-Finger,5,5,5,5,5,5,5,5,Infield shade,Standard,241,-0.068,-0.345,72.2,7.6,0.006,0.345,88.0,0,0,0.65,0.65,32,35,32,36,1,4,2,2,2,1,2.69,1.37,-1.37,33.4,18.649575932101857,-13.77124527659309,40.580424948220305,43.26751906707297,38.33828564355343
FF,2025-10-27,97.6,-1.97,5.57,"Smith, Will",669257,622554,,ball,,,,,14,Ball,W,R,R,LAD,TOR,B,,,1,1,2025,-0.24,1.35,1.429789768152125,1.9616414772269986,,,518692,2,7,Bot,,,,,,,9.692700246057875,-141.66731032685817,-7.262076606014511,-5.52949988259743,32.94127207174548,-12.517520662864946,3.41356496621504,1.58999873036882,,,,97.4,2498,6.4,813032,672386,665489,643396,676391,665926,664770,662139,680718,54.15,,,,,,,,64,3,4-Seam Fastball,5,5,5,5,5,5,5,5,Standard,Standard,214,0.006,0.054,,,,-0.054,,0,0,0.539,0.539,30,30,31,30,1,3,3,2,2,1,1.06,0.24,0.24,31.3,,,,,
SI,2025-10-27,97.7,-1.6,5.77,"Varsho, Daulton",662139,607192,,foul,,,,,1,Foul,W,L,R,LAD,TOR,S,,,3,2,2025,-0.83,1.31,-0.28546067484930415,3.401918299784015,,,,1,2,Top,,,,,,,5.629435947519635,-142.2621305648107,-4.019054157161958,-12.588682356183716,31.455144865546018,-13.627522634823366,3.38,1.56,273,82,52,100.5,2375,7.7,813032,669257,518692,669242,571970,605141,571771,681624,606192,52.77,,,,,,,,9,6,Sinker,0,0,0,0,0,0,0,0,Strategic,Standard,193,0,0,75.2,7.5,,0,88.0,0,0,0.519,0.481,31,28,32,29,1,0,11,2,4,1,1.07,0.83,-0.83,52.9,10.091789877252168,-4.276177978985363,17.22426274641073,38.419517236780976,27.72521305528233
CU,2025-10-27,84.8,-1.58,5.7,"Kiner-Falefa, Isiah",643396,694361,,blocked_ball,,,,,14,Ball In Dirt,W,R,R,LAD,TOR,B,,,1,2,2025,0.93,-1.06,0.4151431903464199,0.8143967129354901,,,665489,2,15,Top,,,,,,,2.792689988868803,-123.34399700530369,-2.8163765446965705,8.736798879580576,29.34855495332362,-42.46723222285608,3.10619208299641,1.33695996284167,,,,83.8,2600,6.1,813032,669257,518692,500743,571970,605141,669743,669242,606192,54.37,,,,,,,,129,5,Curveball,5,5,5,5,5,5,5,5,Standard,Strategic,22,-0.009,0.033,,,,-0.033,,0,0,0.593,0.40700000000000003,25,30,26,30,1,3,3,2,,1,4.29,-0.93,-0.93,51.0,,,,,
FF,2025-10-27,97.2,-0.79,5.52,"Varsho, Daulton",662139,686218,strikeout,swinging_strike,,,,,2,Daulton Varsho strikes out swinging.,W,L,R,LAD,TOR,S,2,,1,2,2025,-0.82,1.53,-0.09778159114784712,3.353836306319038,,,,2,11,Top,,,,,,,3.783196032720541,-141.44468316248145,-3.802569641249563,-11.844603966128401,34.59681605637992,-10.989749298289933,3.38,1.56,,,,97.9,2523,6.8,813032,669257,518692,669242,571970,605141,571771,681624,606192,53.68,,0,0,1,0,0,,93,4,4-Seam Fastball,5,5,5,5,5,5,5,5,Standard,Strategic,211,0.024,-0.182,77.1,7.6,,0.182,,0,0,0.615,0.385,25,28,26,29,1,5,3,2,5,1,0.89,0.82,-0.82,39.0,11.558501321285013,5.09186548336036,21.80387515582916,36.550206737746684,21.32710592048284
FF,2025-10-27,99.7,-2.08,5.7,"Clement, Ernie",676391,683618,,foul,,,,,1,Foul,W,R,R,LAD,TOR,S,,,0,1,2025,-0.4,1.22,-0.6114788101301654,2.844926372334304,,,,1,14,Top,,,,,,,5.0117097228472085,-145.02648334543323,-5.334457130451019,-6.916951479402839,35.77940295788302,-13.853299165663826,3.33,1.54,202,73.7,54,100,2525,6.6,813032,669257,518692,500743,571970,605141,669743,669242,606192,53.9,,,,,,,,119,2,4-Seam Fastball,5,5,5,5,5,5,5,5,Standard,Standard,215,0.012,-0.052,66.6,6.1,,0.052,88.0,0,0,0.565,0.43500000000000005,23,29,23,29,1,6,27,2,2,1,1.08,0.4,0.4,33.6,2.140760413509998,2.073409623310133,33.0111458805388,30.417876637701383,25.336424848711072
FF,2025-10-27,94.4,-2.97,5.71,"Hernández, Teoscar",606192,453286,,ball,,,,,14,Ball,W,R,R,LAD,TOR,B,,,0,0,2025,-1.11,1.21,0.7034057274180103,1.4451430299996166,,,,1,2,Bot,,,,,,,11.985714921770859,-136.67606155415623,-8.023652878395216,-16.604944264539807,32.06388789367996,-15.224291095770635,3.62370517612024,1.69970988596166,,,,93.8,2408,6.3,813032,672386,665489,666182,676391,665926,664770,662139,680718,54.15,,,,,,,,14,1,4-Seam Fastball,0,0,0,0,0,0,0,0,Standard,Standard,221,0.003,0.039,,,,-0.039,,0,0,0.528,0.528,40,32,41,33,1,0,11,2,5,1,1.38,1.11,1.11,35.9,,,,,
SL,2025-10-27,89.3,0.41,6.73,"Smith, Will",669257,680755,strikeout,swinging_strike,,,,,14,Will Smith strikes out swinging.,W,R,R,LAD,TOR,S,2,,1,2,2025,0.06,0.25,1.0374087489885093,2.3362958721170592,,,,0,12,Bot,,,,,,,1.405410912688773,-130.0827035989465,-5.305605887274869,0.4139129914432316,25.93550769636972,-28.497203532660475,3.4,1.59,,,,88.3,2504,5.5,813032,623168,665489,643396,676391,665926,664702,662139,664770,54.99,,0,0,1,0,0,,105,4,Slider,5,5,5,5,5,5,5,5,Standard,Standard,196,-0.04,-0.189,57.9,7.6,,0.189,,0,0,0.622,0.622,24,30,25,30,1,5,2,2,,1,2.59,-0.06,-0.06,47.0,12.185668718689042,11.8650340812228,30.486898312531718,49.50360673479287,22.525457690782552
SI,2025-10-27,95.8,2.16,5.49,"Giménez, Andrés",665926,680736,field_out,hit_into_play,,,,,2,"Andrés Giménez grounds out, shortstop Mookie Betts to first baseman Freddie Freeman.",W,L,L,LAD,TOR,X,6,ground_ball,1,0,2025,1.16,0.84,-0.015625809137004287,2.7147470617642293,,,680718,2,6,Top,137.82,143.47,,,,,-8.225104118875715,-139.2299691013375,-3.5487908798881196,16.969066456108152,32.08591001342191,-20.676941169433732,3.25,1.5,16,80.4,-8,94.3,2175,5.5,813032,669257,518692,669242,571970,605141,571771,681624,606192,54.97,0.103,0.098,0,1,0,0,2,49,2,Sinker,4,4,4,4,4,4,4,4,Standard,Standard,145,0.039,-0.306,70.0,6.7,0.127,0.306,88.0,0,0,0.537,0.46299999999999997,24,26,25,27,1,2,3,2,4,1,1.66,1.16,1.16,37.3,0.7278069382010292,18.034621634918828,30.015248022938607,37.79562558201674,21.93165642434329
FC,2025-10-27,93.6,1.87,6.22,"Betts, Mookie",605141,663893,,foul,,,,,11,Foul,W,R,L,LAD,TOR,S,,,2,1,2025,-0.02,0.41,-1.0057456813803864,2.635703683345586,,669743,660271,2,17,Bot,,,,,,,-7.271213927071726,-136.2233321798687,-4.40481296315813,1.2149877738189803,27.770410990414995,-26.36471457067752,3.18,1.49,5,87.6,-30,92.6,2246,5.5,813032,623168,665489,643396,676391,665926,664702,662139,664770,54.99,,,,,,,,147,4,Cutter,5,5,5,5,5,5,5,5,Standard,Standard,122,-0.022,-0.08,68.0,6.8,,0.08,88.0,0,0,0.619,0.619,28,32,29,33,1,8,10,2,,1,2.18,-0.02,0.02,32.7,19.457611837441764,-13.755178050728821,34.24416140427112,26.90826269885395,35.599057782671395
KC,2025-10-27,87.5,-2.99,5.59,"Hernández, Enrique",571771,686973,,swinging_strike,,,,,8,Swinging Strike,W,R,R,LAD,TOR,S,,,1,1,2025,0.38,-0.74,0.21508371221086625,1.5576600528776607,,,606192,2,6,Bot,,,,,,,7.007139073675753,-127.21184760873038,-2.0148802703080086,2.6014181553622073,27.19801210697449,-39.99705632265039,3.43,1.67,,,,88.1,2603,6.8,813032,672386,665489,666182,676391,665926,664770,662139,680718,53.69,,,,,,,,53,3,Knuckle Curve,4,4,4,4,4,4,4,4,Standard,Standard,35,-0.009,-0.073,72.0,8.2,,0.073,,0,0,0.533,0.533,27,33,28,34,1,2,2,2,1,1,3.74,-0.38,-0.38,41.8,19.087324289244673,-22.91940110404631,28.287617783953646,39.81566221773658,45.834005996598805
FF,2025-10-27,95.8,-2.76,5.6,"Freeman, Freddie",518692,656546,,ball,,,,,11,Ball,W,L,R,LAD,TOR,B,,,2,2,2025,-1.19,1.47,-1.5875743252846501,3.8019555590446776,,,,0,10,Bot,,,,,,,5.8128780416664325,-139.27755862270098,-2.402401039992938,-16.83737223468242,34.01905378923965,-12.800484469051634,3.69536667617541,1.7900001751742,,,,95.8,2559,6.5,813032,672386,665489,643396,676391,665926,664702,662139,664770,53.95,,,,,,,,86,5,4-Seam Fastball,5,5,5,5,5,5,5,5,Infield shade,Standard,227,0.02,0.112,,,,-0.112,,0,0,0.63,0.63,32,35,32,36,1,4,2,2,2,1,1.04,1.19,-1.19,30.6,,,,,
FF,2025-10-27,98.4,-2.17,6.09,"Varsho, Daulton",662139,808963,,foul,,,,,1,Foul,W,L,R,LAD,TOR,S,,,2,1,2025,-0.48,1.36,-0.3931604273710634,2.9272760508297084,,,643396,1,9,Top,,,,,,,6.033844633491813,-142.9893945575832,-6.291422941566121,-8.041169200547959,37.57756508386716,-12.274829709270952,3.38,1.56,200,76.7,59,99.3,2129,7.2,813032,669257,518692,669242,571970,605141,571771,681624,606192,53.29,,,,,,,,76,4,4-Seam Fastball,5,5,5,5,5,5,5,5,Standard,Strategic,223,0.019,-0.075,75.4,7.3,,0.075,88.0,0,0,0.492,0.508,23,28,24,29,1,4,10,2,4,1,1.03,0.48,-0.48,44.8,4.69328627586209,17.338593584841053,23.873072833766912,39.44664959242042,19.0412427427661
FF,2025-10-27,92.5,1.99,5.92,"Smith, Will",669257,641778,,foul,,,,,2,Foul,W,R,L,LAD,TOR,S,,,1,1,2025,0.73,1.2,0.2719962516945401,3.2565961247216717,,,,0,14,Bot,,,,,,,-5.962460845666008,-134.5216982822729,-3.5289222309677886,10.221163140763403,31.571907376990907,-17.093978862009468,3.4,1.59,251,74,41,91.9,2293,6.2,813032,623168,665489,643396,676391,665926,664702,662139,664770,54.34,,,,,,,,121,3,4-Seam Fastball,5,5,5,5,5,5,5,5,Strategic,Standard,139,-0.014,-0.061,70.7,6.8,,0.061,88.0,0,0,0.636,0.636,30,30,30,30,1,6,3,2,,1,1.49,0.73,-0.73,35.1,9.359085382048157,20.24835942277631,26.475696340104353,41.54136761240623,19.155693884081437
FF,2025-10-27,96.8,-2.02,5.56,"Smith, Will",669257,622554,,foul,,,,,4,Foul,W,R,R,LAD,TOR,S,,,1,0,2025,-0.61,1.44,-0.44473060266850595,2.6907918964540034,,,518692,2,7,Bot,,,,,,,5.636357633872018,-140.80777869126123,-5.4241423086515805,-9.45439311022697,31.756491213098116,-11.929444811399671,3.4,1.59,166,78.3,22,97.2,2411,6.5,813032,672386,665489,643396,676391,665926,664770,662139,680718,53.98,,,,,,,,64,2,4-Seam Fastball,5,5,5,5,5,5,5,5,Standard,Standard,206,-0.006,-0.05,73.1,7.6,,0.05,88.0,0,0,0.545,0.545,30,30,31,30,1,3,3,2,2,1,0.99,0.61,0.61,32.9,15.539151064487815,-9.937841590622979,35.15541040363699,31.439044300729797,33.54098747361975
SI,2025-10-27,95.9,-1.65,5.85,"Varsho, Daulton",662139,607192,,called_strike,,,,,12,Called Strike,W,L,R,LAD,TOR,S,,,3,1,2025,-1.02,1.27,0.28980731159404216,3.6980959579207524,,,666182,0,2,Top,,,,,,,7.657023966422396,-139.5638109602744,-3.035588529684424,-15.054414079887573,30.14555693335071,-15.112779473014493,3.45770466086214,1.52239678077652,,,,98.6,2315,7.7,813032,669257,518692,669242,571970,605141,571771,681624,606192,52.77,,,,,,,,9,5,Sinker,0,0,0,0,0,0,0,0,Standard,Standard,195,0.014,-0.081,,,,0.081,,0,0,0.439,0.5609999999999999,31,28,32,29,1,0,11,2,4,1,1.2,1.02,-1.02,55.5,,,,,
FS,2025-10-27,86.7,-1.96,6.08,"Varsho, Daulton",662139,808963,,blocked_ball,,,,,14,Ball In Dirt,W,L,R,LAD,TOR,B,,,1,1,2025,-0.27,-0.1,0.3255147787097443,-0.42265932009214735,,,643396,1,9,Top,,,,,,,6.1145532011425034,-125.90146911691113,-9.233386438773515,-4.170855199914967,27.235719875004957,-31.39643956256254,3.40767719620071,1.56000047419644,,,,88,659,7.3,813032,669257,518692,669242,571970,605141,571771,681624,606192,53.16,,,,,,,,76,3,Split-Finger,5,5,5,5,5,5,5,5,Standard,Strategic,275,-0.012,0.063,,,,-0.063,,0,0,0.504,0.496,23,28,24,29,1,4,10,2,4,1,3.16,0.27,-0.27,47.5,,,,,
FF,2025-10-27,98.6,-1.72,5.63,"Kiner-Falefa, Isiah",643396,694361,,foul,,,,,11,Foul,W,R,R,LAD,TOR,S,,,1,2,2025,-0.73,1.34,-0.0811689993461725,3.3515099230310357,,,665489,2,15,Top,,,,,,,6.191675308515498,-143.47128783745086,-3.862588638279097,-11.585317619545476,34.19508151209978,-12.968909653511467,3.23,1.47,262,80.7,29,99.1,2266,6.7,813032,669257,518692,500743,571970,605141,669743,669242,606192,53.85,,,,,,,,129,4,4-Seam Fastball,5,5,5,5,5,5,5,5,Standard,Strategic,215,0,0,56.5,5.1,,0,88.0,0,0,0.593,0.40700000000000003,25,30,26,30,1,3,3,2,,1,1.01,0.73,0.73,43.8,-14.973687927300857,33.50378355684228,31.751054100816468,35.55262593793172,10.825946757469834
FF,2025-10-27,100,-2.88,5.52,"Hernández, Enrique",571771,686973,,ball,,,,,12,Ball,W,R,R,LAD,TOR,B,,,0,1,2025,-0.53,1.53,1.397490629546096,2.851576199646812,,,606192,2,6,Bot,,,,,,,13.191118726373853,-144.88700500977055,-5.574705458594548,-10.665065100076355,36.09228061306673,-9.485196989329216,3.37820693118197,1.66999868094359,,,,100.9,2435,7.1,813032,672386,665489,666182,676391,665926,664770,662139,680718,53.35,,,,,,,,53,2,4-Seam Fastball,4,4,4,4,4,4,4,4,Standard,Standard,211,0.003,0.027,,,,-0.027,,0,0,0.53,0.53,27,33,28,34,1,2,2,2,1,1,0.78,0.53,0.53,45.4,,,,,
SL,2025-10-27,87.5,-1.16,5.15,"Varsho, Daulton",662139,686218,,called_strike,,,,,12,Called Strike,W,L,R,LAD,TOR,S,,,1,1,2025,0.35,0.29,0.7069061627217323,3.5744898044825137,,,,2,11,Top,,,,,,,3.82097754353185,-127.42159681943019,1.7576589053829996,2.98276426582079,26.33036066775756,-29.635888755006455,3.45052799831971,1.55999794293652,,,,88,2359,6.6,813032,669257,518692,669242,571970,605141,571771,681624,606192,53.95,,,,,,,,93,3,Slider,5,5,5,5,5,5,5,5,Strategic,Strategic,173,0.008,-0.062,,,,0.062,,0,0,0.607,0.393,25,28,26,29,1,5,3,2,5,1,2.69,-0.35,0.35,29.3,,,,,
CU,2025-10-27,82.3,-1.8,5.92,"Clement, Ernie",676391,683618,,foul,,,,,9,Foul,W,R,R,LAD,TOR,S,,,0,0,2025,1.18,-0.51,0.44428138425414454,1.9719827920710253,,,,1,14,Top,,,,,,,2.8271587403628415,-119.8649684506215,-1.3834015345980026,10.656180251334813,25.457461902856984,-37.03851606093151,3.33,1.54,3,62.4,-36,82.5,2623,6.6,813032,669257,518692,500743,571970,605141,669743,669242,606192,53.89,,,,,,,,119,1,Curveball,5,5,5,5,5,5,5,5,Standard,Standard,42,0.007,-0.039,67.0,7.9,,0.039,88.0,0,0,0.558,0.44199999999999995,23,29,23,29,1,6,27,2,2,1,3.9,-1.18,-1.18,43.5,25.48739787730214,-15.454304563847806,34.11104009828047,40.583817932504864,41.63828752747476
SL,2025-10-27,89.9,0.4,6.69,"Smith, Will",669257,680755,,ball,,,,,14,Ball,W,R,R,LAD,TOR,B,,,0,2,2025,0.05,0.44,1.3102998636990935,1.7297116858752053,,,,0,12,Bot,,,,,,,2.1152609011667116,-130.91222156212729,-7.202924388232952,0.1854879075415993,25.68965350908702,-25.85666394372488,3.34653288759927,1.58999933642891,,,,88.9,2418,5.5,813032,623168,665489,643396,676391,665926,664702,662139,664770,55.05,,,,,,,,105,3,Slider,5,5,5,5,5,5,5,5,Standard,Standard,206,0.006,0.024,,,,-0.024,,0,0,0.616,0.616,24,30,25,30,1,5,2,2,,1,2.36,-0.05,-0.05,48.0,,,,,
SL,2025-10-27,87.9,2.42,5.39,"Giménez, Andrés",665926,680736,,ball,,,,,13,Ball,W,L,L,LAD,TOR,B,,,0,0,2025,-0.41,0.08,-1.1900690945912396,2.3696352654742703,,,680718,2,6,Top,,,,,,,-7.78541970159844,-127.76596501364348,-1.3219054512073178,-2.7126794598318362,28.31396511067589,-31.23028460628824,3.35876429631265,1.49999960203191,,,,86.5,2408,5.6,813032,669257,518692,669242,571970,605141,571771,681624,606192,54.89,,,,,,,,49,1,Slider,4,4,4,4,4,4,4,4,Standard,Standard,244,-0.003,0.035,,,,-0.035,,0,0,0.54,0.45999999999999996,24,26,25,27,1,2,3,2,4,1,2.89,-0.41,-0.41,34.8,,,,,
SI,2025-10-27,92.1,2.18,6.02,"Betts, Mookie",605141,663893,,swinging_strike_blocked,,,,,14,Swinging Strike (Blocked),W,R,L,LAD,TOR,S,,,2,0,2025,1.36,-0.38,0.324123544826979,0.7224253445551789,,669743,660271,2,17,Bot,,,,,,,-7.579992365285383,-133.72865038770715,-6.605707005734137,18.065378575404416,34.06054791375767,-35.164598721735835,3.18,1.49,,,,90.4,2020,5.8,813032,623168,665489,643396,676391,665926,664702,662139,664770,54.7,,,,,,,,147,3,Sinker,5,5,5,5,5,5,5,5,Standard,Standard,110,-0.01,-0.052,73.9,8.4,,0.052,,0,0,0.629,0.629,28,32,29,33,1,8,10,2,,1,3.12,1.36,-1.36,28.2,24.683099285810005,-29.52516456219877,39.91532420902265,42.39252969284615,51.69361623735736
FF,2025-10-27,94.1,-3.09,5.7,"Muncy, Max",571970,453286,field_out,hit_into_play,,,,,1,Max Muncy flies out to right fielder Addison Barger.,W,L,R,LAD,TOR,X,9,fly_ball,0,0,2025,-1.08,1.3,-0.5479074948834806,2.615509953947918,,,,0,2,Bot,171.32,113.31,,,,,8.939904563867195,-136.5714625233159,-5.070980702355982,-15.53488386976105,32.329588484528855,-15.012468572958623,3.1,1.52,242,85.8,50,93.3,2505,6.1,813032,672386,665489,666182,676391,665926,664770,662139,680718,54.36,0.013,0.014,0,1,0,0,3,13,1,4-Seam Fastball,0,0,0,0,0,0,0,0,Infield shade,Standard,222,-0.023,-0.259,68.8,7.4,0.02,0.259,88.0,0,0,0.551,0.551,40,34,41,35,1,0,11,2,5,1,1.31,1.08,-1.08,33.3,25.299859083019133,-17.192756271486118,34.28318604671446,42.67327125076183,44.52447391996121
FF,2025-10-27,95.4,-2.47,5.65,"Freeman, Freddie",518692,656546,,swinging_strike,,,,,2,Swinging Strike,W,L,R,LAD,TOR,S,,,2,1,2025,-1.14,1.56,0.19509782784778174,3.159931253830152,,,,0,10,Bot,,,,,,,9.657005797434225,-138.58746508690894,-4.397925277591899,-16.963484606437568,32.49143031225926,-11.329565202035841,3.69,1.79,,,,95.7,2560,6.7,813032,672386,665489,643396,676391,665926,664702,662139,664770,53.81,,,,,,,,86,4,4-Seam Fastball,5,5,5,5,5,5,5,5,Infield shade,Standard,222,-0.016,-0.073,69.6,5.7,,0.073,,0,0,0.646,0.646,32,35,32,36,1,4,2,2,2,1,0.97,1.14,-1.14,34.3,-2.9833074950426215,18.547800929666227,45.09237095651739,37.13404196497393,14.854403864917986
CU,2025-10-27,74.9,1.91,6.13,"Smith, Will",669257,641778,,called_strike,,,,,5,Called Strike,W,R,L,LAD,TOR,S,,,1,0,2025,-0.67,-0.93,0.017248710713561155,2.2259993882522275,,,,0,14,Bot,,,,,,,-2.699385240003791,-108.98698347582184,0.7957780425373708,-4.799168246693903,20.583203344730855,-39.92949967489531,3.38403543064874,1.58999905628508,,,,74.2,2381,5.9,813032,623168,665489,643396,676391,665926,664702,662139,664770,54.57,,,,,,,,121,2,Curveball,5,5,5,5,5,5,5,5,Strategic,Standard,318,-0.01,-0.05,,,,0.05,,0,0,0.646,0.646,30,30,30,30,1,6,3,2,,1,5.02,-0.67,0.67,35.3,,,,,
FF,2025-10-27,96.7,-2.22,5.58,"Smith, Will",669257,622554,,ball,,,,,11,Ball,W,R,R,LAD,TOR,B,,,0,0,2025,-0.53,1.24,-0.11162443467630834,3.91647621133983,,,518692,2,7,Bot,,,,,,,6.829182135079112,-140.64681242929385,-1.6861902773113338,-8.631625891628271,32.10514865607477,-15.59282349551007,3.45498194336978,1.59000079209936,,,,96.7,2405,6.3,813032,672386,665489,643396,676391,665926,664770,662139,680718,54.17,,,,,,,,64,1,4-Seam Fastball,5,5,5,5,5,5,5,5,Standard,Standard,208,0.004,0.035,,,,-0.035,,0,0,0.541,0.541,30,30,31,30,1,3,3,2,2,1,1.2,0.53,0.53,27.4,,,,,
FF,2025-10-27,97.4,-1.49,5.64,"Kiner-Falefa, Isiah",643396,694361,,foul,,,,,4,Foul,W,R,R,LAD,TOR,S,,,1,1,2025,-1.04,1.35,-0.6063223636671228,2.629451159773377,,,665489,2,15,Top,,,,,,,4.8069281892564995,-141.6229798363839,-5.687333054005835,-15.085503209267776,33.79335882389168,-12.960192995762945,3.23,1.47,158,60.8,52,98.1,2187,6.8,813032,669257,518692,500743,571970,605141,669743,669242,606192,53.7,,,,,,,,129,3,4-Seam Fastball,5,5,5,5,5,5,5,5,Standard,Strategic,217,0.016,-0.073,63.2,6.6,,0.073,88.0,0,0,0.577,0.42300000000000004,25,30,26,30,1,3,3,2,,1,1.07,1.04,1.04,45.3,-0.07887596656821828,5.271624305725267,37.72835570542871,29.32780611631112,19.334726959173103
FF,2025-10-27,99.5,-2.98,5.43,"Hernández, Enrique",571771,686973,,foul,,,,,5,Foul,W,R,R,LAD,TOR,S,,,0,0,2025,-0.78,1.16,0.030998089563677333,2.686004620134419,,,606192,2,6,Bot,,,,,,,10.192193650048925,-144.45695262057177,-4.8542935959631155,-13.357129022809525,35.00052540219741,-14.908012841588882,3.43,1.67,130,84,12,100.3,2131,6.9,813032,672386,665489,666182,676391,665926,664770,662139,680718,53.56,,,,,,,,53,1,4-Seam Fastball,4,4,4,4,4,4,4,4,Standard,Standard,217,-0.005,-0.042,67.2,6.3,,0.042,88.0,0,0,0.535,0.535,27,33,28,34,1,2,2,2,1,1,1.16,0.78,0.78,43.4,-14.096707946416,24.31091487819478,30.035150615865952,39.54527052928934,12.823203797246245
SL,2025-10-27,88.9,-1.25,5.06,"Varsho, Daulton",662139,686218,,foul,,,,,4,Foul,W,L,R,LAD,TOR,S,,,1,0,2025,0.31,0.38,-0.4564397691804766,2.37899292664854,,,,2,11,Top,,,,,,,1.3167592577472078,-129.4685198250724,-1.335159571505114,3.1605317198271092,26.82400978603304,-27.85545361290647,3.38,1.56,2,71.9,-55,89.6,2318,6.7,813032,669257,518692,669242,571970,605141,571771,681624,606192,53.83,,,,,,,,93,2,Slider,5,5,5,5,5,5,5,5,Standard,Strategic,174,0.005,-0.054,73.3,7.8,,0.054,88.0,0,0,0.602,0.398,25,28,26,29,1,5,3,2,5,1,2.5,-0.31,0.31,27.1,12.182285541803108,2.297545757195217,21.945958917487047,40.47153583670274,26.071898596325045
FF,2025-10-27,99.8,-2.12,5.69,"Straw, Myles",664702,683618,field_out,hit_into_play,,,,,5,Myles Straw flies out to center fielder Tommy Edman.,W,R,R,LAD,TOR,X,8,fly_ball,2,2,2025,-0.34,1.3,0.2671114200181156,2.6914371389011214,,,,0,14,Top,135.54,48.8,,,,,7.4378446831068725,-145.06466402064748,-5.915717508505789,-6.682025552516143,35.76288481480519,-12.637648825749352,3.44,1.62,372,99.1,27,100.2,2571,6.7,813032,669257,518692,500743,571970,605141,669743,669242,606192,53.78,0.403,0.7258437499999998,0,1,0,0,6,118,5,4-Seam Fastball,5,5,5,5,5,5,5,5,Standard,Strategic,213,0.049,-0.232,69.7,6.9,1.405,0.232,99.1,0,0,0.509,0.491,23,30,23,31,1,2,27,3,2,1,1,0.34,0.34,37.0,4.128488783372957,-2.3715768858630475,26.88609431420174,37.12800392770218,29.232899706455694
FF,2025-10-27,96.5,0.37,6.58,"Smith, Will",669257,680755,,swinging_strike,,,,,12,Swinging Strike,W,R,R,LAD,TOR,S,,,0,1,2025,-0.61,1.53,0.42480362537180705,3.610364336925823,,,,0,12,Bot,,,,,,,1.5104596276000082,-140.43133325385833,-5.710965449202729,-8.446002894666986,33.19648849736658,-10.840007432070115,3.4,1.59,,,,95,2338,5.5,813032,623168,665489,643396,676391,665926,664702,662139,664770,54.97,,,,,,,,105,2,4-Seam Fastball,5,5,5,5,5,5,5,5,Standard,Standard,203,-0.014,-0.055,72.1,7.1,,0.055,,0,0,0.63,0.63,24,30,25,30,1,5,2,2,,1,0.92,0.61,0.61,46.0,14.97731816641171,12.530326297759458,22.740155821650163,42.83531530754232,23.65122225139493
FF,2025-10-27,97.7,2.1,5.49,"Clement, Ernie",676391,680736,strikeout,called_strike,,,,,4,Ernie Clement called out on strikes.,W,R,L,LAD,TOR,S,2,,2,2,2025,0.49,1.34,-0.5117674310080305,2.601106075879515,,,680718,1,6,Top,,,,,,,-8.039399729308505,-142.01068963554962,-5.286110720647929,8.49128284855018,32.4835069469179,-13.049481998636901,3.49655855116007,1.6157664088647,,,,96.2,2589,5.5,813032,669257,518692,669242,571970,605141,571771,681624,606192,55,,0,0,1,0,0,,48,5,4-Seam Fastball,4,4,4,4,4,4,4,4,Standard,Standard,144,0.037,-0.222,,,,0.222,,0,0,0.503,0.497,24,29,25,29,1,2,3,2,4,1,1.06,0.49,-0.49,35.0,,,,,
SI,2025-10-27,93.2,2.01,5.93,"Betts, Mookie",605141,663893,,blocked_ball,,,,,13,Ball In Dirt,W,R,L,LAD,TOR,B,,,1,0,2025,1.51,0.31,-1.1697749728548221,0.7246105317220823,,669743,660271,2,17,Bot,,,,,,,-11.343277980817762,-135.01459375233352,-8.16412113253671,20.970437120276863,29.091032889736784,-26.71156219029005,3.11373780549263,1.49000008904045,,,,92.1,2134,5.8,813032,623168,665489,643396,676391,665926,664702,662139,664770,54.67,,,,,,,,147,2,Sinker,5,5,5,5,5,5,5,5,Standard,Standard,113,0.01,0.029,,,,-0.029,,0,0,0.619,0.619,28,32,29,33,1,8,10,2,,1,2.34,1.51,-1.51,28.4,,,,,
SL,2025-10-27,88.7,-1.77,5.89,"Varsho, Daulton",662139,607192,,ball,,,,,12,Ball,W,L,R,LAD,TOR,B,,,2,1,2025,0.16,0.03,0.002344229821161309,3.6692112101167114,,,666182,0,2,Top,,,,,,,4.083385872655759,-129.21602637738414,0.502467426988175,0.9815325477022918,24.33520923630016,-32.09074002839101,3.35960538226551,1.56000047035841,,,,90.5,2544,7.1,813032,669257,518692,669242,571970,605141,571771,681624,606192,53.39,,,,,,,,9,4,Slider,0,0,0,0,0,0,0,0,Standard,Standard,79,-0.017,0.116,,,,-0.116,,0,0,0.456,0.544,31,28,32,29,1,0,11,2,4,1,2.83,-0.16,0.16,55.6,,,,,
CU,2025-10-27,78,-3.07,5.63,"Smith, Will",669257,453286,strikeout,swinging_strike,,,,,8,Will Smith strikes out swinging.,W,R,R,LAD,TOR,S,2,,3,2,2025,0.95,-0.85,-0.07754472541684854,1.5252055534867375,,660271,,2,1,Bot,,,,,,,4.696729737706885,-113.56955915044094,-0.4104405782856837,7.424813094987474,20.045800302289724,-39.68545005072841,3.4,1.59,,,,78.2,2615,6.3,813032,672386,665489,666182,676391,665926,664770,662139,680718,54.19,,0,0,1,0,0,,7,7,Curveball,0,0,0,0,0,0,0,0,Standard,Standard,50,-0.034,-0.277,71.3,8.3,,0.277,,0,0,0.534,0.534,40,30,41,30,1,0,11,2,5,1,4.58,-0.95,-0.95,36.4,24.913887703955158,-33.99852594838639,37.53178618453663,33.32177668422107,51.769385736857885
FF,2025-10-27,95.5,-2.69,5.61,"Freeman, Freddie",518692,656546,,ball,,,,,13,Ball,W,L,R,LAD,TOR,B,,,1,1,2025,-1.17,1.52,-1.1066281206026638,2.501797490430058,,,,0,10,Bot,,,,,,,6.843340958328164,-138.82970050317184,-5.953348665808324,-16.68664634008524,33.334219593524125,-11.353214726181438,3.76722395964481,1.87238695142469,,,,95.6,2543,6.6,813032,672386,665489,643396,676391,665926,664702,662139,664770,53.93,,,,,,,,86,3,4-Seam Fastball,5,5,5,5,5,5,5,5,Infield shade,Standard,223,0.01,0.055,,,,-0.055,,0,0,0.636,0.636,32,35,32,36,1,4,2,2,2,1,1,1.17,-1.17,31.9,,,,,
FS,2025-10-27,86.8,-2.02,6.04,"Varsho, Daulton",662139,808963,,swinging_strike,,,,,14,Swinging Strike,W,L,R,LAD,TOR,S,,,1,0,2025,-0.58,0.46,0.3310298822311538,1.0542048867188578,,,643396,1,9,Top,,,,,,,6.937093668565254,-126.09374057948295,-6.747626082326399,-7.659710960094964,27.561236099370912,-25.96320450440305,3.38,1.56,,,,88.1,610,7.4,813032,669257,518692,669242,571970,605141,571771,681624,606192,53.12,,,,,,,,76,2,Split-Finger,5,5,5,5,5,5,5,5,Standard,Strategic,291,0.012,-0.056,72.3,9.7,,0.056,,0,0,0.492,0.508,23,28,24,29,1,4,10,2,4,1,2.59,0.58,-0.58,53.0,30.773497338831245,-51.332249636617696,33.546437833249165,31.694503755568324,52.45070492150598
FC,2025-10-27,85.9,2.04,5.92,"Smith, Will",669257,641778,,ball,,,,,12,Ball,W,R,L,LAD,TOR,B,,,0,0,2025,-0.55,0.39,1.104888606637665,3.640394991162583,,,,0,14,Bot,,,,,,,-1.1138295379450318,-125.0836764580474,0.057690527096692756,-5.503259693776849,25.781640602166316,-28.297625265831748,3.35469085165511,1.58999986561197,,,,85.6,2443,6.1,813032,623168,665489,643396,676391,665926,664702,662139,664770,54.4,,,,,,,,121,1,Cutter,5,5,5,5,5,5,5,5,Strategic,Standard,189,0.007,0.041,,,,-0.041,,0,0,0.639,0.639,30,30,30,30,1,6,3,2,,1,2.7,-0.55,0.55,35.6,,,,,
SI,2025-10-27,97.4,-1.88,5.48,"Freeman, Freddie",518692,622554,walk,ball,,,,,14,Freddie Freeman walks.,W,L,R,LAD,TOR,B,,,3,0,2025,-1.35,0.79,1.896876766933115,1.3739196465158,,,,2,7,Bot,,,,,,,13.225616960388173,-141.01813421848794,-7.252657832149849,-21.1258269749812,34.07334933491305,-20.01212876612533,3.71149208509307,1.86953929281409,,,,97,2273,6.5,813032,672386,665489,643396,676391,665926,664770,662139,680718,54.03,,0.691497,0.7,1,0,0,,63,4,Sinker,5,5,5,5,5,5,5,5,Infield shade,Standard,217,0.008,0.103,,,,-0.103,,0,0,0.533,0.533,30,35,31,36,1,3,3,2,2,1,1.65,1.35,-1.35,31.2,,,,,
SI,2025-10-27,96,-1.73,5.81,"Varsho, Daulton",662139,607192,,foul,,,,,4,Foul,W,L,R,LAD,TOR,S,,,2,0,2025,-1.05,1.08,-0.35971465103568534,2.7926654991377173,,,666182,0,2,Top,,,,,,,6.184794249604664,-139.5764019750957,-4.961273516785049,-15.083768518771727,31.427116560234953,-17.10633371279816,3.38,1.56,198,81.6,68,98.7,2457,7.8,813032,669257,518692,669242,571970,605141,571771,681624,606192,52.66,,,,,,,,9,3,Sinker,0,0,0,0,0,0,0,0,Standard,Standard,195,0.011,-0.066,72.7,7.6,,0.066,88.0,0,0,0.445,0.5549999999999999,31,28,32,29,1,0,11,2,4,1,1.4,1.05,-1.05,50.0,9.024354271120352,-3.3549777391319964,27.34819006896054,38.271381190846384,25.568606124481462
ST,2025-10-27,88.4,-1.87,5.49,"Kiner-Falefa, Isiah",643396,694361,,ball,,,,,14,Ball,W,R,R,LAD,TOR,B,,,0,1,2025,1.06,-0.22,1.3687752437517375,1.9266108372635515,,,665489,2,15,Top,,,,,,,5.7212023724963865,-128.7062497268465,-2.1367547104582525,10.509794303856701,27.56824379810268,-34.397038924666575,3.18130328775452,1.46999887105992,,,,88.9,2720,6.6,813032,669257,518692,500743,571970,605141,669743,669242,606192,53.89,,,,,,,,129,2,Sweeper,5,5,5,5,5,5,5,5,Standard,Strategic,30,-0.007,0.027,,,,-0.027,,0,0,0.584,0.41600000000000004,25,30,26,30,1,3,3,2,,1,3.14,-1.06,-1.06,40.7,,,,,
CH,2025-10-27,94.2,-3.22,5.32,"Edman, Tommy",669242,686973,field_out,hit_into_play,,,,,4,Tommy Edman flies out to left fielder Nathan Lukes.,W,L,R,LAD,TOR,X,7,fly_ball,0,1,2025,-1.16,0.23,-0.5042114906404263,2.1549149497346622,,,606192,1,6,Bot,45.93,90.39,,,,,9.733061044628167,-136.94205680471188,-3.050010569575823,-16.71604461516639,29.130369771691754,-28.80630954619428,3.38,1.57,333,96.2,33,95.3,1642,6.9,813032,672386,665489,666182,676391,665926,664770,662139,680718,53.59,0.185,0.3537,0,1,0,0,5,52,2,Changeup,4,4,4,4,4,4,4,4,Standard,Standard,229,-0.037,-0.216,67.3,6.4,0.701,0.216,96.2,0,0,0.572,0.572,27,30,28,30,1,2,2,2,1,1,2.34,1.16,-1.16,36.5,-5.933457654771786,2.9632781723370614,30.512044742800608,39.87911437057564,23.29962523087544
CU,2025-10-27,78.2,-0.9,5.45,"Varsho, Daulton",662139,686218,,ball,,,,,12,Ball,W,L,R,LAD,TOR,B,,,0,0,2025,0.88,-1.27,0.058454309178982644,4.30073891687999,,,,2,11,Top,,,,,,,0.4378337074324765,-113.62277691272156,6.830149205783176,7.486007154808815,22.4086876420885,-44.69746093047465,3.36901335254684,1.5600012766741,,,,78.1,2642,6.5,813032,669257,518692,669242,571970,605141,571771,681624,606192,54,,,,,,,,93,1,Curveball,5,5,5,5,5,5,5,5,Strategic,Strategic,40,-0.003,0.037,,,,-0.037,,0,0,0.605,0.395,25,28,26,29,1,5,3,2,5,1,5.03,-0.88,0.88,40.1,,,,,
FF,2025-10-27,99.2,-2.07,5.74,"Straw, Myles",664702,683618,,foul,,,,,8,Foul,W,R,R,LAD,TOR,S,,,2,1,2025,-0.81,1.38,-0.18704584556448411,2.067803520521249,,,,0,14,Top,,,,,,,7.078748889086131,-144.2043462941997,-7.898997491701478,-12.934548250608797,33.74413171643227,-11.240916388970557,3.44,1.62,,,,99.8,2651,6.7,813032,669257,518692,500743,571970,605141,669743,669242,606192,53.83,,,,,,,,118,4,4-Seam Fastball,5,5,5,5,5,5,5,5,Standard,Standard,213,0.017,-0.073,73.1,6.8,,0.073,,0,0,0.492,0.508,23,30,23,31,1,2,27,3,2,1,0.94,0.81,0.81,35.8,1.1880210613555926,1.584070995495506,39.67021560804608,31.589550587378625,25.969434793949922
FF,2025-10-27,94.4,0.15,6.61,"Smith, Will",669257,680755,,called_strike,,,,,6,Called Strike,W,R,R,LAD,TOR,S,,,0,0,2025,-0.33,1.33,0.461531273312253,2.667262753287723,,,,0,12,Bot,,,,,,,1.5407770540183894,-137.32799822790045,-7.42888070640041,-4.5661905933677165,29.79644367829103,-13.950831897063921,3.47801465214846,1.59000044347367,,,,93.3,2291,5.6,813032,623168,665489,643396,676391,665926,664702,662139,664770,54.88,,,,,,,,105,1,4-Seam Fastball,5,5,5,5,5,5,5,5,Standard,Standard,201,-0.009,-0.039,,,,0.039,,0,0,0.639,0.639,24,30,25,30,1,5,2,2,,1,1.23,0.33,0.33,47.8,,,,,
FF,2025-10-27,96.3,-3.08,5.43,"Smith, Will",669257,453286,,foul,,,,,4,Foul,W,R,R,LAD,TOR,S,,,3,2,2025,-0.83,1.09,-0.3501452571565893,2.1884135444190584,,660271,,2,1,Bot,,,,,,,9.180085300790488,-139.8968278022893,-5.534245610224382,-13.000192300029845,31.356886532226756,-16.723061132443185,3.4,1.59,150,81.5,68,96.8,2364,6.6,813032,672386,665489,666182,676391,665926,664770,662139,680718,53.86,,,,,,,,7,6,4-Seam Fastball,0,0,0,0,0,0,0,0,Standard,Standard,221,0,0,79.6,7.5,,0,88.0,0,0,0.534,0.534,40,30,41,30,1,0,11,2,5,1,1.37,0.83,0.83,29.8,7.365228899923612,-14.335259697089173,36.75010645998653,31.524491037559898,31.741625424329563
FF,2025-10-27,97.3,2.3,5.57,"Clement, Ernie",676391,680736,,ball,,,,,12,Ball,W,R,L,LAD,TOR,B,,,1,2,2025,0.35,1.54,1.0209292385007647,4.573805431555687,,,680718,1,6,Top,,,,,,,-4.18474237037483,-141.7196085086112,-0.6806975202278271,5.743864259826428,33.14452008196221,-11.484162674230483,3.37839571655061,1.53999971616089,,,,96,2558,5.5,813032,669257,518692,669242,571970,605141,571771,681624,606192,54.95,,,,,,,,48,4,4-Seam Fastball,4,4,4,4,4,4,4,4,Standard,Standard,147,-0.007,0.044,,,,-0.044,,0,0,0.51,0.49,24,29,25,29,1,2,3,2,4,1,0.87,0.35,-0.35,34.6,,,,,
SI,2025-10-27,92.8,2,6.02,"Betts, Mookie",605141,663893,,ball,,,,,8,Ball,W,R,L,LAD,TOR,B,,,0,0,2025,1.21,0.27,-0.1988444889500054,1.4995277838059289,,669743,660271,2,17,Bot,,,,,,,-8.19162693192616,-134.756341734396,-6.270686479055389,16.50686284410575,30.443696505007633,-27.703295932806032,3.1481946669242,1.49598195908795,,,,92,1996,6,813032,623168,665489,643396,676391,665926,664702,662139,664770,54.49,,,,,,,,147,1,Sinker,5,5,5,5,5,5,5,5,Standard,Standard,125,0.005,0.024,,,,-0.024,,0,0,0.614,0.614,28,32,29,33,1,8,10,2,,1,2.4,1.21,-1.21,33.1,,,,,
FS,2025-10-27,89.6,-2.71,5.57,"Freeman, Freddie",518692,656546,,foul,,,,,4,Foul,W,L,R,LAD,TOR,S,,,1,0,2025,-1.29,0.61,-0.368940285932303,2.613521405280978,,,,0,10,Bot,,,,,,,8.558515869360482,-130.2641480822248,-2.5724095631756807,-16.52323742911259,28.136536878243437,-24.912082244943246,3.69,1.79,186,76.3,65,90.1,1451,6.7,813032,672386,665489,643396,676391,665926,664702,662139,664770,53.81,,,,,,,,86,2,Split-Finger,5,5,5,5,5,5,5,5,Infield shade,Standard,248,-0.01,-0.05,73.2,7.4,,0.05,88.0,0,0,0.646,0.646,32,35,32,36,1,4,2,2,2,1,2.24,1.29,-1.29,32.1,20.934259349417434,-8.849207307486349,39.46243520797134,43.76182435425119,37.04996266851625
FF,2025-10-27,93,1.81,5.92,"Freeman, Freddie",518692,641778,field_out,hit_into_play,,,,,8,Freddie Freeman flies out sharply to center fielder Daulton Varsho.,W,L,L,LAD,TOR,X,8,fly_ball,1,0,2025,0.68,1.31,0.267037303125382,2.3445387342533195,669242,660271,605141,2,13,Bot,109.57,46.87,,,,,-5.413939069407471,-135.24129789536434,-6.243260046491001,9.529937876773756,28.80470505124396,-14.881030579224207,3.69,1.79,378,103.9,35,92.7,2291,6.1,813032,623168,665489,643396,676391,665926,664702,662139,664770,54.41,0.57,1.129826086956522,0,1,0,0,6,117,2,4-Seam Fastball,5,5,5,5,5,5,5,5,Strategic,Standard,141,-0.199,-0.288,73.8,7.2,2.236,0.288,103.9,0,0,0.699,0.699,30,35,30,36,1,6,3,2,,1,1.32,0.68,0.68,44.2,15.823823577157484,-3.8738028035161967,40.942735967644104,37.659421350764724,31.045817393067125
FS,2025-10-27,83.8,-1.99,6.06,"Varsho, Daulton",662139,808963,,ball,,,,,13,Ball,W,L,R,LAD,TOR,B,,,0,0,2025,-0.51,-0.5,-1.1123679062739862,1.8122684683132073,,,643396,1,9,Top,,,,,,,3.0807249735850952,-121.88665848651051,-2.359365485358264,-5.72916918673424,27.078762266930593,-36.78976678222304,3.37285907863978,1.55999973811575,,,,84.6,438,7.2,813032,669257,518692,669242,571970,605141,571771,681624,606192,53.35,,,,,,,,76,1,Split-Finger,5,5,5,5,5,5,5,5,Standard,Strategic,297,-0.008,0.035,,,,-0.035,,0,0,0.5,0.5,23,28,24,29,1,4,10,2,4,1,3.78,0.51,-0.51,46.6,,,,,
FS,2025-10-27,85.4,-1.65,5.78,"Freeman, Freddie",518692,622554,,ball,,,,,14,Ball,W,L,R,LAD,TOR,B,,,2,0,2025,-0.68,-0.06,1.5213744700467542,1.2308154147162687,,,,2,7,Bot,,,,,,,8.860077009751372,-124.05130730321187,-4.289698995245043,-8.796235887216726,25.84428833219418,-32.03760931910802,3.75257490596777,1.790000726373,,,,85.6,846,6.6,813032,672386,665489,643396,676391,665926,664770,662139,680718,53.88,,,,,,,,63,3,Split-Finger,5,5,5,5,5,5,5,5,Infield shade,Standard,266,0.006,0.121,,,,-0.121,,0,0,0.527,0.527,30,35,31,36,1,3,3,2,2,1,3.2,0.68,-0.68,36.2,,,,,
SL,2025-10-27,88.7,-1.79,5.88,"Varsho, Daulton",662139,607192,,ball,,,,,11,Ball,W,L,R,LAD,TOR,B,,,1,0,2025,0.39,0.15,-0.7451339579189831,4.297309331795836,,,666182,0,2,Top,,,,,,,1.7837725572644936,-129.28015722648163,1.895329161966532,4.021037783237257,25.56104526194854,-31.062566120059504,3.3067909634169,1.55999914641805,,,,90.9,2549,7.4,813032,669257,518692,669242,571970,605141,571771,681624,606192,53.07,,,,,,,,9,2,Slider,0,0,0,0,0,0,0,0,Standard,Standard,129,-0.011,0.062,,,,-0.062,,0,0,0.456,0.544,31,28,32,29,1,0,11,2,4,1,2.73,-0.39,0.39,48.1,,,,,
SI,2025-10-27,97.1,-2.12,6.03,"Kiner-Falefa, Isiah",643396,808963,walk,ball,,,,,11,Isiah Kiner-Falefa walks.,W,R,R,LAD,TOR,B,,,3,1,2025,-1.23,0.87,-0.9618737389931413,2.734272628671262,,,,1,9,Top,,,,,,,6.03311648847003,-141.2851962314114,-5.368057400347527,-17.82376614982604,32.53459662681245,-19.531753892594743,3.23648340609551,1.47000045378824,,,,98.9,1930,7.3,813032,669257,518692,669242,571970,605141,571771,681624,606192,53.17,,0.691497,0.7,1,0,0,,75,5,Sinker,5,5,5,5,5,5,5,5,Standard,Standard,219,-0.035,0.253,,,,-0.253,,0,0,0.535,0.46499999999999997,23,30,24,30,1,0,10,2,4,1,1.55,1.23,1.23,41.3,,,,,
FF,2025-10-27,98.3,-1.48,5.57,"Kiner-Falefa, Isiah",643396,694361,,called_strike,,,,,7,Called Strike,W,R,R,LAD,TOR,S,,,0,0,2025,-1,1.32,-0.5387500682963116,1.7075770823686063,,,665489,2,15,Top,,,,,,,4.89089516760537,-142.82756063889954,-8.060009769525811,-14.761886835942605,35.361492416645824,-12.374448458329645,3.16966391625174,1.47000045031552,,,,98.6,2243,6.7,813032,669257,518692,500743,571970,605141,669743,669242,606192,53.78,,,,,,,,129,1,4-Seam Fastball,5,5,5,5,5,5,5,5,Standard,Strategic,213,0.01,-0.042,,,,0.042,,0,0,0.574,0.42600000000000005,25,30,26,30,1,3,3,2,,1,1.06,1,1,47.7,,,,,
FF,2025-10-27,98.9,-3.25,5.25,"Edman, Tommy",669242,686973,,foul,,,,,2,Foul,W,L,R,LAD,TOR,S,,,0,0,2025,-0.81,1.22,0.046440491491430924,2.9604169507300373,,,606192,1,6,Bot,,,,,,,11.018680959385883,-143.61237379931404,-3.6786600120794137,-13.80495231577808,33.18867883230775,-14.614314090970352,3.38,1.57,249,78,30,100,2332,7,813032,672386,665489,666182,676391,665926,664770,662139,680718,53.48,,,,,,,,52,1,4-Seam Fastball,4,4,4,4,4,4,4,4,Standard,Standard,217,-0.006,-0.04,68.6,6.2,,0.04,88.0,0,0,0.578,0.578,27,30,28,30,1,2,2,2,1,1,1.12,0.81,-0.81,36.5,7.783730912524885,2.0633648449450606,26.286093576032474,33.48355953740644,22.17182040879809
SL,2025-10-27,89.7,-1.02,5.3,"Kiner-Falefa, Isiah",643396,686218,field_out,hit_into_play,,,,,14,"Isiah Kiner-Falefa grounds out, pitcher Emmet Sheehan to first baseman Freddie Freeman.",W,R,R,LAD,TOR,X,1,ground_ball,1,1,2025,0.3,0.49,0.9290888118988418,1.2356080900999533,,,,1,11,Top,126.31,171.9,,,,,4.228438483347499,-130.64328956811332,-5.183488600253595,2.588657082840936,25.384743076284682,-25.687041113826123,3.23,1.47,3,75.2,-24,90.7,2567,6.7,813032,669257,518692,669242,571970,605141,571771,681624,606192,53.81,0.046,0.045,0,1,0,0,2,92,3,Slider,5,5,5,5,5,5,5,5,Standard,Standard,174,0.045,-0.244,67.8,7.2,0.068,0.244,88.0,0,0,0.56,0.43999999999999995,25,30,26,30,1,1,3,2,5,1,2.32,-0.3,-0.3,32.4,0.551052733653584,10.478747441407192,36.47008647271397,44.74776353782376,22.168511764936504
SI,2025-10-27,94.2,-3.01,6.16,"Kirk, Alejandro",672386,595014,field_out,hit_into_play,,,,,11,"Alejandro Kirk grounds out, second baseman Tommy Edman to first baseman Freddie Freeman.",W,R,R,LAD,TOR,X,4,ground_ball,1,0,2025,-1.5,0.32,-0.9235146152565952,2.354663910949898,,643396,662139,2,7,Top,154.55,155.64,,,,,8.63923188262663,-136.86171486438909,-4.8050957992754135,-20.802081321573535,30.222035759116793,-27.319656988077888,3.1,1.49,51,73.5,2,93,2274,5.7,813032,669257,518692,669242,571970,605141,571771,681624,606192,54.82,0.097,0.09,0,1,0,0,2,59,2,Sinker,4,5,5,4,5,4,5,4,Standard,Standard,233,0.052,-0.305,69.4,6.3,0.097,0.305,88.0,-1,1,0.312,0.688,37,26,37,27,1,3,10,2,1,1,2.26,1.5,1.5,29.1,-1.529509162819446,17.756677838860945,27.477853508389753,26.752777460561326,21.195434383048465
FF,2025-10-27,98.3,-1.99,5.69,"Straw, Myles",664702,683618,,ball,,,,,14,Ball,W,R,R,LAD,TOR,B,,,1,1,2025,-0.86,1.36,0.8341661177165236,2.2777679952770957,,,,0,14,Top,,,,,,,9.729818039706986,-142.67547878723107,-6.9558912090820915,-14.05452970929233,32.847453614037065,-12.15240889174491,3.4399991765365,1.55020568777108,,,,98.9,2631,6.8,813032,669257,518692,500743,571970,605141,669743,669242,606192,53.73,,,,,,,,118,3,4-Seam Fastball,5,5,5,5,5,5,5,5,Standard,Standard,216,-0.011,0.055,,,,-0.055,,0,0,0.503,0.497,23,30,23,31,1,2,27,3,2,1,1.01,0.86,0.86,35.0,,,,,
FC,2025-10-27,94.8,0.17,6.57,"Freeman, Freddie",518692,680755,field_out,hit_into_play,,,,,3,Freddie Freeman flies out to left fielder Myles Straw.,W,L,R,LAD,TOR,X,7,fly_ball,0,1,2025,0.3,0.87,0.47590370916082714,3.1723529461859576,,660271,605141,2,11,Bot,88.27,95.96,,,,,0.13694735774049072,-138.05115016811993,-5.123593646444506,3.7630289746003593,29.145818299074072,-20.112401279573685,3.69,1.79,274,87,44,93.8,2262,5.6,813032,672386,665489,643396,676391,665926,664702,662139,664770,54.94,0.003,0.002,0,1,0,0,3,98,2,Cutter,5,5,5,5,5,5,5,5,Standard,Standard,195,-0.097,-0.235,73.1,6.4,0.003,0.235,88.0,0,0,0.597,0.597,24,35,25,36,1,5,2,2,,1,1.65,-0.3,0.3,45.7,7.905154072978237,2.7566032089379893,38.069840470581674,34.019464597695524,26.381312057422427
SL,2025-10-27,87.1,2.53,5.36,"Clement, Ernie",676391,680736,,foul,,,,,3,Foul,W,R,L,LAD,TOR,S,,,1,1,2025,-0.03,0.2,0.5760852055347645,2.984622898607146,,,680718,1,6,Top,,,,,,,-4.566706906212438,-126.86436739696687,0.03208740632858664,0.5687966095017399,25.930599005408194,-30.233593331354292,3.33,1.54,266,85.2,39,86,2498,5.5,813032,669257,518692,669242,571970,605141,571771,681624,606192,54.96,,,,,,,,48,3,Slider,4,4,4,4,4,4,4,4,Standard,Standard,275,0.011,-0.056,65.9,6.3,,0.056,88.0,0,0,0.499,0.501,24,29,25,29,1,2,3,2,4,1,2.8,-0.03,0.03,35.6,-6.0215376611462075,20.395468749613837,24.129630661625427,43.92667287232665,17.029758483416394
FF,2025-10-27,96.2,-2.93,5.76,"Smith, Will",669257,453286,,ball,,,,,12,Ball,W,R,R,LAD,TOR,B,,,2,2,2025,-0.6,1.24,0.4247869979095126,3.9600041756862234,,660271,,2,1,Bot,,,,,,,10.215715177529994,-139.7684854075001,-1.9836425214974491,-10.142162863587377,31.310210336249263,-15.592128908547544,3.41474285841099,1.58999860133017,,,,96,2295,6.2,813032,672386,665489,666182,676391,665926,664770,662139,680718,54.28,,,,,,,,7,5,4-Seam Fastball,0,0,0,0,0,0,0,0,Standard,Standard,206,0.006,0.057,,,,-0.057,,0,0,0.528,0.528,40,30,41,30,1,0,11,2,5,1,1.22,0.6,0.6,37.0,,,,,
SI,2025-10-27,93.1,2.03,6.08,"Ohtani, Shohei",660271,663893,walk,ball,,,,,13,Shohei Ohtani walks. Alex Call to 2nd.,W,L,L,LAD,TOR,B,,,3,0,2025,1,-0.04,-0.9436030090360539,1.6073808070581799,,,669743,2,17,Bot,,,,,,,-9.733163953674474,-135.19284969551768,-5.558422839457141,14.426887324856853,29.318587507602615,-31.646909275156837,3.53526976597862,1.63999862510382,,,,92.3,1922,5.9,813032,623168,665489,643396,676391,665926,664702,662139,664770,54.61,,0.691497,0.7,1,0,0,,146,4,Sinker,5,5,5,5,5,5,5,5,Infield shade,Standard,114,0.02,0.099,,,,-0.099,,0,0,0.594,0.594,28,30,29,31,1,8,10,2,,1,2.68,1,1,31.5,,,,,
FS,2025-10-27,89.2,-2.76,5.6,"Freeman, Freddie",518692,656546,,ball,,,,,11,Ball,W,L,R,LAD,TOR,B,,,0,0,2025,-1.38,0.49,-1.9444065407154854,3.212276420103591,,,,0,10,Bot,,,,,,,4.936087383252163,-129.76422447124133,-0.8529211959060482,-16.662276218977322,27.908795206599486,-26.733866034690504,3.7298523716472,1.89075205990847,,,,89.6,1526,6.6,813032,672386,665489,643396,676391,665926,664702,662139,664770,53.9,,,,,,,,86,1,Split-Finger,5,5,5,5,5,5,5,5,Infield shade,Standard,243,0.007,0.041,,,,-0.041,,0,0,0.639,0.639,32,35,32,36,1,4,2,2,2,1,2.39,1.38,-1.38,32.8,,,,,
SL,2025-10-27,85.2,1.84,5.96,"Freeman, Freddie",518692,641778,,ball,,,,,13,Ball,W,L,L,LAD,TOR,B,,,0,0,2025,-0.39,0.09,-1.1529007785457512,0.9706256391342767,669242,660271,605141,2,13,Bot,,,,,,,-6.218850631031593,-123.96078238564878,-5.589812531594081,-2.8110353792030147,24.99522755780791,-30.330107419044317,3.68273682377353,1.78999995730525,,,,85,2113,6.2,813032,623168,665489,643396,676391,665926,664702,662139,664770,54.29,,,,,,,,117,1,Slider,5,5,5,5,5,5,5,5,Strategic,Standard,174,0.034,0.032,,,,-0.032,,0,0,0.665,0.665,30,35,30,36,1,6,3,2,,1,3.05,-0.39,-0.39,37.3,,,,,
FF,2025-10-27,96.4,-1.98,5.48,"Freeman, Freddie",518692,622554,,ball,,,,,11,Ball,W,L,R,LAD,TOR,B,,,1,0,2025,-0.27,1.21,-0.35007966080375547,3.912070179099344,,,,2,7,Bot,,,,,,,4.9407163901197535,-140.34889499474406,-1.3242691587404691,-4.678142243395029,33.29443967176358,-16.09329838139094,3.72066560138092,1.79000082251984,,,,96.4,2339,6.4,813032,672386,665489,643396,676391,665926,664770,662139,680718,54.14,,,,,,,,63,2,4-Seam Fastball,5,5,5,5,5,5,5,5,Infield shade,Standard,212,0.004,0.065,,,,-0.065,,0,0,0.523,0.523,30,35,31,36,1,3,3,2,2,1,1.25,0.27,-0.27,30.9,,,,,
CU,2025-10-27,81.8,-1.58,6.01,"Varsho, Daulton",662139,607192,,blocked_ball,,,,,14,Ball In Dirt,W,L,R,LAD,TOR,B,,,0,0,2025,0.24,-1.34,0.4882823467697539,0.8270967079482192,,,666182,0,2,Top,,,,,,,4.245866130038393,-118.96569023534613,-2.4490017760008413,1.3818921991062552,25.675961122374193,-44.4858969920547,3.28529200444363,1.5600011814943,,,,82.6,2791,7.1,813032,669257,518692,669242,571970,605141,571771,681624,606192,53.39,,,,,,,,9,1,Curveball,0,0,0,0,0,0,0,0,Standard,Standard,14,-0.006,0.04,,,,-0.04,,0,0,0.462,0.538,31,28,32,29,1,0,11,2,4,1,4.78,-0.24,0.24,60.7,,,,,
FF,2025-10-27,99.1,-2.2,5.97,"Kiner-Falefa, Isiah",643396,808963,,called_strike,,,,,4,Called Strike,W,R,R,LAD,TOR,S,,,3,0,2025,-0.81,1.29,-0.3757884332335323,2.5937539608082694,,,,1,9,Top,,,,,,,7.004072116166766,-144.0294078029382,-6.9140636145876995,-12.95576062445256,33.81781518159941,-12.790526778536229,3.24710326630163,1.47000133607823,,,,100.8,2046,7.3,813032,669257,518692,669242,571970,605141,571771,681624,606192,53.18,,,,,,,,75,4,4-Seam Fastball,5,5,5,5,5,5,5,5,Standard,Standard,225,0.012,-0.088,,,,0.088,,0,0,0.523,0.477,23,30,24,30,1,0,10,2,4,1,1.04,0.81,0.81,43.0,,,,,
FF,2025-10-27,98.4,-1.55,5.65,"Guerrero Jr., Vladimir",665489,694361,single,hit_into_play,,,,,8,Vladimir Guerrero Jr. singles on a ground ball to second baseman Miguel Rojas.,W,R,R,LAD,TOR,X,4,ground_ball,0,2,2025,-0.66,1.54,-0.12093340732142754,1.9375889368698047,,,,2,15,Top,124.64,131.3,,,,,5.450350027257267,-142.93275638488933,-8.19267291660985,-10.322540755348035,35.0053603788802,-9.372413193976959,3.63,1.6,19,86.9,-5,99,2175,6.9,813032,669257,518692,500743,571970,605141,669743,669242,606192,53.63,0.16,0.148,0.9,1,1,0,2,128,3,4-Seam Fastball,5,5,5,5,5,5,5,5,Standard,Strategic,215,-0.045,0.425,80.1,7.4,0.181,-0.425,88.0,0,0,0.619,0.381,25,26,26,26,1,7,3,2,,1,0.84,0.66,0.66,47.3,-10.129399251221383,2.312397334347463,40.19384036941921,33.26301385416466,25.239688028704816
ST,2025-10-27,83,3.33,5.83,"Freeman, Freddie",518692,689254,single,hit_into_play,,,,,4,Freddie Freeman singles on a ground ball to right fielder Addison Barger. Shohei Ohtani scores.,W,L,L,LAD,TOR,X,9,ground_ball,1,2,2025,-1.35,-0.11,-0.3382680888869434,2.625798884754092,,660271,,2,5,Bot,197.64,133.33,,,,,-5.791594145715803,-120.6711449029449,-0.5546476642290047,-11.882069013296132,25.810134881137056,-33.36015311378099,3.69,1.79,95,80.2,7,83.3,2873,6.8,813032,672386,665489,666182,676391,665926,664770,662139,680718,53.72,0.333,0.304,0.9,1,1,0,2,44,4,Sweeper,3,4,3,4,4,4,4,4,Standard,Standard,296,0.155,0.754,68.2,7.4,0.389,-0.754,88.0,-1,-1,0.376,0.376,23,35,24,36,1,2,3,2,1,1,3.45,-1.35,-1.35,35.1,14.151754679330788,-16.846134171022342,33.63859657606783,45.471025039775824,37.62918109301016
KC,2025-10-27,87.8,-2.94,5.42,"Hernández, Teoscar",606192,686973,single,hit_into_play,,,,,9,Teoscar Hernández singles on a line drive to left fielder Nathan Lukes.,W,R,R,LAD,TOR,X,7,line_drive,2,1,2025,0.27,-0.82,0.5648546041042842,2.0470681172900935,,,,1,6,Bot,58.27,106.19,,,,,8.028069373063142,-127.64228767133217,-0.29750705643391195,1.2294707387413761,27.104861685349025,-41.26316931290206,3.41,1.58,245,82.2,21,88.7,2549,7,813032,672386,665489,666182,676391,665926,664770,662139,680718,53.5,0.734,0.715,0.9,1,1,0,4,51,4,Knuckle Curve,4,4,4,4,4,4,4,4,Standard,Standard,29,0.032,0.37,73.5,8.1,0.883,-0.37,88.0,0,0,0.546,0.546,27,32,28,33,1,2,2,2,1,1,3.79,-0.27,-0.27,40.8,14.593887584680456,-11.500240644233298,28.872698949640238,39.9953206158617,41.46912393710488
SI,2025-10-27,94.3,-2.91,6.17,"Kirk, Alejandro",672386,595014,,ball,,,,,14,Ball,W,R,R,LAD,TOR,B,,,0,0,2025,-1.57,0.35,1.0551347604162993,1.5809248749780815,,643396,662139,2,7,Top,,,,,,,13.591921875254243,-136.54693374818822,-6.908841308094319,-22.686085683425627,30.3063160582788,-26.26561938735858,3.22211894926846,1.48999984457712,,,,93,2272,5.8,813032,669257,518692,669242,571970,605141,571771,681624,606192,54.69,,,,,,,,59,1,Sinker,4,5,5,4,5,4,5,4,Standard,Standard,235,-0.003,0.024,,,,-0.024,,-1,1,0.315,0.685,37,26,37,27,1,3,10,2,1,1,2.24,1.57,1.57,30.2,,,,,
FF,2025-10-27,96.2,-0.66,5.55,"Kiner-Falefa, Isiah",643396,686218,,called_strike,,,,,9,Called Strike,W,R,R,LAD,TOR,S,,,1,0,2025,-0.66,1.56,0.7408812272182504,1.6441418892411277,,,,1,11,Top,,,,,,,5.258158926725782,-139.68050241350605,-8.278954426166317,-9.935537739895633,34.73714821395548,-10.081778851928853,3.11741828523444,1.46999920432327,,,,96.4,2576,6.8,813032,669257,518692,669242,571970,605141,571771,681624,606192,53.73,,,,,,,,92,2,4-Seam Fastball,5,5,5,5,5,5,5,5,Standard,Standard,206,0.008,-0.049,,,,0.049,,0,0,0.552,0.44799999999999995,25,30,26,30,1,1,3,2,5,1,0.94,0.66,0.66,39.6,,,,,
FF,2025-10-27,99.8,-2.03,5.75,"Straw, Myles",664702,683618,,called_strike,,,,,2,Called Strike,W,R,R,LAD,TOR,S,,,1,0,2025,-0.73,1.3,0.2386273467497162,3.4668437600300983,,,,0,14,Top,,,,,,,8.096371266473257,-145.20329879099916,-4.035179470973317,-12.189407799798095,33.488112382275126,-12.98384336617572,3.4405022410896,1.62000121415121,,,,101.5,2708,7.2,813032,669257,518692,500743,571970,605141,669743,669242,606192,53.32,,,,,,,,118,2,4-Seam Fastball,5,5,5,5,5,5,5,5,Standard,Standard,207,0.011,-0.05,,,,0.05,,0,0,0.492,0.508,23,30,23,31,1,2,27,3,2,1,0.98,0.73,0.73,35.7,,,,,
FC,2025-10-27,94.7,0.27,6.62,"Freeman, Freddie",518692,680755,,foul,,,,,6,Foul,W,L,R,LAD,TOR,S,,,0,0,2025,0.26,1.07,0.5117786892400692,2.977308128892877,,660271,605141,2,11,Bot,,,,,,,0.04090835086828861,-137.94817418249653,-6.2241008414873535,3.325824722091477,27.99418360593973,-17.325763660618616,3.69,1.79,190,68.6,45,93.9,2331,5.6,813032,672386,665489,643396,676391,665926,664702,662139,664770,54.93,,,,,,,,98,1,Cutter,5,5,5,5,5,5,5,5,Strategic,Standard,190,-0.017,-0.047,72.3,6.2,,0.047,88.0,0,0,0.614,0.614,24,35,25,36,1,5,2,2,,1,1.45,-0.26,0.26,47.7,0.2830352819397361,9.720196380605222,42.79127833978989,33.891265092341534,21.41054196593693
FF,2025-10-27,96,2.26,5.48,"Clement, Ernie",676391,680736,,ball,,,,,11,Ball,W,R,L,LAD,TOR,B,,,0,1,2025,0.57,1.26,-1.465325141717519,2.689151207474602,,,680718,1,6,Top,,,,,,,-10.959667557316584,-139.3931205091759,-4.5903430930125335,9.802292855860879,29.448936742781775,-14.786625574149864,3.34942284401403,1.5400013373295,,,,94.7,2523,5.5,813032,669257,518692,669242,571970,605141,571771,681624,606192,54.98,,,,,,,,48,2,4-Seam Fastball,4,4,4,4,4,4,4,4,Standard,Standard,142,-0.004,0.019,,,,-0.019,,0,0,0.503,0.497,24,29,25,29,1,2,3,2,4,1,1.21,0.57,-0.57,35.6,,,,,
CU,2025-10-27,77.9,-3.02,5.65,"Smith, Will",669257,453286,,blocked_ball,,,,,14,Ball In Dirt,W,R,R,LAD,TOR,B,,,1,2,2025,0.94,-0.74,0.34262131677293994,0.09352231636909591,,660271,,2,1,Bot,,,,,,,5.498366719398942,-113.29232399868528,-3.598573984237464,6.961654215512697,22.61647800498704,-38.02321815326349,3.4,1.59,,,,77.8,2623,6.4,813032,672386,665489,666182,676391,665926,664770,662139,680718,54.07,,,,,,,,7,4,Curveball,0,0,0,0,0,0,0,0,Standard,Standard,51,0.005,0.012,,,,-0.012,,0,0,0.523,0.523,40,30,41,30,1,0,11,2,5,1,4.53,-0.94,-0.94,36.8,,,,,
KC,2025-10-27,87.9,1.44,6.21,"Ohtani, Shohei",660271,663893,,blocked_ball,,,,,13,Ball In Dirt,W,L,L,LAD,TOR,B,,,2,0,2025,-0.58,-0.91,-1.3249717655737208,0.6922224878283458,,,669743,2,17,Bot,,,,,,,-5.456137983517159,-127.89835381875857,-5.299091280684625,-5.1205853546128335,27.91261092513048,-41.21863596328364,3.56368442195567,1.64000135814139,,,,87.1,1976,5.9,813032,623168,665489,643396,676391,665926,664702,662139,664770,54.57,,,,,,,,146,3,Knuckle Curve,5,5,5,5,5,5,5,5,Infield shade,Standard,344,0.016,0.083,,,,-0.083,,0,0,0.578,0.578,28,30,29,31,1,8,10,2,,1,3.88,-0.58,-0.58,46.4,,,,,
FF,2025-10-27,95.5,-2.52,5.73,"Betts, Mookie",605141,656546,field_out,hit_into_play,,,,,5,Mookie Betts flies out to right fielder Nathan Lukes in foul territory.,W,R,R,LAD,TOR,X,9,fly_ball,2,1,2025,-0.9,1.49,0.09447777320750028,2.634744937590238,,,,2,9,Bot,183.45,164.25,,,,,8.934433140368354,-138.592458858946,-5.798574448753783,-13.752575451941606,36.28753863503587,-11.866379726619352,3.18,1.49,185,91.7,61,95.1,2605,6.6,813032,672386,665489,643396,676391,665926,664702,662139,664770,53.92,0.02,0.021,0,1,0,0,3,81,4,4-Seam Fastball,5,5,5,5,5,5,5,5,Strategic,Standard,217,-0.039,-0.296,63.8,6.8,0.031,0.296,91.7,0,0,0.539,0.539,32,32,32,33,1,4,2,2,2,1,1.06,0.9,0.9,39.5,7.524754602026384,-0.5367480554696171,33.270101864413135,38.167693100803234,33.874271400144906
FC,2025-10-27,87.4,1.97,5.86,"Call, Alex",669743,641778,field_out,hit_into_play,,,,,4,Alex Call pops out to shortstop Andrés Giménez.,W,R,L,LAD,TOR,X,6,popup,2,0,2025,-0.4,0.55,-0.5874104859907892,2.2306273578202704,669242,,,1,13,Bot,111.24,149.46,,,,,-5.338176973401956,-127.31644826696008,-3.7855790069498294,-3.32456731373387,24.610774679036098,-25.627428954892874,3.4,1.66,135,60.9,57,87.6,2500,6.2,813032,623168,665489,643396,676391,665926,664702,662139,664770,54.26,0.01,0.009,0,1,0,0,3,114,3,Cutter,5,5,5,5,5,5,5,5,Strategic,Strategic,183,-0.202,-0.187,74.1,7.4,0.01,0.187,88.0,0,0,0.833,0.833,30,30,30,31,1,0,3,14,,1,2.41,-0.4,0.4,35.6,14.317458394611617,-8.321654680760794,37.23409806409093,29.32147820140507,34.07898673005353
FS,2025-10-27,85.7,-1.99,5.7,"Freeman, Freddie",518692,622554,,ball,,,,,13,Ball,W,L,R,LAD,TOR,B,,,0,0,2025,-0.8,-0.08,-0.7723241341844146,1.7627791463449265,,,,2,7,Bot,,,,,,,4.524554919952798,-124.66765110375177,-2.832797929409578,-9.301457626768258,27.276799559390394,-32.59393233823366,3.68477442587955,1.89954362603727,,,,85.7,851,6.5,813032,672386,665489,643396,676391,665926,664770,662139,680718,53.99,,,,,,,,63,1,Split-Finger,5,5,5,5,5,5,5,5,Infield shade,Standard,270,0.002,0.037,,,,-0.037,,0,0,0.521,0.521,30,35,31,36,1,3,3,2,2,1,3.21,0.8,-0.8,33.1,,,,,
FF,2025-10-27,97.9,-2.21,6.04,"Kiner-Falefa, Isiah",643396,808963,,ball,,,,,11,Ball,W,R,R,LAD,TOR,B,,,2,0,2025,-0.4,1.26,-0.08408711521354884,3.862426894476502,,,,1,9,Top,,,,,,,6.794059671106299,-142.43639937269188,-3.323683800735743,-7.073753771005493,33.40647029330061,-14.525274417496965,3.31640677141893,1.46999917131507,,,,99.4,1962,7.2,813032,669257,518692,669242,571970,605141,571771,681624,606192,53.3,,,,,,,,75,3,4-Seam Fastball,5,5,5,5,5,5,5,5,Standard,Standard,221,-0.018,0.143,,,,-0.143,,0,0,0.541,0.45899999999999996,23,30,24,30,1,0,10,2,4,1,1.13,0.4,0.4,43.7,,,,,
CU,2025-10-27,86.1,-1.56,5.85,"Guerrero Jr., Vladimir",665489,694361,,called_strike,,,,,1,Called Strike,W,R,R,LAD,TOR,S,,,0,1,2025,0.6,-1.15,-0.39375596511316385,3.558158726206383,,,,2,15,Top,,,,,,,1.5406680716454286,-125.2594670266913,3.166738166712029,5.928079331328491,27.476596561171476,-45.087477707709304,3.7346168327351,1.60000009098653,,,,85.6,2471,6.2,813032,669257,518692,500743,571970,605141,669743,669242,606192,54.34,,,,,,,,128,2,Curveball,5,5,5,5,5,5,5,5,Standard,Strategic,21,0.009,-0.057,,,,0.057,,0,0,0.61,0.39,25,26,26,26,1,7,3,2,,1,4.24,-0.6,-0.6,56.9,,,,,
FC,2025-10-27,89.9,3.59,5.77,"Freeman, Freddie",518692,689254,,foul,,,,,2,Foul,W,L,L,LAD,TOR,S,,,1,1,2025,-0.54,0.51,-0.0019983561440746755,3.1707892868387955,,660271,,2,5,Bot,,,,,,,-7.8230689815785235,-130.77316462978558,-1.5898725176316002,-4.6698439194885335,25.771234565492335,-26.131551003077913,3.69,1.79,246,75,35,90.8,2870,6.7,813032,672386,665489,666182,676391,665926,664770,662139,680718,53.79,,,,,,,,44,3,Cutter,3,4,3,4,4,3,3,4,Standard,Standard,206,-0.012,-0.056,68.3,6.9,,0.056,88.0,-1,-1,0.388,0.388,23,35,24,36,1,2,3,2,1,1,2.29,-0.54,-0.54,31.7,12.02450667802854,-4.4103905116419915,36.65726197975128,41.561172726625145,24.6039907728153
SI,2025-10-27,97.6,-1.69,5.83,"Bichette, Bo",666182,607192,single,hit_into_play,,,,,4,Bo Bichette singles on a line drive to center fielder Andy Pages.,W,R,R,LAD,TOR,X,8,line_drive,3,1,2025,-1,1.29,-0.32085972103033755,3.0349390917317294,,,,0,2,Top,125.45,87.01,,,,,6.152074108778027,-141.87073775326857,-5.055296185299482,-14.895373637907191,34.979334130325064,-13.813741366801557,3.68,1.73,241,88.6,15,99.7,2547,7.7,813032,669257,518692,669242,571970,605141,571771,681624,606192,52.83,0.965,0.904,0.9,1,1,0,4,8,5,Sinker,0,0,0,0,0,0,0,0,Standard,Standard,192,-0.023,0.258,71.0,6.8,1.08,-0.258,88.6,0,0,0.485,0.515,31,27,32,27,1,0,11,2,4,1,1.12,1,1,51.8,8.792731035645545,7.196236826984133,30.07734013601479,28.63261350364838,24.96747806967979
FF,2025-10-27,98.6,-2.84,5.47,"Hernández, Teoscar",606192,686973,,ball,,,,,12,Ball,W,R,R,LAD,TOR,B,,,1,1,2025,-0.38,1.33,0.7904640737133972,4.215515439519354,,,,1,6,Bot,,,,,,,10.856940899509496,-143.2678935940391,-1.0427429234111742,-7.700941529975342,33.23216044292637,-13.826591553057144,3.46878012581443,1.58000025377432,,,,99.7,2338,7,813032,672386,665489,666182,676391,665926,664770,662139,680718,53.53,,,,,,,,51,3,4-Seam Fastball,4,4,4,4,4,4,4,4,Standard,Standard,208,0.005,0.055,,,,-0.055,,0,0,0.541,0.541,27,32,28,33,1,2,2,2,1,1,1.02,0.38,0.38,47.0,,,,,
ST,2025-10-27,84.6,-3.33,5.96,"Varsho, Daulton",662139,595014,single,hit_into_play,,,,,9,Daulton Varsho singles on a ground ball to third baseman Max Muncy. Isiah Kiner-Falefa to 2nd.,W,L,R,LAD,TOR,X,5,ground_ball,0,2,2025,1.01,0.01,0.30824941537657924,1.551021213422903,,,643396,2,7,Top,113.49,175.41,,,,,6.379535485642599,-122.97316492686294,-3.8442656663185515,8.810812553700027,26.96570734155089,-31.456491484653053,3.38,1.56,2,43.6,-38,83.3,2563,5.7,813032,669257,518692,669242,571970,605141,571771,681624,606192,54.8,0.241,0.221,0.9,1,1,0,1,58,3,Sweeper,4,5,5,4,5,4,5,4,Strategic,Standard,55,-0.033,0.443,66.1,9.1,0.242,-0.443,88.0,-1,1,0.348,0.652,37,28,37,29,1,3,10,2,1,1,3.21,-1.01,1.01,26.1,27.745558950849478,-40.507614906834924,31.659276508026228,33.76459782920683,49.61908481633894
FF,2025-10-27,97.3,-0.95,5.58,"Kiner-Falefa, Isiah",643396,686218,,ball,,,,,11,Ball,W,R,R,LAD,TOR,B,,,0,0,2025,-0.78,1.75,-1.2039840437314822,3.209752652557219,,,,1,11,Top,,,,,,,1.1174578379903954,-141.5496057639865,-4.819686404920835,-10.62562268644491,37.208839653036925,-7.851842126106007,3.21687521245646,1.46999942334726,,,,97.4,2608,6.7,813032,669257,518692,669242,571970,605141,571771,681624,606192,53.78,,,,,,,,92,1,4-Seam Fastball,5,5,5,5,5,5,5,5,Standard,Standard,205,-0.006,0.039,,,,-0.039,,0,0,0.558,0.44199999999999995,25,30,26,30,1,1,3,2,5,1,0.69,0.78,0.78,38.3,,,,,
FF,2025-10-27,98.8,-2.21,5.79,"Straw, Myles",664702,683618,,ball,,,,,11,Ball,W,R,R,LAD,TOR,B,,,0,0,2025,-0.68,1.36,-0.5707046768394779,3.848092818217166,,,,0,14,Top,,,,,,,6.070791099169519,-143.81872266200293,-3.0415643362982343,-10.810093719596345,32.768415069995065,-12.784410296802257,3.40685093588462,1.62000132379661,,,,99.1,2593,6.4,813032,669257,518692,500743,571970,605141,669743,669242,606192,54.08,,,,,,,,118,1,4-Seam Fastball,5,5,5,5,5,5,5,5,Standard,Standard,209,-0.008,0.041,,,,-0.041,,0,0,0.5,0.5,23,30,23,31,1,2,27,3,2,1,0.97,0.68,0.68,34.6,,,,,
SL,2025-10-27,89.2,0.66,6.71,"Betts, Mookie",605141,680755,single,hit_into_play,,,,,9,Mookie Betts singles on a ground ball to left fielder Myles Straw. Shohei Ohtani to 2nd.,W,R,R,LAD,TOR,X,7,ground_ball,0,2,2025,0.05,0.34,0.6680493745908191,1.5567779397679993,,,660271,2,11,Bot,76.99,134.41,,,,,-0.08554965788096953,-129.7916707546899,-7.302884170512349,0.6346249684768025,25.41913270073624,-27.116360461425405,3.18,1.49,105,88,7,88.3,2358,5.6,813032,672386,665489,643396,676391,665926,664702,662139,664770,54.93,0.471,0.43,0.9,1,1,0,4,97,3,Slider,5,5,5,5,5,5,5,5,Strategic,Standard,185,0.076,0.443,70.2,8.0,0.517,-0.443,88.0,0,0,0.538,0.538,24,32,25,33,1,5,2,2,,1,2.51,-0.05,-0.05,50.8,15.7168827489565,-15.316835496192148,37.795660802561045,44.691496536346044,39.69860601493356
SI,2025-10-27,95.8,2.19,5.47,"Clement, Ernie",676391,680736,,foul,,,,,2,Foul,W,R,L,LAD,TOR,S,,,0,0,2025,1.13,1.09,0.01759144358192244,2.893793660689987,,,680718,1,6,Top,,,,,,,-8.134140589455585,-139.22849241435034,-3.5649743074321445,16.552695629106687,32.70882400236486,-17.409773181299897,3.33,1.54,244,82.6,54,94,2282,5.4,813032,669257,518692,669242,571970,605141,571771,681624,606192,55.07,,,,,,,,48,1,Sinker,4,4,4,4,4,4,4,4,Standard,Standard,144,0.006,-0.04,65.5,6.4,,0.04,88.0,0,0,0.497,0.503,24,29,25,29,1,2,3,2,4,1,1.41,1.13,-1.13,35.5,13.796891348541001,17.43463629464189,30.181810716754917,36.62717854255014,20.09336409793272
KC,2025-10-27,87.4,1.58,6.23,"Ohtani, Shohei",660271,663893,,blocked_ball,,,,,13,Ball In Dirt,W,L,L,LAD,TOR,B,,,1,0,2025,-0.3,-0.71,-0.19024768121238925,-0.30064673107543394,,,669743,2,17,Bot,,,,,,,-3.6083367094786474,-127.03525073405007,-8.034792229640699,-2.505276555865347,27.128231648549786,-38.28447848977606,3.5075043079261,1.6400009916891,,,,86.6,1964,5.9,813032,623168,665489,643396,676391,665926,664702,662139,664770,54.58,,,,,,,,146,2,Knuckle Curve,5,5,5,5,5,5,5,5,Infield shade,Standard,346,0.01,0.048,,,,-0.048,,0,0,0.568,0.568,28,30,29,31,1,8,10,2,,1,3.71,-0.3,-0.3,46.1,,,,,
SL,2025-10-27,86.7,-3.17,5.36,"Smith, Will",669257,453286,,blocked_ball,,,,,14,Ball In Dirt,W,R,R,LAD,TOR,B,,,0,2,2025,0.38,0.08,1.799818189824322,0.24023169415455525,,660271,,2,1,Bot,,,,,,,11.065461631896056,-125.80176935525421,-6.184079659060407,1.9547088033240168,24.001671350715917,-30.290416951045245,3.4,1.59,,,,86.6,2394,6.2,813032,672386,665489,666182,676391,665926,664770,662139,680718,54.26,,,,,,,,7,3,Slider,0,0,0,0,0,0,0,0,Standard,Standard,195,0.003,0.015,,,,-0.015,,0,0,0.52,0.52,40,30,41,30,1,0,11,2,5,1,2.96,-0.38,-0.38,28.2,,,,,
FF,2025-10-27,95.5,-2.65,5.62,"Betts, Mookie",605141,656546,,foul,,,,,6,Foul,W,R,R,LAD,TOR,S,,,2,0,2025,-1.19,1.39,0.3739926687485997,2.5212479176335734,,,,2,9,Bot,,,,,,,10.714623063704884,-138.52576569099622,-5.608279692938398,-17.953328693061007,35.64273886153383,-13.141070753136775,3.18,1.49,172,81,65,95.3,2626,6.7,813032,672386,665489,643396,676391,665926,664702,662139,664770,53.79,,,,,,,,81,3,4-Seam Fastball,5,5,5,5,5,5,5,5,Strategic,Standard,222,-0.005,-0.066,74.7,6.9,,0.066,88.0,0,0,0.544,0.544,32,32,32,33,1,4,2,2,2,1,1.15,1.19,1.19,36.8,5.9708426768199745,1.6629800185081844,29.97820759486734,42.66303922385905,30.00068061288361
FC,2025-10-27,87.4,1.87,6.01,"Call, Alex",669743,641778,,ball,,,,,13,Ball,W,R,L,LAD,TOR,B,,,1,0,2025,-0.23,0.75,-1.3901905443355655,2.4976007472777018,669242,,,1,13,Bot,,,,,,,-7.3519204540735945,-127.21189475149556,-3.904132096895078,-1.1284445435840407,23.123212059466375,-23.406585656435336,3.45490249606789,1.66000080439555,,,,87.2,2496,5.9,813032,623168,665489,643396,676391,665926,664702,662139,664770,54.59,,,,,,,,114,2,Cutter,5,5,5,5,5,5,5,5,Strategic,Strategic,175,0,0.037,,,,-0.037,,0,0,0.833,0.833,30,30,30,31,1,0,3,14,,1,2.2,-0.23,0.23,35.1,,,,,
FF,2025-10-27,98,-2.05,5.5,"Betts, Mookie",605141,622554,strikeout,swinging_strike,,,,,12,Mookie Betts strikes out swinging.,W,R,R,LAD,TOR,S,2,,1,2,2025,-0.51,1.43,1.2855403220039179,2.8841856516669093,,,,1,7,Bot,,,,,,,10.151387662644122,-142.27852144087046,-4.818426805958101,-9.364801087887237,35.333739331755446,-11.897951152342811,3.18,1.49,,,,97.5,2384,6.3,813032,672386,665489,643396,676391,665926,664770,662139,680718,54.19,,0,0,1,0,0,,62,4,4-Seam Fastball,5,5,5,5,5,5,5,5,Standard,Standard,211,-0.02,-0.18,67.8,7.2,,0.18,,0,0,0.541,0.541,30,32,31,33,1,3,3,2,2,1,0.97,0.51,0.51,27.6,10.082963133959092,0.6693497589366632,23.853700877286844,51.739288801168044,30.308163180440502
FF,2025-10-27,98.6,-2.2,6.07,"Kiner-Falefa, Isiah",643396,808963,,ball,,,,,11,Ball,W,R,R,LAD,TOR,B,,,1,0,2025,-0.62,1.21,-1.0241470260271694,3.770273983609364,,,,1,9,Top,,,,,,,4.739523750713042,-143.53255114331742,-3.663598572370466,-9.725920648583159,34.29688707012411,-14.772977796128789,3.21897704258171,1.47000097535809,,,,100.3,2144,7.3,813032,669257,518692,669242,571970,605141,571771,681624,606192,53.21,,,,,,,,75,2,4-Seam Fastball,5,5,5,5,5,5,5,5,Standard,Standard,218,-0.011,0.071,,,,-0.071,,0,0,0.552,0.44799999999999995,23,30,24,30,1,0,10,2,4,1,1.14,0.62,0.62,42.3,,,,,
SI,2025-10-27,97.5,-1.74,5.89,"Bichette, Bo",666182,607192,,ball,,,,,11,Ball,W,R,R,LAD,TOR,B,,,2,1,2025,-1.02,1.29,-1.0643750100008518,4.078257399214259,,,,0,2,Top,,,,,,,4.275535093259677,-141.86049873525516,-2.3432227349264667,-14.768412335855272,35.61196703907288,-14.471600444514666,3.70369117908588,1.72999912680365,,,,99.6,2579,7.7,813032,669257,518692,669242,571970,605141,571771,681624,606192,52.83,,,,,,,,8,4,Sinker,0,0,0,0,0,0,0,0,Standard,Standard,191,-0.011,0.134,,,,-0.134,,0,0,0.496,0.504,31,27,32,27,1,0,11,2,4,1,1.12,1.02,1.02,52.6,,,,,
FF,2025-10-27,98.7,-1.64,5.71,"Guerrero Jr., Vladimir",665489,694361,,swinging_strike,,,,,11,Swinging Strike,W,R,R,LAD,TOR,S,,,0,0,2025,-0.69,1.56,-0.5167489452948498,3.7909698989959155,,,,2,15,Top,,,,,,,4.694147514081182,-143.52161035730725,-3.367373647352431,-10.599926423611317,36.909290792031626,-10.121713923260977,3.63,1.6,,,,99.1,2281,6.8,813032,669257,518692,500743,571970,605141,669743,669242,606192,53.69,,,,,,,,128,1,4-Seam Fastball,5,5,5,5,5,5,5,5,Standard,Strategic,217,0.005,-0.043,71.9,6.2,,0.043,,0,0,0.605,0.395,25,26,26,26,1,7,3,2,,1,0.8,0.69,0.69,47.6,-4.238337638801532,18.05072165574745,25.068398129713493,30.55445121344492,19.54689000735883
ST,2025-10-27,82.4,3.33,5.77,"Freeman, Freddie",518692,689254,,foul,,,,,8,Foul,W,L,L,LAD,TOR,S,,,1,0,2025,-1.23,-0.18,-0.1412205748596419,2.2929432960955465,,660271,,2,5,Bot,,,,,,,-5.521455875022477,-119.82599585953999,-0.9362257819867525,-10.587555575401007,25.726204723029465,-33.95445823239094,3.69,1.79,4,77.1,-28,82.7,2744,6.8,813032,672386,665489,666182,676391,665926,664770,662139,680718,53.74,,,,,,,,44,2,Sweeper,3,4,3,4,4,3,3,4,Standard,Standard,293,-0.005,-0.044,72.8,7.3,,0.044,88.0,-1,-1,0.393,0.393,23,35,24,36,1,2,3,2,1,1,3.57,-1.23,-1.23,38.6,14.836838375541166,-8.066066813671341,38.180569088628054,42.86210490526712,35.651556430682675
KC,2025-10-27,88,-2.9,5.55,"Hernández, Teoscar",606192,686973,,swinging_strike,,,,,14,Swinging Strike,W,R,R,LAD,TOR,S,,,1,0,2025,0.32,-1.03,0.7158748619807177,1.3761409670395794,,,,1,6,Bot,,,,,,,8.193584456746194,-127.91839676172316,-1.876987520874129,1.7725877978057525,26.579363671881644,-43.24588280171114,3.41,1.58,,,,88.7,2598,6.8,813032,672386,665489,666182,676391,665926,664770,662139,680718,53.68,,,,,,,,51,2,Knuckle Curve,4,4,4,4,4,4,4,4,Standard,Standard,36,-0.005,-0.049,75.4,8.6,,0.049,,0,0,0.546,0.546,27,32,28,33,1,2,2,2,1,1,3.98,-0.32,-0.32,43.0,13.87665527431251,-15.881068341123974,34.55988063992175,42.20618428326935,41.55936888940276
ST,2025-10-27,83,-3.23,5.98,"Varsho, Daulton",662139,595014,,foul,,,,,2,Foul,W,L,R,LAD,TOR,S,,,0,1,2025,1.14,-0.17,0.24515466033335276,3.1772780134729453,,,643396,2,7,Top,,,,,,,5.672811063755113,-120.7506268228709,0.43185108121296567,9.840033130748305,25.750411536582362,-34.136266181091074,3.38,1.56,,,,81.8,2615,5.7,813032,669257,518692,669242,571970,605141,571771,681624,606192,54.79,,,,,,,,58,2,Sweeper,4,5,5,4,5,4,5,4,Standard,Standard,51,0.006,-0.055,73.8,7.6,,0.055,,-1,1,0.342,0.6579999999999999,37,28,37,29,1,3,10,2,1,1,3.5,-1.14,1.14,25.6,11.73058510594431,-7.955372972068414,21.760467409821658,31.470167340229615,25.069638133784284
FF,2025-10-27,94.6,-0.87,5.47,"Guerrero Jr., Vladimir",665489,686218,field_out,hit_into_play,,,,,6,Vladimir Guerrero Jr. flies out to center fielder Andy Pages.,W,R,R,LAD,TOR,X,8,fly_ball,1,1,2025,-0.92,1.53,0.7049347969328097,2.490743343350231,,,,0,11,Top,133.4,68.48,,,,,6.206211230977901,-137.54968032845107,-5.499853352607446,-13.127396596168227,33.09417230619219,-11.710744623984391,3.63,1.6,324,96.6,36,95,2469,6.7,813032,669257,518692,669242,571970,605141,571771,681624,606192,53.76,0.181,0.34933333333333333,0,1,0,0,3,91,3,4-Seam Fastball,5,5,5,5,5,5,5,5,Standard,Strategic,208,0.055,-0.251,84.3,8.3,0.687,0.251,96.6,0,0,0.503,0.497,25,26,26,26,1,5,3,2,5,1,1.04,0.92,0.92,38.0,6.293991236379293,-15.135468958889163,26.54575023153311,42.76147795489235,38.423366190632386
FF,2025-10-27,99.7,-1.96,5.64,"Heineman, Tyler",623168,683618,field_out,hit_into_play,,,,,1,Tyler Heineman flies out to center fielder Andy Pages.,W,L,R,LAD,TOR,X,8,fly_ball,0,0,2025,-0.76,1.22,-0.5624541921279099,2.8551622105568475,,,662139,2,13,Top,114.76,66.83,,,,,5.707116244290042,-145.04427673899335,-5.164122078784615,-12.108044562425906,36.283698832059414,-13.97662635640367,3.17,1.47,329,93.8,37,100.7,2465,7,813032,669257,518692,669242,571970,605141,571771,681624,606192,53.51,0.056,0.088,0,1,0,0,3,111,1,4-Seam Fastball,5,5,5,5,5,5,5,5,Standard,Strategic,211,0.065,-0.271,67.9,6.6,0.163,0.271,93.8,0,0,0.574,0.42600000000000005,23,34,23,34,1,0,27,32,2,,1.09,0.76,-0.76,37.0,1.8276725264629547,0.4714549158049043,23.0458656331448,42.309425399449935,33.30113586729353
SL,2025-10-27,88.4,-3.1,5.62,"Smith, Will",669257,453286,,called_strike,,,,,5,Called Strike,W,R,R,LAD,TOR,S,,,0,1,2025,0.22,0.34,0.06655453741940848,2.638549872615106,,660271,,2,1,Bot,,,,,,,7.279525426652241,-128.70873809811206,-1.9448335755957367,1.082605173632452,24.421505329322635,-28.24358093698958,3.44628903892124,1.58999905153841,,,,88.9,2367,6.3,813032,672386,665489,666182,676391,665926,664770,662139,680718,54.15,,,,,,,,7,2,Slider,0,0,0,0,0,0,0,0,Standard,Standard,140,-0.008,-0.056,,,,0.056,,0,0,0.528,0.528,40,30,41,30,1,0,11,2,5,1,2.56,-0.22,-0.22,33.4,,,,,
SI,2025-10-27,98.4,1.8,5.49,"Barger, Addison",680718,680736,single,hit_into_play,,,,,2,"Addison Barger singles on a ground ball to shortstop Mookie Betts, deflected by third baseman Max Muncy.",W,L,L,LAD,TOR,X,5,ground_ball,2,2,2025,1.29,0.74,0.1954848206028741,3.520073482359627,,,,1,6,Top,116.93,163.54,,,,,-7.223216417291633,-143.17090166388905,-1.5726844347639366,19.447255981949024,34.002329562656236,-21.837326740027716,3.72,1.74,1,70.6,-73,96.9,2485,5.5,813032,669257,518692,669242,571970,605141,571771,681624,606192,55.02,0.273,0.251,0.9,1,1,0,2,47,6,Sinker,4,4,4,4,4,4,4,4,Strategic,Standard,155,-0.041,0.44,70.7,5.8,0.274,-0.44,88.0,0,0,0.538,0.46199999999999997,24,25,25,26,1,2,3,2,4,1,1.62,1.29,1.29,38.2,-4.413895759756465,35.886624316426385,22.42646000982901,32.24469899554694,16.88632904909852
CU,2025-10-27,85.3,0.6,6.6,"Betts, Mookie",605141,680755,,called_strike,,,,,12,Called Strike,W,R,R,LAD,TOR,S,,,0,1,2025,-0.14,-0.7,0.20790341039854016,3.2768787771734473,,,660271,2,11,Bot,,,,,,,-0.6315660895624157,-124.27745243257692,-0.1706325251710037,-1.3824471327995849,23.699821771169873,-39.637168479228656,3.15533131212742,1.45679571034172,,,,84.3,2574,5.4,813032,672386,665489,643396,676391,665926,664702,662139,664770,55.07,,,,,,,,97,2,Curveball,5,5,5,5,5,5,5,5,Strategic,Standard,22,-0.016,-0.055,,,,0.055,,0,0,0.554,0.554,24,32,25,33,1,5,2,2,,1,3.81,0.14,0.14,49.2,,,,,
KC,2025-10-27,87,1.62,6.17,"Ohtani, Shohei",660271,663893,,blocked_ball,,,,,13,Ball In Dirt,W,L,L,LAD,TOR,B,,,0,0,2025,-0.41,-0.87,-1.133466999643194,0.11371344320236432,,,669743,2,17,Bot,,,,,,,-5.723118722715218,-126.4537108906204,-6.4801746367326185,-3.138313303195739,27.169049400384353,-40.238382806020304,3.5900508031493,1.64000035630654,,,,86.2,1886,5.9,813032,623168,665489,643396,676391,665926,664702,662139,664770,54.57,,,,,,,,146,1,Knuckle Curve,5,5,5,5,5,5,5,5,Infield shade,Standard,338,0.005,0.035,,,,-0.035,,0,0,0.563,0.563,28,30,29,31,1,8,10,2,,1,3.9,-0.41,-0.41,44.9,,,,,
SL,2025-10-27,87.6,-2.49,5.68,"Betts, Mookie",605141,656546,,ball,,,,,14,Ball,W,R,R,LAD,TOR,B,,,1,0,2025,0.13,0.3,1.6864806927845903,0.42733460276268964,,,,2,9,Bot,,,,,,,9.87414817758336,-127.26687918314545,-7.27473994999034,-0.3327567998471083,22.89405565325874,-27.7070800633766,3.19664336272007,1.49000051138551,,,,88.6,2845,6.7,813032,672386,665489,643396,676391,665926,664702,662139,664770,53.79,,,,,,,,81,2,Slider,5,5,5,5,5,5,5,5,Strategic,Standard,325,0.005,0.065,,,,-0.065,,0,0,0.539,0.539,32,32,32,33,1,4,2,2,2,1,2.65,-0.13,-0.13,42.0,,,,,
CU,2025-10-27,74.7,1.81,6.2,"Call, Alex",669743,641778,,ball,,,,,13,Ball,W,R,L,LAD,TOR,B,,,0,0,2025,-1.01,-0.83,-0.6879439342198148,1.3611572716254452,669242,,,1,13,Bot,,,,,,,-3.3514624779221553,-108.729028438606,-1.2961358320763472,-7.344493053189027,19.880473041755526,-38.7068322427047,3.40823927726464,1.65999977101831,,,,74.4,2451,6.1,813032,623168,665489,643396,676391,665926,664702,662139,664770,54.38,,,,,,,,114,1,Curveball,5,5,5,5,5,5,5,5,Strategic,Strategic,319,0,0.026,,,,-0.026,,0,0,0.833,0.833,30,30,30,31,1,0,3,14,,1,4.92,-1.01,1.01,39.8,,,,,
SI,2025-10-27,98,-1.92,5.52,"Betts, Mookie",605141,622554,,called_strike,,,,,2,Called Strike,W,R,R,LAD,TOR,S,,,1,1,2025,-1.49,0.55,0.06175244460465046,2.9807771641999388,,,,1,7,Bot,,,,,,,8.769674535106846,-142.38142224432613,-2.5874548122110466,-22.321216135536034,35.61689173117887,-24.279326222745574,3.21704626790927,1.48999909209822,,,,97.4,2302,6.3,813032,672386,665489,643396,676391,665926,664770,662139,680718,54.24,,,,,,,,62,3,Sinker,5,5,5,5,5,5,5,5,Standard,Standard,214,-0.008,-0.064,,,,0.064,,0,0,0.549,0.549,30,32,31,33,1,3,3,2,2,1,1.85,1.49,1.49,30.1,,,,,
SI,2025-10-27,96.8,-1.7,5.92,"Bichette, Bo",666182,607192,,swinging_strike,,,,,11,Swinging Strike,W,R,R,LAD,TOR,S,,,2,0,2025,-0.67,1.44,-0.1903156589396886,3.8039941718496046,,,,0,2,Top,,,,,,,5.708161179349158,-140.8283715712082,-3.4615494656024217,-10.186529200967755,31.366481270955987,-12.461515674446247,3.68,1.73,,,,99.3,2374,7.6,813032,669257,518692,669242,571970,605141,571771,681624,606192,52.85,,,,,,,,8,3,Sinker,0,0,0,0,0,0,0,0,Standard,Standard,192,0.007,-0.072,39.5,4.7,,0.072,,0,0,0.489,0.511,31,27,32,27,1,0,11,2,4,1,0.99,0.67,0.67,51.7,-22.42777905317364,46.92590517303507,35.847069083890986,28.94244230610749,-0.843468265719836
FF,2025-10-27,98.4,-2.19,6.09,"Kiner-Falefa, Isiah",643396,808963,,ball,,,,,11,Ball,W,R,R,LAD,TOR,B,,,0,0,2025,-0.54,1.29,-0.9414960505799792,3.1445020497308662,,,,1,9,Top,,,,,,,4.731651000335323,-143.17451105509673,-5.583004828215887,-8.522225769531856,34.65041698554518,-13.412659343234715,3.267366795412,1.47000112129468,,,,99.9,2093,7.2,813032,669257,518692,669242,571970,605141,571771,681624,606192,53.28,,,,,,,,75,1,4-Seam Fastball,5,5,5,5,5,5,5,5,Standard,Standard,221,-0.006,0.039,,,,-0.039,,0,0,0.558,0.44199999999999995,23,30,24,30,1,0,10,2,4,1,1.08,0.54,0.54,44.6,,,,,
ST,2025-10-27,90.7,-1.61,5.57,"Lukes, Nathan",664770,694361,field_out,hit_into_play,,,,,9,"Nathan Lukes grounds out, shortstop Mookie Betts to first baseman Freddie Freeman.",W,L,R,LAD,TOR,X,6,ground_ball,2,2,2025,0.63,-0.37,0.43438837508810024,1.7778301010412174,,,,1,15,Top,111.49,137,,,,,3.779891405402086,-131.98930511478486,-2.7455107403860923,6.5150923868753905,29.44549880431131,-36.083728180496045,3.35,1.54,116,89.5,6,90.8,2543,6.4,813032,669257,518692,500743,571970,605141,669743,669242,606192,54.05,0.476,0.436,0,1,0,0,4,127,7,Sweeper,5,5,5,5,5,5,5,5,Strategic,Strategic,25,0.04,-0.228,77.5,6.7,0.535,0.228,89.5,0,0,0.565,0.43500000000000005,25,30,26,31,1,7,3,2,,1,3.15,-0.63,0.63,43.0,4.838084015696453,5.603980984903647,38.95685836903891,35.66852953346071,21.996917479992636
FC,2025-10-27,91.2,3.8,5.75,"Freeman, Freddie",518692,689254,,ball,,,,,12,Ball,W,L,L,LAD,TOR,B,,,0,0,2025,0.09,0.77,1.0820282326124813,3.6106233534047205,,660271,,2,5,Bot,,,,,,,-7.077834760625928,-132.7684013650949,-1.214493118628373,2.401103402813981,25.96478154949311,-22.90816456428009,3.69060580779005,1.78999894401804,,,,92.2,2805,6.7,813032,672386,665489,666182,676391,665926,664770,662139,680718,53.81,,,,,,,,44,1,Cutter,3,4,3,4,4,3,3,4,Standard,Standard,175,0.002,0.019,,,,-0.019,,-1,-1,0.391,0.391,23,35,24,36,1,2,3,2,1,1,1.94,0.09,0.09,27.7,,,,,
KC,2025-10-27,90.1,-2.96,5.48,"Hernández, Teoscar",606192,686973,,ball,,,,,14,Ball,W,R,R,LAD,TOR,B,,,0,0,2025,0.07,-0.66,1.0890684825829184,0.9368696341303235,,,,1,6,Bot,,,,,,,10.002855723850931,-130.90950125054815,-3.954273773479664,-1.2078668684431386,26.647439599029603,-39.104330772275766,3.42167026502105,1.57999948635862,,,,91.2,2628,6.9,813032,672386,665489,666182,676391,665926,664770,662139,680718,53.57,,,,,,,,51,1,Knuckle Curve,4,4,4,4,4,4,4,4,Standard,Standard,39,0.004,0.039,,,,-0.039,,0,0,0.542,0.542,27,32,28,33,1,2,2,2,1,1,3.46,-0.07,-0.07,41.1,,,,,
SL,2025-10-27,89.8,-1.13,5.18,"Guerrero Jr., Vladimir",665489,686218,,ball,,,,,14,Ball,W,R,R,LAD,TOR,B,,,0,1,2025,0.47,0.76,2.284113439162615,1.5516100167900853,,,,0,11,Top,,,,,,,7.497842846065111,-130.51931292115336,-4.625211597003659,3.837494324502623,27.245540013972754,-22.713028206008264,3.67308856736723,1.59999861125851,,,,90.3,2420,6.6,813032,669257,518692,669242,571970,605141,571771,681624,606192,53.86,,,,,,,,91,2,Slider,5,5,5,5,5,5,5,5,Standard,Strategic,201,-0.006,0.031,,,,-0.031,,0,0,0.509,0.491,25,26,26,26,1,5,3,2,5,1,2.07,-0.47,-0.47,30.5,,,,,
ST,2025-10-27,84.5,-3.27,6.07,"Varsho, Daulton",662139,595014,,swinging_strike,,,,,5,Swinging Strike,W,L,R,LAD,TOR,S,,,0,0,2025,0.88,0.18,0.03654547878570413,2.1590141817749977,,,643396,2,7,Top,,,,,,,5.880015583961852,-122.830770110468,-2.9969206790054423,7.48782423179412,27.60161754661579,-29.901651438884933,3.38,1.56,,,,83,2544,5.7,813032,669257,518692,669242,571970,605141,571771,681624,606192,54.83,,,,,,,,58,1,Sweeper,4,5,5,4,5,4,5,4,Standard,Standard,64,0.004,-0.042,73.7,9.0,,0.042,,-1,1,0.338,0.6619999999999999,37,28,37,29,1,3,10,2,1,1,3.05,-0.88,0.88,29.9,21.84531834674225,-37.47984214880529,26.59715868330658,36.56141439379627,46.83161857857891
FF,2025-10-27,100.8,-1.78,5.76,"Varsho, Daulton",662139,683618,hit_by_pitch,hit_by_pitch,,,,,14,Daulton Varsho hit by pitch.,W,L,R,LAD,TOR,B,,,0,1,2025,-0.38,1.47,2.6175711560196584,2.224036730914671,,,,2,13,Top,,,,,,,13.294711468838596,-146.06814955576363,-8.072128765773767,-8.585907314259984,34.2676594365389,-9.290948070525218,3.38,1.56,,,,101.9,2686,7.1,813032,669257,518692,669242,571970,605141,571771,681624,606192,53.37,,0.722289,0.7,1,0,0,,110,2,4-Seam Fastball,5,5,5,5,5,5,5,5,Strategic,Strategic,209,-0.036,0.37,,,,-0.37,,0,0,0.61,0.39,23,28,23,29,1,6,27,2,2,1,0.79,0.38,-0.38,38.5,,,,,
SL,2025-10-27,89.9,0.47,6.6,"Betts, Mookie",605141,680755,,called_strike,,,,,2,Called Strike,W,R,R,LAD,TOR,S,,,0,0,2025,0.22,0.35,-0.10810398597442658,2.898742860474204,,,660271,2,11,Bot,,,,,,,-1.86085418674541,-130.90753455519396,-3.937333559994475,2.888415324529485,26.358172743716164,-27.49697590890445,3.08905931629398,1.48999913756543,,,,88.8,2403,5.5,813032,672386,665489,643396,676391,665926,664702,662139,664770,55.03,,,,,,,,97,1,Slider,5,5,5,5,5,5,5,5,Strategic,Standard,174,-0.009,-0.042,,,,0.042,,0,0,0.563,0.563,24,32,25,33,1,5,2,2,,1,2.45,-0.22,-0.22,48.9,,,,,
SL,2025-10-27,87.2,2.24,5.56,"Barger, Addison",680718,680736,,ball,,,,,13,Ball,W,L,L,LAD,TOR,B,,,1,2,2025,-0.37,-0.19,-1.3967550278114018,2.09315865815648,,,,1,6,Top,,,,,,,-7.825321216656647,-126.88498806090695,-1.790877085978055,-2.4226540141948054,24.8979147028724,-34.113063562770314,3.53032157004247,1.58342928429416,,,,85.7,2628,5.2,813032,669257,518692,669242,571970,605141,571771,681624,606192,55.27,,,,,,,,47,5,Slider,4,4,4,4,4,4,4,4,Strategic,Standard,297,-0.004,0.048,,,,-0.048,,0,0,0.542,0.45799999999999996,24,25,25,26,1,2,3,2,4,1,3.18,-0.37,-0.37,43.4,,,,,
SI,2025-10-27,93,2.17,6.09,"Call, Alex",669743,663893,single,hit_into_play,,,,,5,Alex Call singles on a line drive to center fielder Daulton Varsho.,W,R,L,LAD,TOR,X,8,line_drive,1,0,2025,0.99,-0.04,-0.012200680291241994,2.272271857538056,,,,2,17,Bot,92.84,82.88,,,,,-7.6840192743028,-135.30974338600242,-3.918246623051383,13.85694838106738,29.062621184028398,-31.966611477585232,3.4,1.66,179,96.1,11,92.2,2036,5.8,813032,623168,665489,643396,676391,665926,664702,662139,664770,54.7,0.889,0.838,0.9,1,1,0,4,145,2,Sinker,5,5,5,5,5,5,5,5,Strategic,Standard,113,0.024,0.288,73.9,6.7,1.024,-0.288,96.1,0,0,0.539,0.539,28,30,29,31,1,2,10,14,,1,2.67,0.99,-0.99,31.6,6.766951070691371,4.684271079358856,37.22670778230007,35.23975373308891,31.224736067935403
FF,2025-10-27,95.9,-2.89,5.76,"Smith, Will",669257,453286,,foul,,,,,6,Foul,W,R,R,LAD,TOR,S,,,0,0,2025,-0.6,1.41,0.6199020128368465,2.435882576568093,,660271,,2,1,Bot,,,,,,,10.552867345152745,-139.17509165319478,-6.327242706261173,-10.101158498784402,30.408527273219566,-12.598475215779182,3.4,1.59,318,92.9,38,95.4,2390,6.1,813032,672386,665489,666182,676391,665926,664770,662139,680718,54.38,,,,,,,,7,1,4-Seam Fastball,0,0,0,0,0,0,0,0,Standard,Standard,216,-0.005,-0.04,68.8,6.9,,0.04,92.9,0,0,0.533,0.533,40,30,41,30,1,0,11,2,5,1,1.08,0.6,0.6,35.0,2.659828028339583,22.74324671608494,28.727263574892525,43.27378219640799,20.789402799201614
FF,2025-10-27,94.2,-2.53,5.77,"Betts, Mookie",605141,656546,,ball,,,,,12,Ball,W,R,R,LAD,TOR,B,,,0,0,2025,-0.72,1.54,0.8411342700918577,2.769901750590765,,,660271,1,9,Bot,,,,,,,10.380539452805115,-136.69575286366816,-5.453457817949789,-11.426435663817943,32.489569384918525,-11.849956594730086,3.32185094880973,1.56758161895643,,,,94.2,2570,6.6,813032,672386,665489,643396,676391,665926,664702,662139,664770,53.89,,,,,,,,81,1,4-Seam Fastball,5,5,5,5,5,5,5,5,Standard,Standard,217,-0.096,0.035,,,,-0.035,,0,0,0.635,0.635,32,32,32,33,1,4,2,2,2,1,1.06,0.72,0.72,35.3,,,,,
FF,2025-10-27,91.2,1.87,6,"Rojas, Miguel",500743,641778,sac_bunt,hit_into_play,,,,,11,"Miguel Rojas out on a sacrifice bunt, third baseman Ernie Clement to second baseman Isiah Kiner-Falefa. Tommy Edman to 3rd.",W,R,L,LAD,TOR,X,5,ground_ball,0,0,2025,0.7,1.5,-0.9695323525981117,3.4878767018538497,,669242,,0,13,Bot,116.31,186.03,,,,,-8.597177727935593,-132.4668763587915,-3.58420347030555,10.16448196628745,29.730749102482502,-13.958984153354587,3.31,1.61,20,24,5,90.6,2217,6.1,813032,623168,665489,643396,676391,665926,664702,662139,664770,54.36,,,0.2,0,0,0,1,113,1,4-Seam Fastball,5,5,5,5,5,5,5,5,Strategic,Standard,138,0.028,-0.048,9.5,0.5,,0.048,88.0,0,0,0.805,0.805,30,36,30,36,1,0,3,19,,4,1.26,0.7,-0.7,36.0,23.996205078990837,175.87663453647426,82.23093358469076,19.471095245299942,15.917795333459711
ST,2025-10-27,86.2,-2.04,5.65,"Betts, Mookie",605141,622554,,ball,,,,,14,Ball,W,R,R,LAD,TOR,B,,,0,1,2025,1.24,0.13,1.7575947884866072,0.9986926397016758,,,,1,7,Bot,,,,,,,6.482653329392513,-125.2084579319756,-4.974645737633109,11.42484581056718,29.17580092743674,-29.906729729008443,3.12780921271816,1.45461263358164,,,,85.7,2578,6.4,813032,672386,665489,643396,676391,665926,664770,662139,680718,54.11,,,,,,,,62,2,Sweeper,5,5,5,5,5,5,5,5,Standard,Standard,60,0.003,0.029,,,,-0.029,,0,0,0.546,0.546,30,32,31,33,1,3,3,2,2,1,2.99,-1.24,-1.24,34.0,,,,,
FF,2025-10-27,95.2,-1.63,5.92,"Bichette, Bo",666182,607192,,ball,,,,,14,Ball,W,R,R,LAD,TOR,B,,,1,0,2025,0.12,1.4,0.9750607715678468,2.0176771560618434,,,,0,2,Top,,,,,,,6.724509741791986,-138.40051704513553,-7.930701296003005,0.18464267799685813,28.86132921071396,-12.651534373252602,3.73721432569911,1.72999895440883,,,,97.7,2514,7.6,813032,669257,518692,669242,571970,605141,571771,681624,606192,52.89,,,,,,,,8,2,4-Seam Fastball,0,0,0,0,0,0,0,0,Strategic,Standard,194,-0.007,0.077,,,,-0.077,,0,0,0.496,0.504,31,27,32,27,1,0,11,2,4,1,1.11,-0.12,-0.12,52.7,,,,,
FF,2025-10-27,98.1,-2.2,6.07,"Guerrero Jr., Vladimir",665489,808963,field_out,hit_into_play,,,,,4,Vladimir Guerrero Jr. flies out to right fielder Teoscar Hernández.,W,R,R,LAD,TOR,X,9,fly_ball,1,1,2025,-0.62,1.26,-0.38002284406096776,2.763357889272592,,,,0,9,Top,172.63,81.62,,,,,6.4753488773481385,-142.6200358730867,-6.444247793201986,-10.050021544089175,35.458085214118995,-13.657783080578412,3.63,1.6,314,92.1,31,99.5,2092,7.3,813032,669257,518692,669242,571970,605141,571771,681624,606192,53.19,0.073,0.108,0,1,0,0,3,74,3,4-Seam Fastball,5,5,5,5,5,5,5,5,Standard,Standard,223,0.055,-0.251,77.7,7.2,0.198,0.251,92.1,0,0,0.503,0.497,23,26,24,26,1,4,10,2,4,1,1.13,0.62,0.62,42.1,-1.4889470679292378,-1.6269194461807859,32.080558368179986,31.256926744468025,29.695363877034637
FF,2025-10-27,99.3,-1.35,5.67,"Lukes, Nathan",664770,694361,,foul,,,,,2,Foul,W,L,R,LAD,TOR,S,,,2,2,2025,-0.46,1.42,0.22290968693581031,2.8619522840331215,,,,1,15,Top,,,,,,,5.427175146333572,-144.4065307937346,-5.62772299358931,-7.747935367857835,34.631852319167336,-11.163362957066525,3.35,1.54,224,75.8,47,99.9,2198,6.7,813032,669257,518692,500743,571970,605141,669743,669242,606192,53.76,,,,,,,,127,6,4-Seam Fastball,5,5,5,5,5,5,5,5,Standard,Strategic,218,0,0,68.1,5.6,,0,88.0,0,0,0.565,0.43500000000000005,25,30,26,31,1,7,3,2,,1,0.9,0.46,-0.46,51.5,-1.5017001299547368,32.15972372421504,26.18772417270705,38.33521237788395,16.52762324214822
FC,2025-10-27,91.6,3.51,5.83,"Betts, Mookie",605141,689254,field_out,hit_into_play,,,,,4,Mookie Betts flies out to left fielder Nathan Lukes.,W,R,L,LAD,TOR,X,7,fly_ball,1,2,2025,-0.46,0.77,-0.6982902878513226,2.6030516817653826,,660271,,1,5,Bot,80.91,106.73,,,,,-9.70442116055214,-133.1436343877419,-4.025495953282075,-3.705926783594021,25.266154318650813,-22.279319273852803,3.18,1.49,256,85.5,47,92.8,2861,6.8,813032,672386,665489,666182,676391,665926,664770,662139,680718,53.69,0.008,0.007,0,1,0,0,3,43,4,Cutter,3,4,3,4,4,3,3,4,Infield shade,Standard,185,-0.038,-0.187,,,0.008,0.187,88.0,-1,-1,0.429,0.429,23,32,24,33,1,2,3,2,1,1,1.92,-0.46,0.46,33.5,,,,,
KC,2025-10-27,89,-3.07,5.48,"Muncy, Max",571970,686973,strikeout,swinging_strike,,,,,13,Max Muncy strikes out swinging.,W,L,R,LAD,TOR,S,2,,2,2,2025,0.28,-0.71,-0.03748922851833156,1.0544285937205506,,,,0,6,Bot,,,,,,,6.927946621692941,-129.46070422704736,-3.3583174890073058,1.7249339831075592,27.05099998216629,-39.603476436053754,3.1,1.52,,,,90.1,2614,7,813032,672386,665489,666182,676391,665926,664770,662139,680718,53.54,,0,0,1,0,0,,50,5,Knuckle Curve,4,4,4,4,4,4,4,4,Infield shade,Standard,35,-0.029,-0.232,71.1,7.7,,0.232,,0,0,0.571,0.571,27,34,28,35,1,2,2,2,1,1,3.59,-0.28,0.28,36.3,23.367758447399577,-16.63557819977034,38.72409577609056,36.807210603163284,44.96770383340946
CU,2025-10-27,78.2,-0.78,5.5,"Guerrero Jr., Vladimir",665489,686218,,called_strike,,,,,6,Called Strike,W,R,R,LAD,TOR,S,,,0,0,2025,0.75,-1.36,0.7117240028228765,2.9823746500078023,,,,0,11,Top,,,,,,,1.8381291277435392,-113.688218403992,4.110407941301553,6.043656614725354,24.07858895403684,-44.96189996832693,3.71358708670203,1.60000254388558,,,,78,2670,6.6,813032,669257,518692,669242,571970,605141,571771,681624,606192,53.91,,,,,,,,91,1,Curveball,5,5,5,5,5,5,5,5,Standard,Strategic,39,0.009,-0.039,,,,0.039,,0,0,0.5,0.5,25,26,26,26,1,5,3,2,5,1,5.14,-0.75,-0.75,42.0,,,,,
FF,2025-10-27,95,-2.69,6.25,"Bichette, Bo",666182,595014,single,hit_into_play,,,,,6,Bo Bichette singles on a ground ball to right fielder Teoscar Hernández. Vladimir Guerrero Jr. scores.,W,R,R,LAD,TOR,X,9,ground_ball,1,2,2025,-0.86,1.06,0.8027177990535741,2.956494143331075,,,665489,2,7,Top,183.95,137.89,,,,,10.932549852755324,-137.85767505287697,-5.301313092705847,-13.335243541757547,29.283658904319157,-17.571122225726118,3.68,1.73,77,105,1,94.1,2443,5.8,813032,669257,518692,669242,571970,605141,571771,681624,606192,54.66,0.527,0.488,0.9,1,1,0,4,57,7,4-Seam Fastball,4,4,4,4,5,4,5,4,Standard,Standard,229,-0.221,0.434,69.7,6.3,0.587,-0.434,105.0,0,0,0.559,0.44099999999999995,37,27,37,27,1,3,10,2,1,1,1.47,0.86,0.86,33.5,-15.261592824443285,26.684957111236027,31.12018665417207,42.70303100494381,7.012652090427768
CU,2025-10-27,84.3,-1.78,5.94,"Varsho, Daulton",662139,683618,,called_strike,,,,,4,Called Strike,W,L,R,LAD,TOR,S,,,0,0,2025,0.84,-0.7,-0.3850581729704662,2.469536047484669,,,,2,13,Top,,,,,,,1.594112094464164,-122.79172298124364,-0.2579928990375018,8.10604341957103,25.766625435319984,-39.41480278659289,3.34063865933543,1.55999962370831,,,,84.6,2781,6.6,813032,669257,518692,669242,571970,605141,571771,681624,606192,53.93,,,,,,,,110,1,Curveball,5,5,5,5,5,5,5,5,Strategic,Strategic,43,0.005,-0.043,,,,0.043,,0,0,0.605,0.395,23,28,23,29,1,6,27,2,2,1,3.92,-0.84,0.84,42.1,,,,,
FF,2025-10-27,95.1,-3.04,5.73,"Freeman, Freddie",518692,453286,field_out,hit_into_play,,,,,3,Freddie Freeman pops out to third baseman Ernie Clement.,W,L,R,LAD,TOR,X,5,popup,1,1,2025,-0.51,1.48,0.46002597044912463,3.4461095973429425,,660271,,1,1,Bot,111.45,182.68,,,,,10.256097829541075,-138.13284860598182,-3.624143331822095,-8.75161474092936,30.498826210445948,-12.548977171464335,3.69,1.79,72,94.9,78,94.7,2374,6.1,813032,672386,665489,666182,676391,665926,664770,662139,680718,54.37,0.003,0.002,0,1,0,0,3,6,3,4-Seam Fastball,0,0,0,0,0,0,0,0,Infield shade,Standard,217,-0.032,-0.248,73.4,6.6,0.003,0.248,94.9,0,0,0.565,0.565,40,35,41,36,1,0,11,2,5,1,1.05,0.51,-0.51,36.1,17.05021416875042,-8.886923254671267,38.00390369570931,34.62829076051827,33.853467223576146
CU,2025-10-27,85.6,0.39,6.62,"Pages, Andy",681624,680755,field_out,hit_into_play,,,,,5,Andy Pages lines out to third baseman Ernie Clement.,W,R,R,LAD,TOR,X,5,line_drive,0,1,2025,0.04,-1.16,-0.004976284988280386,2.543843823197842,,,,1,11,Bot,89.63,157.69,,,,,-0.9877418920650667,-124.55195894183115,-0.9398926157170562,0.6250714857996875,27.744962397269763,-44.17302845819901,3.48,1.59,141,84.8,11,84.2,2673,5.6,813032,672386,665489,643396,676391,665926,664702,662139,664770,54.86,0.57,0.514,0,1,0,0,4,95,2,Curveball,5,5,5,5,5,5,5,5,Infield shade,Standard,31,-0.039,-0.215,75.5,8.7,0.624,0.215,88.0,0,0,0.575,0.575,24,24,25,25,1,4,2,2,,1,4.3,-0.04,-0.04,49.3,10.475292421006285,-9.623473119304741,38.32564452365663,35.2525750196739,33.68126265443617
FF,2025-10-27,98.9,1.87,5.54,"Barger, Addison",680718,680736,,foul,,,,,5,Foul,W,L,L,LAD,TOR,S,,,1,2,2025,0.5,1.3,0.11589661106401838,2.918909800479788,,,,1,6,Top,,,,,,,-5.858384078479768,-143.91066927256713,-4.658874327791777,8.295471361800184,34.134127402284236,-13.209466322296569,3.72,1.74,,,,97.3,2545,5.4,813032,669257,518692,669242,571970,605141,571771,681624,606192,55.05,,,,,,,,47,4,4-Seam Fastball,4,4,4,4,4,4,4,4,Strategic,Standard,143,0,0,77.2,6.5,,0,,0,0,0.542,0.45799999999999996,24,25,25,26,1,2,3,2,4,1,1.03,0.5,0.5,34.1,-7.179181077512904,21.99850070683885,30.221635824483286,34.60220228025001,13.937929104849001
FC,2025-10-27,94.4,1.93,6.3,"Call, Alex",669743,663893,,ball,,,,,13,Ball,W,R,L,LAD,TOR,B,,,0,0,2025,0.17,0.65,-1.8844035708179423,1.7159060772436376,,,,2,17,Bot,,,,,,,-10.197302607177676,-136.966263796034,-7.607077620504938,4.246431026310034,28.497218983145018,-22.523364730175224,3.35083676449908,1.66000025902216,,,,93.7,2140,5.9,813032,623168,665489,643396,676391,665926,664702,662139,664770,54.61,,,,,,,,145,1,Cutter,5,5,5,5,5,5,5,5,Strategic,Standard,120,0.003,0.037,,,,-0.037,,0,0,0.536,0.536,28,30,29,31,1,2,10,14,,1,1.91,0.17,-0.17,34.3,,,,,
FF,2025-10-27,96.1,-2.52,5.76,"Pages, Andy",681624,656546,field_out,hit_into_play,,,,,2,Andy Pages pops out to second baseman Isiah Kiner-Falefa.,W,R,R,LAD,TOR,X,4,popup,3,2,2025,-1.1,1.4,0.1519486007029327,3.143752860450779,,,,0,9,Bot,147.45,161.21,,,,,9.619998668463156,-139.52563719824758,-4.461137213540189,-16.69945005132453,34.38707330649274,-13.13786978760855,3.48,1.59,103,75.4,68,96.1,2494,6.6,813032,672386,665489,643396,676391,665926,664702,662139,664770,53.9,0.001,0,0,1,0,0,3,79,10,4-Seam Fastball,5,5,5,5,5,5,5,5,Strategic,Standard,222,-0.068,-0.345,77.8,8.1,0.001,0.345,88.0,0,0,0.65,0.65,32,24,32,25,1,3,2,2,2,1,1.1,1.1,1.1,35.9,13.106386357825604,-11.449722108537854,33.70211949057268,35.96652846753139,33.28258255983779
FF,2025-10-27,90.4,1.83,5.98,"Edman, Tommy",669242,641778,double,hit_into_play,,,,,12,Tommy Edman doubles (2) on a line drive to center fielder Daulton Varsho.,W,R,L,LAD,TOR,X,8,line_drive,1,0,2025,0.58,1.21,0.9525492868365478,2.8015867446740987,,,,0,13,Bot,157.94,52.68,,,,,-3.4142007723932926,-131.61388090410514,-4.563671160484493,7.478868652092167,27.698793094183472,-17.378829008427275,3.38,1.57,341,97.9,19,90.2,2142,6.1,813032,623168,665489,643396,676391,665926,664702,662139,664770,54.35,0.329,0.374,1.25,1,1,1,4,112,2,4-Seam Fastball,5,5,5,5,5,5,5,5,Strategic,Standard,143,0.159,0.675,71.5,7.3,0.579,-0.675,97.9,0,0,0.646,0.646,30,30,30,30,1,5,3,2,,1,1.58,0.58,-0.58,37.2,6.746110520738922,10.731520720718448,14.779965789321073,50.2895788762686,23.381033986033135
FF,2025-10-27,98.3,-2.16,5.51,"Betts, Mookie",605141,622554,,foul,,,,,5,Foul,W,R,R,LAD,TOR,S,,,0,0,2025,-0.42,1.61,0.07582946274432445,2.113434027069329,,,,1,7,Bot,,,,,,,7.024932204069091,-142.75573021021532,-7.379237269520071,-7.562096244664486,37.91742688257937,-8.655541184266278,3.18,1.49,265,79.4,34,97.7,2479,6.4,813032,672386,665489,643396,676391,665926,664770,662139,680718,54.1,,,,,,,,62,1,4-Seam Fastball,5,5,5,5,5,5,5,5,Standard,Standard,220,-0.004,-0.039,69.3,7.6,,0.039,88.0,0,0,0.55,0.55,30,32,31,33,1,3,3,2,2,1,0.79,0.42,0.42,28.2,15.074380981873572,-15.570403831350022,40.23102632138483,38.66009512950618,38.26426422126035
FS,2025-10-27,86.7,-2.12,6.12,"Guerrero Jr., Vladimir",665489,808963,,called_strike,,,,,7,Called Strike,W,R,R,LAD,TOR,S,,,1,0,2025,-0.48,-0.16,-0.8171152419447443,1.922533489213678,,,,0,9,Top,,,,,,,4.160643237647854,-126.1699101094157,-3.480429722656181,-6.059090878906398,29.063694858256643,-33.25350477395335,3.75842887221357,1.60213361283531,,,,87.5,661,7.1,813032,669257,518692,669242,571970,605141,571771,681624,606192,53.42,,,,,,,,74,2,Split-Finger,5,5,5,5,5,5,5,5,Standard,Standard,298,0.011,-0.05,,,,0.05,,0,0,0.492,0.508,23,26,24,26,1,4,10,2,4,1,3.22,0.48,0.48,46.5,,,,,
FF,2025-10-27,94.5,-1.6,5.99,"Bichette, Bo",666182,607192,,ball,,,,,11,Ball,W,R,R,LAD,TOR,B,,,0,0,2025,0.02,1.47,-0.28828396938509027,4.742770808317462,,,,0,2,Top,,,,,,,3.4629182078200085,-137.60150424951246,-0.8753439749011338,-0.4782973859722256,29.85656531324294,-13.475724568343525,3.81525588515252,1.73000131501577,,,,96.8,2402,7.5,813032,669257,518692,669242,571970,605141,571771,681624,606192,52.98,,,,,,,,8,1,4-Seam Fastball,0,0,0,0,0,0,0,0,Standard,Standard,188,-0.004,0.041,,,,-0.041,,0,0,0.5,0.5,31,27,32,27,1,0,11,2,4,1,1.07,-0.02,-0.02,52.6,,,,,
FF,2025-10-27,97.8,-1.29,5.81,"Lukes, Nathan",664770,694361,,ball,,,,,11,Ball,W,L,R,LAD,TOR,B,,,1,2,2025,-0.36,1.45,-0.11055876137715365,5.393382497088076,,,,1,15,Top,,,,,,,4.0489083861937205,-142.37232821435356,1.0581207417598923,-5.8965562574391335,33.509659451209174,-13.015537449496929,3.41970192804377,1.54000029332834,,,,98.4,2138,6.6,813032,669257,518692,500743,571970,605141,669743,669242,606192,53.86,,,,,,,,127,5,4-Seam Fastball,5,5,5,5,5,5,5,5,Standard,Strategic,213,-0.007,0.048,,,,-0.048,,0,0,0.572,0.42800000000000005,25,30,26,31,1,7,3,2,,1,0.94,0.36,-0.36,51.7,,,,,
FC,2025-10-27,89.4,3.6,5.76,"Betts, Mookie",605141,689254,,foul,,,,,11,Foul,W,R,L,LAD,TOR,S,,,1,1,2025,-0.61,0.46,-1.040425232295087,2.414296346179977,,660271,,1,5,Bot,,,,,,,-10.229009311204448,-130.0212159689505,-3.2965720034317183,-5.217290605523027,23.0267288533003,-26.505860085938686,3.18,1.49,7,95.9,-19,90.7,2857,6.7,813032,672386,665489,666182,676391,665926,664770,662139,680718,53.76,,,,,,,,43,3,Cutter,3,4,3,4,4,3,3,4,Standard,Standard,207,-0.013,-0.061,72.5,7.0,,0.061,95.9,-1,-1,0.442,0.442,23,32,24,33,1,2,3,2,1,1,2.36,-0.61,0.61,29.9,14.571405051911842,-23.00430157575618,35.62886505447545,25.916530589226973,39.767821995445615
KC,2025-10-27,90.9,-3.09,5.41,"Muncy, Max",571970,686973,,ball,,,,,14,Ball,W,L,R,LAD,TOR,B,,,1,2,2025,0.12,-0.86,0.8781263305785822,-0.5638270831919767,,,,0,6,Bot,,,,,,,9.79184314463583,-131.89873371847287,-7.256314797978565,-0.7532173633147484,29.038943857607087,-40.68010151065623,3.06470463554176,1.51999928176868,,,,91.8,2520,7,813032,672386,665489,666182,676391,665926,664770,662139,680718,53.46,,,,,,,,50,4,Knuckle Curve,4,4,4,4,4,4,4,4,Infield shade,Standard,30,0.005,0.043,,,,-0.043,,0,0,0.566,0.566,27,34,28,35,1,2,2,2,1,1,3.64,-0.12,0.12,42.4,,,,,
CH,2025-10-27,83.7,-1.28,5.47,"Lukes, Nathan",664770,686218,double,hit_into_play,,,,,5,"Blue Jays challenged (tag play), call on the field was upheld: Blue Jays challenged (home-plate collision), call on the field was upheld: Nathan Lukes doubles (4) on a sharp line drive to right fielder Teoscar Hernández. Davis Schneider out at home on the throw, right fielder Teoscar Hernández to second baseman Tommy Edman to catcher Will Smith.",W,L,R,LAD,TOR,X,9,line_drive,0,0,2025,-1.14,-0.03,-0.21891625577562257,2.1240915191156513,,,676914,2,10,Top,220.93,105.27,,,,,4.725307884511793,-121.75937411108757,-1.2071526701165256,-12.253792067072135,25.504677430808773,-32.42313934678374,3.35,1.54,247,103.6,16,83.9,1388,6.6,813032,669257,518692,669242,571970,605141,571771,681624,606192,53.94,0.554,0.621,1.25,1,1,1,5,85,1,Changeup,5,5,5,5,5,5,5,5,Standard,Strategic,269,0.065,0.917,76.5,7.7,0.912,-0.917,103.6,0,0,0.574,0.42600000000000005,25,30,26,31,1,5,3,2,5,1,3.3,1.14,-1.14,32.7,35.015707578403195,-11.171260815380055,24.612496663705638,40.41784012108253,40.9904478199916
FF,2025-10-27,94,-2.79,6.23,"Bichette, Bo",666182,595014,,foul,,,,,6,Foul,W,R,R,LAD,TOR,S,,,1,2,2025,-1.01,1.15,0.4382584497435784,2.7545680119494658,,,665489,2,7,Top,,,,,,,10.487240758381503,-136.5069975459559,-5.784922571394281,-14.950310131185525,29.409962024128134,-16.620870991053593,3.68,1.73,239,79,37,93,2479,5.8,813032,669257,518692,669242,571970,605141,571771,681624,606192,54.71,,,,,,,,57,6,4-Seam Fastball,4,4,4,4,4,4,4,4,Standard,Standard,227,0,0,65.1,6.5,,0,88.0,0,0,0.559,0.44099999999999995,37,27,37,27,1,3,10,2,1,1,1.43,1.01,1.01,32.7,-15.038117799095618,14.743862283208307,37.70769308603946,37.92992295365886,8.869167573781692
FF,2025-10-27,101.8,-1.85,5.77,"Kiner-Falefa, Isiah",643396,683618,strikeout,swinging_strike,,,,,6,Isiah Kiner-Falefa strikes out swinging.,W,R,R,LAD,TOR,S,2,,1,2,2025,-0.69,1.43,0.5957025934943896,2.61589229080381,,,,1,13,Top,,,,,,,8.551828015306425,-147.9553821109709,-7.028505123811253,-12.130022471074822,35.97383247640564,-9.69769383386461,3.23,1.47,,,,102.2,2670,6.6,813032,669257,518692,669242,571970,605141,571771,681624,606192,53.87,,0,0,1,0,0,,109,4,4-Seam Fastball,5,5,5,5,5,5,5,5,Standard,Strategic,211,0.033,-0.18,63.4,5.9,,0.18,,0,0,0.572,0.42800000000000005,23,30,23,30,1,2,27,2,2,1,0.78,0.69,0.69,35.5,-12.273938882246682,24.895058176919207,35.22001164712029,43.28283617460389,8.96258762210153
CU,2025-10-27,85.4,0.38,6.47,"Pages, Andy",681624,680755,,foul,,,,,8,Foul,W,R,R,LAD,TOR,S,,,0,0,2025,0.43,-1.07,0.10445230330654948,1.6364087208714984,,,,1,11,Bot,,,,,,,-1.505686152009796,-124.27987944503622,-2.841829068193557,4.782493356865439,27.232227352244845,-42.839048763189524,3.48,1.59,5,75.3,-22,83.9,2687,5.5,813032,672386,665489,643396,676391,665926,664702,662139,664770,55,,,,,,,,95,1,Curveball,5,5,5,5,5,5,5,5,Strategic,Standard,21,-0.007,-0.039,73.0,9.1,,0.039,88.0,0,0,0.582,0.582,24,24,25,25,1,4,2,2,,1,4.22,-0.43,-0.43,49.1,22.19860311883628,-20.68960180855245,41.845451563891196,36.74400561448599,44.61258740323622
FC,2025-10-27,90.8,-3.15,5.44,"Freeman, Freddie",518692,453286,,swinging_strike,,,,,14,Swinging Strike,W,L,R,LAD,TOR,S,,,1,0,2025,0.28,0.5,1.0622863017976951,2.261630983615582,,660271,,1,1,Bot,,,,,,,9.932701053400866,-131.89530651230362,-3.1006425968154017,1.3353335314386576,26.44294851772648,-25.919517265764018,3.69,1.79,,,,90.9,2514,6.3,813032,672386,665489,666182,676391,665926,664770,662139,680718,54.17,,,,,,,,6,2,Cutter,0,0,0,0,0,0,0,0,Standard,Standard,206,-0.004,-0.042,77.1,7.9,,0.042,,0,0,0.569,0.569,40,35,41,36,1,0,11,2,5,1,2.27,-0.28,0.28,30.1,34.29607239400254,-31.24068441959977,42.14898480343865,28.24750484659757,45.090978025164404
SI,2025-10-27,96.1,1.99,5.48,"Barger, Addison",680718,680736,,swinging_strike,,,,,2,Swinging Strike,W,L,L,LAD,TOR,S,,,1,1,2025,0.92,1.13,0.2541392644427477,3.7554720749247466,,,,1,6,Top,,,,,,,-6.582967726575687,-139.86561136195294,-1.5179311161267228,13.510509317790193,30.937464509517895,-17.22378393789187,3.72,1.74,,,,94.9,2357,5.5,813032,669257,518692,669242,571970,605141,571771,681624,606192,54.97,,,,,,,,47,3,Sinker,4,4,4,4,4,4,4,4,Standard,Standard,148,0.007,-0.064,76.8,6.7,,0.064,,0,0,0.535,0.46499999999999997,24,25,25,26,1,2,3,2,4,1,1.34,0.92,0.92,40.0,4.762830874685852,17.597505963593083,21.992686679825752,33.91590093332406,17.732727781719564
SI,2025-10-27,93,2.06,6.09,"Rojas, Miguel",500743,663893,field_out,hit_into_play,,,,,2,"Miguel Rojas grounds out, shortstop Andrés Giménez to first baseman Vladimir Guerrero Jr.",W,R,L,LAD,TOR,X,6,ground_ball,2,2,2025,1.16,0.13,-0.08610190077280322,3.0710587155421236,,,,1,17,Bot,111.46,146.51,,,,,-7.954730425425284,-135.24119507627898,-2.223273986409368,16.026826938965268,29.65038445387606,-30.241417076233017,3.31,1.61,57,101.1,1,91.9,1984,5.7,813032,623168,665489,643396,676391,665926,664702,662139,664770,54.82,0.494,0.461,0,1,0,0,4,144,5,Sinker,5,5,5,5,5,5,5,5,Standard,Standard,117,-0.039,-0.228,,,0.543,0.228,101.1,0,0,0.575,0.575,28,36,29,36,1,2,10,19,,4,2.51,1.16,-1.16,28.5,,,,,
SL,2025-10-27,87.7,-2.48,5.8,"Pages, Andy",681624,656546,,ball,,,,,14,Ball,W,R,R,LAD,TOR,B,,,2,2,2025,-0.03,0.26,1.5636457127646868,1.0851831258778413,,,,0,9,Bot,,,,,,,9.833302714767948,-127.36708023277652,-5.829914162056338,-2.225867085156059,24.422513429568287,-28.30894929492482,3.51152435727661,1.58999869037429,,,,87.9,2789,6.4,813032,672386,665489,643396,676391,665926,664702,662139,664770,54.13,,,,,,,,79,9,Slider,5,5,5,5,5,5,5,5,Strategic,Standard,23,0.02,0.112,,,,-0.112,,0,0,0.63,0.63,32,24,32,25,1,3,2,2,2,1,2.7,0.03,0.03,39.1,,,,,
CU,2025-10-27,74.2,1.95,6.17,"Edman, Tommy",669242,641778,,ball,,,,,12,Ball,W,R,L,LAD,TOR,B,,,0,0,2025,-1.13,-0.72,1.0572297069663588,3.5480401380424826,,,,0,13,Bot,,,,,,,0.13345749890283648,-108.0056874147967,3.0874592488550885,-8.842565529478717,18.55476095295692,-38.523556273004495,3.37663073863501,1.56999967321316,,,,73.8,2412,5.9,813032,623168,665489,643396,676391,665926,664702,662139,664770,54.55,,,,,,,,112,1,Curveball,5,5,5,5,5,5,5,5,Strategic,Standard,307,0.007,0.041,,,,-0.041,,0,0,0.639,0.639,30,30,30,30,1,5,3,2,,1,4.85,-1.13,1.13,37.2,,,,,
FF,2025-10-27,97.6,-2.05,5.53,"Ohtani, Shohei",660271,622554,home_run,hit_into_play,,,,,5,Shohei Ohtani homers (8) on a fly ball to left center field.,W,L,R,LAD,TOR,X,,fly_ball,0,0,2025,-0.46,1.35,-0.06061930340717636,2.5706886417590553,,,,1,7,Bot,71.76,46.02,,,,,6.39529907483571,-141.86387892440948,-5.523118654406468,-7.678476159431574,33.57427451603738,-12.825593232101134,3.52,1.64,401,107.8,26,97.1,2478,6.2,813032,672386,665489,643396,676391,665926,664770,662139,680718,54.33,0.927,1.863085106382979,2,1,0,3,6,61,1,4-Seam Fastball,4,5,4,5,5,5,5,5,Infield shade,Standard,213,0.234,1.583,79.6,7.5,3.683,-1.583,107.8,-1,-1,0.316,0.316,30,30,31,31,1,3,3,2,2,1,1.05,0.46,-0.46,27.5,7.097285259377041,10.111935752258017,36.74942831091518,39.49906347906324,20.983987178076116
FF,2025-10-27,98.6,-2.1,6.09,"Guerrero Jr., Vladimir",665489,808963,,ball,,,,,13,Ball,W,R,R,LAD,TOR,B,,,0,0,2025,-0.79,1.16,-0.5976468868884051,1.4886079794001446,,,,0,9,Top,,,,,,,6.022895145555995,-143.20016881265738,-9.843898855055446,-12.334503477146477,35.43416405057698,-14.081336997981706,3.75489754034622,1.80872597485536,,,,99.8,2076,7.2,813032,669257,518692,669242,571970,605141,571771,681624,606192,53.3,,,,,,,,74,1,4-Seam Fastball,5,5,5,5,5,5,5,5,Standard,Standard,224,-0.008,0.041,,,,-0.041,,0,0,0.5,0.5,23,26,24,26,1,4,10,2,4,1,1.21,0.79,0.79,40.2,,,,,
FF,2025-10-27,98.9,-1.6,5.62,"Lukes, Nathan",664770,694361,,foul,,,,,6,Foul,W,L,R,LAD,TOR,S,,,1,2,2025,-0.72,1.12,0.7505894730534259,2.395628155249337,,,,1,15,Top,,,,,,,8.202258175008309,-143.7006458644776,-5.999061773527794,-11.981757681059552,34.34537758546446,-15.42439032768631,3.35,1.54,168,90.8,8,99.9,2039,7,813032,669257,518692,500743,571970,605141,669743,669242,606192,53.52,,,,,,,,127,4,4-Seam Fastball,5,5,5,5,5,5,5,5,Standard,Strategic,216,0,0,59.5,4.9,,0,90.8,0,0,0.572,0.42800000000000005,25,30,26,31,1,7,3,2,,1,1.22,0.72,-0.72,46.4,-16.667586554322153,39.003872946856006,38.51797695732619,31.975020964778118,10.72993414434358
FC,2025-10-27,90.1,3.69,5.78,"Betts, Mookie",605141,689254,,ball,,,,,12,Ball,W,R,L,LAD,TOR,B,,,0,1,2025,-0.43,0.79,1.75308480348637,3.4852937639744246,,660271,,1,5,Bot,,,,,,,-3.9410961004760474,-131.3786922946758,-1.5536255983493985,-4.316956357518406,22.83530719821412,-22.806367017240095,3.27500974587904,1.48999883630661,,,,91.4,2686,6.6,813032,672386,665489,666182,676391,665926,664770,662139,680718,53.93,,,,,,,,43,2,Cutter,3,4,3,4,4,3,3,4,Standard,Standard,185,0.005,0.025,,,,-0.025,,-1,-1,0.437,0.437,23,32,24,33,1,2,3,2,1,1,1.97,-0.43,0.43,33.3,,,,,
CU,2025-10-27,81.7,-1.47,5.98,"Guerrero Jr., Vladimir",665489,607192,field_out,hit_into_play,,,,,2,Vladimir Guerrero Jr. flies out to right fielder Teoscar Hernández.,W,R,R,LAD,TOR,X,9,fly_ball,1,1,2025,0.64,-1.08,0.22349922616137485,3.5785311261942914,,,,2,1,Top,181.53,99.21,,,,,2.6113847515118707,-118.84509173841793,3.3885547952252617,5.521102582593149,24.493473633038214,-43.32740338586971,3.63,1.6,284,87.6,39,82.7,2642,7.1,813032,669257,518692,669242,571970,605141,571771,681624,606192,53.38,0.013,0.016,0,1,0,0,3,3,3,Curveball,0,0,0,0,0,0,0,0,Standard,Standard,19,0.01,-0.244,70.4,6.3,0.024,0.244,88.0,0,0,0.538,0.46199999999999997,31,26,32,26,1,0,11,2,4,1,4.52,-0.64,-0.64,59.4,-4.476082753940405,15.970553978784661,16.119257252865903,36.73236399216525,27.965783896771534
FF,2025-10-27,100,-3.22,5.22,"Muncy, Max",571970,686973,,ball,,,,,12,Ball,W,L,R,LAD,TOR,B,,,0,2,2025,-0.65,1.43,1.201916837689973,2.547309601649356,,,,0,6,Bot,,,,,,,13.862731302749964,-144.91411121160695,-5.37132534536663,-12.447535583809861,35.38443048087199,-10.872444065491061,3.10319031353148,1.52000130755615,,,,100.9,2475,7.1,813032,672386,665489,666182,676391,665926,664770,662139,680718,53.38,,,,,,,,50,3,4-Seam Fastball,4,4,4,4,4,4,4,4,Infield shade,Standard,220,0.004,0.024,,,,-0.024,,0,0,0.562,0.562,27,34,28,35,1,2,2,2,1,1,0.88,0.65,-0.65,34.9,,,,,
ST,2025-10-27,73.3,-2.25,4.99,"Hernández, Enrique",571771,605135,strikeout,swinging_strike,,,,,6,Enrique Hernández strikes out swinging.,W,R,R,LAD,TOR,S,2,,0,2,2025,1.7,-0.02,0.7123524356082334,2.76540914045388,,,,2,8,Bot,,,,,,,3.0331610522295986,-106.62808351538774,2.9833118556410696,12.241863426845713,21.160152583088646,-33.20230159103537,3.43,1.67,,,,72.8,2425,6.3,813032,672386,665489,643396,676391,665926,664702,662139,664770,54.24,,0,0,1,0,0,,73,3,Sweeper,5,5,5,5,5,5,5,5,Strategic,Standard,71,-0.016,-0.16,62.5,8.3,,0.16,,0,0,0.516,0.516,36,33,36,34,1,3,3,2,1,1,4.32,-1.7,-1.7,23.5,24.189411757640183,-50.188724094246844,21.74761231615647,43.97168669855861,59.259475322493614
ST,2025-10-27,83.9,-3,6.06,"Bichette, Bo",666182,595014,,foul,,,,,14,Foul,W,R,R,LAD,TOR,S,,,1,2,2025,0.85,0.13,1.0082919525192091,1.737533023534303,,,665489,2,7,Top,,,,,,,7.483103990855489,-121.95955722558284,-3.762839119082302,6.800798425548796,26.22656283163054,-30.260414517525255,3.68,1.73,154,59.1,33,82.5,2457,5.6,813032,669257,518692,669242,571970,605141,571771,681624,606192,54.86,,,,,,,,57,5,Sweeper,4,4,4,4,4,4,4,4,Standard,Standard,51,0,0,65.7,8.0,,0,88.0,0,0,0.559,0.44099999999999995,37,27,37,27,1,3,10,2,1,1,3.14,-0.85,-0.85,29.0,9.497366124107618,-22.26198019316104,35.843419800091986,42.779753092933085,37.26397527204047
SL,2025-10-27,88.2,-1.1,5.23,"France, Ty",664034,686218,single,hit_into_play,,,,,6,Ty France singles on a line drive to left fielder Enrique Hernández.,W,R,R,LAD,TOR,X,7,line_drive,1,0,2025,0.31,0.58,0.6882817922398197,2.510581369581467,,,,2,10,Top,64.15,110.37,,,,,3.737204347116394,-128.55951298705472,-1.7987262307416083,2.773950083085922,24.86602965043352,-25.555233467330652,3.28,1.52,242,75.9,26,89.2,2408,6.6,813032,669257,518692,669242,571970,605141,571771,681624,606192,53.86,0.641,0.596,0.9,1,1,0,4,84,2,Slider,5,5,5,5,5,5,5,5,Standard,Standard,176,-0.028,0.288,72.9,8.5,0.715,-0.288,88.0,0,0,0.602,0.398,25,30,26,31,1,2,3,36,5,1,2.32,-0.31,-0.31,30.3,25.577021437689105,-15.460842544432104,29.491649238473904,41.361166607929164,41.52363686867099
FF,2025-10-27,101.3,-1.93,5.81,"Kiner-Falefa, Isiah",643396,683618,,swinging_strike,,,,,12,Swinging Strike,W,R,R,LAD,TOR,S,,,1,1,2025,-0.71,1.49,0.23903817639482483,3.6074272534300973,,,,1,13,Top,,,,,,,7.816732378818571,-147.25509766662955,-4.424238877328614,-12.21674646297186,35.81643030958689,-9.647932389741877,3.23,1.47,,,,102,2647,6.8,813032,669257,518692,669242,571970,605141,571771,681624,606192,53.7,,,,,,,,109,3,4-Seam Fastball,5,5,5,5,5,5,5,5,Standard,Standard,208,0.012,-0.064,64.7,6.0,,0.064,,0,0,0.56,0.43999999999999995,23,30,23,30,1,2,27,2,2,1,0.74,0.71,0.71,38.2,1.5884863457491192,19.315595457772755,25.770154396382946,39.42009072077592,16.117704207286465
SL,2025-10-27,88.9,1.62,5.92,"Lukes, Nathan",664770,477132,field_out,hit_into_play,,,,,13,"Nathan Lukes grounds out, second baseman Tommy Edman to first baseman Freddie Freeman.",W,L,L,LAD,TOR,X,4,ground_ball,3,2,2025,-0.46,0.54,-0.8278327625565665,1.0152811115338622,623168,665926,676914,2,12,Top,146.57,164.7,,,,,-5.083895318059133,-129.35360144551586,-7.164212029520829,-4.191234782818888,26.340848741676474,-24.881541115694898,3.35,1.54,1,55.3,-51,89.8,2596,6.8,813032,669257,518692,669242,571970,605141,571771,681624,606192,53.7,0.272,0.245,0,1,0,0,1,104,8,Slider,5,5,5,5,5,5,5,5,Standard,Standard,204,0.224,-0.299,65.3,7.3,0.272,0.299,88.0,0,0,0.415,0.585,37,30,37,31,1,6,19,2,,1,2.34,-0.46,-0.46,55.8,1.6792811478323748,5.50948398125018,35.656778163843306,46.71633801716425,24.74953434432534
CU,2025-10-27,86.4,0.41,6.51,"Hernández, Enrique",571771,680755,strikeout,swinging_strike,,,,,13,Enrique Hernández strikes out swinging.,W,R,R,LAD,TOR,S,2,,3,2,2025,0.41,-1.08,-0.09372218388597592,1.2392783968612342,,,,0,11,Bot,,,,,,,-2.00990224006289,-125.7143264585161,-4.031387129382032,4.739620838101944,28.217554982491645,-42.8422251037616,3.43,1.67,,,,85,2694,5.6,813032,672386,665489,643396,676391,665926,664702,662139,664770,54.87,,0,0,1,0,0,,94,8,Curveball,5,5,5,5,5,5,5,5,Standard,Standard,21,-0.068,-0.345,76.9,8.0,,0.345,,0,0,0.65,0.65,24,33,25,34,1,4,2,2,,1,4.16,-0.41,-0.41,50.5,14.927591086175298,-11.800033682780693,37.43075190177241,36.79719049668132,34.56794072208269
SI,2025-10-27,96.8,2.01,5.44,"Barger, Addison",680718,680736,,called_strike,,,,,9,Called Strike,W,L,L,LAD,TOR,S,,,1,0,2025,1.2,0.68,0.5196147121611403,2.0712315179833958,,,,1,6,Top,,,,,,,-6.611516450714349,-140.8320633371745,-4.9303800154853255,17.525281183367536,31.8491823850461,-22.226390777622903,3.52367880940552,1.60444691016289,,,,95.4,2275,5.5,813032,669257,518692,669242,571970,605141,571771,681624,606192,55.02,,,,,,,,47,2,Sinker,4,4,4,4,4,4,4,4,Standard,Standard,145,0.005,-0.049,,,,0.049,,0,0,0.53,0.47,24,25,25,26,1,2,3,2,4,1,1.76,1.2,1.2,35.9,,,,,
KC,2025-10-27,87.2,1.62,6.37,"Rojas, Miguel",500743,663893,,ball,,,,,12,Ball,W,R,L,LAD,TOR,B,,,1,2,2025,-0.24,-0.77,1.1785640732931375,3.0909181221533895,,,,1,17,Bot,,,,,,,-0.5755133484285604,-126.99691540828516,-0.16595689828096805,-2.4662734690945105,25.70717793679548,-40.68109995407786,3.33020511994623,1.60999913583784,,,,86.6,1674,5.8,813032,623168,665489,643396,676391,665926,664702,662139,664770,54.66,,,,,,,,144,4,Knuckle Curve,5,5,5,5,5,5,5,5,Standard,Standard,335,0.007,0.048,,,,-0.048,,0,0,0.568,0.568,28,36,29,36,1,2,10,19,,4,3.76,-0.24,0.24,42.7,,,,,
FC,2025-10-27,90.7,-3.09,5.65,"Freeman, Freddie",518692,453286,,ball,,,,,12,Ball,W,L,R,LAD,TOR,B,,,0,0,2025,0.2,0.44,0.9019787599277237,3.3481726487931756,,660271,,1,1,Bot,,,,,,,9.513366718030117,-131.78578321368212,-0.7591678324969009,0.3776853517802468,27.611290879145375,-27.10381151081317,3.67440461769372,1.78999966252422,,,,90.5,2372,6.2,813032,672386,665489,666182,676391,665926,664770,662139,680718,54.27,,,,,,,,6,1,Cutter,0,0,0,0,0,0,0,0,Standard,Standard,204,0.002,0.028,,,,-0.028,,0,0,0.567,0.567,40,35,41,36,1,0,11,2,5,1,2.34,-0.2,0.2,33.3,,,,,
FF,2025-10-27,95.3,-2.51,5.62,"Pages, Andy",681624,656546,,foul,,,,,8,Foul,W,R,R,LAD,TOR,S,,,2,2,2025,-1.27,1.34,-0.14757817608798596,1.6008744807084136,,,,0,9,Bot,,,,,,,9.099682554094128,-138.20544530805503,-7.898288173271581,-18.400142666475602,33.69928351992059,-13.352600292498792,3.48,1.59,6,84.6,-15,95.3,2579,6.7,813032,672386,665489,643396,676391,665926,664702,662139,664770,53.78,,,,,,,,79,8,4-Seam Fastball,5,5,5,5,5,5,5,5,Strategic,Standard,226,0,0,75.9,9.0,,0,88.0,0,0,0.63,0.63,32,24,32,25,1,3,2,2,2,1,1.21,1.27,1.27,34.8,23.37011371370252,-14.715131498463334,46.57043903937827,32.62659979537858,40.9779162877593
FF,2025-10-27,93.8,1.82,6.01,"Hernández, Teoscar",606192,641778,field_out,hit_into_play,,,,,11,Teoscar Hernández pops out to second baseman Isiah Kiner-Falefa.,W,R,L,LAD,TOR,X,4,popup,2,2,2025,0.51,1.49,-0.8591482096147204,2.971584212263732,,,,2,12,Bot,146.15,134.63,,,,,-8.014174509356149,-136.28192330165325,-5.354616602178953,8.191792478501883,31.905070054197562,-12.563372855956645,3.41,1.58,173,74.8,59,93.1,2345,6.1,813032,623168,665489,643396,676391,665926,664702,662139,664770,54.4,0.025,0.023,0,1,0,0,3,107,6,4-Seam Fastball,5,5,5,5,5,5,5,5,Standard,Standard,143,-0.031,-0.224,73.4,6.8,0.031,0.224,88.0,0,0,0.531,0.531,30,32,30,33,1,5,3,2,,1,1.12,0.51,-0.51,36.7,9.418488243258604,-3.3605479960447013,27.822299229095073,25.195057462738205,27.692832315675
FC,2025-10-27,87.5,2.03,5.81,"Hernández, Teoscar",606192,641778,,foul,,,,,5,Foul,W,R,L,LAD,TOR,S,,,2,2,2025,-0.64,0.59,-0.18046330913744107,2.2398564192975714,,,,2,12,Bot,,,,,,,-4.014887019248797,-127.44755932750297,-3.7109265027517084,-6.201197865521217,26.25222386112576,-25.15300270225761,3.41,1.58,138,55.6,50,87.6,2396,6.3,813032,623168,665489,643396,676391,665926,664702,662139,664770,54.18,,,,,,,,107,5,Cutter,5,5,5,5,5,5,5,5,Standard,Standard,177,0,0,70.6,7.4,,0,88.0,0,0,0.531,0.531,30,32,30,33,1,5,3,2,,1,2.38,-0.64,0.64,37.3,-0.9303228493711772,7.322233841948684,39.3349033887696,32.36792237570215,21.468241337155348
FF,2025-10-27,98.4,-1.95,5.46,"Pages, Andy",681624,622554,field_out,hit_into_play,,,,,8,Andy Pages flies out to right fielder Addison Barger.,W,R,R,LAD,TOR,X,9,fly_ball,3,2,2025,-0.25,1.04,-0.009052263843461139,1.8740399625642086,,,,0,7,Bot,201.24,123.76,,,,,5.868072109367286,-143.05167521284324,-6.656108848579391,-4.9113136535850215,35.63278693341141,-16.522085891718042,3.48,1.59,263,92.4,46,98.3,2284,6.5,813032,672386,665489,643396,676391,665926,664770,662139,680718,54.02,0.003,0.002,0,1,0,0,3,60,7,4-Seam Fastball,4,5,4,5,5,4,4,5,Standard,Standard,212,-0.06,-0.345,75.3,8.2,0.003,0.345,92.4,-1,-1,0.376,0.376,30,24,31,25,1,2,3,2,2,1,1.33,0.25,0.25,27.7,8.212339919155502,-2.6444440102834736,45.94271647868728,35.756775664057464,34.647541908040075
FS,2025-10-27,84.9,-2.04,6.06,"Lukes, Nathan",664770,808963,field_out,hit_into_play,,,,,13,"Nathan Lukes grounds out, pitcher Roki Sasaki to first baseman Freddie Freeman.",W,L,R,LAD,TOR,X,1,ground_ball,2,2,2025,-0.11,-0.31,-1.0242802839881706,2.313303386030108,664702,665926,,2,8,Top,129.71,182.5,,,,,2.6442967692495567,-123.47450429489,-1.7175658509895206,-1.7392554809891285,28.496503269540952,-35.18044207296575,3.35,1.54,5,79.4,-25,85.7,515,7.2,813032,669257,518692,669242,571970,605141,571771,681624,606192,53.28,0.048,0.047,0,1,0,0,2,70,5,Split-Finger,5,5,5,5,5,5,5,5,Standard,Standard,316,0.1,-0.229,65.8,6.8,0.048,0.229,88.0,0,0,0.508,0.492,23,30,24,31,1,4,10,2,4,1,3.52,0.11,-0.11,46.8,7.346248310499548,16.336867889429875,25.447179319717968,52.490033317381744,17.47126629511986
CU,2025-10-27,85.3,-1.62,5.92,"Lukes, Nathan",664770,694361,,ball,,,,,11,Ball,W,L,R,LAD,TOR,B,,,0,2,2025,0.8,-1.19,-1.0511679410126948,5.773149030515695,,,,1,15,Top,,,,,,,-0.2723783358427794,-123.73382068931693,8.497799229226349,8.214019691497809,28.439271101236088,-46.47218147681132,3.42938063921624,1.53999934142072,,,,84.8,2448,6.5,813032,669257,518692,500743,571970,605141,669743,669242,606192,54.04,,,,,,,,127,3,Curveball,5,5,5,5,5,5,5,5,Standard,Strategic,22,-0.005,0.017,,,,-0.017,,0,0,0.577,0.42300000000000004,25,30,26,31,1,7,3,2,,1,4.38,-0.8,0.8,55.1,,,,,
FC,2025-10-27,90.9,3.68,5.75,"Betts, Mookie",605141,689254,,called_strike,,,,,12,Called Strike,W,R,L,LAD,TOR,S,,,0,0,2025,-0.56,0.92,1.0326266199664895,2.874084347697092,,660271,,1,5,Bot,,,,,,,-5.469654897973274,-132.33085075861004,-3.3650625823209888,-5.6056074342834,25.53371947690549,-20.773415683784062,3.25462630098377,1.44782985178273,,,,91.9,2702,6.7,813032,672386,665489,666182,676391,665926,664770,662139,680718,53.82,,,,,,,,43,1,Cutter,3,4,3,4,4,3,3,4,Standard,Standard,171,-0.008,-0.038,,,,0.038,,-1,-1,0.445,0.445,23,32,24,33,1,2,3,2,1,1,1.81,-0.56,0.56,29.0,,,,,
SI,2025-10-27,99.9,-3.15,5.27,"Muncy, Max",571970,686973,,called_strike,,,,,12,Called Strike,W,L,R,LAD,TOR,S,,,0,1,2025,-1.1,1.29,0.10417610858770354,3.2816509179520397,,,,0,6,Bot,,,,,,,11.732788030496417,-145.0086549656971,-3.140736825270664,-18.3288449862468,35.27301892779296,-13.459176357646049,3.08103534366252,1.44977788435653,,,,101.1,2420,7.2,813032,672386,665489,666182,676391,665926,664770,662139,680718,53.34,,,,,,,,50,2,Sinker,4,4,4,4,4,4,4,4,Infield shade,Standard,226,-0.009,-0.055,,,,0.055,,0,0,0.571,0.571,27,34,28,35,1,2,2,2,1,1,1.01,1.1,-1.1,35.5,,,,,
CU,2025-10-27,81.1,-1.41,6.02,"Guerrero Jr., Vladimir",665489,607192,,foul,,,,,14,Foul,W,R,R,LAD,TOR,S,,,1,0,2025,0.49,-1.42,1.0485674897358392,2.0773847545881177,,,,2,1,Top,,,,,,,4.676666725312645,-117.98594958998815,0.6692664115683762,3.488918701371849,25.38695342581452,-45.691314970221946,3.63,1.6,3,80.6,-39,82.6,2762,7.6,813032,669257,518692,669242,571970,605141,571771,681624,606192,52.91,,,,,,,,3,2,Curveball,0,0,0,0,0,0,0,0,Standard,Standard,22,0.001,-0.054,74.3,8.1,,0.054,88.0,0,0,0.537,0.46299999999999997,31,26,32,26,1,0,11,2,4,1,4.92,-0.49,-0.49,54.4,3.8171755230140616,-16.81212889971818,21.280115335153276,45.75317109538635,45.60194294103162
FC,2025-10-27,91.1,-1.8,5.24,"Hernández, Enrique",571771,605135,,foul,,,,,12,Foul,W,R,R,LAD,TOR,S,,,0,1,2025,0.01,0.62,0.9198088894680633,2.738751659136156,,,,2,8,Bot,,,,,,,6.828602901261762,-132.5718061093193,-1.742067087081641,-1.2619718715224277,26.861867506332562,-24.716595059379404,3.43,1.67,215,75.9,54,91.4,2127,6.4,813032,672386,665489,643396,676391,665926,664702,662139,664770,54.12,,,,,,,,73,2,Cutter,5,5,5,5,5,5,5,5,Standard,Standard,212,-0.006,-0.057,64.4,7.0,,0.057,88.0,0,0,0.522,0.522,36,33,36,34,1,3,3,2,1,1,2.12,-0.01,-0.01,30.4,2.0548588064609326,10.034538260756843,27.80990363353041,49.47366139822584,19.536161247975073
SL,2025-10-27,87.2,-1.2,5.18,"France, Ty",664034,686218,,ball,,,,,12,Ball,W,R,R,LAD,TOR,B,,,0,0,2025,0.52,0.28,0.05229896552487051,3.6624782836947287,,,,2,10,Top,,,,,,,1.946917662425762,-127.05191747838563,1.927566992619684,5.288338695231524,25.34001441622605,-29.74288372924239,3.33023752703434,1.52000076853756,,,,87.7,2476,6.4,813032,669257,518692,669242,571970,605141,571771,681624,606192,54.05,,,,,,,,84,1,Slider,5,5,5,5,5,5,5,5,Standard,Standard,128,-0.003,0.037,,,,-0.037,,0,0,0.605,0.395,25,30,26,31,1,2,3,36,5,1,2.7,-0.52,-0.52,30.5,,,,,
ST,2025-10-27,84.8,-2.95,6.11,"Bichette, Bo",666182,595014,,foul,,,,,14,Foul,W,R,R,LAD,TOR,S,,,1,2,2025,1.1,0.08,0.9858577439389488,1.828937302349673,,,665489,2,7,Top,,,,,,,6.950249236325936,-123.28224147289984,-3.7439264643458534,9.573326648122437,27.008405632542114,-30.762696919996174,3.68,1.73,183,67.3,46,83.7,2635,5.8,813032,669257,518692,669242,571970,605141,571771,681624,606192,54.68,,,,,,,,57,4,Sweeper,4,4,4,4,4,4,4,4,Standard,Standard,51,0,0,70.3,7.7,,0,88.0,0,0,0.559,0.44099999999999995,37,27,37,27,1,3,10,2,1,1,3.12,-1.1,-1.1,34.6,2.837293920728001,-4.523981150253703,37.3395682528798,43.11800235403323,26.000459971959735
FF,2025-10-27,100.9,-1.88,5.79,"Kiner-Falefa, Isiah",643396,683618,,ball,,,,,12,Ball,W,R,R,LAD,TOR,B,,,0,1,2025,-0.47,1.4,0.5389892570839561,3.591840041931148,,,,1,13,Top,,,,,,,7.921747896205764,-146.72489016297794,-4.142363545588251,-8.70147236008245,35.565896655596454,-11.139644882951417,3.17701737358852,1.46999940309363,,,,101.6,2688,6.7,813032,669257,518692,669242,571970,605141,571771,681624,606192,53.75,,,,,,,,109,2,4-Seam Fastball,5,5,5,5,5,5,5,5,Standard,Standard,210,-0.005,0.029,,,,-0.029,,0,0,0.565,0.43500000000000005,23,30,23,30,1,2,27,2,2,1,0.84,0.47,0.47,36.3,,,,,
FF,2025-10-27,91.9,1.74,5.82,"Lukes, Nathan",664770,477132,,foul,,,,,12,Foul,W,L,L,LAD,TOR,S,,,3,2,2025,0.35,1.54,0.37171408149782487,3.57591326278386,623168,665926,676914,2,12,Top,,,,,,,-4.249161065323446,-133.76851040539682,-3.175536105320288,5.094267706980937,29.06381070136228,-13.240688015710221,3.35,1.54,139,72,70,92.4,2378,6.6,813032,669257,518692,669242,571970,605141,571771,681624,606192,53.89,,,,,,,,104,7,4-Seam Fastball,5,5,5,5,5,5,5,5,Standard,Standard,173,0,0,60.3,5.6,,0,88.0,0,0,0.415,0.585,37,30,37,31,1,6,19,2,,1,1.16,0.35,0.35,58.1,3.5626119407692713,9.813871712824737,21.92625873246507,33.092781747824155,22.08127447693759
SL,2025-10-27,90.2,0.37,6.52,"Hernández, Enrique",571771,680755,,foul,,,,,14,Foul,W,R,R,LAD,TOR,S,,,3,2,2025,0.29,0.27,0.2486000198344699,1.473522424638293,,,,0,11,Bot,,,,,,,-0.889700379798189,-131.34801173506145,-7.108311665716481,3.518240390865248,27.226835665381408,-27.829079351954206,3.43,1.67,9,80.4,-10,89.1,2481,5.5,813032,672386,665489,643396,676391,665926,664702,662139,664770,54.95,,,,,,,,94,7,Slider,5,5,5,5,5,5,5,5,Strategic,Standard,176,0,0,67.1,8.0,,0,88.0,0,0,0.65,0.65,24,33,25,34,1,4,2,2,,1,2.53,-0.29,-0.29,48.4,19.039729335803504,-12.353567679278946,35.75825174034215,41.16450126568898,38.930480946171286
SI,2025-10-27,97.8,1.89,5.48,"Barger, Addison",680718,680736,,ball,,,,,12,Ball,W,L,L,LAD,TOR,B,,,0,0,2025,1.06,0.75,0.1209010648370743,4.23785160942408,,,,1,6,Top,,,,,,,-7.0894719644948685,-142.35171544814673,0.4038053983202521,16.017429190676022,33.082672428130024,-22.322700927980712,3.65066275355412,1.73999894079144,,,,96.5,2299,5.5,813032,669257,518692,669242,571970,605141,571771,681624,606192,54.96,,,,,,,,47,1,Sinker,4,4,4,4,4,4,4,4,Standard,Standard,161,-0.004,0.039,,,,-0.039,,0,0,0.534,0.46599999999999997,24,25,25,26,1,2,3,2,4,1,1.64,1.06,1.06,37.0,,,,,
KC,2025-10-27,87.8,1.68,6.39,"Rojas, Miguel",500743,663893,,ball,,,,,13,Ball,W,R,L,LAD,TOR,B,,,0,2,2025,-0.33,-0.77,-0.33689111893625323,0.901368301095034,,,,1,17,Bot,,,,,,,-4.18787289383994,-127.68503851402923,-5.505615314922866,-2.627717293652152,27.923669137200417,-39.58535567763337,3.39854975751064,1.61000067462715,,,,87,1830,6,813032,623168,665489,643396,676391,665926,664702,662139,664770,54.53,,,,,,,,144,3,Knuckle Curve,5,5,5,5,5,5,5,5,Standard,Standard,346,0.004,0.017,,,,-0.017,,0,0,0.564,0.564,28,36,29,36,1,2,10,19,,4,3.75,-0.33,0.33,41.0,,,,,
SL,2025-10-27,87.4,-2.6,5.74,"Pages, Andy",681624,656546,,foul,,,,,8,Foul,W,R,R,LAD,TOR,S,,,2,2,2025,0.3,-0.11,0.013092354464134509,1.5902654366284628,,,,0,9,Bot,,,,,,,5.715918189786087,-127.39716348646019,-3.788973003969641,2.4420068144364215,20.626402683990083,-32.910711945748446,3.48,1.59,4,102.1,-23,88.8,2667,6.6,813032,672386,665489,643396,676391,665926,664702,662139,664770,53.89,,,,,,,,79,7,Slider,5,5,5,5,5,5,5,5,Strategic,Standard,76,0,0,76.2,8.3,,0,102.1,0,0,0.63,0.63,32,24,32,25,1,3,2,2,2,1,3.03,-0.3,-0.3,38.4,5.409705316226619,-3.3562068943648375,48.03429334280765,36.09374857039963,28.45300431718329
FF,2025-10-27,96.4,-3.09,5.71,"Betts, Mookie",605141,453286,field_out,hit_into_play,,,,,2,Mookie Betts flies out to right fielder Addison Barger.,W,R,R,LAD,TOR,X,9,fly_ball,2,2,2025,-0.69,1.36,-0.26650477447536713,3.058957116577889,,660271,,0,1,Bot,187.12,142.99,,,,,9.062779043199582,-140.0767001455661,-4.530858725940387,-11.146737095466188,32.45882617833364,-13.43433326089935,3.18,1.49,207,88.4,58,96.4,2334,6.4,813032,672386,665489,666182,676391,665926,664770,662139,680718,54.09,0.015,0.017,0,1,0,0,3,5,5,4-Seam Fastball,0,0,0,0,0,0,0,0,Standard,Standard,220,-0.034,-0.237,63.2,6.2,0.023,0.237,88.4,0,0,0.601,0.601,40,32,41,33,1,0,11,2,5,1,1.11,0.69,0.69,33.7,10.696582021934654,-3.119974273752657,29.878149889935525,33.352860640435054,28.50585277998043
ST,2025-10-27,86.9,-1.98,5.54,"Pages, Andy",681624,622554,,ball,,,,,14,Ball,W,R,R,LAD,TOR,B,,,2,2,2025,1.05,0.37,0.9377797118480018,1.533478629554598,,,,0,7,Bot,,,,,,,4.859542979011397,-126.2982274083829,-4.0538597720718315,9.90894361839751,29.806923202483194,-27.577891759205176,3.46659469087301,1.58999983884387,,,,86.5,2484,6.4,813032,672386,665489,643396,676391,665926,664770,662139,680718,54.05,,,,,,,,60,6,Sweeper,4,5,4,5,5,4,4,5,Standard,Standard,72,0.019,0.112,,,,-0.112,,-1,-1,0.357,0.357,30,24,31,25,1,2,3,2,2,1,2.7,-1.05,-1.05,29.8,,,,,
FS,2025-10-27,86.2,-2.13,6.04,"Lukes, Nathan",664770,808963,,blocked_ball,,,,,13,Ball In Dirt,W,L,R,LAD,TOR,B,,,1,2,2025,-0.75,-0.14,-1.2255552906756848,0.46150991900573324,664702,665926,,2,8,Top,,,,,,,3.7379519568862616,-125.27864885334203,-6.811072544107076,-8.625532876035269,26.78300925697262,-32.41145143462866,3.29610718162409,1.54000087554594,,,,87.6,568,7.4,813032,669257,518692,669242,571970,605141,571771,681624,606192,53.1,,,,,,,,70,4,Split-Finger,5,5,5,5,5,5,5,5,Standard,Standard,287,-0.017,0.023,,,,-0.023,,0,0,0.525,0.475,23,30,24,31,1,4,10,2,4,1,3.23,0.75,-0.75,46.6,,,,,
FF,2025-10-27,98.4,-1.28,5.79,"Lukes, Nathan",664770,694361,,called_strike,,,,,3,Called Strike,W,L,R,LAD,TOR,S,,,0,1,2025,-0.74,1.34,0.29778132872811125,3.4474026617190514,,,,1,15,Top,,,,,,,6.051406867471333,-143.06189268871896,-3.9530669454471994,-11.60869370717547,37.4167436676926,-13.163847101893937,3.54909410498369,1.54000151077646,,,,98.8,2230,6.8,813032,669257,518692,500743,571970,605141,669743,669242,606192,53.65,,,,,,,,127,2,4-Seam Fastball,5,5,5,5,5,5,5,5,Standard,Strategic,212,0.012,-0.052,,,,0.052,,0,0,0.565,0.43500000000000005,25,30,26,31,1,7,3,2,,1,1.05,0.74,-0.74,51.7,,,,,
CU,2025-10-27,82,-1.32,5.98,"Guerrero Jr., Vladimir",665489,607192,,ball,,,,,14,Ball,W,R,R,LAD,TOR,B,,,0,0,2025,0.51,-1.39,1.0887393433434007,0.8572040176777245,,,,2,1,Top,,,,,,,4.581670727276991,-119.33852744237029,-2.2621250434969578,3.779864916319009,26.22273379992646,-45.088398576899436,3.62999896419563,1.58389928744966,,,,83.4,2818,7.6,813032,669257,518692,669242,571970,605141,571771,681624,606192,52.95,,,,,,,,3,1,Curveball,0,0,0,0,0,0,0,0,Standard,Standard,17,-0.001,0.037,,,,-0.037,,0,0,0.538,0.46199999999999997,31,26,32,26,1,0,11,2,4,1,4.82,-0.51,-0.51,57.9,,,,,
ST,2025-10-27,82.6,3.6,5.79,"Ohtani, Shohei",660271,689254,double,hit_into_play,,,,,3,Shohei Ohtani doubles (2) on a fly ball to left fielder Nathan Lukes. Enrique Hernández scores.,W,L,L,LAD,TOR,X,7,fly_ball,3,2,2025,-1.31,0.1,0.46315379438406,3.082247221386722,,,571771,1,5,Bot,80.67,51.08,,,,,-4.635166004469462,-120.26156060127423,0.12811946525176166,-11.890361576511834,22.61724257320022,-31.47534421297995,3.52,1.64,351,98.7,24,83.4,2792,6.7,813032,672386,665489,666182,676391,665926,664770,662139,680718,53.76,0.33,0.5507368421052632,1.25,1,1,1,5,42,6,Sweeper,2,4,2,4,4,3,3,4,Infield shade,Standard,291,0.143,0.726,76.9,6.6,1.031,-0.726,98.7,-2,-2,0.302,0.302,23,30,24,31,1,2,3,2,1,1,3.23,-1.31,-1.31,36.5,3.6958885978577816,9.604697592727685,33.58737435396383,35.69590654666765,22.998591552660496
SI,2025-10-27,100.3,-2.93,5.51,"Muncy, Max",571970,686973,,foul,,,,,11,Foul,W,L,R,LAD,TOR,S,,,0,0,2025,-1.14,1.34,-0.8463593646256622,2.3723652337229555,,,,0,6,Bot,,,,,,,8.55614735752599,-145.56919465957847,-6.493646929889554,-18.240633455517226,37.50516222144783,-11.776008352638366,3.1,1.52,253,81.5,27,101,2413,7,813032,672386,665489,666182,676391,665926,664770,662139,680718,53.46,,,,,,,,50,1,Sinker,4,4,4,4,4,4,4,4,Infield shade,Standard,218,-0.005,-0.039,71.8,6.9,,0.039,88.0,0,0,0.576,0.576,27,34,28,35,1,2,2,2,1,1,0.96,1.14,-1.14,39.0,10.678931154330881,7.617823366415289,37.400821567609036,45.907395652860615,29.978827275661565
SI,2025-10-27,92.8,-2,5.16,"Hernández, Enrique",571771,605135,,called_strike,,,,,2,Called Strike,W,R,R,LAD,TOR,S,,,0,0,2025,-1.23,0.15,0.21441966095243092,3.134794468418106,,,,2,8,Bot,,,,,,,8.35694720676868,-134.80351174939003,0.35399353331478034,-16.842811725851362,31.568934861277494,-30.71483674458625,3.50247085761551,1.66999984938206,,,,92.6,1908,6.4,813032,672386,665489,643396,676391,665926,664702,662139,664770,54.05,,,,,,,,73,1,Sinker,5,5,5,5,5,5,5,5,Standard,Standard,237,-0.004,-0.043,,,,0.043,,0,0,0.526,0.526,36,33,36,34,1,3,3,2,1,1,2.53,1.23,1.23,26.3,,,,,
FF,2025-10-27,96.5,-2.72,6.19,"Bichette, Bo",666182,595014,,ball,,,,,12,Ball,W,R,R,LAD,TOR,B,,,0,2,2025,-0.78,1.41,1.5390756746998493,3.2566260961004057,,,665489,2,7,Top,,,,,,,12.919541397411493,-139.83807212472882,-5.324580472228725,-13.164425643132702,32.64903329682801,-12.63965060024741,3.49227118491215,1.60772866079096,,,,95.2,2608,5.9,813032,669257,518692,669242,571970,605141,571771,681624,606192,54.65,,,,,,,,57,3,4-Seam Fastball,4,4,4,4,4,4,4,4,Standard,Standard,232,-0.004,0.009,,,,-0.009,,0,0,0.563,0.43700000000000006,37,27,37,27,1,3,10,2,1,1,1.07,0.78,0.78,33.2,,,,,
FF,2025-10-27,97.1,-0.89,5.52,"Giménez, Andrés",665926,686218,strikeout,foul_tip,,,,,11,Andrés Giménez strikes out on a foul tip.,W,L,R,LAD,TOR,S,2,,1,2,2025,-0.67,1.7,-0.6812484910863388,3.9336832186980386,,,,1,10,Top,,,,,,,2.1136395016958685,-141.29160853909127,-2.5576241422752357,-9.458434236091769,35.46128428492081,-9.188326759852254,3.25,1.5,,,,97.4,2433,6.7,813032,669257,518692,669242,571970,605141,571771,681624,606192,53.82,,0,0,1,0,0,,83,4,4-Seam Fastball,5,5,5,5,5,5,5,5,Strategic,Standard,211,0.033,-0.18,55.5,5.5,,0.18,,0,0,0.572,0.42800000000000005,25,26,26,27,1,4,3,2,5,1,0.74,0.67,-0.67,39.3,-2.1034321019291893,37.77407375537073,17.98139090782094,44.3174939628308,6.68681035435614
FF,2025-10-27,101.8,-1.94,5.74,"Kiner-Falefa, Isiah",643396,683618,,called_strike,,,,,3,Called Strike,W,R,R,LAD,TOR,S,,,0,0,2025,-0.66,1.36,0.39482238412379034,2.9080502265458756,,,,1,13,Top,,,,,,,8.16154108683937,-147.93683508669793,-5.937380903470046,-11.686905826893469,36.84814983388414,-10.912079453848213,3.20219774369829,1.47000128543737,,,,102.1,2577,6.6,813032,669257,518692,669242,571970,605141,571771,681624,606192,53.89,,,,,,,,109,1,4-Seam Fastball,5,5,5,5,5,5,5,5,Standard,Standard,215,0.007,-0.039,,,,0.039,,0,0,0.558,0.44199999999999995,23,30,23,30,1,2,27,2,2,1,0.85,0.66,0.66,36.3,,,,,
SL,2025-10-27,89,1.78,5.92,"Lukes, Nathan",664770,477132,,foul,,,,,13,Foul,W,L,L,LAD,TOR,S,,,3,2,2025,-0.51,0.57,-0.03360338869549656,1.289768049039837,623168,665926,676914,2,12,Top,,,,,,,-3.401917225008827,-129.3666880055016,-6.490450255620358,-4.866280522035857,30.109435633485223,-24.53577630373337,3.35,1.54,274,85.4,37,89.2,2627,6.8,813032,669257,518692,669242,571970,605141,571771,681624,606192,53.75,,,,,,,,104,6,Slider,5,5,5,5,5,5,5,5,Standard,Standard,195,0,0,71.4,7.0,,0,88.0,0,0,0.415,0.585,37,30,37,31,1,6,19,2,,1,2.34,-0.51,-0.51,55.3,5.049205815652073,9.680143565125286,36.85913611029275,38.208464215038816,24.7024489959995
SL,2025-10-27,89.7,0.46,6.59,"Hernández, Enrique",571771,680755,,foul,,,,,6,Foul,W,R,R,LAD,TOR,S,,,3,2,2025,0.29,0.13,0.46906384099795273,2.7042388390549257,,,,0,11,Bot,,,,,,,-0.5927428937251017,-130.75731363297635,-3.8787957217267772,3.504853677080284,26.585921787533557,-30.115009566085533,3.43,1.67,227,78.2,51,88.5,2449,5.3,813032,672386,665489,643396,676391,665926,664702,662139,664770,55.15,,,,,,,,94,6,Slider,5,5,5,5,5,5,5,5,Strategic,Standard,133,0,0,65.3,6.7,,0,88.0,0,0,0.65,0.65,24,33,25,34,1,4,2,2,,1,2.69,-0.29,-0.29,52.0,-3.243571156199562,20.06409568376255,28.245682639009587,43.52536598369099,18.096138939375045
SL,2025-10-27,87.8,2.26,5.42,"Kirk, Alejandro",672386,680736,field_out,hit_into_play,,,,,6,Alejandro Kirk grounds out to first baseman Freddie Freeman.,W,R,L,LAD,TOR,X,3,ground_ball,1,2,2025,-0.41,-0.51,0.6382751967320531,2.5782098644020297,,,,0,6,Top,152.52,162.23,,,,,-3.0280135104143597,-127.93100230934104,0.2166457412422509,-3.9719379189626225,24.333005649415675,-38.05162453716607,3.1,1.49,19,106.9,-7,86.8,2525,5.4,813032,669257,518692,669242,571970,605141,571771,681624,606192,55.07,0.278,0.253,0,1,0,0,2,46,6,Slider,4,4,4,4,4,4,4,4,Standard,Standard,288,0.024,-0.189,71.7,6.8,0.294,0.189,106.9,0,0,0.51,0.49,24,26,25,27,1,2,3,2,4,1,3.44,-0.41,0.41,34.9,1.0383424049242114,30.053774474718878,19.77199350410215,47.008416260818336,16.501320527940226
KC,2025-10-27,86.8,1.49,6.34,"Rojas, Miguel",500743,663893,,swinging_strike,,,,,13,Swinging Strike,W,R,L,LAD,TOR,S,,,0,1,2025,-0.01,-0.86,-0.6769268810438366,1.1548792205247644,,,,1,17,Bot,,,,,,,-5.114211040431827,-126.19896511887237,-4.354063055169661,1.0488288825189502,28.546615300329265,-40.57523423060984,3.31,1.61,,,,85.7,1832,5.9,813032,623168,665489,643396,676391,665926,664702,662139,664770,54.6,,,,,,,,144,2,Knuckle Curve,5,5,5,5,5,5,5,5,Standard,Standard,344,-0.011,-0.052,70.5,8.4,,0.052,,0,0,0.575,0.575,28,36,29,36,1,2,10,19,,4,3.92,-0.01,0.01,41.3,28.349752076385677,-31.835294649476527,37.175997451734766,28.698236199279364,55.22442043451112
FF,2025-10-27,96.5,-2.56,5.68,"Pages, Andy",681624,656546,,ball,,,,,11,Ball,W,R,R,LAD,TOR,B,,,1,2,2025,-1.02,1.4,-0.7189278799756839,3.662329953609378,,,,0,9,Bot,,,,,,,7.2835004902585,-140.36528416899174,-2.9804140618700177,-15.217254811828566,33.072075844192085,-13.162059297494913,3.51610685124988,1.58999929648503,,,,97.1,2494,6.7,813032,672386,665489,643396,676391,665926,664702,662139,664770,53.78,,,,,,,,79,6,4-Seam Fastball,5,5,5,5,5,5,5,5,Standard,Standard,223,0.008,0.043,,,,-0.043,,0,0,0.622,0.622,32,24,32,25,1,3,2,2,2,1,1.05,1.02,1.02,33.0,,,,,
CU,2025-10-27,74.8,1.99,6.11,"Hernández, Teoscar",606192,641778,,ball,,,,,12,Ball,W,R,L,LAD,TOR,B,,,1,2,2025,-1.01,-0.89,2.1201962606128015,3.2556518249680195,,,,2,12,Bot,,,,,,,2.0302282135630865,-108.86485983157773,2.8422319033778782,-8.372399669942284,19.438959505548716,-40.006448879689806,3.48900336932822,1.58000010877821,,,,74.1,2284,5.8,813032,623168,665489,643396,676391,665926,664702,662139,664770,54.67,,,,,,,,107,4,Curveball,5,5,5,5,5,5,5,5,Strategic,Standard,314,0.006,0.042,,,,-0.042,,0,0,0.525,0.525,30,32,30,33,1,5,3,2,,1,4.97,-1.01,1.01,41.1,,,,,
FF,2025-10-27,95.6,-3.16,5.53,"Betts, Mookie",605141,453286,,foul,,,,,6,Foul,W,R,R,LAD,TOR,S,,,2,1,2025,-0.69,1.22,0.573051470988272,2.5611764249395392,,660271,,0,1,Bot,,,,,,,11.390755305653181,-138.7263991815697,-4.953932376213258,-11.442430495138252,29.948704856367343,-15.390523080638761,3.18,1.49,220,75.5,45,95.6,2513,6.3,813032,672386,665489,666182,676391,665926,664770,662139,680718,54.16,,,,,,,,5,4,4-Seam Fastball,0,0,0,0,0,0,0,0,Standard,Standard,218,-0.009,-0.081,65.7,7.0,,0.081,88.0,0,0,0.61,0.61,40,32,41,33,1,0,11,2,5,1,1.28,0.69,0.69,29.3,3.3260897809189616,-2.0757805363048325,32.088135797760124,44.60357161037338,27.45280725453354
FF,2025-10-27,99,-2.11,5.53,"Pages, Andy",681624,622554,,foul,,,,,8,Foul,W,R,R,LAD,TOR,S,,,2,2,2025,-0.38,1.32,0.016143110763166546,1.5525755600273716,,,,0,7,Bot,,,,,,,6.696986986634004,-143.79364038976826,-8.451516114755588,-6.9033173124999445,35.2127378068854,-12.114222681965506,3.48,1.59,211,73.8,38,98.8,2342,6.4,813032,672386,665489,643396,676391,665926,664770,662139,680718,54.12,,,,,,,,60,5,4-Seam Fastball,4,5,4,5,5,4,4,5,Strategic,Standard,214,0,0,72.7,8.4,,0,88.0,-1,-1,0.357,0.357,30,24,31,25,1,2,3,2,2,1,1.03,0.38,0.38,29.3,3.375731214369387,-1.7684329034551858,51.30412615378315,36.5804778283641,29.952699697508073
FF,2025-10-27,97.4,-1.54,5.93,"Lukes, Nathan",664770,607192,field_out,hit_into_play,,,,,5,Nathan Lukes flies out to left fielder Enrique Hernández in foul territory.,W,L,R,LAD,TOR,X,7,fly_ball,0,0,2025,-0.21,1.5,-0.2544319064094188,2.48239524892632,,,,1,1,Top,44.83,126.82,,,,,4.04987793367368,-141.67903085732476,-7.3567922239398955,-3.8260371816421705,32.914476292599176,-10.420691263346761,3.35,1.54,268,92.5,52,99.7,2564,7.6,813032,669257,518692,669242,571970,605141,571771,681624,606192,52.87,0.01,0.013,0,1,0,0,3,2,1,4-Seam Fastball,0,0,0,0,0,0,0,0,Standard,Standard,194,0.016,-0.254,67.2,6.6,0.019,0.254,92.5,0,0,0.522,0.478,31,30,32,31,1,0,11,2,4,1,0.9,0.21,-0.21,56.0,14.132889215277991,9.837437348995934,26.316590303723128,41.43797005723852,25.917144613206464
FS,2025-10-27,83.7,-1.97,6.09,"Lukes, Nathan",664770,808963,,swinging_strike,,,,,14,Swinging Strike,W,L,R,LAD,TOR,S,,,1,1,2025,0.05,-0.58,0.4931399949251233,1.0828341730032158,664702,665926,,2,8,Top,,,,,,,5.6408523128469055,-121.6031445032014,-3.895622182947883,-0.769811492279214,27.67655849226097,-37.2085419362002,3.35,1.54,,,,84,481,6.9,813032,669257,518692,669242,571970,605141,571771,681624,606192,53.56,,,,,,,,70,3,Split-Finger,5,5,5,5,5,5,5,5,Standard,Standard,312,0.029,-0.064,58.7,7.5,,0.064,,0,0,0.496,0.504,23,30,24,31,1,4,10,2,4,1,3.89,-0.05,0.05,48.6,22.3537669644911,-23.533116782519485,30.231035584929167,34.626491152413365,43.42365599618495
CU,2025-10-27,86.8,-1.31,5.93,"Lukes, Nathan",664770,694361,,called_strike,,,,,6,Called Strike,W,L,R,LAD,TOR,S,,,0,0,2025,0.7,-1.1,0.4680787865624202,2.463634980500117,,,,1,15,Top,,,,,,,2.8226119760225754,-126.27364450649728,0.2486747910206728,6.736217908254686,28.966642185211036,-44.172189457272495,3.27735557082899,1.46775894394595,,,,86.5,2609,6.4,813032,669257,518692,500743,571970,605141,669743,669242,606192,54.08,,,,,,,,127,1,Curveball,5,5,5,5,5,5,5,5,Standard,Standard,16,0.007,-0.039,,,,0.039,,0,0,0.558,0.44199999999999995,25,30,26,31,1,7,3,2,,1,4.16,-0.7,0.7,56.4,,,,,
ST,2025-10-27,80.7,3.39,5.74,"Ohtani, Shohei",660271,689254,,foul,,,,,4,Foul,W,L,L,LAD,TOR,S,,,3,1,2025,-1.4,0.23,-0.41536767073484215,2.889925935675845,,,571771,1,5,Bot,,,,,,,-5.840204894557128,-117.43982813617042,-0.0522460129305633,-11.61873011818619,24.537486145570927,-30.262930183367903,3.52,1.64,125,77.8,74,80.9,2698,6.7,813032,672386,665489,666182,676391,665926,664770,662139,680718,53.82,,,,,,,,42,5,Sweeper,2,4,2,4,4,2,2,4,Infield shade,Standard,294,-0.014,-0.085,81.0,7.9,,0.085,88.0,-2,-2,0.316,0.316,23,30,24,31,1,2,3,2,1,1,3.3,-1.4,-1.4,38.4,15.739569895332323,-6.006540505646864,33.22767740915824,44.638954921208025,31.487701322076298
FF,2025-10-27,99.2,-3.2,5.25,"Smith, Will",669257,686973,strikeout,called_strike,,,,,6,Will Smith called out on strikes.,W,R,R,LAD,TOR,S,2,,2,2,2025,-0.68,1.3,0.6033378644044131,2.413000517274893,,,518692,2,5,Bot,,,,,,,12.192744286938257,-143.781403909324,-5.385061943904819,-12.457733972039964,36.29527888575747,-13.094029082163448,3.44660126312121,1.62048568106511,,,,100.3,2371,7.3,813032,672386,665489,666182,676391,665926,664770,662139,680718,53.16,,0,0,1,0,0,,45,5,4-Seam Fastball,4,4,4,4,4,4,4,4,Standard,Standard,219,-0.026,-0.216,,,,0.216,,0,0,0.526,0.526,27,30,28,30,1,2,2,2,1,1,1.06,0.68,0.68,39.7,,,,,
FF,2025-10-27,92.7,-2.03,5.28,"Edman, Tommy",669242,605135,field_out,hit_into_play,,,,,5,Tommy Edman flies out to left fielder Myles Straw.,W,L,R,LAD,TOR,X,7,fly_ball,0,1,2025,-0.15,0.87,0.09480278604048037,2.787616902689925,,,,1,8,Bot,81.99,123.37,,,,,5.715296629958308,-134.86136675386277,-2.461666917106646,-3.0321531121883907,29.669926584701766,-21.255272472117877,3.38,1.57,220,77.5,48,92.3,2179,6.1,813032,672386,665489,643396,676391,665926,664702,662139,664770,54.41,0.063,0.066,0,1,0,0,3,72,2,4-Seam Fastball,5,5,5,5,5,5,5,5,Standard,Standard,222,-0.031,-0.215,71.1,6.1,0.088,0.215,88.0,0,0,0.557,0.557,36,30,36,30,1,3,3,2,1,1,1.79,0.15,-0.15,29.7,-1.1685469436554654,7.453743967500306,23.637067288207863,33.004613903818765,25.300632666300277
CH,2025-10-27,85.7,-0.99,5.38,"Giménez, Andrés",665926,686218,,swinging_strike,,,,,14,Swinging Strike,W,L,R,LAD,TOR,S,,,1,1,2025,-1.25,-0.19,0.9114285664754125,1.1006415343970888,,,,1,10,Top,,,,,,,7.042953111464107,-124.62179920089673,-3.464458716326522,-14.446948950443206,24.62505355008406,-33.641383073120004,3.25,1.5,,,,86.1,1311,6.6,813032,669257,518692,669242,571970,605141,571771,681624,606192,53.94,,,,,,,,83,3,Changeup,5,5,5,5,5,5,5,5,Standard,Standard,267,0.012,-0.064,68.2,8.1,,0.064,,0,0,0.56,0.43999999999999995,25,26,26,27,1,4,3,2,5,1,3.29,1.25,-1.25,34.4,22.61953166811415,-30.410659833501178,38.21647838714315,25.49482950633737,45.96827935098241
FF,2025-10-27,95.1,-2.75,6.23,"Bichette, Bo",666182,595014,,foul,,,,,2,Foul,W,R,R,LAD,TOR,S,,,0,1,2025,-0.9,1.26,-0.09529375204706214,3.186703403002374,,,665489,2,7,Top,,,,,,,8.868724518751678,-138.19079198267283,-5.069457877252257,-13.629393420034186,32.61952906271183,-15.031406141875145,3.68,1.73,244,83.3,48,93.8,2333,5.7,813032,669257,518692,669242,571970,605141,571771,681624,606192,54.77,,,,,,,,57,2,4-Seam Fastball,4,4,4,4,4,4,4,4,Standard,Standard,232,0.01,-0.055,61.1,6.0,,0.055,88.0,0,0,0.553,0.44699999999999995,37,27,37,27,1,3,10,2,1,1,1.28,0.9,0.9,33.2,-6.663018960745663,19.48589170882643,33.28044753331673,31.470434634811667,16.998721174524757
SL,2025-10-27,87.9,1.71,5.93,"Lukes, Nathan",664770,477132,,blocked_ball,,,,,13,Ball In Dirt,W,L,L,LAD,TOR,B,,,2,2,2025,-0.42,0.75,-0.3707222041925291,0.6373644956590394,623168,665926,676914,2,12,Top,,,,,,,-4.216455396176539,-127.8808380126428,-8.395848235650963,-3.8518791117426012,24.502256827075215,-22.4315156076867,3.42646253794979,1.53999939703531,,,,89.1,2651,6.9,813032,669257,518692,669242,571970,605141,571771,681624,606192,53.62,,,,,,,,104,5,Slider,5,5,5,5,5,5,5,5,Standard,Standard,212,-0.073,0.064,,,,-0.064,,0,0,0.488,0.512,37,30,37,31,1,6,19,2,,1,2.18,-0.42,-0.42,57.1,,,,,
SL,2025-10-27,88.6,-1.86,5.88,"Guerrero Jr., Vladimir",665489,683618,field_out,hit_into_play,,,,,4,"Vladimir Guerrero Jr. grounds out, shortstop Mookie Betts to first baseman Freddie Freeman.",W,R,R,LAD,TOR,X,6,ground_ball,2,2,2025,0.42,-0.16,-0.3696920908034911,2.44611042189932,,,,0,13,Top,103.35,157.16,,,,,2.786476157587433,-129.07581206160685,-2.0051479713838765,4.0947606478355985,27.379042619586492,-33.71029019879646,3.63,1.6,46,83.5,1,89.1,2794,6.6,813032,669257,518692,669242,571970,605141,571771,681624,606192,53.91,0.218,0.197,0,1,0,0,2,108,5,Slider,5,5,5,5,5,5,5,5,Standard,Standard,97,0.049,-0.232,79.3,6.8,0.276,0.232,88.0,0,0,0.509,0.491,23,26,23,26,1,6,27,2,2,1,3.06,-0.42,-0.42,39.6,-13.136526266549172,5.698680162035459,28.55204819951433,30.493057223787588,29.326067647120702
SL,2025-10-27,90.7,0.31,6.55,"Hernández, Enrique",571771,680755,,swinging_strike,,,,,2,Swinging Strike,W,R,R,LAD,TOR,S,,,3,1,2025,0.18,0.37,0.017091366009182957,3.4472946821758743,,,,0,11,Bot,,,,,,,-1.1011263385628536,-132.20019547590002,-2.6385230839945764,2.3319259348538415,26.61689140235589,-27.5437954016114,3.43,1.67,,,,89.4,2388,5.3,813032,672386,665489,643396,676391,665926,664702,662139,664770,55.23,,,,,,,,94,5,Slider,5,5,5,5,5,5,5,5,Strategic,Standard,150,-0.017,-0.094,65.2,5.9,,0.094,,0,0,0.667,0.667,24,33,25,34,1,4,2,2,,1,2.38,-0.18,-0.18,47.3,-10.78712377965806,38.11802972780921,25.81599773275666,37.22282644736929,7.595233561813076
SL,2025-10-27,87.9,-3.01,5.64,"Betts, Mookie",605141,453286,,blocked_ball,,,,,14,Ball In Dirt,W,R,R,LAD,TOR,B,,,1,1,2025,0.22,-0.05,1.320399947227115,0.6700497627524347,,660271,,0,1,Bot,,,,,,,9.992762791683122,-127.55134817655443,-5.777626646689902,0.3396695849720811,26.397615200608143,-31.690311478741886,3.31726894075241,1.48999869805749,,,,87.5,2542,6.2,813032,672386,665489,666182,676391,665926,664770,662139,680718,54.28,,,,,,,,5,3,Slider,0,0,0,0,0,0,0,0,Standard,Standard,120,0.005,0.045,,,,-0.045,,0,0,0.605,0.605,40,32,41,33,1,0,11,2,5,1,3.02,-0.22,-0.22,33.4,,,,,
FF,2025-10-27,99.4,1.94,5.56,"Kirk, Alejandro",672386,680736,,foul,,,,,12,Foul,W,R,L,LAD,TOR,S,,,1,2,2025,0.52,1.4,0.7551892318083145,3.659421610065439,,,,0,6,Top,,,,,,,-4.405423456095981,-144.82283728911085,-3.069596507851382,8.38736235894535,32.88935036397822,-11.864894072037481,3.1,1.49,239,80.7,53,98.1,2582,5.4,813032,669257,518692,669242,571970,605141,571771,681624,606192,55.08,,,,,,,,46,5,4-Seam Fastball,4,4,4,4,4,4,4,4,Standard,Standard,144,0,0,64.3,6.4,,0,88.0,0,0,0.51,0.49,24,26,25,27,1,2,3,2,4,1,0.89,0.52,-0.52,37.1,-6.240112331886305,29.557422113880424,10.875319717916156,47.999231389019755,11.64803101489304
FF,2025-10-27,93.3,1.95,5.93,"Giménez, Andrés",665926,676263,single,hit_into_play,,,,,7,Andrés Giménez singles on a line drive to left fielder Enrique Hernández. Myles Straw to 2nd.,W,L,L,LAD,TOR,X,7,line_drive,0,1,2025,0.47,1.51,-0.4675082470071461,1.7305823789262653,,,664702,1,8,Top,85.6,118.63,,,,,-7.320821961020055,-135.42165684900556,-8.395038130894823,7.470204531633463,30.742811631291943,-11.890847597390291,3.25,1.5,145,101.9,6,93.8,2569,6.8,813032,669257,518692,669242,571970,605141,571771,681624,606192,53.68,0.638,0.605,0.9,1,1,0,4,68,2,4-Seam Fastball,5,5,5,5,5,5,5,5,Standard,Standard,159,-0.079,0.446,71.2,6.9,0.745,-0.446,101.9,0,0,0.507,0.493,26,26,26,27,1,3,19,2,1,1,1.13,0.47,0.47,57.9,-1.9825629107221865,20.83681212526314,39.08081289646728,42.4463421329302,21.068253441908514
SI,2025-10-27,94.2,2.08,6.03,"Rojas, Miguel",500743,663893,,called_strike,,,,,2,Called Strike,W,R,L,LAD,TOR,S,,,0,0,2025,1.11,0.07,-0.20780504618576523,2.938920679333701,,,,1,17,Bot,,,,,,,-8.353882633968615,-136.92073761852404,-2.412888906915732,15.893852234153501,32.403443730289425,-30.926538390892972,3.23891364297672,1.61000146299913,,,,93.2,2127,5.9,813032,623168,665489,643396,676391,665926,664702,662139,664770,54.57,,,,,,,,144,1,Sinker,5,5,5,5,5,5,5,5,Standard,Standard,115,-0.007,-0.039,,,,0.039,,0,0,0.582,0.582,28,36,29,36,1,2,10,19,,4,2.52,1.11,-1.11,28.3,,,,,
SL,2025-10-27,87.9,-2.4,5.75,"Pages, Andy",681624,656546,,ball,,,,,14,Ball,W,R,R,LAD,TOR,B,,,0,2,2025,-0.46,0.61,2.113116533373841,0.6624737495952089,,,,0,9,Bot,,,,,,,11.918211821584608,-127.47961508772224,-7.5717991499979735,-7.09479974596168,21.506199425188402,-24.166631560422065,3.48961256294442,1.59000020315782,,,,88.7,2608,6.6,813032,672386,665489,643396,676391,665926,664702,662139,664770,53.93,,,,,,,,79,5,Slider,5,5,5,5,5,5,5,5,Standard,Standard,231,0.006,0.024,,,,-0.024,,0,0,0.616,0.616,32,24,32,25,1,3,2,2,2,1,2.31,0.46,0.46,35.7,,,,,
FF,2025-10-27,93.2,1.96,5.92,"Hernández, Teoscar",606192,641778,,foul,,,,,1,Foul,W,R,L,LAD,TOR,S,,,1,1,2025,0.92,1.1,-0.5020972172946089,2.9464859858594137,,,,2,12,Bot,,,,,,,-8.324592983569042,-135.44591567673817,-4.257266835618129,13.222592790532945,30.340276168255553,-17.905969593580874,3.41,1.58,191,81.1,62,92.9,2249,6.2,813032,623168,665489,643396,676391,665926,664702,662139,664770,54.29,,,,,,,,107,3,4-Seam Fastball,5,5,5,5,5,5,5,5,Standard,Standard,138,-0.009,-0.062,69.9,6.5,,0.062,88.0,0,0,0.534,0.534,30,32,30,33,1,5,3,2,,1,1.54,0.92,-0.92,42.9,10.324465888268694,13.281841118995407,29.215843039258026,28.32768665920399,23.96757850655937
ST,2025-10-27,87.8,-2.07,5.61,"Pages, Andy",681624,622554,,ball,,,,,14,Ball,W,R,R,LAD,TOR,B,,,1,2,2025,0.75,0.16,1.5881594849276324,1.1063157970594695,,,,0,7,Bot,,,,,,,7.303910117442947,-127.64461968351831,-5.056806714904846,6.486956578688538,28.78728971775119,-29.490088902375078,3.47394048762075,1.59000077246782,,,,87.6,2606,6.4,813032,672386,665489,643396,676391,665926,664770,662139,680718,54.05,,,,,,,,60,4,Sweeper,4,5,4,5,5,4,4,5,Standard,Standard,70,0.007,0.043,,,,-0.043,,-1,-1,0.35,0.35,30,24,31,25,1,2,3,2,2,1,2.82,-0.75,-0.75,34.4,,,,,
FS,2025-10-27,83.6,-2.01,6.09,"Lukes, Nathan",664770,808963,,ball,,,,,13,Ball,W,L,R,LAD,TOR,B,,,0,1,2025,0.1,-0.18,-1.0501321373578556,2.4362664692146727,664702,665926,,2,8,Top,,,,,,,2.0238617208416145,-121.65366227264388,-1.5924735377460395,0.59162817545178,26.142724098417062,-33.7940808650265,3.46993654275764,1.5860647551448,,,,84.2,506,6.9,813032,669257,518692,669242,571970,605141,571771,681624,606192,53.6,,,,,,,,70,2,Split-Finger,5,5,5,5,5,5,5,5,Standard,Standard,323,-0.012,0.002,,,,-0.002,,0,0,0.508,0.492,23,30,24,31,1,4,10,2,4,1,3.46,-0.1,0.1,46.1,,,,,
FF,2025-10-27,97.7,-1.39,5.99,"Springer, George",543807,607192,strikeout,swinging_strike,,,,,6,George Springer strikes out swinging.,W,R,R,LAD,TOR,S,2,,1,2,2025,-0.05,1.55,0.5408679800099211,2.8596846067791852,,,,0,1,Top,,,,,,,5.447617538748606,-142.0397369500378,-6.627294208710487,-1.9181087313589122,32.758176967697544,-9.924353359861895,3.54,1.63,,,,99.9,2638,7.6,813032,669257,518692,669242,571970,605141,571771,681624,606192,52.95,,0,0,1,0,0,,1,4,4-Seam Fastball,0,0,0,0,0,0,0,0,Standard,Standard,194,0.015,-0.189,71.2,6.7,,0.189,,0,0,0.507,0.493,31,35,32,36,1,0,11,2,4,4,0.85,0.05,0.05,56.4,-2.2658832928813815,25.5341334133533,36.35370159781848,40.567814542308476,7.688075329654262
FF,2025-10-27,99.1,-1.68,5.71,"Schneider, Davis",676914,694361,strikeout,swinging_strike,,,,,11,Davis Schneider strikes out swinging.,W,R,R,LAD,TOR,S,2,,1,2,2025,-0.31,1.42,-0.23560120250592242,3.4977674448743983,,,,0,15,Top,,,,,,,4.704284491878223,-144.15331793171873,-3.906991544072311,-5.5403553790882185,38.24531129296827,-11.749295350119079,3.1,1.53,,,,99.3,2204,6.7,813032,669257,518692,500743,571970,605141,669743,669242,606192,53.77,,0,0,1,0,0,,126,4,4-Seam Fastball,5,5,5,5,5,5,5,5,Standard,Standard,212,0.041,-0.189,72.3,6.6,,0.189,,0,0,0.517,0.483,25,26,26,26,1,1,3,3,,2,0.93,0.31,0.31,48.7,21.561890085125892,-0.3279108140149752,26.608183923785326,30.28641271235533,26.93075903959358
ST,2025-10-27,81.5,3.5,5.75,"Ohtani, Shohei",660271,689254,,ball,,,,,13,Ball,W,L,L,LAD,TOR,B,,,2,1,2025,-1.26,0.07,-0.05871049164212072,1.3752111285375688,,,571771,1,5,Bot,,,,,,,-5.603969541902521,-118.5684165776801,-3.3447466263791186,-10.673217815365682,24.652660894451973,-31.007881293319418,3.60678731871731,1.60301175130843,,,,81.6,2676,6.6,813032,672386,665489,666182,676391,665926,664770,662139,680718,53.91,,,,,,,,42,4,Sweeper,2,4,2,4,4,2,2,4,Infield shade,Standard,298,0.017,0.109,,,,-0.109,,-2,-2,0.299,0.299,23,30,24,31,1,2,3,2,1,1,3.38,-1.26,-1.26,37.8,,,,,
KC,2025-10-27,88.8,-2.96,5.59,"Smith, Will",669257,686973,,ball,,,,,14,Ball,W,R,R,LAD,TOR,B,,,1,2,2025,0.14,-0.46,1.5845785351682284,1.658177316747036,,,518692,2,5,Bot,,,,,,,10.936897631234984,-128.9484915985345,-2.592271654292185,-0.8348434557273933,27.66394589023292,-36.92285890304274,3.4290006383552,1.58999995225484,,,,89.5,2564,6.9,813032,672386,665489,666182,676391,665926,664770,662139,680718,53.57,,,,,,,,45,4,Knuckle Curve,4,4,4,4,4,4,4,4,Standard,Standard,38,0.004,0.033,,,,-0.033,,0,0,0.522,0.522,27,30,28,30,1,2,2,2,1,1,3.37,-0.14,-0.14,41.8,,,,,
ST,2025-10-27,73.7,-2.12,4.87,"Edman, Tommy",669242,605135,,called_strike,,,,,4,Called Strike,W,L,R,LAD,TOR,S,,,0,0,2025,1.6,0.16,-0.30615545969738256,2.6323753220864856,,,,1,8,Bot,,,,,,,0.8997702317557049,-107.20598628408281,2.5470097237618514,12.029983128865782,20.556138144540697,-31.681333153102447,3.26006148696446,1.56999950464003,,,,73.2,2341,6.2,813032,672386,665489,643396,676391,665926,664702,662139,664770,54.29,,,,,,,,72,1,Sweeper,5,5,5,5,5,5,5,5,Standard,Standard,77,-0.005,-0.039,,,,0.039,,0,0,0.562,0.562,36,30,36,30,1,3,3,2,1,1,4.08,-1.6,1.6,22.0,,,,,
FF,2025-10-27,96.6,-0.6,5.66,"Giménez, Andrés",665926,686218,,ball,,,,,12,Ball,W,L,R,LAD,TOR,B,,,0,1,2025,-0.33,1.72,1.9553045534298739,2.839912280406532,,,,1,10,Top,,,,,,,7.617915966172844,-140.40133796492844,-5.864233082946159,-6.2165947148132155,33.70876518012657,-8.25406786549636,3.44211773084023,1.68128553270576,,,,97,2386,6.7,813032,669257,518692,669242,571970,605141,571771,681624,606192,53.78,,,,,,,,83,2,4-Seam Fastball,5,5,5,5,5,5,5,5,Strategic,Standard,205,-0.005,0.029,,,,-0.029,,0,0,0.565,0.43500000000000005,25,26,26,27,1,4,3,2,5,1,0.74,0.33,-0.33,40.2,,,,,
CU,2025-10-27,82.6,-1.87,6.08,"Guerrero Jr., Vladimir",665489,683618,,foul,,,,,3,Foul,W,R,R,LAD,TOR,S,,,2,1,2025,0.8,-0.7,0.3496421286715642,3.4143201579055362,,,,0,13,Top,,,,,,,3.51733567050237,-120.25657409173388,1.8551720928163307,7.041864631514201,24.86227834359881,-39.5231915074898,3.63,1.6,7,76.8,-27,82.9,2727,6.6,813032,669257,518692,669242,571970,605141,571771,681624,606192,53.86,,,,,,,,108,4,Curveball,5,5,5,5,5,5,5,5,Standard,Standard,52,0.017,-0.073,79.4,7.9,,0.073,88.0,0,0,0.492,0.508,23,26,23,26,1,6,27,2,2,1,4.05,-0.8,-0.8,44.6,10.960639569246055,-21.87543853584574,13.676482029850703,38.75384834814395,43.820544219992726
FF,2025-10-27,95.6,-2.75,6.26,"Bichette, Bo",666182,595014,,called_strike,,,,,6,Called Strike,W,R,R,LAD,TOR,S,,,0,0,2025,-0.85,1.11,0.4035140672298394,3.048576332718869,,,665489,2,7,Top,,,,,,,10.110400375237615,-138.86551433250074,-5.285481886941428,-13.298190915627943,30.98282292916602,-16.807071764157946,3.82656415817843,1.7738464877715,,,,94.6,2492,5.8,813032,669257,518692,669242,571970,605141,571771,681624,606192,54.71,,,,,,,,57,1,4-Seam Fastball,4,4,4,4,4,4,4,4,Standard,Standard,225,0.006,-0.042,,,,0.042,,0,0,0.547,0.45299999999999996,37,27,37,27,1,3,10,2,1,1,1.39,0.85,0.85,32.7,,,,,
SL,2025-10-27,87.6,1.83,5.89,"Lukes, Nathan",664770,477132,,called_strike,,,,,3,Called Strike,W,L,L,LAD,TOR,S,,,2,1,2025,-0.35,0.83,0.34693642808903213,3.0872037218415174,623168,665926,676914,2,12,Top,,,,,,,-2.9056427647371987,-127.63975642047131,-2.428763103196593,-3.2581160088254926,24.43612694900148,-22.82268134048863,3.35323210290946,1.54000038890473,,,,88.8,2707,6.8,813032,669257,518692,669242,571970,605141,571771,681624,606192,53.68,,,,,,,,104,4,Slider,5,5,5,5,5,5,5,5,Standard,Standard,207,0.058,-0.051,,,,0.051,,0,0,0.43,0.5700000000000001,37,30,37,31,1,6,19,2,,1,2.12,-0.35,-0.35,54.9,,,,,
SL,2025-10-27,89.8,0.2,6.5,"Hernández, Enrique",571771,680755,,called_strike,,,,,1,Called Strike,W,R,R,LAD,TOR,S,,,3,0,2025,0.11,0.2,-0.6888186618014303,3.1596022863031084,,,,0,11,Bot,,,,,,,-2.411203858158851,-130.8737661840951,-2.7308888356218697,1.771642550406257,26.242488147576065,-29.551401428373904,3.52116967182895,1.67000085409877,,,,89.1,2426,5.6,813032,672386,665489,643396,676391,665926,664702,662139,664770,54.86,,,,,,,,94,4,Slider,5,5,5,5,5,5,5,5,Strategic,Standard,156,-0.015,-0.09,,,,0.09,,0,0,0.682,0.682,24,33,25,34,1,4,2,2,,1,2.61,-0.11,-0.11,47.4,,,,,
FF,2025-10-27,98,1.95,5.59,"Kirk, Alejandro",672386,680736,,foul,,,,,12,Foul,W,R,L,LAD,TOR,S,,,1,2,2025,0.23,1.38,0.5440540977885774,3.527868758346371,,,,0,6,Top,,,,,,,-4.26282470922022,-142.61895977022226,-3.2264370386539305,4.144272908659741,33.23591805349971,-12.788991184493991,3.1,1.49,243,83.2,23,96.5,2643,5.4,813032,669257,518692,669242,571970,605141,571771,681624,606192,55.07,,,,,,,,46,4,4-Seam Fastball,4,4,4,4,4,4,4,4,Standard,Standard,145,0,0,61.3,5.9,,0,88.0,0,0,0.51,0.49,24,26,25,27,1,2,3,2,4,1,0.99,0.23,-0.23,37.5,-5.171863315262142,46.377904853999404,17.395329416208437,44.98058054087322,1.7599421779197895
FF,2025-10-27,92.4,2.03,5.91,"Giménez, Andrés",665926,676263,,called_strike,,,,,7,Called Strike,W,L,L,LAD,TOR,S,,,0,0,2025,0.5,1.62,-0.507530155387585,2.075251774965369,,,664702,1,8,Top,,,,,,,-7.615790628906615,-134.19377257277952,-7.487694572539262,7.831212604190397,31.1174892704901,-11.14416349991275,3.39325714623726,1.50000141375499,,,,92.8,2532,6.8,813032,669257,518692,669242,571970,605141,571771,681624,606192,53.7,,,,,,,,68,1,4-Seam Fastball,5,5,5,5,5,5,5,5,Standard,Standard,154,0.009,-0.04,,,,0.04,,0,0,0.498,0.502,26,26,26,27,1,3,19,2,1,1,1.08,0.5,0.5,57.6,,,,,
SL,2025-10-27,87.7,-3.25,5.51,"Betts, Mookie",605141,453286,,foul,,,,,5,Foul,W,R,R,LAD,TOR,S,,,1,0,2025,0.42,0.28,0.016653727196464657,2.065989910845964,,660271,,0,1,Bot,,,,,,,7.036255292286698,-127.5976591336054,-2.791934020205546,3.1266673533849687,25.789405448674344,-28.75558893333853,3.18,1.49,197,74.2,61,87.7,2485,6.3,813032,672386,665489,666182,676391,665926,664770,662139,680718,54.24,,,,,,,,5,2,Slider,0,0,0,0,0,0,0,0,Infield shade,Standard,158,-0.005,-0.049,69.5,7.4,,0.049,88.0,0,0,0.61,0.61,40,32,41,33,1,0,11,2,5,1,2.68,-0.42,-0.42,28.4,9.654662162462248,-20.079490392529603,36.74349407582314,36.20568981882673,40.16860397319189
KC,2025-10-27,86.5,1.7,6.36,"Edman, Tommy",669242,663893,strikeout,foul_tip,,,,,7,Tommy Edman strikes out on a foul tip.,W,R,L,LAD,TOR,S,2,,1,2,2025,-0.21,-0.92,-0.3540718247337216,1.492755652302046,,,,0,17,Bot,,,,,,,-4.437607264118182,-125.9089919587017,-3.4643167301329507,-1.2750082072526523,26.849809163180492,-41.44803800630252,3.38,1.57,,,,85.9,1892,6,813032,623168,665489,643396,676391,665926,664702,662139,664770,54.53,,0,0,1,0,0,,143,4,Knuckle Curve,5,5,5,5,5,5,5,5,Standard,Standard,342,-0.04,-0.189,76.2,8.4,,0.189,,0,0,0.622,0.622,28,30,29,30,1,7,10,2,,1,3.98,-0.21,0.21,42.7,16.29208042505118,-24.67602653879835,27.971736744900205,32.923256039039856,39.47285450544237
SL,2025-10-27,88.5,-2.53,5.74,"Pages, Andy",681624,656546,,foul,,,,,14,Foul,W,R,R,LAD,TOR,S,,,0,2,2025,0.09,0.17,0.743023286365357,1.0134980977050825,,,,0,9,Bot,,,,,,,7.761070409182298,-128.52214271066268,-5.722989501848793,-0.7104807220865844,28.969407865209863,-29.22433332438606,3.48,1.59,94,70,14,87.8,2694,6.2,813032,672386,665489,643396,676391,665926,664702,662139,664770,54.34,,,,,,,,79,4,Slider,5,5,5,5,5,5,5,5,Standard,Standard,188,0,0,64.6,9.2,,0,88.0,0,0,0.616,0.616,32,24,32,25,1,3,2,2,2,1,2.77,-0.09,-0.09,36.4,17.587758521536507,-12.105231294992334,48.176314763976166,43.30455391846766,38.8348824550111
CH,2025-10-27,86.4,2.07,5.82,"Hernández, Teoscar",606192,641778,,ball,,,,,12,Ball,W,R,L,LAD,TOR,B,,,0,1,2025,1.06,0.67,2.583464667842171,2.758022714749298,,,,2,12,Bot,,,,,,,-0.9475004170278102,-125.85384972223196,-2.4500729631590774,11.474253688116411,25.64071356171874,-24.722023111082752,3.50742282825994,1.57999976511618,,,,86.2,1281,6.1,813032,623168,665489,643396,676391,665926,664702,662139,664770,54.38,,,,,,,,107,2,Changeup,5,5,5,5,5,5,5,5,Standard,Standard,115,0.003,0.027,,,,-0.027,,0,0,0.531,0.531,30,32,30,33,1,5,3,2,,1,2.37,1.06,-1.06,31.0,,,,,
FF,2025-10-27,97.8,-2.15,5.52,"Pages, Andy",681624,622554,,foul,,,,,6,Foul,W,R,R,LAD,TOR,S,,,1,1,2025,-0.52,1.26,0.39942787682996295,2.546987115467839,,,,0,7,Bot,,,,,,,8.075530943685896,-142.18281026881903,-5.37064431301227,-9.008287007059064,34.48848667466461,-14.094029443693884,3.48,1.59,221,77.1,38,97.5,2344,6.3,813032,672386,665489,643396,676391,665926,664770,662139,680718,54.22,,,,,,,,60,3,4-Seam Fastball,4,5,4,5,5,4,4,5,Standard,Standard,216,-0.012,-0.061,72.2,7.4,,0.061,88.0,-1,-1,0.362,0.362,30,24,31,25,1,2,3,2,2,1,1.14,0.52,0.52,26.5,-3.5057141964737584,8.485444134679451,43.54101931747871,41.59542537060679,22.386904523851634
SL,2025-10-27,87,2.76,5.6,"Varsho, Daulton",662139,607455,field_out,hit_into_play,,,,,7,Daulton Varsho pops out to shortstop Mookie Betts.,W,L,L,LAD,TOR,X,6,popup,1,1,2025,-0.9,-0.64,-0.5329024635339522,2.0478181198609575,,,664770,2,5,Top,136.3,182.5,,,,,-6.026620956891519,-126.57835652079099,-1.003059592994957,-8.33611791575214,27.079615158971936,-38.99927922440504,3.38,1.56,69,81.8,74,86.3,2463,6,813032,669257,518692,669242,571970,605141,571771,681624,606192,54.53,0.005,0.005,0,1,0,0,3,39,3,Slider,2,4,4,2,4,2,4,2,Standard,Standard,316,0.018,-0.255,73.9,8.5,0.006,0.255,88.0,-2,2,0.271,0.729,31,28,32,29,1,2,3,2,1,1,3.66,-0.9,-0.9,35.2,16.752791793276423,-12.72899408996844,28.412799031909948,41.025086400346396,35.52150262706544
FS,2025-10-27,85.3,-2.04,6.01,"Lukes, Nathan",664770,808963,,swinging_strike_blocked,,,,,13,Swinging Strike (Blocked),W,L,R,LAD,TOR,S,,,0,0,2025,-0.55,-0.64,-0.4652431361655893,0.6270770679058284,664702,665926,,2,8,Top,,,,,,,4.87868809511555,-123.91111771309893,-4.989888872110697,-6.702688960278984,29.56804692953324,-37.71276108188226,3.35,1.54,,,,85.9,495,7.2,813032,669257,518692,669242,571970,605141,571771,681624,606192,53.31,,,,,,,,70,1,Split-Finger,5,5,5,5,5,5,5,5,Standard,Standard,307,0.018,-0.036,64.6,7.9,,0.036,,0,0,0.49,0.51,23,30,24,31,1,4,10,2,4,1,3.83,0.55,-0.55,46.2,24.818112693498442,-27.052477000347327,28.31279848402684,46.49306470346343,50.278387045210536
ST,2025-10-27,89.6,-2.04,5.62,"Schneider, Davis",676914,694361,,ball,,,,,11,Ball,W,R,R,LAD,TOR,B,,,0,2,2025,1.1,0.37,-0.48438068806248946,4.854164269737138,,,,0,15,Top,,,,,,,1.535467785749438,-130.2468511363765,3.46810705157427,11.919494078954044,32.612881732309404,-29.14575962188501,3.03096199636162,1.44543007252888,,,,89.5,2606,6.7,813032,669257,518692,500743,571970,605141,669743,669242,606192,53.78,,,,,,,,126,3,Sweeper,5,5,5,5,5,5,5,5,Standard,Standard,45,-0.006,0.024,,,,-0.024,,0,0,0.523,0.477,25,26,26,26,1,1,3,3,,2,2.52,-1.1,-1.1,41.9,,,,,
FF,2025-10-27,97.4,-1.49,5.93,"Springer, George",543807,607192,,foul,,,,,14,Foul,W,R,R,LAD,TOR,S,,,1,1,2025,-0.27,1.33,0.5666325885450818,1.1730842195704398,,,,0,1,Top,,,,,,,6.281760068735894,-141.57079136344535,-10.610246620365443,-4.893856771464245,28.803236082794754,-12.071667134177407,3.54,1.63,55,31.9,56,100.2,2499,7.6,813032,669257,518692,669242,571970,605141,571771,681624,606192,52.86,,,,,,,,1,3,4-Seam Fastball,0,0,0,0,0,0,0,0,Standard,Standard,194,0.006,-0.061,68.1,7.9,,0.061,88.0,0,0,0.501,0.499,31,35,32,36,1,0,11,2,4,4,1.05,0.27,0.27,54.5,13.813020654923118,6.075817097036186,42.083792731383674,41.267755522492685,18.783042703018012
ST,2025-10-27,82.8,3.29,5.7,"Ohtani, Shohei",660271,689254,,ball,,,,,13,Ball,W,L,L,LAD,TOR,B,,,1,1,2025,-1.46,0.07,-1.02451765640322,1.3797009254790855,,,571771,1,5,Bot,,,,,,,-7.071803322316922,-120.34014060658271,-3.4583911100689786,-12.57104880618796,25.572445305769666,-30.992665193347264,3.55250174483919,1.64000063089109,,,,83.3,2801,6.9,813032,672386,665489,666182,676391,665926,664770,662139,680718,53.59,,,,,,,,42,3,Sweeper,2,4,2,4,4,2,2,4,Infield shade,Standard,296,0.008,0.063,,,,-0.063,,-2,-2,0.291,0.291,23,30,24,31,1,2,3,2,1,1,3.29,-1.46,-1.46,38.7,,,,,
FF,2025-10-27,100.4,-2.84,5.54,"Smith, Will",669257,686973,,ball,,,,,11,Ball,W,R,R,LAD,TOR,B,,,0,2,2025,-0.71,1.38,-0.4990516528573534,4.642217906950321,,,518692,2,5,Bot,,,,,,,8.227895294104801,-145.98728422995313,-0.3485142343825368,-12.162871321986076,38.11094174828043,-12.76281988192578,3.43540979913047,1.59000025197862,,,,100.8,2408,6.8,813032,672386,665489,666182,676391,665926,664770,662139,680718,53.68,,,,,,,,45,3,4-Seam Fastball,4,4,4,4,4,4,4,4,Standard,Standard,211,0.003,0.009,,,,-0.009,,0,0,0.519,0.519,27,30,28,30,1,2,2,2,1,1,0.91,0.71,0.71,42.4,,,,,
SI,2025-10-27,92.2,-1.86,5.15,"Hernández, Teoscar",606192,605135,field_out,hit_into_play,,,,,4,Teoscar Hernández flies out to center fielder Daulton Varsho.,W,R,R,LAD,TOR,X,8,fly_ball,2,0,2025,-1.51,0.32,-0.36890450818253573,2.8219790789267387,,,,0,8,Bot,142.3,100.36,,,,,7.100867539686789,-134.09306410980358,-0.7501056293527263,-19.766171970405885,30.988567410264853,-28.35451837072321,3.41,1.58,251,82.7,44,92.3,2197,6.5,813032,672386,665489,643396,676391,665926,664702,662139,664770,53.98,0.013,0.014,0,1,0,0,3,71,3,Sinker,5,5,5,5,5,5,5,5,Standard,Standard,230,-0.065,-0.378,70.5,7.3,0.019,0.378,88.0,0,0,0.627,0.627,36,32,36,33,1,3,3,2,1,1,2.38,1.51,1.51,26.1,5.148253870130338,5.240106081212678,28.301975535282875,29.85161907881769,27.898849326963237
FC,2025-10-27,91,-2.84,6.27,"Guerrero Jr., Vladimir",665489,595014,single,hit_into_play,,,,,12,Vladimir Guerrero Jr. singles on a ground ball to center fielder Andy Pages.,W,R,R,LAD,TOR,X,8,ground_ball,1,1,2025,0.01,0.77,1.343031339925915,2.685934957493766,,,,2,7,Top,116.77,100.52,,,,,10.317847961077513,-132.14437294813973,-4.695654377319736,-1.9441334990465802,26.42012078536761,-22.338369345492787,3.63,1.6,124,87.4,6,90,2607,5.7,813032,669257,518692,669242,571970,605141,571771,681624,606192,54.84,0.433,0.392,0.9,1,1,0,4,56,3,Cutter,4,4,4,4,4,4,4,4,Standard,Standard,208,-0.022,0.342,67.1,8.2,0.462,-0.342,88.0,0,0,0.569,0.43100000000000005,37,26,37,26,1,3,10,2,1,1,1.98,-0.01,-0.01,32.8,7.431893970024005,-3.738677633132693,17.969200108631306,51.14212731738033,34.67577113511035
CH,2025-10-27,84.5,-1.13,5.44,"Giménez, Andrés",665926,686218,,swinging_strike,,,,,8,Swinging Strike,W,L,R,LAD,TOR,S,,,0,0,2025,-1.29,0.27,0.18817370716332138,1.8420808984031658,,,,1,10,Top,,,,,,,5.657550730675805,-123.0433590902201,-2.5972409557031084,-14.27089640129979,23.876336020785555,-29.139099088215616,3.25,1.5,,,,84.8,1390,6.4,813032,669257,518692,669242,571970,605141,571771,681624,606192,54.09,,,,,,,,83,1,Changeup,5,5,5,5,5,5,5,5,Strategic,Standard,262,0.007,-0.039,66.6,8.9,,0.039,,0,0,0.558,0.44199999999999995,25,26,26,27,1,4,3,2,5,1,2.91,1.29,-1.29,34.0,29.525113922900818,-72.11022967593695,29.53535973882243,,
SL,2025-10-27,88.5,1.86,5.87,"Lukes, Nathan",664770,477132,,ball,,,,,14,Ball,W,L,L,LAD,TOR,B,,,1,1,2025,-0.23,0.98,0.7610518315680863,1.5729653905008008,623168,665926,676914,2,12,Top,,,,,,,-2.214506790504098,-128.91698936464385,-6.58149042149857,-2.1598632952727677,24.58035671836666,-20.163034498821325,3.46779917178794,1.74982146405259,,,,89.8,2616,6.8,813032,669257,518692,669242,571970,605141,571771,681624,606192,53.66,,,,,,,,104,3,Slider,5,5,5,5,5,5,5,5,Standard,Standard,198,-0.04,0.034,,,,-0.034,,0,0,0.47,0.53,37,30,37,31,1,6,19,2,,1,1.91,-0.23,-0.23,53.8,,,,,
SI,2025-10-27,101.1,-1.99,5.84,"Guerrero Jr., Vladimir",665489,683618,,ball,,,,,11,Ball,W,R,R,LAD,TOR,B,,,1,1,2025,-1.26,1.19,-0.11499487531521324,4.0342679976640285,,,,0,13,Top,,,,,,,8.26368929322085,-146.9635947499407,-2.52537062894771,-20.29608788534208,37.54115000868156,-14.561204719681498,3.66229118479575,1.6000012337188,,,,101.1,2604,6.5,813032,669257,518692,669242,571970,605141,571771,681624,606192,53.96,,,,,,,,108,3,Sinker,5,5,5,5,5,5,5,5,Standard,Standard,212,-0.011,0.055,,,,-0.055,,0,0,0.503,0.497,23,26,23,26,1,6,27,2,2,1,1.06,1.26,1.26,36.7,,,,,
FF,2025-10-27,95.8,-3.12,5.66,"Betts, Mookie",605141,453286,,ball,,,,,14,Ball,W,R,R,LAD,TOR,B,,,0,0,2025,-0.78,1.35,1.2882772032728067,1.3431568018557267,,660271,,0,1,Bot,,,,,,,13.333983941172084,-138.67639563040711,-8.770896682390498,-13.059556339862224,30.96149850130054,-12.83857234093864,3.27925617220986,1.49000103155196,,,,95.4,2494,6.3,813032,672386,665489,666182,676391,665926,664770,662139,680718,54.17,,,,,,,,5,1,4-Seam Fastball,0,0,0,0,0,0,0,0,Standard,Standard,219,0.003,0.032,,,,-0.032,,0,0,0.607,0.607,40,32,41,33,1,0,11,2,5,1,1.16,0.78,0.78,32.8,,,,,
SL,2025-10-27,90.6,0.28,6.53,"Hernández, Enrique",571771,680755,,ball,,,,,14,Ball,W,R,R,LAD,TOR,B,,,2,0,2025,0.12,0.34,1.0703229885339043,2.220479802355719,,,,0,11,Bot,,,,,,,1.7116530903721126,-131.94646814054363,-5.508527719329924,0.9861297072562686,28.772158293648598,-27.225243286709212,3.45192467725058,1.67000037601288,,,,89.6,2474,5.7,813032,672386,665489,643396,676391,665926,664702,662139,664770,54.85,,,,,,,,94,3,Slider,5,5,5,5,5,5,5,5,Standard,Standard,186,0.022,0.152,,,,-0.152,,0,0,0.66,0.66,24,33,25,34,1,4,2,2,,1,2.44,-0.12,-0.12,46.9,,,,,
FF,2025-10-27,97.4,2.11,5.44,"Kirk, Alejandro",672386,680736,,foul,,,,,1,Foul,W,R,L,LAD,TOR,S,,,1,1,2025,0.57,1.34,-0.39800010266710273,2.7781077230194273,,,,0,6,Top,,,,,,,-7.926800175571106,-141.65896094946643,-4.677392906308547,9.488472490153121,30.993835295409934,-13.163784709209786,3.1,1.49,211,74.7,50,96.2,2514,5.5,813032,669257,518692,669242,571970,605141,571771,681624,606192,54.97,,,,,,,,46,3,4-Seam Fastball,4,4,4,4,4,4,4,4,Standard,Standard,139,0.008,-0.061,66.0,6.3,,0.061,88.0,0,0,0.502,0.498,24,26,25,27,1,2,3,2,4,1,1.05,0.57,-0.57,33.6,-5.511612340170769,25.003411431934847,25.423816547400698,33.53872613093079,15.612087621972805
FF,2025-10-27,93,1.19,5.89,"Clement, Ernie",676391,676263,field_out,hit_into_play,,,,,6,Ernie Clement flies out to right fielder Teoscar Hernández.,W,R,L,LAD,TOR,X,9,fly_ball,0,0,2025,0.64,1.63,0.5936496225461948,2.6452578478067257,,,664702,0,8,Top,157.28,109.43,,,,,-2.9254431145448025,-135.29665648678636,-6.082619282709368,8.461761476854736,31.29278008283489,-11.061939130242504,3.33,1.54,238,90.6,53,92.8,2506,6.3,813032,669257,518692,669242,571970,605141,571771,681624,606192,54.16,0.005,0.005,0,1,0,0,3,67,1,4-Seam Fastball,5,5,5,5,5,5,5,5,Strategic,Standard,153,0.066,-0.242,73.2,7.1,0.005,0.242,90.6,0,0,0.432,0.5680000000000001,26,29,26,29,1,3,19,2,1,1,1.02,0.64,-0.64,55.8,7.215071223174367,0.9093191947909406,27.644950688325533,41.45751244409912,29.968509066134978
KC,2025-10-27,85.9,1.72,6.25,"Edman, Tommy",669242,663893,,swinging_strike,,,,,14,Swinging Strike,W,R,L,LAD,TOR,S,,,1,1,2025,0.03,-0.69,0.38371658959490307,0.9247556758098447,,,,0,17,Bot,,,,,,,-3.19766137551005,-125.07051028886542,-4.935639841613459,0.9569787140147487,25.81738787762051,-38.591318948513056,3.38,1.57,,,,85.4,2033,6,813032,623168,665489,643396,676391,665926,664702,662139,664770,54.54,,,,,,,,143,3,Knuckle Curve,5,5,5,5,5,5,5,5,Strategic,Standard,346,-0.014,-0.061,73.3,8.4,,0.061,,0,0,0.636,0.636,28,30,29,30,1,7,10,2,,1,3.78,0.03,-0.03,42.7,13.625611783159027,-7.707576851933634,29.5689107682192,42.77415651471577,34.11934394671835
SL,2025-10-27,87.3,-2.6,5.76,"Pages, Andy",681624,656546,,foul,,,,,14,Foul,W,R,R,LAD,TOR,S,,,0,2,2025,0.31,0.17,0.950549872864062,2.096564723626016,,,,0,9,Bot,,,,,,,7.958889484322663,-127.07445192678257,-3.150113017923215,2.105248877436485,20.195857696021786,-30.00124709124816,3.48,1.59,64,54.6,10,88.5,2852,6.5,813032,672386,665489,643396,676391,665926,664702,662139,664770,53.97,,,,,,,,79,3,Slider,5,5,5,5,5,5,5,5,Strategic,Standard,38,0,0,67.1,7.9,,0,88.0,0,0,0.616,0.616,32,24,32,25,1,3,2,2,2,1,2.77,-0.31,-0.31,34.8,-2.2078469832313607,13.039254392816657,41.89310929641681,47.95664382379711,19.179069997271093
FF,2025-10-27,92.2,1.9,5.94,"Hernández, Teoscar",606192,641778,,called_strike,,,,,3,Called Strike,W,R,L,LAD,TOR,S,,,0,0,2025,0.92,1.29,0.6561398278077627,3.4380448028543737,,,,2,12,Bot,,,,,,,-5.122447126365583,-134.13654954775902,-3.3252177700540035,12.166705642442667,28.95873106685202,-16.051061068181756,3.45174391899234,1.52362233297265,,,,91.7,2144,6,813032,623168,665489,643396,676391,665926,664702,662139,664770,54.53,,,,,,,,107,1,4-Seam Fastball,5,5,5,5,5,5,5,5,Standard,Standard,142,-0.005,-0.043,,,,0.043,,0,0,0.536,0.536,30,32,30,33,1,5,3,2,,1,1.39,0.92,-0.92,36.3,,,,,
FF,2025-10-27,98,-2.3,5.53,"Pages, Andy",681624,622554,,ball,,,,,14,Ball,W,R,R,LAD,TOR,B,,,0,1,2025,-0.65,1.29,1.0094441301624189,1.366780426586626,,,,0,7,Bot,,,,,,,10.384691953348115,-142.0983502846923,-8.682714513385621,-11.259047548648553,33.366270399816976,-12.769881532880119,3.50606106189884,1.62246268589151,,,,97.4,2394,6.2,813032,672386,665489,643396,676391,665926,664770,662139,680718,54.29,,,,,,,,60,2,4-Seam Fastball,4,5,4,5,5,4,4,5,Standard,Standard,217,0.005,0.031,,,,-0.031,,-1,-1,0.357,0.357,30,24,31,25,1,2,3,2,2,1,1.1,0.65,0.65,29.1,,,,,
FF,2025-10-27,97.5,-2.02,6.02,"France, Ty",664034,808963,field_out,hit_into_play,,,,,4,"Ty France grounds out, third baseman Max Muncy to first baseman Freddie Freeman. Myles Straw to 3rd. Andrés Giménez to 2nd.",W,R,R,LAD,TOR,X,5,ground_ball,1,0,2025,-1.03,1.31,-0.802982932975694,2.4986172202033683,,664702,665926,1,8,Top,100.97,166.66,,,,,5.737791488917301,-141.7169966340502,-7.029606418696385,-15.168217937624625,35.0762774080489,-13.02824701375844,3.28,1.52,63,49.7,9,98.6,2142,7.2,813032,669257,518692,669242,571970,605141,571771,681624,606192,53.34,0.112,0.104,0,1,0,0,1,69,2,4-Seam Fastball,5,5,5,5,5,5,5,5,Standard,Standard,222,0.073,-0.345,74.3,7.5,0.129,0.345,88.0,0,0,0.417,0.583,23,30,24,31,1,1,10,36,4,1,1.1,1.03,1.03,46.1,5.904604406690966,-5.730974969354375,35.047785922288256,23.690111946932895,27.187784967900978
SL,2025-10-27,86.1,2.69,5.45,"Varsho, Daulton",662139,607455,,swinging_strike,,,,,13,Swinging Strike,W,L,L,LAD,TOR,S,,,1,0,2025,-0.84,-0.56,-1.3053496334235057,1.2723697101597642,,,664770,2,5,Top,,,,,,,-7.800112664421317,-125.18255247409641,-2.493299878794254,-7.111054791728952,26.6198850134179,-37.6908781268494,3.38,1.56,,,,86,2393,6.4,813032,669257,518692,669242,571970,605141,571771,681624,606192,54.09,,,,,,,,39,2,Slider,2,4,4,2,4,2,4,2,Standard,Standard,317,0.003,-0.05,68.5,9.3,,0.05,,-2,2,0.268,0.732,31,28,32,29,1,2,3,2,1,1,3.65,-0.84,-0.84,33.6,23.816806107372674,-46.34887357792573,28.62719413413423,47.71791669047224,55.00018638930698
ST,2025-10-27,90.1,-1.85,5.63,"Schneider, Davis",676914,694361,,called_strike,,,,,3,Called Strike,W,R,R,LAD,TOR,S,,,0,1,2025,0.89,0.05,0.4083664348468439,3.124264620377214,,,,0,15,Top,,,,,,,3.730758913789638,-131.12349091458373,-0.23766788933288696,9.134418473742322,33.35893654270014,-31.842767472930664,3.10000107488777,1.48177089796413,,,,89.8,2565,6.5,813032,669257,518692,500743,571970,605141,669743,669242,606192,53.96,,,,,,,,126,2,Sweeper,5,5,5,5,5,5,5,5,Standard,Standard,34,0.014,-0.055,,,,0.055,,0,0,0.509,0.491,25,26,26,26,1,1,3,3,,2,2.81,-0.89,-0.89,48.4,,,,,
ST,2025-10-27,82.9,3.34,5.79,"Ohtani, Shohei",660271,689254,,ball,,,,,13,Ball,W,L,L,LAD,TOR,B,,,0,1,2025,-1.04,0.31,-1.4676779173895056,2.211369080098422,,,571771,1,5,Bot,,,,,,,-9.04446709665267,-120.37847689242545,-2.2065020380946203,-7.976628272050773,26.478985140283623,-28.97533146215892,3.56069313493524,1.64000142253292,,,,83.1,2645,6.9,813032,672386,665489,666182,676391,665926,664770,662139,680718,53.63,,,,,,,,42,2,Sweeper,2,4,2,4,4,2,2,4,Infield shade,Standard,288,0.004,0.019,,,,-0.019,,-2,-2,0.287,0.287,23,30,24,31,1,2,3,2,1,1,3.06,-1.04,-1.04,39.2,,,,,
FF,2025-10-27,99.5,-2.87,5.42,"Smith, Will",669257,686973,,called_strike,,,,,4,Called Strike,W,R,R,LAD,TOR,S,,,0,1,2025,-0.76,1.28,-0.3711347084208392,2.221312997126635,,,518692,2,5,Bot,,,,,,,8.773741135068367,-144.60383776507427,-6.448975637568281,-12.747071996294224,34.122941068969304,-12.860437626580106,3.47536664976943,1.58999957432016,,,,100.8,2372,7.1,813032,672386,665489,666182,676391,665926,664770,662139,680718,53.41,,,,,,,,45,2,4-Seam Fastball,4,4,4,4,4,4,4,4,Standard,Standard,217,-0.007,-0.055,,,,0.055,,0,0,0.526,0.526,27,30,28,30,1,2,2,2,1,1,1.03,0.76,0.76,40.3,,,,,
CU,2025-10-27,81.8,-1.33,6.08,"Springer, George",543807,607192,,ball,,,,,9,Ball,W,R,R,LAD,TOR,B,,,0,1,2025,0.59,-1.35,0.6430024914177037,1.8072065521079281,,,,0,1,Top,,,,,,,3.36440017793067,-119.04260906361115,-0.40247873345419594,4.889302645932196,24.487972586719533,-45.07590537600019,3.53999943955121,1.51763421307141,,,,83.1,2918,7.3,813032,669257,518692,669242,571970,605141,571771,681624,606192,53.21,,,,,,,,1,2,Curveball,0,0,0,0,0,0,0,0,Standard,Standard,17,-0.002,0.031,,,,-0.031,,0,0,0.503,0.497,31,35,32,36,1,0,11,2,4,4,4.77,-0.59,-0.59,60.9,,,,,
SI,2025-10-27,92.3,-1.96,5.02,"Hernández, Teoscar",606192,605135,,ball,,,,,12,Ball,W,R,R,LAD,TOR,B,,,1,0,2025,-1.52,0.37,1.0375951135465746,3.0176000894462667,,,,0,8,Bot,,,,,,,10.937796240965769,-133.90378552920035,0.002066186775562029,-20.795903309336445,31.488866651389092,-28.01838815072935,3.51922419511117,1.58000098816801,,,,92,2140,6.5,813032,672386,665489,643396,676391,665926,664702,662139,664770,54.04,,,,,,,,71,2,Sinker,5,5,5,5,5,5,5,5,Standard,Standard,232,0.013,0.077,,,,-0.077,,0,0,0.614,0.614,36,32,36,33,1,3,3,2,1,1,2.34,1.52,1.52,26.2,,,,,
ST,2025-10-27,84.7,-3.19,6.14,"Guerrero Jr., Vladimir",665489,595014,,called_strike,,,,,8,Called Strike,W,R,R,LAD,TOR,S,,,1,0,2025,0.7,0.06,0.1683730783192955,2.1480191876453554,,,,2,7,Top,,,,,,,6.365791175543523,-123.22514722611515,-3.0319703802935836,5.7005157624877025,26.67177633234039,-31.118378986612207,3.65461820785568,1.59999884510897,,,,83.5,2557,5.7,813032,669257,518692,669242,571970,605141,571771,681624,606192,54.81,,,,,,,,56,2,Sweeper,4,4,4,4,4,4,4,4,Standard,Standard,50,0.003,-0.054,,,,0.054,,0,0,0.566,0.43400000000000005,37,26,37,26,1,3,10,2,1,1,3.14,-0.7,-0.7,29.7,,,,,
FF,2025-10-27,97.4,-0.66,5.61,"Clement, Ernie",676391,686218,field_out,hit_into_play,,,,,2,Ernie Clement pops out to first baseman Freddie Freeman in foul territory.,W,R,R,LAD,TOR,X,3,popup,0,1,2025,-0.62,1.65,0.009902904575020521,3.032419039074904,,,,0,10,Top,159.13,189.41,,,,,3.2464782886276815,-141.69437615183483,-5.15485102700157,-9.076992690112599,37.12024234521338,-9.010782946744978,3.33,1.54,86,81.5,75,97.5,2457,6.7,813032,669257,518692,669242,571970,605141,571771,681624,606192,53.82,0.005,0.005,0,1,0,0,3,82,2,4-Seam Fastball,5,5,5,5,5,5,5,5,Standard,Standard,204,0.049,-0.22,68.1,6.6,0.005,0.22,88.0,0,0,0.509,0.491,25,29,26,29,1,4,3,2,5,1,0.78,0.62,0.62,40.4,7.419624486210695,-1.4787074811180356,26.18490956472578,36.043870069810836,31.33072064201477
SL,2025-10-27,89.4,1.85,5.87,"Lukes, Nathan",664770,477132,,called_strike,,,,,5,Called Strike,W,L,L,LAD,TOR,S,,,1,0,2025,-0.14,1,0.11762293181178239,2.176659281708943,623168,665926,676914,2,12,Top,,,,,,,-4.006434660338601,-130.08974572818138,-5.273719159673342,-0.8415007386115377,25.95794890457717,-19.927247470195198,3.32260512755655,1.53999911310614,,,,90.3,2544,6.7,813032,669257,518692,669242,571970,605141,571771,681624,606192,53.76,,,,,,,,104,2,Slider,5,5,5,5,5,5,5,5,Standard,Standard,192,0.04,-0.035,,,,0.035,,0,0,0.43,0.5700000000000001,37,30,37,31,1,6,19,2,,1,1.84,-0.14,-0.14,54.9,,,,,
SI,2025-10-27,100.6,-2.02,5.74,"Guerrero Jr., Vladimir",665489,683618,,ball,,,,,11,Ball,W,R,R,LAD,TOR,B,,,0,1,2025,-1.18,1.16,-0.3568646807553941,4.216869206370376,,,,0,13,Top,,,,,,,7.476141656025554,-146.32313130040365,-1.5957394089394026,-18.815107629087585,37.2658439045863,-15.41385984371973,3.65367225399885,1.60000114416077,,,,101,2526,6.7,813032,669257,518692,669242,571970,605141,571771,681624,606192,53.77,,,,,,,,108,2,Sinker,5,5,5,5,5,5,5,5,Standard,Standard,213,-0.006,0.031,,,,-0.031,,0,0,0.509,0.491,23,26,23,26,1,6,27,2,2,1,1.11,1.18,1.18,35.4,,,,,
CU,2025-10-27,79.2,-3.08,5.76,"Ohtani, Shohei",660271,453286,double,hit_into_play,,,,,6,Shohei Ohtani hits a ground-rule double (1) on a line drive down the right-field line.,W,L,R,LAD,TOR,X,,line_drive,0,1,2025,0.92,-0.58,0.5524318414210514,2.287652456522774,,,,0,1,Bot,197.99,131.54,,,,,6.218450743215058,-115.25085556835947,0.27705706265921304,7.081250000716175,21.008347399011324,-37.64924534685157,3.52,1.64,244,113.8,16,79.3,2808,6.3,813032,672386,665489,666182,676391,665926,664770,662139,680718,54.19,0.695,1.1159999999999999,1.25,1,1,1,6,4,2,Curveball,0,0,0,0,0,0,0,0,Infield shade,Standard,62,0.062,0.756,83.8,7.8,2.023,-0.756,113.8,0,0,0.545,0.545,40,30,41,31,1,0,11,2,5,1,4.21,-0.92,0.92,35.7,22.452203683951687,-5.533389467961513,44.49252832932564,33.75744987647268,35.38453931396696
SL,2025-10-27,90.3,0.39,6.5,"Hernández, Enrique",571771,680755,,ball,,,,,14,Ball,W,R,R,LAD,TOR,B,,,1,0,2025,0.3,0.28,1.3751545673471977,0.6649402470434458,,,,0,11,Bot,,,,,,,1.7920228136461158,-131.30396519893117,-9.057747431340902,3.0742859343203492,27.96039124107626,-27.1932178022827,3.46727631768161,1.67000089008208,,,,89,2302,5.6,813032,672386,665489,643396,676391,665926,664702,662139,664770,54.94,,,,,,,,94,2,Slider,5,5,5,5,5,5,5,5,Strategic,Standard,195,0.014,0.077,,,,-0.077,,0,0,0.646,0.646,24,33,25,34,1,4,2,2,,1,2.52,-0.3,-0.3,48.8,,,,,
FF,2025-10-27,97,2,5.4,"Kirk, Alejandro",672386,680736,,called_strike,,,,,1,Called Strike,W,R,L,LAD,TOR,S,,,1,0,2025,0.63,1.42,-0.3428036743477889,2.789010821617227,,,,0,6,Top,,,,,,,-7.592832409520103,-141.1095126058597,-4.643472145819182,10.10382593920768,32.27097677957389,-12.28880093690103,3.27958666846876,1.48999955969725,,,,95.9,2399,5.7,813032,669257,518692,669242,571970,605141,571771,681624,606192,54.81,,,,,,,,46,2,4-Seam Fastball,4,4,4,4,4,4,4,4,Standard,Standard,134,0.007,-0.05,,,,0.05,,0,0,0.495,0.505,24,26,25,27,1,2,3,2,4,1,1,0.63,-0.63,37.0,,,,,
SL,2025-10-27,89.2,2.33,5.92,"Barger, Addison",680718,676263,field_error,hit_into_play,,,,,2,Addison Barger reaches on a throwing error by shortstop Mookie Betts.,W,L,L,LAD,TOR,X,6,ground_ball,0,1,2025,-0.49,0.54,-0.21795734829387797,3.1654205020765716,,,,0,8,Top,131.93,146.33,,,,,-5.285238279634135,-129.89775069306444,-1.9104164949776363,-4.457195912870662,26.280037394592224,-25.875249628659404,3.72,1.74,5,64.4,-31,90.1,2543,6.7,813032,669257,518692,669242,571970,605141,571771,681624,606192,53.8,0.065,0.062,0.9,1,0,0,2,66,2,Slider,5,5,5,5,5,5,5,5,Standard,Standard,179,-0.075,0.524,77.1,7.8,0.066,-0.524,88.0,0,0,0.507,0.493,26,25,26,26,1,3,19,2,1,1,2.31,-0.49,-0.49,53.4,14.05206126110099,-22.797680794788853,22.604220053228403,36.51515742516174,42.911385160531935
FF,2025-10-27,95.6,-2.57,5.72,"Pages, Andy",681624,656546,,foul,,,,,4,Foul,W,R,R,LAD,TOR,S,,,0,1,2025,-1.2,1.36,-0.3998665347072652,2.2176388979744917,,,,0,9,Bot,,,,,,,8.454396161510632,-138.83160280148306,-6.658534448716784,-17.418177023772348,31.11670823227987,-13.29421074669984,3.48,1.59,6,102.2,-20,95.8,2543,6.5,813032,672386,665489,643396,676391,665926,664702,662139,664770,54,,,,,,,,79,2,4-Seam Fastball,5,5,5,5,5,5,5,5,Standard,Standard,225,-0.014,-0.055,76.5,8.4,,0.055,102.2,0,0,0.63,0.63,32,24,32,25,1,3,2,2,2,1,1.15,1.2,1.2,34.1,17.229917891284785,-7.180283214744515,43.768810413722235,30.597372146677408,32.870797608856115
FC,2025-10-27,94.3,1.86,6.27,"Edman, Tommy",669242,663893,,swinging_strike,,,,,13,Swinging Strike,W,R,L,LAD,TOR,S,,,1,0,2025,0.05,0.53,-1.5971241115998236,1.8669897820556163,,,,0,17,Bot,,,,,,,-9.015880828790598,-137.08842395592177,-6.9195370252086885,2.497447627616908,27.876737621084388,-24.17965688266111,3.38,1.57,,,,93.9,2285,5.9,813032,623168,665489,643396,676391,665926,664702,662139,664770,54.59,,,,,,,,143,2,Cutter,5,5,5,5,5,5,5,5,Standard,Standard,125,-0.01,-0.05,77.2,8.0,,0.05,,0,0,0.646,0.646,28,30,29,30,1,7,10,2,,1,2.02,0.05,-0.05,34.8,16.394348160649766,-25.359135942471507,30.804555910720715,19.964452495242217,30.99480337813542
FF,2025-10-27,92.6,1.96,5.91,"Muncy, Max",571970,641778,field_out,hit_into_play,,,,,3,Max Muncy pops out to second baseman Isiah Kiner-Falefa.,W,L,L,LAD,TOR,X,4,popup,0,1,2025,0.91,1.4,0.34661706480861887,2.708177674241801,,,,1,12,Bot,183.95,141.41,,,,,-6.087801324862129,-134.72729678173448,-5.413263239317785,12.46728445472314,29.708966969068427,-14.079334637761901,3.1,1.52,203,67.3,47,92.2,2364,6.1,813032,623168,665489,643396,676391,665926,664702,662139,664770,54.43,0.208,0.191,0,1,0,0,3,106,2,4-Seam Fastball,5,5,5,5,5,5,5,5,Infield shade,Standard,139,-0.039,-0.215,74.3,6.8,0.244,0.215,88.0,0,0,0.575,0.575,30,34,30,35,1,5,3,2,,1,1.26,0.91,0.91,34.1,16.702541821613018,-5.970955532648436,35.17741051979382,31.277856915893853,39.78138188822991
CU,2025-10-27,75.4,1.97,6.13,"Muncy, Max",571970,641778,,called_strike,,,,,6,Called Strike,W,L,L,LAD,TOR,S,,,0,0,2025,-0.92,-1.03,0.41034575570262466,2.193473234125695,,,,1,12,Bot,,,,,,,-1.610739758036292,-109.81193762241688,0.7772065022902734,-7.113117973359293,20.304050410096718,-40.8163918890468,3.17247152646945,1.52000075467297,,,,74.9,2471,6,813032,623168,665489,643396,676391,665926,664702,662139,664770,54.53,,,,,,,,106,1,Curveball,5,5,5,5,5,5,5,5,Infield shade,Standard,311,-0.007,-0.039,,,,0.039,,0,0,0.582,0.582,30,34,30,35,1,5,3,2,,1,5.04,-0.92,-0.92,39.0,,,,,
FF,2025-10-27,98.1,-2.21,5.48,"Pages, Andy",681624,622554,,called_strike,,,,,4,Called Strike,W,R,R,LAD,TOR,S,,,0,0,2025,-0.45,1.34,-0.7908901498777607,2.3626352746437878,,,,0,7,Bot,,,,,,,4.87296714362404,-142.66813654789166,-6.040253091333272,-7.259576533503153,33.0088468854497,-12.712743177393344,3.26576230317849,1.52191605553241,,,,98,2188,6.3,813032,672386,665489,643396,676391,665926,664770,662139,680718,54.22,,,,,,,,60,1,4-Seam Fastball,4,5,4,5,5,4,4,5,Standard,Standard,217,-0.007,-0.039,,,,0.039,,-1,-1,0.364,0.364,30,24,31,25,1,2,3,2,2,1,1.03,0.45,0.45,30.2,,,,,
SL,2025-10-27,86.9,2.76,5.55,"Varsho, Daulton",662139,607455,,ball,,,,,13,Ball,W,L,L,LAD,TOR,B,,,0,0,2025,-0.72,-0.63,-2.0270929724834486,1.461795151416458,,,664770,2,5,Top,,,,,,,-9.959350376539328,-126.1250037276704,-2.247782498542989,-5.503465013405115,27.213309456064454,-38.58333534633948,3.43091455405029,1.55999864022853,,,,86.5,2393,6.3,813032,669257,518692,669242,571970,605141,571771,681624,606192,54.19,,,,,,,,39,1,Slider,2,4,4,2,4,2,4,2,Standard,Standard,329,-0.002,0.035,,,,-0.035,,-2,2,0.27,0.73,31,28,32,29,1,2,3,2,1,1,3.68,-0.72,-0.72,32.4,,,,,
FS,2025-10-27,84.3,-2.1,5.99,"France, Ty",664034,808963,,ball,,,,,13,Ball,W,R,R,LAD,TOR,B,,,0,0,2025,-0.64,-0.77,-1.3672779529967607,1.3275700953938094,,664702,665926,1,8,Top,,,,,,,3.0323055322850756,-122.66742739903935,-2.854420119940386,-7.0478649880708115,29.070498433179875,-39.37354113291238,3.08505933787757,1.44185235247499,,,,85.3,466,7.4,813032,669257,518692,669242,571970,605141,571771,681624,606192,53.13,,,,,,,,69,1,Split-Finger,5,5,5,5,5,5,5,5,Standard,Standard,308,-0.011,0.031,,,,-0.031,,0,0,0.428,0.5720000000000001,23,30,24,31,1,1,10,36,4,1,4.03,0.64,0.64,46.3,,,,,
FF,2025-10-27,93.9,-1.71,5.35,"Hernández, Teoscar",606192,605135,,ball,,,,,14,Ball,W,R,R,LAD,TOR,B,,,0,0,2025,-0.55,0.9,1.3509548894963528,1.8450492415343343,,,,0,8,Bot,,,,,,,9.125459731552457,-136.4616035504534,-5.328468058641544,-8.839488885190447,29.94366854272207,-19.96639080997908,3.51364836573996,1.57999955159505,,,,93.9,2218,6.3,813032,672386,665489,643396,676391,665926,664702,662139,664770,54.16,,,,,,,,71,1,4-Seam Fastball,5,5,5,5,5,5,5,5,Standard,Standard,216,0.006,0.041,,,,-0.041,,0,0,0.608,0.608,36,32,36,33,1,3,3,2,1,1,1.7,0.55,0.55,30.3,,,,,
FF,2025-10-27,98.9,-1.59,5.63,"Schneider, Davis",676914,694361,,called_strike,,,,,6,Called Strike,W,R,R,LAD,TOR,S,,,0,0,2025,-0.55,1.34,0.4394901357963207,2.155860397567759,,,,0,15,Top,,,,,,,6.886690480414512,-143.64726924576055,-7.142794608870588,-9.371671672064034,37.36275581279788,-12.150042640486529,3.23132394134729,1.53000108432638,,,,99.1,2242,6.8,813032,669257,518692,500743,571970,605141,669743,669242,606192,53.73,,,,,,,,126,1,4-Seam Fastball,5,5,5,5,5,5,5,5,Standard,Standard,218,0.009,-0.039,,,,0.039,,0,0,0.5,0.5,25,26,26,26,1,1,3,3,,2,1.02,0.55,0.55,48.7,,,,,
ST,2025-10-27,81.3,3.48,5.73,"Ohtani, Shohei",660271,689254,,foul,,,,,1,Foul,W,L,L,LAD,TOR,S,,,0,0,2025,-1.22,0.15,-0.35337564934832233,2.9576413555723198,,,571771,1,5,Bot,,,,,,,-6.308458878275621,-118.24059234271813,0.20306672965715067,-10.027720124623071,25.37479357981963,-31.041125889764068,3.52,1.64,151,78.1,73,81.8,2751,7,813032,672386,665489,666182,676391,665926,664770,662139,680718,53.54,,,,,,,,42,1,Sweeper,2,4,2,4,4,2,2,4,Infield shade,Standard,295,-0.006,-0.04,79.4,8.1,,0.04,88.0,-2,-2,0.293,0.293,23,30,24,31,1,2,3,2,1,1,3.33,-1.22,-1.22,39.1,17.247211490065766,-6.6335149569231655,31.883314930853082,45.34843248586288,30.682004406165014
KC,2025-10-27,88.9,-3.2,5.47,"Smith, Will",669257,686973,,foul,,,,,11,Foul,W,R,R,LAD,TOR,S,,,0,0,2025,0.43,-1.27,-0.9527704904315846,2.915396959472609,,,518692,2,5,Bot,,,,,,,4.64772781383175,-129.2617451053058,2.5419125101699445,3.7538507739848,29.076714133101852,-47.116592952530965,3.4,1.59,5,62.9,-26,89.5,2454,6.9,813032,672386,665489,666182,676391,665926,664770,662139,680718,53.63,,,,,,,,45,1,Knuckle Curve,4,4,4,4,4,4,4,4,Standard,Standard,45,-0.005,-0.042,44.3,5.0,,0.042,88.0,0,0,0.531,0.531,27,30,28,30,1,2,2,2,1,1,4.18,-0.43,-0.43,43.7,-17.50714260508892,33.251135870614156,38.74630385640112,26.647388999646203,12.915689247030247
SL,2025-10-27,90.1,-1.2,5.27,"Clement, Ernie",676391,686218,,swinging_strike,,,,,14,Swinging Strike,W,R,R,LAD,TOR,S,,,0,0,2025,0.17,0.58,0.9656403585195771,1.6118652151345711,,,,0,10,Top,,,,,,,5.046626872187038,-131.0368733082408,-4.378606843327851,0.8333177696173893,28.366425211467863,-24.711900290615514,3.33,1.54,,,,90.6,2569,6.7,813032,669257,518692,669242,571970,605141,571771,681624,606192,53.84,,,,,,,,82,1,Slider,5,5,5,5,5,5,5,5,Standard,Standard,186,0.009,-0.039,42.9,7.5,,0.039,,0,0,0.5,0.5,25,29,26,29,1,4,3,2,5,1,2.23,-0.17,-0.17,28.8,17.58879303667682,-6.427908062413011,32.852510223804785,47.07750191941203,32.87778309055584
CU,2025-10-27,80.1,-1.44,5.99,"Springer, George",543807,607192,,called_strike,,,,,6,Called Strike,W,R,R,LAD,TOR,S,,,0,0,2025,0.64,-1.31,0.4937351617188271,2.680668646032636,,,,0,1,Top,,,,,,,3.104186949073686,-116.5273876558554,2.0251354499072924,5.167259553453706,24.171961822896332,-44.679125810513845,3.54,1.63,,,,81.3,2909,7.4,813032,669257,518692,669242,571970,605141,571771,681624,606192,53.12,,,,,,,,1,1,Curveball,0,0,0,0,0,0,0,0,Standard,Standard,20,0.003,-0.039,,,,0.039,,0,0,0.5,0.5,31,35,32,36,1,0,11,2,4,4,4.9,-0.64,-0.64,62.1,,,,,
FF,2025-10-27,95.1,-3.02,5.85,"Ohtani, Shohei",660271,453286,,foul,,,,,1,Foul,W,L,R,LAD,TOR,S,,,0,0,2025,-0.71,1.22,-0.5805748097530573,3.1162710266860136,,,,0,1,Bot,,,,,,,7.9447073037832725,-138.26938716484744,-4.207252285508182,-10.951558769095675,31.721562122877945,-15.744025815709566,3.52,1.64,168,84.3,70,94.4,2458,6,813032,672386,665489,666182,676391,665926,664770,662139,680718,54.53,,,,,,,,4,1,4-Seam Fastball,0,0,0,0,0,0,0,0,Infield shade,Standard,218,-0.003,-0.039,76.3,7.8,,0.039,88.0,0,0,0.548,0.548,40,30,41,31,1,0,11,2,5,1,1.31,0.71,-0.71,35.8,13.081209332122196,5.198972263580933,30.877344179935832,46.059734786678526,19.629000485299297
CU,2025-10-27,82.8,-1.82,6.08,"Guerrero Jr., Vladimir",665489,683618,,called_strike,,,,,5,Called Strike,W,R,R,LAD,TOR,S,,,0,0,2025,0.67,-0.53,-0.1385650920313527,2.5149990544754424,,,,0,13,Top,,,,,,,2.540888062304636,-120.53915595766804,-0.5566842731014936,5.90530266725081,25.894706920447298,-37.43227643171852,3.69672470217894,1.60726811445755,,,,82.9,2692,6.6,813032,669257,518692,669242,571970,605141,571771,681624,606192,53.92,,,,,,,,108,1,Curveball,5,5,5,5,5,5,5,5,Standard,Standard,47,0.009,-0.039,,,,0.039,,0,0,0.5,0.5,23,26,23,26,1,6,27,2,2,1,3.88,-0.67,-0.67,44.3,,,,,
CU,2025-10-27,84.7,0.2,6.61,"Hernández, Enrique",571771,680755,,ball,,,,,11,Ball,W,R,R,LAD,TOR,B,,,0,0,2025,0.27,-0.91,-0.6808453933026515,3.86674768239276,,,,0,11,Bot,,,,,,,-2.554627349016407,-123.34151901198777,1.7083333837594596,3.249048794945576,25.79784828032969,-41.97508925025212,3.50726078767274,1.67000093202381,,,,83.3,2537,5.4,813032,672386,665489,643396,676391,665926,664702,662139,664770,55.09,,,,,,,,94,1,Curveball,5,5,5,5,5,5,5,5,Standard,Standard,24,0.007,0.041,,,,-0.041,,0,0,0.639,0.639,24,33,25,34,1,4,2,2,,1,4.09,-0.27,-0.27,47.6,,,,,
SL,2025-10-27,88.5,2.47,5.83,"Barger, Addison",680718,676263,,swinging_strike,,,,,13,Swinging Strike,W,L,L,LAD,TOR,S,,,0,0,2025,-0.35,0.29,-0.6715047611090016,1.2672937308277725,,,,0,8,Top,,,,,,,-6.96383306636489,-128.55935535540775,-5.63268136610529,-2.2952725278838653,28.748910683803484,-27.898289225813457,3.72,1.74,,,,88.7,2497,6.7,813032,669257,518692,669242,571970,605141,571771,681624,606192,53.79,,,,,,,,66,1,Slider,5,5,5,5,5,5,5,5,Standard,Standard,164,0.007,-0.039,73.8,8.5,,0.039,,0,0,0.5,0.5,26,25,26,26,1,3,19,2,1,1,2.65,-0.35,-0.35,53.2,11.06481097807138,-19.442356451098128,26.577144001772968,41.53734583145025,40.567120782366445
CU,2025-10-27,80.5,2.15,5.56,"Kirk, Alejandro",672386,680736,,ball,,,,,12,Ball,W,R,L,LAD,TOR,B,,,0,0,2025,-0.64,-0.63,0.1731145556367319,3.8830902570799277,,,,0,6,Top,,,,,,,-3.1091197756963584,-117.16548921799892,4.018249820813966,-5.349965904299252,21.600628078219746,-38.91711256177709,3.10590815951657,1.48999859345234,,,,79.2,2334,5.3,813032,669257,518692,669242,571970,605141,571771,681624,606192,55.2,,,,,,,,46,1,Curveball,4,4,4,4,4,4,4,4,Standard,Standard,308,-0.005,0.041,,,,-0.041,,0,0,0.5,0.5,24,26,25,27,1,2,3,2,4,1,4.14,-0.64,0.64,38.2,,,,,
FC,2025-10-27,92.2,-2.9,6.23,"Guerrero Jr., Vladimir",665489,595014,,ball,,,,,12,Ball,W,R,R,LAD,TOR,B,,,0,0,2025,0.11,0.72,0.5731301390001757,4.414139389501081,,,,2,7,Top,,,,,,,8.46731886195244,-134.03644862758193,-0.37130489250830045,-0.44000560510150466,27.782299150790305,-23.54253548021521,3.71672157919072,1.60000132807386,,,,91.2,2506,5.6,813032,669257,518692,669242,571970,605141,571771,681624,606192,54.85,,,,,,,,56,1,Cutter,4,4,4,4,4,4,4,4,Standard,Standard,208,-0.002,0.037,,,,-0.037,,0,0,0.568,0.43200000000000005,37,26,37,26,1,3,10,2,1,1,1.95,-0.11,-0.11,32.7,,,,,
SI,2025-10-27,93.2,1.88,6.02,"Edman, Tommy",669242,663893,,ball,,,,,12,Ball,W,R,L,LAD,TOR,B,,,0,0,2025,0.77,0.13,0.042300875478132216,3.618929764427478,,,,0,17,Bot,,,,,,,-6.365204080263418,-135.64893305829662,-0.698902144578193,10.906786725276575,29.02425530800227,-30.652274655346503,3.41098819898824,1.57000105846531,,,,92.5,1946,5.8,813032,623168,665489,643396,676391,665926,664702,662139,664770,54.69,,,,,,,,143,1,Sinker,5,5,5,5,5,5,5,5,Standard,Standard,123,0.007,0.041,,,,-0.041,,0,0,0.639,0.639,28,30,29,30,1,7,10,2,,1,2.49,0.77,-0.77,28.7,,,,,
FF,2025-10-27,95.9,-2.55,5.74,"Pages, Andy",681624,656546,,called_strike,,,,,7,Called Strike,W,R,R,LAD,TOR,S,,,0,0,2025,-1.25,1.31,-0.3160792459961381,2.045365739514323,,,,0,9,Bot,,,,,,,8.7768908588899,-139.26632533855076,-7.142227068980302,-18.220126686124427,31.845896283828196,-13.618156876137308,3.45321485482462,1.58999949752536,,,,96.3,2458,6.7,813032,672386,665489,643396,676391,665926,664702,662139,664770,53.82,,,,,,,,79,1,4-Seam Fastball,5,5,5,5,5,5,5,5,Standard,Standard,223,-0.009,-0.039,,,,0.039,,0,0,0.639,0.639,32,24,32,25,1,3,2,2,2,1,1.18,1.25,1.25,34.8,,,,,
SL,2025-10-27,89.7,1.8,5.94,"Lukes, Nathan",664770,477132,,blocked_ball,,,,,13,Ball In Dirt,W,L,L,LAD,TOR,B,,,0,0,2025,-0.17,0.87,-0.2076645557812237,0.8352574329061402,623168,665926,676914,2,12,Top,,,,,,,-4.637982010226893,-130.34806686431088,-8.520206120032212,-0.8916563280357944,27.869097572008798,-20.59257795549386,3.431471044642,1.53999982816207,,,,90.3,2589,6.7,813032,669257,518692,669242,571970,605141,571771,681624,606192,53.76,,,,,,,,104,1,Slider,5,5,5,5,5,5,5,5,Standard,Standard,187,-0.031,0.032,,,,-0.032,,0,0,0.461,0.5389999999999999,37,30,37,31,1,6,19,2,,1,1.97,-0.17,-0.17,56.4,,,,,
,2025-10-27,,,,"Giménez, Andrés",665926,686218,,automatic_ball,,,,,,Automatic Ball - Intentional,W,L,R,LAD,TOR,B,,,0,0,2025,,,,,,623168,,2,12,Top,,,,,,,,,,,,,,,,,,,,,813032,669257,518692,669242,571970,605141,571771,681624,606192,,,,,,,,,102,1,,5,5,5,5,5,5,5,5,,,,-0.001,,,,,,,0,0,0.533,0.46699999999999997,25,26,26,27,2,5,3,2,5,1,,,,,,,,,
,2025-10-27,,,,"Giménez, Andrés",665926,686218,intent_walk,automatic_ball,,,,,,Emmet Sheehan intentionally walks Andrés Giménez.,W,L,R,LAD,TOR,B,,,3,0,2025,,,,,,623168,,2,12,Top,,,,,,,,,,,,,,,,,,,,,813032,669257,518692,669242,571970,605141,571771,681624,606192,,,,0.4,0,0,0,,102,4,,5,5,5,5,5,5,5,5,,,,-0.004,,,,,,,0,0,0.526,0.474,25,26,26,27,2,5,3,2,5,1,,,,,,,,,
,2025-10-27,,,,"Giménez, Andrés",665926,686218,,automatic_ball,,,,,,Automatic Ball - Intentional,W,L,R,LAD,TOR,B,,,1,0,2025,,,,,,623168,,2,12,Top,,,,,,,,,,,,,,,,,,,,,813032,669257,518692,669242,571970,605141,571771,681624,606192,,,,,,,,,102,2,,5,5,5,5,5,5,5,5,,,,-0.002,,,,,,,0,0,0.532,0.46799999999999997,25,26,26,27,2,5,3,2,5,1,,,,,,,,,
,2025-10-27,,,,"Giménez, Andrés",665926,686218,,automatic_ball,,,,,,Automatic Ball - Intentional,W,L,R,LAD,TOR,B,,,2,0,2025,,,,,,623168,,2,12,Top,,,,,,,,,,,,,,,,,,,,,813032,669257,518692,669242,571970,605141,571771,681624,606192,,,,,,,,,102,3,,5,5,5,5,5,5,5,5,,,,-0.004,,,,,,,0,0,0.53,0.47,25,26,26,27,2,5,3,2,5,1,,,,,,,,,
,2025-10-27,,,,"Ohtani, Shohei",660271,680755,,automatic_ball,,,,,,Automatic Ball - Intentional,W,L,R,LAD,TOR,B,,,1,0,2025,,,,,,,,2,11,Bot,,,,,,,,,,,,,,,,,,,,,813032,672386,665489,643396,676391,665926,664702,662139,664770,,,,,,,,,96,2,,5,5,5,5,5,5,5,5,,,,0.005,,,,,,,0,0,0.539,0.539,24,30,25,31,1,5,2,2,,1,,,,,,,,,
,2025-10-27,,,,"Ohtani, Shohei",660271,680755,,automatic_ball,,,,,,Automatic Ball - Intentional,W,L,R,LAD,TOR,B,,,2,0,2025,,,,,,,,2,11,Bot,,,,,,,,,,,,,,,,,,,,,813032,672386,665489,643396,676391,665926,664702,662139,664770,,,,,,,,,96,3,,5,5,5,5,5,5,5,5,,,,0.008,,,,,,,0,0,0.544,0.544,24,30,25,31,1,5,2,2,,1,,,,,,,,,
,2025-10-27,,,,"Ohtani, Shohei",660271,680755,intent_walk,automatic_ball,,,,,,Braydon Fisher intentionally walks Shohei Ohtani.,W,L,R,LAD,TOR,B,,,3,0,2025,,,,,,,,2,11,Bot,,,,,,,,,,,,,,,,,,,,,813032,672386,665489,643396,676391,665926,664702,662139,664770,,,,0.4,0,0,0,,96,4,,5,5,5,5,5,5,5,5,,,,0.011,,,,,,,0,0,0.552,0.552,24,30,25,31,1,5,2,2,,1,,,,,,,,,
,2025-10-27,,,,"Ohtani, Shohei",660271,680755,,automatic_ball,,,,,,Automatic Ball - Intentional,W,L,R,LAD,TOR,B,,,0,0,2025,,,,,,,,2,11,Bot,,,,,,,,,,,,,,,,,,,,,813032,672386,665489,643396,676391,665926,664702,662139,664770,,,,,,,,,96,1,,5,5,5,5,5,5,5,5,,,,0.003,,,,,,,0,0,0.536,0.536,24,30,25,31,1,5,2,2,,1,,,,,,,,,
,2025-10-27,,,,"Ohtani, Shohei",660271,656546,,automatic_ball,,,,,,Automatic Ball - Intentional,W,L,R,LAD,TOR,B,,,0,0,2025,,,,,,,,1,9,Bot,,,,,,,,,,,,,,,,,,,,,813032,672386,665489,643396,676391,665926,664702,662139,664770,,,,,,,,,80,1,,5,5,5,5,5,5,5,5,,,,0.005,,,,,,,0,0,0.582,0.582,32,30,32,31,1,4,2,2,2,1,,,,,,,,,
,2025-10-27,,,,"Ohtani, Shohei",660271,656546,,automatic_ball,,,,,,Automatic Ball - Intentional,W,L,R,LAD,TOR,B,,,2,0,2025,,,,,,,,1,9,Bot,,,,,,,,,,,,,,,,,,,,,813032,672386,665489,643396,676391,665926,664702,662139,664770,,,,,,,,,80,3,,5,5,5,5,5,5,5,5,,,,0.016,,,,,,,0,0,0.598,0.598,32,30,32,31,1,4,2,2,2,1,,,,,,,,,
,2025-10-27,,,,"Ohtani, Shohei",660271,656546,intent_walk,automatic_ball,,,,,,Jeff Hoffman intentionally walks Shohei Ohtani.,W,L,R,LAD,TOR,B,,,3,0,2025,,,,,,,,1,9,Bot,,,,,,,,,,,,,,,,,,,,,813032,672386,665489,643396,676391,665926,664702,662139,664770,,,,0.4,0,0,0,,80,4,,5,5,5,5,5,5,5,5,,,,0.021,,,,,,,0,0,0.614,0.614,32,30,32,31,1,4,2,2,2,1,,,,,,,,,
,2025-10-27,,,,"Ohtani, Shohei",660271,656546,,automatic_ball,,,,,,Automatic Ball - Intentional,W,L,R,LAD,TOR,B,,,1,0,2025,,,,,,,,1,9,Bot,,,,,,,,,,,,,,,,,,,,,813032,672386,665489,643396,676391,665926,664702,662139,664770,,,,,,,,,80,2,,5,5,5,5,5,5,5,5,,,,0.011,,,,,,,0,0,0.587,0.587,32,30,32,31,1,4,2,2,2,1,,,,,,,,,
,2025-10-27,,,,"Betts, Mookie",605141,641778,,automatic_ball,,,,,,Automatic Ball - Intentional,W,R,L,LAD,TOR,B,,,0,0,2025,,,,,669242,,660271,2,13,Bot,,,,,,,,,,,,,,,,,,,,,813032,623168,665489,643396,676391,665926,664702,662139,664770,,,,,,,,,116,1,,5,5,5,5,5,5,5,5,,,,0.003,,,,,,,0,0,0.637,0.637,30,32,30,33,1,6,3,2,,1,,,,,,,,,
,2025-10-27,,,,"Ohtani, Shohei",660271,641778,,automatic_ball,,,,,,Automatic Ball - Intentional,W,L,L,LAD,TOR,B,,,0,0,2025,,,,,669242,,,2,13,Bot,,,,,,,,,,,,,,,,,,,,,813032,623168,665489,643396,676391,665926,664702,662139,664770,,,,,,,,,115,1,,5,5,5,5,5,5,5,5,,,,0.001,,,,,,,0,0,0.631,0.631,30,30,30,31,1,6,3,2,,1,,,,,,,,,
,2025-10-27,,,,"Betts, Mookie",605141,641778,intent_walk,automatic_ball,,,,,,Eric Lauer intentionally walks Mookie Betts. Shohei Ohtani to 2nd.,W,R,L,LAD,TOR,B,,,3,0,2025,,,,,669242,,660271,2,13,Bot,,,,,,,,,,,,,,,,,,,,,813032,623168,665489,643396,676391,665926,664702,662139,664770,,,,0.4,0,0,0,,116,4,,5,5,5,5,5,5,5,5,,,,0.011,,,,,,,0,0,0.654,0.654,30,32,30,33,1,6,3,2,,1,,,,,,,,,
,2025-10-27,,,,"Ohtani, Shohei",660271,641778,intent_walk,automatic_ball,,,,,,Eric Lauer intentionally walks Shohei Ohtani.,W,L,L,LAD,TOR,B,,,3,0,2025,,,,,669242,,,2,13,Bot,,,,,,,,,,,,,,,,,,,,,813032,623168,665489,643396,676391,665926,664702,662139,664770,,,,0.4,0,0,0,,115,4,,5,5,5,5,5,5,5,5,,,,0.002,,,,,,,0,0,0.635,0.635,30,30,30,31,1,6,3,2,,1,,,,,,,,,
,2025-10-27,,,,"Ohtani, Shohei",660271,641778,,automatic_ball,,,,,,Automatic Ball - Intentional,W,L,L,LAD,TOR,B,,,1,0,2025,,,,,,,,1,15,Bot,,,,,,,,,,,,,,,,,,,,,813032,623168,665489,643396,676391,665926,664702,662139,664770,,,,,,,,,131,2,,5,5,5,5,5,5,5,5,,,,0.011,,,,,,,0,0,0.587,0.587,30,30,30,31,2,7,3,2,,1,,,,,,,,,
,2025-10-27,,,,"Ohtani, Shohei",660271,641778,,automatic_ball,,,,,,Automatic Ball - Intentional,W,L,L,LAD,TOR,B,,,0,0,2025,,,,,,,,1,15,Bot,,,,,,,,,,,,,,,,,,,,,813032,623168,665489,643396,676391,665926,664702,662139,664770,,,,,,,,,131,1,,5,5,5,5,5,5,5,5,,,,0.005,,,,,,,0,0,0.582,0.582,30,30,30,31,2,7,3,2,,1,,,,,,,,,
,2025-10-27,,,,"Ohtani, Shohei",660271,641778,,automatic_ball,,,,,,Automatic Ball - Intentional,W,L,L,LAD,TOR,B,,,2,0,2025,,,,,,,,1,15,Bot,,,,,,,,,,,,,,,,,,,,,813032,623168,665489,643396,676391,665926,664702,662139,664770,,,,,,,,,131,3,,5,5,5,5,5,5,5,5,,,,0.016,,,,,,,0,0,0.598,0.598,30,30,30,31,2,7,3,2,,1,,,,,,,,,
,2025-10-27,,,,"Ohtani, Shohei",660271,641778,,automatic_ball,,,,,,Automatic Ball - Intentional,W,L,L,LAD,TOR,B,,,2,0,2025,,,,,669242,,,2,13,Bot,,,,,,,,,,,,,,,,,,,,,813032,623168,665489,643396,676391,665926,664702,662139,664770,,,,,,,,,115,3,,5,5,5,5,5,5,5,5,,,,0.002,,,,,,,0,0,0.633,0.633,30,30,30,31,1,6,3,2,,1,,,,,,,,,
,2025-10-27,,,,"Betts, Mookie",605141,641778,,automatic_ball,,,,,,Automatic Ball - Intentional,W,R,L,LAD,TOR,B,,,1,0,2025,,,,,669242,,660271,2,13,Bot,,,,,,,,,,,,,,,,,,,,,813032,623168,665489,643396,676391,665926,664702,662139,664770,,,,,,,,,116,2,,5,5,5,5,5,5,5,5,,,,0.005,,,,,,,0,0,0.64,0.64,30,32,30,33,1,6,3,2,,1,,,,,,,,,
,2025-10-27,,,,"Ohtani, Shohei",660271,641778,,automatic_ball,,,,,,Automatic Ball - Intentional,W,L,L,LAD,TOR,B,,,1,0,2025,,,,,669242,,,2,13,Bot,,,,,,,,,,,,,,,,,,,,,813032,623168,665489,643396,676391,665926,664702,662139,664770,,,,,,,,,115,2,,5,5,5,5,5,5,5,5,,,,0.001,,,,,,,0,0,0.632,0.632,30,30,30,31,1,6,3,2,,1,,,,,,,,,
,2025-10-27,,,,"Betts, Mookie",605141,641778,,automatic_ball,,,,,,Automatic Ball - Intentional,W,R,L,LAD,TOR,B,,,2,0,2025,,,,,669242,,660271,2,13,Bot,,,,,,,,,,,,,,,,,,,,,813032,623168,665489,643396,676391,665926,664702,662139,664770,,,,,,,,,116,3,,5,5,5,5,5,5,5,5,,,,0.009,,,,,,,0,0,0.645,0.645,30,32,30,33,1,6,3,2,,1,,,,,,,,,
,2025-10-27,,,,"Ohtani, Shohei",660271,641778,intent_walk,automatic_ball,,,,,,Eric Lauer intentionally walks Shohei Ohtani.,W,L,L,LAD,TOR,B,,,3,0,2025,,,,,,,,1,15,Bot,,,,,,,,,,,,,,,,,,,,,813032,623168,665489,643396,676391,665926,664702,662139,664770,,,,0.4,0,0,0,,131,4,,5,5,5,5,5,5,5,5,,,,0.021,,,,,,,0,0,0.614,0.614,30,30,30,31,2,7,3,2,,1,,,,,,,,,
