pitch_type,game_date,release_speed,release_pos_x,release_pos_z,player_name,batter,pitcher,events,description,spin_dir,spin_rate_deprecated,break_angle_deprecated,break_length_deprecated,zone,des,game_type,stand,p_throws,home_team,away_team,type,hit_location,bb_type,balls,strikes,game_year,pfx_x,pfx_z,plate_x,plate_z,on_3b,on_2b,on_1b,outs_when_up,inning,inning_topbot,hc_x,hc_y,tfs_deprecated,tfs_zulu_deprecated,umpire,sv_id,vx0,vy0,vz0,ax,ay,az,sz_top,sz_bot,hit_distance_sc,launch_speed,launch_angle,effective_speed,release_spin_rate,release_extension,game_pk,fielder_2,fielder_3,fielder_4,fielder_5,fielder_6,fielder_7,fielder_8,fielder_9,release_pos_y,estimated_ba_using_speedangle,estimated_woba_using_speedangle,woba_value,woba_denom,babip_value,iso_value,launch_speed_angle,at_bat_number,pitch_number,pitch_name,home_score,away_score,bat_score,fld_score,post_away_score,post_home_score,post_bat_score,post_fld_score,if_fielding_alignment,of_fielding_alignment,spin_axis,delta_home_win_exp,delta_run_exp,bat_speed,swing_length,estimated_slg_using_speedangle,delta_pitcher_run_exp,hyper_speed,home_score_diff,bat_score_diff,home_win_exp,bat_win_exp,age_pit_legacy,age_bat_legacy,age_pit,age_bat,n_thruorder_pitcher,n_priorpa_thisgame_player_at_bat,pitcher_days_since_prev_game,batter_days_since_prev_game,pitcher_days_until_next_game,batter_days_until_next_game,api_break_z_with_gravity,api_break_x_arm,api_break_x_batter_in,arm_angle,attack_angle,attack_direction,swing_path_tilt,intercept_ball_minus_batter_pos_x_inches,intercept_ball_minus_batter_pos_y_inches
FS,2025-10-07,79.1,-0.49,5.73,"Torkelson, Spencer",679529,669302,strikeout,swinging_strike,,,,,13,Spencer Torkelson strikes out swinging.,D,R,R,DET,SEA,S,2,,1,2,2025,-0.49,-0.16,-0.8989195166438166,2.088858718138398,,,,2,6,Bot,,,,,,,0.029431312306507834,-115.11826777748753,-0.7624481277191936,-4.294568628813104,24.01072372542773,-33.682643376827045,3.55,1.69,,,,79.9,601,7.1,813056,663728,647304,593871,553993,641487,668227,677594,645302,53.38,,0,0,1,0,0,,51,4,Split-Finger,1,5,1,5,5,1,1,5,Infield shade,Standard,255,-0.005,-0.182,74.5,7.9,,0.182,,-4,-4,0.064,0.064,28,25,28,26,3,2,10,2,3,1,3.84,0.49,0.49,41.5,29.82443647622133,-27.599616693821158,44.031264191911156,26.884384168038082,44.804496419994386
SL,2025-10-07,86.8,-0.57,5.69,"Torkelson, Spencer",679529,669302,,swinging_strike,,,,,14,Swinging Strike,D,R,R,DET,SEA,S,,,1,1,2025,-0.04,0.06,0.09590937888829604,0.6672828136289324,,,,2,6,Bot,,,,,,,1.7294405317809562,-126.36639989422999,-6.081080466381244,-0.7926055204660034,26.181254693746894,-30.44382720226346,3.55,1.69,,,,88.8,1833,7.6,813056,663728,647304,593871,553993,641487,668227,677594,645302,52.95,,,,,,,,51,3,Slider,1,5,1,5,5,1,1,5,Infield shade,Standard,2,-0.002,-0.062,52.1,8.3,,0.062,,-4,-4,0.066,0.066,28,25,28,26,3,2,10,2,3,1,2.96,0.04,0.04,43.9,21.389510873147408,-14.700375124763204,43.36288188093077,38.51037122678771,41.36433510779628
CU,2025-10-07,80.4,-0.65,5.64,"Torkelson, Spencer",679529,669302,,ball,,,,,14,Ball,D,R,R,DET,SEA,B,,,0,1,2025,1.28,-0.26,0.025545484492133452,0.25355894576086646,,,,2,6,Bot,,,,,,,-0.9512432941323514,-117.03649665261936,-4.8038226675315086,11.91936467925864,23.377309787402357,-33.85164033150279,3.5500007349951,1.71505752524306,,,,81.9,2362,7.4,813056,663728,647304,593871,553993,641487,668227,677594,645302,53.08,,,,,,,,51,2,Curveball,1,5,1,5,5,1,1,5,Infield shade,Standard,37,0.001,0.027,,,,-0.027,,-4,-4,0.065,0.065,28,25,28,26,3,2,10,2,3,1,3.8,-1.28,-1.28,44.4,,,,,
FF,2025-10-07,94.9,-0.59,5.78,"Torkelson, Spencer",679529,669302,,foul_tip,,,,,5,Foul Tip,D,R,R,DET,SEA,S,,,0,0,2025,-0.59,1.5,-0.15645567999687682,2.525710926622297,,,,2,6,Bot,,,,,,,2.505500364517691,-138.156936547809,-6.408862734181572,-8.053370268653316,28.79485922522608,-11.706580079688488,3.55,1.69,,,,97.8,2038,7.8,813056,663728,647304,593871,553993,641487,668227,677594,645302,52.74,,,,,,,,51,1,4-Seam Fastball,1,5,1,5,5,1,1,5,Infield shade,Standard,204,-0.001,-0.043,78.2,8.0,,0.043,,-4,-4,0.066,0.066,28,25,28,26,3,2,10,2,3,1,1.01,0.59,0.59,44.3,11.289609094759797,-10.256281643453658,38.42328233379277,35.19215635892794,28.564294219562214
FF,2025-10-07,95.6,-0.94,5.72,"Greene, Riley",682985,669302,field_out,hit_into_play,,,,,2,Riley Greene pops out to third baseman Eugenio Suárez in foul territory.,D,L,R,DET,SEA,X,5,popup,2,0,2025,-0.56,1.42,0.14812281068279098,3.0845089611284116,,,,1,6,Bot,81.55,173.63,,,,,4.243705934921537,-139.18262747286906,-4.653587837881062,-8.220985111535205,31.410012973745026,-12.914633492515065,3.62,1.71,166,87.5,65,98.2,2004,7.7,813056,663728,647304,593871,553993,641487,668227,677594,645302,52.77,0.005,0.005,0,1,0,0,3,50,3,4-Seam Fastball,1,5,1,5,5,1,1,5,Infield shade,Standard,207,-0.019,-0.364,78.6,7.2,0.005,0.364,88.0,-4,-4,0.085,0.085,28,24,28,25,3,2,10,2,3,1,1.08,0.56,-0.56,44.3,17.760247467787636,5.654849691418142,39.28662281033909,32.19164642308707,30.258167497305436
SL,2025-10-07,87.2,-1.06,5.72,"Greene, Riley",682985,669302,,ball,,,,,13,Ball,D,L,R,DET,SEA,B,,,1,0,2025,-0.12,0.11,-0.09801540651674623,1.0981412525956626,,,,1,6,Bot,,,,,,,2.6070772170929604,-126.80034947060541,-5.120166039562364,-1.8814287248429733,31.995180575117534,-29.974833858466436,3.62000026739331,1.66441854455136,,,,88.4,1707,7.6,813056,663728,647304,593871,553993,641487,668227,677594,645302,52.86,,,,,,,,50,2,Slider,1,5,1,5,5,1,1,5,Infield shade,Standard,18,0.005,0.071,,,,-0.071,,-4,-4,0.08,0.08,28,24,28,25,3,2,10,2,3,1,2.95,0.12,-0.12,42.3,,,,,
SL,2025-10-07,86.7,-1.22,5.72,"Greene, Riley",682985,669302,,ball,,,,,14,Ball,D,L,R,DET,SEA,B,,,0,0,2025,0.03,-0.02,0.23776937395093262,0.3077270578600464,,,,1,6,Bot,,,,,,,3.4935718092182015,-126.12599404017578,-6.790650229300414,-0.4573416135080446,27.40396914887093,-31.139661728858712,3.61999936219604,1.79056540206416,,,,88.3,1874,7.5,813056,663728,647304,593871,553993,641487,668227,677594,645302,53.01,,,,,,,,50,1,Slider,1,5,1,5,5,1,1,5,Infield shade,Standard,16,0.002,0.039,,,,-0.039,,-4,-4,0.078,0.078,28,24,28,25,3,2,10,2,3,1,3.07,-0.03,0.03,49.5,,,,,
FS,2025-10-07,81.7,-1.03,5.74,"Keith, Colt",690993,669302,strikeout,swinging_strike,,,,,8,Colt Keith strikes out swinging.,D,L,R,DET,SEA,S,2,,1,2,2025,-0.35,-0.12,0.09199799140356918,1.4692946142598187,,,,0,6,Bot,,,,,,,3.2775963034986284,-118.85768718716841,-2.7986338708915515,-4.01185540851893,25.031962823839706,-32.91352163820819,3.35,1.59,,,,83,659,7.4,813056,663728,647304,593871,553993,641487,668227,677594,645302,53.11,,0,0,1,0,0,,49,4,Split-Finger,1,5,1,5,5,1,1,5,Infield shade,Standard,275,-0.014,-0.189,54.2,8.1,,0.189,,-4,-4,0.092,0.092,28,23,28,24,3,2,10,2,3,1,3.56,0.35,-0.35,37.5,30.625857108253527,-47.33899076821883,32.85010373861183,35.13859119138373,56.25488743182953
FS,2025-10-07,81.3,-1.25,5.69,"Keith, Colt",690993,669302,,ball,,,,,13,Ball,D,L,R,DET,SEA,B,,,0,2,2025,-0.71,0.19,-1.0087784533153425,1.1856681450299096,,,,0,6,Bot,,,,,,,1.9516915663050836,-118.36082466089576,-3.8583656105042263,-7.061568893353797,24.165112343702354,-29.882576987981356,3.35000072680624,1.56785101213939,,,,82.5,719,7.2,813056,663728,647304,593871,553993,641487,668227,677594,645302,53.26,,,,,,,,49,3,Split-Finger,1,5,1,5,5,1,1,5,Infield shade,Standard,250,0.002,0.024,,,,-0.024,,-4,-4,0.09,0.09,28,23,28,24,3,2,10,2,3,1,3.28,0.71,-0.71,41.0,,,,,
CU,2025-10-07,81.7,-1.3,5.74,"Keith, Colt",690993,669302,,called_strike,,,,,7,Called Strike,D,L,R,DET,SEA,S,,,0,1,2025,1.4,-0.31,-0.6362502633909133,1.9909611267095877,,,,0,6,Bot,,,,,,,-1.245485452505832,-119.00546314056236,-1.223603414542634,13.496409959571485,25.350054840761153,-35.095241090820004,3.34999977423755,1.57631429145294,,,,83.2,2356,7.5,813056,663728,647304,593871,553993,641487,668227,677594,645302,53.02,,,,,,,,49,2,Curveball,1,5,1,5,5,1,1,5,Standard,Standard,43,-0.005,-0.055,,,,0.055,,-4,-4,0.095,0.095,28,23,28,24,3,2,10,2,3,1,3.75,-1.4,1.4,42.1,,,,,
FF,2025-10-07,93.7,-2.53,5.25,"Robles, Victor",645302,656427,strikeout,called_strike,,,,,9,Victor Robles called out on strikes.,D,R,R,DET,SEA,S,2,,3,2,2025,-0.52,1.34,0.7546295422557372,1.5232473044431782,,,686527,0,4,Top,,,,,,,9.681362022875584,-136.00265178924846,-6.856053301726613,-8.599088491085416,30.016058505905068,-14.228069847553895,3.07077242315113,1.48542868143478,,,,94.1,2319,6.7,813056,693307,679529,650402,656716,595879,682985,678009,681481,53.82,,0,0,1,0,0,,29,7,4-Seam Fastball,0,3,3,0,3,0,3,0,Standard,Standard,215,0.023,-0.315,,,,0.315,,-3,3,0.162,0.838,29,28,30,28,2,1,5,2,3,1,1.28,0.52,0.52,25.7,,,,,
SL,2025-10-07,85.1,-0.87,5.85,"Keith, Colt",690993,669302,,called_strike,,,,,4,Called Strike,D,L,R,DET,SEA,S,,,0,0,2025,0.1,-0.26,-0.7313617464507293,2.248458160762536,,,,0,6,Bot,,,,,,,0.13066458536710598,-123.89535501360345,-1.620258882285679,1.0076077751912929,25.78107458482489,-34.68036149190717,3.34999973083797,1.61417028249742,,,,86.8,1849,7.5,813056,663728,647304,593871,553993,641487,668227,677594,645302,53.04,,,,,,,,49,1,Slider,1,5,1,5,5,1,1,5,Standard,Standard,45,-0.003,-0.039,,,,0.039,,-4,-4,0.098,0.098,28,23,28,24,3,2,10,2,3,1,3.41,-0.1,0.1,44.4,,,,,
FF,2025-10-07,92.7,-2.54,5.24,"Robles, Victor",645302,656427,,foul,,,,,5,Foul,D,R,R,DET,SEA,S,,,3,2,2025,-0.66,1.57,-0.018559678646760447,2.66149430337176,,,686527,0,4,Top,,,,,,,7.917255350352455,-134.74712074004594,-4.215711330061297,-9.808995001383225,31.06760628489845,-12.354001256525544,3.19,1.52,172,78.5,15,92.9,2385,6.6,813056,693307,679529,650402,656716,595879,682985,678009,681481,53.9,,,,,,,,29,6,4-Seam Fastball,0,3,3,0,3,0,3,0,Standard,Standard,213,0,0,67.7,6.6,,0,88.0,-3,3,0.162,0.838,29,28,30,28,2,1,5,2,3,1,1.1,0.66,0.66,27.7,11.517584799790779,-10.373674658366468,33.26220025215497,41.188180102820915,26.118589073372842
SL,2025-10-07,86.4,-0.8,5.78,"Torres, Gleyber",650402,669302,field_out,hit_into_play,,,,,14,"Gleyber Torres grounds out, first baseman Josh Naylor to pitcher Logan Gilbert.",D,R,R,DET,SEA,X,3,ground_ball,3,2,2025,0.07,0.17,0.07429319876542999,1.3686554135974585,,,681481,2,5,Bot,148.37,170.09,,,,,1.9910190986812657,-125.67474558073928,-4.693528625541948,0.3264240069403705,27.505787762278345,-29.56652008161974,3.27,1.54,14,72.8,-4,88.2,1668,7.6,813056,663728,647304,593871,553993,641487,668227,677594,645302,52.86,0.081,0.073,0,1,0,0,2,44,6,Slider,1,4,1,4,4,1,1,4,Standard,Standard,37,-0.028,-0.295,50.2,6.9,0.102,0.295,88.0,-3,-3,0.165,0.165,28,28,28,29,3,2,10,2,3,1,2.9,-0.07,-0.07,46.4,-5.181858369459656,19.655875192125595,34.464141729316026,35.41596775248583,25.095858230410464
SL,2025-10-07,85.3,-2.55,5.42,"Robles, Victor",645302,656427,,blocked_ball,,,,,14,Ball In Dirt,D,R,R,DET,SEA,B,,,2,2,2025,0.64,0.4,1.4960252648728267,0.6272130880419127,,,686527,0,4,Top,,,,,,,8.265610021796423,-123.89546805600733,-5.779051143118803,4.9655476883845235,25.058042278518876,-27.017577639405857,3.11796778680186,1.50982263529634,,,,85.7,2435,6.7,813056,693307,679529,650402,656716,595879,682985,678009,681481,53.81,,,,,,,,29,5,Slider,0,3,3,0,3,0,3,0,Standard,Standard,139,-0.007,0.113,,,,-0.113,,-3,3,0.169,0.831,29,28,30,28,2,1,5,2,3,1,2.74,-0.64,-0.64,30.4,,,,,
FS,2025-10-07,82.3,-0.83,5.77,"Torres, Gleyber",650402,669302,,blocked_ball,,,,,14,Ball In Dirt,D,R,R,DET,SEA,B,,,2,2,2025,-0.5,-0.51,1.1867672464379273,0.025207637016344542,,,681481,2,5,Bot,,,,,,,5.688549581230787,-119.5893796023671,-5.5798327361985365,-5.953016331539157,24.778585450358012,-36.05067302797745,3.13325757282819,1.40127364961387,,,,84.1,656,7.7,813056,663728,647304,593871,553993,641487,668227,677594,645302,52.78,,,,,,,,44,5,Split-Finger,1,4,1,4,4,1,1,4,Standard,Standard,269,0.008,0.079,,,,-0.079,,-3,-3,0.157,0.157,28,28,28,29,3,2,10,2,3,1,3.9,0.5,0.5,39.1,,,,,
SL,2025-10-07,85.7,-2.41,5.4,"Robles, Victor",645302,656427,,ball,,,,,14,Ball,D,R,R,DET,SEA,B,,,1,2,2025,0.62,0.32,1.895374182627298,1.7257210545371877,,,686527,0,4,Top,,,,,,,8.910905876509187,-124.48415132517664,-3.018174696752555,4.633524819117354,25.473743103143672,-28.418229599785878,3.14473831964881,1.53386602201543,,,,85.7,2363,6.4,813056,693307,679529,650402,656716,595879,682985,678009,681481,54.07,,,,,,,,29,4,Slider,0,3,3,0,3,0,3,0,Standard,Standard,143,-0.003,0.036,,,,-0.036,,-3,3,0.172,0.8280000000000001,29,28,30,28,2,1,5,2,3,1,2.8,-0.62,-0.62,29.0,,,,,
FS,2025-10-07,80.9,-0.54,5.66,"Torres, Gleyber",650402,669302,,blocked_ball,,,,,14,Ball In Dirt,D,R,R,DET,SEA,B,,,1,2,2025,-0.86,-0.28,0.6228454736800813,-0.327560333881066,,,681481,2,5,Bot,,,,,,,4.355816662283508,-117.6409532877732,-6.223856598600896,-8.820176898459511,24.3965511712465,-33.7292799143498,3.20064106496033,1.51705187717548,,,,82.6,653,7.7,813056,663728,647304,593871,553993,641487,668227,677594,645302,52.85,,,,,,,,44,4,Split-Finger,1,4,1,4,4,1,1,4,Standard,Standard,262,0.003,0.033,,,,-0.033,,-3,-3,0.154,0.154,28,28,28,29,3,2,10,2,3,1,3.8,0.86,0.86,37.4,,,,,
FF,2025-10-07,89.4,-2.53,5.34,"Robles, Victor",645302,656427,,foul_bunt,,,,,5,Foul Bunt,D,R,R,DET,SEA,S,,,1,1,2025,-0.51,1.31,0.19557400809496195,2.5105903526466276,,,686527,0,4,Top,,,,,,,7.817841648933378,-129.9990825931976,-3.7450766475020556,-7.446766717051816,27.09631551709595,-16.66548155920972,3.19,1.52,,,,89.8,2209,6.5,813056,693307,679529,650402,656716,595879,682985,678009,681481,53.96,,,,,,,,29,3,4-Seam Fastball,0,3,3,0,3,0,3,0,Standard,Standard,218,0.005,-0.07,18.8,2.4,,0.07,,-3,3,0.167,0.833,29,28,30,28,2,1,5,2,3,1,1.54,0.51,0.51,28.1,7.296589484587841,5.5135213668184155,8.675671870994734,44.48125659473751,27.618966712097198
FF,2025-10-07,94.9,-0.71,5.73,"Torres, Gleyber",650402,669302,,foul,,,,,9,Foul,D,R,R,DET,SEA,S,,,1,1,2025,-0.82,1.41,0.7862857637868232,1.899736590550962,,,681481,2,5,Bot,,,,,,,5.907018172922303,-137.95784552661866,-7.690448428624154,-11.763011040553923,30.43811678181256,-12.664958743561794,3.27,1.54,3,65,-28,97.4,1922,7.8,813056,663728,647304,593871,553993,641487,668227,677594,645302,52.74,,,,,,,,44,3,4-Seam Fastball,1,4,1,4,4,1,1,4,Standard,Standard,210,-0.006,-0.073,50.0,6.6,,0.073,88.0,-3,-3,0.16,0.16,28,28,28,29,3,2,10,2,3,1,1.13,0.82,0.82,40.5,7.0277822335960725,39.7454403508523,35.41835305005248,44.847347231709925,8.575514233403602
SL,2025-10-07,85.1,-2.51,5.38,"Robles, Victor",645302,656427,,ball,,,,,14,Ball,D,R,R,DET,SEA,B,,,0,1,2025,0.48,0.49,1.2686272885774421,1.604426182974858,,,686527,0,4,Top,,,,,,,7.918946636896539,-123.57095157666328,-3.437531017521193,3.13939477869308,27.636593319337884,-26.63184710297867,3.42701985087202,1.47671212109338,,,,85,2392,6.6,813056,693307,679529,650402,656716,595879,682985,678009,681481,53.88,,,,,,,,29,2,Slider,0,3,3,0,3,0,3,0,Standard,Standard,149,-0.002,0.034,,,,-0.034,,-3,3,0.169,0.831,29,28,30,28,2,1,5,2,3,1,2.7,-0.48,-0.48,27.0,,,,,
SL,2025-10-07,87.6,-0.9,5.81,"Torres, Gleyber",650402,669302,,called_strike,,,,,6,Called Strike,D,R,R,DET,SEA,S,,,1,0,2025,-0.06,0.28,0.43287737327692194,2.2006589859120367,,,681481,2,5,Bot,,,,,,,3.4219505163290145,-127.37844006940371,-3.044962757867183,-1.5594269318200051,32.883793299195304,-28.689907969264382,3.27000041830863,1.54077143467878,,,,88.6,1586,7.5,813056,663728,647304,593871,553993,641487,668227,677594,645302,52.95,,,,,,,,44,2,Slider,1,4,1,4,4,1,1,4,Standard,Standard,130,-0.004,-0.05,,,,0.05,,-3,-3,0.164,0.164,28,28,28,29,3,2,10,2,3,1,2.76,0.06,0.06,43.2,,,,,
FF,2025-10-07,91.6,-2.54,5.29,"Robles, Victor",645302,656427,,foul_bunt,,,,,5,Foul Bunt,D,R,R,DET,SEA,S,,,0,0,2025,-0.45,1.35,0.036003117683315766,2.1943941199683685,,,686527,0,4,Top,,,,,,,7.503588688255756,-133.09783688072216,-4.816768471401457,-7.072249488427181,30.8486891769531,-15.346193091255449,3.19,1.52,,,,91.7,2248,6.6,813056,693307,679529,650402,656716,595879,682985,678009,681481,53.9,,,,,,,,29,1,4-Seam Fastball,0,3,3,0,3,0,3,0,Standard,Standard,213,0.003,-0.043,12.3,2.4,,0.043,88.0,-3,3,0.166,0.834,29,28,30,28,2,1,5,2,3,1,1.4,0.45,0.45,32.0,-1.6715314434243214,17.18619580119588,14.544851652392643,45.125860041675224,21.252626430194027
SL,2025-10-07,87.7,-0.84,5.76,"Torres, Gleyber",650402,669302,,ball,,,,,14,Ball,D,R,R,DET,SEA,B,,,0,0,2025,-0.08,0.25,0.6452624731785637,1.2753842778981026,,,681481,2,5,Bot,,,,,,,3.8511834225386337,-127.48115454094506,-5.168815874048556,-1.8617168113071378,33.03704861169755,-28.380703776220052,3.19806775976562,1.44587025797297,,,,88.7,1619,7.6,813056,663728,647304,593871,553993,641487,668227,677594,645302,52.91,,,,,,,,44,1,Slider,1,4,1,4,4,1,1,4,Standard,Standard,187,0.003,0.035,,,,-0.035,,-3,-3,0.161,0.161,28,28,28,29,3,2,10,2,3,1,2.78,0.08,0.08,44.3,,,,,
FF,2025-10-07,92.5,-2.46,5.29,"Canzone, Dominic",686527,656427,walk,ball,,,,,11,Dominic Canzone walks.,D,L,R,DET,SEA,B,,,3,0,2025,-0.48,1.29,-1.4232130768503344,3.3157498228626228,,,,0,4,Top,,,,,,,3.702811283518058,-134.70901336510008,-2.013424173768929,-6.639929801938225,31.40606768753715,-16.356551911703143,3.19433436839426,1.32185389132259,,,,92.7,2240,6.5,813056,693307,679529,650402,656716,595879,682985,678009,681481,53.96,,0.691497,0.7,1,0,0,,28,4,4-Seam Fastball,0,3,3,0,3,0,3,0,Infield shade,Standard,212,-0.008,0.171,,,,-0.171,,-3,3,0.174,0.8260000000000001,29,27,30,28,2,1,5,3,3,1,1.39,0.48,-0.48,28.7,,,,,
SL,2025-10-07,87.8,-1.13,5.84,"Carpenter, Kerry",681481,669302,force_out,hit_into_play,,,,,7,"Kerry Carpenter grounds into a force out, second baseman Jorge Polanco to shortstop J.P. Crawford. Dillon Dingler scores. Javier Báez out at 2nd. Kerry Carpenter to 1st.",D,L,R,DET,SEA,X,4,ground_ball,3,2,2025,0.03,0.09,-0.5421068850435644,1.8314262852458696,693307,,595879,1,5,Bot,152.42,159.46,,,,,1.3951909202006783,-127.73422905036577,-3.7509374420525687,0.0035579919711895163,29.977274450652676,-30.542981929513967,3.39,1.62,56,87,3,89.5,1586,7.6,813056,663728,647304,593871,553993,641487,668227,677594,645302,52.86,0.363,0.328,0,1,0,0,2,43,6,Slider,0,4,0,4,4,1,1,4,Standard,Standard,55,-0.025,-0.289,68.7,7.9,0.405,0.289,88.0,-4,-4,0.186,0.186,28,27,28,28,3,2,10,2,3,1,2.9,-0.03,0.03,46.8,21.96378938499975,1.2517199129490995,38.91380639764663,44.828575870395554,23.177599654926432
SI,2025-10-07,90.4,-2.6,5.29,"Canzone, Dominic",686527,656427,,ball,,,,,11,Ball,D,L,R,DET,SEA,B,,,2,0,2025,-1.32,0.63,-1.3504528980912953,2.851849761534468,,,,0,4,Top,,,,,,,5.96773608748743,-131.50056477254128,-1.4517011465979222,-16.568915689166996,28.48903722811567,-24.815656989187914,3.23999930110801,1.48169804856122,,,,90.8,2076,6.6,813056,693307,679529,650402,656716,595879,682985,678009,681481,53.93,,,,,,,,28,3,Sinker,0,3,3,0,3,0,3,0,Infield shade,Standard,207,-0.006,0.152,,,,-0.152,,-3,3,0.18,0.8200000000000001,29,27,30,28,2,1,5,3,3,1,2.17,1.32,-1.32,25.6,,,,,
FS,2025-10-07,78.7,-1.38,5.69,"Carpenter, Kerry",681481,669302,,ball,,,,,13,Ball,D,L,R,DET,SEA,B,,,2,2,2025,-0.33,-0.01,-1.8123255514501002,1.7410135481647466,693307,,595879,1,5,Bot,,,,,,,-0.3444531076554232,-114.69600025388286,-1.7778018167778766,-2.8375448335304805,21.114615669360244,-32.1103612310795,3.33670465900872,1.58300488425707,,,,80.4,639,7.4,813056,663728,647304,593871,553993,641487,668227,677594,645302,53.12,,,,,,,,43,5,Split-Finger,0,4,0,4,4,0,0,4,Standard,Standard,287,0.016,0.053,,,,-0.053,,-4,-4,0.17,0.17,28,27,28,28,3,2,10,2,3,1,3.67,0.33,-0.33,36.6,,,,,
SL,2025-10-07,86.4,-2.63,5.38,"Canzone, Dominic",686527,656427,,ball,,,,,13,Ball,D,L,R,DET,SEA,B,,,1,0,2025,0.45,0.32,-0.9429920256328794,2.314129736366022,,,,0,4,Top,,,,,,,3.1041026993626706,-125.91058452800236,-1.7676936836259556,4.162740797032644,25.775364326680872,-28.576476719541873,3.23999898287515,1.49849004408272,,,,86.8,2462,6.5,813056,693307,679529,650402,656716,595879,682985,678009,681481,54.02,,,,,,,,28,2,Slider,0,3,3,0,3,0,3,0,Infield shade,Standard,144,-0.004,0.077,,,,-0.077,,-3,3,0.184,0.8160000000000001,29,27,30,28,2,1,5,3,3,1,2.72,-0.45,0.45,27.0,,,,,
SI,2025-10-07,92.9,2.15,6.26,"Santander, Anthony",623993,607074,single,hit_into_play,,,,,9,Anthony Santander singles on a sharp line drive to right fielder Aaron Judge. Daulton Varsho scores. Ernie Clement scores.,D,R,L,NYY,TOR,X,9,line_drive,2,2,2025,1.1,0.07,0.6617944665961608,1.8989011210537567,662139,676391,,1,3,Top,171.58,117.73,,,,,-6.152193405682336,-135.04744521184838,-5.497373262611204,14.76316071063488,29.51157146399983,-30.29898133971817,3.37,1.58,179,103.9,6,92.2,2266,5.9,813061,669224,700250,665862,641857,683011,641355,663757,592450,54.55,0.656,0.627,0.9,1,1,0,4,25,8,Sinker,1,4,4,1,6,1,6,1,Strategic,Standard,135,-0.067,0.579,74.9,7.1,0.775,-0.579,103.9,-3,3,0.161,0.839,32,30,33,31,2,1,6,3,,1,2.58,1.1,-1.1,41.5,-6.909520464097267,20.61102742799527,26.71797463306158,42.86689341139282,20.223081212714682
SL,2025-10-07,85,2.41,6.12,"Santander, Anthony",623993,607074,,foul,,,,,6,Foul,D,R,L,NYY,TOR,S,,,2,2,2025,-0.59,-0.51,0.7581020878810365,2.1860075880953427,662139,676391,,1,3,Top,,,,,,,-2.6710901402051244,-123.80877518827897,-1.9132079727024278,-5.543560500776508,23.96955186929966,-37.21742670674345,3.37,1.58,299,91.9,41,84.4,2555,5.8,813061,669224,700250,665862,641857,683011,641355,663757,592450,54.72,,,,,,,,25,7,Slider,1,4,4,1,4,1,4,1,Strategic,Standard,309,0,0,74.7,7.5,,0,91.9,-3,3,0.161,0.839,32,30,33,31,2,1,6,3,,1,3.65,-0.59,0.59,38.7,4.334222565829666,10.442505251702555,28.07953045269133,44.926550386303674,26.065204597392032
SL,2025-10-07,88.7,-1.03,5.74,"Carpenter, Kerry",681481,669302,,foul,,,,,14,Foul,D,L,R,DET,SEA,S,,,2,1,2025,0.06,0.11,0.16938980567438477,1.155227562265237,693307,,595879,1,5,Bot,,,,,,,2.887392357774915,-128.94506475587391,-5.311678663345016,-0.15656849238454798,34.83261223102948,-29.818288003066552,3.39,1.62,1,61.9,-33,89.8,1688,7.7,813056,663728,647304,593871,553993,641487,668227,677594,645302,52.8,,,,,,,,43,4,Slider,0,4,0,4,4,0,0,4,Standard,Standard,95,-0.014,-0.069,70.9,8.0,,0.069,88.0,-4,-4,0.184,0.184,28,27,28,28,3,2,10,2,3,1,2.87,-0.06,0.06,44.4,20.296342506048656,-1.1883440258124864,42.121165908129306,37.87243838122883,26.172858728355326
KC,2025-10-07,76.6,-2.81,5.11,"Canzone, Dominic",686527,656427,,ball,,,,,11,Ball,D,L,R,DET,SEA,B,,,0,0,2025,1.27,-0.71,-1.8174926600057213,2.7757059074461967,,,,0,4,Top,,,,,,,-0.2000240234086308,-111.46428520050563,3.4556853125139493,10.52408572646089,22.78132254149358,-38.964501230534445,3.23999881584837,1.35893427071614,,,,76.2,2446,6.3,813056,693307,679529,650402,656716,595879,682985,678009,681481,54.21,,,,,,,,28,1,Knuckle Curve,0,3,3,0,3,0,3,0,Infield shade,Standard,57,-0.002,0.041,,,,-0.041,,-3,3,0.186,0.8140000000000001,29,27,30,28,2,1,5,3,3,1,4.64,-1.27,1.27,21.3,,,,,
FS,2025-10-07,80.3,-1.22,5.77,"Carpenter, Kerry",681481,669302,,blocked_ball,,,,,13,Ball In Dirt,D,L,R,DET,SEA,B,,,1,1,2025,-0.39,-0.39,-0.6613159316453052,0.6656772751279525,693307,,595879,1,5,Bot,,,,,,,2.0158804168097344,-116.943177613199,-3.9786491192987627,-3.926054884777049,21.22856242407124,-35.255790074035005,3.38245281584541,1.57714371365353,,,,82.5,586,7.6,813056,663728,647304,593871,553993,641487,668227,677594,645302,52.9,,,,,,,,43,3,Split-Finger,0,4,0,4,4,0,0,4,Standard,Standard,265,0.008,0.044,,,,-0.044,,-4,-4,0.176,0.176,28,27,28,28,3,2,10,2,3,1,3.91,0.39,-0.39,38.7,,,,,
FF,2025-10-07,94.1,2.12,6.35,"Santander, Anthony",623993,607074,,ball,,,,,12,Ball,D,R,L,NYY,TOR,B,,,1,2,2025,0.93,1.27,1.2765963817053758,4.90252556297832,662139,676391,,1,3,Top,,,,,,,-4.242263377258387,-136.90733258864157,-0.8154751454889352,12.695786648258524,32.85292126267487,-16.39401392202048,3.37457161122096,1.64100297523111,,,,93.3,2312,6,813061,669224,700250,665862,641857,683011,641355,663757,592450,54.5,,,,,,,,25,6,4-Seam Fastball,1,4,4,1,4,1,4,1,Strategic,Standard,134,-0.007,0.038,,,,-0.038,,-3,3,0.168,0.832,32,30,33,31,2,1,6,3,,1,1.33,0.93,-0.93,42.3,,,,,
FF,2025-10-07,94.2,-2.44,5.42,"Suárez, Eugenio",553993,656427,home_run,hit_into_play,,,,,2,Eugenio Suárez homers (1) on a fly ball to left center field.,D,R,R,DET,SEA,X,,fly_ball,0,1,2025,-0.64,1.26,-0.1373729795011882,2.909981875633501,,,,0,4,Top,59.28,52.14,,,,,7.4140080804047415,-136.92693525955553,-3.6193615962528494,-9.712745102549066,30.246174747811168,-15.683707268516557,3.48,1.6,422,104.8,31,94.3,2212,6.4,813056,693307,679529,650402,656716,595879,682985,678009,681481,54.1,0.711,1.4175750000000003,2,1,0,3,6,27,2,4-Seam Fastball,0,2,2,0,3,0,3,0,Infield shade,Standard,212,-0.088,1.154,71.4,7.3,2.805,-1.154,104.8,-2,2,0.274,0.726,29,33,30,34,2,1,5,2,3,1,1.31,0.64,0.64,27.3,7.381788997051256,-17.611169377242557,39.402998293398134,31.324229876721887,34.34738293577932
SL,2025-10-07,85.3,2.37,6.14,"Santander, Anthony",623993,607074,,foul,,,,,8,Foul,D,R,L,NYY,TOR,S,,,1,2,2025,-0.41,-0.19,-0.03385062022075408,1.74534951709565,662139,676391,,1,3,Top,,,,,,,-4.782688013458772,-124.13721461834857,-3.6780165719074613,-3.3655858811509045,23.788578842239037,-33.61511132902298,3.37,1.58,217,74.3,50,84.9,2489,5.9,813061,669224,700250,665862,641857,683011,641355,663757,592450,54.56,,,,,,,,25,5,Slider,1,4,4,1,4,1,4,1,Strategic,Standard,302,0,0,78.3,7.1,,0,88.0,-3,3,0.168,0.832,32,30,33,31,2,1,6,3,,1,3.31,-0.41,0.41,41.2,-4.064884048398999,0.3947682477115613,33.91668390355256,34.164439737961274,29.779891077595654
SL,2025-10-07,86.4,-1.03,5.73,"Carpenter, Kerry",681481,669302,,foul,,,,,14,Foul,D,L,R,DET,SEA,S,,,1,0,2025,-0.16,0.09,0.13189504162378757,1.3557363161526488,693307,,595879,1,5,Bot,,,,,,,3.1841487368095036,-125.6777203126202,-4.42402115624069,-2.439722832285413,27.742342959934962,-30.44218461612435,3.39,1.62,5,72.2,-14,88.2,1707,7.7,813056,663728,647304,593871,553993,641487,668227,677594,645302,52.85,,,,,,,,43,2,Slider,0,4,0,4,4,0,0,4,Standard,Standard,41,-0.008,-0.059,74.7,8.3,,0.059,88.0,-4,-4,0.184,0.184,28,27,28,28,3,2,10,2,3,1,2.98,0.16,-0.16,43.3,25.595166253958695,-6.740453033408001,43.52438355797522,37.961306921287495,33.45097245324182
FF,2025-10-07,93.2,-2.36,5.46,"Suárez, Eugenio",553993,656427,,foul,,,,,6,Foul,D,R,R,DET,SEA,S,,,0,0,2025,-0.63,1.47,0.3304094709097113,2.774303920059222,,,,0,4,Top,,,,,,,8.311745237952753,-135.34718722888505,-4.301859293356417,-9.635828957630848,31.1672907300749,-13.434679921982024,3.48,1.6,171,81.4,67,93,2323,6.4,813056,693307,679529,650402,656716,595879,682985,678009,681481,54.08,,,,,,,,27,1,4-Seam Fastball,0,2,2,0,2,0,2,0,Infield shade,Standard,209,0.003,-0.039,75.1,7.9,,0.039,88.0,-2,2,0.271,0.729,29,33,30,34,2,1,5,2,3,1,1.18,0.63,0.63,30.2,22.446307073804682,0.980160377182707,38.93639785884958,37.13470212775242,28.838649289499834
SL,2025-10-07,86.8,-2.76,5.37,"Naylor, Josh",647304,656427,field_out,hit_into_play,,,,,5,Josh Naylor flies out sharply to center fielder Parker Meadows.,D,L,R,DET,SEA,X,8,fly_ball,0,0,2025,0.58,0.33,-0.014731046605073073,2.096639514326033,,668227,663728,2,3,Top,162.25,44.18,,,,,5.390529755904045,-126.18156867851306,-2.2475753455198104,4.954152249941412,28.80664231647488,-28.38803365770974,3.22,1.52,392,102.2,30,86.6,2596,6.5,813056,693307,679529,650402,656716,595879,682985,678009,681481,54.02,0.601,1.1996545454545455,0,1,0,0,6,22,1,Slider,0,2,2,0,2,0,2,0,Infield shade,Standard,139,0.035,-0.282,72.1,8.0,2.353,0.282,102.2,-2,2,0.293,0.7070000000000001,29,28,30,28,2,1,5,2,3,1,2.73,-0.58,0.58,31.0,10.773295957114163,-5.272944691158018,37.05664765192385,33.76644880923775,23.603949929772796
FF,2025-10-07,92.9,2.05,6.41,"Santander, Anthony",623993,607074,,foul,,,,,3,Foul,D,R,L,NYY,TOR,S,,,1,2,2025,1.19,1.2,0.3554003904802958,3.2117785271224246,662139,676391,,1,3,Top,,,,,,,-6.882901929157111,-135.05609770705027,-4.927635243143598,16.06684652051838,32.24786372142588,-16.654527563813982,3.37,1.58,4,71.2,-38,91.8,2365,5.9,813061,669224,700250,665862,641857,683011,641355,663757,592450,54.6,,,,,,,,25,4,4-Seam Fastball,1,4,4,1,4,1,4,1,Strategic,Standard,141,0,0,73.9,7.6,,0,88.0,-3,3,0.168,0.832,32,30,33,31,2,1,6,3,,1,1.47,1.19,-1.19,45.6,16.324343719651438,-15.684062348166604,14.385033920559103,39.08061447416865,34.82073272818099
SL,2025-10-07,87.6,-1.1,5.77,"Carpenter, Kerry",681481,669302,,ball,,,,,13,Ball,D,L,R,DET,SEA,B,,,0,0,2025,-0.12,0.18,-0.4518657065307031,1.3582657548725803,693307,,595879,1,5,Bot,,,,,,,1.8473856922538676,-127.50511083622976,-4.9389970628602935,-1.7010428347543582,29.379925690515797,-29.324066373838445,3.46415541376879,1.62004436900263,,,,89.4,1644,7.6,813056,663728,647304,593871,553993,641487,668227,677594,645302,52.86,,,,,,,,43,1,Slider,0,4,0,4,4,0,0,4,Standard,Standard,24,0.005,0.029,,,,-0.029,,-4,-4,0.179,0.179,28,27,28,28,3,2,10,2,3,1,2.82,0.12,-0.12,44.7,,,,,
SL,2025-10-07,86.9,-0.8,5.91,"Báez, Javier",595879,669302,single,hit_into_play,,,,,1,Javier Báez singles on a line drive to right fielder Victor Robles. Dillon Dingler to 3rd.,D,R,R,DET,SEA,X,9,line_drive,0,0,2025,-0.03,0.19,-0.5865389808051719,3.444564459283732,,693307,,1,5,Bot,165.56,110.98,,,,,0.6023644287919029,-126.50297301305885,-0.0457865670539368,-0.5014612929792052,28.118281712199426,-30.380398473977195,3.5,1.65,215,75.7,21,88.3,1699,7.3,813056,663728,647304,593871,553993,641487,668227,677594,645302,53.16,0.952,0.871,0.9,1,1,0,4,42,1,Slider,0,4,0,4,4,0,0,4,Infield shade,Standard,73,0.044,0.539,65.1,6.7,1.023,-0.539,88.0,-4,-4,0.135,0.135,28,32,28,33,2,1,10,2,3,1,2.85,0.03,0.03,46.1,-1.2969311084084765,18.946303774458652,24.630711758887767,30.138537975825592,17.616987952487428
KC,2025-10-07,79,-2.85,4.95,"Polanco, Jorge",593871,656427,strikeout,foul_tip,,,,,7,Jorge Polanco strikes out on a foul tip.,D,L,R,DET,SEA,S,2,,2,2,2025,1.21,-0.75,-0.5385761698075284,1.8291409880496472,,668227,663728,1,3,Top,,,,,,,2.783151799067938,-114.97132223179612,1.4805850386432777,10.016301272380051,24.005026679892744,-39.31155191048821,3.3,1.62,,,,78.5,2512,6.2,813056,693307,679529,650402,656716,595879,682985,678009,681481,54.28,,0,0,1,0,0,,21,5,Knuckle Curve,0,2,2,0,2,0,2,0,Standard,Standard,55,0.03,-0.216,64.8,7.9,,0.216,,-2,2,0.263,0.737,29,31,30,32,2,1,5,2,3,1,4.44,-1.21,1.21,18.5,18.5574760312752,-13.551593475408263,30.09200142842678,44.73923197577317,34.96708428863759
CH,2025-10-07,84.4,2.1,6.15,"Santander, Anthony",623993,607074,,called_strike,,,,,2,Called Strike,D,R,L,NYY,TOR,S,,,1,1,2025,0.86,0.1,0.0059446208141438195,3.0467523356760995,662139,676391,,1,3,Top,,,,,,,-6.561778583649773,-122.88892873249112,-1.1107621648432304,9.921134945985813,22.438870097363225,-31.142257632809194,3.36999934092465,1.51253550079953,,,,84.6,1629,6.2,813061,669224,700250,665862,641857,683011,641355,663757,592450,54.26,,,,,,,,25,3,Changeup,1,4,4,1,4,1,4,1,Strategic,Standard,138,0.012,-0.094,,,,0.094,,-3,3,0.156,0.844,32,30,33,31,2,1,6,3,,1,3.07,0.86,-0.86,44.7,,,,,
FF,2025-10-07,93.8,-1.01,5.89,"Meadows, Parker",678009,669302,sac_bunt,hit_into_play,,,,,6,"Parker Meadows out on a sacrifice bunt, third baseman Eugenio Suárez to first baseman Josh Naylor. Dillon Dingler to 2nd.",D,L,R,DET,SEA,X,5,ground_ball,0,0,2025,-0.35,1.27,0.8184846175621003,2.9041852951855684,,,693307,0,5,Bot,119.69,195.69,,,,,5.644271385543814,-136.41461442622185,-4.853469115185657,-5.68794243612065,32.7891172124819,-15.482418117869065,3.5,1.71,8,32.4,-15,95.6,1934,7.6,813056,663728,647304,593871,553993,641487,668227,677594,645302,52.92,,,0.2,0,0,0,1,41,1,4-Seam Fastball,0,4,0,4,4,0,0,4,Standard,Standard,204,-0.022,-0.032,,,,0.032,88.0,-4,-4,0.157,0.157,28,25,28,26,2,1,10,2,3,1,1.34,0.35,-0.35,44.8,,,,,
KC,2025-10-07,80.9,-2.72,5.22,"Polanco, Jorge",593871,656427,,ball,,,,,13,Ball,D,L,R,DET,SEA,B,,,1,2,2025,0.97,-0.89,-0.6499576331040738,1.183864579204573,,668227,663728,1,3,Top,,,,,,,2.7677294038768783,-117.82638157493318,-0.6158569727086857,8.433960441396126,24.283656688170804,-40.55211133042046,3.21398179406073,1.43389805388927,,,,80.8,2562,6.4,813056,693307,679529,650402,656716,595879,682985,678009,681481,54.15,,,,,,,,21,4,Knuckle Curve,0,2,2,0,2,0,2,0,Infield shade,Standard,51,-0.005,0.043,,,,-0.043,,-2,2,0.268,0.732,29,31,30,32,2,1,5,2,3,1,4.39,-0.97,0.97,26.4,,,,,
FF,2025-10-07,93,2.06,6.25,"Santander, Anthony",623993,607074,,ball,,,,,13,Ball,D,R,L,NYY,TOR,B,,,0,1,2025,0.98,1.25,-0.03258901441349693,1.1107482921043064,662139,676391,,1,3,Top,,,,,,,-7.451851269270909,-134.80987808362767,-9.970631387691876,13.611368403010637,32.698676098801556,-14.77640766298342,3.47198117702952,1.70170126461559,,,,91.8,2375,6.1,813061,669224,700250,665862,641857,683011,641355,663757,592450,54.44,,,,,,,,25,2,4-Seam Fastball,1,4,4,1,4,1,4,1,Strategic,Standard,136,-0.005,0.015,,,,-0.015,,-3,3,0.161,0.839,32,30,33,31,2,1,6,3,,1,1.43,0.98,-0.98,44.4,,,,,
SL,2025-10-07,83.9,-0.9,5.79,"Dingler, Dillon",693307,669302,hit_by_pitch,hit_by_pitch,,,,,11,Dillon Dingler hit by pitch.,D,R,R,DET,SEA,B,,,3,2,2025,-0.09,0.17,-1.6302004790713327,3.3071305305173593,,,,0,5,Bot,,,,,,,-1.5438425571660574,-122.28795142697572,0.31965763833013194,-0.5885951857043537,24.01900523728895,-30.69943280590073,3.4,1.53,,,,85.7,1730,7.4,813056,663728,647304,593871,553993,641487,668227,677594,645302,53.13,,0.722289,0.7,1,0,0,,40,6,Slider,0,4,0,4,4,0,0,4,Infield shade,Standard,66,0.03,0.356,,,,-0.356,,-4,-4,0.127,0.127,28,26,28,27,2,1,10,2,3,1,3.05,0.09,0.09,42.4,,,,,
FF,2025-10-07,93.3,-2.66,5.39,"Polanco, Jorge",593871,656427,,called_strike,,,,,4,Called Strike,D,L,R,DET,SEA,S,,,1,1,2025,-0.58,1.48,-0.7248882677003835,2.51168035085887,,668227,663728,1,3,Top,,,,,,,6.276115688759347,-135.59700085673873,-4.800629212472494,-8.647178052039155,34.62113398273974,-13.174593617910833,3.30000005836603,1.64078407157254,,,,92.9,2408,6.5,813056,693307,679529,650402,656716,595879,682985,678009,681481,53.98,,,,,,,,21,3,4-Seam Fastball,0,2,2,0,2,0,2,0,Standard,Standard,207,0.008,-0.058,,,,0.058,,-2,2,0.26,0.74,29,31,30,32,2,1,5,2,3,1,1.18,0.58,-0.58,27.7,,,,,
FF,2025-10-07,93,2.04,6.4,"Santander, Anthony",623993,607074,,called_strike,,,,,7,Called Strike,D,R,L,NYY,TOR,S,,,0,0,2025,0.5,1.65,-0.422961897883271,1.730410567656635,662139,676391,,1,3,Top,,,,,,,-7.3557795607819045,-134.9024403997587,-9.63997003162543,7.813673765150139,33.29082208049506,-10.02312199304377,3.4934101607242,1.69685822071836,,,,91.9,2326,6.1,813061,669224,700250,665862,641857,683011,641355,663757,592450,54.42,,,,,,,,25,1,4-Seam Fastball,1,4,4,1,4,1,4,1,Strategic,Standard,142,0.007,-0.051,,,,0.051,,-3,3,0.154,0.846,32,30,33,31,2,1,6,3,,1,1.03,0.5,-0.5,48.5,,,,,
CU,2025-10-07,80.9,-0.97,5.8,"Dingler, Dillon",693307,669302,,ball,,,,,12,Ball,D,R,R,DET,SEA,B,,,2,2,2025,1.27,-0.37,0.48811755697373604,3.7405781359795456,,,,0,5,Bot,,,,,,,0.8341015004936024,-117.77468702090775,2.8780939642580234,11.592135543226636,23.48355094937852,-36.43407354839884,3.39999887078857,1.47089785116358,,,,82.5,2301,7.4,813056,663728,647304,593871,553993,641487,668227,677594,645302,53.07,,,,,,,,40,5,Curveball,0,4,0,4,4,0,0,4,Infield shade,Standard,47,0.008,0.112,,,,-0.112,,-4,-4,0.119,0.119,28,26,28,27,2,1,10,2,3,1,3.87,-1.27,-1.27,44.5,,,,,
SL,2025-10-07,87.1,-2.72,5.28,"Polanco, Jorge",593871,656427,,ball,,,,,13,Ball,D,L,R,DET,SEA,B,,,0,1,2025,0.55,0.41,-0.8752334923634166,2.1355872436926306,,668227,663728,1,3,Top,,,,,,,3.29577743513285,-126.88652199595668,-2.205859273116567,5.233237991657243,27.258168705441154,-27.5365778764134,3.29999887306809,1.66675339763168,,,,87.2,2541,6.4,813056,693307,679529,650402,656716,595879,682985,678009,681481,54.1,,,,,,,,21,2,Slider,0,2,2,0,2,0,2,0,Infield shade,Standard,143,-0.003,0.018,,,,-0.018,,-2,2,0.263,0.737,29,31,30,32,2,1,5,2,3,1,2.6,-0.55,0.55,26.7,,,,,
SL,2025-10-07,86.5,2.38,6.23,"Clement, Ernie",676391,607074,single,hit_into_play,,,,,5,Ernie Clement singles on a ground ball to left fielder Cody Bellinger. Vladimir Guerrero Jr. scores. Daulton Varsho to 3rd. Ernie Clement to 2nd.,D,R,L,NYY,TOR,X,7,ground_ball,0,2,2025,-0.48,-0.1,0.11788018655531995,2.1167112811003466,,665489,662139,1,3,Top,84.42,112.16,,,,,-4.36890780270754,-125.94654991234187,-3.401462797768729,-4.307899534615418,24.852542243774213,-32.73665098795366,3.34,1.55,40,87,-1,86.1,2620,5.9,813061,669224,700250,665862,641857,683011,641355,663757,592450,54.59,0.256,0.234,0.9,1,1,0,2,24,4,Slider,1,3,3,1,4,1,4,1,Standard,Standard,298,-0.118,0.564,69.1,6.9,0.278,-0.564,88.0,-2,2,0.272,0.728,32,29,33,29,2,1,6,2,,1,3.13,-0.48,0.48,42.3,8.15939904482092,2.520245005527031,31.369920575729708,36.778013255700436,35.752441200332655
SL,2025-10-07,85.6,-0.69,5.83,"Dingler, Dillon",693307,669302,,foul,,,,,4,Foul,D,R,R,DET,SEA,S,,,2,1,2025,-0.04,0.28,-0.7286048293337567,2.168314906693588,,,,0,5,Bot,,,,,,,-0.0025299099225129136,-124.80012986956444,-3.0317641478879267,-0.4246345181207296,24.303046194401116,-28.808179914429253,3.4,1.53,132,81.4,13,87.7,1914,7.5,813056,663728,647304,593871,553993,641487,668227,677594,645302,53.04,,,,,,,,40,4,Slider,0,4,0,4,4,0,0,4,Infield shade,Standard,50,-0.007,-0.073,72.3,8.9,,0.073,88.0,-4,-4,0.126,0.126,28,26,28,27,2,1,10,2,3,1,2.81,0.04,0.04,50.3,30.888896543679465,-37.56953571094266,44.17443902917198,27.250924104925762,45.74932321909522
KC,2025-10-07,80.6,-2.87,5,"Polanco, Jorge",593871,656427,,called_strike,,,,,8,Called Strike,D,L,R,DET,SEA,S,,,0,0,2025,0.98,-0.82,0.1483629534840758,1.6488970863087635,,668227,663728,1,3,Top,,,,,,,4.821956727822769,-117.29102794006798,0.8370518530754902,8.038357675707136,24.070596666998014,-40.115863328262996,3.39932827065532,1.58491116021975,,,,80.3,2527,6.2,813056,693307,679529,650402,656716,595879,682985,678009,681481,54.26,,,,,,,,21,1,Knuckle Curve,0,2,2,0,2,0,2,0,Standard,Standard,58,0.005,-0.033,,,,0.033,,-2,2,0.258,0.742,29,31,30,32,2,1,5,2,3,1,4.35,-0.98,0.98,22.0,,,,,
FF,2025-10-07,94.8,1.87,6.49,"Clement, Ernie",676391,607074,,foul,,,,,2,Foul,D,R,L,NYY,TOR,S,,,0,2,2025,0.97,1.45,-0.1909948058925084,2.896072136145472,,665489,662139,1,3,Top,,,,,,,-7.527273862912182,-137.68539424092407,-6.879607644937521,14.019699843033452,33.29368046782982,-12.355609004968704,3.34,1.55,298,97.5,44,94.2,2311,6.2,813061,669224,700250,665862,641857,683011,641355,663757,592450,54.26,,,,,,,,24,3,4-Seam Fastball,1,3,3,1,3,1,3,1,Standard,Standard,143,0,0,72.0,7.4,,0,97.5,-2,2,0.272,0.728,32,29,33,29,2,1,6,2,,1,1.11,0.97,-0.97,49.3,15.642889666937927,-21.250266643249088,28.394130097229013,33.428684312477735,39.08846833790042
FF,2025-10-07,94,1.92,6.43,"Clement, Ernie",676391,607074,,foul,,,,,5,Foul,D,R,L,NYY,TOR,S,,,0,1,2025,1.14,1.24,0.10385413800392085,2.6899892125168128,,665489,662139,1,3,Top,,,,,,,-7.189004780007285,-136.53406223932825,-6.58980309576543,15.944692279247016,34.15212552857234,-15.393807766933921,3.34,1.55,102,80,83,92.8,2339,6,813061,669224,700250,665862,641857,683011,641355,663757,592450,54.51,,,,,,,,24,2,4-Seam Fastball,1,3,3,1,3,1,3,1,Standard,Standard,145,0.009,-0.053,76.6,7.6,,0.053,88.0,-2,2,0.263,0.737,32,29,33,29,2,1,6,2,,1,1.38,1.14,-1.14,49.0,17.43054049339516,-16.959067158280753,30.868406424332935,38.041491634170676,36.388692001699596
SL,2025-10-07,85.8,-0.8,5.78,"Dingler, Dillon",693307,669302,,ball,,,,,11,Ball,D,R,R,DET,SEA,B,,,1,1,2025,0.09,0.05,-0.9886747557289836,2.5362791654794754,,,,0,5,Bot,,,,,,,-0.6600131683766216,-124.96298952669237,-1.5122516114798195,1.1230785974925646,26.117174015727482,-31.569982156418437,3.40000034839511,1.53075265209653,,,,87.6,1784,7.5,813056,663728,647304,593871,553993,641487,668227,677594,645302,53.04,,,,,,,,40,3,Slider,0,4,0,4,4,0,0,4,Infield shade,Standard,42,0.005,0.055,,,,-0.055,,-4,-4,0.121,0.121,28,26,28,27,2,1,10,2,3,1,3.05,-0.09,-0.09,44.2,,,,,
SL,2025-10-07,86.7,-2.4,5.44,"Rodríguez, Julio",677594,656427,strikeout,swinging_strike,,,,,14,Julio Rodríguez strikes out swinging.,D,R,R,DET,SEA,S,2,,3,2,2025,0.58,0.33,1.4657795600585732,1.3092002939683662,,668227,663728,0,3,Top,,,,,,,8.064400245194454,-126.00737975593675,-4.308885558303263,4.421557531834662,26.988157980372986,-27.92660098090375,3.28,1.52,,,,86.6,2558,6.4,813056,693307,679529,650402,656716,595879,682985,678009,681481,54.07,,0,0,1,0,0,,20,6,Slider,0,2,2,0,2,0,2,0,Standard,Standard,131,0.046,-0.357,69.7,8.9,,0.357,,-2,2,0.212,0.788,29,24,30,25,2,1,5,2,3,1,2.72,-0.58,-0.58,31.2,18.100742030723886,-25.178659443900518,31.54807258221227,53.67028242073775,46.89357014742053
SL,2025-10-07,86.1,-0.91,5.91,"Dingler, Dillon",693307,669302,,called_strike,,,,,1,Called Strike,D,R,R,DET,SEA,S,,,1,0,2025,-0.16,0.25,-0.3291358962028532,2.898816190839724,,,,0,5,Bot,,,,,,,1.7384613635027637,-125.36770091413344,-1.3859825672490864,-2.08220477051596,27.063870425087647,-29.476433684719424,3.40000030847013,1.55952431301028,,,,87.7,1912,7.4,813056,663728,647304,593871,553993,641487,668227,677594,645302,53.1,,,,,,,,40,2,Slider,0,4,0,4,4,0,0,4,Infield shade,Standard,63,-0.005,-0.05,,,,0.05,,-4,-4,0.126,0.126,28,26,28,27,2,1,10,2,3,1,2.84,0.16,0.16,44.6,,,,,
FF,2025-10-07,95.1,-2.52,5.48,"Rodríguez, Julio",677594,656427,,swinging_strike,,,,,2,Swinging Strike,D,R,R,DET,SEA,S,,,3,1,2025,-0.69,1.44,0.00027557737281669326,2.9027989867407964,,668227,663728,0,3,Top,,,,,,,8.151852913437386,-138.1200269296579,-4.258677101592752,-10.808724581671385,33.817171192929955,-13.090599762348813,3.28,1.52,,,,94.7,2452,6.4,813056,693307,679529,650402,656716,595879,682985,678009,681481,54.13,,,,,,,,20,5,4-Seam Fastball,0,2,2,0,2,0,2,0,Standard,Standard,212,0.012,-0.142,81.3,7.5,,0.142,,-2,2,0.2,0.8,29,24,30,25,2,1,5,2,3,1,1.12,0.69,0.69,29.9,5.040405658164118,2.543589859318102,29.000347047030584,40.07376400120735,27.991541031250364
FF,2025-10-07,95,2.14,6.39,"Clement, Ernie",676391,607074,,foul,,,,,12,Foul,D,R,L,NYY,TOR,S,,,0,0,2025,0.62,1.14,0.4213902484713856,3.5711076416678056,,665489,662139,1,3,Top,,,,,,,-5.855045455420969,-138.22613200417834,-4.235786677748028,9.29578176319275,31.744335983873086,-16.86023301583411,3.34,1.55,179,74,66,94.3,2364,5.9,813061,669224,700250,665862,641857,683011,641355,663757,592450,54.56,,,,,,,,24,1,4-Seam Fastball,1,3,3,1,3,1,3,1,Standard,Standard,142,0.005,-0.033,64.1,6.3,,0.033,88.0,-2,2,0.258,0.742,32,29,33,29,2,1,6,2,,1,1.4,0.62,-0.62,47.1,6.654610963972896,12.596267344559319,19.023236378345818,41.47209271048405,20.988012992768198
SL,2025-10-07,86.2,-0.59,5.82,"Dingler, Dillon",693307,669302,,ball,,,,,14,Ball,D,R,R,DET,SEA,B,,,0,0,2025,-0.03,0.12,0.14634628646411565,1.1678729292299286,,,,0,5,Bot,,,,,,,1.8412396376674922,-125.48667149111313,-5.121393794714589,-0.6700415468683685,27.582589227517143,-29.96803268028742,3.40143894742423,1.45892037499733,,,,87.6,1870,7.3,813056,663728,647304,593871,553993,641487,668227,677594,645302,53.17,,,,,,,,40,1,Slider,0,4,0,4,4,0,0,4,Infield shade,Standard,34,0.004,0.041,,,,-0.041,,-4,-4,0.122,0.122,28,26,28,27,2,1,10,2,3,1,2.96,0.03,0.03,44.8,,,,,
FF,2025-10-07,95.4,-2.43,5.37,"Rodríguez, Julio",677594,656427,,ball,,,,,14,Ball,D,R,R,DET,SEA,B,,,2,1,2025,-0.56,1.38,1.5793506268914401,2.2814886201835463,,668227,663728,0,3,Top,,,,,,,11.829688299971743,-138.2784669059975,-5.523934864264422,-10.0121457330666,33.60706856055462,-13.39770449511095,3.20573266141671,1.44200172337293,,,,95.3,2475,6.6,813056,693307,679529,650402,656716,595879,682985,678009,681481,53.87,,,,,,,,20,4,4-Seam Fastball,0,2,2,0,2,0,2,0,Standard,Standard,216,-0.015,0.177,,,,-0.177,,-2,2,0.215,0.785,29,24,30,25,2,1,5,2,3,1,1.16,0.56,0.56,27.3,,,,,
FF,2025-10-07,94.6,1.95,6.39,"Varsho, Daulton",662139,607074,single,hit_into_play,,,,,2,"Daulton Varsho singles on a line drive to center fielder Trent Grisham, deflected by left fielder Cody Bellinger. Davis Schneider scores. Vladimir Guerrero Jr. to 2nd.",D,L,L,NYY,TOR,X,7,line_drive,1,1,2025,1.01,1.22,0.11115134960094197,2.863881988219017,,676914,665489,1,3,Top,104.12,99.12,,,,,-7.0097013607664325,-137.4243285896363,-6.189363730029158,14.372214323388008,31.44733689364055,-15.4764349536967,3.37,1.54,257,78.9,26,94,2332,6.1,813061,669224,700250,665862,641857,683011,641355,663757,592450,54.41,0.403,0.376,0.9,1,1,0,3,23,3,4-Seam Fastball,1,2,2,1,3,1,3,1,Standard,Standard,141,-0.094,0.492,70.4,7.0,0.492,-0.492,88.0,-1,1,0.352,0.648,32,28,33,29,2,1,6,2,,1,1.34,1.01,1.01,48.0,9.773205070751334,11.498967440391032,22.064686352543188,33.69456508631272,21.042537824600004
FF,2025-10-07,95,2.01,6.36,"Varsho, Daulton",662139,607074,,ball,,,,,1,Ball,D,L,L,NYY,TOR,B,,,0,1,2025,0.67,1.36,-0.45527398950655673,3.3439657218363816,,676914,665489,1,3,Top,,,,,,,-7.926190124871057,-138.11824521828137,-5.273358808314538,10.388944984499377,31.001293673391466,-13.706142980077521,3.36999912227022,1.6510846194889,,,,94.6,2273,6.1,813061,669224,700250,665862,641857,683011,641355,663757,592450,54.37,,,,,,,,23,2,4-Seam Fastball,1,2,2,1,2,1,2,1,Standard,Standard,140,-0.005,0.018,,,,-0.018,,-1,1,0.357,0.643,32,28,33,29,2,1,6,2,,1,1.17,0.67,0.67,44.9,,,,,
FF,2025-10-07,92.7,-1.57,5.79,"Chisholm Jr., Jazz",665862,669456,walk,ball,,,,,1,Jazz Chisholm Jr. walks. Ben Rice to 2nd.,D,L,R,NYY,TOR,B,,,3,1,2025,-0.58,1.63,-0.4164545430423472,3.6437008776618143,,,700250,2,3,Bot,,,,,,,4.228489676345883,-134.78611599951782,-3.152415834988025,-8.05977289621433,34.651908286669745,-11.977996949551112,3.71999873989619,1.72209539522665,,,,92.3,2296,6.5,813061,672386,665489,676391,680718,665926,676914,662139,623993,54,,0.691497,0.7,1,0,0,,33,5,4-Seam Fastball,3,6,3,6,6,3,3,6,Infield shade,Standard,213,0.014,0.147,,,,-0.147,,-3,-3,0.217,0.217,30,27,30,27,2,1,11,2,8,1,1.06,0.58,-0.58,40.2,,,,,
SL,2025-10-07,87,-0.91,5.79,"McKinstry, Zach",656716,669302,strikeout,swinging_strike_blocked,,,,,14,"Zach McKinstry strikes out swinging, catcher Cal Raleigh to first baseman Josh Naylor.",D,L,R,DET,SEA,S,2,,2,2,2025,-0.03,0.07,0.46516886282020786,0.5170722037375088,,,,2,4,Bot,,,,,,,3.4528938169092993,-126.47113899426107,-6.649871191437992,-1.1704011398726906,29.611835026246105,-30.080862290686063,3.28,1.52,,,,88.4,1766,7.6,813056,663728,647304,593871,553993,641487,668227,677594,645302,52.94,,0,0,1,0,0,,36,5,Slider,0,4,0,4,4,0,0,4,Infield shade,Standard,26,-0.006,-0.224,62.9,8.2,,0.224,,-4,-4,0.11,0.11,28,30,28,30,2,1,10,2,3,1,2.98,0.03,-0.03,43.8,32.36171283081556,-33.291455444808854,42.70594041251286,27.191808417370122,46.790564746071986
SL,2025-10-07,85.7,-2.38,5.39,"Rodríguez, Julio",677594,656427,,ball,,,,,14,Ball,D,R,R,DET,SEA,B,,,1,1,2025,0.56,0.26,2.032101176427507,0.791812210532989,,668227,663728,0,3,Top,,,,,,,9.310326395633197,-124.3728502921604,-5.046291392009925,3.7523718651673104,27.147790776822244,-28.55039930842944,3.28000123994502,1.48285490340516,,,,85.5,2568,6.5,813056,693307,679529,650402,656716,595879,682985,678009,681481,53.99,,,,,,,,20,3,Slider,0,2,2,0,2,0,2,0,Standard,Standard,109,-0.007,0.062,,,,-0.062,,-2,2,0.222,0.778,29,24,30,25,2,1,5,2,3,1,2.88,-0.56,-0.56,31.6,,,,,
KC,2025-10-07,83.3,-1.65,5.76,"Chisholm Jr., Jazz",665862,669456,,ball,,,,,11,Ball,D,L,R,NYY,TOR,B,,,2,1,2025,0.34,-0.85,-0.9055583700003473,2.9579423946746637,,,700250,2,3,Bot,,,,,,,1.056055152623808,-121.20354635748429,1.7989767332325957,3.0361518609549587,26.90184374606933,-41.15696226040694,3.72000037893388,1.72525536839686,,,,83.1,2319,6.4,813061,672386,665489,676391,680718,665926,676914,662139,623993,54.05,,,,,,,,33,4,Knuckle Curve,3,6,3,6,6,3,3,6,Infield shade,Standard,40,0.007,0.079,,,,-0.079,,-3,-3,0.21,0.21,30,27,30,27,2,1,11,2,8,1,4.18,-0.34,0.34,40.7,,,,,
SL,2025-10-07,89,-0.96,5.73,"McKinstry, Zach",656716,669302,,ball,,,,,13,Ball,D,L,R,DET,SEA,B,,,1,2,2025,-0.03,0.1,-0.33042718160791273,-0.0451331600439655,,,,2,4,Bot,,,,,,,1.6458999216933041,-129.29043987133159,-8.370128021580328,-0.782850054274589,33.35067550266692,-29.150233688230372,3.28787544437927,1.6092943417955,,,,90.2,1683,7.6,813056,663728,647304,593871,553993,641487,668227,677594,645302,52.86,,,,,,,,36,4,Slider,0,4,0,4,4,0,0,4,Infield shade,Standard,141,0.001,0.042,,,,-0.042,,-4,-4,0.109,0.109,28,30,28,30,2,1,10,2,3,1,2.84,0.03,-0.03,43.9,,,,,
FF,2025-10-07,92,-2.61,5.17,"Rodríguez, Julio",677594,656427,,ball,,,,,13,Ball,D,R,R,DET,SEA,B,,,0,1,2025,-0.65,1.29,-1.5054131133705158,2.024033682059446,,668227,663728,0,3,Top,,,,,,,4.2283397766050435,-133.90708938612295,-4.97335795863088,-8.703334988868049,30.011471104573854,-15.766779593469899,3.27999975602155,1.57737561893392,,,,92.6,2242,6.7,813056,693307,679529,650402,656716,595879,682985,678009,681481,53.78,,,,,,,,20,2,4-Seam Fastball,0,2,2,0,2,0,2,0,Standard,Standard,208,-0.004,0.028,,,,-0.028,,-2,2,0.226,0.774,29,24,30,25,2,1,5,2,3,1,1.41,0.65,0.65,25.2,,,,,
FF,2025-10-07,93.6,1.92,6.43,"Varsho, Daulton",662139,607074,,foul,,,,,2,Foul,D,L,L,NYY,TOR,S,,,0,0,2025,0.9,1.25,-0.16930967590453982,2.9706997053994804,,676914,665489,1,3,Top,,,,,,,-7.321249938920618,-135.96123046572237,-5.82117860916454,12.911213820471012,33.37794444669597,-15.608466436210236,3.37,1.54,203,72.4,49,92.5,2351,6,813061,669224,700250,665862,641857,683011,641355,663757,592450,54.51,,,,,,,,23,1,4-Seam Fastball,1,2,2,1,2,1,2,1,Standard,Standard,141,0.007,-0.033,68.5,6.6,,0.033,88.0,-1,1,0.35,0.65,32,28,33,29,2,1,6,2,,1,1.39,0.9,0.9,46.9,-4.953643717251027,19.672404616811882,26.00823045389607,37.11255445084062,13.689313266115377
FF,2025-10-07,92,-1.71,5.75,"Chisholm Jr., Jazz",665862,669456,,ball,,,,,11,Ball,D,L,R,NYY,TOR,B,,,1,1,2025,-0.69,1.57,-1.2164388788039453,3.38246767720739,,,700250,2,3,Bot,,,,,,,2.752109335830175,-133.8428179356875,-3.492784767741312,-8.826250694061779,33.60578848903845,-12.8920216961392,3.72000115606524,1.7900817592261,,,,91.7,2346,6.5,813061,672386,665489,676391,680718,665926,676914,662139,623993,54,,,,,,,,33,3,4-Seam Fastball,3,6,3,6,6,3,3,6,Infield shade,Standard,215,0.003,0.054,,,,-0.054,,-3,-3,0.207,0.207,30,27,30,27,2,1,11,2,8,1,1.16,0.69,-0.69,43.9,,,,,
FF,2025-10-07,95.2,-0.95,5.77,"McKinstry, Zach",656716,669302,,swinging_strike,,,,,11,Swinging Strike,D,L,R,DET,SEA,S,,,1,1,2025,-0.44,1.52,-0.08119242923077907,3.8830055431271138,,,,2,4,Bot,,,,,,,3.3608445425421913,-138.65445030713002,-2.8120680165956533,-6.4299557821543285,31.635200272985607,-12.10604727476038,3.28,1.52,,,,98,2150,7.8,813056,663728,647304,593871,553993,641487,668227,677594,645302,52.66,,,,,,,,36,3,4-Seam Fastball,0,4,0,4,4,0,0,4,Standard,Standard,204,-0.002,-0.062,51.6,4.4,,0.062,,-4,-4,0.111,0.111,28,30,28,30,2,1,10,2,3,1,0.99,0.44,-0.44,43.7,-13.486768978069952,46.21872941143516,31.76187626955757,33.944940031517916,2.311349157443779
SL,2025-10-07,86.7,-2.56,5.3,"Rodríguez, Julio",677594,656427,,swinging_strike,,,,,14,Swinging Strike,D,R,R,DET,SEA,S,,,0,0,2025,0.49,0.23,1.4950708271217672,1.4303463018105913,,668227,663728,0,3,Top,,,,,,,8.719911265566166,-125.93647149845377,-3.471847712921245,3.3543115098007474,26.74393732027059,-29.2278254914214,3.28,1.52,,,,86.9,2534,6.6,813056,693307,679529,650402,656716,595879,682985,678009,681481,53.9,,,,,,,,20,1,Slider,0,2,2,0,2,0,2,0,Standard,Standard,119,0.006,-0.053,74.7,8.9,,0.053,,-2,2,0.22,0.78,29,24,30,25,2,1,5,2,3,1,2.83,-0.49,-0.49,28.9,18.382021448471335,-20.072877412607134,32.00589676458396,54.72590959662531,45.94013752180481
SI,2025-10-07,91.4,2.29,6.23,"Kirk, Alejandro",672386,607074,field_out,hit_into_play,,,,,9,Alejandro Kirk lines out to right fielder Aaron Judge.,D,R,L,NYY,TOR,X,9,line_drive,1,1,2025,1.25,0.36,0.7967993487821319,1.6900295619600514,,676914,665489,0,3,Top,194.21,114.35,,,,,-6.403794693840228,-132.92189270474307,-6.308869237054311,16.162124098606373,27.02522994789181,-26.820013620608133,3.12,1.5,269,94.1,18,91.1,2141,6,813061,669224,700250,665862,641857,683011,641355,663757,592450,54.5,0.438,0.438,0,1,0,0,4,22,3,Sinker,1,2,2,1,2,1,2,1,Strategic,Standard,132,0.046,-0.238,73.3,7.3,0.599,0.238,94.1,-1,1,0.304,0.696,32,26,33,27,2,1,6,2,,1,2.36,1.25,-1.25,42.4,6.859130495661393,23.23358611997355,26.148364065593448,48.38557100535838,19.5162071107481
SL,2025-10-07,87.6,-0.9,5.82,"McKinstry, Zach",656716,669302,,called_strike,,,,,8,Called Strike,D,L,R,DET,SEA,S,,,1,0,2025,0.1,0.17,0.24568984076773726,1.7377523435001554,,,,2,4,Bot,,,,,,,2.622154085309697,-127.37004523138009,-4.004451383200273,0.4398583942174895,31.11778869661468,-29.65467633689062,3.27999906106228,1.5896135310917,,,,88.7,1758,7.5,813056,663728,647304,593871,553993,641487,668227,677594,645302,53.04,,,,,,,,36,2,Slider,0,4,0,4,4,0,0,4,Standard,Standard,81,-0.001,-0.054,,,,0.054,,-4,-4,0.112,0.112,28,30,28,30,2,1,10,2,3,1,2.85,-0.1,0.1,46.1,,,,,
FF,2025-10-07,94.7,1.94,6.47,"Kirk, Alejandro",672386,607074,,ball,,,,,1,Ball,D,R,L,NYY,TOR,B,,,0,1,2025,0.96,1.32,-0.41521693928965375,3.229434947225675,,676914,665489,0,3,Top,,,,,,,-8.261006357955583,-137.62116796042812,-5.694845137278755,14.124564053517402,31.49285823919533,-14.273045395894755,3.12000196055762,1.51649420719966,,,,94,2336,6,813061,669224,700250,665862,641857,683011,641355,663757,592450,54.47,,,,,,,,22,2,4-Seam Fastball,1,2,2,1,2,1,2,1,Strategic,Standard,142,-0.005,0.028,,,,-0.028,,-1,1,0.309,0.6910000000000001,32,26,33,27,2,1,6,2,,1,1.23,0.96,-0.96,49.4,,,,,
CH,2025-10-07,89.1,-1.74,5.68,"Chisholm Jr., Jazz",665862,669456,,ball,,,,,11,Ball,D,L,R,NYY,TOR,B,,,0,1,2025,-0.99,-0.1,-1.106624067308902,2.7789730660876955,,,700250,2,3,Bot,,,,,,,3.6502630595780894,-129.76648980516848,-0.8534710207866678,-11.918850714763664,28.842932391396026,-33.33664742108836,3.72000122856991,1.76840665712393,,,,89.2,1125,6.5,813061,672386,665489,676391,680718,665926,676914,662139,623993,54.03,,,,,,,,33,2,Changeup,3,6,3,6,6,3,3,6,Infield shade,Standard,247,0.002,0.027,,,,-0.027,,-3,-3,0.205,0.205,30,27,30,27,2,1,11,2,8,1,2.98,0.99,-0.99,36.2,,,,,
SL,2025-10-07,87.2,-2.76,5.16,"Raleigh, Cal",663728,656427,walk,ball,,,,,14,Cal Raleigh walks. Randy Arozarena to 2nd.,D,L,R,DET,SEA,B,,,3,1,2025,0.3,0.53,0.3549450457495918,1.196710321240785,,,668227,0,3,Top,,,,,,,6.89069228843121,-126.78078860419764,-4.468001581352687,1.8865843447502129,25.519869823210446,-25.68993257097515,3.58999926031597,1.61032968995493,,,,87.5,2511,6.5,813056,693307,679529,650402,656716,595879,682985,678009,681481,54.03,,0.691497,0.7,1,0,0,,19,5,Slider,0,2,2,0,2,0,2,0,Infield shade,Standard,151,-0.024,0.26,,,,-0.26,,-2,2,0.244,0.756,29,28,30,29,2,1,5,2,3,1,2.46,-0.3,0.3,25.6,,,,,
FF,2025-10-07,94.8,-0.85,5.87,"McKinstry, Zach",656716,669302,,ball,,,,,11,Ball,D,L,R,DET,SEA,B,,,0,0,2025,-0.59,1.58,-0.5955458311065087,3.6830545296030275,,,,2,4,Bot,,,,,,,2.0557033707638537,-137.97300696712213,-3.63328358202555,-8.035803280894267,32.85302729919778,-11.447501515380834,3.2800000652529,1.52008262712297,,,,96.7,2115,7.5,813056,663728,647304,593871,553993,641487,668227,677594,645302,52.95,,,,,,,,36,1,4-Seam Fastball,0,4,0,4,4,0,0,4,Standard,Standard,206,0.001,0.037,,,,-0.037,,-4,-4,0.111,0.111,28,30,28,30,2,1,10,2,3,1,0.97,0.59,-0.59,50.9,,,,,
FF,2025-10-07,94,-2.57,5.39,"Raleigh, Cal",663728,656427,,called_strike,,,,,7,Called Strike,D,L,R,DET,SEA,S,,,3,0,2025,-0.56,1.37,-0.572380841592478,2.2221485054831334,,,668227,0,3,Top,,,,,,,6.439916293966607,-136.7585241218939,-5.543446370821114,-8.459983476527771,30.634033224765556,-13.886864380137427,3.59000031253014,1.70152689086153,,,,94.3,2452,6.5,813056,693307,679529,650402,656716,595879,682985,678009,681481,54,,,,,,,,19,4,4-Seam Fastball,0,2,2,0,2,0,2,0,Infield shade,Standard,210,0.008,-0.089,,,,0.089,,-2,2,0.236,0.764,29,28,30,29,2,1,5,2,3,1,1.21,0.56,-0.56,26.5,,,,,
KC,2025-10-07,83.1,-1.61,5.76,"Chisholm Jr., Jazz",665862,669456,,foul,,,,,8,Foul,D,L,R,NYY,TOR,S,,,0,0,2025,0.55,-1.05,-0.06103097696144405,2.1442661011829713,,,700250,2,3,Bot,,,,,,,2.469327715315889,-120.89544607873718,0.3257701790705594,4.777244440709809,26.590064015412025,-42.695142251122796,3.72,1.74,3,69.5,-38,82.8,2532,6.4,813061,672386,665489,676391,680718,665926,676914,662139,623993,54.08,,,,,,,,33,1,Knuckle Curve,3,6,3,6,6,3,3,6,Infield shade,Standard,31,-0.003,-0.042,,,,0.042,88.0,-3,-3,0.208,0.208,30,27,30,27,2,1,11,2,8,1,4.39,-0.55,0.55,40.7,,,,,
SL,2025-10-07,87,2.6,6.05,"Kirk, Alejandro",672386,607074,,swinging_strike_blocked,,,,,13,Swinging Strike (Blocked),D,R,L,NYY,TOR,S,,,0,0,2025,-0.14,0.08,-0.619001314021014,0.5358645910502138,,676914,665489,0,3,Top,,,,,,,-7.387936488027511,-126.43680535853743,-7.129936704639191,0.0634493022385735,26.03868231066132,-30.066314268546396,3.12,1.5,,,,86.3,2578,5.9,813061,669224,700250,665862,641857,683011,641355,663757,592450,54.6,,,,,,,,22,1,Slider,1,2,2,1,2,1,2,1,Standard,Standard,2,0.007,-0.053,53.1,7.3,,0.053,,-1,1,0.302,0.698,32,26,33,27,2,1,6,2,,1,2.95,-0.14,0.14,36.0,11.547142713714173,4.461965218339385,26.6782354953395,29.8180755207151,33.999035645030894
CH,2025-10-07,85.5,2.13,6.32,"Schneider, Davis",676914,607074,double,hit_into_play,,,,,6,Davis Schneider doubles (1) on a line drive to left fielder Cody Bellinger.,D,R,L,NYY,TOR,X,7,line_drive,1,2,2025,0.97,0.2,0.44323948482307807,2.1077354475229995,,,,0,3,Top,54.02,123.31,,,,,-5.919894553245341,-124.52630138209105,-4.125287490845364,11.22929508354617,22.289314604376727,-29.501093576826353,3.1,1.52,176,89.1,15,85.7,1748,6.2,813061,669224,700250,665862,641857,683011,641355,663757,592450,54.35,0.965,0.904,1.25,1,1,1,4,20,4,Changeup,1,2,2,1,2,1,2,1,Infield shade,Standard,139,-0.066,0.786,75.9,7.6,1.08,-0.786,89.1,-1,1,0.395,0.605,32,26,33,26,2,1,6,2,,5,2.88,0.97,-0.97,46.0,24.819991774495875,-15.50766415985858,35.6332097998195,37.916072527485056,42.57654735496774
FF,2025-10-07,94.5,-0.75,5.89,"Torkelson, Spencer",679529,669302,field_out,hit_into_play,,,,,2,Spencer Torkelson flies out sharply to center fielder Julio Rodríguez.,D,R,R,DET,SEA,X,8,fly_ball,0,0,2025,-0.43,1.42,0.1679781165931336,3.2727156349060293,,,,1,4,Bot,97.21,59.69,,,,,3.427697358932479,-137.52374247540146,-4.39126049635389,-6.276844870969928,30.32989298883856,-13.389072070633796,3.55,1.69,352,100.5,43,96.6,2047,7.5,813056,663728,647304,593871,553993,641487,668227,677594,645302,53.04,0.099,0.19,0,1,0,0,3,35,1,4-Seam Fastball,0,4,0,4,4,0,0,4,Infield shade,Standard,203,-0.013,-0.254,75.2,7.6,0.362,0.254,100.5,-4,-4,0.124,0.124,28,25,28,26,2,1,10,2,3,1,1.13,0.43,0.43,44.9,18.755849392420117,-6.140347389620694,26.904721532704365,39.50862426762718,27.875257657977457
CH,2025-10-07,86.4,-2.97,4.99,"Raleigh, Cal",663728,656427,,ball,,,,,13,Ball,D,L,R,DET,SEA,B,,,2,0,2025,-1.53,0.49,-1.1496528454707164,1.3186392896896209,,,668227,0,3,Top,,,,,,,7.478692330028836,-125.49492275281116,-3.484860130856145,-17.7389530006769,26.704032502112238,-26.452225651005072,3.5900008318579,1.70278220659927,,,,86.4,1924,6.5,813056,693307,679529,650402,656716,595879,682985,678009,681481,53.97,,,,,,,,19,3,Changeup,0,2,2,0,2,0,2,0,Infield shade,Standard,222,-0.012,0.14,,,,-0.14,,-2,2,0.248,0.752,29,28,30,29,2,1,5,2,3,1,2.59,1.53,-1.53,18.6,,,,,
SL,2025-10-07,85.6,-1.74,5.68,"Stanton, Giancarlo",519317,669456,sac_fly,hit_into_play,,,,,9,Giancarlo Stanton out on a sacrifice fly to center fielder Daulton Varsho. Cody Bellinger scores.,D,R,R,NYY,TOR,X,8,fly_ball,0,2,2025,0.16,-0.23,0.5868550269167969,1.806497012658653,641355,,700250,1,3,Bot,129.26,35.24,,,,,5.205135375114353,-124.6315869136718,-2.424394866287324,0.5830266519306861,25.311097411637896,-34.26786570373841,3.8,1.84,404,103.8,25,86.1,2543,6.6,813061,672386,665489,676391,680718,665926,676914,662139,623993,53.87,,1.3506769230769233,0,1,0,0,6,32,3,Slider,2,6,2,6,6,3,3,6,Standard,Standard,77,0.011,-0.024,78.0,9.4,,0.024,103.8,-4,-4,0.197,0.197,30,35,30,36,2,1,11,2,8,1,3.34,-0.16,-0.16,39.2,13.005547832424375,-4.484162524348181,30.727898551375404,50.61029381588306,26.93859747527278
FF,2025-10-07,93.9,2,6.35,"Schneider, Davis",676914,607074,,foul,,,,,6,Foul,D,R,L,NYY,TOR,S,,,1,1,2025,1.13,1.38,0.6476505111168174,2.12794855983575,,,,0,3,Top,,,,,,,-5.977997887644415,-136.4192527304995,-8.230368129317066,15.448314975354506,29.105447760924854,-13.284943927286843,3.1,1.52,186,78.3,17,93.7,2285,6.2,813061,669224,700250,665862,641857,683011,641355,663757,592450,54.31,,,,,,,,20,3,4-Seam Fastball,1,2,2,1,2,1,2,1,Infield shade,Standard,135,0.006,-0.061,74.0,7.2,,0.061,88.0,-1,1,0.389,0.611,32,26,33,26,2,1,6,2,,5,1.21,1.13,-1.13,46.8,20.484652330105227,5.21337858774506,35.137657405543386,40.54846134139225,29.23731550009819
SL,2025-10-07,89.3,-0.93,5.83,"Greene, Riley",682985,669302,strikeout,swinging_strike,,,,,14,Riley Greene strikes out swinging.,D,L,R,DET,SEA,S,2,,2,2,2025,0.01,0.18,1.2605499984655077,1.369712534209011,,,,0,4,Bot,,,,,,,5.512656487004901,-129.83818318436656,-5.376917984916102,-1.161489374674767,29.688245363224777,-29.14550352179907,3.62,1.71,,,,91,1622,7.6,813056,663728,647304,593871,553993,641487,668227,677594,645302,52.93,,0,0,1,0,0,,34,5,Slider,0,4,0,4,4,0,0,4,Infield shade,Standard,339,-0.017,-0.232,74.4,8.7,,0.232,,-4,-4,0.141,0.141,28,24,28,25,2,1,10,2,3,1,2.71,-0.01,0.01,43.8,34.98979422686206,-28.761333684516252,47.91744717917128,18.560768454088898,46.701759987867646
SL,2025-10-07,85.3,-1.77,5.65,"Stanton, Giancarlo",519317,669456,,swinging_strike_blocked,,,,,14,Swinging Strike (Blocked),D,R,R,NYY,TOR,S,,,0,1,2025,0.08,-0.23,1.0074254632844728,0.7249282512995321,641355,,700250,1,3,Bot,,,,,,,6.407414453104031,-124.0219089887342,-4.768475898203923,-0.5675834821941225,27.419774690888026,-33.729358788632396,3.8,1.84,,,,85.6,2548,6.8,813061,672386,665489,676391,680718,665926,676914,662139,623993,53.74,,,,,,,,32,2,Slider,2,6,2,6,6,2,2,6,Standard,Standard,356,-0.014,-0.073,77.2,10.1,,0.073,,-4,-4,0.211,0.211,30,35,30,36,2,1,11,2,8,1,3.4,-0.08,-0.08,36.9,22.6985737100021,-28.560958424254284,29.72724113220247,54.93669499884006,47.37299094003461
SL,2025-10-07,86.2,-2.57,5.27,"Raleigh, Cal",663728,656427,,ball,,,,,14,Ball,D,L,R,DET,SEA,B,,,1,0,2025,0.43,0.35,0.1728764171679777,1.424251177639289,,,668227,0,3,Top,,,,,,,5.674195858985968,-125.47932440268065,-3.6467289993319816,3.3576976722867573,25.92217924432688,-27.900241330955005,3.59000025500442,1.60017927700421,,,,86.7,2513,6.6,813056,693307,679529,650402,656716,595879,682985,678009,681481,53.87,,,,,,,,19,2,Slider,0,2,2,0,2,0,2,0,Infield shade,Standard,134,-0.008,0.062,,,,-0.062,,-2,2,0.256,0.744,29,28,30,29,2,1,5,2,3,1,2.72,-0.43,0.43,27.0,,,,,
FF,2025-10-07,90.6,1.85,6.44,"Schneider, Davis",676914,607074,,ball,,,,,11,Ball,D,R,L,NYY,TOR,B,,,0,1,2025,0.83,1.56,-0.8533242906585393,2.645655452891807,,,,0,3,Top,,,,,,,-8.470130137146576,-131.60070592876306,-6.841463113217243,11.457850707219665,27.20978854724574,-12.76302061998615,3.21651421349205,1.57439243364895,,,,90.1,2181,6,813061,669224,700250,665862,641857,683011,641355,663757,592450,54.48,,,,,,,,20,2,4-Seam Fastball,1,2,2,1,2,1,2,1,Infield shade,Standard,145,-0.002,0.031,,,,-0.031,,-1,1,0.391,0.609,32,26,33,26,2,1,6,2,,5,1.22,0.83,-0.83,48.9,,,,,
FS,2025-10-07,83.1,-0.98,5.66,"Greene, Riley",682985,669302,,ball,,,,,14,Ball,D,L,R,DET,SEA,B,,,1,2,2025,0.06,-0.5,1.601247065419744,-1.1057325074628213,,,,0,4,Bot,,,,,,,5.939239352280735,-120.66924264620165,-8.158592108079068,-0.6763014517492777,24.658372603254065,-35.54893840187777,3.61999884510015,1.69998292868245,,,,84.8,680,7.6,813056,663728,647304,593871,553993,641487,668227,677594,645302,52.88,,,,,,,,34,4,Split-Finger,0,4,0,4,4,0,0,4,Infield shade,Standard,274,0.003,0.043,,,,-0.043,,-4,-4,0.138,0.138,28,24,28,25,2,1,10,2,3,1,3.83,-0.06,0.06,40.1,,,,,
KC,2025-10-07,77.6,-2.7,5.2,"Raleigh, Cal",663728,656427,,ball,,,,,13,Ball,D,L,R,DET,SEA,B,,,0,0,2025,1.05,-1.01,-1.261386620194451,0.9734852768863078,,,668227,0,3,Top,,,,,,,1.1631379432163436,-112.95329281389127,-0.17420601082000964,8.655834528464514,23.263820574398714,-40.93444508756397,3.56262566138597,1.658016441475,,,,77.5,2481,6.5,813056,693307,679529,650402,656716,595879,682985,678009,681481,54.03,,,,,,,,19,1,Knuckle Curve,0,2,2,0,2,0,2,0,Infield shade,Standard,51,-0.004,0.04,,,,-0.04,,-2,2,0.26,0.74,29,28,30,29,2,1,5,2,3,1,4.83,-1.05,1.05,26.8,,,,,
FF,2025-10-07,93.2,-1.63,5.77,"Stanton, Giancarlo",519317,669456,,foul,,,,,4,Foul,D,R,R,NYY,TOR,S,,,0,0,2025,-0.9,1.55,-0.609807490468175,2.8909817492834398,641355,,700250,1,3,Bot,,,,,,,4.614571132993518,-135.60972285115844,-5.072822305547179,-12.126960522325673,29.214727421536843,-12.105172909019236,3.8,1.84,129,71.5,71,93.8,2376,6.6,813061,672386,665489,676391,680718,665926,676914,662139,623993,53.92,,,,,,,,32,1,4-Seam Fastball,2,6,2,6,6,2,2,6,Standard,Standard,216,-0.009,-0.041,76.2,8.2,,0.041,88.0,-4,-4,0.22,0.22,30,35,30,36,2,1,11,2,8,1,1.07,0.9,0.9,42.4,8.13410936829311,2.12472500605229,28.82595276376771,35.797559671752204,18.066227260324418
SL,2025-10-07,87.9,-1.13,5.89,"Greene, Riley",682985,669302,,foul,,,,,13,Foul,D,L,R,DET,SEA,S,,,1,1,2025,-0.01,0.11,-0.9385361388281608,2.3990713848904957,,,,0,4,Bot,,,,,,,0.4777000727238611,-127.98688455272223,-2.5881105783983687,-0.17829529660221866,28.328726571224113,-30.57882493509361,3.62,1.71,195,73.3,37,89.8,1794,7.6,813056,663728,647304,593871,553993,641487,668227,677594,645302,52.94,,,,,,,,34,3,Slider,0,4,0,4,4,0,0,4,Infield shade,Strategic,47,-0.005,-0.061,70.7,6.6,,0.061,88.0,-4,-4,0.143,0.143,28,24,28,25,2,1,10,2,3,1,2.85,0.01,-0.01,43.8,-4.284271944564653,20.02540986399649,41.760998620055304,44.36965676349362,19.065154642031835
SL,2025-10-07,85.1,-2.51,5.43,"Arozarena, Randy",668227,656427,single,hit_into_play,,,,,14,Randy Arozarena singles on a ground ball to center fielder Parker Meadows. J.P. Crawford scores.,D,R,R,DET,SEA,X,8,ground_ball,0,1,2025,0.65,0.18,0.7653493104683166,1.2751106151988605,,641487,,0,3,Top,118.69,116.19,,,,,6.388723849557541,-123.72842389987818,-3.785273030440878,5.400251974487967,25.026369066792626,-29.755947758204606,3.41,1.7,11,105.5,-6,85.3,2494,6.5,813056,693307,679529,650402,656716,595879,682985,678009,681481,54,0.377,0.343,0.9,1,1,0,2,18,2,Slider,0,1,1,0,2,0,2,0,Standard,Standard,138,-0.075,0.566,,,0.378,-0.566,105.5,-1,1,0.335,0.665,29,30,30,30,2,1,5,2,3,1,2.98,-0.65,-0.65,33.2,,,,,
CH,2025-10-07,89.1,-1.78,5.63,"Rice, Ben",700250,669456,fielders_choice_out,hit_into_play,,,,,8,"Ben Rice reaches on a fielder's choice out, first baseman Vladimir Guerrero Jr. to catcher Alejandro Kirk to third baseman Addison Barger to first baseman Vladimir Guerrero Jr. Aaron Judge out at home. Cody Bellinger to 3rd.",D,L,R,NYY,TOR,X,3,ground_ball,0,1,2025,-0.71,-0.02,0.0037077758849183295,1.9966949186859875,592450,,641355,0,3,Bot,146.24,171.95,,,,,5.910357556096662,-129.7802624310248,-2.9095774399940453,-9.233581510943417,25.331130598293154,-32.018308330761144,3.67,1.79,10,103.6,-10,89.7,1315,6.5,813061,672386,665489,676391,680718,665926,676914,662139,623993,54.04,0.264,0.245,0,1,0,0,2,31,2,Changeup,2,6,2,6,6,2,2,6,Standard,Standard,250,-0.043,-0.205,72.8,7.6,0.265,0.205,103.6,-4,-4,0.263,0.263,30,26,30,26,2,1,11,2,8,1,2.87,0.71,-0.71,35.4,6.052243296047062,-7.763016869896807,32.49675636288596,37.24639743441035,29.176075576975514
FF,2025-10-07,92.7,1.87,6.46,"Schneider, Davis",676914,607074,,swinging_strike,,,,,3,Swinging Strike,D,R,L,NYY,TOR,S,,,0,0,2025,0.73,1.34,0.6148467538886419,2.862617810705392,,,,0,3,Top,,,,,,,-4.780559438904605,-134.967390384343,-6.3498193345016904,9.919888641371568,27.431834059469317,-14.64557991389564,3.1,1.52,,,,92.8,2213,6.2,813061,669224,700250,665862,641857,683011,641355,663757,592450,54.32,,,,,,,,20,1,4-Seam Fastball,1,2,2,1,2,1,2,1,Infield shade,Standard,144,0.003,-0.039,77.6,7.3,,0.039,,-1,1,0.388,0.612,32,26,33,26,2,1,6,2,,5,1.3,0.73,-0.73,52.2,21.348269439562138,4.625588276635766,29.55095807986949,39.49975701279126,29.39857269733573
FF,2025-10-07,93.2,-1.71,5.71,"Rice, Ben",700250,669456,,called_strike,,,,,8,Called Strike,D,L,R,NYY,TOR,S,,,0,0,2025,-0.62,1.42,-0.14408528595014558,2.2328607136067697,592450,,641355,0,3,Bot,,,,,,,5.427522920623254,-135.6084868158938,-6.344882475157479,-8.767151308860289,28.89745579843558,-13.424256844925578,3.67000020316576,1.74755803201412,,,,94,2423,6.7,813061,672386,665489,676391,680718,665926,676914,662139,623993,53.81,,,,,,,,31,1,4-Seam Fastball,2,6,2,6,6,2,2,6,Standard,Standard,214,-0.008,-0.054,,,,0.054,,-4,-4,0.271,0.271,30,26,30,26,2,1,11,2,8,1,1.2,0.62,-0.62,39.4,,,,,
FF,2025-10-07,93.2,2.07,6.37,"Springer, George",543807,607074,field_out,hit_into_play,,,,,5,George Springer pops out to first baseman Ben Rice.,D,R,L,NYY,TOR,X,3,popup,1,0,2025,0.79,1.54,-0.10341598986006395,2.564798263479367,,676391,665926,2,2,Top,153.34,168.91,,,,,-7.3070547659678775,-135.39636425372183,-7.3494778744405,11.352772733653534,31.14251557740217,-11.768419312585182,3.58,1.65,127,85.9,70,92.8,2312,6.3,813061,669224,700250,665862,641857,683011,641355,663757,592450,54.23,0.008,0.008,0,1,0,0,3,16,2,4-Seam Fastball,1,2,2,1,2,1,2,1,Strategic,Standard,143,0.044,-0.305,78.2,7.6,0.009,0.305,88.0,-1,1,0.399,0.601,32,35,33,36,2,1,6,2,,1,1.1,0.79,-0.79,42.9,15.957518195232167,-2.9652541677841118,38.24455515552292,33.86427441472455,24.59178940540957
FS,2025-10-07,81.5,-1.2,5.78,"Greene, Riley",682985,669302,,ball,,,,,13,Ball,D,L,R,DET,SEA,B,,,0,1,2025,-0.91,-0.21,-1.7507496575270394,2.198754027302234,,,,0,4,Bot,,,,,,,0.5375488940956974,-118.52117405929062,-0.8728428844442429,-8.530368127284204,28.041461706251543,-34.195679182235544,3.57444019791425,1.69761019689015,,,,82.4,690,7.5,813056,663728,647304,593871,553993,641487,668227,677594,645302,53.04,,,,,,,,34,2,Split-Finger,0,4,0,4,4,0,0,4,Infield shade,Strategic,266,0.002,0.031,,,,-0.031,,-4,-4,0.141,0.141,28,24,28,25,2,1,10,2,3,1,3.72,0.91,-0.91,37.3,,,,,
FF,2025-10-07,93.9,-2.54,5.35,"Arozarena, Randy",668227,656427,,foul,,,,,14,Foul,D,R,R,DET,SEA,S,,,0,0,2025,-0.61,1.53,1.2910067094605828,2.2030463522813233,,641487,,0,3,Top,,,,,,,11.298912744889657,-136.30048067308047,-5.83700599353952,-10.060169013955186,29.01490868251224,-11.881032447960962,3.41,1.7,219,74.5,47,94.3,2529,6.6,813056,693307,679529,650402,656716,595879,682985,678009,681481,53.91,,,,,,,,18,1,4-Seam Fastball,0,1,1,0,1,0,1,0,Standard,Standard,211,0.006,-0.043,71.1,8.1,,0.043,88.0,-1,1,0.329,0.671,29,30,30,30,2,1,5,2,3,1,1.06,0.61,0.61,28.6,3.24111021612239,1.0158795390447592,27.89296409222879,48.5003346092831,23.285803038095374
FF,2025-10-07,94.2,-0.97,5.8,"Greene, Riley",682985,669302,,foul,,,,,2,Foul,D,L,R,DET,SEA,S,,,0,0,2025,-0.34,1.34,0.1428300156233615,3.4285001374308397,,,,0,4,Bot,,,,,,,3.7570215718477455,-137.0871021489837,-3.482347282534491,-5.1678329476302896,31.285725130496097,-14.773953839539843,3.62,1.71,5,74.8,-36,96.5,1973,7.7,813056,663728,647304,593871,553993,641487,668227,677594,645302,52.85,,,,,,,,34,1,4-Seam Fastball,0,4,0,4,4,0,0,4,Infield shade,Strategic,208,-0.003,-0.039,72.3,7.4,,0.039,88.0,-4,-4,0.144,0.144,28,24,28,25,2,1,10,2,3,1,1.24,0.34,-0.34,44.6,27.094512796032486,-8.699421696536811,31.379024498098467,32.396993360203666,35.59708703324241
FF,2025-10-07,93.5,-2.64,5.28,"Crawford, J.P.",641487,656427,single,hit_into_play,,,,,3,"Tigers challenged (tag play), call on the field was upheld: J.P. Crawford singles on a line drive to left fielder Riley Greene. Victor Robles scores. J.P. Crawford to 2nd. Throwing error by left fielder Riley Greene.",D,L,R,DET,SEA,X,7,line_drive,1,2,2025,-0.79,1.37,0.36587297321286716,2.986359313543659,,645302,,0,3,Top,91.27,100.75,,,,,9.499056474224721,-135.75499256252965,-3.165902668264248,-11.9061290868983,30.480358678843192,-14.708845045488173,3.28,1.55,235,79,21,93.5,2350,6.5,813056,693307,679529,650402,656716,595879,682985,678009,681481,54.02,0.884,0.823,0.9,1,1,0,4,17,4,4-Seam Fastball,0,0,0,0,1,0,1,0,Standard,Standard,221,-0.117,0.62,64.8,6.0,0.979,-0.62,88.0,0,0,0.446,0.554,29,30,30,30,1,0,5,2,3,1,1.25,0.79,-0.79,24.9,-4.54455801200783,13.99551620651973,35.49348292699543,31.963208450831154,28.800591803377216
FF,2025-10-07,93.1,-1.57,5.81,"Bellinger, Cody",641355,669456,single,hit_into_play,,,,,2,Cody Bellinger singles on a line drive to center fielder Daulton Varsho. Aaron Judge to 3rd.,D,L,R,NYY,TOR,X,8,line_drive,0,2,2025,-0.76,1.62,0.06040001090245917,3.6838837796638835,,592450,,0,3,Bot,107.04,81.66,,,,,5.897996240876885,-135.50243152420379,-3.2641688814679677,-10.667150349787406,29.79131001003274,-11.647351894982513,3.83,1.79,273,79.5,25,93.8,2407,6.7,813061,672386,665489,676391,680718,665926,676914,662139,623993,53.79,0.494,0.481,0.9,1,1,0,4,30,3,4-Seam Fastball,2,6,2,6,6,2,2,6,Infield shade,Standard,208,0.072,0.637,62.4,6.2,0.615,-0.637,88.0,-4,-4,0.199,0.199,30,29,30,30,2,1,11,2,8,1,1.01,0.76,-0.76,42.6,3.513247379219897,10.073894829416606,26.035833723025668,29.66464460001516,26.359256654964657
SL,2025-10-07,86.2,2.49,6.13,"Springer, George",543807,607074,,ball,,,,,13,Ball,D,R,L,NYY,TOR,B,,,0,0,2025,-0.32,-0.08,-0.6938776446851437,1.2895120468434822,,676391,665926,2,2,Top,,,,,,,-6.839228257625414,-125.35022226067667,-5.050226063811953,-1.9745946862842596,26.268035992096287,-32.115479593927375,3.58000132145255,1.63179405144455,,,,85.4,2680,5.9,813061,669224,700250,665862,641857,683011,641355,663757,592450,54.63,,,,,,,,16,1,Slider,1,2,2,1,2,1,2,1,Strategic,Standard,313,-0.003,0.024,,,,-0.024,,-1,1,0.402,0.598,32,35,33,36,2,1,6,2,,1,3.16,-0.32,0.32,43.9,,,,,
FF,2025-10-07,95.6,-0.9,5.8,"Keith, Colt",690993,669302,field_out,hit_into_play,,,,,5,Colt Keith flies out to center fielder Julio Rodríguez.,D,L,R,DET,SEA,X,8,fly_ball,2,1,2025,-0.52,1.24,-0.11876201623892824,2.693090740461025,,650402,,2,3,Bot,136.93,52.2,,,,,3.31803113351395,-139.22692679599905,-5.532890375689899,-7.519126947236453,31.066600332146024,-14.95935135775631,3.35,1.59,364,98.9,34,98.2,1996,7.7,813056,663728,647304,593871,553993,641487,668227,677594,645302,52.8,0.327,0.63748,0,1,0,0,5,26,4,4-Seam Fastball,0,2,0,2,2,0,0,2,Standard,Standard,207,-0.038,-0.285,70.8,7.1,1.257,0.285,98.9,-2,-2,0.309,0.309,28,23,28,24,2,1,10,2,3,1,1.25,0.52,-0.52,45.5,13.007195343183197,-4.519021641301732,28.20165737951408,37.28603304250754,28.14608444263356
FF,2025-10-07,93,-2.57,5.33,"Crawford, J.P.",641487,656427,,foul,,,,,2,Foul,D,L,R,DET,SEA,S,,,1,1,2025,-0.7,1.32,-0.10773395949846887,2.8504342250084136,,645302,,0,3,Top,,,,,,,7.838398654183904,-135.14952343914308,-3.4372368789778966,-10.3492111772318,30.7167912692518,-15.429067981481966,3.28,1.55,152,60.2,54,92.8,2273,6.4,813056,693307,679529,650402,656716,595879,682985,678009,681481,54.15,,,,,,,,17,3,4-Seam Fastball,0,0,0,0,0,0,0,0,Standard,Standard,215,0.012,-0.08,71.4,6.8,,0.08,88.0,0,0,0.434,0.5660000000000001,29,30,30,30,1,0,5,2,3,1,1.33,0.7,-0.7,25.6,-3.7307170593914547,13.475990108252141,33.23480238258911,38.10114341850307,28.05954485784577
CH,2025-10-07,90.2,-1.69,5.74,"Bellinger, Cody",641355,669456,,foul,,,,,13,Foul,D,L,R,NYY,TOR,S,,,0,1,2025,-0.86,-0.06,-1.03197533797676,2.4517805545398184,,592450,,0,3,Bot,,,,,,,3.493131306419946,-131.31403342418665,-2.1229084332978294,-10.705967052102338,27.338115403794497,-32.5916567120823,3.83,1.79,243,80.7,40,91,1146,6.7,813061,672386,665489,676391,680718,665926,676914,662139,623993,53.81,,,,,,,,30,2,Changeup,2,6,2,6,6,2,2,6,Infield shade,Standard,250,-0.009,-0.071,64.8,7.6,,0.071,88.0,-4,-4,0.208,0.208,30,29,30,30,2,1,11,2,8,1,2.85,0.86,-0.86,41.5,5.2065653227682684,21.26059700225935,29.527587486567732,42.32631758460844,19.846426309279217
SI,2025-10-07,93.4,2.3,6.22,"Giménez, Andrés",665926,607074,hit_by_pitch,hit_by_pitch,,,,,12,"Yankees challenged (hit by pitch), call on the field was upheld: Andrés Giménez hit by pitch. Ernie Clement to 2nd.",D,L,L,NYY,TOR,B,,,0,1,2025,1.23,0.42,0.9293724821897837,3.4722653867472175,,,676391,2,2,Top,,,,,,,-6.212114004707853,-135.9776759266342,-2.2458355520776463,16.6756357495708,29.22889160884021,-26.671025260097366,3.32,1.51,,,,92.9,2274,5.9,813061,669224,700250,665862,641857,683011,641355,663757,592450,54.56,,0.722289,0.7,1,0,0,,15,2,Sinker,1,2,2,1,2,1,2,1,Standard,Standard,131,-0.023,0.304,,,,-0.304,,-1,1,0.425,0.575,32,26,33,27,1,0,6,2,,1,2.19,1.23,1.23,42.2,,,,,
FS,2025-10-07,82.8,-1.04,5.69,"Keith, Colt",690993,669302,,blocked_ball,,,,,14,Ball In Dirt,D,L,R,DET,SEA,B,,,1,1,2025,-0.89,-0.22,0.18543760287982047,0.20665253699021457,,650402,,2,3,Bot,,,,,,,4.660123173982299,-120.39257023864867,-5.634290554537037,-9.617585394147017,25.663921807241252,-33.29159098367798,3.23635093674032,1.51838816410348,,,,84.2,608,7.5,813056,663728,647304,593871,553993,641487,668227,677594,645302,53,,,,,,,,26,3,Split-Finger,0,2,0,2,2,0,0,2,Standard,Standard,276,0.003,0.02,,,,-0.02,,-2,-2,0.306,0.306,28,23,28,24,2,1,10,2,3,1,3.57,0.89,-0.89,36.0,,,,,
SL,2025-10-07,83.7,-2.69,5.39,"Crawford, J.P.",641487,656427,,foul,,,,,8,Foul,D,L,R,DET,SEA,S,,,1,0,2025,0.4,0.22,0.26330618749267054,1.5350014631341509,,645302,,0,3,Top,,,,,,,6.044068129470105,-121.68828646071866,-2.860980973881105,2.635278861516156,25.597195688977962,-29.594416261391494,3.28,1.55,186,87.3,15,83.6,2379,6.4,813056,693307,679529,650402,656716,595879,682985,678009,681481,54.09,,,,,,,,17,2,Slider,0,0,0,0,0,0,0,0,Standard,Standard,119,0.005,-0.049,72.8,8.5,,0.049,88.0,0,0,0.429,0.571,29,30,30,30,1,0,5,2,3,1,3.06,-0.4,0.4,25.7,26.24517154759387,-28.81790991413548,33.824895183976494,34.643503071246634,54.12385147229921
FF,2025-10-07,93.5,-1.56,5.81,"Bellinger, Cody",641355,669456,,called_strike,,,,,2,Called Strike,D,L,R,NYY,TOR,S,,,0,0,2025,-0.61,1.56,0.14847942800713831,3.5731199360069716,,592450,,0,3,Bot,,,,,,,5.786099370373398,-135.98487239016544,-3.4525203647044216,-8.901253602098837,31.76821115040579,-12.29647575248487,3.82148627775749,1.84892653097693,,,,93.7,2416,6.6,813061,672386,665489,676391,680718,665926,676914,662139,623993,53.9,,,,,,,,30,1,4-Seam Fastball,2,6,2,6,6,2,2,6,Standard,Standard,214,-0.006,-0.043,,,,0.043,,-4,-4,0.214,0.214,30,29,30,30,2,1,11,2,8,1,1.06,0.61,-0.61,45.6,,,,,
SL,2025-10-07,85.5,2.49,6.13,"Giménez, Andrés",665926,607074,,swinging_strike,,,,,13,Swinging Strike,D,L,L,NYY,TOR,S,,,0,0,2025,-0.21,0.21,-0.8396620115668264,1.2557154341033043,,,676391,2,2,Top,,,,,,,-7.345339202930143,-124.16106842246819,-5.472655090364932,-0.4959288962643967,28.006609802746187,-28.99270339956752,3.32,1.51,,,,84.2,2647,5.9,813061,669224,700250,665862,641857,683011,641355,663757,592450,54.64,,,,,,,,15,1,Slider,1,2,2,1,2,1,2,1,Standard,Standard,301,0.003,-0.042,69.7,8.7,,0.042,,-1,1,0.422,0.5780000000000001,32,26,33,27,1,0,6,2,,1,2.95,-0.21,-0.21,38.3,27.7640501914097,-43.08250207135112,38.01716278774568,45.66552835322039,59.283058549769606
FF,2025-10-07,94.1,1.93,6.42,"Kiner-Falefa, Isiah",643396,607074,field_out,hit_into_play,,,,,4,Isiah Kiner-Falefa pops out to shortstop Anthony Volpe.,D,R,L,NYY,TOR,X,6,popup,2,2,2025,0.75,1.3,-0.8040785422264883,2.2140736662996945,,,676391,1,2,Top,113.3,137.49,,,,,-8.701215197386702,-136.56530362220576,-8.02143849118208,11.267136895291504,29.758275148316468,-14.265602553560532,3.22,1.47,184,79.9,59,93.7,2125,6.2,813061,669224,700250,665862,641857,683011,641355,663757,592450,54.35,0.035,0.043,0,1,0,0,3,14,6,4-Seam Fastball,1,2,2,1,2,1,2,1,Strategic,Standard,135,0.023,-0.223,70.4,6.8,0.061,0.223,88.0,-1,1,0.399,0.601,32,30,33,30,1,0,6,2,,9,1.28,0.75,-0.75,52.6,3.174370022827865,-14.781257627426157,36.12196974639217,26.947117571997325,37.02272798865158
SL,2025-10-07,88.5,-1.02,5.82,"Keith, Colt",690993,669302,,swinging_strike,,,,,14,Swinging Strike,D,L,R,DET,SEA,S,,,1,0,2025,0.23,0.1,0.24314840854545047,1.3266036652571427,,650402,,2,3,Bot,,,,,,,2.6501672120492,-128.79949519341045,-5.124162238414078,1.9394319195781675,30.085808458114553,-30.12747897352133,3.35,1.59,,,,90.1,1841,7.6,813056,663728,647304,593871,553993,641487,668227,677594,645302,52.94,,,,,,,,26,2,Slider,0,2,0,2,2,0,0,2,Standard,Standard,80,-0.003,-0.044,71.2,8.5,,0.044,,-2,-2,0.309,0.309,28,23,28,24,2,1,10,2,3,1,2.84,-0.23,0.23,43.8,28.07510457902784,-37.13808579893531,33.15626370962471,33.39226593333514,49.88808534886881
SL,2025-10-07,84.8,-2.66,5.41,"Crawford, J.P.",641487,656427,,ball,,,,,14,Ball,D,L,R,DET,SEA,B,,,0,0,2025,0.52,0.31,0.29243547205809567,0.8758054654445808,,645302,,0,3,Top,,,,,,,5.868957747055023,-123.37996996263739,-4.932597534897302,4.282136492188655,23.12311565311128,-28.253195800800402,3.25452891313501,1.44640049385841,,,,85.3,2396,6.5,813056,693307,679529,650402,656716,595879,682985,678009,681481,54.02,,,,,,,,17,1,Slider,0,0,0,0,0,0,0,0,Infield shade,Standard,141,-0.003,0.032,,,,-0.032,,0,0,0.432,0.5680000000000001,29,30,30,30,1,0,5,2,3,1,2.85,-0.52,0.52,27.3,,,,,
CH,2025-10-07,89.6,-1.63,5.66,"Judge, Aaron",592450,669456,double,hit_into_play,,,,,13,Aaron Judge doubles (2) on a sharp line drive to left fielder Davis Schneider. Trent Grisham scores.,D,R,R,NYY,TOR,X,7,line_drive,2,2,2025,-1.01,0.17,-1.0026996415105425,2.953554996878349,663757,,,0,3,Bot,40.12,106.31,,,,,3.699628877809677,-130.4331123021323,-1.0607445704085787,-12.293128860612192,27.677471376866777,-30.1977258965978,4.1,1.88,310,107,20,90.1,1087,6.6,813061,672386,665489,676391,680718,665926,676914,662139,623993,53.9,0.648,1.1067714285714283,1.25,1,1,1,6,29,5,Changeup,1,6,1,6,6,2,2,6,Standard,Standard,248,0.059,0.653,,,2.065,-0.653,107.0,-5,-5,0.155,0.155,30,33,30,33,2,1,11,2,8,1,2.67,1.01,1.01,37.1,,,,,
FF,2025-10-07,95.2,2.01,6.33,"Kiner-Falefa, Isiah",643396,607074,,foul,,,,,14,Foul,D,R,L,NYY,TOR,S,,,2,2,2025,1.04,1.21,0.8457963370308321,2.3099432536103333,,,676391,1,2,Top,,,,,,,-5.382593821217024,-138.4212303066757,-7.580159169505324,14.611782382624703,31.192534524293507,-15.15889865745124,3.22,1.47,232,75.2,35,94.9,2392,6.2,813061,669224,700250,665862,641857,683011,641355,663757,592450,54.34,,,,,,,,14,5,4-Seam Fastball,1,2,2,1,2,1,2,1,Strategic,Standard,143,0,0,65.2,6.3,,0,88.0,-1,1,0.399,0.601,32,30,33,30,1,0,6,2,,9,1.32,1.04,-1.04,48.7,-10.978232395026568,19.118055640987187,35.28074704275906,45.81622780104658,15.273179282668178
SL,2025-10-07,87.4,-0.97,5.84,"Keith, Colt",690993,669302,,ball,,,,,14,Ball,D,L,R,DET,SEA,B,,,0,0,2025,0.02,0.18,0.46176131852443736,0.9929137622713524,,650402,,2,3,Bot,,,,,,,3.480806289718927,-127.1077908070477,-5.8873256888395264,-0.6176488298738968,30.524765706789108,-29.10186982390732,3.25106626795458,1.49638490573418,,,,88.5,1747,7.4,813056,663728,647304,593871,553993,641487,668227,677594,645302,53.08,,,,,,,,26,1,Slider,0,2,0,2,2,0,0,2,Standard,Standard,40,0.001,0.019,,,,-0.019,,-2,-2,0.308,0.308,28,23,28,24,2,1,10,2,3,1,2.85,-0.02,0.02,44.5,,,,,
KC,2025-10-07,78.2,-2.65,5.24,"Robles, Victor",645302,656427,double,hit_into_play,,,,,4,Victor Robles doubles (1) on a line drive to left fielder Riley Greene.,D,R,R,DET,SEA,X,7,line_drive,0,2,2025,1.11,-0.87,-0.6552619883519327,2.3005345392234435,,,,0,3,Top,32.96,106.81,,,,,2.2599801227949063,-113.68333261736777,2.2705343998595353,9.015673377768827,23.950563301934583,-40.377117016522135,3.19,1.52,161,98.7,10,77.9,2489,6.5,813056,693307,679529,650402,656716,595879,682985,678009,681481,54.04,0.785,0.725,1.25,1,1,1,4,16,3,Knuckle Curve,0,0,0,0,0,0,0,0,Standard,Standard,54,-0.078,0.811,,,0.88,-0.811,98.7,0,0,0.51,0.49,29,28,30,28,1,0,5,2,3,1,4.65,-1.11,-1.11,27.1,,,,,
SL,2025-10-07,86.7,-1.58,5.69,"Judge, Aaron",592450,669456,,ball,,,,,14,Ball,D,R,R,NYY,TOR,B,,,1,2,2025,0.1,0.11,2.0075957427350506,0.2674141393679257,,663757,,0,3,Bot,,,,,,,8.440380880119843,-126.00927984996899,-7.076597006980821,-0.4956992317157558,23.691351418241705,-29.815275681585145,4.09999838424348,1.94270178673629,,,,87.7,2702,6.8,813061,672386,665489,676391,680718,665926,676914,662139,623993,53.67,,,,,,,,29,4,Slider,1,6,1,6,6,1,1,6,Infield shade,Standard,152,0.015,0.045,,,,-0.045,,-5,-5,0.14,0.14,30,33,30,33,2,1,11,2,8,1,2.91,-0.1,-0.1,39.5,,,,,
FF,2025-10-07,92.3,1.95,6.47,"Kiner-Falefa, Isiah",643396,607074,,foul,,,,,1,Foul,D,R,L,NYY,TOR,S,,,2,1,2025,0.94,1.45,-0.2970337692778636,3.154321757348014,,,676391,1,2,Top,,,,,,,-7.719658686135794,-134.13510558090525,-5.7326561509829705,13.001203849314326,29.088590076836514,-13.652535481937656,3.22,1.47,81,77.6,87,91.9,2272,6.1,813061,669224,700250,665862,641857,683011,641355,663757,592450,54.38,,,,,,,,14,4,4-Seam Fastball,1,2,2,1,2,1,2,1,Standard,Standard,140,0.007,-0.075,69.7,6.5,,0.075,88.0,-1,1,0.392,0.608,32,30,33,30,1,0,6,2,,9,1.24,0.94,-0.94,48.1,10.674032432274753,-8.760256156032161,21.37899696679438,33.621415444025416,40.96052953552952
FF,2025-10-07,94.8,-0.68,5.83,"Torres, Gleyber",650402,669302,double,hit_into_play,,,,,1,Gleyber Torres doubles (2) on a sharp line drive to center fielder Julio Rodríguez.,D,R,R,DET,SEA,X,8,line_drive,2,2,2025,-0.2,1.35,-0.4870311692190292,3.262230532769618,,,,2,3,Bot,99.27,43.54,,,,,0.9852116015669924,-138.00298440267454,-4.125033518216179,-2.797807299629498,32.32470747065368,-14.258585759485637,3.27,1.54,297,102.9,15,96.7,2029,7.5,813056,663728,647304,593871,553993,641487,668227,677594,645302,53.01,0.641,0.674,1.25,1,1,1,4,25,5,4-Seam Fastball,0,2,0,2,2,0,0,2,Standard,Standard,201,0.028,0.615,76.5,6.5,0.941,-0.615,102.9,-2,-2,0.28,0.28,28,28,28,29,2,1,10,2,3,1,1.2,0.2,0.2,53.4,15.760647617754627,0.8135091665747871,27.27098102766354,29.634556512159968,31.234812843978244
FF,2025-10-07,94,-2.45,5.37,"Robles, Victor",645302,656427,,called_strike,,,,,3,Called Strike,D,R,R,DET,SEA,S,,,0,1,2025,-0.42,1.41,0.7254130559917206,2.71582440517813,,,,0,3,Top,,,,,,,9.145473284631862,-136.49706102701492,-4.224892723209661,-7.418597804565649,33.55060362386451,-13.80610787341721,3.18999916495443,1.54441660566105,,,,93.5,2306,6.4,813056,693307,679529,650402,656716,595879,682985,678009,681481,54.13,,,,,,,,16,2,4-Seam Fastball,0,0,0,0,0,0,0,0,Standard,Standard,212,0.006,-0.055,,,,0.055,,0,0,0.504,0.496,29,28,30,28,1,0,5,2,3,1,1.2,0.42,0.42,25.7,,,,,
SL,2025-10-07,85.4,-1.58,5.68,"Judge, Aaron",592450,669456,,ball,,,,,14,Ball,D,R,R,NYY,TOR,B,,,0,2,2025,0.05,-0.05,0.7063375493334857,1.5718591251541927,,663757,,0,3,Bot,,,,,,,5.318463967284182,-124.26718103928162,-3.322162506196153,-0.5341806094607711,24.44474254136854,-32.208435950220206,4.09999925164377,1.90785957158719,,,,86.1,2642,6.7,813061,672386,665489,676391,680718,665926,676914,662139,623993,53.82,,,,,,,,29,3,Slider,1,6,1,6,6,1,1,6,Infield shade,Standard,39,0.003,0.017,,,,-0.017,,-5,-5,0.137,0.137,30,33,30,33,2,1,11,2,8,1,3.17,-0.05,-0.05,38.0,,,,,
FF,2025-10-07,94.2,1.97,6.44,"Kiner-Falefa, Isiah",643396,607074,,ball,,,,,11,Ball,D,R,L,NYY,TOR,B,,,1,1,2025,0.86,1.52,-0.3916081863740548,3.8869719479429308,,,676391,1,2,Top,,,,,,,-8.001776256957259,-136.82235238300777,-4.226142128232745,12.637964999839062,32.17650383864117,-12.380967833678096,3.21999791843859,1.49325460078771,,,,93.5,2379,6.1,813061,669224,700250,665862,641857,683011,641355,663757,592450,54.4,,,,,,,,14,3,4-Seam Fastball,1,2,2,1,2,1,2,1,Standard,Standard,145,-0.004,0.063,,,,-0.063,,-1,1,0.396,0.604,32,30,33,30,1,0,6,2,,9,1.07,0.86,-0.86,48.2,,,,,
FS,2025-10-07,81.5,-0.59,5.64,"Torres, Gleyber",650402,669302,,ball,,,,,14,Ball,D,R,R,DET,SEA,B,,,1,2,2025,-0.67,-0.02,0.18833040217077446,0.8204454281278091,,,,2,3,Bot,,,,,,,3.092808038681845,-118.54155371409597,-4.142288121761906,-6.9303675912558855,27.005576780446233,-31.63185641762725,3.10634075101135,1.49056341601414,,,,82.4,600,7.3,813056,663728,647304,593871,553993,641487,668227,677594,645302,53.16,,,,,,,,25,4,Split-Finger,0,2,0,2,2,0,0,2,Standard,Standard,276,0.001,0.042,,,,-0.042,,-2,-2,0.279,0.279,28,28,28,29,2,1,10,2,3,1,3.51,0.67,0.67,38.8,,,,,
FF,2025-10-07,92.5,-2.41,5.32,"Robles, Victor",645302,656427,,foul,,,,,6,Foul,D,R,R,DET,SEA,S,,,0,0,2025,-0.53,1.36,0.37207079282031097,2.409588495739302,,,,0,3,Top,,,,,,,8.253240875747991,-134.459750946843,-4.570465698608478,-8.234251152440144,29.76381335577677,-14.871298320211537,3.19,1.52,163,77.9,15,92.6,2367,6.5,813056,693307,679529,650402,656716,595879,682985,678009,681481,54.04,,,,,,,,16,1,4-Seam Fastball,0,0,0,0,0,0,0,0,Standard,Standard,213,0.004,-0.039,71.3,7.2,,0.039,88.0,0,0,0.5,0.5,29,28,30,28,1,0,5,2,3,1,1.31,0.53,0.53,27.8,17.491905156490684,-9.99294391845866,34.07218720248445,45.322323056510605,29.840724635627495
KC,2025-10-07,82.9,-1.6,5.78,"Judge, Aaron",592450,669456,,foul,,,,,13,Foul,D,R,R,NYY,TOR,S,,,0,1,2025,0.48,-1.14,-0.37402560995813333,1.2813535723799547,,663757,,0,3,Bot,,,,,,,1.865192543018782,-120.63676318431001,-1.4677138353236876,4.208600332106779,26.58984434770143,-43.14997809855447,4.1,1.88,,,,82.6,2440,6.4,813061,672386,665489,676391,680718,665926,676914,662139,623993,54.08,,,,,,,,29,2,Knuckle Curve,1,6,1,6,6,1,1,6,Standard,Standard,25,-0.008,-0.071,77.1,9.1,,0.071,,-5,-5,0.145,0.145,30,33,30,33,2,1,11,2,8,1,4.5,-0.48,-0.48,42.7,22.99213091489921,-24.530874156546464,42.77283620830881,36.36350262304644,42.224729372731076
SL,2025-10-07,86,-1.75,5.74,"Judge, Aaron",592450,669456,,foul,,,,,5,Foul,D,R,R,NYY,TOR,S,,,0,0,2025,-0.02,0.11,-0.033292182178318266,3.1971668487251588,,663757,,0,3,Bot,,,,,,,4.126727725936209,-125.23211702935079,-0.031850483340195135,-1.040834072947454,25.034716876629638,-31.187312602969,4.1,1.88,176,78.3,63,86.5,2400,6.5,813061,672386,665489,676391,680718,665926,676914,662139,623993,53.96,,,,,,,,29,1,Slider,1,6,1,6,6,1,1,6,Standard,Standard,79,-0.004,-0.043,76.8,7.5,,0.043,88.0,-5,-5,0.149,0.149,30,33,30,33,2,1,11,2,8,1,2.96,0.02,0.02,43.5,9.243327766583601,-3.3047703514944256,34.116749394581724,40.56189494782065,28.94540692681607
FS,2025-10-07,80,-0.6,5.55,"Torres, Gleyber",650402,669302,,ball,,,,,13,Ball,D,R,R,DET,SEA,B,,,0,2,2025,-0.64,0.05,-0.7835597525940368,-1.2183846199275306,,,,2,3,Bot,,,,,,,0.8319207108200214,-116.31496245680624,-8.374213615604518,-5.974852372088458,24.160906540524696,-30.2571727942436,3.06945172299814,1.38709276032173,,,,81.4,692,7.5,813056,663728,647304,593871,553993,641487,668227,677594,645302,52.99,,,,,,,,25,3,Split-Finger,0,2,0,2,2,0,0,2,Infield shade,Standard,264,0.001,0.022,,,,-0.022,,-2,-2,0.278,0.278,28,28,28,29,2,1,10,2,3,1,3.55,0.64,0.64,35.6,,,,,
KC,2025-10-07,80,-2.86,4.99,"Canzone, Dominic",686527,656427,strikeout,foul_tip,,,,,14,Dominic Canzone strikes out on a foul tip.,D,L,R,DET,SEA,S,2,,2,2,2025,0.98,-0.83,0.31678177375916783,0.6525059619042795,,,553993,2,2,Top,,,,,,,5.180603583252972,-116.32834244407289,-1.2267624787937952,7.761943088598703,23.78424561526597,-39.62689057327826,3.24,1.47,,,,79.9,2499,6.5,813056,693307,679529,650402,656716,595879,682985,678009,681481,54.03,,0,0,1,0,0,,11,6,Knuckle Curve,0,0,0,0,0,0,0,0,Infield shade,Standard,60,0.02,-0.216,73.8,8.3,,0.216,,0,0,0.531,0.469,29,27,30,28,1,0,5,3,3,1,4.42,-0.98,0.98,20.2,11.96824710804742,-10.688203017179479,36.32152945491811,34.77860165871445,42.1703020192829
FF,2025-10-07,94.3,1.98,6.4,"Kiner-Falefa, Isiah",643396,607074,,foul_tip,,,,,3,Foul Tip,D,R,L,NYY,TOR,S,,,1,0,2025,0.75,1.64,0.43857214699444746,3.0390052009394872,,,676391,1,2,Top,,,,,,,-5.644417692958552,-137.02906097754445,-6.597667480531607,10.761948772697293,33.036300411979845,-10.315899777063104,3.22,1.47,,,,93.6,2306,6.2,813061,669224,700250,665862,641857,683011,641355,663757,592450,54.34,,,,,,,,14,2,4-Seam Fastball,1,2,2,1,2,1,2,1,Standard,Standard,142,0.004,-0.056,66.9,6.3,,0.056,,-1,1,0.392,0.608,32,30,33,30,1,0,6,2,,9,0.95,0.75,-0.75,47.7,8.183940425945265,11.410882733148222,28.535483264007404,40.767633038827995,24.275342171870157
FF,2025-10-07,94.6,-0.68,5.79,"Torres, Gleyber",650402,669302,,foul_tip,,,,,4,Foul Tip,D,R,R,DET,SEA,S,,,0,1,2025,-0.35,1.56,-0.41068979567349023,2.113962471154186,,,,2,3,Bot,,,,,,,1.517017388351214,-137.66932140251663,-7.544435254688068,-4.7391355064932625,31.20189650331895,-10.894355480755207,3.27,1.54,,,,96.8,2186,7.6,813056,663728,647304,593871,553993,641487,668227,677594,645302,52.9,,,,,,,,25,2,4-Seam Fastball,0,2,0,2,2,0,0,2,Infield shade,Standard,200,-0.002,-0.057,75.5,7.3,,0.057,,-2,-2,0.28,0.28,28,28,28,29,2,1,10,2,3,1,0.99,0.35,0.35,48.4,6.131683276271663,-2.0461834876143885,36.79336014116199,31.294293680094313,31.621585486908884
CH,2025-10-07,85.7,-2.96,4.98,"Canzone, Dominic",686527,656427,,ball,,,,,13,Ball,D,L,R,DET,SEA,B,,,1,2,2025,-1.46,0.45,-2.518142409223744,2.1909888149522896,,,553993,2,2,Top,,,,,,,4.01482483448676,-124.82133271388227,-1.219537681559696,-16.070910107971244,25.75268258194406,-27.464057849026076,3.23999905078175,1.4997595779041,,,,86,1825,6.5,813056,693307,679529,650402,656716,595879,682985,678009,681481,54.04,,,,,,,,11,5,Changeup,0,0,0,0,0,0,0,0,Infield shade,Standard,225,-0.004,0.033,,,,-0.033,,0,0,0.535,0.46499999999999997,29,27,30,28,1,0,5,3,3,1,2.66,1.46,-1.46,20.6,,,,,
FF,2025-10-07,94.6,1.98,6.49,"Kiner-Falefa, Isiah",643396,607074,,ball,,,,,12,Ball,D,R,L,NYY,TOR,B,,,0,0,2025,0.85,1.4,1.5004931558742478,3.14212369813876,,,676391,1,2,Top,,,,,,,-3.129206414717345,-137.5020798093832,-6.06829887081258,11.439221155298544,34.016352236953196,-13.257832084454243,3.22000123165479,1.53032327921461,,,,93.6,2345,6.1,813061,669224,700250,665862,641857,683011,641355,663757,592450,54.45,,,,,,,,14,1,4-Seam Fastball,1,2,2,1,2,1,2,1,Standard,Standard,144,-0.003,0.035,,,,-0.035,,-1,1,0.395,0.605,32,30,33,30,1,0,6,2,,9,1.17,0.85,-0.85,49.3,,,,,
FF,2025-10-07,93.4,-1.53,5.7,"Grisham, Trent",663757,669456,double,hit_into_play,,,,,8,Trent Grisham doubles (2) on a sharp line drive to right fielder Anthony Santander.,D,L,R,NYY,TOR,X,9,line_drive,3,2,2025,-1.09,1.56,0.1996727267854459,1.9880346920053706,,,,0,3,Bot,203,105.06,,,,,6.875549938791403,-135.61435484268512,-7.14658963235496,-15.082155537087527,34.89246182698708,-11.564838934908243,3.62,1.73,261,101.4,19,92.9,2415,6.5,813061,672386,665489,676391,680718,665926,676914,662139,623993,53.96,0.38,0.466,1.25,1,1,1,5,28,7,4-Seam Fastball,1,6,1,6,6,1,1,6,Infield shade,Standard,216,0.035,0.631,76.9,7.9,0.733,-0.631,101.4,-5,-5,0.114,0.114,30,28,30,29,2,1,11,2,8,1,1.1,1.09,-1.09,43.4,24.539345170256894,-8.090338321743971,32.76278535367094,36.640848503442015,33.06211711508169
FF,2025-10-07,93.9,-1.65,5.75,"Grisham, Trent",663757,669456,,foul,,,,,13,Foul,D,L,R,NYY,TOR,S,,,3,2,2025,-0.89,1.36,-0.0626491414509226,1.6006304976849535,,,,0,3,Bot,,,,,,,6.0791927567649555,-136.36460267872482,-7.950135759859343,-12.488610154355849,34.657109721121095,-13.61046567695527,3.62,1.73,,,,93.4,2215,6.5,813061,672386,665489,676391,680718,665926,676914,662139,623993,54.02,,,,,,,,28,6,4-Seam Fastball,1,6,1,6,6,1,1,6,Infield shade,Standard,222,0,0,72.5,8.4,,0,,-5,-5,0.114,0.114,30,28,30,29,2,1,11,2,8,1,1.27,0.89,-0.89,38.3,24.460591832018917,-9.336730098377792,33.31927773055127,39.38706502827404,34.024115502379644
FF,2025-10-07,94.2,-0.82,5.81,"Torres, Gleyber",650402,669302,,called_strike,,,,,4,Called Strike,D,R,R,DET,SEA,S,,,0,0,2025,-0.39,1.57,-0.3054712856205995,2.1075451506299894,,,,2,3,Bot,,,,,,,2.2486564369038566,-136.96669586958072,-7.54496565994763,-5.419978469647772,30.555083326444404,-10.891431089143408,3.19350641543077,1.53719376645087,,,,96.1,2161,7.4,813056,663728,647304,593871,553993,641487,668227,677594,645302,53.06,,,,,,,,25,1,4-Seam Fastball,0,2,0,2,2,0,0,2,Infield shade,Standard,204,-0.002,-0.043,,,,0.043,,-2,-2,0.282,0.282,28,28,28,29,2,1,10,2,3,1,1,0.39,0.39,45.1,,,,,
FF,2025-10-07,93.8,-2.75,5.22,"Canzone, Dominic",686527,656427,,foul,,,,,1,Foul,D,L,R,DET,SEA,S,,,1,2,2025,-0.79,1.2,-0.6684840835052868,3.3111776197098863,,,553993,2,2,Top,,,,,,,7.171000945693159,-136.34376188471566,-1.8455955250880123,-11.500548464404078,31.248702447308826,-16.98109075020159,3.24,1.47,295,89.3,35,93.9,2197,6.5,813056,693307,679529,650402,656716,595879,682985,678009,681481,53.99,,,,,,,,11,4,4-Seam Fastball,0,0,0,0,0,0,0,0,Infield shade,Standard,222,0,0,64.7,5.9,,0,89.3,0,0,0.535,0.46499999999999997,29,27,30,28,1,0,5,3,3,1,1.4,0.79,-0.79,23.9,-9.448925815155572,35.974761873230165,23.972605617345675,45.971738357647595,12.03684578196259
SL,2025-10-07,85.8,2.5,6.07,"Santander, Anthony",623993,607074,field_out,hit_into_play,,,,,7,Anthony Santander pops out to shortstop Anthony Volpe.,D,R,L,NYY,TOR,X,6,popup,2,2,2025,-0.17,0.01,-0.4048924355044361,1.8996811656381092,,,676391,0,2,Top,106.85,123.52,,,,,-6.4597231445423064,-124.8544725946678,-3.594940224965568,-0.5221244851703991,25.202848936199025,-31.538510496477326,3.37,1.58,196,91.6,59,85.2,2513,5.9,813061,669224,700250,665862,641857,683011,641355,663757,592450,54.6,0.03,0.041,0,1,0,0,3,13,6,Slider,1,2,2,1,2,1,2,1,Strategic,Standard,0,0.027,-0.2,73.2,7.7,0.059,0.2,91.6,-1,1,0.368,0.632,32,30,33,31,1,0,6,3,,1,3.09,-0.17,0.17,37.5,12.665764482153214,-16.307835442359522,30.962228754924425,32.04625580999162,41.33769298035182
KC,2025-10-07,83,-1.6,5.74,"Grisham, Trent",663757,669456,,ball,,,,,14,Ball,D,L,R,NYY,TOR,B,,,2,2,2025,0.76,-0.78,0.4757166878304796,1.290686832761982,,,,0,3,Bot,,,,,,,3.2555203172457494,-120.80028261725886,-2.1005025240375454,6.638544525142675,27.14877525129064,-39.46678281846397,3.61999908101691,1.7185057316024,,,,82.7,2502,6.4,813061,672386,665489,676391,680718,665926,676914,662139,623993,54.05,,,,,,,,28,5,Knuckle Curve,1,6,1,6,6,1,1,6,Infield shade,Standard,31,0.006,0.112,,,,-0.112,,-5,-5,0.108,0.108,30,28,30,29,2,1,11,2,8,1,4.13,-0.76,0.76,41.0,,,,,
SL,2025-10-07,87.5,-0.96,5.79,"Carpenter, Kerry",681481,669302,strikeout,swinging_strike,,,,,8,Kerry Carpenter strikes out swinging.,D,L,R,DET,SEA,S,2,,3,2,2025,0.02,0.19,-0.16623510674818842,1.8647128202629495,,,,1,3,Bot,,,,,,,1.9282403088062652,-127.18965825532587,-3.6289600235425343,-0.28613959348802037,31.877491725496927,-29.513399056004033,3.39,1.62,,,,88.6,1641,7.6,813056,663728,647304,593871,553993,641487,668227,677594,645302,52.93,,0,0,1,0,0,,24,6,Slider,0,2,0,2,2,0,0,2,Infield shade,Standard,74,-0.023,-0.332,69.5,8.6,,0.332,,-2,-2,0.305,0.305,28,27,28,28,2,1,10,2,3,1,2.85,-0.02,0.02,43.8,31.65797741965292,-31.318022434704048,36.44627399638736,41.93629355944073,46.88624783056524
KC,2025-10-07,79.5,-2.95,5.05,"Canzone, Dominic",686527,656427,,foul,,,,,8,Foul,D,L,R,DET,SEA,S,,,1,1,2025,0.77,-0.23,-0.253682894314179,1.350232147941333,,,553993,2,2,Top,,,,,,,4.4739343139663506,-115.77529916375384,-0.9080567507891704,6.028316082873698,21.954538427767137,-34.30044045779268,3.24,1.47,138,60.8,31,79.5,2414,6.3,813056,693307,679529,650402,656716,595879,682985,678009,681481,54.25,,,,,,,,11,3,Knuckle Curve,0,0,0,0,0,0,0,0,Standard,Standard,63,0.006,-0.073,75.9,7.8,,0.073,88.0,0,0,0.529,0.471,29,27,30,28,1,0,5,3,3,1,3.84,-0.77,0.77,19.2,2.504240918925591,4.023182918968837,38.54670779671103,40.59255643132393,31.380730810134278
SL,2025-10-07,84.5,2.51,6.07,"Santander, Anthony",623993,607074,,ball,,,,,14,Ball,D,R,L,NYY,TOR,B,,,1,2,2025,-0.45,-0.67,0.29925595631225566,0.9322107405282036,,,676391,0,2,Top,,,,,,,-4.216410121835189,-122.9740982032042,-4.244123749790898,-3.733930149758436,24.556067380592697,-38.334650738385946,3.36999983338166,1.55633292105457,,,,83.9,2693,5.9,813061,669224,700250,665862,641857,683011,641355,663757,592450,54.62,,,,,,,,13,5,Slider,1,2,2,1,2,1,2,1,Strategic,Standard,296,-0.005,0.036,,,,-0.036,,-1,1,0.373,0.627,32,30,33,31,1,0,6,3,,1,3.86,-0.45,0.45,38.1,,,,,
FS,2025-10-07,80.9,-0.92,5.73,"Carpenter, Kerry",681481,669302,,ball,,,,,11,Ball,D,L,R,DET,SEA,B,,,2,2,2025,-0.21,-0.32,-1.6008184338031028,3.2374954452444156,,,,1,3,Bot,,,,,,,-1.1377859633450662,-117.7002900420489,1.8542932301389103,-1.6974299323986035,25.242058408537638,-35.78934770699468,3.3900001768203,1.57045103434814,,,,82.3,558,7.5,813056,663728,647304,593871,553993,641487,668227,677594,645302,52.96,,,,,,,,24,5,Split-Finger,0,2,0,2,2,0,0,2,Infield shade,Standard,276,0.007,0.104,,,,-0.104,,-2,-2,0.298,0.298,28,27,28,28,2,1,10,2,3,1,3.84,0.21,-0.21,39.6,,,,,
FF,2025-10-07,93.3,-2.74,5.36,"Canzone, Dominic",686527,656427,,called_strike,,,,,8,Called Strike,D,L,R,DET,SEA,S,,,1,0,2025,-0.48,1.28,-0.057351206969538215,1.647840255219836,,,553993,2,2,Top,,,,,,,7.981708757619975,-135.47965350662218,-6.605006524889038,-7.7437140028787805,30.46599592325196,-15.068306503218606,3.23999976545823,1.47115284807273,,,,93.5,2356,6.6,813056,693307,679529,650402,656716,595879,682985,678009,681481,53.92,,,,,,,,11,2,4-Seam Fastball,0,0,0,0,0,0,0,0,Infield shade,Standard,217,0.003,-0.05,,,,0.05,,0,0,0.526,0.474,29,27,30,28,1,0,5,3,3,1,1.35,0.48,-0.48,28.6,,,,,
CH,2025-10-07,89.3,-1.87,5.68,"Grisham, Trent",663757,669456,,ball,,,,,13,Ball,D,L,R,NYY,TOR,B,,,1,2,2025,-1.32,0.36,-2.3862512869301007,1.9802422252839769,,,,0,3,Bot,,,,,,,1.5264927340722982,-129.8855585005043,-3.7680840781840903,-15.175990465533308,30.76537401124371,-27.53935688692311,3.57736112053812,1.84099362433896,,,,89.2,1192,6.5,813061,672386,665489,676391,680718,665926,676914,662139,623993,53.98,,,,,,,,28,4,Changeup,1,6,1,6,6,1,1,6,Infield shade,Standard,250,0.003,0.043,,,,-0.043,,-5,-5,0.105,0.105,30,28,30,29,2,1,11,2,8,1,2.54,1.32,-1.32,36.0,,,,,
CH,2025-10-07,85.7,2.29,6.21,"Santander, Anthony",623993,607074,,foul,,,,,14,Foul,D,R,L,NYY,TOR,S,,,1,2,2025,1.19,0.49,1.301926848064379,1.5785395744890147,,,676391,0,2,Top,,,,,,,-4.733426520378046,-124.6372885188229,-5.656260707721001,13.364678346781663,24.834459306720266,-26.102479105723297,3.37,1.58,86,61.9,13,85.5,1607,6.1,813061,669224,700250,665862,641857,683011,641355,663757,592450,54.35,,,,,,,,13,4,Changeup,1,2,2,1,2,1,2,1,Strategic,Standard,139,0,0,66.5,8.3,,0,88.0,-1,1,0.373,0.627,32,30,33,31,1,0,6,3,,1,2.61,1.19,-1.19,47.2,7.008761271952387,-7.714967909593082,27.793075728507525,50.87008672822404,36.0400634680787
SL,2025-10-07,85.8,2.52,6.1,"Santander, Anthony",623993,607074,,called_strike,,,,,5,Called Strike,D,R,L,NYY,TOR,S,,,1,1,2025,-0.31,-0.17,0.07381441989183346,2.4128935857532476,,,676391,0,2,Top,,,,,,,-5.106068822508335,-124.91919997038073,-2.0977864248489935,-2.242545216362711,25.67121235966428,-33.7036134268433,3.3699995224601,1.65113424744122,,,,85,2564,5.8,813061,669224,700250,665862,641857,683011,641355,663757,592450,54.72,,,,,,,,13,3,Slider,1,2,2,1,2,1,2,1,Strategic,Standard,286,0.008,-0.07,,,,0.07,,-1,1,0.365,0.635,32,30,33,31,1,0,6,3,,1,3.26,-0.31,0.31,36.6,,,,,
FS,2025-10-07,82.3,-1.05,5.52,"Carpenter, Kerry",681481,669302,,ball,,,,,14,Ball,D,L,R,DET,SEA,B,,,1,2,2025,-0.3,-0.17,0.8384299672800175,-0.8104539220783278,,,,1,3,Bot,,,,,,,4.9859106962409205,-119.60605567193691,-7.596540370467942,-3.9047026336365738,24.91220971652026,-32.38725249656819,3.38999892543656,1.61991295613588,,,,83.8,604,7.6,813056,663728,647304,593871,553993,641487,668227,677594,645302,52.95,,,,,,,,24,4,Split-Finger,0,2,0,2,2,0,0,2,Infield shade,Standard,309,0.003,0.048,,,,-0.048,,-2,-2,0.295,0.295,28,27,28,28,2,1,10,2,3,1,3.56,0.3,-0.3,39.6,,,,,
KC,2025-10-07,82.9,-1.63,5.8,"Grisham, Trent",663757,669456,,foul,,,,,8,Foul,D,L,R,NYY,TOR,S,,,1,1,2025,0.52,-1,0.21477152190458149,1.7402848898214547,,,,0,3,Bot,,,,,,,3.210661564943754,-120.70111999171299,-0.7621207408873163,4.306167214235707,26.511864192623502,-41.978843453043105,3.62,1.73,,,,82.7,2426,6.4,813061,672386,665489,676391,680718,665926,676914,662139,623993,54.07,,,,,,,,28,3,Knuckle Curve,1,6,1,6,6,1,1,6,Infield shade,Standard,31,-0.004,-0.061,75.5,8.0,,0.061,,-5,-5,0.109,0.109,30,28,30,29,2,1,11,2,8,1,4.35,-0.52,0.52,38.6,13.871422519959568,-13.070875549191493,30.98554013393474,36.46101568970055,32.24950196487082
SI,2025-10-07,91.5,-2.74,5.34,"Canzone, Dominic",686527,656427,,ball,,,,,13,Ball,D,L,R,DET,SEA,B,,,0,0,2025,-1.2,0.47,-0.5331877856918448,1.326426101614254,,,553993,2,2,Top,,,,,,,8.163611955637451,-133.05346744733606,-5.294765229031911,-15.996943028547692,27.724004221572127,-25.66620444021799,3.28549973433696,1.45603559394941,,,,91.8,2167,6.5,813056,693307,679529,650402,656716,595879,682985,678009,681481,54.05,,,,,,,,11,1,Sinker,0,0,0,0,0,0,0,0,Infield shade,Standard,212,-0.002,0.035,,,,-0.035,,0,0,0.528,0.472,29,27,30,28,1,0,5,3,3,1,2.25,1.2,-1.2,27.7,,,,,
SI,2025-10-07,95.2,-2.36,5.62,"Arozarena, Randy",668227,672456,truncated_pa,called_strike,,,,,4,"Victor Robles caught stealing 3rd base, catcher Dillon Dingler to third baseman Zach McKinstry.",D,R,R,DET,SEA,S,2,,0,0,2025,-1.3,0.92,-0.7485865356864823,2.5269788058869507,,645302,,2,8,Top,,,,,,,7.177606999963971,-138.38266980690958,-4.491854254434031,-18.32286021180055,33.99673830002835,-19.571891473748757,3.60703357368094,1.68070023420949,,,,95.1,2239,6.5,813056,693307,679529,650402,656716,595879,682985,678009,681481,53.97,,,0,0,0,0,,63,1,Sinker,1,6,6,1,6,1,6,1,Standard,Standard,208,0.003,-0.289,,,,0.289,,-5,5,0.019,0.981,24,30,25,30,2,4,3,2,3,1,1.62,1.3,1.3,38.1,,,,,
FS,2025-10-07,80.9,-0.92,5.76,"Carpenter, Kerry",681481,669302,,swinging_strike,,,,,7,Swinging Strike,D,L,R,DET,SEA,S,,,1,1,2025,0.25,-0.65,-0.3797457480653552,1.8501450206612668,,,,1,3,Bot,,,,,,,0.7310277324882278,-117.8840601240954,-0.815153447315794,2.204643914913375,23.38449592353306,-38.273105646067336,3.39,1.62,,,,82.9,675,7.6,813056,663728,647304,593871,553993,641487,668227,677594,645302,52.88,,,,,,,,24,3,Split-Finger,0,2,0,2,2,0,0,2,Infield shade,Standard,301,-0.005,-0.064,73.3,8.5,,0.064,,-2,-2,0.3,0.3,28,27,28,28,2,1,10,2,3,1,4.13,-0.25,0.25,39.9,25.403689378810526,-19.656452443495386,33.18473632517949,44.54933419103593,37.94774550305297
SL,2025-10-07,87.4,-2.47,5.46,"Suárez, Eugenio",553993,656427,walk,ball,,,,,14,Eugenio Suárez walks.,D,R,R,DET,SEA,B,,,3,2,2025,0.64,0.24,0.5861804661948988,0.9026339378924702,,,,2,2,Top,,,,,,,6.047730201729942,-127.16587518618645,-5.344109436966726,5.7389892777738885,25.629067633914655,-28.666216008495198,3.38388782351385,1.6442968871867,,,,87.5,2525,6.3,813056,693307,679529,650402,656716,595879,682985,678009,681481,54.2,,0.691497,0.7,1,0,0,,10,6,Slider,0,0,0,0,0,0,0,0,Standard,Standard,141,-0.01,0.259,,,,-0.259,,0,0,0.538,0.46199999999999997,29,33,30,34,1,0,5,2,3,1,2.74,-0.64,-0.64,29.0,,,,,
KC,2025-10-07,83.4,-1.66,5.73,"Grisham, Trent",663757,669456,,ball,,,,,14,Ball,D,L,R,NYY,TOR,B,,,0,1,2025,0.54,-0.98,0.4423899992902542,0.8977487841993055,,,,0,3,Bot,,,,,,,3.782227115963235,-121.41364969979509,-2.672785225192647,4.448671751966504,26.646212037790715,-41.42114154333522,3.61999830243965,1.77517641744458,,,,83.4,2475,6.5,813061,672386,665489,676391,680718,665926,676914,662139,623993,53.97,,,,,,,,28,2,Knuckle Curve,1,6,1,6,6,1,1,6,Infield shade,Standard,34,0.001,0.031,,,,-0.031,,-5,-5,0.108,0.108,30,28,30,29,2,1,11,2,8,1,4.29,-0.54,0.54,39.0,,,,,
FF,2025-10-07,93.8,1.99,6.39,"Santander, Anthony",623993,607074,,foul,,,,,4,Foul,D,R,L,NYY,TOR,S,,,1,0,2025,0.71,1.34,-0.6725939988926405,2.741233696787648,,,676391,0,2,Top,,,,,,,-8.41859636722176,-136.24024502641677,-6.623122523186152,10.694539850106567,29.337459781873573,-14.201318425325304,3.37,1.58,73,84.9,86,93.4,2283,6.1,813061,669224,700250,665862,641857,683011,641355,663757,592450,54.4,,,,,,,,13,2,4-Seam Fastball,1,2,2,1,2,1,2,1,Strategic,Standard,140,0.007,-0.048,,,,0.048,88.0,-1,1,0.358,0.642,32,30,33,31,1,0,6,3,,1,1.26,0.71,-0.71,47.8,,,,,
FF,2025-10-07,95.4,-2.1,5.75,"Crawford, J.P.",641487,672456,sac_fly,hit_into_play,,,,,2,J.P. Crawford out on a sacrifice fly to left fielder Riley Greene. Luke Raley scores.,D,L,R,DET,SEA,X,7,fly_ball,3,2,2025,-0.23,1.51,0.23497749225880804,2.765028198716082,670042,645302,,1,8,Top,71.23,96.84,,,,,6.6864464067012115,-138.61670845341317,-5.588426707266507,-4.55470930158949,32.80561076895369,-11.686286700848322,3.28,1.55,288,82.4,36,95.4,2213,6.5,813056,693307,679529,650402,656716,595879,682985,678009,681481,54.01,,0.042,0,1,0,0,3,62,6,4-Seam Fastball,1,5,5,1,6,1,6,1,Strategic,Standard,207,-0.004,-0.188,70.8,6.8,,0.188,88.0,-4,4,0.023,0.977,24,30,25,30,1,3,3,2,3,1,1.02,0.23,-0.23,45.1,-1.968837191453325,10.206768826066659,32.311115059077935,34.14831508419927,30.781032980303827
FF,2025-10-07,95.5,-0.8,5.79,"Carpenter, Kerry",681481,669302,,swinging_strike,,,,,12,Swinging Strike,D,L,R,DET,SEA,S,,,1,0,2025,-0.32,1.56,0.01153160345697185,3.740501348471555,,,,1,3,Bot,,,,,,,2.934061923451762,-138.9975610243829,-3.302013253202547,-4.863461660737717,33.99387923685918,-11.571034073075102,3.39,1.62,,,,97.4,2153,7.5,813056,663728,647304,593871,553993,641487,668227,677594,645302,52.96,,,,,,,,24,2,4-Seam Fastball,0,2,0,2,2,0,0,2,Infield shade,Standard,207,-0.004,-0.049,75.5,7.1,,0.049,,-2,-2,0.304,0.304,28,27,28,28,2,1,10,2,3,1,0.96,0.32,-0.32,46.7,21.63164191256447,-1.8492255161997282,28.22533255671049,39.63193001549523,22.12687319399547
SL,2025-10-07,87.8,-2.51,5.36,"Suárez, Eugenio",553993,656427,,swinging_strike,,,,,14,Swinging Strike,D,R,R,DET,SEA,S,,,3,1,2025,0.46,0.69,1.0054932291789498,1.2253048443965968,,,,2,2,Top,,,,,,,7.585672030281074,-127.632205174412,-5.3727085198361175,3.618787654785246,24.26820125251447,-23.75938110056966,3.48,1.6,,,,88.4,2540,6.5,813056,693307,679529,650402,656716,595879,682985,678009,681481,53.96,,,,,,,,10,5,Slider,0,0,0,0,0,0,0,0,Standard,Standard,155,0.003,-0.086,40.5,7.0,,0.086,,0,0,0.535,0.46499999999999997,29,33,30,34,1,0,5,2,3,1,2.26,-0.46,-0.46,26.3,7.690690503713362,9.543643725052199,45.3613084780127,44.401615003324316,24.615567456395702
FF,2025-10-07,93.5,-1.64,5.69,"Grisham, Trent",663757,669456,,called_strike,,,,,7,Called Strike,D,L,R,NYY,TOR,S,,,0,0,2025,-0.66,1.49,-0.37113315848844886,2.2852406299345382,,,,0,3,Bot,,,,,,,4.743902662336942,-135.88470211311105,-6.281052627190709,-9.230129878850713,33.13164315363499,-12.501990648156113,3.62000062049736,1.78705716906533,,,,93.3,2408,6.5,813061,672386,665489,676391,680718,665926,676914,662139,623993,53.99,,,,,,,,28,1,4-Seam Fastball,1,6,1,6,6,1,1,6,Infield shade,Standard,218,-0.002,-0.039,,,,0.039,,-5,-5,0.11,0.11,30,28,30,29,2,1,11,2,8,1,1.14,0.66,-0.66,40.1,,,,,
SL,2025-10-07,84,2.46,6.12,"Santander, Anthony",623993,607074,,ball,,,,,13,Ball,D,R,L,NYY,TOR,B,,,0,0,2025,-0.43,-0.4,-0.5188309089678598,1.2698831824696142,,,676391,0,2,Top,,,,,,,-5.976134418999575,-122.28978557024891,-4.057383280328681,-3.2756253107451525,22.708161548059778,-35.62447718979326,3.37000168279121,1.65566346446553,,,,83.5,2584,5.8,813061,669224,700250,665862,641857,683011,641355,663757,592450,54.72,,,,,,,,13,1,Slider,1,2,2,1,2,1,2,1,Strategic,Standard,320,-0.005,0.04,,,,-0.04,,-1,1,0.363,0.637,32,30,33,31,1,0,6,3,,1,3.61,-0.43,0.43,37.9,,,,,
KC,2025-10-07,84.2,-1.56,5.73,"Wells, Austin",669224,669456,strikeout,swinging_strike_blocked,,,,,14,Austin Wells strikes out swinging.,D,L,R,NYY,TOR,S,2,,2,2,2025,0.6,-0.71,0.9859809022224748,0.6804188121799424,,,,2,2,Bot,,,,,,,4.762983437973875,-122.49931100886843,-3.95573960749223,5.126399482414419,24.18953175869445,-38.75335425922566,3.56,1.63,,,,85,2450,6.8,813061,672386,665489,643396,676391,665926,676914,662139,623993,53.69,,0,0,1,0,0,,19,6,Knuckle Curve,1,2,1,2,2,1,1,2,Infield shade,Standard,23,-0.01,-0.224,64.6,8.9,,0.224,,-1,-1,0.398,0.398,30,25,30,26,1,0,11,2,8,1,3.93,-0.6,0.6,43.1,25.195152301478625,-42.94982191686919,37.353957585498705,20.718271002518968,47.879427843795945
FF,2025-10-07,96.3,-2.11,5.7,"Crawford, J.P.",641487,672456,,foul,,,,,2,Foul,D,L,R,DET,SEA,S,,,3,1,2025,-0.49,1.46,-0.10387595014988449,2.8857881460287818,670042,645302,,1,8,Top,,,,,,,6.4454125930197685,-140.0992914790934,-5.180980602423325,-7.9267657195300965,32.809137163675125,-12.028953275585426,3.28,1.55,235,80,46,96.4,2289,6.5,813056,693307,679529,650402,656716,595879,682985,678009,681481,54.05,,,,,,,,62,5,4-Seam Fastball,1,5,5,1,5,1,5,1,Strategic,Standard,210,0,-0.056,65.5,6.3,,0.056,88.0,-4,4,0.023,0.977,24,30,25,30,1,3,3,2,3,1,1.01,0.49,-0.49,41.6,-7.454770881165262,19.627566417459146,34.2777803129879,37.776441653792745,24.583981047124524
SL,2025-10-07,87.4,-0.88,5.83,"Carpenter, Kerry",681481,669302,,ball,,,,,11,Ball,D,L,R,DET,SEA,B,,,0,0,2025,0.14,0.24,-1.4196425797998204,2.6085753990982927,,,,1,3,Bot,,,,,,,-1.6206898379122336,-127.12980446940837,-1.9809152061889468,1.865705780432507,32.02397220734647,-29.432387058784286,3.33605056657231,1.6020348406524,,,,88.3,1693,7.4,813056,663728,647304,593871,553993,641487,668227,677594,645302,53.07,,,,,,,,24,1,Slider,0,2,0,2,2,0,0,2,Infield shade,Standard,92,0.003,0.039,,,,-0.039,,-2,-2,0.301,0.301,28,27,28,28,2,1,10,2,3,1,2.81,-0.14,0.14,42.3,,,,,
FF,2025-10-07,95.4,-2.33,5.36,"Suárez, Eugenio",553993,656427,,ball,,,,,14,Ball,D,R,R,DET,SEA,B,,,2,1,2025,-0.31,1.35,1.8068100662871984,1.5457503744157597,,,,2,2,Top,,,,,,,11.57377112637943,-138.25578113663272,-7.399140664586623,-6.561222300686041,31.096693153595435,-13.261150726527408,3.48000072787712,1.63840898121921,,,,95.3,2435,6.5,813056,693307,679529,650402,656716,595879,682985,678009,681481,54.01,,,,,,,,10,4,4-Seam Fastball,0,0,0,0,0,0,0,0,Standard,Standard,213,-0.004,0.117,,,,-0.117,,0,0,0.539,0.46099999999999997,29,33,30,34,1,0,5,2,3,1,1.17,0.31,0.31,31.3,,,,,
FF,2025-10-07,93.1,2.03,6.33,"Clement, Ernie",676391,607074,single,hit_into_play,,,,,14,Ernie Clement singles on a ground ball to first baseman Ben Rice.,D,R,L,NYY,TOR,X,3,ground_ball,0,2,2025,1.05,1.06,1.0034537010545488,1.7651641292251203,,,,0,2,Top,155.36,166.38,,,,,-4.916529496232208,-135.2666953839304,-8.215033800903278,13.940111635818367,30.117676260713964,-17.526423708230055,3.34,1.55,3,69.2,-33,92.6,2281,6.1,813061,669224,700250,665862,641857,683011,641355,663757,592450,54.41,0.065,0.062,0.9,1,1,0,2,12,4,4-Seam Fastball,1,2,2,1,2,1,2,1,Strategic,Standard,137,-0.042,0.532,58.7,6.5,0.066,-0.532,88.0,-1,1,0.405,0.595,32,29,33,29,1,0,6,2,,1,1.58,1.05,-1.05,45.4,-7.571504039550861,29.815861538541398,27.90960178061991,48.120636115061814,8.932734999213492
KC,2025-10-07,83.7,-1.66,5.69,"Wells, Austin",669224,669456,,ball,,,,,14,Ball,D,L,R,NYY,TOR,B,,,1,2,2025,0.8,-0.8,0.2380846729598669,0.568156304346954,,,,2,2,Bot,,,,,,,2.822097923454801,-121.96488379331824,-3.851804044718028,7.417807862270616,24.12675206843626,-39.65368335746166,3.56000120027818,1.66659275559464,,,,84.4,2492,6.7,813061,672386,665489,643396,676391,665926,676914,662139,623993,53.79,,,,,,,,19,5,Knuckle Curve,1,2,1,2,2,1,1,2,Infield shade,Standard,31,0.002,0.042,,,,-0.042,,-1,-1,0.396,0.396,30,25,30,26,1,0,11,2,8,1,4.05,-0.8,0.8,40.7,,,,,
FF,2025-10-07,96.4,-2.18,5.68,"Crawford, J.P.",641487,672456,,foul,,,,,14,Foul,D,L,R,DET,SEA,S,,,3,0,2025,-0.33,1.55,1.142984834073921,2.2058780998345755,670042,645302,,1,8,Top,,,,,,,9.576477678023183,-139.87362848278383,-7.121951419771321,-6.528333236696667,32.958961134613645,-10.399749387025686,3.28,1.55,79,79,6,96.2,2360,6.5,813056,693307,679529,650402,656716,595879,682985,678009,681481,54.05,,,,,,,,62,4,4-Seam Fastball,1,5,5,1,5,1,5,1,Strategic,Standard,210,0.001,-0.022,76.5,7.5,,0.022,88.0,-4,4,0.022,0.978,24,30,25,30,1,3,3,2,3,1,0.93,0.33,-0.33,40.5,10.67810307519594,-8.364785583566183,40.0393174915822,24.71704401005072,37.010627188050094
CU,2025-10-07,79.7,-0.81,5.71,"Báez, Javier",595879,669302,field_out,hit_into_play,,,,,9,Javier Báez pops out to shortstop J.P. Crawford.,D,R,R,DET,SEA,X,6,popup,1,2,2025,1.14,-0.69,0.34991269407292425,2.066375030435736,,,,0,3,Bot,105.85,136.17,,,,,0.3965544866382692,-116.07719125022204,0.10085286680327044,10.169875466049572,23.32690443485217,-38.62303425719197,3.5,1.65,171,82.8,60,81,2411,7.3,813056,663728,647304,593871,553993,641487,668227,677594,645302,53.18,0.023,0.024,0,1,0,0,3,23,4,Curveball,0,2,0,2,2,0,0,2,Standard,Standard,32,-0.019,-0.189,76.4,8.6,0.033,0.189,88.0,-2,-2,0.32,0.32,28,32,28,33,1,0,10,2,3,1,4.29,-1.14,-1.14,44.8,11.996140237713519,-14.966581263420501,24.667572882916083,39.69328490867658,41.36221962317369
FF,2025-10-07,95.8,-2.36,5.4,"Suárez, Eugenio",553993,656427,,ball,,,,,14,Ball,D,R,R,DET,SEA,B,,,1,1,2025,-0.44,1.3,1.5830869437071087,1.5143188322851855,,,,2,2,Top,,,,,,,11.394853045279666,-138.9755361340863,-7.58701138023656,-8.14305634885823,30.050700475109533,-13.772182901268868,3.48000055134365,1.6779952377086,,,,96,2319,6.5,813056,693307,679529,650402,656716,595879,682985,678009,681481,54,,,,,,,,10,3,4-Seam Fastball,0,0,0,0,0,0,0,0,Standard,Standard,208,-0.002,0.053,,,,-0.053,,0,0,0.541,0.45899999999999996,29,33,30,34,1,0,5,2,3,1,1.2,0.44,0.44,29.3,,,,,
FF,2025-10-07,91.7,1.73,6.53,"Clement, Ernie",676391,607074,,foul,,,,,1,Foul,D,R,L,NYY,TOR,S,,,0,2,2025,0.84,1.17,-0.7056360789639496,3.389600452968171,,,,0,2,Top,,,,,,,-7.8922025001900575,-133.34671350193025,-4.572679760322104,11.719747403651105,28.952243074133964,-17.402936205106453,3.34,1.55,,,,91,2304,5.9,813061,669224,700250,665862,641857,683011,641355,663757,592450,54.6,,,,,,,,12,3,4-Seam Fastball,1,2,2,1,2,1,2,1,Infield shade,Standard,145,0,0,64.7,5.7,,0,,-1,1,0.405,0.595,32,29,33,29,1,0,6,2,,1,1.55,0.84,-0.84,49.6,7.452749355608306,5.013828247594728,26.123505299441078,26.341747566754634,28.931897046280866
KC,2025-10-07,80.3,-2.22,5.76,"Crawford, J.P.",641487,672456,,ball,,,,,13,Ball,D,L,R,DET,SEA,B,,,2,0,2025,0.9,-0.54,-0.9888481113041946,1.4844079625670599,670042,645302,,1,8,Top,,,,,,,1.0052532232337672,-116.9023102762041,-1.7134130153425922,8.04808749361843,23.458588754601035,-36.996948583211676,3.17551220740253,1.36942646668559,,,,80,2974,6.2,813056,693307,679529,650402,656716,595879,682985,678009,681481,54.28,,,,,,,,62,3,Knuckle Curve,1,5,5,1,5,1,5,1,Strategic,Standard,43,-0.001,0.029,,,,-0.029,,-4,4,0.023,0.977,24,30,25,30,1,3,3,2,3,1,4.09,-0.9,0.9,44.0,,,,,
FS,2025-10-07,80.9,-0.87,5.8,"Báez, Javier",595879,669302,,foul,,,,,7,Foul,D,R,R,DET,SEA,S,,,1,1,2025,-0.46,0.05,-0.6299313202644545,1.5403988102567743,,,,0,3,Bot,,,,,,,1.455219510309234,-117.76083017452045,-2.921146386080963,-4.5445723181934445,25.123964954796126,-31.330521747964944,3.5,1.65,26,97.3,-3,82.4,541,7.5,813056,663728,647304,593871,553993,641487,668227,677594,645302,52.95,,,,,,,,23,3,Split-Finger,0,2,0,2,2,0,0,2,Standard,Standard,249,-0.007,-0.061,78.5,9.1,,0.061,97.3,-2,-2,0.327,0.327,28,32,28,33,1,0,10,2,3,1,3.47,0.46,0.46,42.1,21.97050722253533,-27.55382504058106,35.79126803205737,29.8653798382218,44.77234539998976
FF,2025-10-07,92.2,-2.47,5.37,"Suárez, Eugenio",553993,656427,,ball,,,,,13,Ball,D,R,R,DET,SEA,B,,,0,1,2025,-0.18,1.17,-0.3333203663264828,0.9447965066346564,,,,2,2,Top,,,,,,,5.842936572982037,-134.06698988234194,-8.001782846129789,-3.405997962695937,28.858285351762987,-16.462080143971967,3.4800006020124,1.61302710393422,,,,92.5,2184,6.5,813056,693307,679529,650402,656716,595879,682985,678009,681481,54.02,,,,,,,,10,2,4-Seam Fastball,0,0,0,0,0,0,0,0,Standard,Standard,205,-0.001,0.027,,,,-0.027,,0,0,0.542,0.45799999999999996,29,33,30,34,1,0,5,2,3,1,1.51,0.18,0.18,29.1,,,,,
CH,2025-10-07,90.1,-1.92,5.62,"Wells, Austin",669224,669456,,ball,,,,,13,Ball,D,L,R,NYY,TOR,B,,,0,2,2025,-1.16,0.46,-1.527847156782264,2.228924946794513,,,,2,2,Bot,,,,,,,3.480925991980078,-131.2575864977693,-3.516629236488097,-14.18529123796255,25.533201052752336,-26.284956575333286,3.56000106501754,1.56904318950446,,,,91.1,1204,6.7,813061,672386,665489,643396,676391,665926,676914,662139,623993,53.84,,,,,,,,19,4,Changeup,1,2,1,2,2,1,1,2,Infield shade,Standard,253,0.001,0.022,,,,-0.022,,-1,-1,0.395,0.395,30,25,30,26,1,0,11,2,8,1,2.32,1.16,-1.16,36.5,,,,,
FF,2025-10-07,93.2,1.98,6.42,"Clement, Ernie",676391,607074,,foul,,,,,8,Foul,D,R,L,NYY,TOR,S,,,0,1,2025,0.71,1.34,0.10602075734256333,1.6868584376808644,,,,0,2,Top,,,,,,,-6.363729111536791,-135.29707477918416,-9.257636223241573,10.17308297728294,30.072483990945987,-13.827635091704401,3.34,1.55,,,,92.7,2296,6.2,813061,669224,700250,665862,641857,683011,641355,663757,592450,54.34,,,,,,,,12,2,4-Seam Fastball,1,2,2,1,2,1,2,1,Standard,Standard,143,0.005,-0.055,65.9,7.3,,0.055,,-1,1,0.4,0.6,32,29,33,29,1,0,6,2,,1,1.3,0.71,-0.71,48.8,6.196064816033057,-4.800317839167703,37.86698817854644,36.48841246940265,29.09628836266189
FF,2025-10-07,95.8,-2.31,5.77,"Crawford, J.P.",641487,672456,,ball,,,,,11,Ball,D,L,R,DET,SEA,B,,,1,0,2025,-0.4,1.53,-1.0430493718826244,3.4391556209939855,670042,645302,,1,8,Top,,,,,,,4.255938153627531,-139.302411200826,-3.942894473227888,-6.214076206533033,34.67340684377206,-11.657138454384048,3.27647718070107,1.49665114279253,,,,95.4,2266,6.3,813056,693307,679529,650402,656716,595879,682985,678009,681481,54.16,,,,,,,,62,2,4-Seam Fastball,1,5,5,1,5,1,5,1,Strategic,Standard,210,0,0.012,,,,-0.012,,-4,4,0.023,0.977,24,30,25,30,1,3,3,2,3,1,0.98,0.4,-0.4,39.9,,,,,
FS,2025-10-07,81.7,-0.65,5.76,"Báez, Javier",595879,669302,,ball,,,,,14,Ball,D,R,R,DET,SEA,B,,,0,1,2025,-0.52,-0.2,0.2381294815252457,0.0656889214058145,,,,0,3,Bot,,,,,,,3.0827153760906665,-118.8010541659022,-5.90847158136695,-5.500696745909707,24.650152901939258,-33.06335590489774,3.45388451823615,1.58290263503577,,,,83.3,651,7.6,813056,663728,647304,593871,553993,641487,668227,677594,645302,52.89,,,,,,,,23,2,Split-Finger,0,2,0,2,2,0,0,2,Standard,Standard,262,0.003,0.031,,,,-0.031,,-2,-2,0.324,0.324,28,32,28,33,1,0,10,2,3,1,3.64,0.52,0.52,38.2,,,,,
FF,2025-10-07,95.9,-2.45,5.4,"Santander, Anthony",623993,642207,strikeout,swinging_strike,,,,,5,Anthony Santander strikes out swinging.,D,L,R,NYY,TOR,S,2,,3,2,2025,-1.16,1.35,0.1816628646383709,2.490022408530356,,,676391,0,8,Top,,,,,,,9.795959121253624,-139.22834465799534,-5.167207475181277,-17.442399397802575,34.87473906570169,-13.586380662879964,3.37,1.58,,,,97.4,2370,7.5,813061,669224,502671,665862,676609,683011,641355,663757,592450,52.98,,0,0,1,0,0,,69,6,4-Seam Fastball,9,6,6,9,6,9,6,9,Infield shade,Standard,229,0.052,-0.315,65.0,5.4,,0.315,,3,-3,0.873,0.127,30,30,31,31,1,3,6,3,1,1,1.16,1.16,-1.16,25.1,-19.99653473741266,27.62977833040968,36.92198121796422,30.402684958013978,14.64807784383441
SL,2025-10-07,86.8,-2.44,5.41,"Suárez, Eugenio",553993,656427,,swinging_strike,,,,,14,Swinging Strike,D,R,R,DET,SEA,S,,,0,0,2025,0.67,0.54,0.9598664211118675,1.5410377194123348,,,,2,2,Top,,,,,,,6.794237353736349,-126.2776211151158,-4.181909690091935,5.787005632615736,25.077933054925975,-25.770334383247203,3.48,1.6,,,,87.1,2416,6.4,813056,693307,679529,650402,656716,595879,682985,678009,681481,54.08,,,,,,,,10,1,Slider,0,0,0,0,0,0,0,0,Standard,Standard,151,0.002,-0.043,75.3,8.6,,0.043,,0,0,0.54,0.45999999999999996,29,33,30,34,1,0,5,2,3,1,2.48,-0.67,-0.67,29.8,35.03519299851854,-22.533850258576006,41.37065896295218,42.49978561633823,48.89532236481053
FF,2025-10-07,92.5,1.95,6.43,"Clement, Ernie",676391,607074,,called_strike,,,,,6,Called Strike,D,R,L,NYY,TOR,S,,,0,0,2025,0.79,1.46,0.677844165879085,2.4742918118783424,,,,0,2,Top,,,,,,,-4.927408039472239,-134.46512114028747,-7.421964497112981,10.616180435867316,29.285394797853062,-13.009400657183946,3.34000147920379,1.50865928007823,,,,92,2343,6.1,813061,669224,700250,665862,641857,683011,641355,663757,592450,54.44,,,,,,,,12,1,4-Seam Fastball,1,2,2,1,2,1,2,1,Standard,Standard,142,0.003,-0.039,,,,0.039,,-1,1,0.397,0.603,32,29,33,29,1,0,6,2,,1,1.21,0.79,-0.79,47.9,,,,,
CH,2025-10-07,89.5,-1.71,5.64,"Wells, Austin",669224,669456,,foul,,,,,13,Foul,D,L,R,NYY,TOR,S,,,0,2,2025,-1.23,0.17,-0.70154784313278,1.410454040002957,,,,2,2,Bot,,,,,,,5.12007490144703,-130.1689429712709,-4.776207823189426,-15.030613320022379,29.16667614901454,-29.369444508549144,3.56,1.63,2,66.1,-32,89.9,1255,6.7,813061,672386,665489,643396,676391,665926,676914,662139,623993,53.8,,,,,,,,19,3,Changeup,1,2,1,2,2,1,1,2,Infield shade,Standard,246,0,0,70.7,8.1,,0,88.0,-1,-1,0.395,0.395,30,25,30,26,1,0,11,2,8,1,2.69,1.23,-1.23,37.8,12.743149612022101,-11.162804968011626,31.402578854343663,41.013001050839044,33.81366657200664
FF,2025-10-07,96,-2.42,5.34,"Santander, Anthony",623993,642207,,ball,,,,,12,Ball,D,L,R,NYY,TOR,B,,,2,2,2025,-1.11,1.26,0.8845429740762938,3.7403143686363203,,,676391,0,8,Top,,,,,,,11.513369301103143,-139.2569661017206,-1.4248999318863422,-17.25666390795306,34.779928836537366,-15.723846552619808,3.30622812623673,1.55035356396247,,,,97.5,2347,7.5,813061,669224,502671,665862,676609,683011,641355,663757,592450,52.96,,,,,,,,69,5,4-Seam Fastball,9,6,6,9,6,9,6,9,Infield shade,Standard,235,-0.018,0.113,,,,-0.113,,3,-3,0.891,0.10899999999999999,30,30,31,31,1,3,6,3,1,1,1.25,1.11,-1.11,22.9,,,,,
SL,2025-10-07,85.3,-2.63,5.69,"Crawford, J.P.",641487,672456,,ball,,,,,11,Ball,D,L,R,DET,SEA,B,,,0,0,2025,0.86,0.18,-1.4729898851930414,3.6856242525500242,670042,645302,,1,8,Top,,,,,,,0.9826659330402806,-124.14522558487047,1.2720053317357534,8.642619098713434,26.983545670917227,-30.857133205583697,3.27999913690152,1.40400199321765,,,,84.8,2811,6.1,813056,693307,679529,650402,656716,595879,682985,678009,681481,54.36,,,,,,,,62,1,Slider,1,5,5,1,5,1,5,1,Strategic,Standard,64,0,0.03,,,,-0.03,,-4,4,0.023,0.977,24,30,25,30,1,3,3,2,3,1,2.98,-0.86,0.86,37.6,,,,,
SL,2025-10-07,87.1,-0.79,5.86,"Báez, Javier",595879,669302,,called_strike,,,,,7,Called Strike,D,R,R,DET,SEA,S,,,0,0,2025,0.05,0.12,-0.43475178474090453,1.69856439217408,,,,0,3,Bot,,,,,,,0.7599197620873452,-126.77851535298197,-4.0687626401002275,0.36874120683464107,29.115836896311855,-30.241034199135484,3.50000112924826,1.71920712339762,,,,88.5,1833,7.4,813056,663728,647304,593871,553993,641487,668227,677594,645302,53.09,,,,,,,,23,1,Slider,0,2,0,2,2,0,0,2,Standard,Standard,24,-0.004,-0.039,,,,0.039,,-2,-2,0.328,0.328,28,32,28,33,1,0,10,2,3,1,2.92,-0.05,-0.05,44.8,,,,,
SL,2025-10-07,86.2,2.36,6.14,"Varsho, Daulton",662139,607074,strikeout,swinging_strike_blocked,,,,,13,Daulton Varsho strikes out swinging.,D,L,L,NYY,TOR,S,2,,1,2,2025,-0.22,-0.08,-1.4107314746155573,0.660203825846029,,,,2,1,Top,,,,,,,-8.449421446788248,-125.11762878478363,-6.538741909442686,-0.52461346118212,26.189308516909573,-31.826259997117667,3.37,1.54,,,,85.4,2539,6,813061,669224,700250,665862,641857,683011,641355,663757,592450,54.53,,0,0,1,0,0,,5,4,Slider,0,2,2,0,2,0,2,0,Infield shade,Standard,19,0.006,-0.182,71.5,8.8,,0.182,,-2,2,0.346,0.654,32,28,33,29,1,0,6,2,,1,3.17,-0.22,-0.22,38.9,20.016917158605892,-27.379566324981667,27.35920371479789,50.55368310705862,50.506965759295724
CH,2025-10-07,86.4,-2.9,5.02,"Naylor, Josh",647304,656427,field_out,hit_into_play,,,,,13,"Josh Naylor grounds out, second baseman Gleyber Torres to first baseman Spencer Torkelson.",D,L,R,DET,SEA,X,4,ground_ball,2,2,2025,-1.39,0.55,-1.9172199780239263,2.172968952881078,,,,1,2,Top,135.7,146.51,,,,,5.1987558865318375,-125.73311695702252,-1.6825869585043352,-15.8119928636148,25.51978276085453,-26.175600286755436,3.22,1.52,8,79.5,-14,86.6,1930,6.4,813056,693307,679529,650402,656716,595879,682985,678009,681481,54.07,0.054,0.052,0,1,0,0,2,9,11,Changeup,0,0,0,0,0,0,0,0,Infield shade,Standard,221,0.014,-0.228,64.4,8.3,0.073,0.228,88.0,0,0,0.526,0.474,29,28,30,28,1,0,5,2,3,1,2.5,1.39,-1.39,21.2,8.254992985993125,7.651114940729011,21.03970391481588,55.1690837951091,14.692193535606913
FF,2025-10-07,93.2,-1.71,5.79,"Wells, Austin",669224,669456,,foul,,,,,13,Foul,D,L,R,NYY,TOR,S,,,0,1,2025,-0.96,1.54,-0.8823980725514495,2.4914862955411285,,,,2,2,Bot,,,,,,,4.274421184349754,-135.47423847881078,-6.035225077763456,-12.757014025505743,34.22051701654845,-12.133478126639256,3.56,1.63,235,73.3,32,93.1,2414,6.7,813061,672386,665489,643396,676391,665926,676914,662139,623993,53.84,,,,,,,,19,2,4-Seam Fastball,1,2,1,2,2,1,1,2,Infield shade,Standard,218,-0.003,-0.057,73.8,7.6,,0.057,88.0,-1,-1,0.398,0.398,30,25,30,26,1,0,11,2,8,1,1.12,0.96,-0.96,41.0,7.232906662566671,4.116139597653389,29.10020802386445,43.16759918038107,22.118394490047727
FF,2025-10-07,96.1,-2.11,5.8,"Robles, Victor",645302,672456,field_error,hit_into_play,,,,,12,Victor Robles reaches on a fielding error by right fielder Kerry Carpenter. Luke Raley to 3rd. Victor Robles to 2nd.,D,R,R,DET,SEA,X,9,line_drive,0,2,2025,-0.33,1.38,0.2266677189768151,3.6342815132219393,,,670042,1,8,Top,165.97,75.4,,,,,6.957920361011011,-139.7871248264334,-3.250720887297673,-6.027370457679661,33.42688435797793,-13.540549461020412,3.19,1.52,322,99,21,95.9,2189,6.4,813056,693307,679529,650402,656716,595879,682985,678009,681481,54.14,0.324,0.413,0.9,1,0,0,5,61,3,4-Seam Fastball,1,5,5,1,5,1,5,1,Standard,Standard,210,-0.015,0.511,63.4,5.6,0.664,-0.511,99.0,-4,4,0.038,0.962,24,28,25,28,1,3,3,2,3,1,1.1,0.33,0.33,42.7,6.765317166264147,14.761729973985476,20.966171636257855,44.5256805542876,15.917429422667947
FF,2025-10-07,96,-0.61,5.86,"Meadows, Parker",678009,669302,strikeout,swinging_strike,,,,,2,Parker Meadows strikes out swinging.,D,L,R,DET,SEA,S,2,,3,2,2025,-0.65,1.69,0.11496667016560425,3.1406049535825002,,,693307,2,2,Bot,,,,,,,3.504619761795661,-139.71949323101373,-5.538683588885471,-9.36190278528037,32.29138236744117,-9.010716005859774,3.5,1.71,,,,98.4,2122,7.7,813056,663728,647304,593871,553993,641487,668227,677594,645302,52.84,,0,0,1,0,0,,15,7,4-Seam Fastball,0,0,0,0,0,0,0,0,Infield shade,Standard,209,-0.027,-0.295,69.2,7.0,,0.295,,0,0,0.527,0.527,28,25,28,26,1,0,10,2,3,1,0.79,0.65,-0.65,45.9,5.351527275025421,0.36051868054374103,30.636290236206477,35.243209226249675,27.592636996775678
FF,2025-10-07,94.1,-2.49,5.31,"Naylor, Josh",647304,656427,,foul,,,,,14,Foul,D,L,R,DET,SEA,S,,,2,2,2025,-0.54,1.03,0.8622686964752244,2.0051212984089477,,,,1,2,Top,,,,,,,9.90672437449828,-136.70508366492828,-5.16201505439531,-8.863076808059278,28.280073466168716,-18.326692306628054,3.22,1.52,9,85.4,-13,94.5,2378,6.5,813056,693307,679529,650402,656716,595879,682985,678009,681481,54.05,,,,,,,,9,10,4-Seam Fastball,0,0,0,0,0,0,0,0,Infield shade,Standard,211,0,0,68.6,7.0,,0,88.0,0,0,0.526,0.474,29,28,30,28,1,0,5,2,3,1,1.54,0.54,-0.54,28.5,4.0433149340110575,-7.197041134542867,41.17552975301359,21.548049131935194,20.086459527596254
CH,2025-10-07,89.1,-1.68,5.65,"Wells, Austin",669224,669456,,foul,,,,,1,Foul,D,L,R,NYY,TOR,S,,,0,0,2025,-0.77,-0.01,-0.39401189316093643,2.978713902176278,,,,2,2,Bot,,,,,,,4.814041568260503,-129.8452606679689,-0.5934120507527454,-9.624341113714708,23.84374126016512,-32.31887261653857,3.56,1.63,213,74.4,25,90.4,1239,6.7,813061,672386,665489,643396,676391,665926,676914,662139,623993,53.78,,,,,,,,19,1,Changeup,1,2,1,2,2,1,1,2,Standard,Standard,257,-0.002,-0.043,71.1,6.3,,0.043,88.0,-1,-1,0.4,0.4,30,25,30,26,1,0,11,2,8,1,2.84,0.77,-0.77,37.9,-13.87190000574892,30.754043021208954,30.410794020893416,38.461948495720826,11.429846829241658
SL,2025-10-07,84.2,2.31,6.1,"Varsho, Daulton",662139,607074,,ball,,,,,13,Ball,D,L,L,NYY,TOR,B,,,0,2,2025,-0.39,-0.1,-1.8590863111543559,0.40411035987205723,,,,2,1,Top,,,,,,,-8.82577816508295,-122.25795564566894,-6.5885841585718,-2.2082449110582885,23.470337940141366,-32.02720813527151,3.36999944109122,1.57338720703734,,,,83.5,2610,5.9,813061,669224,700250,665862,641857,683011,641355,663757,592450,54.59,,,,,,,,5,3,Slider,0,2,2,0,2,0,2,0,Infield shade,Standard,322,-0.001,0.022,,,,-0.022,,-2,2,0.347,0.653,32,28,33,29,1,0,6,2,,1,3.32,-0.39,-0.39,37.9,,,,,
FF,2025-10-07,95.9,-2.44,5.39,"Santander, Anthony",623993,642207,,called_strike,,,,,6,Called Strike,D,L,R,NYY,TOR,S,,,2,1,2025,-1.2,1.34,0.49615202848104967,2.6894389303049007,,,676391,0,8,Top,,,,,,,10.715496203277498,-139.02014572881336,-4.518583653850355,-18.177341029687042,36.26503342958047,-14.047770962928817,3.36999984961832,1.60564332775859,,,,97.2,2385,7.6,813061,669224,502671,665862,676609,683011,641355,663757,592450,52.9,,,,,,,,69,4,4-Seam Fastball,9,6,6,9,6,9,6,9,Infield shade,Standard,230,0.014,-0.078,,,,0.078,,3,-3,0.877,0.123,30,30,31,31,1,3,6,3,1,1,1.19,1.2,-1.2,25.8,,,,,
SI,2025-10-07,95.4,-2.25,5.6,"Robles, Victor",645302,672456,,foul,,,,,2,Foul,D,R,R,DET,SEA,S,,,0,1,2025,-1.38,1.25,-0.1005094818580321,2.7389528107430428,,,670042,1,8,Top,,,,,,,8.78648905659379,-138.56022325148308,-4.651974674437308,-19.835618130439737,32.93752178087231,-15.261361028137054,3.19,1.52,194,70.9,46,95.2,2337,6.4,813056,693307,679529,650402,656716,595879,682985,678009,681481,54.07,,,,,,,,61,2,Sinker,1,5,5,1,5,1,5,1,Standard,Standard,214,0.001,-0.047,66.9,6.3,,0.047,88.0,-4,4,0.037,0.963,24,28,25,28,1,3,3,2,3,1,1.28,1.38,1.38,36.0,-0.1344145090795369,8.63845457176359,33.63772782154705,40.65191377710384,16.16791954740711
SL,2025-10-07,86.9,-0.96,5.87,"Meadows, Parker",678009,669302,,foul,,,,,4,Foul,D,L,R,DET,SEA,S,,,3,2,2025,-0.02,-0.01,-0.3979723349557095,2.718388667946668,,,693307,2,2,Bot,,,,,,,1.4301647499126509,-126.53973939934613,-1.2929912665130938,-0.5844457221506054,28.310178170391666,-32.26516074122424,3.5,1.71,218,81.3,54,88.5,1765,7.5,813056,663728,647304,593871,553993,641487,668227,677594,645302,53.04,,,,,,,,15,6,Slider,0,0,0,0,0,0,0,0,Infield shade,Standard,63,0,0,69.1,6.8,,0,88.0,0,0,0.527,0.527,28,25,28,26,1,0,10,2,3,1,3.05,0.02,-0.02,50.0,2.078613266174413,10.699922921247468,29.616658947028792,40.287467581970866,29.801671324078377
FF,2025-10-07,95.3,-2.36,5.4,"Santander, Anthony",623993,642207,,ball,,,,,12,Ball,D,L,R,NYY,TOR,B,,,1,1,2025,-1.08,1.14,0.5405501475645151,4.093976150826552,,,676391,0,8,Top,,,,,,,10.21367983008987,-138.36458808463684,-0.2517889578455868,-16.325518380313568,35.83025667653639,-17.892505360321234,3.36999804400974,1.5878580963503,,,,96.1,2318,7.2,813061,669224,502671,665862,676609,683011,641355,663757,592450,53.26,,,,,,,,69,3,4-Seam Fastball,9,6,6,9,6,9,6,9,Infield shade,Standard,230,-0.01,0.044,,,,-0.044,,3,-3,0.887,0.11299999999999999,30,30,31,31,1,3,6,3,1,1,1.41,1.08,-1.08,23.0,,,,,
FF,2025-10-07,95,-2.61,5.33,"Naylor, Josh",647304,656427,,foul,,,,,11,Foul,D,L,R,DET,SEA,S,,,2,2,2025,-0.53,1.3,-1.2801212371459694,2.6493110068448233,,,,1,2,Top,,,,,,,4.691404833772654,-138.31619433063207,-4.31565557368693,-7.791381491412401,30.57350976590205,-14.73987579529605,3.22,1.52,,,,95.5,2244,6.5,813056,693307,679529,650402,656716,595879,682985,678009,681481,53.98,,,,,,,,9,9,4-Seam Fastball,0,0,0,0,0,0,0,0,Infield shade,Standard,214,0,0,63.5,8.1,,0,,0,0,0.526,0.474,29,28,30,28,1,0,5,2,3,1,1.22,0.53,-0.53,27.4,-0.32954997745936526,4.407024003457501,22.77055034186486,47.99348528656652,11.44775537215755
SL,2025-10-07,85.8,-1.72,5.69,"Volpe, Anthony",683011,669456,strikeout,swinging_strike,,,,,6,Anthony Volpe strikes out swinging.,D,R,R,NYY,TOR,S,2,,1,2,2025,0.13,-0.1,0.4140594527275179,2.621633548363006,,,,1,2,Bot,,,,,,,4.783468074031027,-124.94761996526185,-0.8656371949529611,0.5651236821643355,22.43952077891414,-33.23318340594831,3.45,1.62,,,,86.5,2682,6.5,813061,672386,665489,643396,676391,665926,676914,662139,623993,54.05,,0,0,1,0,0,,18,4,Slider,1,2,1,2,2,1,1,2,Standard,Standard,56,-0.013,-0.18,77.2,7.3,,0.18,,-1,-1,0.413,0.413,30,24,30,24,1,0,11,2,8,1,3.16,-0.13,-0.13,35.6,13.988173142018253,-3.2526085707905508,25.829713274203748,41.66322094831128,28.109066328064696
SL,2025-10-07,83.3,2.25,6.23,"Varsho, Daulton",662139,607074,,foul,,,,,8,Foul,D,L,L,NYY,TOR,S,,,0,1,2025,-0.23,-0.49,-0.18151974951299882,1.7533930398939992,,,,2,1,Top,,,,,,,-5.099891493114915,-121.20324330948881,-2.8520705308794883,-1.2312751661286774,23.698533403640347,-36.67854802593264,3.37,1.54,2,49.6,-45,82.6,2570,5.8,813061,669224,700250,665862,641857,683011,641355,663757,592450,54.66,,,,,,,,5,2,Slider,0,2,2,0,2,0,2,0,Standard,Standard,298,0.002,-0.057,72.8,9.1,,0.057,88.0,-2,2,0.345,0.655,32,28,33,29,1,0,6,2,,1,3.78,-0.23,-0.23,41.9,24.12105870724231,-39.635224839432915,30.730743085258144,35.86574733350653,48.76233562884635
FF,2025-10-07,93.4,-1.56,5.77,"Volpe, Anthony",683011,669456,,foul,,,,,4,Foul,D,R,R,NYY,TOR,S,,,1,1,2025,-0.71,1.48,-0.3205769870660198,2.4762891170426498,,,,1,2,Bot,,,,,,,4.765435565249683,-135.7564564707841,-5.971028816401994,-9.804038441509466,31.823660514460393,-12.771698668016363,3.45,1.62,249,81.1,30,93.4,2357,6.5,813061,672386,665489,643396,676391,665926,676914,662139,623993,53.96,,,,,,,,18,3,4-Seam Fastball,1,2,1,2,2,1,1,2,Standard,Standard,213,-0.004,-0.064,61.0,5.7,,0.064,88.0,-1,-1,0.417,0.417,30,24,30,24,1,0,11,2,8,1,1.15,0.71,0.71,39.7,-7.539082618207481,33.04817116839179,37.55746112355737,34.68725184756618,8.897302410285494
SI,2025-10-07,95.1,-2.36,5.62,"Robles, Victor",645302,672456,,called_strike,,,,,14,Called Strike,D,R,R,DET,SEA,S,,,0,0,2025,-1.24,1.05,0.890225170007289,2.096791034233667,,,670042,1,8,Top,,,,,,,11.276635799005057,-137.93309542489243,-5.888811337196747,-18.347306977054206,31.385069164551417,-17.582261863012747,3.19000030586811,1.56573218584176,,,,94.8,2323,6.4,813056,693307,679529,650402,656716,595879,682985,678009,681481,54.14,,,,,,,,61,1,Sinker,1,5,5,1,5,1,5,1,Standard,Standard,216,0.001,-0.04,,,,0.04,,-4,4,0.036,0.964,24,28,25,28,1,3,3,2,3,1,1.49,1.24,1.24,35.8,,,,,
FS,2025-10-07,83,-0.98,5.7,"Meadows, Parker",678009,669302,,ball,,,,,14,Ball,D,L,R,DET,SEA,B,,,2,2,2025,-1,-0.05,0.36783619988197436,1.364795169154081,,,693307,2,2,Bot,,,,,,,5.1631264259453715,-120.67844939869865,-3.366206128045054,-10.764354229066067,24.480273103839,-32.20639539555083,3.49999894756824,1.73845873494601,,,,84.6,730,7.5,813056,663728,647304,593871,553993,641487,668227,677594,645302,53.03,,,,,,,,15,5,Split-Finger,0,0,0,0,0,0,0,0,Infield shade,Standard,253,0.007,0.079,,,,-0.079,,0,0,0.52,0.52,28,25,28,26,1,0,10,2,3,1,3.38,1,-1,37.6,,,,,
KC,2025-10-07,81,-2.75,4.87,"Naylor, Josh",647304,656427,,ball,,,,,13,Ball,D,L,R,DET,SEA,B,,,1,2,2025,0.73,-0.47,-0.4537228906679195,0.8461748596500862,,,,1,2,Top,,,,,,,3.7255041743629844,-118.05049329718535,-1.495048581780845,6.185503730598395,21.796561389044847,-36.537519106926204,3.16068124137164,1.37144359397228,,,,81.2,2429,6.3,813056,693307,679529,650402,656716,595879,682985,678009,681481,54.2,,,,,,,,9,8,Knuckle Curve,0,0,0,0,0,0,0,0,Infield shade,Standard,64,-0.002,0.048,,,,-0.048,,0,0,0.528,0.472,29,28,30,28,1,0,5,2,3,1,3.93,-0.73,0.73,17.6,,,,,
FF,2025-10-07,96.2,-2.46,5.33,"Santander, Anthony",623993,642207,,ball,,,,,12,Ball,D,L,R,NYY,TOR,B,,,0,1,2025,-1.15,1.09,0.4940617896681696,3.545329797275475,,,676391,0,8,Top,,,,,,,10.657845914472068,-139.50930496764875,-1.5026781437027785,-17.616085646733122,36.67517036396266,-18.00801838147171,3.31670681829642,1.5045222310278,,,,97.3,2414,7.5,813061,669224,502671,665862,676609,683011,641355,663757,592450,53.01,,,,,,,,69,2,4-Seam Fastball,9,6,6,9,6,9,6,9,Infield shade,Standard,236,-0.004,0.034,,,,-0.034,,3,-3,0.891,0.10899999999999999,30,30,31,31,1,3,6,3,1,1,1.43,1.15,-1.15,23.6,,,,,
SL,2025-10-07,83.4,2.4,6.19,"Varsho, Daulton",662139,607074,,called_strike,,,,,4,Called Strike,D,L,L,NYY,TOR,S,,,0,0,2025,-0.69,-0.39,-0.7316411789768755,2.2144409902202375,,,,2,1,Top,,,,,,,-5.8084790100932535,-121.31619073657089,-1.9113824726529018,-5.613310241597018,24.09517168688841,-35.82824099889329,3.24942055832954,1.49805477371385,,,,82.8,2574,5.9,813061,669224,700250,665862,641857,683011,641355,663757,592450,54.58,,,,,,,,5,1,Slider,0,2,2,0,2,0,2,0,Infield shade,Standard,303,0.001,-0.043,,,,0.043,,-2,2,0.344,0.656,32,28,33,29,1,0,6,2,,1,3.67,-0.69,-0.69,38.4,,,,,
SL,2025-10-07,85.1,-1.7,5.79,"Volpe, Anthony",683011,669456,,swinging_strike,,,,,14,Swinging Strike,D,R,R,NYY,TOR,S,,,1,0,2025,0.08,0.08,0.3651912063805301,1.435995419352834,,,,1,2,Bot,,,,,,,4.7051698904456645,-123.80760040266827,-4.072918699489261,-0.09514376263866701,24.233978091380923,-30.800541828265228,3.45,1.62,,,,85.5,2578,6.5,813061,672386,665489,643396,676391,665926,676914,662139,623993,53.96,,,,,,,,18,2,Slider,1,2,1,2,2,1,1,2,Standard,Standard,51,-0.004,-0.049,70.3,8.0,,0.049,,-1,-1,0.421,0.421,30,24,30,24,1,0,11,2,8,1,3.07,-0.08,-0.08,38.2,19.81353177283718,-9.480726357212234,36.956667288138156,43.6403398378702,36.362553034042435
KC,2025-10-07,81.4,-1.92,5.8,"Raley, Luke",670042,672456,hit_by_pitch,hit_by_pitch,,,,,14,Luke Raley hit by pitch.,D,L,R,DET,SEA,B,,,0,2,2025,1.67,-0.84,1.633678269588466,2.4096927585094075,,,,1,8,Top,,,,,,,4.758163113158436,-118.27862667963274,0.8273162378498145,14.146486221672257,28.826595661740058,-40.38290759763787,3.47,1.6,,,,80.5,3092,6.4,813056,693307,679529,650402,656716,595879,682985,678009,681481,54.14,,0.722289,0.7,1,0,0,,60,3,Knuckle Curve,1,5,5,1,5,1,5,1,Infield shade,Standard,42,-0.005,0.509,,,,-0.509,,-4,4,0.041,0.959,24,30,25,31,1,0,3,3,3,1,4.37,-1.67,1.67,46.8,,,,,
SL,2025-10-07,88.4,-0.95,5.85,"Meadows, Parker",678009,669302,,called_strike,,,,,8,Called Strike,D,L,R,DET,SEA,S,,,2,1,2025,0.03,0.15,0.0015825903083488378,1.9643710321963512,,,693307,2,2,Bot,,,,,,,2.3123513591014664,-128.56651291941617,-3.582166344182588,-0.3403343857432448,34.09998384130159,-29.853562361305354,3.50000117834001,1.74600390185961,,,,89.2,1738,7.5,813056,663728,647304,593871,553993,641487,668227,677594,645302,53.04,,,,,,,,15,4,Slider,0,0,0,0,0,0,0,0,Standard,Standard,37,-0.006,-0.093,,,,0.093,,0,0,0.526,0.526,28,25,28,26,1,0,10,2,3,1,2.84,-0.03,0.03,44.5,,,,,
SL,2025-10-07,88,-2.69,5.16,"Naylor, Josh",647304,656427,,foul,,,,,7,Foul,D,L,R,DET,SEA,S,,,1,2,2025,0.69,0.34,-0.3915473949978705,1.6034846526660838,,,,1,2,Top,,,,,,,4.162890980704904,-128.12651576930398,-3.2804957977703864,6.864161080252533,24.916440715011852,-27.96931634012416,3.22,1.52,69,33.5,40,88.5,2571,6.4,813056,693307,679529,650402,656716,595879,682985,678009,681481,54.06,,,,,,,,9,7,Slider,0,0,0,0,0,0,0,0,Infield shade,Standard,146,0,0,66.8,9.2,,0,88.0,0,0,0.528,0.472,29,28,30,28,1,0,5,2,3,1,2.59,-0.69,0.69,23.5,24.250905360068884,-16.26429332911066,35.54665620304745,37.70265329318856,28.986886143869484
FF,2025-10-07,98.3,-1.54,6.02,"Guerrero Jr., Vladimir",665489,670280,field_out,hit_into_play,,,,,6,"Vladimir Guerrero Jr. grounds out, third baseman José Caballero to first baseman Paul Goldschmidt.",D,R,R,NYY,TOR,X,5,ground_ball,3,2,2025,-0.84,1.41,0.36037534310954467,2.3735972891575363,,,,2,9,Top,108.24,160.8,,,,,7.130279389397402,-142.80592799809136,-7.660458068715998,-13.160558238072891,36.17328567670697,-11.201551049932393,3.67,1.68,20,98.2,-6,98.3,2376,6.6,813061,669224,502671,665862,676609,683011,641355,663757,592450,53.89,0.276,0.253,0,1,0,0,2,80,7,4-Seam Fastball,9,6,6,9,6,9,6,9,Strategic,Standard,212,0.005,-0.328,80.3,8.1,0.276,0.328,98.2,3,-3,0.995,0.0050000000000000044,30,26,31,26,1,4,5,2,1,1,0.97,0.84,0.84,45.0,5.87090931845487,-11.890249387454075,25.36538814288229,40.642473533454584,37.5686850500492
CH,2025-10-07,84.2,-2.55,5.24,"Santander, Anthony",623993,642207,,foul,,,,,13,Foul,D,L,R,NYY,TOR,S,,,0,0,2025,-1.6,-0.35,-1.0061987294665864,1.9730537029676083,,,676391,0,8,Top,,,,,,,6.831581070709582,-122.39593913615191,-0.4392776061041943,-17.474102420133857,26.040975663943154,-35.8086991801723,3.37,1.58,4,71.3,-29,84.5,2594,6.7,813061,669224,502671,665862,676609,683011,641355,663757,592450,53.76,,,,,,,,69,1,Changeup,9,6,6,9,6,9,6,9,Infield shade,Standard,282,0.006,-0.043,67.9,8.1,,0.043,88.0,3,-3,0.885,0.11499999999999999,30,30,31,31,1,3,6,3,1,1,3.59,1.6,-1.6,13.8,10.640153653610428,-22.55256495527547,17.861373663418714,46.300900689317,45.21694058490071
FF,2025-10-07,93.1,1.88,6.47,"Kirk, Alejandro",672386,607074,field_out,hit_into_play,,,,,5,"Alejandro Kirk grounds out, third baseman Ryan McMahon to first baseman Ben Rice.",D,R,L,NYY,TOR,X,5,ground_ball,3,2,2025,0.97,1.24,0.1976185970438451,2.2979983234358223,,,,1,1,Top,112.29,159.79,,,,,-6.4088700901050055,-135.35161639187248,-7.61913284412544,13.327446574011233,29.894236340894643,-15.390953639610379,3.12,1.5,3,85,-41,92.7,2361,6.1,813061,669224,700250,665862,641857,683011,641355,663757,592450,54.37,0.041,0.039,0,1,0,0,2,4,7,4-Seam Fastball,0,2,2,0,2,0,2,0,Strategic,Standard,140,0.016,-0.332,76.9,7.3,0.041,0.332,88.0,-2,2,0.328,0.6719999999999999,32,26,33,27,1,0,6,2,,1,1.39,0.97,-0.97,47.6,11.972907906204735,4.347871337946114,19.494457522654475,41.38661551826799,29.71019015905362
FF,2025-10-07,98,-1.62,6.06,"Guerrero Jr., Vladimir",665489,670280,,foul,,,,,4,Foul,D,R,R,NYY,TOR,S,,,3,2,2025,-0.71,1.5,-0.7486130256665284,2.933384641693527,,,,2,9,Top,,,,,,,4.028971436003346,-142.5069574982689,-6.4237132791581475,-10.639134795333176,34.66879173716739,-10.43480373875496,3.67,1.68,,,,98.1,2459,6.5,813061,669224,502671,665862,676609,683011,641355,663757,592450,53.96,,,,,,,,80,6,4-Seam Fastball,9,6,6,9,6,9,6,9,Strategic,Standard,213,0,0,74.1,6.7,,0,,3,-3,0.995,0.0050000000000000044,30,26,31,26,1,4,5,2,1,1,0.89,0.71,0.71,39.1,-0.9964419824613913,0.24309332025322164,30.472424313458287,24.964441553452517,29.359088530223584
CH,2025-10-07,89.7,-2.32,5.55,"Raley, Luke",670042,672456,,swinging_strike,,,,,8,Swinging Strike,D,L,R,DET,SEA,S,,,0,1,2025,-1.57,0.72,-0.12853148586807017,2.034150498815354,,,,1,8,Top,,,,,,,8.735617963766636,-130.17212232841902,-4.127526821893695,-19.75379248517905,30.257687432158683,-23.280100477753244,3.47,1.6,,,,89.2,2343,6.4,813056,693307,679529,650402,656716,595879,682985,678009,681481,54.14,,,,,,,,60,2,Changeup,1,5,5,1,5,1,5,1,Standard,Standard,226,0.001,-0.052,75.1,8.4,,0.052,,-4,4,0.04,0.96,24,30,25,31,1,0,3,3,3,1,2.15,1.57,-1.57,36.2,33.64238036792983,-39.81833681881431,35.780306536443454,38.196171651317336,50.21355505214041
SL,2025-10-07,87.6,-0.96,5.91,"Meadows, Parker",678009,669302,,ball,,,,,11,Ball,D,L,R,DET,SEA,B,,,1,1,2025,0.04,0.1,-0.8615045605553523,3.8834671718093765,,,693307,2,2,Bot,,,,,,,0.15075114391480407,-127.37835343694931,1.1944107720645738,0.39456486279766695,31.288529468262634,-31.633186640217563,3.49999986043897,1.74424297117526,,,,88.8,1696,7.5,813056,663728,647304,593871,553993,641487,668227,677594,645302,52.99,,,,,,,,15,3,Slider,0,0,0,0,0,0,0,0,Standard,Standard,76,0.003,0.054,,,,-0.054,,0,0,0.523,0.523,28,25,28,26,1,0,10,2,3,1,2.92,-0.04,0.04,45.2,,,,,
FF,2025-10-07,95.8,-2.47,5.26,"Naylor, Josh",647304,656427,,foul,,,,,2,Foul,D,L,R,DET,SEA,S,,,1,2,2025,-0.54,1.3,-0.14216907874123885,3.1473396610569,,,,1,2,Top,,,,,,,7.393474242980952,-139.34457872086995,-2.8914058769690114,-8.766888327933495,33.42155174843166,-14.845966074008112,3.22,1.52,212,73.9,46,95.9,2268,6.5,813056,693307,679529,650402,656716,595879,682985,678009,681481,53.97,,,,,,,,9,6,4-Seam Fastball,0,0,0,0,0,0,0,0,Infield shade,Standard,213,0,0,70.6,8.0,,0,88.0,0,0,0.528,0.472,29,28,30,28,1,0,5,2,3,1,1.2,0.54,-0.54,26.3,9.54204672922039,-16.541035432714736,30.305348063573753,35.04448649857447,24.149615355097215
FF,2025-10-07,99.4,-3.1,5.33,"Chisholm Jr., Jazz",665862,686973,home_run,hit_into_play,,,,,8,Jazz Chisholm Jr. homers (1) on a fly ball to right field.,D,L,R,NYY,TOR,X,,fly_ball,1,1,2025,-0.43,1.23,0.13785403062115753,2.229481270061312,,,,1,5,Bot,215.26,59,,,,,9.932791833186945,-144.30923387886725,-5.934868245636658,-8.515514422070952,37.04819182694692,-13.749537517327962,3.72,1.74,409,109.3,24,99.6,2225,6.8,813061,672386,665489,676391,680718,665926,676914,662139,623993,53.75,0.924,1.827342105263158,2,1,0,3,6,50,3,4-Seam Fastball,6,6,6,6,6,7,7,6,Infield shade,Standard,223,0.151,1.593,75.8,7.8,3.585,-1.593,109.3,0,0,0.536,0.536,27,27,28,27,1,2,2,2,1,1,1.11,0.43,-0.43,35.1,16.026894653676287,0.9209204401871959,37.97788897723852,32.646751562048216,30.787988558625063
CH,2025-10-07,84.2,-2.63,5.16,"Clement, Ernie",676391,642207,single,hit_into_play,,,,,5,Ernie Clement singles on a ground ball to left fielder Cody Bellinger.,D,R,R,NYY,TOR,X,7,ground_ball,2,1,2025,-1.47,-0.24,-0.11076864443071299,2.2086675943177565,,,,0,8,Top,78.85,111.14,,,,,8.8103089423996,-122.28082669720496,0.1055060366266618,-16.547022568348936,27.185792721300782,-34.79535197474811,3.34,1.55,82,92.8,3,84.1,2577,6.7,813061,669224,502671,665862,676609,683011,641355,663757,592450,53.85,0.458,0.422,0.9,1,1,0,4,68,4,Changeup,9,6,6,9,6,9,6,9,Standard,Standard,282,-0.039,0.392,70.8,7.2,0.516,-0.392,92.8,3,-3,0.924,0.07599999999999996,30,29,31,29,1,3,6,2,1,1,3.5,1.47,1.47,12.8,7.259848344956507,-6.068266190168263,27.661772952350802,36.46027146572055,39.247845002815836
SL,2025-10-07,84.7,-1.6,5.79,"Volpe, Anthony",683011,669456,,ball,,,,,12,Ball,D,R,R,NYY,TOR,B,,,0,0,2025,0.29,0.08,0.9599127880586131,2.7122356061260744,,,,1,2,Bot,,,,,,,5.422328139402232,-123.22809364537666,-0.9392329056847936,1.7979019853512328,26.720295791972443,-31.432427199710364,3.38336508522446,1.52866858862991,,,,84.9,2625,6.6,813061,672386,665489,643396,676391,665926,676914,662139,623993,53.88,,,,,,,,18,1,Slider,1,2,1,2,2,1,1,2,Standard,Standard,47,0.003,0.039,,,,-0.039,,-1,-1,0.418,0.418,30,24,30,24,1,0,11,2,8,1,3.13,-0.29,-0.29,39.8,,,,,
FF,2025-10-07,93.6,2,6.35,"Kirk, Alejandro",672386,607074,,ball,,,,,13,Ball,D,R,L,NYY,TOR,B,,,2,2,2025,1,1.25,-0.9564465543173786,-0.056804043927993764,,,,1,1,Top,,,,,,,-9.775285804813409,-135.43106003962203,-13.409829912251347,14.526360055010324,30.31190980315412,-13.821950994492417,3.119997814451,1.4975619898599,,,,92.8,2328,6.2,813061,669224,700250,665862,641857,683011,641355,663757,592450,54.32,,,,,,,,4,6,4-Seam Fastball,0,2,2,0,2,0,2,0,Strategic,Standard,142,-0.005,0.104,,,,-0.104,,-2,2,0.333,0.667,32,26,33,27,1,0,6,2,,1,1.38,1,-1,48.0,,,,,
FF,2025-10-07,97.9,-1.53,6.01,"Guerrero Jr., Vladimir",665489,670280,,foul_tip,,,,,6,Foul Tip,D,R,R,NYY,TOR,S,,,3,1,2025,-0.43,1.65,0.7068821869940392,2.8125154882255465,,,,2,9,Top,,,,,,,7.0511434839048315,-142.22355502525932,-6.920332687913312,-7.483422920884759,34.55764245405256,-8.365317446923399,3.67,1.68,,,,97.9,2603,6.5,813061,669224,502671,665862,676609,683011,641355,663757,592450,53.99,,,,,,,,80,5,4-Seam Fastball,9,6,6,9,6,9,6,9,Strategic,Standard,210,0.002,-0.086,83.1,7.7,,0.086,,3,-3,0.993,0.007000000000000006,30,26,31,26,1,4,5,2,1,1,0.75,0.43,0.43,40.3,-3.712189366050998,-0.5029795554190388,23.126780069076325,42.87501693070216,29.004779315573188
KC,2025-10-07,80,-2.15,5.83,"Raley, Luke",670042,672456,,called_strike,,,,,2,Called Strike,D,L,R,DET,SEA,S,,,0,0,2025,1.45,-0.72,-0.22767104829398455,3.2602249384798614,,,,1,8,Top,,,,,,,1.4978122351644032,-116.32920163652268,2.5596933195443308,12.531440427692772,27.187490189332205,-39.43594234452701,3.36774548474759,1.43974965995598,,,,78.9,3068,6.1,813056,693307,679529,650402,656716,595879,682985,678009,681481,54.36,,,,,,,,60,1,Knuckle Curve,1,5,5,1,5,1,5,1,Standard,Standard,45,0,-0.039,,,,0.039,,-4,4,0.04,0.96,24,30,25,31,1,0,3,3,3,1,4.36,-1.45,1.45,43.5,,,,,
SL,2025-10-07,88.7,-0.96,5.81,"Meadows, Parker",678009,669302,,swinging_strike,,,,,14,Swinging Strike,D,L,R,DET,SEA,S,,,1,0,2025,0.06,-0.05,0.41955474343910115,1.141469933301464,,,693307,2,2,Bot,,,,,,,3.3158100730664266,-128.9708363234626,-5.227011859279818,-0.14542193850504143,31.560918997117383,-31.71104808053277,3.5,1.71,,,,89.8,1807,7.4,813056,663728,647304,593871,553993,641487,668227,677594,645302,53.08,,,,,,,,15,2,Slider,0,0,0,0,0,0,0,0,Standard,Standard,92,-0.003,-0.05,68.9,8.3,,0.05,,0,0,0.526,0.526,28,25,28,26,1,0,10,2,3,1,3,-0.06,0.06,51.5,20.751846367716883,-24.770072438449915,37.39883533366744,31.806334127012946,49.18648913592743
SI,2025-10-07,93.1,2.25,5.64,"Ibáñez, Andy",628451,657571,single,hit_into_play,,,,,5,Andy Ibáñez singles on a line drive to right fielder Victor Robles. Spencer Torkelson scores.,D,R,L,DET,SEA,X,9,line_drive,3,1,2025,1.31,0.74,-0.18385766988538377,2.164606523210856,,679529,,0,9,Bot,182.29,101.25,,,,,-9.145098042715205,-135.2059733542026,-4.682171581254859,18.14851641901028,32.87816849040268,-22.24905898899213,3.15,1.5,151,97,5,92.7,2301,6.5,813056,663728,647304,593871,553993,641487,668227,677594,645302,54.05,0.532,0.493,0.9,1,1,0,4,75,5,Sinker,3,8,3,8,8,4,4,8,Standard,Standard,150,0.013,0.38,66.4,6.1,0.604,-0.38,97.0,-5,-5,0.03,0.03,28,32,29,32,1,0,3,9,8,,1.93,1.31,-1.31,45.6,-5.08354091421484,9.757550844867316,33.863344953189184,32.057531519868135,22.888456690093697
KC,2025-10-07,80.4,-2.69,5,"Naylor, Josh",647304,656427,,foul,,,,,13,Foul,D,L,R,DET,SEA,S,,,1,2,2025,1.06,-0.71,-0.502232139353254,0.9217951992244311,,,,1,2,Top,,,,,,,2.831449796093997,-117.0577946846297,-0.9925867180899326,9.176636025837402,23.060492860319016,-38.7429525817045,3.22,1.52,1,47.3,-58,80.3,2474,6.3,813056,693307,679529,650402,656716,595879,682985,678009,681481,54.2,,,,,,,,9,5,Knuckle Curve,0,0,0,0,0,0,0,0,Infield shade,Standard,52,0,0,64.9,9.1,,0,88.0,0,0,0.528,0.472,29,28,30,28,1,0,5,2,3,1,4.25,-1.06,1.06,23.4,20.295920069922776,-26.48903606755616,35.68555612757989,39.079630129715504,35.48300446284859
FC,2025-10-07,90.6,3.5,5.75,"Grisham, Trent",663757,689254,walk,ball,,,,,12,Trent Grisham walks.,D,L,L,NYY,TOR,B,,,3,1,2025,-0.49,0.82,0.13919407778244997,3.7475009669410824,,669224,,1,4,Bot,,,,,,,-7.397604048953713,-131.87647352741138,-0.8379718309043631,-4.26432348650784,26.59818704443303,-22.643168216402632,3.62000118576575,1.72167128122661,,,,91.6,2724,6.7,813061,672386,665489,676391,680718,665926,676914,662139,623993,53.77,,0.691497,0.7,1,0,0,,41,5,Cutter,3,6,3,6,6,3,3,6,Standard,Standard,177,0.019,0.144,,,,-0.144,,-3,-3,0.246,0.246,23,28,24,29,1,2,2,2,1,1,1.95,-0.49,-0.49,32.9,,,,,
FF,2025-10-07,92.1,-1.56,5.78,"McMahon, Ryan",641857,669456,field_out,hit_into_play,,,,,8,Ryan McMahon flies out sharply to center fielder Daulton Varsho.,D,L,R,NYY,TOR,X,8,fly_ball,0,0,2025,-0.77,1.35,0.16785374362658856,1.9885798120117775,,,,0,2,Bot,92.33,47.82,,,,,6.076722026755251,-133.94893096452782,-6.761227820642368,-10.585101889694602,28.28805017080353,-14.619889085241443,3.55,1.67,382,104.4,33,92.4,2395,6.4,813061,672386,665489,643396,676391,665926,676914,662139,623993,54.08,0.606,1.2106976744186047,0,1,0,0,6,17,1,4-Seam Fastball,1,2,1,2,2,1,1,2,Standard,Standard,219,-0.025,-0.259,78.4,7.5,2.389,0.259,104.4,-1,-1,0.443,0.443,30,30,30,31,1,0,11,2,8,1,1.33,0.77,-0.77,45.2,14.311162763102027,7.019519238892834,42.66836455525122,38.224463637843186,27.68395625862822
CH,2025-10-07,95.1,-2.9,5.38,"Chisholm Jr., Jazz",665862,686973,,foul,,,,,14,Foul,D,L,R,NYY,TOR,S,,,1,0,2025,-0.81,0.18,0.42442378200415265,1.070493336353794,,,,1,5,Bot,,,,,,,10.581639418606624,-138.06690428079378,-6.040587796273218,-12.793003187948138,32.04703364613102,-28.618299654690965,3.72,1.74,,,,95.4,1595,6.7,813061,672386,665489,676391,680718,665926,676914,662139,623993,53.8,,,,,,,,50,2,Changeup,6,6,6,6,6,6,6,6,Infield shade,Standard,226,-0.004,-0.049,75.4,7.9,,0.049,,0,0,0.54,0.54,27,27,28,27,1,2,2,2,1,1,2.36,0.81,-0.81,35.8,13.298284004159402,-1.0382746315154974,42.30650284200233,29.21005834288563,31.055564613280637
FF,2025-10-07,95.7,-2.35,5.5,"Clement, Ernie",676391,642207,,ball,,,,,12,Ball,D,R,R,NYY,TOR,B,,,1,1,2025,-1.02,1.46,2.6118896653089116,2.969178810085709,,,,0,8,Top,,,,,,,15.563490054249353,-138.43954169159272,-4.321180675442419,-16.793304824973724,33.14518193366778,-12.507159291315883,3.3932092891667,1.63871858899549,,,,96.3,2433,7.1,813061,669224,502671,665862,676609,683011,641355,663757,592450,53.39,,,,,,,,68,3,4-Seam Fastball,9,6,6,9,6,9,6,9,Standard,Standard,228,-0.005,0.055,,,,-0.055,,3,-3,0.929,0.07099999999999995,30,29,31,29,1,3,6,2,1,1,1.07,1.02,1.02,27.3,,,,,
CH,2025-10-07,84.9,2.2,6.26,"Kirk, Alejandro",672386,607074,,foul,,,,,8,Foul,D,R,L,NYY,TOR,S,,,2,2,2025,1.14,0.44,-0.16729104395396033,1.609812569029509,,,,1,1,Top,,,,,,,-7.760971304804338,-123.30872343053011,-5.395503797675346,13.15747974400504,24.46361082906036,-26.791808607867434,3.12,1.5,3,80.9,-28,84.4,1620,6.1,813061,669224,700250,665862,641857,683011,641355,663757,592450,54.41,,,,,,,,4,5,Changeup,0,2,2,0,2,0,2,0,Strategic,Standard,141,0,0,81.6,8.3,,0,88.0,-2,2,0.333,0.667,32,26,33,27,1,0,6,2,,1,2.73,1.14,-1.14,42.9,29.21928380879663,-18.06750729913572,21.902796676109688,37.41654397405449,45.36823163688941
FF,2025-10-07,94.8,-2.52,5.98,"Guerrero Jr., Vladimir",665489,518585,single,hit_into_play,,,,,4,Vladimir Guerrero Jr. singles on a sharp ground ball to left fielder Cody Bellinger.,D,R,R,NYY,TOR,X,7,ground_ball,1,0,2025,-0.52,1.25,-0.410306649222842,2.7058005695884564,,,,2,4,Top,86.45,111.65,,,,,6.699789055395981,-137.8556566444117,-5.6972103794558,-8.096252307190024,31.827049785863224,-15.145067885039854,3.67,1.68,10,107.1,-15,95.1,2268,6.6,813061,669224,700250,665862,642708,683011,641355,663757,592450,53.89,0.199,0.184,0.9,1,1,0,2,37,2,4-Seam Fastball,3,6,6,3,6,3,6,3,Strategic,Standard,214,-0.006,0.288,79.5,7.4,0.199,-0.288,107.1,-3,3,0.208,0.792,35,26,35,26,1,2,3,2,,1,1.3,0.52,0.52,40.1,0.2929823491524963,-5.386574237204102,27.682828946195688,31.94664320064355,34.25105024970774
FF,2025-10-07,94.2,-2.49,5.44,"Clement, Ernie",676391,642207,,called_strike,,,,,5,Called Strike,D,R,R,NYY,TOR,S,,,1,0,2025,-1.21,1.39,-0.0191026725401211,2.4439563184562045,,,,0,8,Top,,,,,,,9.288512638721956,-136.74788985308663,-5.205674140383126,-17.331044415738404,32.28984486181775,-13.789099999894255,3.33999946581676,1.50588817223402,,,,95.7,2318,7.4,813061,669224,502671,665862,676609,683011,641355,663757,592450,53.06,,,,,,,,68,2,4-Seam Fastball,9,6,6,9,6,9,6,9,Standard,Standard,233,0.005,-0.05,,,,0.05,,3,-3,0.924,0.07599999999999996,30,29,31,29,1,3,6,2,1,1,1.21,1.21,1.21,22.4,,,,,
FC,2025-10-07,90.5,3.63,5.76,"Grisham, Trent",663757,689254,,ball,,,,,12,Ball,D,L,L,NYY,TOR,B,,,2,1,2025,-0.33,0.85,1.5823329231780454,4.540043294297931,,669224,,1,4,Bot,,,,,,,-4.465876320824379,-131.70706677672592,1.093501766559533,-2.8404357539312373,27.875958705263507,-22.745143421347866,3.62000050626448,1.71092405650965,,,,91.4,2636,6.8,813061,672386,665489,676391,680718,665926,676914,662139,623993,53.68,,,,,,,,41,4,Cutter,3,6,3,6,6,3,3,6,Standard,Standard,169,0.009,0.071,,,,-0.071,,-3,-3,0.237,0.237,23,28,24,29,1,2,2,2,1,1,1.93,-0.33,-0.33,30.3,,,,,
SI,2025-10-07,94.4,-2.38,5.7,"Suárez, Eugenio",553993,672456,field_out,hit_into_play,,,,,6,"Eugenio Suárez grounds out, shortstop Javier Báez to first baseman Spencer Torkelson.",D,R,R,DET,SEA,X,6,ground_ball,1,1,2025,-1.49,0.97,0.6043281989943554,2.313205300209775,,,,0,8,Top,112.43,154.9,,,,,11.005712725119828,-136.92205287982432,-5.213237022663161,-21.19287733861338,31.819545002121014,-18.947538448584396,3.48,1.6,3,82.3,-36,93.7,2355,6.2,813056,693307,679529,650402,656716,595879,682985,678009,681481,54.31,0.043,0.043,0,1,0,0,2,59,3,Sinker,1,5,5,1,5,1,5,1,Standard,Standard,213,0.004,-0.251,71.9,7.8,0.043,0.251,88.0,-4,4,0.036,0.964,24,33,25,34,1,3,3,2,3,1,1.61,1.49,1.49,37.9,15.464690661104468,8.67563636998124,33.730172099179136,40.38488143414743,25.21819902626153
SL,2025-10-07,87.1,-1.08,5.87,"Meadows, Parker",678009,669302,,ball,,,,,4,Ball,D,L,R,DET,SEA,B,,,0,0,2025,0.1,0.21,-0.7255605097082627,2.823808216867255,,,693307,2,2,Bot,,,,,,,0.6677426744026999,-126.77403768649526,-1.5336795743294391,0.8984939427249561,28.12933342406977,-29.833493017670317,3.5272720904389,1.52974218384036,,,,88.5,1651,7.4,813056,663728,647304,593871,553993,641487,668227,677594,645302,53.15,,,,,,,,15,1,Slider,0,0,0,0,0,0,0,0,Standard,Standard,155,0.002,0.035,,,,-0.035,,0,0,0.524,0.524,28,25,28,26,1,0,10,2,3,1,2.82,-0.1,0.1,43.2,,,,,
FC,2025-10-07,87.2,2.4,5.61,"Ibáñez, Andy",628451,657571,,ball,,,,,12,Ball,D,R,L,DET,SEA,B,,,2,1,2025,-0.4,0.23,0.9422818269814957,4.068991235519107,,679529,,0,9,Bot,,,,,,,-2.6811790521598913,-127.09653226120204,1.9435340667453598,-3.87644301189236,24.70828423736238,-30.256098452084935,3.03641168687396,1.40722633446617,,,,87.6,2607,6.3,813056,663728,647304,593871,553993,641487,668227,677594,645302,54.17,,,,,,,,75,4,Cutter,3,8,3,8,8,3,3,8,Standard,Standard,210,0.007,0.115,,,,-0.115,,-5,-5,0.023,0.023,28,32,29,32,1,0,3,9,8,,2.75,-0.4,0.4,43.3,,,,,
SL,2025-10-07,86.6,-2.7,5.19,"Naylor, Josh",647304,656427,,foul,,,,,9,Foul,D,L,R,DET,SEA,S,,,1,2,2025,0.62,0.28,0.4704809799194998,1.536653475875808,,,,1,2,Top,,,,,,,6.336118159628716,-126.06369266857072,-3.1273403499063774,5.368808778791463,24.558032324569357,-28.81599442482528,3.22,1.52,12,80.4,-7,87.1,2527,6.5,813056,693307,679529,650402,656716,595879,682985,678009,681481,53.99,,,,,,,,9,4,Slider,0,0,0,0,0,0,0,0,Infield shade,Standard,136,0,0,68.3,8.2,,0,88.0,0,0,0.528,0.472,29,28,30,28,1,0,5,2,3,1,2.75,-0.62,0.62,25.1,11.448625076835473,-12.294152744134367,42.04781957630848,26.363248935849185,24.78967472646405
KC,2025-10-07,90.4,-2.8,5.45,"Chisholm Jr., Jazz",665862,686973,,ball,,,,,14,Ball,D,L,R,NYY,TOR,B,,,0,0,2025,0.4,-0.37,1.2296663311607543,0.19916358343323326,,,,1,5,Bot,,,,,,,9.256792997728569,-131.1412428751315,-6.287742326487268,2.3560659826496764,30.978576021621016,-35.09043050177626,3.71999796834262,1.80588061522628,,,,90.6,2603,6.9,813061,672386,665489,676391,680718,665926,676914,662139,623993,53.64,,,,,,,,50,1,Knuckle Curve,6,6,6,6,6,6,6,6,Infield shade,Standard,29,0.003,0.039,,,,-0.039,,0,0,0.537,0.537,27,27,28,27,1,2,2,2,1,1,3.2,-0.4,0.4,38.7,,,,,
FF,2025-10-07,94,-1.6,5.7,"Chisholm Jr., Jazz",665862,669456,field_out,hit_into_play,,,,,7,Jazz Chisholm Jr. flies out to left fielder Davis Schneider.,D,L,R,NYY,TOR,X,7,fly_ball,3,2,2025,-0.83,1.24,-0.7677057894925275,1.8237927626027548,,700250,519317,2,1,Bot,76.31,119.76,,,,,4.037248832708612,-136.66967930585815,-7.081505649907063,-11.341303303447607,32.454553541974555,-15.226254334144,3.72,1.74,247,87.7,50,94.3,2367,6.7,813061,672386,665489,643396,676391,665926,676914,662139,623993,53.82,0.008,0.008,0,1,0,0,3,11,6,4-Seam Fastball,1,2,1,2,2,1,1,2,Standard,Standard,218,-0.05,-0.282,66.9,8.0,0.013,0.282,88.0,-1,-1,0.447,0.447,30,27,30,27,1,0,11,2,8,1,1.36,0.83,-0.83,40.8,13.326196118508639,6.8390640326633045,35.95084126805157,40.435088778012336,26.46546814635679
FF,2025-10-07,98.2,-1.74,5.9,"Guerrero Jr., Vladimir",665489,670280,,called_strike,,,,,5,Called Strike,D,R,R,NYY,TOR,S,,,3,0,2025,-0.61,1.56,-0.05709530025813869,2.745969831619463,,,,2,9,Top,,,,,,,5.994523131240903,-142.75078660653568,-6.678715272779828,-9.762077252509378,33.98050166750129,-9.434958773667697,3.66999947392017,1.67270123545712,,,,98.4,2500,6.6,813061,669224,502671,665862,676609,683011,641355,663757,592450,53.94,,,,,,,,80,4,4-Seam Fastball,9,6,6,9,6,9,6,9,Strategic,Standard,218,0.002,-0.07,,,,0.07,,3,-3,0.991,0.009000000000000008,30,26,31,26,1,4,5,2,1,1,0.81,0.61,0.61,35.8,,,,,
SL,2025-10-07,89.5,-1.43,6.11,"Stanton, Giancarlo",519317,667297,field_out,hit_into_play,,,,,6,Giancarlo Stanton pops out to second baseman Ernie Clement.,D,R,R,NYY,TOR,X,4,popup,0,0,2025,0.05,0.02,0.6263625450680247,2.7763162180654515,669224,641355,676609,2,8,Bot,137.12,167.9,,,,,4.936012844247953,-130.23886182444318,-2.1761549455125815,-0.6606496247381948,31.101682349511005,-31.68852532880631,3.8,1.84,82,71.4,70,88.4,2984,5.9,813061,672386,665489,676391,680718,665926,664770,662139,623993,54.59,0.001,0,0,1,0,0,3,77,1,Slider,9,6,9,6,6,9,9,6,Standard,Standard,54,-0.009,-0.257,80.8,9.1,0.001,0.257,88.0,3,3,0.975,0.975,34,35,34,36,1,4,2,2,,1,2.86,-0.05,-0.05,39.4,17.431598473185154,-8.978462187843808,23.931962835373167,50.565027711515825,29.378398716604114
FF,2025-10-07,95,-2.39,5.96,"Guerrero Jr., Vladimir",665489,518585,,ball,,,,,14,Ball,D,R,R,NYY,TOR,B,,,0,0,2025,-0.45,1.38,0.19316658069393755,0.1969744900228687,,,,2,4,Top,,,,,,,7.802183260232483,-137.6051729299912,-12.511400635663831,-7.513029402423362,33.49929531907429,-11.837652117101644,3.66999806662721,1.6948264723318,,,,95.1,2332,6.8,813061,669224,700250,665862,642708,683011,641355,663757,592450,53.67,,,,,,,,37,1,4-Seam Fastball,3,6,6,3,6,3,6,3,Strategic,Standard,218,-0.001,0.037,,,,-0.037,,-3,3,0.209,0.791,35,26,35,26,1,2,3,2,,1,1.19,0.45,0.45,43.1,,,,,
FF,2025-10-07,92.8,2.01,6.41,"Kirk, Alejandro",672386,607074,,foul,,,,,4,Foul,D,R,L,NYY,TOR,S,,,2,1,2025,0.71,1.59,-0.5450609662262288,2.2299716334452198,,,,1,1,Top,,,,,,,-8.048290509356713,-134.759542169998,-8.31455377758609,10.382104221998112,29.499834604447805,-11.168471383315133,3.12,1.5,155,60.9,39,92.4,2259,6.2,813061,669224,700250,665862,641857,683011,641355,663757,592450,54.33,,,,,,,,4,4,4-Seam Fastball,0,2,2,0,2,0,2,0,Strategic,Standard,139,0.004,-0.07,76.1,7.2,,0.07,88.0,-2,2,0.329,0.671,32,26,33,27,1,0,6,2,,1,1.07,0.71,-0.71,48.1,5.012062072731788,5.026164710276643,27.610682941963663,31.487054462031907,28.7590033979715
KC,2025-10-07,83.8,-1.59,5.77,"Chisholm Jr., Jazz",665862,669456,,called_strike,,,,,2,Called Strike,D,L,R,NYY,TOR,S,,,3,1,2025,0.57,-0.88,-0.22038478954345853,3.0382807839951367,,700250,519317,2,1,Bot,,,,,,,2.031612661702278,-122.01546807577667,1.8683441661799862,5.278613073264809,24.968705771801314,-41.57992009545463,3.57041256522207,1.74593762601335,,,,84,2422,6.5,813061,672386,665489,643396,676391,665926,676914,662139,623993,54.04,,,,,,,,11,5,Knuckle Curve,1,2,1,2,2,1,1,2,Infield shade,Standard,40,-0.008,-0.11,,,,0.11,,-1,-1,0.455,0.455,30,27,30,27,1,0,11,2,8,1,4.14,-0.57,0.57,42.1,,,,,
FS,2025-10-07,82.5,-2.09,6.12,"Schneider, Davis",676914,518585,strikeout,swinging_strike,,,,,7,Davis Schneider strikes out swinging.,D,R,R,NYY,TOR,S,2,,1,2,2025,-0.63,0.12,-0.484734210441618,1.8286341805369974,,,,1,4,Top,,,,,,,4.9205418460853485,-120.04461645547129,-3.454547935296521,-7.057660524636151,24.653732328101157,-30.554747697207503,3.1,1.52,,,,83,716,6.7,813061,669224,700250,665862,642708,683011,641355,663757,592450,53.76,,0,0,1,0,0,,36,5,Split-Finger,3,6,6,3,6,3,6,3,Infield shade,Standard,244,0.007,-0.18,64.4,8.4,,0.18,,-3,3,0.202,0.798,35,26,35,26,1,2,3,2,,5,3.25,0.63,0.63,51.8,34.62841028500327,-74.10763431095634,32.95086072231498,26.26485464790308,67.06374729676807
FF,2025-10-07,94.8,-2.46,5.6,"Clement, Ernie",676391,642207,,ball,,,,,12,Ball,D,R,R,NYY,TOR,B,,,0,0,2025,-1.1,1.47,0.3900202782062463,3.9982350611457136,,,,0,8,Top,,,,,,,10.072114485576105,-137.63891044524428,-1.7322436411146565,-16.318130916843174,34.20122396630668,-13.46483275587313,3.33999890998525,1.48489434909272,,,,95.8,2405,7.3,813061,669224,502671,665862,676609,683011,641355,663757,592450,53.24,,,,,,,,68,1,4-Seam Fastball,9,6,6,9,6,9,6,9,Standard,Standard,230,-0.004,0.041,,,,-0.041,,3,-3,0.928,0.07199999999999995,30,29,31,29,1,3,6,2,1,1,1.1,1.1,1.1,26.1,,,,,
SI,2025-10-07,95.2,-2.04,5.72,"Suárez, Eugenio",553993,672456,,ball,,,,,11,Ball,D,R,R,DET,SEA,B,,,0,1,2025,-1.39,1.25,-1.236327563603296,2.958358705873472,,,,0,8,Top,,,,,,,5.256821479300485,-138.4947274281003,-4.3482276874007,-19.108304188207565,34.5596980116242,-15.383055548130447,3.38681199171645,1.59649099880554,,,,94.8,2392,6.3,813056,693307,679529,650402,656716,595879,682985,678009,681481,54.19,,,,,,,,59,2,Sinker,1,5,5,1,5,1,5,1,Standard,Standard,210,-0.001,0.031,,,,-0.031,,-4,4,0.037,0.963,24,33,25,34,1,3,3,2,3,1,1.29,1.39,1.39,41.2,,,,,
CU,2025-10-07,81.1,-0.7,5.72,"Dingler, Dillon",693307,669302,single,hit_into_play,,,,,5,Dillon Dingler singles on a sharp ground ball to left fielder Randy Arozarena.,D,R,R,DET,SEA,X,7,ground_ball,1,1,2025,1.28,-0.51,0.11483584243557132,2.311719625700933,,,,2,2,Bot,98.67,89.34,,,,,-0.6485692075338552,-118.16715070840415,0.006089158733205036,12.085730266706916,23.704257844682584,-37.13504010093378,3.4,1.53,151,105.4,8,82.7,2330,7.4,813056,663728,647304,593871,553993,641487,668227,677594,645302,53.13,0.724,0.676,0.9,1,1,0,4,14,3,Curveball,0,0,0,0,0,0,0,0,Infield shade,Standard,42,0.014,0.342,70.8,7.3,0.837,-0.342,105.4,0,0,0.51,0.51,28,26,28,27,1,0,10,2,3,1,3.98,-1.28,-1.28,41.4,8.242601453500333,3.8338705466540763,40.69965072635179,37.4422186122572,24.534074500120763
FF,2025-10-07,93.4,2.27,5.75,"Ibáñez, Andy",628451,657571,,ball,,,,,12,Ball,D,R,L,DET,SEA,B,,,1,1,2025,0.53,1.35,0.7008073060533899,3.3710738499379205,,679529,,0,9,Bot,,,,,,,-5.219261582061198,-135.85902028558186,-3.291356017353606,7.7953486946487525,32.55694456885325,-15.007279312468505,3.0710296545603,1.38747891439468,,,,93,2245,6.3,813056,663728,647304,593871,553993,641487,668227,677594,645302,54.23,,,,,,,,75,3,4-Seam Fastball,3,8,3,8,8,3,3,8,Standard,Standard,148,0.003,0.045,,,,-0.045,,-5,-5,0.02,0.02,28,32,29,32,1,0,3,9,8,,1.29,0.53,-0.53,43.8,,,,,
FF,2025-10-07,94.4,-2.65,5.36,"Naylor, Josh",647304,656427,,called_strike,,,,,9,Called Strike,D,L,R,DET,SEA,S,,,1,1,2025,-0.68,1.39,0.27917382962816206,1.578710474997271,,,,1,2,Top,,,,,,,9.154138844385802,-137.08303058219641,-7.271934335433517,-10.560387072721513,29.77596925427386,-13.13153059718522,3.21999885777848,1.38844544571947,,,,94.7,2400,6.5,813056,693307,679529,650402,656716,595879,682985,678009,681481,53.95,,,,,,,,9,3,4-Seam Fastball,0,0,0,0,0,0,0,0,Infield shade,Standard,214,0.004,-0.064,,,,0.064,,0,0,0.524,0.476,29,28,30,28,1,0,5,2,3,1,1.17,0.68,-0.68,28.2,,,,,
KC,2025-10-07,89.8,-3.07,5.56,"Stanton, Giancarlo",519317,686973,strikeout,swinging_strike,,,,,14,Giancarlo Stanton strikes out swinging.,D,R,R,NYY,TOR,S,2,,3,2,2025,0.31,-0.21,0.4285906485077117,1.3350125438465126,,,,0,5,Bot,,,,,,,8.100851385865914,-130.63981865180995,-4.079774593419797,1.8963693451428243,26.923477425039383,-33.95355589089194,3.8,1.84,,,,90.9,2533,6.9,813061,672386,665489,676391,680718,665926,676914,662139,623993,53.6,,0,0,1,0,0,,49,6,Knuckle Curve,6,6,6,6,6,6,6,6,Standard,Standard,43,-0.037,-0.345,82.7,9.9,,0.345,,0,0,0.574,0.574,27,35,28,36,1,2,2,2,1,1,3.04,-0.31,-0.31,42.7,17.38656752319344,-16.18066818646754,29.331039164419792,49.03118964561681,34.41331012515095
FF,2025-10-07,93,1.97,6.44,"Kirk, Alejandro",672386,607074,,ball,,,,,11,Ball,D,R,L,NYY,TOR,B,,,1,1,2025,0.84,1.54,-0.9490792290487863,2.843676702394874,,,,1,1,Top,,,,,,,-9.286122968339892,-134.99560454601078,-6.74152211576847,12.35683923027392,30.443023495430943,-12.040919627877463,3.12000066014831,1.47354615408872,,,,92.4,2322,6.1,813061,669224,700250,665862,641857,683011,641355,663757,592450,54.38,,,,,,,,4,3,4-Seam Fastball,0,2,2,0,2,0,2,0,Strategic,Standard,146,-0.003,0.055,,,,-0.055,,-2,2,0.332,0.6679999999999999,32,26,33,27,1,0,6,2,,1,1.12,0.84,-0.84,46.5,,,,,
SI,2025-10-07,96,-0.98,6.21,"Caballero, José",676609,667297,single,hit_into_play,,,,,5,José Caballero singles on a ground ball to right fielder Anthony Santander. Austin Wells to 3rd. Cody Bellinger to 2nd.,D,R,R,NYY,TOR,X,9,ground_ball,2,2,2025,-1.6,0.73,-0.17775312461042514,2.582938730241877,,669224,641355,2,8,Bot,166.51,115.7,,,,,5.731742283590266,-139.51196069741192,-5.533295541201927,-22.18639359621077,35.79945923523429,-21.590364929203027,3.21,1.48,20,91,-7,95,2397,6.1,813061,672386,665489,676391,680718,665926,664770,662139,623993,54.42,0.193,0.178,0.9,1,1,0,2,76,5,Sinker,9,6,9,6,6,9,9,6,Standard,Strategic,225,0.005,0.621,57.9,5.8,0.215,-0.621,91.0,3,3,0.97,0.97,34,28,34,29,1,0,2,3,,,1.78,1.6,1.6,42.3,7.854527334277858,30.300628357979782,28.750559866766977,33.10748124997414,24.157720958363768
CU,2025-10-07,77.5,-1.87,6.01,"Guerrero Jr., Vladimir",665489,670280,,ball,,,,,1,Ball,D,R,R,NYY,TOR,B,,,2,0,2025,0.66,-0.39,-0.41292120481236916,3.6385485845773866,,,,2,9,Top,,,,,,,1.8993788053116816,-112.75665365782103,2.5912488119588013,5.290089385310369,21.195384988796953,-36.18401570704437,3.52104796604132,1.76456539733127,,,,77.1,2427,6.1,813061,669224,502671,665862,676609,683011,641355,663757,592450,54.44,,,,,,,,80,3,Curveball,9,6,6,9,6,9,6,9,Strategic,Standard,55,-0.003,0.121,,,,-0.121,,3,-3,0.994,0.006000000000000005,30,26,31,26,1,4,5,2,1,1,4.19,-0.66,-0.66,36.9,,,,,
FC,2025-10-07,91.6,3.56,5.78,"Grisham, Trent",663757,689254,,ball,,,,,12,Ball,D,L,L,NYY,TOR,B,,,1,1,2025,-0.3,1.09,0.43511321971231953,4.047967112638263,,669224,,1,4,Bot,,,,,,,-7.303865089057538,-133.22252203531193,-0.8876206022854016,-2.051013214464837,27.839496130260468,-19.132415323770577,3.62000125018946,1.76960865880741,,,,92.6,2741,6.8,813061,672386,665489,676391,680718,665926,676914,662139,623993,53.68,,,,,,,,41,3,Cutter,3,6,3,6,6,3,3,6,Standard,Standard,172,0.005,0.03,,,,-0.03,,-3,-3,0.232,0.232,23,28,24,29,1,2,2,2,1,1,1.62,-0.3,-0.3,32.1,,,,,
FF,2025-10-07,97.5,-1.47,6.04,"Guerrero Jr., Vladimir",665489,670280,,ball,,,,,14,Ball,D,R,R,NYY,TOR,B,,,1,0,2025,-0.63,1.66,1.5922066634622487,1.0916185216733851,,,,2,9,Top,,,,,,,9.698626682652744,-141.25295908240247,-11.57799129302863,-10.70441008078308,33.05399123864999,-7.419926235239023,3.67000093612691,1.73201589906878,,,,97.5,2447,6.6,813061,669224,502671,665862,676609,683011,641355,663757,592450,53.89,,,,,,,,80,2,4-Seam Fastball,9,6,6,9,6,9,6,9,Strategic,Standard,213,-0.001,0.065,,,,-0.065,,3,-3,0.995,0.0050000000000000044,30,26,31,26,1,4,5,2,1,1,0.77,0.63,0.63,40.5,,,,,
FF,2025-10-07,89.2,3.87,3.2,"Schneider, Davis",676914,657612,field_out,hit_into_play,,,,,8,Davis Schneider flies out sharply to left fielder Cody Bellinger.,D,R,L,NYY,TOR,X,7,fly_ball,0,0,2025,1.59,0.21,0.03391347890594032,1.876342026994358,,,,2,6,Top,79.86,102.02,,,,,-12.77639271328476,-129.12052858928158,2.4846908537409664,20.595251252816357,30.445780498858078,-30.750437467359237,3.1,1.52,305,105.3,49,88.6,2196,6.5,813061,669224,700250,665862,642708,683011,641355,663757,592450,53.97,0.043,0.067,0,1,0,0,3,56,1,4-Seam Fastball,8,6,6,8,6,8,6,8,Standard,Standard,89,0.013,-0.26,79.1,7.5,0.127,0.26,105.3,2,-2,0.832,0.16800000000000004,35,26,35,26,1,3,3,2,,5,2.72,1.59,-1.59,-20.7,15.311983022151306,-9.026536748416452,34.492062929394926,32.74267502647605,42.62881102789119
FF,2025-10-07,93.4,-1.59,5.76,"Chisholm Jr., Jazz",665862,669456,,called_strike,,,,,8,Called Strike,D,L,R,NYY,TOR,S,,,3,0,2025,-0.7,1.41,-0.007267931109736447,2.003496205916343,,700250,519317,2,1,Bot,,,,,,,5.635127679194091,-135.6882614576812,-6.99731918412111,-9.915873723846074,31.72491751503741,-13.387868415851017,3.65400931329591,1.77388462594335,,,,93.4,2361,6.5,813061,672386,665489,643396,676391,665926,676914,662139,623993,53.98,,,,,,,,11,4,4-Seam Fastball,1,2,1,2,2,1,1,2,Infield shade,Standard,215,-0.007,-0.024,,,,0.024,,-1,-1,0.462,0.462,30,27,30,27,1,0,11,2,8,1,1.22,0.7,-0.7,43.8,,,,,
FF,2025-10-07,97.1,-2.41,5.31,"Varsho, Daulton",662139,642207,strikeout,swinging_strike,,,,,12,Daulton Varsho strikes out swinging.,D,L,R,NYY,TOR,S,2,,1,2,2025,-1.3,1.15,0.1763083755765562,4.072866801930559,,,,2,7,Top,,,,,,,10.018718386712786,-140.99725452547548,-0.31002532727549403,-19.7269250880976,37.48956960608579,-17.17425627565369,3.37,1.54,,,,97.5,2424,7,813061,669224,502671,665862,676609,683011,641355,663757,592450,53.45,,0,0,1,0,0,,64,4,4-Seam Fastball,9,6,6,9,6,9,6,9,Infield shade,Standard,236,0.006,-0.182,73.2,6.3,,0.182,,3,-3,0.935,0.06499999999999995,30,28,31,29,1,3,6,2,1,1,1.31,1.3,-1.3,21.2,7.149016191167848,5.605732818481646,12.752496727554439,33.342216294152955,22.26250095716589
FC,2025-10-07,90.6,3.58,5.71,"Grisham, Trent",663757,689254,,foul,,,,,6,Foul,D,L,L,NYY,TOR,S,,,1,0,2025,-0.31,0.84,0.4530719761164789,2.9232594299507686,,669224,,1,4,Bot,,,,,,,-7.232649690486485,-131.89295338025906,-2.871092935357905,-2.1008009602014357,27.021322217921703,-21.932033253721197,3.62,1.73,252,74.3,43,91.8,2599,6.9,813061,672386,665489,676391,680718,665926,676914,662139,623993,53.62,,,,,,,,41,2,Cutter,3,6,3,6,6,3,3,6,Standard,Standard,175,-0.005,-0.042,70.6,7.2,,0.042,88.0,-3,-3,0.237,0.237,23,28,24,29,1,2,2,2,1,1,1.93,-0.31,-0.31,30.4,8.784443138989047,-9.47226925434093,26.96040146570811,34.19641376974294,24.5198566811707
SI,2025-10-07,94.8,-2.43,5.74,"Suárez, Eugenio",553993,672456,,called_strike,,,,,6,Called Strike,D,R,R,DET,SEA,S,,,0,0,2025,-1.47,1.12,0.2879640293670025,2.637101422171979,,,,0,8,Top,,,,,,,10.32616986873469,-137.56479814605893,-4.850897502296011,-20.969839630566803,32.71526446354211,-17.04551682494283,3.48000080151125,1.66393648243203,,,,94,2396,6.2,813056,693307,679529,650402,656716,595879,682985,678009,681481,54.35,,,,,,,,59,1,Sinker,1,5,5,1,5,1,5,1,Standard,Standard,219,0.001,-0.039,,,,0.039,,-4,4,0.036,0.964,24,33,25,34,1,3,3,2,3,1,1.45,1.47,1.47,35.5,,,,,
SL,2025-10-07,87.6,-0.94,5.72,"Dingler, Dillon",693307,669302,,foul,,,,,5,Foul,D,R,R,DET,SEA,S,,,1,0,2025,-0.01,0.06,0.05006170783028322,2.247241706987406,,,,2,2,Bot,,,,,,,2.4634737057992857,-127.50969047280137,-2.3309100370889277,-0.6909302028491516,30.18109242752012,-31.224820392543982,3.4,1.53,3,88.6,-38,89,1813,7.5,813056,663728,647304,593871,553993,641487,668227,677594,645302,53.03,,,,,,,,14,2,Slider,0,0,0,0,0,0,0,0,Infield shade,Standard,45,-0.002,-0.054,83.2,9.2,,0.054,88.6,0,0,0.512,0.512,28,26,28,27,1,0,10,2,3,1,2.95,0.01,0.01,43.6,29.01187906090412,-21.59822804573803,35.71561753303097,36.32502571002141,43.58303966412085
FC,2025-10-07,87.8,2.38,5.53,"Ibáñez, Andy",628451,657571,,called_strike,,,,,1,Called Strike,D,R,L,DET,SEA,S,,,1,0,2025,-0.22,0.55,-0.7696074541179365,2.6819096670384783,,679529,,0,9,Bot,,,,,,,-7.211636599050644,-127.79932020046448,-1.9561056097268423,-0.980666877068349,25.37640358176858,-25.90251597512613,2.88494217709142,1.31050901572741,,,,88.3,2537,6.5,813056,663728,647304,593871,553993,641487,668227,677594,645302,53.99,,,,,,,,75,2,Cutter,3,8,3,8,8,3,3,8,Standard,Standard,195,-0.003,-0.049,,,,0.049,,-5,-5,0.023,0.023,28,32,29,32,1,0,3,9,8,,2.39,-0.22,0.22,42.5,,,,,
SL,2025-10-07,88.1,-2.77,5.26,"Naylor, Josh",647304,656427,,foul,,,,,5,Foul,D,L,R,DET,SEA,S,,,1,0,2025,0.59,0.41,0.2434427345363674,2.268192372803231,,,,1,2,Top,,,,,,,6.1001354778898556,-128.11762557636885,-1.9761709845984932,5.149257540086379,27.97383396735759,-27.474765529904438,3.22,1.52,174,66.8,51,88.1,2516,6.4,813056,693307,679529,650402,656716,595879,682985,678009,681481,54.08,,,,,,,,9,2,Slider,0,0,0,0,0,0,0,0,Infield shade,Standard,153,0.004,-0.049,72.1,8.3,,0.049,88.0,0,0,0.52,0.48,29,28,30,28,1,0,5,2,3,1,2.54,-0.59,0.59,25.8,11.917000871658587,-18.567611213710762,37.51593743406108,29.564987460593045,23.867769872646956
FF,2025-10-07,99.9,-2.83,5.43,"Stanton, Giancarlo",519317,686973,,foul,,,,,6,Foul,D,R,R,NYY,TOR,S,,,3,1,2025,-0.39,1.36,0.587211948119524,2.882909883964551,,,,0,5,Bot,,,,,,,10.361148489942336,-145.0116860711259,-4.7713599392901465,-8.194301106371574,38.41414662823436,-12.066740080894672,3.8,1.84,166,77.9,67,99.6,2398,6.6,813061,672386,665489,676391,680718,665926,676914,662139,623993,53.92,,,,,,,,49,5,4-Seam Fastball,6,6,6,6,6,6,6,6,Standard,Standard,211,-0.011,-0.094,85.0,8.6,,0.094,88.0,0,0,0.585,0.585,27,35,28,36,1,2,2,2,1,1,0.96,0.39,0.39,39.1,8.976351179268049,9.210025537965363,20.342591652819753,54.35399027420212,18.455858846155497
SI,2025-10-07,95,-1.12,6.18,"Caballero, José",676609,667297,,foul_tip,,,,,1,Foul Tip,D,R,R,NYY,TOR,S,,,2,1,2025,-1.36,0.65,-0.30390089867569325,3.131801702175359,,669224,641355,2,8,Bot,,,,,,,5.168192896380073,-138.14096420542265,-3.670919389372436,-18.563385930701664,36.20805489957931,-23.21519660466891,3.21,1.48,,,,93.9,2332,6.1,813061,672386,665489,676391,680718,665926,664770,662139,623993,54.42,,,,,,,,76,4,Sinker,9,6,9,6,6,9,9,6,Standard,Standard,225,-0.001,-0.08,74.5,6.3,,0.08,,3,3,0.971,0.971,34,28,34,29,1,0,2,3,,,1.91,1.36,1.36,42.0,3.694044379748029,12.089909588988313,27.85637195898983,31.178044323980306,27.45123466373837
FF,2025-10-07,93.5,1.98,6.44,"Kirk, Alejandro",672386,607074,,foul,,,,,9,Foul,D,R,L,NYY,TOR,S,,,1,0,2025,0.73,1.57,0.28574361947861093,1.8485458050478791,,,,1,1,Top,,,,,,,-5.950562215139341,-135.71744036826686,-9.406865090712989,10.431200877394634,33.09136647437681,-10.859056884157255,3.12,1.5,203,80.2,60,92.5,2429,6.1,813061,669224,700250,665862,641857,683011,641355,663757,592450,54.4,,,,,,,,4,2,4-Seam Fastball,0,2,2,0,2,0,2,0,Strategic,Standard,145,0.003,-0.049,75.8,7.4,,0.049,88.0,-2,2,0.329,0.671,32,26,33,27,1,0,6,2,,1,1.08,0.73,-0.73,46.9,9.72759447699797,16.56385952839819,30.390213618502052,41.29565796279783,25.967484139315722
FF,2025-10-07,94.8,-2.3,5.98,"Schneider, Davis",676914,518585,,foul,,,,,14,Foul,D,R,R,NYY,TOR,S,,,1,2,2025,-0.51,1.44,0.860917624768204,2.1738982264054223,,,,1,4,Top,,,,,,,9.486133248234871,-137.44671291279596,-7.456116434123111,-8.767748546217165,33.50591530085186,-12.426542307767203,3.1,1.52,204,79.4,58,95,2256,6.8,813061,669224,700250,665862,642708,683011,641355,663757,592450,53.66,,,,,,,,36,4,4-Seam Fastball,3,6,6,3,6,3,6,3,Infield shade,Standard,215,0,0,67.8,6.9,,0,88.0,-3,3,0.202,0.798,35,26,35,26,1,2,3,2,,5,1.14,0.51,0.51,41.5,20.36663867890031,11.668566855077168,32.1310248264117,43.49923649152453,24.640440811052656
FC,2025-10-07,91.1,3.59,5.73,"Grisham, Trent",663757,689254,,ball,,,,,12,Ball,D,L,L,NYY,TOR,B,,,0,0,2025,-0.18,1.09,1.0746982492017831,3.976155392049198,,669224,,1,4,Bot,,,,,,,-5.989274341051665,-132.61737766093293,-0.8663755773684227,-0.9389805483798711,27.40227842522714,-19.332621423526827,3.61999829215495,1.77711217607878,,,,92.1,2733,6.8,813061,672386,665489,676391,680718,665926,676914,662139,623993,53.74,,,,,,,,41,1,Cutter,3,6,3,6,6,3,3,6,Standard,Standard,166,0.003,0.028,,,,-0.028,,-3,-3,0.234,0.234,23,28,24,29,1,2,2,2,1,1,1.65,-0.18,-0.18,32.0,,,,,
FF,2025-10-07,92.8,2.02,6.47,"Kirk, Alejandro",672386,607074,,ball,,,,,14,Ball,D,R,L,NYY,TOR,B,,,0,0,2025,0.93,1.52,0.23966728079593125,1.302763649137702,,,,1,1,Top,,,,,,,-6.547115337124988,-134.6117880068707,-10.627160651103267,12.813649564348392,31.564506071610726,-11.472068421476287,3.11999873561458,1.43426562866573,,,,91.9,2356,6.1,813061,669224,700250,665862,641857,683011,641355,663757,592450,54.37,,,,,,,,4,1,4-Seam Fastball,0,2,2,0,2,0,2,0,Strategic,Standard,140,-0.002,0.039,,,,-0.039,,-2,2,0.331,0.669,32,26,33,27,1,0,6,2,,1,1.16,0.93,-0.93,45.8,,,,,
FF,2025-10-07,98,-1.52,6.16,"Guerrero Jr., Vladimir",665489,670280,,ball,,,,,14,Ball,D,R,R,NYY,TOR,B,,,0,0,2025,-0.64,1.65,0.6032560236342219,0.8164479820550511,,,,2,9,Top,,,,,,,7.214795817887487,-142.04568778863947,-12.700776633615206,-10.379557383862794,33.89500759379457,-7.046457656352642,3.66999927368571,1.63730650925299,,,,97.8,2497,6.5,813061,669224,502671,665862,676609,683011,641355,663757,592450,54.01,,,,,,,,80,1,4-Seam Fastball,9,6,6,9,6,9,6,9,Strategic,Standard,207,-0.001,0.037,,,,-0.037,,3,-3,0.996,0.0040000000000000036,30,26,31,26,1,4,5,2,1,1,0.75,0.64,0.64,44.6,,,,,
CH,2025-10-07,88.6,-2.42,5.59,"Naylor, Josh",647304,672456,field_out,hit_into_play,,,,,5,Josh Naylor lines out to right fielder Kerry Carpenter.,D,L,R,DET,SEA,X,9,line_drive,0,0,2025,-1.4,0.82,0.16603922642603952,2.1745437691512866,,,593871,2,7,Top,194.43,114.41,,,,,9.26034370078419,-128.64466257884524,-3.9213479487166367,-17.533291190876653,28.579202305744957,-22.450591407258813,3.22,1.52,275,94.3,19,88.4,2028,6.5,813056,693307,679529,650402,656716,595879,682985,678009,681481,54.02,0.337,0.363,0,1,0,0,4,55,1,Changeup,1,5,5,1,5,1,5,1,Infield shade,Standard,232,0.005,-0.271,71.9,7.4,0.512,0.271,94.3,-4,4,0.066,0.9339999999999999,24,28,25,28,1,3,3,2,3,1,2.11,1.4,-1.4,34.4,9.602461750442604,-12.196492640590966,37.29540006599028,31.17407590800483,28.389663520245833
FF,2025-10-07,95.1,-0.49,5.95,"Dingler, Dillon",693307,669302,,ball,,,,,12,Ball,D,R,R,DET,SEA,B,,,0,0,2025,-0.47,1.48,0.13357219130531728,3.515080203917406,,,,2,2,Bot,,,,,,,2.7525345278741877,-138.3385461914823,-4.0965842310521,-6.6237711144603955,33.17953480148272,-12.492997015381997,3.34850313838636,1.43655226275283,,,,96.8,2098,7.5,813056,663728,647304,593871,553993,641487,668227,677594,645302,53.05,,,,,,,,14,1,4-Seam Fastball,0,0,0,0,0,0,0,0,Infield shade,Standard,202,0.001,0.037,,,,-0.037,,0,0,0.511,0.511,28,26,28,27,1,0,10,2,3,1,1.06,0.47,0.47,46.4,,,,,
FF,2025-10-07,93.2,2.41,5.74,"Ibáñez, Andy",628451,657571,,ball,,,,,12,Ball,D,R,L,DET,SEA,B,,,0,0,2025,0.17,1.42,0.5093857946095253,4.146089244275609,,679529,,0,9,Bot,,,,,,,-5.250386025332844,-135.67020007482682,-1.4199459516480082,3.29941113178289,31.964789799956336,-14.574276876605579,3.04823129058951,1.43274820063339,,,,92.9,2227,6.3,813056,663728,647304,593871,553993,641487,668227,677594,645302,54.22,,,,,,,,75,1,4-Seam Fastball,3,8,3,8,8,3,3,8,Standard,Standard,151,0.002,0.032,,,,-0.032,,-5,-5,0.021,0.021,28,32,29,32,1,0,3,9,8,,1.21,0.17,-0.17,46.5,,,,,
SL,2025-10-07,86.5,-2.75,5.42,"Naylor, Josh",647304,656427,,ball,,,,,13,Ball,D,L,R,DET,SEA,B,,,0,0,2025,0.39,0.25,-0.3077254042927189,1.141212866176807,,,,1,2,Top,,,,,,,5.045875398678289,-125.96535491893596,-4.525319040293608,3.1392118306465715,25.037625906410177,-28.838278147199166,3.21999924891369,1.4013556233457,,,,86.8,2540,6.4,813056,693307,679529,650402,656716,595879,682985,678009,681481,54.13,,,,,,,,9,1,Slider,0,0,0,0,0,0,0,0,Infield shade,Standard,137,-0.003,0.039,,,,-0.039,,0,0,0.523,0.477,29,28,30,28,1,0,5,2,3,1,2.79,-0.39,0.39,27.8,,,,,
SL,2025-10-07,90.4,-1.65,5.98,"Caballero, José",676609,667297,,ball,,,,,12,Ball,D,R,R,NYY,TOR,B,,,1,1,2025,0.07,0.1,0.3513148848566774,3.8200821826995983,,669224,641355,2,8,Bot,,,,,,,4.8068369474469375,-131.66279761698897,0.32959046967075456,-0.18674043540031662,27.87087190968132,-31.277676873423683,3.20223966195739,1.47801232280752,,,,89.9,2797,5.9,813061,672386,665489,676391,680718,665926,664770,662139,623993,54.59,,,,,,,,76,3,Slider,9,6,9,6,6,9,9,6,Standard,Standard,68,0,0.03,,,,-0.03,,3,3,0.971,0.971,34,28,34,29,1,0,2,3,,,2.68,-0.07,-0.07,37.6,,,,,
KC,2025-10-07,89.3,-2.86,5.57,"Stanton, Giancarlo",519317,686973,,ball,,,,,14,Ball,D,R,R,NYY,TOR,B,,,2,1,2025,0.44,-0.45,1.169838251650877,1.2712421408004873,,,,0,5,Bot,,,,,,,9.018439448009385,-129.79478981586988,-3.5840776784096757,2.943015128016295,28.315812598488193,-36.68286465977975,3.80000019455123,1.84313915752269,,,,89.2,2664,6.4,813061,672386,665489,676391,680718,665926,676914,662139,623993,54.1,,,,,,,,49,4,Knuckle Curve,6,6,6,6,6,6,6,6,Standard,Standard,44,0.013,0.134,,,,-0.134,,0,0,0.572,0.572,27,35,28,36,1,2,2,2,1,1,3.33,-0.44,-0.44,41.2,,,,,
CH,2025-10-07,86,-2.45,5.42,"Rodríguez, Julio",677594,592454,field_out,hit_into_play,,,,,5,Julio Rodríguez flies out to left fielder Riley Greene.,D,R,R,DET,SEA,X,7,fly_ball,0,0,2025,-0.96,0.78,0.0192981786484393,2.339474607682889,,641487,663728,2,4,Top,42.17,101.95,,,,,7.818482697275529,-124.92104043238291,-2.5830855423068524,-11.651675157626634,26.696302677249243,-23.703811447287578,3.28,1.52,314,85.8,35,86,1282,6.5,813056,693307,679529,650402,656716,595879,682985,678009,681481,53.99,0.005,0.005,0,1,0,0,3,33,1,Changeup,0,4,4,0,4,0,4,0,Standard,Standard,250,0.018,-0.282,76.5,8.1,0.009,0.282,88.0,-4,4,0.126,0.874,35,24,36,25,1,2,3,2,3,1,2.33,0.96,0.96,33.0,12.518479339475572,-23.203599254284853,31.919669971090112,38.294850294833466,43.35140095422691
CH,2025-10-07,89.5,-1.6,5.68,"Chisholm Jr., Jazz",665862,669456,,blocked_ball,,,,,13,Ball In Dirt,D,L,R,NYY,TOR,B,,,2,0,2025,-1.44,-0.2,-0.4558881262565597,0.054060726235596324,,700250,519317,2,1,Bot,,,,,,,5.884240644679266,-130.13959325673508,-7.495255777559331,-17.545331455183955,26.793716838128155,-33.128388909850536,3.72000192851715,1.81519251237448,,,,90,1286,6.6,813061,672386,665489,643396,676391,665926,676914,662139,623993,53.92,,,,,,,,11,3,Changeup,1,2,1,2,2,1,1,2,Infield shade,Standard,252,0.01,0.081,,,,-0.081,,-1,-1,0.452,0.452,30,27,30,27,1,0,11,2,8,1,3.05,1.44,-1.44,41.4,,,,,
SL,2025-10-07,86.4,-1.6,5.86,"Volpe, Anthony",683011,684320,field_out,hit_into_play,,,,,8,"Anthony Volpe grounds out, third baseman Addison Barger to first baseman Vladimir Guerrero Jr.",D,R,R,NYY,TOR,X,5,ground_ball,3,1,2025,0.57,-0.02,-0.01590241239203044,2.0106820613882745,,,,2,7,Bot,106.72,166.38,,,,,2.613419185649462,-125.65846003855859,-2.823074300425903,5.361359323255731,29.203781201212735,-31.926195394016165,3.45,1.62,15,99.3,-7,86.1,2767,6.5,813061,672386,665489,676391,680718,665926,676914,662139,623993,54.02,0.276,0.253,0,1,0,0,2,67,5,Slider,9,6,9,6,6,9,9,6,Standard,Standard,58,-0.004,-0.414,76.1,7.8,0.277,0.414,99.3,3,3,0.932,0.932,28,24,28,24,1,3,10,2,1,1,3.11,-0.57,-0.57,37.9,10.732030567612977,-6.050446060542083,34.51629526244246,38.37374953647936,32.8401351297095
FF,2025-10-07,96.7,-2.5,5.25,"Varsho, Daulton",662139,642207,,ball,,,,,12,Ball,D,L,R,NYY,TOR,B,,,0,2,2025,-1.16,1.09,1.1234519384078256,3.5411216934740106,,,,2,7,Top,,,,,,,12.498494315554751,-140.15337926149232,-1.4046647887507242,-18.338954800105004,35.81008899817694,-17.759727040867663,3.36999884704381,1.51331467168971,,,,97.6,2403,7.3,813061,669224,502671,665862,676609,683011,641355,663757,592450,53.21,,,,,,,,64,3,4-Seam Fastball,9,6,6,9,6,9,6,9,Infield shade,Standard,236,-0.001,0.022,,,,-0.022,,3,-3,0.936,0.06399999999999995,30,28,31,29,1,3,6,2,1,1,1.39,1.16,-1.16,20.6,,,,,
SI,2025-10-07,87.6,4.1,2.84,"Springer, George",543807,657612,field_out,hit_into_play,,,,,6,"George Springer grounds out, shortstop Anthony Volpe to first baseman Ben Rice.",D,R,L,NYY,TOR,X,6,ground_ball,2,2,2025,1.37,-0.28,0.4258561226488047,2.59184845832312,,,,1,6,Top,109.95,142.88,,,,,-11.702237224316944,-126.78087962895003,6.229464045042391,17.2534900584705,27.02560557303184,-36.905146422585844,3.58,1.65,7,90.5,-19,87.3,2128,6.5,813061,669224,700250,665862,642708,683011,641355,663757,592450,53.97,0.104,0.098,0,1,0,0,2,55,5,Sinker,8,6,6,8,6,8,6,8,Strategic,Standard,84,0.019,-0.228,75.9,6.8,0.105,0.228,90.5,2,-2,0.813,0.18700000000000006,35,35,35,36,1,3,3,2,,1,3.29,1.37,-1.37,-25.9,6.320399825468632,14.94746054489226,29.879464501629283,39.12847743317154,16.043591613392643
SL,2025-10-07,81.4,-2.29,5.93,"Schneider, Davis",676914,518585,,foul,,,,,5,Foul,D,R,R,NYY,TOR,S,,,1,1,2025,0.72,-0.66,-0.263631158124094,2.1611758086595714,,,,1,4,Top,,,,,,,3.218125581306625,-118.56975937574215,-0.556930847887438,6.060833934195075,24.1713467227974,-38.493774744396816,3.1,1.52,5,68,-23,82.2,2686,6.9,813061,669224,700250,665862,642708,683011,641355,663757,592450,53.6,,,,,,,,36,3,Slider,3,6,6,3,6,3,6,3,Infield shade,Standard,75,0.002,-0.064,68.1,7.9,,0.064,88.0,-3,3,0.2,0.8,35,26,35,26,1,2,3,2,,5,4.11,-0.72,-0.72,43.3,36.433554643808876,-38.501990162332135,33.109686109572536,29.97414709929263,53.07564357689013
FF,2025-10-07,94.9,-2.49,6.04,"Schneider, Davis",676914,518585,,ball,,,,,11,Ball,D,R,R,NYY,TOR,B,,,0,1,2025,-0.43,1.41,-0.9475066561465344,4.9741246904424425,,,,1,4,Top,,,,,,,5.03910444786032,-138.166400893411,-0.24454564212791444,-6.685428166460729,33.07828888420192,-14.42649383367004,3.09999825539105,1.59014078176745,,,,95.3,2161,6.6,813061,669224,700250,665862,642708,683011,641355,663757,592450,53.85,,,,,,,,36,2,4-Seam Fastball,3,6,6,3,6,3,6,3,Infield shade,Standard,208,0,0.029,,,,-0.029,,-3,3,0.2,0.8,35,26,35,26,1,2,3,2,,5,1.14,0.43,0.43,41.8,,,,,
SI,2025-10-07,95.5,-1.53,5.8,"Volpe, Anthony",683011,684320,,ball,,,,,11,Ball,D,R,R,NYY,TOR,B,,,2,1,2025,-1.09,0.8,-1.2286875207866261,2.6441698473009634,,,,2,7,Bot,,,,,,,3.256419972282816,-138.9556406711942,-4.467710854994997,-14.82572808206693,32.00685922141025,-21.0772485045867,3.4500019556063,1.64998679573451,,,,95.6,2305,6.4,813061,672386,665489,676391,680718,665926,676914,662139,623993,54.11,,,,,,,,67,4,Sinker,9,6,9,6,6,9,9,6,Standard,Standard,214,0.001,0.117,,,,-0.117,,3,3,0.931,0.931,28,24,28,24,1,3,10,2,1,1,1.71,1.09,1.09,38.1,,,,,
SI,2025-10-07,95,-1.09,6.25,"Caballero, José",676609,667297,,swinging_strike,,,,,4,Swinging Strike,D,R,R,NYY,TOR,S,,,1,0,2025,-1.29,0.9,-0.613531753799984,2.6727090453516684,,669224,641355,2,8,Bot,,,,,,,4.110758404230082,-138.1609489045831,-5.62884842966564,-17.34387447550146,34.23891249713514,-19.618538435722336,3.21,1.48,,,,94,2456,6,813061,672386,665489,676391,680718,665926,664770,662139,623993,54.52,,,,,,,,76,2,Sinker,9,6,9,6,6,9,9,6,Standard,Standard,217,0,-0.052,64.2,5.0,,0.052,,3,3,0.971,0.971,34,28,34,29,1,0,2,3,,,1.66,1.29,1.29,44.9,-17.142764114710747,41.26088379902481,38.288089353370275,26.840805106661346,10.71390601202487
FF,2025-10-07,96.7,-2.41,5.29,"Varsho, Daulton",662139,642207,,swinging_strike,,,,,3,Swinging Strike,D,L,R,NYY,TOR,S,,,0,1,2025,-1.16,1.13,0.5556286963464219,3.1474448784124753,,,,2,7,Top,,,,,,,10.73277056326655,-140.24203381170776,-2.650662417678954,-17.908425228767502,36.13849596037312,-16.958042066596104,3.37,1.54,,,,97.7,2383,7.3,813061,669224,502671,665862,676609,683011,641355,663757,592450,53.16,,,,,,,,64,2,4-Seam Fastball,9,6,6,9,6,9,6,9,Standard,Standard,234,0.002,-0.057,69.4,5.9,,0.057,,3,-3,0.934,0.06599999999999995,30,28,31,29,1,3,6,2,1,1,1.35,1.16,-1.16,21.5,-2.994711402586933,19.523202689960637,31.612337281636602,29.251616442138264,16.961769123810008
FF,2025-10-07,95.9,-2.15,5.72,"Polanco, Jorge",593871,672456,walk,ball,,,,,11,Jorge Polanco walks.,D,L,R,DET,SEA,B,,,3,0,2025,-0.38,1.62,-0.5536841738846368,3.711362199023661,,,,2,7,Top,,,,,,,5.08014358495862,-139.4405216576368,-3.29070778857898,-6.255559468511585,36.113950571751424,-10.674320636269773,3.29999890281795,1.65927437440777,,,,95.3,2318,6.3,813056,693307,679529,650402,656716,595879,682985,678009,681481,54.19,,0.691497,0.7,1,0,0,,54,4,4-Seam Fastball,1,5,5,1,5,1,5,1,Infield shade,Standard,213,-0.001,0.103,,,,-0.103,,-4,4,0.067,0.933,24,31,25,32,1,3,3,2,3,1,0.89,0.38,-0.38,42.9,,,,,
FF,2025-10-07,87.8,3.67,3.24,"Springer, George",543807,657612,,called_strike,,,,,4,Called Strike,D,R,L,NYY,TOR,S,,,2,1,2025,1.66,0.47,-0.6680473144701979,2.279935600198582,,,,1,6,Top,,,,,,,-13.939215208502084,-126.93069335902723,3.0085878195627767,20.967111786200913,29.073340237568083,-28.17027641076483,3.58000045938961,1.61477122524618,,,,87.3,2124,6.6,813061,669224,700250,665862,642708,683011,641355,663757,592450,53.89,,,,,,,,55,4,4-Seam Fastball,8,6,6,8,6,8,6,8,Strategic,Standard,87,0.007,-0.07,,,,0.07,,2,-2,0.806,0.19399999999999995,35,35,35,36,1,3,3,2,,1,2.55,1.66,-1.66,-19.4,,,,,
FF,2025-10-07,95.6,-1,5.87,"McKinstry, Zach",656716,669302,field_out,hit_into_play,,,,,5,Zach McKinstry grounds out to first baseman Josh Naylor.,D,L,R,DET,SEA,X,3,ground_ball,1,0,2025,-0.67,1.42,-0.1055947399434578,2.171495728956222,,,,1,2,Bot,153.94,173.63,,,,,3.9558012310936155,-138.91536463892842,-7.4167175537407095,-9.578571781662184,34.80482962054597,-12.35571924688507,3.28,1.52,89,77.5,8,97.2,2148,7.6,813056,663728,647304,593871,553993,641487,668227,677594,645302,52.93,0.334,0.315,0,1,0,0,2,13,2,4-Seam Fastball,0,0,0,0,0,0,0,0,Standard,Standard,207,-0.02,-0.293,68.6,7.7,0.374,0.293,88.0,0,0,0.531,0.531,28,30,28,30,1,0,10,2,3,1,1.11,0.67,-0.67,43.6,26.4277047190964,-14.816678929199986,38.23515802505723,35.623624937309444,35.350622452714376
SI,2025-10-07,93.5,2.26,5.68,"Torkelson, Spencer",679529,657571,double,hit_into_play,,,,,3,Spencer Torkelson doubles (2) on a ground ball to right fielder Victor Robles. Jake Rogers scores. Jahmai Jones scores.,D,R,L,DET,SEA,X,9,ground_ball,3,2,2025,1.17,0.93,0.7610751645119607,3.0020785795366463,,668670,663330,0,9,Bot,206.1,127.06,,,,,-6.429355527188716,-135.94196830143127,-3.138569340595617,15.924882379324483,33.13018955160319,-20.189581436142866,3.55,1.69,216,97.5,13,93,2262,6.3,813056,663728,647304,593871,553993,641487,668227,677594,645302,54.2,0.924,0.888,1.25,1,1,1,4,74,6,Sinker,1,8,1,8,8,3,3,8,Infield shade,Strategic,151,0.01,0.657,63.9,6.3,1.112,-0.657,97.5,-7,-7,0.011,0.011,28,25,29,26,1,3,3,2,8,1,1.71,1.17,-1.17,43.7,-12.592263244576335,22.234447197838374,33.868558879888994,45.47495928382509,9.928347628969437
KC,2025-10-07,79.5,-2.64,5.04,"Polanco, Jorge",593871,656427,strikeout,swinging_strike,,,,,14,Jorge Polanco strikes out swinging.,D,L,R,DET,SEA,S,2,,2,2,2025,1.15,-0.69,0.24031220267175335,1.075738581697216,,,,0,2,Top,,,,,,,4.182719233371462,-115.78462812316083,-0.606937649501763,9.442913459666245,22.897943619892498,-38.462145780753374,3.3,1.62,,,,79.7,2485,6.5,813056,693307,679529,650402,656716,595879,682985,678009,681481,54.02,,0,0,1,0,0,,8,6,Knuckle Curve,0,0,0,0,0,0,0,0,Infield shade,Standard,52,0.02,-0.232,64.8,8.7,,0.232,,0,0,0.503,0.497,29,31,30,32,1,0,5,2,3,1,4.31,-1.15,1.15,21.8,29.755239116097208,-41.719305474843594,33.20824570772473,35.74619213371522,51.28682942369083
CH,2025-10-07,86.1,-2.42,5.37,"Raleigh, Cal",663728,592454,single,hit_into_play,,,,,4,Cal Raleigh singles on a ground ball to center fielder Parker Meadows. Dominic Canzone scores. J.P. Crawford to 2nd.,D,L,R,DET,SEA,X,8,ground_ball,0,0,2025,-1,0.2,-0.8129004732859508,2.939662903051925,,686527,641487,2,4,Top,154.95,79.48,,,,,5.870133143088087,-125.2326543200653,0.10990874514688331,-11.757159150648391,26.83359878657429,-30.343715028183674,3.59,1.68,41,102.4,-2,86.1,1300,6.5,813056,693307,679529,650402,656716,595879,682985,678009,681481,54.04,0.367,0.332,0.9,1,1,0,2,32,1,Changeup,0,3,3,0,4,0,4,0,Infield shade,Standard,256,-0.064,0.542,77.4,7.6,0.439,-0.542,102.4,-3,3,0.19,0.81,35,28,36,29,1,2,3,2,3,1,2.89,1,-1,27.7,8.298628770869007,8.52028971869387,26.272203175875976,42.78030818346091,26.934489607244107
FC,2025-10-07,91.4,3.5,5.79,"Wells, Austin",669224,689254,field_error,hit_into_play,,,,,2,Austin Wells reaches on a fielding error by third baseman Addison Barger. Austin Wells to 2nd.,D,L,L,NYY,TOR,X,5,popup,3,2,2025,-0.36,0.86,-0.25814457202761343,2.9617365243978506,,,,1,4,Bot,80.37,147.63,,,,,-8.787561215079506,-132.98587165273378,-3.1573382937986185,-2.5394954397063536,26.429073321656215,-21.482672053249356,3.56,1.63,190,86.7,61,92.5,2769,6.8,813061,672386,665489,676391,680718,665926,676914,662139,623993,53.7,0.023,0.027,0.9,1,0,0,3,40,6,Cutter,3,6,3,6,6,3,3,6,Infield shade,Standard,166,0.039,0.384,72.2,7.5,0.035,-0.384,88.0,-3,-3,0.195,0.195,23,25,24,26,1,1,2,2,1,1,1.85,-0.36,-0.36,33.2,10.351142753175807,-5.977253248789544,26.858093932822495,35.974995063768056,25.082088747221487
KC,2025-10-07,88.5,-2.94,5.65,"Stanton, Giancarlo",519317,686973,,ball,,,,,14,Ball,D,R,R,NYY,TOR,B,,,1,1,2025,0.5,-0.31,0.2172981987502513,0.8297419056818325,,,,0,5,Bot,,,,,,,6.71430309402796,-128.64921364111413,-5.053723722832148,4.080448725843852,27.92251988489536,-34.68368354913776,3.7999984927371,1.78894730385281,,,,89.1,2638,6.8,813061,672386,665489,676391,680718,665926,676914,662139,623993,53.7,,,,,,,,49,3,Knuckle Curve,6,6,6,6,6,6,6,6,Standard,Standard,50,0.006,0.055,,,,-0.055,,0,0,0.566,0.566,27,35,28,36,1,2,2,2,1,1,3.23,-0.5,-0.5,42.2,,,,,
FS,2025-10-07,91.9,-1.73,5.99,"Lukes, Nathan",664770,670280,strikeout,called_strike,,,,,1,Nathan Lukes called out on strikes.,D,L,R,NYY,TOR,S,2,,2,2,2025,-0.25,0.47,-0.4126562121750459,3.2913247518016506,,,,1,9,Top,,,,,,,3.8692059509623165,-133.91255998888792,-2.045224309971416,-3.7820149621545918,28.598620648315315,-26.23651863573494,3.32000003729555,1.53645201543063,,,,92.2,1376,6.4,813061,669224,502671,665862,676609,683011,641355,663757,592450,54.12,,0,0,1,0,0,,79,5,Split-Finger,9,6,6,9,6,9,6,9,Infield shade,Standard,221,0.009,-0.228,,,,0.228,,3,-3,0.987,0.013000000000000012,30,30,31,31,1,0,5,2,1,1,2.21,0.25,-0.25,36.9,,,,,
CH,2025-10-07,89.6,-1.62,5.66,"Chisholm Jr., Jazz",665862,669456,,ball,,,,,13,Ball,D,L,R,NYY,TOR,B,,,1,0,2025,-1.32,-0.27,-0.9269825439705475,2.531415570148524,,700250,519317,2,1,Bot,,,,,,,4.527369661437022,-130.47571547108953,-1.134730706042233,-16.027680251606874,28.74911616466875,-35.216521075364334,3.7200004265046,1.85040352921966,,,,89.7,1271,6.4,813061,672386,665489,643396,676391,665926,676914,662139,623993,54.05,,,,,,,,11,2,Changeup,1,2,1,2,2,1,1,2,Infield shade,Standard,246,0.007,0.029,,,,-0.029,,-1,-1,0.445,0.445,30,27,30,27,1,0,11,2,8,1,3.12,1.32,-1.32,37.7,,,,,
CH,2025-10-07,83.6,2.15,6.36,"Guerrero Jr., Vladimir",665489,607074,home_run,hit_into_play,,,,,6,Vladimir Guerrero Jr. homers (3) on a fly ball to center field. Davis Schneider scores.,D,R,L,NYY,TOR,X,,fly_ball,2,0,2025,1.2,0.44,0.5297367465692921,2.5444995281084593,,,676914,1,1,Top,89.03,30.14,,,,,-6.071032638506417,-121.58523678745448,-3.2666632178192114,13.100803270792568,22.665280511482873,-27.350956542573137,3.67,1.68,427,110.5,27,83.5,1500,6.2,813061,669224,700250,665862,641857,683011,641355,663757,592450,54.34,0.988,1.9951333333333332,2,1,0,3,6,3,3,Changeup,0,0,0,0,2,0,2,0,Strategic,Standard,136,-0.156,1.362,85.1,7.9,3.947,-1.362,110.5,0,0,0.487,0.513,32,26,33,26,1,0,6,2,,1,2.81,1.2,-1.2,44.6,2.346198055966349,-6.888238955009393,26.86171867271382,39.99107181795064,40.23602200983166
FF,2025-10-07,100,-2.72,5.48,"Stanton, Giancarlo",519317,686973,,ball,,,,,14,Ball,D,R,R,NYY,TOR,B,,,0,1,2025,-0.53,1.53,1.5434024845062466,1.9093879680198866,,,,0,5,Bot,,,,,,,13.025219224094501,-144.78231152154416,-8.0359407455983,-10.722042019490454,36.05172896232489,-8.779677601598054,3.80000161089248,1.83320753883537,,,,99.8,2401,6.6,813061,672386,665489,676391,680718,665926,676914,662139,623993,53.88,,,,,,,,49,2,4-Seam Fastball,6,6,6,6,6,6,6,6,Standard,Standard,215,0.004,0.031,,,,-0.031,,0,0,0.562,0.562,27,35,28,36,1,2,2,2,1,1,0.78,0.53,0.53,38.4,,,,,
ST,2025-10-07,80.4,3.57,5.84,"Crawford, J.P.",641487,676428,home_run,hit_into_play,,,,,8,J.P. Crawford homers (1) on a fly ball to right field.,D,L,L,DET,SEA,X,,fly_ball,0,1,2025,-1,0.21,0.1788300453529511,1.8164438507166025,,,,2,6,Top,218.28,66.91,,,,,-5.558126527641139,-116.99356597137132,-2.6296266794563423,-8.116282521293568,21.83398167708775,-29.971417568431317,3.28,1.55,397,104.5,31,79.6,2579,5.7,813056,693307,679529,650402,656716,595879,682985,678009,681481,54.81,0.641,1.2795423728813562,2,1,0,3,6,47,2,Sweeper,1,4,4,1,5,1,5,1,Standard,Strategic,299,-0.064,2.639,75.9,8.2,2.526,-2.639,104.5,-3,3,0.158,0.842,26,30,27,30,1,2,2,2,,1,3.31,-1,-1,30.7,14.636427700713803,-15.650683760120419,39.30350685535281,34.53770171037077,46.690833485590574
FF,2025-10-07,92.3,1.91,6.49,"Guerrero Jr., Vladimir",665489,607074,,ball,,,,,11,Ball,D,R,L,NYY,TOR,B,,,1,0,2025,0.92,1.48,-1.339535340130881,3.2082770008853196,,,676914,1,1,Top,,,,,,,-10.227052783000548,-133.89329150538376,-5.679269928158017,13.37101800644112,30.13943036545442,-13.270993862993766,3.67000109182482,1.7038611492813,,,,91.7,2337,6.2,813061,669224,700250,665862,641857,683011,641355,663757,592450,54.28,,,,,,,,3,2,4-Seam Fastball,0,0,0,0,0,0,0,0,Strategic,Standard,144,-0.007,0.068,,,,-0.068,,0,0,0.494,0.506,32,26,33,26,1,0,6,2,,1,1.22,0.92,-0.92,49.0,,,,,
FC,2025-10-07,94.2,0.49,6.75,"Wells, Austin",669224,680755,single,hit_into_play,,,,,3,"Austin Wells singles on a ground ball to right fielder Anthony Santander. Amed Rosario scores. Austin Wells out at 2nd on the throw, right fielder Anthony Santander to catcher Alejandro Kirk to shortstop Andrés Giménez.",D,L,R,NYY,TOR,X,9,ground_ball,1,2,2025,0.14,1.02,0.6539655835052454,3.3317339014739273,,642708,,2,5,Bot,169.55,109.12,,,,,0.11373927427065861,-137.23256485698099,-5.364109129768764,1.768968989116251,30.2024157679405,-18.33846314382667,3.56,1.63,30,92.4,-5,92.8,2359,5.4,813061,672386,665489,676391,680718,665926,676914,662139,623993,55.13,0.199,0.183,0.9,1,1,0,2,53,4,Cutter,7,6,7,6,6,8,8,6,Standard,Standard,198,0.095,0.754,73.2,6.9,0.239,-0.754,92.4,1,1,0.684,0.684,24,25,25,26,1,2,2,2,1,1,1.54,-0.14,0.14,48.9,4.605979616926213,-4.861061170367576,25.68074788032275,26.857472975633705,24.62459809005115
SL,2025-10-07,90.8,-1.51,6.05,"Caballero, José",676609,667297,,ball,,,,,14,Ball,D,R,R,NYY,TOR,B,,,0,0,2025,-0.01,0.25,1.2810526777861468,2.310566932696098,,669224,641355,2,8,Bot,,,,,,,6.9593003984961355,-132.06178143034901,-3.9438637934046996,-1.5477997614267092,28.21808408129244,-28.632158151778494,3.210002026278,1.50662616359829,,,,90.4,2825,6.1,813061,672386,665489,676391,680718,665926,664770,662139,623993,54.44,,,,,,,,76,1,Slider,9,6,9,6,6,9,9,6,Standard,Standard,284,0,0.024,,,,-0.024,,3,3,0.971,0.971,34,28,34,29,1,0,2,3,,,2.52,0.01,0.01,39.0,,,,,
SL,2025-10-07,88,-1.49,5.86,"Volpe, Anthony",683011,684320,,ball,,,,,13,Ball,D,R,R,NYY,TOR,B,,,1,1,2025,0.51,-0.07,-0.10983151365798494,0.9733726849728983,,,,2,7,Bot,,,,,,,2.274724439812648,-127.9712386342552,-5.481814540259609,5.0153751225697585,29.758990892488306,-31.91359580358255,3.45000150683909,1.60240948122232,,,,87.1,2821,6,813061,672386,665489,676391,680718,665926,676914,662139,623993,54.45,,,,,,,,67,3,Slider,9,6,9,6,6,9,9,6,Standard,Standard,49,0,0.053,,,,-0.053,,3,3,0.931,0.931,28,24,28,24,1,3,10,2,1,1,3.05,-0.51,-0.51,39.6,,,,,
KC,2025-10-07,80.1,-1.99,5.82,"Polanco, Jorge",593871,672456,,ball,,,,,11,Ball,D,L,R,DET,SEA,B,,,2,0,2025,0.78,-0.82,-1.0092769172497977,3.3897924737282277,,,,2,7,Top,,,,,,,0.6913508626562466,-116.62245025411411,2.909869745295514,6.970510356902337,23.24046875015668,-40.39451366815878,3.29999958969283,1.5271181659839,,,,79.8,2949,6.2,813056,693307,679529,650402,656716,595879,682985,678009,681481,54.32,,,,,,,,54,3,Knuckle Curve,1,5,5,1,5,1,5,1,Infield shade,Standard,41,0,0.121,,,,-0.121,,-4,4,0.067,0.933,24,31,25,32,1,3,3,2,3,1,4.38,-0.78,0.78,46.4,,,,,
FF,2025-10-07,95.1,-0.9,5.94,"McKinstry, Zach",656716,669302,,ball,,,,,12,Ball,D,L,R,DET,SEA,B,,,0,0,2025,-0.67,1.41,0.0646466184785196,3.903147759340148,,,,1,2,Bot,,,,,,,4.11876189865021,-138.45592909652248,-2.894437496309692,-9.56401733977898,32.106875870978406,-13.594730937838845,3.23788600645511,1.45013429346306,,,,97,2118,7.5,813056,663728,647304,593871,553993,641487,668227,677594,645302,53.05,,,,,,,,13,1,4-Seam Fastball,0,0,0,0,0,0,0,0,Standard,Standard,207,0.003,0.039,,,,-0.039,,0,0,0.528,0.528,28,30,28,30,1,0,10,2,3,1,1.11,0.67,-0.67,43.9,,,,,
SL,2025-10-07,87.5,-2.52,5.01,"Meadows, Parker",678009,666374,field_out,hit_into_play,,,,,9,Parker Meadows grounds out to first baseman Josh Naylor.,D,L,R,DET,SEA,X,3,ground_ball,1,1,2025,0.63,0.09,0.45608273723088993,1.6610035013464488,,,,2,7,Bot,155.96,171.1,,,,,5.866385080727211,-127.26993143814904,-2.0428181101963823,5.426852860137069,29.42745608026201,-30.933896421009624,3.5,1.71,71,97.9,3,87,2734,6.3,813056,663728,647304,593871,553993,641487,668227,677594,645302,54.2,0.443,0.413,0,1,0,0,4,58,3,Slider,1,5,1,5,5,1,1,5,Standard,Standard,46,-0.006,-0.244,69.8,7.9,0.508,0.244,97.9,-4,-4,0.042,0.042,27,25,27,26,1,2,2,2,3,1,2.92,-0.63,0.63,26.8,10.339570407579705,-15.386676409938428,38.29098608377016,33.046718616499,39.162033328104854
FF,2025-10-07,93.1,2.25,5.66,"Torkelson, Spencer",679529,657571,,called_strike,,,,,6,Called Strike,D,R,L,DET,SEA,S,,,3,1,2025,0.41,1.38,0.4834062418668645,2.4063905274181128,,668670,663330,0,9,Bot,,,,,,,-5.440621687394282,-135.43486829297538,-5.590282297742735,6.270385203427808,30.455318471976927,-14.191829466836367,3.55000040911584,1.66428316286154,,,,93.1,2320,6.4,813056,663728,647304,593871,553993,641487,668227,677594,645302,54.1,,,,,,,,74,5,4-Seam Fastball,1,8,1,8,8,1,1,8,Infield shade,Strategic,145,-0.003,-0.142,,,,0.142,,-7,-7,0.014,0.014,28,25,29,26,1,3,3,2,8,1,1.26,0.41,-0.41,43.0,,,,,
FF,2025-10-07,96.1,-2.56,5.37,"Polanco, Jorge",593871,656427,,foul,,,,,8,Foul,D,L,R,DET,SEA,S,,,2,2,2025,-0.51,1.49,-0.24713814126419376,1.965318394611245,,,,0,2,Top,,,,,,,7.296105850415857,-139.71693015617592,-6.819739195747516,-8.340019875499575,30.835461218641377,-11.323314408508184,3.3,1.62,187,73.3,29,96.4,2364,6.4,813056,693307,679529,650402,656716,595879,682985,678009,681481,54.05,,,,,,,,8,5,4-Seam Fastball,0,0,0,0,0,0,0,0,Infield shade,Standard,211,0,0,61.1,6.6,,0,88.0,0,0,0.503,0.497,29,31,30,32,1,0,5,2,3,1,0.98,0.51,-0.51,29.3,-11.03762102987384,20.15930393832056,36.75868539465186,39.028483894222404,7.26615303600717
CH,2025-10-07,85.2,-2.41,5.36,"Arozarena, Randy",668227,592454,strikeout,swinging_strike,,,,,8,Randy Arozarena strikes out swinging.,D,R,R,DET,SEA,S,2,,3,2,2025,-0.87,0.01,0.027821767215541637,1.682446564333219,,686527,641487,1,4,Top,,,,,,,7.5159726470755235,-123.87825589004947,-2.3125066336091304,-10.53943974023052,26.164297367423693,-31.819038987210227,3.41,1.7,,,,85.4,1198,6.6,813056,693307,679529,650402,656716,595879,682985,678009,681481,53.92,,0,0,1,0,0,,31,7,Changeup,0,3,3,0,3,0,3,0,Standard,Standard,256,0.03,-0.313,75.2,8.5,,0.313,,-3,3,0.16,0.84,35,30,36,30,1,2,3,2,3,1,3.15,0.87,0.87,26.5,16.571528676751953,-50.17192345433967,24.16851120681083,32.124671860739845,59.99136534770048
ST,2025-10-07,84.8,3.31,5.9,"Wells, Austin",669224,689254,,ball,,,,,13,Ball,D,L,L,NYY,TOR,B,,,2,2,2025,-1.17,0.53,-2.059202185663315,2.6880367788670134,,,,1,4,Bot,,,,,,,-10.318986333940074,-123.04508650750157,-2.1871545797059966,-9.615365019754181,26.00986692035357,-26.51759680376013,3.67294207909406,1.73278260666206,,,,85.4,2805,7,813061,672386,665489,676391,680718,665926,676914,662139,623993,53.53,,,,,,,,40,5,Sweeper,3,6,3,6,6,3,3,6,Infield shade,Standard,307,0.007,0.104,,,,-0.104,,-3,-3,0.188,0.188,23,25,24,26,1,1,2,2,1,1,2.67,-1.17,-1.17,38.8,,,,,
FF,2025-10-07,98.2,-1.69,6.02,"Lukes, Nathan",664770,670280,,ball,,,,,11,Ball,D,L,R,NYY,TOR,B,,,1,2,2025,-0.45,1.53,-0.21493481036292278,5.635899759546728,,,,1,9,Top,,,,,,,5.042442581848967,-142.94812521979392,0.9295419192767969,-7.3700119417399526,35.59435563482008,-11.7499187178632,3.31999928007563,1.52751097182285,,,,98.1,2344,6.4,813061,669224,502671,665862,676609,683011,641355,663757,592450,54.12,,,,,,,,79,4,4-Seam Fastball,9,6,6,9,6,9,6,9,Infield shade,Standard,214,-0.001,0.048,,,,-0.048,,3,-3,0.988,0.01200000000000001,30,30,31,31,1,0,5,2,1,1,0.84,0.45,-0.45,40.3,,,,,
FF,2025-10-07,95,-2.5,5.38,"Varsho, Daulton",662139,642207,,foul,,,,,1,Foul,D,L,R,NYY,TOR,S,,,0,0,2025,-1.02,1.21,-0.4186175694921904,3.3828423667106686,,,,2,7,Top,,,,,,,7.881835979637787,-138.10873614770182,-2.295551331326651,-14.794265810893323,31.219962438069462,-16.395973768763668,3.37,1.54,188,80.6,62,96.6,2330,7.3,813061,669224,502671,665862,676609,683011,641355,663757,592450,53.22,,,,,,,,64,1,4-Seam Fastball,9,6,6,9,6,9,6,9,Standard,Standard,230,0.001,-0.043,66.7,6.4,,0.043,88.0,3,-3,0.933,0.06699999999999995,30,28,31,29,1,3,6,2,1,1,1.32,1.02,-1.02,23.4,1.774666766333702,19.972611617089292,20.363832542801475,40.192087084407525,20.47491228594823
SL,2025-10-07,89.3,-1.36,5.59,"Santander, Anthony",623993,666808,field_out,hit_into_play,,,,,4,Anthony Santander lines out to right fielder Aaron Judge.,D,L,R,NYY,TOR,X,9,line_drive,1,1,2025,0.61,-0.13,-0.5365614305338332,2.315456760599077,,676391,,1,5,Top,185.38,113.14,,,,,0.7349428759485395,-130.23738474642502,-1.8447009916003494,6.870844751856469,24.93298893498021,-33.51273849075244,3.37,1.58,259,94,16,90.2,2707,6.5,813061,669224,700250,665862,642708,683011,641355,663757,592450,53.98,0.749,0.701,0,1,0,0,4,47,3,Slider,6,6,6,6,6,6,6,6,Standard,Standard,61,0.046,-0.248,73.0,7.8,0.876,0.248,94.0,0,0,0.475,0.525,27,30,28,31,1,2,3,3,1,1,2.96,-0.61,0.61,25.1,8.867523070742585,-19.387566715682354,18.79969834803555,42.24489284962925,38.014611285184586
FF,2025-10-07,93.9,-1.62,5.78,"Chisholm Jr., Jazz",665862,669456,,ball,,,,,13,Ball,D,L,R,NYY,TOR,B,,,0,0,2025,-0.98,1.55,-0.519016392703834,1.1536181396047755,,700250,519317,2,1,Bot,,,,,,,5.042320720792112,-136.38270515108988,-9.684412101944558,-13.360175758933371,31.627790097813506,-10.836098914594157,3.72000216087932,1.78482851789189,,,,94,2406,6.6,813061,672386,665489,643396,676391,665926,676914,662139,623993,53.9,,,,,,,,11,1,4-Seam Fastball,1,2,1,2,2,1,1,2,Standard,Standard,216,0.003,0.024,,,,-0.024,,-1,-1,0.442,0.442,30,27,30,27,1,0,11,2,8,1,1.06,0.98,-0.98,39.1,,,,,
SI,2025-10-07,86.1,4,2.86,"Springer, George",543807,657612,,foul,,,,,14,Foul,D,R,L,NYY,TOR,S,,,2,0,2025,1.1,-0.46,1.0373286035022398,2.580760040836118,,,,1,6,Top,,,,,,,-9.27557863245743,-124.85142720007919,6.610539502481748,13.44195488084996,26.499963387682246,-38.652731778780314,3.58,1.65,264,84.9,39,86,2183,6.6,813061,669224,700250,665862,642708,683011,641355,663757,592450,53.94,,,,,,,,55,3,Sinker,8,6,6,8,6,8,6,8,Strategic,Standard,85,0.007,-0.066,75.2,7.1,,0.066,88.0,2,-2,0.799,0.20099999999999996,35,35,35,36,1,3,3,2,,1,3.57,1.1,-1.1,-28.2,2.6048558725001487,22.030896273613713,29.45796507987788,47.153380590124584,9.04201047601868
FF,2025-10-07,94.9,-2.44,6,"Schneider, Davis",676914,518585,,foul,,,,,2,Foul,D,R,R,NYY,TOR,S,,,0,0,2025,-0.34,1.64,-0.023987737595940195,2.865495730079129,,,,1,4,Top,,,,,,,7.124348500860115,-137.92610899369103,-6.218940478956383,-6.012850675890718,32.388301023713616,-10.0220629948386,3.1,1.52,248,78.6,28,95.3,2334,6.7,813061,669224,700250,665862,642708,683011,641355,663757,592450,53.78,,,,,,,,36,1,4-Seam Fastball,3,6,6,3,6,3,6,3,Infield shade,Standard,211,0.001,-0.039,71.8,6.3,,0.039,88.0,-3,3,0.199,0.8009999999999999,35,26,35,26,1,2,3,2,,5,0.91,0.34,0.34,43.9,13.838127467513337,10.237320977346705,30.720651244845538,34.14071661347317,27.10100781384642
SL,2025-10-07,90.8,-1.4,6.05,"Judge, Aaron",592450,667297,field_out,hit_into_play,,,,,9,"Aaron Judge grounds out softly, third baseman Addison Barger to first baseman Vladimir Guerrero Jr. Austin Wells to 2nd.",D,R,R,NYY,TOR,X,5,ground_ball,0,0,2025,-0.11,0.29,0.6143230886756587,2.418920170447031,,,669224,1,8,Bot,102.61,170.95,,,,,5.240830561088909,-132.13814727109406,-3.786274694364147,-2.4297756702695223,27.350729142698782,-28.187530038971982,4.1,1.88,3,44.6,-44,90.4,2699,5.9,813061,672386,665489,676391,680718,665926,664770,662139,623993,54.55,0.278,0.25,0,1,0,0,1,74,1,Slider,9,6,9,6,6,9,9,6,Standard,Standard,275,-0.002,-0.318,83.1,8.4,0.279,0.318,88.0,3,3,0.973,0.973,34,33,34,33,1,4,2,2,,1,2.47,0.11,0.11,37.9,-3.4347802221238433,-21.82986159873839,42.114664385445685,48.822078266016646,34.28896864201867
SI,2025-10-07,91.6,3.51,5.83,"Crawford, J.P.",641487,676428,,called_strike,,,,,5,Called Strike,D,L,L,DET,SEA,S,,,0,0,2025,1.23,0.05,0.01808405355780862,2.6349596915386186,,,,2,6,Top,,,,,,,-11.33195331470644,-132.86493331675553,-2.233922621773493,17.081658021325772,29.697198774302205,-31.232479220236076,3.39266747944915,1.59910095748039,,,,90.4,2070,5.8,813056,693307,679529,650402,656716,595879,682985,678009,681481,54.69,,,,,,,,47,1,Sinker,1,4,4,1,4,1,4,1,Standard,Strategic,124,0.001,-0.043,,,,0.043,,-3,3,0.157,0.843,26,30,27,30,1,2,2,2,,1,2.69,1.23,1.23,30.2,,,,,
SL,2025-10-07,87.8,-2.13,5.33,"Volpe, Anthony",683011,684320,,foul_tip,,,,,5,Foul Tip,D,R,R,NYY,TOR,S,,,1,0,2025,0.4,0.17,0.026688377385763296,2.686873033018382,,,,2,7,Bot,,,,,,,4.3923820258622746,-127.72120163664364,-0.558033433182086,3.368140891941379,29.40674454536583,-30.403154427548817,3.45,1.62,,,,87.5,2704,6.4,813061,672386,665489,676391,680718,665926,676914,662139,623993,54.12,,,,,,,,67,2,Slider,9,6,9,6,6,9,9,6,Standard,Standard,60,0,-0.054,75.9,6.3,,0.054,,3,3,0.931,0.931,28,24,28,24,1,3,10,2,1,1,2.81,-0.4,-0.4,26.1,0.9603212618142137,30.38495241240728,29.316178676438785,40.55685920578033,15.07124266380073
FF,2025-10-07,96.4,-2.16,5.73,"Polanco, Jorge",593871,672456,,ball,,,,,11,Ball,D,L,R,DET,SEA,B,,,1,0,2025,-0.29,1.62,-1.3164059787599183,3.4756514230458238,,,,2,7,Top,,,,,,,2.9154414803901716,-140.21989646304328,-4.036845664131716,-4.537456646870284,35.29641425992426,-10.263381516509664,3.3077387963948,1.53986673128428,,,,95.9,2299,6.3,813056,693307,679529,650402,656716,595879,682985,678009,681481,54.2,,,,,,,,54,2,4-Seam Fastball,1,5,5,1,5,1,5,1,Infield shade,Standard,211,-0.001,0.065,,,,-0.065,,-4,4,0.068,0.9319999999999999,24,31,25,32,1,3,3,2,3,1,0.86,0.29,-0.29,40.9,,,,,
SL,2025-10-07,88.4,-0.8,5.81,"Torkelson, Spencer",679529,669302,field_out,hit_into_play,,,,,8,"Spencer Torkelson grounds out, third baseman Eugenio Suárez to first baseman Josh Naylor.",D,R,R,DET,SEA,X,5,ground_ball,2,0,2025,0.08,0.29,0.020213516167723867,1.8905994189081747,,,,0,2,Bot,105.85,172.11,,,,,1.8706795511687728,-128.4772207951544,-3.9915138820705742,0.3835216133412362,33.46813209722752,-28.20060319933789,3.55,1.69,14,72,-6,89.2,1814,7.4,813056,663728,647304,593871,553993,641487,668227,677594,645302,53.08,0.06,0.056,0,1,0,0,2,12,3,Slider,0,0,0,0,0,0,0,0,Infield shade,Standard,161,-0.034,-0.378,83.3,8.8,0.081,0.378,88.0,0,0,0.562,0.562,28,25,28,26,1,0,10,2,3,1,2.69,-0.08,-0.08,48.5,25.83128957600609,-32.14927421548431,40.74762525803116,36.18004670755092,47.370282596954766
CU,2025-10-07,78.6,-1.88,5.91,"Lukes, Nathan",664770,670280,,called_strike,,,,,5,Called Strike,D,L,R,NYY,TOR,S,,,1,1,2025,0.63,-0.2,-0.22621857234601972,2.7192817601102988,,,,1,9,Top,,,,,,,2.4020514595530376,-114.42584081318633,0.27199672117537,5.131232422415483,21.006543458643247,-34.163919737154544,3.32000193635643,1.53153934997791,,,,78.4,2443,6.1,813061,669224,502671,665862,676609,683011,641355,663757,592450,54.37,,,,,,,,79,3,Curveball,9,6,6,9,6,9,6,9,Standard,Standard,52,0.002,-0.064,,,,0.064,,3,-3,0.986,0.014000000000000012,30,30,31,31,1,0,5,2,1,1,3.88,-0.63,0.63,34.1,,,,,
SL,2025-10-07,86.2,-2.6,4.92,"Meadows, Parker",678009,666374,,ball,,,,,13,Ball,D,L,R,DET,SEA,B,,,0,1,2025,0.79,-0.03,-1.9222929048787807,1.4072259210111229,,,,2,7,Bot,,,,,,,-0.005450640663022088,-125.5802483905012,-2.0085467092242952,8.291418114970712,27.895738408725187,-32.31652371940818,3.41889694343055,1.70256714620813,,,,86.3,2917,6.5,813056,663728,647304,593871,553993,641487,668227,677594,645302,54.01,,,,,,,,58,2,Slider,1,5,1,5,5,1,1,5,Standard,Standard,52,0.001,0.027,,,,-0.027,,-4,-4,0.041,0.041,27,25,27,26,1,2,2,2,3,1,3.12,-0.79,0.79,24.2,,,,,
SI,2025-10-07,93.6,2.08,5.61,"Torkelson, Spencer",679529,657571,,ball,,,,,13,Ball,D,R,L,DET,SEA,B,,,2,1,2025,1.39,0.75,-1.1331112487808905,1.9630718314599713,,668670,663330,0,9,Bot,,,,,,,-11.345678441019894,-135.66654852453607,-5.275040975783558,19.65997214933112,31.088906463892194,-21.896477668527343,3.54999889030051,1.67626165080422,,,,93.4,2193,6.5,813056,663728,647304,593871,553993,641487,668227,677594,645302,53.99,,,,,,,,74,4,Sinker,1,8,1,8,8,1,1,8,Infield shade,Standard,146,0.004,0.177,,,,-0.177,,-7,-7,0.01,0.01,28,25,29,26,1,3,3,2,8,1,1.88,1.39,-1.39,44.9,,,,,
SL,2025-10-07,86.1,-2.7,5.45,"Polanco, Jorge",593871,656427,,ball,,,,,14,Ball,D,L,R,DET,SEA,B,,,1,2,2025,0.58,0.22,0.9900898047133383,0.8932577231039609,,,,0,2,Top,,,,,,,7.581035233021144,-125.2316116481693,-5.053241747657257,4.750672272259169,23.360196900780952,-29.11485070191466,3.13281186674956,1.46870582808334,,,,86.5,2505,6.4,813056,693307,679529,650402,656716,595879,682985,678009,681481,54.11,,,,,,,,8,4,Slider,0,0,0,0,0,0,0,0,Infield shade,Standard,137,-0.004,0.043,,,,-0.043,,0,0,0.507,0.493,29,31,30,32,1,0,5,2,3,1,2.84,-0.58,0.58,28.1,,,,,
CH,2025-10-07,86.6,-2.36,5.43,"Arozarena, Randy",668227,592454,,foul,,,,,8,Foul,D,R,R,DET,SEA,S,,,3,2,2025,-1.04,0.34,-0.10547234688818619,2.205681197505782,,686527,641487,1,4,Top,,,,,,,7.508937553949913,-126.01343093066001,-2.205774989831121,-12.563293859921094,24.826199157780675,-28.303312514295552,3.41,1.7,,,,86.9,1372,6.4,813056,693307,679529,650402,656716,595879,682985,678009,681481,54.09,,,,,,,,31,6,Changeup,0,3,3,0,3,0,3,0,Standard,Standard,249,0,0,70.7,7.9,,0,,-3,3,0.16,0.84,35,30,36,30,1,2,3,2,3,1,2.69,1.04,1.04,29.0,9.485425315899151,-21.162877465804677,27.366436341530772,31.418227401108958,37.55862401402824
FC,2025-10-07,91.6,3.61,5.81,"Wells, Austin",669224,689254,,ball,,,,,12,Ball,D,L,L,NYY,TOR,B,,,1,2,2025,-0.49,0.92,0.3936954196305509,4.340881805295696,,,,1,4,Bot,,,,,,,-7.09816854254114,-133.2934664685086,0.1348648620263203,-4.494821290408895,26.577658383834844,-21.407840349936823,3.65166213852062,1.79760982229834,,,,92.5,2728,6.6,813061,672386,665489,676391,680718,665926,676914,662139,623993,53.86,,,,,,,,40,4,Cutter,3,6,3,6,6,3,3,6,Infield shade,Standard,161,0.002,0.048,,,,-0.048,,-3,-3,0.186,0.186,23,25,24,26,1,1,2,2,1,1,1.78,-0.49,-0.49,33.0,,,,,
FF,2025-10-07,99.8,-2.78,5.44,"Stanton, Giancarlo",519317,686973,,called_strike,,,,,5,Called Strike,D,R,R,NYY,TOR,S,,,0,0,2025,-0.6,1.26,0.2544330746278922,2.538085594562255,,,,0,5,Bot,,,,,,,9.78956069164763,-144.9074891884117,-5.519167013195636,-10.87188613820322,36.971357738117376,-13.310252985335698,3.79999907117956,1.87379240242797,,,,99.8,2278,6.6,813061,672386,665489,676391,680718,665926,676914,662139,623993,53.91,,,,,,,,49,1,4-Seam Fastball,6,6,6,6,6,6,6,6,Standard,Standard,222,-0.005,-0.039,,,,0.039,,0,0,0.567,0.567,27,35,28,36,1,2,2,2,1,1,1.06,0.6,0.6,39.2,,,,,
FC,2025-10-07,97.1,-1.58,5.44,"Santander, Anthony",623993,666808,,foul,,,,,13,Foul,D,L,R,NYY,TOR,S,,,1,0,2025,-0.12,1.07,-0.8729641904244363,2.436296771794734,,676391,,1,5,Top,,,,,,,2.1829029484745646,-141.44838386233837,-5.046495765357624,-2.0772041769699903,28.133353820775838,-16.84018717487795,3.37,1.58,259,76.2,43,97.7,2533,6.3,813061,669224,700250,665862,642708,683011,641355,663757,592450,54.21,,,,,,,,47,2,Cutter,6,6,6,6,6,6,6,6,Infield shade,Standard,207,0.005,-0.042,73.6,6.9,,0.042,88.0,0,0,0.47,0.53,27,30,28,31,1,2,3,3,1,1,1.32,0.12,-0.12,15.0,-6.709710245098254,14.304739793934926,21.898956011811,46.04354537144759,19.12693340650277
CU,2025-10-07,81.8,0.66,6.69,"Wells, Austin",669224,680755,,swinging_strike,,,,,6,Swinging Strike,D,L,R,NYY,TOR,S,,,1,1,2025,0.48,-1.35,0.40839508625412246,2.51532350630218,,642708,,2,5,Bot,,,,,,,-1.4594153523156608,-119.07620311737232,-0.1805280756368275,4.812052595593811,26.05185112712783,-45.129683590702214,3.56,1.63,,,,80.1,2742,5.4,813061,672386,665489,676391,680718,665926,676914,662139,623993,55.07,,,,,,,,53,3,Curveball,7,6,7,6,6,7,7,6,Standard,Standard,15,-0.008,-0.056,73.8,8.5,,0.056,,1,1,0.692,0.692,24,25,25,26,1,2,2,2,1,1,4.8,-0.48,0.48,53.5,21.419785857370375,-40.36477622487081,24.617180611392136,29.910456212958564,48.83954888950454
KC,2025-10-07,83.1,-1.76,5.78,"Stanton, Giancarlo",519317,669456,single,hit_into_play,,,,,13,Giancarlo Stanton singles on a sharp line drive to left fielder Davis Schneider. Aaron Judge scores. Ben Rice to 2nd.,D,R,R,NYY,TOR,X,7,line_drive,1,2,2025,0.75,-1.12,-0.24518255768526964,1.1046241789609685,,592450,700250,2,1,Bot,70.74,117.22,,,,,2.0177634711596366,-120.90234194357349,-1.9678610865679274,6.816341368943137,26.506774275667972,-42.84068476136108,3.8,1.84,161,116.3,7,83,2629,6.5,813061,672386,665489,643396,676391,665926,676914,662139,623993,53.97,0.749,0.756,0.9,1,1,0,5,10,5,Knuckle Curve,0,2,0,2,2,1,1,2,Infield shade,Standard,33,0.109,0.633,85.1,9.6,0.978,-0.633,116.3,-2,-2,0.333,0.333,30,35,30,36,1,0,11,2,8,1,4.45,-0.75,-0.75,46.1,17.192780713480996,-8.880195708663006,35.20211170183671,39.395483527907295,33.681424275317354
SL,2025-10-07,78.3,4.04,3.17,"Springer, George",543807,657612,,ball,,,,,12,Ball,D,R,L,NYY,TOR,B,,,1,0,2025,-0.2,0.85,1.52678052509449,3.5773055835418814,,,,1,6,Top,,,,,,,-5.0627802869385965,-113.68359967346335,6.278225204442313,-0.6946733590833994,23.172560239660573,-26.373551921670323,3.58000148518825,1.62766394556566,,,,78,2179,6.4,813061,669224,700250,665862,642708,683011,641355,663757,592450,54.07,,,,,,,,55,2,Slider,8,6,6,8,6,8,6,8,Strategic,Standard,180,-0.007,0.071,,,,-0.071,,2,-2,0.806,0.19399999999999995,35,35,35,36,1,3,3,2,,1,2.91,-0.2,0.2,-19.3,,,,,
FC,2025-10-07,93.6,-2.53,5.52,"Kirk, Alejandro",672386,642207,field_out,hit_into_play,,,,,3,Alejandro Kirk flies out sharply to center fielder Trent Grisham.,D,R,R,NYY,TOR,X,8,fly_ball,1,2,2025,-0.15,1.31,0.2804840364554858,2.7989871879592068,,,,1,7,Top,167.35,57.12,,,,,7.73881262584006,-136.08806881346007,-4.228526066512766,-3.5625885135394046,30.489601582599253,-15.152033031303956,3.12,1.5,364,101.6,28,95.3,2314,7.4,813061,669224,502671,665862,676609,683011,641355,663757,592450,53.13,0.586,1.134258064516129,0,1,0,0,6,63,6,Cutter,9,6,6,9,6,9,6,9,Strategic,Standard,217,0.011,-0.18,74.6,6.7,2.209,0.18,101.6,3,-3,0.922,0.07799999999999996,30,26,31,27,1,3,6,2,1,1,1.3,0.15,0.15,28.2,10.291070910426098,14.569576713726084,11.781356836277208,42.3700548412897,30.01524134151778
FF,2025-10-07,93.5,2.1,6.44,"Guerrero Jr., Vladimir",665489,607074,,ball,,,,,14,Ball,D,R,L,NYY,TOR,B,,,0,0,2025,0.98,1.27,1.3285204064574083,2.7079541234182916,,,676914,1,1,Top,,,,,,,-4.141336671926539,-135.99123770903765,-6.640706984628547,13.047692342359836,30.963757659402273,-15.16312263835447,3.67000123006096,1.84605486071081,,,,93.1,2339,6.2,813061,669224,700250,665862,641857,683011,641355,663757,592450,54.31,,,,,,,,3,1,4-Seam Fastball,0,0,0,0,0,0,0,0,Strategic,Standard,144,-0.004,0.035,,,,-0.035,,0,0,0.498,0.502,32,26,33,26,1,0,6,2,,1,1.35,0.98,-0.98,53.7,,,,,
FS,2025-10-07,82.1,-2.18,6.1,"Springer, George",543807,518585,strikeout,swinging_strike,,,,,9,George Springer strikes out swinging.,D,R,R,NYY,TOR,S,2,,1,2,2025,-0.24,-0.18,0.6676141286906994,1.689885301824979,,,,0,4,Top,,,,,,,6.968977141039013,-119.49420608006088,-3.208959539519513,-3.4733523976412783,19.339941844405,-33.589566334795,3.58,1.65,,,,83.2,806,6.7,813061,669224,700250,665862,642708,683011,641355,663757,592450,53.85,,0,0,1,0,0,,35,4,Split-Finger,3,6,6,3,6,3,6,3,Infield shade,Standard,258,0.009,-0.189,71.9,8.6,,0.189,,-3,3,0.19,0.81,35,35,35,36,1,2,3,2,,1,3.52,0.24,0.24,51.2,25.570145217899313,-36.87293870893938,35.18275481930406,41.69296876058978,46.86256757195868
SI,2025-10-07,87.2,4.08,2.9,"Springer, George",543807,657612,,ball,,,,,14,Ball,D,R,L,NYY,TOR,B,,,0,0,2025,1.3,-0.65,1.6953471692169548,1.8526016586143585,,,,1,6,Top,,,,,,,-8.428074403693548,-126.40565897350287,5.1913773005494495,15.743802061177643,31.06928684069601,-40.66048876690196,3.58000144969731,1.58754187263969,,,,86.6,2103,6.6,813061,669224,700250,665862,642708,683011,641355,663757,592450,53.91,,,,,,,,55,1,Sinker,8,6,6,8,6,8,6,8,Strategic,Standard,83,-0.004,0.039,,,,-0.039,,2,-2,0.81,0.18999999999999995,35,35,35,36,1,3,3,2,,1,3.72,1.3,-1.3,-26.6,,,,,
FF,2025-10-07,94.2,-2.5,6.04,"Springer, George",543807,518585,,ball,,,,,11,Ball,D,R,R,NYY,TOR,B,,,0,2,2025,-0.54,1.42,-1.0297196291751145,3.350364179685009,,,,0,4,Top,,,,,,,5.051594745018604,-137.03222627183027,-4.402678601983898,-8.008994084587796,32.88045767747126,-13.602755938111434,3.51056719458049,1.58245803029835,,,,94.3,2281,6.6,813061,669224,700250,665862,642708,683011,641355,663757,592450,53.93,,,,,,,,35,3,4-Seam Fastball,3,6,6,3,6,3,6,3,Strategic,Standard,210,-0.001,0.024,,,,-0.024,,-3,3,0.191,0.8089999999999999,35,35,35,36,1,2,3,2,,1,1.17,0.54,0.54,41.3,,,,,
SL,2025-10-07,88.5,-1.48,5.57,"Santander, Anthony",623993,666808,,ball,,,,,11,Ball,D,L,R,NYY,TOR,B,,,0,0,2025,0.55,-0.22,-1.5882954300509762,3.121097256725034,,676391,,1,5,Top,,,,,,,-1.3998384620756075,-128.8469905340081,0.566298992433516,6.397015902995103,26.979921807716913,-35.011279827173155,3.37000098891138,1.59389327864843,,,,88.5,2635,6.3,813061,669224,700250,665862,642708,683011,641355,663757,592450,54.2,,,,,,,,47,1,Slider,6,6,6,6,6,6,6,6,Standard,Standard,75,-0.003,0.028,,,,-0.028,,0,0,0.473,0.527,27,30,28,31,1,2,3,3,1,1,3.13,-0.55,0.55,19.1,,,,,
FF,2025-10-07,96.4,-1.52,6.06,"Lukes, Nathan",664770,670280,,ball,,,,,12,Ball,D,L,R,NYY,TOR,B,,,0,1,2025,-0.22,1.33,2.0039808013542526,3.950409010780521,,,,1,9,Top,,,,,,,9.867295619868713,-139.9989260911493,-3.011007407596511,-5.175551644463921,33.008906276191986,-14.24476183169949,3.32000064511195,1.50166990152906,,,,96.4,2395,6.5,813061,669224,502671,665862,676609,683011,641355,663757,592450,54.02,,,,,,,,79,2,4-Seam Fastball,9,6,6,9,6,9,6,9,Standard,Standard,206,-0.001,0.029,,,,-0.029,,3,-3,0.987,0.013000000000000012,30,30,31,31,1,0,5,2,1,1,1.14,0.22,-0.22,41.1,,,,,
SI,2025-10-07,91.6,3.47,5.94,"Robles, Victor",645302,676428,field_out,hit_into_play,,,,,4,Victor Robles lines out to shortstop Javier Báez.,D,R,L,DET,SEA,X,6,line_drive,0,0,2025,1.27,0.17,-0.5514005247683429,2.4778647259438396,,,,1,6,Top,108.84,138.38,,,,,-12.715675772624824,-132.77199413979238,-3.1630443670294017,17.786195776222264,28.483517519061316,-29.626912005271883,3.19,1.52,162,99.5,9,90.3,2081,5.7,813056,693307,679529,650402,656716,595879,682985,678009,681481,54.78,0.737,0.683,0,1,0,0,4,46,1,Sinker,1,4,4,1,4,1,4,1,Standard,Standard,126,0.009,-0.254,65.7,6.3,0.824,0.254,99.5,-3,3,0.148,0.852,26,28,27,28,1,2,2,2,,1,2.57,1.27,-1.27,26.1,6.125043652402226,-0.7088623602649373,34.39991490747477,34.38271749345194,21.462798474912805
FF,2025-10-07,96.6,-2.12,5.77,"Polanco, Jorge",593871,672456,,ball,,,,,11,Ball,D,L,R,DET,SEA,B,,,0,0,2025,-0.41,1.55,-0.6724032463043315,3.5409644220468177,,,,2,7,Top,,,,,,,4.779954018613124,-140.51897957286988,-3.8678084053403765,-6.5260524176719406,33.73341435355413,-11.046888793599688,3.40652990529039,1.5543222282831,,,,96.4,2274,6.3,813056,693307,679529,650402,656716,595879,682985,678009,681481,54.16,,,,,,,,54,1,4-Seam Fastball,1,5,5,1,5,1,5,1,Infield shade,Standard,214,0,0.037,,,,-0.037,,-4,4,0.068,0.9319999999999999,24,31,25,32,1,3,3,2,3,1,0.91,0.41,-0.41,41.2,,,,,
FF,2025-10-07,94,-2.94,5.35,"Naylor, Josh",647304,669724,field_out,hit_into_play,,,,,4,Josh Naylor pops out to third baseman Zach McKinstry in foul territory.,D,L,R,DET,SEA,X,5,popup,0,1,2025,-0.78,1.08,-0.6480079176054099,2.688033104743947,,,,2,9,Top,74.97,168.06,,,,,7.6255294870067045,-136.6695947257804,-3.5144881051170502,-11.47585728961554,31.463742031072965,-18.123377852223705,3.22,1.52,174,90,69,93.4,2066,6.1,813056,693307,679529,650402,656716,595879,682985,678009,681481,54.45,0.008,0.009,0,1,0,0,3,71,2,4-Seam Fastball,1,8,8,1,8,1,8,1,Infield shade,Standard,240,0,-0.217,65.6,7.7,0.01,0.217,90.0,-7,7,0.001,0.999,27,28,27,28,1,4,26,2,,1,1.52,0.78,-0.78,26.9,7.123211996270106,-0.4217703505808316,31.31811444923761,40.66508079573914,21.86104637353591
FF,2025-10-07,94.5,2.03,6.49,"Schneider, Davis",676914,607074,walk,ball,,,,,12,Davis Schneider walks.,D,R,L,NYY,TOR,B,,,3,2,2025,0.97,1.39,1.0187044443733222,3.9480306494350406,,,,1,1,Top,,,,,,,-4.791690047950927,-137.53648072359596,-4.030653553863837,13.43018487531587,30.034015496821727,-13.816244419631255,3.10000121157246,1.52001834389896,,,,94.1,2372,6,813061,669224,700250,665862,641857,683011,641355,663757,592450,54.46,,0.691497,0.7,1,0,0,,2,6,4-Seam Fastball,0,0,0,0,0,0,0,0,Infield shade,Standard,145,-0.02,0.339,,,,-0.339,,0,0,0.518,0.482,32,26,33,26,1,0,6,2,,5,1.16,0.97,-0.97,50.6,,,,,
FF,2025-10-07,95.2,-0.49,5.81,"Torkelson, Spencer",679529,669302,,ball,,,,,14,Ball,D,R,R,DET,SEA,B,,,1,0,2025,-0.53,1.4,1.182409886195298,2.2477413756676072,,,,0,2,Bot,,,,,,,5.725106991751347,-138.48033849457426,-7.003103592393243,-8.046893372498907,30.980213514889318,-12.749496804894811,3.54999924310161,1.64291050871376,,,,97.5,2139,7.6,813056,663728,647304,593871,553993,641487,668227,677594,645302,52.9,,,,,,,,12,2,4-Seam Fastball,0,0,0,0,0,0,0,0,Infield shade,Standard,206,0.007,0.077,,,,-0.077,,0,0,0.555,0.555,28,25,28,26,1,0,10,2,3,1,1.11,0.53,0.53,44.5,,,,,
SI,2025-10-07,96.3,-2.38,5.2,"Meadows, Parker",678009,666374,,called_strike,,,,,6,Called Strike,D,L,R,DET,SEA,S,,,0,0,2025,-1.54,0.69,0.6618352199419515,2.4567220314933307,,,,2,7,Bot,,,,,,,11.584844880656423,-139.67915328999487,-3.1904885853716314,-22.87617191876229,34.359633642242315,-22.560987789433504,3.42042401059488,1.77533714492208,,,,96,2247,6.5,813056,663728,647304,593871,553993,641487,668227,677594,645302,54,,,,,,,,58,1,Sinker,1,5,1,5,5,1,1,5,Standard,Standard,233,-0.001,-0.043,,,,0.043,,-4,-4,0.042,0.042,27,25,27,26,1,2,2,2,3,1,1.8,1.54,-1.54,30.2,,,,,
FF,2025-10-07,93.3,2.17,5.69,"Torkelson, Spencer",679529,657571,,ball,,,,,13,Ball,D,R,L,DET,SEA,B,,,1,1,2025,0.13,1.23,-1.2814369959388894,2.3926719607875744,,668670,663330,0,9,Bot,,,,,,,-9.188586334309353,-135.5076051908167,-5.413860758406631,3.662513776174601,30.147736976931615,-16.033679624346693,3.54999892065182,1.68042508705769,,,,93.4,2235,6.5,813056,663728,647304,593871,553993,641487,668227,677594,645302,54.03,,,,,,,,74,3,4-Seam Fastball,1,8,1,8,8,1,1,8,Infield shade,Standard,150,0.001,0.062,,,,-0.062,,-7,-7,0.009,0.009,28,25,29,26,1,3,3,2,8,1,1.41,0.13,-0.13,44.6,,,,,
KC,2025-10-07,79.2,-2.9,5.01,"Polanco, Jorge",593871,656427,,swinging_strike,,,,,5,Swinging Strike,D,L,R,DET,SEA,S,,,1,1,2025,0.93,-0.51,0.12140821709214833,2.1889306249400358,,,,0,2,Top,,,,,,,4.878838930647773,-115.30525030112607,1.5704086745910102,7.348637529405329,21.739757402042788,-37.199493915667894,3.3,1.62,,,,79.4,2408,6.4,813056,693307,679529,650402,656716,595879,682985,678009,681481,54.1,,,,,,,,8,3,Knuckle Curve,0,0,0,0,0,0,0,0,Infield shade,Standard,64,0.006,-0.061,69.3,7.8,,0.061,,0,0,0.501,0.499,29,31,30,32,1,0,5,2,3,1,4.14,-0.93,0.93,20.9,20.835976597115312,-36.38426363391609,26.804996456781105,35.52315704820424,48.62113003417687
SL,2025-10-07,87.8,-1.49,5.9,"Volpe, Anthony",683011,684320,,ball,,,,,13,Ball,D,R,R,NYY,TOR,B,,,0,0,2025,0.44,-0.13,-0.3552293826470147,1.5144500367502163,,,,2,7,Bot,,,,,,,1.8328945891870285,-127.75715097487964,-4.102767762617337,4.2635318058093645,32.026943316633655,-32.75610802628899,3.45000122910294,1.65226146448757,,,,86.9,2770,6.2,813061,672386,665489,676391,680718,665926,676914,662139,623993,54.3,,,,,,,,67,1,Slider,9,6,9,6,6,9,9,6,Standard,Standard,66,0,0.037,,,,-0.037,,3,3,0.931,0.931,28,24,28,24,1,3,10,2,1,1,3.14,-0.44,-0.44,39.9,,,,,
CH,2025-10-07,87.5,-2.2,5.54,"Arozarena, Randy",668227,592454,,ball,,,,,14,Ball,D,R,R,DET,SEA,B,,,2,2,2025,-0.95,0.4,1.0073191953571543,1.009172958470478,,686527,641487,1,4,Top,,,,,,,9.732655860732027,-127.03541158551795,-5.59777889364064,-12.274906304077993,26.183376857254864,-26.847482924419175,3.36812702918274,1.63220013100256,,,,87.7,1400,6.6,813056,693307,679529,650402,656716,595879,682985,678009,681481,53.93,,,,,,,,31,5,Changeup,0,3,3,0,3,0,3,0,Standard,Standard,245,-0.009,0.096,,,,-0.096,,-3,3,0.169,0.831,35,30,36,30,1,2,3,2,3,1,2.59,0.95,0.95,32.0,,,,,
SI,2025-10-07,94.8,-1.26,6.13,"Grisham, Trent",663757,667297,field_out,hit_into_play,,,,,8,Trent Grisham flies out to left fielder Nathan Lukes.,D,L,R,NYY,TOR,X,7,fly_ball,3,2,2025,-1.26,0.7,-0.004019815527348314,1.9020627574390487,,,669224,0,8,Bot,51.71,83.64,,,,,6.0656110868242585,-137.72187426283435,-6.899165534866389,-17.395935281722625,31.85490318658985,-21.837281408832244,3.62,1.73,339,99,36,94.2,2419,6.1,813061,672386,665489,676391,680718,665926,664770,662139,623993,54.38,0.259,0.4998,0,1,0,0,5,73,6,Sinker,9,6,9,6,6,9,9,6,Infield shade,Standard,225,-0.005,-0.313,72.3,7.5,0.992,0.313,99.0,3,3,0.978,0.978,34,28,34,29,1,4,2,2,,1,1.85,1.26,-1.26,42.5,15.11490340641772,7.455053573091315,33.681138763517396,39.16710642329407,21.04338739058973
FC,2025-10-07,91.5,3.53,5.85,"Wells, Austin",669224,689254,,ball,,,,,11,Ball,D,L,L,NYY,TOR,B,,,0,2,2025,-0.22,0.96,-0.6625800212986194,4.157300151829396,,,,1,4,Bot,,,,,,,-10.149960358184765,-132.94819725054955,-0.48374771486204377,-0.6009484330789564,26.43439567597187,-20.8473068264011,3.62157064494804,1.71027691760728,,,,92.1,2698,6.6,813061,672386,665489,676391,680718,665926,676914,662139,623993,53.91,,,,,,,,40,3,Cutter,3,6,3,6,6,3,3,6,Infield shade,Standard,159,0.002,0.017,,,,-0.017,,-3,-3,0.184,0.184,23,25,24,26,1,1,2,2,1,1,1.76,-0.22,-0.22,33.6,,,,,
FC,2025-10-07,93.9,0.48,6.68,"Wells, Austin",669224,680755,,ball,,,,,12,Ball,D,L,R,NYY,TOR,B,,,0,1,2025,0.24,0.94,0.18057685943452392,3.8485192405742583,,642708,,2,5,Bot,,,,,,,-1.274099528618734,-136.79114915550844,-3.6424039050842314,3.3001902416993585,29.94164572923943,-19.788302492778797,3.65228617660525,1.68490906536186,,,,92.4,2350,5.3,813061,672386,665489,676391,680718,665926,676914,662139,623993,55.2,,,,,,,,53,2,Cutter,7,6,7,6,6,7,7,6,Standard,Standard,182,0.003,0.015,,,,-0.015,,1,1,0.689,0.689,24,25,25,26,1,2,2,2,1,1,1.64,-0.24,0.24,49.6,,,,,
KC,2025-10-07,83,-1.51,5.79,"Stanton, Giancarlo",519317,669456,,foul,,,,,14,Foul,D,R,R,NYY,TOR,S,,,1,2,2025,0.8,-1.24,0.7759088921891408,1.4070667048862737,,592450,700250,2,1,Bot,,,,,,,3.6624854723005846,-120.81404198551358,-1.0551315179174896,6.998711652767988,26.300562278791148,-44.26142263267406,3.8,1.84,1,55.5,-51,82.9,2705,6.5,813061,672386,665489,643396,676391,665926,676914,662139,623993,54.05,,,,,,,,10,4,Knuckle Curve,0,2,0,2,2,0,0,2,Infield shade,Standard,32,0,0,79.2,9.2,,0,88.0,-2,-2,0.333,0.333,30,35,30,36,1,0,11,2,8,1,4.58,-0.8,-0.8,44.3,14.133528120293994,4.709541744520113,27.329875338752494,53.16349514887631,25.53731747244034
CH,2025-10-07,85,-2.69,5.15,"Kirk, Alejandro",672386,642207,,foul,,,,,13,Foul,D,R,R,NYY,TOR,S,,,1,2,2025,-1.66,-0.51,-1.2130437661276503,1.4218406210166923,,,,1,7,Top,,,,,,,6.849342298666487,-123.58378920288469,-1.3504984210842423,-18.37540561795334,26.09494625820171,-37.286697707298366,3.12,1.5,3,76.9,-29,85.5,2528,6.8,813061,669224,502671,665862,676609,683011,641355,663757,592450,53.71,,,,,,,,63,5,Changeup,9,6,6,9,6,9,6,9,Strategic,Standard,277,0,0,78.4,7.7,,0,88.0,3,-3,0.922,0.07799999999999996,30,26,31,27,1,3,6,2,1,1,3.68,1.66,1.66,11.0,8.149373491302441,-11.799100899989122,30.379459283231935,24.28846596837549,36.92321423108835
KC,2025-10-07,89.6,-2.85,5.37,"Rice, Ben",700250,686973,strikeout,swinging_strike,,,,,14,Ben Rice strikes out swinging.,D,L,R,NYY,TOR,S,2,,3,2,2025,0.17,-0.58,0.2520129522979496,1.4408016090287923,,,,2,4,Bot,,,,,,,7.408509188872403,-130.37466999595856,-2.506276877424239,0.3574573289144306,26.99709884458324,-38.43929423561111,3.67,1.79,,,,90.7,2484,7,813061,672386,665489,676391,680718,665926,676914,662139,623993,53.54,,0,0,1,0,0,,44,7,Knuckle Curve,6,6,6,6,6,6,6,6,Infield shade,Standard,48,-0.015,-0.328,61.8,8.5,,0.328,,0,0,0.515,0.515,27,26,28,26,1,2,2,2,1,1,3.41,-0.17,0.17,45.2,22.569635261151962,-39.91937731309976,32.68844958506174,34.57479567353251,44.97345171113329
FF,2025-10-07,94.9,-2.38,6,"Springer, George",543807,518585,,foul,,,,,8,Foul,D,R,R,NYY,TOR,S,,,0,1,2025,-0.43,1.44,-0.0035244213147364034,1.8738424969358682,,,,0,4,Top,,,,,,,7.222543937761419,-137.7213711324522,-8.31345576764316,-7.200693055954973,33.48793359991927,-12.171248236596078,3.58,1.65,235,81.5,50,95.1,2362,6.7,813061,669224,700250,665862,642708,683011,641355,663757,592450,53.76,,,,,,,,35,2,4-Seam Fastball,3,6,6,3,6,3,6,3,Strategic,Standard,214,0.003,-0.055,77.5,7.3,,0.055,88.0,-3,3,0.188,0.812,35,35,35,36,1,2,3,2,,1,1.13,0.43,0.43,43.9,4.079600320414285,5.102892356090283,42.095137101817194,35.25266505395082,18.992826929178616
ST,2025-10-07,83.4,3.29,5.9,"Wells, Austin",669224,689254,,swinging_strike,,,,,13,Swinging Strike,D,L,L,NYY,TOR,S,,,0,1,2025,-1.65,0.18,-1.2338438596129389,2.340224417326116,,,,1,4,Bot,,,,,,,-7.24271362670399,-121.23290169112376,-2.0564096073251026,-14.678626961735056,25.07644448494162,-30.23550419538274,3.56,1.63,,,,84.1,2760,7,813061,672386,665489,676391,680718,665926,676914,662139,623993,53.53,,,,,,,,40,2,Sweeper,3,6,3,6,6,3,3,6,Infield shade,Standard,295,-0.004,-0.052,73.8,7.4,,0.052,,-3,-3,0.188,0.188,23,25,24,26,1,1,2,2,1,1,3.12,-1.65,-1.65,38.9,2.9336194263488835,12.66728975388953,28.948403713228966,47.84640953363185,16.761973730604133
SI,2025-10-07,90.9,3.55,5.94,"Garver, Mitch",641598,676428,field_out,hit_into_play,,,,,6,Mitch Garver flies out to right fielder Kerry Carpenter.,D,R,L,DET,SEA,X,9,fly_ball,0,0,2025,1.37,0.12,0.3033366424638664,2.2577744783078755,,,,0,6,Top,196.44,106.09,,,,,-10.90430633188828,-131.8208839778942,-3.3823104105683424,18.528854827471843,33.552652781024605,-30.134626953406283,3.48,1.64,288,95.5,47,88.8,2126,5.6,813056,693307,679529,650402,656716,595879,682985,678009,681481,54.9,0.013,0.021,0,1,0,0,3,45,1,Sinker,1,4,4,1,4,1,4,1,Standard,Standard,121,0.011,-0.259,70.9,7.2,0.036,0.259,95.5,-3,3,0.137,0.863,26,34,27,34,1,0,2,2,,1,2.7,1.37,-1.37,28.4,13.07713870805386,2.8753805643678105,34.88459731599319,40.45736841414505,28.574166708145512
SI,2025-10-07,96.6,-2.21,5.69,"Rodríguez, Julio",677594,672456,field_out,hit_into_play,,,,,7,"Julio Rodríguez grounds out, third baseman Zach McKinstry to first baseman Spencer Torkelson.",D,R,R,DET,SEA,X,5,ground_ball,1,0,2025,-1.4,1.13,-0.5341700697338778,1.8785921928606575,,,,1,7,Top,99.72,160.79,,,,,7.657875600634122,-140.29334649631446,-7.122526166952592,-20.227526385204012,34.27881635423427,-15.726891296320249,3.28,1.52,2,94.5,-39,96.2,2551,6.4,813056,693307,679529,650402,656716,595879,682985,678009,681481,54.13,0.062,0.061,0,1,0,0,2,53,2,Sinker,1,5,5,1,5,1,5,1,Standard,Standard,210,0.004,-0.293,69.2,7.0,0.066,0.293,94.5,-4,4,0.064,0.9359999999999999,24,24,25,25,1,3,3,2,3,1,1.33,1.4,1.4,37.5,0.5971503962754823,12.745377730851907,37.364961851363425,33.1965416467216,19.953431235455007
CH,2025-10-07,88.9,-2.94,5.33,"Naylor, Josh",647304,669724,,foul,,,,,13,Foul,D,L,R,DET,SEA,S,,,0,0,2025,-1.28,0.34,-0.2075111457470069,1.255708629068803,,,,2,9,Top,,,,,,,9.329218578669199,-129.0556219478716,-4.573650244326452,-16.339285260361113,28.203259895208603,-27.55646108435167,3.22,1.52,,,,88.1,1694,6.1,813056,693307,679529,650402,656716,595879,682985,678009,681481,54.44,,,,,,,,71,1,Changeup,1,8,8,1,8,1,8,1,Infield shade,Standard,250,0,-0.043,67.6,8.5,,0.043,,-7,7,0.001,0.999,27,28,27,28,1,4,26,2,,1,2.57,1.28,-1.28,26.8,20.42708469208114,-11.767507171471157,40.98629073730059,35.59288902472607,30.63177635433111
FF,2025-10-07,95.7,-0.57,5.97,"Torkelson, Spencer",679529,669302,,ball,,,,,11,Ball,D,R,R,DET,SEA,B,,,0,0,2025,-0.62,1.47,-0.07112618562674322,3.6849301525461096,,,,0,2,Bot,,,,,,,2.764346322629615,-139.39421737976468,-3.807858166345501,-8.664141294659913,31.839274580387496,-12.315701687132359,3.54999884925267,1.6494381248967,,,,97.7,2106,7.4,813056,663728,647304,593871,553993,641487,668227,677594,645302,53.11,,,,,,,,12,1,4-Seam Fastball,0,0,0,0,0,0,0,0,Infield shade,Standard,202,0.004,0.041,,,,-0.041,,0,0,0.551,0.551,28,25,28,26,1,0,10,2,3,1,1.01,0.62,0.62,46.7,,,,,
SL,2025-10-07,86.6,-2.58,4.96,"Dingler, Dillon",693307,666374,field_out,hit_into_play,,,,,9,"Dillon Dingler grounds out, shortstop J.P. Crawford to first baseman Josh Naylor.",D,R,R,DET,SEA,X,6,ground_ball,1,2,2025,0.82,-0.01,0.43726435974407196,1.6466699151465485,,,,1,7,Bot,111.92,154.4,,,,,5.5476394435388166,-125.9396588099716,-1.6300192671860176,7.47376159278537,27.43065261705624,-32.14401301076117,3.4,1.53,4,97,-23,86.6,2930,6.5,813056,663728,647304,593871,553993,641487,668227,677594,645302,54.02,0.096,0.087,0,1,0,0,2,57,4,Slider,1,5,1,5,5,1,1,5,Infield shade,Standard,56,-0.008,-0.18,72.8,7.5,0.155,0.18,97.0,-4,-4,0.05,0.05,27,26,27,27,1,2,2,2,3,1,3.07,-0.82,-0.82,26.1,3.2097539844474396,12.483521103485948,44.486254058483766,43.72736562561799,18.397455519416532
SI,2025-10-07,93.4,2.29,5.64,"Torkelson, Spencer",679529,657571,,called_strike,,,,,8,Called Strike,D,R,L,DET,SEA,S,,,1,0,2025,1.26,0.8,0.043864033675447,1.9354562586082147,,668670,663330,0,9,Bot,,,,,,,-8.571308227318154,-135.61253192419986,-5.491928062602363,17.47876615033357,31.45539654746558,-21.230636406512804,3.60696677206539,1.74157573901682,,,,93.2,2218,6.5,813056,663728,647304,593871,553993,641487,668227,677594,645302,54.05,,,,,,,,74,2,Sinker,1,8,1,8,8,1,1,8,Infield shade,Standard,146,-0.001,-0.07,,,,0.07,,-7,-7,0.01,0.01,28,25,29,26,1,3,3,2,8,1,1.84,1.26,-1.26,42.4,,,,,
FF,2025-10-07,92.3,-2.75,5.52,"Polanco, Jorge",593871,656427,,foul,,,,,4,Foul,D,L,R,DET,SEA,S,,,1,0,2025,-0.43,1.29,-0.5143367044903104,2.3115239709888136,,,,0,2,Top,,,,,,,6.6345513126974245,-134.17515267636148,-5.135392730419643,-6.6939336467581825,30.08492281108774,-15.626343971278608,3.3,1.62,1,62.2,-57,92.1,2268,6.3,813056,693307,679529,650402,656716,595879,682985,678009,681481,54.17,,,,,,,,8,2,4-Seam Fastball,0,0,0,0,0,0,0,0,Infield shade,Standard,215,0.005,-0.05,69.1,6.7,,0.05,88.0,0,0,0.496,0.504,29,31,30,32,1,0,5,2,3,1,1.39,0.43,-0.43,28.4,5.019778581315531,9.518516299347809,28.3392059444198,41.248220874436,18.655112472876375
FC,2025-10-07,98.1,-1.58,5.4,"Clement, Ernie",676391,666808,double,hit_into_play,,,,,5,Ernie Clement doubles (1) on a line drive to left fielder Cody Bellinger.,D,R,R,NYY,TOR,X,7,line_drive,1,0,2025,-0.06,0.71,-0.21352130298260813,2.12805000267017,,,,1,5,Top,35.15,99.3,,,,,3.8467149070707793,-142.9157808460265,-5.0780221604896925,-1.605985459324815,30.691177231549446,-21.45891524923857,3.34,1.55,331,98.7,23,98.7,2568,6.4,813061,669224,700250,665862,642708,683011,641355,663757,592450,54.1,0.319,0.5216666666666666,1.25,1,1,1,5,46,2,Cutter,6,6,6,6,6,6,6,6,Standard,Standard,197,-0.054,0.602,73.6,7.4,0.952,-0.602,98.7,0,0,0.527,0.473,27,29,28,29,1,2,3,2,1,1,1.64,0.06,0.06,16.0,16.52766781621734,-14.078514887529348,35.12843598187125,35.194103793788024,38.991581290258864
CH,2025-10-07,86.4,-2.47,5.13,"Kirk, Alejandro",672386,642207,,foul,,,,,5,Foul,D,R,R,NYY,TOR,S,,,1,2,2025,-1.56,-0.24,-0.10852318084585488,2.4502461674325406,,,,1,7,Top,,,,,,,8.939446516649943,-125.42558905684524,0.4876800439133282,-18.42448939938997,29.756675731035365,-35.0339184585267,3.12,1.5,194,75.6,62,86.8,2665,7.1,813061,669224,502671,665862,676609,683011,641355,663757,592450,53.41,,,,,,,,63,4,Changeup,9,6,6,9,6,9,6,9,Strategic,Standard,276,0,0,75.8,7.7,,0,88.0,3,-3,0.922,0.07799999999999996,30,26,31,27,1,3,6,2,1,1,3.35,1.56,1.56,15.2,11.799019464582926,-14.66738633158027,21.106888707706286,37.37593499183237,41.79806200289561
FF,2025-10-07,92.9,-1.93,5.83,"Arozarena, Randy",668227,592454,,foul_tip,,,,,1,Foul Tip,D,R,R,DET,SEA,S,,,2,1,2025,-0.54,1.18,-0.28607927603554884,3.0887534549391074,,686527,641487,1,4,Top,,,,,,,5.417137873453161,-135.24343782358082,-3.872353145045783,-7.747477415264283,28.76115530112889,-17.011887172394026,3.41,1.7,,,,93.5,2224,6.5,813056,693307,679529,650402,656716,595879,682985,678009,681481,53.95,,,,,,,,31,4,4-Seam Fastball,0,3,3,0,3,0,3,0,Standard,Standard,203,0.007,-0.063,53.8,5.9,,0.063,,-3,3,0.162,0.838,35,30,36,30,1,2,3,2,3,1,1.45,0.54,0.54,40.2,3.1676661004130873,24.79112663681027,24.720721463954177,30.221378434255925,11.161918622655934
KC,2025-10-07,89.4,-2.95,5.74,"Rice, Ben",700250,686973,,ball,,,,,11,Ball,D,L,R,NYY,TOR,B,,,2,2,2025,0.24,-0.45,-1.1780650484900201,3.8744131910131205,,,,2,4,Bot,,,,,,,3.8729537480373644,-130.13567725986775,2.3606100034713977,2.0078187712454083,26.188810679476553,-38.02388492250996,3.67000137038321,1.78134557095537,,,,90.1,2570,6.6,813061,672386,665489,676391,680718,665926,676914,662139,623993,53.92,,,,,,,,44,6,Knuckle Curve,6,6,6,6,6,6,6,6,Infield shade,Standard,51,0.004,0.104,,,,-0.104,,0,0,0.511,0.511,27,26,28,26,1,2,2,2,1,1,3.29,-0.24,0.24,42.1,,,,,
SI,2025-10-07,96.1,-1.5,5.79,"Goldschmidt, Paul",502671,684320,field_out,hit_into_play,,,,,13,"Paul Goldschmidt grounds out, third baseman Addison Barger to first baseman Vladimir Guerrero Jr.",D,R,R,NYY,TOR,X,5,ground_ball,1,1,2025,-1.51,0.85,-1.016525962743836,2.0068755732797676,,,,1,7,Bot,104.69,171.95,,,,,4.725735398897376,-139.67660958261652,-6.2605513625253595,-20.738483389420466,36.92904254716297,-19.828349518152336,3.37,1.57,11,81.6,-9,95.9,2354,6.6,813061,672386,665489,676391,680718,665926,676914,662139,623993,53.87,0.114,0.107,0,1,0,0,2,66,3,Sinker,9,6,9,6,6,9,9,6,Standard,Standard,217,-0.005,-0.244,75.1,7.2,0.114,0.244,88.0,3,3,0.936,0.936,28,37,28,38,1,0,10,2,1,1,1.66,1.51,1.51,38.3,7.527077650923214,7.178909883023922,37.304349211132376,34.84304081807133,20.17125799417844
SL,2025-10-07,84.5,2.36,6.31,"Schneider, Davis",676914,607074,,ball,,,,,3,Ball,D,R,L,NYY,TOR,B,,,2,2,2025,-0.69,-0.25,0.789914399417505,3.0296969421578868,,,,1,1,Top,,,,,,,-2.2829069076191253,-123.1678549629326,-0.8554035938761956,-6.622936912796246,22.725910474888913,-34.7273724529904,3.09999966314042,1.43009605723299,,,,84.1,2645,5.8,813061,669224,700250,665862,641857,683011,641355,663757,592450,54.71,,,,,,,,2,5,Slider,0,0,0,0,0,0,0,0,Infield shade,Standard,312,-0.006,0.104,,,,-0.104,,0,0,0.524,0.476,32,26,33,26,1,0,6,2,,5,3.41,-0.69,0.69,39.5,,,,,
SL,2025-10-07,87.3,-1.55,5.68,"Stanton, Giancarlo",519317,669456,,ball,,,,,14,Ball,D,R,R,NYY,TOR,B,,,0,2,2025,0.16,0.1,1.9503423352084968,1.5489674927878343,,592450,700250,2,1,Bot,,,,,,,8.170301739582165,-126.92192776664342,-4.07531670362333,0.23378957468323125,23.007612001934916,-30.48691673502008,3.51737813726555,1.6987205209364,,,,88.5,2636,6.8,813061,672386,665489,643396,676391,665926,676914,662139,623993,53.69,,,,,,,,10,3,Slider,0,2,0,2,2,0,0,2,Standard,Standard,59,0.004,0.012,,,,-0.012,,-2,-2,0.329,0.329,30,35,30,36,1,0,11,2,8,1,2.87,-0.16,-0.16,38.2,,,,,
SI,2025-10-07,94,-1.11,6.3,"Grisham, Trent",663757,667297,,called_strike,,,,,4,Called Strike,D,L,R,NYY,TOR,S,,,3,1,2025,-1.4,0.58,-0.3881590894554401,3.0419009513026145,,,669224,0,8,Bot,,,,,,,4.947899868751538,-136.7381287860438,-3.9657215920586752,-18.628987802337925,32.37585385051861,-24.172942068955287,3.61999967473069,1.79577130952788,,,,93.2,2373,6,813061,672386,665489,676391,680718,665926,664770,662139,623993,54.49,,,,,,,,73,5,Sinker,9,6,9,6,6,9,9,6,Infield shade,Standard,226,-0.001,-0.081,,,,0.081,,3,3,0.979,0.979,34,28,34,29,1,4,2,2,,1,2.01,1.4,-1.4,44.4,,,,,
SI,2025-10-07,86.9,3.95,2.9,"Giménez, Andrés",665926,657612,field_out,hit_into_play,,,,,12,Andrés Giménez lines out to right fielder Aaron Judge.,D,L,L,NYY,TOR,X,9,line_drive,1,2,2025,1.32,-0.51,1.1789572169240665,2.6103370551177414,,,,0,6,Top,173.45,106.61,,,,,-9.345968290170994,-126.00848957112886,6.606575796145824,15.934672132458415,25.67142217101179,-39.278264661575946,3.32,1.51,258,85.3,19,87,2043,6.5,813061,669224,700250,665862,642708,683011,641355,663757,592450,53.96,0.8,0.774,0,1,0,0,4,54,4,Sinker,8,6,6,8,6,8,6,8,Standard,Standard,77,0.022,-0.189,64.1,6.1,0.949,0.189,88.0,2,-2,0.788,0.21199999999999997,35,26,35,27,1,2,3,2,,1,3.55,1.32,1.32,-28.5,9.14821850984579,-4.1140726911736305,36.23677167071025,24.47976823104991,31.187085915100276
CU,2025-10-07,81.8,0.45,6.64,"Wells, Austin",669224,680755,,foul,,,,,7,Foul,D,L,R,NYY,TOR,S,,,0,0,2025,0.35,-1.2,-0.49482198181804216,2.1540681191431106,,642708,,2,5,Bot,,,,,,,-2.7803822060986603,-119.13581622135523,-1.181847952213844,3.92479235322157,25.06275593358805,-43.55150243849836,3.56,1.63,57,65.3,10,80.4,2603,5.5,813061,672386,665489,676391,680718,665926,676914,662139,623993,54.97,,,,,,,,53,1,Curveball,7,6,7,6,6,7,7,6,Standard,Standard,23,-0.005,-0.04,73.3,7.3,,0.04,88.0,1,1,0.694,0.694,24,25,25,26,1,2,2,2,1,1,4.63,-0.35,0.35,51.4,-0.8561750474929146,5.891042405116485,36.534829945928344,41.08311351666109,21.75395697084808
FF,2025-10-07,97.8,-1.61,6.01,"Lukes, Nathan",664770,670280,,foul,,,,,12,Foul,D,L,R,NYY,TOR,S,,,0,0,2025,-0.67,1.59,1.0836254385233013,2.437484161520605,,,,1,9,Top,,,,,,,8.802309305388873,-141.89472805781242,-7.741836891629376,-11.157778509037696,35.233214933275775,-9.07556186368601,3.32,1.54,149,62.7,22,97.4,2558,6.4,813061,669224,502671,665862,676609,683011,641355,663757,592450,54.06,,,,,,,,79,1,4-Seam Fastball,9,6,6,9,6,9,6,9,Infield shade,Standard,207,0.002,-0.039,45.7,4.9,,0.039,88.0,3,-3,0.985,0.015000000000000013,30,30,31,31,1,0,5,2,1,1,0.82,0.67,-0.67,39.7,-7.623174914704259,33.46925207195174,38.598450614756665,27.214429850043715,17.395305822422007
SL,2025-10-07,81.1,-2.47,5.94,"Springer, George",543807,518585,,called_strike,,,,,3,Called Strike,D,R,R,NYY,TOR,S,,,0,0,2025,0.95,-0.16,0.4755976887607869,3.1253754389765755,,,,0,4,Top,,,,,,,4.834892925817338,-118.03545142710956,0.6817363029023904,7.8955903439079815,23.326890092463568,-34.03431287204568,3.42484196040229,1.59477504645496,,,,82,2820,7,813061,669224,700250,665862,642708,683011,641355,663757,592450,53.51,,,,,,,,35,1,Slider,3,6,6,3,6,3,6,3,Strategic,Standard,62,0.002,-0.039,,,,0.039,,-3,3,0.186,0.8140000000000001,35,35,35,36,1,2,3,2,,1,3.64,-0.95,-0.95,42.2,,,,,
SI,2025-10-07,94.5,2.07,5.95,"Rice, Ben",700250,663893,sac_fly,hit_into_play,,,,,14,Ben Rice out on a sacrifice fly to right fielder Anthony Santander. Aaron Judge scores.,D,L,L,NYY,TOR,X,9,line_drive,2,0,2025,1.21,-0.31,0.259253202736613,1.530387757765351,592450,641355,,1,6,Bot,161.62,79.14,,,,,-7.335392992340174,-137.28589722854932,-5.009254769317823,17.015887850146786,32.85786728184682,-35.12271065109388,3.67,1.79,311,84.3,25,93.1,2097,5.7,813061,672386,665489,676391,680718,665926,676914,662139,623993,54.79,,0.156,0,1,0,0,3,60,3,Sinker,8,6,8,6,6,9,9,6,Strategic,Standard,112,0.01,-0.238,76.1,7.9,,0.238,88.0,2,2,0.896,0.896,28,26,29,26,1,3,3,2,1,1,2.89,1.21,1.21,30.6,12.46934762617182,-13.362905393057078,39.28585062518779,36.063568230971754,33.494321184514845
SL,2025-10-07,89.8,0.56,6.64,"Volpe, Anthony",683011,680755,strikeout,swinging_strike,,,,,3,Anthony Volpe strikes out swinging.,D,R,R,NYY,TOR,S,2,,3,2,2025,0.18,0.22,0.3502078062568631,3.555778947761245,,642708,,1,5,Bot,,,,,,,-0.8861829101500122,-130.81502696205254,-2.1036414834346617,2.275882596721002,28.351168983241514,-29.404245248976295,3.45,1.62,,,,88.6,2347,5.6,813061,672386,665489,676391,680718,665926,676914,662139,623993,54.93,,0,0,1,0,0,,52,7,Slider,7,6,7,6,6,7,7,6,Standard,Standard,155,-0.036,-0.295,65.9,6.2,,0.295,,1,1,0.73,0.73,24,24,25,24,1,2,2,2,1,1,2.61,-0.18,-0.18,52.0,10.536828007731252,36.36507555288154,27.22924341338954,44.032156139325934,7.486356791061305
FC,2025-10-07,98.7,-1.65,5.39,"Clement, Ernie",676391,666808,,ball,,,,,12,Ball,D,R,R,NYY,TOR,B,,,0,0,2025,-0.01,0.76,1.3048882619234579,2.559730312697887,,,,1,5,Top,,,,,,,8.104497145430061,-143.64012059242688,-4.095072118309117,-1.8901990897383463,30.029838862054802,-20.84954081629851,3.20987382083937,1.47423246838268,,,,99.4,2751,6.5,813061,669224,700250,665862,642708,683011,641355,663757,592450,54.04,,,,,,,,46,1,Cutter,6,6,6,6,6,6,6,6,Standard,Standard,205,-0.003,0.039,,,,-0.039,,0,0,0.53,0.47,27,29,28,29,1,2,3,2,1,1,1.56,0.01,0.01,15.9,,,,,
FF,2025-10-07,91.9,3.66,5.82,"Suárez, Eugenio",553993,676428,strikeout,swinging_strike,,,,,2,Eugenio Suárez strikes out swinging.,D,R,L,DET,SEA,S,2,,2,2,2025,0.31,0.97,0.15364565598561208,3.122835265095378,,,,2,5,Top,,,,,,,-9.46420920257851,-133.57731406700503,-3.05240648165808,5.732549335262756,28.5399970823762,-20.11050701826992,3.48,1.6,,,,91,2103,5.8,813056,693307,679529,650402,656716,595879,682985,678009,681481,54.7,,0,0,1,0,0,,39,5,4-Seam Fastball,0,4,4,0,4,0,4,0,Standard,Standard,128,0.003,-0.224,71.6,6.7,,0.224,,-4,4,0.119,0.881,26,33,27,34,1,2,2,2,,1,1.74,0.31,-0.31,28.8,10.41851713152834,20.387595662298722,35.13084137090796,35.685983222415075,21.334221834461953
SI,2025-10-07,97.4,-2.2,5.71,"Rodríguez, Julio",677594,672456,,ball,,,,,13,Ball,D,R,R,DET,SEA,B,,,0,0,2025,-1.43,1.15,-0.023322514162327446,1.27529262814741,,,,1,7,Top,,,,,,,9.115590532929138,-141.2556626260765,-8.973255686476934,-21.258545697489932,34.21031168698183,-14.744740335083524,3.28000038330936,1.42445682055191,,,,97,2530,6.4,813056,693307,679529,650402,656716,595879,682985,678009,681481,54.1,,,,,,,,53,1,Sinker,1,5,5,1,5,1,5,1,Standard,Standard,212,0,0.039,,,,-0.039,,-4,4,0.064,0.9359999999999999,24,24,25,25,1,3,3,2,3,1,1.28,1.43,1.43,38.5,,,,,
FF,2025-10-07,93.7,-2.86,5.43,"Polanco, Jorge",593871,669724,field_out,hit_into_play,,,,,2,Jorge Polanco flies out to center fielder Parker Meadows.,D,L,R,DET,SEA,X,8,fly_ball,1,0,2025,-0.95,1.04,-0.10712090722025203,3.390431116472967,,,,1,9,Top,125.65,87.73,,,,,9.147027017233494,-136.20414553850173,-1.7750721045030993,-13.915657329102729,31.473357956907567,-19.099108779801178,3.3,1.62,278,95.9,47,92.9,2132,6,813056,693307,679529,650402,656716,595879,682985,678009,681481,54.5,0.018,0.028,0,1,0,0,3,70,2,4-Seam Fastball,1,8,8,1,8,1,8,1,Infield shade,Standard,236,0,-0.293,68.2,6.5,0.045,0.293,95.9,-7,7,0.001,0.999,27,31,27,32,1,4,26,2,,1,1.57,0.95,-0.95,31.9,14.402177463297889,-0.7556804614762411,17.068986369502753,38.7796705069181,24.161507864885596
FS,2025-10-07,82.3,-1.16,5.7,"Greene, Riley",682985,669302,strikeout,swinging_strike_blocked,,,,,14,Riley Greene strikes out swinging.,D,L,R,DET,SEA,S,2,,0,2,2025,-0.08,-0.56,0.017483181104964635,0.1463235746954532,,,690993,2,1,Bot,,,,,,,2.8708114428046385,-119.80961915757848,-5.036156159073498,-1.3111952173011074,24.427425592156936,-36.74584900368432,3.62,1.71,,,,83.6,670,7.2,813056,663728,647304,593871,553993,641487,668227,677594,645302,53.26,,0,0,1,0,0,,7,3,Split-Finger,0,0,0,0,0,0,0,0,Infield shade,Standard,309,-0.013,-0.174,66.8,8.4,,0.174,,0,0,0.513,0.513,28,24,28,25,1,0,10,2,3,1,3.94,0.08,-0.08,35.7,28.166385783467206,-26.766267256224655,49.32213535664713,33.32856588951712,55.056371891512775
SL,2025-10-07,86.8,-2.56,5,"Dingler, Dillon",693307,666374,,ball,,,,,14,Ball,D,R,R,DET,SEA,B,,,0,2,2025,1.12,-0.04,1.4137022401185093,0.8737423784724219,,,,1,7,Bot,,,,,,,7.242389444645737,-126.21599448195501,-3.549981257476235,10.315826255701207,27.62392661370921,-32.06358362174322,3.39999914717631,1.58413958725249,,,,86.8,3044,6.5,813056,663728,647304,593871,553993,641487,668227,677594,645302,54.02,,,,,,,,57,3,Slider,1,5,1,5,5,1,1,5,Infield shade,Standard,51,0.001,0.017,,,,-0.017,,-4,-4,0.049,0.049,27,26,27,27,1,2,2,2,3,1,3.09,-1.12,-1.12,24.3,,,,,
SL,2025-10-07,82.3,-2.67,5.19,"Meadows, Parker",678009,662253,double_play,hit_into_play,,,,,8,"Parker Meadows lines into an unassisted double play, first baseman Josh Naylor. Andy Ibáñez out at 1st.",D,L,R,DET,SEA,X,3,line_drive,2,2,2025,0.57,-0.02,0.21063159727629488,1.6138032164172618,,,628451,1,9,Bot,166.32,159.26,,,,,5.462889877640501,-119.83075166850958,-1.5703772827369948,4.465745295364518,22.51310059051424,-32.256687821614534,3.5,1.71,143,91.1,10,82.8,2209,6.6,813056,663728,647304,593871,553993,641487,668227,677594,645302,53.95,0.595,0.535,0,1,0,0,4,77,5,Slider,4,8,4,8,8,4,4,8,Infield shade,Standard,73,-0.016,-0.223,70.8,8.0,0.603,0.223,91.1,-4,-4,0.016,0.016,26,25,26,26,1,3,2,2,3,1,3.37,-0.57,0.57,30.8,15.366154716988369,-16.660760323471496,36.8413457531722,35.58973783719074,44.8021484525261
SI,2025-10-07,94.4,-2.03,5.6,"Torres, Gleyber",650402,660825,field_out,hit_into_play,,,,,4,Gleyber Torres flies out to right fielder Victor Robles.,D,R,R,DET,SEA,X,9,fly_ball,1,0,2025,-1.43,1.01,-0.7056960848207718,2.682037105674585,,,,2,8,Bot,166.38,72.96,,,,,6.58459699842137,-137.18673632118066,-4.054820513449715,-19.542838807833178,32.96954412921434,-18.737535607804165,3.27,1.54,328,91.6,32,93.3,2346,5.9,813056,663728,647304,593871,553993,641487,668227,677594,645302,54.6,0.089,0.146,0,1,0,0,3,66,2,Sinker,1,6,1,6,6,1,1,6,Standard,Standard,220,-0.002,-0.297,71.5,6.6,0.256,0.297,91.6,-5,-5,0.008,0.008,29,28,30,29,1,3,2,2,1,1,1.57,1.43,1.43,40.0,9.452087160350798,11.056884785123028,33.11960541455246,28.29062771588378,30.040040434714683
SV,2025-10-07,80.3,2.23,5.78,"Torkelson, Spencer",679529,657571,,blocked_ball,,,,,13,Ball In Dirt,D,R,L,DET,SEA,B,,,0,0,2025,-0.75,-1.19,-1.9028349017087935,0.28217472391034626,,668670,663330,0,9,Bot,,,,,,,-7.722491955029478,-116.63258366385072,-3.0868364947477476,-5.093817741792663,25.617317014987467,-42.46557634765935,3.54999963924757,1.65999079386049,,,,79.7,3038,6.4,813056,663728,647304,593871,553993,641487,668227,677594,645302,54.12,,,,,,,,74,1,Slurve,1,8,1,8,8,1,1,8,Infield shade,Standard,327,0.001,0.045,,,,-0.045,,-7,-7,0.009,0.009,28,25,29,26,1,3,3,2,8,1,4.79,-0.75,0.75,46.1,,,,,
FF,2025-10-07,92.2,-2.56,5.55,"Polanco, Jorge",593871,656427,,ball,,,,,13,Ball,D,L,R,DET,SEA,B,,,0,0,2025,-0.43,1.35,-0.8920402077248831,2.3711151663363523,,,,0,2,Top,,,,,,,5.1764063191854985,-134.12904352591914,-5.190613971322123,-6.372925772053358,29.361892066385504,-14.922354715227527,3.26702669716864,1.48807132021708,,,,92.2,2252,6.3,813056,693307,679529,650402,656716,595879,682985,678009,681481,54.18,,,,,,,,8,1,4-Seam Fastball,0,0,0,0,0,0,0,0,Infield shade,Standard,210,-0.004,0.041,,,,-0.041,,0,0,0.5,0.5,29,31,30,32,1,0,5,2,3,1,1.33,0.43,-0.43,26.6,,,,,
SI,2025-10-07,86.5,3.99,2.88,"Giménez, Andrés",665926,657612,,foul,,,,,5,Foul,D,L,L,NYY,TOR,S,,,1,1,2025,1.28,-0.48,-0.045931458355103816,2.6709418799809943,,,,0,6,Top,,,,,,,-12.251723872812265,-125.09618428902988,6.843427689888952,15.937708777100598,26.024012885315816,-39.081553477793136,3.32,1.51,293,97.1,24,86.5,2140,6.7,813061,669224,700250,665862,642708,683011,641355,663757,592450,53.82,,,,,,,,54,3,Sinker,8,6,6,8,6,8,6,8,Standard,Standard,81,0.007,-0.061,71.0,6.4,,0.061,97.1,2,-2,0.781,0.21899999999999997,35,26,35,27,1,2,3,2,,1,3.58,1.28,1.28,-25.3,-1.505726775673985,21.983225697409,30.370509800312387,41.00960417400792,19.487402554185152
CH,2025-10-07,86.1,-2.24,5.44,"Arozarena, Randy",668227,592454,,called_strike,,,,,14,Called Strike,D,R,R,DET,SEA,S,,,2,0,2025,-1.05,0.26,0.8496409587436087,1.7479421770613812,,686527,641487,1,4,Top,,,,,,,9.489988099960534,-125.06180275255814,-3.016567981487788,-12.952133363438152,25.65991090168936,-29.042189462159723,3.38314903263261,1.5381417660569,,,,86.3,1411,6.5,813056,693307,679529,650402,656716,595879,682985,678009,681481,53.97,,,,,,,,31,3,Changeup,0,3,3,0,3,0,3,0,Standard,Standard,252,0.007,-0.068,,,,0.068,,-3,3,0.155,0.845,35,30,36,30,1,2,3,2,3,1,2.83,1.05,1.05,28.1,,,,,
FC,2025-10-07,90.6,3.62,5.8,"Wells, Austin",669224,689254,,swinging_strike,,,,,4,Swinging Strike,D,L,L,NYY,TOR,S,,,0,0,2025,-0.24,1.03,-0.6689120668952225,2.763251252689508,,,,1,4,Bot,,,,,,,-10.242475902171199,-131.70284273635417,-3.9163186125346403,-0.9361687901381578,24.875126862831824,-19.479268154443787,3.56,1.63,,,,91.4,2722,6.6,813061,672386,665489,676391,680718,665926,676914,662139,623993,53.92,,,,,,,,40,1,Cutter,3,6,3,6,6,3,3,6,Infield shade,Standard,157,-0.003,-0.039,72.2,7.4,,0.039,,-3,-3,0.191,0.191,23,25,24,26,1,1,2,2,1,1,1.73,-0.24,-0.24,31.5,9.252780174085943,7.570118296022122,32.19038641725552,39.88317733302701,18.56480978652737
CH,2025-10-07,96,-3.05,5.26,"Rice, Ben",700250,686973,,ball,,,,,13,Ball,D,L,R,NYY,TOR,B,,,1,2,2025,-1.13,0.01,-0.7868905336967109,-0.0008715676476800382,,,,2,4,Bot,,,,,,,8.634768430459935,-139.40667817976384,-8.456803431968552,-16.65342943229906,30.153980088264824,-30.28373812523626,3.67000054117624,1.81034891551361,,,,97.1,1736,6.9,813061,672386,665489,676391,680718,665926,676914,662139,623993,53.56,,,,,,,,44,5,Changeup,6,6,6,6,6,6,6,6,Infield shade,Standard,228,0.002,0.042,,,,-0.042,,0,0,0.509,0.509,27,26,28,26,1,2,2,2,1,1,2.46,1.13,-1.13,33.0,,,,,
FF,2025-10-07,95.3,-1.59,5.78,"Goldschmidt, Paul",502671,684320,,foul,,,,,2,Foul,D,R,R,NYY,TOR,S,,,1,0,2025,-0.24,0.74,0.08200395376187292,2.895052960752924,,,,1,7,Bot,,,,,,,4.9598736736763005,-138.75224965460612,-3.6124580527313364,-4.202372707478265,32.000746379195355,-21.995343867524596,3.37,1.57,327,96.3,35,95.7,2483,6.5,813061,672386,665489,676391,680718,665926,676914,662139,623993,53.96,,,,,,,,66,2,4-Seam Fastball,9,6,9,6,6,9,9,6,Standard,Standard,222,-0.001,-0.049,68.2,6.3,,0.049,96.3,3,3,0.937,0.937,28,37,28,38,1,0,10,2,1,1,1.77,0.24,0.24,36.1,-5.175044179439037,39.52719727734144,25.225869374694497,47.940593391817224,1.9656727308904602
FS,2025-10-07,93.2,-1.59,5.97,"Springer, George",543807,670280,strikeout,swinging_strike,,,,,14,George Springer strikes out swinging.,D,R,R,NYY,TOR,S,2,,1,2,2025,-0.56,0.19,0.4374343066208557,1.4301177146049544,,,,0,9,Top,,,,,,,6.4519401162122465,-135.5287039664252,-6.348582048152983,-8.235833607037874,29.103186879305635,-28.667475704202506,3.58,1.65,,,,93.6,1695,6.5,813061,669224,502671,665862,676609,683011,641355,663757,592450,53.97,,0,0,1,0,0,,78,4,Split-Finger,9,6,6,9,6,9,6,9,Infield shade,Standard,219,0.013,-0.189,75.2,8.0,,0.189,,3,-3,0.972,0.028000000000000025,30,35,31,36,1,4,5,2,1,1,2.44,0.56,0.56,39.8,21.570259807635246,-14.17655142466983,39.65284611478396,40.25480979386714,36.196520322373935
SL,2025-10-07,85,-1.67,5.73,"Stanton, Giancarlo",519317,669456,,swinging_strike,,,,,6,Swinging Strike,D,R,R,NYY,TOR,S,,,0,1,2025,0.12,-0.16,0.3289171074495088,2.4746234976995907,,592450,700250,2,1,Bot,,,,,,,4.469780392516469,-123.89459251557946,-1.064730406274221,0.4015884029568485,22.465022547554426,-33.86235011789398,3.8,1.84,,,,85.8,2585,6.5,813061,672386,665489,643396,676391,665926,676914,662139,623993,53.97,,,,,,,,10,2,Slider,0,2,0,2,2,0,0,2,Standard,Standard,71,-0.011,-0.057,82.4,8.9,,0.057,,-2,-2,0.34,0.34,30,35,30,36,1,0,11,2,8,1,3.28,-0.12,-0.12,39.7,8.912488489229604,8.207566642876385,25.96298911059775,47.68126814586111,17.240449820210245
SI,2025-10-07,95.5,-1.16,6.24,"Grisham, Trent",663757,667297,,called_strike,,,,,2,Called Strike,D,L,R,NYY,TOR,S,,,3,0,2025,-1.37,0.7,-0.15051600356077421,3.3954409797138307,,,669224,0,8,Bot,,,,,,,5.686762886919576,-138.82460408178534,-3.367029545643473,-18.929860580451596,34.4479423663321,-22.545492080150964,3.62000123602466,1.72641559779142,,,,94.5,2404,6,813061,672386,665489,676391,680718,665926,664770,662139,623993,54.5,,,,,,,,73,4,Sinker,9,6,9,6,6,9,9,6,Infield shade,Standard,222,-0.001,-0.089,,,,0.089,,3,3,0.98,0.98,34,28,34,29,1,4,2,2,,1,1.82,1.37,-1.37,44.3,,,,,
FF,2025-10-07,93.8,1.84,6.53,"Schneider, Davis",676914,607074,,ball,,,,,11,Ball,D,R,L,NYY,TOR,B,,,1,2,2025,0.93,1.42,-0.03141112382173228,4.7270117726450795,,,,1,1,Top,,,,,,,-6.858862935972917,-136.4731011411749,-2.0602897588212814,13.18518308020652,31.03886581177204,-14.172064867671239,3.10000213562731,1.49776842128127,,,,93.2,2375,6,813061,669224,700250,665862,641857,683011,641355,663757,592450,54.47,,,,,,,,2,4,4-Seam Fastball,0,0,0,0,0,0,0,0,Infield shade,Standard,144,-0.003,0.048,,,,-0.048,,0,0,0.527,0.473,32,26,33,26,1,0,6,2,,5,1.18,0.93,-0.93,48.6,,,,,
FF,2025-10-07,95.7,-2.31,5.46,"Kirk, Alejandro",672386,642207,,ball,,,,,12,Ball,D,R,R,NYY,TOR,B,,,0,2,2025,-1.18,1.13,0.09981531154919732,4.219345601801974,,,,1,7,Top,,,,,,,9.161981456161058,-138.9134734647581,-0.07949497506244563,-17.428812293699917,36.569595507376256,-17.982713875106974,3.12000013656206,1.40318894432738,,,,96.4,2378,7.2,813061,669224,502671,665862,676609,683011,641355,663757,592450,53.3,,,,,,,,63,3,4-Seam Fastball,9,6,6,9,6,9,6,9,Strategic,Standard,228,-0.001,0.017,,,,-0.017,,3,-3,0.923,0.07699999999999996,30,26,31,27,1,3,6,2,1,1,1.41,1.18,1.18,25.3,,,,,
FF,2025-10-07,94.3,-2.3,6.04,"Giménez, Andrés",665926,518585,field_out,hit_into_play,,,,,7,"Andrés Giménez grounds out, second baseman Jazz Chisholm Jr. to first baseman Ben Rice.",D,L,R,NYY,TOR,X,4,ground_ball,1,0,2025,-0.48,1.32,-0.7014217726025085,1.7311852096139062,,,623993,2,3,Top,146.24,155.23,,,,,5.261191529401166,-136.99519744151817,-8.42041289086952,-7.247480303424254,33.440034020356194,-13.87444350763839,3.32,1.51,22,93.4,-3,94.5,2273,6.7,813061,669224,700250,665862,641857,683011,641355,663757,592450,53.75,0.276,0.251,0,1,0,0,2,27,2,4-Seam Fastball,1,6,6,1,6,1,6,1,Standard,Standard,212,0.008,-0.306,,,0.319,0.306,93.4,-5,5,0.102,0.898,35,26,35,27,1,1,3,2,,1,1.28,0.48,-0.48,44.2,,,,,
SI,2025-10-07,94,2.22,6.14,"Rice, Ben",700250,663893,,ball,,,,,13,Ball,D,L,L,NYY,TOR,B,,,1,0,2025,0.93,-0.31,-1.3153931847430824,1.5577657601059443,592450,641355,,1,6,Bot,,,,,,,-11.074487241367057,-136.39084793866664,-5.366477410068334,14.105239519825172,30.283000683407117,-35.04796552704242,3.71420099544266,1.82627236469779,,,,92.8,2130,5.7,813061,672386,665489,676391,680718,665926,676914,662139,623993,54.76,,,,,,,,60,2,Sinker,8,6,8,6,6,8,8,6,Strategic,Standard,112,0.001,0.012,,,,-0.012,,2,2,0.895,0.895,28,26,29,26,1,3,3,2,1,1,2.91,0.93,0.93,29.3,,,,,
FC,2025-10-07,91.2,3.55,5.9,"Volpe, Anthony",683011,689254,strikeout,swinging_strike,,,,,12,Anthony Volpe strikes out swinging.,D,R,L,NYY,TOR,S,2,,1,2,2025,-0.26,0.85,0.42918971076292006,4.007878547797701,,,,0,4,Bot,,,,,,,-7.348868886236383,-132.86218304521665,-0.8028756246156528,-1.7506076013637726,24.014998497459725,-21.962471230682887,3.45,1.62,,,,92.4,2746,6.6,813061,672386,665489,676391,680718,665926,676914,662139,623993,53.9,,0,0,1,0,0,,39,4,Cutter,3,6,3,6,6,3,3,6,Standard,Standard,164,-0.017,-0.189,60.0,5.6,,0.189,,-3,-3,0.208,0.208,23,24,24,24,1,1,2,2,1,1,1.84,-0.26,0.26,33.1,4.5185182194725355,47.325351224539276,19.438740490843262,42.75888761101776,-1.7194691053231064
CH,2025-10-07,86.4,3.54,5.77,"Suárez, Eugenio",553993,676428,,foul,,,,,8,Foul,D,R,L,DET,SEA,S,,,2,1,2025,1.34,0.12,-0.07972280308091673,1.5914689300006648,,,,2,5,Top,,,,,,,-11.219684057863422,-125.2688682018775,-3.9033063541041115,16.377648965626165,25.009206461440414,-30.295180885093313,3.48,1.6,145,68.8,17,85.5,1679,5.9,813056,693307,679529,650402,656716,595879,682985,678009,681481,54.63,,,,,,,,39,4,Changeup,0,4,4,0,4,0,4,0,Infield shade,Standard,115,0.001,-0.073,76.2,7.8,,0.073,88.0,-4,4,0.118,0.882,26,33,27,34,1,2,2,2,,1,2.95,1.34,-1.34,26.7,8.897053606971472,-0.9802280923641262,43.52679092860122,33.86741972975525,32.0552419353015
KC,2025-10-07,82.6,-2.16,5.82,"Raleigh, Cal",663728,672456,strikeout,swinging_strike,,,,,9,Cal Raleigh strikes out swinging.,D,L,R,DET,SEA,S,2,,0,2,2025,0.88,-0.76,0.34043389594233076,1.7005480270506776,,,,0,7,Top,,,,,,,3.9618199175088753,-120.10295485989691,-1.2779208248036387,7.547519483930316,27.043376701090672,-39.42829241297782,3.59,1.68,,,,82,3116,6.3,813056,693307,679529,650402,656716,595879,682985,678009,681481,54.19,,0,0,1,0,0,,52,3,Knuckle Curve,1,5,5,1,5,1,5,1,Infield shade,Standard,35,0.003,-0.165,66.0,8.7,,0.165,,-4,4,0.061,0.9390000000000001,24,28,25,29,1,3,3,2,3,1,4.15,-0.88,0.88,46.8,20.626346193148468,-24.221111700131484,36.83075852706561,28.62382288701904,43.00285401817435
SL,2025-10-07,85.7,-3.01,5.43,"Polanco, Jorge",593871,669724,,ball,,,,,13,Ball,D,L,R,DET,SEA,B,,,0,0,2025,0.03,0.31,-1.4807243141946702,2.097013227670613,,,,1,9,Top,,,,,,,3.5114766596174047,-124.71334887088864,-2.1839377028133513,-0.41049698955235514,26.278650579258787,-28.744620929858115,3.30000084980019,1.51440030272811,,,,84.9,2287,5.9,813056,693307,679529,650402,656716,595879,682985,678009,681481,54.6,,,,,,,,70,1,Slider,1,8,8,1,8,1,8,1,Infield shade,Standard,123,0,0.039,,,,-0.039,,-7,7,0.001,0.999,27,31,27,32,1,4,26,2,,1,2.81,-0.03,0.03,28.4,,,,,
FS,2025-10-07,82.5,-1.11,5.82,"Greene, Riley",682985,669302,,swinging_strike,,,,,13,Swinging Strike,D,L,R,DET,SEA,S,,,0,1,2025,-0.52,-0.23,-0.7745022170615329,1.1874190350349232,,,690993,2,1,Bot,,,,,,,1.8336632680038187,-120.04975659983728,-3.5735903647406717,-5.415371697253202,25.474637132003505,-33.84867599936061,3.62,1.71,,,,83.9,658,7.5,813056,663728,647304,593871,553993,641487,668227,677594,645302,53.05,,,,,,,,7,2,Split-Finger,0,0,0,0,0,0,0,0,Infield shade,Standard,326,-0.006,-0.055,75.1,8.4,,0.055,,0,0,0.519,0.519,28,24,28,25,1,0,10,2,3,1,3.6,0.52,-0.52,38.6,29.416336445966092,-13.747956935898006,44.56643184609233,42.52954152804038,43.38796751229276
SL,2025-10-07,85.8,-2.5,4.97,"Dingler, Dillon",693307,666374,,foul,,,,,14,Foul,D,R,R,DET,SEA,S,,,0,1,2025,1.2,0.16,0.1948164667865252,1.329210187057757,,,,1,7,Bot,,,,,,,3.9547802389344446,-124.84503124574599,-2.6061836699332632,11.594677619264246,27.805955417010097,-30.156371531983467,3.4,1.53,2,85.6,-28,85.6,2921,6.4,813056,663728,647304,593871,553993,641487,668227,677594,645302,54.09,,,,,,,,57,2,Slider,1,5,1,5,5,1,1,5,Infield shade,Standard,49,-0.002,-0.052,71.2,7.9,,0.052,88.0,-4,-4,0.051,0.051,27,26,27,27,1,2,2,2,3,1,2.96,-1.2,-1.2,27.7,14.886849364941261,3.2444897791349283,46.08756786138162,39.84126126300883,28.63011063502722
SL,2025-10-07,84.8,-2.56,5.14,"Meadows, Parker",678009,662253,,blocked_ball,,,,,14,Ball In Dirt,D,L,R,DET,SEA,B,,,1,2,2025,0.54,0.17,1.1664288101107922,0.6209133933374114,,,628451,1,9,Bot,,,,,,,7.657963765359003,-123.31230278540146,-4.544810329856431,3.923215641743445,25.050767768811124,-29.753361507631794,3.42026112633319,1.62315135336337,,,,84.9,2379,6.4,813056,663728,647304,593871,553993,641487,668227,677594,645302,54.05,,,,,,,,77,4,Slider,4,8,4,8,8,4,4,8,Infield shade,Standard,62,0.002,0.044,,,,-0.044,,-4,-4,0.014,0.014,26,25,26,26,1,3,2,2,3,1,3.01,-0.54,0.54,30.1,,,,,
SI,2025-10-07,94.8,-2.08,5.66,"Torres, Gleyber",650402,660825,,ball,,,,,11,Ball,D,R,R,DET,SEA,B,,,0,0,2025,-1.4,1.08,-0.3468047403117578,4.232283524087258,,,,2,8,Bot,,,,,,,7.597110370376136,-137.88443384022503,-0.45651689251099037,-19.59549190296999,32.829364974386465,-18.52978549690901,3.26999995160273,1.47918641495899,,,,93.7,2295,5.8,813056,663728,647304,593871,553993,641487,668227,677594,645302,54.66,,,,,,,,66,1,Sinker,1,6,1,6,6,1,1,6,Standard,Standard,214,0,0.037,,,,-0.037,,-5,-5,0.008,0.008,29,28,30,29,1,3,2,2,1,1,1.47,1.4,1.4,41.3,,,,,
FF,2025-10-07,94.2,2.23,5.72,"Jones, Jahmai",663330,657571,walk,ball,,,,,12,Jahmai Jones walks. Jake Rogers to 2nd.,D,R,L,DET,SEA,B,,,3,0,2025,0.24,1.51,0.12720287358567528,3.6347266893005203,,,668670,0,9,Bot,,,,,,,-5.970507563554828,-136.95890210336924,-2.9813555181382654,4.448595699775748,33.76659683114229,-12.851161793941628,3.50436771428322,1.61818994391697,,,,93.6,2352,6.3,813056,663728,647304,593871,553993,641487,668227,677594,645302,54.24,,0.691497,0.7,1,0,0,,73,4,4-Seam Fastball,1,8,1,8,8,1,1,8,Standard,Standard,150,0.002,0.17,,,,-0.17,,-7,-7,0.007,0.007,28,27,29,28,1,0,3,3,8,1,1.09,0.24,-0.24,45.2,,,,,
FF,2025-10-07,97.1,-1.62,5.78,"Goldschmidt, Paul",502671,684320,,ball,,,,,14,Ball,D,R,R,NYY,TOR,B,,,0,0,2025,-0.4,0.59,0.15857506139073574,0.6787105246721443,,,,1,7,Bot,,,,,,,5.676787871507763,-141.12893150780087,-9.516522931864566,-6.542052574017522,31.034870911247268,-22.340771125837335,3.3699979903113,1.55253531388912,,,,97.6,2460,6.6,813061,672386,665489,676391,680718,665926,676914,662139,623993,53.94,,,,,,,,66,1,4-Seam Fastball,9,6,9,6,6,9,9,6,Standard,Standard,221,0.001,0.039,,,,-0.039,,3,3,0.936,0.936,28,37,28,38,1,0,10,2,1,1,1.83,0.4,0.4,37.6,,,,,
KC,2025-10-07,79.3,-2.47,5.32,"Rodríguez, Julio",677594,656427,strikeout,swinging_strike_blocked,,,,,14,Julio Rodríguez strikes out swinging.,D,R,R,DET,SEA,S,2,,1,2,2025,0.87,-0.98,0.7171925714188438,0.3167559222943144,,,,2,1,Top,,,,,,,5.3686953394790535,-115.30042758641636,-2.2465757445735384,6.5580975147400284,23.94853300710428,-40.600063989782164,3.28,1.52,,,,79.3,2557,6.6,813056,693307,679529,650402,656716,595879,682985,678009,681481,53.92,,0,0,1,0,0,,3,4,Knuckle Curve,0,0,0,0,0,0,0,0,Standard,Standard,45,0.007,-0.182,26.0,6.7,,0.182,,0,0,0.541,0.45899999999999996,29,24,30,25,1,0,5,2,3,1,4.64,-0.87,-0.87,30.1,12.183366552282084,5.2843625098343106,25.96068379798198,46.351393584750255,37.01172686586526
CU,2025-10-07,85.6,-1.27,6.4,"Grisham, Trent",663757,667297,,ball,,,,,11,Ball,D,L,R,NYY,TOR,B,,,2,0,2025,0.78,-1.2,-1.0796701483733089,3.040685226424541,,,669224,0,8,Bot,,,,,,,-1.1171506410984504,-124.61556620309526,0.8266992652173188,8.325265487091771,28.54539378909793,-44.97239570019631,3.6200004264034,1.70811004002641,,,,84.2,2882,5.6,813061,672386,665489,676391,680718,665926,664770,662139,623993,54.86,,,,,,,,73,3,Curveball,9,6,9,6,6,9,9,6,Infield shade,Standard,22,0.002,0.14,,,,-0.14,,3,3,0.978,0.978,34,28,34,29,1,4,2,2,,1,4.34,-0.78,0.78,46.0,,,,,
CH,2025-10-07,86.3,-2.35,5.49,"Arozarena, Randy",668227,592454,,ball,,,,,14,Ball,D,R,R,DET,SEA,B,,,1,0,2025,-0.94,0.36,1.6480015150481713,2.0228018180802714,,686527,641487,1,4,Top,,,,,,,11.408218956305605,-125.17429123495405,-2.7256343250773187,-12.111577184019998,24.67191458553855,-28.002580378282175,3.41340426208421,1.48557867157011,,,,86.4,1253,6.5,813056,693307,679529,650402,656716,595879,682985,678009,681481,54.02,,,,,,,,31,2,Changeup,0,3,3,0,3,0,3,0,Standard,Standard,251,-0.007,0.071,,,,-0.071,,-3,3,0.162,0.838,35,30,36,30,1,2,3,2,3,1,2.71,0.94,0.94,32.1,,,,,
SI,2025-10-07,86.1,4.03,2.93,"Giménez, Andrés",665926,657612,,called_strike,,,,,12,Called Strike,D,L,L,NYY,TOR,S,,,1,0,2025,1.48,-0.42,0.9437124833261332,2.5581203891159148,,,,0,6,Top,,,,,,,-10.33605820489295,-124.66391277072563,6.338343860091209,17.502914854341032,25.878734526760326,-38.23664040492051,3.40315780626025,1.54551633118805,,,,86,2115,6.6,813061,669224,700250,665862,642708,683011,641355,663757,592450,53.91,,,,,,,,54,2,Sinker,8,6,6,8,6,8,6,8,Standard,Standard,83,0.007,-0.05,,,,0.05,,2,-2,0.774,0.22599999999999998,35,26,35,27,1,2,3,2,,1,3.54,1.48,1.48,-23.6,,,,,
FF,2025-10-07,99.5,-2.93,5.4,"Rice, Ben",700250,686973,,foul,,,,,2,Foul,D,L,R,NYY,TOR,S,,,1,2,2025,-0.57,1.16,-0.15845344669091688,3.551414354550255,,,,2,4,Bot,,,,,,,9.00463228448241,-144.70297782196937,-2.3937930779427967,-10.15942555533077,34.44744585163673,-15.541289691970134,3.67,1.79,103,91.8,79,100,2234,6.7,813061,672386,665489,676391,680718,665926,676914,662139,623993,53.83,,,,,,,,44,4,4-Seam Fastball,6,6,6,6,6,6,6,6,Infield shade,Standard,219,0,0,71.2,6.6,,0,91.8,0,0,0.509,0.509,27,26,28,26,1,2,2,2,1,1,1.15,0.57,-0.57,34.7,10.62335134198452,-0.46454866621914725,27.742878331466443,39.149417734972786,23.96198181011578
SL,2025-10-07,88.4,0.49,6.67,"Volpe, Anthony",683011,680755,,foul,,,,,9,Foul,D,R,R,NYY,TOR,S,,,3,2,2025,0.29,-0.09,0.4580139737969449,1.9652800541217226,,642708,,1,5,Bot,,,,,,,-0.6682339535677794,-128.81092305373298,-5.187721481993268,3.359072272906531,25.007318739073636,-32.404349647602366,3.45,1.62,229,76.4,47,87.5,2486,5.5,813061,672386,665489,676391,680718,665926,676914,662139,623993,55.03,,,,,,,,52,6,Slider,7,6,7,6,6,7,7,6,Standard,Standard,176,0,0,76.1,7.1,,0,88.0,1,1,0.73,0.73,24,24,25,24,1,2,2,2,1,1,2.99,-0.29,-0.29,50.1,12.85658357832068,32.12112046914006,31.453354021147852,44.15137840911288,19.26767526109486
FS,2025-10-07,91.7,-1.66,6,"Springer, George",543807,670280,,swinging_strike,,,,,14,Swinging Strike,D,R,R,NYY,TOR,S,,,1,1,2025,-0.42,0.23,0.8423213527295117,2.575469868244794,,,,0,9,Top,,,,,,,7.244275693933316,-133.3707049410756,-3.2589361481210304,-6.661117412821244,29.429288728196607,-28.970742119420606,3.58,1.65,,,,91.7,1690,6.4,813061,669224,502671,665862,676609,683011,641355,663757,592450,54.12,,,,,,,,78,3,Split-Finger,9,6,6,9,6,9,6,9,Infield shade,Standard,217,0.005,-0.061,75.5,8.2,,0.061,,3,-3,0.967,0.03300000000000003,30,35,31,36,1,4,5,2,1,1,2.49,0.42,0.42,38.7,21.747380015363696,-18.708109743847057,25.47592284803074,45.67952156274572,31.15285785711355
FF,2025-10-07,93.1,-1.59,5.81,"Stanton, Giancarlo",519317,669456,,called_strike,,,,,2,Called Strike,D,R,R,NYY,TOR,S,,,0,0,2025,-0.94,1.48,0.045785516604800236,3.274799200176873,,592450,700250,2,1,Bot,,,,,,,6.294717093392957,-135.37805136037124,-3.9712204785436183,-12.966024614348367,30.581124936529648,-13.349602249539357,3.79999894275485,1.85599874676025,,,,93.4,2385,6.6,813061,672386,665489,643396,676391,665926,676914,662139,623993,53.9,,,,,,,,10,1,4-Seam Fastball,0,2,0,2,2,0,0,2,Standard,Standard,218,-0.007,-0.047,,,,0.047,,-2,-2,0.347,0.347,30,35,30,36,1,0,11,2,8,1,1.16,0.94,0.94,40.7,,,,,
CH,2025-10-07,86.5,-2.53,5.14,"Kirk, Alejandro",672386,642207,,foul,,,,,8,Foul,D,R,R,NYY,TOR,S,,,0,1,2025,-1.6,-0.26,-0.22907382632268547,1.3957419178551724,,,,1,7,Top,,,,,,,8.880031289488878,-125.65077273784847,-2.114058017638573,-18.83943416644428,28.199914093095273,-34.618449927345885,3.12,1.5,4,86.9,-24,87.2,2636,7.1,813061,669224,502671,665862,676609,683011,641355,663757,592450,53.43,,,,,,,,63,2,Changeup,9,6,6,9,6,9,6,9,Strategic,Standard,272,0.004,-0.052,82.6,8.2,,0.052,88.0,3,-3,0.919,0.08099999999999996,30,26,31,27,1,3,6,2,1,1,3.34,1.6,1.6,15.1,13.565372587929584,-14.972899137020494,28.87402232158482,35.61684500208432,42.687409747158334
FF,2025-10-07,92.8,2.04,6.42,"Schneider, Davis",676914,607074,,foul,,,,,12,Foul,D,R,L,NYY,TOR,S,,,1,1,2025,0.91,1.37,0.8978383153604347,2.6927081260763117,,,,1,1,Top,,,,,,,-4.889244396873241,-134.87621596984445,-6.651653729586106,12.155848112676741,32.04369049069439,-14.211013642780417,3.1,1.52,261,78.3,33,92,2236,6.1,813061,669224,700250,665862,641857,683011,641355,663757,592450,54.4,,,,,,,,2,3,4-Seam Fastball,0,0,0,0,0,0,0,0,Infield shade,Standard,142,0.004,-0.064,70.8,7.6,,0.064,88.0,0,0,0.523,0.477,32,26,33,26,1,0,6,2,,5,1.3,0.91,-0.91,44.6,25.62894201798252,-2.3534262224912323,31.505363934936547,43.39251669442521,32.33367510400633
SL,2025-10-07,89.8,-1.41,5.54,"Varsho, Daulton",662139,666808,strikeout,swinging_strike_blocked,,,,,13,Daulton Varsho strikes out swinging.,D,L,R,NYY,TOR,S,2,,1,2,2025,0.45,0.03,-0.3017751384948097,0.5444684996727114,,,,0,5,Top,,,,,,,1.786992688752699,-130.75523441701472,-6.475400492829055,4.819256764939019,26.850959568451678,-30.672542224780656,3.37,1.54,,,,90,2665,6.3,813061,669224,700250,665862,642708,683011,641355,663757,592450,54.16,,0,0,1,0,0,,45,4,Slider,6,6,6,6,6,6,6,6,Standard,Standard,68,0.021,-0.189,72.8,9.2,,0.189,,0,0,0.509,0.491,27,28,28,29,1,2,3,2,1,1,2.78,-0.45,0.45,18.9,21.13477320832834,-31.760841381285402,33.56260420602368,39.36019076642029,46.01391577837812
FS,2025-10-07,80.1,-2.21,6.09,"Giménez, Andrés",665926,518585,,ball,,,,,1,Ball,D,L,R,NYY,TOR,B,,,0,0,2025,-0.53,0.25,-0.7059419571371908,3.310429472165205,,,623993,2,3,Top,,,,,,,4.348653320444193,-116.50221906694493,0.18278028343471298,-5.744303657231674,24.821638614378443,-30.169900628323248,3.32000195803084,1.56148356702617,,,,80,803,6.6,813061,669224,700250,665862,641857,683011,641355,663757,592450,53.95,,,,,,,,27,1,Split-Finger,1,6,6,1,6,1,6,1,Standard,Standard,234,-0.001,0.035,,,,-0.035,,-5,5,0.103,0.897,35,26,35,27,1,1,3,2,,1,3.34,0.53,-0.53,51.2,,,,,
SL,2025-10-07,89,0.51,6.7,"Volpe, Anthony",683011,680755,,ball,,,,,14,Ball,D,R,R,NYY,TOR,B,,,2,2,2025,0.15,0.09,0.47973682192626665,1.0015025127370527,,642708,,1,5,Bot,,,,,,,-0.3928838206137277,-129.61022873371152,-8.074992439660832,1.8297638203389939,25.032685002621786,-29.825523249029825,3.45000084363063,1.63549838993469,,,,88,2477,5.4,813061,672386,665489,676391,680718,665926,676914,662139,623993,55.05,,,,,,,,52,5,Slider,7,6,7,6,6,7,7,6,Standard,Standard,193,0.007,0.068,,,,-0.068,,1,1,0.723,0.723,24,24,25,24,1,2,2,2,1,1,2.77,-0.15,-0.15,52.5,,,,,
FF,2025-10-07,95.7,-2.43,5.46,"Kirk, Alejandro",672386,642207,,called_strike,,,,,9,Called Strike,D,R,R,NYY,TOR,S,,,0,0,2025,-1.25,1.25,0.5791381495566637,1.953662576531511,,,,1,7,Top,,,,,,,10.90571453318172,-138.75741637007226,-6.45746235815116,-18.703483859595277,33.74724283562749,-14.720790965602607,3.11999972855745,1.43353566423558,,,,96.6,2454,7.2,813061,669224,502671,665862,676609,683011,641355,663757,592450,53.3,,,,,,,,63,1,4-Seam Fastball,9,6,6,9,6,9,6,9,Strategic,Standard,233,0.002,-0.039,,,,0.039,,3,-3,0.917,0.08299999999999996,30,26,31,27,1,3,6,2,1,1,1.28,1.25,1.25,23.9,,,,,
CU,2025-10-07,77.3,-1.73,6.12,"Springer, George",543807,670280,,ball,,,,,14,Ball,D,R,R,NYY,TOR,B,,,0,1,2025,0.72,-0.47,1.354240224612849,1.8840908466102095,,,,0,9,Top,,,,,,,5.222572260059605,-112.41006583815611,-1.1278950959256147,5.045805886616964,22.358584270955333,-36.16610224845687,3.5994389536625,1.69775460465135,,,,76.6,2513,6,813061,669224,502671,665862,676609,683011,641355,663757,592450,54.47,,,,,,,,78,2,Curveball,9,6,6,9,6,9,6,9,Infield shade,Standard,40,-0.002,0.031,,,,-0.031,,3,-3,0.969,0.031000000000000028,30,35,31,36,1,4,5,2,1,1,4.32,-0.72,-0.72,46.3,,,,,
ST,2025-10-07,80.7,3.76,5.8,"Suárez, Eugenio",553993,676428,,ball,,,,,14,Ball,D,R,L,DET,SEA,B,,,1,1,2025,-1.28,-0.31,1.2827554434515536,1.9318208735794147,,,,2,5,Top,,,,,,,-3.0277036825319916,-117.5346678064758,-1.3899207485132241,-11.309870987422068,22.283200425398977,-34.9614013464824,3.48000040779355,1.71824356803791,,,,79.6,2714,5.4,813056,693307,679529,650402,656716,595879,682985,678009,681481,55.05,,,,,,,,39,3,Sweeper,0,4,4,0,4,0,4,0,Infield shade,Standard,298,0,0.053,,,,-0.053,,-4,4,0.118,0.882,26,33,27,34,1,2,2,2,,1,3.8,-1.28,1.28,26.1,,,,,
FF,2025-10-07,94.9,-2.24,5.8,"Raleigh, Cal",663728,672456,,swinging_strike,,,,,3,Swinging Strike,D,L,R,DET,SEA,S,,,0,1,2025,-0.79,1.48,0.4766710692049687,3.215992205653971,,,,0,7,Top,,,,,,,8.85576279386359,-137.7926469203296,-4.3263003192175695,-12.19255998844463,33.250442219825246,-12.606262763310092,3.59,1.68,,,,94.3,2490,6.3,813056,693307,679529,650402,656716,595879,682985,678009,681481,54.24,,,,,,,,52,2,4-Seam Fastball,1,5,5,1,5,1,5,1,Infield shade,Standard,210,0.001,-0.055,78.5,7.5,,0.055,,-4,4,0.06,0.94,24,28,25,29,1,3,3,2,3,1,1.08,0.79,-0.79,41.4,17.21664303382217,-8.298446065458416,30.02139821024299,26.798134091824842,33.011167821425104
SI,2025-10-07,94.4,-2.74,5.39,"Rodríguez, Julio",677594,669724,field_out,hit_into_play,,,,,4,Julio Rodríguez flies out sharply to center fielder Parker Meadows.,D,R,R,DET,SEA,X,8,fly_ball,1,0,2025,-1.25,0.32,-0.2973214039558898,2.1197254476805307,,,,0,9,Top,169.59,67.18,,,,,9.070846282467206,-137.16084394497824,-3.494320074175941,-17.739849566439503,30.0077461146291,-27.600890359903417,3.28,1.52,343,100.3,35,93.9,2078,6.1,813056,693307,679529,650402,656716,595879,682985,678009,681481,54.42,0.367,0.7117916666666666,0,1,0,0,5,69,2,Sinker,1,8,8,1,8,1,8,1,Standard,Standard,241,0,-0.301,77.4,7.4,1.412,0.301,100.3,-7,7,0.001,0.999,27,24,27,25,1,4,26,2,,1,2.25,1.25,1.25,28.7,3.6741640984031148,5.569992076437108,29.787131686746903,36.418800763130605,28.211402097046207
SL,2025-10-07,88.6,-1.1,5.98,"Greene, Riley",682985,669302,,called_strike,,,,,5,Called Strike,D,L,R,DET,SEA,S,,,0,0,2025,0.23,0.23,0.04703329516920221,2.7486099855017816,,,690993,2,1,Bot,,,,,,,2.366711228728143,-128.99639940219984,-2.252004311604335,2.0199391457256537,30.719409669946938,-29.34315588565101,3.51539015355182,1.63248858501494,,,,89.9,1907,7.4,813056,663728,647304,593871,553993,641487,668227,677594,645302,53.1,,,,,,,,7,1,Slider,0,0,0,0,0,0,0,0,Infield shade,Standard,116,-0.003,-0.042,,,,0.042,,0,0,0.522,0.522,28,24,28,25,1,0,10,2,3,1,2.71,-0.23,0.23,48.3,,,,,
SL,2025-10-07,87,-2.58,5.15,"Dingler, Dillon",693307,666374,,foul,,,,,2,Foul,D,R,R,DET,SEA,S,,,0,0,2025,1.29,0.05,-0.1062592878523485,3.1954939162106206,,,,1,7,Bot,,,,,,,3.274895708902782,-126.60171628388252,1.4775261477182067,13.035679317908876,28.978770634798444,-32.245250551623,3.4,1.53,244,78.5,38,86.8,2850,6.5,813056,663728,647304,593871,553993,641487,668227,677594,645302,54.05,,,,,,,,57,1,Slider,1,5,1,5,5,1,1,5,Infield shade,Standard,54,-0.002,-0.039,62.2,6.4,,0.039,88.0,-4,-4,0.053,0.053,27,26,27,27,1,2,2,2,3,1,2.99,-1.29,-1.29,29.4,-5.386476071823481,19.84497896292696,37.63003746977305,38.00061462979229,11.641075527240517
SL,2025-10-07,83.7,-2.85,5.2,"Meadows, Parker",678009,662253,,foul,,,,,8,Foul,D,L,R,DET,SEA,S,,,1,1,2025,0.73,-0.36,-0.2313880039496644,2.140616546280591,,,628451,1,9,Bot,,,,,,,4.633929488156874,-121.88194496727324,0.0950126637024904,6.258108287009409,25.071285247447012,-35.98296711755462,3.5,1.71,,,,83.8,2339,6.4,813056,663728,647304,593871,553993,641487,668227,677594,645302,54.06,,,,,,,,77,3,Slider,4,8,4,8,8,4,4,8,Standard,Standard,84,-0.003,-0.056,70.6,7.7,,0.056,,-4,-4,0.017,0.017,26,25,26,26,1,3,2,2,3,1,3.62,-0.73,0.73,29.4,14.601558121845411,-6.8582651008295485,29.875225947682413,41.26089865244843,41.09179608648586
SI,2025-10-07,94.7,-2.21,5.45,"Carpenter, Kerry",681481,660825,strikeout,swinging_strike,,,,,6,Kerry Carpenter strikes out swinging.,D,L,R,DET,SEA,S,2,,0,2,2025,-1.55,0.99,0.28638521608066436,2.7144311362646114,,,,1,8,Bot,,,,,,,9.87225896747203,-137.59533138039131,-3.6490818692718596,-21.89529936894014,29.982827761107806,-18.918480868496268,3.39,1.62,,,,93.8,2306,5.8,813056,663728,647304,593871,553993,641487,668227,677594,645302,54.67,,0,0,1,0,0,,65,3,Sinker,1,6,1,6,6,1,1,6,Infield shade,Standard,220,-0.003,-0.163,60.8,5.1,,0.163,,-5,-5,0.011,0.011,29,27,30,28,1,3,2,2,1,1,1.55,1.55,-1.55,36.6,-16.750563024318218,45.66818551233764,42.23597796722074,34.732268033384734,-2.8733199867728194
FC,2025-10-07,89.8,2.44,5.52,"Jones, Jahmai",663330,657571,,ball,,,,,13,Ball,D,R,L,DET,SEA,B,,,2,0,2025,-0.04,0.9,-0.27909827884053284,1.3427747311159604,,,668670,0,9,Bot,,,,,,,-6.670360811682872,-130.6628993740407,-6.319976046854688,0.8812500508215584,25.554964641668295,-20.76674600212032,3.488307558675,1.57370528217508,,,,90.3,2584,6.4,813056,663728,647304,593871,553993,641487,668227,677594,645302,54.09,,,,,,,,73,3,Cutter,1,8,1,8,8,1,1,8,Standard,Standard,149,0.002,0.14,,,,-0.14,,-7,-7,0.005,0.005,28,27,29,28,1,0,3,3,8,1,1.91,-0.04,0.04,40.2,,,,,
KC,2025-10-07,79.7,-2.4,5.32,"Rodríguez, Julio",677594,656427,,ball,,,,,14,Ball,D,R,R,DET,SEA,B,,,0,2,2025,1,-1.07,1.8902173898679986,-0.9528746580199337,,,,2,1,Top,,,,,,,7.567058883827796,-115.77115388243772,-4.893813190990474,7.201183301638715,25.485420903518865,-40.8506045573567,3.17262852151664,1.317790666726,,,,79.4,2544,6.6,813056,693307,679529,650402,656716,595879,682985,678009,681481,53.89,,,,,,,,3,3,Knuckle Curve,0,0,0,0,0,0,0,0,Standard,Standard,41,-0.001,0.022,,,,-0.022,,0,0,0.542,0.45799999999999996,29,24,30,25,1,0,5,2,3,1,4.73,-1,-1,32.2,,,,,
CH,2025-10-07,87.5,-2.35,5.45,"Arozarena, Randy",668227,592454,,blocked_ball,,,,,14,Ball In Dirt,D,R,R,DET,SEA,B,,,0,0,2025,-1.05,0.5,2.639885617689677,0.320664154389779,,686527,641487,1,4,Top,,,,,,,14.178070798992977,-126.48691179981125,-7.210233493012656,-14.11940625309783,25.732436009119322,-25.32914724206872,3.41000121090194,1.65239345958335,,,,87.4,1290,6.6,813056,693307,679529,650402,656716,595879,682985,678009,681481,53.9,,,,,,,,31,1,Changeup,0,3,3,0,3,0,3,0,Standard,Standard,246,-0.003,0.031,,,,-0.031,,-3,3,0.165,0.835,35,30,36,30,1,2,3,2,3,1,2.51,1.05,1.05,31.6,,,,,
FC,2025-10-07,95.7,1.79,6.18,"Rice, Ben",700250,663893,,ball,,,,,13,Ball,D,L,L,NYY,TOR,B,,,0,0,2025,0.2,0.72,-2.643747814187283,2.129394056908917,592450,641355,,1,6,Bot,,,,,,,-11.9954768035451,-138.88248075686678,-6.621108187401227,5.151919505375983,29.48088115488142,-21.50315169233425,3.57880723562153,1.68922726270915,,,,94.7,2307,5.7,813061,672386,665489,676391,680718,665926,676914,662139,623993,54.76,,,,,,,,60,1,Cutter,8,6,8,6,6,8,8,6,Strategic,Standard,113,0,0.03,,,,-0.03,,2,2,0.895,0.895,28,26,29,26,1,3,3,2,1,1,1.77,0.2,0.2,36.8,,,,,
FC,2025-10-07,89.9,3.63,5.84,"Volpe, Anthony",683011,689254,,foul,,,,,2,Foul,D,R,L,NYY,TOR,S,,,1,1,2025,-0.24,0.87,0.03079055787101244,2.903338747592901,,,,0,4,Bot,,,,,,,-8.48090307873205,-130.7859780267461,-3.175040940296412,-1.0209898604124614,26.656543081405143,-21.738614118573043,3.45,1.62,184,78.8,70,90.7,2801,6.7,813061,672386,665489,676391,680718,665926,676914,662139,623993,53.78,,,,,,,,39,3,Cutter,3,6,3,6,6,3,3,6,Standard,Standard,160,-0.007,-0.061,76.4,7.1,,0.061,88.0,-3,-3,0.215,0.215,23,24,24,24,1,1,2,2,1,1,1.95,-0.24,0.24,34.1,11.739559927780192,8.609259529771279,30.016747136239385,38.62340139731525,22.7517313869635
KC,2025-10-07,89.7,-2.85,5.55,"Rice, Ben",700250,686973,,swinging_strike,,,,,14,Swinging Strike,D,L,R,NYY,TOR,S,,,1,1,2025,0.04,-0.36,0.11332191019956381,1.2288430281318083,,,,2,4,Bot,,,,,,,7.279279103401339,-130.50348015459969,-3.930990676522234,-1.0448690487947907,27.913658431012223,-35.69577060963129,3.67,1.79,,,,90.3,2498,6.7,813061,672386,665489,676391,680718,665926,676914,662139,623993,53.8,,,,,,,,44,3,Knuckle Curve,6,6,6,6,6,6,6,6,Infield shade,Standard,35,-0.003,-0.062,69.0,8.4,,0.062,,0,0,0.512,0.512,27,26,28,26,1,2,2,2,1,1,3.2,-0.04,0.04,43.9,19.99939918191903,-32.29807184681307,34.78440051189633,36.80658578446117,45.82823122998446
CH,2025-10-07,89.1,-1.73,5.69,"Rice, Ben",700250,669456,field_error,hit_into_play,,,,,5,Ben Rice reaches on a fielding error by second baseman Isiah Kiner-Falefa. Aaron Judge to 2nd.,D,L,R,NYY,TOR,X,4,ground_ball,0,0,2025,-1.04,0.13,0.15907969296998892,2.4008812486769746,,,592450,2,1,Bot,145.23,159.79,,,,,6.863502605622054,-129.55899077359004,-2.2929537751405054,-13.191224371289247,27.758882567500244,-30.447463858675427,3.67,1.79,15,103.7,-8,89.4,1370,6.6,813061,672386,665489,643396,676391,665926,676914,662139,623993,53.92,0.322,0.294,0.9,1,0,0,2,9,1,Changeup,0,2,0,2,2,0,0,2,Infield shade,Standard,255,0.022,0.348,70.2,6.9,0.323,-0.348,103.7,-2,-2,0.325,0.325,30,26,30,26,1,0,11,2,8,1,2.75,1.04,-1.04,36.9,4.7192278885497005,2.3609776958171276,35.92761432022035,35.97771222465482,26.99549763986791
SI,2025-10-07,95.4,-1.09,6.27,"Grisham, Trent",663757,667297,,ball,,,,,11,Ball,D,L,R,NYY,TOR,B,,,1,0,2025,-1.43,0.83,-1.3783569957046058,3.211511102010709,,,669224,0,8,Bot,,,,,,,2.435871662892693,-138.7694183626344,-4.203008496439223,-18.916235893482597,34.008068317271615,-20.667573279929965,3.61999898362808,1.67368804291617,,,,94.4,2369,6,813061,672386,665489,676391,680718,665926,664770,662139,623993,54.54,,,,,,,,73,2,Sinker,9,6,9,6,6,9,9,6,Infield shade,Standard,221,0,0.062,,,,-0.062,,3,3,0.978,0.978,34,28,34,29,1,4,2,2,,1,1.69,1.43,-1.43,46.1,,,,,
SL,2025-10-07,90.6,-1.35,5.54,"Varsho, Daulton",662139,666808,,ball,,,,,14,Ball,D,L,R,NYY,TOR,B,,,0,2,2025,0.35,0.17,0.45128749355715414,-0.06465046145374531,,,,0,5,Top,,,,,,,3.775392902755448,-131.6259921141786,-8.359337658301266,3.0923657843863435,31.344222383077664,-28.439724164213867,3.36999849936072,1.60224299387771,,,,90.4,2802,6.5,813061,669224,700250,665862,642708,683011,641355,663757,592450,53.98,,,,,,,,45,3,Slider,6,6,6,6,6,6,6,6,Strategic,Standard,45,-0.003,0.024,,,,-0.024,,0,0,0.512,0.488,27,28,28,29,1,2,3,2,1,1,2.64,-0.35,0.35,22.5,,,,,
SI,2025-10-07,85,3.91,2.89,"Giménez, Andrés",665926,657612,,ball,,,,,14,Ball,D,L,L,NYY,TOR,B,,,0,0,2025,1.19,-0.56,1.2781247013559864,1.5874952256861756,,,,0,6,Top,,,,,,,-8.568183268403082,-123.36388485224822,4.465859721042007,13.917885058155795,25.264359067587048,-39.073465073806716,3.32000128657541,1.46346160248786,,,,85,2095,6.5,813061,669224,700250,665862,642708,683011,641355,663757,592450,54.03,,,,,,,,54,1,Sinker,8,6,6,8,6,8,6,8,Standard,Standard,80,-0.005,0.041,,,,-0.041,,2,-2,0.779,0.22099999999999997,35,26,35,27,1,2,3,2,,1,3.74,1.19,1.19,-27.7,,,,,
SL,2025-10-07,85.7,2.41,6.24,"Schneider, Davis",676914,607074,,called_strike,,,,,8,Called Strike,D,R,L,NYY,TOR,S,,,1,0,2025,-0.36,0.03,0.1046532789490166,1.979473845129732,,,,1,1,Top,,,,,,,-4.677246271408497,-124.7820841901712,-3.8702990723574073,-2.871305445070362,24.085319435331584,-31.293445249288148,3.10000181021606,1.61426801673849,,,,85.2,2589,5.8,813061,669224,700250,665862,641857,683011,641355,663757,592450,54.68,,,,,,,,2,2,Slider,0,0,0,0,0,0,0,0,Infield shade,Standard,285,0.003,-0.049,,,,0.049,,0,0,0.52,0.48,32,26,33,26,1,0,6,2,,5,3.06,-0.36,0.36,39.1,,,,,
SL,2025-10-07,89.4,-1.44,5.97,"Chisholm Jr., Jazz",665862,684320,field_out,hit_into_play,,,,,8,Jazz Chisholm Jr. lines out to left fielder Davis Schneider.,D,L,R,NYY,TOR,X,7,line_drive,2,2,2025,0.55,-0.05,-0.01176486380409697,1.700187692927841,,,,0,7,Bot,90.96,96.06,,,,,2.366168919893364,-130.09429180938116,-4.347702952905847,5.648168759410173,28.99446087081187,-31.970310206255526,3.72,1.74,272,83.6,24,88.7,2860,6,813061,672386,665489,676391,680718,665926,676914,662139,623993,54.52,0.268,0.262,0,1,0,0,3,65,5,Slider,9,6,9,6,6,9,9,6,Infield shade,Standard,203,-0.004,-0.232,69.9,7.8,0.356,0.232,88.0,3,3,0.94,0.94,28,27,28,27,1,3,10,2,1,1,2.91,-0.55,0.55,41.5,-0.9718089039289826,4.572261722909809,32.78303170441336,32.774082855253425,23.721662991088838
KC,2025-10-07,88.6,1.5,6.38,"Bellinger, Cody",641355,663893,double,hit_into_play,,,,,8,"Cody Bellinger doubles (2) on a line drive to center fielder Daulton Varsho, deflected by right fielder Anthony Santander. Aaron Judge to 3rd.",D,L,L,NYY,TOR,X,9,line_drive,0,1,2025,-0.47,-0.82,0.1735696530780309,2.389059081428107,,,592450,1,6,Bot,166.37,93.75,,,,,-2.232211919746512,-129.1172850776401,-1.9965081511725096,-4.791404692618902,27.011603631386674,-41.114079685160135,3.83,1.79,281,89.6,21,87.8,1852,5.7,813061,672386,665489,676391,680718,665926,676914,662139,623993,54.77,0.299,0.31,1.25,1,1,1,3,59,2,Knuckle Curve,8,6,8,6,6,8,8,6,Infield shade,Standard,343,0.052,0.832,70.9,7.8,0.442,-0.832,89.6,2,2,0.843,0.843,28,29,29,30,1,3,3,2,1,1,3.71,-0.47,-0.47,50.5,13.88947690631354,2.8757066845740136,35.50569514658661,28.46606306274546,29.491057099101784
CH,2025-10-07,86.8,3.7,5.79,"Suárez, Eugenio",553993,676428,,ball,,,,,14,Ball,D,R,L,DET,SEA,B,,,0,1,2025,1.14,0,1.1289659375754595,1.3328243435345706,,,,2,5,Top,,,,,,,-8.385453619745153,-126.17815680167969,-4.436138817199744,13.883528405697167,25.491430964497066,-31.50452375390422,3.52192273925121,1.50039064921185,,,,85.9,1632,5.7,813056,693307,679529,650402,656716,595879,682985,678009,681481,54.76,,,,,,,,39,2,Changeup,0,4,4,0,4,0,4,0,Standard,Standard,111,-0.001,0.027,,,,-0.027,,-4,4,0.119,0.881,26,33,27,34,1,2,2,2,,1,3.03,1.14,-1.14,23.8,,,,,
KC,2025-10-07,80.8,-2.13,5.79,"Raleigh, Cal",663728,672456,,called_strike,,,,,6,Called Strike,D,L,R,DET,SEA,S,,,0,0,2025,0.89,-0.83,0.44950144443395157,2.5567438739716337,,,,0,7,Top,,,,,,,4.031194436450187,-117.57050148037247,1.1419443038945492,7.289298865665917,25.666324848858537,-40.315684005355244,3.49380268743056,1.46190080306203,,,,80.2,3183,6.2,813056,693307,679529,650402,656716,595879,682985,678009,681481,54.3,,,,,,,,52,1,Knuckle Curve,1,5,5,1,5,1,5,1,Infield shade,Standard,43,0.001,-0.039,,,,0.039,,-4,4,0.059,0.9410000000000001,24,28,25,29,1,3,3,2,3,1,4.37,-0.89,0.89,44.7,,,,,
SI,2025-10-07,95.3,-2.69,5.46,"Rodríguez, Julio",677594,669724,,ball,,,,,12,Ball,D,R,R,DET,SEA,B,,,0,0,2025,-1.22,0.23,0.7553414284867594,3.3865117439830836,,,,0,9,Top,,,,,,,11.692789096674469,-138.3243404016006,-0.3061325650371678,-18.257172662325416,30.43880374585729,-29.338317420488515,3.21007135388485,1.52652692833266,,,,94.6,2060,6,813056,693307,679529,650402,656716,595879,682985,678009,681481,54.52,,,,,,,,69,1,Sinker,1,8,8,1,8,1,8,1,Standard,Standard,237,0,0.041,,,,-0.041,,-7,7,0.001,0.999,27,24,27,25,1,4,26,2,,1,2.29,1.22,1.22,28.2,,,,,
CH,2025-10-07,85.9,-2.49,5.15,"Guerrero Jr., Vladimir",665489,642207,field_out,hit_into_play,,,,,14,Vladimir Guerrero Jr. pops out to second baseman Jazz Chisholm Jr.,D,R,R,NYY,TOR,X,4,popup,3,2,2025,-1.53,-0.21,0.7723702587830792,1.4182100287339883,,,,0,7,Top,129.1,130.23,,,,,10.973849455810605,-124.63847674360606,-2.080609314400708,-18.180436060625084,26.67137230674958,-34.158621341022744,3.67,1.68,175,66.2,49,86.7,2670,7.1,813061,669224,502671,665862,676609,683011,641355,663757,592450,53.38,0.132,0.118,0,1,0,0,3,62,6,Changeup,9,6,6,9,6,9,6,9,Standard,Standard,279,0.031,-0.345,67.5,8.8,0.132,0.345,88.0,3,-3,0.886,0.11399999999999999,30,26,31,26,1,3,6,2,1,1,3.34,1.53,1.53,13.3,4.656613900426033,-21.501466155137916,26.941257911426963,43.913500324389325,42.21471770227863
FF,2025-10-07,95.9,-1.05,5.87,"Keith, Colt",690993,669302,force_out,hit_into_play,,,,,6,"Colt Keith grounds into a force out, second baseman Jorge Polanco to shortstop J.P. Crawford. Gleyber Torres out at 2nd. Colt Keith to 1st.",D,L,R,DET,SEA,X,4,ground_ball,0,0,2025,-0.33,1.65,0.4910856954163222,2.365763654502742,,,650402,1,1,Bot,161.37,141.41,,,,,4.920917276725205,-139.40188760779407,-7.503280310042533,-5.446855373773779,35.2398319170978,-9.136661987073403,3.35,1.59,118,75.2,11,97.6,2133,7.6,813056,663728,647304,593871,553993,641487,668227,677594,645302,52.89,0.334,0.301,0,1,0,0,4,6,1,4-Seam Fastball,0,0,0,0,0,0,0,0,Standard,Standard,206,-0.029,-0.318,73.1,6.6,0.334,0.318,88.0,0,0,0.551,0.551,28,23,28,24,1,0,10,2,3,1,0.86,0.33,-0.33,43.2,2.7770016082422955,1.0347561234439777,37.274922277419954,29.610613080283418,29.77496675815919
SL,2025-10-07,84,-2.59,4.93,"McKinstry, Zach",656716,666374,field_out,hit_into_play,,,,,1,"Zach McKinstry grounds out, shortstop J.P. Crawford to first baseman Josh Naylor.",D,L,R,DET,SEA,X,6,ground_ball,3,2,2025,1.22,0.15,-0.720890142019281,3.0310221919302873,,,,0,7,Bot,123.57,151.36,,,,,1.912443446007472,-122.2372599168835,1.766733014104983,11.767844262391552,26.20062998995323,-31.293710370799303,3.28,1.52,17,84.9,-8,84.1,2852,6.6,813056,663728,647304,593871,553993,641487,668227,677594,645302,53.92,0.115,0.107,0,1,0,0,2,56,6,Slider,1,5,1,5,5,1,1,5,Infield shade,Standard,60,-0.023,-0.345,59.6,6.1,0.116,0.345,88.0,-4,-4,0.076,0.076,27,30,27,30,1,2,2,2,3,1,3.1,-1.22,1.22,27.8,0.6410630608860834,14.43379892819988,28.03320577180506,40.99463628704012,15.138701340200932
SL,2025-10-07,84.5,-2.63,5.21,"Meadows, Parker",678009,662253,,blocked_ball,,,,,14,Ball In Dirt,D,L,R,DET,SEA,B,,,0,1,2025,0.63,-0.1,0.8878814931544772,-0.12868725786368262,,,628451,1,9,Bot,,,,,,,6.984748893668508,-122.75944004537311,-5.871081183205938,4.952952878516579,24.46112077049503,-32.23490986762597,3.3993113702177,1.60421671348437,,,,85,2242,6.7,813056,663728,647304,593871,553993,641487,668227,677594,645302,53.8,,,,,,,,77,2,Slider,4,8,4,8,8,4,4,8,Standard,Standard,82,0.001,0.019,,,,-0.019,,-4,-4,0.016,0.016,26,25,26,26,1,3,2,2,3,1,3.31,-0.63,0.63,29.1,,,,,
ST,2025-10-07,82.3,-2.44,5.53,"Carpenter, Kerry",681481,660825,,called_strike,,,,,4,Called Strike,D,L,R,DET,SEA,S,,,0,1,2025,1.05,0.08,-0.6471052384404639,2.7322200851737617,,,,1,8,Bot,,,,,,,2.0019523655484943,-119.81654795350171,0.045278100654715825,9.651580672233726,25.52807790416224,-31.60823741952749,3.38999980504454,1.57964538418599,,,,80.7,2586,5.4,813056,663728,647304,593871,553993,641487,668227,677594,645302,55.11,,,,,,,,65,2,Sweeper,1,6,1,6,6,1,1,6,Infield shade,Standard,49,-0.001,-0.052,,,,0.052,,-5,-5,0.012,0.012,29,27,30,28,1,3,2,2,1,1,3.31,-1.05,1.05,36.3,,,,,
FF,2025-10-07,93.6,2.35,5.61,"Jones, Jahmai",663330,657571,,ball,,,,,13,Ball,D,R,L,DET,SEA,B,,,1,0,2025,0.58,1.34,-0.7505623837570715,1.160074502649513,,,668670,0,9,Bot,,,,,,,-9.29223717862753,-135.72638852606474,-8.655706458596416,9.336027403986677,31.245140248696462,-13.78757843134515,3.46999980422568,1.67230431726096,,,,93.4,2431,6.5,813056,663728,647304,593871,553993,641487,668227,677594,645302,54,,,,,,,,73,2,4-Seam Fastball,1,8,1,8,8,1,1,8,Standard,Standard,145,0,0.062,,,,-0.062,,-7,-7,0.005,0.005,28,27,29,28,1,0,3,3,8,1,1.29,0.58,-0.58,43.2,,,,,
FF,2025-10-07,94,-2.51,5.42,"Rodríguez, Julio",677594,656427,,foul_tip,,,,,7,Foul Tip,D,R,R,DET,SEA,S,,,0,1,2025,-0.45,1.25,-0.5655528172456308,2.0159840195393923,,,,2,1,Top,,,,,,,6.040616389933686,-136.74433200756718,-5.8917077726425084,-6.963323859853435,30.13996229457401,-15.403283777102319,3.28,1.52,,,,94.3,2298,6.5,813056,693307,679529,650402,656716,595879,682985,678009,681481,54.04,,,,,,,,3,2,4-Seam Fastball,0,0,0,0,0,0,0,0,Standard,Standard,209,0.002,-0.057,83.4,8.2,,0.057,,0,0,0.54,0.45999999999999996,29,24,30,25,1,0,5,2,3,1,1.33,0.45,0.45,31.3,7.247034565685754,-14.733579967769971,38.82720081449455,31.935517436923814,38.831857251906925
CH,2025-10-07,86.2,-2.45,5.37,"Crawford, J.P.",641487,592454,walk,blocked_ball,,,,,13,J.P. Crawford walks. Dominic Canzone to 2nd.,D,L,R,DET,SEA,B,,,3,2,2025,-1.2,0.18,-0.15168070658304345,0.45554164617357085,,,686527,1,4,Top,,,,,,,7.930401805362575,-125.22533382645908,-5.843290572895622,-14.216122423667937,24.19902753211125,-29.322679796550442,3.27999912525753,1.49839907807919,,,,86.7,1206,6.6,813056,693307,679529,650402,656716,595879,682985,678009,681481,53.91,,0.691497,0.7,1,0,0,,30,6,Changeup,0,3,3,0,3,0,3,0,Infield shade,Standard,254,-0.017,0.266,,,,-0.266,,-3,3,0.182,0.8180000000000001,35,30,36,30,1,1,3,2,3,1,2.89,1.2,-1.2,28.4,,,,,
FF,2025-10-07,93,-1.62,5.68,"Bellinger, Cody",641355,669456,field_out,hit_into_play,,,,,5,Cody Bellinger flies out to center fielder Daulton Varsho.,D,L,R,NYY,TOR,X,8,fly_ball,0,0,2025,-0.76,1.25,-0.01059807446328298,3.0984268422258636,,,592450,1,1,Bot,147.28,74.73,,,,,5.815490845155379,-135.31403554219614,-3.5676025255240207,-10.6640949264782,30.513708434794673,-16.286525576942882,3.83,1.79,313,95.9,44,93.2,2401,6.5,813061,672386,665489,643396,676391,665926,676914,662139,623993,54.01,0.023,0.035,0,1,0,0,3,8,1,4-Seam Fastball,0,2,0,2,2,0,0,2,Infield shade,Standard,220,-0.03,-0.256,71.5,7.4,0.064,0.256,95.9,-2,-2,0.355,0.355,30,29,30,30,1,0,11,2,8,1,1.4,0.76,-0.76,38.7,15.100600891774844,-2.143548855215776,32.51610537196249,29.195365638875238,31.655849051882164
ST,2025-10-07,81.2,3.55,5.77,"Volpe, Anthony",683011,689254,,called_strike,,,,,5,Called Strike,D,R,L,NYY,TOR,S,,,1,0,2025,-1.14,0.34,0.22169200761554042,2.443475987988318,,,,0,4,Bot,,,,,,,-5.287712237349955,-118.11066749580456,-1.368597367443115,-9.349371227236174,26.372194694179584,-29.004272127897412,3.39257214216526,1.57530065026124,,,,81.2,2659,6.7,813061,672386,665489,676391,680718,665926,676914,662139,623993,53.82,,,,,,,,39,2,Sweeper,3,6,3,6,6,3,3,6,Standard,Standard,291,-0.005,-0.05,,,,0.05,,-3,-3,0.22,0.22,23,24,24,24,1,1,2,2,1,1,3.17,-1.14,1.14,36.5,,,,,
CH,2025-10-07,95.3,-2.87,5.4,"Rice, Ben",700250,686973,,ball,,,,,13,Ball,D,L,R,NYY,TOR,B,,,0,1,2025,-1.22,0.13,-0.4063186102358487,1.3395772549550002,,,,2,4,Bot,,,,,,,9.278338291724237,-138.48949096166263,-5.310144140468517,-17.780535271455275,31.44130683136778,-29.507968141118827,3.67000017309028,1.82567143867058,,,,95.7,1607,6.7,813061,672386,665489,676391,680718,665926,676914,662139,623993,53.85,,,,,,,,44,2,Changeup,6,6,6,6,6,6,6,6,Infield shade,Standard,235,0.001,0.027,,,,-0.027,,0,0,0.511,0.511,27,26,28,26,1,2,2,2,1,1,2.39,1.22,-1.22,36.3,,,,,
SL,2025-10-07,89.1,-1.61,5.97,"Chisholm Jr., Jazz",665862,684320,,swinging_strike,,,,,5,Swinging Strike,D,L,R,NYY,TOR,S,,,2,1,2025,0.48,0.06,-0.25499054159018314,2.638794453453481,,,,0,7,Bot,,,,,,,2.2974302110519984,-129.65004253478637,-2.198008938619408,4.85624533585097,29.81901885335131,-31.243932468729916,3.72,1.74,,,,88.2,2737,5.9,813061,672386,665489,676391,680718,665926,676914,662139,623993,54.56,,,,,,,,65,4,Slider,9,6,9,6,6,9,9,6,Infield shade,Standard,37,-0.002,-0.073,74.4,7.3,,0.073,,3,3,0.942,0.942,28,27,28,27,1,3,10,2,1,1,2.84,-0.48,0.48,39.7,1.8307110980487404,17.80763420167788,30.881991813984833,35.95081255635895,19.861540486736587
SL,2025-10-07,88.9,0.57,6.73,"Volpe, Anthony",683011,680755,,ball,,,,,14,Ball,D,R,R,NYY,TOR,B,,,1,2,2025,0.13,0.31,1.166373101428458,1.3828302028921402,,642708,,1,5,Bot,,,,,,,1.1687077412355238,-129.38604278724867,-7.640521814532027,1.2052130350730517,24.675155607537846,-27.412099463873155,3.45000085991359,1.66950275700366,,,,87.8,2424,5.4,813061,672386,665489,676391,680718,665926,676914,662139,623993,55.08,,,,,,,,52,4,Slider,7,6,7,6,6,7,7,6,Standard,Standard,211,0.005,0.026,,,,-0.026,,1,1,0.718,0.718,24,24,25,24,1,2,2,2,1,1,2.55,-0.13,-0.13,48.3,,,,,
CU,2025-10-07,76.7,-1.7,6.11,"Springer, George",543807,670280,,called_strike,,,,,6,Called Strike,D,R,R,NYY,TOR,S,,,0,0,2025,0.74,-0.4,0.47056196460382316,2.4072322641160384,,,,0,9,Top,,,,,,,3.230932717342764,-111.72120211864312,-0.07575079289625486,5.576060682518883,21.266347149894514,-35.758731467024845,3.53735417235282,1.60778176454229,,,,76.2,2363,6,813061,669224,502671,665862,676609,683011,641355,663757,592450,54.53,,,,,,,,78,1,Curveball,9,6,6,9,6,9,6,9,Infield shade,Standard,40,0.003,-0.039,,,,0.039,,3,-3,0.966,0.03400000000000003,30,35,31,36,1,4,5,2,1,1,4.29,-0.74,-0.74,41.2,,,,,
FC,2025-10-07,98.7,-1.73,5.42,"Varsho, Daulton",662139,666808,,swinging_strike,,,,,5,Swinging Strike,D,L,R,NYY,TOR,S,,,0,1,2025,-0.26,0.67,-0.06367735300497018,2.4502130915166913,,,,0,5,Top,,,,,,,5.156055338765971,-143.6479680852976,-4.207769815857338,-4.837717608147592,34.27304021728655,-22.061767161746914,3.37,1.54,,,,98.7,2642,6.3,813061,669224,700250,665862,642708,683011,641355,663757,592450,54.16,,,,,,,,45,2,Cutter,6,6,6,6,6,6,6,6,Infield shade,Standard,219,0.008,-0.055,79.6,8.1,,0.055,,0,0,0.504,0.496,27,28,28,29,1,2,3,2,1,1,1.67,0.26,-0.26,15.9,16.29993394619211,-20.219622745375567,21.45906248187866,36.25717975101458,32.092942451813
SI,2025-10-07,87.6,3.87,2.91,"Barger, Addison",680718,657612,strikeout,swinging_strike,,,,,7,Addison Barger strikes out swinging.,D,L,L,NYY,TOR,S,2,,2,2,2025,1.07,-0.6,-0.5436986937414656,1.97895874601112,,676391,,2,5,Top,,,,,,,-12.891991943308241,-126.84655531562257,5.235868470659039,14.17039192076699,25.88106347830268,-40.14135401045327,3.69,1.72,,,,87.8,1989,6.7,813061,669224,700250,665862,642708,683011,641355,663757,592450,53.83,,0,0,1,0,0,,48,6,Sinker,6,6,6,6,6,6,6,6,Standard,Standard,79,0.039,-0.22,70.4,7.9,,0.22,,0,0,0.528,0.472,35,25,35,26,1,1,3,3,,1,3.6,1.07,1.07,-27.2,11.312708053087032,4.67736216962318,24.823677034030272,42.95984739801451,29.046018750057186
SI,2025-10-07,94.9,-1.14,6.25,"Grisham, Trent",663757,667297,,ball,,,,,11,Ball,D,L,R,NYY,TOR,B,,,0,0,2025,-1.47,0.77,-0.9910599238737157,3.4141040593208003,,,669224,0,8,Bot,,,,,,,3.646769728702388,-138.1551074908579,-3.4200374788081573,-19.62723924073326,33.148831083633006,-21.80842844691668,3.62000177544923,1.70257706440668,,,,93.8,2440,5.8,813061,672386,665489,676391,680718,665926,664770,662139,623993,54.73,,,,,,,,73,1,Sinker,9,6,9,6,6,9,9,6,Standard,Standard,223,0.001,0.04,,,,-0.04,,3,3,0.977,0.977,34,28,34,29,1,4,2,2,,1,1.78,1.47,-1.47,44.5,,,,,
FF,2025-10-07,91.8,1.95,6.5,"Schneider, Davis",676914,607074,,ball,,,,,11,Ball,D,R,L,NYY,TOR,B,,,0,0,2025,0.99,1.44,-1.2054979033209121,3.1267782119663363,,,,1,1,Top,,,,,,,-10.051580824627765,-133.08081000807175,-5.654953900894601,14.056535365598764,32.27044001767872,-14.04205804129468,3.1553839393189,1.62409897077421,,,,90.7,2246,6.1,813061,669224,700250,665862,641857,683011,641355,663757,592450,54.4,,,,,,,,2,1,4-Seam Fastball,0,0,0,0,0,0,0,0,Infield shade,Standard,147,-0.002,0.039,,,,-0.039,,0,0,0.522,0.478,32,26,33,26,1,0,6,2,,5,1.32,0.99,-0.99,45.7,,,,,
FF,2025-10-07,94.5,-2.37,5.96,"Barger, Addison",680718,518585,strikeout,foul_tip,,,,,4,Addison Barger strikes out on a foul tip.,D,L,R,NYY,TOR,S,2,,3,2,2025,-0.28,1.78,-0.4867415996526166,2.8298785004068385,,,623993,1,3,Top,,,,,,,5.56687040166152,-137.29793018661613,-6.353342070369546,-5.003184978408769,36.68225107375139,-8.519140248478413,3.69,1.72,,,,94.2,2232,6.7,813061,669224,700250,665862,641857,683011,641355,663757,592450,53.8,,0,0,1,0,0,,26,6,4-Seam Fastball,1,6,6,1,6,1,6,1,Infield shade,Standard,213,0.011,-0.32,75.9,7.0,,0.32,,-5,5,0.092,0.908,35,25,35,26,1,0,3,3,,1,0.82,0.28,-0.28,41.2,-3.2270999574140937,24.943335312833973,26.812792766272036,38.73222458955621,15.317317327930013
SL,2025-10-07,88.8,0.54,6.71,"Volpe, Anthony",683011,680755,,called_strike,,,,,2,Called Strike,D,R,R,NYY,TOR,S,,,1,1,2025,0.18,0.31,-0.2454052240715061,3.3151208079331616,,642708,,1,5,Bot,,,,,,,-2.2632825883809935,-129.45825237812426,-2.9409249222914955,2.467189735915577,24.800431714288603,-28.340512066935847,3.33829438750115,1.50206313537066,,,,87.8,2418,5.3,813061,672386,665489,676391,680718,665926,676914,662139,623993,55.15,,,,,,,,52,3,Slider,7,6,7,6,6,7,7,6,Standard,Standard,187,-0.008,-0.061,,,,0.061,,1,1,0.726,0.726,24,24,25,24,1,2,2,2,1,1,2.55,-0.18,-0.18,49.9,,,,,
SI,2025-10-07,91.9,3.55,5.85,"Suárez, Eugenio",553993,676428,,called_strike,,,,,4,Called Strike,D,R,L,DET,SEA,S,,,0,0,2025,1.18,0,-0.3324483018336801,2.6278097255761717,,,,2,5,Top,,,,,,,-12.251050811701086,-133.31352916567315,-2.284577557561221,16.702864756555055,28.608742772759136,-31.82296230066338,3.41147102468487,1.61250188213272,,,,90.9,2165,5.8,813056,693307,679529,650402,656716,595879,682985,678009,681481,54.66,,,,,,,,39,1,Sinker,0,4,4,0,4,0,4,0,Infield shade,Standard,117,0.001,-0.043,,,,0.043,,-4,4,0.118,0.882,26,33,27,34,1,2,2,2,,1,2.71,1.18,-1.18,28.4,,,,,
FF,2025-10-07,98.3,-1.85,5.79,"Arozarena, Randy",668227,672456,strikeout,swinging_strike,,,,,14,Randy Arozarena strikes out swinging.,D,R,R,DET,SEA,S,2,,2,2,2025,-0.72,1.58,1.0022711070022545,2.117554177731022,,,,2,6,Top,,,,,,,9.41507989065336,-142.6435428630087,-8.146171015541373,-12.023236338057062,33.586720481194824,-8.823885231544951,3.41,1.7,,,,98.3,2477,6.5,813056,693307,679529,650402,656716,595879,682985,678009,681481,53.98,,0,0,1,0,0,,48,5,4-Seam Fastball,1,5,5,1,5,1,5,1,Standard,Standard,207,0.003,-0.224,64.3,7.3,,0.224,,-4,4,0.095,0.905,24,30,25,30,1,3,3,2,3,1,0.79,0.72,0.72,44.6,-4.313175721872147,28.92194323414561,26.730145465750336,44.95509821600835,12.284730927582993
SI,2025-10-07,94.1,-2.88,5.31,"Raleigh, Cal",663728,669724,home_run,hit_into_play,,,,,1,Cal Raleigh homers (1) on a fly ball to left center field. Randy Arozarena scores.,D,L,R,DET,SEA,X,,fly_ball,1,1,2025,-1.45,0.1,-0.7233432749537032,3.3229662071644896,,668227,,0,9,Top,70.67,50.66,,,,,8.740475701032834,-136.83140804268982,0.295750631311925,-20.160146845259888,28.611641112678583,-31.193800059749275,3.59,1.68,391,105.9,24,93.5,2141,5.9,813056,693307,679529,650402,656716,595879,682985,678009,681481,54.63,0.787,1.5137924528301885,2,1,0,3,6,68,3,Sinker,1,6,6,1,8,1,8,1,Infield shade,Standard,239,-0.003,1.008,73.3,7.0,2.953,-1.008,105.9,-5,5,0.004,0.996,27,28,27,29,1,4,26,2,,1,2.47,1.45,-1.45,29.3,8.373158302528983,15.41880454478701,23.45949322512127,41.60888907021072,24.642552182529215
CU,2025-10-07,82.3,-0.87,5.82,"Torres, Gleyber",650402,669302,single,hit_into_play,,,,,3,Gleyber Torres singles on a line drive to center fielder Julio Rodríguez.,D,R,R,DET,SEA,X,8,line_drive,1,1,2025,1.01,-0.12,0.3728548648658357,2.790500409655628,,,,1,1,Bot,126.99,91.32,,,,,0.8667291379264459,-119.82319869798006,-0.030228364015028708,9.510377893850832,25.66142333892569,-33.534541173497544,3.27,1.54,183,95.3,13,83.5,2402,7.3,813056,663728,647304,593871,553993,641487,668227,677594,645302,53.22,0.962,0.928,0.9,1,1,0,4,5,3,Curveball,0,0,0,0,0,0,0,0,Infield shade,Standard,45,0.026,0.425,66.5,7.0,1.152,-0.425,95.3,0,0,0.525,0.525,28,28,28,29,1,0,10,2,3,1,3.51,-1.01,-1.01,43.9,11.702405361844614,6.385737795182525,29.368505638464462,40.29755309476943,30.813980552841755
SL,2025-10-07,86.3,-2.68,5.09,"McKinstry, Zach",656716,666374,,ball,,,,,11,Ball,D,L,R,DET,SEA,B,,,2,2,2025,1.12,0.07,-1.0757991923666188,2.890160309806997,,,,0,7,Bot,,,,,,,1.5394255177141396,-125.6853011484774,0.8811525435360925,11.470649939523769,26.50767316648208,-31.86797395183308,3.24815159436652,1.55203992346858,,,,86.4,2897,6.4,813056,663728,647304,593871,553993,641487,668227,677594,645302,54.09,,,,,,,,56,5,Slider,1,5,1,5,5,1,1,5,Infield shade,Standard,55,0.008,0.112,,,,-0.112,,-4,-4,0.068,0.068,27,30,27,30,1,2,2,2,3,1,3,-1.12,1.12,28.2,,,,,
SI,2025-10-07,96.1,-2.95,5.07,"Meadows, Parker",678009,662253,,called_strike,,,,,6,Called Strike,D,L,R,DET,SEA,S,,,0,0,2025,-1.41,0.39,0.5389830642065019,2.56540680370603,,,628451,1,9,Bot,,,,,,,12.439246076538165,-139.39168173959638,-1.8282681882041059,-21.37340163109797,34.15875450594106,-26.916660107871962,3.37221704342021,1.66048782397939,,,,95.7,2151,6.5,813056,663728,647304,593871,553993,641487,668227,677594,645302,54.05,,,,,,,,77,1,Sinker,4,8,4,8,8,4,4,8,Standard,Standard,224,-0.002,-0.04,,,,0.04,,-4,-4,0.018,0.018,26,25,26,26,1,3,2,2,3,1,2.11,1.41,-1.41,22.8,,,,,
SI,2025-10-07,94,-2.07,5.65,"Carpenter, Kerry",681481,660825,,called_strike,,,,,2,Called Strike,D,L,R,DET,SEA,S,,,0,0,2025,-1.5,1.1,-0.16028512116534754,3.4075769275714882,,,,1,8,Bot,,,,,,,8.203733133536879,-136.66016351127445,-2.4692901483153276,-20.613348389554577,32.291877930559714,-18.090832706336283,3.3900006185406,1.60904722208045,,,,93,2344,5.9,813056,663728,647304,593871,553993,641487,668227,677594,645302,54.58,,,,,,,,65,1,Sinker,1,6,1,6,6,1,1,6,Infield shade,Standard,221,-0.001,-0.039,,,,0.039,,-5,-5,0.013,0.013,29,27,30,28,1,3,2,2,1,1,1.5,1.5,-1.5,42.4,,,,,
FC,2025-10-07,89,2.38,5.7,"Jones, Jahmai",663330,657571,,ball,,,,,11,Ball,D,R,L,DET,SEA,B,,,0,0,2025,-0.05,0.93,-0.9455894507548934,3.1177845378643645,,,668670,0,9,Bot,,,,,,,-8.045549026527157,-129.49355175043613,-2.258607298204602,1.1160819512295514,26.61399443424041,-21.403583971309356,3.46470235261537,1.54958803858732,,,,89,2611,6.3,813056,663728,647304,593871,553993,641487,668227,677594,645302,54.22,,,,,,,,73,1,Cutter,1,8,1,8,8,1,1,8,Standard,Standard,159,0.001,0.04,,,,-0.04,,-7,-7,0.004,0.004,28,27,29,28,1,0,3,3,8,1,1.94,-0.05,0.05,41.3,,,,,
FF,2025-10-07,95.5,-2.42,5.41,"Rodríguez, Julio",677594,656427,,called_strike,,,,,6,Called Strike,D,R,R,DET,SEA,S,,,0,0,2025,-0.56,1.38,0.6907698984742671,2.197706731370782,,,,2,1,Top,,,,,,,9.459518112272878,-138.6671238526804,-5.893137653247657,-9.383129700308254,32.90829416560158,-13.275781444888276,3.21163313244187,1.40858096156289,,,,95.3,2347,6.4,813056,693307,679529,650402,656716,595879,682985,678009,681481,54.06,,,,,,,,3,1,4-Seam Fastball,0,0,0,0,0,0,0,0,Standard,Standard,211,0.002,-0.043,,,,0.043,,0,0,0.538,0.46199999999999997,29,24,30,25,1,0,5,2,3,1,1.15,0.56,0.56,29.7,,,,,
FF,2025-10-07,92.9,-1.51,5.83,"Judge, Aaron",592450,669456,single,hit_into_play,,,,,1,Aaron Judge singles on a sharp line drive to center fielder Daulton Varsho.,D,R,R,NYY,TOR,X,8,line_drive,0,1,2025,-0.66,1.31,-0.6464195381390693,3.557826526963389,,,,1,1,Bot,98.94,81.4,,,,,3.686574225329916,-135.220536839625,-2.8725488389610563,-8.939629597395871,31.830958202268484,-15.804796313765845,4.1,1.88,186,100.2,11,93.2,2320,6.6,813061,672386,665489,643396,676391,665926,676914,662139,623993,53.88,0.911,0.875,0.9,1,1,0,4,7,2,4-Seam Fastball,0,2,0,2,2,0,0,2,Infield shade,Standard,218,0.028,0.453,70.4,6.7,1.083,-0.453,100.2,-2,-2,0.327,0.327,30,33,30,33,1,0,11,2,8,1,1.35,0.66,0.66,39.4,10.782980557884647,1.370234685446521,31.068755890605292,33.260676817311165,24.03384907718991
CH,2025-10-07,84.4,-2.45,5.33,"Crawford, J.P.",641487,592454,,foul,,,,,13,Foul,D,L,R,DET,SEA,S,,,3,1,2025,-0.94,-0.28,-0.5440422267249784,1.0932672091589022,,,686527,1,4,Top,,,,,,,6.343703309356366,-122.7304030482498,-2.895433590767515,-10.751416192872703,25.63826520346562,-34.60531154098516,3.28,1.55,2,59.3,-26,84.6,1283,6.6,813056,693307,679529,650402,656716,595879,682985,678009,681481,53.89,,,,,,,,30,5,Changeup,0,3,3,0,3,0,3,0,Infield shade,Standard,259,0.005,-0.085,74.3,8.7,,0.085,88.0,-3,3,0.177,0.823,35,30,36,30,1,1,3,2,3,1,3.5,0.94,-0.94,27.5,19.147418378318314,-11.154307763825242,35.509039241572474,43.841165081556404,42.88292645088042
FS,2025-10-07,91.3,-1.43,5.92,"Chisholm Jr., Jazz",665862,684320,,ball,,,,,13,Ball,D,L,R,NYY,TOR,B,,,1,1,2025,-1.43,0.66,-0.08448469262523317,0.9257349714453476,,,,0,7,Bot,,,,,,,6.51612621568284,-132.573187264953,-8.114621648444105,-18.287045085276745,30.297783523867878,-22.708937364102137,3.72000063906987,1.79986621255463,,,,91.6,1797,6.7,813061,672386,665489,676391,680718,665926,676914,662139,623993,53.76,,,,,,,,65,3,Split-Finger,9,6,9,6,6,9,9,6,Infield shade,Standard,237,0.001,0.055,,,,-0.055,,3,3,0.941,0.941,28,27,28,27,1,3,10,2,1,1,2.1,1.43,-1.43,43.6,,,,,
FC,2025-10-07,90,3.69,5.75,"Volpe, Anthony",683011,689254,,ball,,,,,3,Ball,D,R,L,NYY,TOR,B,,,0,0,2025,-0.13,0.97,0.29370026483983613,3.5371497466748565,,,,0,4,Bot,,,,,,,-8.231033420910506,-130.93010153888454,-1.6066069990476466,0.2099099743582363,26.451275033267134,-20.81480346496193,3.44999851113258,1.62569556908264,,,,90.9,2688,6.7,813061,672386,665489,676391,680718,665926,676914,662139,623993,53.77,,,,,,,,39,1,Cutter,3,6,3,6,6,3,3,6,Standard,Standard,169,0.004,0.041,,,,-0.041,,-3,-3,0.216,0.216,23,24,24,24,1,1,2,2,1,1,1.83,-0.13,0.13,31.9,,,,,
CH,2025-10-07,95.2,-3.02,5.5,"Rice, Ben",700250,686973,,swinging_strike,,,,,7,Swinging Strike,D,L,R,NYY,TOR,S,,,0,0,2025,-1.42,0.29,-0.35936514154803456,1.917831999503718,,,,2,4,Bot,,,,,,,10.232207477353688,-138.2839239421523,-4.424573799637683,-20.52279598872669,31.352446446571836,-27.573312012551973,3.67,1.79,,,,95.7,1617,6.7,813061,672386,665489,676391,680718,665926,676914,662139,623993,53.79,,,,,,,,44,1,Changeup,6,6,6,6,6,6,6,6,Infield shade,Standard,224,-0.002,-0.043,78.3,7.9,,0.043,,0,0,0.513,0.513,27,26,28,26,1,2,2,2,1,1,2.23,1.42,-1.42,37.6,16.445073247748034,-13.324527742642577,33.27311334392569,42.77202379463075,32.70485250156919
CH,2025-10-07,87.1,-2.5,5.13,"Guerrero Jr., Vladimir",665489,642207,,ball,,,,,14,Ball,D,R,R,NYY,TOR,B,,,2,2,2025,-1.47,-0.26,1.4724148335736493,1.1299844922710895,,,,0,7,Top,,,,,,,12.730172640555667,-126.0857504926207,-2.8292040368184406,-18.369848754500357,27.2382414969214,-34.46239872549115,3.66999999162821,1.63119722760828,,,,87.9,2605,7.2,813061,669224,502671,665862,676609,683011,641355,663757,592450,53.28,,,,,,,,62,5,Changeup,9,6,6,9,6,9,6,9,Standard,Standard,268,-0.011,0.112,,,,-0.112,,3,-3,0.897,0.10299999999999998,30,26,31,26,1,3,6,2,1,1,3.31,1.47,1.47,15.4,,,,,
SI,2025-10-07,88.3,4.07,2.77,"Barger, Addison",680718,657612,,ball,,,,,14,Ball,D,L,L,NYY,TOR,B,,,1,2,2025,1.12,-0.49,1.9948128509941128,1.3360838016742411,,676391,,2,5,Top,,,,,,,-7.399152824951673,-128.37735943959018,3.6525867806996315,13.926605855767383,26.75220878591064,-38.60682289813425,3.62355321695626,1.84801242332163,,,,88.4,1970,6.4,813061,669224,700250,665862,642708,683011,641355,663757,592450,54.07,,,,,,,,48,5,Sinker,6,6,6,6,6,6,6,6,Standard,Standard,79,-0.007,0.012,,,,-0.012,,0,0,0.535,0.46499999999999997,35,25,35,26,1,1,3,3,,1,3.42,1.12,1.12,-27.3,,,,,
CU,2025-10-07,85.7,-1.09,6.49,"Wells, Austin",669224,667297,single,hit_into_play,,,,,5,Austin Wells singles on a sharp line drive to right fielder Anthony Santander.,D,L,R,NYY,TOR,X,9,line_drive,1,2,2025,1.25,-1.26,-0.04606855089261597,2.51651218430413,,,,0,8,Bot,148.44,90.92,,,,,-0.04231599376583983,-124.78171470286016,-0.5002196009352226,12.84618318144107,29.62284596805283,-45.248838879551506,3.56,1.63,188,100.3,10,84,3092,5.5,813061,672386,665489,676391,680718,665926,664770,662139,623993,54.96,0.82,0.771,0.9,1,1,0,4,72,5,Curveball,9,6,9,6,6,9,9,6,Infield shade,Standard,21,0.006,0.508,76.4,7.3,0.952,-0.508,100.3,3,3,0.971,0.971,34,25,34,26,1,3,2,2,,1,4.4,-1.25,1.25,49.0,1.5322058536116583,3.0625928937773055,29.81224263511555,35.11532264793622,24.453608709860852
CU,2025-10-07,77.9,-1.81,6,"Giménez, Andrés",665926,670280,field_out,hit_into_play,,,,,11,Andrés Giménez grounds out to first baseman Paul Goldschmidt.,D,L,R,NYY,TOR,X,3,ground_ball,1,1,2025,0.79,0.05,-0.2394194528918333,3.512711459211823,,676391,,2,8,Top,156.38,166.38,,,,,1.9225740532427036,-113.42710756488243,1.526516938907773,6.378706457766383,23.066040473770745,-32.264874284428956,3.32,1.51,9,80.9,-22,77.5,2246,6.3,813061,669224,502671,665862,676609,683011,641355,663757,592450,54.25,0.062,0.061,0,1,0,0,2,71,3,Curveball,9,6,6,9,6,9,6,9,Standard,Standard,55,0.021,-0.263,72.1,6.9,0.086,0.263,88.0,3,-3,0.951,0.049000000000000044,30,26,31,27,1,3,5,2,1,1,3.73,-0.79,0.79,43.2,21.838447953030805,-5.614291429990183,22.37142341765619,40.38027868926584,38.07897396436169
FC,2025-10-07,98.1,-1.85,5.37,"Varsho, Daulton",662139,666808,,called_strike,,,,,4,Called Strike,D,L,R,NYY,TOR,S,,,0,0,2025,-0.09,0.8,-0.5164993918932855,2.6358183093571323,,,,0,5,Top,,,,,,,3.8149204662903515,-142.79350547050424,-3.767864206003567,-2.182841849633027,33.89406905659567,-20.532530553196644,3.37000094560586,1.59870497885316,,,,98,2654,6.3,813061,669224,700250,665862,642708,683011,641355,663757,592450,54.22,,,,,,,,45,1,Cutter,6,6,6,6,6,6,6,6,Infield shade,Standard,207,0.004,-0.039,,,,0.039,,0,0,0.5,0.5,27,28,28,29,1,2,3,2,1,1,1.57,0.09,-0.09,14.5,,,,,
SI,2025-10-07,94.8,2.13,6,"Bellinger, Cody",641355,663893,,called_strike,,,,,6,Called Strike,D,L,L,NYY,TOR,S,,,0,0,2025,1.18,-0.17,0.5099257157180184,2.522329484533485,,,592450,1,6,Bot,,,,,,,-6.783546357198165,-137.93503128044725,-2.9977872162551806,16.55351442096525,31.047003927273447,-33.89209666265971,3.69970751195292,1.70434202176224,,,,93.7,2027,5.7,813061,672386,665489,676391,680718,665926,676914,662139,623993,54.84,,,,,,,,59,1,Sinker,8,6,8,6,6,8,8,6,Infield shade,Standard,116,-0.003,-0.04,,,,0.04,,2,2,0.846,0.846,28,29,29,30,1,3,3,2,1,1,2.71,1.18,1.18,28.7,,,,,
SL,2025-10-07,87,2.39,6.25,"Springer, George",543807,607074,strikeout,foul_tip,,,,,9,George Springer strikes out on a foul tip.,D,R,L,NYY,TOR,S,2,,2,2,2025,-0.44,-0.31,0.33956746293460527,1.881138550545007,,,,0,1,Top,,,,,,,-3.9767366124354404,-126.74602672965413,-3.702127061044142,-4.008353745933989,25.275024379615335,-34.951045784191315,3.58,1.65,,,,86.6,2567,5.9,813061,669224,700250,665862,641857,683011,641355,663757,592450,54.58,,0,0,1,0,0,,1,5,Slider,0,0,0,0,0,0,0,0,Strategic,Standard,304,0.019,-0.232,73.3,8.2,,0.232,,0,0,0.503,0.497,32,35,33,36,1,0,6,2,,1,3.3,-0.44,0.44,40.5,18.893023776303487,-13.406587444881632,38.80463506947235,38.260434889601264,29.131901983998066
FS,2025-10-07,80.8,-2.23,6.13,"Barger, Addison",680718,518585,,ball,,,,,11,Ball,D,L,R,NYY,TOR,B,,,2,2,2025,-0.35,-0.17,-2.057324022274307,4.079576886064578,,,623993,1,3,Top,,,,,,,1.0613751874851032,-117.64338520351238,2.4804994699186715,-3.4488675313088573,24.19055739093154,-34.5028776899683,3.69000136775322,1.93769014943921,,,,81,525,6.6,813061,669224,700250,665862,641857,683011,641355,663757,592450,53.91,,,,,,,,26,5,Split-Finger,1,6,6,1,6,1,6,1,Infield shade,Standard,238,-0.003,0.098,,,,-0.098,,-5,5,0.095,0.905,35,25,35,26,1,0,3,3,,1,3.68,0.35,-0.35,50.0,,,,,
FF,2025-10-07,94.6,-2.42,6,"Barger, Addison",680718,518585,,foul,,,,,6,Foul,D,L,R,NYY,TOR,S,,,2,1,2025,-0.43,1.41,0.4996346236626905,2.7903822617441247,,,623993,1,3,Top,,,,,,,8.635638956744815,-137.33866959727035,-5.797400078358488,-7.518017085770291,33.17940254934695,-13.213037249443776,3.69,1.72,143,72.2,14,94.7,2316,6.7,813061,669224,700250,665862,641857,683011,641355,663757,592450,53.79,,,,,,,,26,4,4-Seam Fastball,1,6,6,1,6,1,6,1,Infield shade,Standard,217,0.002,-0.075,77.2,6.4,,0.075,88.0,-5,5,0.093,0.907,35,25,35,26,1,0,3,3,,1,1.17,0.43,-0.43,42.5,-9.98108950462969,21.073277389728922,33.83138762622142,27.789273548365827,17.08677169076953
SL,2025-10-07,89,0.67,6.68,"Volpe, Anthony",683011,680755,,blocked_ball,,,,,14,Ball In Dirt,D,R,R,NYY,TOR,B,,,0,1,2025,0.02,0.26,1.2669797716435807,0.7959107234393334,,642708,,1,5,Bot,,,,,,,1.3969765670410599,-129.5050987954861,-8.834642346867078,-0.008653504778661373,25.972843130239564,-27.681025598153255,3.36745751179985,1.67441250331105,,,,87.7,2356,5.4,813061,672386,665489,676391,680718,665926,676914,662139,623993,55.12,,,,,,,,52,2,Slider,7,6,7,6,6,7,7,6,Standard,Standard,189,0.003,0.025,,,,-0.025,,1,1,0.723,0.723,24,24,25,24,1,2,2,2,1,1,2.61,-0.02,-0.02,50.5,,,,,
SI,2025-10-07,91.8,3.62,5.86,"Naylor, Josh",647304,676428,field_out,hit_into_play,,,,,5,"Josh Naylor grounds out, shortstop Javier Báez to first baseman Spencer Torkelson.",D,L,L,DET,SEA,X,6,ground_ball,0,1,2025,1.18,0.2,0.1833290016524194,2.5991170892628372,,,,1,5,Top,137.23,161.99,,,,,-11.093157113093035,-133.29852352503198,-2.8456304662260883,16.33217204142657,26.658131352935992,-29.313061785875977,3.22,1.52,4,85.8,-32,90.9,2199,5.7,813056,693307,679529,650402,656716,595879,682985,678009,681481,54.78,0.044,0.043,0,1,0,0,2,38,2,Sinker,0,4,4,0,4,0,4,0,Standard,Standard,125,0.005,-0.215,71.2,6.5,0.044,0.215,88.0,-4,4,0.113,0.887,26,28,27,28,1,2,2,2,,1,2.5,1.18,1.18,31.5,-14.772260295220258,13.076308703055794,30.490628924268822,32.545382991763894,11.433842866509778
SI,2025-10-07,96.1,-2.19,5.63,"Arozarena, Randy",668227,672456,,called_strike,,,,,14,Called Strike,D,R,R,DET,SEA,S,,,2,1,2025,-1.43,1.1,0.8918920118221738,1.7213714690646864,,,,2,6,Top,,,,,,,11.365138227636201,-139.44218415895352,-7.255336015903198,-21.114761827278887,30.045390177958108,-16.300273089311588,3.27938375655839,1.5815840519545,,,,96,2369,6.3,813056,693307,679529,650402,656716,595879,682985,678009,681481,54.19,,,,,,,,48,4,Sinker,1,5,5,1,5,1,5,1,Standard,Standard,209,0.001,-0.073,,,,0.073,,-4,4,0.094,0.906,24,30,25,30,1,3,3,2,3,1,1.37,1.43,1.43,37.7,,,,,
CH,2025-10-07,89.2,-2.97,5.25,"Raleigh, Cal",663728,669724,,foul,,,,,13,Foul,D,L,R,DET,SEA,S,,,1,0,2025,-1.09,0.05,-0.12709267163060223,1.3539669862353714,,668227,,0,9,Top,,,,,,,9.200606909305211,-129.590830424738,-3.6400067020114557,-14.258773461632572,27.12593751616384,-30.979538560689612,3.59,1.68,,,,88.5,1539,5.9,813056,693307,679529,650402,656716,595879,682985,678009,681481,54.58,,,,,,,,68,2,Changeup,1,6,6,1,6,1,6,1,Infield shade,Standard,255,0,-0.049,75.6,8.3,,0.049,,-5,5,0.004,0.996,27,28,27,29,1,4,26,2,,1,2.82,1.09,-1.09,33.2,21.115486699602076,-3.0188186135417663,40.09579395121706,34.325760323302056,31.633028073039192
FF,2025-10-07,96.3,-0.69,5.89,"Torres, Gleyber",650402,669302,,ball,,,,,12,Ball,D,R,R,DET,SEA,B,,,0,1,2025,-0.42,1.41,1.1667522363613498,4.289527811143634,,,,1,1,Bot,,,,,,,6.01370979667802,-140.22311129348492,-1.9021235069502054,-6.841793196595409,31.716396119348396,-13.388820972645954,3.26999935812956,1.55910544268869,,,,98.7,2167,7.6,813056,663728,647304,593871,553993,641487,668227,677594,645302,52.93,,,,,,,,5,2,4-Seam Fastball,0,0,0,0,0,0,0,0,Infield shade,Standard,205,0.001,0.029,,,,-0.029,,0,0,0.524,0.524,28,28,28,29,1,0,10,2,3,1,1.05,0.42,0.42,44.6,,,,,
SL,2025-10-07,85.8,-2.37,4.91,"McKinstry, Zach",656716,666374,,ball,,,,,14,Ball,D,L,R,DET,SEA,B,,,1,2,2025,0.99,0.05,1.9797304886535534,0.8332358121166656,,,,0,7,Bot,,,,,,,8.297116707280988,-124.74776387932211,-3.441256262043141,8.556369692014572,26.253855185990083,-31.157234378628903,3.27999968353511,1.4993725983921,,,,85.9,2903,6.5,813056,663728,647304,593871,553993,641487,668227,677594,645302,54.01,,,,,,,,56,4,Slider,1,5,1,5,5,1,1,5,Infield shade,Standard,52,0.002,0.043,,,,-0.043,,-4,-4,0.066,0.066,27,30,27,30,1,2,2,2,3,1,3.07,-0.99,0.99,23.7,,,,,
SI,2025-10-07,88.7,4.06,2.97,"Barger, Addison",680718,657612,,foul,,,,,5,Foul,D,L,L,NYY,TOR,S,,,1,2,2025,1.13,-0.46,-0.152525710403834,2.389737190882959,,676391,,2,5,Top,,,,,,,-12.636809054726571,-128.41043095067997,5.678874776790317,15.159708824484646,26.682712081039796,-38.805165172222125,3.69,1.72,1,77.2,-60,88.4,2068,6.4,813061,669224,700250,665862,642708,683011,641355,663757,592450,54.11,,,,,,,,48,4,Sinker,6,6,6,6,6,6,6,6,Standard,Standard,81,0,0,67.8,6.8,,0,88.0,0,0,0.535,0.46499999999999997,35,25,35,26,1,1,3,3,,1,3.39,1.13,1.13,-27.3,-4.408293903859822,26.63299706429979,27.334256451512992,40.09015596132653,12.011730860843022
SL,2025-10-07,83.2,-2.64,5.28,"Dingler, Dillon",693307,662253,field_out,hit_into_play,,,,,7,Dillon Dingler flies out to left fielder Randy Arozarena.,D,R,R,DET,SEA,X,7,fly_ball,2,1,2025,0.65,0.14,-0.7999530617585867,2.0422110131553217,,,628451,0,9,Bot,74.07,87.81,,,,,2.9744414265742294,-121.19365299933071,-1.265414229367273,5.805960145477365,23.500826921450926,-30.800904131289197,3.4,1.53,304,94.9,47,83.8,2204,6.6,813056,663728,647304,593871,553993,641487,668227,677594,645302,53.88,0.013,0.021,0,1,0,0,3,76,4,Slider,4,8,4,8,8,4,4,8,Standard,Standard,72,-0.03,-0.278,73.8,8.3,0.036,0.278,94.9,-4,-4,0.048,0.048,26,26,26,27,1,3,2,2,3,1,3.15,-0.65,-0.65,33.2,20.8626094120077,-14.893918803361554,44.437833006740846,28.777878010400553,33.01457781902609
SI,2025-10-07,95.6,-1.93,5.68,"Báez, Javier",595879,660825,strikeout,called_strike,,,,,6,Javier Báez called out on strikes.,D,R,R,DET,SEA,S,2,,1,2,2025,-1.59,0.83,0.6616336262514078,2.3076165087191605,,,,0,8,Bot,,,,,,,10.301860749647389,-138.7132780641406,-5.029562208166945,-22.859709376968862,32.60613739997056,-20.50957634907824,3.4345386238565,1.5393997978803,,,,94.5,2405,5.9,813056,663728,647304,593871,553993,641487,668227,677594,645302,54.58,,0,0,1,0,0,,64,4,Sinker,1,6,1,6,6,1,1,6,Infield shade,Standard,219,-0.006,-0.189,,,,0.189,,-5,-5,0.019,0.019,29,32,30,33,1,2,2,2,1,1,1.69,1.59,1.59,41.1,,,,,
FF,2025-10-07,93.8,2.3,5.72,"Rogers, Jake",668670,657571,single,hit_into_play,,,,,8,Jake Rogers singles on a ground ball to right fielder Victor Robles.,D,R,L,DET,SEA,X,9,ground_ball,2,1,2025,0.58,1.32,-0.20654820371147542,1.5347825329440998,,,,0,9,Bot,174.19,91.12,,,,,-7.7550880060101814,-136.24569456870398,-7.98610042432677,8.914037746317174,29.556645670978963,-14.129088523061624,3.47,1.59,74,108,3,93.7,2345,6.3,813056,663728,647304,593871,553993,641487,668227,677594,645302,54.2,0.587,0.532,0.9,1,1,0,4,72,4,4-Seam Fastball,1,8,1,8,8,1,1,8,Standard,Standard,147,0.003,0.392,72.0,7.2,0.627,-0.392,108.0,-7,-7,0.001,0.001,28,30,29,30,1,0,3,9,8,,1.28,0.58,-0.58,42.4,0.006928003210328427,14.810664554120542,39.390993391553124,36.53191496519847,21.30653129626358
FF,2025-10-07,93.2,-2.52,5.39,"Raleigh, Cal",663728,656427,field_out,hit_into_play,,,,,3,Cal Raleigh flies out to right fielder Kerry Carpenter.,D,L,R,DET,SEA,X,9,fly_ball,0,0,2025,-0.42,1.34,0.5603739060605512,3.1718888362550475,,,,1,1,Top,177.31,82.99,,,,,8.851720060492532,-135.4324473330003,-2.830332477743867,-7.228444422129451,31.031978700425622,-15.346206232942265,3.59,1.68,314,90,40,93.2,2294,6.5,813056,693307,679529,650402,656716,595879,682985,678009,681481,54.03,0.018,0.025,0,1,0,0,3,2,1,4-Seam Fastball,0,0,0,0,0,0,0,0,Infield shade,Standard,210,0.016,-0.254,73.8,7.0,0.04,0.254,90.0,0,0,0.522,0.478,29,28,30,29,1,0,5,2,3,1,1.31,0.42,-0.42,27.9,14.110229126437028,-1.1797590533707059,33.750828999168235,25.812358377854103,30.016509687350872
CU,2025-10-07,77.2,-1.84,5.92,"Giménez, Andrés",665926,670280,,called_strike,,,,,7,Called Strike,D,L,R,NYY,TOR,S,,,1,0,2025,0.65,-0.63,-0.4164248346331776,1.9821329480296903,,676391,,2,8,Top,,,,,,,1.8354104583536306,-112.40807163933168,-0.19922463552028336,5.092189565202149,22.70084040677912,-37.69426777995868,3.31870232266082,1.48483360164239,,,,76.7,2407,6.2,813061,669224,502671,665862,676609,683011,641355,663757,592450,54.35,,,,,,,,71,2,Curveball,9,6,6,9,6,9,6,9,Standard,Standard,46,0.003,-0.044,,,,0.044,,3,-3,0.948,0.052000000000000046,30,26,31,27,1,3,5,2,1,1,4.49,-0.65,0.65,39.1,,,,,
CH,2025-10-07,86.2,-2.31,5.45,"Crawford, J.P.",641487,592454,,ball,,,,,13,Ball,D,L,R,DET,SEA,B,,,2,1,2025,-1.02,-0.11,-1.43195906787661,1.7768815782773504,,,686527,1,4,Top,,,,,,,4.160873487404656,-125.53869918906932,-2.2969402048189576,-11.62856215075546,25.1343233105472,-33.08944566141316,3.28000105256823,1.57007955778004,,,,86.4,1397,6.4,813056,693307,679529,650402,656716,595879,682985,678009,681481,54.14,,,,,,,,30,4,Changeup,0,3,3,0,3,0,3,0,Infield shade,Standard,252,-0.006,0.109,,,,-0.109,,-3,3,0.183,0.817,35,30,36,30,1,1,3,2,3,1,3.17,1.02,-1.02,29.4,,,,,
FC,2025-10-07,92.5,3.6,5.83,"Rosario, Amed",642708,689254,field_out,hit_into_play,,,,,1,Amed Rosario pops out softly to catcher Alejandro Kirk in foul territory.,D,R,L,NYY,TOR,X,2,popup,1,2,2025,-0.36,0.93,-0.6521748296736956,3.0894001113832754,,700250,665862,2,3,Bot,127.12,214.43,,,,,-10.147310308451045,-134.31350659083375,-3.2064698253699215,-2.123243834014149,29.132497164010633,-20.456844745347738,3.49,1.62,26,49.9,88,93.2,2830,6.8,813061,672386,665489,676391,680718,665926,676914,662139,623993,53.7,0.005,0.005,0,1,0,0,1,34,4,Cutter,3,6,3,6,6,3,3,6,Standard,Standard,163,-0.031,-0.19,72.8,7.1,0.005,0.19,88.0,-3,-3,0.217,0.217,23,29,24,30,1,0,2,5,1,1,1.75,-0.36,0.36,34.9,8.447319271123114,-5.9500003045764185,28.604292541988613,24.212973330723464,28.556917847051242
FF,2025-10-07,99.1,-3.06,5.5,"Bellinger, Cody",641355,686973,field_out,hit_into_play,,,,,4,Cody Bellinger flies out to left fielder Davis Schneider.,D,L,R,NYY,TOR,X,7,fly_ball,0,0,2025,-0.56,1.31,-0.5523549973464106,3.025527853144789,,,,1,4,Bot,95.44,84.62,,,,,8.249948719627195,-143.9343984777431,-4.373673419615623,-9.855150203152645,36.48841227594255,-13.21521068639384,3.83,1.79,295,91,44,99.6,2323,6.9,813061,672386,665489,676391,680718,665926,676914,662139,623993,53.59,0.005,0.006,0,1,0,0,3,43,1,4-Seam Fastball,6,6,6,6,6,6,6,6,Infield shade,Standard,218,-0.02,-0.254,71.6,7.5,0.01,0.254,91.0,0,0,0.533,0.533,27,29,28,30,1,2,2,2,1,1,1.04,0.56,-0.56,38.5,8.847864967371127,6.4201536133587105,28.00164021147373,36.19837851030611,26.774305155294027
KC,2025-10-07,87.9,1.57,6.36,"Grisham, Trent",663757,663893,field_out,hit_into_play,,,,,8,Trent Grisham lines out sharply to center fielder Daulton Varsho.,D,L,L,NYY,TOR,X,8,line_drive,1,2,2025,-0.34,-0.96,0.00036880729532173806,2.123701716030638,,,,0,6,Bot,103.9,64.25,,,,,-3.068940619594773,-128.01391445127177,-2.1274673757445672,-3.0401484911251595,28.308107835988714,-42.4801039932659,3.62,1.73,339,103.8,18,87,1811,5.8,813061,672386,665489,676391,680718,665926,676914,662139,623993,54.68,0.489,0.609,0,1,0,0,5,57,4,Knuckle Curve,8,6,8,6,6,8,8,6,Infield shade,Standard,336,-0.009,-0.189,75.6,7.2,0.949,0.189,103.8,2,2,0.841,0.841,28,28,29,29,1,3,3,2,1,1,3.93,-0.34,-0.34,47.4,5.249588125991867,5.388124380606618,31.39221532112892,38.70481686734662,21.728220458647606
FF,2025-10-07,93.7,-1.64,5.76,"Judge, Aaron",592450,669456,,called_strike,,,,,8,Called Strike,D,R,R,NYY,TOR,S,,,0,0,2025,-0.78,1.36,0.24493152976275423,1.9038547741579275,,,,1,1,Bot,,,,,,,6.6216195607833175,-136.13702280441382,-7.209441063115339,-11.224189125734666,31.788079736342468,-13.88501391685583,4.10000210792858,1.8632641634813,,,,93.8,2321,6.6,813061,672386,665489,643396,676391,665926,676914,662139,623993,53.93,,,,,,,,7,1,4-Seam Fastball,0,2,0,2,2,0,0,2,Infield shade,Standard,217,-0.002,-0.039,,,,0.039,,-2,-2,0.329,0.329,30,33,30,33,1,0,11,2,8,1,1.26,0.78,0.78,42.9,,,,,
SI,2025-10-07,94.5,-1.22,6.27,"Wells, Austin",669224,667297,,ball,,,,,11,Ball,D,L,R,NYY,TOR,B,,,0,2,2025,-1.24,0.93,-1.4304632879294779,4.753525490923225,,,,0,8,Bot,,,,,,,2.184011399750044,-137.5559124663294,-0.2908813250379079,-16.124285407341752,33.76634092828431,-20.634792110142715,3.56000044356873,1.5127285911834,,,,93.2,2464,5.7,813061,672386,665489,676391,680718,665926,664770,662139,623993,54.78,,,,,,,,72,4,Sinker,9,6,9,6,6,9,9,6,Infield shade,Standard,219,0,0.024,,,,-0.024,,3,3,0.971,0.971,34,25,34,26,1,3,2,2,,1,1.64,1.24,-1.24,42.8,,,,,
SL,2025-10-07,89.6,-1.43,5.55,"Kirk, Alejandro",672386,666808,field_out,hit_into_play,,,,,7,"Alejandro Kirk grounds out, third baseman Amed Rosario to first baseman Ben Rice.",D,R,R,NYY,TOR,X,5,ground_ball,1,2,2025,0.87,-0.44,-0.2927093831887633,1.7737913280935786,,,665489,2,4,Top,96.08,167.39,,,,,0.9531202194933269,-130.43803248495541,-2.3603379844685426,9.709550420851928,29.39488906800234,-36.922050484046224,3.12,1.5,6,92.5,-19,89.6,2881,6.4,813061,669224,700250,665862,642708,683011,641355,663757,592450,54.09,0.067,0.063,0,1,0,0,2,38,4,Slider,3,6,6,3,6,3,6,3,Strategic,Standard,54,0.01,-0.183,76.1,7.4,0.067,0.183,92.5,-3,3,0.206,0.794,27,26,28,27,1,2,3,2,1,1,3.3,-0.87,-0.87,22.4,9.665418426731593,-8.303281079508766,20.040297430874503,35.44964695518321,39.56561129557754
FF,2025-10-07,95.1,-2.46,5.48,"Guerrero Jr., Vladimir",665489,642207,,foul,,,,,6,Foul,D,R,R,NYY,TOR,S,,,2,1,2025,-1.12,1.16,0.510147620371586,2.8836163261878327,,,,0,7,Top,,,,,,,10.490158250840599,-138.01056321409507,-3.75758213479847,-16.692541706772317,33.27196753412903,-16.659008151853598,3.67,1.68,196,73.8,55,96.6,2426,7.5,813061,669224,502671,665862,676609,683011,641355,663757,592450,53.04,,,,,,,,62,4,4-Seam Fastball,9,6,6,9,6,9,6,9,Strategic,Standard,230,0.008,-0.073,81.6,7.4,,0.073,88.0,3,-3,0.889,0.11099999999999999,30,26,31,26,1,3,6,2,1,1,1.39,1.12,1.12,26.9,-3.9458954398421064,9.752731624941607,26.3554205478105,40.84174689318489,25.27909499571001
FF,2025-10-07,92.4,1.74,6.53,"Springer, George",543807,607074,,foul,,,,,8,Foul,D,R,L,NYY,TOR,S,,,2,1,2025,1.06,1.55,-0.23163889448105057,2.0784291818862553,,,,0,1,Top,,,,,,,-7.270441585339982,-133.98680522748728,-8.698292500116104,14.448107332838557,34.757008451718896,-11.675249986727618,3.58,1.65,306,91.1,40,91,2362,6.1,813061,669224,700250,665862,641857,683011,641355,663757,592450,54.43,,,,,,,,1,4,4-Seam Fastball,0,0,0,0,0,0,0,0,Strategic,Standard,143,0.007,-0.073,78.5,8.3,,0.073,91.1,0,0,0.496,0.504,32,35,33,36,1,0,6,2,,1,1.18,1.06,-1.06,48.9,27.613490637090116,-22.278955291278358,37.879566940371355,33.06418106470484,37.786747185543
FS,2025-10-07,89.6,-1.35,6.01,"Chisholm Jr., Jazz",665862,684320,,ball,,,,,14,Ball,D,L,R,NYY,TOR,B,,,0,1,2025,-1.3,0.59,0.06888187770978904,1.1253320407002014,,,,0,7,Bot,,,,,,,6.282913425971538,-130.29539237791664,-7.34838893645877,-16.0849588622477,26.711246497110274,-24.081827732211842,3.72000078538512,1.83994870322517,,,,90.1,1810,6.6,813061,672386,665489,676391,680718,665926,676914,662139,623993,53.93,,,,,,,,65,2,Split-Finger,9,6,9,6,6,9,9,6,Infield shade,Standard,234,0.001,0.031,,,,-0.031,,3,3,0.94,0.94,28,27,28,27,1,3,10,2,1,1,2.25,1.3,-1.3,44.7,,,,,
SI,2025-10-07,90.8,3.51,5.78,"Naylor, Josh",647304,676428,,foul,,,,,12,Foul,D,L,L,DET,SEA,S,,,0,0,2025,1.41,0.06,0.9059269278491309,2.5526182623632105,,,,1,5,Top,,,,,,,-9.442829661659855,-131.97585706358947,-2.2921344133102903,18.46105501331696,26.428386673873344,-31.244329666134586,3.22,1.52,,,,90.3,2103,5.9,813056,693307,679529,650402,656716,595879,682985,678009,681481,54.58,,,,,,,,38,1,Sinker,0,4,4,0,4,0,4,0,Standard,Standard,125,0.001,-0.039,68.0,6.8,,0.039,,-4,4,0.112,0.888,26,28,27,28,1,2,2,2,,1,2.7,1.41,1.41,26.7,0.14553154988651534,3.1134561725698107,37.35413186984673,22.70898561435254,16.941070325101144
SL,2025-10-07,87.4,-2.31,5.64,"Arozarena, Randy",668227,672456,,ball,,,,,14,Ball,D,R,R,DET,SEA,B,,,1,1,2025,0.94,0.46,1.488541544078565,1.4891561166643257,,,,2,6,Top,,,,,,,7.206192858866736,-127.1036299409015,-4.839899317563561,8.817062889096269,24.745314891681186,-26.383813666983585,3.40999976760813,1.5706601038328,,,,87.5,2945,6.3,813056,693307,679529,650402,656716,595879,682985,678009,681481,54.21,,,,,,,,48,3,Slider,1,5,5,1,5,1,5,1,Standard,Standard,58,0,0.053,,,,-0.053,,-4,4,0.094,0.906,24,30,25,30,1,3,3,2,3,1,2.51,-0.94,-0.94,39.8,,,,,
SI,2025-10-07,94.9,-3.05,5.34,"Raleigh, Cal",663728,669724,,ball,,,,,11,Ball,D,L,R,DET,SEA,B,,,0,0,2025,-1.46,0.14,-2.4760006804449226,2.8826682237099637,,668227,,0,9,Top,,,,,,,4.70976871932038,-138.0693038139296,-1.0339647810323012,-19.63582516893068,33.28415707979141,-30.36782777499519,3.59000100194613,1.66077408289535,,,,93.7,2083,5.8,813056,693307,679529,650402,656716,595879,682985,678009,681481,54.69,,,,,,,,68,1,Sinker,1,6,6,1,6,1,6,1,Infield shade,Standard,239,0,0.032,,,,-0.032,,-5,5,0.004,0.996,27,28,27,29,1,4,26,2,,1,2.41,1.46,-1.46,33.3,,,,,
SL,2025-10-07,88.4,-0.82,5.87,"Torres, Gleyber",650402,669302,,called_strike,,,,,2,Called Strike,D,R,R,DET,SEA,S,,,0,0,2025,-0.05,0.16,0.16517032181106894,2.761642664702748,,,,1,1,Bot,,,,,,,2.5615974003292026,-128.71654222371023,-1.8057904862377345,-1.1292104822670288,29.284048121117163,-30.193005597254995,3.1526160953938,1.45051226356624,,,,89.9,1706,7.4,813056,663728,647304,593871,553993,641487,668227,677594,645302,53.1,,,,,,,,5,1,Slider,0,0,0,0,0,0,0,0,Infield shade,Standard,135,-0.002,-0.039,,,,0.039,,0,0,0.526,0.526,28,28,28,29,1,0,10,2,3,1,2.77,0.05,0.05,45.2,,,,,
SL,2025-10-07,86.7,-2.54,5.02,"McKinstry, Zach",656716,666374,,foul,,,,,6,Foul,D,L,R,DET,SEA,S,,,1,1,2025,1.13,-0.21,0.6777956606934555,2.5179918796127874,,,,0,7,Bot,,,,,,,5.3867282545612065,-126.12045045622052,0.6756747603888889,10.918300451184912,26.482929772271394,-34.762289080331016,3.28,1.52,5,71,-25,86.7,2899,6.4,813056,663728,647304,593871,553993,641487,668227,677594,645302,54.11,,,,,,,,56,3,Slider,1,5,1,5,5,1,1,5,Standard,Standard,49,-0.004,-0.061,70.7,6.7,,0.061,88.0,-4,-4,0.07,0.07,27,30,27,30,1,2,2,2,3,1,3.25,-1.13,1.13,28.4,12.047329199402265,-2.965034706648258,39.90462475634199,25.885720222068237,27.957531302928075
SL,2025-10-07,84,-2.64,5.23,"Dingler, Dillon",693307,662253,,ball,,,,,14,Ball,D,R,R,DET,SEA,B,,,1,1,2025,0.52,-0.05,0.9304645239035403,1.3500053369073686,,,628451,0,9,Bot,,,,,,,7.26037462270956,-122.15116974582659,-2.4925958233672016,3.7472532905554083,24.038507489123504,-32.39853609164363,3.39999897497114,1.49883365746279,,,,84.2,2198,6.4,813056,663728,647304,593871,553993,641487,668227,677594,645302,54.07,,,,,,,,76,3,Slider,4,8,4,8,8,4,4,8,Standard,Standard,79,0.006,0.044,,,,-0.044,,-4,-4,0.042,0.042,26,26,26,27,1,3,2,2,3,1,3.29,-0.52,-0.52,32.8,,,,,
ST,2025-10-07,81.1,-2.35,5.68,"Báez, Javier",595879,660825,,called_strike,,,,,14,Called Strike,D,R,R,DET,SEA,S,,,1,1,2025,1.36,-0.06,0.8736819366148898,2.3220292332706878,,,,0,8,Bot,,,,,,,4.554304690073683,-117.96361092866277,-0.6942935243561115,11.633035529364363,24.666520008574082,-32.86429558959738,3.34019611640937,1.53097669284026,,,,79.6,2545,5.5,813056,663728,647304,593871,553993,641487,668227,677594,645302,54.99,,,,,,,,64,3,Sweeper,1,6,1,6,6,1,1,6,Infield shade,Standard,55,-0.003,-0.061,,,,0.061,,-5,-5,0.022,0.022,29,32,30,33,1,2,2,2,1,1,3.56,-1.36,-1.36,39.3,,,,,
FF,2025-10-07,93.5,2.49,5.58,"Rogers, Jake",668670,657571,,ball,,,,,13,Ball,D,R,L,DET,SEA,B,,,1,1,2025,0.8,1.27,-1.0182311289775012,2.01758664450927,,,,0,9,Bot,,,,,,,-10.800658354088974,-135.6846004430869,-6.216268943704192,12.14855441632111,28.522019326282646,-15.275523936161214,3.47000110184389,1.67346386219662,,,,93.6,2260,6.4,813056,663728,647304,593871,553993,641487,668227,677594,645302,54.1,,,,,,,,72,3,4-Seam Fastball,1,8,1,8,8,1,1,8,Standard,Standard,142,0,0.055,,,,-0.055,,-7,-7,0.001,0.001,28,30,29,30,1,0,3,9,8,,1.35,0.8,-0.8,40.5,,,,,
SL,2025-10-07,87.9,-2.48,5.5,"Arozarena, Randy",668227,656427,field_out,hit_into_play,,,,,14,"Tigers challenged (play at 1st), call on the field was overturned: Randy Arozarena lines out softly, pitcher Jack Flaherty to second baseman Gleyber Torres to first baseman Spencer Torkelson.",D,R,R,DET,SEA,X,1,line_drive,0,2,2025,0.51,0.39,1.6308640373096888,1.417712089182528,,,,0,1,Top,129.63,152.86,,,,,8.922085554929195,-127.6486964414401,-4.522625150325933,3.516254690049964,29.00640701079922,-27.097861651169413,3.41,1.7,101,64.7,13,87.6,2587,6.5,813056,693307,679529,650402,656716,595879,682985,678009,681481,54.03,0.225,0.203,0,1,0,0,2,1,3,Slider,0,0,0,0,0,0,0,0,Standard,Standard,140,0.013,-0.165,55.7,7.9,0.225,0.165,88.0,0,0,0.509,0.491,29,30,30,30,1,0,5,2,3,1,2.6,-0.51,-0.51,32.6,11.074860761066008,2.3966445712324016,26.23686283378786,51.24670982573144,32.77496340510159
FF,2025-10-07,91.8,-1.86,5.84,"Crawford, J.P.",641487,592454,,ball,,,,,11,Ball,D,L,R,DET,SEA,B,,,1,1,2025,-0.42,1.46,-1.2008121325973915,3.6702210772151416,,,686527,1,4,Top,,,,,,,2.58895069894209,-133.7502108189873,-2.8087902215611034,-5.577443247922585,29.371424956848283,-14.327738648341903,3.279999590318,1.43564715441582,,,,92.4,2201,6.6,813056,693307,679529,650402,656716,595879,682985,678009,681481,53.89,,,,,,,,30,3,4-Seam Fastball,0,3,3,0,3,0,3,0,Infield shade,Standard,206,-0.003,0.063,,,,-0.063,,-3,3,0.186,0.8140000000000001,35,30,36,30,1,1,3,2,3,1,1.25,0.42,-0.42,42.8,,,,,
SL,2025-10-07,89.5,0.44,6.67,"Volpe, Anthony",683011,680755,,called_strike,,,,,6,Called Strike,D,R,R,NYY,TOR,S,,,0,0,2025,0.15,0.17,0.8119894434544399,2.7656012512355415,,642708,,1,5,Bot,,,,,,,0.5833493641640982,-130.49483222839592,-4.025408708420818,1.6232067425353651,25.43837421169043,-29.58533473606162,3.44999807578565,1.71742493212785,,,,88.6,2493,5.5,813061,672386,665489,676391,680718,665926,676914,662139,623993,55.03,,,,,,,,52,1,Slider,7,6,7,6,6,7,7,6,Standard,Standard,153,-0.005,-0.038,,,,0.038,,1,1,0.728,0.728,24,24,25,24,1,2,2,2,1,1,2.64,-0.15,-0.15,50.0,,,,,
FC,2025-10-07,90.5,3.74,5.84,"Rosario, Amed",642708,689254,,ball,,,,,12,Ball,D,R,L,NYY,TOR,B,,,0,2,2025,-0.44,0.92,0.8121520435761079,4.019844209842199,,700250,665862,2,3,Bot,,,,,,,-6.425936950438637,-131.71548010718047,-0.5696612613616574,-3.7435059374416624,27.320235394309897,-21.548517986767894,3.48999817754912,1.6832576710385,,,,91.3,2825,6.7,813061,672386,665489,676391,680718,665926,676914,662139,623993,53.82,,,,,,,,34,3,Cutter,3,6,3,6,6,3,3,6,Standard,Standard,175,0.004,0.012,,,,-0.012,,-3,-3,0.213,0.213,23,29,24,30,1,0,2,5,1,1,1.86,-0.44,0.44,29.5,,,,,
FF,2025-10-07,99.7,-2.94,5.57,"Judge, Aaron",592450,686973,home_run,hit_into_play,,,,,11,Aaron Judge homers (1) on a fly ball to left field. Austin Wells scores. Trent Grisham scores.,D,R,R,NYY,TOR,X,,fly_ball,0,2,2025,-0.91,1.22,-1.2003373805851183,3.4046793436951504,,669224,663757,1,4,Bot,31.21,103.04,,,,,6.993064029880392,-145.02070617025706,-3.4199366318340725,-14.51523542368599,36.597860416818136,-14.454544844934658,4.1,1.88,386,103.1,35,100.2,2341,6.8,813061,672386,665489,676391,680718,665926,676914,662139,623993,53.73,0.532,1.0642307692307693,2,1,0,3,6,42,3,4-Seam Fastball,3,6,3,6,6,6,6,6,Standard,Standard,217,0.29,1.281,77.9,7.9,2.095,-1.281,103.1,-3,-3,0.243,0.243,27,33,28,33,1,2,2,2,1,1,1.09,0.91,0.91,45.2,12.748915036703817,-23.62265598258045,31.630757144657284,26.94012287106671,33.07516799024317
SL,2025-10-07,87.5,-1.6,5.92,"Chisholm Jr., Jazz",665862,684320,,called_strike,,,,,5,Called Strike,D,L,R,NYY,TOR,S,,,0,0,2025,0.35,0.08,-0.27502300113262435,2.5641277070441,,,,0,7,Bot,,,,,,,2.4894295019122543,-127.39605456865932,-2.0926184967573955,3.2429624099405516,27.431360449356912,-31.09469852084453,3.72000161456228,1.78375866421823,,,,87.4,2707,6.3,813061,672386,665489,676391,680718,665926,676914,662139,623993,54.19,,,,,,,,65,1,Slider,9,6,9,6,6,9,9,6,Infield shade,Standard,111,-0.001,-0.039,,,,0.039,,3,3,0.941,0.941,28,27,28,27,1,3,10,2,1,1,2.91,-0.35,0.35,39.7,,,,,
FF,2025-10-07,97.2,-1.69,6.06,"Giménez, Andrés",665926,670280,,ball,,,,,11,Ball,D,L,R,NYY,TOR,B,,,0,0,2025,-0.24,1.65,-0.09418118525491925,3.5699665799624523,,676391,,2,8,Top,,,,,,,4.848082400440719,-141.29127096567981,-4.861213609968067,-4.462826667188236,36.437668726108676,-9.235982958991295,3.31999947747238,1.46408088638573,,,,96.8,2407,6.4,813061,669224,502671,665862,676609,683011,641355,663757,592450,54.07,,,,,,,,71,1,4-Seam Fastball,9,6,6,9,6,9,6,9,Standard,Standard,212,-0.002,0.019,,,,-0.019,,3,-3,0.95,0.050000000000000044,30,26,31,27,1,3,5,2,1,1,0.79,0.24,-0.24,39.5,,,,,
FF,2025-10-07,92.7,-1.58,5.72,"Grisham, Trent",663757,669456,field_out,hit_into_play,,,,,8,Trent Grisham grounds out to first baseman Vladimir Guerrero Jr.,D,L,R,NYY,TOR,X,3,ground_ball,2,0,2025,-0.89,1.55,-0.1782523450135749,1.9282873707993597,,,,0,1,Bot,159.2,166.79,,,,,5.52386019604085,-134.6192875883256,-7.231752268394383,-12.045580365140943,32.06992028859741,-11.887204534776668,3.62,1.73,14,82.3,-6,92.4,2364,6.4,813061,672386,665489,643396,676391,665926,676914,662139,623993,54.05,0.123,0.111,0,1,0,0,2,6,3,4-Seam Fastball,0,2,0,2,2,0,0,2,Standard,Standard,219,-0.034,-0.378,75.7,8.2,0.165,0.378,88.0,-2,-2,0.363,0.363,30,28,30,29,1,0,11,2,8,1,1.13,0.89,-0.89,43.5,15.164704333516623,-5.823614032445168,33.01136192396212,41.742498326328445,30.683281402330113
SL,2025-10-07,89.1,-1.45,5.56,"Kirk, Alejandro",672386,666808,,swinging_strike,,,,,7,Swinging Strike,D,R,R,NYY,TOR,S,,,1,1,2025,0.69,-0.28,-0.2807446848634594,1.6814641449204077,,,665489,2,4,Top,,,,,,,1.4420817317249084,-129.82762892156842,-2.9143594812397042,7.443956112662934,28.046695034717466,-34.90094109116043,3.12,1.5,,,,89.3,2934,6.4,813061,669224,700250,665862,642708,683011,641355,663757,592450,54.09,,,,,,,,38,3,Slider,3,6,6,3,6,3,6,3,Strategic,Standard,62,0.003,-0.073,73.3,8.8,,0.073,,-3,3,0.203,0.7969999999999999,27,26,28,27,1,2,3,2,1,1,3.15,-0.69,-0.69,20.2,16.95833250458457,-50.31575730844662,22.518962013655873,34.269973799896604,56.62958384112652
SI,2025-10-07,87.9,3.93,2.89,"Barger, Addison",680718,657612,,foul,,,,,6,Foul,D,L,L,NYY,TOR,S,,,1,1,2025,1.21,-0.3,0.5160286515601102,2.8589318212207484,,676391,,2,5,Top,,,,,,,-10.761687500221624,-127.26693066517433,6.762720414139237,15.416535659181504,27.485525993205265,-37.27944245553737,3.69,1.72,1,71.4,-61,87.5,2124,6.4,813061,669224,700250,665862,642708,683011,641355,663757,592450,54.06,,,,,,,,48,3,Sinker,6,6,6,6,6,6,6,6,Standard,Standard,84,0.012,-0.056,60.7,5.3,,0.056,88.0,0,0,0.523,0.477,35,25,35,26,1,1,3,3,,1,3.3,1.21,1.21,-27.9,-14.08625104167549,52.44886693988992,32.07346883537008,31.31140790130866,1.4032068722369555
FF,2025-10-07,95.2,-2.46,5.54,"Guerrero Jr., Vladimir",665489,642207,,ball,,,,,11,Ball,D,R,R,NYY,TOR,B,,,1,1,2025,-0.88,1.36,-0.8861950013548962,4.040060442996952,,,,0,7,Top,,,,,,,6.244565043219813,-138.44152952545096,-1.3194695925576942,-12.782279537322736,32.61046315429469,-14.667343237762463,3.67000138250341,1.7008679413674,,,,96.9,2363,7.4,813061,669224,502671,665862,676609,683011,641355,663757,592450,53.08,,,,,,,,62,3,4-Seam Fastball,9,6,6,9,6,9,6,9,Strategic,Standard,228,-0.005,0.055,,,,-0.055,,3,-3,0.894,0.10599999999999998,30,26,31,26,1,3,6,2,1,1,1.17,0.88,0.88,26.6,,,,,
FC,2025-10-07,93.6,1.92,6.26,"Grisham, Trent",663757,663893,,swinging_strike,,,,,5,Swinging Strike,D,L,L,NYY,TOR,S,,,1,1,2025,-0.02,0.4,-0.1593426191829925,2.790480361303537,,,,0,6,Bot,,,,,,,-5.266180544662973,-136.2130983029958,-4.091494800687299,0.8527266358140544,28.65650503244125,-26.459559404092097,3.62,1.73,,,,92.8,2307,5.7,813061,672386,665489,676391,680718,665926,676914,662139,623993,54.76,,,,,,,,57,3,Cutter,8,6,8,6,6,8,8,6,Standard,Standard,125,-0.003,-0.061,72.8,6.8,,0.061,,2,2,0.844,0.844,28,28,29,29,1,3,3,2,1,1,2.19,-0.02,-0.02,34.6,14.79270558312602,22.637969978156146,29.13663181046824,41.55911108617473,14.511148492063814
CU,2025-10-07,86.3,-1.09,6.49,"Wells, Austin",669224,667297,,foul,,,,,8,Foul,D,L,R,NYY,TOR,S,,,0,2,2025,0.52,-1.4,-0.2132856742435681,2.0693734173432614,,,,0,8,Bot,,,,,,,1.0195947496025834,-125.50437440139454,-1.2908175750157744,5.143386881122436,31.36499674558744,-46.603900207140846,3.56,1.63,177,70.3,54,84.4,3138,5.6,813061,672386,665489,676391,680718,665926,664770,662139,623993,54.9,,,,,,,,72,3,Curveball,9,6,9,6,6,9,9,6,Infield shade,Standard,20,0,0,67.6,7.8,,0,88.0,3,3,0.971,0.971,34,25,34,26,1,3,2,2,,1,4.52,-0.52,0.52,49.4,1.3821189843250945,-0.5889906154584158,36.40537769874969,37.276580364218994,21.16977856529511
FF,2025-10-07,93.5,1.92,6.5,"Springer, George",543807,607074,,ball,,,,,11,Ball,D,R,L,NYY,TOR,B,,,1,1,2025,0.93,1.59,-1.409898149031718,3.45121869009506,,,,0,1,Top,,,,,,,-10.559463063150641,-135.59739897444965,-5.4671010565588105,14.07943399314685,34.5074364713408,-11.519817964619872,3.52937127769295,1.61160293992536,,,,92.2,2308,6.1,813061,669224,700250,665862,641857,683011,641355,663757,592450,54.43,,,,,,,,1,3,4-Seam Fastball,0,0,0,0,0,0,0,0,Strategic,Standard,141,-0.005,0.055,,,,-0.055,,0,0,0.501,0.499,32,35,33,36,1,0,6,2,,1,1.07,0.93,-0.93,46.3,,,,,
FS,2025-10-07,81,-2.26,6.13,"Barger, Addison",680718,518585,,ball,,,,,14,Ball,D,L,R,NYY,TOR,B,,,1,1,2025,-0.3,0.42,0.6353228085102498,1.0443473782459676,,,623993,1,3,Top,,,,,,,7.090313731812576,-117.79256584438498,-5.617276215443946,-4.017165068614796,20.723717301558132,-27.37247791600709,3.69000159456479,1.80640969849598,,,,82,951,6.8,813061,669224,700250,665862,641857,683011,641355,663757,592450,53.68,,,,,,,,26,3,Split-Finger,1,6,6,1,6,1,6,1,Infield shade,Standard,246,-0.001,0.063,,,,-0.063,,-5,5,0.094,0.906,35,25,35,26,1,0,3,3,,1,3.03,0.3,-0.3,49.3,,,,,
SI,2025-10-07,88,4.1,2.96,"Barger, Addison",680718,657612,,ball,,,,,14,Ball,D,L,L,NYY,TOR,B,,,0,1,2025,0.99,-0.59,1.9704532186024926,2.2893823471125683,,676391,,2,5,Top,,,,,,,-7.199063344423283,-127.80752568400047,5.745538953138775,12.316895358877987,27.506679549779477,-40.12720816297105,3.69000150519318,1.9068400762808,,,,87.6,2003,6.2,813061,669224,700250,665862,642708,683011,641355,663757,592450,54.26,,,,,,,,48,2,Sinker,6,6,6,6,6,6,6,6,Standard,Standard,81,-0.005,0.015,,,,-0.015,,0,0,0.528,0.472,35,25,35,26,1,1,3,3,,1,3.55,0.99,0.99,-27.8,,,,,
SL,2025-10-07,88.9,-1.24,5.48,"Kirk, Alejandro",672386,666808,,ball,,,,,14,Ball,D,R,R,NYY,TOR,B,,,0,1,2025,0.83,-0.55,0.6332871296508512,0.9986831066708013,,,665489,2,4,Top,,,,,,,2.869959554780678,-129.45413138617704,-3.7457231513832863,8.60975393001809,29.220033826076467,-37.70109330690626,3.11999925544654,1.46332921410565,,,,88.8,2857,6.4,813061,669224,700250,665862,642708,683011,641355,663757,592450,54.11,,,,,,,,38,2,Slider,3,6,6,3,6,3,6,3,Strategic,Standard,59,-0.001,0.027,,,,-0.027,,-3,3,0.204,0.796,27,26,28,27,1,2,3,2,1,1,3.45,-0.83,-0.83,21.5,,,,,
FF,2025-10-07,93.1,-1.66,5.79,"Grisham, Trent",663757,669456,,ball,,,,,13,Ball,D,L,R,NYY,TOR,B,,,1,0,2025,-0.86,1.56,-0.9665881213955737,2.7022117401075656,,,,0,1,Bot,,,,,,,3.684075702680159,-135.36194461561513,-5.528894282142282,-11.398306572178866,32.16758680495931,-11.999404005077237,3.61999922636364,1.79799639636459,,,,92.9,2407,6.4,813061,672386,665489,643396,676391,665926,676914,662139,623993,54.1,,,,,,,,6,2,4-Seam Fastball,0,2,0,2,2,0,0,2,Standard,Standard,215,0.007,0.077,,,,-0.077,,-2,-2,0.356,0.356,30,28,30,29,1,0,11,2,8,1,1.09,0.86,-0.86,38.4,,,,,
CU,2025-10-07,82.9,0.63,6.72,"Rosario, Amed",642708,680755,double,hit_into_play,,,,,5,Amed Rosario doubles (1) on a line drive to left fielder Davis Schneider.,D,R,R,NYY,TOR,X,7,line_drive,1,0,2025,0.13,-1.2,0.06768005055970008,2.3431070144254322,,,,1,5,Bot,38.76,115.67,,,,,-1.5055320609292602,-120.68865106139557,-1.1424190867930315,1.5802007160932283,24.769028187472205,-43.88112262885025,3.49,1.62,239,80.5,21,81.5,2534,5.5,813061,672386,665489,676391,680718,665926,676914,662139,623993,55.04,0.846,0.785,1.25,1,1,1,4,51,2,Curveball,7,6,7,6,6,7,7,6,Standard,Standard,18,0.039,0.602,76.1,7.9,0.947,-0.602,88.0,1,1,0.689,0.689,24,29,25,30,1,1,2,5,1,1,4.53,-0.13,-0.13,51.0,11.76045931132836,-18.027038750414533,23.067989637595762,36.61710166148379,41.84997079806238
SI,2025-10-07,91.5,3.49,5.92,"Polanco, Jorge",593871,676428,field_out,hit_into_play,,,,,8,"Jorge Polanco grounds out, shortstop Javier Báez to first baseman Spencer Torkelson.",D,R,L,DET,SEA,X,6,ground_ball,0,1,2025,1.43,0.18,-0.1532312753007361,1.9994751928051064,,,,0,5,Top,124.37,199.38,,,,,-12.107488140484378,-132.65714649156087,-4.327382605129629,19.49337159885053,28.932279054736597,-29.198995671510655,3.3,1.62,11,108.2,-10,90.3,2175,5.8,813056,693307,679529,650402,656716,595879,682985,678009,681481,54.67,0.363,0.327,0,1,0,0,2,37,2,Sinker,0,4,4,0,4,0,4,0,Infield shade,Standard,121,0.007,-0.22,71.4,6.4,0.364,0.22,108.2,-4,4,0.105,0.895,26,31,27,32,1,2,2,2,,1,2.56,1.43,-1.43,25.8,-2.7066836109457997,3.888779511767266,41.199442456955666,32.170724778678405,21.53349320057166
SI,2025-10-07,96,-2.16,5.61,"Arozarena, Randy",668227,672456,,ball,,,,,14,Ball,D,R,R,DET,SEA,B,,,0,1,2025,-1.37,0.94,1.379164289399509,1.818266136352637,,,,2,6,Top,,,,,,,12.430684285173472,-139.23304929550105,-6.568494594311078,-20.425566585426697,28.304158173840236,-18.613784575374524,3.40999979877343,1.57867471592258,,,,96.1,2363,6.3,813056,693307,679529,650402,656716,595879,682985,678009,681481,54.17,,,,,,,,48,2,Sinker,1,5,5,1,5,1,5,1,Standard,Standard,217,-0.001,0.027,,,,-0.027,,-4,4,0.095,0.905,24,30,25,30,1,3,3,2,3,1,1.53,1.37,1.37,35.3,,,,,
SI,2025-10-07,94.8,-3.05,5.35,"Arozarena, Randy",668227,669724,double,hit_into_play,,,,,6,Randy Arozarena doubles (1) on a ground ball to right fielder Kerry Carpenter.,D,R,R,DET,SEA,X,9,ground_ball,0,1,2025,-1.53,0.42,0.48781425943299683,2.369391336587367,,,,0,9,Top,219.24,110.86,,,,,12.533306597273098,-137.42135278490164,-2.9856326683815757,-22.198102337686613,31.40884319956341,-26.344944752158234,3.41,1.7,22,107.8,-5,93.8,2181,6,813056,693307,679529,650402,656716,595879,682985,678009,681481,54.51,0.422,0.384,1.25,1,1,1,2,67,2,Sinker,1,6,6,1,6,1,6,1,Standard,Standard,238,-0.002,0.756,,,0.464,-0.756,107.8,-5,5,0.006,0.994,27,30,27,30,1,4,26,2,,1,2.14,1.53,1.53,32.2,,,,,
FF,2025-10-07,96,-1.62,5.96,"Barger, Addison",680718,670280,field_out,hit_into_play,,,,,3,"Addison Barger grounds out softly, second baseman Jazz Chisholm Jr. to first baseman Paul Goldschmidt. Ernie Clement to 2nd.",D,L,R,NYY,TOR,X,4,ground_ball,0,1,2025,-0.45,1.37,0.5229756662954705,3.800209911220823,,,676391,1,8,Top,146.16,149.63,,,,,6.679724780080527,-139.49964588194894,-3.1415110087014484,-7.474658275002551,35.111939373341734,-13.854452070162765,3.69,1.72,8,59,-25,95.4,2105,6.3,813061,669224,502671,665862,676609,683011,641355,663757,592450,54.2,0.065,0.062,0,1,0,0,1,70,2,4-Seam Fastball,9,6,6,9,6,9,6,9,Infield shade,Standard,214,0.021,-0.278,69.4,6.2,0.066,0.278,88.0,3,-3,0.929,0.07099999999999995,30,25,31,26,1,2,5,3,1,1,1.13,0.45,-0.45,38.3,7.956359112104882,17.61323450219315,21.078107208398283,28.691643792353442,22.2210781336508
FF,2025-10-07,96.1,-2.44,5.45,"Guerrero Jr., Vladimir",665489,642207,,ball,,,,,12,Ball,D,R,R,NYY,TOR,B,,,0,1,2025,-0.95,1.26,0.673752853563153,3.8247190347207622,,,,0,7,Top,,,,,,,10.591513771657857,-139.46718972899285,-1.5313924051998806,-14.892352702575536,33.39148431404485,-15.668428521066053,3.67000170568923,1.75494215592407,,,,97.5,2407,7.4,813061,669224,502671,665862,676609,683011,641355,663757,592450,53.14,,,,,,,,62,2,4-Seam Fastball,9,6,6,9,6,9,6,9,Strategic,Standard,223,-0.003,0.031,,,,-0.031,,3,-3,0.897,0.10299999999999998,30,26,31,26,1,3,6,2,1,1,1.24,0.95,0.95,25.6,,,,,
SL,2025-10-07,88.1,-1.19,5.82,"Carpenter, Kerry",681481,669302,field_out,hit_into_play,,,,,5,"Kerry Carpenter grounds out, second baseman Jorge Polanco to first baseman Josh Naylor.",D,L,R,DET,SEA,X,4,ground_ball,1,0,2025,-0.01,0.1,-0.1565718613423635,2.8279757655575426,,,,0,1,Bot,157.99,145.79,,,,,2.564776321268146,-128.18964623383337,-1.3265311000189661,-0.6712919116958819,29.05218935804172,-31.05860763730873,3.39,1.62,122,100.9,8,89.4,1892,7.3,813056,663728,647304,593871,553993,641487,668227,677594,645302,53.19,0.658,0.6,0,1,0,0,4,4,2,Slider,0,0,0,0,0,0,0,0,Infield shade,Standard,71,-0.025,-0.301,74.3,7.7,0.729,0.301,100.9,0,0,0.551,0.551,28,27,28,28,1,0,10,2,3,1,2.86,0.01,-0.01,44.5,18.53074998803188,-2.5953426623032705,30.30467636010281,40.53419295932807,27.370393918778404
SI,2025-10-07,96.9,-2.25,5.23,"McKinstry, Zach",656716,666374,,ball,,,,,14,Ball,D,L,R,DET,SEA,B,,,0,1,2025,-1.59,0.71,1.9466446797671262,1.926258236510595,,,,0,7,Bot,,,,,,,14.771574215928535,-140.27599632399563,-4.838323921148945,-24.35787785603101,32.731287216493,-21.8059692608852,3.39139485755505,1.58382197732718,,,,96.4,2340,6.4,813056,663728,647304,593871,553993,641487,668227,677594,645302,54.12,,,,,,,,56,2,Sinker,1,5,1,5,5,1,1,5,Standard,Standard,230,0.002,0.031,,,,-0.031,,-4,-4,0.068,0.068,27,30,27,30,1,2,2,2,3,1,1.75,1.59,-1.59,30.7,,,,,
FF,2025-10-07,96.6,-2.8,5.33,"Dingler, Dillon",693307,662253,,ball,,,,,12,Ball,D,R,R,DET,SEA,B,,,0,1,2025,-0.7,0.91,1.1397033374209413,2.5613611945690247,,,628451,0,9,Bot,,,,,,,12.071795843914384,-140.14610060854713,-3.8175885765351714,-12.072825335186483,33.04812196307756,-19.52267709504862,3.39999929892024,1.64412645880733,,,,96.3,2262,6.4,813056,663728,647304,593871,553993,641487,668227,677594,645302,54.15,,,,,,,,76,2,4-Seam Fastball,4,8,4,8,8,4,4,8,Standard,Standard,221,0.003,0.034,,,,-0.034,,-4,-4,0.039,0.039,26,26,26,27,1,3,2,2,3,1,1.56,0.7,0.7,28.0,,,,,
SI,2025-10-07,94.2,-2.17,5.61,"Báez, Javier",595879,660825,,called_strike,,,,,4,Called Strike,D,R,R,DET,SEA,S,,,1,0,2025,-1.41,0.89,-0.5667169321578682,2.4047547210921145,,,,0,8,Bot,,,,,,,7.24201971031396,-137.005456331521,-4.559170389975413,-19.361286079625714,31.102901906686753,-20.164005060936486,3.40794144547658,1.62744818253285,,,,93.5,2321,6,813056,663728,647304,593871,553993,641487,668227,677594,645302,54.52,,,,,,,,64,2,Sinker,1,6,1,6,6,1,1,6,Infield shade,Standard,219,-0.002,-0.05,,,,0.05,,-5,-5,0.024,0.024,29,32,30,33,1,2,2,2,1,1,1.69,1.41,1.41,39.6,,,,,
FF,2025-10-07,93.9,2.44,5.64,"Rogers, Jake",668670,657571,,swinging_strike,,,,,1,Swinging Strike,D,R,L,DET,SEA,S,,,1,0,2025,0.62,1.26,-0.5759337128723251,2.9187532645024996,,,,0,9,Bot,,,,,,,-9.171162230072985,-136.45304866194695,-4.094392578026023,9.7744402034763,29.14499457880968,-15.69824414363078,3.47,1.59,,,,93.8,2326,6.2,813056,663728,647304,593871,553993,641487,668227,677594,645302,54.26,,,,,,,,72,2,4-Seam Fastball,1,8,1,8,8,1,1,8,Standard,Standard,144,0,-0.05,71.7,6.5,,0.05,,-7,-7,0.001,0.001,28,30,29,30,1,0,3,9,8,,1.33,0.62,-0.62,39.7,1.0776708779159463,19.701600061855498,36.42750922548066,31.078013470223247,16.266823876661068
FF,2025-10-07,94.8,-2.54,5.33,"Arozarena, Randy",668227,656427,,called_strike,,,,,4,Called Strike,D,R,R,DET,SEA,S,,,0,1,2025,-0.74,1.48,-0.505754211823376,2.5680798660731146,,,,0,1,Top,,,,,,,6.989158978617088,-137.81727530382307,-4.798482910679553,-11.03102174981524,34.038268382538554,-12.483172626931733,3.41000047938353,1.67444628397105,,,,94.7,2327,6.5,813056,693307,679529,650402,656716,595879,682985,678009,681481,53.98,,,,,,,,1,2,4-Seam Fastball,0,0,0,0,0,0,0,0,Standard,Standard,214,0.006,-0.055,,,,0.055,,0,0,0.503,0.497,29,30,30,30,1,0,5,2,3,1,1.08,0.74,0.74,25.2,,,,,
CH,2025-10-07,85,-2.34,5.46,"Crawford, J.P.",641487,592454,,ball,,,,,13,Ball,D,L,R,DET,SEA,B,,,0,1,2025,-1.04,0.03,-1.1524618509404214,2.0011623798690947,,,686527,1,4,Top,,,,,,,4.8902427323248965,-123.67774374786657,-1.8442304652026311,-11.65129567033687,24.246675485599926,-31.73626268540006,3.27999894339827,1.52850055942761,,,,85.4,1324,6.5,813056,693307,679529,650402,656716,595879,682985,678009,681481,54.01,,,,,,,,30,2,Changeup,0,3,3,0,3,0,3,0,Infield shade,Standard,251,-0.002,0.019,,,,-0.019,,-3,3,0.188,0.812,35,30,36,30,1,1,3,2,3,1,3.12,1.04,-1.04,31.5,,,,,
FC,2025-10-07,91.2,3.69,5.82,"Rosario, Amed",642708,689254,,swinging_strike,,,,,12,Swinging Strike,D,R,L,NYY,TOR,S,,,0,1,2025,-0.22,1,0.4490773273088365,3.866947569091633,,700250,665862,2,3,Bot,,,,,,,-7.702978695563261,-132.79565210216873,-1.215635241029875,-1.0807869770386322,26.181825622873582,-20.250722376631234,3.49,1.62,,,,91.9,2763,6.5,813061,672386,665489,676391,680718,665926,676914,662139,623993,53.99,,,,,,,,34,2,Cutter,3,6,3,6,6,3,3,6,Standard,Standard,171,-0.011,-0.057,71.2,6.1,,0.057,,-3,-3,0.224,0.224,23,29,24,30,1,0,2,5,1,1,1.72,-0.22,0.22,30.3,0.8156456301853167,31.734016725168225,24.292009719595658,35.19554390532335,10.926153767491499
FF,2025-10-07,100,-2.76,5.67,"Judge, Aaron",592450,686973,,swinging_strike,,,,,5,Swinging Strike,D,R,R,NYY,TOR,S,,,0,1,2025,-0.51,1.3,-0.018133690326946783,3.1139403376597405,,669224,663757,1,4,Bot,,,,,,,8.802338792918617,-145.34814478869234,-4.708583971508344,-9.40999172151312,35.796035737960246,-12.878257632175952,4.1,1.88,,,,100.1,2379,6.5,813061,672386,665489,676391,680718,665926,676914,662139,623993,53.97,,,,,,,,42,2,4-Seam Fastball,3,6,3,6,6,3,3,6,Standard,Standard,215,-0.014,-0.053,79.2,7.2,,0.053,,-3,-3,0.257,0.257,27,33,28,33,1,2,2,2,1,1,1,0.51,0.51,44.7,-0.9765851160808946,12.314561291953051,37.281469888583764,42.6793455331744,14.132282020843032
SL,2025-10-07,88.5,-1.44,5.97,"Stanton, Giancarlo",519317,684320,field_out,hit_into_play,,,,,9,"Giancarlo Stanton grounds out softly, catcher Alejandro Kirk to first baseman Vladimir Guerrero Jr.",D,R,R,NYY,TOR,X,2,ground_ball,0,1,2025,-0.03,0.54,0.7829123311663635,1.9178014383126658,,641355,,2,6,Bot,124.78,203.14,,,,,5.468291651150563,-128.80207158230584,-4.981827090324513,-1.383034582016425,24.87585009953666,-25.34919786418937,3.8,1.84,0,49.2,-84,88.5,2856,6.1,813061,672386,665489,676391,680718,665926,676914,662139,623993,54.39,0.158,0.149,0,1,0,0,1,61,2,Slider,9,6,9,6,6,9,9,6,Standard,Standard,319,-0.011,-0.248,42.8,8.1,0.158,0.248,88.0,3,3,0.904,0.904,28,35,28,36,1,3,10,2,1,1,2.35,0.03,0.03,40.1,-1.8679870216914898,19.684737192546002,26.946227552555694,52.9417574659588,7.372622964616682
KC,2025-10-07,88.1,1.44,6.34,"Grisham, Trent",663757,663893,,ball,,,,,13,Ball,D,L,L,NYY,TOR,B,,,0,1,2025,-0.27,-0.71,-1.5176065435743014,0.6604594160694304,,,,0,6,Bot,,,,,,,-6.554202123187605,-128.08708481517132,-6.111774952789346,-1.5510338923449467,27.922485382090787,-38.87387464546128,3.62000080707125,1.78966434948845,,,,87,2037,5.8,813061,672386,665489,676391,680718,665926,676914,662139,623993,54.73,,,,,,,,57,2,Knuckle Curve,8,6,8,6,6,8,8,6,Standard,Standard,348,0.001,0.031,,,,-0.031,,2,2,0.843,0.843,28,28,29,29,1,3,3,2,1,1,3.67,-0.27,-0.27,49.3,,,,,
CH,2025-10-07,85.1,2.17,6.27,"Springer, George",543807,607074,,ball,,,,,13,Ball,D,R,L,NYY,TOR,B,,,0,1,2025,1.24,0.37,-0.329420432588432,-0.3145643869461985,,,,0,1,Top,,,,,,,-8.30125711511653,-123.32075574357903,-9.747709940175104,14.380756160969094,26.097952701024457,-26.52249659960334,3.38359987089645,1.54893697131925,,,,84.4,1747,6.2,813061,669224,700250,665862,641857,683011,641355,663757,592450,54.29,,,,,,,,1,2,Changeup,0,0,0,0,0,0,0,0,Strategic,Standard,129,-0.002,0.031,,,,-0.031,,0,0,0.503,0.497,32,35,33,36,1,0,6,2,,1,2.82,1.24,-1.24,46.8,,,,,
CU,2025-10-07,85.8,-1.14,6.51,"Wells, Austin",669224,667297,,foul,,,,,14,Foul,D,L,R,NYY,TOR,S,,,0,1,2025,0.74,-1.17,0.6653834979562453,1.3898566578424911,,,,0,8,Bot,,,,,,,2.735184375739061,-124.81294245992005,-3.3439106539519345,6.979188280282766,29.518572957894957,-43.688718084753944,3.56,1.63,117,64.6,70,84.2,3037,5.7,813061,672386,665489,676391,680718,665926,664770,662139,623993,54.84,,,,,,,,72,2,Curveball,9,6,9,6,6,9,9,6,Infield shade,Standard,17,-0.001,-0.055,75.3,8.2,,0.055,88.0,3,3,0.972,0.972,34,25,34,26,1,3,2,2,,1,4.31,-0.74,0.74,48.2,16.175326315823238,-17.98933555441641,41.929500088423154,26.774255881252408,36.092135663570474
FS,2025-10-07,80.7,-2.44,6.02,"Barger, Addison",680718,518585,,ball,,,,,13,Ball,D,L,R,NYY,TOR,B,,,0,1,2025,-0.42,0.17,-0.38029266710192566,1.600780968082757,,,623993,1,3,Top,,,,,,,5.401326332902922,-117.51201630595584,-3.524536282341688,-4.87612613343003,21.562590079085048,-30.18576852880372,3.69000214764113,1.77518437214684,,,,81.3,791,6.6,813061,669224,700250,665862,641857,683011,641355,663757,592450,53.94,,,,,,,,26,2,Split-Finger,1,6,6,1,6,1,6,1,Infield shade,Standard,247,-0.001,0.019,,,,-0.019,,-5,5,0.095,0.905,35,25,35,26,1,0,3,3,,1,3.32,0.42,-0.42,48.6,,,,,
FF,2025-10-07,94.8,-2.31,6.01,"Barger, Addison",680718,518585,,called_strike,,,,,6,Called Strike,D,L,R,NYY,TOR,S,,,0,0,2025,-0.35,1.52,0.4103214982362834,2.9758947315475734,,,623993,1,3,Top,,,,,,,7.926704698957746,-137.80484804903412,-5.649527375626621,-6.222445135207448,31.859657742108613,-11.756851942247591,3.69000100435346,1.73519516673759,,,,95.2,2381,6.7,813061,669224,700250,665862,641857,683011,641355,663757,592450,53.82,,,,,,,,26,1,4-Seam Fastball,1,6,6,1,6,1,6,1,Infield shade,Standard,213,0.001,-0.04,,,,0.04,,-5,5,0.094,0.906,35,25,35,26,1,0,3,3,,1,1.03,0.35,-0.35,43.7,,,,,
SL,2025-10-07,88.3,-1.41,5.34,"Kirk, Alejandro",672386,666808,,called_strike,,,,,5,Called Strike,D,R,R,NYY,TOR,S,,,0,0,2025,0.59,0.1,0.07541984686066466,2.006374397793935,,,665489,2,4,Top,,,,,,,2.38404674871492,-128.49624305897277,-2.116039570781713,5.903986120623869,31.435890882149014,-30.86732914843984,3.11999973768314,1.40987381101254,,,,87.8,2796,6.4,813061,669224,700250,665862,642708,683011,641355,663757,592450,54.14,,,,,,,,38,1,Slider,3,6,6,3,6,3,6,3,Strategic,Standard,68,0.002,-0.042,,,,0.042,,-3,3,0.202,0.798,27,26,28,27,1,2,3,2,1,1,2.87,-0.59,-0.59,19.2,,,,,
ST,2025-10-07,80.1,3.69,5.98,"Polanco, Jorge",593871,676428,,called_strike,,,,,8,Called Strike,D,R,L,DET,SEA,S,,,0,0,2025,-1.6,0.07,0.1904642977281732,1.676160576554885,,,,0,5,Top,,,,,,,-4.628416958184755,-116.53474330209649,-2.858586500690439,-13.664441909316904,22.8541859997352,-31.22552768237838,3.23660976388964,1.52673581139234,,,,78.8,2660,5.5,813056,693307,679529,650402,656716,595879,682985,678009,681481,55.01,,,,,,,,37,1,Sweeper,0,4,4,0,4,0,4,0,Standard,Standard,297,0.001,-0.039,,,,0.039,,-4,4,0.104,0.896,26,31,27,32,1,2,2,2,,1,3.5,-1.6,1.6,26.8,,,,,
SI,2025-10-07,95.6,-2.34,5.56,"Arozarena, Randy",668227,672456,,called_strike,,,,,7,Called Strike,D,R,R,DET,SEA,S,,,0,0,2025,-1.53,1.01,-0.4181949990979932,1.826167099699742,,,,2,6,Top,,,,,,,8.492573890632977,-138.82671004732433,-6.465527311314515,-21.66060082176753,31.129649146978977,-17.85383575241683,3.51882664038509,1.80114733840322,,,,95.5,2324,6.3,813056,693307,679529,650402,656716,595879,682985,678009,681481,54.17,,,,,,,,48,1,Sinker,1,5,5,1,5,1,5,1,Standard,Standard,217,0.001,-0.043,,,,0.043,,-4,4,0.094,0.906,24,30,25,30,1,3,3,2,3,1,1.5,1.53,1.53,34.8,,,,,
SI,2025-10-07,93.4,-2.75,5.47,"Arozarena, Randy",668227,669724,,called_strike,,,,,3,Called Strike,D,R,R,DET,SEA,S,,,0,0,2025,-1.49,0.21,0.6028931053224562,2.982452631412275,,,,0,9,Top,,,,,,,11.815389208217422,-135.45504890828687,-1.015981311961384,-21.040709914622973,31.44036537314812,-29.65061563213635,3.41000063550768,1.57808772794803,,,,92.3,2149,6,813056,693307,679529,650402,656716,595879,682985,678009,681481,54.52,,,,,,,,67,1,Sinker,1,6,6,1,6,1,6,1,Standard,Standard,238,0,-0.039,,,,0.039,,-5,5,0.006,0.994,27,30,27,30,1,4,26,2,,1,2.44,1.49,1.49,28.6,,,,,
FF,2025-10-07,96.3,-1.27,6,"Carpenter, Kerry",681481,669302,,ball,,,,,11,Ball,D,L,R,DET,SEA,B,,,0,0,2025,-0.8,1.41,-0.5497383496618193,5.336854058708806,,,,0,1,Bot,,,,,,,3.808600066934061,-140.27503788712428,0.6415890843712411,-11.42203219892472,33.135566394481316,-13.980862377126455,3.39000106441592,1.54841441212838,,,,98.2,2147,7.4,813056,663728,647304,593871,553993,641487,668227,677594,645302,53.11,,,,,,,,4,1,4-Seam Fastball,0,0,0,0,0,0,0,0,Infield shade,Standard,212,0.003,0.041,,,,-0.041,,0,0,0.548,0.548,28,27,28,28,1,0,10,2,3,1,1.05,0.8,-0.8,50.0,,,,,
SL,2025-10-07,85.1,-2.49,5.14,"McKinstry, Zach",656716,666374,,called_strike,,,,,5,Called Strike,D,L,R,DET,SEA,S,,,0,0,2025,1.03,0.02,-0.15400236796257294,2.730236038033909,,,,0,7,Bot,,,,,,,3.4116168290991418,-123.88615883008073,0.6689039039829066,9.903727911944044,25.98979904114181,-32.3680494022014,3.237141567106,1.62196491623776,,,,85.3,2823,6.5,813056,663728,647304,593871,553993,641487,668227,677594,645302,53.99,,,,,,,,56,1,Slider,1,5,1,5,5,1,1,5,Standard,Standard,47,-0.003,-0.039,,,,0.039,,-4,-4,0.071,0.071,27,30,27,30,1,2,2,2,3,1,3.14,-1.03,1.03,30.5,,,,,
SL,2025-10-07,84,-2.69,5.33,"Dingler, Dillon",693307,662253,,called_strike,,,,,7,Called Strike,D,R,R,DET,SEA,S,,,0,0,2025,0.54,0.08,-0.3004548354892361,2.1009574917395537,,,628451,0,9,Bot,,,,,,,4.502244830927854,-122.28371446668106,-1.2303905848275272,4.5059209824776385,24.821441873750942,-31.362100511299165,3.31620164534648,1.63268574615848,,,,84.5,2211,6.7,813056,663728,647304,593871,553993,641487,668227,677594,645302,53.85,,,,,,,,76,1,Slider,4,8,4,8,8,4,4,8,Standard,Standard,83,-0.004,-0.043,,,,0.043,,-4,-4,0.043,0.043,26,26,26,27,1,3,2,2,3,1,3.16,-0.54,-0.54,32.9,,,,,
SI,2025-10-07,94,-1.91,5.75,"Báez, Javier",595879,660825,,ball,,,,,14,Ball,D,R,R,DET,SEA,B,,,0,0,2025,-1.29,1.1,0.8833989965940512,1.00959664031229,,,,0,8,Bot,,,,,,,10.00075795821005,-136.35494559581855,-8.894406579660988,-18.32285005452091,30.168365714778503,-16.608367123665737,3.36023818445407,1.7229264406299,,,,93.1,2276,5.9,813056,663728,647304,593871,553993,641487,668227,677594,645302,54.58,,,,,,,,64,1,Sinker,1,6,1,6,6,1,1,6,Infield shade,Standard,217,0.002,0.041,,,,-0.041,,-5,-5,0.022,0.022,29,32,30,33,1,2,2,2,1,1,1.5,1.29,1.29,44.8,,,,,
FF,2025-10-07,93.4,2.3,5.79,"Rogers, Jake",668670,657571,,ball,,,,,13,Ball,D,R,L,DET,SEA,B,,,0,0,2025,0.63,1.38,-1.0564753198393213,1.7882724703452801,,,,0,9,Bot,,,,,,,-10.006630320629398,-135.50455332757926,-7.552693753474729,9.90174807607336,29.6291376685364,-13.633590477739833,3.4699992820556,1.5798414050631,,,,93.2,2311,6.4,813056,663728,647304,593871,553993,641487,668227,677594,645302,54.15,,,,,,,,72,1,4-Seam Fastball,1,8,1,8,8,1,1,8,Standard,Standard,146,0,0.041,,,,-0.041,,-7,-7,0.001,0.001,28,30,29,30,1,0,3,9,8,,1.25,0.63,-0.63,43.1,,,,,
FF,2025-10-07,95.3,-2.54,5.41,"Arozarena, Randy",668227,656427,,foul,,,,,9,Foul,D,R,R,DET,SEA,S,,,0,0,2025,-0.6,1.44,0.7544914211559001,1.843234475647661,,,,0,1,Top,,,,,,,10.019508787544742,-138.29094586153354,-6.971212681080617,-9.981555746397353,30.851528733127555,-12.21984272691182,3.41,1.7,161,66.4,25,95.4,2353,6.5,813056,693307,679529,650402,656716,595879,682985,678009,681481,53.99,,,,,,,,1,1,4-Seam Fastball,0,0,0,0,0,0,0,0,Standard,Standard,214,0.003,-0.039,76.3,8.3,,0.039,88.0,0,0,0.5,0.5,29,30,30,30,1,0,5,2,3,1,1.08,0.6,0.6,29.3,12.940365832455338,-10.779454166376954,29.68248856913813,41.27786446118865,43.330827583720605
CH,2025-10-07,84.6,-2.25,5.48,"Crawford, J.P.",641487,592454,,called_strike,,,,,6,Called Strike,D,L,R,DET,SEA,S,,,0,0,2025,-0.89,0.41,0.6329861848451022,2.178597043903446,,,686527,1,4,Top,,,,,,,8.517189398290471,-122.93933812913396,-2.1753142824406053,-10.633742254663863,23.07502831859849,-27.78420564748267,3.28000017294867,1.51806367225269,,,,85,1174,6.5,813056,693307,679529,650402,656716,595879,682985,678009,681481,54.02,,,,,,,,30,1,Changeup,0,3,3,0,3,0,3,0,Infield shade,Standard,248,0.003,-0.04,,,,0.04,,-3,3,0.185,0.815,35,30,36,30,1,1,3,2,3,1,2.77,0.89,-0.89,31.7,,,,,
FF,2025-10-07,92,2.08,6.46,"Springer, George",543807,607074,,swinging_strike,,,,,14,Swinging Strike,D,R,L,NYY,TOR,S,,,0,0,2025,1.28,1.2,0.8633285597138851,1.8163929782705541,,,,0,1,Top,,,,,,,-5.83642815511262,-133.64201532065047,-8.441515469872057,16.659083241507133,31.369619677765677,-16.082119569500446,3.58,1.65,,,,91.1,2230,6,813061,669224,700250,665862,641857,683011,641355,663757,592450,54.46,,,,,,,,1,1,4-Seam Fastball,0,0,0,0,0,0,0,0,Strategic,Standard,137,0.003,-0.039,75.0,8.9,,0.039,,0,0,0.5,0.5,32,35,33,36,1,0,6,2,,1,1.52,1.28,-1.28,45.6,25.357526889579614,-25.65613728797483,37.64541124071694,46.32612328738126,36.52413724535805
CU,2025-10-07,75.8,-1.78,5.93,"Barger, Addison",680718,670280,,foul,,,,,8,Foul,D,L,R,NYY,TOR,S,,,0,0,2025,0.59,-0.74,0.20247092381544562,1.7037907903643736,,,676391,1,8,Top,,,,,,,3.0501586267062515,-110.3580081995521,-0.34722452832055817,4.196725413649512,22.21535925920557,-38.30824471485098,3.69,1.72,67,86.4,3,74.7,2371,5.8,813061,669224,502671,665862,676609,683011,641355,663757,592450,54.73,,,,,,,,70,1,Curveball,9,6,6,9,6,9,6,9,Infield shade,Standard,47,0.004,-0.04,81.8,8.4,,0.04,88.0,3,-3,0.925,0.07499999999999996,30,25,31,26,1,2,5,3,1,1,4.74,-0.59,0.59,34.8,21.238981781292974,-17.81740951082421,30.903710289735038,32.28384127031342,43.88019368201941
FC,2025-10-07,91.2,3.83,5.69,"Rosario, Amed",642708,689254,,foul_tip,,,,,3,Foul Tip,D,R,L,NYY,TOR,S,,,0,0,2025,-0.09,1.33,0.5932121028623305,3.38047633460362,,700250,665862,2,3,Bot,,,,,,,-7.979319726997679,-132.64382839952913,-2.8030053238508277,0.5779642036842804,26.79512520808516,-16.03734864855304,3.49,1.62,,,,91.8,2632,6.6,813061,672386,665489,676391,680718,665926,676914,662139,623993,53.93,,,,,,,,34,1,Cutter,3,6,3,6,6,3,3,6,Standard,Standard,168,-0.007,-0.047,78.7,7.4,,0.047,,-3,-3,0.231,0.231,23,29,24,30,1,0,2,5,1,1,1.4,-0.09,0.09,34.4,10.43121103286187,11.750677302923869,18.41972316667142,37.286415184177436,22.148083305696275
KC,2025-10-07,90.1,-2.94,5.71,"Judge, Aaron",592450,686973,,foul,,,,,6,Foul,D,R,R,NYY,TOR,S,,,0,0,2025,0.21,-0.31,0.6832754650962517,3.1069507232302587,,669224,663757,1,4,Bot,,,,,,,8.597579001661144,-130.99362153146066,0.16431130432742624,0.6995590713081169,26.815179858057625,-36.0330022972567,4.1,1.88,6,70.2,-26,90.8,2544,6.7,813061,672386,665489,676391,680718,665926,676914,662139,623993,53.82,,,,,,,,42,1,Knuckle Curve,3,6,3,6,6,3,3,6,Standard,Standard,41,-0.008,-0.033,81.8,8.1,,0.033,88.0,-3,-3,0.265,0.265,27,33,28,33,1,2,2,2,1,1,3.12,-0.21,-0.21,47.1,15.44768063372608,-9.709656649966103,30.0109071551555,49.36429754994529,34.98070064587709
SL,2025-10-07,88,-1.51,5.94,"Stanton, Giancarlo",519317,684320,,called_strike,,,,,1,Called Strike,D,R,R,NYY,TOR,S,,,0,0,2025,0.47,0.21,-0.43934832463238893,3.26029571971538,,641355,,2,6,Bot,,,,,,,1.5961797435959082,-128.1299608293091,-0.8132819765975998,4.8629561608928045,27.658599672486645,-29.963358286273255,3.79999806922877,1.8644404752906,,,,87.4,2699,6,813061,672386,665489,676391,680718,665926,676914,662139,623993,54.51,,,,,,,,61,1,Slider,9,6,9,6,6,9,9,6,Standard,Standard,143,-0.002,-0.04,,,,0.04,,3,3,0.906,0.906,28,35,28,36,1,3,10,2,1,1,2.74,-0.47,-0.47,39.9,,,,,
SL,2025-10-07,89,0.35,6.7,"Rosario, Amed",642708,680755,,ball,,,,,3,Ball,D,R,R,NYY,TOR,B,,,0,0,2025,0.15,0.17,0.4021535220505521,3.462193621033745,,,,1,5,Bot,,,,,,,-0.18943177924229812,-129.65496661466236,-2.309811170442469,1.7576231268522085,25.133617001832924,-29.984396746595664,3.49000157770458,1.63588403006067,,,,87.8,2504,5.3,813061,672386,665489,676391,680718,665926,676914,662139,623993,55.17,,,,,,,,51,1,Slider,7,6,7,6,6,7,7,6,Standard,Standard,145,0.002,0.039,,,,-0.039,,1,1,0.687,0.687,24,29,25,30,1,1,2,5,1,1,2.68,-0.15,-0.15,47.7,,,,,
FF,2025-10-07,93.3,-1.61,5.73,"Grisham, Trent",663757,669456,,ball,,,,,14,Ball,D,L,R,NYY,TOR,B,,,0,0,2025,-0.83,1.63,0.03070906690410513,0.9868411193844332,,,,0,1,Bot,,,,,,,6.076661229818638,-135.4852182359025,-10.010150659247577,-11.622500572179455,30.42897982290845,-10.103354561707414,3.62000207513182,1.75754369907781,,,,93.4,2411,6.5,813061,672386,665489,643396,676391,665926,676914,662139,623993,54,,,,,,,,6,1,4-Seam Fastball,0,2,0,2,2,0,0,2,Standard,Standard,218,0.004,0.041,,,,-0.041,,-2,-2,0.352,0.352,30,28,30,29,1,0,11,2,8,1,1.01,0.83,-0.83,39.0,,,,,
CU,2025-10-07,84.9,-1.21,6.47,"Wells, Austin",669224,667297,,called_strike,,,,,5,Called Strike,D,L,R,NYY,TOR,S,,,0,0,2025,1.41,-1.06,0.046143853762252496,2.3781072627880326,,,,0,8,Bot,,,,,,,0.11596081682836967,-123.5047982436544,-0.960029509084974,14.07620858395932,31.51515560728433,-42.78390469384619,3.55999939455641,1.55334985579814,,,,82.8,3120,5.6,813061,672386,665489,676391,680718,665926,664770,662139,623993,54.92,,,,,,,,72,1,Curveball,9,6,9,6,6,9,9,6,Infield shade,Standard,25,0,-0.039,,,,0.039,,3,3,0.972,0.972,34,25,34,26,1,3,2,2,,1,4.3,-1.41,1.41,47.8,,,,,
FC,2025-10-07,95.8,1.98,6.19,"Grisham, Trent",663757,663893,,called_strike,,,,,7,Called Strike,D,L,L,NYY,TOR,S,,,0,0,2025,0.36,0.43,-0.5393120637326227,2.135749703762606,,,,0,6,Bot,,,,,,,-7.403536602563721,-139.38565050913627,-6.066215079070531,6.277898623296371,29.451548756430554,-25.410862580617366,3.29895255023558,1.76587338263047,,,,95.2,2227,5.8,813061,672386,665489,676391,680718,665926,676914,662139,623993,54.71,,,,,,,,57,1,Cutter,8,6,8,6,6,8,8,6,Infield shade,Standard,115,-0.002,-0.039,,,,0.039,,2,2,0.845,0.845,28,28,29,29,1,3,3,2,1,1,2.04,0.36,0.36,32.4,,,,,
SI,2025-10-07,87.7,4.08,2.98,"Barger, Addison",680718,657612,,swinging_strike,,,,,6,Swinging Strike,D,L,L,NYY,TOR,S,,,0,0,2025,1.29,-0.38,0.7986053332153129,2.6358088036724663,,676391,,2,5,Top,,,,,,,-10.589671652493086,-127.09266981355408,6.159884514990132,16.15393975209363,26.630570969962633,-37.96532526262082,3.69,1.72,,,,87.5,2049,6.4,813061,669224,700250,665862,642708,683011,641355,663757,592450,54.05,,,,,,,,48,1,Sinker,6,6,6,6,6,6,6,6,Standard,Standard,83,0.007,-0.04,78.1,7.0,,0.04,,0,0,0.521,0.479,35,25,35,26,1,1,3,3,,1,3.38,1.29,1.29,-25.4,4.960078416916305,-1.5797848100220537,28.229426989947385,25.97376890525826,29.483691342339906
FF,2025-10-07,95,-2.42,5.42,"Guerrero Jr., Vladimir",665489,642207,,called_strike,,,,,6,Called Strike,D,R,R,NYY,TOR,S,,,0,0,2025,-1.33,0.96,0.8270960835863179,2.54141680339416,,,,0,7,Top,,,,,,,11.699279238693805,-137.7771522223216,-4.036406074951524,-19.573977466051115,32.60574818247378,-19.153745920388907,3.66416192652213,1.77560809697651,,,,96.4,2429,7.4,813061,669224,502671,665862,676609,683011,641355,663757,592450,53.07,,,,,,,,62,1,4-Seam Fastball,9,6,6,9,6,9,6,9,Strategic,Standard,232,0.004,-0.039,,,,0.039,,3,-3,0.893,0.10699999999999998,30,26,31,26,1,3,6,2,1,1,1.59,1.33,1.33,23.0,,,,,
,2025-10-07,,,,"Judge, Aaron",592450,663893,intent_walk,automatic_ball,,,,,,Brendon Little intentionally walks Aaron Judge.,D,R,L,NYY,TOR,B,,,3,0,2025,,,,,,,,1,6,Bot,,,,,,,,,,,,,,,,,,,,,813061,672386,665489,676391,680718,665926,676914,662139,623993,,,,0.4,0,0,0,,58,4,,8,6,8,6,6,8,8,6,,,,0.006,,,,,,,2,2,0.84,0.84,28,33,29,33,1,3,3,2,1,1,,,,,,,,,
,2025-10-07,,,,"Judge, Aaron",592450,663893,,automatic_ball,,,,,,Automatic Ball - Intentional,D,R,L,NYY,TOR,B,,,2,0,2025,,,,,,,,1,6,Bot,,,,,,,,,,,,,,,,,,,,,813061,672386,665489,676391,680718,665926,676914,662139,623993,,,,,,,,,58,3,,8,6,8,6,6,8,8,6,,,,0.004,,,,,,,2,2,0.836,0.836,28,33,29,33,1,3,3,2,1,1,,,,,,,,,
,2025-10-07,,,,"Bellinger, Cody",641355,667297,,automatic_ball,,,,,,Automatic Ball - Intentional,D,L,R,NYY,TOR,B,,,2,0,2025,,,,,,669224,,2,8,Bot,,,,,,,,,,,,,,,,,,,,,813061,672386,665489,676391,680718,665926,664770,662139,623993,,,,,,,,,75,3,,9,6,9,6,6,9,9,6,,,,0,,,,,,,3,3,0.971,0.971,34,29,34,30,1,4,2,2,,1,,,,,,,,,
,2025-10-07,,,,"Bellinger, Cody",641355,667297,,automatic_ball,,,,,,Automatic Ball - Intentional,D,L,R,NYY,TOR,B,,,1,0,2025,,,,,,669224,,2,8,Bot,,,,,,,,,,,,,,,,,,,,,813061,672386,665489,676391,680718,665926,664770,662139,623993,,,,,,,,,75,2,,9,6,9,6,6,9,9,6,,,,0,,,,,,,3,3,0.971,0.971,34,29,34,30,1,4,2,2,,1,,,,,,,,,
,2025-10-07,,,,"Bellinger, Cody",641355,667297,intent_walk,automatic_ball,,,,,,Tommy Nance intentionally walks Cody Bellinger.,D,L,R,NYY,TOR,B,,,3,0,2025,,,,,,669224,,2,8,Bot,,,,,,,,,,,,,,,,,,,,,813061,672386,665489,676391,680718,665926,664770,662139,623993,,,,0.4,0,0,0,,75,4,,9,6,9,6,6,9,9,6,,,,0,,,,,,,3,3,0.971,0.971,34,29,34,30,1,4,2,2,,1,,,,,,,,,
,2025-10-07,,,,"Bellinger, Cody",641355,667297,,automatic_ball,,,,,,Automatic Ball - Intentional,D,L,R,NYY,TOR,B,,,0,0,2025,,,,,,669224,,2,8,Bot,,,,,,,,,,,,,,,,,,,,,813061,672386,665489,676391,680718,665926,664770,662139,623993,,,,,,,,,75,1,,9,6,9,6,6,9,9,6,,,,0,,,,,,,3,3,0.971,0.971,34,29,34,30,1,4,2,2,,1,,,,,,,,,
,2025-10-07,,,,"Judge, Aaron",592450,663893,,automatic_ball,,,,,,Automatic Ball - Intentional,D,R,L,NYY,TOR,B,,,0,0,2025,,,,,,,,1,6,Bot,,,,,,,,,,,,,,,,,,,,,813061,672386,665489,676391,680718,665926,676914,662139,623993,,,,,,,,,58,1,,8,6,8,6,6,8,8,6,,,,0.001,,,,,,,2,2,0.832,0.832,28,33,29,33,1,3,3,2,1,1,,,,,,,,,
,2025-10-07,,,,"Judge, Aaron",592450,663893,,automatic_ball,,,,,,Automatic Ball - Intentional,D,R,L,NYY,TOR,B,,,1,0,2025,,,,,,,,1,6,Bot,,,,,,,,,,,,,,,,,,,,,813061,672386,665489,676391,680718,665926,676914,662139,623993,,,,,,,,,58,2,,8,6,8,6,6,8,8,6,,,,0.003,,,,,,,2,2,0.833,0.833,28,33,29,33,1,3,3,2,1,1,,,,,,,,,
,2025-10-07,,,,"Guerrero Jr., Vladimir",665489,607074,,automatic_ball,,,,,,Automatic Ball - Intentional,D,R,L,NYY,TOR,B,,,0,0,2025,,,,,,676914,,0,3,Top,,,,,,,,,,,,,,,,,,,,,813061,669224,700250,665862,641857,683011,641355,663757,592450,,,,,,,,,21,1,,1,2,2,1,2,1,2,1,,,,-0.003,,,,,,,-1,1,0.329,0.671,32,26,33,26,2,1,6,2,,1,,,,,,,,,
,2025-10-07,,,,"Guerrero Jr., Vladimir",665489,607074,,automatic_ball,,,,,,Automatic Ball - Intentional,D,R,L,NYY,TOR,B,,,1,0,2025,,,,,,676914,,0,3,Top,,,,,,,,,,,,,,,,,,,,,813061,669224,700250,665862,641857,683011,641355,663757,592450,,,,,,,,,21,2,,1,2,2,1,2,1,2,1,,,,-0.005,,,,,,,-1,1,0.326,0.6739999999999999,32,26,33,26,2,1,6,2,,1,,,,,,,,,
,2025-10-07,,,,"Guerrero Jr., Vladimir",665489,607074,intent_walk,automatic_ball,,,,,,Carlos Rodón intentionally walks Vladimir Guerrero Jr.,D,R,L,NYY,TOR,B,,,3,0,2025,,,,,,676914,,0,3,Top,,,,,,,,,,,,,,,,,,,,,813061,669224,700250,665862,641857,683011,641355,663757,592450,,,,0.4,0,0,0,,21,4,,1,2,2,1,2,1,2,1,,,,-0.011,,,,,,,-1,1,0.313,0.687,32,26,33,26,2,1,6,2,,1,,,,,,,,,
,2025-10-07,,,,"Guerrero Jr., Vladimir",665489,607074,,automatic_ball,,,,,,Automatic Ball - Intentional,D,R,L,NYY,TOR,B,,,2,0,2025,,,,,,676914,,0,3,Top,,,,,,,,,,,,,,,,,,,,,813061,669224,700250,665862,641857,683011,641355,663757,592450,,,,,,,,,21,3,,1,2,2,1,2,1,2,1,,,,-0.008,,,,,,,-1,1,0.321,0.679,32,26,33,26,2,1,6,2,,1,,,,,,,,,
