pitch_type,game_date,release_speed,release_pos_x,release_pos_z,player_name,batter,pitcher,events,description,spin_dir,spin_rate_deprecated,break_angle_deprecated,break_length_deprecated,zone,des,game_type,stand,p_throws,home_team,away_team,type,hit_location,bb_type,balls,strikes,game_year,pfx_x,pfx_z,plate_x,plate_z,on_3b,on_2b,on_1b,outs_when_up,inning,inning_topbot,hc_x,hc_y,tfs_deprecated,tfs_zulu_deprecated,umpire,sv_id,vx0,vy0,vz0,ax,ay,az,sz_top,sz_bot,hit_distance_sc,launch_speed,launch_angle,effective_speed,release_spin_rate,release_extension,game_pk,fielder_2,fielder_3,fielder_4,fielder_5,fielder_6,fielder_7,fielder_8,fielder_9,release_pos_y,estimated_ba_using_speedangle,estimated_woba_using_speedangle,woba_value,woba_denom,babip_value,iso_value,launch_speed_angle,at_bat_number,pitch_number,pitch_name,home_score,away_score,bat_score,fld_score,post_away_score,post_home_score,post_bat_score,post_fld_score,if_fielding_alignment,of_fielding_alignment,spin_axis,delta_home_win_exp,delta_run_exp,bat_speed,swing_length,estimated_slg_using_speedangle,delta_pitcher_run_exp,hyper_speed,home_score_diff,bat_score_diff,home_win_exp,bat_win_exp,age_pit_legacy,age_bat_legacy,age_pit,age_bat,n_thruorder_pitcher,n_priorpa_thisgame_player_at_bat,pitcher_days_since_prev_game,batter_days_since_prev_game,pitcher_days_until_next_game,batter_days_until_next_game,api_break_z_with_gravity,api_break_x_arm,api_break_x_batter_in,arm_angle,attack_angle,attack_direction,swing_path_tilt,intercept_ball_minus_batter_pos_x_inches,intercept_ball_minus_batter_pos_y_inches
SI,2025-10-05,98.9,1.69,6.16,"Crawford, J.P.",641487,669373,field_out,hit_into_play,,,,,6,"J.P. Crawford grounds out, shortstop Javier Báez to first baseman Spencer Torkelson.",D,L,L,SEA,DET,X,6,ground_ball,0,1,2025,1.1,0.99,0.40321967490424226,2.2837708741402585,,,670042,2,7,Bot,132.17,150.85,,,,,-6.0798040041471895,-143.65411515977712,-7.38113799210611,16.678799725510068,37.1308330020258,-16.86336865483567,3.25,1.54,87,73.2,6,98.4,2244,6.4,813057,693307,679529,650402,656716,595879,682985,678009,681481,54.11,0.24,0.216,0,1,0,0,2,54,2,Sinker,2,0,2,0,0,2,2,0,Infield shade,Standard,154,-0.01,-0.229,74.5,7.4,0.28,0.229,88.0,2,2,0.872,0.872,28,30,29,30,3,2,5,1,5,2,1.37,1.1,1.1,48.2,3.748055296624393,3.0231901162224797,38.53916431991766,31.88866812540189,33.36498393149521
SI,2025-10-05,97.9,1.73,6.21,"Crawford, J.P.",641487,669373,,called_strike,,,,,1,Called Strike,D,L,L,SEA,DET,S,,,0,0,2025,1.15,1.03,-0.71450868312278,2.860673259636333,,,670042,2,7,Bot,,,,,,,-9.25740822470653,-142.16205710308458,-5.842051869402934,17.857950566744687,36.75145977594641,-17.05092723582876,3.35428395429823,1.60952438843199,,,,97.4,2251,6.4,813057,693307,679529,650402,656716,595879,682985,678009,681481,54.09,,,,,,,,54,1,Sinker,2,0,2,0,0,2,2,0,Standard,Strategic,155,-0.002,-0.042,,,,0.042,,2,2,0.874,0.874,28,30,29,30,3,2,5,1,5,2,1.39,1.15,1.15,48.5,,,,,
FF,2025-10-05,99.3,1.76,6.28,"Robles, Victor",645302,669373,field_out,hit_into_play,,,,,1,Victor Robles pops out softly to first baseman Spencer Torkelson.,D,R,L,SEA,DET,X,3,popup,1,2,2025,-0.18,1.53,-0.7477370924737079,2.8471639524732044,,,670042,1,7,Bot,145.82,164.6,,,,,-6.43715545144276,-144.24342060331125,-7.495007890825098,-0.837704412963873,38.138296880404155,-9.197865671917391,3.21,1.52,105,45.2,47,98.8,2466,6.4,813057,693307,679529,650402,656716,595879,682985,678009,681481,54.07,0.068,0.062,0,1,0,0,1,53,4,4-Seam Fastball,2,0,2,0,0,2,2,0,Standard,Standard,153,-0.009,-0.179,61.2,5.9,0.068,0.179,88.0,2,2,0.883,0.883,28,28,29,28,3,2,5,1,5,2,0.81,-0.18,0.18,50.2,-0.06805063737270153,10.018181824424016,35.56253870173629,32.57511465685653,14.507991204855138
CH,2025-10-05,88.9,2.04,6.01,"Robles, Victor",645302,669373,,swinging_strike,,,,,14,Swinging Strike,D,R,L,SEA,DET,S,,,1,1,2025,1.36,0.65,0.6375803567862179,1.2709749188902473,,,670042,1,7,Bot,,,,,,,-6.301728846560925,-129.12536965579653,-6.8513377172945855,16.578110995281627,28.882994582159952,-23.643798147234396,3.21,1.52,,,,88.6,1854,6.4,813057,693307,679529,650402,656716,595879,682985,678009,681481,54.14,,,,,,,,53,3,Changeup,2,0,2,0,0,2,2,0,Standard,Standard,133,-0.003,-0.056,71.4,7.9,,0.056,,2,2,0.886,0.886,28,28,29,28,3,2,5,1,5,2,2.27,1.36,-1.36,42.6,27.25125438412056,-21.601957632597156,36.59496317469471,48.88134076364712,38.6823394594803
SL,2025-10-05,91.3,1.94,6.14,"Robles, Victor",645302,669373,,ball,,,,,13,Ball,D,R,L,SEA,DET,B,,,0,1,2025,-0.41,0.41,-2.041707304829636,2.299871462840642,,,670042,1,7,Bot,,,,,,,-9.148353778204102,-132.58210903294307,-4.61032532999422,-2.726785037324129,30.511953313978182,-26.470535014008185,3.3354221283447,1.56423527824603,,,,91.1,2266,6.5,813057,693307,679529,650402,656716,595879,682985,678009,681481,54.05,,,,,,,,53,2,Slider,2,0,2,0,0,2,2,0,Standard,Standard,172,0.001,0.019,,,,-0.019,,2,2,0.885,0.885,28,28,29,28,3,2,5,1,5,2,2.35,-0.41,0.41,46.9,,,,,
FF,2025-10-05,97.6,1.74,6.27,"Robles, Victor",645302,669373,,foul_bunt,,,,,12,Foul Bunt,D,R,L,SEA,DET,S,,,0,0,2025,0.39,1.39,0.09289738997900088,3.6785168777976356,,,670042,1,7,Bot,,,,,,,-5.302701604620442,-141.98271259023878,-4.642074412553626,6.448789452777754,33.12367169183335,-12.569435225299165,3.21,1.52,,,,97.5,2464,6.3,813057,693307,679529,650402,656716,595879,682985,678009,681481,54.24,,,,,,,,53,1,4-Seam Fastball,2,0,2,0,0,2,2,0,Standard,Standard,155,-0.002,-0.04,12.3,2.1,,0.04,88.0,2,2,0.887,0.887,28,28,29,28,3,2,5,1,5,2,1.01,0.39,-0.39,50.3,45.646337141648765,11.598791970666785,16.971310321623935,45.37628925890651,23.42650114845395
FF,2025-10-05,97.1,1.64,6.18,"Garver, Mitch",641598,669373,single,hit_into_play,,,,,8,Mitch Garver singles on a ground ball to center fielder Parker Meadows.,D,R,L,SEA,DET,X,8,ground_ball,1,1,2025,0.18,1.55,0.10778738977107918,1.8676035156211,,,,1,7,Bot,124.07,96.69,,,,,-4.53453548547468,-141.01118238378362,-9.496219062576852,3.5562875442829607,35.074966957722026,-9.530860681207772,3.47,1.63,68,106.9,2,96.7,2402,6.4,813057,693307,679529,650402,656716,595879,682985,678009,681481,54.1,0.582,0.545,0.9,1,1,0,4,52,3,4-Seam Fastball,2,0,2,0,0,2,2,0,Standard,Standard,152,0.011,0.425,,,0.651,-0.425,106.9,2,2,0.876,0.876,28,34,29,34,3,2,5,7,5,2,0.9,0.18,-0.18,48.7,,,,,
CH,2025-10-05,85.1,1.91,6.02,"Garver, Mitch",641598,669373,,called_strike,,,,,3,Called Strike,D,R,L,SEA,DET,S,,,1,0,2025,1.48,0.2,0.7577105737831447,2.9757686679406596,,,,1,7,Bot,,,,,,,-5.691076846224391,-123.6690612467542,-1.0880613419370533,16.30574398926238,29.928727626279702,-30.154089185645827,3.5496210216729,1.61706896237068,,,,84.5,1798,6.5,813057,693307,679529,650402,656716,595879,682985,678009,681481,54.04,,,,,,,,52,2,Changeup,2,0,2,0,0,2,2,0,Standard,Standard,129,-0.001,-0.049,,,,0.049,,2,2,0.877,0.877,28,34,29,34,3,2,5,7,5,2,3.01,1.48,-1.48,42.0,,,,,
CH,2025-10-05,86.6,1.84,6.03,"Garver, Mitch",641598,669373,,ball,,,,,13,Ball,D,R,L,SEA,DET,B,,,0,0,2025,1.3,0.47,-0.22533013694327098,0.9518125332910969,,,,1,7,Bot,,,,,,,-7.571457793144445,-125.60721122800106,-6.697570169390362,15.431569556651409,30.81027682172252,-25.836048026990618,3.48999730595346,1.56445702269208,,,,85.6,1721,6.3,813057,693307,679529,650402,656716,595879,682985,678009,681481,54.17,,,,,,,,52,1,Changeup,2,0,2,0,0,2,2,0,Standard,Standard,131,0.001,0.039,,,,-0.039,,2,2,0.876,0.876,28,34,29,34,3,2,5,7,5,2,2.64,1.3,-1.3,47.2,,,,,
SI,2025-10-05,97.9,1.79,6.12,"Naylor, Josh",647304,669373,field_out,hit_into_play,,,,,1,"Josh Naylor grounds out, first baseman Spencer Torkelson to pitcher Tarik Skubal.",D,L,L,SEA,DET,X,3,ground_ball,0,0,2025,1.06,1.12,-0.36409907808134734,2.915052124247027,,,,0,7,Bot,164.91,148.6,,,,,-8.297484959510689,-142.31033752954156,-5.761323714232723,16.344678437112503,33.00067178372733,-15.818234724846146,3.23,1.54,6,89.1,-26,98.2,2232,6.5,813057,693307,679529,650402,656716,595879,682985,678009,681481,53.96,0.037,0.037,0,1,0,0,2,51,1,Sinker,2,0,2,0,0,2,2,0,Standard,Standard,152,-0.011,-0.259,68.5,7.7,0.037,0.259,89.1,2,2,0.887,0.887,28,28,29,28,3,2,5,1,5,2,1.27,1.06,1.06,49.7,13.746105379797305,-3.3630399016138437,19.044146265709173,38.19138484108148,23.396201670243936
FF,2025-10-05,98.9,1.79,6.18,"Suárez, Eugenio",553993,669373,strikeout,swinging_strike,,,,,11,Eugenio Suárez strikes out swinging.,D,R,L,SEA,DET,S,2,,0,2,2025,0.45,1.42,-0.061160620744235505,3.892362949143759,,,,2,6,Bot,,,,,,,-6.072540047781523,-143.78138338797532,-4.0627017488906665,7.6742253303277925,36.057440584054945,-11.800181743377149,3.44,1.58,,,,98.4,2371,6.2,813057,693307,679529,650402,656716,595879,682985,678009,681481,54.28,,0,0,1,0,0,,46,3,4-Seam Fastball,2,0,2,0,0,2,2,0,Standard,Standard,151,-0.004,-0.16,54.1,5.7,,0.16,,2,2,0.819,0.819,28,33,29,34,3,2,5,1,5,2,0.93,0.45,-0.45,46.5,0.6050539089143195,32.34782166110788,32.490083518183965,31.06913293242362,12.808633102356854
FF,2025-10-05,97.2,1.72,6.19,"Suárez, Eugenio",553993,669373,,foul,,,,,3,Foul,D,R,L,SEA,DET,S,,,0,1,2025,0.32,1.53,0.5708633186582724,2.8988954530507867,,,,2,6,Bot,,,,,,,-3.8140383139082585,-141.3684638845271,-6.742525368651197,5.188877896240917,36.49387037390869,-10.377997095971274,3.44,1.58,127,83,8,96.9,2447,6.4,813057,693307,679529,650402,656716,595879,682985,678009,681481,54.06,,,,,,,,46,2,4-Seam Fastball,2,0,2,0,0,2,2,0,Infield shade,Standard,153,-0.002,-0.057,71.1,7.5,,0.057,88.0,2,2,0.821,0.821,28,33,29,34,3,2,5,1,5,2,0.91,0.32,-0.32,48.4,12.853119461910897,7.502480601183203,35.766976563006196,39.64373645607731,26.84416983443461
SI,2025-10-05,99.2,1.87,6.12,"Suárez, Eugenio",553993,669373,,swinging_strike,,,,,2,Swinging Strike,D,R,L,SEA,DET,S,,,0,0,2025,1.29,0.86,-0.0025964938048936848,3.316516021584638,,,,2,6,Bot,,,,,,,-8.165564693682883,-144.0709153958479,-4.177863170672968,19.94682050287162,37.57147459426241,-19.430058654022744,3.44,1.58,,,,98.9,2247,6.5,813057,693307,679529,650402,656716,595879,682985,678009,681481,54.01,,,,,,,,46,1,Sinker,2,0,2,0,0,2,2,0,Infield shade,Standard,155,-0.001,-0.043,58.9,5.4,,0.043,,2,2,0.822,0.822,28,33,29,34,3,2,5,1,5,2,1.49,1.29,-1.29,46.2,-13.7663168197626,38.18056701722737,39.93943582389285,32.743622561308236,8.47887447537233
SI,2025-10-05,95.3,-1.91,5.04,"Torres, Gleyber",650402,622491,single,hit_into_play,,,,,5,Gleyber Torres singles on a ground ball to right fielder Victor Robles. Parker Meadows to 3rd.,D,R,R,SEA,DET,X,9,ground_ball,1,2,2025,-1.61,0.33,0.11870957001917604,2.2483319151636936,,,678009,2,5,Top,175.71,110.86,,,,,8.79937328522011,-138.45564067617502,-2.373727240628973,-22.672716632144226,31.87711956367891,-27.571697633693134,3.24,1.51,57,95,2,93.7,2157,5.5,813057,663728,647304,593871,553993,641487,668227,677594,645302,54.99,0.476,0.448,0.9,1,1,0,4,34,5,Sinker,1,0,0,1,0,1,0,1,Standard,Standard,238,-0.048,0.434,68.3,7.1,0.545,-0.434,95.0,1,-1,0.686,0.31399999999999995,32,28,33,29,3,2,11,1,5,2,2.19,1.61,1.61,16.8,-0.5166003954037832,16.310590141061844,32.642694171671366,36.60992316576727,22.259903350726237
FF,2025-10-05,95.5,-1.85,5.17,"Torres, Gleyber",650402,622491,,foul,,,,,12,Foul,D,R,R,SEA,DET,S,,,1,2,2025,-1.26,1.01,0.33466508055085087,3.6066500303006093,,,678009,2,5,Top,,,,,,,8.446522332797647,-138.78680419990113,-0.7273062748232423,-18.21906527469833,31.509220885004154,-19.195106213253872,3.24,1.51,196,74.5,56,93.8,2213,5.4,813057,663728,647304,593871,553993,641487,668227,677594,645302,55.08,,,,,,,,34,4,4-Seam Fastball,1,0,0,1,0,1,0,1,Standard,Standard,238,0,0,62.5,6.3,,0,88.0,1,-1,0.686,0.31399999999999995,32,28,33,29,3,2,11,1,5,2,1.5,1.26,1.26,19.5,-0.3628442436733776,23.00355100847442,23.316145943444276,38.940904030553355,22.977272646115637
SI,2025-10-05,99.1,1.71,6.12,"Polanco, Jorge",593871,669373,home_run,hit_into_play,,,,,5,Jorge Polanco homers (2) on a fly ball to left field.,D,R,L,SEA,DET,X,,fly_ball,3,2,2025,1.15,1,-0.1266264055189199,2.527191981391495,,,,2,6,Bot,26,87.02,,,,,-7.715932003788457,-144.07642969491857,-6.740676649954657,17.859066407994316,33.60452788399229,-16.809778646777648,3.25,1.61,369,101.2,31,99.2,2239,6.4,813057,693307,679529,650402,656716,595879,682985,678009,681481,54.08,0.528,1.0415897435897434,2,1,0,3,6,45,6,Sinker,1,0,1,0,0,2,2,0,Standard,Standard,151,0.117,2.528,75.0,7.4,2.055,-2.528,101.2,1,1,0.705,0.705,28,31,29,32,3,2,5,1,5,2,1.32,1.15,-1.15,48.1,11.989183570863199,-24.480347572656598,27.74785405793074,32.656754052255444,37.86066166875442
SI,2025-10-05,91.6,-2.22,5.61,"Kirk, Alejandro",672386,701542,field_out,hit_into_play,,,,,4,Alejandro Kirk flies out to left fielder Cody Bellinger.,D,R,R,TOR,NYY,X,7,fly_ball,0,2,2025,-1.43,0.67,-0.8287561679110398,2.1538234595799324,,,,1,8,Bot,107.24,90.09,,,,,6.642847009470706,-133.15262099101352,-4.300235282455459,-18.40145827231818,29.67225459302079,-23.416137084653805,3.13,1.5,275,78.4,37,92.1,2144,6.7,813062,700250,502671,665862,641857,683011,641355,663757,592450,53.8,0.056,0.054,0,1,0,0,3,76,3,Sinker,13,7,13,7,7,13,13,7,Strategic,Standard,228,-0.001,-0.163,74.0,7.1,0.081,0.163,88.0,6,6,0.998,0.998,26,26,26,27,3,4,9,1,,2,2.06,1.43,1.43,31.3,10.304457417372758,-3.2092884764371514,30.910799848316923,28.78733539017691,30.288177091521245
SI,2025-10-05,92,-2.31,5.48,"Kirk, Alejandro",672386,701542,,foul,,,,,13,Foul,D,R,R,TOR,NYY,S,,,0,1,2025,-1.4,0.05,-0.9286352905768072,1.6621474454093312,,,,1,8,Bot,,,,,,,6.620521801444445,-133.74762341262883,-3.890342932827652,-18.290689419378683,32.90301068263538,-30.84494652197979,3.13,1.5,,,,92.3,2318,6.8,813062,700250,502671,665862,641857,683011,641355,663757,592450,53.68,,,,,,,,76,2,Sinker,13,7,13,7,7,13,13,7,Strategic,Standard,228,0,-0.052,72.4,8.5,,0.052,,6,6,0.998,0.998,26,26,26,27,3,4,9,1,,2,2.68,1.4,1.4,31.6,30.660195127777452,-37.068069112220904,28.631627193232365,27.56583604857118,46.297016996727436
CH,2025-10-05,88.4,2.12,5.96,"Polanco, Jorge",593871,669373,,ball,,,,,14,Ball,D,R,L,SEA,DET,B,,,2,2,2025,1.18,0.57,0.06749005332255176,1.2156885992388198,,,,2,6,Bot,,,,,,,-7.492267347964609,-128.46243271580767,-6.669866175970068,14.65409060225037,26.42024595422762,-24.667603061498074,3.27755843941323,1.53547608537649,,,,88.7,1675,6.5,813057,693307,679529,650402,656716,595879,682985,678009,681481,53.99,,,,,,,,45,5,Changeup,1,0,1,0,0,1,1,0,Standard,Standard,129,0.004,0.104,,,,-0.104,,1,1,0.701,0.701,28,31,29,32,3,2,5,1,5,2,2.35,1.18,-1.18,41.9,,,,,
FF,2025-10-05,94.4,-1.96,5.22,"Torres, Gleyber",650402,622491,,foul,,,,,3,Foul,D,R,R,SEA,DET,S,,,1,1,2025,-0.85,0.94,0.7132358143006083,2.8611666511886895,,,678009,2,5,Top,,,,,,,8.693035225291192,-137.2818999263391,-2.5317392032696544,-12.633723167925753,29.245053981363256,-19.90505680911428,3.24,1.51,202,77.4,61,93.1,2144,5.4,813057,663728,647304,593871,553993,641487,668227,677594,645302,55.05,,,,,,,,34,3,4-Seam Fastball,1,0,0,1,0,1,0,1,Standard,Standard,231,0.008,-0.073,70.6,7.3,,0.073,88.0,1,-1,0.678,0.32199999999999995,32,28,33,29,3,2,11,1,5,2,1.61,0.85,0.85,19.1,10.866357050334761,11.798968707504248,28.714575130720096,43.89656875593475,26.852754126855082
SI,2025-10-05,92.7,-2.19,5.56,"Kirk, Alejandro",672386,701542,,foul,,,,,14,Foul,D,R,R,TOR,NYY,S,,,0,0,2025,-1.49,0.41,0.04929237910247353,0.950695421246885,,,,1,8,Bot,,,,,,,9.010983386242735,-134.47499006886696,-6.833324593515553,-20.11239804609851,31.488654477712874,-25.83331681567333,3.13,1.5,,,,92.7,2275,6.6,813062,700250,502671,665862,641857,683011,641355,663757,592450,53.86,,,,,,,,76,1,Sinker,13,7,13,7,7,13,13,7,Strategic,Standard,227,0,-0.039,75.4,8.3,,0.039,,6,6,0.998,0.998,26,26,26,27,3,4,9,1,,2,2.28,1.49,1.49,28.0,14.63340845811602,-11.755805984559183,32.59986954236986,38.34051167089618,35.6919616180588
FF,2025-10-05,93,-1.94,5.34,"Torres, Gleyber",650402,622491,,ball,,,,,12,Ball,D,R,R,SEA,DET,B,,,0,1,2025,-1.02,1.14,1.5897456203674412,3.6953130266776615,,,678009,2,5,Top,,,,,,,11.092488443798544,-135.1082724044569,-0.9347509011303581,-14.869704739676578,28.376174341746882,-18.174128317986234,3.36331240658408,1.61199586984583,,,,91.6,2322,5.4,813057,663728,647304,593871,553993,641487,668227,677594,645302,55.05,,,,,,,,34,2,4-Seam Fastball,1,0,0,1,0,1,0,1,Standard,Standard,233,-0.003,0.027,,,,-0.027,,1,-1,0.681,0.31899999999999995,32,28,33,29,3,2,11,1,5,2,1.5,1.02,1.02,29.1,,,,,
CH,2025-10-05,89.3,1.89,6.01,"Polanco, Jorge",593871,669373,,ball,,,,,14,Ball,D,R,L,SEA,DET,B,,,1,2,2025,0.88,0.69,0.23324929734097433,0.456663919640687,,,,2,6,Bot,,,,,,,-5.95009574830063,-129.62354731724184,-9.066657488900631,11.208164592831189,28.384285303498327,-22.650709312479414,3.26115188426479,1.5729653508742,,,,89.3,1765,6.5,813057,693307,679529,650402,656716,595879,682985,678009,681481,53.97,,,,,,,,45,4,Changeup,1,0,1,0,0,1,1,0,Standard,Standard,135,0.001,0.042,,,,-0.042,,1,1,0.7,0.7,28,31,29,32,3,2,5,1,5,2,2.2,0.88,-0.88,43.1,,,,,
FF,2025-10-05,90.4,-2.3,5.74,"Guerrero Jr., Vladimir",665489,701542,field_out,hit_into_play,,,,,2,Vladimir Guerrero Jr. flies out to right fielder Aaron Judge.,D,R,R,TOR,NYY,X,9,fly_ball,0,1,2025,-0.4,1.32,-0.045215532631328326,3.3285495838211334,,,,0,8,Bot,144.65,95.5,,,,,6.491332134382342,-131.450430368159,-2.8860719184552694,-5.977483239951986,28.215756720854344,-16.4740348104265,3.68,1.68,263,94.2,50,90.7,2376,6.6,813062,700250,502671,665862,641857,683011,641355,663757,592450,53.93,0.013,0.018,0,1,0,0,3,75,2,4-Seam Fastball,13,7,13,7,7,13,13,7,Strategic,Standard,219,0,-0.22,79.7,7.1,0.027,0.22,94.2,6,6,0.998,0.998,26,26,26,26,3,4,9,1,,2,1.48,0.4,0.4,33.5,1.8964265479934366,-5.1010336238238985,20.471908340977716,37.38331438052704,34.04595869694949
FF,2025-10-05,99,1.57,6.13,"Polanco, Jorge",593871,669373,,called_strike,,,,,13,Called Strike,D,R,L,SEA,DET,S,,,1,1,2025,0.38,1.46,-0.8340891565778994,1.960825038597089,,,,2,6,Bot,,,,,,,-7.475895441797841,-143.70874472057744,-9.343168402922103,7.041298468915851,34.93513616113753,-9.92220249433888,3.32893154693746,1.48393796503833,,,,99,2379,6.6,813057,693307,679529,650402,656716,595879,682985,678009,681481,53.94,,,,,,,,45,3,4-Seam Fastball,1,0,1,0,0,1,1,0,Infield shade,Standard,154,-0.002,-0.062,,,,0.062,,1,1,0.702,0.702,28,31,29,32,3,2,5,1,5,2,0.89,0.38,-0.38,49.8,,,,,
FF,2025-10-05,95.4,-1.9,5.29,"Torres, Gleyber",650402,622491,,swinging_strike,,,,,1,Swinging Strike,D,R,R,SEA,DET,S,,,0,0,2025,-0.91,1.08,-0.3367931898239358,3.302461539102516,,,678009,2,5,Top,,,,,,,6.071113736806696,-138.8243954701274,-2.028333409885372,-13.174994292415542,29.970565480895225,-17.910283639399932,3.24,1.51,,,,94.1,2150,5.4,813057,663728,647304,593871,553993,641487,668227,677594,645302,55.05,,,,,,,,34,1,4-Seam Fastball,1,0,0,1,0,1,0,1,Standard,Standard,234,0.005,-0.042,74.8,7.0,,0.042,,1,-1,0.676,0.32399999999999995,32,28,33,29,3,2,11,1,5,2,1.42,0.91,0.91,22.8,12.044724701284858,1.144085407493705,28.813861001718116,33.26957530364694,31.63080828200667
FF,2025-10-05,97.2,1.7,6.14,"Polanco, Jorge",593871,669373,,foul,,,,,2,Foul,D,R,L,SEA,DET,S,,,1,0,2025,0.37,1.34,0.18322844266263516,3.0648184947408956,,,,2,6,Bot,,,,,,,-4.941570392648651,-141.4234607761965,-5.800716194275043,6.109242466867514,31.673752901798796,-13.103306471425546,3.25,1.61,210,72.7,48,97.5,2305,6.4,813057,693307,679529,650402,656716,595879,682985,678009,681481,54.07,,,,,,,,45,2,4-Seam Fastball,1,0,1,0,0,1,1,0,Infield shade,Standard,155,-0.002,-0.054,67.9,6.1,,0.054,88.0,1,1,0.704,0.704,28,31,29,32,3,2,5,1,5,2,1.07,0.37,-0.37,46.9,-4.681051367847773,8.307975833123743,29.322857687612615,36.427613054460764,20.628345764309287
FF,2025-10-05,92.1,-2.26,5.57,"Guerrero Jr., Vladimir",665489,701542,,called_strike,,,,,9,Called Strike,D,R,R,TOR,NYY,S,,,0,0,2025,-0.57,1.24,0.7882741581955951,2.0127902980009753,,,,0,8,Bot,,,,,,,9.010222121452811,-133.69723535999768,-5.888242058852536,-8.753928811513104,29.018222896611057,-16.19395890642843,3.74455678577355,1.82853391344933,,,,92.6,2374,6.7,813062,700250,502671,665862,641857,683011,641355,663757,592450,53.79,,,,,,,,75,1,4-Seam Fastball,13,7,13,7,7,13,13,7,Strategic,Standard,223,0,-0.039,,,,0.039,,6,6,0.998,0.998,26,26,26,26,3,4,9,1,,2,1.46,0.57,0.57,31.5,,,,,
SI,2025-10-05,94.7,-2.02,5,"Meadows, Parker",678009,622491,force_out,hit_into_play,,,,,4,"Parker Meadows grounds into a force out, second baseman Jorge Polanco to shortstop J.P. Crawford. Javier Báez out at 2nd. Parker Meadows to 1st.",D,L,R,SEA,DET,X,4,ground_ball,2,1,2025,-1.6,0.2,-0.5352813372811089,2.9078563937457194,,,595879,1,5,Top,136.22,151.87,,,,,7.34188711766384,-137.68328748140655,-0.19509705548875744,-21.985927173804022,33.26758845726853,-29.807827617189847,3.47,1.67,14,95.4,-11,93.1,1871,5.6,813057,663728,647304,593871,553993,641487,668227,677594,645302,54.92,0.24,0.218,0,1,0,0,2,33,4,Sinker,1,0,0,1,0,1,0,1,Standard,Standard,239,0.048,-0.36,68.9,6.9,0.283,0.36,95.4,1,-1,0.628,0.372,32,25,33,26,2,1,11,1,5,2,2.36,1.6,-1.6,16.7,8.721044546679172,5.441896354230876,27.98459256449028,42.46530055410984,30.366883764848428
FF,2025-10-05,93.1,-2.32,5.75,"Lukes, Nathan",664770,701542,field_out,hit_into_play,,,,,12,Nathan Lukes flies out to left fielder Cody Bellinger.,D,L,R,TOR,NYY,X,7,fly_ball,2,2,2025,-0.63,1.31,0.37148046892820774,3.710847370604737,543807,,,2,7,Bot,86.11,113.05,,,,,8.345784439544737,-135.30061913485784,-2.325864820602303,-9.567454129288654,29.832572003598802,-15.803051101572207,3.33,1.54,268,83.2,44,93.6,2365,6.7,813062,700250,502671,665862,641857,683011,641355,663757,592450,53.8,0.013,0.014,0,1,0,0,3,71,6,4-Seam Fastball,13,7,13,7,7,13,13,7,Strategic,Standard,218,-0.001,-0.196,63.8,5.2,0.019,0.196,88.0,6,6,0.993,0.993,26,30,26,31,3,0,9,1,,2,1.33,0.63,-0.63,33.9,3.9076011205607357,18.80378211442248,16.55000569331597,36.22656403148418,20.295771351035217
SI,2025-10-05,95.3,-2.05,4.97,"Meadows, Parker",678009,622491,,called_strike,,,,,9,Called Strike,D,L,R,SEA,DET,S,,,2,0,2025,-1.56,0.17,0.5320114086809289,1.739216795456762,,,595879,1,5,Top,,,,,,,10.105894971879604,-138.31868178170313,-3.137325826881699,-22.259461367717133,32.15164980924441,-29.507801299799148,3.61610641238326,1.77005274790499,,,,93.8,1864,5.6,813057,663728,647304,593871,553993,641487,668227,677594,645302,54.87,,,,,,,,33,3,Sinker,1,0,0,1,0,1,0,1,Standard,Standard,239,0.011,-0.062,,,,0.062,,1,-1,0.617,0.383,32,25,33,26,2,1,11,1,5,2,2.37,1.56,-1.56,21.7,,,,,
FF,2025-10-05,97.8,1.74,6.18,"Polanco, Jorge",593871,669373,,ball,,,,,12,Ball,D,R,L,SEA,DET,B,,,0,0,2025,0.33,1.27,0.32882058791930147,4.2057629106831325,,,,2,6,Bot,,,,,,,-4.564229843963416,-142.47138430720372,-2.79184741963422,5.49536961255126,31.59515659481513,-14.458922195933134,3.34696706087274,1.66627582208275,,,,98.2,2304,6.4,813057,693307,679529,650402,656716,595879,682985,678009,681481,54.15,,,,,,,,45,1,4-Seam Fastball,1,0,1,0,0,1,1,0,Standard,Standard,152,0.001,0.037,,,,-0.037,,1,1,0.703,0.703,28,31,29,32,3,2,5,1,5,2,1.1,0.33,-0.33,48.0,,,,,
SI,2025-10-05,98,2.04,6.04,"Rodríguez, Julio",677594,669373,field_out,hit_into_play,,,,,12,Julio Rodríguez lines out to first baseman Spencer Torkelson.,D,R,L,SEA,DET,X,3,line_drive,0,0,2025,1.3,0.92,0.910149134162543,3.220081626382404,,,,1,6,Bot,154.54,159.43,,,,,-6.067555426431285,-142.58047075967937,-4.23127199383413,19.08861893783717,34.38581430089558,-18.904457781413488,3.23,1.47,126,83.4,8,98.1,2189,6.4,813057,693307,679529,650402,656716,595879,682985,678009,681481,54.06,0.392,0.355,0,1,0,0,4,44,1,Sinker,1,0,1,0,0,1,1,0,Standard,Standard,150,-0.016,-0.254,76.3,7.0,0.422,0.254,88.0,1,1,0.719,0.719,28,24,29,25,3,2,5,1,5,2,1.47,1.3,-1.3,47.6,0.18321454950204738,19.885051975139472,20.54941194990802,50.540866807002246,17.7074065570901
FF,2025-10-05,93.8,-2.37,5.61,"Lukes, Nathan",664770,701542,,ball,,,,,11,Ball,D,L,R,TOR,NYY,B,,,1,2,2025,-0.54,1.18,-0.8858085588451577,2.632732633764245,543807,,,2,7,Bot,,,,,,,5.091048589169687,-136.5665561833757,-4.623097721882562,-7.884220740567019,29.830975711692474,-16.609690296730466,3.44001634767764,1.56721854880806,,,,94.6,2421,6.7,813062,700250,502671,665862,641857,683011,641355,663757,592450,53.77,,,,,,,,71,5,4-Seam Fastball,13,7,13,7,7,13,13,7,Strategic,Standard,218,0,-0.001,,,,0.001,,6,6,0.993,0.993,26,30,26,31,3,0,9,1,,2,1.41,0.54,-0.54,32.3,,,,,
FS,2025-10-05,82.5,-0.88,6.98,"Wells, Austin",669224,702056,field_out,hit_into_play,,,,,4,Austin Wells pops out to shortstop Andrés Giménez.,D,L,R,TOR,NYY,X,6,popup,0,1,2025,-0.98,0.26,-0.5024141559436922,2.3470774331946225,,,,0,6,Top,104.36,142.46,,,,,2.760350253191305,-120.12725311638596,-4.545733681161919,-9.983979191105004,23.3426203849217,-28.98552966491911,3.55,1.62,166,72.7,60,82.5,1621,6.3,813062,672386,665489,643396,676391,665926,676914,662139,664702,54.23,0.013,0.011,0,1,0,0,3,47,2,Split-Finger,12,0,0,12,0,12,0,12,Infield shade,Standard,224,0,-0.22,72.8,7.8,0.013,0.22,88.0,12,-12,0.999,0.0010000000000000009,21,25,22,26,2,1,8,1,8,2,3.09,0.98,-0.98,56.7,20.46700213484943,-8.156636862485616,32.311062309116,38.08774915393671,37.30709970346026
CH,2025-10-05,85.3,-2.26,4.76,"Meadows, Parker",678009,622491,,ball,,,,,13,Ball,D,L,R,SEA,DET,B,,,1,0,2025,-1.57,-0.31,-1.1981916800888581,1.2254905682019266,,,595879,1,5,Top,,,,,,,5.533900744277863,-124.04920004385039,-1.3578536922086437,-17.300724917668763,25.72321950734222,-35.25930762893925,3.52750035901957,1.7753966223526,,,,83.6,1883,5.3,813057,663728,647304,593871,553993,641487,668227,677594,645302,55.19,,,,,,,,33,2,Changeup,1,0,0,1,0,1,0,1,Standard,Standard,258,-0.011,0.068,,,,-0.068,,1,-1,0.628,0.372,32,25,33,26,2,1,11,1,5,2,3.45,1.57,-1.57,10.0,,,,,
FF,2025-10-05,99.5,1.79,6.15,"Raleigh, Cal",663728,669373,strikeout,swinging_strike,,,,,1,Cal Raleigh strikes out swinging.,D,R,L,SEA,DET,S,2,,1,2,2025,0.09,1.54,-0.38231356422596297,3.2525053818314293,,,,0,6,Bot,,,,,,,-6.184206374540375,-144.62596592554024,-6.1496154351816985,2.8065674188038914,35.08691357243996,-9.33101881552902,3.59,1.67,,,,99.4,2371,6.4,813057,693307,679529,650402,656716,595879,682985,678009,681481,54.09,,0,0,1,0,0,,43,4,4-Seam Fastball,1,0,1,0,0,1,1,0,Infield shade,Standard,154,-0.015,-0.189,69.3,5.9,,0.189,,1,1,0.734,0.734,28,28,29,29,3,2,5,1,5,2,0.78,0.09,-0.09,45.4,-6.579507559780005,27.37521926854007,35.29856806207072,30.99977375616615,14.962269258823849
FF,2025-10-05,94,-2.23,5.77,"Lukes, Nathan",664770,701542,,foul,,,,,3,Foul,D,L,R,TOR,NYY,S,,,1,2,2025,-0.63,1.4,0.4901898684863897,3.439415581644495,543807,,,2,7,Bot,,,,,,,8.49170854725042,-136.58593776523952,-3.420294778754001,-9.741376839803685,30.714901132796623,-14.053775961436537,3.33,1.54,110,73.2,75,94.6,2512,6.8,813062,700250,502671,665862,641857,683011,641355,663757,592450,53.73,,,,,,,,71,4,4-Seam Fastball,13,7,13,7,7,13,13,7,Standard,Standard,216,0,0,68.5,5.7,,0,88.0,6,6,0.993,0.993,26,30,26,31,3,0,9,1,,2,1.19,0.63,-0.63,36.2,4.838601848613109,5.852803983365167,18.923885730391703,34.24545504871145,23.196925291446927
FS,2025-10-05,82.6,-0.73,7.15,"Wells, Austin",669224,702056,,swinging_strike,,,,,8,Swinging Strike,D,L,R,TOR,NYY,S,,,0,0,2025,-1.2,0.65,-0.0468097709788613,1.6506252791592422,,,,0,6,Top,,,,,,,3.9055498040278196,-120.17578641475424,-7.329989440558811,-12.4326613760626,21.772725291101313,-24.710292587779342,3.55,1.62,,,,82.9,1732,6.4,813062,672386,665489,643396,676391,665926,676914,662139,664702,54.12,,,,,,,,47,1,Split-Finger,12,0,0,12,0,12,0,12,Infield shade,Standard,216,0,-0.039,66.2,9.0,,0.039,,12,-12,0.999,0.0010000000000000009,21,25,22,26,2,1,8,1,8,2,2.68,1.2,-1.2,62.4,30.557067560622546,-65.55378945120779,31.354359370689412,32.381992792616764,69.43853784408432
FF,2025-10-05,92.6,-2.06,5.2,"Meadows, Parker",678009,622491,,ball,,,,,14,Ball,D,L,R,SEA,DET,B,,,0,0,2025,-1.19,1.29,0.857217425289412,1.5896038305631188,,,595879,1,5,Top,,,,,,,9.843954080475125,-134.30704015621285,-6.052238263372315,-16.577095530039724,30.292249999680987,-15.443238218702628,3.56388805843828,1.77063056875311,,,,90.7,2118,5.4,813057,663728,647304,593871,553993,641487,668227,677594,645302,55.09,,,,,,,,33,1,4-Seam Fastball,1,0,0,1,0,1,0,1,Standard,Standard,232,-0.006,0.035,,,,-0.035,,1,-1,0.634,0.366,32,25,33,26,2,1,11,1,5,2,1.4,1.19,-1.19,19.9,,,,,
FF,2025-10-05,95.6,-1.95,5.13,"Báez, Javier",595879,622491,walk,ball,,,,,14,Javier Báez walks.,D,R,R,SEA,DET,B,,,3,2,2025,-1.01,0.95,1.0705098057208542,1.9535868129967913,,,,1,5,Top,,,,,,,10.028793239548083,-138.7821274182592,-4.781408843152768,-15.336293328402972,31.097000671795087,-19.00047631713988,3.58826322399615,1.72797088843399,,,,93.9,2238,5.4,813057,663728,647304,593871,553993,641487,668227,677594,645302,55.1,,0.691497,0.7,1,0,0,,32,6,4-Seam Fastball,1,0,0,1,0,1,0,1,Standard,Standard,236,-0.031,0.339,,,,-0.339,,1,-1,0.665,0.33499999999999996,32,32,33,33,2,1,11,1,5,2,1.56,1.01,1.01,19.3,,,,,
SL,2025-10-05,92,2.12,6.06,"Raleigh, Cal",663728,669373,,swinging_strike,,,,,2,Swinging Strike,D,R,L,SEA,DET,S,,,1,1,2025,-0.47,0.22,-0.028174729889471006,3.2824498231316888,,,,0,6,Bot,,,,,,,-4.4329061653973385,-133.9093191822358,-1.6574150560644907,-4.675184065321455,29.690533761576837,-29.404514822429345,3.59,1.67,,,,92.3,2186,6.5,813057,693307,679529,650402,656716,595879,682985,678009,681481,53.99,,,,,,,,43,3,Slider,1,0,1,0,0,1,1,0,Infield shade,Standard,172,-0.005,-0.061,70.8,5.8,,0.061,,1,1,0.739,0.739,28,28,29,29,3,2,5,1,5,2,2.48,-0.47,0.47,44.6,-9.167346490613202,38.47611393978739,30.789405117293732,33.80056223875843,14.733075933959887
FS,2025-10-05,84.7,-0.59,7.1,"Volpe, Anthony",683011,702056,strikeout,swinging_strike,,,,,13,Anthony Volpe strikes out swinging.,D,R,R,TOR,NYY,S,2,,1,2,2025,-1.14,0.71,-0.4820696392170887,0.8218207230434893,,,665862,2,5,Top,,,,,,,2.5120817915971876,-123.08694643202051,-9.744597431738976,-12.112124399882708,22.37952646427863,-23.363886613183727,3.42,1.61,,,,84.8,1587,6.2,813062,672386,665489,643396,676391,665926,676914,662139,664702,54.25,,0,0,1,0,0,,42,4,Split-Finger,11,0,0,11,0,11,0,11,Standard,Standard,216,0,-0.183,67.3,8.8,,0.183,,11,-11,0.999,0.0010000000000000009,21,24,22,24,2,1,8,1,8,2,2.46,1.14,1.14,62.0,29.460728401772176,-28.596869815405416,39.46440524273574,33.6110193121506,47.71634467209133
CU,2025-10-05,82.4,-2.23,5.68,"Lukes, Nathan",664770,701542,,ball,,,,,14,Ball,D,L,R,TOR,NYY,B,,,0,2,2025,0.77,-0.54,1.5103822971997047,-0.7333764845522368,,543807,,2,7,Bot,,,,,,,7.058144743140458,-119.72442735317497,-7.065498555702271,6.1295182645199695,21.988164811395674,-36.22757874581396,3.50252181709339,1.56858781995724,,,,83.1,2750,6.7,813062,700250,502671,665862,641857,683011,641355,663757,592450,53.76,,,,,,,,71,3,Curveball,13,7,13,7,7,13,13,7,Standard,Standard,63,0,0.015,,,,-0.015,,6,6,0.993,0.993,26,30,26,31,3,0,9,1,,2,3.89,-0.77,0.77,37.2,,,,,
FF,2025-10-05,97.6,1.85,6.17,"Raleigh, Cal",663728,669373,,ball,,,,,11,Ball,D,R,L,SEA,DET,B,,,0,1,2025,0.09,1.52,-0.294980331854789,4.643615847445074,,,,0,6,Bot,,,,,,,-6.015865383934485,-142.03779494350155,-2.098815804713683,2.667366526845242,33.61781159335044,-11.384161194037675,3.5507247280817,1.70220717567025,,,,97.9,2353,6.5,813057,693307,679529,650402,656716,595879,682985,678009,681481,53.97,,,,,,,,43,2,4-Seam Fastball,1,0,1,0,0,1,1,0,Infield shade,Standard,149,0.002,0.031,,,,-0.031,,1,1,0.737,0.737,28,28,29,29,3,2,5,1,5,2,0.88,0.09,-0.09,46.0,,,,,
SL,2025-10-05,85.1,-2.18,4.78,"Báez, Javier",595879,622491,,ball,,,,,14,Ball,D,R,R,SEA,DET,B,,,2,2,2025,-0.06,0.05,1.9123554270484244,1.1338177275420094,,,,1,5,Top,,,,,,,9.570712189337108,-123.70206345832143,-2.326948821399863,-2.4413265535659128,23.997112318571375,-31.384582479892114,3.50280512105833,1.73498418752811,,,,84.1,2308,5.6,813057,663728,647304,593871,553993,641487,668227,677594,645302,54.88,,,,,,,,32,5,Slider,1,0,0,1,0,1,0,1,Standard,Standard,48,-0.008,0.104,,,,-0.104,,1,-1,0.673,0.32699999999999996,32,32,33,33,2,1,11,1,5,2,3.1,0.06,0.06,15.3,,,,,
FF,2025-10-05,92.6,-2.34,5.58,"Lukes, Nathan",664770,701542,,foul,,,,,3,Foul,D,L,R,TOR,NYY,S,,,0,1,2025,-0.61,1.44,0.6751564531403922,3.02012601459853,,543807,,2,7,Bot,,,,,,,9.10653056307525,-134.4789488638574,-3.891271113847414,-9.38072120431547,29.13760659434858,-14.056034017871681,3.33,1.54,188,68.2,45,93.4,2388,6.9,813062,700250,502671,665862,641857,683011,641355,663757,592450,53.65,,,,,,,,71,2,4-Seam Fastball,13,7,13,7,7,13,13,7,Standard,Standard,224,0,-0.056,65.2,5.3,,0.056,88.0,6,6,0.993,0.993,26,30,26,31,3,0,9,1,,2,1.23,0.61,-0.61,30.9,-0.9108514023308423,15.546996729752124,29.182194293186956,32.94270677210827,20.22580462647554
FS,2025-10-05,84.4,-0.59,7.19,"Volpe, Anthony",683011,702056,,ball,,,,,11,Ball,D,R,R,TOR,NYY,B,,,0,2,2025,-0.95,0.8,-0.9453449185864761,3.2318818317060956,,,665862,2,5,Top,,,,,,,1.0357206417534393,-123.02296489731114,-4.5020946656216365,-9.85931006168357,21.85959517007175,-23.385289402045853,3.54424113985157,1.67148986792624,,,,84.5,1462,6.1,813062,672386,665489,643396,676391,665926,676914,662139,664702,54.44,,,,,,,,42,3,Split-Finger,11,0,0,11,0,11,0,11,Standard,Standard,222,0,0.009,,,,-0.009,,11,-11,0.999,0.0010000000000000009,21,24,22,24,2,1,8,1,8,2,2.36,0.95,0.95,60.5,,,,,
SL,2025-10-05,86.3,-2.21,4.8,"Báez, Javier",595879,622491,,ball,,,,,14,Ball,D,R,R,SEA,DET,B,,,1,2,2025,-0.12,0.29,1.525941223111988,1.6881218151154211,,,,1,5,Top,,,,,,,8.981434311979147,-125.36314235738517,-1.7375096495789983,-3.080268001791995,24.828157448658487,-29.01638978322529,3.52364470000293,1.69339783741908,,,,85.1,2177,5.5,813057,663728,647304,593871,553993,641487,668227,677594,645302,54.96,,,,,,,,32,4,Slider,1,0,0,1,0,1,0,1,Standard,Standard,270,-0.004,0.048,,,,-0.048,,1,-1,0.677,0.32299999999999995,32,32,33,33,2,1,11,1,5,2,2.78,0.12,0.12,21.4,,,,,
FF,2025-10-05,97.7,1.64,6.15,"Raleigh, Cal",663728,669373,,swinging_strike,,,,,11,Swinging Strike,D,R,L,SEA,DET,S,,,0,0,2025,0.21,1.59,-0.912675161161524,3.586109795707811,,,,0,6,Bot,,,,,,,-7.403566837198518,-142.07177111149724,-5.038961619041958,4.6762616821712015,34.76464121467422,-9.762097865049473,3.59,1.67,,,,97.9,2341,6.6,813057,693307,679529,650402,656716,595879,682985,678009,681481,53.89,,,,,,,,43,1,4-Seam Fastball,1,0,1,0,0,1,1,0,Infield shade,Standard,155,-0.003,-0.039,69.9,6.6,,0.039,,1,1,0.74,0.74,28,28,29,29,3,2,5,1,5,2,0.82,0.21,-0.21,48.8,21.108633649601135,2.9564538856555607,28.946552107609918,23.114656999816276,28.88063110070688
FF,2025-10-05,92.7,-2.13,5.71,"Lukes, Nathan",664770,701542,,foul,,,,,12,Foul,D,L,R,TOR,NYY,S,,,0,0,2025,-0.67,1.37,0.6693506581989372,3.480808144662493,,543807,,2,7,Bot,,,,,,,8.722047343026802,-134.77448958003038,-2.9207498805267695,-10.074539416007275,28.933160587840305,-14.958126602396193,3.33,1.54,226,71.3,34,93.7,2448,6.9,813062,700250,502671,665862,641857,683011,641355,663757,592450,53.61,,,,,,,,71,1,4-Seam Fastball,13,7,13,7,7,13,13,7,Standard,Standard,225,0,-0.04,56.0,4.5,,0.04,88.0,6,6,0.993,0.993,26,30,26,31,3,0,9,1,,2,1.28,0.67,-0.67,31.2,-7.350661802442423,34.96188073985431,29.594525824030793,32.43278250849232,13.822791852436527
FF,2025-10-05,94.6,-0.39,7.04,"Volpe, Anthony",683011,702056,,called_strike,,,,,6,Called Strike,D,R,R,TOR,NYY,S,,,0,1,2025,-0.43,1.58,0.6041465746948987,2.395169658324314,,,665862,2,5,Top,,,,,,,3.5572843497666815,-137.4362483528393,-9.894842453383324,-6.313007249154466,31.634451652254853,-10.129553441676137,3.55285538867876,1.70638011403496,,,,94.3,2266,6.3,813062,672386,665489,643396,676391,665926,676914,662139,664702,54.2,,,,,,,,42,2,4-Seam Fastball,11,0,0,11,0,11,0,11,Standard,Standard,195,0,-0.055,,,,0.055,,11,-11,0.999,0.0010000000000000009,21,24,22,24,2,1,8,1,8,2,0.98,0.43,0.43,68.4,,,,,
SL,2025-10-05,85.2,-2.1,4.88,"Báez, Javier",595879,622491,,swinging_strike,,,,,14,Swinging Strike,D,R,R,SEA,DET,S,,,1,1,2025,0.03,0.12,0.8551603477295601,1.5243364432520825,,,,1,5,Top,,,,,,,6.750858237051705,-123.91913423804951,-1.812283728447929,-0.9832429390006268,24.597884387190266,-30.753262286731484,3.51,1.64,,,,83.8,2273,5.4,813057,663728,647304,593871,553993,641487,668227,677594,645302,55.09,,,,,,,,32,3,Slider,1,0,0,1,0,1,0,1,Standard,Standard,94,0.006,-0.064,75.2,9.3,,0.064,,1,-1,0.671,0.32899999999999996,32,32,33,33,2,1,11,1,5,2,3.02,-0.03,-0.03,14.9,18.29588505386425,-25.857539503484073,30.39736127720377,45.51415066229268,42.42734049584912
CH,2025-10-05,89,2.05,6.05,"Arozarena, Randy",668227,669373,strikeout,swinging_strike,,,,,14,Randy Arozarena strikes out swinging.,D,R,L,SEA,DET,S,2,,2,2,2025,1.38,0.44,0.507816762154049,1.057165318150702,,,641487,2,5,Bot,,,,,,,-6.692686843517229,-129.21967950862626,-7.099308254233124,16.87900199243565,28.311963265403396,-25.897528254908185,3.4,1.68,,,,89,1775,6.5,813057,693307,679529,650402,656716,595879,682985,678009,681481,53.98,,0,0,1,0,0,,39,5,Changeup,1,0,1,0,0,1,1,0,Standard,Standard,139,-0.019,-0.216,68.9,8.8,,0.216,,1,1,0.679,0.679,28,30,29,30,3,2,5,1,5,2,2.46,1.38,-1.38,43.3,23.91161831688433,-35.70321417623155,27.445433829724703,40.67323867220717,54.85671874193997
ST,2025-10-05,82.4,-2.36,5.6,"Springer, George",543807,701542,double,hit_into_play,,,,,8,George Springer doubles (1) on a sharp line drive to left fielder Cody Bellinger.,D,R,R,TOR,NYY,X,7,line_drive,0,0,2025,1.47,-0.26,0.0954489845146167,2.058025674566297,,,,2,7,Bot,83.44,63.31,,,,,2.7202941377274477,-119.96091586409223,-0.9537608795182952,13.522485412110552,25.531801516133417,-34.72923809826727,3.58,1.65,377,102.7,22,82.5,2814,6.6,813062,700250,502671,665862,641857,683011,641355,663757,592450,53.91,0.505,0.8584358974358975,1.25,1,1,1,6,70,1,Sweeper,13,7,13,7,7,13,13,7,Infield shade,Standard,54,0.001,0.579,73.9,7.8,1.615,-0.579,102.7,6,6,0.992,0.992,26,35,26,36,3,4,9,1,,2,3.64,-1.47,-1.47,31.8,12.780405117402346,-4.908453501775905,37.322792391525766,38.0147229117691,29.115478338812828
SL,2025-10-05,89.9,-0.66,7.05,"Volpe, Anthony",683011,702056,,swinging_strike,,,,,13,Swinging Strike,D,R,R,TOR,NYY,S,,,0,0,2025,-0.76,0.37,-0.9763654748974027,1.4764735731035217,,,665862,2,5,Top,,,,,,,0.8123512848081391,-130.71628732923728,-8.599406322776312,-8.85090115454745,26.77785680045962,-26.339044870482265,3.42,1.61,,,,89.6,2140,6.1,813062,672386,665489,643396,676391,665926,676914,662139,664702,54.44,,,,,,,,42,1,Slider,11,0,0,11,0,11,0,11,Standard,Standard,204,0,-0.042,75.7,7.5,,0.042,,11,-11,0.999,0.0010000000000000009,21,24,22,24,2,1,8,1,8,2,2.45,0.76,0.76,58.5,10.76348855928063,-4.995666444660932,40.276589234991334,28.521538827877876,23.363311862632298
FS,2025-10-05,84,-0.41,7.19,"McMahon, Ryan",641857,702056,field_out,hit_into_play,,,,,4,Ryan McMahon pops out to third baseman Ernie Clement in foul territory.,D,L,R,TOR,NYY,X,5,popup,1,2,2025,-1.09,0.06,-0.315505848871357,2.605260780851807,,,665862,1,5,Top,97.26,187.57,,,,,2.3765552078585026,-122.23036531827614,-4.303084315615503,-11.344661326702703,25.833935437411853,-30.875100216471157,3.56,1.67,89,87.4,78,83.9,1440,6.4,813062,672386,665489,643396,676391,665926,676914,662139,664702,54.14,0.008,0.007,0,1,0,0,3,41,5,Split-Finger,11,0,0,11,0,11,0,11,Infield shade,Standard,225,0.001,-0.179,73.3,7.8,0.008,0.179,88.0,11,-11,0.998,0.0020000000000000018,21,30,22,31,2,1,8,1,8,2,3.19,1.09,-1.09,66.5,20.225542626533954,-8.23896969940819,32.76207654754703,43.34081419978531,32.617056910406816
SI,2025-10-05,94.6,-2.16,5.04,"Báez, Javier",595879,622491,,swinging_strike,,,,,8,Swinging Strike,D,R,R,SEA,DET,S,,,1,0,2025,-1.76,0.44,-0.23475321225450196,1.9975225441575437,,,,1,5,Top,,,,,,,8.763040644382157,-137.51364651802658,-3.173419766672196,-24.313516682303366,31.344361235270227,-26.049368547558064,3.51,1.64,,,,92.7,1943,5.3,813057,663728,647304,593871,553993,641487,668227,677594,645302,55.22,,,,,,,,32,2,Sinker,1,0,0,1,0,1,0,1,Standard,Standard,242,0.005,-0.049,79.9,8.5,,0.049,,1,-1,0.666,0.33399999999999996,32,32,33,33,2,1,11,1,5,2,2.12,1.76,1.76,18.8,8.860688466232208,0.6175315569460418,34.44298416814833,33.922356948539445,22.8618685089519
SI,2025-10-05,92.6,-2.23,5.54,"Straw, Myles",664702,701542,field_out,hit_into_play,,,,,12,"Myles Straw grounds out, second baseman Jazz Chisholm Jr. to first baseman Paul Goldschmidt.",D,R,R,TOR,NYY,X,4,ground_ball,2,2,2025,-1.07,0.45,1.1207344313705552,2.5450320391086603,,,,1,7,Bot,125.65,153.61,,,,,10.98966494338812,-134.43199472419698,-2.812567945737532,-15.417708147635182,30.13741842314499,-26.23777121097797,3.44,1.6,5,84.4,-27,93.3,2398,6.9,813062,700250,502671,665862,641857,683011,641355,663757,592450,53.62,0.064,0.063,0,1,0,0,2,69,6,Sinker,13,7,13,7,7,13,13,7,Strategic,Strategic,224,0,-0.228,61.9,7.2,0.067,0.228,88.0,6,6,0.992,0.992,26,30,26,31,2,3,9,1,,3,2.22,1.07,1.07,27.5,3.78557283698608,14.746236200387742,20.836405636485424,48.09259968052427,17.636224472602184
CH,2025-10-05,89.8,2.19,6.02,"Arozarena, Randy",668227,669373,,ball,,,,,14,Ball,D,R,L,SEA,DET,B,,,1,2,2025,1.39,0.21,2.105347964943035,1.8551485587934193,,,641487,2,5,Bot,,,,,,,-3.1606431324661557,-130.6408390045144,-4.701303443365925,16.539936913339957,31.874992694131127,-28.83745409182428,3.19297992702673,1.63676015098708,,,,89.3,1774,6.4,813057,693307,679529,650402,656716,595879,682985,678009,681481,54.14,,,,,,,,39,4,Changeup,1,0,1,0,0,1,1,0,Standard,Standard,139,0.004,0.033,,,,-0.033,,1,1,0.675,0.675,28,30,29,30,3,2,5,1,5,2,2.65,1.39,-1.39,41.8,,,,,
FF,2025-10-05,93.4,-2.12,5.74,"Straw, Myles",664702,701542,,foul,,,,,6,Foul,D,R,R,TOR,NYY,S,,,2,2,2025,-0.73,1.21,0.7164859410205753,2.3315660106325176,,,,1,7,Bot,,,,,,,8.941026284419836,-135.62148206945997,-5.693678999544338,-10.921103151600422,29.128139767471346,-16.20372051737932,3.44,1.6,213,73.3,27,93.7,2418,6.6,813062,700250,502671,665862,641857,683011,641355,663757,592450,53.95,,,,,,,,69,5,4-Seam Fastball,13,7,13,7,7,13,13,7,Strategic,Standard,219,0,0,58.1,7.1,,0,88.0,6,6,0.992,0.992,26,30,26,31,2,3,9,1,,3,1.41,0.73,0.73,34.5,-2.265786060958742,13.8131520975436,28.573291819436598,43.67646679195984,18.412399132346003
SL,2025-10-05,93,2.01,6.03,"Arozarena, Randy",668227,669373,,foul,,,,,13,Foul,D,R,L,SEA,DET,S,,,1,1,2025,-0.32,0.46,-1.2352837038885593,1.859553105028969,,,641487,2,5,Bot,,,,,,,-7.6939960638833185,-135.3270910067692,-6.033895789371119,-2.3820608036329323,26.72815244059518,-25.38784041564706,3.4,1.68,52,94.3,0,94,2276,6.7,813057,693307,679529,650402,656716,595879,682985,678009,681481,53.83,,,,,,,,39,3,Slider,1,0,1,0,0,1,1,0,Standard,Standard,162,-0.006,-0.073,74.0,8.2,,0.073,94.3,1,1,0.681,0.681,28,30,29,30,3,2,5,1,5,2,2.15,-0.32,0.32,44.0,13.568193301299273,-26.5184545430554,28.806015732927854,20.620899416850282,43.029687359031314
FF,2025-10-05,94.7,-2.21,5.29,"Báez, Javier",595879,622491,,ball,,,,,11,Ball,D,R,R,SEA,DET,B,,,0,0,2025,-1.37,1.1,-1.1345583465754219,2.8178510716510576,,,,1,5,Top,,,,,,,5.744126337435853,-137.75001837302554,-3.1450356240858786,-18.70478399249167,32.59095844781891,-17.72254502873986,3.56070384079418,1.72803567857705,,,,92.6,2253,5.2,813057,663728,647304,593871,553993,641487,668227,677594,645302,55.28,,,,,,,,32,1,4-Seam Fastball,1,0,0,1,0,1,0,1,Standard,Standard,235,-0.004,0.039,,,,-0.039,,1,-1,0.67,0.32999999999999996,32,32,33,33,2,1,11,1,5,2,1.46,1.37,1.37,20.7,,,,,
FF,2025-10-05,95.1,-0.45,6.96,"McMahon, Ryan",641857,702056,,foul,,,,,8,Foul,D,L,R,TOR,NYY,S,,,1,2,2025,-0.55,1.49,0.1683196561571242,1.731056933718365,,,665862,1,5,Top,,,,,,,2.8737178999442867,-138.1356257444585,-11.441778562218422,-7.693101763274019,29.301759225801923,-10.776089237019564,3.56,1.67,199,76.7,21,95.6,2272,6.6,813062,672386,665489,643396,676391,665926,676914,662139,664702,53.94,,,,,,,,41,4,4-Seam Fastball,11,0,0,11,0,11,0,11,Infield shade,Standard,200,0,0,73.3,6.6,,0,88.0,11,-11,0.998,0.0020000000000000018,21,30,22,31,2,1,8,1,8,2,1.03,0.55,-0.55,62.9,-12.991187050340162,24.722667415810943,48.0490671243368,37.007740875291205,10.63227888388391
FS,2025-10-05,83.2,-0.66,7.09,"McMahon, Ryan",641857,702056,,ball,,,,,13,Ball,D,L,R,TOR,NYY,B,,,0,2,2025,-1.19,0.43,-0.9415176659602371,1.3860695092731294,,,665862,1,5,Top,,,,,,,1.672773094526305,-121.05371026893766,-7.4669267121046605,-11.990479096310612,23.168892978108577,-26.733182200680574,3.57527352439775,1.676679253737,,,,83.1,1312,6.2,813062,672386,665489,643396,676391,665926,676914,662139,664702,54.31,,,,,,,,41,3,Split-Finger,11,0,0,11,0,11,0,11,Infield shade,Standard,220,0,0.01,,,,-0.01,,11,-11,0.998,0.0020000000000000018,21,30,22,31,2,1,8,1,8,2,2.86,1.19,-1.19,68.2,,,,,
FF,2025-10-05,93.4,-2.24,5.18,"McKinstry, Zach",656716,622491,field_out,hit_into_play,,,,,1,Zach McKinstry lines out to left fielder Randy Arozarena.,D,L,R,SEA,DET,X,7,line_drive,0,0,2025,-1.24,0.92,-0.8258437406759715,3.180867819918333,,,,0,5,Top,75.74,83.38,,,,,6.234118192047098,-135.90542673689438,-1.382908438110396,-16.763654860791934,30.863399468303786,-20.758806670672204,3.28,1.52,313,95,20,91.5,2197,5.2,813057,663728,647304,593871,553993,641487,668227,677594,645302,55.28,0.256,0.275,0,1,0,0,4,31,1,4-Seam Fastball,1,0,0,1,0,1,0,1,Standard,Standard,236,0.032,-0.259,60.7,6.5,0.422,0.259,95.0,1,-1,0.638,0.362,32,30,33,30,2,1,11,1,5,2,1.71,1.24,-1.24,15.6,0.6724118834628758,9.930332676139935,25.355764531533662,43.56269735190223,20.334440741678787
FF,2025-10-05,97.4,1.84,6.33,"Arozarena, Randy",668227,669373,,ball,,,,,11,Ball,D,R,L,SEA,DET,B,,,0,1,2025,0.16,1.42,-0.7207237502584836,4.111010030848405,,,641487,2,5,Bot,,,,,,,-7.264377578027994,-141.6421797686193,-3.6880832281445106,3.9400267821824704,34.25863138907358,-12.427058628304891,3.44198553109789,1.63963316446795,,,,97.3,2365,6.4,813057,693307,679529,650402,656716,595879,682985,678009,681481,54.1,,,,,,,,39,2,4-Seam Fastball,1,0,1,0,0,1,1,0,Standard,Standard,153,0.002,0.027,,,,-0.027,,1,1,0.679,0.679,28,30,29,30,3,2,5,1,5,2,1,0.16,-0.16,51.6,,,,,
CU,2025-10-05,79.7,-2.22,5.93,"Straw, Myles",664702,701542,,foul,,,,,2,Foul,D,R,R,TOR,NYY,S,,,2,1,2025,0.64,-0.87,0.05434267541617138,2.951717752481236,,,,1,7,Bot,,,,,,,3.8126074422102976,-116.02854289730666,1.779704882241774,5.148008481516149,19.806624141826884,-40.54742459645457,3.44,1.6,152,71.7,70,80.3,2650,6.5,813062,700250,502671,665862,641857,683011,641355,663757,592450,54.03,,,,,,,,69,4,Curveball,13,7,13,7,7,13,13,7,Standard,Standard,51,0,-0.07,72.9,7.2,,0.07,88.0,6,6,0.992,0.992,26,30,26,31,2,3,9,1,,3,4.42,-0.64,-0.64,39.0,13.537526049208362,-6.1263884513981,27.04545906812209,35.285398030864606,33.311759672864355
FS,2025-10-05,82,-0.61,7.18,"McMahon, Ryan",641857,702056,,called_strike,,,,,8,Called Strike,D,L,R,TOR,NYY,S,,,0,1,2025,-1.24,0.38,-0.061873850802773855,1.6446311157102897,,,665862,1,5,Top,,,,,,,3.64947937217494,-119.3161854228793,-6.709423451057683,-12.513653244050317,23.637509002020355,-27.397082812628028,3.62993107255368,1.67365190202317,,,,82.2,1470,6.5,813062,672386,665489,643396,676391,665926,676914,662139,664702,54,,,,,,,,41,2,Split-Finger,11,0,0,11,0,11,0,11,Infield shade,Standard,218,0,-0.047,,,,0.047,,11,-11,0.998,0.0020000000000000018,21,30,22,31,2,1,8,1,8,2,3.01,1.24,-1.24,64.1,,,,,
FF,2025-10-05,98.3,1.5,6.28,"Arozarena, Randy",668227,669373,,called_strike,,,,,6,Called Strike,D,R,L,SEA,DET,S,,,0,0,2025,0.28,1.43,0.3366309051174266,2.257767415057123,,,641487,2,5,Bot,,,,,,,-3.8165790316396966,-142.93177398162757,-8.763992416757674,4.717048862303309,34.56663887687625,-10.681632093393354,3.40009671183503,1.6792624055043,,,,98.4,2364,6.5,813057,693307,679529,650402,656716,595879,682985,678009,681481,53.98,,,,,,,,39,1,4-Seam Fastball,1,0,1,0,0,1,1,0,Standard,Standard,151,-0.003,-0.042,,,,0.042,,1,1,0.682,0.682,28,30,29,30,3,2,5,1,5,2,0.94,0.28,-0.28,51.6,,,,,
FF,2025-10-05,95.3,-2.07,5.19,"Dingler, Dillon",693307,622491,field_out,hit_into_play,,,,,4,Dillon Dingler flies out to center fielder Julio Rodríguez.,D,R,R,SEA,DET,X,8,fly_ball,0,1,2025,-1.31,1.22,-0.42523776580650896,2.5497518204145075,,,,2,4,Top,128.63,55.18,,,,,7.142421343481206,-138.42299273936962,-3.8919649754781767,-18.534301517261834,34.590151897018515,-15.91706745645197,3.38,1.51,341,93.6,25,93.1,2241,5.4,813057,663728,647304,593871,553993,641487,668227,677594,645302,55.12,0.159,0.212,0,1,0,0,3,26,2,4-Seam Fastball,0,0,0,0,0,0,0,0,Infield shade,Standard,238,0.011,-0.217,69.5,7.1,0.346,0.217,93.6,0,0,0.549,0.45099999999999996,32,26,33,27,2,1,11,1,5,2,1.33,1.31,1.31,23.3,7.525645766082691,3.353469568773979,41.637120777808626,32.13002167689537,26.21581178057847
FF,2025-10-05,92.3,-2.31,5.63,"Straw, Myles",664702,701542,,foul,,,,,6,Foul,D,R,R,TOR,NYY,S,,,2,0,2025,-0.63,1.48,0.5508192898481736,2.3596828631579063,,,,1,7,Bot,,,,,,,8.726292819249895,-134.11596917109617,-5.7357997960877,-9.567755269843817,29.89743601103681,-13.271021352540853,3.44,1.6,,,,92.9,2575,6.8,813062,700250,502671,665862,641857,683011,641355,663757,592450,53.71,,,,,,,,69,3,4-Seam Fastball,13,7,13,7,7,13,13,7,Standard,Standard,221,0,-0.066,71.2,7.8,,0.066,,6,6,0.992,0.992,26,30,26,31,2,3,9,1,,3,1.21,0.63,0.63,31.8,11.524504990325195,-14.366477627040908,33.86169707137068,40.811863776151334,35.66944645725213
SI,2025-10-05,92.4,-2.18,5.4,"Straw, Myles",664702,701542,,ball,,,,,14,Ball,D,R,R,TOR,NYY,B,,,1,0,2025,-1.48,0.42,0.9567752373331919,1.2711748141495511,,,,1,7,Bot,,,,,,,11.326486113447457,-133.9653574534386,-5.634572388842165,-20.279284034120085,29.621887877564696,-25.976955144227322,3.58021939594583,1.67302429074665,,,,93.1,2356,6.9,813062,700250,502671,665862,641857,683011,641355,663757,592450,53.55,,,,,,,,69,2,Sinker,13,7,13,7,7,13,13,7,Standard,Standard,231,0,0.071,,,,-0.071,,6,6,0.992,0.992,26,30,26,31,2,3,9,1,,3,2.27,1.48,1.48,28.0,,,,,
CH,2025-10-05,87.8,2.04,6.08,"Crawford, J.P.",641487,669373,single,hit_into_play,,,,,6,J.P. Crawford singles on a bunt ground ball to second baseman Gleyber Torres.,D,L,L,SEA,DET,X,4,ground_ball,0,1,2025,0.9,0.38,0.7832685353015764,2.5639526003581774,,,,2,5,Bot,145.61,166.13,,,,,-4.928325962885933,-127.6825990671553,-3.1332259475142648,10.90598867331351,28.760079920479924,-27.52663718072523,3.25,1.54,17,52.8,-7,87.8,1765,6.5,813057,693307,679529,650402,656716,595879,682985,678009,681481,53.99,0.065,0.062,0.9,1,1,0,1,38,2,Changeup,1,0,1,0,0,1,1,0,Infield shade,Standard,133,0.013,0.075,30.6,3.6,0.065,-0.075,88.0,1,1,0.669,0.669,28,30,29,30,2,1,5,1,5,2,2.6,0.9,0.9,43.7,-32.69730054616271,-18.741084681981196,32.5277227424732,29.91850807541985,45.01143578129721
FF,2025-10-05,95.1,-1.9,5.28,"Dingler, Dillon",693307,622491,,called_strike,,,,,12,Called Strike,D,R,R,SEA,DET,S,,,0,0,2025,-0.93,1.2,0.8098592149088703,3.6079823023021858,,,,2,4,Top,,,,,,,9.030142905345407,-138.1317824152994,-1.3422129568486663,-14.036782086046665,32.948399473937094,-16.846550795178157,3.51119261180693,1.52386111480245,,,,93.2,2289,5.4,813057,663728,647304,593871,553993,641487,668227,677594,645302,55.08,,,,,,,,26,1,4-Seam Fastball,0,0,0,0,0,0,0,0,Infield shade,Standard,233,0.002,-0.043,,,,0.043,,0,0,0.547,0.45299999999999996,32,26,33,27,2,1,11,1,5,2,1.35,0.93,0.93,19.3,,,,,
FF,2025-10-05,94.2,-0.55,7.01,"McMahon, Ryan",641857,702056,,foul,,,,,9,Foul,D,L,R,TOR,NYY,S,,,0,0,2025,-0.49,1.56,0.6025948259824714,2.1403262238744785,,,665862,1,5,Top,,,,,,,4.110334967755967,-136.74493640893053,-10.381450945118974,-7.104394642839631,31.113450847713118,-10.488430176680842,3.56,1.67,,,,94.3,2246,6.6,813062,672386,665489,643396,676391,665926,676914,662139,664702,53.94,,,,,,,,41,1,4-Seam Fastball,11,0,0,11,0,11,0,11,Infield shade,Standard,198,0,-0.04,74.1,6.5,,0.04,,11,-11,0.998,0.0020000000000000018,21,30,22,31,2,1,8,1,8,2,1.03,0.49,-0.49,62.6,-8.93221246782669,18.488836984715316,47.887134819443766,31.900689207672002,14.35421791489974
FS,2025-10-05,83.3,-0.54,7.09,"Chisholm Jr., Jazz",665862,702056,field_error,hit_into_play,,,,,8,Jazz Chisholm Jr. reaches on a fielding error by first baseman Vladimir Guerrero Jr.,D,L,R,TOR,NYY,X,3,ground_ball,0,1,2025,-0.89,0.47,-0.13490197551370386,2.2823252999777917,,,,1,5,Top,152.52,171.86,,,,,2.6521607467212855,-121.38683602617974,-5.620099272971022,-9.290901774211417,20.732766712816478,-26.683731941499417,3.69,1.72,59,98.2,2,83.7,1383,6.2,813062,672386,665489,643396,676391,665926,676914,662139,664702,54.32,0.423,0.381,0.9,1,0,0,4,40,2,Split-Finger,11,0,0,11,0,11,0,11,Standard,Standard,220,-0.001,0.501,69.2,7.5,0.436,-0.501,98.2,11,-11,0.999,0.0010000000000000009,21,27,22,27,2,1,8,1,8,2,2.77,0.89,-0.89,62.7,10.319969346138803,-7.194304140013052,31.35520197688787,34.34810524576902,35.06773577267665
SL,2025-10-05,85.6,-2.25,4.89,"Keith, Colt",690993,622491,field_out,hit_into_play,,,,,8,Colt Keith flies out to right fielder Victor Robles.,D,L,R,SEA,DET,X,9,fly_ball,1,1,2025,-0.01,0.16,-0.012202202725127398,1.692829181117831,,,,1,4,Top,159.75,78.63,,,,,5.2200885494308675,-124.5469832351837,-1.5791032179437816,-1.1186985005413739,24.899655405299843,-30.3808249982758,3.34,1.58,309,99.4,43,84.4,2111,5.5,813057,663728,647304,593871,553993,641487,668227,677594,645302,54.98,0.058,0.092,0,1,0,0,3,25,3,Slider,0,0,0,0,0,0,0,0,Infield shade,Standard,280,0.019,-0.244,69.9,7.8,0.174,0.244,99.4,0,0,0.528,0.472,32,23,33,24,2,1,11,1,5,2,2.95,0.01,-0.01,14.4,21.24908099365351,-12.600730959825095,42.04173028240127,35.74332128017512,39.1242955043768
FF,2025-10-05,92.1,-2.16,5.52,"Straw, Myles",664702,701542,,ball,,,,,14,Ball,D,R,R,TOR,NYY,B,,,0,0,2025,-0.57,1.4,2.4759446585051306,1.439311211193819,,,,1,7,Bot,,,,,,,13.073586383641159,-133.40111471082753,-7.600432667541221,-9.530258409129214,28.05550180950895,-13.828213785598285,3.55958391789546,1.67845981728733,,,,92.7,2612,6.8,813062,700250,502671,665862,641857,683011,641355,663757,592450,53.67,,,,,,,,69,1,4-Seam Fastball,13,7,13,7,7,13,13,7,Standard,Standard,222,0,0.039,,,,-0.039,,6,6,0.992,0.992,26,30,26,31,2,3,9,1,,3,1.3,0.57,0.57,32.2,,,,,
SI,2025-10-05,97,1.72,6.19,"Crawford, J.P.",641487,669373,,called_strike,,,,,7,Called Strike,D,L,L,SEA,DET,S,,,0,0,2025,1.08,0.85,-0.5472539668756717,2.147647970482656,,,,2,5,Bot,,,,,,,-8.528539424974976,-140.79271886491523,-7.157925695488655,16.32852227590864,34.91297216091042,-19.370926792486312,3.37532415303816,1.60317383437042,,,,96.7,2177,6.5,813057,693307,679529,650402,656716,595879,682985,678009,681481,54.03,,,,,,,,38,1,Sinker,1,0,1,0,0,1,1,0,Standard,Standard,155,-0.002,-0.043,,,,0.043,,1,1,0.671,0.671,28,30,29,30,2,1,5,1,5,2,1.61,1.08,1.08,50.5,,,,,
CH,2025-10-05,85.1,-2.37,5.52,"Giménez, Andrés",665926,701542,field_out,hit_into_play,,,,,7,Andrés Giménez lines out to right fielder Aaron Judge.,D,L,R,TOR,NYY,X,9,line_drive,0,2,2025,-1.11,-0.13,-0.3404329883446453,1.8162069436800898,,,,0,7,Bot,177.24,82.97,,,,,7.049233876659922,-123.67614734329409,-2.07786987517966,-12.830585245165944,25.457461151386,-33.32708242263115,3.33,1.51,314,88.9,25,85.7,1525,6.8,813062,700250,502671,665862,641857,683011,641355,663757,592450,53.68,0.111,0.132,0,1,0,0,3,68,3,Changeup,13,7,13,7,7,13,13,7,Standard,Standard,242,-0.001,-0.165,57.9,7.4,0.204,0.165,88.9,6,6,0.993,0.993,26,26,26,27,2,3,9,1,,2,3.3,1.11,-1.11,32.6,14.934709683781504,-5.28450197306247,33.639580501981136,41.32424984639964,36.80325875822606
CH,2025-10-05,87.8,1.82,6.04,"Robles, Victor",645302,669373,field_out,hit_into_play,,,,,6,Victor Robles flies out to center fielder Parker Meadows.,D,R,L,SEA,DET,X,8,fly_ball,1,1,2025,1.21,0.3,0.3075800112198115,2.510139456498281,,,,1,5,Bot,98.77,99.95,,,,,-6.183893550438134,-127.70790334911186,-3.0397047866786346,14.543109621506998,26.416262635033092,-28.50153690840717,3.21,1.52,255,73.7,34,87.9,1896,6.4,813057,693307,679529,650402,656716,595879,682985,678009,681481,54.1,0.289,0.266,0,1,0,0,3,37,3,Changeup,1,0,1,0,0,1,1,0,Standard,Standard,130,-0.015,-0.244,68.9,7.4,0.339,0.244,88.0,1,1,0.686,0.686,28,28,29,28,2,1,5,1,5,2,2.66,1.21,-1.21,43.8,20.0280152103115,-18.018945110740102,29.73420648616789,45.35908854464071,36.80048703927157
SI,2025-10-05,94.9,-2.32,5.05,"Keith, Colt",690993,622491,,ball,,,,,11,Ball,D,L,R,SEA,DET,B,,,0,1,2025,-1.46,0.58,-1.7820603981785224,2.8646572827866077,,,,1,4,Top,,,,,,,4.605381877412171,-138.22332191441689,-1.3571421835161284,-19.80239178829728,30.199735266791087,-24.686616541244682,3.33828693527409,1.6017712337291,,,,93.5,1990,5.4,813057,663728,647304,593871,553993,641487,668227,677594,645302,55.11,,,,,,,,25,2,Sinker,0,0,0,0,0,0,0,0,Standard,Standard,242,-0.002,0.029,,,,-0.029,,0,0,0.53,0.47,32,23,33,24,2,1,11,1,5,2,1.95,1.46,-1.46,17.1,,,,,
FS,2025-10-05,82.7,-0.58,7.21,"Chisholm Jr., Jazz",665862,702056,,called_strike,,,,,4,Called Strike,D,L,R,TOR,NYY,S,,,0,0,2025,-0.97,0.46,-0.6199482770099151,2.764761873638989,,,,1,5,Top,,,,,,,1.8153417975620483,-120.51722159545496,-4.615710051729611,-9.867832166536664,21.02976387396101,-27.056526942363963,3.82040015170735,1.82449647991647,,,,83.2,1498,6.3,813062,672386,665489,643396,676391,665926,676914,662139,664702,54.16,,,,,,,,40,1,Split-Finger,11,0,0,11,0,11,0,11,Standard,Standard,213,0,-0.039,,,,0.039,,11,-11,0.999,0.0010000000000000009,21,27,22,27,2,1,8,1,8,2,2.84,0.97,-0.97,70.8,,,,,
SL,2025-10-05,88.4,-0.76,7.09,"Stanton, Giancarlo",519317,702056,field_out,hit_into_play,,,,,7,"Giancarlo Stanton grounds out, third baseman Ernie Clement to first baseman Vladimir Guerrero Jr.",D,R,R,TOR,NYY,X,5,ground_ball,2,0,2025,-0.57,0.25,-0.3539855785354722,2.1397695817887814,,,,0,5,Top,115.12,188.65,,,,,2.1620637267309797,-128.69668310544827,-6.56269914697568,-6.79336547826666,23.70955838064529,-28.403726455685153,3.8,1.83,45,113.9,-1,88.7,2231,6.2,813062,672386,665489,643396,676391,665926,676914,662139,664702,54.28,0.554,0.523,0,1,0,0,4,39,3,Slider,11,0,0,11,0,11,0,11,Standard,Standard,202,0.001,-0.378,85.6,9.5,0.614,0.378,113.9,11,-11,0.998,0.0020000000000000018,21,35,22,36,2,1,8,1,8,2,2.64,0.57,0.57,62.8,15.130576287803038,-9.898362595771026,28.754227383355108,38.98347217579053,30.012514240016138
SI,2025-10-05,97.4,1.76,6.11,"Robles, Victor",645302,669373,,ball,,,,,11,Ball,D,R,L,SEA,DET,B,,,0,1,2025,1.05,0.77,-0.8387931863913298,3.401688121350319,,,,1,5,Bot,,,,,,,-9.447120068208054,-141.50043577542255,-3.5218111520501996,16.277520492528893,31.785287452797157,-21.18448551841413,3.2526771002604,1.53124353230491,,,,97.9,2218,6.6,813057,693307,679529,650402,656716,595879,682985,678009,681481,53.89,,,,,,,,37,2,Sinker,1,0,1,0,0,1,1,0,Standard,Standard,149,0.001,0.029,,,,-0.029,,1,1,0.685,0.685,28,28,29,28,2,1,5,1,5,2,1.64,1.05,-1.05,46.7,,,,,
FF,2025-10-05,95,-2.14,5.23,"Keith, Colt",690993,622491,,foul,,,,,5,Foul,D,L,R,SEA,DET,S,,,0,0,2025,-1.26,1.17,0.158736633482774,2.6668546247975726,,,,1,4,Top,,,,,,,8.657682517055798,-137.93308264166504,-3.5433280431935987,-18.022834616231208,33.183770776686956,-16.71496125521262,3.34,1.58,114,91.8,78,93,2394,5.4,813057,663728,647304,593871,553993,641487,668227,677594,645302,55.09,,,,,,,,25,1,4-Seam Fastball,0,0,0,0,0,0,0,0,Standard,Standard,230,0.003,-0.039,73.3,7.0,,0.039,91.8,0,0,0.527,0.473,32,23,33,24,2,1,11,1,5,2,1.39,1.26,-1.26,19.6,19.211792421529193,-9.267674815028771,34.3364558295288,33.943409150032494,35.48402042297872
ST,2025-10-05,80.8,-2.54,5.54,"Giménez, Andrés",665926,701542,,foul,,,,,13,Foul,D,L,R,TOR,NYY,S,,,0,1,2025,1.35,0.01,-1.056412692414391,2.346966486618153,,,,0,7,Bot,,,,,,,0.7354117080124867,-117.78725736380288,-0.5044274036848045,12.467900963407699,22.395122837613126,-32.2166821691057,3.33,1.51,250,88.7,25,81.3,2993,6.5,813062,700250,502671,665862,641857,683011,641355,663757,592450,53.96,,,,,,,,68,2,Sweeper,13,7,13,7,7,13,13,7,Standard,Standard,65,0,-0.055,64.7,6.3,,0.055,88.7,6,6,0.993,0.993,26,26,26,27,2,3,9,1,,2,3.47,-1.35,1.35,31.6,0.5092057173079763,39.62257056144453,31.4605752745543,49.46460184971057,13.135944868854642
FF,2025-10-05,93.2,-0.54,6.95,"Stanton, Giancarlo",519317,702056,,ball,,,,,14,Ball,D,R,R,TOR,NYY,B,,,1,0,2025,-0.34,1.66,1.0635919509445708,1.546065597138718,,,,0,5,Top,,,,,,,4.870985762653977,-135.19479461377836,-11.747530750599685,-5.224979112392277,28.910974566515605,-9.453150185320144,3.96726393264992,1.98217076778624,,,,93.3,2339,6.5,813062,672386,665489,643396,676391,665926,676914,662139,664702,54,,,,,,,,39,2,4-Seam Fastball,11,0,0,11,0,11,0,11,Standard,Standard,198,0,0.077,,,,-0.077,,11,-11,0.998,0.0020000000000000018,21,35,22,36,2,1,8,1,8,2,0.98,0.34,0.34,62.2,,,,,
FF,2025-10-05,96.9,1.49,6.28,"Robles, Victor",645302,669373,,called_strike,,,,,11,Called Strike,D,R,L,SEA,DET,S,,,0,0,2025,-0.01,1.47,-0.6225635488566079,3.4723034358585214,,,,1,5,Bot,,,,,,,-5.629306136947514,-140.96336618033132,-5.344301441077647,1.0992932628501104,31.74969352470442,-11.483464986831395,3.21072606077242,1.50824661946061,,,,97.2,2259,6.5,813057,693307,679529,650402,656716,595879,682985,678009,681481,54.04,,,,,,,,37,1,4-Seam Fastball,1,0,1,0,0,1,1,0,Standard,Standard,152,-0.002,-0.039,,,,0.039,,1,1,0.687,0.687,28,28,29,28,2,1,5,1,5,2,0.95,-0.01,0.01,52.1,,,,,
FF,2025-10-05,90.5,-2.56,5.54,"Giménez, Andrés",665926,701542,,called_strike,,,,,1,Called Strike,D,L,R,TOR,NYY,S,,,0,0,2025,-0.68,1.19,-0.733786600764143,3.095915938731685,,,,0,7,Bot,,,,,,,6.052106017277159,-131.70897601647715,-2.738078128609152,-9.129330698705719,26.90986921489884,-17.962203140890836,3.36327439444213,1.48527690418942,,,,91.4,2390,6.8,813062,700250,502671,665862,641857,683011,641355,663757,592450,53.75,,,,,,,,68,1,4-Seam Fastball,13,7,13,7,7,13,13,7,Standard,Standard,222,0,-0.039,,,,0.039,,6,6,0.993,0.993,26,26,26,27,2,3,9,1,,2,1.59,0.68,-0.68,28.8,,,,,
FF,2025-10-05,96,-1.92,5.2,"Torkelson, Spencer",679529,622491,field_out,hit_into_play,,,,,12,Spencer Torkelson flies out sharply to center fielder Julio Rodríguez.,D,R,R,SEA,DET,X,8,fly_ball,1,2,2025,-1.03,1.22,0.9566027720140051,2.9995909423654465,,,,0,4,Top,136.03,60.86,,,,,9.751302644158262,-139.45429168998157,-2.8913640326983097,-15.736938730038935,34.26025310021281,-15.87118820416379,3.51,1.64,344,100.5,37,94,2325,5.4,813057,663728,647304,593871,553993,641487,668227,677594,645302,55.06,0.34,0.67435,0,1,0,0,5,24,4,4-Seam Fastball,0,0,0,0,0,0,0,0,Infield shade,Standard,236,0.019,-0.189,70.9,8.0,1.339,0.189,100.5,0,0,0.508,0.492,32,25,33,26,2,1,11,1,5,2,1.28,1.03,1.03,21.0,15.440183897775619,-6.910931942064924,24.846499334057928,46.85988562778674,26.991189178554453
FF,2025-10-05,92.8,-0.58,7.03,"Stanton, Giancarlo",519317,702056,,ball,,,,,14,Ball,D,R,R,TOR,NYY,B,,,0,0,2025,-0.44,1.66,1.35409931753557,1.8279972379747513,,,,0,5,Top,,,,,,,5.8938143080395164,-134.57462485173892,-11.101455888755355,-6.6096918715493365,30.25930475220615,-9.703913547179093,4.00718454906159,1.92146361360602,,,,92.6,2313,6.4,813062,672386,665489,643396,676391,665926,676914,662139,664702,54.07,,,,,,,,39,1,4-Seam Fastball,11,0,0,11,0,11,0,11,Standard,Standard,193,0,0.041,,,,-0.041,,11,-11,0.998,0.0020000000000000018,21,35,22,36,2,1,8,1,8,2,1.01,0.44,0.44,63.7,,,,,
SI,2025-10-05,93.7,-2.12,5.67,"Kiner-Falefa, Isiah",643396,701542,strikeout,called_strike,,,,,3,Isiah Kiner-Falefa called out on strikes.,D,R,R,TOR,NYY,S,2,,2,2,2025,-1.44,0.21,0.6312594652009118,2.942474320463314,,,676391,2,6,Bot,,,,,,,10.37138967100693,-136.00010021816865,-1.7030154660753059,-20.26792009138574,32.14041906757959,-29.458968245050034,3.13747843534,1.42496125660151,,,,93.9,2270,6.7,813062,669224,700250,665862,641857,683011,641355,663757,592450,53.78,,0,0,1,0,0,,58,7,Sinker,13,2,13,2,2,13,13,2,Strategic,Standard,226,0,-0.216,,,,0.216,,11,11,0.999,0.999,26,30,26,30,2,3,9,1,,2,2.42,1.44,1.44,30.1,,,,,
FF,2025-10-05,97.4,1.66,6.2,"Garver, Mitch",641598,669373,field_out,hit_into_play,,,,,8,Mitch Garver flies out to right fielder Kerry Carpenter.,D,R,L,SEA,DET,X,9,fly_ball,0,0,2025,0.51,1.45,0.022548963292912227,2.1779511552377206,,,,0,5,Bot,147.55,108.37,,,,,-5.592498841465714,-141.47803843246862,-8.641004401735023,8.185822233653093,32.76907035112042,-10.849517063258846,3.47,1.63,233,74.6,36,97.7,2326,6.6,813057,693307,679529,650402,656716,595879,682985,678009,681481,53.92,0.159,0.144,0,1,0,0,3,36,1,4-Seam Fastball,1,0,1,0,0,1,1,0,Standard,Standard,157,-0.021,-0.259,73.2,7.9,0.167,0.259,88.0,1,1,0.708,0.708,28,34,29,34,2,1,5,7,5,2,0.96,0.51,-0.51,54.7,21.40132101292472,-21.737124508462735,32.27554471532192,37.54427178353803,42.039096605632835
SI,2025-10-05,95.6,-2.07,5.07,"Torkelson, Spencer",679529,622491,,foul,,,,,5,Foul,D,R,R,SEA,DET,S,,,1,1,2025,-1.68,0.23,-0.1378247540990194,2.5073018009868724,,,,0,4,Top,,,,,,,8.682861703184535,-139.0369434601951,-1.642190490211,-23.739135580681342,30.974912702929657,-29.064652516971112,3.51,1.64,3,91.8,-38,93.8,2192,5.2,813057,663728,647304,593871,553993,641487,668227,677594,645302,55.27,,,,,,,,24,3,Sinker,0,0,0,0,0,0,0,0,Infield shade,Standard,245,0.007,-0.061,73.3,7.8,,0.061,91.8,0,0,0.501,0.499,32,25,33,26,2,1,11,1,5,2,2.27,1.68,1.68,14.2,12.92277453503259,-7.407430253801319,34.019042362016926,34.20838878785453,28.975422906550683
ST,2025-10-05,82.6,-2.28,5.59,"Kiner-Falefa, Isiah",643396,701542,,ball,,,,,14,Ball,D,R,R,TOR,NYY,B,,,1,2,2025,1.16,-0.11,1.408558687185188,1.0351019040972442,,,676391,2,6,Bot,,,,,,,6.189886697700517,-120.10467008141433,-3.589061202867516,9.805873409239801,25.437530359164214,-32.73720669546898,3.13379293012989,1.39552381666257,,,,82.9,2837,6.7,813062,669224,700250,665862,641857,683011,641355,663757,592450,53.76,,,,,,,,58,6,Sweeper,13,2,13,2,2,13,13,2,Strategic,Standard,58,0,0.033,,,,-0.033,,11,11,0.999,0.999,26,30,26,30,2,3,9,1,,2,3.49,-1.16,-1.16,33.5,,,,,
FF,2025-10-05,95.4,-2.02,5.15,"Torkelson, Spencer",679529,622491,,ball,,,,,11,Ball,D,R,R,SEA,DET,B,,,0,1,2025,-1.24,1.06,-0.9404237215389699,3.6487266833409455,,,,0,4,Top,,,,,,,5.514607360242224,-138.83917370995871,-0.7084392538635733,-17.227518141507062,30.67574424765977,-18.496676211091234,3.60077260044726,1.79063669765572,,,,94,2289,5.4,813057,663728,647304,593871,553993,641487,668227,677594,645302,55.1,,,,,,,,24,2,4-Seam Fastball,0,0,0,0,0,0,0,0,Infield shade,Standard,240,-0.003,0.031,,,,-0.031,,0,0,0.504,0.496,32,25,33,26,2,1,11,1,5,2,1.44,1.24,1.24,17.3,,,,,
SL,2025-10-05,92.6,2.05,5.92,"Naylor, Josh",647304,669373,strikeout,swinging_strike,,,,,13,Josh Naylor strikes out swinging.,D,L,L,SEA,DET,S,2,,1,2,2025,-0.43,0.3,-1.5316225539546093,2.1721299864903045,,,,2,4,Bot,,,,,,,-8.30312102343946,-134.71253899600626,-4.481268032934132,-3.461209640357157,28.20933904382533,-27.768103173230546,3.23,1.54,,,,93.7,2240,6.9,813057,693307,679529,650402,656716,595879,682985,678009,681481,53.6,,0,0,1,0,0,,30,4,Slider,1,0,1,0,0,1,1,0,Infield shade,Standard,170,-0.008,-0.182,65.8,8.2,,0.182,,1,1,0.646,0.646,28,28,29,28,2,1,5,1,5,2,2.35,-0.43,-0.43,45.2,9.877805546418926,-10.874784555979842,24.19649322792232,52.180785760385774,28.780861049980416
FS,2025-10-05,84.9,-0.45,7.1,"Rice, Ben",700250,702056,strikeout,swinging_strike,,,,,7,Ben Rice strikes out swinging.,D,L,R,TOR,NYY,S,2,,2,2,2025,-1.08,0.52,-0.5319009029443532,2.0095209883645873,,,,2,4,Top,,,,,,,1.958736655891091,-123.60263656879404,-6.658807499878787,-11.459349128461604,23.118185755338793,-25.72123609894848,3.63,1.76,,,,84.9,1407,6.1,813062,672386,665489,643396,676391,665926,676914,662139,664702,54.37,,0,0,1,0,0,,29,5,Split-Finger,5,0,0,5,0,5,0,5,Infield shade,Standard,218,0.003,-0.224,72.2,8.4,,0.224,,5,-5,0.943,0.05700000000000005,21,26,22,26,2,1,8,1,8,2,2.62,1.08,-1.08,66.6,22.043828792308627,-36.57227180322213,29.066823932693225,41.801032391883496,50.98868727739209
SI,2025-10-05,98.3,2.05,6,"Naylor, Josh",647304,669373,,foul,,,,,9,Foul,D,L,L,SEA,DET,S,,,1,1,2025,1.24,1.11,0.4973815794660521,1.585722775977933,,,,2,4,Bot,,,,,,,-7.1030446929967175,-142.7957799396688,-9.087831863061785,18.608545397937007,33.69062196890252,-14.99123088653504,3.23,1.54,2,75.2,-31,98.6,2281,6.6,813057,693307,679529,650402,656716,595879,682985,678009,681481,53.89,,,,,,,,30,3,Sinker,1,0,1,0,0,1,1,0,Standard,Standard,148,-0.002,-0.062,64.8,8.3,,0.062,88.0,1,1,0.648,0.648,28,28,29,28,2,1,5,1,5,2,1.26,1.24,1.24,42.8,14.188100750839881,-16.834119397496284,39.46391929199627,28.404003968196385,26.661577148190588
FF,2025-10-05,94.7,-2.14,5.18,"Torkelson, Spencer",679529,622491,,called_strike,,,,,1,Called Strike,D,R,R,SEA,DET,S,,,0,0,2025,-1.24,0.85,-0.6549467522882637,3.19832676948267,,,,0,4,Top,,,,,,,6.471738813102272,-137.8292888843947,-1.424860229914521,-17.17909114700936,29.270273997254947,-21.167388603354627,3.63968136742996,1.85981231308853,,,,93,2377,5.1,813057,663728,647304,593871,553993,641487,668227,677594,645302,55.35,,,,,,,,24,1,4-Seam Fastball,0,0,0,0,0,0,0,0,Infield shade,Standard,235,0.004,-0.039,,,,0.039,,0,0,0.5,0.5,32,25,33,26,2,1,11,1,5,2,1.68,1.24,1.24,17.0,,,,,
CU,2025-10-05,81.2,-2.21,5.84,"Kiner-Falefa, Isiah",643396,701542,,foul,,,,,8,Foul,D,R,R,TOR,NYY,S,,,1,2,2025,1.01,-0.92,0.24032566862503546,1.444576419641288,,,676391,2,6,Bot,,,,,,,3.560018171855509,-118.24097562959759,-1.4083731792795726,8.673500183446862,24.675070812927085,-40.67274696170247,3.23,1.47,150,71,64,81.3,2919,6.6,813062,669224,700250,665862,641857,683011,641355,663757,592450,53.94,,,,,,,,58,5,Curveball,13,2,13,2,2,13,13,2,Strategic,Standard,54,0,0,68.0,7.7,,0,88.0,11,11,0.999,0.999,26,30,26,30,2,3,9,1,,2,4.4,-1.01,-1.01,39.8,14.580394801706552,-5.297011181853309,31.888073588498607,41.31849112330525,35.15954279074391
FF,2025-10-05,93.9,-0.22,7.02,"Rice, Ben",700250,702056,,ball,,,,,12,Ball,D,L,R,TOR,NYY,B,,,1,2,2025,-0.46,1.57,1.2702186669720987,3.5924457097501206,,,,2,4,Top,,,,,,,4.846236203012793,-136.5185963704769,-6.593215217255601,-6.757960858524626,30.04784610609913,-11.290684125426809,3.61587593745974,1.78756561645367,,,,93.7,2229,6.2,813062,672386,665489,643396,676391,665926,676914,662139,664702,54.26,,,,,,,,29,4,4-Seam Fastball,5,0,0,5,0,5,0,5,Infield shade,Standard,191,0,0.042,,,,-0.042,,5,-5,0.943,0.05700000000000005,21,26,22,26,2,1,8,1,8,2,1.02,0.46,-0.46,70.9,,,,,
FF,2025-10-05,92.4,-2.3,5.63,"Kiner-Falefa, Isiah",643396,701542,,foul,,,,,2,Foul,D,R,R,TOR,NYY,S,,,1,2,2025,-0.54,1.15,0.158047171078169,3.043578838120423,,,676391,2,6,Bot,,,,,,,7.50955654094089,-134.41870284611474,-3.30856113775871,-8.112623785466536,28.881511091912685,-17.69937477447589,3.23,1.47,283,89.1,43,93.5,2591,6.9,813062,669224,700250,665862,641857,683011,641355,663757,592450,53.59,,,,,,,,58,4,4-Seam Fastball,13,2,13,2,2,13,13,2,Strategic,Standard,222,0,0,61.5,5.9,,0,89.1,11,11,0.999,0.999,26,30,26,30,2,3,9,1,,2,1.52,0.54,0.54,32.1,-2.8407855731087848,24.419479127806646,26.55706947100025,41.172224265549886,19.235571019821997
SI,2025-10-05,99,1.71,6.05,"Naylor, Josh",647304,669373,,swinging_strike,,,,,4,Swinging Strike,D,L,L,SEA,DET,S,,,1,0,2025,1.28,0.94,-0.6374389157813249,2.0719109133222813,,,,2,4,Bot,,,,,,,-9.415444984575453,-143.67303598842938,-7.586269412461511,20.01201666601048,36.37566835171704,-17.50889650074179,3.23,1.54,,,,98.9,2233,6.6,813057,693307,679529,650402,656716,595879,682985,678009,681481,53.92,,,,,,,,30,2,Sinker,1,0,1,0,0,1,1,0,Standard,Standard,152,-0.002,-0.054,67.9,7.5,,0.054,,1,1,0.65,0.65,28,28,29,28,2,1,5,1,5,2,1.42,1.28,1.28,47.2,1.158982715336338,3.575510665246732,28.000096678473078,42.25125376224676,18.444442476042962
FF,2025-10-05,95.7,-2.25,5.11,"Greene, Riley",682985,622491,field_out,hit_into_play,,,,,2,Riley Greene flies out to center fielder Julio Rodríguez.,D,L,R,SEA,DET,X,8,fly_ball,1,1,2025,-1.11,1.06,0.22396332338688363,3.1194104180503057,,,,2,3,Top,120.53,66.82,,,,,8.85539162618926,-139.15135209177555,-2.0050617657753005,-16.406035629020394,30.72708335230399,-18.198599487229156,3.61,1.7,299,99.6,46,94.2,2359,5.4,813057,663728,647304,593871,553993,641487,668227,677594,645302,55.09,0.035,0.057,0,1,0,0,3,19,3,4-Seam Fastball,0,0,0,0,0,0,0,0,Infield shade,Standard,232,0.011,-0.244,76.4,7.1,0.107,0.244,99.6,0,0,0.544,0.45599999999999996,32,24,33,25,2,1,11,1,5,2,1.43,1.11,-1.11,16.6,17.613722398044104,-4.7176802999023595,40.055632337392346,30.077660722392615,30.861451299464484
FF,2025-10-05,94.1,-0.43,6.93,"Rice, Ben",700250,702056,,called_strike,,,,,8,Called Strike,D,L,R,TOR,NYY,S,,,1,1,2025,-0.29,1.58,0.2221662664745287,2.1086147750791464,,,,2,4,Top,,,,,,,2.3464835409157487,-136.78442411955572,-10.329138405409092,-4.18161933351029,30.237297624995534,-10.262252472759712,3.66592944284914,1.83739083346611,,,,94.4,2242,6.5,813062,672386,665489,643396,676391,665926,676914,662139,664702,54,,,,,,,,29,3,4-Seam Fastball,5,0,0,5,0,5,0,5,Infield shade,Standard,196,0.001,-0.062,,,,0.062,,5,-5,0.942,0.05800000000000005,21,26,22,26,2,1,8,1,8,2,1,0.29,-0.29,62.9,,,,,
CH,2025-10-05,85.6,-2.35,4.71,"Greene, Riley",682985,622491,,swinging_strike,,,,,13,Swinging Strike,D,L,R,SEA,DET,S,,,1,0,2025,-1.44,-0.26,-0.5825425960931496,1.250792405169646,,,,2,3,Top,,,,,,,6.954800407280718,-124.42533594187593,-1.3214599260582487,-16.36424343941052,26.03579050761759,-34.849452260487126,3.61,1.7,,,,84.3,1821,5.6,813057,663728,647304,593871,553993,641487,668227,677594,645302,54.93,,,,,,,,19,2,Changeup,0,0,0,0,0,0,0,0,Infield shade,Standard,257,0.002,-0.054,77.0,8.7,,0.054,,0,0,0.542,0.45799999999999996,32,24,33,25,2,1,11,1,5,2,3.39,1.44,-1.44,7.9,34.546826069539364,-21.834798766742757,43.91910822547057,40.046391050259786,52.17001494604818
SL,2025-10-05,91.7,2.07,5.9,"Naylor, Josh",647304,669373,,ball,,,,,13,Ball,D,L,L,SEA,DET,B,,,0,0,2025,-0.23,0.5,-1.572369690564633,-1.0141829262760151,,,,2,4,Bot,,,,,,,-8.749164500403845,-132.84867261746246,-12.712298662885159,-0.8769801419487551,27.364365575687827,-23.75676034720014,3.23067173659388,1.5572405374265,,,,92.2,2291,6.7,813057,693307,679529,650402,656716,595879,682985,678009,681481,53.78,,,,,,,,30,1,Slider,1,0,1,0,0,1,1,0,Standard,Standard,148,0.001,0.037,,,,-0.037,,1,1,0.649,0.649,28,28,29,28,2,1,5,1,5,2,2.23,-0.23,-0.23,43.4,,,,,
FS,2025-10-05,83.2,-0.42,7.08,"Rice, Ben",700250,702056,,called_strike,,,,,8,Called Strike,D,L,R,TOR,NYY,S,,,1,0,2025,-0.91,0.57,0.09854528063853618,2.388989352140467,,,,2,4,Top,,,,,,,2.985314635061771,-121.11229369083308,-5.481395232795129,-9.58037887684466,21.54111721098438,-25.742193087893668,3.73053913411218,1.82427457468496,,,,83.7,1362,6.4,813062,672386,665489,643396,676391,665926,676914,662139,664702,54.11,,,,,,,,29,2,Split-Finger,5,0,0,5,0,5,0,5,Infield shade,Standard,218,0.001,-0.054,,,,0.054,,5,-5,0.941,0.05900000000000005,21,26,22,26,2,1,8,1,8,2,2.7,0.91,-0.91,65.7,,,,,
SI,2025-10-05,94.2,-2.35,5.47,"Kiner-Falefa, Isiah",643396,701542,,ball,,,,,13,Ball,D,R,R,TOR,NYY,B,,,0,2,2025,-1.3,0.64,-0.08428007282343919,1.0359692912636378,,,676391,2,6,Bot,,,,,,,8.80863854727924,-136.73932053748604,-7.250732752614239,-18.232719955378656,31.476569081201948,-22.616483639945635,3.23410098363385,1.46664406794154,,,,94.6,2390,6.8,813062,669224,700250,665862,641857,683011,641355,663757,592450,53.75,,,,,,,,58,3,Sinker,13,2,13,2,2,13,13,2,Strategic,Standard,232,0,0.009,,,,-0.009,,11,11,0.999,0.999,26,30,26,30,2,3,9,1,,2,1.95,1.3,1.3,23.6,,,,,
FF,2025-10-05,92.4,-2.17,5.61,"Kiner-Falefa, Isiah",643396,701542,,foul,,,,,3,Foul,D,R,R,TOR,NYY,S,,,0,1,2025,-0.43,1.06,0.787510618768811,3.1321191979792125,,,676391,2,6,Bot,,,,,,,8.536656123117059,-134.41494794677013,-2.8540451972410064,-6.968387610793213,27.662877931095913,-18.81706467568466,3.23,1.47,240,76.9,29,93.4,2471,6.8,813062,669224,700250,665862,641857,683011,641355,663757,592450,53.71,,,,,,,,58,2,4-Seam Fastball,13,2,13,2,2,13,13,2,Strategic,Standard,213,0,-0.055,62.7,6.9,,0.055,88.0,11,11,0.999,0.999,26,30,26,30,2,3,9,1,,2,1.6,0.43,0.43,32.7,9.958253615896908,10.980166482257795,22.330301717448755,48.245083143746044,24.152402732074233
FF,2025-10-05,94.5,-2.3,5.14,"Greene, Riley",682985,622491,,ball,,,,,12,Ball,D,L,R,SEA,DET,B,,,0,0,2025,-1.16,1.23,0.836743483895463,3.2052436539018325,,,,2,3,Top,,,,,,,10.533869563985263,-137.1905073690251,-2.0214641450137405,-16.97707926798376,31.593563094050985,-16.408260783431142,3.73251115203814,1.85934727587544,,,,92.7,2412,5.4,813057,663728,647304,593871,553993,641487,668227,677594,645302,55.07,,,,,,,,19,1,4-Seam Fastball,0,0,0,0,0,0,0,0,Infield shade,Standard,233,-0.001,0.037,,,,-0.037,,0,0,0.543,0.45699999999999996,32,24,33,25,2,1,11,1,5,2,1.34,1.16,-1.16,18.2,,,,,
FF,2025-10-05,98.5,1.71,6.16,"Suárez, Eugenio",553993,669373,strikeout,called_strike,,,,,6,Eugenio Suárez called out on strikes.,D,R,L,SEA,DET,S,2,,2,2,2025,0.12,1.55,0.7625287946274637,2.5538244519377433,,,,1,4,Bot,,,,,,,-2.8533169315060585,-143.15908440875006,-7.917516909159602,2.3064075291143182,35.822067711879264,-9.2318705731893,3.42525256939135,1.52575393700029,,,,98.5,2391,6.5,813057,693307,679529,650402,656716,595879,682985,678009,681481,53.98,,0,0,1,0,0,,29,5,4-Seam Fastball,1,0,1,0,0,1,1,0,Infield shade,Standard,153,-0.013,-0.228,,,,0.228,,1,1,0.662,0.662,28,33,29,34,2,1,5,1,5,2,0.82,0.12,-0.12,49.0,,,,,
FF,2025-10-05,94.4,-0.38,6.94,"Rice, Ben",700250,702056,,ball,,,,,14,Ball,D,L,R,TOR,NYY,B,,,0,0,2025,-0.52,1.6,0.10173040974936337,0.7151359172819858,,,,2,4,Top,,,,,,,2.400364850759381,-136.91304824019608,-14.008744288126659,-7.0135727094581615,28.98160317800004,-9.26860253773982,3.70912516499555,1.88019530571584,,,,94.4,2324,6.4,813062,672386,665489,643396,676391,665926,676914,662139,664702,54.14,,,,,,,,29,1,4-Seam Fastball,5,0,0,5,0,5,0,5,Infield shade,Standard,197,-0.001,0.037,,,,-0.037,,5,-5,0.942,0.05800000000000005,21,26,22,26,2,1,8,1,8,2,0.97,0.52,-0.52,65.0,,,,,
FF,2025-10-05,92.4,-2.12,5.64,"Kiner-Falefa, Isiah",643396,701542,,called_strike,,,,,14,Called Strike,D,R,R,TOR,NYY,S,,,0,0,2025,-0.29,1.33,0.85342854422875,1.512756064145595,,,676391,2,6,Bot,,,,,,,8.283549850052003,-134.24559158191792,-7.695064515420513,-5.137960075140263,26.09477099990614,-14.609600319347926,3.1931811689951,1.3726538287496,,,,93.5,2520,6.8,813062,669224,700250,665862,641857,683011,641355,663757,592450,53.7,,,,,,,,58,1,4-Seam Fastball,13,2,13,2,2,13,13,2,Strategic,Standard,213,0,-0.042,,,,0.042,,11,11,0.999,0.999,26,30,26,30,2,3,9,1,,2,1.33,0.29,0.29,35.2,,,,,
CH,2025-10-05,86.5,1.94,5.99,"Suárez, Eugenio",553993,669373,,swinging_strike,,,,,14,Swinging Strike,D,R,L,SEA,DET,S,,,2,1,2025,1.05,0.25,1.0205460049752721,1.2514998239701023,,,,1,4,Bot,,,,,,,-4.341279773675398,-125.79276753700448,-5.521886219180117,11.9913049328446,28.40144855756778,-28.553607200949983,3.44,1.58,,,,86.4,1853,6.5,813057,693307,679529,650402,656716,595879,682985,678009,681481,54,,,,,,,,29,4,Changeup,1,0,1,0,0,1,1,0,Infield shade,Standard,135,-0.004,-0.07,65.1,8.7,,0.07,,1,1,0.666,0.666,28,33,29,34,2,1,5,1,5,2,2.83,1.05,-1.05,43.3,32.20439245836493,-26.847255590356575,38.64320936919144,45.40935038871153,50.71804729035563
FS,2025-10-05,84.3,-0.47,7.14,"Bellinger, Cody",641355,702056,strikeout,swinging_strike_blocked,,,,,13,Cody Bellinger strikes out swinging.,D,L,R,TOR,NYY,S,2,,3,2,2025,-0.99,0.81,-0.3699539321589287,1.0351604799848197,,,,1,4,Top,,,,,,,2.1894937890759265,-122.5133596074539,-9.451348633962102,-10.393649136538091,22.827258632884465,-22.45088909730752,3.83,1.78,,,,84.6,1565,6.4,813062,672386,665489,643396,676391,665926,676914,662139,664702,54.08,,0,0,1,0,0,,28,6,Split-Finger,5,0,0,5,0,5,0,5,Infield shade,Standard,212,0.01,-0.332,62.2,8.9,,0.332,,5,-5,0.932,0.06799999999999995,21,29,22,30,2,1,8,1,8,2,2.39,0.99,-0.99,66.3,31.44868374816932,-22.828433893608498,43.83979463229382,33.04960784373805,44.722045996134284
SL,2025-10-05,84,-2.19,4.84,"Carpenter, Kerry",681481,622491,field_out,hit_into_play,,,,,7,"Kerry Carpenter grounds out, second baseman Jorge Polanco to first baseman Josh Naylor.",D,L,R,SEA,DET,X,4,ground_ball,0,2,2025,0.25,-0.14,-0.5799573465145693,1.808805501322067,,,,1,3,Top,152.42,152.88,,,,,3.202832089067295,-122.44620011098343,-0.4430669279514161,1.942905440897107,21.67312737382681,-33.751089333803286,3.41,1.62,136,92.1,10,83.3,2178,5.5,813057,663728,647304,593871,553993,641487,668227,677594,645302,55.02,0.605,0.545,0,1,0,0,4,18,3,Slider,0,0,0,0,0,0,0,0,Infield shade,Standard,47,0.011,-0.163,70.7,8.2,0.639,0.163,92.1,0,0,0.532,0.46799999999999997,32,27,33,28,2,1,11,1,5,2,3.34,-0.25,0.25,17.0,25.767202262786245,-0.3499157718589197,39.021532861856315,45.67413427558,29.85446579650927
SL,2025-10-05,85,-2.32,4.77,"Carpenter, Kerry",681481,622491,,foul,,,,,8,Foul,D,L,R,SEA,DET,S,,,0,1,2025,0.12,0.01,-0.2536859370812027,1.7580318564345712,,,,1,3,Top,,,,,,,4.538801909578562,-123.80047304694513,-0.8635332173960388,0.418833035571148,21.334977535794025,-32.10671736052416,3.41,1.62,213,75.5,48,84.3,2231,5.5,813057,663728,647304,593871,553993,641487,668227,677594,645302,55.02,,,,,,,,18,2,Slider,0,0,0,0,0,0,0,0,Infield shade,Standard,25,0.004,-0.052,68.5,7.6,,0.052,88.0,0,0,0.528,0.472,32,27,33,28,2,1,11,1,5,2,3.1,-0.12,0.12,10.9,11.671325235915008,14.71342457566477,43.40722653370805,41.38718417503065,19.726426354325312
FF,2025-10-05,90.8,-2.34,5.41,"Clement, Ernie",676391,701542,single,hit_into_play,,,,,14,Ernie Clement singles on a ground ball to right fielder Aaron Judge.,D,R,R,TOR,NYY,X,9,ground_ball,0,2,2025,-0.12,0.96,0.7983305660699143,1.3505284068869905,,,,2,6,Bot,171.31,126.32,,,,,8.1909736249881,-132.01512626550158,-6.432315563380788,-2.927433630796446,24.205418685368013,-19.74537577977715,3.34,1.55,129,65.8,13,92.2,2514,6.9,813062,669224,700250,665862,641857,683011,641355,663757,592450,53.65,0.261,0.235,0.9,1,1,0,2,57,3,4-Seam Fastball,13,2,13,2,2,13,13,2,Strategic,Standard,215,0,0.425,64.4,7.4,0.276,-0.425,88.0,11,11,0.999,0.999,26,29,26,29,2,3,9,1,,2,1.78,0.12,0.12,30.2,6.916976534222823,5.5149604854759895,29.12212826362853,48.42760066128442,24.52666377623379
FF,2025-10-05,94.7,-0.6,7,"Bellinger, Cody",641355,702056,,foul,,,,,2,Foul,D,L,R,TOR,NYY,S,,,3,1,2025,-0.21,1.52,0.08630148380687763,3.3412738588158657,,,,1,4,Top,,,,,,,2.2677985464547943,-137.79613391352243,-7.241444835278387,-3.224371630093679,31.309610299667764,-11.438652941232565,3.83,1.78,127,94.4,71,94.6,2354,6.3,813062,672386,665489,643396,676391,665926,676914,662139,664702,54.24,,,,,,,,28,5,4-Seam Fastball,5,0,0,5,0,5,0,5,Infield shade,Standard,196,0.004,-0.087,75.2,8.4,,0.087,94.4,5,-5,0.928,0.07199999999999995,21,29,22,30,2,1,8,1,8,2,1.03,0.21,-0.21,63.4,23.642745460340283,-25.58864320348809,28.17470378232113,27.813444878603953,39.20689287611285
CH,2025-10-05,87.1,1.98,6.02,"Suárez, Eugenio",553993,669373,,ball,,,,,12,Ball,D,R,L,SEA,DET,B,,,1,1,2025,1.04,0.56,1.302783534766565,2.92319394616873,,,,1,4,Bot,,,,,,,-3.776903557378667,-126.6820568885667,-2.3510340087371913,11.976521243313073,28.942409511508473,-25.854899364868494,3.44759282226414,1.59806009854748,,,,86.8,1837,6.4,813057,693307,679529,650402,656716,595879,682985,678009,681481,54.08,,,,,,,,29,3,Changeup,1,0,1,0,0,1,1,0,Infield shade,Standard,135,0.003,0.055,,,,-0.055,,1,1,0.663,0.663,28,33,29,34,2,1,5,1,5,2,2.47,1.04,-1.04,42.7,,,,,
ST,2025-10-05,82.6,-2.31,5.59,"Clement, Ernie",676391,701542,,foul,,,,,4,Foul,D,R,R,TOR,NYY,S,,,0,1,2025,1.25,-0.23,-0.5445176984515208,2.585996271524772,,,,2,6,Bot,,,,,,,1.5850015933176396,-120.28636351656259,0.10687360178602034,11.820370669487684,23.647574845795933,-34.62011262171117,3.34,1.55,172,66.5,57,82.8,2937,6.4,813062,669224,700250,665862,641857,683011,641355,663757,592450,54.06,,,,,,,,57,2,Sweeper,13,2,13,2,2,13,13,2,Strategic,Standard,59,0,-0.057,66.2,6.8,,0.057,88.0,11,11,0.999,0.999,26,29,26,29,2,3,9,1,,2,3.57,-1.25,-1.25,29.6,10.310908458323645,-12.97294940041107,32.51952593223592,31.104752966668915,35.724685654240986
FF,2025-10-05,97.2,1.92,6.03,"Suárez, Eugenio",553993,669373,,called_strike,,,,,6,Called Strike,D,R,L,SEA,DET,S,,,1,0,2025,0.25,1.35,0.8204424097411174,2.769270127202714,,,,1,4,Bot,,,,,,,-3.54147638800902,-141.4547207156902,-6.350420084882517,4.162138360683043,31.123368956824443,-12.781213790390087,3.46894819950785,1.58711530261729,,,,97.8,2429,6.5,813057,693307,679529,650402,656716,595879,682985,678009,681481,53.98,,,,,,,,29,2,4-Seam Fastball,1,0,1,0,0,1,1,0,Infield shade,Standard,154,-0.003,-0.049,,,,0.049,,1,1,0.666,0.666,28,33,29,34,2,1,5,1,5,2,1.05,0.25,-0.25,47.6,,,,,
SL,2025-10-05,81.8,-2.49,4.84,"Carpenter, Kerry",681481,622491,,swinging_strike,,,,,7,Swinging Strike,D,L,R,SEA,DET,S,,,0,0,2025,0.31,-0.18,-0.3016994693521254,2.1123687211999576,,,,1,3,Top,,,,,,,4.278564332037119,-119.23105516502152,0.6493476525661108,2.237824386428416,20.424406840505842,-34.23270188849654,3.41,1.62,,,,81,2255,5.4,813057,663728,647304,593871,553993,641487,668227,677594,645302,55.11,,,,,,,,18,1,Slider,0,0,0,0,0,0,0,0,Infield shade,Standard,55,0.003,-0.039,75.4,8.4,,0.039,,0,0,0.525,0.475,32,27,33,28,2,1,11,1,5,2,3.55,-0.31,0.31,12.8,28.30791407775233,-20.34907638397183,36.043695333663294,42.808528725850046,40.825418091574896
FF,2025-10-05,94.8,-0.4,7,"Bellinger, Cody",641355,702056,,ball,,,,,12,Ball,D,L,R,TOR,NYY,B,,,2,1,2025,0.08,1.52,1.1880880634880315,3.169355676921124,,,,1,4,Top,,,,,,,3.967280419182291,-137.77794227128572,-7.716551989468036,0.090030014130748,31.403779077302183,-11.294638446609337,3.88576841511169,1.85176403589395,,,,94.7,2277,6.4,813062,672386,665489,643396,676391,665926,676914,662139,664702,54.14,,,,,,,,28,4,4-Seam Fastball,5,0,0,5,0,5,0,5,Infield shade,Standard,196,-0.004,0.121,,,,-0.121,,5,-5,0.932,0.06799999999999995,21,29,22,30,2,1,8,1,8,2,1.03,-0.08,0.08,68.3,,,,,
ST,2025-10-05,83.5,-2.47,5.44,"Clement, Ernie",676391,701542,,called_strike,,,,,7,Called Strike,D,R,R,TOR,NYY,S,,,0,0,2025,1.13,-0.13,-0.5748014339416639,1.895435911102644,,,,2,6,Bot,,,,,,,2.147870503301605,-121.69458972162444,-1.5014860259300884,10.867483252479252,23.718173255257796,-33.39632782289243,3.53452158783962,1.62957757931829,,,,84.1,2956,6.6,813062,669224,700250,665862,641857,683011,641355,663757,592450,53.91,,,,,,,,57,1,Sweeper,13,2,13,2,2,13,13,2,Strategic,Standard,67,0,-0.043,,,,0.043,,11,11,0.999,0.999,26,29,26,29,2,3,9,1,,2,3.39,-1.13,-1.13,28.7,,,,,
FF,2025-10-05,98.6,1.7,6.14,"Suárez, Eugenio",553993,669373,,ball,,,,,12,Ball,D,R,L,SEA,DET,B,,,0,0,2025,0.05,1.42,0.3028867199280778,3.8591901291852073,,,,1,4,Bot,,,,,,,-3.927524398763468,-143.5481986809043,-4.095854230915406,1.6118105880136475,32.582821494974446,-11.747351625696588,3.53194570926677,1.59876634710909,,,,99.1,2360,6.5,813057,693307,679529,650402,656716,595879,682985,678009,681481,54.01,,,,,,,,29,1,4-Seam Fastball,1,0,1,0,0,1,1,0,Infield shade,Standard,154,0.002,0.039,,,,-0.039,,1,1,0.664,0.664,28,33,29,34,2,1,5,1,5,2,0.92,0.05,-0.05,49.9,,,,,
FF,2025-10-05,95.8,-2.1,5.17,"Torres, Gleyber",650402,622491,strikeout,swinging_strike,,,,,11,Gleyber Torres strikes out swinging.,D,R,R,SEA,DET,S,2,,0,2,2025,-1.15,0.85,-0.14336927763940022,3.6117053449425995,,,,0,3,Top,,,,,,,7.613244905924904,-139.37989070221315,-0.42671918557592425,-16.65837770396744,32.241737401129605,-21.19239470070698,3.24,1.51,,,,94,2379,5.3,813057,663728,647304,593871,553993,641487,668227,677594,645302,55.18,,0,0,1,0,0,,17,3,4-Seam Fastball,0,0,0,0,0,0,0,0,Infield shade,Standard,234,0.015,-0.165,58.4,5.7,,0.165,,0,0,0.51,0.49,32,28,33,29,2,1,11,1,5,2,1.64,1.15,1.15,14.6,-1.2230018895750374,28.9394582559126,27.213622345840193,33.1858070818334,17.737424335810054
FF,2025-10-05,94.1,-0.58,7,"Bellinger, Cody",641355,702056,,called_strike,,,,,2,Called Strike,D,L,R,TOR,NYY,S,,,2,0,2025,-0.25,1.43,0.09344538725448742,3.3371226815948494,,,,1,4,Top,,,,,,,2.311761880542961,-136.91604864644532,-6.984019367308923,-3.6966497465368504,30.225100462305928,-12.862172942393032,3.85793638712922,1.82376025523306,,,,94.5,2184,6.5,813062,672386,665489,643396,676391,665926,676914,662139,664702,53.97,,,,,,,,28,3,4-Seam Fastball,5,0,0,5,0,5,0,5,Infield shade,Standard,196,0.003,-0.066,,,,0.066,,5,-5,0.929,0.07099999999999995,21,29,22,30,2,1,8,1,8,2,1.15,0.25,-0.25,62.3,,,,,
CU,2025-10-05,82.8,-2.27,5.83,"Varsho, Daulton",662139,701542,home_run,hit_into_play,,,,,14,Daulton Varsho homers (2) on a fly ball to right field.,D,L,R,TOR,NYY,X,,fly_ball,1,2,2025,0.73,-0.78,0.3131401097237022,0.9783603673813097,,,,2,6,Bot,223.28,97.7,,,,,4.514439280522852,-120.53942785723218,-3.1260989842884,6.334118445315066,21.854794283961787,-39.44844043868979,3.37,1.52,346,95.1,29,83.9,2769,6.8,813062,669224,700250,665862,641857,683011,641355,663757,592450,53.66,0.204,0.365,2,1,0,3,5,56,4,Curveball,12,2,12,2,2,13,13,2,Infield shade,Standard,48,0,2.674,72.0,8.8,0.696,-2.674,95.1,10,10,0.999,0.999,26,28,26,29,2,3,9,1,,2,4.08,-0.73,0.73,38.7,25.760960283748926,-19.280349889901075,41.051570665332704,32.32034964211918,37.57755793840234
SL,2025-10-05,87.2,-0.5,7.08,"Bellinger, Cody",641355,702056,,ball,,,,,13,Ball,D,L,R,TOR,NYY,B,,,1,0,2025,-0.23,0.28,-0.5634165590873805,0.3904502651047932,,,,1,4,Top,,,,,,,0.31498224270571873,-126.78074779364255,-10.48162028769547,-2.530707850084764,23.825576211892972,-27.38473778467341,3.92083970112695,1.75258725745874,,,,87.2,2240,6.2,813062,672386,665489,643396,676391,665926,676914,662139,664702,54.34,,,,,,,,28,2,Slider,5,0,0,5,0,5,0,5,Standard,Standard,198,-0.003,0.071,,,,-0.071,,5,-5,0.932,0.06799999999999995,21,29,22,30,2,1,8,1,8,2,2.71,0.23,-0.23,69.1,,,,,
FF,2025-10-05,94.4,-2.24,5.17,"Torres, Gleyber",650402,622491,,foul,,,,,1,Foul,D,R,R,SEA,DET,S,,,0,1,2025,-1.26,1.05,-0.3276139203492814,2.8465482513512264,,,,0,3,Top,,,,,,,7.643526103644089,-137.35834301802345,-2.648165217480685,-17.64912518420375,30.057140536430953,-18.530901746448766,3.24,1.51,232,81.3,50,92.9,2335,5.4,813057,663728,647304,593871,553993,641487,668227,677594,645302,55.13,,,,,,,,17,2,4-Seam Fastball,0,0,0,0,0,0,0,0,Infield shade,Standard,237,0.006,-0.055,68.8,6.3,,0.055,88.0,0,0,0.504,0.496,32,28,33,29,2,1,11,1,5,2,1.51,1.26,1.26,18.0,-0.9462310779692928,17.45990208947774,34.74996843654441,31.08726579188857,24.782695367618906
SL,2025-10-05,91.6,2.05,5.98,"Polanco, Jorge",593871,669373,home_run,hit_into_play,,,,,5,Jorge Polanco homers (1) on a line drive to left center field.,D,R,L,SEA,DET,X,,line_drive,2,0,2025,-0.22,0.44,-0.19420227233585619,2.632069496686407,,,,1,4,Bot,62.31,53.62,,,,,-5.20143571692697,-133.44712112329933,-3.6180031784957762,-1.6446389996224142,26.975555168099294,-26.31216004414383,3.25,1.61,392,103.4,22,92.3,2217,6.5,813057,693307,679529,650402,656716,595879,682985,678009,681481,54,0.505,0.8584358974358975,2,1,0,3,6,28,3,Slider,0,0,0,0,0,1,1,0,Standard,Standard,176,0.122,1.473,72.4,6.7,1.615,-1.473,103.4,0,0,0.542,0.542,28,31,29,32,2,1,5,1,5,2,2.25,-0.22,0.22,45.6,4.33590425689292,-14.950712885773422,26.399144605177842,32.97828975112974,32.91088706482262
FF,2025-10-05,92,-2.18,5.71,"Varsho, Daulton",662139,701542,,foul,,,,,12,Foul,D,L,R,TOR,NYY,S,,,1,1,2025,-0.31,1.13,0.12783656010401456,3.608382555375429,,,,2,6,Bot,,,,,,,6.56285635400804,-133.94326576457271,-1.9914019465683641,-5.0744100164973345,26.3364708316874,-18.31294748568456,3.37,1.52,140,66.3,70,92.7,2391,6.5,813062,669224,700250,665862,641857,683011,641355,663757,592450,54.02,,,,,,,,56,3,4-Seam Fastball,12,2,12,2,2,12,12,2,Infield shade,Standard,214,0,-0.062,68.7,7.1,,0.062,88.0,10,10,0.999,0.999,26,28,26,29,2,3,9,1,,2,1.54,0.31,-0.31,32.8,12.487323458538137,0.6827768338306055,17.945034070454547,33.50207647437893,22.07154397315793
CH,2025-10-05,88.3,1.88,6.02,"Polanco, Jorge",593871,669373,,ball,,,,,13,Ball,D,R,L,SEA,DET,B,,,1,0,2025,1.2,0.61,-0.256767397158709,1.4152087246569183,,,,1,4,Bot,,,,,,,-7.711896051956034,-128.2539211685031,-6.350116251554233,14.819215696050438,27.642781007840878,-24.299896077613326,3.31087413375807,1.60735987096572,,,,88.2,1788,6.4,813057,693307,679529,650402,656716,595879,682985,678009,681481,54.06,,,,,,,,28,2,Changeup,0,0,0,0,0,0,0,0,Standard,Standard,125,0.006,0.071,,,,-0.071,,0,0,0.536,0.536,28,31,29,32,2,1,5,1,5,2,2.34,1.2,-1.2,42.6,,,,,
SL,2025-10-05,83.7,-2.28,4.84,"Torres, Gleyber",650402,622491,,called_strike,,,,,9,Called Strike,D,R,R,SEA,DET,S,,,0,0,2025,0.12,-0.05,0.670063930806226,1.85317424675825,,,,0,3,Top,,,,,,,6.471703974648483,-121.88037366943699,-0.4700509378139538,0.14046804573570076,20.74654854226471,-32.781208749671826,3.36540918164126,1.66473924386644,,,,83,2190,5.5,813057,663728,647304,593871,553993,641487,668227,677594,645302,55.01,,,,,,,,17,1,Slider,0,0,0,0,0,0,0,0,Infield shade,Standard,359,0.004,-0.039,,,,0.039,,0,0,0.5,0.5,32,28,33,29,2,1,11,1,5,2,3.26,-0.12,-0.12,13.4,,,,,
FF,2025-10-05,94.3,-0.52,7.06,"Bellinger, Cody",641355,702056,,ball,,,,,11,Ball,D,L,R,TOR,NYY,B,,,0,0,2025,-0.33,1.66,-1.0633627802325205,2.880814842901108,,,,1,4,Top,,,,,,,-0.6837073281256653,-137.18704232596184,-8.861141482343466,-3.966702039289523,30.49523644120935,-9.404959030000583,3.81176099241422,1.88469982587026,,,,94.4,2234,6.3,813062,672386,665489,643396,676391,665926,676914,662139,664702,54.15,,,,,,,,28,1,4-Seam Fastball,5,0,0,5,0,5,0,5,Standard,Standard,194,-0.002,0.039,,,,-0.039,,5,-5,0.934,0.06599999999999995,21,29,22,30,2,1,8,1,8,2,0.9,0.33,-0.33,63.7,,,,,
FF,2025-10-05,94.2,-0.6,7.09,"Judge, Aaron",592450,702056,strikeout,swinging_strike,,,,,11,Aaron Judge strikes out swinging.,D,R,R,TOR,NYY,S,2,,3,2,2025,-0.36,1.56,-0.2713581397503393,4.234665395673346,,,,0,4,Top,,,,,,,1.6570738440638701,-137.11356445033425,-5.151060520158308,-4.9244035804886135,31.854665581154464,-11.535799081884038,4.09,1.85,,,,94,2215,6.3,813062,672386,665489,643396,676391,665926,676914,662139,664702,54.22,,0,0,1,0,0,,27,6,4-Seam Fastball,5,0,0,5,0,5,0,5,Standard,Standard,197,0.016,-0.345,75.3,7.0,,0.345,,5,-5,0.918,0.08199999999999996,21,33,22,33,2,1,8,1,8,2,1.01,0.36,0.36,62.9,17.575787268057013,-5.72700569386658,25.722115008563353,37.841173749658665,18.54355076582126
ST,2025-10-05,82,-2.55,5.58,"Varsho, Daulton",662139,701542,,ball,,,,,11,Ball,D,L,R,TOR,NYY,B,,,0,1,2025,1.47,0.22,-1.3379019262805403,3.3534578242790554,,,,2,6,Bot,,,,,,,-0.09384905249406639,-119.4114593580148,1.15382501250421,13.983985893136115,24.677131885008627,-30.592536273041944,3.40371674203629,1.55751950541782,,,,82,2800,6.4,813062,669224,700250,665862,641857,683011,641355,663757,592450,54.05,,,,,,,,56,2,Sweeper,12,2,12,2,2,12,12,2,Infield shade,Standard,59,0,0.027,,,,-0.027,,10,10,0.999,0.999,26,28,26,29,2,3,9,1,,2,3.19,-1.47,1.47,29.4,,,,,
FC,2025-10-05,94.7,1.34,5.57,"Straw, Myles",664702,608331,walk,ball,,,,,14,Myles Straw walks. Andrés Giménez to 2nd.,D,R,L,TOR,NYY,B,,,3,2,2025,0.1,0.85,1.1760166475676677,2.4703098321289927,,,665926,0,4,Bot,,,,,,,-0.6583911208216785,-137.9436782494969,-4.381168920923051,1.363173922226915,30.095762886468364,-20.531466121667467,3.44175124133267,1.64289865444567,,,,95.5,2209,6.6,813062,669224,700250,665862,641857,683011,641355,663757,592450,53.87,,0.691497,0.7,1,0,0,,31,6,Cutter,5,0,5,0,0,5,5,0,Standard,Standard,148,0.008,0.34,,,,-0.34,,5,5,0.954,0.954,31,30,31,31,2,1,5,1,,3,1.68,0.1,-0.1,39.4,,,,,
FF,2025-10-05,99.1,1.78,6.1,"Polanco, Jorge",593871,669373,,ball,,,,,14,Ball,D,R,L,SEA,DET,B,,,0,0,2025,0.3,1.42,1.5412954363795806,2.39183436006502,,,,1,4,Bot,,,,,,,-1.3611604300451707,-144.07973737493683,-8.009220353134651,4.476515868118714,35.73121553165848,-10.733851097594805,3.35749936945261,1.65379285540371,,,,99.1,2416,6.5,813057,693307,679529,650402,656716,595879,682985,678009,681481,54,,,,,,,,28,1,4-Seam Fastball,0,0,0,0,0,0,0,0,Standard,Standard,152,0.003,0.039,,,,-0.039,,0,0,0.533,0.533,28,31,29,32,2,1,5,1,5,2,0.92,0.3,-0.3,47.1,,,,,
FF,2025-10-05,95.8,-2.05,5.06,"Meadows, Parker",678009,622491,strikeout,swinging_strike,,,,,2,Parker Meadows strikes out swinging.,D,L,R,SEA,DET,S,2,,2,2,2025,-1.12,1.04,0.20205410375912636,2.9159275078192266,690993,656716,,2,2,Top,,,,,,,8.348255116713673,-139.20502349664727,-2.3543174703468566,-16.530759236932926,32.34836958614497,-18.324629215681398,3.47,1.67,,,,94.3,2281,5.5,813057,663728,647304,593871,553993,641487,668227,677594,645302,54.96,,0,0,1,0,0,,13,7,4-Seam Fastball,0,0,0,0,0,0,0,0,Standard,Standard,238,0.051,-0.219,70.7,6.8,,0.219,,0,0,0.5,0.5,32,25,33,26,1,0,11,1,5,2,1.46,1.12,-1.12,17.4,5.3780735506907895,3.9478311467012968,33.905037452578526,33.23192565135653,29.14970275989018
FF,2025-10-05,92.4,1.52,5.46,"Straw, Myles",664702,608331,,called_strike,,,,,9,Called Strike,D,R,L,TOR,NYY,S,,,3,1,2025,0.43,1.03,0.7085508107730351,1.9484517680715385,,,665926,0,4,Bot,,,,,,,-3.0203951570310963,-134.58881256267972,-5.43043886089317,5.86573873418485,28.32299431947027,-18.692957385612093,3.3367062740237,1.66946104523369,,,,93.2,2124,6.6,813062,669224,700250,665862,641857,683011,641355,663757,592450,53.86,,,,,,,,31,5,4-Seam Fastball,5,0,5,0,0,5,5,0,Strategic,Standard,135,-0.003,-0.081,,,,0.081,,5,5,0.957,0.957,31,30,31,31,2,1,5,1,,3,1.63,0.43,-0.43,45.4,,,,,
SI,2025-10-05,95.6,-2.05,4.98,"Meadows, Parker",678009,622491,,foul,,,,,4,Foul,D,L,R,SEA,DET,S,,,2,2,2025,-1.69,0.23,-0.3649559490497569,2.729620856073289,690993,656716,,2,2,Top,,,,,,,8.158995633526986,-138.94333978287878,-0.7939372142809817,-23.73500340361889,31.645220294348917,-29.237677285424176,3.47,1.67,158,80.7,69,94.5,2200,5.7,813057,663728,647304,593871,553993,641487,668227,677594,645302,54.76,,,,,,,,13,6,Sinker,0,0,0,0,0,0,0,0,Standard,Standard,241,0,0,72.0,7.1,,0,88.0,0,0,0.5,0.5,32,25,33,26,1,0,11,1,5,2,2.27,1.69,-1.69,15.8,7.0899618713112655,-0.1926966135770431,32.10466929590329,40.44691645643784,35.457109746502184
SL,2025-10-05,93.9,2.2,5.99,"Rodríguez, Julio",677594,669373,field_out,hit_into_play,,,,,1,Julio Rodríguez pops out to first baseman Spencer Torkelson.,D,R,L,SEA,DET,X,3,popup,3,2,2025,-0.24,0.57,-0.687705552166432,2.6846442607746646,,,,0,4,Bot,141.28,175.66,,,,,-6.99451601491194,-136.75660011468537,-4.204648603211856,-1.6527869133912796,26.52772307532957,-24.31821888888675,3.23,1.47,87,67.9,71,95,2300,6.6,813057,693307,679529,650402,656716,595879,682985,678009,681481,53.86,0.001,0,0,1,0,0,3,27,6,Slider,0,0,0,0,0,0,0,0,Standard,Standard,169,-0.033,-0.345,78.3,7.5,0.001,0.345,88.0,0,0,0.566,0.566,28,24,29,25,2,1,5,1,5,2,1.99,-0.24,0.24,44.5,8.052791267218923,-5.637999472373522,29.371668053379693,32.62260797088078,33.52761099024162
SI,2025-10-05,93,-2.19,5.65,"Varsho, Daulton",662139,701542,,foul,,,,,4,Foul,D,L,R,TOR,NYY,S,,,0,0,2025,-1.44,0.26,-0.5046226596732335,2.321000543146069,,,,2,6,Bot,,,,,,,7.495568032817693,-135.26001836806307,-3.329511810995234,-19.289146977069166,29.932004950525425,-28.394770943396733,3.37,1.52,265,83.7,37,93.3,2383,6.5,813062,669224,700250,665862,641857,683011,641355,663757,592450,53.97,,,,,,,,56,1,Sinker,12,2,12,2,2,12,12,2,Infield shade,Standard,229,0,-0.043,65.7,6.7,,0.043,88.0,10,10,0.999,0.999,26,28,26,29,2,3,9,1,,2,2.38,1.44,-1.44,29.2,-7.801868834990555,22.010793434540894,32.94477222463795,40.691148274827185,14.216552779866515
SL,2025-10-05,88.1,-0.5,7.11,"Judge, Aaron",592450,702056,,ball,,,,,14,Ball,D,R,R,TOR,NYY,B,,,2,2,2025,-0.34,0.39,1.0919782802474367,0.8594532369472829,,,,0,4,Top,,,,,,,4.56142536882908,-127.96085366943935,-9.785759595017065,-4.727884008392035,28.674833661013377,-25.9106764614935,4.20545882038359,1.92896696265942,,,,87.5,2175,6.2,813062,672386,665489,643396,676391,665926,676914,662139,664702,54.29,,,,,,,,27,5,Slider,5,0,0,5,0,5,0,5,Standard,Standard,221,-0.005,0.112,,,,-0.112,,5,-5,0.923,0.07699999999999996,21,33,22,33,2,1,8,1,8,2,2.58,0.34,0.34,63.8,,,,,
ST,2025-10-05,82.8,-2.38,5.43,"Kirk, Alejandro",672386,701542,field_out,hit_into_play,,,,,9,Alejandro Kirk lines out sharply to center fielder Trent Grisham.,D,R,R,TOR,NYY,X,8,line_drive,0,1,2025,1.17,-0.04,0.47964378222749704,1.4829173936157138,,,,1,6,Bot,136.35,50.41,,,,,4.266787909997651,-120.5780730153405,-2.4313551822352655,10.562219692280802,24.345946138586683,-32.322792732039886,3.13,1.5,367,100.6,23,83.3,2872,6.7,813062,669224,700250,665862,641857,683011,641355,663757,592450,53.81,0.446,0.7553157894736844,0,1,0,0,6,55,2,Sweeper,12,2,12,2,2,12,12,2,Strategic,Standard,67,0,-0.215,75.2,7.5,1.403,0.215,100.6,10,10,0.999,0.999,26,26,26,27,2,3,9,1,,2,3.37,-1.17,-1.17,31.7,7.669061898353554,6.262759253321503,25.9053283549129,44.46043895783663,30.69028921424802
SI,2025-10-05,100.7,1.68,6.03,"Rodríguez, Julio",677594,669373,,ball,,,,,11,Ball,D,R,L,SEA,DET,B,,,2,2,2025,0.95,1.17,-1.6006515884938715,2.5769731201503188,,,,0,4,Bot,,,,,,,-11.410450469591273,-146.0805293884263,-7.048962752642935,16.29128312816778,33.884478231113796,-13.916326656124534,3.31832321115974,1.6132262169783,,,,101.1,2358,6.7,813057,693307,679529,650402,656716,595879,682985,678009,681481,53.84,,,,,,,,27,5,Sinker,0,0,0,0,0,0,0,0,Standard,Standard,158,0.01,0.112,,,,-0.112,,0,0,0.556,0.556,28,24,29,25,2,1,5,1,5,2,1.09,0.95,-0.95,46.8,,,,,
FF,2025-10-05,96.3,0.94,5.89,"Straw, Myles",664702,608331,,ball,,,,,14,Ball,D,R,L,TOR,NYY,B,,,2,1,2025,0.55,1.3,0.28781143166472756,1.109231249125902,,,665926,0,4,Bot,,,,,,,-3.0242596060755313,-139.9541110785082,-10.130575659950154,7.916462883512416,32.52631428586911,-12.97573816758565,3.36477280042812,1.64476690050271,,,,97.2,2221,6.9,813062,669224,700250,665862,641857,683011,641355,663757,592450,53.59,,,,,,,,31,4,4-Seam Fastball,5,0,5,0,0,5,5,0,Strategic,Standard,155,0.003,0.116,,,,-0.116,,5,5,0.954,0.954,31,30,31,31,2,1,5,1,,3,1.17,0.55,-0.55,50.3,,,,,
SL,2025-10-05,85.1,-2.22,4.83,"Meadows, Parker",678009,622491,,foul,,,,,14,Foul,D,L,R,SEA,DET,S,,,2,2,2025,0.07,-0.06,0.9341410687190551,1.7513725856316493,690993,656716,,2,2,Top,,,,,,,7.150922176585075,-123.88219424313033,-0.8571319560960089,-0.5491073769043837,22.302551468832334,-32.8312389518601,3.47,1.67,6,100.2,-15,84.4,2329,5.6,813057,663728,647304,593871,553993,641487,668227,677594,645302,54.93,,,,,,,,13,5,Slider,0,0,0,0,0,0,0,0,Standard,Standard,33,0,0,67.7,7.5,,0,100.2,0,0,0.5,0.5,32,25,33,26,1,0,11,1,5,2,3.18,-0.07,0.07,12.5,15.567817963943943,-14.61303250209515,40.771513990257944,25.54270520534959,42.112065335008005
SL,2025-10-05,89.5,-0.51,7.17,"Judge, Aaron",592450,702056,,foul_tip,,,,,13,Foul Tip,D,R,R,TOR,NYY,S,,,2,1,2025,-0.52,0.36,-1.0888634681335945,2.6098148848082277,,,,0,4,Top,,,,,,,-0.33365738310284293,-130.3531055992971,-5.9881233754258245,-5.819398067226319,27.542270249902963,-27.022670883758654,4.09,1.85,,,,89.2,2190,6.1,813062,672386,665489,643396,676391,665926,676914,662139,664702,54.43,,,,,,,,27,4,Slider,5,0,0,5,0,5,0,5,Infield shade,Standard,194,0.004,-0.073,78.6,7.6,,0.073,,5,-5,0.919,0.08099999999999996,21,33,22,33,2,1,8,1,8,2,2.48,0.52,0.52,64.7,19.217557158519973,-9.433846571672898,40.52744280419116,28.923274580973306,24.706598688430773
FF,2025-10-05,94.7,-0.3,7.03,"Judge, Aaron",592450,702056,,ball,,,,,14,Ball,D,R,R,TOR,NYY,B,,,1,1,2025,-0.29,1.6,1.1077111780362432,3.0624783679555376,,,,0,4,Top,,,,,,,4.326324629565912,-137.47745244333572,-8.1418541056822,-4.773352917041719,35.18633577222669,-10.310112609208748,4.21040163168354,1.95968846210535,,,,94,2310,6.4,813062,672386,665489,643396,676391,665926,676914,662139,664702,54.13,,,,,,,,27,3,4-Seam Fastball,5,0,0,5,0,5,0,5,Standard,Standard,190,-0.003,0.055,,,,-0.055,,5,-5,0.922,0.07799999999999996,21,33,22,33,2,1,8,1,8,2,0.99,0.29,0.29,64.1,,,,,
FF,2025-10-05,96.2,-2.11,5.07,"Meadows, Parker",678009,622491,,ball,,,,,11,Ball,D,L,R,SEA,DET,B,,,1,2,2025,-1.07,0.99,-1.0431768707957285,3.48591382573182,690993,656716,,2,2,Top,,,,,,,5.156368891866289,-139.96489440292805,-0.8360704366067884,-15.218894716068588,33.02269813001326,-19.23714404385366,3.56607532416261,1.77547636411911,,,,94.6,2289,5.5,813057,663728,647304,593871,553993,641487,668227,677594,645302,55.04,,,,,,,,13,4,4-Seam Fastball,0,0,0,0,0,0,0,0,Standard,Standard,239,-0.009,0.023,,,,-0.023,,0,0,0.509,0.491,32,25,33,26,1,0,11,1,5,2,1.48,1.07,-1.07,16.6,,,,,
FF,2025-10-05,91,-2.31,5.45,"Kirk, Alejandro",672386,701542,,foul,,,,,9,Foul,D,R,R,TOR,NYY,S,,,0,0,2025,-0.72,1.29,0.3770993723586801,1.896720613218432,,,,1,6,Bot,,,,,,,8.327953553842308,-132.29810249170993,-5.839085706065941,-10.10863201172586,25.522820316607703,-15.977215720836575,3.13,1.5,187,66.4,39,91.9,2523,6.7,813062,669224,700250,665862,641857,683011,641355,663757,592450,53.83,,,,,,,,55,1,4-Seam Fastball,12,2,12,2,2,12,12,2,Strategic,Standard,227,0,-0.039,72.8,8.3,,0.039,88.0,10,10,0.999,0.999,26,26,26,27,2,3,9,1,,2,1.45,0.72,0.72,28.4,17.926742262682932,-18.602494041672724,29.58092744440811,42.93993539723661,40.87551138936656
FC,2025-10-05,91.4,1.56,5.68,"Straw, Myles",664702,608331,,foul_bunt,,,,,4,Foul Bunt,D,R,L,TOR,NYY,S,,,2,0,2025,0,0.73,-0.3886152032753196,2.3005515518989146,,,665926,0,4,Bot,,,,,,,-4.954822086843751,-132.992086290838,-4.2585299074054515,1.1031657658326357,28.554306784351827,-22.74095942115033,3.44,1.6,,,,92.1,2179,6.7,813062,669224,700250,665862,641857,683011,641355,663757,592450,53.8,,,,,,,,31,3,Cutter,5,0,5,0,0,5,5,0,Strategic,Standard,142,-0.002,-0.066,2.4,1.2,,0.066,88.0,5,5,0.956,0.956,31,30,31,31,2,1,5,1,,3,1.99,0,0,40.2,65.96848246565659,-172.85731325350463,28.995128640516437,30.835860732003766,19.2450072653859
SL,2025-10-05,91.9,2.06,5.99,"Rodríguez, Julio",677594,669373,,foul,,,,,5,Foul,D,R,L,SEA,DET,S,,,2,1,2025,-0.27,0.46,0.0524751972073578,2.514431408868038,,,,0,4,Bot,,,,,,,-4.509934028485963,-133.87147648367912,-3.9968756472154396,-2.3204838085542008,27.74736108517281,-25.998908036610786,3.23,1.47,240,76.6,36,92.5,2286,6.5,813057,693307,679529,650402,656716,595879,682985,678009,681481,54.03,,,,,,,,27,4,Slider,0,0,0,0,0,0,0,0,Standard,Standard,179,-0.008,-0.073,81.1,7.4,,0.073,88.0,0,0,0.564,0.564,28,24,29,25,2,1,5,1,5,2,2.22,-0.27,0.27,41.9,-2.35038082101484,19.42755978881067,26.34926850665505,40.78363545302155,23.910336897231062
SI,2025-10-05,93.2,1.62,5.58,"Straw, Myles",664702,608331,,ball,,,,,12,Ball,D,R,L,TOR,NYY,B,,,1,0,2025,0.81,0.23,1.4983867198090721,2.728352280804962,,,665926,0,4,Bot,,,,,,,-2.111039452320739,-135.78225851829728,-2.1490652881420758,10.558428622469178,27.52823621101979,-29.033762827895217,3.39297730588753,1.66992586150651,,,,94.1,1995,6.6,813062,669224,700250,665862,641857,683011,641355,663757,592450,53.94,,,,,,,,31,2,Sinker,5,0,5,0,0,5,5,0,Strategic,Standard,137,0.002,0.062,,,,-0.062,,5,5,0.954,0.954,31,30,31,31,2,1,5,1,,3,2.37,0.81,-0.81,37.1,,,,,
FF,2025-10-05,91.8,-2.2,5.45,"Guerrero Jr., Vladimir",665489,701542,field_out,hit_into_play,,,,,5,Vladimir Guerrero Jr. flies out to center fielder Trent Grisham.,D,R,R,TOR,NYY,X,8,fly_ball,2,2,2025,-0.38,1.38,-0.12135012528881439,2.490424264649996,,,,0,6,Bot,151.02,76.16,,,,,6.159590714692107,-133.5935921294344,-4.7426440333281645,-5.758979158620466,25.60187547537916,-14.726601242290469,3.68,1.68,311,97.9,43,93.2,2567,6.9,813062,669224,700250,665862,641857,683011,641355,663757,592450,53.63,0.058,0.108,0,1,0,0,3,54,5,4-Seam Fastball,12,2,12,2,2,12,12,2,Strategic,Standard,217,0,-0.232,77.6,7.5,0.197,0.232,97.9,10,10,0.999,0.999,26,26,26,26,2,3,9,1,,2,1.3,0.38,0.38,26.8,0.32553620997421157,-7.100474571129594,32.623792163732084,35.04072200231878,35.35913114940022
SI,2025-10-05,98.4,1.69,6.12,"Rodríguez, Julio",677594,669373,,ball,,,,,11,Ball,D,R,L,SEA,DET,B,,,1,1,2025,1.22,1.1,-1.0152873549275272,3.8710076245874334,,,,0,4,Bot,,,,,,,-10.210270899721166,-142.93048348920968,-3.1787064853646747,19.15329797299407,34.224897833156675,-16.564195624870568,3.25166221709793,1.52514895044955,,,,98.6,2247,6.6,813057,693307,679529,650402,656716,595879,682985,678009,681481,53.94,,,,,,,,27,3,Sinker,0,0,0,0,0,0,0,0,Standard,Standard,159,0.005,0.055,,,,-0.055,,0,0,0.559,0.559,28,24,29,25,2,1,5,1,5,2,1.27,1.22,-1.22,47.7,,,,,
FS,2025-10-05,83.2,-0.36,7.18,"Judge, Aaron",592450,702056,,ball,,,,,13,Ball,D,R,R,TOR,NYY,B,,,0,1,2025,-1.03,0.88,-0.5598209941502998,1.17684011574972,,,,0,4,Top,,,,,,,1.5641276536881787,-120.98532190803485,-8.996670945656563,-10.46038754573552,24.10059214985293,-22.008424462066078,4.1796638718148,1.92864470393894,,,,82.9,1540,6.2,813062,672386,665489,643396,676391,665926,676914,662139,664702,54.3,,,,,,,,27,2,Split-Finger,5,0,0,5,0,5,0,5,Standard,Standard,212,-0.001,0.031,,,,-0.031,,5,-5,0.923,0.07699999999999996,21,33,22,33,2,1,8,1,8,2,2.43,1.03,1.03,69.9,,,,,
FF,2025-10-05,96,-2.01,5.06,"Meadows, Parker",678009,622491,,ball,,,,,12,Ball,D,L,R,SEA,DET,B,,,0,2,2025,-1.1,0.98,0.7454340975989997,4.48812925175306,690993,656716,,2,2,Top,,,,,,,9.623823526606003,-139.51490586971994,1.8299327296560164,-16.49188517642681,30.18257498772819,-19.967052546629812,3.59035206053009,1.80013540495704,,,,94.8,2364,5.6,813057,663728,647304,593871,553993,641487,668227,677594,645302,54.94,,,,,,,,13,3,4-Seam Fastball,0,0,0,0,0,0,0,0,Standard,Standard,241,-0.006,-0.014,,,,0.014,,0,0,0.515,0.485,32,25,33,26,1,0,11,1,5,2,1.49,1.1,-1.1,16.0,,,,,
ST,2025-10-05,83.2,-2.41,5.46,"Guerrero Jr., Vladimir",665489,701542,,foul,,,,,8,Foul,D,R,R,TOR,NYY,S,,,2,1,2025,1.07,0.3,-0.27550818148862877,2.0093063333907932,,,,0,6,Bot,,,,,,,2.815625081371113,-121.2407080428429,-2.0642786630167422,9.945525080006286,24.223085139023414,-29.013372812141572,3.68,1.68,,,,83.5,2863,6.5,813062,669224,700250,665862,641857,683011,641355,663757,592450,54.03,,,,,,,,54,4,Sweeper,12,2,12,2,2,12,12,2,Strategic,Standard,62,0,-0.073,77.3,8.0,,0.073,,10,10,0.999,0.999,26,26,26,26,2,3,9,1,,2,2.99,-1.07,-1.07,27.5,15.58531937306471,-22.376911767192947,27.15916754737376,32.54695922971967,43.6542011436335
CH,2025-10-05,86,1.59,5.6,"Straw, Myles",664702,608331,,ball,,,,,8,Ball,D,R,L,TOR,NYY,B,,,0,0,2025,1.34,0.07,-0.041603291758255834,1.551602798318949,,,665926,0,4,Bot,,,,,,,-6.664801845185881,-125.16242245281889,-3.544523973386281,15.442251193471565,24.419501537806248,-30.931696092140886,3.18648425895426,1.4714887600004,,,,87,1620,6.8,813062,669224,700250,665862,641857,683011,641355,663757,592450,53.66,,,,,,,,31,1,Changeup,5,0,5,0,0,5,5,0,Standard,Standard,120,0.001,0.04,,,,-0.04,,5,5,0.953,0.953,31,30,31,31,2,1,5,1,,3,3,1.34,-1.34,36.6,,,,,
FF,2025-10-05,97.7,1.79,6.15,"Rodríguez, Julio",677594,669373,,foul,,,,,1,Foul,D,R,L,SEA,DET,S,,,1,0,2025,0.27,1.48,-0.40368493721516924,2.7242322557665117,,,,0,4,Bot,,,,,,,-6.5356645914507165,-141.98478710241807,-7.139999731489473,5.129262024321477,32.87138004659693,-10.632695227964454,3.23,1.47,220,74.7,49,97.9,2372,6.5,813057,693307,679529,650402,656716,595879,682985,678009,681481,53.99,,,,,,,,27,2,4-Seam Fastball,0,0,0,0,0,0,0,0,Standard,Standard,155,-0.005,-0.05,79.9,7.7,,0.05,88.0,0,0,0.564,0.564,28,24,29,25,2,1,5,1,5,2,0.91,0.27,-0.27,53.3,5.317081960367701,-5.117924618075423,31.503950105596974,35.14868788439074,31.292350148437983
FF,2025-10-05,95.9,-1.99,5.03,"Meadows, Parker",678009,622491,,called_strike,,,,,6,Called Strike,D,L,R,SEA,DET,S,,,0,1,2025,-1.19,0.88,0.7372609763258484,2.938380988335479,690993,656716,,2,2,Top,,,,,,,9.784759306089406,-139.25500188060303,-1.851772732794084,-17.684838367877997,31.866595591357445,-20.553664861548732,3.53371059814925,1.71106274937214,,,,94.8,2238,5.8,813057,663728,647304,593871,553993,641487,668227,677594,645302,54.68,,,,,,,,13,2,4-Seam Fastball,0,0,0,0,0,0,0,0,Standard,Standard,238,0.015,-0.048,,,,0.048,,0,0,0.5,0.5,32,25,33,26,1,0,11,1,5,2,1.62,1.19,-1.19,17.3,,,,,
FF,2025-10-05,93.8,-0.34,7.1,"Judge, Aaron",592450,702056,,called_strike,,,,,5,Called Strike,D,R,R,TOR,NYY,S,,,0,0,2025,-0.49,1.68,-0.265551651033625,2.95071247179007,,,,0,4,Top,,,,,,,1.2851187840569267,-136.16845820148313,-8.586679350543543,-6.348449705689068,35.6323308431774,-9.591182047969438,4.09562073851528,1.89744303733376,,,,93,2263,6.4,813062,672386,665489,643396,676391,665926,676914,662139,664702,54.14,,,,,,,,27,1,4-Seam Fastball,5,0,0,5,0,5,0,5,Standard,Standard,192,0.002,-0.039,,,,0.039,,5,-5,0.921,0.07899999999999996,21,33,22,33,2,1,8,1,8,2,0.97,0.49,0.49,64.6,,,,,
FF,2025-10-05,91.5,-2.36,5.4,"Guerrero Jr., Vladimir",665489,701542,,ball,,,,,14,Ball,D,R,R,TOR,NYY,B,,,1,1,2025,-0.33,1.38,1.3546616025763845,2.4309976482075113,,,,0,6,Bot,,,,,,,10.167885567555196,-132.9377832171621,-4.67608851912208,-5.951506121406383,25.797924764774866,-14.864675612699482,3.71967575128158,1.67834457866523,,,,92.5,2549,6.8,813062,669224,700250,665862,641857,683011,641355,663757,592450,53.74,,,,,,,,54,3,4-Seam Fastball,12,2,12,2,2,12,12,2,Strategic,Standard,219,0,0.055,,,,-0.055,,10,10,0.999,0.999,26,26,26,26,2,3,9,1,,2,1.33,0.33,0.33,30.1,,,,,
SL,2025-10-05,89.9,2.02,6.08,"Rodríguez, Julio",677594,669373,,ball,,,,,12,Ball,D,R,L,SEA,DET,B,,,0,0,2025,-0.21,0.39,0.08063599606247752,3.898166937269979,,,,0,4,Bot,,,,,,,-4.377496362763313,-130.9437173058006,-0.3054703002347583,-1.5828590700946925,26.352612513216652,-27.797858264796762,3.24186385587055,1.52312912057606,,,,90.4,2205,6.4,813057,693307,679529,650402,656716,595879,682985,678009,681481,54.07,,,,,,,,27,1,Slider,0,0,0,0,0,0,0,0,Standard,Standard,196,0.004,0.041,,,,-0.041,,0,0,0.56,0.56,28,24,29,25,2,1,5,1,5,2,2.41,-0.21,0.21,43.9,,,,,
SI,2025-10-05,95.5,-2.06,4.95,"Meadows, Parker",678009,622491,,foul,,,,,4,Foul,D,L,R,SEA,DET,S,,,0,0,2025,-1.7,0.31,-0.518656876433,2.538060610755455,690993,656716,,2,2,Top,,,,,,,7.770018212615931,-138.8554524762911,-1.351121431054288,-23.758151885947854,33.82427019599204,-28.09682396159795,3.47,1.67,202,72.6,46,94,2137,5.6,813057,663728,647304,593871,553993,641487,668227,677594,645302,54.88,,,,,,,,13,1,Sinker,0,0,0,0,0,0,0,0,Standard,Standard,241,0.009,-0.036,65.7,6.6,,0.036,88.0,0,0,0.491,0.509,32,25,33,26,1,0,11,1,5,2,2.21,1.7,-1.7,13.8,-12.78409420765148,9.741046417519032,33.62465791772836,42.680261784783355,22.62329534647095
FF,2025-10-05,97.5,0.78,6.12,"Giménez, Andrés",665926,608331,single,hit_into_play,,,,,11,Andrés Giménez singles on a ground ball to third baseman Ryan McMahon.,D,L,L,TOR,NYY,X,5,ground_ball,2,2,2025,0.17,1.22,-0.11486783286868574,3.8232695870289066,,,,0,4,Bot,106.9,171.35,,,,,-2.819002890435083,-141.95944007104146,-3.4770755798381847,2.9993493035077594,31.869529260778805,-15.129121690434804,3.33,1.51,9,85.1,-22,98,2235,6.5,813062,669224,700250,665862,641857,683011,641355,663757,592450,53.98,0.05,0.051,0.9,1,1,0,2,30,5,4-Seam Fastball,5,0,5,0,0,5,5,0,Strategic,Standard,163,0.008,0.465,54.0,5.1,0.074,-0.465,88.0,5,5,0.945,0.945,31,26,31,27,2,1,5,1,,2,1.17,0.17,0.17,52.2,-4.065004588791761,33.2869628916317,17.903308254011932,39.69773035596337,12.626212455237667
FS,2025-10-05,85.3,-0.36,7.17,"Grisham, Trent",663757,702056,strikeout,called_strike,,,,,6,Trent Grisham called out on strikes.,D,L,R,TOR,NYY,S,2,,3,2,2025,-0.75,0.73,0.3760716937707729,2.3515946455207666,,,,2,3,Top,,,,,,,3.234365913582635,-124.09125724200352,-6.528797979799279,-8.36634496356545,24.04617571015312,-23.53458910369722,3.4844135075814,1.7792694629414,,,,85.6,1544,6.4,813062,672386,665489,643396,676391,665926,676914,662139,664702,54.08,,0,0,1,0,0,,19,6,Split-Finger,2,0,0,2,0,2,0,2,Infield shade,Standard,214,0.012,-0.328,,,,0.328,,2,-2,0.752,0.248,21,28,22,29,2,1,8,1,8,2,2.4,0.75,-0.75,67.5,,,,,
SI,2025-10-05,91.6,-2.36,5.49,"Guerrero Jr., Vladimir",665489,701542,,ball,,,,,13,Ball,D,R,R,TOR,NYY,B,,,0,1,2025,-1.29,0.42,-1.2810891440926595,2.0142534618279653,,,,0,6,Bot,,,,,,,5.550521141462775,-133.35483000749835,-3.8652659249004557,-16.613991589742835,28.044693918808942,-26.48776033066697,3.71784842204778,1.7287702931983,,,,92.3,2280,6.6,813062,669224,700250,665862,641857,683011,641355,663757,592450,53.86,,,,,,,,54,2,Sinker,12,2,12,2,2,12,12,2,Strategic,Standard,236,0,0.031,,,,-0.031,,10,10,0.999,0.999,26,26,26,26,2,3,9,1,,2,2.28,1.29,1.29,28.3,,,,,
SI,2025-10-05,93.3,1.39,5.72,"Giménez, Andrés",665926,608331,,foul,,,,,2,Foul,D,L,L,TOR,NYY,S,,,2,1,2025,0.46,0.73,0.11847252253455887,3.116709690167042,,,,0,4,Bot,,,,,,,-4.28927534756048,-135.93145624943648,-2.582892236670167,6.620522032100142,29.23999339600418,-22.701236715410023,3.33,1.51,149,59.5,23,93.8,2154,6.5,813062,669224,700250,665862,641857,683011,641355,663757,592450,54.01,,,,,,,,30,4,Sinker,5,0,5,0,0,5,5,0,Standard,Standard,148,-0.002,-0.073,59.9,6.0,,0.073,88.0,5,5,0.947,0.947,31,26,31,27,2,1,5,1,,2,1.87,0.46,0.46,40.5,1.0340066735779385,29.282473263123023,29.21272521050551,36.923408276281904,18.916387845265426
CH,2025-10-05,88.8,1.99,6.06,"Raleigh, Cal",663728,669373,field_out,hit_into_play,,,,,9,Cal Raleigh lines out to shortstop Javier Báez.,D,R,L,SEA,DET,X,6,line_drive,0,0,2025,1.2,0.52,0.5432445459088797,1.7387586052220387,,,645302,2,3,Bot,100.42,146.3,,,,,-6.092379856880735,-129.09867992304603,-5.591763331402291,14.75873613341753,28.458614518777217,-25.30456514777224,3.59,1.67,150,88.7,10,88.8,1909,6.5,813057,693307,679529,650402,656716,595879,682985,678009,681481,54.01,0.587,0.529,0,1,0,0,4,23,1,Changeup,0,0,0,0,0,0,0,0,Standard,Standard,137,-0.026,-0.271,71.8,8.1,0.62,0.271,88.7,0,0,0.526,0.526,28,28,29,29,2,1,5,1,5,2,2.39,1.2,-1.2,46.2,13.761077753126317,-3.7806744236139647,34.69394583892908,40.670864761409725,40.560448551833204
SL,2025-10-05,85.4,-2.18,4.82,"Báez, Javier",595879,622491,field_out,hit_into_play,,,,,14,"Javier Báez grounds out softly, catcher Cal Raleigh to first baseman Josh Naylor. Colt Keith to 3rd. Zach McKinstry to 2nd.",D,R,R,SEA,DET,X,2,ground_ball,2,2,2025,0.14,0.02,1.857933164325209,2.3424679000559823,,690993,656716,1,2,Top,127.78,201.3,,,,,9.103315509290846,-124.1131501347285,0.3734436958979641,-0.246650829044418,22.855706922650462,-32.29099278720388,3.51,1.64,2,51,-56,84.6,2271,5.6,813057,663728,647304,593871,553993,641487,668227,677594,645302,54.87,0.259,0.238,0,1,0,0,1,12,5,Slider,0,0,0,0,0,0,0,0,Standard,Standard,46,0.026,-0.284,71.8,9.1,0.26,0.284,88.0,0,0,0.465,0.5349999999999999,32,32,33,33,1,0,11,1,5,2,3.1,-0.14,-0.14,13.5,11.476582478975168,-5.32299170576157,18.9140281873919,56.521711711654746,32.02489326397327
SL,2025-10-05,90,-0.55,7.13,"Grisham, Trent",663757,702056,,ball,,,,,13,Ball,D,L,R,TOR,NYY,B,,,2,2,2025,-0.19,0.53,-1.2335393016939644,-0.5031738617097508,,,,2,3,Top,,,,,,,-1.2882113154751524,-130.51585547267177,-13.94319813758076,-1.8882053541703956,28.152781922387618,-23.393040213149323,3.47828044933358,1.79946501768486,,,,89.4,2312,6.2,813062,672386,665489,643396,676391,665926,676914,662139,664702,54.33,,,,,,,,19,5,Slider,2,0,0,2,0,2,0,2,Infield shade,Standard,200,-0.004,0.104,,,,-0.104,,2,-2,0.756,0.244,21,28,22,29,2,1,8,1,8,2,2.31,0.19,-0.19,63.6,,,,,
SI,2025-10-05,95.5,1.28,5.75,"Giménez, Andrés",665926,608331,,ball,,,,,13,Ball,D,L,L,TOR,NYY,B,,,1,1,2025,0.45,0.68,-1.5712441990387234,1.3933929367256406,,,,0,4,Bot,,,,,,,-8.591502302870502,-138.71180041462299,-7.411637888820681,7.712629054759346,31.02135058728966,-21.91633277796796,3.37625397970172,1.55019671979935,,,,96.2,2246,6.8,813062,669224,700250,665862,641857,683011,641355,663757,592450,53.73,,,,,,,,30,3,Sinker,5,0,5,0,0,5,5,0,Standard,Standard,144,0.001,0.055,,,,-0.055,,5,5,0.946,0.946,31,26,31,27,2,1,5,1,,2,1.83,0.45,0.45,42.1,,,,,
SI,2025-10-05,99.1,1.84,6.09,"Arozarena, Randy",668227,669373,field_out,hit_into_play,,,,,2,Randy Arozarena flies out to left fielder Riley Greene.,D,R,L,SEA,DET,X,7,fly_ball,2,2,2025,1.06,1.04,-0.010849953274527646,3.124384035940027,,,645302,1,3,Bot,84.08,103.78,,,,,-7.557676148632907,-144.13902915054717,-5.106191407378763,16.524829571391642,33.94631704517241,-16.706139179767487,3.4,1.68,277,102.5,48,99.4,2382,6.5,813057,693307,679529,650402,656716,595879,682985,678009,681481,54.01,0.033,0.049,0,1,0,0,3,22,7,Sinker,0,0,0,0,0,0,0,0,Standard,Standard,156,-0.027,-0.223,75.1,7.3,0.093,0.223,102.5,0,0,0.553,0.553,28,30,29,30,2,1,5,1,5,2,1.29,1.06,-1.06,45.5,10.825431759657727,0.44672906309260096,13.705336437197847,35.41932305369072,39.3123963401778
SI,2025-10-05,91.4,-2.16,5.6,"Guerrero Jr., Vladimir",665489,701542,,called_strike,,,,,3,Called Strike,D,R,R,TOR,NYY,S,,,0,0,2025,-1.21,0.51,0.2802657791575758,3.441934975163651,,,,0,6,Bot,,,,,,,8.810902858383972,-132.8471728951539,-0.6587246022907072,-16.21217089515906,27.34888861900067,-26.172583740864212,3.76371554632305,1.74844564505723,,,,92.1,2390,6.7,813062,669224,700250,665862,641857,683011,641355,663757,592450,53.8,,,,,,,,54,1,Sinker,12,2,12,2,2,12,12,2,Strategic,Standard,227,0,-0.039,,,,0.039,,10,10,0.999,0.999,26,26,26,26,2,3,9,1,,2,2.21,1.21,1.21,29.4,,,,,
SL,2025-10-05,84.7,-2.14,4.8,"Báez, Javier",595879,622491,,ball,,,,,14,Ball,D,R,R,SEA,DET,B,,,1,2,2025,-0.04,0.15,2.1940638580031675,0.6775045495621672,,690993,656716,1,2,Top,,,,,,,10.063325077500867,-122.84054106252256,-3.445382382354929,-2.6613167635263086,27.025144701512218,-30.063238511918488,3.55735857538231,1.78118823089436,,,,83.1,2199,5.7,813057,663728,647304,593871,553993,641487,668227,677594,645302,54.84,,,,,,,,12,4,Slider,0,0,0,0,0,0,0,0,Standard,Standard,286,-0.007,0.043,,,,-0.043,,0,0,0.472,0.528,32,32,33,33,1,0,11,1,5,2,3.07,0.04,0.04,12.1,,,,,
FF,2025-10-05,95.1,-0.38,6.99,"Grisham, Trent",663757,702056,,ball,,,,,14,Ball,D,L,R,TOR,NYY,B,,,1,2,2025,-0.13,1.54,0.7532688372870268,1.5012996618345724,,,,2,3,Top,,,,,,,3.26869295167527,-137.98611750004065,-12.160538068445776,-2.3853390541771082,33.705091157282126,-9.903140228754253,3.51203322402602,1.78010711319596,,,,95.1,2160,6.7,813062,672386,665489,643396,676391,665926,676914,662139,664702,53.84,,,,,,,,19,4,4-Seam Fastball,2,0,0,2,0,2,0,2,Infield shade,Standard,197,-0.001,0.042,,,,-0.042,,2,-2,0.757,0.243,21,28,22,29,2,1,8,1,8,2,1.02,0.13,-0.13,64.5,,,,,
FF,2025-10-05,93.7,-2.33,5.51,"Schneider, Davis",676914,701542,strikeout,swinging_strike,,,,,11,Davis Schneider strikes out swinging.,D,R,R,TOR,NYY,S,2,,3,2,2025,-0.4,1.31,-0.18422689554197857,3.851307343046477,,,,2,5,Bot,,,,,,,6.463084533072789,-136.49629294860756,-1.5429788153866715,-6.254355581806495,25.748969111320083,-15.511053036583556,3.11,1.52,,,,95,2722,6.7,813062,669224,700250,665862,641857,683011,641355,663757,592450,53.83,,0,0,1,0,0,,46,7,4-Seam Fastball,12,0,12,0,0,12,12,0,Strategic,Standard,216,0,-0.328,68.3,6.3,,0.328,,12,12,0.999,0.999,26,26,26,26,2,3,9,7,,2,1.25,0.4,0.4,30.8,25.897723942780623,-8.127533985289878,23.163500643040045,29.82552594502961,29.522975719063243
CU,2025-10-05,77.6,0.93,6.05,"Giménez, Andrés",665926,608331,,ball,,,,,13,Ball,D,L,L,TOR,NYY,B,,,0,1,2025,-0.58,-1.66,-1.7954596010286004,-0.20770351287062638,,,,0,4,Bot,,,,,,,-4.79261726593213,-112.73335568141873,-3.223986190386997,-3.7249424603153103,25.928979163316246,-45.55185428398687,3.32732727542137,1.55364929209488,,,,77.1,2892,6.6,813062,669224,700250,665862,641857,683011,641355,663757,592450,53.88,,,,,,,,30,2,Curveball,5,0,5,0,0,5,5,0,Standard,Standard,330,0.001,0.031,,,,-0.031,,5,5,0.945,0.945,31,26,31,27,2,1,5,1,,2,5.54,-0.58,-0.58,51.2,,,,,
SL,2025-10-05,91.5,2.1,5.96,"Arozarena, Randy",668227,669373,,foul,,,,,9,Foul,D,R,L,SEA,DET,S,,,2,2,2025,-0.47,0.28,0.720327703919303,1.8437007284566316,,,645302,1,3,Bot,,,,,,,-2.481849598848958,-133.2849842382473,-5.187999750292683,-5.133960378830114,26.255467074410358,-27.959670142564534,3.4,1.68,1,81,-63,92.1,2325,6.4,813057,693307,679529,650402,656716,595879,682985,678009,681481,54.07,,,,,,,,22,6,Slider,0,0,0,0,0,0,0,0,Standard,Standard,167,0,0,71.0,8.1,,0,88.0,0,0,0.553,0.553,28,30,29,30,2,1,5,1,5,2,2.42,-0.47,0.47,42.5,8.873689504861312,9.534693432767298,18.175681942514835,44.05045739498298,28.259951213420408
SL,2025-10-05,84.2,-2.1,4.78,"Báez, Javier",595879,622491,,blocked_ball,,,,,14,Ball In Dirt,D,R,R,SEA,DET,B,,,0,2,2025,0.15,0.03,2.9390354418011126,0.6924679318863078,,690993,656716,1,2,Top,,,,,,,11.244274986178532,-122.14191674459617,-3.0953897087905995,-0.7888486870469155,24.725362109902907,-31.38120627218706,3.55875651106902,1.78127247490545,,,,82.9,2194,5.7,813057,663728,647304,593871,553993,641487,668227,677594,645302,54.81,,,,,,,,12,3,Slider,0,0,0,0,0,0,0,0,Standard,Standard,33,-0.005,0.014,,,,-0.014,,0,0,0.477,0.523,32,32,33,33,1,0,11,1,5,2,3.21,-0.15,-0.15,15.1,,,,,
FS,2025-10-05,84.2,-0.31,7.22,"Grisham, Trent",663757,702056,,foul,,,,,13,Foul,D,L,R,TOR,NYY,S,,,1,1,2025,-1.16,0.67,-0.5487361373067451,1.5108854249303865,,,,2,3,Top,,,,,,,1.7518846907159964,-122.48995315391115,-8.216002654284775,-12.006624095384991,24.530206153030043,-23.969062262205117,3.62,1.72,,,,84.5,1417,6.5,813062,672386,665489,643396,676391,665926,676914,662139,664702,53.98,,,,,,,,19,3,Split-Finger,2,0,0,2,0,2,0,2,Standard,Standard,212,0.003,-0.062,68.6,8.8,,0.062,,2,-2,0.754,0.246,21,28,22,29,2,1,8,1,8,2,2.55,1.16,-1.16,65.9,25.593768343976908,-26.18786835204125,32.99857588345164,44.82302969549869,37.66159289021189
FF,2025-10-05,95,0.89,6.07,"Giménez, Andrés",665926,608331,,called_strike,,,,,2,Called Strike,D,L,L,TOR,NYY,S,,,0,0,2025,0.19,1.22,0.22827521448953064,3.361519063165246,,,,0,4,Bot,,,,,,,-2.1660456700708903,-138.27956499865576,-4.155053592500928,2.957015063791531,32.73242755693053,-15.869882740214077,3.5366831135395,1.57087951357007,,,,95.4,2140,6.7,813062,669224,700250,665862,641857,683011,641355,663757,592450,53.83,,,,,,,,30,1,4-Seam Fastball,5,0,5,0,0,5,5,0,Standard,Standard,157,-0.001,-0.039,,,,0.039,,5,5,0.946,0.946,31,26,31,27,2,1,5,1,,2,1.32,0.19,0.19,51.6,,,,,
SL,2025-10-05,88.3,-0.45,7.22,"Grisham, Trent",663757,702056,,swinging_strike,,,,,13,Swinging Strike,D,L,R,TOR,NYY,S,,,1,0,2025,-0.04,0.18,-0.07539954398501816,1.366427379003568,,,,2,3,Top,,,,,,,0.9973082955360899,-128.44874470263494,-8.51561672817458,-0.6133230935159951,26.913814660878952,-28.60234559176847,3.62,1.72,,,,88.1,2105,6.2,813062,672386,665489,643396,676391,665926,676914,662139,664702,54.3,,,,,,,,19,2,Slider,2,0,0,2,0,2,0,2,Standard,Standard,208,0.001,-0.054,75.9,8.5,,0.054,,2,-2,0.753,0.247,21,28,22,29,2,1,8,1,8,2,2.75,0.04,-0.04,64.6,21.21506756934869,-23.635950790314393,28.46235302050707,39.51167758780191,37.032618876414325
FF,2025-10-05,99.6,1.4,6.27,"Arozarena, Randy",668227,669373,,foul,,,,,1,Foul,D,R,L,SEA,DET,S,,,2,2,2025,0.51,1.33,-0.7952759343592264,3.262503920780445,,,645302,1,3,Bot,,,,,,,-7.248164011471233,-144.94688934887967,-6.08936948392205,8.756079677300832,30.064122957999817,-12.086724678416903,3.4,1.68,266,77.6,37,100.4,2534,6.5,813057,693307,679529,650402,656716,595879,682985,678009,681481,54.01,,,,,,,,22,5,4-Seam Fastball,0,0,0,0,0,0,0,0,Standard,Standard,159,0,0,70.3,7.2,,0,88.0,0,0,0.553,0.553,28,30,29,30,2,1,5,1,5,2,0.94,0.51,-0.51,52.7,12.889460233031363,-3.8798881295967624,18.698743938147516,25.530004093673853,31.37189407651352
SI,2025-10-05,94.3,-2.1,5.51,"Schneider, Davis",676914,701542,,ball,,,,,12,Ball,D,R,R,TOR,NYY,B,,,2,2,2025,-1.48,0.26,0.7855475480267191,3.2142474281377353,,,,2,5,Bot,,,,,,,10.927233785544143,-136.91392295167137,-0.8693600450650127,-20.994692046192654,28.60240745590003,-28.853022136410733,3.00364218030103,1.54582596076206,,,,95.7,2615,7.1,813062,669224,700250,665862,641857,683011,641355,663757,592450,53.42,,,,,,,,46,6,Sinker,12,0,12,0,0,12,12,0,Infield shade,Standard,218,0,0.104,,,,-0.104,,12,12,0.999,0.999,26,26,26,26,2,3,9,7,,2,2.3,1.48,1.48,30.4,,,,,
FF,2025-10-05,95.8,-1.93,5.2,"Báez, Javier",595879,622491,,foul,,,,,2,Foul,D,R,R,SEA,DET,S,,,0,1,2025,-1.19,0.97,0.10453771705285297,3.3619713790556407,,690993,656716,1,2,Top,,,,,,,7.960845348901554,-139.14680209499426,-1.3408000261472859,-17.31674654009416,35.42311282148204,-19.608918374484478,3.51,1.64,168,71.8,60,94.1,2259,5.7,813057,663728,647304,593871,553993,641487,668227,677594,645302,54.82,,,,,,,,12,2,4-Seam Fastball,0,0,0,0,0,0,0,0,Standard,Standard,240,0.012,-0.053,69.7,7.5,,0.053,88.0,0,0,0.465,0.5349999999999999,32,32,33,33,1,0,11,1,5,2,1.55,1.19,1.19,19.4,0.8970899924584493,14.780469344640936,25.396520488071825,36.55237314489448,17.875084680028387
FF,2025-10-05,94.7,-0.49,7.05,"Grisham, Trent",663757,702056,,ball,,,,,12,Ball,D,L,R,TOR,NYY,B,,,0,0,2025,-0.01,1.62,0.6823071792883223,4.60003111251015,,,,2,3,Top,,,,,,,3.073675366668388,-137.82253511766774,-4.324577088693175,-0.822419148121629,32.578979791966354,-10.86932547897479,3.62352441830632,1.8647300483791,,,,94.7,2225,6.4,813062,672386,665489,643396,676391,665926,676914,662139,664702,54.06,,,,,,,,19,1,4-Seam Fastball,2,0,0,2,0,2,0,2,Standard,Standard,197,-0.001,0.037,,,,-0.037,,2,-2,0.754,0.246,21,28,22,29,2,1,8,1,8,2,0.94,0.01,-0.01,68.1,,,,,
ST,2025-10-05,85,-2.37,5.46,"Schneider, Davis",676914,701542,,ball,,,,,14,Ball,D,R,R,TOR,NYY,B,,,1,2,2025,1.3,0.03,1.595125641493488,1.979729746611261,,,,2,5,Bot,,,,,,,6.706683377519658,-123.67337583533782,-1.881331655312891,11.944677931499722,25.813892512282536,-31.662006606831234,3.05066663083008,1.59258623225827,,,,85.2,3018,6.5,813062,669224,700250,665862,641857,683011,641355,663757,592450,53.96,,,,,,,,46,5,Sweeper,12,0,12,0,0,12,12,0,Infield shade,Standard,60,0,0.042,,,,-0.042,,12,12,0.999,0.999,26,26,26,26,2,3,9,7,,2,3.13,-1.3,-1.3,30.0,,,,,
CU,2025-10-05,74.7,1.31,5.99,"Kiner-Falefa, Isiah",643396,608331,field_out,hit_into_play,,,,,3,Isiah Kiner-Falefa flies out to center fielder Trent Grisham.,D,R,L,TOR,NYY,X,8,fly_ball,1,0,2025,-0.93,-0.96,0.3189808006159459,2.698317977633006,,676391,,2,3,Bot,142.76,80.3,,,,,-0.40491287608743454,-108.72261817734552,2.163131400600115,-7.248566268837555,20.327857749372402,-40.39060117757859,3.23,1.47,298,87.5,39,74.7,2795,6.4,813062,669224,700250,665862,641857,683011,641355,663757,592450,54.06,0.005,0.005,0,1,0,0,3,26,2,Curveball,5,0,5,0,0,5,5,0,Standard,Standard,321,-0.008,-0.308,65.8,7.3,0.005,0.308,88.0,5,5,0.929,0.929,31,30,31,30,2,1,5,1,,2,5.07,-0.93,0.93,49.0,9.862396761977596,4.692542905816098,24.036752205256487,40.100290560273976,34.17948354287019
SL,2025-10-05,84.9,-2.14,4.86,"Báez, Javier",595879,622491,,bunt_foul_tip,,,,,14,Foul Tip,D,R,R,SEA,DET,S,,,0,0,2025,-0.07,0.15,1.4943676132931776,1.4255229215331782,,690993,656716,1,2,Top,,,,,,,8.528060649551122,-123.47088879081974,-2.004755033952,-2.3801075034676193,24.10772988066978,-30.410535558700467,3.51,1.64,,,,84,2325,5.7,813057,663728,647304,593871,553993,641487,668227,677594,645302,54.84,,,,,,,,12,1,Slider,0,0,0,0,0,0,0,0,Standard,Standard,21,0.007,-0.033,5.8,2.8,,0.033,,0,0,0.458,0.542,32,32,33,33,1,0,11,1,5,2,3.01,0.07,0.07,13.6,-34.654894304875434,-170.3104062752023,73.02427056551706,52.79057745170383,8.371027100069517
SI,2025-10-05,98.9,1.86,6.06,"Arozarena, Randy",668227,669373,,called_strike,,,,,4,Called Strike,D,R,L,SEA,DET,S,,,2,1,2025,0.96,1.01,-0.6682864071535856,2.7594215903653048,,,645302,1,3,Bot,,,,,,,-9.175059763384638,-143.67535746004663,-5.974640503434902,15.443517856455356,31.985232185789545,-16.888574754539057,3.33067688590825,1.61858127300397,,,,99.4,2278,6.6,813057,693307,679529,650402,656716,595879,682985,678009,681481,53.91,,,,,,,,22,4,Sinker,0,0,0,0,0,0,0,0,Standard,Standard,154,-0.009,-0.075,,,,0.075,,0,0,0.562,0.562,28,30,29,30,2,1,5,1,5,2,1.32,0.96,-0.96,45.3,,,,,
FF,2025-10-05,93.4,-2.4,5.43,"Schneider, Davis",676914,701542,,foul,,,,,2,Foul,D,R,R,TOR,NYY,S,,,1,2,2025,-0.71,1.3,0.2265602383166757,2.6674040111977395,,,,2,5,Bot,,,,,,,8.397977237731647,-135.86389189193224,-4.3160608318860465,-10.536055793565389,26.864591781403835,-15.270175891399772,3.11,1.52,84,93,77,94.6,2632,6.8,813062,669224,700250,665862,641857,683011,641355,663757,592450,53.7,,,,,,,,46,4,4-Seam Fastball,12,0,12,0,0,12,12,0,Strategic,Standard,219,0,0,71.8,6.8,,0,93.0,12,12,0.999,0.999,26,26,26,26,2,3,9,7,,2,1.3,0.71,0.71,26.3,19.718510627073357,-0.21102714416176402,34.39735473046212,35.65903742229613,33.050996737738714
SL,2025-10-05,92.1,2.1,5.95,"Arozarena, Randy",668227,669373,,swinging_strike,,,,,13,Swinging Strike,D,R,L,SEA,DET,S,,,2,0,2025,-0.39,0.26,-0.5892662689480263,1.279579972810266,,,645302,1,3,Bot,,,,,,,-6.023996036173954,-134.01270992475366,-6.708208265305836,-3.594128605568122,25.54032847941927,-27.873318800878675,3.4,1.68,,,,93.3,2267,6.7,813057,693307,679529,650402,656716,595879,682985,678009,681481,53.78,,,,,,,,22,3,Slider,0,0,0,0,0,0,0,0,Standard,Standard,172,-0.008,-0.062,35.4,7.0,,0.062,,0,0,0.57,0.57,28,30,29,30,2,1,5,1,5,2,2.4,-0.39,0.39,44.1,7.371658529661422,15.305580522141625,15.378143055898574,27.578455721288538,25.273114506530828
CU,2025-10-05,75.7,1.09,6.12,"Kiner-Falefa, Isiah",643396,608331,,ball,,,,,11,Ball,D,R,L,TOR,NYY,B,,,0,0,2025,-1.11,-1.25,-0.8468843102321458,3.2741049670243214,,676391,,2,3,Bot,,,,,,,-2.0435911272701164,-110.09383901224037,3.530835181662458,-8.505144071814026,22.932064975833967,-43.22417192803415,3.29064817122863,1.52294235483127,,,,75.2,3013,6.4,813062,669224,700250,665862,641857,683011,641355,663757,592450,54.12,,,,,,,,26,1,Curveball,5,0,5,0,0,5,5,0,Standard,Standard,325,0,0.019,,,,-0.019,,5,5,0.929,0.929,31,30,31,30,2,1,5,1,,2,5.29,-1.11,1.11,50.2,,,,,
SI,2025-10-05,95.7,-1.95,5.01,"McKinstry, Zach",656716,622491,walk,ball,,,,,14,Zach McKinstry walks. Colt Keith to 2nd.,D,L,R,SEA,DET,B,,,3,2,2025,-1.77,0.47,0.9317530275720294,1.978482534913028,,,690993,1,2,Top,,,,,,,11.453199071931094,-138.85037156932574,-3.3830489668657706,-25.441993551786865,31.05278430103485,-25.54510880667339,3.33816983012195,1.65502063388075,,,,94.7,2103,5.9,813057,663728,647304,593871,553993,641487,668227,677594,645302,54.65,,0.691497,0.7,1,0,0,,11,6,Sinker,0,0,0,0,0,0,0,0,Infield shade,Standard,236,-0.033,0.266,,,,-0.266,,0,0,0.491,0.509,32,30,33,30,1,0,11,1,5,2,2.04,1.77,-1.77,15.5,,,,,
FS,2025-10-05,83.9,-0.49,7.23,"Wells, Austin",669224,702056,strikeout,swinging_strike_blocked,,,,,13,Austin Wells strikes out swinging.,D,L,R,TOR,NYY,S,2,,0,2,2025,-1.07,0.27,-0.9115017765742084,0.8371858006773398,,,,1,3,Top,,,,,,,1.1504688146743822,-121.89645285241554,-8.845067645402473,-10.899721518395967,24.704952420434225,-27.913787099589154,3.55,1.62,,,,83.4,1366,6.1,813062,672386,665489,643396,676391,665926,676914,662139,664702,54.37,,0,0,1,0,0,,18,3,Split-Finger,2,0,0,2,0,2,0,2,Infield shade,Standard,216,0.011,-0.163,67.1,8.8,,0.163,,2,-2,0.743,0.257,21,25,22,26,1,0,8,1,8,2,2.99,1.07,-1.07,68.7,21.932571719553945,-25.13415633745513,34.85631593040417,43.48102406955111,43.31372705916856
CH,2025-10-05,86.1,1.49,5.62,"Clement, Ernie",676391,608331,single,hit_into_play,,,,,13,Ernie Clement singles on a line drive to left fielder Cody Bellinger. Daulton Varsho scores. Ernie Clement to 2nd.,D,R,L,TOR,NYY,X,7,line_drive,1,2,2025,1.28,0.11,-0.38910152209047055,1.3307164424666111,,662139,,2,3,Bot,69.67,104.4,,,,,-7.107261780854271,-125.19670406420788,-4.153975467558592,14.915966265402965,25.992511303995645,-30.383604399616164,3.34,1.55,197,92.5,12,86.6,1465,6.7,813062,669224,700250,665862,641857,683011,641355,663757,592450,53.76,0.914,0.868,0.9,1,1,0,4,25,4,Changeup,4,0,4,0,0,5,5,0,Infield shade,Standard,125,0.044,0.754,63.1,7.2,1.052,-0.754,92.5,4,4,0.885,0.885,31,29,31,29,2,1,5,1,,2,2.98,1.28,-1.28,40.0,8.394666080395014,-12.666938595717124,45.884573998412094,32.75633658851309,35.99040667982799
FF,2025-10-05,98.5,1.46,6.26,"Arozarena, Randy",668227,669373,,ball,,,,,14,Ball,D,R,L,SEA,DET,B,,,1,0,2025,0.33,1.46,1.2868000633556267,2.3748148512922955,,,645302,1,3,Bot,,,,,,,-1.246428265003874,-143.31402548552984,-8.491274538619361,4.820896912102153,32.99992151472329,-10.360062530899484,3.35392143135153,1.71775333530385,,,,98.8,2414,6.4,813057,693307,679529,650402,656716,595879,682985,678009,681481,54.07,,,,,,,,22,2,4-Seam Fastball,0,0,0,0,0,0,0,0,Standard,Standard,158,0.008,0.068,,,,-0.068,,0,0,0.562,0.562,28,30,29,30,2,1,5,1,5,2,0.89,0.33,-0.33,51.7,,,,,
CU,2025-10-05,83.1,-2.34,5.78,"Schneider, Davis",676914,701542,,foul,,,,,9,Foul,D,R,R,TOR,NYY,S,,,1,1,2025,0.63,-0.86,0.35661132983735805,1.6563145259268435,,,,2,5,Bot,,,,,,,4.993987809139417,-121.09796830754536,-1.350967152321051,5.26672592171446,22.18362238020117,-40.674456206437725,3.11,1.52,2,52.4,-42,83.8,2816,6.5,813062,669224,700250,665862,641857,683011,641355,663757,592450,53.96,,,,,,,,46,3,Curveball,12,0,12,0,0,12,12,0,Infield shade,Standard,54,0,-0.062,79.2,7.8,,0.062,88.0,12,12,0.999,0.999,26,26,26,26,2,3,9,7,,2,4.14,-0.63,-0.63,37.2,23.604342052403748,-26.774536479007036,35.205152619622474,37.62105442707211,42.367266618895854
FF,2025-10-05,96.1,-2.03,5.22,"McKinstry, Zach",656716,622491,,ball,,,,,3,Ball,D,L,R,SEA,DET,B,,,2,2,2025,-1.2,1.08,0.800738965029012,2.85433425225965,,,690993,1,2,Top,,,,,,,10.053688765895899,-139.65475302300433,-3.1008117866738942,-17.950812875710355,30.434909247918977,-17.446791489183546,3.33477986251354,1.59098668405198,,,,94.8,2347,5.5,813057,663728,647304,593871,553993,641487,668227,677594,645302,54.97,,,,,,,,11,5,4-Seam Fastball,0,0,0,0,0,0,0,0,Infield shade,Standard,232,-0.011,0.098,,,,-0.098,,0,0,0.502,0.498,32,30,33,30,1,0,11,1,5,2,1.38,1.2,-1.2,20.4,,,,,
FS,2025-10-05,83.3,-0.21,7.26,"Wells, Austin",669224,702056,,called_strike,,,,,2,Called Strike,D,L,R,TOR,NYY,S,,,0,1,2025,-1.2,0.31,-0.17893252010857663,3.3403771821085,,,,1,3,Top,,,,,,,2.4117070657263664,-121.24604238811138,-3.128720490680574,-12.243021505834054,24.901978222023367,-28.67698311042776,3.67282928147153,1.71535410423917,,,,83,1324,6.2,813062,672386,665489,643396,676391,665926,676914,662139,664702,54.3,,,,,,,,18,2,Split-Finger,2,0,0,2,0,2,0,2,Standard,Standard,219,0.004,-0.052,,,,0.052,,2,-2,0.739,0.261,21,25,22,26,1,0,8,1,8,2,2.98,1.2,-1.2,67.7,,,,,
FC,2025-10-05,95.1,1.14,5.89,"Clement, Ernie",676391,608331,,foul,,,,,11,Foul,D,R,L,TOR,NYY,S,,,1,1,2025,-0.23,0.53,-0.8627060899456152,3.8164913417464974,,662139,,2,3,Bot,,,,,,,-4.755061830186013,-138.51635579835445,-1.0316507450978358,-2.0363326042780203,27.478766010508853,-25.306976241230803,3.34,1.55,175,65.3,53,96,2390,6.5,813062,669224,700250,665862,641857,683011,641355,663757,592450,53.98,,,,,,,,25,3,Cutter,4,0,4,0,0,4,4,0,Standard,Standard,152,-0.003,-0.056,47.1,4.7,,0.056,88.0,4,4,0.888,0.888,31,29,31,29,2,1,5,1,,2,1.96,-0.23,0.23,43.3,2.4385914801300514,26.091785051126074,21.90253793502658,26.59031510344267,16.771874306974794
CH,2025-10-05,87.9,1.92,6.1,"Arozarena, Randy",668227,669373,,ball,,,,,13,Ball,D,R,L,SEA,DET,B,,,0,0,2025,1.12,0.15,-0.9361043608426634,1.9666773886187605,,,645302,1,3,Bot,,,,,,,-9.274385581705701,-127.56705425683063,-4.1774017141699975,14.2067192800146,27.33912201507823,-29.783514744676474,3.23722065930627,1.60215776589422,,,,88,1828,6.6,813057,693307,679529,650402,656716,595879,682985,678009,681481,53.89,,,,,,,,22,1,Changeup,0,0,0,0,0,0,0,0,Standard,Standard,138,0.004,0.035,,,,-0.035,,0,0,0.558,0.558,28,30,29,30,2,1,5,1,5,2,2.82,1.12,-1.12,46.4,,,,,
ST,2025-10-05,85.4,-2.31,5.54,"Schneider, Davis",676914,701542,,ball,,,,,14,Ball,D,R,R,TOR,NYY,B,,,0,1,2025,1.37,0.34,2.3510339962671756,0.8962365201074065,,,,2,5,Bot,,,,,,,8.271454906185733,-124.03012925140831,-5.229212154199065,12.033586114641295,28.81046491567859,-27.742471372214705,3.14751714608518,1.59980029556505,,,,85.5,3038,6.8,813062,669224,700250,665862,641857,683011,641355,663757,592450,53.68,,,,,,,,46,2,Sweeper,12,0,12,0,0,12,12,0,Infield shade,Standard,55,0,0.027,,,,-0.027,,12,12,0.999,0.999,26,26,26,26,2,3,9,7,,2,2.84,-1.37,-1.37,28.3,,,,,
FF,2025-10-05,95.5,-2.11,5.13,"McKinstry, Zach",656716,622491,,foul,,,,,1,Foul,D,L,R,SEA,DET,S,,,2,1,2025,-1.02,1.04,-0.4779410916889151,3.18088547380696,,,690993,1,2,Top,,,,,,,6.493671091002307,-138.95904895924795,-1.8287023355167444,-14.703089373633736,31.77570969606066,-18.525422211670993,3.28,1.52,235,74.7,30,94.1,2136,5.5,813057,663728,647304,593871,553993,641487,668227,677594,645302,54.97,,,,,,,,11,4,4-Seam Fastball,0,0,0,0,0,0,0,0,Standard,Standard,235,0.009,-0.075,57.2,6.2,,0.075,88.0,0,0,0.493,0.507,32,30,33,30,1,0,11,1,5,2,1.46,1.02,-1.02,18.3,-3.881907798439679,12.424195923692029,29.128493880189602,40.613283700581746,13.554659531803207
FS,2025-10-05,84,-0.35,7.2,"Wells, Austin",669224,702056,,called_strike,,,,,7,Called Strike,D,L,R,TOR,NYY,S,,,0,0,2025,-1.34,0.52,-0.43784744173224577,1.991198245189986,,,,1,3,Top,,,,,,,2.4328188704562335,-122.18215449268328,-6.63055296475085,-13.827689371880911,25.635856246643602,-25.78715602563404,3.68839104281053,1.74944369067625,,,,83.5,1518,6.1,813062,672386,665489,643396,676391,665926,676914,662139,664702,54.4,,,,,,,,18,1,Split-Finger,2,0,0,2,0,2,0,2,Standard,Standard,215,0.003,-0.039,,,,0.039,,2,-2,0.736,0.264,21,25,22,26,1,0,8,1,8,2,2.73,1.34,-1.34,66.3,,,,,
FF,2025-10-05,93.2,-2.37,5.55,"Schneider, Davis",676914,701542,,swinging_strike,,,,,12,Swinging Strike,D,R,R,TOR,NYY,S,,,0,0,2025,-0.54,1.34,0.8775300963013001,2.894462751927367,,,,2,5,Bot,,,,,,,9.56862091379589,-135.36714360622955,-3.9914119494963765,-8.741383614467857,30.459139774574602,-14.990602756296472,3.11,1.52,,,,93.5,2624,6.6,813062,669224,700250,665862,641857,683011,641355,663757,592450,53.85,,,,,,,,46,1,4-Seam Fastball,12,0,12,0,0,12,12,0,Infield shade,Standard,225,0,-0.043,,,,0.043,,12,12,0.999,0.999,26,26,26,26,2,3,9,7,,2,1.3,0.54,0.54,27.5,,,,,
CH,2025-10-05,88.7,2,5.89,"Crawford, J.P.",641487,669373,strikeout,foul_tip,,,,,9,J.P. Crawford strikes out on a foul tip.,D,L,L,SEA,DET,S,2,,0,2,2025,1.33,0.19,0.6176109295838745,1.6809661602578654,,,645302,0,3,Bot,,,,,,,-6.194241302695223,-129.05488538910066,-4.634540716912755,16.180932166553955,27.483304443204315,-29.290837274099427,3.25,1.54,,,,88.9,1608,6.5,813057,693307,679529,650402,656716,595879,682985,678009,681481,54.02,,0,0,1,0,0,,21,5,Changeup,0,0,0,0,0,0,0,0,Infield shade,Standard,128,-0.022,-0.148,77.2,8.5,,0.148,,0,0,0.58,0.58,28,30,29,30,1,0,5,1,5,2,2.72,1.33,1.33,41.7,21.3516757295595,-30.34794888778064,34.75649683992318,29.327970012555966,47.92769877478974
SI,2025-10-05,95.2,-2.11,4.95,"McKinstry, Zach",656716,622491,,ball,,,,,13,Ball,D,L,R,SEA,DET,B,,,1,1,2025,-1.56,0.26,-1.8019646617627925,1.8251782051794336,,,690993,1,2,Top,,,,,,,4.259912234790596,-138.65132180901264,-3.131294678969135,-21.119136338814517,31.220850458617644,-28.280868068635087,3.34001111067055,1.63683744605144,,,,93.9,2015,5.5,813057,663728,647304,593871,553993,641487,668227,677594,645302,54.99,,,,,,,,11,3,Sinker,0,0,0,0,0,0,0,0,Standard,Standard,243,-0.006,0.063,,,,-0.063,,0,0,0.499,0.501,32,30,33,30,1,0,11,1,5,2,2.25,1.56,-1.56,14.9,,,,,
FF,2025-10-05,97.6,0.81,6.14,"Clement, Ernie",676391,608331,,ball,,,,,11,Ball,D,R,L,TOR,NYY,B,,,0,1,2025,0.03,1.25,-0.19766055236317873,4.906410657258555,,662139,,2,3,Bot,,,,,,,-2.795464238631556,-142.16396167789622,-0.680385548341192,1.0203559297062095,33.23718530665926,-15.308778678521762,3.41071319380062,1.61782559059148,,,,98.2,2217,6.6,813062,669224,700250,665862,641857,683011,641355,663757,592450,53.89,,,,,,,,25,2,4-Seam Fastball,4,0,4,0,0,4,4,0,Infield shade,Standard,156,0.001,0.015,,,,-0.015,,4,4,0.887,0.887,31,29,31,29,2,1,5,1,,2,1.14,0.03,-0.03,54.4,,,,,
FF,2025-10-05,95.3,-0.4,7.07,"Volpe, Anthony",683011,702056,strikeout,swinging_strike,,,,,5,Anthony Volpe strikes out swinging.,D,R,R,TOR,NYY,S,2,,2,2,2025,-0.44,1.67,-0.213938727677503,2.3989380238414575,,,,0,3,Top,,,,,,,1.4875894236300595,-138.3984882793586,-10.32012087045946,-5.998266072890553,32.940169878600386,-8.638367094711333,3.42,1.61,,,,95,2266,6.4,813062,672386,665489,643396,676391,665926,676914,662139,664702,54.14,,0,0,1,0,0,,17,5,4-Seam Fastball,2,0,0,2,0,2,0,2,Standard,Standard,192,0.02,-0.232,75.7,7.3,,0.232,,2,-2,0.716,0.28400000000000003,21,24,22,24,1,0,8,1,8,2,0.87,0.44,0.44,63.8,8.404397934828932,11.939538505727855,35.07007555996694,36.397921129887976,20.517791791351705
SI,2025-10-05,93.6,-2.28,5.48,"Springer, George",543807,701542,home_run,hit_into_play,,,,,4,George Springer homers (1) on a fly ball to center field.,D,R,R,TOR,NYY,X,,fly_ball,0,0,2025,-1.37,0.65,-0.6341336084060853,2.3156799006517472,,,,2,5,Bot,85.35,41.02,,,,,7.319135782806301,-136.04752603263037,-3.789138542346307,-18.660812265012375,33.989593822762124,-23.46500574311726,3.58,1.65,403,108.1,23,93.6,2415,6.7,813062,669224,700250,665862,641857,683011,641355,663757,592450,53.84,0.861,1.671750000000001,2,1,0,3,6,45,1,Sinker,11,0,11,0,0,12,12,0,Strategic,Standard,236,0,2.596,77.5,7.3,3.262,-2.596,108.1,11,11,0.999,0.999,26,35,26,36,2,3,9,1,,2,1.99,1.37,1.37,27.7,8.561770081644555,-1.7889316879989623,35.350931040419695,28.95653463056976,26.128022702283324
FF,2025-10-05,94.2,-0.33,7.11,"Volpe, Anthony",683011,702056,,foul,,,,,6,Foul,D,R,R,TOR,NYY,S,,,2,1,2025,-0.11,1.58,0.6017550762117994,2.619668419774421,,,,0,3,Top,,,,,,,2.6569342110543883,-136.88269048214778,-9.4459124392643,-2.00547334661693,31.03376666356072,-10.367023975834606,3.42,1.61,279,84.1,37,94,2204,6.3,813062,672386,665489,643396,676391,665926,676914,662139,664702,54.17,,,,,,,,17,4,4-Seam Fastball,2,0,0,2,0,2,0,2,Standard,Standard,189,0.008,-0.073,61.2,6.6,,0.073,88.0,2,-2,0.708,0.29200000000000004,21,24,22,24,1,0,8,1,8,2,1,0.11,0.11,67.5,-2.6371564353642354,33.06578506564456,30.910921940539836,46.210687595011095,5.686340270079496
SI,2025-10-05,94.2,1.29,5.85,"Clement, Ernie",676391,608331,,foul,,,,,2,Foul,D,R,L,TOR,NYY,S,,,0,0,2025,0.64,0.23,0.247872039600619,3.1025834531897063,,662139,,2,3,Bot,,,,,,,-4.1620752930961995,-137.29272975750123,-2.0498080163478245,8.99737799003529,26.768477904701975,-28.997224021256258,3.34,1.55,197,80.5,59,95.4,2092,6.6,813062,669224,700250,665862,641857,683011,641355,663757,592450,53.88,,,,,,,,25,1,Sinker,4,0,4,0,0,4,4,0,Infield shade,Standard,142,-0.002,-0.04,65.9,6.6,,0.04,88.0,4,4,0.889,0.889,31,29,31,29,2,1,5,1,,2,2.3,0.64,-0.64,41.7,6.172136409132665,5.15772831731504,25.702386878518112,39.951501815038505,22.992042990566087
SL,2025-10-05,92.1,2.11,5.98,"Crawford, J.P.",641487,669373,,foul,,,,,2,Foul,D,L,L,SEA,DET,S,,,0,2,2025,-0.23,0.57,-0.25660520964378675,2.788280046887661,,,645302,0,3,Bot,,,,,,,-5.534545721916229,-134.10549770483672,-3.585807627581731,-1.7465506624663962,25.471296268535887,-24.719714929112428,3.25,1.54,134,68.9,68,92.8,2275,6.4,813057,693307,679529,650402,656716,595879,682985,678009,681481,54.08,,,,,,,,21,4,Slider,0,0,0,0,0,0,0,0,Infield shade,Standard,177,0,0,68.2,7.1,,0,88.0,0,0,0.58,0.58,28,30,29,30,1,0,5,1,5,2,2.09,-0.23,-0.23,44.8,0.572776648309116,4.7359229270476675,28.03693956984375,41.0980197897333,34.18137375524759
FF,2025-10-05,95.6,-1.93,5.26,"McKinstry, Zach",656716,622491,,ball,,,,,12,Ball,D,L,R,SEA,DET,B,,,0,1,2025,-1.01,1.16,0.5051565426556299,4.02192909200373,,,690993,1,2,Top,,,,,,,8.590245614821685,-138.96123700163076,-0.216201260841757,-15.086889700075218,32.78410326284188,-17.416624339784814,3.35336737197092,1.63940056514227,,,,94.2,2273,5.6,813057,663728,647304,593871,553993,641487,668227,677594,645302,54.86,,,,,,,,11,2,4-Seam Fastball,0,0,0,0,0,0,0,0,Standard,Standard,233,-0.003,0.019,,,,-0.019,,0,0,0.502,0.498,32,30,33,30,1,0,11,1,5,2,1.35,1.01,-1.01,18.8,,,,,
FF,2025-10-05,93.5,-0.38,7.12,"Volpe, Anthony",683011,702056,,called_strike,,,,,4,Called Strike,D,R,R,TOR,NYY,S,,,2,0,2025,-0.21,1.51,-0.6261387907999987,2.513305729569002,,,,0,3,Top,,,,,,,-0.1715166304903478,-135.9591181978603,-9.466647313167815,-2.5420134357101625,28.829177870657837,-11.564536713837086,3.47854422580251,1.65106636388229,,,,93.5,2184,6.3,813062,672386,665489,643396,676391,665926,676914,662139,664702,54.23,,,,,,,,17,3,4-Seam Fastball,2,0,0,2,0,2,0,2,Standard,Standard,194,0.009,-0.072,,,,0.072,,2,-2,0.699,0.30100000000000005,21,24,22,24,1,0,8,1,8,2,1.09,0.21,0.21,62.8,,,,,
FF,2025-10-05,94.6,-2.3,5.46,"Straw, Myles",664702,701542,strikeout,swinging_strike,,,,,2,Myles Straw strikes out swinging.,D,R,R,TOR,NYY,S,2,,2,2,2025,-0.61,1.4,0.007632773482116106,3.2988109192451898,,,,1,5,Bot,,,,,,,7.425796132913407,-137.5640123912614,-3.0793476678522533,-9.372089724380942,31.212960004554695,-13.899825026177455,3.44,1.6,,,,95.3,2637,6.8,813062,669224,700250,665862,641857,683011,641355,663757,592450,53.71,,0,0,1,0,0,,44,5,4-Seam Fastball,11,0,11,0,0,11,11,0,Strategic,Standard,215,0,-0.228,72.5,6.5,,0.228,,11,11,0.999,0.999,26,30,26,31,1,2,9,1,,3,1.15,0.61,0.61,28.3,4.064705575084636,5.418588508566909,27.469224358719607,34.86983558521168,22.198003138587897
SI,2025-10-05,96.4,1.22,5.93,"Varsho, Daulton",662139,608331,double,hit_into_play,,,,,8,Daulton Varsho doubles (3) on a ground ball to right fielder Aaron Judge. Vladimir Guerrero Jr. scores.,D,L,L,TOR,NYY,X,9,ground_ball,0,0,2025,0.76,0.4,0.20179636076183372,1.931315003779849,,665489,,2,3,Bot,141.04,186.78,,,,,-4.432950477435451,-140.3057949784626,-6.017129103998135,10.977205438982875,29.921330805064482,-25.833609049825434,3.37,1.52,54,106.7,1,97.1,2219,6.5,813062,669224,700250,665862,641857,683011,641355,663757,592450,53.96,0.544,0.499,1.25,1,1,1,4,24,1,Sinker,3,0,3,0,0,4,4,0,Standard,Standard,148,0.057,0.904,79.4,8.1,0.6,-0.904,106.7,3,3,0.832,0.832,31,28,31,29,2,1,5,1,,2,2.05,0.76,0.76,46.8,9.867028887598327,-10.15008379984962,32.368551930333375,32.88158997031226,32.1016360130953
SI,2025-10-05,94.9,-1.99,5,"McKinstry, Zach",656716,622491,,foul,,,,,5,Foul,D,L,R,SEA,DET,S,,,0,0,2025,-1.73,0.45,0.18906602371821757,2.223708146958984,,,690993,1,2,Top,,,,,,,9.433876836167345,-137.83792383404554,-2.5106708291969975,-24.18829373745689,33.4244504696054,-26.067211523758868,3.28,1.52,240,80.2,50,93.4,2036,5.7,813057,663728,647304,593871,553993,641487,668227,677594,645302,54.78,,,,,,,,11,1,Sinker,0,0,0,0,0,0,0,0,Standard,Standard,235,0.005,-0.04,66.7,6.5,,0.04,88.0,0,0,0.497,0.503,32,30,33,30,1,0,11,1,5,2,2.11,1.73,-1.73,15.0,7.766318350313594,-5.671429662284762,42.891516173115996,32.28685886319855,23.21313408047992
FF,2025-10-05,98.9,1.57,6.11,"Crawford, J.P.",641487,669373,,foul,,,,,14,Foul,D,L,L,SEA,DET,S,,,0,2,2025,0.32,1.48,1.1600739433810898,2.3231384888070563,,,645302,0,3,Bot,,,,,,,-1.8752377628702388,-143.82491352907522,-8.345983472297318,4.893654903976902,34.37975315882135,-9.865557607765302,3.25,1.54,157,59.6,33,99.1,2366,6.5,813057,693307,679529,650402,656716,595879,682985,678009,681481,54,,,,,,,,21,3,4-Seam Fastball,0,0,0,0,0,0,0,0,Infield shade,Standard,157,0,0,71.7,6.8,,0,88.0,0,0,0.58,0.58,28,30,29,30,1,0,5,1,5,2,0.86,0.32,0.32,46.8,-3.7902391748557975,1.8324100523408913,47.034304751726644,23.58331901316086,29.860736544134056
FF,2025-10-05,93.3,-2.26,5.57,"Straw, Myles",664702,701542,,swinging_strike,,,,,2,Swinging Strike,D,R,R,TOR,NYY,S,,,2,1,2025,-0.52,1.4,0.2484322913215553,2.8736480366619075,,,,1,5,Bot,,,,,,,7.628819612130451,-135.6999339810715,-4.265849237719898,-8.076908445605744,29.696057318978248,-14.138625993361448,3.44,1.6,,,,93.8,2619,6.6,813062,669224,700250,665862,641857,683011,641355,663757,592450,53.88,,,,,,,,44,4,4-Seam Fastball,11,0,11,0,0,11,11,0,Strategic,Standard,210,0,-0.07,69.2,7.1,,0.07,,11,11,0.999,0.999,26,30,26,31,1,2,9,1,,3,1.22,0.52,0.52,30.3,9.749842375793925,3.7506147659579208,30.368367046594496,38.79574667532947,26.198542796592665
SI,2025-10-05,98.9,1.05,5.87,"Kirk, Alejandro",672386,608331,field_out,hit_into_play,,,,,14,"Alejandro Kirk grounds out, first baseman Ben Rice to pitcher Max Fried. Davis Schneider scores. Vladimir Guerrero Jr. to 2nd.",D,R,L,TOR,NYY,X,3,ground_ball,2,2,2025,0.98,0.49,0.8566409122324813,1.7896875282072953,676914,,665489,1,3,Bot,146.44,179.46,,,,,-2.810504172298004,-143.9874829448765,-6.91653157576595,14.24393727071983,31.635239197921944,-24.014159242337474,3.13,1.5,1,66.3,-55,99.9,2188,6.7,813062,669224,700250,665862,641857,683011,641355,663757,592450,53.82,0.192,0.176,0,1,0,0,2,23,5,Sinker,2,0,2,0,0,3,3,0,Strategic,Standard,145,0.027,-0.237,69.0,6.7,0.192,0.237,88.0,2,2,0.805,0.805,31,26,31,27,2,1,5,1,,2,1.83,0.98,-0.98,44.8,-11.250262490919916,28.126217686905182,25.3889712248804,50.295940576884405,11.908777578957354
SI,2025-10-05,96.6,1.75,6.14,"Crawford, J.P.",641487,669373,,foul,,,,,2,Foul,D,L,L,SEA,DET,S,,,0,1,2025,0.87,1.19,-0.13041403895300718,2.9653991557394868,,,645302,0,3,Bot,,,,,,,-7.007730112166786,-140.40146181720914,-5.598723214322391,13.134175521297248,32.456979314025055,-15.398137316555784,3.25,1.54,21,99.2,-7,96.8,2373,6.5,813057,693307,679529,650402,656716,595879,682985,678009,681481,53.99,,,,,,,,21,2,Sinker,0,0,0,0,0,0,0,0,Standard,Standard,157,-0.009,-0.053,57.7,5.7,,0.053,99.2,0,0,0.589,0.589,28,30,29,30,1,0,5,1,5,2,1.27,0.87,0.87,49.3,-14.647413359497007,46.50334429582722,32.22967219551179,39.83186848644234,12.339541455798937
FF,2025-10-05,95.4,-1.97,5.21,"Dingler, Dillon",693307,622491,field_out,hit_into_play,,,,,1,Dillon Dingler pops out to second baseman Jorge Polanco.,D,R,R,SEA,DET,X,4,popup,0,1,2025,-1.37,0.95,-0.3591552383856227,2.855030749847913,,,690993,0,2,Top,130.3,130.05,,,,,7.224861932326818,-138.6395042542135,-2.5956862226406514,-19.370046104727372,34.480389101341785,-19.62145147238154,3.38,1.51,177,79.1,58,93.7,2372,5.6,813057,663728,647304,593871,553993,641487,668227,677594,645302,54.87,0.041,0.05,0,1,0,0,3,10,2,4-Seam Fastball,0,0,0,0,0,0,0,0,Standard,Standard,237,0.03,-0.199,73.3,7.6,0.072,0.199,88.0,0,0,0.467,0.5329999999999999,32,26,33,27,1,0,11,1,5,2,1.59,1.37,1.37,20.5,13.370576587949671,-2.7869078219868917,38.5024723505296,32.35048870258778,29.56318236601649
SL,2025-10-05,88.7,-0.5,7.26,"Volpe, Anthony",683011,702056,,ball,,,,,13,Ball,D,R,R,TOR,NYY,B,,,1,0,2025,-0.13,0.5,-1.017800292923775,2.3455251287360133,,,,0,3,Top,,,,,,,-0.9706325007709071,-129.1410673041578,-7.037892684594333,-1.3200788835032717,24.79495359399878,-25.370125186061266,3.52165908101854,1.66830742116444,,,,88.6,2270,6,813062,672386,665489,643396,676391,665926,676914,662139,664702,54.47,,,,,,,,17,2,Slider,2,0,0,2,0,2,0,2,Standard,Standard,197,-0.009,0.077,,,,-0.077,,2,-2,0.708,0.29200000000000004,21,24,22,24,1,0,8,1,8,2,2.37,0.13,0.13,65.9,,,,,
ST,2025-10-05,81.7,-2.46,5.57,"Straw, Myles",664702,701542,,ball,,,,,11,Ball,D,R,R,TOR,NYY,B,,,1,1,2025,1.37,-0.04,-1.7936839962226676,3.173571882729162,,,,1,5,Bot,,,,,,,-1.1413559082989604,-118.9476977952924,1.3569557710560674,13.127855453685225,26.24858385171343,-33.098523797818494,3.52710681535464,1.70614860405425,,,,81.3,2912,6.3,813062,669224,700250,665862,641857,683011,641355,663757,592450,54.16,,,,,,,,44,3,Sweeper,11,0,11,0,0,11,11,0,Strategic,Standard,64,0,0.055,,,,-0.055,,11,11,0.999,0.999,26,30,26,31,1,2,9,1,,3,3.49,-1.37,-1.37,31.0,,,,,
CH,2025-10-05,87.8,1.51,5.62,"Kirk, Alejandro",672386,608331,,swinging_strike_blocked,,,,,14,Swinging Strike (Blocked),D,R,L,TOR,NYY,S,,,2,1,2025,1.44,0.4,0.5009304878692737,0.7023883344619648,676914,,665489,1,3,Bot,,,,,,,-5.469172095000899,-127.58606921292797,-6.6272951271730856,16.865631292325894,26.20126668104431,-26.616590386863493,3.13,1.5,,,,88.4,1578,6.7,813062,669224,700250,665862,641857,683011,641355,663757,592450,53.79,,,,,,,,23,4,Changeup,2,0,2,0,0,2,2,0,Strategic,Standard,123,-0.009,-0.069,73.2,8.4,,0.069,,2,2,0.814,0.814,31,26,31,27,2,1,5,1,,2,2.56,1.44,-1.44,37.9,15.360953233138124,-15.500944576087338,28.38591570562765,44.82116966050109,37.57649604276131
FF,2025-10-05,94.4,-0.33,7.15,"Volpe, Anthony",683011,702056,,ball,,,,,12,Ball,D,R,R,TOR,NYY,B,,,0,0,2025,-0.17,1.65,0.338629646562965,3.8404865293053425,,,,0,3,Top,,,,,,,2.124937520762465,-137.37747766541517,-6.5804811522478825,-2.665103549004709,31.264589699808955,-10.019673882955452,3.53291105609938,1.65341561377602,,,,94.2,2168,6.2,813062,672386,665489,643396,676391,665926,676914,662139,664702,54.3,,,,,,,,17,1,4-Seam Fastball,2,0,0,2,0,2,0,2,Standard,Standard,192,-0.004,0.041,,,,-0.041,,2,-2,0.712,0.28800000000000003,21,24,22,24,1,0,8,1,8,2,0.91,0.17,0.17,65.6,,,,,
SI,2025-10-05,96.5,1.84,6.13,"Crawford, J.P.",641487,669373,,called_strike,,,,,7,Called Strike,D,L,L,SEA,DET,S,,,0,0,2025,1.14,1.06,-0.668577523946563,2.0872055101668003,,,645302,0,3,Bot,,,,,,,-9.299191821172792,-140.12025757047812,-7.603268264386563,17.102194288877623,32.46115419874905,-16.65768895634494,3.37790583374414,1.59591083984134,,,,96.7,2246,6.6,813057,693307,679529,650402,656716,595879,682985,678009,681481,53.91,,,,,,,,21,1,Sinker,0,0,0,0,0,0,0,0,Standard,Standard,155,-0.006,-0.043,,,,0.043,,0,0,0.595,0.595,28,30,29,30,1,0,5,1,5,2,1.41,1.14,1.14,49.7,,,,,
SL,2025-10-05,83.6,-2.29,4.86,"Dingler, Dillon",693307,622491,,called_strike,,,,,5,Called Strike,D,R,R,SEA,DET,S,,,0,0,2025,0.25,-0.05,0.1143127821104645,2.380924046103409,,,690993,0,2,Top,,,,,,,4.9836601350166205,-121.67014102591014,0.7907524982521457,1.5082385771731857,23.67017862037798,-33.06384562759031,3.43697195434736,1.61486337601855,,,,82.7,2289,5.6,813057,663728,647304,593871,553993,641487,668227,677594,645302,54.85,,,,,,,,10,1,Slider,0,0,0,0,0,0,0,0,Standard,Standard,80,0.005,-0.043,,,,0.043,,0,0,0.462,0.538,32,26,33,27,1,0,11,1,5,2,3.31,-0.25,-0.25,12.9,,,,,
SI,2025-10-05,93.1,-2.32,5.48,"Straw, Myles",664702,701542,,foul,,,,,2,Foul,D,R,R,TOR,NYY,S,,,1,0,2025,-1.53,0.44,-0.21006054354306403,2.893021740168188,,,,1,5,Bot,,,,,,,8.81854812534581,-135.3377911616572,-1.8180543813093972,-20.680045844844788,29.905577941395336,-26.549121710878534,3.44,1.6,5,81.4,-33,93.6,2436,6.7,813062,669224,700250,665862,641857,683011,641355,663757,592450,53.8,,,,,,,,44,2,Sinker,11,0,11,0,0,11,11,0,Strategic,Standard,231,0,-0.049,79.8,7.6,,0.049,88.0,11,11,0.999,0.999,26,30,26,31,1,2,9,1,,3,2.2,1.53,1.53,26.2,21.599249988200157,-14.664299914846552,25.354772980300353,34.24242996343968,33.819818701141784
SI,2025-10-05,98,1.15,5.8,"Kirk, Alejandro",672386,608331,,ball,,,,,12,Ball,D,R,L,TOR,NYY,B,,,1,1,2025,0.8,0.56,1.1980230657810096,2.3742546038420773,676914,,665489,1,3,Bot,,,,,,,-1.7485825853710804,-142.81684730333222,-5.156073312550592,11.423187429019954,30.62957967629965,-23.606163736133478,3.06822233382952,1.51962153393162,,,,99.1,2105,6.7,813062,669224,700250,665862,641857,683011,641355,663757,592450,53.81,,,,,,,,23,3,Sinker,2,0,2,0,0,2,2,0,Strategic,Standard,146,0.004,0.044,,,,-0.044,,2,2,0.81,0.81,31,26,31,27,2,1,5,1,,2,1.8,0.8,-0.8,43.6,,,,,
SL,2025-10-05,85.9,-2.29,4.98,"Dingler, Dillon",693307,666374,strikeout,swinging_strike,,,,,14,Dillon Dingler strikes out swinging.,D,R,R,SEA,DET,S,2,,0,2,2025,1.21,0.21,1.2947486999046793,1.3199585656426849,,679529,,2,8,Top,,,,,,,6.033676519210551,-124.8891105853992,-2.774825778401933,11.273384078922936,27.314349869106614,-29.625289718262415,3.38,1.51,,,,85.6,2808,6.3,813057,663728,647304,593871,553993,641487,668227,677594,645302,54.16,,0,0,1,0,0,,60,3,Slider,2,2,2,2,2,2,2,2,Standard,Standard,49,0.048,-0.193,39.6,6.9,,0.193,,0,0,0.56,0.43999999999999995,27,26,27,27,1,3,1,1,2,2,2.91,-1.21,-1.21,22.3,-7.889127448724587,25.786863113684127,42.9432606481261,54.44809104074042,8.156571148993462
FF,2025-10-05,99.7,1.5,6.15,"Robles, Victor",645302,669373,walk,ball,,,,,9,Victor Robles walks.,D,R,L,SEA,DET,B,,,3,2,2025,0.21,1.54,0.7139753323735704,1.4533520599613126,,,,0,3,Bot,,,,,,,-2.658749372102324,-144.86799801304934,-11.149718392504612,3.5775954720063785,34.74034142142363,-8.122231066418092,3.12100304067835,1.46873217391113,,,,100,2465,6.6,813057,693307,679529,650402,656716,595879,682985,678009,681481,53.9,,0.691497,0.7,1,0,0,,20,6,4-Seam Fastball,0,0,0,0,0,0,0,0,Standard,Standard,156,0.034,0.356,,,,-0.356,,0,0,0.561,0.561,28,28,29,28,1,0,5,1,5,2,0.77,0.21,-0.21,48.7,,,,,
FF,2025-10-05,95.1,-2.2,5.1,"Keith, Colt",690993,622491,walk,ball,,,,,11,Colt Keith walks.,D,L,R,SEA,DET,B,,,3,2,2025,-0.97,1.29,-1.2853142459216684,4.240481629010548,,,,0,2,Top,,,,,,,4.495908251771625,-138.34537514907964,0.5598997521622926,-13.517233526434863,34.69363322514019,-16.19086861854138,3.38337918028401,1.65255552897844,,,,93.1,2314,5.4,813057,663728,647304,593871,553993,641487,668227,677594,645302,55.1,,0.691497,0.7,1,0,0,,9,6,4-Seam Fastball,0,0,0,0,0,0,0,0,Infield shade,Standard,243,-0.032,0.356,,,,-0.356,,0,0,0.494,0.506,32,23,33,24,1,0,11,1,5,2,1.26,0.97,-0.97,16.6,,,,,
FF,2025-10-05,92.7,-0.42,7.1,"McMahon, Ryan",641857,702056,field_out,hit_into_play,,,,,11,Ryan McMahon lines out sharply to right fielder Myles Straw.,D,L,R,TOR,NYY,X,9,line_drive,2,2,2025,-0.2,1.76,-0.9086190825495783,3.1133013723212133,,,,2,2,Top,176.39,83.87,,,,,-0.8134989597919771,-134.731752179087,-8.159607168768764,-2.2364747378933365,32.4398438555895,-9.240320974489524,3.56,1.67,312,102.2,18,92.3,2293,6.4,813062,672386,665489,643396,676391,665926,676914,662139,664702,54.15,0.329,0.486,0,1,0,0,5,11,5,4-Seam Fastball,0,0,0,0,0,0,0,0,Infield shade,Standard,200,0.009,-0.224,73.6,7.8,0.856,0.224,102.2,0,0,0.542,0.45799999999999996,21,30,22,31,1,0,8,1,8,2,0.93,0.2,-0.2,66.1,17.09629195545524,0.6333248330000848,27.307754781003865,49.46594856042563,28.053570571430622
SI,2025-10-05,91.9,-2.42,5.52,"Straw, Myles",664702,701542,,ball,,,,,11,Ball,D,R,R,TOR,NYY,B,,,0,0,2025,-1.34,0.41,-0.014044377837917121,3.880811368042953,,,,1,5,Bot,,,,,,,9.06529495078492,-133.5461155214163,0.8805417347485593,-18.06472622831117,30.30788903827389,-27.736078093583846,3.61386409675363,1.71398470106028,,,,92.3,2334,6.7,813062,669224,700250,665862,641857,683011,641355,663757,592450,53.76,,,,,,,,44,1,Sinker,11,0,11,0,0,11,11,0,Strategic,Standard,225,0,0.039,,,,-0.039,,11,11,0.999,0.999,26,30,26,31,1,2,9,1,,3,2.31,1.34,1.34,28.2,,,,,
FS,2025-10-05,84.6,-0.24,7.23,"McMahon, Ryan",641857,702056,,ball,,,,,14,Ball,D,L,R,TOR,NYY,B,,,1,2,2025,-0.86,1.1,0.04741967595057983,0.7717524078341542,,,,2,2,Top,,,,,,,2.3771573673848354,-122.79124979788952,-10.867912468772706,-9.148300893513262,24.590668976714646,-19.046750185592277,3.57799455163232,1.64258246292433,,,,84.4,1542,6.4,813062,672386,665489,643396,676391,665926,676914,662139,664702,54.15,,,,,,,,11,4,Split-Finger,0,0,0,0,0,0,0,0,Infield shade,Standard,213,-0.001,0.042,,,,-0.042,,0,0,0.543,0.45699999999999996,21,30,22,31,1,0,8,1,8,2,2.1,0.86,-0.86,66.6,,,,,
SL,2025-10-05,86.1,-2.41,4.95,"Dingler, Dillon",693307,666374,,foul,,,,,14,Foul,D,R,R,SEA,DET,S,,,0,1,2025,1.38,0.21,1.365314563777434,1.628683866373943,,679529,,2,8,Top,,,,,,,6.147641931927144,-125.17577029180995,-1.9546177983539006,12.90191134641328,29.57432320082826,-29.755063265906294,3.38,1.51,,,,85.5,2862,6.4,813057,663728,647304,593871,553993,641487,668227,677594,645302,54.13,,,,,,,,60,2,Slider,2,2,2,2,2,2,2,2,Standard,Standard,57,0.02,-0.056,72.0,8.2,,0.056,,0,0,0.54,0.45999999999999996,27,26,27,27,1,3,1,1,2,2,2.91,-1.38,-1.38,23.1,12.625035578388319,7.377276960943447,38.818235576377546,54.44065489022228,27.810861206114453
FF,2025-10-05,97.8,1.47,6.23,"Robles, Victor",645302,669373,,foul,,,,,4,Foul,D,R,L,SEA,DET,S,,,3,1,2025,0.21,1.42,-0.34982061561609656,2.2707024590454163,,,,0,3,Bot,,,,,,,-5.4063468305644475,-142.1919157247251,-8.459461657440032,4.091151117838653,33.46668074752033,-11.203215611774265,3.21,1.52,148,70.3,68,98.1,2318,6.5,813057,693307,679529,650402,656716,595879,682985,678009,681481,53.96,,,,,,,,20,5,4-Seam Fastball,0,0,0,0,0,0,0,0,Standard,Standard,153,-0.01,-0.094,68.1,6.6,,0.094,88.0,0,0,0.571,0.571,28,28,29,28,1,0,5,1,5,2,0.98,0.21,-0.21,51.6,4.571489948637769,3.2949155056905823,37.55072260286516,36.44870248371586,21.577819792996756
CH,2025-10-05,86.7,-2.28,4.71,"Keith, Colt",690993,622491,,ball,,,,,14,Ball,D,L,R,SEA,DET,B,,,2,2,2025,-1.62,0.08,0.7233717659834256,1.1044758964184607,,,,0,2,Top,,,,,,,10.327687713161758,-125.87049810684469,-2.5021305008694465,-19.354017435751338,26.689413413070564,-31.043008382787413,3.34176687226519,1.59288369748084,,,,85.2,2074,5.6,813057,663728,647304,593871,553993,641487,668227,677594,645302,54.93,,,,,,,,9,5,Changeup,0,0,0,0,0,0,0,0,Infield shade,Standard,263,-0.009,0.112,,,,-0.112,,0,0,0.503,0.497,32,23,33,24,1,0,11,1,5,2,2.98,1.62,-1.62,9.9,,,,,
SI,2025-10-05,99.2,1.17,5.84,"Kirk, Alejandro",672386,608331,,ball,,,,,14,Ball,D,R,L,TOR,NYY,B,,,0,1,2025,0.8,0.53,1.1121529900842417,1.352753825101558,676914,,665489,1,3,Bot,,,,,,,-2.026487972101008,-144.32991593326048,-8.159107943670222,11.652021167774521,30.812900240160086,-23.226727440498866,3.05910796513489,1.51700004247009,,,,99.9,2172,6.5,813062,669224,700250,665862,641857,683011,641355,663757,592450,54.01,,,,,,,,23,2,Sinker,2,0,2,0,0,2,2,0,Strategic,Standard,142,0.005,0.012,,,,-0.012,,2,2,0.805,0.805,31,26,31,27,2,1,5,1,,2,1.78,0.8,-0.8,43.0,,,,,
ST,2025-10-05,82.6,-2.55,5.58,"Giménez, Andrés",665926,701542,field_out,hit_into_play,,,,,2,"Andrés Giménez grounds out, second baseman Jazz Chisholm Jr. to first baseman Ben Rice.",D,L,R,TOR,NYY,X,4,ground_ball,0,0,2025,1.62,-0.18,0.21025359509133046,2.7948629871432993,,,,0,5,Bot,139.34,152.09,,,,,3.114044159142152,-120.12703542543132,0.6652557620152924,14.736661955433753,28.345145819047165,-34.319032805115995,3.33,1.51,81,73.4,7,82.2,3066,6.6,813062,669224,700250,665862,641857,683011,641355,663757,592450,53.93,0.323,0.291,0,1,0,0,2,43,1,Sweeper,11,0,11,0,0,11,11,0,Infield shade,Standard,60,0,-0.259,68.5,6.6,0.366,0.259,88.0,11,11,0.999,0.999,26,26,26,27,1,2,9,1,,2,3.59,-1.62,1.62,31.4,12.552916109030033,12.736754588863512,29.334082277080817,35.811764483653974,28.59721735246506
CH,2025-10-05,86.9,1.45,5.69,"Kirk, Alejandro",672386,608331,,called_strike,,,,,3,Called Strike,D,R,L,TOR,NYY,S,,,0,0,2025,1.28,0.55,0.5631722699169655,2.7316429242261413,676914,,665489,1,3,Bot,,,,,,,-4.8001586800096625,-126.451732046053,-2.0247113450972747,14.725904148862051,26.834613264865677,-26.09518901570753,3.09424641468539,1.55093503741427,,,,87.6,1747,6.8,813062,669224,700250,665862,641857,683011,641355,663757,592450,53.7,,,,,,,,23,1,Changeup,2,0,2,0,0,2,2,0,Strategic,Standard,130,-0.007,-0.041,,,,0.041,,2,2,0.812,0.812,31,26,31,27,2,1,5,1,,2,2.48,1.28,-1.28,41.3,,,,,
FS,2025-10-05,84.1,-0.31,7.24,"McMahon, Ryan",641857,702056,,swinging_strike,,,,,13,Swinging Strike,D,L,R,TOR,NYY,S,,,1,1,2025,-0.99,0.83,-0.822332138201527,1.2690883259498322,,,,2,2,Top,,,,,,,0.7591937069786763,-122.25811653425664,-9.02310786445048,-10.045048101575832,24.76726899926878,-22.23839719581252,3.56,1.67,,,,83.6,1650,6.1,813062,672386,665489,643396,676391,665926,676914,662139,664702,54.41,,,,,,,,11,3,Split-Finger,0,0,0,0,0,0,0,0,Standard,Standard,207,0.002,-0.062,75.0,9.0,,0.062,,0,0,0.541,0.45899999999999996,21,30,22,31,1,0,8,1,8,2,2.4,0.99,-0.99,66.8,34.620121371832155,-40.45378231093124,41.70570400391453,47.88757103153925,53.90517194697537
SL,2025-10-05,86.4,-2.57,5.01,"Dingler, Dillon",693307,666374,,called_strike,,,,,1,Called Strike,D,R,R,SEA,DET,S,,,0,0,2025,1.01,0.3,-0.28638111237665353,3.0080799502998716,,679529,,2,8,Top,,,,,,,3.37548033471799,-125.78068490164038,0.8886087644536841,9.936471028733093,27.451238752818625,-29.483044844483707,3.58303324300566,1.63309465687131,,,,86,2827,6.2,813057,663728,647304,593871,553993,641487,668227,677594,645302,54.31,,,,,,,,60,1,Slider,2,2,2,2,2,2,2,2,Standard,Standard,66,0.012,-0.04,,,,0.04,,0,0,0.528,0.472,27,26,27,27,1,3,1,1,2,2,2.77,-1.01,-1.01,24.6,,,,,
CH,2025-10-05,88.1,1.98,6.07,"Robles, Victor",645302,669373,,ball,,,,,14,Ball,D,R,L,SEA,DET,B,,,2,1,2025,1.23,-0.23,0.42415702363209906,0.26306035085323387,,,,0,3,Bot,,,,,,,-6.353640277474035,-127.87825719113081,-7.439016517689273,14.882624949853902,30.13618149129028,-33.13158772273828,3.20558892599691,1.54195914630001,,,,87.8,1458,6.6,813057,693307,679529,650402,656716,595879,682985,678009,681481,53.94,,,,,,,,20,4,Changeup,0,0,0,0,0,0,0,0,Standard,Standard,134,0.012,0.134,,,,-0.134,,0,0,0.559,0.559,28,28,29,28,1,0,5,1,5,2,3.22,1.23,-1.23,44.3,,,,,
CH,2025-10-05,86.9,-2.22,4.75,"Keith, Colt",690993,622491,,ball,,,,,13,Ball,D,L,R,SEA,DET,B,,,1,2,2025,-1.57,-0.28,-0.7191945184260977,1.0536383585559754,,,,0,2,Top,,,,,,,6.711341813486909,-126.39482125845011,-2.0399826183666763,-18.22001170346954,27.984010272413816,-34.912959466186535,3.33640574538881,1.62206302022204,,,,85.4,2084,5.5,813057,663728,647304,593871,553993,641487,668227,677594,645302,54.98,,,,,,,,9,4,Changeup,0,0,0,0,0,0,0,0,Infield shade,Standard,259,-0.004,0.043,,,,-0.043,,0,0,0.507,0.493,32,23,33,24,1,0,11,1,5,2,3.32,1.57,-1.57,9.3,,,,,
SI,2025-10-05,94.1,-2.31,5.63,"Kiner-Falefa, Isiah",643396,701542,field_out,hit_into_play,,,,,4,"Isiah Kiner-Falefa grounds out, second baseman Jazz Chisholm Jr. to first baseman Ben Rice.",D,R,R,TOR,NYY,X,4,ground_ball,1,1,2025,-1.43,0.33,-0.29158467454884796,2.0235083542173515,,,,2,4,Bot,138.33,152.09,,,,,8.494503648161466,-136.84483682701807,-4.4215438257194455,-19.814986606696777,28.836630707872203,-27.241409990023964,3.23,1.47,4,92.5,-27,95.1,2513,6.8,813062,669224,700250,665862,641857,683011,641355,663757,592450,53.72,0.056,0.054,0,1,0,0,2,38,3,Sinker,11,0,11,0,0,11,11,0,Strategic,Standard,230,0,-0.244,69.3,6.3,0.078,0.244,92.5,11,11,0.998,0.998,26,30,26,30,1,2,9,1,,2,2.24,1.43,1.43,31.7,-6.244306227486196,22.22630024312808,36.07021772027487,33.23075509607452,20.837529462105323
FC,2025-10-05,97.4,1.19,5.79,"Guerrero Jr., Vladimir",665489,608331,single,hit_into_play,,,,,5,Vladimir Guerrero Jr. singles on a line drive to center fielder Trent Grisham. Davis Schneider to 3rd.,D,R,L,TOR,NYY,X,8,line_drive,0,0,2025,0.05,0.51,-0.24170811686368196,2.389065149032726,,,676914,1,3,Bot,151.77,91.39,,,,,-3.979067442533925,-141.9308800096677,-4.8743291674198,1.4800881142022313,28.829884008343342,-24.436531684890852,3.68,1.68,214,89.5,12,98.5,2427,6.6,813062,669224,700250,665862,641857,683011,641355,663757,592450,53.9,0.823,0.778,0.9,1,1,0,4,22,1,Cutter,2,0,2,0,0,2,2,0,Strategic,Standard,156,0.046,0.406,77.2,7.1,0.955,-0.406,89.5,2,2,0.766,0.766,31,26,31,26,2,1,5,1,,2,1.87,0.05,-0.05,46.4,-10.411557028927984,9.734445358385303,31.051808435553333,34.27959121759596,23.77961998582369
CH,2025-10-05,91.3,-2.47,5.01,"Pérez, Wenceel",672761,666374,strikeout,called_strike,,,,,5,Wenceel Pérez called out on strikes.,D,L,R,SEA,DET,S,2,,0,2,2025,-1.28,-0.22,0.18675005686639112,2.4259208648830177,,679529,,1,8,Top,,,,,,,9.399585224297244,-132.57758563363382,-0.07474460104230696,-17.14705510523713,29.87648046713527,-35.03076396535175,3.30130518216906,1.56369089788413,,,,90.8,1560,6.2,813057,663728,647304,593871,553993,641487,668227,677594,645302,54.3,,0,0,1,0,0,,59,3,Changeup,2,2,2,2,2,2,2,2,Standard,Standard,253,0.044,-0.185,,,,0.185,,0,0,0.484,0.516,27,25,27,26,1,1,1,1,2,3,2.98,1.28,-1.28,24.6,,,,,
SI,2025-10-05,97.4,1.7,6.06,"Robles, Victor",645302,669373,,ball,,,,,11,Ball,D,R,L,SEA,DET,B,,,1,1,2025,1.21,0.67,-1.357014467821781,3.1579524018117926,,,,0,3,Bot,,,,,,,-11.019974799774104,-141.3050175770328,-3.743261659480551,18.75019220098324,34.23035396650544,-22.55883583767472,3.18944590689091,1.54679591712394,,,,97.4,2151,6.6,813057,693307,679529,650402,656716,595879,682985,678009,681481,53.9,,,,,,,,20,3,Sinker,0,0,0,0,0,0,0,0,Standard,Standard,154,0.005,0.055,,,,-0.055,,0,0,0.554,0.554,28,28,29,28,1,0,5,1,5,2,1.76,1.21,-1.21,49.8,,,,,
SI,2025-10-05,94.6,-2.21,5.01,"Keith, Colt",690993,622491,,swinging_strike,,,,,11,Swinging Strike,D,L,R,SEA,DET,S,,,1,1,2025,-1.53,0.37,-0.6027783221198728,3.6313272013894373,,,,0,2,Top,,,,,,,7.463012711049782,-137.60726683503927,1.2529281645272135,-21.14981717105409,31.698518623558936,-27.98243312573082,3.34,1.58,,,,92.8,2150,5.3,813057,663728,647304,593871,553993,641487,668227,677594,645302,55.15,,,,,,,,9,3,Sinker,0,0,0,0,0,0,0,0,Standard,Standard,240,0.006,-0.061,67.0,5.9,,0.061,,0,0,0.501,0.499,32,23,33,24,1,0,11,1,5,2,2.18,1.53,-1.53,13.2,0.18220205288065294,15.213798711806392,25.728749104779574,41.97965202041772,22.60102642250909
FS,2025-10-05,84.9,-0.3,7.2,"McMahon, Ryan",641857,702056,,called_strike,,,,,2,Called Strike,D,L,R,TOR,NYY,S,,,1,0,2025,-0.57,1.14,0.10096396652488004,3.1772988487774247,,,,2,2,Top,,,,,,,2.080790628442953,-123.5677648287758,-5.372984385989388,-6.20826748411434,24.48290322384995,-19.63234636082684,3.67492854427507,1.79991605806943,,,,85.1,1365,6.4,813062,672386,665489,643396,676391,665926,676914,662139,664702,54.1,,,,,,,,11,2,Split-Finger,0,0,0,0,0,0,0,0,Standard,Standard,212,0.002,-0.054,,,,0.054,,0,0,0.539,0.46099999999999997,21,30,22,31,1,0,8,1,8,2,2.02,0.57,-0.57,67.3,,,,,
FF,2025-10-05,94.8,-0.37,7.12,"McMahon, Ryan",641857,702056,,ball,,,,,11,Ball,D,L,R,TOR,NYY,B,,,0,0,2025,-0.14,1.46,-0.12783100627903496,4.754165249323787,,,,2,2,Top,,,,,,,0.9506763241638193,-138.1395822438015,-3.7913622703835514,-2.063843463486858,31.108972705199466,-12.905624003916799,3.68517402770408,1.75750976820087,,,,95,2167,6.3,813062,672386,665489,643396,676391,665926,676914,662139,664702,54.17,,,,,,,,11,1,4-Seam Fastball,0,0,0,0,0,0,0,0,Standard,Standard,193,-0.001,0.037,,,,-0.037,,0,0,0.54,0.45999999999999996,21,30,22,31,1,0,8,1,8,2,1.08,0.14,-0.14,69.3,,,,,
FF,2025-10-05,94,-2.41,5.42,"Kiner-Falefa, Isiah",643396,701542,,called_strike,,,,,12,Called Strike,D,R,R,TOR,NYY,S,,,1,0,2025,-0.85,1.26,0.8482400101048669,2.818532772399927,,,,2,4,Bot,,,,,,,10.391314692790614,-136.49533759874916,-3.83987012957321,-12.865247269532212,27.78687398399092,-15.725815052083618,3.32163198029243,1.41155155264624,,,,94.8,2632,6.7,813062,669224,700250,665862,641857,683011,641355,663757,592450,53.81,,,,,,,,38,2,4-Seam Fastball,11,0,11,0,0,11,11,0,Strategic,Standard,227,0,-0.054,,,,0.054,,11,11,0.998,0.998,26,30,26,30,1,2,9,1,,2,1.32,0.85,0.85,26.5,,,,,
FF,2025-10-05,97.7,1.79,6.18,"Robles, Victor",645302,669373,,ball,,,,,11,Ball,D,R,L,SEA,DET,B,,,0,1,2025,0,1.32,-0.25776854426554374,5.376501344118756,,,,0,3,Bot,,,,,,,-5.525337481075315,-142.18204850717552,0.3243682854604946,1.2708164223476506,33.15048649411431,-14.649145854100135,3.22288237451792,1.5493528330504,,,,98.1,2334,6.5,813057,693307,679529,650402,656716,595879,682985,678009,681481,53.96,,,,,,,,20,2,4-Seam Fastball,0,0,0,0,0,0,0,0,Standard,Standard,155,0.003,0.031,,,,-0.031,,0,0,0.551,0.551,28,28,29,28,1,0,5,1,5,2,1.08,0,0,48.8,,,,,
SL,2025-10-05,87.1,-2.4,5.02,"Pérez, Wenceel",672761,666374,,foul,,,,,5,Foul,D,L,R,SEA,DET,S,,,0,1,2025,0.91,-0.21,0.023112158390930948,2.4054427173289716,,679529,,1,8,Top,,,,,,,3.9586534182906554,-126.79843369493865,0.3538240315207495,8.860780439633093,27.724820424828387,-34.709756373370446,3.18,1.46,9,89.9,-15,86.7,2864,6.2,813057,663728,647304,593871,553993,641487,668227,677594,645302,54.31,,,,,,,,59,2,Slider,2,2,2,2,2,2,2,2,Standard,Standard,60,0.019,-0.052,75.7,7.7,,0.052,89.9,0,0,0.465,0.5349999999999999,27,25,27,26,1,1,1,1,2,3,3.23,-0.91,0.91,25.7,17.292902945294205,-15.979975353519563,30.167581539851177,32.489503077468406,34.574479756054956
SI,2025-10-05,97.9,1.19,5.83,"Schneider, Davis",676914,608331,walk,ball,,,,,12,Davis Schneider walks.,D,R,L,TOR,NYY,B,,,3,2,2025,1.17,0.34,1.4607846094432904,2.6364699649169685,,,,1,3,Bot,,,,,,,-1.997846307183738,-142.64503475109652,-3.9769757817203253,16.48233721158168,31.050048889034073,-26.889730545854636,3.1155007328032,1.56045860396364,,,,98.9,2071,6.7,813062,669224,700250,665862,641857,683011,641355,663757,592450,53.82,,0.691497,0.7,1,0,0,,21,6,Sinker,2,0,2,0,0,2,2,0,Infield shade,Standard,143,0.014,0.339,,,,-0.339,,2,2,0.752,0.752,31,26,31,26,2,1,5,7,,2,2.02,1.17,-1.17,42.8,,,,,
SI,2025-10-05,94,-2.22,4.92,"Keith, Colt",690993,622491,,foul,,,,,5,Foul,D,L,R,SEA,DET,S,,,1,0,2025,-1.55,0.44,-0.23146760399573085,2.280596471880623,,,,0,2,Top,,,,,,,8.416465664648621,-136.51934798485527,-2.0227960141124397,-21.217570395366682,32.47591933678524,-26.451080882963442,3.34,1.58,210,77.4,55,92,2100,5.4,813057,663728,647304,593871,553993,641487,668227,677594,645302,55.09,,,,,,,,9,2,Sinker,0,0,0,0,0,0,0,0,Standard,Standard,242,0.005,-0.05,70.1,7.2,,0.05,88.0,0,0,0.496,0.504,32,23,33,24,1,0,11,1,5,2,2.17,1.55,-1.55,11.7,11.264084317940835,-10.109124631361793,36.52561738294329,38.64497007621742,31.972084545270445
FF,2025-10-05,94.5,-2.37,5.72,"Kiner-Falefa, Isiah",643396,701542,,ball,,,,,11,Ball,D,R,R,TOR,NYY,B,,,0,0,2025,-0.65,1.25,-0.6845228264221165,3.9795024636000473,,,,2,4,Bot,,,,,,,5.878545696099966,-137.70585716785632,-1.7187389532115223,-9.506467193504106,27.05289795555258,-15.92671432259453,3.3340448139155,1.62095238521793,,,,95.6,2675,6.6,813062,669224,700250,665862,641857,683011,641355,663757,592450,53.88,,,,,,,,38,1,4-Seam Fastball,11,0,11,0,0,11,11,0,Strategic,Standard,217,0,0.037,,,,-0.037,,11,11,0.998,0.998,26,30,26,30,1,2,9,1,,2,1.27,0.65,0.65,30.5,,,,,
CH,2025-10-05,86.5,1.25,5.68,"Schneider, Davis",676914,608331,,ball,,,,,14,Ball,D,R,L,TOR,NYY,B,,,2,2,2025,1.2,0.5,2.096670609759598,1.865742429634229,,,,1,3,Bot,,,,,,,-0.4354317887080297,-126.0136451065316,-3.936547812493749,12.892865921156865,26.37696799865051,-26.29005304412899,3.1237563289565,1.56887392338978,,,,87.3,1530,6.8,813062,669224,700250,665862,641857,683011,641355,663757,592450,53.68,,,,,,,,21,5,Changeup,2,0,2,0,0,2,2,0,Infield shade,Standard,122,0.005,0.104,,,,-0.104,,2,2,0.747,0.747,31,26,31,26,2,1,5,7,,2,2.55,1.2,-1.2,43.4,,,,,
FF,2025-10-05,98.3,1.57,6.16,"Robles, Victor",645302,669373,,foul,,,,,8,Foul,D,R,L,SEA,DET,S,,,0,0,2025,0.22,1.65,-0.22765093251206053,1.974530636243817,,,,0,3,Bot,,,,,,,-5.417868216923043,-142.77071512984375,-9.709020269008775,4.289374464673665,33.55838815311116,-7.509234845017508,3.21,1.52,196,71.9,36,98.6,2461,6.6,813057,693307,679529,650402,656716,595879,682985,678009,681481,53.88,,,,,,,,20,1,4-Seam Fastball,0,0,0,0,0,0,0,0,Standard,Standard,156,-0.004,-0.039,69.9,6.6,,0.039,88.0,0,0,0.555,0.555,28,28,29,28,1,0,5,1,5,2,0.72,0.22,-0.22,50.7,-3.0530587764828736,7.930308431846541,41.20057413150933,37.349607134155505,15.106444287721324
SL,2025-10-05,86.4,-2.58,5.03,"Pérez, Wenceel",672761,666374,,swinging_strike,,,,,14,Swinging Strike,D,L,R,SEA,DET,S,,,0,0,2025,1.24,0.07,0.8584751657985822,0.9626100113125462,,679529,,1,8,Top,,,,,,,5.644436065096336,-125.67614778733034,-3.528926768274397,11.785952334728163,28.500211819423416,-30.874895553827585,3.18,1.46,,,,86,2690,6.3,813057,663728,647304,593871,553993,641487,668227,677594,645302,54.2,,,,,,,,59,1,Slider,2,2,2,2,2,2,2,2,Standard,Standard,46,0.011,-0.038,72.5,8.2,,0.038,,0,0,0.454,0.546,27,25,27,26,1,1,1,1,2,3,3.02,-1.24,1.24,27.6,24.975265609488794,-32.13505906501267,37.05689632003495,24.764864770942882,44.44034740660735
SI,2025-10-05,94.6,-2.29,5.02,"Keith, Colt",690993,622491,,ball,,,,,12,Ball,D,L,R,SEA,DET,B,,,0,0,2025,-1.63,0.5,0.07905294124422935,3.8605251498492494,,,,0,2,Top,,,,,,,9.596068078072639,-137.33234339587415,1.6001053736618123,-22.7663048660377,34.01536693897744,-26.61187767479174,3.35217957678315,1.66068511665115,,,,92.3,2177,5.3,813057,663728,647304,593871,553993,641487,668227,677594,645302,55.18,,,,,,,,9,1,Sinker,0,0,0,0,0,0,0,0,Infield shade,Standard,242,-0.004,0.041,,,,-0.041,,0,0,0.5,0.5,32,23,33,24,1,0,11,1,5,2,2.09,1.63,-1.63,14.7,,,,,
FF,2025-10-05,95.2,-0.4,7.12,"Chisholm Jr., Jazz",665862,702056,field_out,hit_into_play,,,,,11,Jazz Chisholm Jr. flies out to left fielder Davis Schneider.,D,L,R,TOR,NYY,X,7,fly_ball,0,0,2025,-0.2,1.62,-0.13153856289142904,3.861385261984592,,,,1,2,Top,101.9,115.88,,,,,1.1592353012791423,-138.54091202422845,-6.500074439305191,-2.833346053505753,32.35997707401683,-10.041313421598895,3.69,1.72,219,74.6,49,94.8,2207,6.1,813062,672386,665489,643396,676391,665926,676914,662139,664702,54.36,0.122,0.125,0,1,0,0,3,10,1,4-Seam Fastball,0,0,0,0,0,0,0,0,Standard,Standard,194,0.017,-0.254,54.3,7.0,0.16,0.254,88.0,0,0,0.523,0.477,21,27,22,27,1,0,8,1,8,2,0.9,0.2,-0.2,64.3,25.758108126360938,16.786588927179338,30.485635222325165,33.55027957142186,23.50427481487141
ST,2025-10-05,84.5,-2.6,5.55,"Clement, Ernie",676391,701542,field_out,hit_into_play,,,,,6,Ernie Clement flies out to left fielder Cody Bellinger.,D,R,R,TOR,NYY,X,7,fly_ball,0,0,2025,1.67,0.12,0.6966672353189516,2.449075833961672,,,,1,4,Bot,88.49,111.15,,,,,4.36455901012022,-123.03402782221639,-1.055345403573403,15.898500571691734,26.676530169332214,-30.991986353602567,3.34,1.55,239,71.8,38,84.7,3037,6.6,813062,669224,700250,665862,641857,683011,641355,663757,592450,53.92,0.403,0.404,0,1,0,0,3,37,1,Sweeper,11,0,11,0,0,11,11,0,Strategic,Standard,60,0,-0.254,64.6,7.5,0.501,0.254,88.0,11,11,0.998,0.998,26,29,26,29,1,2,9,1,,2,3.1,-1.67,-1.67,28.0,22.5464802071465,-10.519267184286155,25.83706934242111,45.210148352505655,38.765854327511704
ST,2025-10-05,85.8,-1.74,5.43,"Stanton, Giancarlo",519317,622554,strikeout,swinging_strike_blocked,,,,,14,Giancarlo Stanton strikes out swinging.,D,R,R,TOR,NYY,S,2,,0,2,2025,0.83,-0.22,1.1241839639602667,0.6717520643155486,,592450,700250,2,9,Top,,,,,,,5.095558320350865,-124.74466900518372,-4.457288187604798,7.379585760931106,29.216584300272388,-33.63671366441133,3.8,1.83,,,,85.5,2531,6.5,813062,672386,665489,643396,676391,665926,664702,662139,664770,54.01,,0,0,1,0,0,,82,3,Sweeper,13,7,7,13,7,13,7,13,Standard,Standard,58,0.001,-0.178,71.1,10.2,,0.178,,6,-6,0.999,0.0010000000000000009,30,35,31,36,1,4,1,1,3,2,3.36,-0.83,-0.83,34.9,27.010447450004698,-34.61191425828675,35.26246914931135,54.418407065802334,51.40175984708739
CU,2025-10-05,77.7,0.84,6.19,"Schneider, Davis",676914,608331,,ball,,,,,14,Ball,D,R,L,TOR,NYY,B,,,1,2,2025,-0.62,-1.56,1.099965005323337,1.8300081999552242,,,,1,3,Bot,,,,,,,1.6953974744587585,-113.04795426165884,0.5965802237381546,-5.616379556668929,24.994114611818734,-45.72044878499362,3.07275601586871,1.57028206683801,,,,77.1,3064,6.4,813062,669224,700250,665862,641857,683011,641355,663757,592450,54.14,,,,,,,,21,4,Curveball,2,0,2,0,0,2,2,0,Infield shade,Standard,336,0.002,0.048,,,,-0.048,,2,2,0.745,0.745,31,26,31,26,2,1,5,7,,2,5.4,-0.62,0.62,51.7,,,,,
FF,2025-10-05,98.9,1.64,6.14,"Garver, Mitch",641598,669373,strikeout,swinging_strike,,,,,1,Mitch Garver strikes out swinging.,D,R,L,SEA,DET,S,2,,0,2,2025,0.44,1.3,-0.29434067243052403,3.176919588499467,,,,2,2,Bot,,,,,,,-6.334114197264798,-143.83979453045515,-5.660254343149702,7.639409676843205,35.08070915843083,-13.051792699260234,3.47,1.63,,,,99.1,2384,6.5,813057,693307,679529,650402,656716,595879,682985,678009,681481,53.95,,0,0,1,0,0,,16,4,4-Seam Fastball,0,0,0,0,0,0,0,0,Standard,Standard,158,-0.007,-0.16,73.5,6.6,,0.16,,0,0,0.507,0.507,28,34,29,34,1,0,5,7,5,2,1.05,0.44,-0.44,47.6,10.98470652268676,3.2251262702572263,26.671636566974776,33.49709361134104,25.336729341392104
SL,2025-10-05,86.3,-2.16,4.84,"Torkelson, Spencer",679529,622491,field_out,hit_into_play,,,,,9,Spencer Torkelson flies out to left fielder Randy Arozarena.,D,R,R,SEA,DET,X,7,fly_ball,2,2,2025,0.15,0.12,0.6815574910953984,2.049414317006404,,,681481,2,1,Top,51.44,100.61,,,,,6.372276990212371,-125.649732013886,-0.6897100838878025,0.3425661974252009,24.344570740305095,-31.009601369331637,3.51,1.64,305,91.2,42,85.3,2182,5.5,813057,663728,647304,593871,553993,641487,668227,677594,645302,55.01,0.008,0.007,0,1,0,0,3,4,5,Slider,0,0,0,0,0,0,0,0,Standard,Standard,42,0.019,-0.216,69.2,8.4,0.012,0.216,91.2,0,0,0.529,0.471,32,25,33,26,1,0,11,1,5,2,2.93,-0.15,-0.15,17.3,17.33845754128714,-17.61363988574688,30.09263574481933,43.35173323033907,40.13192417223806
SI,2025-10-05,96.8,-2.29,5.23,"Torkelson, Spencer",679529,666374,double,hit_into_play,,,,,5,Spencer Torkelson doubles (1) on a line drive to right fielder Victor Robles. Gleyber Torres scores. Riley Greene scores.,D,R,R,SEA,DET,X,9,line_drive,2,2,2025,-1.61,0.57,-0.15256711851730143,2.8879899507204803,,650402,682985,1,8,Top,200.51,130.1,,,,,9.354552358300603,-140.62174192335615,-1.9591881488692617,-23.483274515994417,33.224441220739735,-24.377740764663013,3.51,1.64,110,85.8,6,96.4,2127,6.3,813057,663728,647304,593871,553993,641487,668227,677594,645302,54.24,0.415,0.384,1.25,1,1,1,4,58,5,Sinker,2,0,0,2,2,2,2,2,Standard,Standard,233,-0.339,0.82,65.2,5.7,0.453,-0.82,88.0,2,-2,0.793,0.20699999999999996,27,25,27,26,1,3,1,1,2,2,1.88,1.61,1.61,30.3,-14.770830201732814,27.726492609645998,38.67259539504004,34.05125856144536,9.513064309168328
SL,2025-10-05,90.6,-0.51,7.13,"Stanton, Giancarlo",519317,702056,strikeout,swinging_strike_blocked,,,,,14,Giancarlo Stanton strikes out swinging.,D,R,R,TOR,NYY,S,2,,3,2,2025,-0.59,0.17,0.07319533349045915,0.6268095014430637,,,,0,2,Top,,,,,,,2.7134736002365654,-131.7526020985124,-10.703179956969255,-7.447621936770906,24.81256755013171,-28.313320114401552,3.8,1.83,,,,90.6,2279,6.1,813062,672386,665489,643396,676391,665926,676914,662139,664702,54.41,,0,0,1,0,0,,9,7,Slider,0,0,0,0,0,0,0,0,Standard,Standard,197,0.029,-0.345,80.3,10.2,,0.345,,0,0,0.494,0.506,21,35,22,36,1,0,8,1,8,2,2.58,0.59,0.59,62.8,20.558719331556446,-21.889160570286037,33.331050300614315,44.2139656879415,38.86599193852585
CH,2025-10-05,88.4,-2.3,5.69,"Varsho, Daulton",662139,701542,home_run,hit_into_play,,,,,7,Daulton Varsho homers (1) on a fly ball to right center field. Alejandro Kirk scores.,D,L,R,TOR,NYY,X,,fly_ball,2,2,2025,-1.13,0,-0.2797220377707148,2.06605082156595,,,672386,1,4,Bot,198.53,50.91,,,,,7.36054237563076,-128.6189388926305,-2.7837982786623945,-14.058279958282476,25.691664219939597,-31.82249692394733,3.37,1.52,407,106.6,29,89.5,1638,6.9,813062,669224,700250,665862,641857,683011,641355,663757,592450,53.62,0.889,1.7911914893617022,2,1,0,3,6,36,5,Changeup,9,0,9,0,0,11,11,0,Infield shade,Standard,239,0.004,1.498,77.9,8.1,3.536,-1.498,106.6,9,9,0.994,0.994,26,28,26,29,1,2,9,1,,2,2.91,1.13,-1.13,32.5,9.917497089562778,-1.8579410921044457,28.99384689095483,38.98489671619366,30.746923890856806
SI,2025-10-05,91.9,1.15,5.81,"Schneider, Davis",676914,608331,,called_strike,,,,,8,Called Strike,D,R,L,TOR,NYY,S,,,1,1,2025,1.28,0.5,0.13181537039213298,1.8349924853237025,,,,1,3,Bot,,,,,,,-5.388571368135502,-133.70516666654873,-5.348020834833704,16.471789852178542,28.296232602011898,-25.272197817704214,3.18027727210539,1.59924736256511,,,,92.8,1836,6.8,813062,669224,700250,665862,641857,683011,641355,663757,592450,53.69,,,,,,,,21,3,Sinker,2,0,2,0,0,2,2,0,Infield shade,Standard,135,-0.003,-0.064,,,,0.064,,2,2,0.748,0.748,31,26,31,26,2,1,5,7,,2,2.2,1.28,-1.28,43.9,,,,,
SL,2025-10-05,86.9,-2.35,5.06,"Torkelson, Spencer",679529,666374,,ball,,,,,14,Ball,D,R,R,SEA,DET,B,,,1,2,2025,1.23,0.22,1.5998261975993113,2.1860848747800246,,650402,682985,1,8,Top,,,,,,,6.931848573734803,-126.33281735942553,-1.1056840702488342,11.557517874884859,27.993753740331815,-29.77062458193438,3.60995102358659,1.74095784783091,,,,86.5,2894,6.3,813057,663728,647304,593871,553993,641487,668227,677594,645302,54.21,,,,,,,,58,4,Slider,2,0,0,2,0,2,0,2,Standard,Standard,49,-0.012,0.043,,,,-0.043,,2,-2,0.805,0.19499999999999995,27,25,27,26,1,3,1,1,2,2,2.82,-1.23,-1.23,24.5,,,,,
FF,2025-10-05,98.8,1.55,6.2,"Garver, Mitch",641598,669373,,foul,,,,,11,Foul,D,R,L,SEA,DET,S,,,0,2,2025,0.16,1.46,-0.08669106266738863,3.8684802786290033,,,,2,2,Bot,,,,,,,-4.852377096468121,-143.79446958759914,-4.300427887450159,3.3580298233246038,34.49655244571004,-11.209733189082764,3.47,1.63,213,79.4,59,99,2465,6.5,813057,693307,679529,650402,656716,595879,682985,678009,681481,54.01,,,,,,,,16,3,4-Seam Fastball,0,0,0,0,0,0,0,0,Standard,Standard,155,0,0,59.1,5.7,,0,88.0,0,0,0.507,0.507,28,34,29,34,1,0,5,7,5,2,0.89,0.16,-0.16,50.3,1.6302330519039547,24.939634111757318,17.697691668936503,35.844383614861506,17.74848476536598
FF,2025-10-05,95.5,-0.51,7.08,"Stanton, Giancarlo",519317,702056,,foul,,,,,13,Foul,D,R,R,TOR,NYY,S,,,3,2,2025,-0.4,1.59,-0.9536255152227128,2.024086457562345,,,,0,2,Top,,,,,,,-0.2696709640281423,-138.62950788183565,-11.186592580332288,-5.046364389292757,32.131215262403664,-9.350560678675318,3.8,1.83,7,80,-16,95.1,2266,6.3,813062,672386,665489,643396,676391,665926,676914,662139,664702,54.2,,,,,,,,9,6,4-Seam Fastball,0,0,0,0,0,0,0,0,Standard,Standard,197,0,0,86.9,9.3,,0,88.0,0,0,0.494,0.506,21,35,22,36,1,0,8,1,8,2,0.93,0.4,0.4,64.4,17.586649099235956,-23.175189366957134,37.25020270423413,32.62332275060952,30.49229724544779
FF,2025-10-05,95.4,-2.01,5.15,"Torkelson, Spencer",679529,622491,,swinging_strike,,,,,9,Swinging Strike,D,R,R,SEA,DET,S,,,2,1,2025,-1.25,0.97,0.6787350406547212,2.024808893119495,,,681481,2,1,Top,,,,,,,9.741255262496574,-138.49898509172084,-4.663623181974282,-18.285305591316824,32.75707668510751,-18.781675216724246,3.51,1.64,,,,94,2263,5.7,813057,663728,647304,593871,553993,641487,668227,677594,645302,54.79,,,,,,,,4,4,4-Seam Fastball,0,0,0,0,0,0,0,0,Standard,Standard,239,0.005,-0.093,75.9,7.4,,0.093,,0,0,0.524,0.476,32,25,33,26,1,0,11,1,5,2,1.56,1.25,1.25,19.5,-6.485895791184234,12.1249050814557,41.79979140805719,44.093121088406306,14.92485951164706
ST,2025-10-05,86,-1.89,5.48,"Stanton, Giancarlo",519317,622554,,swinging_strike,,,,,14,Swinging Strike,D,R,R,TOR,NYY,S,,,0,1,2025,1.32,-0.16,1.1107252008617494,1.6672320254949002,,592450,700250,2,9,Top,,,,,,,4.4142678526490515,-124.9953896238049,-2.3260005298338076,12.55731691573174,30.520078298697054,-33.523286165469166,3.8,1.83,,,,85.2,2695,6.3,813062,672386,665489,643396,676391,665926,664702,662139,664770,54.17,,,,,,,,82,2,Sweeper,13,7,7,13,7,13,7,13,Standard,Standard,65,0,-0.057,81.6,10.1,,0.057,,6,-6,0.999,0.0010000000000000009,30,35,31,36,1,4,1,1,3,2,3.3,-1.32,-1.32,32.2,22.633587660919552,-22.295716082458725,27.994395370877726,56.56521317252741,38.07578869120081
SL,2025-10-05,90.5,-0.49,7.18,"Stanton, Giancarlo",519317,702056,,ball,,,,,13,Ball,D,R,R,TOR,NYY,B,,,2,2,2025,-0.06,0.67,-0.6016522331295397,0.9178070463518653,,,,0,2,Top,,,,,,,-0.15381928490968072,-131.47790666270188,-11.018692589491454,-0.6302664914242221,29.00964270584504,-22.173995425258134,3.85481502311097,1.94788669088466,,,,89.9,2213,6.1,813062,672386,665489,643396,676391,665926,676914,662139,664702,54.42,,,,,,,,9,5,Slider,0,0,0,0,0,0,0,0,Infield shade,Standard,202,-0.009,0.112,,,,-0.112,,0,0,0.503,0.497,21,35,22,36,1,0,8,1,8,2,2.13,0.06,0.06,69.3,,,,,
SI,2025-10-05,97.3,-1.9,5.38,"Stanton, Giancarlo",519317,622554,,foul,,,,,7,Foul,D,R,R,TOR,NYY,S,,,0,0,2025,-1.22,0.5,-0.7455275937572314,1.9068157746287797,,592450,700250,2,9,Top,,,,,,,5.890873331917902,-141.49510459687625,-4.894826634291472,-17.710206716526493,35.72655236563019,-24.483090323164934,3.8,1.83,4,100,-25,97,2392,6.4,813062,672386,665489,643396,676391,665926,664702,662139,664770,54.11,,,,,,,,82,1,Sinker,13,7,7,13,7,13,7,13,Standard,Standard,208,0,-0.047,81.1,9.4,,0.047,100.0,6,-6,0.999,0.0010000000000000009,30,35,31,36,1,4,1,1,3,2,1.93,1.22,1.22,28.1,14.49653614931869,-12.810570204658195,32.13088002688733,35.081773584349676,26.833959747172266
CH,2025-10-05,88,1.29,5.75,"Schneider, Davis",676914,608331,,swinging_strike,,,,,14,Swinging Strike,D,R,L,TOR,NYY,S,,,1,0,2025,1.42,0.54,0.86742481464907,2.271171273201601,,,,1,3,Bot,,,,,,,-4.0029322704736945,-128.13943850348838,-3.493442880110552,16.430389613622086,26.412834703133193,-25.73332512153779,3.11,1.52,,,,88.9,1813,6.8,813062,669224,700250,665862,641857,683011,641355,663757,592450,53.72,,,,,,,,21,2,Changeup,2,0,2,0,0,2,2,0,Infield shade,Standard,125,-0.003,-0.049,73.0,7.9,,0.049,,2,2,0.751,0.751,31,26,31,26,2,1,5,7,,2,2.4,1.42,-1.42,42.5,33.78775471169657,-13.953646365589023,33.099783900896014,43.821939592869285,40.49335397903299
CH,2025-10-05,88.3,-2.43,5.67,"Varsho, Daulton",662139,701542,,ball,,,,,13,Ball,D,L,R,TOR,NYY,B,,,1,2,2025,-1.43,0.19,-1.2957113603006394,2.4186712165214304,,,672386,1,4,Bot,,,,,,,5.815620589619448,-128.49055255450492,-2.247207218070792,-17.05945966861399,26.463663970347664,-29.831481573932983,3.39253418657351,1.55194164904195,,,,89.3,1570,6.9,813062,669224,700250,665862,641857,683011,641355,663757,592450,53.63,,,,,,,,36,4,Changeup,9,0,9,0,0,9,9,0,Infield shade,Standard,241,0,0.044,,,,-0.044,,9,9,0.994,0.994,26,28,26,29,1,2,9,1,,2,2.73,1.43,-1.43,30.8,,,,,
SI,2025-10-05,97.2,1.7,6.08,"Garver, Mitch",641598,669373,,called_strike,,,,,4,Called Strike,D,R,L,SEA,DET,S,,,0,1,2025,1.26,0.92,-0.5301525497772555,2.4279596080635626,,,,2,2,Bot,,,,,,,-8.912833039127888,-141.27250988835232,-6.423287811659067,18.904570257071956,29.900225714535548,-18.520586795833776,3.48968523869002,1.6358311804298,,,,97.9,2225,6.6,813057,693307,679529,650402,656716,595879,682985,678009,681481,53.94,,,,,,,,16,2,Sinker,0,0,0,0,0,0,0,0,Standard,Standard,149,-0.002,-0.057,,,,0.057,,0,0,0.509,0.509,28,34,29,34,1,0,5,7,5,2,1.48,1.26,-1.26,47.5,,,,,
SL,2025-10-05,85.4,-2.36,5.03,"Torkelson, Spencer",679529,666374,,swinging_strike,,,,,14,Swinging Strike,D,R,R,SEA,DET,S,,,1,1,2025,1.29,0.1,1.2660763399467725,1.529772058718232,,650402,682985,1,8,Top,,,,,,,5.9297195476347095,-124.29770763725749,-2.130166124345296,12.125873361191813,25.883644413453627,-30.908494201965606,3.51,1.64,,,,85.2,2760,6.2,813057,663728,647304,593871,553993,641487,668227,677594,645302,54.26,,,,,,,,58,3,Slider,2,0,0,2,0,2,0,2,Standard,Standard,51,0.021,-0.058,66.0,8.9,,0.058,,2,-2,0.784,0.21599999999999997,27,25,27,26,1,3,1,1,2,2,3.03,-1.29,-1.29,27.0,21.082919497821763,-21.28641746406475,34.97469233461407,50.54385237122064,39.5924828755604
FF,2025-10-05,96.1,-2.07,5.13,"Torkelson, Spencer",679529,622491,,ball,,,,,14,Ball,D,R,R,SEA,DET,B,,,1,1,2025,-1.21,1.04,1.2621093166664925,2.0956507484826874,,,681481,2,1,Top,,,,,,,11.38093731507081,-139.46395648369736,-4.701064782976857,-18.39543260757181,32.38244185040231,-17.659467636995345,3.57223512626766,1.70786441867601,,,,94.5,2419,5.6,813057,663728,647304,593871,553993,641487,668227,677594,645302,54.91,,,,,,,,4,3,4-Seam Fastball,0,0,0,0,0,0,0,0,Standard,Standard,236,-0.003,0.054,,,,-0.054,,0,0,0.527,0.473,32,25,33,26,1,0,11,1,5,2,1.45,1.21,1.21,16.5,,,,,
CU,2025-10-05,80.9,-2.32,5.92,"Varsho, Daulton",662139,701542,,foul,,,,,9,Foul,D,L,R,TOR,NYY,S,,,1,1,2025,0.96,-1.05,0.6305690669595124,1.7394287400991026,,,672386,1,4,Bot,,,,,,,4.7891252059814144,-117.71861363814838,-0.6154796343755399,7.853973425711324,24.284496308094347,-41.947146506179315,3.37,1.52,3,59.2,-29,81.1,2946,6.6,813062,669224,700250,665862,641857,683011,641355,663757,592450,53.86,,,,,,,,36,3,Curveball,9,0,9,0,0,9,9,0,Standard,Standard,51,0,-0.056,71.3,8.3,,0.056,88.0,9,9,0.994,0.994,26,28,26,29,1,2,9,1,,2,4.55,-0.96,0.96,37.5,17.533450155459366,-15.033377365201357,34.60730721812738,27.722107445901635,32.71259247158782
ST,2025-10-05,85,1.46,5.77,"Schneider, Davis",676914,608331,,ball,,,,,13,Ball,D,R,L,TOR,NYY,B,,,0,0,2025,-1.1,-0.22,-1.0351588775965443,0.7133598275065887,,,,1,3,Bot,,,,,,,-3.6470600306728573,-123.6870870370157,-5.034977296252273,-10.417487729066183,26.725169177138145,-33.56641004060206,3.16108320416488,1.57986126950759,,,,84.8,2885,6.4,813062,669224,700250,665862,641857,683011,641355,663757,592450,54.13,,,,,,,,21,1,Sweeper,2,0,2,0,0,2,2,0,Infield shade,Standard,317,0.002,0.039,,,,-0.039,,2,2,0.749,0.749,31,26,31,26,2,1,5,7,,2,3.4,-1.1,1.1,41.2,,,,,
FS,2025-10-05,87.2,-1.48,5.56,"Rice, Ben",700250,622554,walk,ball,,,,,14,Ben Rice walks.,D,L,R,TOR,NYY,B,,,3,2,2025,-0.49,0.73,0.9294246141540595,1.1365831669114446,,592450,,2,9,Top,,,,,,,6.846664515075242,-126.71658701456694,-5.966141830503101,-6.724854206017806,26.387428835671525,-23.297072017768635,3.66188349630569,1.83408564182447,,,,87.5,889,6.6,813062,672386,665489,643396,676391,665926,664702,662139,664770,53.9,,0.691497,0.7,1,0,0,,81,7,Split-Finger,13,7,7,13,7,13,7,13,Strategic,Standard,256,0,0.134,,,,-0.134,,6,-6,0.999,0.0010000000000000009,30,26,31,26,1,4,1,1,3,2,2.28,0.49,-0.49,34.4,,,,,
FF,2025-10-05,96.8,1.63,6.15,"Garver, Mitch",641598,669373,,called_strike,,,,,8,Called Strike,D,R,L,SEA,DET,S,,,0,0,2025,0.28,1.29,-0.27014535230688475,2.090750450859308,,,,2,2,Bot,,,,,,,-5.744093734487166,-140.68573160102272,-8.300188411359635,4.982875712446662,30.402440157585453,-13.304476963799743,3.37424718359583,1.57199209374925,,,,97.5,2353,6.6,813057,693307,679529,650402,656716,595879,682985,678009,681481,53.88,,,,,,,,16,1,4-Seam Fastball,0,0,0,0,0,0,0,0,Standard,Standard,158,-0.002,-0.043,,,,0.043,,0,0,0.511,0.511,28,34,29,34,1,0,5,7,5,2,1.14,0.28,-0.28,50.2,,,,,
SL,2025-10-05,85.5,-2.41,5.08,"Torkelson, Spencer",679529,666374,,ball,,,,,14,Ball,D,R,R,SEA,DET,B,,,0,1,2025,1.69,-0.04,1.1124423203424776,1.8066746751734808,,650402,682985,1,8,Top,,,,,,,4.883310151702795,-124.41472218864342,-1.298452027344514,16.399095571436646,26.781823779565002,-32.5409488510974,3.60480411101382,1.76178007318805,,,,85.2,2927,6.2,813057,663728,647304,593871,553993,641487,668227,677594,645302,54.25,,,,,,,,58,2,Slider,2,0,0,2,0,2,0,2,Standard,Standard,54,-0.009,0.018,,,,-0.018,,2,-2,0.793,0.20699999999999996,27,25,27,26,1,3,1,1,2,2,3.18,-1.69,-1.69,31.3,,,,,
FF,2025-10-05,96.3,-2.09,5.18,"Torkelson, Spencer",679529,622491,,called_strike,,,,,9,Called Strike,D,R,R,SEA,DET,S,,,1,0,2025,-1.04,0.97,0.6801313518044099,2.236178771681945,,,681481,2,1,Top,,,,,,,9.562839411465669,-139.83034878133128,-4.337023882684663,-15.808502128472702,33.01651570532955,-18.617451879819907,3.61524301349496,1.78109348377735,,,,94.7,2272,5.6,813057,663728,647304,593871,553993,641487,668227,677594,645302,54.89,,,,,,,,4,2,4-Seam Fastball,0,0,0,0,0,0,0,0,Standard,Standard,229,0.003,-0.05,,,,0.05,,0,0,0.524,0.476,32,25,33,26,1,0,11,1,5,2,1.51,1.04,1.04,19.3,,,,,
FF,2025-10-05,95.3,-0.26,7.11,"Stanton, Giancarlo",519317,702056,,ball,,,,,12,Ball,D,R,R,TOR,NYY,B,,,1,2,2025,-0.34,1.74,0.45929240555524065,4.454487885252374,,,,0,2,Top,,,,,,,2.6667073383319853,-138.6475213565881,-5.223215105612761,-5.051454706026831,32.22359042120153,-8.767446152068667,3.85688093325577,1.97633347258261,,,,95,2294,6.2,813062,672386,665489,643396,676391,665926,676914,662139,664702,54.27,,,,,,,,9,4,4-Seam Fastball,0,0,0,0,0,0,0,0,Infield shade,Standard,195,-0.004,0.043,,,,-0.043,,0,0,0.507,0.493,21,35,22,36,1,0,8,1,8,2,0.78,0.34,0.34,63.7,,,,,
FF,2025-10-05,94,-2.53,5.5,"Varsho, Daulton",662139,701542,,foul,,,,,2,Foul,D,L,R,TOR,NYY,S,,,1,0,2025,-0.66,1.47,0.2230961461933616,3.268780712729617,,,672386,1,4,Bot,,,,,,,8.67026863824462,-136.6613003727416,-3.3614541098403734,-10.141670063853114,29.148803509380677,-13.120726969495639,3.37,1.52,,,,94.9,2563,6.8,813062,669224,700250,665862,641857,683011,641355,663757,592450,53.73,,,,,,,,36,2,4-Seam Fastball,9,0,9,0,0,9,9,0,Standard,Standard,227,0,-0.056,78.7,7.4,,0.056,,9,9,0.994,0.994,26,28,26,29,1,2,9,1,,2,1.1,0.66,-0.66,30.6,15.782300032773707,-2.0777377810126123,23.385108883412794,32.42122264126746,24.77649710175513
FS,2025-10-05,85.8,-1.73,5.57,"Rice, Ben",700250,622554,,ball,,,,,13,Ball,D,L,R,TOR,NYY,B,,,2,2,2025,-0.35,0.44,-1.2104296721757573,2.7274051176720286,,592450,,2,9,Top,,,,,,,1.9624978726730353,-124.95752973494317,-1.2952333655515402,-4.102444555138107,27.914291745756472,-27.596396443532015,3.6966155755112,1.8686320271337,,,,85.9,764,6.6,813062,672386,665489,643396,676391,665926,664702,662139,664770,53.93,,,,,,,,81,6,Split-Finger,13,7,7,13,7,13,7,13,Infield shade,Standard,263,0,0.057,,,,-0.057,,6,-6,0.999,0.0010000000000000009,30,26,31,26,1,4,1,1,3,2,2.68,0.35,-0.35,34.9,,,,,
FC,2025-10-05,95.5,1.23,5.83,"Springer, George",543807,608331,field_out,hit_into_play,,,,,5,George Springer lines out to second baseman Jazz Chisholm Jr.,D,R,L,TOR,NYY,X,4,line_drive,0,0,2025,0.01,0.62,0.1770534604815665,2.6638783970679087,,,,0,3,Bot,131.86,138.93,,,,,-2.789647411515718,-138.94722316808173,-4.08735535664689,0.7576884315740398,33.67862551384579,-23.456535290300724,3.58,1.65,157,91.4,10,95.7,2351,6.6,813062,669224,700250,665862,641857,683011,641355,663757,592450,53.89,0.595,0.535,0,1,0,0,4,20,1,Cutter,2,0,2,0,0,2,2,0,Strategic,Standard,156,-0.015,-0.259,76.6,7.1,0.603,0.259,91.4,2,2,0.764,0.764,31,35,31,36,2,1,5,1,,2,1.9,0.01,-0.01,42.2,5.715183399998551,20.706959288329138,33.995700465554805,37.41110982216889,15.143949611531243
SL,2025-10-05,88.7,-2.57,5.07,"Torkelson, Spencer",679529,666374,,foul_tip,,,,,14,Foul Tip,D,R,R,SEA,DET,S,,,0,0,2025,1.14,0.16,0.933313407471212,2.342559458712098,,650402,682985,1,8,Top,,,,,,,6.181494052797666,-129.01068434266946,-0.8756764661600075,11.252418485510582,28.79490235922436,-30.486641071589602,3.51,1.64,,,,88.4,2869,6.3,813057,663728,647304,593871,553993,641487,668227,677594,645302,54.22,,,,,,,,58,1,Slider,2,0,0,2,0,2,0,2,Standard,Standard,55,0.013,-0.033,73.9,8.1,,0.033,,2,-2,0.78,0.21999999999999997,27,25,27,26,1,3,1,1,2,2,2.76,-1.14,-1.14,25.7,13.191147000491432,-6.533283354461067,34.06750113258197,48.10734955306009,29.018376472229335
SI,2025-10-05,97.1,1.64,6.12,"Naylor, Josh",647304,669373,field_out,hit_into_play,,,,,4,Josh Naylor grounds out to first baseman Spencer Torkelson.,D,L,L,SEA,DET,X,3,ground_ball,0,0,2025,0.8,1.35,-0.6108243662331131,2.703096914063093,,,,1,2,Bot,168.08,158.19,,,,,-7.873835075519285,-141.09807347109046,-6.7312642084839,12.412239390750036,30.655142934531032,-12.78190623160952,3.23,1.54,8,91.4,-19,97.5,2194,6.5,813057,693307,679529,650402,656716,595879,682985,678009,681481,53.99,0.085,0.08,0,1,0,0,2,15,1,Sinker,0,0,0,0,0,0,0,0,Standard,Standard,155,-0.017,-0.254,67.1,8.1,0.085,0.254,91.4,0,0,0.528,0.528,28,28,29,28,1,0,5,1,5,2,1.07,0.8,0.8,48.6,10.088648915452028,-14.479519525508117,22.090564143308047,41.45452402685619,28.873382862820048
FF,2025-10-05,95.7,-1.98,5.18,"Torkelson, Spencer",679529,622491,,ball,,,,,12,Ball,D,R,R,SEA,DET,B,,,0,0,2025,-1.01,1.31,1.8742204538129135,3.361973697798965,,,681481,2,1,Top,,,,,,,12.262311333376326,-138.78292143727208,-2.075010548797291,-15.894242495685377,32.221616086245064,-14.940592009757584,3.64031865438581,1.75685392029843,,,,94.2,2340,5.7,813057,663728,647304,593871,553993,641487,668227,677594,645302,54.81,,,,,,,,4,1,4-Seam Fastball,0,0,0,0,0,0,0,0,Standard,Standard,236,-0.002,0.035,,,,-0.035,,0,0,0.526,0.474,32,25,33,26,1,0,11,1,5,2,1.2,1.01,1.01,20.2,,,,,
SL,2025-10-05,88.9,-0.66,7.16,"Stanton, Giancarlo",519317,702056,,ball,,,,,14,Ball,D,R,R,TOR,NYY,B,,,0,2,2025,-0.35,0.44,0.17185114669663276,0.2767245865661354,,,,0,2,Top,,,,,,,2.7550093094120642,-129.15125431806908,-11.714976914060646,-4.434333388560036,25.101039883460903,-25.12065652850269,3.83852925835924,1.87845370271551,,,,88.7,2254,6.1,813062,672386,665489,643396,676391,665926,676914,662139,664702,54.4,,,,,,,,9,3,Slider,0,0,0,0,0,0,0,0,Infield shade,Standard,202,-0.002,0.024,,,,-0.024,,0,0,0.509,0.491,21,35,22,36,1,0,8,1,8,2,2.44,0.35,0.35,62.2,,,,,
FF,2025-10-05,92.6,-2.51,5.69,"Varsho, Daulton",662139,701542,,ball,,,,,12,Ball,D,L,R,TOR,NYY,B,,,0,0,2025,-0.63,1.06,0.9601756260244475,3.550879858139985,,,672386,1,4,Bot,,,,,,,10.286022189697281,-134.56866325493814,-1.994761557717093,-9.785580173701545,27.673017668580677,-18.997656137267523,3.43115576271689,1.5911082819885,,,,93.3,2476,6.6,813062,669224,700250,665862,641857,683011,641355,663757,592450,53.85,,,,,,,,36,1,4-Seam Fastball,9,0,9,0,0,9,9,0,Infield shade,Standard,222,0,0.035,,,,-0.035,,9,9,0.994,0.994,26,28,26,29,1,2,9,1,,2,1.59,0.63,-0.63,29.8,,,,,
FF,2025-10-05,97.5,0.82,6.18,"Straw, Myles",664702,608331,field_out,hit_into_play,,,,,4,Myles Straw flies out to left fielder Cody Bellinger.,D,R,L,TOR,NYY,X,7,fly_ball,0,0,2025,0.31,1.25,-0.5290016066612468,2.67012922734554,,,,2,2,Bot,95.38,97.4,,,,,-4.367412213908613,-141.81917264211472,-6.807347489364433,5.226758166884627,31.929625938407945,-13.948442566883408,3.44,1.6,265,95.9,51,97.8,2151,6.4,813062,669224,700250,665862,641857,683011,641355,663757,592450,54.07,0.008,0.009,0,1,0,0,3,16,1,4-Seam Fastball,2,0,2,0,0,2,2,0,Standard,Standard,155,-0.008,-0.26,67.3,7.1,0.015,0.26,95.9,2,2,0.72,0.72,31,30,31,31,1,0,5,1,,3,1.15,0.31,-0.31,55.8,14.120952846458918,-6.468070205180042,36.92999366948972,27.339946170043273,33.643491806467594
SL,2025-10-05,86.8,-2.52,4.99,"Greene, Riley",682985,666374,fielders_choice,hit_into_play,,,,,7,"Riley Greene reaches on a fielder's choice. Gleyber Torres to 2nd. Gleyber Torres advances to 2nd, on a fielding error by first baseman Josh Naylor.",D,L,R,SEA,DET,X,3,ground_ball,0,2,2025,0.69,0.18,-0.6955117644137193,2.139160699832194,,,650402,1,8,Top,150.39,172.11,,,,,2.942014932961354,-126.26153865442811,-0.8950810969975145,6.589789327515632,29.474255695070497,-30.344096248270944,3.61,1.7,14,80,-8,86.2,2803,6.3,813057,663728,647304,593871,553993,641487,668227,677594,645302,54.23,0.093,0.088,0.9,1,0,0,2,57,4,Slider,2,0,0,2,0,2,0,2,Infield shade,Strategic,58,-0.093,0.511,75.3,7.7,0.115,-0.511,88.0,2,-2,0.873,0.127,27,24,27,25,1,3,1,1,2,2,2.89,-0.69,0.69,26.3,17.689594289116286,1.5561319523782966,46.162407130760215,41.7736822687307,34.252775005473566
CH,2025-10-05,87.2,1.75,6.08,"Suárez, Eugenio",553993,669373,field_out,hit_into_play,,,,,8,Eugenio Suárez flies out to center fielder Parker Meadows.,D,R,L,SEA,DET,X,8,fly_ball,1,1,2025,0.87,0.42,-0.08700151752359142,2.024779224425609,,,,0,2,Bot,132.45,64.32,,,,,-6.238908894117456,-126.9607348024206,-4.523656972865286,10.681215663479195,23.384256276511838,-26.92741829906907,3.44,1.58,333,90.8,28,87.9,1752,6.5,813057,693307,679529,650402,656716,595879,682985,678009,681481,54.02,0.056,0.07,0,1,0,0,3,14,3,Changeup,0,0,0,0,0,0,0,0,Infield shade,Standard,138,-0.022,-0.251,75.3,7.7,0.118,0.251,90.8,0,0,0.55,0.55,28,33,29,34,1,0,5,1,5,2,2.55,0.87,-0.87,47.3,8.54456959047049,5.550650452998369,40.72402648584078,33.21600235298475,34.36164116506052
FS,2025-10-05,85.4,-1.66,5.55,"Rice, Ben",700250,622554,,foul,,,,,14,Foul,D,L,R,TOR,NYY,S,,,2,2,2025,-0.55,-0.02,0.22266506884551274,1.4813522869571267,,592450,,2,9,Top,,,,,,,5.581778463068568,-124.19723717209534,-3.1860304287409784,-6.878222924833231,27.91987291826382,-31.922955118007653,3.63,1.76,3,52,-29,85.6,820,6.7,813062,672386,665489,643396,676391,665926,664702,662139,664770,53.78,,,,,,,,81,5,Split-Finger,13,7,7,13,7,13,7,13,Infield shade,Standard,262,0,0,70.4,8.4,,0,88.0,6,-6,0.999,0.0010000000000000009,30,26,31,26,1,4,1,1,3,2,3.18,0.55,-0.55,38.5,24.6263593002099,-38.132419529259685,33.77271594910602,34.149466068966774,48.23399196336448
FF,2025-10-05,96.6,-2.14,5.12,"Greene, Riley",682985,622491,field_out,hit_into_play,,,,,5,Riley Greene flies out to left fielder Randy Arozarena.,D,L,R,SEA,DET,X,7,fly_ball,2,2,2025,-1.17,1.04,0.037044275715217845,2.9302316593686593,,,681481,1,1,Top,72.35,84.52,,,,,8.36172435092521,-140.4417807757127,-2.5909583671464,-17.417752463597974,33.8985191071961,-18.004874410404273,3.61,1.7,314,91.9,30,95.2,2323,5.7,813057,663728,647304,593871,553993,641487,668227,677594,645302,54.8,0.073,0.111,0,1,0,0,3,3,5,4-Seam Fastball,0,0,0,0,0,0,0,0,Infield shade,Standard,234,0.024,-0.223,73.9,6.4,0.197,0.223,91.9,0,0,0.502,0.498,32,24,33,25,1,0,11,1,5,2,1.42,1.17,-1.17,19.9,0.8620340197846372,9.821742915047597,44.59259200755017,31.733088997819024,26.73160177587066
SL,2025-10-05,89.2,-0.5,7.23,"Stanton, Giancarlo",519317,702056,,swinging_strike,,,,,14,Swinging Strike,D,R,R,TOR,NYY,S,,,0,1,2025,-0.31,0.65,0.5209826613341151,1.2573598922215403,,,,0,2,Top,,,,,,,3.1438293703680085,-129.592534603604,-9.977744939454839,-4.089978953785721,25.869176943326075,-22.98182162507246,3.8,1.83,,,,88.8,2356,6,813062,672386,665489,643396,676391,665926,676914,662139,664702,54.46,,,,,,,,9,2,Slider,0,0,0,0,0,0,0,0,Standard,Standard,202,0.006,-0.055,81.0,9.2,,0.055,,0,0,0.503,0.497,21,35,22,36,1,0,8,1,8,2,2.21,0.31,0.31,63.0,13.626165035407418,-4.244509610426564,30.107841721582755,50.11277730175133,26.27697032806833
FF,2025-10-05,94.8,-0.48,7.13,"Stanton, Giancarlo",519317,702056,,called_strike,,,,,5,Called Strike,D,R,R,TOR,NYY,S,,,0,0,2025,-0.29,1.42,0.19982543964514965,2.7194949606157084,,,,0,2,Top,,,,,,,2.4432948694006114,-137.7500060461676,-8.985101861209225,-4.30040791550153,31.848282112399282,-12.240457141162343,3.93132462664394,1.97120046082367,,,,94.5,2261,6.3,813062,672386,665489,643396,676391,665926,676914,662139,664702,54.21,,,,,,,,9,1,4-Seam Fastball,0,0,0,0,0,0,0,0,Standard,Standard,194,0.003,-0.039,,,,0.039,,0,0,0.5,0.5,21,35,22,36,1,0,8,1,8,2,1.13,0.29,0.29,64.0,,,,,
SI,2025-10-05,95.9,-2.29,5.51,"Kirk, Alejandro",672386,701542,single,hit_into_play,,,,,3,Alejandro Kirk singles on a ground ball to right fielder Aaron Judge.,D,R,R,TOR,NYY,X,9,ground_ball,3,2,2025,-1.43,0.39,0.39010705138364,2.9784174164290222,,,,1,4,Bot,172.8,108.49,,,,,10.419732285529376,-139.30861877024265,-1.9481871100949655,-20.97400557792857,32.26590397675573,-26.87115612350286,3.13,1.5,9,93.1,-17,96.6,2484,6.8,813062,669224,700250,665862,641857,683011,641355,663757,592450,53.67,0.111,0.103,0.9,1,1,0,2,35,6,Sinker,9,0,9,0,0,9,9,0,Strategic,Standard,230,0,0.336,67.1,6.2,0.111,-0.336,93.1,9,9,0.994,0.994,26,26,26,27,1,2,9,1,,2,2.1,1.43,1.43,27.0,-0.6019801110129194,27.62266397070405,13.932827873857347,44.005841815552934,18.65739531670363
FF,2025-10-05,97.2,-1.9,5.49,"Rice, Ben",700250,622554,,ball,,,,,11,Ball,D,L,R,TOR,NYY,B,,,1,2,2025,-0.21,1.09,-1.7596348064375302,5.081355288518999,,592450,,2,9,Top,,,,,,,0.850753147760864,-141.58689207972364,1.966669094929936,-2.9816638150030212,34.32154683233382,-18.279326114665682,3.73868028690436,1.85625743312988,,,,97.1,2418,6.3,813062,672386,665489,643396,676391,665926,664702,662139,664770,54.2,,,,,,,,81,4,4-Seam Fastball,13,7,7,13,7,13,7,13,Infield shade,Standard,205,0,0.012,,,,-0.012,,6,-6,0.999,0.0010000000000000009,30,26,31,26,1,4,1,1,3,2,1.33,0.21,-0.21,29.6,,,,,
SI,2025-10-05,96.4,1.28,5.82,"Giménez, Andrés",665926,608331,strikeout,swinging_strike,,,,,9,Andrés Giménez strikes out swinging.,D,L,L,TOR,NYY,S,2,,0,2,2025,1.16,0.34,0.7912984455469276,1.5838784696765258,,,,1,2,Bot,,,,,,,-3.971194086353305,-140.371745645985,-6.533998176553273,16.29563598157269,29.160091505205507,-26.537713062494614,3.33,1.51,,,,97.3,2103,6.6,813062,669224,700250,665862,641857,683011,641355,663757,592450,53.92,,0,0,1,0,0,,15,3,Sinker,2,0,2,0,0,2,2,0,Infield shade,Standard,143,-0.007,-0.163,67.8,6.2,,0.163,,2,2,0.727,0.727,31,26,31,27,1,0,5,1,,2,2.1,1.16,1.16,42.1,0.11341292816464707,9.15308652480812,41.534021668948554,27.625975897386525,20.41678265258004
SL,2025-10-05,89.4,1.96,6.01,"Suárez, Eugenio",553993,669373,,ball,,,,,11,Ball,D,R,L,SEA,DET,B,,,0,1,2025,-0.24,0.16,-0.8793003666599749,3.14448968279281,,,,0,2,Bot,,,,,,,-6.521611990267006,-130.18582869131464,-1.4514632798194018,-1.4438498259445591,25.501792227522728,-30.205240017158804,3.52683736866717,1.6333622810491,,,,90.1,2113,6.5,813057,693307,679529,650402,656716,595879,682985,678009,681481,53.96,,,,,,,,14,2,Slider,0,0,0,0,0,0,0,0,Infield shade,Standard,215,0.002,0.031,,,,-0.031,,0,0,0.548,0.548,28,33,29,34,1,0,5,1,5,2,2.67,-0.24,0.24,47.9,,,,,
SL,2025-10-05,86.7,-2.44,4.98,"Greene, Riley",682985,666374,,foul,,,,,7,Foul,D,L,R,SEA,DET,S,,,0,2,2025,1.03,-0.05,-0.5338034140914734,1.727558177393954,,,650402,1,8,Top,,,,,,,2.465346693687274,-126.32365423815642,-1.4917353857298548,10.495603371278477,25.474491111275977,-32.60000446465856,3.61,1.7,4,70.9,-19,86.8,2960,6.2,813057,663728,647304,593871,553993,641487,668227,677594,645302,54.27,,,,,,,,57,3,Slider,2,0,0,2,0,2,0,2,Infield shade,Standard,54,0,0,52.6,6.0,,0,88.0,2,-2,0.873,0.127,27,24,27,25,1,3,1,1,2,2,3.07,-1.03,1.03,22.1,-23.941986255158227,32.6943465435404,50.962228185100926,37.031613977112045,9.135696610046907
FS,2025-10-05,88.3,-2.09,5.6,"Meadows, Parker",678009,660825,field_out,hit_into_play,,,,,5,Parker Meadows pops out to shortstop J.P. Crawford.,D,L,R,SEA,DET,X,6,popup,2,2,2025,-1.25,0.83,-0.16685065547062394,2.5760718180305613,,,595879,2,7,Top,128.22,136.79,,,,,7.214909202560824,-128.33235265573833,-2.9498872879178286,-15.29896262255074,27.62461264542321,-22.578011547257212,3.47,1.67,159,70.6,59,87.5,1950,5.9,813057,663728,647304,593871,553993,641487,668227,677594,645302,54.58,0.025,0.024,0,1,0,0,3,50,6,Split-Finger,2,0,0,2,0,2,0,2,Standard,Standard,230,0.028,-0.216,75.5,7.8,0.03,0.216,88.0,2,-2,0.859,0.14100000000000001,29,25,30,26,1,2,1,1,2,2,2.11,1.25,-1.25,40.1,19.052409283011606,-22.95443251887643,33.20075197098052,37.73254839976126,49.51942812727398
FF,2025-10-05,96.1,-2.15,5.14,"Greene, Riley",682985,622491,,foul,,,,,6,Foul,D,L,R,SEA,DET,S,,,2,1,2025,-1.06,1,0.3984223894496659,3.0100990397228236,,,681481,1,1,Top,,,,,,,9.029447600162248,-139.6321718576292,-2.2608036362174917,-15.936667267522497,32.941677031868664,-18.75397995824721,3.61,1.7,178,65.4,51,94.8,2391,5.7,813057,663728,647304,593871,553993,641487,668227,677594,645302,54.77,,,,,,,,3,4,4-Seam Fastball,0,0,0,0,0,0,0,0,Infield shade,Standard,240,0.008,-0.075,75.1,6.8,,0.075,88.0,0,0,0.494,0.506,32,24,33,25,1,0,11,1,5,2,1.48,1.06,-1.06,19.7,6.4342378107598295,-0.7863399793438703,46.52979277859497,27.938275068944577,31.37509899984952
FS,2025-10-05,85,-0.45,7.2,"Rice, Ben",700250,702056,strikeout,swinging_strike,,,,,13,Ben Rice strikes out swinging.,D,L,R,TOR,NYY,S,2,,1,2,2025,-1,0.42,-0.22279358542725114,0.7742002459877151,,,592450,2,1,Top,,,,,,,2.51335596551428,-123.57287840117961,-9.538740157553693,-10.80525819167614,23.173613153245846,-26.231189183604858,3.63,1.76,,,,84.7,1181,6,813062,672386,665489,643396,676391,665926,676914,662139,664702,54.5,,0,0,1,0,0,,4,4,Split-Finger,0,0,0,0,0,0,0,0,Infield shade,Standard,231,0.015,-0.183,66.1,8.8,,0.183,,0,0,0.533,0.46699999999999997,21,26,22,26,1,0,8,1,8,2,2.72,1,-1,63.2,26.324194547882794,-41.303868922533724,35.44878152676468,39.275731542909455,52.624537679457106
SI,2025-10-05,95.2,-2.4,5.52,"Kirk, Alejandro",672386,701542,,called_strike,,,,,2,Called Strike,D,R,R,TOR,NYY,S,,,3,1,2025,-1.37,0.27,-0.16482608244340247,3.0971651946014918,,,,1,4,Bot,,,,,,,8.998685745434766,-138.3540421672979,-1.3058610445091263,-19.616299830354414,31.306394242777863,-28.622071189978527,3.19632816313517,1.45644633905822,,,,95.7,2570,6.7,813062,669224,700250,665862,641857,683011,641355,663757,592450,53.82,,,,,,,,35,5,Sinker,9,0,9,0,0,9,9,0,Strategic,Standard,224,0,-0.087,,,,0.087,,9,9,0.994,0.994,26,26,26,27,1,2,9,1,,2,2.25,1.37,1.37,26.5,,,,,
SI,2025-10-05,96.1,1.33,5.77,"Giménez, Andrés",665926,608331,,swinging_strike,,,,,14,Swinging Strike,D,L,L,TOR,NYY,S,,,0,1,2025,0.83,0.2,0.21190353387281147,1.3138688198892503,,,,1,2,Bot,,,,,,,-4.870673128088718,-139.9350239654452,-6.739339367942986,12.001878075579805,29.097194714479517,-28.352739784283518,3.33,1.51,,,,97,2101,6.6,813062,669224,700250,665862,641857,683011,641355,663757,592450,53.92,,,,,,,,15,2,Sinker,2,0,2,0,0,2,2,0,Standard,Standard,138,-0.002,-0.052,69.9,6.8,,0.052,,2,2,0.729,0.729,31,26,31,27,1,0,5,1,,2,2.25,0.83,0.83,40.1,-4.0518050627419,15.788548426799613,43.082099076792915,36.11932973447162,11.975441858238657
FF,2025-10-05,97.4,-1.87,5.46,"Rice, Ben",700250,622554,,foul,,,,,6,Foul,D,L,R,TOR,NYY,S,,,1,1,2025,-0.09,1.19,0.29751872067983354,2.766945101201456,,592450,,2,9,Top,,,,,,,6.038621242223159,-141.60053583623656,-4.405920408515744,-2.6881366007397243,34.2640807342891,-15.391335274997742,3.63,1.76,21,101.8,-7,97.4,2485,6.5,813062,672386,665489,643396,676391,665926,664702,662139,664770,54.05,,,,,,,,81,3,4-Seam Fastball,13,7,7,13,7,13,7,13,Strategic,Standard,211,0,-0.056,76.5,7.1,,0.056,101.8,6,-6,0.999,0.0010000000000000009,30,26,31,26,1,4,1,1,3,2,1.23,0.09,-0.09,29.9,10.843834368320195,-7.597193386889162,31.46945983402444,33.8329966226999,30.165537208029345
FF,2025-10-05,96.8,1.54,6.23,"Suárez, Eugenio",553993,669373,,foul,,,,,2,Foul,D,R,L,SEA,DET,S,,,0,0,2025,0.3,1.35,-0.25225091388070636,3.053130407764411,,,,0,2,Bot,,,,,,,-5.495395809724235,-140.8645393280193,-6.069449327933667,5.189123830377524,30.06835683100126,-13.064738342131092,3.44,1.58,215,73.7,42,97.6,2307,6.6,813057,693307,679529,650402,656716,595879,682985,678009,681481,53.88,,,,,,,,14,1,4-Seam Fastball,0,0,0,0,0,0,0,0,Infield shade,Standard,157,-0.003,-0.039,72.0,7.5,,0.039,88.0,0,0,0.551,0.551,28,33,29,34,1,0,5,1,5,2,1.08,0.3,-0.3,51.8,12.339511842122638,-2.821989090396536,36.672807308551704,30.159424643962044,28.091684975126064
CH,2025-10-05,90.2,-2.55,4.93,"Greene, Riley",682985,666374,,called_strike,,,,,13,Called Strike,D,L,R,SEA,DET,S,,,0,1,2025,-1.09,-0.51,-1.0033472943907478,2.5382548140640897,,,650402,1,8,Top,,,,,,,6.1566925415819425,-131.283526413256,1.0964695320475741,-13.925348388993536,28.280977743325106,-38.485077726853206,3.71940548488939,1.62040440935301,,,,90,1511,6.2,813057,663728,647304,593871,553993,641487,668227,677594,645302,54.33,,,,,,,,57,2,Changeup,2,0,0,2,0,2,0,2,Infield shade,Standard,262,0.013,-0.047,,,,0.047,,2,-2,0.86,0.14,27,24,27,25,1,3,1,1,2,2,3.31,1.09,-1.09,24.2,,,,,
SI,2025-10-05,94.6,-2.06,5.45,"Meadows, Parker",678009,660825,,ball,,,,,14,Ball,D,L,R,SEA,DET,B,,,1,2,2025,-1.49,0.76,1.0806766476730114,2.3020054506460594,,,595879,2,7,Top,,,,,,,11.400329487739976,-137.21794467859732,-4.118054691435881,-21.490147641697725,32.53503103662554,-21.832189405568524,3.54717503491009,1.75533583003988,,,,93.4,2321,5.9,813057,663728,647304,593871,553993,641487,668227,677594,645302,54.58,,,,,,,,50,5,Sinker,2,0,0,2,0,2,0,2,Standard,Standard,225,-0.005,0.033,,,,-0.033,,2,-2,0.864,0.136,29,25,30,26,1,2,1,1,2,2,1.82,1.49,-1.49,36.0,,,,,
FS,2025-10-05,88.7,-1.91,5.69,"Suárez, Eugenio",553993,640448,fielders_choice_out,hit_into_play,,,,,7,"Eugenio Suárez reaches on a fielder's choice out, third baseman Zach McKinstry to catcher Dillon Dingler. Julio Rodríguez out at home. Jorge Polanco to 2nd.",D,R,R,SEA,DET,X,5,ground_ball,3,2,2025,-0.98,0.35,-0.5188240350333646,1.7460239194198515,677594,,593871,1,8,Bot,109.9,176.67,,,,,5.469107229257648,-129.0326833662215,-4.340046890968612,-12.078817246243151,26.104946705487322,-27.536520580276477,3.44,1.58,26,73.7,-2,89,1156,6.4,813057,693307,679529,650402,656716,595879,682985,678009,681481,54.06,0.084,0.08,0,1,0,0,2,65,6,Split-Finger,3,2,3,2,2,3,3,2,Standard,Standard,217,-0.048,-0.289,69.4,7.5,0.142,0.289,88.0,1,1,0.91,0.91,33,33,34,34,1,3,1,1,3,2,2.54,0.98,0.98,54.5,4.986536861988996,-6.930317457535184,40.23993595377287,25.504265810960348,32.77771994288103
SL,2025-10-05,83.7,-2.32,4.82,"Greene, Riley",682985,622491,,foul,,,,,9,Foul,D,L,R,SEA,DET,S,,,2,0,2025,0.18,0.07,0.3471084549656046,2.2516270173573782,,,681481,1,1,Top,,,,,,,5.732515920950306,-121.93341045722006,0.28168359851746394,0.7510043513226502,22.223781429870456,-31.7044417684735,3.61,1.7,357,104.7,28,83.1,2174,5.6,813057,663728,647304,593871,553993,641487,668227,677594,645302,54.86,,,,,,,,3,3,Slider,0,0,0,0,0,0,0,0,Infield shade,Standard,39,0.007,-0.062,78.9,8.0,,0.062,104.7,0,0,0.487,0.513,32,24,33,25,1,0,11,1,5,2,3.15,-0.18,0.18,15.1,27.93943090086784,-9.768960590408064,48.81726278214299,29.516605138946893,41.366405311756296
FS,2025-10-05,85.4,-0.49,7.29,"Rice, Ben",700250,702056,,swinging_strike,,,,,5,Swinging Strike,D,L,R,TOR,NYY,S,,,1,1,2025,-0.99,0.29,-0.2758951641461498,2.8664393915586333,,,592450,2,1,Top,,,,,,,2.4965214555876436,-124.31847797751432,-4.746740511275293,-10.828703590962325,23.707933323803196,-28.448980160982515,3.63,1.76,,,,85.5,1429,6.2,813062,672386,665489,643396,676391,665926,676914,662139,664702,54.25,,,,,,,,4,3,Split-Finger,0,0,0,0,0,0,0,0,Infield shade,Standard,222,0.006,-0.073,74.1,8.3,,0.073,,0,0,0.527,0.473,21,26,22,26,1,0,8,1,8,2,2.82,0.99,-0.99,65.5,25.030182700329625,-31.868795124248056,23.58624950689291,40.05101505301809,48.222419958873374
SI,2025-10-05,94.5,-2.44,5.46,"Kirk, Alejandro",672386,701542,,ball,,,,,11,Ball,D,R,R,TOR,NYY,B,,,2,1,2025,-1.31,0.29,-0.9411498163501326,3.2176414078406497,,,,1,4,Bot,,,,,,,6.867911473087595,-137.45054440026453,-0.7945279112344273,-18.13958657724807,30.57896919758196,-28.508614558690276,2.98777299070802,1.49778115217426,,,,95.2,2479,6.7,813062,669224,700250,665862,641857,683011,641355,663757,592450,53.8,,,,,,,,35,4,Sinker,9,0,9,0,0,9,9,0,Strategic,Standard,237,0,0.121,,,,-0.121,,9,9,0.994,0.994,26,26,26,27,1,2,9,1,,2,2.26,1.31,1.31,26.1,,,,,
FS,2025-10-05,85.6,-1.65,5.55,"Rice, Ben",700250,622554,,called_strike,,,,,13,Called Strike,D,L,R,TOR,NYY,S,,,1,0,2025,-0.85,0.41,-0.881570129609147,2.780981550873844,,592450,,2,9,Top,,,,,,,3.572735898815301,-124.55118973392712,-1.0366560310928015,-9.545218854888944,27.030741166800507,-27.92247014417024,3.80142230528561,1.88746323129529,,,,86.3,892,6.9,813062,672386,665489,643396,676391,665926,664702,662139,664770,53.6,,,,,,,,81,2,Split-Finger,13,7,7,13,7,13,7,13,Strategic,Standard,262,0,-0.044,,,,0.044,,6,-6,0.999,0.0010000000000000009,30,26,31,26,1,4,1,1,3,2,2.72,0.85,-0.85,33.9,,,,,
SI,2025-10-05,94.9,1.32,5.79,"Giménez, Andrés",665926,608331,,swinging_strike,,,,,13,Swinging Strike,D,L,L,TOR,NYY,S,,,0,0,2025,1.14,0.31,-0.48234278714391254,1.1536165892965724,,,,1,2,Bot,,,,,,,-7.301919594911583,-137.90504945541852,-7.216496442526109,16.093258713427126,28.979937592481104,-26.896791739912633,3.33,1.51,,,,95.7,2084,6.7,813062,669224,700250,665862,641857,683011,641355,663757,592450,53.77,,,,,,,,15,1,Sinker,2,0,2,0,0,2,2,0,Standard,Standard,139,-0.002,-0.039,69.9,7.0,,0.039,,2,2,0.731,0.731,31,26,31,27,1,0,5,1,,2,2.22,1.14,1.14,41.7,-3.9097784165932192,28.731267354060698,40.5199521187301,43.66105176194246,6.280946708576479
FF,2025-10-05,95.5,-2.19,5.12,"Greene, Riley",682985,622491,,ball,,,,,11,Ball,D,L,R,SEA,DET,B,,,1,0,2025,-0.98,1.04,-0.5098525177909661,4.132296232975403,,,681481,1,1,Top,,,,,,,6.553080107907876,-139.03088478136925,0.645096255826779,-14.190805822374314,29.76020905195823,-19.035466416523075,3.77346370122206,1.79836182382867,,,,94.6,2210,5.6,813057,663728,647304,593871,553993,641487,668227,677594,645302,54.86,,,,,,,,3,2,4-Seam Fastball,0,0,0,0,0,0,0,0,Infield shade,Standard,230,-0.007,0.068,,,,-0.068,,0,0,0.494,0.506,32,24,33,25,1,0,11,1,5,2,1.45,0.98,-0.98,17.3,,,,,
FF,2025-10-05,98.3,1.5,6.21,"Polanco, Jorge",593871,669373,field_out,hit_into_play,,,,,11,Jorge Polanco pops out to third baseman Zach McKinstry.,D,R,L,SEA,DET,X,5,popup,0,0,2025,0.05,1.39,-0.6249974359443068,3.448943233460635,,668227,,2,1,Bot,107.37,175.15,,,,,-5.895595973241872,-142.854695634659,-5.182392570526759,2.160549653855784,36.324513787237684,-12.160048616019996,3.25,1.61,113,82.4,68,98.1,2427,6.5,813057,693307,679529,650402,656716,595879,682985,678009,681481,54.04,0.003,0.002,0,1,0,0,3,8,1,4-Seam Fastball,0,0,0,0,0,0,0,0,Infield shade,Standard,152,-0.033,-0.289,65.3,6.2,0.003,0.289,88.0,0,0,0.533,0.533,28,31,29,32,1,0,5,1,5,2,0.99,0.05,-0.05,51.4,4.783496294150299,-9.82614277663644,22.960592299052493,27.543035773775006,27.48560063178349
SL,2025-10-05,87.5,-2.39,5.06,"Greene, Riley",682985,666374,,foul,,,,,9,Foul,D,L,R,SEA,DET,S,,,0,0,2025,0.99,0.01,0.42406371816074706,1.7102131467861175,,,650402,1,8,Top,,,,,,,4.765400605299435,-127.36980166393913,-1.9061624734217655,9.5835955730477,28.628827953444873,-31.859544333456657,3.61,1.7,6,77.6,-16,87.2,2904,6.3,813057,663728,647304,593871,553993,641487,668227,677594,645302,54.19,,,,,,,,57,1,Slider,2,0,0,2,0,2,0,2,Infield shade,Standard,50,0.007,-0.04,76.2,8.1,,0.04,88.0,2,-2,0.853,0.14700000000000002,27,24,27,25,1,3,1,1,2,2,2.99,-0.99,0.99,29.0,23.972716662441098,-9.287866843934975,47.18437372693512,28.72599706799983,42.02220779073275
ST,2025-10-05,83.8,-2.19,5.62,"Meadows, Parker",678009,660825,,foul,,,,,14,Foul,D,L,R,SEA,DET,S,,,1,2,2025,1.54,-0.12,0.614710030282019,1.0286291384299355,,,595879,2,7,Top,,,,,,,3.3993008497901833,-121.89055774327342,-3.821427196074981,14.368000983704114,27.86469974722196,-32.75444683890422,3.47,1.67,2,87,-27,82.3,2699,5.7,813057,663728,647304,593871,553993,641487,668227,677594,645302,54.85,,,,,,,,50,4,Sweeper,2,0,0,2,0,2,0,2,Standard,Standard,47,0,0,54.3,7.5,,0,88.0,2,-2,0.864,0.136,29,25,30,26,1,2,1,1,2,2,3.42,-1.54,1.54,42.2,6.922899137868816,-13.920530122333707,45.320572552425354,28.736268428225834,38.634680287188814
FF,2025-10-05,94.6,1.93,5.29,"Pérez, Wenceel",672761,642100,field_out,hit_into_play,,,,,5,Wenceel Pérez pops out to second baseman Jorge Polanco.,D,R,L,SEA,DET,X,4,popup,1,1,2025,1.15,1.14,-0.2666624168697116,2.394581467157553,,,,2,6,Top,157.48,146.3,,,,,-8.231080796976624,-137.40052623534413,-4.296673404224019,16.502999543585073,34.383204150692045,-17.049761265814517,3.18,1.46,151,98.1,68,93.5,2335,6,813057,663728,647304,593871,553993,641487,668227,677594,645302,54.47,0.005,0.005,0,1,0,0,3,42,3,4-Seam Fastball,1,0,0,1,0,1,0,1,Infield shade,Standard,137,0.016,-0.244,75.8,7.2,0.005,0.244,98.1,1,-1,0.724,0.276,30,25,30,26,1,0,1,1,3,3,1.45,1.15,-1.15,25.6,13.69163444982178,-12.471744425098612,35.735546297269806,28.21134158953494,34.505076255983305
FF,2025-10-05,95.9,-1.62,5.7,"Suárez, Eugenio",553993,640448,,foul,,,,,1,Foul,D,R,R,SEA,DET,S,,,3,1,2025,-1,1.55,-0.409863572011122,3.0625860496299127,677594,,593871,1,8,Bot,,,,,,,5.46363867061207,-139.46784264372255,-4.846416733708763,-14.246653098956832,33.64094535617552,-11.138151471826303,3.44,1.58,193,77.3,18,95.8,2301,6.4,813057,693307,679529,650402,656716,595879,682985,678009,681481,54.09,,,,,,,,65,5,4-Seam Fastball,3,2,3,2,2,3,3,2,Standard,Standard,206,-0.002,-0.082,73.3,7.2,,0.082,88.0,1,1,0.912,0.912,33,33,34,34,1,3,1,1,3,2,0.95,1,1,54.6,11.571691209793745,-0.33465022593780475,35.32522756151443,27.036016855899398,29.823306642464658
FF,2025-10-05,95.7,-0.13,7.07,"Rice, Ben",700250,702056,,ball,,,,,14,Ball,D,L,R,TOR,NYY,B,,,0,1,2025,-0.23,1.6,0.5900591526465826,1.7160956025768654,,,592450,2,1,Top,,,,,,,2.4060468347615567,-138.88232388958502,-12.07386535195108,-3.4549797346211997,30.757556841762252,-8.914848913042974,3.79535393062136,1.89054972608856,,,,95.4,2303,6.3,813062,672386,665489,643396,676391,665926,676914,662139,664702,54.25,,,,,,,,4,2,4-Seam Fastball,0,0,0,0,0,0,0,0,Infield shade,Standard,195,-0.002,0.027,,,,-0.027,,0,0,0.529,0.471,21,26,22,26,1,0,8,1,8,2,0.9,0.23,-0.23,65.2,,,,,
SI,2025-10-05,95.8,-1.95,5.68,"Meadows, Parker",678009,660825,,called_strike,,,,,8,Called Strike,D,L,R,SEA,DET,S,,,1,1,2025,-1.56,0.89,0.0440603326922433,2.218355279598174,,,595879,2,7,Top,,,,,,,8.681238815374012,-139.11218462586427,-5.427185885539666,-22.21539803935112,33.34627983230601,-19.59128863581629,3.57892277919725,1.76040434291176,,,,94.5,2237,5.8,813057,663728,647304,593871,553993,641487,668227,677594,645302,54.69,,,,,,,,50,3,Sinker,2,0,0,2,0,2,0,2,Standard,Standard,215,0.008,-0.073,,,,0.073,,2,-2,0.856,0.14400000000000002,29,25,30,26,1,2,1,1,2,2,1.62,1.56,-1.56,43.0,,,,,
FF,2025-10-05,94.2,-2.33,5.47,"Kirk, Alejandro",672386,701542,,foul,,,,,12,Foul,D,R,R,TOR,NYY,S,,,2,0,2025,-0.57,1.3,1.1721362501526478,2.860353982756746,,,,1,4,Bot,,,,,,,10.492707157914774,-136.83148422352576,-4.034329489581767,-9.363081334518796,27.92982145082501,-15.056370347656559,3.13,1.5,,,,95.5,2727,7,813062,669224,700250,665862,641857,683011,641355,663757,592450,53.53,,,,,,,,35,3,4-Seam Fastball,9,0,9,0,0,9,9,0,Strategic,Standard,221,0,-0.066,73.3,7.6,,0.066,,9,9,0.994,0.994,26,26,26,27,1,2,9,1,,2,1.26,0.57,0.57,27.5,15.397368371792476,4.293340118235243,14.436622687845349,53.07203458565924,27.83750055972269
FF,2025-10-05,95.8,-1.69,5.77,"Suárez, Eugenio",553993,640448,,swinging_strike,,,,,2,Swinging Strike,D,R,R,SEA,DET,S,,,3,0,2025,-0.83,1.62,0.11860754020108466,3.3150652748974436,677594,,593871,1,8,Bot,,,,,,,6.655574998522852,-139.28963422042818,-4.503812099755089,-12.3876580401662,33.674791749965216,-10.326499488514633,3.44,1.58,,,,95.6,2257,6.4,813057,693307,679529,650402,656716,595879,682985,678009,681481,54.09,,,,,,,,65,4,4-Seam Fastball,3,2,3,2,2,3,3,2,Standard,Standard,201,-0.003,-0.082,73.7,7.5,,0.082,,1,1,0.915,0.915,33,33,34,34,1,3,1,1,3,2,0.88,0.83,0.83,59.9,19.878697454515986,1.0667140502519221,33.935027017034734,33.81290830900202,27.743082556479443
FS,2025-10-05,85.8,-1.61,5.55,"Rice, Ben",700250,622554,,ball,,,,,13,Ball,D,L,R,TOR,NYY,B,,,0,0,2025,-1.16,0.67,-1.766125600411837,2.662637850434622,,592450,,2,9,Top,,,,,,,1.9807651551651921,-124.90303864323246,-1.922235802098636,-12.500824444309924,25.462235405970524,-24.98010882320852,3.78386293786806,1.9228049408539,,,,86.3,1001,6.6,813062,672386,665489,643396,676391,665926,664702,662139,664770,53.92,,,,,,,,81,1,Split-Finger,13,7,7,13,7,13,7,13,Standard,Standard,254,0,0.019,,,,-0.019,,6,-6,0.999,0.0010000000000000009,30,26,31,26,1,4,1,1,3,2,2.43,1.16,-1.16,31.3,,,,,
FF,2025-10-05,94.4,1.87,5.82,"Grisham, Trent",663757,641778,single,hit_into_play,,,,,5,Trent Grisham singles on a ground ball to right fielder Nathan Lukes. Ryan McMahon to 3rd. Paul Goldschmidt to 2nd.,D,L,L,TOR,NYY,X,9,ground_ball,1,2,2025,0.59,1.25,-0.17395884786864357,2.459313509327866,,641857,502671,1,7,Top,172.29,108.49,,,,,-6.606212443234928,-137.2447104210553,-5.800467819055657,8.987796528364123,31.170230335599772,-15.234682476496765,3.62,1.72,96,104.8,5,94,2361,6.2,813062,672386,665489,643396,676391,665926,664702,662139,664770,54.34,0.61,0.561,0.9,1,1,0,4,62,4,4-Seam Fastball,13,2,2,13,2,13,2,13,Standard,Standard,139,-0.001,0.55,75.4,7.7,0.69,-0.55,104.8,11,-11,0.999,0.0010000000000000009,30,28,30,29,1,3,7,1,3,2,1.31,0.59,0.59,32.6,13.577104225388553,-5.425313172297551,27.25325436803103,39.97435630782854,27.971067943972873
FC,2025-10-05,95.2,1.29,5.87,"Kiner-Falefa, Isiah",643396,608331,field_out,hit_into_play,,,,,2,Isiah Kiner-Falefa grounds out to first baseman Ben Rice.,D,R,L,TOR,NYY,X,3,ground_ball,1,1,2025,-0.11,0.48,0.21153264506110084,2.924658870972087,,,,0,2,Bot,155.56,170.84,,,,,-2.60265518461364,-138.73204916682582,-3.233400684401985,-0.8876322479593578,29.020450529132756,-25.43131338927302,3.23,1.47,3,73.1,-45,96,2257,6.5,813062,669224,700250,665862,641857,683011,641355,663757,592450,53.98,0.166,0.153,0,1,0,0,2,14,3,Cutter,2,0,2,0,0,2,2,0,Standard,Standard,146,-0.015,-0.251,66.6,5.7,0.188,0.251,88.0,2,2,0.746,0.746,31,30,31,30,1,0,5,1,,2,2.01,-0.11,0.11,41.4,-14.311230732221533,43.33749489124382,27.175197286138925,40.63193746126041,12.014800010973447
SL,2025-10-05,91.9,2.21,5.94,"Rodríguez, Julio",677594,669373,strikeout,swinging_strike,,,,,12,Julio Rodríguez strikes out swinging. Randy Arozarena steals (1) 2nd base.,D,R,L,SEA,DET,S,2,,1,2,2025,-0.35,0.5,0.2406668562306927,3.455021252184892,,,668227,1,1,Bot,,,,,,,-4.24712479579372,-133.8856764863889,-1.5842082464908664,-3.339349309548536,27.415717171485852,-26.03443714705047,3.23,1.47,,,,92.6,2375,6.5,813057,693307,679529,650402,656716,595879,682985,678009,681481,54,,0,0,1,0,0,,7,7,Slider,0,0,0,0,0,0,0,0,Standard,Standard,180,-0.009,-0.178,75.7,6.5,,0.178,,0,0,0.542,0.542,28,24,29,25,1,0,5,1,5,2,2.18,-0.35,0.35,43.6,0.07923408987665279,21.989115973548607,22.546848391324975,40.84827943094019,18.128038190813015
FF,2025-10-05,95.2,1.97,5.29,"Pérez, Wenceel",672761,642100,,ball,,,,,14,Ball,D,R,L,SEA,DET,B,,,0,1,2025,1.13,1.31,1.0635799837620534,2.188582390781487,,,,2,6,Top,,,,,,,-4.918269709269895,-138.4219490555106,-5.352277554520911,15.676798311396468,35.09230734826616,-14.372520847530357,3.23848800999428,1.57110084378643,,,,94.3,2434,6.1,813057,663728,647304,593871,553993,641487,668227,677594,645302,54.38,,,,,,,,42,2,4-Seam Fastball,1,0,0,1,0,1,0,1,Infield shade,Standard,134,-0.002,0.027,,,,-0.027,,1,-1,0.726,0.274,30,25,30,26,1,0,1,1,3,3,1.24,1.13,-1.13,29.4,,,,,
FF,2025-10-05,95.6,-2.09,5.19,"Greene, Riley",682985,622491,,ball,,,,,12,Ball,D,L,R,SEA,DET,B,,,0,0,2025,-0.98,1.26,1.0910423713176853,4.002249433358665,,,681481,1,1,Top,,,,,,,10.431400281236339,-138.96511667049748,-0.3605093314960208,-15.04653155122176,30.29322136828764,-15.944732883162906,3.76395322671139,1.81804796720502,,,,94.4,2202,5.6,813057,663728,647304,593871,553993,641487,668227,677594,645302,54.9,,,,,,,,3,1,4-Seam Fastball,0,0,0,0,0,0,0,0,Infield shade,Standard,231,-0.004,0.035,,,,-0.035,,0,0,0.498,0.502,32,24,33,25,1,0,11,1,5,2,1.23,0.98,-0.98,18.0,,,,,
SL,2025-10-05,85.7,-2.36,4.99,"Carpenter, Kerry",681481,666374,strikeout,called_strike,,,,,4,Kerry Carpenter called out on strikes.,D,L,R,SEA,DET,S,2,,3,2,2025,1.45,0.14,-0.6051205913933781,2.3941248397477484,,,650402,0,8,Top,,,,,,,1.198783586353949,-124.73133643321276,-0.08687113018641912,14.79510426303693,27.656030052891758,-30.931282695186457,3.33905140865082,1.60391139918094,,,,85.5,2894,6.4,813057,663728,647304,593871,553993,641487,668227,677594,645302,54.14,,0,0,1,0,0,,56,8,Slider,2,0,0,2,0,2,0,2,Infield shade,Standard,58,0.076,-0.315,,,,0.315,,2,-2,0.777,0.22299999999999998,27,27,27,28,1,3,1,1,2,2,2.99,-1.45,1.45,26.5,,,,,
FS,2025-10-05,84.6,-0.51,7.33,"Rice, Ben",700250,702056,,called_strike,,,,,6,Called Strike,D,L,R,TOR,NYY,S,,,0,0,2025,-0.89,0.27,0.822862264673755,2.739988859734258,,,592450,2,1,Top,,,,,,,4.837278751167078,-123.06953647121844,-4.871418284362349,-10.017744048964252,24.140119214725182,-28.639190909495102,3.76472826755314,1.89977577357258,,,,83.9,1500,5.8,813062,672386,665489,643396,676391,665926,676914,662139,664702,54.65,,,,,,,,4,1,Split-Finger,0,0,0,0,0,0,0,0,Infield shade,Standard,219,0.003,-0.042,,,,0.042,,0,0,0.526,0.474,21,26,22,26,1,0,8,1,8,2,2.91,0.89,-0.89,63.0,,,,,
SI,2025-10-05,94.6,-2.22,5.45,"Kirk, Alejandro",672386,701542,,ball,,,,,14,Ball,D,R,R,TOR,NYY,B,,,1,0,2025,-1.49,0.48,1.099465298166816,2.2230457497848213,,,,1,4,Bot,,,,,,,12.132915810640904,-137.1984210744404,-3.807035655003774,-21.55198397174568,30.603465857124135,-25.443131301983726,3.10942405029063,1.5605593207233,,,,95.6,2535,7.1,813062,669224,700250,665862,641857,683011,641355,663757,592450,53.42,,,,,,,,35,2,Sinker,9,0,9,0,0,9,9,0,Strategic,Standard,229,0,0.071,,,,-0.071,,9,9,0.994,0.994,26,26,26,27,1,2,9,1,,2,2.09,1.49,1.49,27.5,,,,,
CU,2025-10-05,86.2,-0.91,6.43,"Stanton, Giancarlo",519317,667297,single,hit_into_play,,,,,13,Giancarlo Stanton singles on a sharp line drive to left fielder Myles Straw. Aaron Judge scores. Ben Rice scores.,D,R,R,TOR,NYY,X,7,line_drive,2,2,2025,0.8,-1.25,-0.03228612939228914,1.6504600617981868,592450,700250,,2,7,Top,50.14,99.97,,,,,0.44972203760417906,-125.52103726215704,-2.480683825669993,8.272547495987856,29.646542512806747,-44.857657722459855,3.8,1.83,254,105.6,13,85.5,3175,6.2,813062,672386,665489,643396,676391,665926,664702,662139,664770,54.34,0.82,0.817,0.9,1,1,0,5,66,5,Curveball,13,5,5,13,7,13,7,13,Standard,Standard,15,-0.006,0.814,83.2,9.5,1.081,-0.814,105.6,8,-8,0.996,0.0040000000000000036,34,35,34,36,1,3,8,1,2,2,4.35,-0.8,-0.8,49.7,18.687584504765255,-14.290050073364228,31.33036002347975,42.97065985539143,34.743742867149415
FF,2025-10-05,98.3,-1.97,5.45,"Bellinger, Cody",641355,622554,field_out,hit_into_play,,,,,4,"Cody Bellinger grounds out, shortstop Andrés Giménez to first baseman Vladimir Guerrero Jr. Aaron Judge to 2nd.",D,L,R,TOR,NYY,X,6,ground_ball,3,2,2025,-0.26,1.19,-0.6815253025630477,3.06786876785813,,,592450,1,9,Top,136.81,142.96,,,,,4.124854920206024,-143.0003248090956,-3.6936349956698615,-4.626919757122459,36.83244608900852,-15.214319717110996,3.83,1.78,7,90.2,-24,98.1,2418,6.5,813062,672386,665489,643396,676391,665926,664702,662139,664770,54.03,0.06,0.059,0,1,0,0,2,80,6,4-Seam Fastball,13,7,7,13,7,13,7,13,Infield shade,Standard,213,0.002,-0.383,65.1,6.9,0.084,0.383,90.2,6,-6,0.997,0.0030000000000000027,30,29,31,30,1,4,1,1,3,2,1.19,0.26,-0.26,29.8,5.2016145353175745,16.108652482008775,24.918428189940744,36.38103487457423,20.475069172075848
SI,2025-10-05,94,1.52,5.7,"Kiner-Falefa, Isiah",643396,608331,,called_strike,,,,,9,Called Strike,D,R,L,TOR,NYY,S,,,1,0,2025,1.04,0.38,0.5885750534347522,1.8686621550025402,,,,0,2,Bot,,,,,,,-4.73821712439929,-136.87535758579486,-5.116796110840798,14.094996672093009,28.283157725311494,-26.49958196516032,3.44302022635462,1.6393179848004,,,,94.8,2089,6.6,813062,669224,700250,665862,641857,683011,641355,663757,592450,53.9,,,,,,,,14,2,Sinker,2,0,2,0,0,2,2,0,Standard,Standard,129,-0.004,-0.05,,,,0.05,,2,2,0.75,0.75,31,30,31,30,1,0,5,1,,2,2.18,1.04,-1.04,37.4,,,,,
SL,2025-10-05,85.1,1.95,5.96,"Grisham, Trent",663757,641778,,foul,,,,,6,Foul,D,L,L,TOR,NYY,S,,,1,1,2025,-0.23,0.32,0.3729469450105786,2.3514584705096224,,641857,502671,1,7,Top,,,,,,,-3.242810739760443,-123.92555774563856,-2.7845427217734295,-1.6916613049743894,25.732892357366595,-28.511275466050453,3.62,1.72,185,61,43,84.9,2147,6.2,813062,672386,665489,643396,676391,665926,664702,662139,664770,54.29,,,,,,,,62,3,Slider,13,2,2,13,2,13,2,13,Standard,Standard,182,0,-0.058,72.0,7.7,,0.058,88.0,11,-11,0.999,0.0010000000000000009,30,28,30,29,1,3,7,1,3,2,2.83,-0.23,-0.23,34.0,14.216715438447395,-5.269877189963873,25.298311217553305,33.948997060581036,24.51267915076874
FF,2025-10-05,98.5,1.58,6.21,"Rodríguez, Julio",677594,669373,,foul,,,,,1,Foul,D,R,L,SEA,DET,S,,,1,2,2025,-0.01,1.44,-0.33565388332615703,3.1190101754558346,,,668227,1,1,Bot,,,,,,,-5.177326799053495,-143.22354020078618,-6.254925709302813,1.1487534180289236,34.856817436430376,-11.107953720861456,3.23,1.47,234,73.8,31,98.4,2366,6.4,813057,693307,679529,650402,656716,595879,682985,678009,681481,54.12,,,,,,,,7,6,4-Seam Fastball,0,0,0,0,0,0,0,0,Standard,Standard,158,0,0,74.5,6.2,,0,88.0,0,0,0.542,0.542,28,24,29,25,1,0,5,1,5,2,0.92,-0.01,0.01,50.7,-8.81796197370744,29.755939297442023,27.535584867269247,34.45302681401407,17.57310260265758
SI,2025-10-05,97.6,-2.17,5.17,"Carpenter, Kerry",681481,666374,,ball,,,,,11,Ball,D,L,R,SEA,DET,B,,,2,2,2025,-1.38,0.69,-0.9038995003735495,4.0127328079232205,,,650402,0,8,Top,,,,,,,6.565555911775475,-141.98005106261115,0.8426959144311755,-20.175024603714974,34.86565626063143,-23.367099853396194,3.34688517790499,1.71710264400215,,,,97.2,2174,6.3,813057,663728,647304,593871,553993,641487,668227,677594,645302,54.23,,,,,,,,56,7,Sinker,2,0,0,2,0,2,0,2,Infield shade,Standard,233,-0.025,0.113,,,,-0.113,,2,-2,0.802,0.19799999999999995,27,27,27,28,1,3,1,1,2,2,1.72,1.38,-1.38,27.3,,,,,
ST,2025-10-05,83,-2.39,5.71,"Meadows, Parker",678009,660825,,called_strike,,,,,9,Called Strike,D,L,R,SEA,DET,S,,,1,0,2025,1.39,-0.24,0.39689700388832305,1.8270034551658774,,,595879,2,7,Top,,,,,,,3.606072387899865,-120.71972018307319,-1.8150436990865204,12.572445725239895,27.5955071677882,-34.35208078739655,3.58164411262217,1.73191461493926,,,,81.4,2636,5.6,813057,663728,647304,593871,553993,641487,668227,677594,645302,54.86,,,,,,,,50,2,Sweeper,2,0,0,2,0,2,0,2,Standard,Standard,53,0.005,-0.05,,,,0.05,,2,-2,0.851,0.14900000000000002,29,25,30,26,1,2,1,1,2,2,3.6,-1.39,1.39,41.6,,,,,
SI,2025-10-05,94.3,1.91,5.25,"Pérez, Wenceel",672761,642100,,called_strike,,,,,2,Called Strike,D,R,L,SEA,DET,S,,,0,0,2025,1.5,0.72,-0.0023501015192979313,2.8435579038385477,,,,2,6,Top,,,,,,,-8.251712592987651,-137.08571070777822,-2.098421845751026,20.8165259979187,32.76818969644463,-22.809681839172676,3.22697081754152,1.56910985427883,,,,93.3,2196,5.9,813057,663728,647304,593871,553993,641487,668227,677594,645302,54.58,,,,,,,,42,1,Sinker,1,0,0,1,0,1,0,1,Infield shade,Standard,134,0.003,-0.043,,,,0.043,,1,-1,0.723,0.277,30,25,30,26,1,0,1,1,3,3,1.86,1.5,-1.5,28.1,,,,,
FS,2025-10-05,87.1,-1.87,5.7,"Suárez, Eugenio",553993,640448,,ball,,,,,14,Ball,D,R,R,SEA,DET,B,,,2,0,2025,-0.6,0.38,0.07134005517129871,1.2248762561146145,677594,,593871,1,8,Bot,,,,,,,5.925515059069143,-126.77576090451268,-5.398932223367381,-7.65270281501278,24.862000945232122,-27.21138288655846,3.63599804660036,1.63951935456932,,,,87.6,901,6.5,813057,693307,679529,650402,656716,595879,682985,678009,681481,53.98,,,,,,,,65,3,Split-Finger,3,2,3,2,2,3,3,2,Standard,Standard,225,0.004,0.088,,,,-0.088,,1,1,0.911,0.911,33,33,34,34,1,3,1,1,3,2,2.62,0.6,0.6,54.2,,,,,
SI,2025-10-05,96.6,-2.2,5.05,"Carpenter, Kerry",681481,622491,walk,ball,,,,,12,Kerry Carpenter walks.,D,L,R,SEA,DET,B,,,3,2,2025,-1.5,0.23,1.1476460365999952,3.0709046489230585,,,,1,1,Top,,,,,,,12.086454590624463,-140.234942903252,-0.257824330214635,-22.40317442934998,29.703888414908125,-29.27612758244825,3.50746790932527,1.67798762976572,,,,95.2,2176,5.4,813057,663728,647304,593871,553993,641487,668227,677594,645302,55.06,,0.691497,0.7,1,0,0,,2,7,Sinker,0,0,0,0,0,0,0,0,Infield shade,Standard,242,-0.02,0.339,,,,-0.339,,0,0,0.518,0.482,32,27,33,28,1,0,11,1,5,2,2.21,1.5,-1.5,21.9,,,,,
ST,2025-10-05,85.2,-2.46,5.54,"Kirk, Alejandro",672386,701542,,ball,,,,,14,Ball,D,R,R,TOR,NYY,B,,,0,0,2025,1.55,0.12,1.7244157235969624,2.1406914999111453,,,,1,4,Bot,,,,,,,6.782163849866009,-123.92945090267929,-1.8809900046089485,14.436074731927134,26.200746456290545,-30.8064208916973,2.94461535894017,1.43289863199418,,,,85.9,2920,6.9,813062,669224,700250,665862,641857,683011,641355,663757,592450,53.63,,,,,,,,35,1,Sweeper,9,0,9,0,0,9,9,0,Strategic,Standard,64,0,0.039,,,,-0.039,,9,9,0.994,0.994,26,26,26,27,1,2,9,1,,2,3.04,-1.55,-1.55,31.1,,,,,
FF,2025-10-05,92.7,1.89,5.81,"Grisham, Trent",663757,641778,,foul,,,,,5,Foul,D,L,L,TOR,NYY,S,,,1,0,2025,0.71,1.18,-0.2132826252367198,2.8562962117816504,,641857,502671,1,7,Top,,,,,,,-6.932293679194902,-134.87267330157798,-4.352409468430862,10.183991564592358,28.605812383426393,-16.97353082103478,3.62,1.72,263,77.3,40,92.7,2249,6.3,813062,672386,665489,643396,676391,665926,664702,662139,664770,54.24,,,,,,,,62,2,4-Seam Fastball,13,2,2,13,2,13,2,13,Standard,Standard,136,0,-0.045,71.2,7.4,,0.045,88.0,11,-11,0.999,0.0010000000000000009,30,28,30,29,1,3,7,1,3,2,1.47,0.71,0.71,40.3,13.204687829942886,4.805714573570639,25.210270065328956,41.762164861262754,19.840208541415954
FF,2025-10-05,96.7,-2.02,5.43,"Bellinger, Cody",641355,622554,,ball,,,,,14,Ball,D,L,R,TOR,NYY,B,,,2,2,2025,-0.37,1.27,0.43251336601480833,1.4875377807683883,,,592450,1,9,Top,,,,,,,7.384779028075708,-140.4876975387314,-7.850320742782307,-6.525192388416817,32.01767983260249,-13.745945967153661,3.92310242544594,1.89143069350238,,,,97,2564,6.6,813062,672386,665489,643396,676391,665926,664702,662139,664770,53.95,,,,,,,,80,5,4-Seam Fastball,13,7,7,13,7,13,7,13,Infield shade,Standard,207,-0.001,0.098,,,,-0.098,,6,-6,0.998,0.0020000000000000018,30,29,31,30,1,4,1,1,3,2,1.18,0.37,-0.37,31.8,,,,,
FC,2025-10-05,95.6,1.34,5.92,"Kiner-Falefa, Isiah",643396,608331,,ball,,,,,12,Ball,D,R,L,TOR,NYY,B,,,0,0,2025,-0.11,0.9,0.6173959842439335,3.733786304530801,,,,0,2,Bot,,,,,,,-1.6764040339125323,-139.4199561531179,-2.2408405815773236,-1.0823619482106295,28.116832806682492,-20.090963441473725,3.40833678488232,1.60460668746972,,,,96.4,2330,6.4,813062,669224,700250,665862,641857,683011,641355,663757,592450,54.12,,,,,,,,14,1,Cutter,2,0,2,0,0,2,2,0,Standard,Standard,161,0.003,0.041,,,,-0.041,,2,2,0.747,0.747,31,30,31,30,1,0,5,1,,2,1.56,-0.11,0.11,43.4,,,,,
CH,2025-10-05,90.7,1.89,6.05,"Rodríguez, Julio",677594,669373,,ball,,,,,14,Ball,D,R,L,SEA,DET,B,,,0,2,2025,0.82,0.73,1.7429471486300758,1.3207275216085457,,,668227,1,1,Bot,,,,,,,-2.13303822115239,-131.89702352281859,-7.420649541270308,9.956696713286448,30.69236827645711,-22.16549121654752,3.28603174761279,1.55981931376589,,,,90.6,1822,6.5,813057,693307,679529,650402,656716,595879,682985,678009,681481,54.04,,,,,,,,7,5,Changeup,0,0,0,0,0,0,0,0,Standard,Standard,138,0.003,0.01,,,,-0.01,,0,0,0.539,0.539,28,24,29,25,1,0,5,1,5,2,2.06,0.82,-0.82,43.9,,,,,
CH,2025-10-05,90.3,-2.5,4.97,"Carpenter, Kerry",681481,666374,,foul,,,,,8,Foul,D,L,R,SEA,DET,S,,,2,2,2025,-1.33,-0.69,-0.21840996225309062,2.045510924792679,,,650402,0,8,Top,,,,,,,8.495109599157804,-131.03971860032166,0.28619203333967214,-17.202777796249475,32.589811533411535,-40.41019740371823,3.41,1.62,242,92.8,16,89.4,1759,6.3,813057,663728,647304,593871,553993,641487,668227,677594,645302,54.18,,,,,,,,56,6,Changeup,2,0,0,2,0,2,0,2,Infield shade,Standard,255,0,0,69.6,6.5,,0,92.8,2,-2,0.802,0.19799999999999995,27,27,27,28,1,3,1,1,2,2,3.55,1.33,-1.33,24.4,-0.8377880188134934,26.078152887555632,38.06116158686315,41.811752251851715,12.401863800268401
SL,2025-10-05,83.7,-2.66,5.32,"Meadows, Parker",678009,662253,field_out,hit_into_play,,,,,8,"Parker Meadows grounds out, first baseman Josh Naylor to pitcher Andrés Muñoz.",D,L,R,SEA,DET,X,3,ground_ball,3,2,2025,0.64,-0.46,0.0948680754900163,2.0669951120003947,,,,2,9,Top,158.49,169.58,,,,,5.107456858475627,-121.83901204467261,-0.15098446465634852,5.345333998558591,24.90488607320877,-36.96290063983467,3.47,1.67,4,82.8,-29,83.9,2295,6.5,813057,663728,647304,660844,553993,641487,668227,677594,645302,54.01,0.058,0.056,0,1,0,0,2,69,9,Slider,3,2,2,3,2,3,2,3,Strategic,Standard,73,0.043,-0.328,74.6,7.2,0.061,0.328,88.0,1,-1,0.957,0.04300000000000004,26,25,26,26,1,3,1,1,2,2,3.72,-0.64,0.64,30.5,7.53602990845629,-6.966328193360024,33.73399134854171,35.881637767640406,40.324093807319954
SL,2025-10-05,83.8,1.83,5.22,"Torkelson, Spencer",679529,642100,field_out,hit_into_play,,,,,9,"Spencer Torkelson grounds out, shortstop J.P. Crawford to first baseman Josh Naylor.",D,R,L,SEA,DET,X,6,ground_ball,1,2,2025,-0.48,-0.09,0.384997229715806,1.8361313795637733,,,,1,6,Top,111.92,159.46,,,,,-2.3658176146179706,-122.19395266003212,-1.3035866061275914,-4.4471178867772005,22.473499686731945,-33.00322673339792,3.51,1.64,10,71.8,-10,83.9,2160,6.1,813057,663728,647304,593871,553993,641487,668227,677594,645302,54.42,0.047,0.045,0,1,0,0,2,41,5,Slider,1,0,0,1,0,1,0,1,Infield shade,Standard,273,0.019,-0.18,73.2,8.7,0.047,0.18,88.0,1,-1,0.704,0.29600000000000004,30,25,30,26,1,2,1,1,3,2,3.3,-0.48,0.48,30.0,17.501220105370184,-27.49358934768412,39.1987932542505,41.25013351674886,43.51429542762546
FS,2025-10-05,87.8,-1.8,5.63,"Suárez, Eugenio",553993,640448,,ball,,,,,13,Ball,D,R,R,SEA,DET,B,,,1,0,2025,-1.08,0.65,-0.5371998434236565,1.0564270099383621,677594,,593871,1,8,Bot,,,,,,,5.307098110828937,-127.68359360609755,-6.324630330681188,-12.852361977073159,26.063065526651197,-23.963574462143757,3.51267492043694,1.61537136272882,,,,88.2,982,6.5,813057,693307,679529,650402,656716,595879,682985,678009,681481,53.97,,,,,,,,65,2,Split-Finger,3,2,3,2,2,3,3,2,Standard,Standard,220,0.002,0.045,,,,-0.045,,1,1,0.909,0.909,33,33,34,34,1,3,1,1,3,2,2.31,1.08,1.08,53.9,,,,,
SL,2025-10-05,86.3,-2.24,4.78,"Carpenter, Kerry",681481,622491,,ball,,,,,14,Ball,D,L,R,SEA,DET,B,,,2,2,2025,-0.02,0.09,1.8353364735799491,1.160790217619307,,,,1,1,Top,,,,,,,9.54308244996481,-125.43118033166303,-2.568573442740188,-1.9798869719844117,23.20923651453998,-30.91758786569014,3.44564075477688,1.70640367518335,,,,85,2285,5.3,813057,663728,647304,593871,553993,641487,668227,677594,645302,55.18,,,,,,,,2,6,Slider,0,0,0,0,0,0,0,0,Infield shade,Standard,39,-0.006,0.104,,,,-0.104,,0,0,0.524,0.476,32,27,33,28,1,0,11,1,5,2,2.96,0.02,-0.02,12.8,,,,,
SL,2025-10-05,89.7,-1.43,5.95,"Stanton, Giancarlo",519317,667297,,foul,,,,,6,Foul,D,R,R,TOR,NYY,S,,,2,1,2025,0.02,0.11,0.6530922482609617,2.788591871801155,592450,700250,,2,7,Top,,,,,,,5.107579409739745,-130.59985707860528,-2.1073338873743546,-0.7952434161797403,25.277917312305128,-30.7317957202248,3.8,1.83,218,78.1,48,90.1,2856,6.3,813062,672386,665489,643396,676391,665926,664702,662139,664770,54.2,,,,,,,,66,4,Slider,13,5,5,13,5,13,5,13,Standard,Standard,84,0,-0.064,86.2,8.3,,0.064,88.0,8,-8,0.996,0.0040000000000000036,34,35,34,36,1,3,8,1,2,2,2.7,-0.02,-0.02,36.8,6.42521607248604,11.770663417900737,25.895327732639725,51.78101681712103,11.991095001618557
ST,2025-10-05,82.9,-2.35,5.72,"Meadows, Parker",678009,660825,,ball,,,,,14,Ball,D,L,R,SEA,DET,B,,,0,0,2025,1.16,-0.09,0.7467610337500942,1.6584881056438823,,,595879,2,7,Top,,,,,,,4.744572254508828,-120.53554577982773,-2.512559484413101,10.147023480558698,26.746320064984662,-32.75495128529471,3.56177564496315,1.85915562999701,,,,81.5,2612,5.7,813057,663728,647304,593871,553993,641487,668227,677594,645302,54.79,,,,,,,,50,1,Sweeper,2,0,0,2,0,2,0,2,Standard,Standard,58,-0.003,0.035,,,,-0.035,,2,-2,0.854,0.14600000000000002,29,25,30,26,1,2,1,1,2,2,3.45,-1.16,1.16,41.7,,,,,
FS,2025-10-05,85.7,-0.37,7.18,"Bellinger, Cody",641355,702056,strikeout,swinging_strike,,,,,14,Cody Bellinger strikes out swinging.,D,L,R,TOR,NYY,S,2,,2,2,2025,-0.97,0.15,0.39032090975205225,1.3578958490150184,,,592450,1,1,Top,,,,,,,3.7444247632822045,-124.6412940017204,-7.778883273967224,-10.863107609913355,23.942329504437332,-29.324270508423183,3.83,1.78,,,,85.5,1464,6.1,813062,672386,665489,643396,676391,665926,676914,662139,664702,54.4,,0,0,1,0,0,,3,6,Split-Finger,0,0,0,0,0,0,0,0,Infield shade,Standard,225,0.024,-0.222,53.2,8.8,,0.222,,0,0,0.502,0.498,21,29,22,30,1,0,8,1,8,2,2.95,0.97,-0.97,60.9,36.07581992382415,-37.44622048831335,45.123911834965725,23.642194828681312,51.014356427087804
FS,2025-10-05,85.7,-0.41,7.25,"Bellinger, Cody",641355,702056,,foul,,,,,14,Foul,D,L,R,TOR,NYY,S,,,2,2,2025,-1.06,0.88,0.06191122271217597,0.87060157148655,,,592450,1,1,Top,,,,,,,3.227726712270439,-124.47015565208545,-10.563653210837202,-11.647472318892714,23.249628818842016,-21.21813909366143,3.83,1.78,18,18,32,85.7,1558,6.2,813062,672386,665489,643396,676391,665926,676914,662139,664702,54.26,,,,,,,,3,5,Split-Finger,0,0,0,0,0,0,0,0,Infield shade,Standard,216,0,0,8.7,6.7,,0,88.0,0,0,0.502,0.498,21,29,22,30,1,0,8,1,8,2,2.22,1.06,-1.06,64.3,-5.872451676254649,26.770219617019844,57.18600636474635,27.215940681097546,10.264677325511775
FF,2025-10-05,95.8,-2.44,5.57,"Guerrero Jr., Vladimir",665489,701542,home_run,hit_into_play,,,,,4,Vladimir Guerrero Jr. hits a grand slam (2) to left field. Andrés Giménez scores. Myles Straw scores. George Springer scores.,D,R,R,TOR,NYY,X,,fly_ball,2,1,2025,-0.67,1.33,-0.7917221904163381,2.8488913643060085,665926,664702,543807,1,4,Bot,26.73,62.63,,,,,5.939405961937716,-139.30120343764207,-4.629950217505804,-10.097845915253354,31.57122324949927,-13.968445103033837,3.68,1.68,415,110.7,25,96.7,2708,6.9,813062,669224,700250,665862,641857,683011,641355,663757,592450,53.63,0.973,1.9508125000000003,2,1,0,3,6,34,4,4-Seam Fastball,5,0,5,0,0,9,9,0,Standard,Standard,224,0.028,0.899,77.6,7.7,3.849,-0.899,110.7,5,5,0.966,0.966,26,26,26,26,1,2,9,1,,2,1.16,0.67,0.67,29.9,9.460088859385467,-18.086232763633184,30.723898276464336,27.956212077435204,38.52637669855578
CU,2025-10-05,85.6,-1.19,6.31,"Stanton, Giancarlo",519317,667297,,foul,,,,,8,Foul,D,R,R,TOR,NYY,S,,,2,0,2025,1.15,-1.15,0.0007950556882155846,1.970498248300545,592450,700250,,2,7,Top,,,,,,,0.48742030680960047,-124.61911009541043,-1.5509672561187737,11.791275387323115,28.229430360601857,-43.97073768081583,3.8,1.83,185,69.1,51,84.8,2889,6.1,813062,672386,665489,643396,676391,665926,664702,662139,664770,54.44,,,,,,,,66,3,Curveball,13,5,5,13,5,13,5,13,Standard,Standard,19,0.001,-0.018,82.0,9.1,,0.018,88.0,8,-8,0.995,0.0050000000000000044,34,35,34,36,1,3,8,1,2,2,4.29,-1.15,-1.15,47.7,7.932644632492258,-8.10335837216741,34.021544962469626,43.17845892493265,27.335886770155525
SL,2025-10-05,84.9,2.01,5.9,"Grisham, Trent",663757,641778,,ball,,,,,3,Ball,D,L,L,TOR,NYY,B,,,0,0,2025,-0.28,0.26,0.6983103971778846,3.538148020107236,,641857,502671,1,7,Top,,,,,,,-2.510059828514618,-123.57434984466444,0.31195185001816217,-2.3011898913986903,25.781019095400488,-29.83245959553583,3.72609475032187,1.72190550102056,,,,84.6,2097,6.2,813062,672386,665489,643396,676391,665926,664702,662139,664770,54.31,,,,,,,,62,1,Slider,13,2,2,13,2,13,2,13,Standard,Standard,190,0,0.031,,,,-0.031,,11,-11,0.999,0.0010000000000000009,30,28,30,29,1,3,7,1,3,2,2.91,-0.28,-0.28,43.6,,,,,
FF,2025-10-05,97.4,-2.01,5.41,"Bellinger, Cody",641355,622554,,foul,,,,,2,Foul,D,L,R,TOR,NYY,S,,,2,1,2025,0.08,1.08,0.23194605854611292,3.3041751048855135,,,592450,1,9,Top,,,,,,,5.864474943268031,-141.64366482161068,-2.580645461141883,-0.3914638141776206,34.90878231619873,-17.30791787079109,3.83,1.78,147,79.1,12,97.5,2417,6.5,813062,672386,665489,643396,676391,665926,664702,662139,664770,53.97,,,,,,,,80,4,4-Seam Fastball,13,7,7,13,7,13,7,13,Infield shade,Standard,208,0,-0.075,69.3,7.1,,0.075,88.0,6,-6,0.998,0.0020000000000000018,30,29,31,30,1,4,1,1,3,2,1.34,-0.08,0.08,30.0,11.453115869124872,16.17104763442823,30.599471055474975,25.78061314932467,22.982984148961457
CU,2025-10-05,75.1,1.2,6.15,"Clement, Ernie",676391,608331,home_run,hit_into_play,,,,,8,Ernie Clement homers (1) on a fly ball to left field. Daulton Varsho scores.,D,R,L,TOR,NYY,X,,fly_ball,0,0,2025,-0.62,-1.2,0.09919285170632242,1.896938682056179,662139,,,0,2,Bot,43.01,82.21,,,,,-1.1965200377408938,-109.31263276493793,0.53466316651041,-4.696282751765656,20.480776419820796,-42.08101593355588,3.34,1.55,354,94.1,33,75.4,2822,6.6,813062,669224,700250,665862,641857,683011,641355,663757,592450,53.87,0.183,0.357,2,1,0,3,3,13,1,Curveball,0,0,0,0,0,2,2,0,Standard,Standard,327,0.107,0.871,65.3,7.7,0.706,-0.871,94.1,0,0,0.64,0.64,31,29,31,29,1,0,5,1,,2,5.26,-0.62,0.62,49.8,18.071330605387054,-19.413558408301917,34.714267278241884,38.86833992033674,39.95545476051201
FF,2025-10-05,96.6,1.85,5.34,"Torkelson, Spencer",679529,642100,,foul,,,,,1,Foul,D,R,L,SEA,DET,S,,,1,2,2025,0.95,1.26,-0.39041206943031326,3.050609114535342,,,,1,6,Top,,,,,,,-8.062070717480124,-140.4072265305164,-3.357814434807736,14.363032252520195,32.9485362563128,-15.00827623211708,3.51,1.64,217,73.5,41,95.8,2390,6,813057,663728,647304,593871,553993,641487,668227,677594,645302,54.5,,,,,,,,41,4,4-Seam Fastball,1,0,0,1,0,1,0,1,Standard,Standard,137,0,0,70.5,6.7,,0,88.0,1,-1,0.704,0.29600000000000004,30,25,30,26,1,2,1,1,3,2,1.2,0.95,-0.95,31.3,2.761064046734668,1.5339211330009033,35.932398133478266,31.22617636274346,25.34629295412374
SL,2025-10-05,92.7,2.05,5.99,"Rodríguez, Julio",677594,669373,,foul,,,,,13,Foul,D,R,L,SEA,DET,S,,,0,2,2025,-0.22,0.32,-1.1779671480048075,2.3298813400877787,,,668227,1,1,Bot,,,,,,,-7.790962032618818,-134.82717083998844,-4.264861741003033,-1.0465421428237716,28.557677049776533,-27.601984289981466,3.23,1.47,4,87.4,-31,93,2388,6.4,813057,693307,679529,650402,656716,595879,682985,678009,681481,54.06,,,,,,,,7,4,Slider,0,0,0,0,0,0,0,0,Standard,Standard,176,0,0,76.5,7.2,,0,88.0,0,0,0.539,0.539,28,24,29,25,1,0,5,1,5,2,2.33,-0.22,0.22,44.4,3.7791148877384764,-11.518033892100142,33.022235629212375,24.784018846939134,35.84342692050329
SL,2025-10-05,87.9,-2.26,5.03,"Carpenter, Kerry",681481,666374,,foul,,,,,9,Foul,D,L,R,SEA,DET,S,,,2,2,2025,0.86,0.13,0.30205450363039843,1.9345105503821824,,,650402,0,8,Top,,,,,,,4.436442145655845,-127.97842116338207,-1.665345748072175,8.465452468386157,26.957606857555955,-30.566245793182244,3.41,1.62,82,74.2,6,88,2903,6.3,813057,663728,647304,593871,553993,641487,668227,677594,645302,54.15,,,,,,,,56,5,Slider,2,0,0,2,0,2,0,2,Infield shade,Standard,53,0,0,72.1,7.1,,0,88.0,2,-2,0.802,0.19799999999999995,27,27,27,28,1,3,1,1,2,2,2.82,-0.86,0.86,26.0,10.036182655487034,13.161110496031668,45.22936757738209,35.3792609698782,19.15875556382279
SL,2025-10-05,84.1,-2.53,5.35,"Meadows, Parker",678009,662253,,ball,,,,,14,Ball,D,L,R,SEA,DET,B,,,2,2,2025,0.77,-0.15,1.325649189607939,1.5440758123999334,,,,2,9,Top,,,,,,,7.4532758296048405,-122.23592865847282,-2.0662646424003315,6.016693262594383,26.358744471666228,-33.48538492857055,3.59037714012767,1.76249807278037,,,,84.2,2378,6.6,813057,663728,647304,660844,553993,641487,668227,677594,645302,53.88,,,,,,,,69,8,Slider,3,2,2,3,2,3,2,3,Strategic,Standard,71,-0.012,0.104,,,,-0.104,,1,-1,0.969,0.031000000000000028,26,25,26,26,1,3,1,1,2,2,3.41,-0.77,0.77,32.8,,,,,
SI,2025-10-05,94.1,-1.77,5.65,"Báez, Javier",595879,660825,single,hit_into_play,,,,,4,Javier Báez singles on a line drive to center fielder Julio Rodríguez.,D,R,R,SEA,DET,X,8,line_drive,2,1,2025,-1.45,1.01,-0.5286924905847068,2.857623059049698,,,,2,7,Top,124.5,114.58,,,,,6.39119169580486,-136.73293553432876,-3.6890923899121435,-19.635057380926927,33.20118998697206,-18.952465180645028,3.51,1.64,251,78.8,23,93.1,2159,6,813057,663728,647304,593871,553993,641487,668227,677594,645302,54.47,0.696,0.665,0.9,1,1,0,4,49,4,Sinker,2,0,0,2,0,2,0,2,Standard,Standard,216,-0.017,0.289,78.0,7.8,0.815,-0.289,88.0,2,-2,0.871,0.129,29,32,30,33,1,2,1,1,2,2,1.6,1.45,1.45,43.7,5.363202916074522,5.600304813768954,29.808606337319603,31.409718906112225,24.93932498134195
FF,2025-10-05,96.3,-1.6,5.77,"Suárez, Eugenio",553993,640448,,ball,,,,,14,Ball,D,R,R,SEA,DET,B,,,0,0,2025,-0.77,1.51,1.2314731893536686,2.2465846858287466,677594,,593871,1,8,Bot,,,,,,,9.276248543974853,-139.82980510247566,-7.167241994246205,-12.276379607564209,32.4409864255879,-10.927265584741182,3.58250540973618,1.66038576953237,,,,96.3,2274,6.5,813057,693307,679529,650402,656716,595879,682985,678009,681481,54.04,,,,,,,,65,1,4-Seam Fastball,3,2,3,2,2,3,3,2,Standard,Standard,202,0.001,0.029,,,,-0.029,,1,1,0.908,0.908,33,33,34,34,1,3,1,1,3,2,0.97,0.77,0.77,57.1,,,,,
SL,2025-10-05,86.4,-2.28,4.73,"Carpenter, Kerry",681481,622491,,ball,,,,,14,Ball,D,L,R,SEA,DET,B,,,1,2,2025,0.03,0.12,2.005726134696469,1.7550666880593044,,,,1,1,Top,,,,,,,9.955024102832748,-125.57301714215282,-1.1580185607181464,-1.4455921581000575,22.546073987104744,-30.881283625094387,3.44303481640159,1.69616819203072,,,,85.3,2222,5.4,813057,663728,647304,593871,553993,641487,668227,677594,645302,55.11,,,,,,,,2,5,Slider,0,0,0,0,0,0,0,0,Infield shade,Standard,53,-0.003,0.048,,,,-0.048,,0,0,0.527,0.473,32,27,33,28,1,0,11,1,5,2,2.91,-0.03,0.03,11.9,,,,,
FF,2025-10-05,94.5,-0.28,7.22,"Bellinger, Cody",641355,702056,,called_strike,,,,,1,Called Strike,D,L,R,TOR,NYY,S,,,2,1,2025,-0.41,1.59,-0.4732268681914581,3.4021171925696043,,,592450,1,1,Top,,,,,,,0.41067281154558555,-137.4717790814731,-7.799389134955629,-5.235870410670099,30.872254551044858,-10.535134160553639,3.80876161610249,1.89153580786386,,,,94.6,2223,6.4,813062,672386,665489,643396,676391,665926,676914,662139,664702,54.1,,,,,,,,3,4,4-Seam Fastball,0,0,0,0,0,0,0,0,Infield shade,Standard,196,0.008,-0.075,,,,0.075,,0,0,0.494,0.506,21,29,22,30,1,0,8,1,8,2,0.97,0.41,-0.41,62.8,,,,,
SI,2025-10-05,96.4,-2.31,5.56,"Guerrero Jr., Vladimir",665489,701542,,called_strike,,,,,5,Called Strike,D,R,R,TOR,NYY,S,,,2,0,2025,-1.3,0.42,0.08651650968281532,3.1063200590187785,665926,664702,543807,1,4,Bot,,,,,,,9.384247735182843,-139.93253388726868,-1.8301523984436996,-19.25143950970633,35.071927811640606,-26.492283131643617,3.75742604135024,1.74195126782237,,,,96.5,2634,6.7,813062,669224,700250,665862,641857,683011,641355,663757,592450,53.75,,,,,,,,34,3,Sinker,5,0,5,0,0,5,5,0,Standard,Standard,214,-0.002,-0.013,,,,0.013,,5,5,0.968,0.968,26,26,26,26,1,2,9,1,,2,2.07,1.3,1.3,29.3,,,,,
SI,2025-10-05,90.8,3.31,4.85,"Rice, Ben",700250,677865,single,hit_into_play,,,,,6,Ben Rice singles on a fly ball to left fielder Davis Schneider.,D,L,L,TOR,NYY,X,7,fly_ball,0,0,2025,1.18,0.28,0.6057458648529608,2.713074848557548,,,,2,6,Top,79.64,121.69,,,,,-9.411557453607799,-131.90472915204774,0.014785509337618352,15.877079693502482,29.20660807184223,-29.136412859664592,3.63,1.76,208,67.2,33,91.6,2234,7,813062,672386,665489,643396,676391,665926,676914,662139,664702,53.53,0.83,0.794,0.9,1,1,0,4,51,1,Sinker,12,2,2,12,2,12,2,12,Infield shade,Standard,119,0,0.325,70.4,6.2,0.929,-0.325,88.0,10,-10,0.999,0.0010000000000000009,28,26,28,26,1,2,8,1,,2,2.5,1.18,1.18,25.6,-4.966840384923576,10.028289059079684,34.30107419603039,30.46637269781543,22.58371111252306
SL,2025-10-05,90.9,-1.34,6,"Stanton, Giancarlo",519317,667297,,ball,,,,,14,Ball,D,R,R,TOR,NYY,B,,,1,0,2025,0.08,0.29,1.0300363879448986,1.635420951774162,592450,700250,,2,7,Top,,,,,,,5.762489481452235,-132.36724834089742,-5.730185889697662,-0.14996441200380073,24.297699726070913,-27.794784728879364,3.8,1.83,,,,91.3,2863,6.2,813062,672386,665489,643396,676391,665926,664702,662139,664770,54.32,,,,,,,,66,2,Slider,13,5,5,13,5,13,5,13,Standard,Standard,229,-0.001,0.005,,,,-0.005,,8,-8,0.996,0.0040000000000000036,34,35,34,36,1,3,8,1,2,2,2.43,-0.08,-0.08,36.8,,,,,
CU,2025-10-05,76.6,1.85,6.07,"Goldschmidt, Paul",502671,641778,single,hit_into_play,,,,,9,Paul Goldschmidt singles on a line drive to right fielder Nathan Lukes. Ryan McMahon to 2nd.,D,R,L,TOR,NYY,X,9,line_drive,2,1,2025,-0.91,-0.75,0.39157373843688636,2.0103930331807556,,,641857,1,7,Top,170.27,112.54,,,,,-1.429447472437926,-111.4829812229073,-0.15721540342028706,-7.305938695883021,21.45603650552354,-38.61011913441297,3.38,1.58,177,104.2,8,76,2420,6,813062,672386,665489,643396,676391,665926,664702,662139,664770,54.52,0.711,0.667,0.9,1,1,0,4,61,4,Curveball,13,2,2,13,2,13,2,13,Standard,Standard,318,0,0.364,72.3,7.3,0.809,-0.364,104.2,11,-11,0.999,0.0010000000000000009,30,37,30,38,1,0,7,3,3,2,4.66,-0.91,0.91,37.8,-1.3906703070188728,23.106889179918323,35.41133474801938,48.15348005024019,11.576453355754479
FF,2025-10-05,97.2,-2.07,5.37,"Bellinger, Cody",641355,622554,,ball,,,,,13,Ball,D,L,R,TOR,NYY,B,,,1,1,2025,-0.5,1.32,-1.13073790245533,2.6547820421398898,,,592450,1,9,Top,,,,,,,3.6803212561173395,-141.5097823625715,-4.779292975217045,-7.62953819445379,33.783609818203104,-13.51735657091563,3.91789168121649,1.85526813018924,,,,97.3,2407,6.4,813062,672386,665489,643396,676391,665926,664702,662139,664770,54.11,,,,,,,,80,3,4-Seam Fastball,13,7,7,13,7,13,7,13,Infield shade,Standard,218,0,0.063,,,,-0.063,,6,-6,0.998,0.0020000000000000018,30,29,31,30,1,4,1,1,3,2,1.1,0.5,-0.5,28.3,,,,,
ST,2025-10-05,81.8,1.61,5.67,"Varsho, Daulton",662139,608331,double,hit_into_play,,,,,4,"Daulton Varsho doubles (2) on a line drive to right fielder Aaron Judge. Daulton Varsho to 3rd. Daulton Varsho advances to 3rd, on a fielding error by right fielder Aaron Judge.",D,L,L,TOR,NYY,X,9,line_drive,0,1,2025,-1.28,0.02,-0.5939461992353483,2.426581199725359,,,,0,2,Bot,192.54,134.34,,,,,-2.517269666878414,-119.12614736076411,-0.7862262604741381,-11.658109574830268,23.06157675498098,-32.02752762023774,3.37,1.52,183,81.8,16,81.9,2732,6.3,813062,669224,700250,665862,641857,683011,641355,663757,592450,54.19,0.98,0.927,1.25,1,1,1,4,12,2,Sweeper,0,0,0,0,0,0,0,0,Standard,Standard,303,0.092,0.756,77.0,8.3,1.116,-0.756,88.0,0,0,0.548,0.548,31,28,31,29,1,0,5,1,,2,3.38,-1.28,-1.28,40.3,19.30928487030724,-17.66667767407373,24.118501085611648,41.383152531030824,36.65693091821542
SI,2025-10-05,98.5,1.7,6.09,"Rodríguez, Julio",677594,669373,,foul,,,,,2,Foul,D,R,L,SEA,DET,S,,,0,2,2025,1.21,1.22,-0.10951705178662174,2.8938547871840803,,,668227,1,1,Bot,,,,,,,-7.768364635368868,-143.06299135709943,-5.994756275931377,18.496303153549235,37.0951516272021,-14.272736383246238,3.23,1.47,,,,98.4,2247,6.6,813057,693307,679529,650402,656716,595879,682985,678009,681481,53.9,,,,,,,,7,3,Sinker,0,0,0,0,0,0,0,0,Standard,Standard,157,0,0,73.2,6.4,,0,,0,0,0.539,0.539,28,24,29,25,1,0,5,1,5,2,1.17,1.21,-1.21,48.1,-4.2702571234058295,10.625260437800527,31.86863562784941,36.69198389453195,23.26218620566429
SI,2025-10-05,96.2,-1.78,5.7,"Báez, Javier",595879,660825,,ball,,,,,14,Ball,D,R,R,SEA,DET,B,,,1,1,2025,-1.38,1.01,1.4413463166844929,2.320896092168919,,,,2,7,Top,,,,,,,11.56075227821734,-139.49313338732435,-5.57348589937245,-20.68845315650891,33.57853595221714,-17.81062946798601,3.52415980428337,1.74228218542082,,,,95,2130,6,813057,663728,647304,593871,553993,641487,668227,677594,645302,54.54,,,,,,,,49,3,Sinker,2,0,0,2,0,2,0,2,Standard,Standard,218,-0.003,0.053,,,,-0.053,,2,-2,0.874,0.126,29,32,30,33,1,2,1,1,2,2,1.48,1.38,1.38,43.3,,,,,
CH,2025-10-05,91,-2.64,4.96,"Carpenter, Kerry",681481,666374,,ball,,,,,11,Ball,D,L,R,SEA,DET,B,,,1,2,2025,-1.51,-0.07,-2.2598008257155966,2.7633512130649973,,,650402,0,8,Top,,,,,,,4.186728741651529,-132.39440731161082,0.5970003304304476,-18.619637521382597,30.80571964536381,-33.321280704524035,3.37566720164356,1.73554592619799,,,,90.5,1887,6.2,813057,663728,647304,593871,553993,641487,668227,677594,645302,54.28,,,,,,,,56,4,Changeup,2,0,0,2,0,2,0,2,Infield shade,Standard,254,-0.009,0.036,,,,-0.036,,2,-2,0.811,0.18899999999999995,27,27,27,28,1,3,1,1,2,2,2.84,1.51,-1.51,24.8,,,,,
FF,2025-10-05,96.6,-3.01,5.33,"Meadows, Parker",678009,662253,,foul,,,,,11,Foul,D,L,R,SEA,DET,S,,,2,2,2025,-0.89,1.08,-0.40480495597560684,3.6864591868876433,,,,2,9,Top,,,,,,,8.97371840582435,-140.45594917520134,-1.245315072256569,-13.805388949923513,32.67453724078026,-17.880966801959044,3.47,1.67,,,,96.5,2335,6.4,813057,663728,647304,660844,553993,641487,668227,677594,645302,54.14,,,,,,,,69,7,4-Seam Fastball,3,2,2,3,2,3,2,3,Strategic,Standard,225,0,0,68.5,6.4,,0,,1,-1,0.969,0.031000000000000028,26,25,26,26,1,3,1,1,2,2,1.38,0.89,-0.89,25.4,1.8112065302225573,11.441256723966776,23.47213357308694,41.59626192429259,22.724055884812408
FF,2025-10-05,95.1,1.88,5.3,"Torkelson, Spencer",679529,642100,,foul,,,,,8,Foul,D,R,L,SEA,DET,S,,,1,1,2025,1.08,1.06,0.21607059514608062,2.214073231253976,,,,1,6,Top,,,,,,,-6.760348902529569,-138.19842802758234,-4.742739167729349,15.453405996389815,33.577145591873844,-17.71594790626771,3.51,1.64,230,79.8,48,94.2,2247,6,813057,663728,647304,593871,553993,641487,668227,677594,645302,54.46,,,,,,,,41,3,4-Seam Fastball,1,0,0,1,0,1,0,1,Standard,Standard,136,0.007,-0.064,69.9,7.3,,0.064,88.0,1,-1,0.697,0.30300000000000005,30,25,30,26,1,2,1,1,3,2,1.48,1.08,-1.08,29.9,0.8874582721939347,-1.4812204385949372,44.890725325005704,38.98272355451523,22.74317636990275
FF,2025-10-05,95.8,-1.47,5.72,"Polanco, Jorge",593871,640448,single,hit_into_play,,,,,12,Jorge Polanco singles on a soft ground ball to third baseman Zach McKinstry. Julio Rodríguez to 3rd.,D,L,R,SEA,DET,X,5,ground_ball,2,1,2025,-0.23,1.53,0.9036225520185911,2.8136635844672044,,677594,,1,8,Bot,109.39,157.01,,,,,6.804621725960372,-139.26290534885808,-5.47534990556532,-4.698554667137044,35.09157973918848,-11.23086923438864,3.25,1.61,85,49.7,15,95.5,2291,6.4,813057,693307,679529,650402,656716,595879,682985,678009,681481,54.07,0.163,0.151,0.9,1,1,0,1,64,4,4-Seam Fastball,3,2,3,2,2,3,3,2,Standard,Standard,204,0.027,0.523,69.9,5.7,0.185,-0.523,88.0,1,1,0.881,0.881,33,31,34,32,1,3,1,1,3,2,0.98,0.23,-0.23,55.8,-6.04347891523917,15.4570926107519,34.415418048689375,26.681026986192165,18.51760040375394
SL,2025-10-05,86.1,-2.33,4.76,"Carpenter, Kerry",681481,622491,,foul,,,,,14,Foul,D,L,R,SEA,DET,S,,,1,2,2025,-0.01,0.16,1.092865727677755,1.39771900923544,,,,1,1,Top,,,,,,,8.005407253021884,-125.2802427982217,-2.1327504569566917,-1.4854301326385502,21.9695658330375,-30.24316934236075,3.41,1.62,3,75.8,-22,85.3,2203,5.5,813057,663728,647304,593871,553993,641487,668227,677594,645302,55.03,,,,,,,,2,4,Slider,0,0,0,0,0,0,0,0,Infield shade,Standard,35,0,0,67.1,7.7,,0,88.0,0,0,0.527,0.473,32,27,33,28,1,0,11,1,5,2,2.88,0.01,-0.01,14.0,19.76704059623372,-10.89495642052267,47.20734040808542,24.377970195943874,27.01733704956172
FF,2025-10-05,95.1,-0.49,7.11,"Bellinger, Cody",641355,702056,,called_strike,,,,,7,Called Strike,D,L,R,TOR,NYY,S,,,2,0,2025,-0.48,1.51,-0.44010882576188864,2.454931550366716,,,592450,1,1,Top,,,,,,,1.2103040618394043,-138.18512040774317,-9.873603349230466,-6.469020668355621,31.275252062032656,-10.8588053116046,3.82963311910357,1.86000902577191,,,,94.7,2229,6.2,813062,672386,665489,643396,676391,665926,676914,662139,664702,54.3,,,,,,,,3,3,4-Seam Fastball,0,0,0,0,0,0,0,0,Infield shade,Standard,198,0.007,-0.062,,,,0.062,,0,0,0.487,0.513,21,29,22,30,1,0,8,1,8,2,1.02,0.48,-0.48,62.2,,,,,
SI,2025-10-05,95.8,-2.28,5.53,"Guerrero Jr., Vladimir",665489,701542,,ball,,,,,14,Ball,D,R,R,TOR,NYY,B,,,1,0,2025,-1.69,0.21,0.13686764608438584,1.5122944265680371,665926,664702,543807,1,4,Bot,,,,,,,10.260806199256619,-138.9458987717667,-5.380875695709494,-24.277583342596134,36.34078724302556,-28.303512731164936,3.77864653878157,1.73655582038729,,,,95.7,2483,6.8,813062,669224,700250,665862,641857,683011,641355,663757,592450,53.73,,,,,,,,34,2,Sinker,5,0,5,0,0,5,5,0,Standard,Standard,227,0.002,0.034,,,,-0.034,,5,5,0.966,0.966,26,26,26,26,1,2,9,1,,2,2.33,1.69,1.69,27.8,,,,,
SI,2025-10-05,95.3,-1.78,5.68,"Báez, Javier",595879,660825,,ball,,,,,14,Ball,D,R,R,SEA,DET,B,,,0,1,2025,-1.39,0.98,1.7435652884407642,1.8317577324425292,,,,2,7,Top,,,,,,,12.28795039788814,-138.03082815533804,-6.540315683379518,-20.660480299419852,33.811940751812514,-18.255847955412698,3.46538516655302,1.68420913951031,,,,94.1,2096,6.1,813057,663728,647304,593871,553993,641487,668227,677594,645302,54.4,,,,,,,,49,2,Sinker,2,0,0,2,0,2,0,2,Standard,Standard,211,-0.001,0.027,,,,-0.027,,2,-2,0.875,0.125,29,32,30,33,1,2,1,1,2,2,1.57,1.39,1.39,43.8,,,,,
ST,2025-10-05,79.1,3.36,4.82,"Bellinger, Cody",641355,677865,home_run,hit_into_play,,,,,9,Cody Bellinger homers (1) on a fly ball to right field. Aaron Judge scores.,D,L,L,TOR,NYY,X,,fly_ball,0,2,2025,-1.61,-0.41,0.4386665192419472,2.316897216941154,,592450,,2,6,Top,230.65,91,,,,,-3.402477871020821,-115.12937315034553,2.2266082397439897,-13.482637597231736,24.004263390819684,-36.50523739452099,3.83,1.78,370,104.4,24,79.8,2677,7.1,813062,672386,665489,643396,676391,665926,676914,662139,664702,53.45,0.639,1.1834468085106378,2,1,0,3,6,50,3,Sweeper,12,0,0,12,2,12,2,12,Standard,Standard,302,0,1.701,71.4,7.4,2.286,-1.701,104.4,12,-12,0.999,0.0010000000000000009,28,29,28,30,1,2,8,1,,2,4.09,-1.61,-1.61,29.1,13.47188541314608,-16.72785968863596,35.70525548199649,23.13574066548402,38.1400112398794
SL,2025-10-05,90,-1.3,6.04,"Stanton, Giancarlo",519317,667297,,ball,,,,,14,Ball,D,R,R,TOR,NYY,B,,,0,0,2025,0.01,0.13,1.141601160318279,2.3953175864927254,592450,700250,,2,7,Top,,,,,,,6.015405757983664,-130.96541828234993,-3.344936327711473,-1.1424438393585974,27.966280771272654,-30.143998311688588,3.99567013257588,1.98516412061781,,,,89.9,2930,6.2,813062,672386,665489,643396,676391,665926,664702,662139,664770,54.28,,,,,,,,66,1,Slider,13,5,5,13,5,13,5,13,Standard,Standard,225,0,0.002,,,,-0.002,,8,-8,0.996,0.0040000000000000036,34,35,34,36,1,3,8,1,2,2,2.68,-0.01,-0.01,39.0,,,,,
FC,2025-10-05,87.9,1.98,5.76,"Goldschmidt, Paul",502671,641778,,ball,,,,,13,Ball,D,R,L,TOR,NYY,B,,,1,1,2025,-0.27,0.73,-0.1353107941520974,1.0449341709009339,,,641857,1,7,Top,,,,,,,-4.549355512903413,-127.81395627853102,-6.799821600462376,-2.0653233546357477,26.51047501159365,-23.016711989170528,3.38074511257362,1.66512986140529,,,,87.8,2446,6.3,813062,672386,665489,643396,676391,665926,664702,662139,664770,54.22,,,,,,,,61,3,Cutter,13,2,2,13,2,13,2,13,Standard,Standard,165,0,0.063,,,,-0.063,,11,-11,0.999,0.0010000000000000009,30,37,30,38,1,0,7,3,3,2,2.23,-0.27,0.27,31.3,,,,,
FS,2025-10-05,86,-1.77,5.54,"Bellinger, Cody",641355,622554,,ball,,,,,13,Ball,D,L,R,TOR,NYY,B,,,0,1,2025,-0.76,-0.09,-1.3665240404288874,1.4276541054876675,,,592450,1,9,Top,,,,,,,2.4972214621092466,-125.19470406979555,-3.3049150688018436,-8.45382892306164,27.168110979316538,-32.6004510312968,3.80917312233113,1.80032107298374,,,,86.1,823,6.5,813062,672386,665489,643396,676391,665926,664702,662139,664770,54.02,,,,,,,,80,2,Split-Finger,13,7,7,13,7,13,7,13,Infield shade,Standard,264,0,0.019,,,,-0.019,,6,-6,0.998,0.0020000000000000018,30,29,31,30,1,4,1,1,3,2,3.19,0.76,-0.76,33.3,,,,,
SI,2025-10-05,94.9,1.31,5.88,"Varsho, Daulton",662139,608331,,called_strike,,,,,7,Called Strike,D,L,L,TOR,NYY,S,,,0,0,2025,0.92,0.2,-0.41395802655206326,1.5727934674952624,,,,0,2,Bot,,,,,,,-6.643509385079617,-138.02594589456717,-6.112946983793377,13.266187492805136,29.107524887337068,-28.512868250954615,3.23122005983598,1.64106633063292,,,,95.9,2074,6.8,813062,669224,700250,665862,641857,683011,641355,663757,592450,53.73,,,,,,,,12,1,Sinker,0,0,0,0,0,0,0,0,Standard,Standard,138,-0.003,-0.039,,,,0.039,,0,0,0.551,0.551,31,28,31,29,1,0,5,1,,2,2.32,0.92,0.92,44.3,,,,,
FF,2025-10-05,98.2,1.65,6.23,"Rodríguez, Julio",677594,669373,,foul,,,,,1,Foul,D,R,L,SEA,DET,S,,,0,1,2025,0.25,1.43,-0.7373156170862865,2.9610309163733617,,,668227,1,1,Bot,,,,,,,-7.040902046201161,-142.661161764974,-6.644311639719602,5.174208994798237,34.679207603586654,-11.304240958962767,3.23,1.47,171,78.6,15,97.9,2438,6.3,813057,693307,679529,650402,656716,595879,682985,678009,681481,54.17,,,,,,,,7,2,4-Seam Fastball,0,0,0,0,0,0,0,0,Standard,Standard,156,-0.008,-0.047,75.8,6.9,,0.047,88.0,0,0,0.547,0.547,28,24,29,25,1,0,5,1,5,2,0.95,0.25,-0.25,50.5,1.6435760313390728,5.245777847533413,34.31677274209247,29.49704526344781,24.703979038210143
SL,2025-10-05,87.4,-2.27,5.15,"Carpenter, Kerry",681481,666374,,swinging_strike,,,,,3,Swinging Strike,D,L,R,SEA,DET,S,,,1,1,2025,0.89,0.28,0.7186596698888634,3.2398706799303882,,,650402,0,8,Top,,,,,,,5.354642701278031,-127.10960800251536,1.0226739710267791,8.441967156522853,28.300828997997552,-29.620980350816374,3.41,1.62,,,,87.1,2891,6.3,813057,663728,647304,593871,553993,641487,668227,677594,645302,54.2,,,,,,,,56,3,Slider,2,0,0,2,0,2,0,2,Infield shade,Standard,56,0.015,-0.07,77.2,7.7,,0.07,,2,-2,0.796,0.20399999999999996,27,27,27,28,1,3,1,1,2,2,2.73,-0.89,0.89,26.4,28.078259808376814,-20.99635760545625,30.425563522905023,31.191499828278573,33.56991823515996
SL,2025-10-05,84.5,-2.81,5.36,"Meadows, Parker",678009,662253,,foul,,,,,8,Foul,D,L,R,SEA,DET,S,,,2,2,2025,0.56,0.04,0.09733309251894268,1.5923240162746874,,,,2,9,Top,,,,,,,5.675066543425743,-122.98308387977822,-2.5138510801633767,4.602430574965172,23.5142672631419,-31.508125287228975,3.47,1.67,6,60,-16,84.7,2305,6.4,813057,663728,647304,660844,553993,641487,668227,677594,645302,54.15,,,,,,,,69,6,Slider,3,2,2,3,2,3,2,3,Strategic,Standard,75,0,0,69.5,8.1,,0,88.0,1,-1,0.969,0.031000000000000028,26,25,26,26,1,3,1,1,2,2,3.14,-0.56,0.56,29.5,19.068081124878468,-26.967907740401927,35.63841654630046,36.448481460288484,50.00060302898453
SL,2025-10-05,84.6,2.12,5.08,"Torkelson, Spencer",679529,642100,,foul,,,,,13,Foul,D,R,L,SEA,DET,S,,,1,0,2025,-0.4,-0.05,-0.3522703604429754,1.2000728966827943,,,,1,6,Top,,,,,,,-4.954926671083313,-123.2345997951061,-2.6638017254457464,-3.239179640980488,22.01532247042067,-32.447217224999086,3.51,1.64,6,83.1,-11,84.6,2264,6,813057,663728,647304,593871,553993,641487,668227,677594,645302,54.49,,,,,,,,41,2,Slider,1,0,0,1,0,1,0,1,Standard,Standard,261,0.005,-0.049,80.6,8.4,,0.049,88.0,1,-1,0.692,0.30800000000000005,30,25,30,26,1,2,1,1,3,2,3.21,-0.4,0.4,25.1,22.230679379720126,4.260194719991146,48.440931949110414,32.74487923346342,37.34558163089565
FS,2025-10-05,87.4,-1.8,5.72,"Polanco, Jorge",593871,640448,,swinging_strike_blocked,,,,,13,Swinging Strike (Blocked),D,L,R,SEA,DET,S,,,2,0,2025,-0.93,0.29,-0.29695602163249946,0.45024202829800863,,677594,,1,8,Bot,,,,,,,5.542905115799035,-127.06006221535839,-7.143578994769804,-11.22868837543259,26.209222119405606,-27.72467236164669,3.25,1.61,,,,87.5,954,6.4,813057,693307,679529,650402,656716,595879,682985,678009,681481,54.1,,,,,,,,64,3,Split-Finger,3,2,3,2,2,3,3,2,Standard,Standard,218,-0.001,-0.058,25.5,6.8,,0.058,,1,1,0.882,0.882,33,31,34,32,1,3,1,1,3,2,2.7,0.93,-0.93,53.1,8.581110872173378,13.210514696562148,28.209269003292825,42.45388646493758,21.260548925025297
FF,2025-10-05,96.4,-2.26,5.16,"Carpenter, Kerry",681481,622491,,foul,,,,,12,Foul,D,L,R,SEA,DET,S,,,1,1,2025,-0.9,1.15,0.09222070362188883,4.018543328308241,,,,1,1,Top,,,,,,,8.153686352249624,-140.23979425145143,-0.05776780577098156,-13.699245838493344,31.812258673551195,-17.242636915134366,3.41,1.62,,,,95,2236,5.5,813057,663728,647304,593871,553993,641487,668227,677594,645302,55.02,,,,,,,,2,3,4-Seam Fastball,0,0,0,0,0,0,0,0,Infield shade,Standard,231,0.004,-0.064,70.8,6.4,,0.064,,0,0,0.523,0.477,32,27,33,28,1,0,11,1,5,2,1.31,0.9,-0.9,18.5,15.474728085662594,9.255791838930566,24.97005956154321,36.34348584322734,18.058756966564673
FF,2025-10-05,94.6,-0.36,7.19,"Bellinger, Cody",641355,702056,,ball,,,,,11,Ball,D,L,R,TOR,NYY,B,,,1,0,2025,-0.28,1.66,-1.3971766649943236,3.70447679990237,,,592450,1,1,Top,,,,,,,-2.0800692109218883,-137.6894189211099,-7.104925435516941,-3.1375526314453595,30.627704281934477,-9.671869293943844,3.83370387400845,1.86404579826162,,,,94.4,2292,6.2,813062,672386,665489,643396,676391,665926,676914,662139,664702,54.32,,,,,,,,3,2,4-Seam Fastball,0,0,0,0,0,0,0,0,Infield shade,Standard,196,-0.007,0.068,,,,-0.068,,0,0,0.494,0.506,21,29,22,30,1,0,8,1,8,2,0.88,0.28,-0.28,68.0,,,,,
ST,2025-10-05,86.2,-2.32,5.56,"Guerrero Jr., Vladimir",665489,701542,,ball,,,,,14,Ball,D,R,R,TOR,NYY,B,,,0,0,2025,1.56,-0.06,1.9288340884507198,1.0852115452207558,665926,664702,543807,1,4,Bot,,,,,,,6.987986476486372,-125.18897760294038,-4.175016595793721,14.502385750470225,29.89322705214276,-32.05838860427704,3.87735488783988,1.78150436572573,,,,86.3,3137,6.9,813062,669224,700250,665862,641857,683011,641355,663757,592450,53.63,,,,,,,,34,1,Sweeper,5,0,5,0,0,5,5,0,Standard,Standard,52,0.002,0.038,,,,-0.038,,5,5,0.964,0.964,26,26,26,26,1,2,9,1,,2,3.19,-1.56,-1.56,30.8,,,,,
KC,2025-10-05,89.1,-2.72,5.6,"Goldschmidt, Paul",502671,686973,field_out,hit_into_play,,,,,8,"Paul Goldschmidt grounds out, third baseman Ernie Clement to first baseman Vladimir Guerrero Jr.",D,R,R,TOR,NYY,X,5,ground_ball,0,1,2025,0.28,-0.73,0.1474214959411514,1.8442277913850496,,,,2,8,Top,108.68,161.35,,,,,6.456758581633748,-129.6240394878667,-1.6758649267610635,1.837028343554152,27.245413685644596,-40.206634063546886,3.38,1.58,2,62.1,-43,89.3,2545,6.4,813062,672386,665489,643396,676391,665926,664702,662139,664770,54.08,0.139,0.129,0,1,0,0,2,74,2,Knuckle Curve,13,7,7,13,7,13,7,13,Standard,Standard,41,0.001,-0.217,70.1,7.6,0.139,0.217,88.0,6,-6,0.997,0.0030000000000000027,27,37,28,38,1,1,1,3,2,2,3.6,-0.28,-0.28,42.4,6.100317266761032,7.606694980910242,30.394313208568143,50.175173923539035,18.677079160640854
SL,2025-10-05,88.8,0.49,6.71,"Chisholm Jr., Jazz",665862,680755,strikeout,swinging_strike,,,,,2,Jazz Chisholm Jr. strikes out swinging.,D,L,R,TOR,NYY,S,2,,1,2,2025,0.21,0.14,0.10068656703537923,3.7521287295452157,700250,519317,,2,6,Top,,,,,,,-1.3655646173543674,-129.48764535930968,-1.5453903089010992,2.6745875847548133,25.154336102629905,-30.455893774170573,3.69154833568371,1.7215252683567,,,,87.7,2457,5.3,813062,672386,665489,643396,676391,665926,676914,662139,664702,55.2,,0,0,1,0,0,,53,5,Slider,12,2,2,12,2,12,2,12,Strategic,Standard,105,0.001,-0.196,75.4,7.3,,0.196,,10,-10,0.998,0.0020000000000000018,24,27,25,27,1,2,7,1,2,2,2.72,-0.21,0.21,49.8,14.56686903429046,7.8731046228674675,27.084995761712943,32.92806652298677,20.983368881535313
SI,2025-10-05,90.9,3.26,4.95,"Bellinger, Cody",641355,677865,,called_strike,,,,,8,Called Strike,D,L,L,TOR,NYY,S,,,0,1,2025,1.35,0.16,-0.23660990673712434,1.9751964420220176,,592450,,2,6,Top,,,,,,,-11.789418809382365,-131.93707951144535,-1.8591119183380684,18.300403090008388,28.121161710180626,-30.148992316395915,3.90762805246646,1.78778753551221,,,,91.9,2134,7,813062,672386,665489,643396,676391,665926,676914,662139,664702,53.49,,,,,,,,50,2,Sinker,12,0,0,12,0,12,0,12,Strategic,Standard,124,0,-0.056,,,,0.056,,12,-12,0.999,0.0010000000000000009,28,29,28,30,1,2,8,1,,2,2.62,1.35,1.35,28.6,,,,,
SL,2025-10-05,89.9,-1.44,5.91,"Rice, Ben",700250,667297,double,hit_into_play,,,,,5,Ben Rice doubles (1) on a sharp fly ball to right fielder Nathan Lukes. Trent Grisham scores. Aaron Judge to 3rd.,D,L,R,TOR,NYY,X,9,fly_ball,2,1,2025,0.08,0.08,0.1704401093994746,2.8008384945765936,,663757,592450,2,7,Top,178.38,69.96,,,,,3.817865109884161,-130.994834144721,-1.984520119201219,0.2699188444705793,23.85728490943157,-31.110659834050484,3.63,1.76,369,102.5,24,90.5,2693,6.2,813062,672386,665489,643396,676391,665926,664702,662139,664770,54.25,0.586,1.0689565217391306,1.25,1,1,1,6,65,4,Slider,13,4,4,13,5,13,5,13,Strategic,Standard,210,-0.002,0.992,75.4,7.2,2.055,-0.992,102.5,9,-9,0.998,0.0020000000000000018,34,26,34,26,1,3,8,1,2,2,2.71,-0.08,0.08,37.6,8.013932161383496,-8.216192424725785,31.69330896332396,34.94633188764706,26.932318502109403
FF,2025-10-05,96.8,-2.2,5.4,"Bellinger, Cody",641355,622554,,called_strike,,,,,5,Called Strike,D,L,R,TOR,NYY,S,,,0,0,2025,-0.5,0.99,-0.2094681835800407,2.622840009719913,,,592450,1,9,Top,,,,,,,6.461105497672316,-140.80534430838802,-4.105876426979935,-8.081629020790228,32.85272151041694,-18.327209373375318,3.79517954638094,1.83953022003323,,,,97.1,2428,6.6,813062,672386,665489,643396,676391,665926,664702,662139,664770,53.93,,,,,,,,80,1,4-Seam Fastball,13,7,7,13,7,13,7,13,Infield shade,Standard,217,0,-0.04,,,,0.04,,6,-6,0.998,0.0020000000000000018,30,29,31,30,1,4,1,1,3,2,1.45,0.5,-0.5,26.7,,,,,
SI,2025-10-05,96.8,1.37,5.75,"Kirk, Alejandro",672386,608331,grounded_into_double_play,hit_into_play,,,,,6,"Alejandro Kirk grounds into a double play, second baseman Jazz Chisholm Jr. to first baseman Ben Rice. Vladimir Guerrero Jr. out at 2nd. Alejandro Kirk out at 1st.",D,R,L,TOR,NYY,X,4,ground_ball,1,0,2025,0.69,0.43,0.6214316034069286,2.4963828411829585,,676914,665489,1,1,Bot,138.84,148.54,,,,,-3.6176088757648355,-141.01209486563394,-4.145953588447492,10.092666351037604,31.354087493018966,-25.74979276614057,3.13,1.5,29,97.8,-3,97.5,2119,6.6,813062,669224,700250,665862,641857,683011,641355,663757,592450,53.93,0.218,0.199,0,1,0,0,2,8,2,Sinker,0,0,0,0,0,0,0,0,Strategic,Standard,142,-0.093,-0.345,75.0,7.3,0.234,0.345,97.8,0,0,0.593,0.593,31,26,31,27,1,0,5,1,,2,2,0.69,-0.69,40.2,7.735083063964439,5.7585117752957515,16.140520123944977,47.537372216674314,25.3205232074668
FC,2025-10-05,88.5,1.91,5.84,"Goldschmidt, Paul",502671,641778,,ball,,,,,13,Ball,D,R,L,TOR,NYY,B,,,0,1,2025,-0.07,0.51,-1.9523342532589625,2.1502006508915685,,,641857,1,7,Top,,,,,,,-9.264478224716745,-128.55723366156258,-4.0043180631116115,1.0813000784784386,25.703658132365376,-25.862652201168473,3.39728823279712,1.70760862632632,,,,88.5,2350,6.3,813062,672386,665489,643396,676391,665926,664702,662139,664770,54.19,,,,,,,,61,2,Cutter,13,2,2,13,2,13,2,13,Standard,Standard,171,0,0.019,,,,-0.019,,11,-11,0.999,0.0010000000000000009,30,37,30,38,1,0,7,3,3,2,2.4,-0.07,0.07,35.2,,,,,
SI,2025-10-05,97.1,1.69,6.14,"Rodríguez, Julio",677594,669373,,called_strike,,,,,1,Called Strike,D,R,L,SEA,DET,S,,,0,0,2025,0.73,1.49,-0.6946711346798846,3.1786734629030864,,,668227,1,1,Bot,,,,,,,-8.059927667919709,-141.0363395187404,-5.753267736809432,11.645840528392553,35.52329852421441,-11.150044956031484,3.25618222210575,1.60257012143871,,,,96.7,2342,6.4,813057,693307,679529,650402,656716,595879,682985,678009,681481,54.09,,,,,,,,7,1,Sinker,0,0,0,0,0,0,0,0,Standard,Standard,159,-0.004,-0.04,,,,0.04,,0,0,0.551,0.551,28,24,29,25,1,0,5,1,5,2,0.96,0.73,-0.73,45.5,,,,,
SL,2025-10-05,88.2,-2.35,5.07,"Carpenter, Kerry",681481,666374,,blocked_ball,,,,,14,Ball In Dirt,D,L,R,SEA,DET,B,,,0,1,2025,0.9,0.11,0.6675462685105089,1.1403124222448513,,,650402,0,8,Top,,,,,,,5.478377083038821,-128.3612465549789,-3.659368113356902,8.61392915582253,28.793563276787307,-30.33764875045444,3.39170353408381,1.66522127429648,,,,87.9,2891,6.3,813057,663728,647304,593871,553993,641487,668227,677594,645302,54.19,,,,,,,,56,2,Slider,2,0,0,2,0,2,0,2,Infield shade,Standard,48,-0.006,0.034,,,,-0.034,,2,-2,0.802,0.19799999999999995,27,27,27,28,1,3,1,1,2,2,2.84,-0.9,0.9,26.1,,,,,
SL,2025-10-05,82.6,-2.57,5.43,"Meadows, Parker",678009,662253,,foul,,,,,13,Foul,D,L,R,SEA,DET,S,,,2,2,2025,0.63,-0.15,-0.5828081810264454,1.5325929754746155,,,,2,9,Top,,,,,,,3.3248375018897454,-120.3519168654194,-2.14145519104278,5.506444140213364,22.015519850050744,-33.407883204994654,3.47,1.67,94,58.1,26,83.2,2310,6.5,813057,663728,647304,660844,553993,641487,668227,677594,645302,54.04,,,,,,,,69,5,Slider,3,2,2,3,2,3,2,3,Strategic,Standard,74,0,0,65.6,7.9,,0,88.0,1,-1,0.969,0.031000000000000028,26,25,26,26,1,3,1,1,2,2,3.46,-0.63,0.63,33.0,2.3891465925611706,-14.76840950789079,34.27993780679753,44.61536828085204,38.51087994456685
ST,2025-10-05,82.9,-2.37,5.63,"Báez, Javier",595879,660825,,swinging_strike,,,,,13,Swinging Strike,D,R,R,SEA,DET,S,,,0,0,2025,1.49,-0.44,-0.1508615818863015,0.8009405552104494,,,,2,7,Top,,,,,,,2.152794570867763,-120.58972622693318,-3.5943540881575324,13.915593690082673,26.323064332220937,-35.87104003640378,3.51,1.64,,,,81.7,2437,5.8,813057,663728,647304,593871,553993,641487,668227,677594,645302,54.73,,,,,,,,49,1,Sweeper,2,0,0,2,0,2,0,2,Standard,Standard,46,0.002,-0.043,66.5,9.2,,0.043,,2,-2,0.873,0.127,29,32,30,33,1,2,1,1,2,2,3.79,-1.49,-1.49,42.4,29.279350373254818,-44.946548427683446,40.436864185051604,35.24185710937801,56.99555992926198
FF,2025-10-05,95.4,1.89,5.33,"Torkelson, Spencer",679529,642100,,ball,,,,,14,Ball,D,R,L,SEA,DET,B,,,0,0,2025,0.95,1.04,1.1778483370458628,1.860175219200126,,,,1,6,Top,,,,,,,-3.9842660676587482,-138.79260974520224,-5.780419970828321,13.219466803046073,32.59439317965762,-17.684025734041445,3.62589152519429,1.7464993259299,,,,94.7,2245,6,813057,663728,647304,593871,553993,641487,668227,677594,645302,54.49,,,,,,,,41,1,4-Seam Fastball,1,0,0,1,0,1,0,1,Standard,Standard,134,-0.004,0.039,,,,-0.039,,1,-1,0.696,0.30400000000000005,30,25,30,26,1,2,1,1,3,2,1.48,0.95,-0.95,31.1,,,,,
FS,2025-10-05,87.3,-2.1,5.63,"Polanco, Jorge",593871,640448,,ball,,,,,13,Ball,D,L,R,SEA,DET,B,,,1,0,2025,-0.71,0.33,-1.7528249713735864,1.945697111589947,,677594,,1,8,Bot,,,,,,,2.2837446440582148,-127.06761923628282,-3.3924631305632995,-8.110321475515564,26.739846112990637,-28.05875154629825,3.2647031076299,1.68335136592641,,,,87.4,961,6.4,813057,693307,679529,650402,656716,595879,682985,678009,681481,54.11,,,,,,,,64,2,Split-Finger,3,2,3,2,2,3,3,2,Standard,Standard,229,0.001,0.046,,,,-0.046,,1,1,0.881,0.881,33,31,34,32,1,3,1,1,3,2,2.66,0.71,-0.71,50.0,,,,,
CH,2025-10-05,87.9,-2.42,4.82,"Carpenter, Kerry",681481,622491,,called_strike,,,,,4,Called Strike,D,L,R,SEA,DET,S,,,1,0,2025,-1.54,-0.18,-0.4377823040473663,2.1512716555457208,,,,1,1,Top,,,,,,,7.843688977000614,-127.79238134360291,-0.018916614057830294,-18.509699884085716,25.64048625547458,-34.320102803882655,3.35631280009113,1.58927914475017,,,,86.5,1935,5.4,813057,663728,647304,593871,553993,641487,668227,677594,645302,55.15,,,,,,,,2,2,Changeup,0,0,0,0,0,0,0,0,Standard,Standard,257,0.003,-0.049,,,,0.049,,0,0,0.52,0.48,32,27,33,28,1,0,11,1,5,2,3.12,1.54,-1.54,11.6,,,,,
FF,2025-10-05,97.3,-2.27,5.6,"Schneider, Davis",676914,701542,strikeout,called_strike,,,,,6,Davis Schneider called out on strikes.,D,R,R,TOR,NYY,S,2,,1,2,2025,-0.71,1.49,0.525689891835937,2.3377973057954886,665926,664702,543807,0,4,Bot,,,,,,,9.209027095424435,-141.2571452242824,-6.683135140101782,-11.640326914053352,32.77434183312122,-10.816995007130412,3.04753977491613,1.44998850042123,,,,97.9,2764,6.8,813062,669224,700250,665862,641857,683011,641355,663757,592450,53.68,,0,0,1,0,0,,33,4,4-Seam Fastball,5,0,5,0,0,5,5,0,Infield shade,Standard,221,-0.007,-0.221,,,,0.221,,5,5,0.971,0.971,26,26,26,26,1,2,9,7,,2,0.93,0.71,0.71,36.3,,,,,
FF,2025-10-05,98.1,-3.01,5.29,"Goldschmidt, Paul",502671,686973,,foul,,,,,4,Foul,D,R,R,TOR,NYY,S,,,0,0,2025,-0.67,1.25,-0.44791909626852,2.1856865288735228,,,,2,8,Top,,,,,,,8.621500189804038,-142.51082338464443,-5.838691161673709,-11.172986797499663,35.085399266742,-14.019269660828808,3.38,1.58,,,,99.3,2302,7.2,813062,672386,665489,643396,676391,665926,664702,662139,664770,53.29,,,,,,,,74,1,4-Seam Fastball,13,7,7,13,7,13,7,13,Standard,Standard,217,0,-0.043,71.2,7.1,,0.043,,6,-6,0.997,0.0030000000000000027,27,37,28,38,1,1,1,3,2,2,1.14,0.67,0.67,35.4,-0.49020184595412686,14.152813203062228,38.30606553390623,42.207861331525336,13.261716799454513
CU,2025-10-05,85.3,-1.13,6.32,"Rice, Ben",700250,667297,,ball,,,,,13,Ball,D,L,R,TOR,NYY,B,,,1,1,2025,0.71,-1.31,-1.3304511148519556,2.1899651980060026,,663757,592450,2,7,Top,,,,,,,-1.8872935758124596,-124.09709193109995,-0.6842460482121901,7.718120232005315,28.266430577918083,-45.69582493770779,3.73919842844821,1.84416559985421,,,,84.3,2922,6,813062,672386,665489,643396,676391,665926,664702,662139,664770,54.53,,,,,,,,65,3,Curveball,13,4,4,13,4,13,4,13,Strategic,Standard,18,0,0.03,,,,-0.03,,9,-9,0.998,0.0020000000000000018,34,26,34,26,1,3,8,1,2,2,4.48,-0.71,0.71,47.6,,,,,
FF,2025-10-05,93,1.84,5.89,"Goldschmidt, Paul",502671,641778,,called_strike,,,,,4,Called Strike,D,R,L,TOR,NYY,S,,,0,0,2025,0.72,1.2,-0.7943951991692938,2.5025671943174914,,,641857,1,7,Top,,,,,,,-8.339298013662551,-135.14019174131343,-5.517882785109054,10.662626343061735,29.651287686285688,-16.469920624129603,3.36577347209521,1.67593125049886,,,,92.9,2196,6.3,813062,672386,665489,643396,676391,665926,664702,662139,664770,54.16,,,,,,,,61,1,4-Seam Fastball,13,2,2,13,2,13,2,13,Standard,Standard,140,0,-0.04,,,,0.04,,11,-11,0.999,0.0010000000000000009,30,37,30,38,1,0,7,3,3,2,1.45,0.72,-0.72,43.5,,,,,
SI,2025-10-05,96.2,-1.89,5.43,"Judge, Aaron",592450,622554,walk,ball,,,,,14,Aaron Judge walks.,D,R,R,TOR,NYY,B,,,3,1,2025,-1.03,0.78,0.6203933257849905,1.6773818619288148,,,,1,9,Top,,,,,,,8.995660728769682,-139.66952818959965,-6.109381100815424,-15.555081404068051,32.55441082147032,-20.694550727247112,4.12461523183286,1.97159097275503,,,,95.9,2291,6.3,813062,672386,665489,643396,676391,665926,664702,662139,664770,54.15,,0.691497,0.7,1,0,0,,79,5,Sinker,13,7,7,13,7,13,7,13,Standard,Standard,210,-0.001,0.253,,,,-0.253,,6,-6,0.999,0.0010000000000000009,30,33,31,33,1,4,1,1,3,2,1.7,1.03,1.03,27.4,,,,,
CU,2025-10-05,76,1.04,6.28,"Kirk, Alejandro",672386,608331,,ball,,,,,12,Ball,D,R,L,TOR,NYY,B,,,0,0,2025,-0.9,-1.44,1.0885721311559382,4.043828664278311,,676914,665489,1,1,Bot,,,,,,,1.7081720085061867,-110.3805631091609,5.12555754334614,-7.5902178661572,23.80951255253009,-45.11175769296281,2.88222142525811,1.47070436725751,,,,75.2,2895,6.3,813062,669224,700250,665862,641857,683011,641355,663757,592450,54.22,,,,,,,,8,1,Curveball,0,0,0,0,0,0,0,0,Strategic,Standard,323,0.006,0.031,,,,-0.031,,0,0,0.587,0.587,31,26,31,27,1,0,5,1,,2,5.47,-0.9,0.9,52.5,,,,,
CH,2025-10-05,88.1,1.79,6.1,"Raleigh, Cal",663728,669373,strikeout,swinging_strike,,,,,9,Cal Raleigh strikes out swinging.,D,R,L,SEA,DET,S,2,,3,2,2025,0.95,0.62,0.41849967743892347,1.619615603046689,,,668227,0,1,Bot,,,,,,,-5.321111765645625,-128.15787428254075,-6.054324445587478,11.601154522620545,27.320263851887606,-24.307676172370318,3.59,1.67,,,,88.2,1780,6.4,813057,693307,679529,650402,656716,595879,682985,678009,681481,54.08,,0,0,1,0,0,,6,6,Changeup,0,0,0,0,0,0,0,0,Infield shade,Standard,142,-0.04,-0.315,72.8,9.0,,0.315,,0,0,0.591,0.591,28,28,29,29,1,0,5,1,5,2,2.33,0.95,-0.95,44.3,30.712828007504783,-34.38621850514772,33.27943289391223,40.4347613699769,54.78509956980457
ST,2025-10-05,77.7,3.37,4.96,"Bellinger, Cody",641355,677865,,called_strike,,,,,8,Called Strike,D,L,L,TOR,NYY,S,,,0,0,2025,-1.36,-0.54,-0.08589291753094708,1.951371268225481,,,592450,2,6,Top,,,,,,,-4.968235737729508,-113.09881637800862,1.5197487596842885,-10.707629942019384,21.568007790668695,-37.29794853467042,3.75889508959966,1.71854446961112,,,,78.5,2656,6.9,813062,672386,665489,643396,676391,665926,676914,662139,664702,53.58,,,,,,,,50,1,Sweeper,12,0,0,12,0,12,0,12,Strategic,Standard,307,0,-0.042,,,,0.042,,12,-12,0.999,0.0010000000000000009,28,29,28,30,1,2,8,1,,2,4.33,-1.36,-1.36,33.8,,,,,
SL,2025-10-05,83.7,-2.86,5.32,"Meadows, Parker",678009,662253,,swinging_strike,,,,,14,Swinging Strike,D,L,R,SEA,DET,S,,,2,1,2025,0.68,-0.3,0.7805204182020016,0.5399057845942101,,,,2,9,Top,,,,,,,7.061332365104587,-121.61729385866425,-3.978309810865073,5.324900231542329,24.962954075861052,-34.561145851600635,3.47,1.67,,,,83.6,2306,6.4,813057,663728,647304,660844,553993,641487,668227,677594,645302,54.09,,,,,,,,69,4,Slider,3,2,2,3,2,3,2,3,Strategic,Standard,79,0.01,-0.073,69.0,8.6,,0.073,,1,-1,0.959,0.041000000000000036,26,25,26,26,1,3,1,1,2,2,3.58,-0.68,0.68,28.9,33.86852437116728,-56.11880345944994,36.57622644400761,30.74350961425489,71.86253727711883
ST,2025-10-05,84.3,-2.33,5.65,"McKinstry, Zach",656716,660825,strikeout,swinging_strike_blocked,,,,,14,Zach McKinstry strikes out swinging.,D,L,R,SEA,DET,S,2,,2,2,2025,1.2,-0.01,0.49257832137155766,1.1670291201888663,,,,1,7,Top,,,,,,,4.1288573615877935,-122.64179103522643,-3.936945469471719,11.153019773162343,26.04045880578769,-31.67406789187873,3.28,1.52,,,,83.1,2674,5.7,813057,663728,647304,593871,553993,641487,668227,677594,645302,54.8,,0,0,1,0,0,,48,6,Sweeper,2,0,0,2,0,2,0,2,Standard,Standard,46,0.02,-0.228,62.9,7.9,,0.228,,2,-2,0.853,0.14700000000000002,29,30,30,30,1,2,1,1,2,2,3.24,-1.2,1.2,39.3,29.913973002928458,-16.308256190490113,46.78034365843116,28.913661356665884,36.87204854805921
FF,2025-10-05,96.9,0.55,6.65,"Chisholm Jr., Jazz",665862,680755,,foul,,,,,2,Foul,D,L,R,TOR,NYY,S,,,1,2,2025,-0.57,1.35,-0.1619535479669728,3.3238276465780414,700250,519317,,2,6,Top,,,,,,,-0.6037328626651743,-141.05957641503358,-6.327406490348271,-7.406032555604953,34.11343587460825,-12.900804949422835,3.69,1.72,5,89.7,-36,95.5,2252,5.6,813062,672386,665489,643396,676391,665926,676914,662139,664702,54.89,,,,,,,,53,4,4-Seam Fastball,12,2,2,12,2,12,2,12,Standard,Standard,198,0,0,75.7,8.0,,0,89.7,10,-10,0.998,0.0020000000000000018,24,27,25,27,1,2,7,1,2,2,1.09,0.57,-0.57,52.6,19.353372697132695,-9.897688644930119,25.776421300082585,36.344323286204094,33.19041094795618
FF,2025-10-05,95.3,1.87,5.34,"Greene, Riley",682985,642100,strikeout,swinging_strike,,,,,1,Riley Greene strikes out swinging.,D,L,L,SEA,DET,S,2,,1,2,2025,0.78,1.18,-0.5556254377834056,3.062857905811925,,,,0,6,Top,,,,,,,-8.078886305141797,-138.5029574650695,-2.9638933822344153,11.829459455442695,31.347243540150153,-16.57726113863062,3.61,1.7,,,,94.8,2186,6.1,813057,663728,647304,593871,553993,641487,668227,677594,645302,54.39,,0,0,1,0,0,,40,5,4-Seam Fastball,1,0,0,1,0,1,0,1,Infield shade,Standard,130,0.025,-0.189,75.9,7.0,,0.189,,1,-1,0.671,0.32899999999999996,30,24,30,25,1,2,1,1,3,2,1.34,0.78,0.78,31.1,10.520154478980817,5.254993223599962,36.158660646146764,39.550926123903494,29.260185028260636
FF,2025-10-05,96.6,-1.71,5.65,"Polanco, Jorge",593871,640448,,ball,,,,,9,Ball,D,L,R,SEA,DET,B,,,0,0,2025,-0.93,1.5,0.8040960936799576,1.9224383074713396,,677594,,1,8,Bot,,,,,,,8.835023485153412,-140.1705620145835,-7.734992296634325,-14.31351972799789,35.08113127551702,-10.730841134848093,3.35285845763794,1.64938037622116,,,,96.4,2317,6.6,813057,693307,679529,650402,656716,595879,682985,678009,681481,53.93,,,,,,,,64,1,4-Seam Fastball,3,2,3,2,2,3,3,2,Standard,Standard,209,0.001,0.028,,,,-0.028,,1,1,0.88,0.88,33,31,34,32,1,3,1,1,3,2,0.97,0.93,-0.93,52.5,,,,,
SI,2025-10-05,96.8,-2.51,4.99,"Carpenter, Kerry",681481,622491,,ball,,,,,13,Ball,D,L,R,SEA,DET,B,,,0,0,2025,-1.69,0.14,-1.414327267004085,2.2994494324038217,,,,1,1,Top,,,,,,,6.637561549946633,-140.77298604307535,-1.9140480852953026,-23.92297667272497,32.749626979332696,-30.138208868870212,3.40691882067019,1.67027947877798,,,,95.1,1975,5.4,813057,663728,647304,593871,553993,641487,668227,677594,645302,55.11,,,,,,,,2,1,Sinker,0,0,0,0,0,0,0,0,Infield shade,Standard,244,-0.002,0.039,,,,-0.039,,0,0,0.522,0.478,32,27,33,28,1,0,11,1,5,2,2.3,1.69,-1.69,15.2,,,,,
SL,2025-10-05,87.9,-2.37,5.18,"Carpenter, Kerry",681481,666374,,called_strike,,,,,5,Called Strike,D,L,R,SEA,DET,S,,,0,0,2025,0.92,0.14,-0.1612697163575223,2.6272553965901366,,,650402,0,8,Top,,,,,,,3.4628807160113833,-127.94600229370229,-0.3476771811541165,9.310904371602005,27.374169179957214,-30.74980855973563,3.35091060645991,1.66389230157303,,,,87.9,2680,6.3,813057,663728,647304,593871,553993,641487,668227,677594,645302,54.17,,,,,,,,56,1,Slider,2,0,0,2,0,2,0,2,Infield shade,Standard,65,0.009,-0.043,,,,0.043,,2,-2,0.793,0.20699999999999996,27,27,27,28,1,3,1,1,2,2,2.81,-0.92,0.92,29.3,,,,,
FF,2025-10-05,95,-0.58,7.08,"Bellinger, Cody",641355,702056,,ball,,,,,13,Ball,D,L,R,TOR,NYY,B,,,0,0,2025,-0.51,1.57,-0.4867314936281736,1.5566069864260959,,,592450,1,1,Top,,,,,,,1.383158872543383,-137.82697466406387,-12.237171452840764,-6.75107252313687,31.071135865488785,-9.688874403420419,3.88041569570054,1.91093812401487,,,,94.6,2270,6.3,813062,672386,665489,643396,676391,665926,676914,662139,664702,54.23,,,,,,,,3,1,4-Seam Fastball,0,0,0,0,0,0,0,0,Infield shade,Standard,198,-0.004,0.035,,,,-0.035,,0,0,0.498,0.502,21,29,22,30,1,0,8,1,8,2,0.98,0.51,-0.51,66.3,,,,,
SI,2025-10-05,96.9,-2.34,5.56,"Schneider, Davis",676914,701542,,called_strike,,,,,1,Called Strike,D,R,R,TOR,NYY,S,,,1,1,2025,-1.55,0.5,-0.46606877023468574,3.003937896335711,665926,664702,543807,0,4,Bot,,,,,,,8.59120262720473,-140.82061846047677,-2.382486919134514,-22.61089270478067,33.39110293608285,-25.212152290337738,3.18411576120449,1.53220842322363,,,,97.2,2498,6.6,813062,669224,700250,665862,641857,683011,641355,663757,592450,53.87,,,,,,,,33,3,Sinker,5,0,5,0,0,5,5,0,Standard,Standard,231,-0.002,-0.076,,,,0.076,,5,5,0.973,0.973,26,26,26,26,1,2,9,7,,2,1.94,1.55,1.55,27.1,,,,,
KC,2025-10-05,89.5,-2.72,5.46,"Volpe, Anthony",683011,686973,field_out,hit_into_play,,,,,9,"Anthony Volpe grounds out, pitcher Louis Varland to first baseman Vladimir Guerrero Jr.",D,R,R,TOR,NYY,X,1,ground_ball,3,2,2025,0.35,-0.12,0.6789580715472108,2.0253755882077975,,,,1,8,Top,128.7,184.03,,,,,7.754243790285098,-130.1600702196261,-2.1714481078544816,2.167099849739468,29.653108448694393,-33.30101709617715,3.42,1.61,11,86.2,-10,90.5,2497,7.1,813062,672386,665489,643396,676391,665926,664702,662139,664770,53.38,0.131,0.119,0,1,0,0,2,73,6,Knuckle Curve,13,7,7,13,7,13,7,13,Standard,Standard,57,0.002,-0.332,61.4,7.7,0.153,0.332,88.0,6,-6,0.995,0.0050000000000000044,27,24,28,24,1,3,1,1,2,2,2.99,-0.35,-0.35,40.0,3.8370499854995055,6.570940301921561,25.592718314205722,48.830561261879204,23.017796465667097
ST,2025-10-05,78,3.23,4.98,"Judge, Aaron",592450,677865,single,hit_into_play,,,,,8,Aaron Judge singles on a ground ball to shortstop Andrés Giménez.,D,R,L,TOR,NYY,X,6,ground_ball,2,2,2025,-1.78,-0.25,-0.12506345652040762,1.8347886038041192,,,,2,6,Top,100.81,150.06,,,,,-3.9768700655823928,-113.46418619477184,0.6736065893809189,-14.446584621129317,22.759187275876332,-34.69661374225946,4.09,1.85,58,82.2,3,78.6,2569,6.9,813062,672386,665489,643396,676391,665926,676914,662139,664702,53.58,0.292,0.268,0.9,1,1,0,2,49,5,Sweeper,12,0,0,12,0,12,0,12,Infield shade,Standard,303,0,0.362,72.4,8.2,0.334,-0.362,88.0,12,-12,0.999,0.0010000000000000009,28,33,28,33,1,2,8,1,,2,4.03,-1.78,1.78,31.0,4.1498379924036675,1.288800012986173,45.24103519529596,38.57320254348677,25.517133912987042
CU,2025-10-05,86.3,-1.04,6.32,"Rice, Ben",700250,667297,,called_strike,,,,,7,Called Strike,D,L,R,TOR,NYY,S,,,1,0,2025,0.83,-1.26,-0.3908446820112369,1.8351799788918823,,663757,592450,2,7,Top,,,,,,,-0.15101864764506656,-125.58292290629556,-1.7916841756018067,8.741421327937749,28.989879779667813,-45.22445332724233,3.70233144358491,1.88600621240018,,,,85,2836,5.7,813062,672386,665489,643396,676391,665926,664702,662139,664770,54.77,,,,,,,,65,2,Curveball,13,4,4,13,4,13,4,13,Strategic,Standard,18,0,-0.052,,,,0.052,,9,-9,0.998,0.0020000000000000018,34,26,34,26,1,3,8,1,2,2,4.36,-0.83,0.83,47.4,,,,,
SL,2025-10-05,85.2,1.82,6.02,"Volpe, Anthony",683011,641778,strikeout,called_strike,,,,,8,Anthony Volpe called out on strikes.,D,R,L,TOR,NYY,S,2,,1,2,2025,-0.08,0.22,0.007170521538712725,1.4991394433849035,,,641857,0,7,Top,,,,,,,-4.1012090713336065,-124.07219924090015,-4.770525949561141,-0.01860449455017932,23.48978626438027,-29.23258372765432,3.4479986646912,1.56163335804629,,,,85.3,2046,6.2,813062,672386,665489,643396,676391,665926,664702,662139,664770,54.34,,0,0,1,0,0,,60,5,Slider,13,2,2,13,2,13,2,13,Standard,Standard,180,0,-0.165,,,,0.165,,11,-11,0.999,0.0010000000000000009,30,24,30,24,1,2,7,1,3,2,2.91,-0.08,0.08,34.6,,,,,
FF,2025-10-05,97.9,-1.98,5.45,"Judge, Aaron",592450,622554,,ball,,,,,11,Ball,D,R,R,TOR,NYY,B,,,2,1,2025,-0.17,1.25,-1.1956708565110548,3.0884788823807594,,,,1,9,Top,,,,,,,2.537061636078043,-142.49226787690552,-3.791037238660991,-2.9671065175934217,33.36791770169444,-14.437305119382811,4.16341311326682,1.90413760047391,,,,98.1,2370,6.4,813062,672386,665489,643396,676391,665926,664702,662139,664770,54.08,,,,,,,,79,4,4-Seam Fastball,13,7,7,13,7,13,7,13,Standard,Standard,209,0,0.121,,,,-0.121,,6,-6,0.999,0.0010000000000000009,30,33,31,33,1,4,1,1,3,2,1.13,0.17,0.17,31.2,,,,,
SI,2025-10-05,98.9,1.18,5.91,"Guerrero Jr., Vladimir",665489,608331,single,hit_into_play,,,,,9,Vladimir Guerrero Jr. singles on a ground ball to second baseman Jazz Chisholm Jr. Davis Schneider to 2nd.,D,R,L,TOR,NYY,X,4,ground_ball,1,1,2025,1.13,0.32,0.6401042840513564,1.998361970406987,,,676914,1,1,Bot,136.3,158.17,,,,,-4.117972425464226,-143.96955052175636,-6.052090481582006,16.63111218639633,31.758712163332337,-26.53338614962249,3.68,1.68,1,,-71,99.7,2277,6.6,813062,669224,700250,665862,641857,683011,641355,663757,592450,53.9,,,0.9,,1,0,,7,3,Sinker,0,0,0,0,0,0,0,0,Strategic,Standard,142,0.037,0.427,75.9,6.9,,-0.427,,0,0,0.55,0.55,31,26,31,26,1,0,5,1,,2,2,1.13,-1.13,43.0,-12.593424924506552,20.29138564041181,29.235121394277485,43.20013920935811,17.19545016669255
CH,2025-10-05,88.3,1.89,6.04,"Raleigh, Cal",663728,669373,,ball,,,,,14,Ball,D,R,L,SEA,DET,B,,,2,2,2025,1.23,0.76,0.9271795333748833,1.3674817831289754,,,668227,0,1,Bot,,,,,,,-4.925240128118263,-128.43725205290127,-6.896792675484763,14.681345569676942,26.585734094259042,-22.527496271506582,3.49078568115712,1.74596479574802,,,,88.6,1765,6.5,813057,693307,679529,650402,656716,595879,682985,678009,681481,54.03,,,,,,,,6,5,Changeup,0,0,0,0,0,0,0,0,Infield shade,Standard,137,0.013,0.113,,,,-0.113,,0,0,0.578,0.578,28,28,29,29,1,0,5,1,5,2,2.17,1.23,-1.23,43.0,,,,,
CU,2025-10-05,83.4,0.4,6.6,"Chisholm Jr., Jazz",665862,680755,,foul,,,,,2,Foul,D,L,R,TOR,NYY,S,,,1,1,2025,0.32,-1.05,-0.19370981780693064,3.3909286322698278,700250,519317,,2,6,Top,,,,,,,-1.9735271032354562,-121.38869776212212,1.1218879697244248,3.571039557198465,25.28854187303631,-42.949239136763715,3.69,1.72,228,71.6,35,81.9,2601,5.4,813062,672386,665489,643396,676391,665926,676914,662139,664702,55.06,,,,,,,,53,3,Curveball,12,2,2,12,2,12,2,12,Standard,Standard,20,0,-0.064,67.5,6.9,,0.064,88.0,10,-10,0.998,0.0020000000000000018,24,27,25,27,1,2,7,1,2,2,4.34,-0.32,0.32,51.6,10.473240441385197,15.555399761103406,27.771526679360598,36.750377687471094,18.554338569617713
SL,2025-10-05,87.1,-2.36,5.07,"Torres, Gleyber",650402,666374,walk,ball,,,,,11,Gleyber Torres walks.,D,R,R,SEA,DET,B,,,3,2,2025,0.67,0.19,-1.4588922315402861,3.6809782317309505,,,,0,8,Top,,,,,,,0.7999026625905841,-126.84625543881732,2.5078055603636975,6.971041094016292,28.38612455103376,-30.9788950105399,3.27776344296676,1.55426133925024,,,,86.9,2647,6.3,813057,663728,647304,593871,553993,641487,668227,677594,645302,54.16,,0.691497,0.7,1,0,0,,55,8,Slider,2,0,0,2,0,2,0,2,Infield shade,Standard,70,-0.059,0.356,,,,-0.356,,2,-2,0.852,0.14800000000000002,27,28,27,29,1,3,1,1,2,2,2.84,-0.67,-0.67,27.9,,,,,
SI,2025-10-05,96.3,-1.94,5.59,"McKinstry, Zach",656716,660825,,foul,,,,,14,Foul,D,L,R,SEA,DET,S,,,2,2,2025,-1.48,0.68,0.4174976076581476,1.2954357362708768,,,,1,7,Top,,,,,,,9.525577767626007,-139.75006718253158,-7.2828681148569885,-21.48311707306678,31.28243161767764,-21.805896675927773,3.28,1.52,3,81.7,-26,95.5,2197,6,813057,663728,647304,593871,553993,641487,668227,677594,645302,54.54,,,,,,,,48,5,Sinker,2,0,0,2,0,2,0,2,Standard,Standard,221,0,0,,,,0,88.0,2,-2,0.853,0.14700000000000002,29,30,30,30,1,2,1,1,2,2,1.79,1.48,-1.48,39.6,,,,,
SL,2025-10-05,85.1,1.99,5.19,"Greene, Riley",682985,642100,,foul,,,,,13,Foul,D,L,L,SEA,DET,S,,,1,2,2025,-0.37,0.01,-0.3125818419446392,1.5398889492953285,,,,0,6,Top,,,,,,,-4.626414712265859,-123.81360282080892,-2.2132791089738815,-2.7802256743784186,26.864362121505362,-31.783767777111695,3.61,1.7,6,54.9,-16,84.3,2152,6,813057,663728,647304,593871,553993,641487,668227,677594,645302,54.53,,,,,,,,40,4,Slider,1,0,0,1,0,1,0,1,Infield shade,Standard,259,0,0,69.4,8.1,,0,88.0,1,-1,0.671,0.32899999999999996,30,24,30,25,1,2,1,1,3,2,3.16,-0.37,-0.37,27.0,21.33978918937435,-16.38570933410328,46.680200821702236,36.21803064070103,45.58204209458162
FS,2025-10-05,85.1,-1.99,5.72,"Rodríguez, Julio",677594,640448,double,hit_into_play,,,,,7,Julio Rodríguez doubles (1) on a line drive to left fielder Riley Greene. Cal Raleigh scores.,D,R,R,SEA,DET,X,7,line_drive,1,0,2025,-0.53,0.39,-0.2816751692473123,1.8933749215462545,,663728,,1,8,Bot,49.15,126.19,,,,,5.0839683667455615,-123.88369793167737,-3.4549134073642227,-6.500971017718058,24.406680755723386,-27.66861308352269,3.23,1.47,179,86,13,85.3,740,6.3,813057,693307,679529,650402,656716,595879,682985,678009,681481,54.17,0.851,0.805,1.25,1,1,1,4,63,2,Split-Finger,2,2,2,2,2,3,3,2,Standard,Standard,233,0.222,0.786,82.4,8.0,0.977,-0.786,88.0,0,0,0.658,0.658,33,24,34,25,1,3,1,1,3,2,2.75,0.53,0.53,53.1,14.047499660828272,-20.28996888619946,32.77423845176229,34.80394816246155,47.657607537196185
SL,2025-10-05,86.1,-2.29,4.85,"Torres, Gleyber",650402,622491,strikeout,swinging_strike,,,,,9,Gleyber Torres strikes out swinging.,D,R,R,SEA,DET,S,2,,2,2,2025,0.08,0.12,0.7102754307300959,1.8844436372196522,,,,0,1,Top,,,,,,,6.844689604945506,-125.27966268690301,-1.0729740855262164,-0.5371949859185384,24.61209277256744,-30.868358591109434,3.24,1.51,,,,84.8,2178,5.4,813057,663728,647304,593871,553993,641487,668227,677594,645302,55.13,,0,0,1,0,0,,1,8,Slider,0,0,0,0,0,0,0,0,Infield shade,Standard,95,0.019,-0.232,67.7,8.4,,0.232,,0,0,0.503,0.497,32,28,33,29,1,0,11,1,5,2,2.94,-0.08,-0.08,14.5,29.466238174533647,-30.625218937339195,36.16468407151731,42.849620879206626,50.35054257684823
SL,2025-10-05,82.4,-2.81,5.38,"Meadows, Parker",678009,662253,,swinging_strike,,,,,11,Swinging Strike,D,L,R,SEA,DET,S,,,2,0,2025,0.85,0.02,-0.8789785370549572,2.6268793510109942,,,,2,9,Top,,,,,,,2.746454029808758,-120.06363119961944,0.19187057095330995,7.7359320860939444,22.513561383207424,-32.20684432580589,3.47,1.67,,,,82.8,2377,6.4,813057,663728,647304,660844,553993,641487,668227,677594,645302,54.09,,,,,,,,69,3,Slider,3,2,2,3,2,3,2,3,Strategic,Standard,78,0.009,-0.066,71.0,8.1,,0.066,,1,-1,0.95,0.050000000000000044,26,25,26,26,1,3,1,1,2,2,3.32,-0.85,0.85,32.8,23.645204568257284,-15.550780787514661,28.478733719716104,47.42766511937022,44.187101801510345
FF,2025-10-05,96.2,-0.38,7.15,"Judge, Aaron",592450,702056,walk,ball,,,,,12,Aaron Judge walks.,D,R,R,TOR,NYY,B,,,3,0,2025,-0.31,1.56,1.2533540198811153,3.125512718020007,,,,1,1,Top,,,,,,,5.0273157359535485,-139.7817046457009,-8.58638853174204,-5.203704614392127,31.714807110357683,-9.931310059087481,4.04265212229406,1.84969106457282,,,,95.9,2370,6.2,813062,672386,665489,643396,676391,665926,676914,662139,664702,54.27,,0.691497,0.7,1,0,0,,2,4,4-Seam Fastball,0,0,0,0,0,0,0,0,Standard,Standard,196,-0.01,0.164,,,,-0.164,,0,0,0.508,0.492,21,33,22,33,1,0,8,1,8,2,0.91,0.31,0.31,65.2,,,,,
SL,2025-10-05,88.8,-0.66,7.16,"Judge, Aaron",592450,702056,,ball,,,,,14,Ball,D,R,R,TOR,NYY,B,,,2,0,2025,-0.17,0.32,0.9824362438234477,2.4555928680869172,,,,1,1,Top,,,,,,,4.365227942438238,-129.25592779296704,-6.172417303945358,-2.7956945517650276,24.55389285874165,-27.558178344214333,4.16182006947525,1.91608654252571,,,,88.8,2205,6.1,813062,672386,665489,643396,676391,665926,676914,662139,664702,54.4,,,,,,,,2,3,Slider,0,0,0,0,0,0,0,0,Standard,Standard,201,-0.007,0.143,,,,-0.143,,0,0,0.515,0.485,21,33,22,33,1,0,8,1,8,2,2.55,0.17,0.17,64.9,,,,,
FF,2025-10-05,96.4,-2.4,5.47,"Schneider, Davis",676914,701542,,called_strike,,,,,3,Called Strike,D,R,R,TOR,NYY,S,,,1,0,2025,-0.61,1.41,0.2947285437794477,2.9110141403279846,665926,664702,543807,0,4,Bot,,,,,,,8.62695964381747,-140.1311294821049,-4.468207019810483,-9.997703362378475,31.469066623243727,-12.789128872571009,3.14939117886569,1.44532816888589,,,,97.2,2679,6.8,813062,669224,700250,665862,641857,683011,641355,663757,592450,53.74,,,,,,,,33,2,4-Seam Fastball,5,0,5,0,0,5,5,0,Infield shade,Standard,221,-0.002,-0.033,,,,0.033,,5,5,0.975,0.975,26,26,26,26,1,2,9,7,,2,1.05,0.61,0.61,31.8,,,,,
FF,2025-10-05,100,-2.64,5.46,"Volpe, Anthony",683011,686973,,ball,,,,,14,Ball,D,R,R,TOR,NYY,B,,,2,2,2025,-0.65,1.21,1.1023239240276979,1.8981143268144107,,,,1,8,Top,,,,,,,11.953973569397016,-144.8636144901653,-7.25577720358514,-12.205548896020062,38.43675860019237,-13.489163810654103,3.53712043716051,1.65075352616264,,,,100.3,2285,7,813062,672386,665489,643396,676391,665926,664702,662139,664770,53.5,,,,,,,,73,5,4-Seam Fastball,13,7,7,13,7,13,7,13,Standard,Standard,214,0,0.104,,,,-0.104,,6,-6,0.995,0.0050000000000000044,27,24,28,24,1,3,1,1,2,2,1.11,0.65,0.65,42.8,,,,,
CU,2025-10-05,84,0.4,6.57,"Chisholm Jr., Jazz",665862,680755,,called_strike,,,,,8,Called Strike,D,L,R,TOR,NYY,S,,,1,0,2025,0.27,-0.98,-0.0045510808953572734,1.9631181743618957,700250,519317,,2,6,Top,,,,,,,-1.4522921926365968,-122.28874397233864,-2.316300619483742,2.9784693276449357,24.7559989787102,-41.74830366407713,3.84442720727211,1.85918567927423,,,,82.7,2633,5.4,813062,672386,665489,643396,676391,665926,676914,662139,664702,55.06,,,,,,,,53,2,Curveball,12,2,2,12,2,12,2,12,Standard,Standard,26,0,-0.036,,,,0.036,,10,-10,0.998,0.0020000000000000018,24,27,25,27,1,2,7,1,2,2,4.22,-0.27,0.27,49.6,,,,,
FC,2025-10-05,87.8,2.96,5.37,"Judge, Aaron",592450,677865,,called_strike,,,,,2,Called Strike,D,R,L,TOR,NYY,S,,,2,1,2025,-0.21,0.35,0.1559649518752702,4.023695794971908,,,,2,6,Top,,,,,,,-6.406062437304583,-127.8506252118263,2.094177596771107,-1.1895354343136213,23.480334235194,-28.85280841528009,4.18351890940253,1.93231775380296,,,,89.1,2469,6.8,813062,672386,665489,643396,676391,665926,676914,662139,664702,53.71,,,,,,,,49,4,Cutter,12,0,0,12,0,12,0,12,Infield shade,Standard,145,0,-0.073,,,,0.073,,12,-12,0.999,0.0010000000000000009,28,33,28,33,1,2,8,1,,2,2.57,-0.21,0.21,39.8,,,,,
FF,2025-10-05,93.5,1.82,5.9,"Volpe, Anthony",683011,641778,,foul,,,,,3,Foul,D,R,L,TOR,NYY,S,,,1,2,2025,0.67,1.13,0.356011196112637,3.3005028152466074,,,641857,0,7,Top,,,,,,,-5.252821481931555,-136.14070395437676,-3.4357401962512633,9.501409537599875,29.98903036412841,-17.59279105977198,3.42,1.61,343,99.3,33,93.4,2334,6.2,813062,672386,665489,643396,676391,665926,664702,662139,664770,54.3,,,,,,,,60,4,4-Seam Fastball,13,2,2,13,2,13,2,13,Standard,Standard,136,0,0,66.9,6.2,,0,99.3,11,-11,0.999,0.0010000000000000009,30,24,30,24,1,2,7,1,3,2,1.48,0.67,-0.67,33.1,6.289230706973146,33.0354698865618,24.114863305510248,43.76564610168465,5.727847427184723
FF,2025-10-05,96.8,-2.19,5.38,"Judge, Aaron",592450,622554,,called_strike,,,,,5,Called Strike,D,R,R,TOR,NYY,S,,,2,0,2025,-0.1,1.05,-0.09387789392569826,3.236088011047227,,,,1,9,Top,,,,,,,5.839927379935838,-140.8618876306015,-2.5819385489200544,-2.6591386221205044,32.33735248914604,-17.778777927681386,3.95524439871889,1.8283464715851,,,,97.1,2439,6.5,813062,672386,665489,643396,676391,665926,664702,662139,664770,54,,,,,,,,79,3,4-Seam Fastball,13,7,7,13,7,13,7,13,Standard,Standard,210,0,-0.066,,,,0.066,,6,-6,0.999,0.0010000000000000009,30,33,31,33,1,4,1,1,3,2,1.38,0.1,0.1,28.0,,,,,
SI,2025-10-05,97.8,1.12,5.9,"Guerrero Jr., Vladimir",665489,608331,,called_strike,,,,,8,Called Strike,D,R,L,TOR,NYY,S,,,1,0,2025,1.16,0.4,0.25182747005555184,1.5672814647506903,,,676914,1,1,Bot,,,,,,,-5.053275693543845,-142.23696850107197,-7.174043093488649,16.922700691258324,30.684309865356596,-25.339344769354877,3.74803333835892,1.53409537583684,,,,98.6,2154,6.6,813062,669224,700250,665862,641857,683011,641355,663757,592450,53.89,,,,,,,,7,2,Sinker,0,0,0,0,0,0,0,0,Strategic,Standard,146,-0.005,-0.056,,,,0.056,,0,0,0.555,0.555,31,26,31,26,1,0,5,1,,2,1.97,1.16,-1.16,42.4,,,,,
FF,2025-10-05,98.8,1.56,6.31,"Raleigh, Cal",663728,669373,,ball,,,,,11,Ball,D,R,L,SEA,DET,B,,,1,2,2025,-0.16,1.49,-0.3046004458511562,5.02060640415026,,,668227,0,1,Bot,,,,,,,-4.714981806228255,-143.77432629391777,-1.5274924047685334,-1.0666913761685313,34.27068081185913,-11.375135155071291,3.62137299655911,1.76960063750929,,,,98.7,2444,6.3,813057,693307,679529,650402,656716,595879,682985,678009,681481,54.19,,,,,,,,6,4,4-Seam Fastball,0,0,0,0,0,0,0,0,Infield shade,Standard,167,0.005,0.036,,,,-0.036,,0,0,0.573,0.573,28,28,29,29,1,0,5,1,5,2,0.85,-0.16,0.16,53.4,,,,,
SL,2025-10-05,85,-2.58,4.99,"Torres, Gleyber",650402,666374,,foul,,,,,5,Foul,D,R,R,SEA,DET,S,,,3,2,2025,1.03,-0.03,0.17778536409997392,2.6673043768964986,,,,0,8,Top,,,,,,,4.400946993685031,-123.67486422098901,0.9688982100299928,9.584997974796643,26.164217876592648,-32.883625802478875,3.24,1.51,252,82.2,43,84.9,2813,6.4,813057,663728,647304,593871,553993,641487,668227,677594,645302,54.15,,,,,,,,55,7,Slider,2,0,0,2,0,2,0,2,Infield shade,Standard,48,0,0,64.3,6.6,,0,88.0,2,-2,0.852,0.14800000000000002,27,28,27,29,1,3,1,1,2,2,3.2,-1.03,-1.03,26.8,7.5863092209820255,14.76042285866242,29.88831736970198,37.86720395500829,27.87392220265713
SL,2025-10-05,81.4,-2.95,5.3,"Meadows, Parker",678009,662253,,ball,,,,,11,Ball,D,L,R,SEA,DET,B,,,1,0,2025,0.69,-0.21,-1.4937270804922296,2.8172349198494957,,,,2,9,Top,,,,,,,1.9470750601868474,-118.50145029038467,1.4027909405230503,6.113602260714356,22.361049896129312,-34.58510943420615,3.55784448996699,1.69926096370335,,,,81.4,2287,6.3,813057,663728,647304,660844,553993,641487,668227,677594,645302,54.24,,,,,,,,69,2,Slider,3,2,2,3,2,3,2,3,Strategic,Standard,78,-0.009,0.065,,,,-0.065,,1,-1,0.959,0.041000000000000036,26,25,26,26,1,3,1,1,2,2,3.64,-0.69,0.69,28.2,,,,,
SI,2025-10-05,96.3,-2.1,5.44,"McKinstry, Zach",656716,660825,,ball,,,,,14,Ball,D,L,R,SEA,DET,B,,,1,2,2025,-1.69,0.63,0.23623024432424677,0.6628842429670381,,,,1,7,Top,,,,,,,9.936978150139238,-139.66748946234466,-8.440870962814419,-24.338363474339378,31.12593973126804,-22.178309935008116,3.36501459605932,1.64406085374865,,,,95.4,2330,5.9,813057,663728,647304,593871,553993,641487,668227,677594,645302,54.57,,,,,,,,48,4,Sinker,2,0,0,2,0,2,0,2,Standard,Standard,225,-0.003,0.048,,,,-0.048,,2,-2,0.856,0.14400000000000002,29,30,30,30,1,2,1,1,2,2,1.84,1.69,-1.69,36.7,,,,,
SL,2025-10-05,84.5,1.97,5.14,"Greene, Riley",682985,642100,,ball,,,,,13,Ball,D,L,L,SEA,DET,B,,,0,2,2025,-0.44,0.08,-1.4551060988730198,1.2332946416766837,,,,0,6,Top,,,,,,,-7.0753905818120435,-122.86967143458453,-2.8654560643683173,-2.9745896012563398,25.20805405978553,-30.999587452515108,3.67753409430086,1.84901212177153,,,,84.1,2136,6.1,813057,663728,647304,593871,553993,641487,668227,677594,645302,54.37,,,,,,,,40,3,Slider,1,0,0,1,0,1,0,1,Infield shade,Standard,261,-0.003,0.024,,,,-0.024,,1,-1,0.674,0.32599999999999996,30,24,30,25,1,2,1,1,3,2,3.13,-0.44,-0.44,26.7,,,,,
FS,2025-10-05,86,-1.82,5.73,"Rodríguez, Julio",677594,640448,,ball,,,,,11,Ball,D,R,R,SEA,DET,B,,,0,0,2025,-0.35,0.49,-0.7690931381130522,3.7214972911554125,,663728,,1,8,Bot,,,,,,,3.2102291599443906,-125.22327611022418,0.5154505795658546,-4.316084536981638,25.662072341852223,-27.395770930050826,3.34692682252846,1.55819838584965,,,,86.1,749,6.3,813057,693307,679529,650402,656716,595879,682985,678009,681481,54.17,,,,,,,,63,1,Split-Finger,2,2,2,2,2,2,2,2,Standard,Standard,230,0.002,0.028,,,,-0.028,,0,0,0.656,0.656,33,24,34,25,1,3,1,1,3,2,2.6,0.35,0.35,53.4,,,,,
SL,2025-10-05,85.7,-2.26,4.84,"Torres, Gleyber",650402,622491,,foul,,,,,5,Foul,D,R,R,SEA,DET,S,,,2,2,2025,0.18,0.06,-0.005149037835423198,2.431689998030853,,,,0,1,Top,,,,,,,4.883806574894704,-124.78685123710802,0.36844759318479303,1.0102151127710195,22.445124598642,-31.84104950928153,3.24,1.51,227,79.6,53,84.7,2264,5.3,813057,663728,647304,593871,553993,641487,668227,677594,645302,55.16,,,,,,,,1,7,Slider,0,0,0,0,0,0,0,0,Infield shade,Standard,91,0,0,66.6,7.0,,0,88.0,0,0,0.503,0.497,32,28,33,29,1,0,11,1,5,2,3.02,-0.18,-0.18,14.3,5.933477203791168,6.067221732584401,34.125823276562876,35.43480273752019,29.24357635666614
CU,2025-10-05,84.6,-1.03,6.48,"Rice, Ben",700250,667297,,ball,,,,,11,Ball,D,L,R,TOR,NYY,B,,,0,0,2025,0.95,-1.32,-1.0125577950968678,3.117692437322151,,663757,592450,2,7,Top,,,,,,,-1.833314848523941,-123.09700120287697,1.241362833961469,9.972082683893394,28.584626312250535,-45.97559508233947,3.65148113708658,1.82652982663402,,,,83.4,3103,5.9,813062,672386,665489,643396,676391,665926,664702,662139,664770,54.64,,,,,,,,65,1,Curveball,13,4,4,13,4,13,4,13,Standard,Standard,24,0,0.024,,,,-0.024,,9,-9,0.998,0.0020000000000000018,34,26,34,26,1,3,8,1,2,2,4.55,-0.95,0.95,47.2,,,,,
FF,2025-10-05,95.9,-2.27,5.53,"Schneider, Davis",676914,701542,,ball,,,,,14,Ball,D,R,R,TOR,NYY,B,,,0,0,2025,-0.83,1.21,1.1736602844531072,1.0553569569267391,665926,664702,543807,0,4,Bot,,,,,,,11.065540488311166,-138.95403738710257,-9.024765639555248,-13.159061271505793,30.54474169984939,-14.509382192331937,3.17760602525033,1.57773224955428,,,,96.8,2664,7,813062,669224,700250,665862,641857,683011,641355,663757,592450,53.5,,,,,,,,33,1,4-Seam Fastball,5,0,5,0,0,5,5,0,Infield shade,Standard,222,0.001,0.021,,,,-0.021,,5,5,0.974,0.974,26,26,26,26,1,2,9,7,,2,1.28,0.83,0.83,29.7,,,,,
FF,2025-10-05,97.4,0.41,6.65,"Chisholm Jr., Jazz",665862,680755,,ball,,,,,12,Ball,D,L,R,TOR,NYY,B,,,0,0,2025,-0.62,1.41,0.19053791750084192,4.229598793804095,700250,519317,,2,6,Top,,,,,,,0.8421969352427852,-141.79018501152387,-4.1320796624212575,-8.570014547156761,35.336124811129274,-12.47715427359749,3.76761832611358,1.84495300558059,,,,96,2390,5.6,813062,672386,665489,643396,676391,665926,676914,662139,664702,54.85,,,,,,,,53,1,4-Seam Fastball,12,2,2,12,2,12,2,12,Standard,Standard,202,0,0.002,,,,-0.002,,10,-10,0.998,0.0020000000000000018,24,27,25,27,1,2,7,1,2,2,1.01,0.62,-0.62,47.9,,,,,
FC,2025-10-05,88.5,2.77,5.42,"Judge, Aaron",592450,677865,,ball,,,,,13,Ball,D,R,L,TOR,NYY,B,,,1,1,2025,-0.27,0.48,-1.1602229912735351,1.6639792420313704,,,,2,6,Top,,,,,,,-9.112055701734862,-128.77035232580477,-4.249780256299786,-1.5445899677336343,21.776484821872398,-26.146049001365128,4.20331602305017,1.8991109548728,,,,90,2464,6.8,813062,672386,665489,643396,676391,665926,676914,662139,664702,53.72,,,,,,,,49,3,Cutter,12,0,0,12,0,12,0,12,Infield shade,Standard,153,0,0.053,,,,-0.053,,12,-12,0.999,0.0010000000000000009,28,33,28,33,1,2,8,1,,2,2.38,-0.27,0.27,38.1,,,,,
CU,2025-10-05,86.4,-1.08,6.39,"Bellinger, Cody",641355,667297,sac_fly,hit_into_play,,,,,11,Cody Bellinger out on a sacrifice fly to left fielder Myles Straw. Paul Goldschmidt scores.,D,L,R,TOR,NYY,X,7,line_drive,1,1,2025,0.98,-1.4,-0.9699920248349543,3.1838666491983165,502671,663757,592450,1,7,Top,49.29,122.62,,,,,-1.7144699964562164,-125.6726120500671,1.532171405479951,10.631028897043837,29.881951184019513,-47.447386919515495,3.83,1.78,268,83.3,25,85.4,3188,6.1,813062,672386,665489,643396,676391,665926,664702,662139,664770,54.45,,0.171,0,1,0,0,3,64,3,Curveball,13,3,3,13,4,13,4,13,Infield shade,Standard,21,0.002,-0.146,61.0,7.3,,0.146,88.0,10,-10,0.996,0.0040000000000000036,34,29,34,30,1,3,8,1,2,2,4.5,-0.98,0.98,48.2,5.3430289465544165,21.386511602298313,23.887510318276203,39.770825179110446,11.91377018816608
FC,2025-10-05,87.3,2.03,5.85,"Volpe, Anthony",683011,641778,,foul,,,,,11,Foul,D,R,L,TOR,NYY,S,,,1,1,2025,-0.43,0.53,-1.0544639514301406,2.5859719859716535,,,641857,0,7,Top,,,,,,,-6.516593890448282,-126.98776259315765,-2.806443209164833,-3.357220126611569,24.81958669977566,-26.117500821057885,3.42,1.61,151,71.2,17,87.1,2520,6.1,813062,672386,665489,643396,676391,665926,664702,662139,664770,54.42,,,,,,,,60,3,Cutter,13,2,2,13,2,13,2,13,Standard,Standard,161,0,-0.07,75.7,7.1,,0.07,88.0,11,-11,0.999,0.0010000000000000009,30,24,30,24,1,2,7,1,3,2,2.46,-0.43,0.43,33.4,11.875077124449682,-1.7796725725341225,35.878252036508655,27.747286638588733,23.38565411317188
ST,2025-10-05,86.3,-1.91,5.51,"Judge, Aaron",592450,622554,,ball,,,,,14,Ball,D,R,R,TOR,NYY,B,,,1,0,2025,1.01,0.51,1.2923680157354127,2.2705074578252495,,,,1,9,Top,,,,,,,5.557267081540507,-125.47641035462308,-2.449234806427227,9.388301913041532,27.971330149928306,-26.523462684171133,4.1559118204612,1.95490970792416,,,,86.2,2552,6.5,813062,672386,665489,643396,676391,665926,664702,662139,664770,54.02,,,,,,,,79,2,Sweeper,13,7,7,13,7,13,7,13,Standard,Standard,73,0,0.071,,,,-0.071,,6,-6,0.999,0.0010000000000000009,30,33,31,33,1,4,1,1,3,2,2.58,-1.01,-1.01,32.8,,,,,
SI,2025-10-05,97.5,1.17,5.89,"Guerrero Jr., Vladimir",665489,608331,,ball,,,,,13,Ball,D,R,L,TOR,NYY,B,,,0,0,2025,0.68,0.41,-0.3340656776548928,1.0113215327782625,,,676914,1,1,Bot,,,,,,,-5.639137975183437,-141.81308577163284,-8.605551349801274,10.398113670019782,30.85919566952834,-24.961664962378226,3.78556870622914,1.73408087440916,,,,98.3,2081,6.6,813062,669224,700250,665862,641857,683011,641355,663757,592450,53.86,,,,,,,,7,1,Sinker,0,0,0,0,0,0,0,0,Strategic,Standard,142,0.004,0.035,,,,-0.035,,0,0,0.551,0.551,31,26,31,26,1,0,5,1,,2,1.98,0.68,-0.68,40.8,,,,,
SL,2025-10-05,91.5,2.06,6.05,"Raleigh, Cal",663728,669373,,swinging_strike,,,,,2,Swinging Strike,D,R,L,SEA,DET,S,,,1,1,2025,-0.54,0.26,0.15213256260678015,3.6281863239563825,,,668227,0,1,Bot,,,,,,,-3.664464939783539,-133.3901121302167,-0.904149140153014,-5.843830934953492,25.126284283216023,-29.03061989473723,3.59,1.67,,,,92.3,2274,6.4,813057,693307,679529,650402,656716,595879,682985,678009,681481,54.11,,,,,,,,6,3,Slider,0,0,0,0,0,0,0,0,Infield shade,Standard,220,-0.008,-0.07,68.8,6.1,,0.07,,0,0,0.581,0.581,28,28,29,29,1,0,5,1,5,2,2.42,-0.54,0.54,46.9,0.7621950803595884,39.19273986370035,22.123219416570524,36.0667338819912,18.229079784421383
SL,2025-10-05,86.4,-2.4,5.17,"Torres, Gleyber",650402,666374,,ball,,,,,14,Ball,D,R,R,SEA,DET,B,,,2,2,2025,1.12,-0.09,0.9593100973066796,1.9878519656110845,,,,0,8,Top,,,,,,,5.703459966643858,-125.6611276736544,-1.1483244904373078,10.606809838991099,27.11293757260718,-33.05010297809309,3.28347122069193,1.48079191050646,,,,86.1,2903,6.3,813057,663728,647304,593871,553993,641487,668227,677594,645302,54.21,,,,,,,,55,6,Slider,2,0,0,2,0,2,0,2,Infield shade,Standard,50,-0.016,0.112,,,,-0.112,,2,-2,0.868,0.132,27,28,27,29,1,3,1,1,2,2,3.16,-1.12,-1.12,29.1,,,,,
SL,2025-10-05,84.1,-2.8,5.36,"Meadows, Parker",678009,662253,,ball,,,,,13,Ball,D,L,R,SEA,DET,B,,,0,0,2025,0.62,-0.1,-1.0792763988919907,2.6059366539586533,,,,2,9,Top,,,,,,,2.7446477850629467,-122.51980525968771,0.1737165055758143,5.751148528625605,24.162911743488607,-33.38572958670675,3.56002682587476,1.72832248163559,,,,84.2,2260,6.3,813057,663728,647304,660844,553993,641487,668227,677594,645302,54.21,,,,,,,,69,1,Slider,3,2,2,3,2,3,2,3,Standard,Standard,74,-0.004,0.037,,,,-0.037,,1,-1,0.963,0.03700000000000003,26,25,26,26,1,3,1,1,2,2,3.31,-0.62,0.62,30.2,,,,,
ST,2025-10-05,82.7,-2.31,5.69,"McKinstry, Zach",656716,660825,,swinging_strike,,,,,14,Swinging Strike,D,L,R,SEA,DET,S,,,1,1,2025,1.56,-0.21,0.36485175049501395,1.2946922935141658,,,,1,7,Top,,,,,,,3.0183427053498173,-120.40543675908401,-3.064699754680662,14.481780739068427,24.78933035026496,-33.82016189283612,3.28,1.52,,,,81.5,2637,5.6,813057,663728,647304,593871,553993,641487,668227,677594,645302,54.89,,,,,,,,48,3,Sweeper,2,0,0,2,0,2,0,2,Standard,Standard,48,0.006,-0.064,65.2,8.0,,0.064,,2,-2,0.85,0.15000000000000002,29,30,30,30,1,2,1,1,2,2,3.56,-1.56,1.56,41.0,27.26736086074441,-21.96325825605031,39.25286078535606,30.20667222095407,37.829170190350766
SI,2025-10-05,94.9,1.8,5.44,"Greene, Riley",682985,642100,,foul_tip,,,,,12,Foul Tip,D,L,L,SEA,DET,S,,,0,1,2025,1.45,0.48,1.2772635201974476,2.7331282303317224,,,,0,6,Top,,,,,,,-4.572247760666813,-138.00596530846533,-2.4175115540331884,19.479045187645415,33.91370546253423,-25.768049925630134,3.61,1.7,,,,93.8,2084,5.9,813057,663728,647304,593871,553993,641487,668227,677594,645302,54.58,,,,,,,,40,2,Sinker,1,0,0,1,0,1,0,1,Standard,Standard,134,0.009,-0.055,79.1,7.3,,0.055,,1,-1,0.665,0.33499999999999996,30,24,30,25,1,2,1,1,3,2,2.08,1.45,1.45,29.3,14.144143552918951,-12.409769989536574,44.01711894516019,18.047090688402463,32.881373746232185
FS,2025-10-05,87.3,-1.97,5.73,"Raleigh, Cal",663728,640448,double,hit_into_play,,,,,8,Cal Raleigh doubles (1) on a sharp line drive to right fielder Kerry Carpenter.,D,L,R,SEA,DET,X,9,line_drive,0,0,2025,-0.36,0.16,-0.18166478199267883,1.9753965261902682,,,,1,8,Bot,199.26,117.68,,,,,5.042497388727083,-127.06973327728038,-3.2278030326343927,-4.8968095094169595,25.50798461273776,-30.01455806076215,3.59,1.67,213,110.9,13,87.6,892,6.4,813057,693307,679529,650402,656716,595879,682985,678009,681481,54.09,0.752,0.79,1.25,1,1,1,6,62,1,Split-Finger,2,2,2,2,2,2,2,2,Infield shade,Standard,223,0.094,0.642,78.2,8.3,1.117,-0.642,110.9,0,0,0.562,0.562,33,28,34,29,1,3,1,1,3,2,2.83,0.36,-0.36,52.5,19.74702878791558,-6.408548989588573,40.28951707715748,35.24580936126286,39.56191954513791
KC,2025-10-05,88.8,-2.9,5.66,"Volpe, Anthony",683011,686973,,foul,,,,,9,Foul,D,R,R,TOR,NYY,S,,,2,1,2025,0.66,-0.39,0.82368632443324,1.925160846628705,,,,1,8,Top,,,,,,,7.794089530877293,-129.03142280801615,-2.217786575932287,5.661648218577627,28.5160731291879,-36.286857997871486,3.42,1.61,,,,89.4,2700,6.9,813062,672386,665489,643396,676391,665926,664702,662139,664770,53.59,,,,,,,,73,4,Knuckle Curve,13,7,7,13,7,13,7,13,Standard,Standard,50,0,-0.07,67.9,7.8,,0.07,,6,-6,0.995,0.0050000000000000044,27,24,28,24,1,3,1,1,2,2,3.31,-0.66,-0.66,41.8,11.941285726261519,1.5227179333279939,26.49341562164781,51.25385504243564,27.369823672646987
SL,2025-10-05,85.3,-2.31,4.93,"Torres, Gleyber",650402,622491,,foul,,,,,6,Foul,D,R,R,SEA,DET,S,,,2,2,2025,0.12,0.12,0.37570156606641336,2.5633492013431227,,,,0,1,Top,,,,,,,5.987541824630428,-124.27906337304157,0.3797050275265115,0.24658036464344632,21.954668385298746,-31.13652706620792,3.24,1.51,,,,84.6,2228,5.5,813057,663728,647304,593871,553993,641487,668227,677594,645302,54.98,,,,,,,,1,6,Slider,0,0,0,0,0,0,0,0,Infield shade,Standard,70,0,0,63.3,7.6,,0,,0,0,0.503,0.497,32,28,33,29,1,0,11,1,5,2,2.97,-0.12,-0.12,13.7,11.722679089676243,-7.295019737955274,32.231033964804475,39.48212956779907,30.654960062701456
FS,2025-10-05,84.8,-0.37,7.22,"Judge, Aaron",592450,702056,,ball,,,,,13,Ball,D,R,R,TOR,NYY,B,,,1,0,2025,-1.04,0.52,-1.5723572703874802,2.76394598558619,,,,1,1,Top,,,,,,,-0.729251428318906,-123.55503174053203,-5.175182062922449,-10.582662292985495,22.794544687327157,-26.050412714369394,4.18211664577457,1.91016294988923,,,,84.9,1598,6.1,813062,672386,665489,643396,676391,665926,676914,662139,664702,54.36,,,,,,,,2,2,Split-Finger,0,0,0,0,0,0,0,0,Standard,Standard,214,-0.005,0.071,,,,-0.071,,0,0,0.52,0.48,21,33,22,33,1,0,8,1,8,2,2.62,1.04,1.04,66.0,,,,,
SL,2025-10-05,89.5,-0.68,7.14,"Judge, Aaron",592450,702056,,ball,,,,,14,Ball,D,R,R,TOR,NYY,B,,,0,0,2025,-0.37,0.41,1.2136394271149775,2.3077172836731914,,,,1,1,Top,,,,,,,5.440237121988915,-130.21629781790256,-6.835504556533085,-5.291640933748823,24.49458901543883,-26.313581326208908,4.11161109536947,1.89538545628152,,,,89.6,2277,6.1,813062,672386,665489,643396,676391,665926,676914,662139,664702,54.38,,,,,,,,2,1,Slider,0,0,0,0,0,0,0,0,Infield shade,Standard,208,-0.002,0.039,,,,-0.039,,0,0,0.522,0.478,21,33,22,33,1,0,8,1,8,2,2.41,0.37,0.37,61.6,,,,,
SI,2025-10-05,95.3,-2.37,5.42,"Springer, George",543807,701542,walk,ball,,,,,14,George Springer walks. Andrés Giménez to 3rd. Myles Straw to 2nd.,D,R,R,TOR,NYY,B,,,3,1,2025,-1.48,0.57,1.2419814433941665,2.2732572045471744,,665926,664702,0,4,Bot,,,,,,,12.889406047693958,-138.15517849788407,-3.8677789241169274,-21.89971700702023,32.673482013786575,-24.110333150397928,3.54492718041307,1.61903839154215,,,,95.6,2517,6.8,813062,669224,700250,665862,641857,683011,641355,663757,592450,53.71,,0.691497,0.7,1,0,0,,32,5,Sinker,5,0,5,0,0,5,5,0,Strategic,Standard,231,0.007,0.221,,,,-0.221,,5,5,0.967,0.967,26,35,26,36,1,2,9,1,,2,1.97,1.48,1.48,26.3,,,,,
KC,2025-10-05,88.3,-2.65,5.67,"Volpe, Anthony",683011,686973,,ball,,,,,14,Ball,D,R,R,TOR,NYY,B,,,1,1,2025,0.49,-0.44,0.8999278258947547,2.0637510968067465,,,,1,8,Top,,,,,,,7.691562837709353,-128.46587498863252,-1.7907148592607156,3.8266979219170336,26.98957228615174,-36.8437844623952,3.51252898358913,1.67883085307809,,,,89,2669,6.8,813062,672386,665489,643396,676391,665926,664702,662139,664770,53.73,,,,,,,,73,3,Knuckle Curve,13,7,7,13,7,13,7,13,Standard,Standard,40,0,0.055,,,,-0.055,,6,-6,0.995,0.0050000000000000044,27,24,28,24,1,3,1,1,2,2,3.36,-0.49,-0.49,41.2,,,,,
CU,2025-10-05,83.1,0.42,6.52,"Stanton, Giancarlo",519317,680755,double,hit_into_play,,,,,4,Giancarlo Stanton doubles (2) on a sharp line drive to left fielder Davis Schneider. Ben Rice to 3rd.,D,R,R,TOR,NYY,X,7,line_drive,3,1,2025,0.3,-1.37,-0.4605101864404277,2.587242796508791,,,700250,2,6,Top,46.06,112.54,,,,,-2.57728851933843,-120.96604499577732,0.20042262484113427,3.520446310996544,26.424026291431737,-45.81343932348248,3.8,1.83,226,107.5,13,81.5,2671,5.5,813062,672386,665489,643396,676391,665926,676914,662139,664702,55.01,0.81,0.823,1.25,1,1,1,5,52,5,Curveball,12,2,2,12,2,12,2,12,Standard,Standard,22,-0.001,0.799,83.1,8.9,1.104,-0.799,107.5,10,-10,0.999,0.0010000000000000009,24,35,25,36,1,2,7,1,2,2,4.7,-0.3,-0.3,50.1,15.355020012177661,-11.280279987599952,27.91207923311738,37.029475696059365,28.973252913454274
ST,2025-10-05,77.4,3.32,5.02,"Judge, Aaron",592450,677865,,foul,,,,,7,Foul,D,R,L,TOR,NYY,S,,,1,0,2025,-1.62,-0.22,-0.6643010422613709,2.4958017954604474,,,,2,6,Top,,,,,,,-5.601953557548469,-112.4538737021902,2.100459399297714,-12.454523845755533,23.04209401274661,-34.69823394800997,4.09,1.85,25,88.3,-4,77.7,2666,6.9,813062,672386,665489,643396,676391,665926,676914,662139,664702,53.6,,,,,,,,49,2,Sweeper,12,0,0,12,0,12,0,12,Infield shade,Standard,304,0,-0.054,83.4,8.3,,0.054,88.3,12,-12,0.999,0.0010000000000000009,28,33,28,33,1,2,8,1,,2,4.08,-1.62,1.62,28.6,17.48405362802442,-12.306119475225774,39.14512967172775,34.722492592425496,43.247837472657096
CU,2025-10-05,85.2,-1.2,6.37,"Bellinger, Cody",641355,667297,,swinging_strike,,,,,14,Swinging Strike,D,L,R,TOR,NYY,S,,,1,0,2025,1.01,-1.35,0.14988237296045226,1.1856546435582547,502671,663757,592450,1,7,Top,,,,,,,1.149297877875132,-123.96153259415587,-3.025861701428565,9.962526209845484,29.28480061149259,-45.46561536115103,3.83,1.78,,,,84,3156,5.9,813062,672386,665489,643396,676391,665926,664702,662139,664770,54.57,,,,,,,,64,2,Curveball,13,3,3,13,3,13,3,13,Standard,Standard,20,0,-0.053,68.3,9.0,,0.053,,10,-10,0.996,0.0040000000000000036,34,29,34,30,1,3,8,1,2,2,4.54,-1.01,1.01,47.1,23.33402198514647,-13.265661249369682,42.440983774692626,26.814791479076263,36.55546614224491
CU,2025-10-05,75.5,1.81,6.07,"Volpe, Anthony",683011,641778,,ball,,,,,13,Ball,D,R,L,TOR,NYY,B,,,0,1,2025,-0.97,-0.92,-1.2133761826811822,1.6189860173541133,,,641857,0,7,Top,,,,,,,-4.554895548463694,-109.94607294981734,-0.5032301484919163,-7.021714563196823,20.056122615790812,-39.765610075951564,3.48079544558788,1.62614185106107,,,,75.1,2546,6,813062,672386,665489,643396,676391,665926,664702,662139,664770,54.5,,,,,,,,60,2,Curveball,13,2,2,13,2,13,2,13,Standard,Standard,320,0,0.034,,,,-0.034,,11,-11,0.999,0.0010000000000000009,30,24,30,24,1,2,7,1,3,2,4.92,-0.97,0.97,44.2,,,,,
FF,2025-10-05,97.5,-2.01,5.51,"Judge, Aaron",592450,622554,,ball,,,,,1,Ball,D,R,R,TOR,NYY,B,,,0,0,2025,-0.11,1.2,-0.46837072301847105,4.025719705531739,,,,1,9,Top,,,,,,,4.415093666391444,-141.96954834340542,-1.2299493971359399,-2.5378313262471095,33.3711204769736,-15.928765104275971,4.19604621736739,1.96778585823812,,,,97.6,2370,6.4,813062,672386,665489,643396,676391,665926,664702,662139,664770,54.12,,,,,,,,79,1,4-Seam Fastball,13,7,7,13,7,13,7,13,Standard,Standard,209,0,0.039,,,,-0.039,,6,-6,0.999,0.0010000000000000009,30,33,31,33,1,4,1,1,3,2,1.2,0.11,0.11,31.0,,,,,
FC,2025-10-05,96,1.17,5.94,"Schneider, Davis",676914,608331,single,hit_into_play,,,,,7,Davis Schneider singles on a sharp line drive to left fielder Cody Bellinger.,D,R,L,TOR,NYY,X,7,line_drive,1,0,2025,-0.09,0.51,-0.35945933330992563,1.9973564536046455,,,,1,1,Bot,64.24,100.77,,,,,-3.8662154869486556,-139.62556076472677,-5.950318957041485,-0.15005648006557057,34.59582386231931,-24.256655585068557,3.11,1.52,203,100.1,15,95.9,2289,6.5,813062,669224,700250,665862,641857,683011,641355,663757,592450,54.01,0.668,0.657,0.9,1,1,0,4,6,2,Cutter,0,0,0,0,0,0,0,0,Infield shade,Standard,154,0.022,0.375,74.2,7.1,0.884,-0.375,100.1,0,0,0.529,0.529,31,26,31,26,1,0,5,7,,2,1.98,-0.09,0.09,44.0,11.416984125466202,2.0300948896298334,37.63921901504422,29.354633544391298,30.746164273587134
ST,2025-10-05,81.2,3.79,5.95,"Naylor, Josh",647304,676428,field_out,hit_into_play,,,,,13,Josh Naylor pops out to second baseman Gleyber Torres.,D,L,L,SEA,DET,X,4,popup,1,2,2025,-0.99,-0.2,-0.27577414535843237,1.0713924666307633,,660844,553993,2,8,Bot,148.88,139.2,,,,,-7.130995131047202,-118.01847851110976,-3.8274492708440455,-7.758428474133526,23.637120735288956,-33.50994651991665,3.23,1.54,164,69.8,57,80.1,2710,5.7,813057,693307,679529,650402,656716,595879,682985,678009,681481,54.79,0.03,0.027,0,1,0,0,3,66,5,Sweeper,3,2,3,2,2,3,3,2,Standard,Standard,297,-0.019,-0.19,54.5,8.3,0.03,0.19,88.0,1,1,0.854,0.854,26,28,27,28,1,3,1,1,2,2,3.68,-0.99,-0.99,30.1,23.662141691540143,-17.385332809655154,34.723232227673,35.496555283579966,33.19909678402117
SL,2025-10-05,92,2.04,5.97,"Raleigh, Cal",663728,669373,,blocked_ball,,,,,13,Ball In Dirt,D,R,L,SEA,DET,B,,,0,1,2025,-0.4,0.54,-1.1298602134152318,0.7826817157293384,,,668227,0,1,Bot,,,,,,,-7.231295929024634,-133.66585998967648,-8.586893587922706,-3.3059642684035966,27.19102095073571,-24.041149793284045,3.5476711355776,1.79084512810385,,,,93,2383,6.8,813057,693307,679529,650402,656716,595879,682985,678009,681481,53.68,,,,,,,,6,2,Slider,0,0,0,0,0,0,0,0,Infield shade,Standard,189,0.003,0.034,,,,-0.034,,0,0,0.578,0.578,28,28,29,29,1,0,5,1,5,2,2.15,-0.4,0.4,49.2,,,,,
SI,2025-10-05,96.4,-2.32,5.27,"Torres, Gleyber",650402,666374,,foul,,,,,4,Foul,D,R,R,SEA,DET,S,,,2,2,2025,-1.58,0.64,-0.4974070780821438,2.2233652146577922,,,,0,8,Top,,,,,,,8.436030867379577,-139.9817014148292,-3.8797076248026787,-22.769521201144222,35.53977905667788,-23.106676424832415,3.24,1.51,204,71.8,42,95.9,2256,6.4,813057,663728,647304,593871,553993,641487,668227,677594,645302,54.12,,,,,,,,55,5,Sinker,2,0,0,2,0,2,0,2,Infield shade,Standard,231,0,0,68.9,6.5,,0,88.0,2,-2,0.868,0.132,27,28,27,29,1,3,1,1,2,2,1.85,1.58,1.58,30.5,-8.85906678633782,13.294826554396453,40.508683023208924,29.434423118848215,24.000933387667516
SL,2025-10-05,83.2,-2.96,5.35,"Báez, Javier",595879,662253,field_out,hit_into_play,,,,,1,Javier Báez pops out to second baseman Leo Rivas.,D,R,R,SEA,DET,X,4,popup,0,1,2025,0.68,-0.14,-0.32939295375218447,3.2224495710675423,,,,1,9,Top,140.27,157.43,,,,,4.7175841890613555,-121.12477820827333,1.8512201960883106,5.720710266438628,23.772664674163757,-34.158395001906875,3.51,1.64,82,73,71,83.3,2339,6.3,813057,663728,647304,660844,553993,641487,668227,677594,645302,54.16,0.001,0,0,1,0,0,3,68,2,Slider,3,2,2,3,2,3,2,3,Standard,Standard,79,0.047,-0.215,74.6,7.6,0.001,0.215,88.0,1,-1,0.916,0.08399999999999996,26,32,26,33,1,3,1,1,2,2,3.43,-0.68,-0.68,31.1,10.322867963238517,-2.3095406754084253,26.367738735011088,31.928661108968317,30.732324689459254
SI,2025-10-05,95.7,-2,5.52,"McKinstry, Zach",656716,660825,,ball,,,,,14,Ball,D,L,R,SEA,DET,B,,,0,1,2025,-1.48,0.85,1.6622011000896584,1.1591159804273599,,,,1,7,Top,,,,,,,12.852799363839447,-138.65657162279538,-7.736923333497613,-21.925463976300904,29.79921088232243,-19.517341082943258,3.33783084074921,1.66764928554971,,,,94.8,2154,5.9,813057,663728,647304,593871,553993,641487,668227,677594,645302,54.59,,,,,,,,48,2,Sinker,2,0,0,2,0,2,0,2,Standard,Standard,224,-0.003,0.029,,,,-0.029,,2,-2,0.853,0.14700000000000002,29,30,30,30,1,2,1,1,2,2,1.65,1.48,-1.48,36.4,,,,,
SL,2025-10-05,84,2.08,5.13,"Greene, Riley",682985,642100,,called_strike,,,,,5,Called Strike,D,L,L,SEA,DET,S,,,0,0,2025,-0.66,-0.07,-0.14215124404046853,2.5431288939434102,,,,0,6,Top,,,,,,,-3.8269305738986574,-122.32408333977145,0.5506996923438923,-5.8224502525711666,25.525948257785693,-33.17629127712954,3.41601282033313,1.604799458752,,,,83.5,2108,6,813057,663728,647304,593871,553993,641487,668227,677594,645302,54.46,,,,,,,,40,1,Slider,1,0,0,1,0,1,0,1,Standard,Standard,242,0.005,-0.039,,,,0.039,,1,-1,0.66,0.33999999999999997,30,24,30,25,1,2,1,1,3,2,3.31,-0.66,-0.66,25.1,,,,,
FS,2025-10-05,87,-1.65,5.72,"Arozarena, Randy",668227,640448,strikeout,swinging_strike,,,,,14,Randy Arozarena strikes out swinging.,D,R,R,SEA,DET,S,2,,2,2,2025,-0.83,0.62,0.49943557079908374,1.4962529105345177,,,,0,8,Bot,,,,,,,6.897270375527322,-126.4139860726051,-5.158601208069076,-10.387016071861693,28.452429315775397,-24.636759960763918,3.4,1.68,,,,86.9,995,6.6,813057,693307,679529,650402,656716,595879,682985,678009,681481,53.94,,0,0,1,0,0,,61,5,Split-Finger,2,2,2,2,2,2,2,2,Standard,Standard,217,-0.039,-0.232,74.4,8.7,,0.232,,0,0,0.601,0.601,33,30,34,30,1,3,1,1,3,2,2.43,0.83,0.83,55.3,20.439689247497792,-36.68446296868837,26.893991755925015,37.71138319943783,51.471344235796266
FF,2025-10-05,97,-2.14,5.18,"Torres, Gleyber",650402,622491,,foul,,,,,2,Foul,D,R,R,SEA,DET,S,,,2,2,2025,-1.26,1.07,0.010752015500492984,2.724670781521085,,,,0,1,Top,,,,,,,8.473410825269003,-140.90956159482747,-3.3889606842240374,-18.777641703162306,33.158910070506394,-17.415374047339203,3.24,1.51,155,79.7,12,95.3,2253,5.5,813057,663728,647304,593871,553993,641487,668227,677594,645302,55.03,,,,,,,,1,5,4-Seam Fastball,0,0,0,0,0,0,0,0,Infield shade,Standard,234,0,0,71.6,6.7,,0,88.0,0,0,0.503,0.497,32,28,33,29,1,0,11,1,5,2,1.37,1.26,1.26,26.0,-1.9619272434946595,3.57526686912112,35.07605372217592,35.55647110962831,25.952707655401273
SI,2025-10-05,96.4,-2.22,5.54,"Springer, George",543807,701542,,ball,,,,,14,Ball,D,R,R,TOR,NYY,B,,,2,1,2025,-1.38,0.88,1.5896104674898497,1.65560331214275,,665926,664702,0,4,Bot,,,,,,,13.382650703931699,-139.59191284204093,-6.752205678868617,-21.086962273369238,33.17444623680911,-19.15430512001708,3.52866400292336,1.57592177115789,,,,97.1,2509,7.1,813062,669224,700250,665862,641857,683011,641355,663757,592450,53.44,,,,,,,,32,4,Sinker,5,0,5,0,0,5,5,0,Infield shade,Standard,222,0.004,0.177,,,,-0.177,,5,5,0.963,0.963,26,35,26,36,1,2,9,1,,2,1.61,1.38,1.38,30.8,,,,,
KC,2025-10-05,88.8,-2.81,5.52,"Volpe, Anthony",683011,686973,,swinging_strike,,,,,14,Swinging Strike,D,R,R,TOR,NYY,S,,,1,0,2025,0.39,-0.38,0.850920249341754,2.12814230819236,,,,1,8,Top,,,,,,,8.249790397256092,-129.02218265939308,-1.4055811065921529,2.52371058905434,27.80099072129616,-36.34095219464547,3.42,1.61,,,,89.6,2443,6.9,813062,672386,665489,643396,676391,665926,664702,662139,664770,53.57,,,,,,,,73,2,Knuckle Curve,13,7,7,13,7,13,7,13,Standard,Standard,71,0,-0.049,65.1,7.6,,0.049,,6,-6,0.995,0.0050000000000000044,27,24,28,24,1,3,1,1,2,2,3.29,-0.39,-0.39,41.6,15.22914532567688,4.7669836972678254,26.18623087980187,51.003542118703415,24.172380732357816
FF,2025-10-05,96.5,0.31,6.65,"Stanton, Giancarlo",519317,680755,,ball,,,,,11,Ball,D,R,R,TOR,NYY,B,,,2,1,2025,-0.36,1.45,-0.7588861392116442,4.159844707719074,,,700250,2,6,Top,,,,,,,-1.9887259569203153,-140.53939675540855,-4.258996281087661,-4.289107575395963,33.76424267885252,-12.29421845388302,3.96974793903509,1.89847741390498,,,,94.7,2330,5.3,813062,672386,665489,643396,676391,665926,676914,662139,664702,55.17,,,,,,,,52,4,4-Seam Fastball,12,2,2,12,2,12,2,12,Standard,Standard,200,0,0.079,,,,-0.079,,10,-10,0.999,0.0010000000000000009,24,35,25,36,1,2,7,1,2,2,1.01,0.36,0.36,47.5,,,,,
SI,2025-10-05,90.4,3.32,5.01,"Judge, Aaron",592450,677865,,ball,,,,,14,Ball,D,R,L,TOR,NYY,B,,,0,0,2025,1.42,0.31,0.2610045784120263,1.6990101784405502,,,,2,6,Top,,,,,,,-10.72694751767672,-131.2244941933985,-2.928230543870538,18.699780218822404,29.506690003530714,-28.141788380234303,4.15317296797003,1.98086310757664,,,,90.8,2070,6.8,813062,672386,665489,643396,676391,665926,676914,662139,664702,53.72,,,,,,,,49,1,Sinker,12,0,0,12,0,12,0,12,Standard,Standard,127,0,0.037,,,,-0.037,,12,-12,0.999,0.0010000000000000009,28,33,28,33,1,2,8,1,,2,2.51,1.42,-1.42,28.1,,,,,
CU,2025-10-05,84.7,-1.22,6.39,"Bellinger, Cody",641355,667297,,ball,,,,,11,Ball,D,L,R,TOR,NYY,B,,,0,0,2025,1.21,-1.17,-1.0678263587357526,3.3811596763990703,502671,663757,592450,1,7,Top,,,,,,,-2.044180705942816,-123.23042653348566,1.7294277723608813,12.637931606592218,27.47626410372719,-44.64859981232179,3.90903989672144,1.81098952524625,,,,83.8,3211,6,813062,672386,665489,643396,676391,665926,664702,662139,664770,54.51,,,,,,,,64,1,Curveball,13,3,3,13,3,13,3,13,Standard,Standard,28,0,0.038,,,,-0.038,,10,-10,0.996,0.0040000000000000036,34,29,34,30,1,3,8,1,2,2,4.38,-1.21,1.21,47.5,,,,,
CU,2025-10-05,75.4,1.95,6.03,"Volpe, Anthony",683011,641778,,called_strike,,,,,5,Called Strike,D,R,L,TOR,NYY,S,,,0,0,2025,-0.94,-1,-0.038405301871270114,2.2415459720801536,,,641857,0,7,Top,,,,,,,-2.459958155664874,-109.81823127784988,1.0289583288027557,-7.160777434618995,19.78367331981916,-40.68047833647273,3.4925499942063,1.62036010982254,,,,75.1,2491,6.1,813062,672386,665489,643396,676391,665926,664702,662139,664770,54.43,,,,,,,,60,1,Curveball,13,2,2,13,2,13,2,13,Standard,Standard,314,0,-0.043,,,,0.043,,11,-11,0.999,0.0010000000000000009,30,24,30,24,1,2,7,1,3,2,5.01,-0.94,0.94,39.9,,,,,
FS,2025-10-05,85.6,-1.72,5.62,"Grisham, Trent",663757,622554,strikeout,swinging_strike,,,,,14,Trent Grisham strikes out swinging.,D,L,R,TOR,NYY,S,2,,1,2,2025,-0.67,0.19,0.7677014871922441,1.2741588304203009,,,,0,9,Top,,,,,,,7.240957756011926,-124.35422427134576,-4.300097206580082,-8.473422953408363,27.44219841287567,-29.4595822962284,3.62,1.72,,,,85.4,959,6.5,813062,672386,665489,643396,676391,665926,664702,662139,664770,54,,0,0,1,0,0,,78,4,Split-Finger,13,7,7,13,7,13,7,13,Infield shade,Standard,265,0.001,-0.189,70.1,9.0,,0.189,,6,-6,0.998,0.0020000000000000018,30,28,31,29,1,4,1,1,3,2,2.96,0.67,-0.67,31.5,31.590638614972242,-56.51459176347695,32.543891538448364,29.59987959742537,53.859239276655316
SI,2025-10-05,96.9,1.23,5.89,"Schneider, Davis",676914,608331,,ball,,,,,14,Ball,D,R,L,TOR,NYY,B,,,0,0,2025,1.11,0.31,0.0316203978997871,0.7605214553310995,,,,1,1,Bot,,,,,,,-5.783550936439607,-140.86302954769948,-8.926648281217174,16.118776852028475,30.076016125710993,-26.334669041767626,3.26000187728106,1.5948463017537,,,,97.6,2092,6.6,813062,669224,700250,665862,641857,683011,641355,663757,592450,53.91,,,,,,,,6,1,Sinker,0,0,0,0,0,0,0,0,Infield shade,Standard,138,0.003,0.039,,,,-0.039,,0,0,0.526,0.526,31,26,31,26,1,0,5,7,,2,2.11,1.11,-1.11,40.8,,,,,
SI,2025-10-05,92.3,3.69,5.86,"Naylor, Josh",647304,676428,,foul,,,,,7,Foul,D,L,L,SEA,DET,S,,,1,2,2025,1.18,0.06,-0.7295918457463493,1.487809930954203,,660844,553993,2,8,Bot,,,,,,,-13.625149055545135,-133.67123963033646,-5.334956364170853,17.10545384471641,29.274430599104907,-30.38826737296671,3.23,1.54,3,80.4,-24,91,2057,5.8,813057,693307,679529,650402,656716,595879,682985,678009,681481,54.67,,,,,,,,66,4,Sinker,3,2,3,2,2,3,3,2,Infield shade,Standard,121,0,0,66.6,8.6,,0,88.0,1,1,0.854,0.854,26,28,27,28,1,3,1,1,2,2,2.64,1.18,1.18,28.6,14.641337268074365,-13.950478985699714,27.587019703587732,42.389408904247816,31.636609795269646
FF,2025-10-05,96.6,1.4,6.29,"Raleigh, Cal",663728,669373,,foul,,,,,11,Foul,D,R,L,SEA,DET,S,,,0,0,2025,-0.21,1.45,-0.447745595977222,3.9908768718265044,,,668227,0,1,Bot,,,,,,,-4.4651458397991215,-140.67737375928866,-3.859684967731372,-1.7568978330569776,32.743244216552526,-12.279429515728806,3.59,1.67,244,77.2,30,96.8,2405,6.4,813057,693307,679529,650402,656716,595879,682985,678009,681481,54.06,,,,,,,,6,1,4-Seam Fastball,0,0,0,0,0,0,0,0,Infield shade,Standard,164,-0.005,-0.043,71.2,6.2,,0.043,88.0,0,0,0.583,0.583,28,28,29,29,1,0,5,1,5,2,0.99,-0.21,0.21,53.2,8.653797802837223,11.693970198295954,19.891930837911396,29.00663352288744,27.398656462572866
SL,2025-10-05,85.8,-2.32,5.14,"Torres, Gleyber",650402,666374,,ball,,,,,12,Ball,D,R,R,SEA,DET,B,,,1,2,2025,1.04,-0.16,1.3896555883532349,3.4849505929918454,,,,0,8,Top,,,,,,,6.667354816747833,-124.61895957442667,2.817232619756541,9.099277769007275,29.63286092279285,-34.79036446751042,3.2909951672384,1.59403456334994,,,,85.1,2874,6.3,813057,663728,647304,593871,553993,641487,668227,677594,645302,54.16,,,,,,,,55,4,Slider,2,0,0,2,0,2,0,2,Standard,Standard,52,-0.005,0.043,,,,-0.043,,2,-2,0.873,0.127,27,28,27,29,1,3,1,1,2,2,3.32,-1.04,-1.04,29.9,,,,,
SL,2025-10-05,83.3,-2.8,5.37,"Báez, Javier",595879,662253,,swinging_strike,,,,,8,Swinging Strike,D,R,R,SEA,DET,S,,,0,0,2025,0.65,-0.3,0.26504131813001336,1.6071827626942166,,,,1,9,Top,,,,,,,5.785788524462905,-121.1790026193227,-1.5933884794458586,5.231132627541125,23.983495249462248,-35.00934447828638,3.51,1.64,,,,83.5,2368,6.4,813057,663728,647304,660844,553993,641487,668227,677594,645302,54.05,,,,,,,,68,1,Slider,3,2,2,3,2,3,2,3,Standard,Standard,78,0.008,-0.039,73.3,9.3,,0.039,,1,-1,0.908,0.09199999999999997,26,32,26,33,1,3,1,1,2,2,3.59,-0.65,-0.65,30.0,30.519550002686206,-46.10519656482404,35.68074240703081,38.0874657989736,58.347558082683314
SI,2025-10-05,94.5,-2.17,5.65,"McKinstry, Zach",656716,660825,,called_strike,,,,,13,Called Strike,D,L,R,SEA,DET,S,,,0,0,2025,-1.53,0.64,-0.9316444805364845,2.3822526587066957,,,,1,7,Top,,,,,,,6.562465889445801,-137.45463763355528,-4.194237426407548,-20.817979062743774,30.930440691085536,-23.381113991817962,3.41789070859945,1.60309652321595,,,,93.7,2139,5.9,813057,663728,647304,593871,553993,641487,668227,677594,645302,54.62,,,,,,,,48,1,Sinker,2,0,0,2,0,2,0,2,Standard,Standard,222,0.004,-0.039,,,,0.039,,2,-2,0.849,0.15100000000000002,29,30,30,30,1,2,1,1,2,2,1.92,1.53,-1.53,41.0,,,,,
FF,2025-10-05,96.1,1.81,5.43,"Carpenter, Kerry",681481,642100,strikeout,foul_tip,,,,,5,Kerry Carpenter strikes out on a foul tip.,D,L,L,SEA,DET,S,2,,1,2,2025,0.83,1.14,0.12200321496617794,2.6652277509196756,678009,,650402,2,5,Top,,,,,,,-6.306712795573661,-139.8522869543533,-4.289854559906031,12.295402679789309,32.21198283403939,-16.50200883228186,3.41,1.62,,,,95.6,2272,6.1,813057,663728,647304,593871,553993,641487,668227,677594,645302,54.45,,0,0,1,0,0,,35,4,4-Seam Fastball,1,0,0,1,0,1,0,1,Infield shade,Standard,131,0.049,-0.18,72.1,7.5,,0.18,,1,-1,0.659,0.34099999999999997,30,27,30,28,1,2,1,1,3,2,1.34,0.83,0.83,30.1,21.363831089534646,-0.9923788674289886,36.66658579367492,37.90439391716279,25.742895875374384
FS,2025-10-05,87.7,-1.88,5.63,"Arozarena, Randy",668227,640448,,ball,,,,,13,Ball,D,R,R,SEA,DET,B,,,1,2,2025,-0.95,0.3,-0.18071143805755574,0.5934917518217615,,,,0,8,Bot,,,,,,,6.085553438731088,-127.37675572872857,-6.63083319282631,-11.59381518215419,27.4403105096667,-27.71692038202383,3.53082810625844,1.78381427221335,,,,87.7,845,6.5,813057,693307,679529,650402,656716,595879,682985,678009,681481,53.97,,,,,,,,61,4,Split-Finger,2,2,2,2,2,2,2,2,Standard,Standard,227,0.007,0.043,,,,-0.043,,0,0,0.594,0.594,33,30,34,30,1,3,1,1,3,2,2.69,0.95,0.95,53.3,,,,,
FF,2025-10-05,96.3,-2.29,5.21,"Torres, Gleyber",650402,622491,,ball,,,,,12,Ball,D,R,R,SEA,DET,B,,,1,2,2025,-1.28,1.07,1.3250555448776073,3.359923094484917,,,,0,1,Top,,,,,,,12.212684896119884,-139.68220317520047,-1.6977254370381503,-19.501099740242115,31.691615021995375,-17.954177663806895,3.31066447640631,1.57929164422509,,,,94.2,2311,5.3,813057,663728,647304,593871,553993,641487,668227,677594,645302,55.24,,,,,,,,1,4,4-Seam Fastball,0,0,0,0,0,0,0,0,Infield shade,Standard,237,-0.004,0.043,,,,-0.043,,0,0,0.507,0.493,32,28,33,29,1,0,11,1,5,2,1.4,1.28,1.28,18.1,,,,,
FS,2025-10-05,85.6,-0.83,7.1,"Grisham, Trent",663757,702056,strikeout,swinging_strike_blocked,,,,,7,Trent Grisham strikes out swinging.,D,L,R,TOR,NYY,S,2,,1,2,2025,-0.96,0.4,-0.39241852827689183,1.743216804357706,,,,0,1,Top,,,,,,,2.9720253168913056,-124.5453027776912,-7.205546007808322,-10.5706347791164,23.66273230005988,-26.78618070378957,3.62,1.72,,,,85.7,1481,6.3,813062,672386,665489,643396,676391,665926,676914,662139,664702,54.23,,0,0,1,0,0,,1,4,Split-Finger,0,0,0,0,0,0,0,0,Infield shade,Standard,222,0.015,-0.189,69.2,8.8,,0.189,,0,0,0.507,0.493,21,28,22,29,1,0,8,1,8,2,2.69,0.96,-0.96,63.6,24.30734806924569,-50.30495895454301,28.700401933700668,42.55991922829952,53.764526944681904
ST,2025-10-05,85.5,-2.34,5.52,"Springer, George",543807,701542,,ball,,,,,14,Ball,D,R,R,TOR,NYY,B,,,1,1,2025,1.17,0.33,1.4892829254443067,2.0520553468947433,,665926,664702,0,4,Bot,,,,,,,6.6905962206880165,-124.41270998523349,-2.5520732238242454,10.824846895653774,25.26004614310521,-28.424254263776035,3.55689609798489,1.60421910477868,,,,86,3077,6.6,813062,669224,700250,665862,641857,683011,641355,663757,592450,53.89,,,,,,,,32,3,Sweeper,5,0,5,0,0,5,5,0,Strategic,Standard,60,0.001,0.062,,,,-0.062,,5,5,0.962,0.962,26,35,26,36,1,2,9,1,,2,2.79,-1.17,-1.17,26.6,,,,,
SL,2025-10-05,95.1,-2.8,5.45,"Volpe, Anthony",683011,686973,,ball,,,,,14,Ball,D,R,R,TOR,NYY,B,,,0,0,2025,0.07,0.88,1.4709412274472078,1.9654316562041303,,,,1,8,Top,,,,,,,11.136164877734728,-138.04377089132882,-5.4917382284252705,-1.6273458229013993,30.625281413495077,-19.79819011126595,3.53858719136306,1.6848301108955,,,,95.9,2411,6.9,813062,672386,665489,643396,676391,665926,664702,662139,664770,53.64,,,,,,,,73,1,Slider,13,7,7,13,7,13,7,13,Standard,Standard,200,0,0.039,,,,-0.039,,6,-6,0.995,0.0050000000000000044,27,24,28,24,1,3,1,1,2,2,1.65,-0.07,-0.07,40.7,,,,,
FF,2025-10-05,96.9,0.43,6.6,"Stanton, Giancarlo",519317,680755,,ball,,,,,12,Ball,D,R,R,TOR,NYY,B,,,1,1,2025,-0.31,1.54,0.599175743043399,4.588981718655089,,,700250,2,6,Top,,,,,,,1.139729042802553,-141.06462373537178,-3.263924113794226,-4.429011342156158,34.659137473198335,-11.197241979983255,3.97020859426538,1.97742981140929,,,,95.2,2350,5.5,813062,672386,665489,643396,676391,665926,676914,662139,664702,55.01,,,,,,,,52,3,4-Seam Fastball,12,2,2,12,2,12,2,12,Standard,Standard,204,0,0.054,,,,-0.054,,10,-10,0.999,0.0010000000000000009,24,35,25,36,1,2,7,1,2,2,0.9,0.31,0.31,48.6,,,,,
ST,2025-10-05,79.1,3.18,5.02,"Grisham, Trent",663757,677865,field_out,hit_into_play,,,,,7,"Trent Grisham grounds out, first baseman Vladimir Guerrero Jr. to pitcher Justin Bruihl.",D,L,L,TOR,NYY,X,3,ground_ball,0,2,2025,-1.67,-0.14,-0.6369106912047375,2.2821385692825764,,,,1,6,Top,147.45,167.3,,,,,-5.260029209748275,-115.02875150883737,1.2153643348780117,-13.50038677602197,24.81331552198411,-33.88896957595385,3.62,1.72,13,77,-9,79.3,2657,6.8,813062,672386,665489,643396,676391,665926,676914,662139,664702,53.65,0.062,0.06,0,1,0,0,2,48,3,Sweeper,12,0,0,12,0,12,0,12,Infield shade,Standard,308,0,-0.163,70.9,7.4,0.063,0.163,88.0,12,-12,0.999,0.0010000000000000009,28,28,28,29,1,2,8,1,,2,3.83,-1.67,-1.67,30.9,5.039102060546832,-4.004538035974691,28.689796269107738,46.328519378367496,33.60979706616469
SI,2025-10-05,94.6,-1.01,6.18,"Judge, Aaron",592450,667297,single,hit_into_play,,,,,11,Aaron Judge singles on a fly ball to center fielder Daulton Varsho. Ryan McMahon scores. Paul Goldschmidt to 3rd. Trent Grisham to 2nd.,D,R,R,TOR,NYY,X,8,fly_ball,1,1,2025,-1.18,1.05,-1.0336602916484776,2.987305263889705,641857,502671,663757,1,7,Top,125.98,91.87,,,,,2.5435235895932,-137.71204229490561,-4.999402675738348,-15.547384286590722,30.241154152904425,-17.880641784514257,4.09,1.85,242,73.6,30,94.4,2377,6.1,813062,672386,665489,643396,676391,665926,664702,662139,664770,54.36,0.476,0.428,0.9,1,1,0,3,63,3,Sinker,13,2,2,13,3,13,3,13,Standard,Standard,219,-0.002,0.461,,,0.506,-0.461,88.0,11,-11,0.998,0.0020000000000000018,34,33,34,33,1,3,8,1,2,2,1.49,1.18,1.18,44.1,,,,,
SL,2025-10-05,83.4,2.07,5.94,"McMahon, Ryan",641857,641778,single,hit_into_play,,,,,8,Ryan McMahon singles on a ground ball to right fielder Nathan Lukes.,D,L,L,TOR,NYY,X,9,ground_ball,1,1,2025,-0.33,0.1,0.163216743773043,2.2047212867119272,,,,0,7,Top,171.28,105.45,,,,,-3.740284613560067,-121.58588630714758,-2.461153024625089,-2.696311910774743,19.944524807772943,-30.957499040246994,3.56,1.67,65,100.4,2,84.1,2235,6.3,813062,672386,665489,643396,676391,665926,664702,662139,664770,54.23,0.466,0.429,0.9,1,1,0,4,59,3,Slider,13,2,2,13,2,13,2,13,Infield shade,Standard,200,0,0.447,72.5,7.0,0.512,-0.447,100.4,11,-11,0.999,0.0010000000000000009,30,30,30,31,1,2,7,1,3,2,3.12,-0.33,-0.33,35.2,9.679704101956778,6.669261148081619,38.55940633968454,36.95286859465007,27.21464842257172
FS,2025-10-05,86.7,-1.79,5.58,"Grisham, Trent",663757,622554,,ball,,,,,13,Ball,D,L,R,TOR,NYY,B,,,0,2,2025,-0.98,-0.19,-1.361564615222605,1.2132410601233374,,,,0,9,Top,,,,,,,3.0424117232232306,-126.14100531191156,-3.782658505500506,-11.090613406503238,29.1023761685106,-33.528762763119104,3.60510862710019,1.80818934343584,,,,86.5,907,6.5,813062,672386,665489,643396,676391,665926,664702,662139,664770,54,,,,,,,,78,3,Split-Finger,13,7,7,13,7,13,7,13,Infield shade,Standard,260,0,0.024,,,,-0.024,,6,-6,0.998,0.0020000000000000018,30,28,31,29,1,4,1,1,3,2,3.26,0.98,-0.98,33.7,,,,,
FC,2025-10-05,96.9,1.12,5.98,"Springer, George",543807,608331,field_out,hit_into_play,,,,,8,"George Springer grounds out, third baseman Ryan McMahon to first baseman Ben Rice.",D,R,L,TOR,NYY,X,5,ground_ball,1,1,2025,-0.07,0.64,-0.027452806415266675,2.0434929349190223,,,,0,1,Bot,100.84,154.22,,,,,-2.9157640921647,-140.97475732300546,-6.463623789609207,-0.33159786643047884,31.74512574278937,-22.349411626280567,3.58,1.65,5,95.8,-21,97.2,2262,6.4,813062,669224,700250,665862,641857,683011,641355,663757,592450,54.06,0.093,0.088,0,1,0,0,2,5,3,Cutter,0,0,0,0,0,0,0,0,Strategic,Standard,151,-0.021,-0.251,78.9,7.5,0.094,0.251,95.8,0,0,0.547,0.547,31,35,31,36,1,0,5,1,,2,1.78,-0.07,0.07,44.9,1.0164747598998722,6.705723531954895,41.408954288557815,35.037130925728626,15.536371212425742
CH,2025-10-05,88.5,1.87,6.06,"Arozarena, Randy",668227,669373,single,hit_into_play,,,,,8,Randy Arozarena singles on a ground ball to center fielder Parker Meadows.,D,R,L,SEA,DET,X,8,ground_ball,1,1,2025,1.14,0.66,0.23333942242519545,1.8426074114800681,,,,0,1,Bot,125.08,81.5,,,,,-6.394341864127061,-128.74307598768166,-5.612696416942877,14.048813263275402,26.397800767454044,-23.89258480369552,3.4,1.68,10,107.2,-10,88.8,1751,6.5,813057,693307,679529,650402,656716,595879,682985,678009,681481,54.01,0.341,0.307,0.9,1,1,0,2,5,3,Changeup,0,0,0,0,0,0,0,0,Infield shade,Standard,136,0.036,0.447,71.3,7.1,0.363,-0.447,107.2,0,0,0.547,0.547,28,30,29,30,1,0,5,1,5,2,2.25,1.14,-1.14,45.9,-1.2672307238275837,12.442964438049582,27.39682244560699,35.80159394512802,27.854898347075906
SL,2025-10-05,85.2,-2.51,5.13,"Torres, Gleyber",650402,666374,,foul,,,,,2,Foul,D,R,R,SEA,DET,S,,,1,1,2025,1.47,0.13,-0.09083725616840654,3.05597523228968,,,,0,8,Top,,,,,,,2.7093464727506897,-124.0629504205765,1.2299734115347079,14.471213473733814,27.85352546256545,-31.346961699691935,3.24,1.51,174,78.3,62,84.8,2931,6.2,813057,663728,647304,593871,553993,641487,668227,677594,645302,54.26,,,,,,,,55,3,Slider,2,0,0,2,0,2,0,2,Infield shade,Standard,60,0.009,-0.061,68.4,6.8,,0.061,88.0,2,-2,0.864,0.136,27,28,27,29,1,3,1,1,2,2,3.04,-1.47,-1.47,28.3,16.853433849911447,6.603780851435966,27.855842045376047,35.279910795396574,30.61233068391608
SL,2025-10-05,85.1,-2.82,5.25,"McKinstry, Zach",656716,662253,strikeout,swinging_strike_blocked,,,,,14,Zach McKinstry strikes out swinging.,D,L,R,SEA,DET,S,2,,0,2,2025,0.75,0.21,1.2049659832607937,0.8752554875178622,,,,0,9,Top,,,,,,,7.949862034444787,-123.68979841879487,-4.369054796741724,6.09439772830655,24.36645180948717,-29.384526256748632,3.28,1.52,,,,85.3,2345,6.4,813057,663728,647304,660844,553993,641487,668227,677594,645302,54.06,,0,0,1,0,0,,67,3,Slider,3,2,2,3,2,3,2,3,Strategic,Standard,93,0.044,-0.165,60.1,7.6,,0.165,,1,-1,0.864,0.136,26,30,26,30,1,3,1,1,2,2,2.95,-0.75,0.75,29.4,24.320304234094404,-26.152127107902242,45.03799336125749,20.863291138649934,42.57669890105066
SI,2025-10-05,95.9,-1.95,5.59,"Dingler, Dillon",693307,660825,field_out,hit_into_play,,,,,4,"Dillon Dingler grounds out softly, first baseman Josh Naylor to pitcher Eduard Bazardo.",D,R,R,SEA,DET,X,3,ground_ball,0,2,2025,-1.49,0.67,-0.7388481345048405,2.5789718963246546,,,,0,7,Top,134.93,182.61,,,,,6.494003182452255,-139.5197172734988,-3.843296307488939,-20.94225222138785,32.026227506918346,-22.687273291820627,3.38,1.51,33,45.4,3,94.7,2163,5.7,813057,663728,647304,593871,553993,641487,668227,677594,645302,54.84,0.142,0.132,0,1,0,0,1,47,3,Sinker,2,0,0,2,0,2,0,2,Infield shade,Standard,225,0.02,-0.165,64.9,6.3,0.143,0.165,88.0,2,-2,0.829,0.17100000000000004,29,26,30,27,1,2,1,1,2,2,1.81,1.49,1.49,37.7,-12.134756765912176,14.522628310229708,46.18824372426646,28.307978043361977,16.11021407084215
FF,2025-10-05,95.8,1.72,5.44,"Carpenter, Kerry",681481,642100,,ball,,,,,11,Ball,D,L,L,SEA,DET,B,,,0,2,2025,0.8,1.27,-1.1050468394046202,5.157761807642174,678009,,650402,2,5,Top,,,,,,,-9.225203498942825,-139.27570727113172,1.9970992419625653,12.540222833182664,31.155179655785695,-16.306723523522475,3.46457937279004,1.65887377442251,,,,95.2,2286,6,813057,663728,647304,593871,553993,641487,668227,677594,645302,54.52,,,,,,,,35,3,4-Seam Fastball,1,0,0,1,0,1,0,1,Infield shade,Standard,133,-0.007,0.007,,,,-0.007,,1,-1,0.666,0.33399999999999996,30,27,30,28,1,2,1,1,3,2,1.22,0.8,0.8,31.3,,,,,
FS,2025-10-05,86.8,-1.81,5.73,"Arozarena, Randy",668227,640448,,swinging_strike,,,,,7,Swinging Strike,D,R,R,SEA,DET,S,,,1,1,2025,-1.02,0.75,-0.6802188080060435,1.9786563050331238,,,,0,8,Bot,,,,,,,4.805650916856495,-126.21883755148235,-4.2937350395681415,-11.936065325847512,27.39961734527569,-23.42950149594186,3.4,1.68,,,,86.8,885,6.5,813057,693307,679529,650402,656716,595879,682985,678009,681481,54.01,,,,,,,,61,3,Split-Finger,2,2,2,2,2,2,2,2,Standard,Standard,233,-0.012,-0.061,75.4,7.6,,0.061,,0,0,0.606,0.606,33,30,34,30,1,3,1,1,3,2,2.29,1.02,1.02,56.5,8.536297652608814,-13.365219709340373,36.57603403873081,23.93530686885787,27.845731827172322
FF,2025-10-05,96.5,-2.28,5.21,"Torres, Gleyber",650402,622491,,swinging_strike,,,,,11,Swinging Strike,D,R,R,SEA,DET,S,,,1,1,2025,-1.2,0.94,-1.1311118129226834,3.3707030314537665,,,,0,1,Top,,,,,,,5.679998955612254,-140.3672190861949,-1.4084279409912335,-17.207176248345096,33.8971584804707,-19.656986939919875,3.24,1.51,,,,94.5,2250,5.3,813057,663728,647304,593871,553993,641487,668227,677594,645302,55.2,,,,,,,,1,3,4-Seam Fastball,0,0,0,0,0,0,0,0,Infield shade,Standard,232,0.006,-0.061,58.4,5.2,,0.061,,0,0,0.501,0.499,32,28,33,29,1,0,11,1,5,2,1.52,1.2,1.2,20.5,-12.424541687922941,30.477959355616402,39.40969703132163,21.874595760520926,15.579079043135025
ST,2025-10-05,80.4,3.88,5.97,"Naylor, Josh",647304,676428,,ball,,,,,13,Ball,D,L,L,SEA,DET,B,,,0,2,2025,-0.95,0.08,-1.8603819615598425,0.7986389338819384,,660844,553993,2,8,Bot,,,,,,,-10.727152296818328,-116.56139057178616,-4.785869142228668,-6.530798954801317,23.144349967130186,-30.69520418748423,3.15670116453219,1.59179789046944,,,,78.9,2540,5.6,813057,693307,679529,650402,656716,595879,682985,678009,681481,54.9,,,,,,,,66,3,Sweeper,3,2,3,2,2,3,3,2,Infield shade,Standard,289,0.003,0.012,,,,-0.012,,1,1,0.851,0.851,26,28,27,28,1,3,1,1,2,2,3.49,-0.95,-0.95,29.2,,,,,
FS,2025-10-05,85.5,-0.45,7.11,"Grisham, Trent",663757,702056,,swinging_strike,,,,,13,Swinging Strike,D,L,R,TOR,NYY,S,,,1,1,2025,-1.08,0.56,-0.4375689026530103,1.2087526829393718,,,,0,1,Top,,,,,,,2.203941471643819,-124.37461908135133,-8.774135289755135,-11.679340782389652,24.086806752067744,-24.798853803876852,3.62,1.72,,,,85.6,1552,6.3,813062,672386,665489,643396,676391,665926,676914,662139,664702,54.2,,,,,,,,1,3,Split-Finger,0,0,0,0,0,0,0,0,Standard,Standard,213,0.006,-0.061,65.2,9.1,,0.061,,0,0,0.501,0.499,21,28,22,29,1,0,8,1,8,2,2.55,1.08,-1.08,61.8,21.530994013502003,-41.656269111854954,34.140437260070534,43.14360762929138,46.271666129664695
SI,2025-10-05,95,-2.55,5.54,"Springer, George",543807,701542,,ball,,,,,13,Ball,D,R,R,TOR,NYY,B,,,0,1,2025,-1.46,0.24,-1.098581729961551,2.5264239831829736,,665926,664702,0,4,Bot,,,,,,,7.086966882550431,-138.20256974049255,-2.758700791982732,-20.256623010429188,31.895587622370414,-28.659683385580166,3.57242929588076,1.5928270865384,,,,95.3,2422,6.5,813062,669224,700250,665862,641857,683011,641355,663757,592450,53.95,,,,,,,,32,2,Sinker,5,0,5,0,0,5,5,0,Strategic,Standard,231,0.001,0.028,,,,-0.028,,5,5,0.961,0.961,26,35,26,36,1,2,9,1,,2,2.29,1.46,1.46,25.8,,,,,
ST,2025-10-05,83.6,3.34,5.73,"Chisholm Jr., Jazz",665862,689254,field_out,hit_into_play,,,,,13,Jazz Chisholm Jr. grounds out to first baseman Vladimir Guerrero Jr.,D,L,L,TOR,NYY,X,3,ground_ball,0,1,2025,-1.09,0.23,-0.4329950701338582,1.5367310758184263,,,519317,2,7,Top,148.47,175.41,,,,,-6.6241440949548815,-121.52424521654167,-3.6637518245055314,-9.414434702752622,25.291060521100704,-29.38444065467802,3.69,1.72,5,73.1,-15,84.5,2767,7.1,813062,672386,665489,643396,676391,665926,664702,662139,664770,53.45,0.056,0.055,0,1,0,0,2,67,2,Sweeper,13,7,7,13,7,13,7,13,Standard,Standard,297,0.003,-0.229,61.2,8.0,0.059,0.229,88.0,6,-6,0.99,0.010000000000000009,23,27,24,27,1,3,7,1,2,2,3.06,-1.09,-1.09,38.2,15.8146162505708,-7.470734089304727,32.78946858485476,37.44366567782112,32.8937602646975
CH,2025-10-05,93,-2.93,5.37,"McMahon, Ryan",641857,686973,field_out,hit_into_play,,,,,13,"Ryan McMahon bunt grounds out, pitcher Louis Varland to first baseman Vladimir Guerrero Jr.",D,L,R,TOR,NYY,X,1,ground_ball,1,0,2025,-0.99,0,-0.08925312101587524,1.3411767605622922,,,,0,8,Top,127.64,195.22,,,,,9.485441093345875,-135.12387321221382,-4.591207143913835,-14.140301324984634,28.19825284303199,-31.347980604823626,3.56,1.67,0,30.3,-79,93.5,1664,6.6,813062,672386,665489,643396,676391,665926,664702,662139,664770,53.95,0.153,0.144,0,1,0,0,1,72,2,Changeup,13,7,7,13,7,13,7,13,Standard,Standard,238,0.004,0.058,11.1,2.2,0.153,-0.058,88.0,6,-6,0.991,0.009000000000000008,27,30,28,31,1,3,1,1,2,2,2.63,0.99,-0.99,32.6,-59.971503504045316,-103.16773818264929,58.70639661762021,39.770941185749315,19.537220268991234
SL,2025-10-05,88.2,0.24,6.55,"Stanton, Giancarlo",519317,680755,,swinging_strike,,,,,14,Swinging Strike,D,R,R,TOR,NYY,S,,,1,0,2025,0.03,0.33,0.7641215600184548,1.6551731712382418,,,700250,2,6,Top,,,,,,,1.1983725919755082,-128.4825738405552,-6.488856871165179,0.12215321823228659,24.816279173533086,-27.467693651676406,3.8,1.83,,,,87.6,2312,5.7,813062,672386,665489,643396,676391,665926,676914,662139,664702,54.83,,,,,,,,52,2,Slider,12,2,2,12,2,12,2,12,Standard,Standard,206,0,-0.05,79.3,9.9,,0.05,,10,-10,0.999,0.0010000000000000009,24,35,25,36,1,2,7,1,2,2,2.58,-0.03,-0.03,46.4,20.351091282067962,-17.25782619439187,29.652648086675455,52.36772407877805,31.73211053109113
ST,2025-10-05,78.4,3.41,4.94,"Grisham, Trent",663757,677865,,called_strike,,,,,5,Called Strike,D,L,L,TOR,NYY,S,,,0,1,2025,-1.84,-0.21,-0.2641460202356143,2.3875312982487285,,,,1,6,Top,,,,,,,-4.557392450876535,-113.97990789575324,1.8654504783136008,-14.932466916326764,23.91644066421,-34.66672091766203,3.39588317219156,1.6557395442757,,,,78.6,2675,6.8,813062,672386,665489,643396,676391,665926,676914,662139,664702,53.67,,,,,,,,48,2,Sweeper,12,0,0,12,0,12,0,12,Standard,Standard,302,0,-0.052,,,,0.052,,12,-12,0.999,0.0010000000000000009,28,28,28,29,1,2,8,1,,2,3.97,-1.84,-1.84,29.2,,,,,
CU,2025-10-05,84.9,-0.97,6.45,"Judge, Aaron",592450,667297,,ball,,,,,13,Ball,D,R,R,TOR,NYY,B,,,0,1,2025,0.91,-1.08,-1.1630299239978628,3.0358773981464853,641857,502671,663757,1,7,Top,,,,,,,-2.2537084264921967,-123.52300121474634,0.5478838788781502,9.778175232295919,26.6696261230725,-43.493104841751105,4.1782610655766,1.94647364773691,,,,84,2958,5.9,813062,672386,665489,643396,676391,665926,664702,662139,664770,54.59,,,,,,,,63,2,Curveball,13,2,2,13,2,13,2,13,Standard,Standard,21,0,0.034,,,,-0.034,,11,-11,0.998,0.0020000000000000018,34,33,34,33,1,3,8,1,2,2,4.26,-0.91,-0.91,54.5,,,,,
FF,2025-10-05,93.1,1.98,5.86,"McMahon, Ryan",641857,641778,,ball,,,,,11,Ball,D,L,L,TOR,NYY,B,,,0,1,2025,0.61,1.15,-1.0238391894125838,2.697338621375036,,,,0,7,Top,,,,,,,-9.029086558175358,-135.37263577815892,-4.916383871759755,9.285370672857345,26.097425134775065,-17.104808274677154,3.66012761832376,1.65479327240708,,,,93.4,2253,6.3,813062,672386,665489,643396,676391,665926,664702,662139,664770,54.24,,,,,,,,59,2,4-Seam Fastball,13,2,2,13,2,13,2,13,Infield shade,Standard,138,0,0.031,,,,-0.031,,11,-11,0.999,0.0010000000000000009,30,30,30,31,1,2,7,1,3,2,1.46,0.61,0.61,34.8,,,,,
FS,2025-10-05,84.8,-1.8,5.6,"Grisham, Trent",663757,622554,,foul,,,,,14,Foul,D,L,R,TOR,NYY,S,,,0,1,2025,-0.51,0,1.0238267209839833,2.1564153581062757,,,,0,9,Top,,,,,,,7.619662302145358,-123.1435146565562,-1.6045604077415878,-6.865559313231741,27.649047042598855,-32.083361633948705,3.62,1.72,286,84.6,34,84.4,973,6.4,813062,672386,665489,643396,676391,665926,664702,662139,664770,54.07,,,,,,,,78,2,Split-Finger,13,7,7,13,7,13,7,13,Standard,Standard,269,0.001,-0.055,64.7,7.3,,0.055,88.0,6,-6,0.997,0.0030000000000000027,30,28,31,29,1,4,1,1,3,2,3.22,0.51,-0.51,31.0,16.811260023617873,-27.03275508846397,26.302847538449985,26.499548537023983,36.31511518985058
FC,2025-10-05,94,1.27,5.95,"Springer, George",543807,608331,,foul,,,,,8,Foul,D,R,L,TOR,NYY,S,,,1,0,2025,-0.04,0.83,-0.1468997104713376,2.038638773787313,,,,0,1,Bot,,,,,,,-3.58405394101897,-136.70040775801672,-6.262320760127507,0.26070319975941975,31.066180374208837,-20.601955650386124,3.58,1.65,3,78.5,-36,94.4,2308,6.6,813062,669224,700250,665862,641857,683011,641355,663757,592450,53.88,,,,,,,,5,2,Cutter,0,0,0,0,0,0,0,0,Strategic,Standard,162,-0.004,-0.05,72.8,8.0,,0.05,88.0,0,0,0.551,0.551,31,35,31,36,1,0,5,1,,2,1.76,-0.04,0.04,46.3,16.725099567649043,-0.8764867503210262,37.136686340572886,34.99976224351195,21.006777183477205
SL,2025-10-05,85.1,-2.44,4.88,"Torres, Gleyber",650402,622491,,swinging_strike,,,,,14,Swinging Strike,D,R,R,SEA,DET,S,,,1,0,2025,0.21,0.09,1.481786767729385,1.8033180746782844,,,,0,1,Top,,,,,,,8.60693085982184,-123.74522554696438,-1.1465715866977226,0.6363352414431571,22.126278412850354,-31.211679668289566,3.24,1.51,,,,83.9,2432,5.3,813057,663728,647304,593871,553993,641487,668227,677594,645302,55.19,,,,,,,,1,2,Slider,0,0,0,0,0,0,0,0,Infield shade,Standard,70,0.005,-0.05,29.8,7.2,,0.05,,0,0,0.496,0.504,32,28,33,29,1,0,11,1,5,2,3.03,-0.21,-0.21,14.0,14.56464547608538,6.38767544154464,35.98720913125317,54.09293801869566,29.606522723212848
SI,2025-10-05,91,3.73,5.97,"Naylor, Josh",647304,676428,,foul,,,,,5,Foul,D,L,L,SEA,DET,S,,,0,1,2025,1.61,0.38,0.13469084415602017,2.6979691906801544,,660844,553993,2,8,Bot,,,,,,,-12.283257466223928,-131.78061971719555,-2.933984400351325,21.56497429050022,32.40256035200205,-27.287187237931295,3.23,1.54,148,71,65,89,2057,5.7,813057,693307,679529,650402,656716,595879,682985,678009,681481,54.8,,,,,,,,66,2,Sinker,3,2,3,2,2,3,3,2,Infield shade,Standard,122,-0.007,-0.057,69.4,7.3,,0.057,88.0,1,1,0.858,0.858,26,28,27,28,1,3,1,1,2,2,2.44,1.61,1.61,28.3,3.6567484694929506,-1.4903474831069088,33.99187902365877,32.44976094994965,17.840769310316773
SI,2025-10-05,97.1,1.66,6.09,"Arozarena, Randy",668227,669373,,called_strike,,,,,4,Called Strike,D,R,L,SEA,DET,S,,,1,0,2025,1,0.99,-0.4170563294133407,2.4314995775322368,,,,0,1,Bot,,,,,,,-7.886256199880521,-141.02372612491249,-6.5272059560577524,15.221412882765957,33.31253100805344,-17.573076696032608,3.5213422262359,1.77800353761835,,,,97.1,2242,6.5,813057,693307,679529,650402,656716,595879,682985,678009,681481,54,,,,,,,,5,2,Sinker,0,0,0,0,0,0,0,0,Infield shade,Standard,156,-0.004,-0.05,,,,0.05,,0,0,0.551,0.551,28,30,29,30,1,0,5,1,5,2,1.44,1,-1,50.7,,,,,
SL,2025-10-05,86.6,-2.54,5.27,"Torres, Gleyber",650402,666374,,called_strike,,,,,3,Called Strike,D,R,R,SEA,DET,S,,,1,0,2025,0.92,0.13,0.3465614813122938,3.1138126313491723,,,,0,8,Top,,,,,,,5.01947990513217,-126.00634952480962,0.8772522978880459,8.470492665450982,29.589854183996415,-31.236186099049014,3.3119607450541,1.64398227978786,,,,86.1,2865,6.3,813057,663728,647304,593871,553993,641487,668227,677594,645302,54.16,,,,,,,,55,2,Slider,2,0,0,2,0,2,0,2,Infield shade,Standard,53,0.009,-0.05,,,,0.05,,2,-2,0.855,0.14500000000000002,27,28,27,29,1,3,1,1,2,2,2.95,-0.92,-0.92,28.3,,,,,
SL,2025-10-05,84,-2.83,5.31,"McKinstry, Zach",656716,662253,,swinging_strike,,,,,14,Swinging Strike,D,L,R,SEA,DET,S,,,0,1,2025,0.7,-0.08,0.7772804871154142,1.219356584194892,,,,0,9,Top,,,,,,,6.98410645608958,-122.19420831385229,-2.9210100878878684,5.641597547860291,23.491692602716725,-32.62041334301044,3.28,1.52,,,,84.1,2307,6.3,813057,663728,647304,660844,553993,641487,668227,677594,645302,54.16,,,,,,,,67,2,Slider,3,2,2,3,2,3,2,3,Standard,Standard,82,0.018,-0.055,68.3,7.6,,0.055,,1,-1,0.846,0.15400000000000003,26,30,26,30,1,3,1,1,2,2,3.31,-0.7,0.7,28.4,20.695942793980063,-19.641404204534048,42.961292561637336,25.033784810796597,37.095095857325745
ST,2025-10-05,82.1,-2.42,5.67,"Dingler, Dillon",693307,660825,,called_strike,,,,,1,Called Strike,D,R,R,SEA,DET,S,,,0,1,2025,1.22,-0.07,-0.37394211675042,2.9565977378607142,,,,0,7,Top,,,,,,,2.244137276298223,-119.4803311669037,0.546007506941862,11.1153436059439,24.786478022464102,-33.13755934136212,3.50343804270944,1.5755697142562,,,,80.7,2616,5.5,813057,663728,647304,593871,553993,641487,668227,677594,645302,55,,,,,,,,47,2,Sweeper,2,0,0,2,0,2,0,2,Infield shade,Standard,49,0.009,-0.055,,,,0.055,,2,-2,0.82,0.18000000000000005,29,26,30,27,1,2,1,1,2,2,3.47,-1.22,-1.22,39.6,,,,,
SI,2025-10-05,96,1.99,5.39,"Carpenter, Kerry",681481,642100,,called_strike,,,,,9,Called Strike,D,L,L,SEA,DET,S,,,0,1,2025,1.57,0.71,0.4503523127624043,1.9154907526829916,678009,,650402,2,5,Top,,,,,,,-7.573586256652596,-139.47310771553384,-5.1534002228666695,22.20841851581613,32.06420873195118,-21.931165140125007,3.44415500885331,1.77644776103092,,,,95.4,2164,6.1,813057,663728,647304,593871,553993,641487,668227,677594,645302,54.43,,,,,,,,35,2,Sinker,1,0,0,1,0,1,0,1,Infield shade,Standard,131,0.018,-0.056,,,,0.056,,1,-1,0.648,0.352,30,27,30,28,1,2,1,1,3,2,1.78,1.57,1.57,29.9,,,,,
FF,2025-10-05,97.6,-1.46,5.73,"Arozarena, Randy",668227,640448,,ball,,,,,14,Ball,D,R,R,SEA,DET,B,,,0,1,2025,-0.85,1.67,0.8810719717275272,1.9696354080017124,,,,0,8,Bot,,,,,,,8.244558844688019,-141.60514400468827,-8.382728481422962,-13.429622784779454,36.50050261137999,-7.9124866329613965,3.6068961092565,1.82680167707953,,,,97.1,2378,6.4,813057,693307,679529,650402,656716,595879,682985,678009,681481,54.06,,,,,,,,61,2,4-Seam Fastball,2,2,2,2,2,2,2,2,Standard,Standard,204,0.005,0.031,,,,-0.031,,0,0,0.601,0.601,33,30,34,30,1,3,1,1,3,2,0.76,0.85,0.85,54.1,,,,,
FF,2025-10-05,95.3,-0.53,7.01,"Grisham, Trent",663757,702056,,ball,,,,,13,Ball,D,L,R,TOR,NYY,B,,,0,1,2025,-0.33,1.67,-0.5900574526746962,0.22030378869467382,,,,0,1,Top,,,,,,,0.5780321427843789,-137.9179175484958,-15.753184874930056,-4.344299273013677,33.6508134813223,-7.435535223905955,3.64809126284907,1.87339357749777,,,,94.4,2333,6.3,813062,672386,665489,643396,676391,665926,676914,662139,664702,54.2,,,,,,,,1,2,4-Seam Fastball,0,0,0,0,0,0,0,0,Standard,Standard,197,-0.002,0.031,,,,-0.031,,0,0,0.503,0.497,21,28,22,29,1,0,8,1,8,2,0.89,0.33,-0.33,67.5,,,,,
SI,2025-10-05,95.5,-2.5,5.37,"Springer, George",543807,701542,,called_strike,,,,,8,Called Strike,D,R,R,TOR,NYY,S,,,0,0,2025,-1.42,0.17,-0.21897142065617947,1.863865994710019,,665926,664702,0,4,Bot,,,,,,,9.278705284546362,-138.6662445572262,-3.954444526393479,-20.482539470936413,32.24515732131344,-29.24863634288487,3.64782635671827,1.5973920429716,,,,95.9,2351,6.7,813062,669224,700250,665862,641857,683011,641355,663757,592450,53.78,,,,,,,,32,1,Sinker,5,0,5,0,0,5,5,0,Strategic,Standard,235,-0.001,-0.053,,,,0.053,,5,5,0.962,0.962,26,35,26,36,1,2,9,1,,2,2.35,1.42,1.42,31.7,,,,,
ST,2025-10-05,82.3,3.61,5.58,"Chisholm Jr., Jazz",665862,689254,,swinging_strike,,,,,7,Swinging Strike,D,L,L,TOR,NYY,S,,,0,0,2025,-1.35,0.3,-0.6259537239694763,1.7295162912609232,,,519317,2,7,Top,,,,,,,-7.055197570665193,-119.66372092697696,-2.7382620910935485,-11.419773894706118,25.18433918195578,-28.98285618701526,3.69,1.72,,,,82.9,2735,6.9,813062,672386,665489,643396,676391,665926,664702,662139,664770,53.58,,,,,,,,67,1,Sweeper,13,7,7,13,7,13,7,13,Standard,Standard,296,0,-0.042,69.0,8.7,,0.042,,6,-6,0.99,0.010000000000000009,23,27,24,27,1,3,7,1,2,2,3.1,-1.35,-1.35,37.1,24.515999569093562,-34.68657934489055,32.45484399326185,38.99513752753951,51.958446908221575
SI,2025-10-05,98.3,-3.1,5.42,"McMahon, Ryan",641857,686973,,ball,,,,,1,Ball,D,L,R,TOR,NYY,B,,,0,0,2025,-1.07,1.23,-0.7125443607045066,3.739392742374044,,,,0,8,Top,,,,,,,9.073929321713356,-142.79113628650805,-1.911347886366999,-16.798701903562353,35.02769188585829,-15.12781895636208,3.63730387992137,1.67058099089303,,,,99.1,2257,7,813062,672386,665489,643396,676391,665926,664702,662139,664770,53.5,,,,,,,,72,1,Sinker,13,7,7,13,7,13,7,13,Standard,Standard,224,-0.001,0.041,,,,-0.041,,6,-6,0.992,0.008000000000000007,27,30,28,31,1,3,1,1,2,2,1.15,1.07,-1.07,35.4,,,,,
CU,2025-10-05,83,0.28,6.57,"Stanton, Giancarlo",519317,680755,,blocked_ball,,,,,13,Ball In Dirt,D,R,R,TOR,NYY,B,,,0,0,2025,0,-1.18,-0.16209453028878065,0.8226410505827122,,,700250,2,6,Top,,,,,,,-1.0009370691469925,-120.81308131011048,-4.306927892792603,0.2115789650780026,24.535602329923506,-43.08688867003642,3.90031898581583,1.90704007974464,,,,81.7,2570,5.5,813062,672386,665489,643396,676391,665926,676914,662139,664702,55,,,,,,,,52,1,Curveball,12,2,2,12,2,12,2,12,Standard,Standard,23,0,0.035,,,,-0.035,,10,-10,0.999,0.0010000000000000009,24,35,25,36,1,2,7,1,2,2,4.5,0,0,50.9,,,,,
FC,2025-10-05,88.1,3.05,5.35,"Grisham, Trent",663757,677865,,called_strike,,,,,8,Called Strike,D,L,L,TOR,NYY,S,,,0,0,2025,-0.13,0.73,0.10790933668314732,2.174319933898402,,,,1,6,Top,,,,,,,-6.910171398788239,-128.23215316393964,-3.186010548323072,-0.1258005928041768,25.177081454431114,-23.606546820295385,3.56329852077047,1.86871013412959,,,,88.8,2476,6.6,813062,672386,665489,643396,676391,665926,676914,662139,664702,53.88,,,,,,,,48,1,Cutter,12,0,0,12,0,12,0,12,Standard,Standard,137,0,-0.039,,,,0.039,,12,-12,0.999,0.0010000000000000009,28,28,28,29,1,2,8,1,,2,2.19,-0.13,-0.13,34.5,,,,,
SL,2025-10-05,89.9,-1.34,6.03,"Judge, Aaron",592450,667297,,foul,,,,,9,Foul,D,R,R,TOR,NYY,S,,,0,0,2025,-0.01,0.34,0.7156972798204342,2.431901657481743,641857,502671,663757,1,7,Top,,,,,,,5.103948951012888,-130.90397391960502,-3.7053205009971206,-1.0640011774671105,24.51459202719053,-27.75404388639078,4.09,1.85,189,66.6,40,90,2877,6.1,813062,672386,665489,643396,676391,665926,664702,662139,664770,54.42,,,,,,,,63,1,Slider,13,2,2,13,2,13,2,13,Standard,Standard,200,0,-0.05,71.8,8.6,,0.05,88.0,11,-11,0.998,0.0020000000000000018,34,33,34,33,1,3,8,1,2,2,2.45,0.01,0.01,37.9,14.311382713429785,-15.860195710899308,36.1350669685674,49.24910554590515,34.0802706760296
FF,2025-10-05,91.8,2.03,5.78,"McMahon, Ryan",641857,641778,,called_strike,,,,,8,Called Strike,D,L,L,TOR,NYY,S,,,0,0,2025,0.65,1.08,-0.17524668494690088,1.7525833467979235,,,,0,7,Top,,,,,,,-6.974015981344916,-133.48010261250047,-6.735161124018342,9.112976912362896,25.022104331747627,-17.96163134071532,3.64673633667216,1.64092682094176,,,,92.1,2225,6.2,813062,672386,665489,643396,676391,665926,664702,662139,664770,54.27,,,,,,,,59,1,4-Seam Fastball,13,2,2,13,2,13,2,13,Infield shade,Standard,141,0,-0.039,,,,0.039,,11,-11,0.999,0.0010000000000000009,30,30,30,31,1,2,7,1,3,2,1.6,0.65,0.65,39.6,,,,,
FF,2025-10-05,97.8,-2.05,5.38,"Grisham, Trent",663757,622554,,called_strike,,,,,4,Called Strike,D,L,R,TOR,NYY,S,,,0,0,2025,-0.49,1.16,-0.6774395531412645,2.8095385543619704,,,,0,9,Top,,,,,,,4.847669245125722,-142.3145789989062,-4.106334343638268,-7.8608644175159545,33.79778995297104,-15.629078903612177,3.6154417480384,1.79459487143405,,,,97.6,2213,6.2,813062,672386,665489,643396,676391,665926,664702,662139,664770,54.26,,,,,,,,78,1,4-Seam Fastball,13,7,7,13,7,13,7,13,Standard,Standard,214,0,-0.039,,,,0.039,,6,-6,0.997,0.0030000000000000027,30,28,31,29,1,4,1,1,3,2,1.23,0.49,-0.49,27.5,,,,,
FC,2025-10-05,95.2,1.35,5.94,"Springer, George",543807,608331,,ball,,,,,12,Ball,D,R,L,TOR,NYY,B,,,0,0,2025,0.09,0.96,1.4078317826391629,3.071127764030367,,,,0,1,Bot,,,,,,,-0.044268134816308126,-138.67627330293138,-4.06759923628676,1.1419861668212208,30.70273404775537,-19.111285495143367,3.71934352001449,1.65777260602999,,,,95.4,2302,6.3,813062,669224,700250,665862,641857,683011,641355,663757,592450,54.18,,,,,,,,5,1,Cutter,0,0,0,0,0,0,0,0,Strategic,Standard,157,0.003,0.041,,,,-0.041,,0,0,0.548,0.548,31,35,31,36,1,0,5,1,,2,1.55,0.09,-0.09,43.2,,,,,
FF,2025-10-05,97.1,-1.33,5.45,"Varsho, Daulton",662139,596133,field_out,hit_into_play,,,,,4,Daulton Varsho flies out to left fielder Cody Bellinger.,D,L,R,TOR,NYY,X,7,fly_ball,0,0,2025,-0.73,1.48,-0.613376917125738,2.2494649049578728,,,,2,8,Bot,81.47,68.01,,,,,3.552765258451645,-141.27681575629563,-6.365666771370255,-10.566118887382872,32.768723980161624,-11.091184710094918,3.37,1.52,343,97.7,40,96.3,2404,5.9,813062,700250,502671,665862,641857,683011,641355,663757,592450,54.61,0.073,0.134,0,1,0,0,3,77,1,4-Seam Fastball,13,7,13,7,7,13,13,7,Infield shade,Standard,212,0,-0.26,78.1,8.0,0.263,0.26,97.7,6,6,0.997,0.997,31,28,32,29,1,4,1,1,,2,0.94,0.73,-0.73,44.2,7.646604331039076,0.697505130335531,27.368852724337806,42.27946884454276,25.09458396248766
FF,2025-10-05,97.7,1.43,6.34,"Arozarena, Randy",668227,669373,,ball,,,,,12,Ball,D,R,L,SEA,DET,B,,,0,0,2025,0.1,1.42,1.0063171473617922,3.3512348208298044,,,,0,1,Bot,,,,,,,-1.3644380067173734,-142.1340768402668,-5.785328686904348,1.6983857201501886,34.784271731312124,-11.899308340886956,3.30347334288565,1.59021855737619,,,,97.6,2375,6.4,813057,693307,679529,650402,656716,595879,682985,678009,681481,54.1,,,,,,,,5,1,4-Seam Fastball,0,0,0,0,0,0,0,0,Infield shade,Standard,157,0.003,0.041,,,,-0.041,,0,0,0.548,0.548,28,30,29,30,1,0,5,1,5,2,0.99,0.1,-0.1,52.9,,,,,
ST,2025-10-05,78.6,3.64,6.14,"Naylor, Josh",647304,676428,,swinging_strike,,,,,13,Swinging Strike,D,L,L,SEA,DET,S,,,0,0,2025,-1.38,-0.1,-1.5070346883455308,1.3500912372551728,,660844,553993,2,8,Bot,,,,,,,-8.432531435700096,-114.02632595494526,-3.1227118297356764,-9.947952855095219,25.71338584012094,-32.57375808304888,3.23,1.54,,,,76.5,2588,5.5,813057,693307,679529,650402,656716,595879,682985,678009,681481,55.04,,,,,,,,66,1,Sweeper,3,2,3,2,2,3,3,2,Infield shade,Standard,295,-0.004,-0.047,18.5,7.3,,0.047,,1,1,0.862,0.862,26,28,27,28,1,3,1,1,2,2,3.88,-1.38,-1.38,26.0,-4.294149382859051,-18.297378672166516,29.060214148443606,51.94576156198343,28.28877417114563
SL,2025-10-05,86,-2.42,5.12,"Torres, Gleyber",650402,666374,,ball,,,,,14,Ball,D,R,R,SEA,DET,B,,,0,0,2025,1.1,0.1,1.0246216078246793,1.7068897384776882,,,,0,8,Top,,,,,,,5.934968381355139,-125.13178816347472,-1.968178271793236,10.107180404373791,28.530312623882665,-30.968288627860463,3.2749803362871,1.60841366457962,,,,85.7,2835,6.4,813057,663728,647304,593871,553993,641487,668227,677594,645302,54.13,,,,,,,,55,1,Slider,2,0,0,2,0,2,0,2,Infield shade,Standard,54,-0.007,0.041,,,,-0.041,,2,-2,0.862,0.138,27,28,27,29,1,3,1,1,2,2,3.02,-1.1,-1.1,29.2,,,,,
FF,2025-10-05,96.2,-3.03,5.34,"McKinstry, Zach",656716,662253,,called_strike,,,,,5,Called Strike,D,L,R,SEA,DET,S,,,0,0,2025,-1.04,1.11,0.1286771031193037,2.2969807376750433,,,,0,9,Top,,,,,,,10.70410419426651,-139.6591227059359,-4.962465011922202,-15.9996503868311,31.635424873364467,-16.687167417732653,3.27943032247842,1.5459173345842,,,,95.9,2296,6.2,813057,663728,647304,660844,553993,641487,668227,677594,645302,54.26,,,,,,,,67,1,4-Seam Fastball,3,2,2,3,2,3,2,3,Standard,Standard,232,0.011,-0.039,,,,0.039,,1,-1,0.835,0.16500000000000004,26,30,26,30,1,3,1,1,2,2,1.37,1.04,-1.04,22.9,,,,,
SI,2025-10-05,93.8,-2.16,5.75,"Dingler, Dillon",693307,660825,,called_strike,,,,,4,Called Strike,D,R,R,SEA,DET,S,,,0,0,2025,-1.48,0.84,-0.6514848510309272,2.6769951342959404,,,,0,7,Top,,,,,,,7.092964560529515,-136.4539486310271,-4.047538502134366,-20.076302291383406,29.764398502935364,-21.036529531574043,3.26623132140264,1.538565742835,,,,93,2119,5.8,813057,663728,647304,593871,553993,641487,668227,677594,645302,54.72,,,,,,,,47,1,Sinker,2,0,0,2,0,2,0,2,Infield shade,Standard,216,0.005,-0.039,,,,0.039,,2,-2,0.815,0.18500000000000005,29,26,30,27,1,2,1,1,2,2,1.76,1.48,1.48,43.5,,,,,
SI,2025-10-05,94.2,1.96,5.33,"Carpenter, Kerry",681481,642100,,foul,,,,,12,Foul,D,L,L,SEA,DET,S,,,0,0,2025,1.5,0.5,1.4648783129474154,3.2483652598473745,678009,,650402,2,5,Top,,,,,,,-4.591428161500405,-137.07102967587937,-0.8146443717126168,19.922269014560072,30.743799858993633,-25.9017924899918,3.41,1.62,,,,93.6,2064,6,813057,663728,647304,593871,553993,641487,668227,677594,645302,54.52,,,,,,,,35,1,Sinker,1,0,0,1,0,1,0,1,Standard,Standard,132,0.01,-0.035,71.7,6.8,,0.035,,1,-1,0.638,0.362,30,27,30,28,1,2,1,1,3,2,2.07,1.5,1.5,24.7,14.14541911584917,-3.9844719831699784,31.3535759635885,22.135663707732064,23.935737215491333
FS,2025-10-05,87.1,-1.83,5.73,"Arozarena, Randy",668227,640448,,swinging_strike,,,,,13,Swinging Strike,D,R,R,SEA,DET,S,,,0,0,2025,-1.2,0.34,-0.06395266690842139,1.5401495520903858,,,,0,8,Bot,,,,,,,6.696575305005456,-126.58553690774205,-4.5791294462677286,-14.23403468098629,26.711194438448274,-27.717739197680284,3.4,1.68,,,,87.1,894,6.4,813057,693307,679529,650402,656716,595879,682985,678009,681481,54.08,,,,,,,,61,1,Split-Finger,2,2,2,2,2,2,2,2,Standard,Standard,229,-0.007,-0.039,79.7,8.2,,0.039,,0,0,0.608,0.608,33,30,34,30,1,3,1,1,3,2,2.68,1.2,1.2,54.0,18.129831783983274,-26.03471308908168,31.272252214826313,31.585386931634485,45.68153650177672
SI,2025-10-05,95.1,-2.35,5.04,"Torres, Gleyber",650402,622491,,ball,,,,,11,Ball,D,R,R,SEA,DET,B,,,0,0,2025,-1.63,0.14,-1.0947281731099143,3.1241800116467737,,,,0,1,Top,,,,,,,6.800706043073926,-138.29684827351036,0.3122928380005813,-22.45089745619942,32.30608123015973,-30.69979978619306,3.39308066919732,1.66155130468299,,,,93.1,2171,5.2,813057,663728,647304,593871,553993,641487,668227,677594,645302,55.25,,,,,,,,1,1,Sinker,0,0,0,0,0,0,0,0,Infield shade,Standard,235,-0.004,0.041,,,,-0.041,,0,0,0.5,0.5,32,28,33,29,1,0,11,1,5,2,2.39,1.63,1.63,14.5,,,,,
FF,2025-10-05,95.9,-0.47,7.13,"Grisham, Trent",663757,702056,,called_strike,,,,,5,Called Strike,D,L,R,TOR,NYY,S,,,0,0,2025,-0.35,1.53,0.24869547857852126,2.728234724149824,,,,0,1,Top,,,,,,,2.681733737110956,-139.37174738710553,-9.481391715540136,-5.1617162399711045,31.068138146929456,-10.348443519540101,3.69169480375373,1.86400644438125,,,,95.9,2294,6.4,813062,672386,665489,643396,676391,665926,676914,662139,664702,54.14,,,,,,,,1,1,4-Seam Fastball,0,0,0,0,0,0,0,0,Standard,Standard,198,0.003,-0.039,,,,0.039,,0,0,0.5,0.5,21,28,22,29,1,0,8,1,8,2,0.96,0.35,-0.35,62.3,,,,,
