pitch_type,game_date,release_speed,release_pos_x,release_pos_z,player_name,batter,pitcher,events,description,spin_dir,spin_rate_deprecated,break_angle_deprecated,break_length_deprecated,zone,des,game_type,stand,p_throws,home_team,away_team,type,hit_location,bb_type,balls,strikes,game_year,pfx_x,pfx_z,plate_x,plate_z,on_3b,on_2b,on_1b,outs_when_up,inning,inning_topbot,hc_x,hc_y,tfs_deprecated,tfs_zulu_deprecated,umpire,sv_id,vx0,vy0,vz0,ax,ay,az,sz_top,sz_bot,hit_distance_sc,launch_speed,launch_angle,effective_speed,release_spin_rate,release_extension,game_pk,fielder_2,fielder_3,fielder_4,fielder_5,fielder_6,fielder_7,fielder_8,fielder_9,release_pos_y,estimated_ba_using_speedangle,estimated_woba_using_speedangle,woba_value,woba_denom,babip_value,iso_value,launch_speed_angle,at_bat_number,pitch_number,pitch_name,home_score,away_score,bat_score,fld_score,post_away_score,post_home_score,post_bat_score,post_fld_score,if_fielding_alignment,of_fielding_alignment,spin_axis,delta_home_win_exp,delta_run_exp,bat_speed,swing_length,estimated_slg_using_speedangle,delta_pitcher_run_exp,hyper_speed,home_score_diff,bat_score_diff,home_win_exp,bat_win_exp,age_pit_legacy,age_bat_legacy,age_pit,age_bat,n_thruorder_pitcher,n_priorpa_thisgame_player_at_bat,pitcher_days_since_prev_game,batter_days_since_prev_game,pitcher_days_until_next_game,batter_days_until_next_game,api_break_z_with_gravity,api_break_x_arm,api_break_x_batter_in,arm_angle,attack_angle,attack_direction,swing_path_tilt,intercept_ball_minus_batter_pos_x_inches,intercept_ball_minus_batter_pos_y_inches
CH,2025-10-09,86.2,1.87,5.69,"Hernández, Enrique",571771,650911,single,hit_into_play,,,,,8,Enrique Hernández singles on a ground ball to left fielder Max Kepler. Alex Call to 2nd.,D,R,L,LAD,PHI,X,7,ground_ball,3,2,2025,1.41,-0.09,-0.2076832275054754,2.110696500447632,,,669743,1,7,Bot,83.41,105.57,,,,,-7.891223829580067,-125.27054314460946,-2.0928066414354247,16.407057436521196,24.4744470199685,-32.942912559168484,3.41,1.69,97,104.2,4,87.2,2082,6.9,813042,592663,547180,681082,664761,607208,596146,669016,592206,53.58,0.62,0.583,0.9,1,1,0,4,54,6,Changeup,0,1,0,1,1,0,0,1,Standard,Standard,101,0.065,0.341,75.0,7.5,0.706,-0.341,104.2,-1,-1,0.382,0.382,28,33,29,34,3,2,5,1,,4,3.16,1.41,-1.41,26.5,8.719324343000093,-10.730687450043481,35.32001231903213,37.307879778144525,37.1720125971493
CH,2025-10-09,86.4,1.88,5.69,"Hernández, Enrique",571771,650911,,swinging_strike,,,,,7,Swinging Strike,D,R,L,LAD,PHI,S,,,3,1,2025,1.25,0.01,-0.5191890285484011,2.083335544033539,,,669743,1,7,Bot,,,,,,,-8.378225674498083,-125.6130189557018,-2.406314622815142,14.93868331805257,24.893991636401857,-31.79546173367773,3.41,1.69,,,,87.5,2025,7,813042,592663,547180,681082,664761,607208,596146,669016,592206,53.51,,,,,,,,54,5,Changeup,0,1,0,1,1,0,0,1,Standard,Standard,103,-0.019,-0.085,79.5,8.5,,0.085,,-1,-1,0.401,0.401,28,33,29,34,3,2,5,1,,4,3.04,1.25,-1.25,27.4,28.696682121797433,-30.848383501368325,33.18283856323199,33.68786238292951,46.026639296146826
SI,2025-10-09,96.4,1.66,5.79,"Hernández, Enrique",571771,650911,,ball,,,,,13,Ball,D,R,L,LAD,PHI,B,,,2,1,2025,1.32,0.3,-1.2647300545374953,2.4140943819912346,,,669743,1,7,Bot,,,,,,,-10.88267073062102,-139.94443650266706,-4.1289242659248275,19.68556314854275,29.36392661929551,-27.502993114067646,3.48651528686598,1.69456714191119,,,,97.7,2291,7,813042,592663,547180,681082,664761,607208,596146,669016,592206,53.5,,,,,,,,54,4,Sinker,0,1,0,1,1,0,0,1,Standard,Standard,122,0.023,0.109,,,,-0.109,,-1,-1,0.378,0.378,28,33,29,34,3,2,5,1,,4,2.15,1.32,-1.32,35.6,,,,,
SI,2025-10-09,96.9,1.85,5.73,"Hernández, Enrique",571771,650911,,ball,,,,,13,Ball,D,R,L,LAD,PHI,B,,,1,1,2025,1.51,0.23,-0.9872159697206018,1.484402840771267,,,669743,1,7,Bot,,,,,,,-11.045179375331557,-140.50853555308584,-6.295263212631882,22.579801528820695,32.460023214244124,-27.806444466010408,3.40616987648613,1.66675513705676,,,,96.9,2302,6.5,813042,592663,547180,681082,664761,607208,596146,669016,592206,53.98,,,,,,,,54,3,Sinker,0,1,0,1,1,0,0,1,Standard,Standard,116,0.011,0.063,,,,-0.063,,-1,-1,0.367,0.367,28,33,29,34,3,2,5,1,,4,2.22,1.51,-1.51,28.5,,,,,
SI,2025-10-09,97.5,1.67,5.86,"Hernández, Enrique",571771,650911,,ball,,,,,11,Ball,D,R,L,LAD,PHI,B,,,0,1,2025,1.56,0.36,-1.8355811813355556,3.07082147390661,,,669743,1,7,Bot,,,,,,,-13.164414259691902,-141.39576389783545,-2.8083280969560693,23.95409577478105,31.58871688029662,-26.869457565087842,3.51123395737127,1.71865698857568,,,,98.6,2320,7,813042,592663,547180,681082,664761,607208,596146,669016,592206,53.46,,,,,,,,54,2,Sinker,0,1,0,1,1,0,0,1,Standard,Standard,124,0.006,0.019,,,,-0.019,,-1,-1,0.361,0.361,28,33,29,34,3,2,5,1,,4,2.05,1.56,-1.56,31.8,,,,,
SI,2025-10-09,95.9,1.7,5.77,"Hernández, Enrique",571771,650911,,called_strike,,,,,7,Called Strike,D,R,L,LAD,PHI,S,,,0,0,2025,1.6,0.37,-0.42219529683456036,1.8387515840050273,,,669743,1,7,Bot,,,,,,,-9.33212835597276,-139.34591039144578,-5.678475916053518,22.93960909412135,31.277240898157288,-26.22891246860696,3.49125607739166,1.72457115895309,,,,96.8,2243,6.9,813042,592663,547180,681082,664761,607208,596146,669016,592206,53.6,,,,,,,,54,1,Sinker,0,1,0,1,1,0,0,1,Standard,Standard,121,-0.009,-0.04,,,,0.04,,-1,-1,0.37,0.37,28,33,29,34,3,2,5,1,,4,2.12,1.6,-1.6,29.7,,,,,
CH,2025-10-09,86.8,1.76,5.75,"Call, Alex",669743,650911,walk,ball,,,,,13,Alex Call walks.,D,R,L,LAD,PHI,B,,,3,2,2025,1.38,-0.16,-1.4244968410098033,1.8247559197686343,,,,1,7,Bot,,,,,,,-10.543589916208653,-125.97977189885582,-2.829990724892826,16.874561520371294,26.57403717676443,-33.49340616371946,3.38891398373772,1.69521595152186,,,,87.3,2085,6.8,813042,592663,547180,681082,664761,607208,596146,669016,592206,53.65,,0.691497,0.7,1,0,0,,53,6,Changeup,0,1,0,1,1,0,0,1,Standard,Standard,105,0.046,0.339,,,,-0.339,,-1,-1,0.324,0.324,28,30,29,31,3,2,5,5,,4,3.21,1.38,-1.38,27.2,,,,,
SI,2025-10-09,97.4,1.63,5.89,"Call, Alex",669743,650911,,ball,,,,,4,Ball,D,R,L,LAD,PHI,B,,,2,2,2025,1.46,0.21,-0.7503181223099384,2.601045134136383,,,,1,7,Bot,,,,,,,-9.81257799283804,-141.43720044196002,-3.7752683511192315,21.85202925396069,33.13319973955851,-28.63714095445713,3.46426560443554,1.57576150800692,,,,98,2259,6.8,813042,592663,547180,681082,664761,607208,596146,669016,592206,53.72,,,,,,,,53,5,Sinker,0,1,0,1,1,0,0,1,Standard,Standard,120,0.014,0.104,,,,-0.104,,-1,-1,0.31,0.31,28,30,29,31,3,2,5,5,,4,2.21,1.46,-1.46,31.7,,,,,
SI,2025-10-09,95.6,1.79,5.83,"Call, Alex",669743,650911,,swinging_strike,,,,,4,Swinging Strike,D,R,L,LAD,PHI,S,,,2,1,2025,1.47,0.48,-0.4120175782311868,2.4768443871117145,,,,1,7,Bot,,,,,,,-9.193537047459047,-138.96952874968713,-4.348503303449709,21.150957978124087,30.308626660857584,-25.169501714236922,3.4,1.68,,,,96.5,2211,6.8,813042,592663,547180,681082,664761,607208,596146,669016,592206,53.7,,,,,,,,53,4,Sinker,0,1,0,1,1,0,0,1,Standard,Standard,120,-0.011,-0.07,64.6,5.7,,0.07,,-1,-1,0.321,0.321,28,30,29,31,3,2,5,5,,4,2.01,1.47,-1.47,31.1,-4.627375267619831,24.728434822859157,41.508099550245355,32.011492576403114,20.615640754177395
CH,2025-10-09,86.7,1.86,5.76,"Call, Alex",669743,650911,,ball,,,,,12,Ball,D,R,L,LAD,PHI,B,,,1,1,2025,1.36,0,0.8618593194475304,3.181072459807214,,,,1,7,Bot,,,,,,,-5.2115601912957965,-126.1400799268527,0.031120814162272747,15.577706317344354,25.039983580214496,-32.36834592314352,3.42895282906309,1.54526175797498,,,,87.7,2066,6.9,813042,592663,547180,681082,664761,607208,596146,669016,592206,53.64,,,,,,,,53,3,Changeup,0,1,0,1,1,0,0,1,Standard,Standard,109,0.007,0.055,,,,-0.055,,-1,-1,0.314,0.314,28,30,29,31,3,2,5,5,,4,3.02,1.36,-1.36,28.0,,,,,
CH,2025-10-09,87.1,1.84,5.78,"Call, Alex",669743,650911,,ball,,,,,14,Ball,D,R,L,LAD,PHI,B,,,0,1,2025,1.5,-0.1,0.6871632193338544,1.156811813925985,,,,1,7,Bot,,,,,,,-5.902615432570324,-126.75118123253462,-4.777708315156305,17.374003646219563,25.640649290143326,-32.46266319341806,3.35660035331583,1.57829998322006,,,,87.9,2076,6.8,813042,592663,547180,681082,664761,607208,596146,669016,592206,53.72,,,,,,,,53,2,Changeup,0,1,0,1,1,0,0,1,Standard,Standard,105,0.004,0.029,,,,-0.029,,-1,-1,0.31,0.31,28,30,29,31,3,2,5,5,,4,3.1,1.5,-1.5,28.0,,,,,
SI,2025-10-09,96.1,1.72,5.84,"Call, Alex",669743,650911,,called_strike,,,,,3,Called Strike,D,R,L,LAD,PHI,S,,,0,0,2025,1.5,0.32,0.4617570735901295,3.011880281430817,,,,1,7,Bot,,,,,,,-6.808784746205796,-139.79071229663364,-2.657005423628036,21.23345163043537,30.67608004917402,-27.623277797471136,3.40069341386696,1.49008730457403,,,,97.2,2139,6.9,813042,592663,547180,681082,664761,607208,596146,669016,592206,53.63,,,,,,,,53,1,Sinker,0,1,0,1,1,0,0,1,Standard,Standard,123,-0.006,-0.039,,,,0.039,,-1,-1,0.316,0.316,28,30,29,31,3,2,5,5,,4,2.15,1.5,-1.5,30.1,,,,,
CU,2025-10-09,82,-3.47,5.39,"Swanson, Dansby",621020,642547,strikeout,swinging_strike,,,,,14,Dansby Swanson strikes out swinging.,D,R,R,CHC,MIL,S,2,,0,2,2025,0.45,-0.22,1.1515483889724165,1.114648087831633,,,,2,4,Bot,,,,,,,9.601386499854884,-119.04008149381222,-2.618730186203666,2.3173592394672715,24.4816055756363,-33.91038795983619,3.55,1.65,,,,82,2423,6.6,813050,661388,683734,668930,702332,687401,694192,663368,686217,53.92,,0,0,1,0,0,,32,3,Curveball,3,0,3,0,0,3,3,0,Strategic,Standard,72,-0.004,-0.16,,,,0.16,,3,3,0.84,0.84,29,31,29,31,2,1,5,1,5,2,3.64,-0.45,-0.45,36.4,,,,,
SL,2025-10-09,88.5,1.66,5.9,"Smith, Will",669257,650911,field_out,hit_into_play,,,,,13,"Will Smith grounds out, shortstop Trea Turner to first baseman Bryce Harper.",D,R,L,LAD,PHI,X,6,ground_ball,0,2,2025,-0.09,-0.32,-0.02480731257093898,1.1518030308979874,,,,0,7,Bot,112.29,147.63,,,,,-3.950724999159905,-128.82988709966997,-4.898658336600193,-0.19623522145244493,26.024852090749334,-34.95353230673049,3.36,1.57,62,96.9,3,89.1,2219,6.6,813042,592663,547180,681082,664761,607208,596146,669016,592206,53.93,0.473,0.436,0,1,0,0,4,52,3,Slider,0,1,0,1,1,0,0,1,Standard,Standard,324,-0.029,-0.165,69.2,8.1,0.525,0.165,96.9,-1,-1,0.345,0.345,28,30,29,30,3,2,5,1,,4,3.22,-0.09,0.09,30.6,11.284711043374902,0.8057643367262728,41.890596687758645,38.17894605742743,29.437744701679986
CU,2025-10-09,74.9,-3.33,5.74,"Swanson, Dansby",621020,642547,,foul,,,,,13,Foul,D,R,R,CHC,MIL,S,,,0,1,2025,0.69,-0.59,-1.1503044213998568,1.7206830912319875,,,,2,4,Bot,,,,,,,3.280823434494078,-108.98930479840462,-0.0701478666133235,4.861385671622474,19.67115418971752,-37.040546658994586,3.55,1.65,5,89.3,-20,74.7,2218,6.2,813050,661388,683734,668930,702332,687401,694192,663368,686217,54.32,,,,,,,,32,2,Curveball,3,0,3,0,0,3,3,0,Strategic,Standard,49,-0.001,-0.057,,,,0.057,89.3,3,3,0.841,0.841,29,31,29,31,2,1,5,1,5,2,4.66,-0.69,-0.69,40.5,,,,,
FF,2025-10-09,97,-1.66,5.83,"Marsh, Brandon",669016,607192,strikeout,called_strike,,,,,6,Brandon Marsh called out on strikes.,D,L,R,LAD,PHI,S,2,,1,2,2025,-0.28,1.2,0.39213555515859,2.6333613819318296,,,664761,2,6,Top,,,,,,,6.32243333112626,-141.26476880644253,-6.013627889808768,-4.996832013638164,27.6704997150631,-14.866274791733991,3.25447652270207,1.42806072344495,,,,100.6,2586,7.9,813042,669257,518692,669242,571771,605141,669743,681624,606192,52.61,,0,0,1,0,0,,41,4,4-Seam Fastball,0,0,0,0,0,0,0,0,Strategic,Standard,195,0.025,-0.183,,,,0.183,,0,0,0.551,0.44899999999999995,31,27,32,28,3,2,5,1,7,,1.19,0.28,-0.28,52.2,,,,,
CU,2025-10-09,82,-1.57,5.9,"Marsh, Brandon",669016,607192,,swinging_strike_blocked,,,,,14,Swinging Strike (Blocked),D,L,R,LAD,PHI,S,,,1,1,2025,0.64,-1.35,0.2657137158419803,0.5114929085844881,,,664761,2,6,Top,,,,,,,2.9724945696285485,-119.38311213047237,-2.985472830795828,5.404660884788348,25.249370601758294,-44.6317331450764,3.19,1.52,,,,83.2,2978,7.3,813042,669257,518692,669242,571771,605141,669743,681624,606192,53.19,,,,,,,,41,3,Curveball,0,0,0,0,0,0,0,0,Standard,Standard,20,0.009,-0.073,67.0,8.8,,0.073,,0,0,0.542,0.45799999999999996,31,27,32,28,3,2,5,1,7,,4.77,-0.64,0.64,55.7,36.656871117371004,-40.22601737937271,42.927719385914706,34.26662379409776,58.033054322925054
SL,2025-10-09,87.2,1.68,5.91,"Smith, Will",669257,650911,,called_strike,,,,,1,Called Strike,D,R,L,LAD,PHI,S,,,0,1,2025,-0.2,-0.51,-0.29368177710613774,3.3866653879336255,,,,0,7,Bot,,,,,,,-4.355824144294106,-126.93352495986662,1.1364233798218755,-1.2471279476969386,25.573620704980843,-38.15310954001724,3.37272126439884,1.50375278528458,,,,87.6,2255,6.5,813042,592663,547180,681082,664761,607208,596146,669016,592206,54.02,,,,,,,,52,2,Slider,0,1,0,1,1,0,0,1,Standard,Standard,300,-0.012,-0.055,,,,0.055,,-1,-1,0.357,0.357,28,30,29,30,3,2,5,1,,4,3.5,-0.2,0.2,33.0,,,,,
SL,2025-10-09,82.5,-3.7,5.35,"Swanson, Dansby",621020,642547,,foul,,,,,5,Foul,D,R,R,CHC,MIL,S,,,0,0,2025,0.59,0.26,0.03697758051170047,2.411966877167518,,,,2,4,Bot,,,,,,,7.364278909306452,-119.8245847428211,-0.5663887263253479,4.087541205906034,25.842238050595174,-29.812684555614705,3.55,1.65,,,,82.3,2463,6.5,813050,661388,683734,668930,702332,687401,694192,663368,686217,53.99,,,,,,,,32,1,Slider,3,0,3,0,0,3,3,0,Strategic,Standard,91,-0.001,-0.043,,,,0.043,,3,3,0.842,0.842,29,31,29,31,2,1,5,1,5,2,3.13,-0.59,-0.59,32.6,,,,,
CH,2025-10-09,86.2,1.84,5.8,"Smith, Will",669257,650911,,called_strike,,,,,5,Called Strike,D,R,L,LAD,PHI,S,,,0,0,2025,1.42,-0.17,-0.24129306128462158,2.3923745700696775,,,,0,7,Bot,,,,,,,-7.899322494889526,-125.3870324870345,-1.5218403406214192,16.572361866710242,24.850673971796503,-33.87358879774909,3.51001583277364,1.66467351015536,,,,86.9,1990,6.7,813042,592663,547180,681082,664761,607208,596146,669016,592206,53.77,,,,,,,,52,1,Changeup,0,1,0,1,1,0,0,1,Standard,Standard,107,-0.007,-0.039,,,,0.039,,-1,-1,0.364,0.364,28,30,29,30,3,2,5,1,,4,3.23,1.42,-1.42,30.8,,,,,
CU,2025-10-09,83.1,-1.72,5.95,"Marsh, Brandon",669016,607192,,swinging_strike_blocked,,,,,14,Swinging Strike (Blocked),D,L,R,LAD,PHI,S,,,1,0,2025,0.57,-1.45,0.31991688361501364,-0.1476531583951033,,,664761,2,6,Top,,,,,,,3.5888959845307373,-120.91336008426228,-4.617861289761729,4.765163435300841,27.16060378181956,-45.425158617838626,3.19,1.52,,,,83.8,2917,7.1,813042,669257,518692,669242,571771,605141,669743,681624,606192,53.43,,,,,,,,41,2,Curveball,0,0,0,0,0,0,0,0,Standard,Standard,17,0.005,-0.05,66.6,8.9,,0.05,,0,0,0.537,0.46299999999999997,31,27,32,28,3,2,5,1,7,,4.79,-0.57,0.57,60.4,40.88860443663551,-40.19374035874215,44.65580923381436,35.094480897957745,59.5190925248168
CH,2025-10-09,86.2,-3.72,5.21,"Crow-Armstrong, Pete",691718,642547,field_out,hit_into_play,,,,,11,Pete Crow-Armstrong flies out to center fielder Blake Perkins.,D,L,R,CHC,MIL,X,8,fly_ball,3,2,2025,-1.46,-0.12,-1.0994011057788549,2.290796640398455,,,,1,4,Bot,121.07,60.44,,,,,9.220891837757167,-125.09804863465614,-0.365632273076673,-17.26717750020399,26.8736068327538,-33.61009199360579,3.11,1.47,343,91.2,27,86.1,1973,6.5,813050,661388,683734,668930,702332,687401,694192,663368,686217,53.99,0.078,0.106,0,1,0,0,3,31,7,Changeup,3,0,3,0,0,3,3,0,Standard,Standard,253,-0.01,-0.332,,,0.176,0.332,91.2,3,3,0.852,0.852,29,23,29,23,2,1,5,1,5,2,3.22,1.46,-1.46,29.4,,,,,
CU,2025-10-09,76.6,-3.38,5.62,"Crow-Armstrong, Pete",691718,642547,,ball,,,,,13,Ball,D,L,R,CHC,MIL,B,,,2,2,2025,0.5,-0.58,-0.6166454850381079,-0.3973156493307086,,,,1,4,Bot,,,,,,,4.972189166314598,-111.48140724957976,-4.65665863716144,3.2476844612729603,20.349557856856524,-36.38736490956866,3.01027334885391,1.40856929451189,,,,77.1,2330,6.6,813050,661388,683734,668930,702332,687401,694192,663368,686217,53.86,,,,,,,,31,6,Curveball,3,0,3,0,0,3,3,0,Standard,Standard,48,0.003,0.104,,,,-0.104,,3,3,0.849,0.849,29,23,29,23,2,1,5,1,5,2,4.47,-0.5,0.5,39.4,,,,,
CU,2025-10-09,82.5,-1.62,5.93,"Marsh, Brandon",669016,607192,,blocked_ball,,,,,14,Ball In Dirt,D,L,R,LAD,PHI,B,,,0,0,2025,0.62,-1.46,1.6549505208380995,-0.4552729491887906,,,664761,2,6,Top,,,,,,,6.376544664574031,-119.920012591114,-5.130119173020228,4.458566034481858,27.146115687855552,-45.15753625055268,3.21116526264253,1.54579440934334,,,,83.7,3037,7.5,813042,669257,518692,669242,571771,605141,669743,681624,606192,53,,,,,,,,41,1,Curveball,0,0,0,0,0,0,0,0,Standard,Standard,21,-0.003,0.035,,,,-0.035,,0,0,0.54,0.45999999999999996,31,27,32,28,3,2,5,1,7,,4.86,-0.62,0.62,61.1,,,,,
SL,2025-10-09,89.5,1.8,5.9,"Edman, Tommy",669242,650911,field_out,hit_into_play,,,,,5,"Tommy Edman grounds out softly, pitcher Cristopher Sánchez to first baseman Bryce Harper.",D,R,L,LAD,PHI,X,1,ground_ball,2,2,2025,-0.04,-0.38,0.1469960749837607,2.312788826652768,605141,,518692,2,6,Bot,122.63,193.14,,,,,-4.029521114761103,-130.3987302136568,-2.075270761667009,0.33931664991416916,27.017419286264754,-36.331845123681916,3.38,1.55,2,43.3,-53,90.3,2150,6.7,813042,592663,547180,681082,664761,607208,596146,669016,592206,53.84,0.278,0.255,0,1,0,0,1,46,7,Slider,0,0,0,0,0,0,0,0,Standard,Standard,315,-0.064,-0.229,69.8,7.1,0.281,0.229,88.0,0,0,0.564,0.564,28,30,29,30,3,2,5,1,,4,3.22,-0.04,0.04,30.8,1.0392092243079436,8.720544728341604,20.914015866128473,39.829540262714694,23.398599966691606
CH,2025-10-09,88.2,1.99,5.72,"Edman, Tommy",669242,650911,,foul,,,,,14,Foul,D,R,L,LAD,PHI,S,,,2,2,2025,1.26,-0.4,0.9202430214259736,1.5334257494803807,605141,,518692,2,6,Bot,,,,,,,-5.282555001803265,-128.40609969547032,-3.299343742983666,15.023178097268165,26.179475155049897,-36.14561288323226,3.38,1.55,1,61.7,-62,89.3,2011,6.9,813042,592663,547180,681082,664761,607208,596146,669016,592206,53.59,,,,,,,,46,6,Changeup,0,0,0,0,0,0,0,0,Standard,Standard,100,0,0,67.3,7.5,,0,88.0,0,0,0.564,0.564,28,30,29,30,3,2,5,1,,4,3.32,1.26,-1.26,26.8,10.376409658881503,7.172447401136457,23.424800822656426,48.84926219913767,26.32150003090331
CU,2025-10-09,81.4,-1.4,6.02,"Bohm, Alec",664761,607192,single,hit_into_play,,,,,5,Alec Bohm singles on a sharp line drive to center fielder Andy Pages.,D,R,R,LAD,PHI,X,8,line_drive,1,1,2025,0.39,-1.31,0.2348310340927075,2.224765644445532,,,,2,6,Top,128.56,81.18,,,,,2.9897669323469565,-118.57287685069976,0.6398849758132243,3.08100904165366,22.919538654311662,-44.89497969295717,3.55,1.62,183,105.1,11,83.1,2771,7.4,813042,669257,518692,669242,571771,605141,669743,681624,606192,53.14,0.942,0.941,0.9,1,1,0,4,40,3,Curveball,0,0,0,0,0,0,0,0,Standard,Strategic,19,-0.02,0.342,76.3,7.7,1.208,-0.342,105.1,0,0,0.56,0.43999999999999995,31,28,32,29,3,2,5,1,7,,4.75,-0.39,-0.39,55.4,6.137790482611941,1.6963955242270365,28.790686873991202,39.863995502531594,29.902306842148818
CU,2025-10-09,73.4,-3.27,5.76,"Crow-Armstrong, Pete",691718,642547,,ball,,,,,13,Ball,D,L,R,CHC,MIL,B,,,1,2,2025,0.81,-0.75,-1.1017952056458873,0.28479321102847077,,,,1,4,Bot,,,,,,,3.0136103394497322,-106.87283474460915,-2.4336807052701896,5.582724183457493,19.879996549030615,-37.63832972517641,2.96661529241228,1.34092566448327,,,,73.5,2178,6.5,813050,661388,683734,668930,702332,687401,694192,663368,686217,53.96,,,,,,,,31,5,Curveball,3,0,3,0,0,3,3,0,Standard,Standard,58,0.001,0.048,,,,-0.048,,3,3,0.848,0.848,29,23,29,23,2,1,5,1,5,2,5,-0.81,0.81,37.4,,,,,
CH,2025-10-09,89.3,1.91,5.77,"Edman, Tommy",669242,650911,,ball,,,,,13,Ball,D,R,L,LAD,PHI,B,,,1,2,2025,1.32,-0.24,-0.7420980073997792,1.0455614847351051,605141,,518692,2,6,Bot,,,,,,,-9.437622407098797,-129.6639762183288,-5.157125832812085,16.82091058985189,25.957775921460073,-34.03035242612373,3.45012164627777,1.63666970038541,,,,90.6,2045,7.1,813042,592663,547180,681082,664761,607208,596146,669016,592206,53.43,,,,,,,,46,5,Changeup,0,0,0,0,0,0,0,0,Standard,Standard,104,0.012,0.036,,,,-0.036,,0,0,0.552,0.552,28,30,29,30,3,2,5,1,,4,3.1,1.32,-1.32,28.9,,,,,
CU,2025-10-09,76.7,-3.34,5.64,"Crow-Armstrong, Pete",691718,642547,,foul,,,,,14,Foul,D,L,R,CHC,MIL,S,,,1,2,2025,0.34,-0.59,0.19366294785950575,-0.29919864036417865,,,,1,4,Bot,,,,,,,6.861677322178069,-111.40259069991711,-4.371509384680595,1.4059336639079245,22.727676345644316,-36.3697228252595,3.11,1.47,,,,76.5,2310,6.5,813050,661388,683734,668930,702332,687401,694192,663368,686217,53.97,,,,,,,,31,4,Curveball,3,0,3,0,0,3,3,0,Standard,Standard,55,0,0,,,,0,,3,3,0.848,0.848,29,23,29,23,2,1,5,1,5,2,4.52,-0.34,0.34,41.3,,,,,
FF,2025-10-09,95.2,-1.6,5.9,"Bohm, Alec",664761,607192,,ball,,,,,6,Ball,D,R,R,LAD,PHI,B,,,0,1,2025,0.15,0.78,0.7720227954176527,2.7616158104724837,,,,2,6,Top,,,,,,,6.042797499117944,-138.56409593175923,-4.510965132539565,0.7489015197173924,27.216371476901678,-21.334833864039442,3.67567696975054,1.73288970308014,,,,98,2689,7.6,813042,669257,518692,669242,571771,605141,669743,681624,606192,52.92,,,,,,,,40,2,4-Seam Fastball,0,0,0,0,0,0,0,0,Standard,Strategic,181,-0.002,0.027,,,,-0.027,,0,0,0.562,0.43799999999999994,31,28,32,29,3,2,5,1,7,,1.71,-0.15,-0.15,53.6,,,,,
CH,2025-10-09,88.5,1.91,5.71,"Edman, Tommy",669242,650911,,foul,,,,,14,Foul,D,R,L,LAD,PHI,S,,,1,2,2025,1.54,-0.19,0.16245133017948055,1.1093588210822865,605141,,518692,2,6,Bot,,,,,,,-7.636546509866973,-128.6019254868673,-4.765725788958166,18.693060259937987,29.618749058593725,-33.349896258970595,3.38,1.55,1,,-40,89.8,2035,7.4,813042,592663,547180,681082,664761,607208,596146,669016,592206,53.11,,,,,,,,46,4,Changeup,0,0,0,0,0,0,0,0,Standard,Standard,98,0,0,70.7,7.8,,0,,0,0,0.552,0.552,28,30,29,30,3,2,5,1,,4,3.13,1.54,-1.54,26.8,6.320279345239143,-8.682596046604127,35.293744259834476,40.111970176446675,33.64665999851798
FF,2025-10-09,95.6,-1.55,5.91,"Bohm, Alec",664761,607192,,called_strike,,,,,2,Called Strike,D,R,R,LAD,PHI,S,,,0,0,2025,-0.15,1.21,-0.2582498861122487,3.6900959313661073,,,,2,6,Top,,,,,,,3.8406860596797054,-139.31527945064903,-3.070860205448442,-2.771130145204872,29.39119957811138,-15.916512018636578,3.68912874968398,1.66793327948574,,,,98.4,2629,7.6,813042,669257,518692,669242,571771,605141,669743,681624,606192,52.87,,,,,,,,40,1,4-Seam Fastball,0,0,0,0,0,0,0,0,Standard,Strategic,190,0.003,-0.043,,,,0.043,,0,0,0.559,0.44099999999999995,31,28,32,29,3,2,5,1,7,,1.27,0.15,0.15,57.4,,,,,
CH,2025-10-09,85.4,-3.56,5.34,"Crow-Armstrong, Pete",691718,642547,,swinging_strike,,,,,13,Swinging Strike,D,L,R,CHC,MIL,S,,,1,1,2025,-1.69,0.49,-0.36653138416896547,0.4921635825637374,,,,1,4,Bot,,,,,,,10.902508926156315,-123.76471353928815,-6.046899003795963,-19.6354572802646,25.83405869719395,-25.98653550407342,3.11,1.47,,,,85,2085,6.4,813050,661388,683734,668930,702332,687401,694192,663368,686217,54.14,,,,,,,,31,3,Changeup,3,0,3,0,0,3,3,0,Standard,Standard,250,-0.002,-0.064,,,,0.064,,3,3,0.85,0.85,29,23,29,23,2,1,5,1,5,2,2.67,1.69,-1.69,28.4,,,,,
SI,2025-10-09,96.3,1.74,5.8,"Edman, Tommy",669242,650911,,foul,,,,,11,Foul,D,R,L,LAD,PHI,S,,,1,1,2025,1.49,0.27,-0.8700966289199408,2.964967199157158,605141,,518692,2,6,Bot,,,,,,,-10.421940545179078,-139.85982375120238,-2.5593224473462794,21.96108265471813,31.906774781739614,-28.25545642748133,3.38,1.55,101,61.3,71,97.1,2129,6.9,813042,592663,547180,681082,664761,607208,596146,669016,592206,53.64,,,,,,,,46,3,Sinker,0,0,0,0,0,0,0,0,Standard,Standard,121,-0.019,-0.056,,,,0.056,88.0,0,0,0.571,0.571,28,30,29,30,3,2,5,1,,4,2.2,1.49,-1.49,29.9,,,,,
CH,2025-10-09,87.4,-3.7,5.25,"Crow-Armstrong, Pete",691718,642547,,foul,,,,,13,Foul,D,L,R,CHC,MIL,S,,,1,0,2025,-1.54,0.34,-0.5976945321914446,0.7052151498970143,,,,1,4,Bot,,,,,,,10.628360748555977,-126.70537389826173,-5.41889482068131,-18.85760862504054,27.307610381430234,-27.512395702577795,3.11,1.47,,,,87,2258,6.4,813050,661388,683734,668930,702332,687401,694192,663368,686217,54.14,,,,,,,,31,2,Changeup,3,0,3,0,0,3,3,0,Standard,Standard,249,-0.001,-0.049,,,,0.049,,3,3,0.851,0.851,29,23,29,23,2,1,5,1,5,2,2.68,1.54,-1.54,26.5,,,,,
CU,2025-10-09,80.9,-1.65,6.04,"Harper, Bryce",547180,607192,field_out,hit_into_play,,,,,1,Bryce Harper grounds out to first baseman Freddie Freeman.,D,L,R,LAD,PHI,X,3,ground_ball,1,1,2025,0.45,-1.27,-0.6027899435203969,2.910225047956555,,,,1,6,Top,160.94,163.84,,,,,1.501119653197351,-117.77292661032001,2.203884474175821,3.8317176625996736,24.534764333626722,-44.59797000398384,3.17,1.63,8,81.3,-21,82,2668,7.2,813042,669257,518692,669242,571771,605141,669743,681624,606192,53.28,0.052,0.051,0,1,0,0,2,39,3,Curveball,0,0,0,0,0,0,0,0,Infield shade,Standard,17,0.024,-0.244,73.2,7.4,0.053,0.244,88.0,0,0,0.535,0.46499999999999997,31,32,32,33,3,2,5,1,7,,4.78,-0.45,0.45,56.4,21.02550951253338,-11.521995771030971,28.732518973607792,43.18207688173453,39.917883946683546
FF,2025-10-09,96.6,-1.66,5.88,"Harper, Bryce",547180,607192,,ball,,,,,14,Ball,D,L,R,LAD,PHI,B,,,0,1,2025,0.2,1.24,0.3361116019709636,1.091096163983167,,,,1,6,Top,,,,,,,4.953198128646225,-140.3503822876664,-10.237366815951503,1.6309934885604656,30.4102491762739,-13.746211425551401,3.10682813356961,1.58110451590749,,,,98.9,2634,7.6,813042,669257,518692,669242,571771,605141,669743,681624,606192,52.94,,,,,,,,39,2,4-Seam Fastball,0,0,0,0,0,0,0,0,Infield shade,Standard,192,-0.003,0.029,,,,-0.029,,0,0,0.538,0.46199999999999997,31,32,32,33,3,2,5,1,7,,1.21,-0.2,0.2,52.2,,,,,
FF,2025-10-09,92.2,-3.3,5.8,"Crow-Armstrong, Pete",691718,642547,,ball,,,,,11,Ball,D,L,R,CHC,MIL,B,,,0,0,2025,-0.13,1.23,-0.7963094729770106,3.7626483714424896,,,,1,4,Bot,,,,,,,6.640809510762773,-134.11067926532002,-2.0350324185710735,-2.968028807672122,28.26668028759936,-17.090358740135077,2.96264151255576,1.36526147126762,,,,92.3,2439,6.3,813050,661388,683734,668930,702332,687401,694192,663368,686217,54.19,,,,,,,,31,1,4-Seam Fastball,3,0,3,0,0,3,3,0,Standard,Standard,203,0.001,0.039,,,,-0.039,,3,3,0.85,0.85,29,23,29,23,2,1,5,1,5,2,1.45,0.13,-0.13,41.5,,,,,
CH,2025-10-09,87,1.81,5.82,"Edman, Tommy",669242,650911,,foul,,,,,13,Foul,D,R,L,LAD,PHI,S,,,1,0,2025,1.47,0.18,-0.8795495323013474,2.1799242833670744,605141,,518692,2,6,Bot,,,,,,,-9.561704199306272,-126.34245315358035,-2.916557803615505,17.696991021618768,25.404569075350242,-29.85175320968368,3.38,1.55,5,82.2,-24,87.9,2133,6.9,813042,592663,547180,681082,664761,607208,596146,669016,592206,53.58,,,,,,,,46,2,Changeup,0,0,0,0,0,0,0,0,Standard,Standard,104,-0.007,-0.037,83.6,7.7,,0.037,88.0,0,0,0.578,0.578,28,30,29,30,3,2,5,1,,4,2.84,1.47,-1.47,27.2,20.492983853873604,-32.29468952236931,22.135327365957533,29.340995705915194,46.30715884739864
CH,2025-10-09,88.1,1.83,5.79,"Edman, Tommy",669242,650911,,ball,,,,,13,Ball,D,R,L,LAD,PHI,B,,,0,0,2025,1.5,0.15,-0.9564319419275866,1.979041887049367,605141,,518692,2,6,Bot,,,,,,,-9.993744966027855,-127.85500089825247,-3.4646489775863567,18.531655426744383,26.607901501229204,-29.945838846713173,3.4734013484401,1.65246174942762,,,,89,2147,7,813042,592663,547180,681082,664761,607208,596146,669016,592206,53.46,,,,,,,,46,1,Changeup,0,0,0,0,0,0,0,0,Standard,Standard,107,0.003,0.009,,,,-0.009,,0,0,0.575,0.575,28,30,29,30,3,2,5,1,,4,2.8,1.5,-1.5,26.6,,,,,
CU,2025-10-09,78.6,-3.43,5.6,"Kelly, Carson",608348,642547,strikeout,swinging_strike,,,,,9,Carson Kelly strikes out swinging.,D,R,R,CHC,MIL,S,2,,2,2,2025,0.53,-0.34,0.5661960442576821,1.653558077425176,,,,0,4,Bot,,,,,,,7.706039124296014,-114.38107545391284,-1.1087512588194726,3.32549337893953,19.895231301537518,-35.221620984845025,3.39,1.67,,,,79,2271,6.5,813050,661388,683734,668930,702332,687401,694192,663368,686217,54.04,,0,0,1,0,0,,30,5,Curveball,3,0,3,0,0,3,3,0,Strategic,Standard,81,-0.009,-0.232,,,,0.232,,3,3,0.859,0.859,29,30,29,31,2,1,5,1,5,2,4.02,-0.53,-0.53,42.2,,,,,
CU,2025-10-09,80.9,-1.58,6.04,"Harper, Bryce",547180,607192,,called_strike,,,,,1,Called Strike,D,L,R,LAD,PHI,S,,,0,0,2025,0.4,-1.44,-0.8240634324550485,2.783463427084052,,,,1,6,Top,,,,,,,0.9450559857708211,-117.64180546582331,2.291659977866839,3.4450435789286074,25.209149345640547,-46.18754923911193,3.16789552382513,1.61541067746587,,,,81.8,2784,7.2,813042,669257,518692,669242,571771,605141,669743,681624,606192,53.28,,,,,,,,39,1,Curveball,0,0,0,0,0,0,0,0,Infield shade,Standard,19,0.004,-0.039,,,,0.039,,0,0,0.534,0.46599999999999997,31,32,32,33,3,2,5,1,7,,4.97,-0.4,0.4,56.0,,,,,
SI,2025-10-09,96.3,1.84,5.77,"Freeman, Freddie",518692,650911,force_out,hit_into_play,,,,,6,"Freddie Freeman grounds into a force out, second baseman Bryson Stott to shortstop Trea Turner. Mookie Betts to 3rd. Teoscar Hernández out at 2nd. Freddie Freeman to 1st.",D,L,L,LAD,PHI,X,4,ground_ball,0,1,2025,1.46,0.2,0.5139391965878279,2.648979126263063,,605141,606192,1,6,Bot,131.91,144.73,,,,,-6.899883126608689,-140.0953173000128,-3.163536709897579,20.770696612870566,31.860260380484874,-29.073729631437843,3.7,1.79,7,81.8,-20,97.2,2170,6.9,813042,592663,547180,681082,664761,607208,596146,669016,592206,53.64,0.049,0.046,0,1,0,0,2,45,2,Sinker,0,0,0,0,0,0,0,0,Standard,Standard,122,-0.045,-0.281,67.8,5.8,0.068,0.281,88.0,0,0,0.62,0.62,28,35,29,36,3,2,5,1,,4,2.26,1.46,1.46,28.9,-4.797098713468407,18.001500730572953,47.01503989778812,35.57852891142478,16.337197900843993
CU,2025-10-09,84,-1.52,6.05,"Schwarber, Kyle",656941,607192,strikeout,swinging_strike_blocked,,,,,13,Kyle Schwarber strikes out swinging.,D,L,R,LAD,PHI,S,2,,0,2,2025,0.45,-1.38,-0.40214437098244915,0.7064047415911814,,,,0,6,Top,,,,,,,1.733416065894875,-122.32875735011892,-3.240916900714836,4.091325947047954,25.7899922344421,-45.49211653069347,3.23,1.49,,,,85.4,2977,7.3,813042,669257,518692,669242,571771,605141,669743,681624,606192,53.18,,0,0,1,0,0,,38,3,Curveball,0,0,0,0,0,0,0,0,Infield shade,Standard,19,0.02,-0.165,67.4,8.8,,0.165,,0,0,0.514,0.486,31,32,32,32,3,2,5,1,7,,4.62,-0.45,0.45,57.9,24.112918055680645,-51.94839742076636,27.59622435379799,39.06205300920111,61.0883298119618
FF,2025-10-09,91.6,-3.53,5.54,"Kelly, Carson",608348,642547,,ball,,,,,12,Ball,D,R,R,CHC,MIL,B,,,1,2,2025,-0.46,1.4,0.2731409440296685,4.072631083346529,,,,0,4,Bot,,,,,,,10.580902911417136,-132.99933757264068,-0.8426437942611811,-7.6770015613854765,27.60350928601331,-15.586535828523242,3.30299336954575,1.67364901503064,,,,91.7,2434,6.4,813050,661388,683734,668930,702332,687401,694192,663368,686217,54.12,,,,,,,,30,4,4-Seam Fastball,3,0,3,0,0,3,3,0,Strategic,Standard,213,0.002,0.043,,,,-0.043,,3,3,0.857,0.857,29,30,29,31,2,1,5,1,5,2,1.33,0.46,0.46,37.1,,,,,
SI,2025-10-09,95.9,1.8,5.81,"Freeman, Freddie",518692,650911,,swinging_strike,,,,,4,Swinging Strike,D,L,L,LAD,PHI,S,,,0,0,2025,1.22,0.33,-0.557977063937835,2.428090270607288,,605141,606192,1,6,Bot,,,,,,,-9.100895656364,-139.45711101818512,-4.158696311462005,17.90155093669292,29.99493068905455,-27.123859064168744,3.7,1.79,,,,97.3,2118,7,813042,592663,547180,681082,664761,607208,596146,669016,592206,53.48,,,,,,,,45,1,Sinker,0,0,0,0,0,0,0,0,Standard,Standard,119,-0.01,-0.033,70.0,6.9,,0.033,,0,0,0.63,0.63,28,35,29,36,3,2,5,1,,4,2.14,1.22,1.22,33.5,2.7629739149289594,12.198764241993544,41.7526632260018,49.23381541706117,13.575224139703518
FF,2025-10-09,96.3,-1.62,5.86,"Schwarber, Kyle",656941,607192,,called_strike,,,,,5,Called Strike,D,L,R,LAD,PHI,S,,,0,1,2025,0.06,1.33,0.24162687973098237,2.382772368623755,,,,0,6,Top,,,,,,,4.9294958957912955,-140.06837742261527,-6.87885928290089,-0.21976226804713606,29.84054078481117,-13.251051912595639,3.26155538695127,1.53254421634492,,,,99,2642,7.7,813042,669257,518692,669242,571771,605141,669743,681624,606192,52.81,,,,,,,,38,2,4-Seam Fastball,0,0,0,0,0,0,0,0,Infield shade,Standard,192,0.009,-0.055,,,,0.055,,0,0,0.505,0.495,31,32,32,32,3,2,5,1,7,,1.11,-0.06,0.06,54.6,,,,,
SL,2025-10-09,82.1,-3.52,5.48,"Kelly, Carson",608348,642547,,ball,,,,,12,Ball,D,R,R,CHC,MIL,B,,,0,2,2025,0.63,0.28,1.1686547812449704,2.695197811631801,,,,0,4,Bot,,,,,,,9.42368640412504,-119.29384164145834,-0.24983225193177439,4.1340543082479915,23.605118700598933,-29.669926946776382,3.26859022330841,1.61017690705749,,,,82.2,2401,6.5,813050,661388,683734,668930,702332,687401,694192,663368,686217,54,,,,,,,,30,3,Slider,3,0,3,0,0,3,3,0,Strategic,Standard,77,0.001,0.024,,,,-0.024,,3,3,0.856,0.856,29,30,29,31,2,1,5,1,5,2,3.12,-0.63,-0.63,34.1,,,,,
FF,2025-10-09,95.9,-1.59,5.91,"Schwarber, Kyle",656941,607192,,called_strike,,,,,6,Called Strike,D,L,R,LAD,PHI,S,,,0,0,2025,-0.23,1.19,0.6421856965853152,2.594889197680838,,,,0,6,Top,,,,,,,6.618227914364051,-139.58073250393642,-6.0328609667047,-4.483795757027962,29.496748658318594,-15.388624187750924,3.29187599615656,1.64172592363878,,,,98.6,2490,7.7,813042,669257,518692,669242,571771,605141,669743,681624,606192,52.83,,,,,,,,38,1,4-Seam Fastball,0,0,0,0,0,0,0,0,Infield shade,Standard,189,0.005,-0.039,,,,0.039,,0,0,0.5,0.5,31,32,32,32,3,2,5,1,7,,1.27,0.23,-0.23,57.1,,,,,
SI,2025-10-09,95.3,1.76,5.76,"Hernández, Teoscar",606192,650911,single,hit_into_play,,,,,9,Teoscar Hernández singles on a line drive to right fielder Nick Castellanos. Mookie Betts to 2nd.,D,R,L,LAD,PHI,X,9,line_drive,0,2,2025,1.37,0.1,0.39192036479006465,1.9254596753157238,,,605141,1,6,Bot,179.69,116.21,,,,,-6.765073367814359,-138.6674867517531,-4.712875276058076,19.196199569048336,30.996758281606894,-30.040427791756485,3.47,1.61,158,98.4,7,96.5,2048,7,813042,592663,547180,681082,664761,607208,596146,669016,592206,53.54,0.592,0.546,0.9,1,1,0,4,44,4,Sinker,0,0,0,0,0,0,0,0,Standard,Standard,122,0.069,0.493,69.8,7.3,0.654,-0.493,98.4,0,0,0.561,0.561,28,32,29,33,3,2,5,1,,4,2.41,1.37,-1.37,30.8,1.54793917913825,18.10934666445694,34.042854792072475,41.24214428680034,18.74816447439938
CH,2025-10-09,86.8,-3.62,5.4,"Kelly, Carson",608348,642547,,foul,,,,,9,Foul,D,R,R,CHC,MIL,S,,,0,1,2025,-1.35,0.47,0.29695830010430213,1.7981896176128545,,,,0,4,Bot,,,,,,,12.115737749479921,-125.87461106893103,-3.359038148312841,-16.821210372412757,25.120166127530638,-26.64133845904935,3.39,1.67,3,45.2,-33,86.7,2062,6.4,813050,661388,683734,668930,702332,687401,694192,663368,686217,54.14,,,,,,,,30,2,Changeup,3,0,3,0,0,3,3,0,Strategic,Standard,247,-0.003,-0.055,,,,0.055,88.0,3,3,0.859,0.859,29,30,29,31,2,1,5,1,5,2,2.57,1.35,1.35,28.3,,,,,
CH,2025-10-09,87,1.89,5.74,"Hernández, Teoscar",606192,650911,,foul,,,,,14,Foul,D,R,L,LAD,PHI,S,,,0,2,2025,1.27,-0.29,1.1886504274711394,2.46289270839034,,,605141,1,6,Bot,,,,,,,-4.343961933185723,-126.65854124312294,-1.056902075687697,14.565344984136178,27.23918175956257,-35.30610436122278,3.47,1.61,1,68.5,-58,87.6,2046,6.8,813042,592663,547180,681082,664761,607208,596146,669016,592206,53.74,,,,,,,,44,3,Changeup,0,0,0,0,0,0,0,0,Standard,Standard,104,0,0,67.8,8.0,,0,88.0,0,0,0.561,0.561,28,32,29,33,3,2,5,1,,4,3.31,1.27,-1.27,25.7,7.398395984783839,-3.978939169016446,23.34494176466747,51.50926669088428,32.76967140527955
SL,2025-10-09,89.6,-1.79,5.82,"Turner, Trea",607208,607192,field_out,hit_into_play,,,,,9,"Trea Turner grounds out softly, second baseman Tommy Edman to first baseman Freddie Freeman.",D,R,R,LAD,PHI,X,4,ground_ball,0,0,2025,0.27,-0.24,0.30961405869755443,2.076670777168488,,596146,,2,5,Top,144.72,157.26,,,,,4.733914468826029,-130.55926273096543,-2.911435054407634,2.299731356061941,22.566900944753677,-34.60932202070338,3.48,1.69,4,69,-30,92.4,2731,7.5,813042,669257,518692,669242,571771,605141,669743,681624,606192,53,0.069,0.067,0,1,0,0,2,33,1,Slider,0,0,0,0,0,0,0,0,Standard,Standard,43,0.046,-0.288,75.8,8.0,0.073,0.288,88.0,0,0,0.521,0.479,31,32,32,32,3,2,5,1,7,,3.03,-0.27,-0.27,50.6,3.8885046535391425,-11.729445516048937,28.112780215894468,39.80312479741265,37.233235102226544
SL,2025-10-09,81.3,-3.65,5.5,"Kelly, Carson",608348,642547,,foul,,,,,4,Foul,D,R,R,CHC,MIL,S,,,0,0,2025,0.51,0.4,-0.5203783346192441,2.567365956926299,,,,0,4,Bot,,,,,,,6.042460578941289,-118.23078535281829,-0.6846942507533954,3.5780608429370884,23.9742574170814,-28.554686846639463,3.39,1.67,96,85.4,82,81.2,2327,6.4,813050,661388,683734,668930,702332,687401,694192,663368,686217,54.12,,,,,,,,30,1,Slider,3,0,3,0,0,3,3,0,Strategic,Standard,104,-0.001,-0.039,,,,0.039,88.0,3,3,0.86,0.86,29,30,29,31,2,1,5,1,5,2,3.07,-0.51,-0.51,35.9,,,,,
SI,2025-10-09,96.7,1.72,5.78,"Hernández, Teoscar",606192,650911,,swinging_strike,,,,,13,Swinging Strike,D,R,L,LAD,PHI,S,,,0,1,2025,1.32,0.15,-0.8416286939124262,1.8663459337231565,,,605141,1,6,Bot,,,,,,,-9.969050113199364,-140.49391332864448,-5.3045038577266475,19.729122902039457,29.509131152944388,-29.192830730394125,3.47,1.61,,,,98.2,2154,7,813042,592663,547180,681082,664761,607208,596146,669016,592206,53.47,,,,,,,,44,2,Sinker,0,0,0,0,0,0,0,0,Standard,Standard,122,-0.011,-0.047,73.5,7.5,,0.047,,0,0,0.572,0.572,28,32,29,33,3,2,5,1,,4,2.28,1.32,-1.32,29.3,11.693968843196508,-5.567303803205511,40.85733585252665,26.89856033991365,30.348082547723294
FF,2025-10-09,97.6,-1.47,5.81,"Stott, Bryson",681082,607192,strikeout,swinging_strike,,,,,5,Bryson Stott strikes out swinging. Max Kepler steals (1) 2nd base.,D,L,R,LAD,PHI,S,2,,1,2,2025,0.12,1.35,0.034788786809331014,2.459652476336401,,,596146,1,5,Top,,,,,,,3.9018784421913093,-142.0345978795181,-6.80184376572397,0.7358272841901009,32.382723804842165,-12.555471213809517,3.31,1.59,,,,100.5,2752,7.9,813042,669257,518692,669242,571771,605141,669743,681624,606192,52.61,,0,0,1,0,0,,32,4,4-Seam Fastball,0,0,0,0,0,0,0,0,Standard,Standard,190,0.012,-0.178,67.6,6.3,,0.178,,0,0,0.509,0.491,31,27,32,28,2,1,5,1,7,,1.04,-0.12,0.12,50.8,-5.209152005464675,17.02620405864517,38.589800814586894,30.91663133211393,18.398445727938142
SL,2025-10-09,82.3,-3.53,5.43,"Happ, Ian",664023,642547,field_out,hit_into_play,,,,,4,Ian Happ flies out to right fielder Sal Frelick.,D,L,R,CHC,MIL,X,9,fly_ball,2,2,2025,0.25,0.13,-0.4415560018966761,2.3517776824871377,,,,2,3,Bot,197.28,82.26,,,,,6.5424317104488,-119.76356681058861,-0.6979871824351327,1.112210632741787,23.509673736000977,-31.043879019917103,3.53,1.64,354,101.8,38,82.4,2250,6.4,813050,661388,683734,668930,702332,687401,694192,663368,686217,54.08,0.346,0.6897222222222222,0,1,0,0,5,26,6,Slider,3,0,3,0,0,3,3,0,Strategic,Standard,97,-0.004,-0.224,,,1.359,0.224,101.8,3,3,0.818,0.818,29,30,29,31,2,1,5,1,5,2,3.24,-0.25,0.25,36.3,,,,,
CU,2025-10-09,77.2,-3.41,5.6,"Happ, Ian",664023,642547,,foul,,,,,9,Foul,D,L,R,CHC,MIL,S,,,2,2,2025,0.54,-0.4,0.4080965870679069,1.6166176468491953,,,,2,3,Bot,,,,,,,7.114805012975157,-112.1948472157877,-0.7793037528723454,3.3063643990388467,20.306937752235598,-35.58939617644745,3.53,1.64,316,97.4,26,77,2336,6.2,813050,661388,683734,668930,702332,687401,694192,663368,686217,54.26,,,,,,,,26,5,Curveball,3,0,3,0,0,3,3,0,Strategic,Standard,60,0,0,,,,0,97.4,3,3,0.818,0.818,29,30,29,31,2,1,5,1,5,2,4.23,-0.54,0.54,36.5,,,,,
CH,2025-10-09,86.7,1.87,5.79,"Hernández, Teoscar",606192,650911,,foul,,,,,6,Foul,D,R,L,LAD,PHI,S,,,0,0,2025,1.21,-0.16,0.47699651263041587,2.7110006098409807,,,605141,1,6,Bot,,,,,,,-5.8676067373496,-126.11787676595776,-0.839025118145119,14.114047487421576,24.972373308748,-33.96787657620266,3.47,1.61,,,,87.8,1959,6.9,813042,592663,547180,681082,664761,607208,596146,669016,592206,53.57,,,,,,,,44,1,Changeup,0,0,0,0,0,0,0,0,Standard,Standard,104,-0.006,-0.04,76.7,8.5,,0.04,,0,0,0.578,0.578,28,32,29,33,3,2,5,1,,4,3.19,1.21,-1.21,29.1,20.29301682246402,-19.5191195982976,24.345965563544457,43.89499239276406,39.51799327036881
CU,2025-10-09,82.8,-1.6,5.98,"Stott, Bryson",681082,607192,,foul,,,,,4,Foul,D,L,R,LAD,PHI,S,,,1,1,2025,0.36,-1.48,-0.5987262120172565,2.478985490633727,,,596146,1,5,Top,,,,,,,1.6163096149415286,-120.3935085601491,1.5580763664023045,3.056442434105328,27.351355754752504,-46.96728682254997,3.31,1.59,207,74.6,52,83.7,2888,7.3,813042,669257,518692,669242,571771,605141,669743,681624,606192,53.21,,,,,,,,32,3,Curveball,0,0,0,0,0,0,0,0,Standard,Standard,17,0.01,-0.056,64.3,6.3,,0.056,88.0,0,0,0.499,0.501,31,27,32,28,2,1,5,1,7,,4.85,-0.36,0.36,54.2,3.574008818820993,21.157173685855927,25.9222968603699,38.15236731799325,23.929697124116167
CU,2025-10-09,83.8,-1.53,5.97,"Stott, Bryson",681082,607192,,blocked_ball,,,,,13,Ball In Dirt,D,L,R,LAD,PHI,B,,,0,1,2025,0.48,-1.41,-0.02945270871622052,-0.6274794613091954,,,596146,1,5,Top,,,,,,,2.5596530828348407,-121.8383093424891,-6.029096796288686,4.189578154557826,27.586916846135107,-44.907995660678466,3.17370113048381,1.58395410826798,,,,84.9,2938,7.4,813042,669257,518692,669242,571771,605141,669743,681624,606192,53.11,,,,,,,,32,2,Curveball,0,0,0,0,0,0,0,0,Standard,Standard,17,-0.004,0.019,,,,-0.019,,0,0,0.503,0.497,31,27,32,28,2,1,5,1,7,,4.7,-0.48,0.48,54.8,,,,,
CH,2025-10-09,88.2,1.78,5.82,"Betts, Mookie",605141,650911,single,hit_into_play,,,,,9,Mookie Betts singles on a line drive to left fielder Max Kepler.,D,R,L,LAD,PHI,X,7,line_drive,0,1,2025,1.45,0.15,0.3571207388367472,1.7777220172559063,,,,1,6,Bot,84.59,125.45,,,,,-6.59156099260975,-128.35904819885516,-4.1058023267200365,17.439586991127992,26.038859166515646,-29.89598577177667,3.22,1.52,212,83.9,18,89.5,2134,7,813042,592663,547180,681082,664761,607208,596146,669016,592206,53.45,0.929,0.89,0.9,1,1,0,4,43,2,Changeup,0,0,0,0,0,0,0,0,Standard,Standard,109,0.04,0.453,73.9,7.5,1.071,-0.453,88.0,0,0,0.538,0.538,28,32,29,33,3,2,5,1,,4,2.78,1.45,-1.45,29.1,13.423523837227656,-6.065750781976948,37.95550238169969,42.274173380164065,38.304033740802915
CU,2025-10-09,79.4,-3.44,5.63,"Happ, Ian",664023,642547,,swinging_strike,,,,,8,Swinging Strike,D,L,R,CHC,MIL,S,,,2,1,2025,0.19,-0.17,-0.0916087886234232,1.628847945361552,,,,2,3,Bot,,,,,,,6.969479634292537,-115.46840687752622,-1.617917994353582,0.3408481812762157,22.871755496006756,-33.63339399564663,3.53,1.64,,,,79.2,2360,6.3,813050,661388,683734,668930,702332,687401,694192,663368,686217,54.18,,,,,,,,26,4,Curveball,3,0,3,0,0,3,3,0,Strategic,Standard,80,-0.002,-0.073,,,,0.073,,3,3,0.82,0.82,29,30,29,31,2,1,5,1,5,2,3.81,-0.19,0.19,35.8,,,,,
SI,2025-10-09,92.4,2.1,5.42,"Yelich, Christian",592885,571510,strikeout,swinging_strike,,,,,12,Christian Yelich strikes out swinging.,D,L,L,CHC,MIL,S,2,,2,2,2025,1.68,0.9,1.2762375140174524,2.5821769752331263,686217,663368,,1,5,Top,,,,,,,-5.766802705037675,-134.3372001889039,-3.3418331829548196,21.566648599400537,30.503590466170195,-20.81584418483855,3.3,1.72,,,,92.4,2400,6.4,813050,608348,683737,663538,807713,621020,664023,691718,673548,54.06,,0,0,1,0,0,,36,5,Sinker,3,0,0,3,0,3,0,3,Standard,Standard,125,0.068,-0.317,,,,0.317,,3,-3,0.758,0.242,34,33,34,34,3,2,5,1,,2,1.79,1.68,1.68,22.8,,,,,
CH,2025-10-09,87,-3.67,5.2,"Happ, Ian",664023,642547,,called_strike,,,,,8,Called Strike,D,L,R,CHC,MIL,S,,,2,0,2025,-1.43,0.22,0.1418509142920379,1.936619254205095,,,,2,3,Bot,,,,,,,12.01588378869717,-126.1830204440404,-2.034055523438816,-17.722103536067277,25.946898532037274,-29.644550494760697,3.36874922005156,1.5711613141006,,,,86.6,2169,6.2,813050,661388,683734,668930,702332,687401,694192,663368,686217,54.27,,,,,,,,26,3,Changeup,3,0,3,0,0,3,3,0,Strategic,Standard,252,-0.001,-0.066,,,,0.066,,3,3,0.821,0.821,29,30,29,31,2,1,5,1,5,2,2.82,1.43,-1.43,28.5,,,,,
SI,2025-10-09,95.2,1.7,5.82,"Betts, Mookie",605141,650911,,called_strike,,,,,9,Called Strike,D,R,L,LAD,PHI,S,,,0,0,2025,1.45,0.39,0.4277865061468942,1.749841664351221,,,,1,6,Bot,,,,,,,-6.705336510338054,-138.48061365522926,-6.0001769616878065,20.148787659869136,31.19740839697008,-26.005756087963167,3.25957363892659,1.45428096349909,,,,96.8,2051,7.2,813042,592663,547180,681082,664761,607208,596146,669016,592206,53.27,,,,,,,,43,1,Sinker,0,0,0,0,0,0,0,0,Standard,Standard,120,-0.004,-0.039,,,,0.039,,0,0,0.542,0.542,28,32,29,33,3,2,5,1,,4,2.13,1.45,-1.45,28.8,,,,,
FF,2025-10-09,97.4,-1.76,5.74,"Stott, Bryson",681082,607192,,swinging_strike,,,,,12,Swinging Strike,D,L,R,LAD,PHI,S,,,0,0,2025,0.26,1.29,0.19705487835925067,3.714980444744599,,,596146,1,5,Top,,,,,,,4.768071074032592,-141.76656651651737,-2.952206715394325,2.42259358204335,32.382916594089764,-14.295083745831484,3.31,1.59,,,,99.8,2577,7.6,813042,669257,518692,669242,571771,605141,669743,681624,606192,52.89,,,,,,,,32,1,4-Seam Fastball,0,0,0,0,0,0,0,0,Standard,Standard,188,0.006,-0.04,70.1,6.4,,0.04,,0,0,0.497,0.503,31,27,32,28,2,1,5,1,7,,1.11,-0.26,0.26,48.5,10.824800521422064,4.661530717115092,21.79169107234314,29.14941130902553,27.957429481653374
CH,2025-10-09,77.6,2.51,5.31,"Yelich, Christian",592885,571510,,ball,,,,,13,Ball,D,L,L,CHC,MIL,B,,,1,2,2025,1.54,0.39,-0.4450919003339451,1.4326744029509895,686217,663368,,1,5,Top,,,,,,,-9.153408439536275,-112.72068794094982,-2.066961210256455,14.786470942316013,20.200622514090355,-28.673473262536017,3.11581904118227,1.5780750062124,,,,77.7,1813,6.4,813050,608348,683737,663538,807713,621020,664023,691718,673548,54.07,,,,,,,,36,4,Changeup,3,0,0,3,0,3,0,3,Standard,Standard,111,-0.012,0.038,,,,-0.038,,3,-3,0.77,0.22999999999999998,34,33,34,34,3,2,5,1,,2,3.4,1.54,1.54,26.1,,,,,
SL,2025-10-09,83.8,-3.64,5.36,"Happ, Ian",664023,642547,,ball,,,,,14,Ball,D,L,R,CHC,MIL,B,,,1,0,2025,0.17,0.21,0.5936455310060982,1.1587540185477292,,,,2,3,Bot,,,,,,,9.418295040487571,-121.75462261421113,-3.6897917684754735,-0.12917952771811095,24.0949861363501,-29.523570290397984,3.4527856099983,1.56754251883628,,,,83.7,2340,6.3,813050,661388,683734,668930,702332,687401,694192,663368,686217,54.18,,,,,,,,26,2,Slider,3,0,3,0,0,3,3,0,Strategic,Standard,145,0.001,0.065,,,,-0.065,,3,3,0.82,0.82,29,30,29,31,2,1,5,1,5,2,3.05,-0.17,0.17,31.8,,,,,
CH,2025-10-09,87.4,1.82,5.84,"Ohtani, Shohei",660271,650911,strikeout,swinging_strike,,,,,7,Shohei Ohtani strikes out swinging.,D,L,L,LAD,PHI,S,2,,0,2,2025,1.22,0.06,-0.5813943242073605,1.6374567145074073,,,,0,6,Bot,,,,,,,-8.38498409275642,-126.97343348513535,-4.139885380303038,14.931123250905536,24.76788762793042,-30.914621957111095,3.51,1.65,,,,88.3,2053,6.8,813042,592663,547180,681082,664761,607208,596146,669016,592206,53.66,,0,0,1,0,0,,42,3,Changeup,0,0,0,0,0,0,0,0,Strategic,Standard,111,-0.02,-0.165,64.6,9.0,,0.165,,0,0,0.562,0.562,28,30,29,31,3,2,5,1,,4,2.92,1.22,1.22,28.9,25.74756891342721,-22.60520420323425,34.89578373908879,47.810195196834336,40.45206744328474
CH,2025-10-09,77.1,2.49,5.26,"Yelich, Christian",592885,571510,,ball,,,,,13,Ball,D,L,L,CHC,MIL,B,,,0,2,2025,1.35,0.07,-0.4166768725596284,0.6736861783410499,686217,663368,,1,5,Top,,,,,,,-8.615069166676546,-111.90334808533254,-2.8854548336864383,12.877203342129933,19.846724022895852,-31.29209143013977,3.09384433758959,1.61580950904067,,,,77.1,1677,6.4,813050,608348,683737,663538,807713,621020,664023,691718,673548,54.13,,,,,,,,36,3,Changeup,3,0,0,3,0,3,0,3,Standard,Standard,109,-0.008,0.004,,,,-0.004,,3,-3,0.778,0.22199999999999998,34,33,34,34,3,2,5,1,,2,3.78,1.35,1.35,24.8,,,,,
SL,2025-10-09,90,-1.79,5.79,"Castellanos, Nick",592206,607192,strikeout,swinging_strike,,,,,9,Nick Castellanos strikes out swinging.,D,R,R,LAD,PHI,S,2,,1,2,2025,0.3,-0.55,0.3362720834355936,2.1984256354717178,,,596146,0,5,Top,,,,,,,4.77324589680457,-131.04885431246984,-1.80701379114186,2.4145113642368727,27.227429531765118,-38.33855510560523,3.91,1.87,,,,92.2,2690,7.5,813042,669257,518692,669242,571771,605141,669743,681624,606192,52.97,,0,0,1,0,0,,31,6,Slider,0,0,0,0,0,0,0,0,Standard,Standard,57,0.031,-0.165,71.5,8.6,,0.165,,0,0,0.466,0.534,31,33,32,33,2,1,5,1,7,,3.36,-0.3,-0.3,48.4,19.73809230443488,-23.038164781457763,33.47999019508588,40.46574950646365,41.49735226604308
FF,2025-10-09,93.4,-3.33,5.66,"Happ, Ian",664023,642547,,ball,,,,,13,Ball,D,L,R,CHC,MIL,B,,,0,0,2025,-0.37,1.46,-1.163622279981631,1.873811916991297,,,,2,3,Bot,,,,,,,6.395693595990244,-135.72722387012902,-7.189089582253819,-6.042360247301061,30.020311244169914,-12.752799642050768,3.35477054678379,1.55675130679325,,,,93.2,2429,6.3,813050,661388,683734,668930,702332,687401,694192,663368,686217,54.24,,,,,,,,26,1,4-Seam Fastball,3,0,3,0,0,3,3,0,Strategic,Standard,211,0.001,0.037,,,,-0.037,,3,3,0.819,0.819,29,30,29,31,2,1,5,1,5,2,1.16,0.37,-0.37,39.8,,,,,
SI,2025-10-09,96,1.72,5.82,"Ohtani, Shohei",660271,650911,,foul,,,,,14,Foul,D,L,L,LAD,PHI,S,,,0,1,2025,1.5,0.21,1.1026476224888808,1.9898751820988156,,,,0,6,Bot,,,,,,,-5.102338373844704,-139.68680547526492,-5.083199713117118,20.75248468229114,30.69709529285845,-28.545169263463677,3.51,1.65,2,78.7,-43,97.3,2155,7,813042,592663,547180,681082,664761,607208,596146,669016,592206,53.51,,,,,,,,42,2,Sinker,0,0,0,0,0,0,0,0,Infield shade,Standard,119,-0.009,-0.055,74.7,7.2,,0.055,88.0,0,0,0.571,0.571,28,30,29,31,3,2,5,1,,4,2.26,1.5,1.5,30.3,0.9404878719967374,9.52324545994357,45.916252928800354,27.685906029426295,21.058493839422123
SI,2025-10-09,92.1,2.13,5.5,"Yelich, Christian",592885,571510,,foul,,,,,6,Foul,D,L,L,CHC,MIL,S,,,0,1,2025,1.61,0.63,0.5937513182435512,2.3626819331953595,686217,663368,,1,5,Top,,,,,,,-7.421607995203171,-133.93216107402117,-3.4614337456046558,21.038582702602003,30.641696179671875,-24.07359599392436,3.3,1.72,,,,92,2412,6.4,813050,608348,683737,663538,807713,621020,664023,691718,673548,54.08,,,,,,,,36,2,Sinker,3,0,0,3,0,3,0,3,Standard,Standard,128,0.02,-0.083,,,,0.083,,3,-3,0.758,0.242,34,33,34,34,3,2,5,1,,2,2.08,1.61,1.61,22.8,,,,,
CU,2025-10-09,82.4,-1.43,6.01,"Castellanos, Nick",592206,607192,,foul,,,,,4,Foul,D,R,R,LAD,PHI,S,,,1,2,2025,0.53,-1.39,-0.8254485864402294,2.9771274980064995,,,596146,0,5,Top,,,,,,,0.33416685852526556,-119.94752307654839,2.4582385336114925,5.021151958808343,25.551793823380457,-46.25062187330477,3.91,1.87,8,70.6,-21,83.6,2805,7.3,813042,669257,518692,669242,571771,605141,669743,681624,606192,53.2,,,,,,,,31,5,Curveball,0,0,0,0,0,0,0,0,Standard,Standard,21,0,0,71.1,7.1,,0,88.0,0,0,0.466,0.534,31,33,32,33,2,1,5,1,7,,4.77,-0.53,-0.53,57.6,11.629994069797837,-9.892004675521601,34.45923293790837,27.354548049788928,32.98516226101425
SI,2025-10-09,96.2,1.7,5.88,"Ohtani, Shohei",660271,650911,,called_strike,,,,,9,Called Strike,D,L,L,LAD,PHI,S,,,0,0,2025,1.52,0.26,0.6392290032741079,2.0687731187651552,,,,0,6,Bot,,,,,,,-6.339832249145437,-140.04827684177937,-5.236479164084883,21.378383257317623,29.079369597295436,-27.747612623166358,3.43581239691166,1.52757079821691,,,,97.7,2133,6.9,813042,592663,547180,681082,664761,607208,596146,669016,592206,53.58,,,,,,,,42,1,Sinker,0,0,0,0,0,0,0,0,Infield shade,Standard,123,-0.005,-0.039,,,,0.039,,0,0,0.576,0.576,28,30,29,31,3,2,5,1,,4,2.18,1.52,1.52,30.5,,,,,
CH,2025-10-09,87.5,-3.69,5.2,"Suzuki, Seiya",673548,642547,field_out,hit_into_play,,,,,9,"Seiya Suzuki grounds out, shortstop Joey Ortiz to first baseman Andrew Vaughn.",D,R,R,CHC,MIL,X,6,ground_ball,3,2,2025,-1.34,0.05,0.5612194698816508,1.351109699122783,,,,1,3,Bot,113.76,159.21,,,,,13.029783371221187,-126.65709197739157,-3.169946907435384,-17.1160875035063,26.892012071559485,-31.162486308938472,3.15,1.42,4,71,-21,87.5,2054,6.7,813050,661388,683734,668930,702332,687401,694192,663368,686217,53.83,0.041,0.042,0,1,0,0,2,25,7,Changeup,3,0,3,0,0,3,3,0,Strategic,Standard,251,-0.011,-0.332,,,0.042,0.332,88.0,3,3,0.83,0.83,29,30,29,31,2,1,5,1,5,2,2.97,1.34,1.34,30.4,,,,,
FF,2025-10-09,96.7,-1.44,5.9,"Castellanos, Nick",592206,607192,,foul,,,,,2,Foul,D,R,R,LAD,PHI,S,,,1,2,2025,0.17,1.29,0.20395838180203107,3.4748809927639006,,,596146,0,5,Top,,,,,,,4.084269809144961,-140.87842450625448,-3.997549711090236,1.384380437732278,30.57211027928541,-14.2239992995579,3.91,1.87,207,74.9,21,99.3,2652,7.6,813042,669257,518692,669242,571771,605141,669743,681624,606192,52.93,,,,,,,,31,4,4-Seam Fastball,0,0,0,0,0,0,0,0,Standard,Standard,182,0,0,67.4,6.5,,0,88.0,0,0,0.466,0.534,31,33,32,33,2,1,5,1,7,,1.13,-0.17,-0.17,53.6,-1.9349437012756487,15.984211189127784,33.44591831720249,39.3319465096712,16.281350777301007
SI,2025-10-09,91.7,2.13,5.52,"Yelich, Christian",592885,571510,,called_strike,,,,,12,Called Strike,D,L,L,CHC,MIL,S,,,0,0,2025,1.47,0.92,0.5043869222442248,3.627331190506788,686217,663368,,1,5,Top,,,,,,,-7.2919388951949635,-133.38343223015386,-0.8903120543992826,19.119154833417834,29.995452264993453,-21.2687263379761,3.24992614778633,1.76368444412582,,,,91.6,2378,6.3,813050,608348,683737,663538,807713,621020,664023,691718,673548,54.16,,,,,,,,36,1,Sinker,3,0,0,3,0,3,0,3,Standard,Standard,127,0.012,-0.051,,,,0.051,,3,-3,0.746,0.254,34,33,34,34,3,2,5,1,,2,1.8,1.47,1.47,23.7,,,,,
CH,2025-10-09,88.2,1.88,5.79,"Pages, Andy",681624,650911,force_out,hit_into_play,,,,,6,"Andy Pages grounds into a force out, third baseman Alec Bohm to second baseman Bryson Stott. Alex Call out at 2nd.",D,R,L,LAD,PHI,X,5,ground_ball,0,1,2025,1.23,-0.28,0.6155575793165338,2.4005756199808594,,,669743,2,5,Bot,106.21,169.92,,,,,-5.71152746721931,-128.42786773242932,-1.5926775384870404,14.80013968166201,26.270579487200337,-35.10898628029876,3.52,1.6,13,86.4,-11,89.3,2036,6.9,813042,592663,547180,681082,664761,607208,596146,669016,592206,53.59,0.129,0.116,0,1,0,0,2,37,2,Changeup,0,0,0,0,0,0,0,0,Standard,Standard,106,-0.026,-0.229,75.8,8.3,0.151,0.229,88.0,0,0,0.526,0.526,28,24,29,25,2,1,5,1,,4,3.2,1.23,-1.23,26.4,13.427070175399033,-11.742283725250752,35.258035345335095,44.47152598198187,37.16771649218336
CU,2025-10-09,76.6,-3.37,5.59,"Suzuki, Seiya",673548,642547,,ball,,,,,14,Ball,D,R,R,CHC,MIL,B,,,2,2,2025,0.77,-0.5,0.21141357622478008,0.5092192771671344,,,,1,3,Bot,,,,,,,6.159358018753419,-111.38553328581861,-2.7489382962483955,5.212677292721621,21.54953769541641,-36.04082138609824,3.02258835207078,1.36099318513229,,,,76.4,2342,6.3,813050,661388,683734,668930,702332,687401,694192,663368,686217,54.15,,,,,,,,25,6,Curveball,3,0,3,0,0,3,3,0,Strategic,Standard,55,0.003,0.104,,,,-0.104,,3,3,0.827,0.827,29,30,29,31,2,1,5,1,5,2,4.42,-0.77,-0.77,39.3,,,,,
FF,2025-10-09,91,2.21,5.51,"Ortiz, Joey",687401,571510,sac_bunt,hit_into_play,,,,,1,"Joey Ortiz out on a sacrifice bunt, third baseman Matt Shaw to second baseman Nico Hoerner. Sal Frelick to 3rd. Blake Perkins to 2nd.",D,R,L,CHC,MIL,X,5,ground_ball,0,0,2025,1.32,0.85,-0.7636823036449161,2.8210499718690194,,686217,663368,0,5,Top,114.2,186.91,,,,,-10.30567970555065,-132.10791452380184,-2.604691490737852,17.736248992889614,29.583521630428542,-21.92621020928922,3.34,1.54,5,37.3,-27,90.9,2379,6.5,813050,608348,683737,663538,807713,621020,664023,691718,673548,54.04,,,0.2,0,0,0,1,35,1,4-Seam Fastball,3,0,0,3,0,3,0,3,Strategic,Standard,123,0.016,-0.001,,,,0.001,88.0,3,-3,0.73,0.27,34,26,34,27,2,1,5,1,,2,1.93,1.32,-1.32,24.7,,,,,
FF,2025-10-09,96.8,-1.64,5.91,"Castellanos, Nick",592206,607192,,swinging_strike,,,,,5,Swinging Strike,D,R,R,LAD,PHI,S,,,1,1,2025,0.24,1.38,0.05913585692225512,3.047598331444799,,,596146,0,5,Top,,,,,,,4.098617039268113,-140.95614550847372,-5.384120123507667,2.259466293708895,31.380897866526027,-12.732255177312483,3.91,1.87,,,,99.2,2620,7.6,813042,669257,518692,669242,571771,605141,669743,681624,606192,52.95,,,,,,,,31,3,4-Seam Fastball,0,0,0,0,0,0,0,0,Standard,Standard,188,0.012,-0.07,75.5,7.6,,0.07,,0,0,0.454,0.546,31,33,32,33,2,1,5,1,7,,1.04,-0.24,-0.24,50.6,13.974715838511807,-7.348879683718648,37.57508466433613,37.64222067869055,26.08180295506758
CH,2025-10-09,87.3,1.79,5.74,"Pages, Andy",681624,650911,,swinging_strike,,,,,7,Swinging Strike,D,R,L,LAD,PHI,S,,,0,0,2025,1.22,-0.18,-0.49995889916379777,1.6639427266237878,,,669743,2,5,Bot,,,,,,,-8.120159082071844,-126.85932932930349,-3.334326051304651,14.839992663834591,25.048061130040534,-33.599040215362834,3.52,1.6,,,,88.3,2012,6.9,813042,592663,547180,681082,664761,607208,596146,669016,592206,53.57,,,,,,,,37,1,Changeup,0,0,0,0,0,0,0,0,Standard,Standard,104,-0.005,-0.042,74.7,8.6,,0.042,,0,0,0.531,0.531,28,24,29,25,2,1,5,1,,4,3.17,1.22,-1.22,30.5,23.744207797121685,-19.627900552052896,45.707491326038934,30.190952540272043,44.337727378579594
SL,2025-10-09,92.4,-1.89,5.74,"Castellanos, Nick",592206,607192,,blocked_ball,,,,,14,Ball In Dirt,D,R,R,LAD,PHI,B,,,0,1,2025,0.19,0,0.8118156157198715,0.6723557436205727,,,596146,0,5,Top,,,,,,,6.602756389056505,-134.3990476921496,-7.269650080358956,1.0462019810260688,26.90777571983731,-30.940256383940334,3.94537800831326,1.84926914073488,,,,94.8,2694,7.6,813042,669257,518692,669242,571771,605141,669743,681624,606192,52.94,,,,,,,,31,2,Slider,0,0,0,0,0,0,0,0,Standard,Standard,96,-0.005,0.034,,,,-0.034,,0,0,0.459,0.5409999999999999,31,33,32,33,2,1,5,1,7,,2.66,-0.19,-0.19,52.0,,,,,
CU,2025-10-09,75.1,-3.34,5.63,"Suzuki, Seiya",673548,642547,,foul,,,,,4,Foul,D,R,R,CHC,MIL,S,,,2,2,2025,0.41,-0.46,-0.5414445707685838,2.488629341857615,,,,1,3,Bot,,,,,,,5.0993901269618105,-109.29111280566839,1.4955856813170885,2.3571333990954457,19.861589153327476,-36.327368463879594,3.15,1.42,9,75.6,-17,75.4,2120,6.6,813050,661388,683734,668930,702332,687401,694192,663368,686217,53.9,,,,,,,,25,5,Curveball,3,0,3,0,0,3,3,0,Strategic,Standard,72,0,0,,,,0,88.0,3,3,0.827,0.827,29,30,29,31,2,1,5,1,5,2,4.51,-0.41,-0.41,37.3,,,,,
CU,2025-10-09,71.5,2.08,5.67,"Perkins, Blake",663368,571510,walk,ball,,,,,14,Blake Perkins walks.,D,R,L,CHC,MIL,B,,,3,1,2025,-1.05,-0.89,1.437021171933754,1.913338365463467,,686217,,0,5,Top,,,,,,,0.4959180177506386,-104.12863241973696,1.6302703185880576,-7.672513225365562,18.596491010303655,-39.14161387840586,3.36442837827782,1.55693065791282,,,,71,2340,6,813050,608348,683737,663538,807713,621020,664023,691718,673548,54.54,,0.691497,0.7,1,0,0,,34,5,Curveball,3,0,0,3,0,3,0,3,Standard,Standard,309,-0.028,0.17,,,,-0.17,,3,-3,0.758,0.242,34,28,34,29,2,1,5,1,,2,5.36,-1.05,1.05,31.6,,,,,
SL,2025-10-09,82.5,-3.45,5.44,"Suzuki, Seiya",673548,642547,,ball,,,,,14,Ball,D,R,R,CHC,MIL,B,,,1,2,2025,0.56,0.14,0.463911317968331,0.36064114419101756,,,,1,3,Bot,,,,,,,7.837883292843652,-119.86762911784372,-5.263183658440104,3.700262609505231,25.34384187132253,-29.90646399088651,3.07208394793442,1.352929842736,,,,82.4,2388,6.5,813050,661388,683734,668930,702332,687401,694192,663368,686217,53.96,,,,,,,,25,4,Slider,3,0,3,0,0,3,3,0,Strategic,Standard,85,0.002,0.048,,,,-0.048,,3,3,0.825,0.825,29,30,29,31,2,1,5,1,5,2,3.24,-0.56,-0.56,33.8,,,,,
CH,2025-10-09,86.2,1.83,5.72,"Hernández, Enrique",571771,650911,field_out,hit_into_play,,,,,6,Enrique Hernández lines out to shortstop Trea Turner.,D,R,L,LAD,PHI,X,6,line_drive,3,2,2025,1.25,-0.16,0.8284363968485682,2.631176069549535,,,669743,1,5,Bot,97.79,150.53,,,,,-5.012462708185084,-125.43637230616534,-0.7945390154377083,14.249588991027514,24.590424384454725,-33.9015557824378,3.41,1.69,144,72.6,15,87.8,2092,7.2,813042,592663,547180,681082,664761,607208,596146,669016,592206,53.28,0.585,0.526,0,1,0,0,4,36,6,Changeup,0,0,0,0,0,0,0,0,Standard,Standard,103,-0.045,-0.321,71.4,8.0,0.614,0.321,88.0,0,0,0.576,0.576,28,33,29,34,2,1,5,1,,4,3.22,1.25,-1.25,28.1,19.257772498543414,-11.995574834878482,22.707265250275643,49.26267624984921,42.536629740340615
FF,2025-10-09,91.4,2.02,5.49,"Perkins, Blake",663368,571510,,called_strike,,,,,13,Called Strike,D,R,L,CHC,MIL,S,,,3,0,2025,1.22,0.94,-0.8697272980534618,2.4691310566955265,,686217,,0,5,Top,,,,,,,-9.921058551128038,-132.79047783479092,-3.750690441612422,16.520760075658316,28.168857129519733,-20.426119007251184,3.48052487350909,1.60714397777947,,,,91.6,2315,6.4,813050,608348,683737,663538,807713,621020,664023,691718,673548,54.05,,,,,,,,34,4,4-Seam Fastball,3,0,0,3,0,3,0,3,Standard,Standard,123,0.01,-0.075,,,,0.075,,3,-3,0.748,0.252,34,28,34,29,2,1,5,1,,2,1.8,1.22,-1.22,23.6,,,,,
FF,2025-10-09,96.3,-1.66,5.79,"Castellanos, Nick",592206,607192,,swinging_strike,,,,,5,Swinging Strike,D,R,R,LAD,PHI,S,,,0,0,2025,-0.14,1.23,0.1512468609496153,3.2344920528170347,,,596146,0,5,Top,,,,,,,5.267093486652453,-140.26491220287988,-4.141287705951072,-2.98074881860516,30.559775049462562,-15.137499012070423,3.91,1.87,,,,99,2545,7.7,813042,669257,518692,669242,571771,605141,669743,681624,606192,52.85,,,,,,,,31,1,4-Seam Fastball,0,0,0,0,0,0,0,0,Standard,Standard,190,0.007,-0.043,70.5,7.1,,0.043,,0,0,0.452,0.548,31,33,32,33,2,1,5,1,7,,1.21,0.14,0.14,56.3,5.9567192895499135,11.259013347122526,37.82447762501849,39.7143461998112,15.801089125311375
SL,2025-10-09,83.3,-3.42,5.51,"Suzuki, Seiya",673548,642547,,called_strike,,,,,6,Called Strike,D,R,R,CHC,MIL,S,,,1,1,2025,0.38,0.47,0.4139795995665303,2.2468023866490405,,,,1,3,Bot,,,,,,,8.058038789947613,-121.0025077061289,-1.806574548041776,1.8151681909095891,28.420404478348498,-27.4971252920066,3.12374063421047,1.34594440506988,,,,82.6,2316,6.4,813050,661388,683734,668930,702332,687401,694192,663368,686217,54.11,,,,,,,,25,3,Slider,3,0,3,0,0,3,3,0,Strategic,Standard,104,-0.003,-0.064,,,,0.064,,3,3,0.828,0.828,29,30,29,31,2,1,5,1,5,2,2.89,-0.38,-0.38,35.4,,,,,
SL,2025-10-09,88.6,1.81,5.82,"Hernández, Enrique",571771,650911,,blocked_ball,,,,,13,Ball In Dirt,D,R,L,LAD,PHI,B,,,2,2,2025,-0.03,-0.43,-1.059079126391218,0.7896752440499442,,,669743,1,5,Bot,,,,,,,-7.0288393949345345,-128.86050006494924,-5.367453595385983,1.1347572786764557,26.701003537517526,-36.0535496085303,3.50182783549919,1.76500525764209,,,,89.7,2128,7,813042,592663,547180,681082,664761,607208,596146,669016,592206,53.48,,,,,,,,36,5,Slider,0,0,0,0,0,0,0,0,Standard,Standard,326,0.013,0.098,,,,-0.098,,0,0,0.563,0.563,28,33,29,34,2,1,5,1,,4,3.34,-0.03,0.03,31.2,,,,,
FF,2025-10-09,97.3,-1.7,5.84,"Kepler, Max",596146,607192,walk,ball,,,,,11,Max Kepler walks.,D,L,R,LAD,PHI,B,,,3,2,2025,-0.26,1.27,-0.7736817734772297,4.735119762324701,,,,0,5,Top,,,,,,,3.168907805367963,-141.7607097765447,-0.4133665467517113,-4.197949472054596,29.847185812293223,-15.056464652110717,3.3564844367587,1.60244074965237,,,,100.2,2608,7.6,813042,669257,518692,669242,571771,605141,669743,681624,606192,52.85,,0.691497,0.7,1,0,0,,30,6,4-Seam Fastball,0,0,0,0,0,0,0,0,Infield shade,Standard,187,-0.041,0.356,,,,-0.356,,0,0,0.493,0.507,31,32,32,32,2,1,5,1,7,,1.12,0.26,-0.26,51.6,,,,,
FF,2025-10-09,89.3,1.99,5.57,"Perkins, Blake",663368,571510,,ball,,,,,13,Ball,D,R,L,CHC,MIL,B,,,2,0,2025,0.97,1.21,-1.2647474330227118,2.4691140868426,,686217,,0,5,Top,,,,,,,-10.028041889443072,-129.7117377793309,-4.147715313890555,13.019647413117081,26.75655291572191,-17.77403035421336,3.44670077627106,1.6682870386419,,,,89.1,2276,6.3,813050,608348,683737,663538,807713,621020,664023,691718,673548,54.24,,,,,,,,34,3,4-Seam Fastball,3,0,0,3,0,3,0,3,Standard,Standard,128,-0.014,0.112,,,,-0.112,,3,-3,0.762,0.238,34,28,34,29,2,1,5,1,,2,1.65,0.97,-0.97,26.3,,,,,
FF,2025-10-09,93.9,-3.18,5.58,"Suzuki, Seiya",673548,642547,,foul,,,,,8,Foul,D,R,R,CHC,MIL,S,,,1,0,2025,-0.14,1.46,0.00575356635846741,1.806507080712235,,,,1,3,Bot,,,,,,,8.566898214501082,-136.26736655572017,-7.235852855556615,-3.7794519144073964,32.435477013904,-12.540306894165278,3.15,1.42,197,74.8,54,93.7,2428,6.5,813050,661388,683734,668930,702332,687401,694192,663368,686217,53.97,,,,,,,,25,2,4-Seam Fastball,3,0,3,0,0,3,3,0,Strategic,Standard,207,-0.001,-0.049,,,,0.049,88.0,3,3,0.829,0.829,29,30,29,31,2,1,5,1,5,2,1.16,0.14,0.14,38.4,,,,,
CU,2025-10-09,82.8,-1.54,6.08,"Kepler, Max",596146,607192,,ball,,,,,13,Ball,D,L,R,LAD,PHI,B,,,2,2,2025,0.27,-1.43,-0.8672104874256416,0.7680383020202015,,,,0,5,Top,,,,,,,1.0179571648441004,-120.4282792781393,-2.745305872258551,2.4067444723197933,27.41621443278499,-45.490621534862406,3.30283540039452,1.48261162668867,,,,83.7,2790,7.3,813042,669257,518692,669242,571771,605141,669743,681624,606192,53.21,,,,,,,,30,5,Curveball,0,0,0,0,0,0,0,0,Infield shade,Standard,18,-0.011,0.112,,,,-0.112,,0,0,0.504,0.496,31,32,32,32,2,1,5,1,7,,4.8,-0.27,0.27,55.9,,,,,
FF,2025-10-09,92.1,1.88,5.63,"Perkins, Blake",663368,571510,,ball,,,,,11,Ball,D,R,L,CHC,MIL,B,,,1,0,2025,0.88,1.18,-0.6266826871427145,3.6167871875393605,,686217,,0,5,Top,,,,,,,-8.26186104358356,-133.8924122391905,-1.8018452810447736,12.454795668705989,29.823761467928513,-17.842494415072615,3.47244752899469,1.63472956910665,,,,91.8,2262,6.2,813050,608348,683737,663538,807713,621020,664023,691718,673548,54.28,,,,,,,,34,2,4-Seam Fastball,3,0,0,3,0,3,0,3,Standard,Standard,129,-0.009,0.075,,,,-0.075,,3,-3,0.771,0.22899999999999998,34,28,34,29,2,1,5,1,,2,1.52,0.88,-0.88,27.1,,,,,
CH,2025-10-09,86.5,1.9,5.62,"Hernández, Enrique",571771,650911,,foul,,,,,9,Foul,D,R,L,LAD,PHI,S,,,2,1,2025,1.17,-0.28,0.5510336277797725,1.655336493250577,,,669743,1,5,Bot,,,,,,,-5.68392065076644,-125.97254575790046,-2.7336928778164027,13.619133587517046,24.737184782577696,-34.82113815989215,3.41,1.69,1,75.9,-45,87.7,2072,6.9,813042,592663,547180,681082,664761,607208,596146,669016,592206,53.55,,,,,,,,36,4,Changeup,0,0,0,0,0,0,0,0,Standard,Standard,103,-0.011,-0.075,74.1,7.8,,0.075,88.0,0,0,0.574,0.574,28,33,29,34,2,1,5,1,,4,3.31,1.17,-1.17,28.7,12.270913172277625,9.286119251658274,29.20216226289731,46.12441045983232,27.95978750416205
FF,2025-10-09,95.5,-1.69,5.79,"Kepler, Max",596146,607192,,called_strike,,,,,5,Called Strike,D,L,R,LAD,PHI,S,,,2,1,2025,0.06,1.2,-0.1220621509936165,2.4006741855508413,,,,0,5,Top,,,,,,,4.099753263082127,-138.95130062318282,-6.1550802238252285,-0.07878228540714743,30.693786645063536,-15.387172853756415,3.31398537915918,1.549411869078,,,,97.9,2483,7.6,813042,669257,518692,669242,571771,605141,669743,681624,606192,52.86,,,,,,,,30,4,4-Seam Fastball,0,0,0,0,0,0,0,0,Infield shade,Standard,194,0.009,-0.073,,,,0.073,,0,0,0.495,0.505,31,32,32,32,2,1,5,1,7,,1.29,-0.06,0.06,49.7,,,,,
SI,2025-10-09,95,1.71,5.69,"Hernández, Enrique",571771,650911,,ball,,,,,14,Ball,D,R,L,LAD,PHI,B,,,1,1,2025,1.4,0.05,0.1797169918529018,1.1644742995412685,,,669743,1,5,Bot,,,,,,,-7.224764601581399,-138.11077384780947,-6.356947075593974,19.515326806238726,31.86360235062472,-30.27008421610683,3.50863541711417,1.74567757687015,,,,96,2156,7,813042,592663,547180,681082,664761,607208,596146,669016,592206,53.49,,,,,,,,36,3,Sinker,0,0,0,0,0,0,0,0,Standard,Standard,117,0.007,0.063,,,,-0.063,,0,0,0.567,0.567,28,33,29,34,2,1,5,1,,4,2.49,1.4,-1.4,29.9,,,,,
CU,2025-10-09,71.2,2.04,5.96,"Perkins, Blake",663368,571510,,ball,,,,,12,Ball,D,R,L,CHC,MIL,B,,,0,0,2025,-0.59,-0.98,0.32624370660455876,3.7015028584302696,,686217,,0,5,Top,,,,,,,-2.3429382631217988,-103.47884919113667,4.7793462213045075,-3.7739573748827415,19.170289425331436,-40.27452843149229,3.32026546861946,1.51160663764446,,,,70.1,2172,5.7,813050,608348,683737,663538,807713,621020,664023,691718,673548,54.76,,,,,,,,34,1,Curveball,3,0,0,3,0,3,0,3,Standard,Standard,318,-0.005,0.032,,,,-0.032,,3,-3,0.776,0.22399999999999998,34,28,34,29,2,1,5,1,,2,5.53,-0.59,0.59,38.5,,,,,
FF,2025-10-09,92,-3.23,5.57,"Suzuki, Seiya",673548,642547,,ball,,,,,12,Ball,D,R,R,CHC,MIL,B,,,0,0,2025,-0.33,1.26,2.2700514307945667,2.8041914251991313,,,,1,3,Bot,,,,,,,14.632904395288582,-133.04427048868857,-3.769786672151053,-7.386895735626531,31.820080834688426,-16.634185841070714,3.12475854416152,1.38871932588975,,,,91.3,2485,6.5,813050,661388,683734,668930,702332,687401,694192,663368,686217,54.04,,,,,,,,25,1,4-Seam Fastball,3,0,3,0,0,3,3,0,Strategic,Standard,205,0.001,0.039,,,,-0.039,,3,3,0.828,0.828,29,30,29,31,2,1,5,1,5,2,1.5,0.33,0.33,39.5,,,,,
SI,2025-10-09,97.4,1.68,5.77,"Hernández, Enrique",571771,650911,,ball,,,,,13,Ball,D,R,L,LAD,PHI,B,,,0,1,2025,1.45,0.16,-2.012391108319365,1.0509291823182463,,,669743,1,5,Bot,,,,,,,-13.376099893331427,-141.10984464794558,-7.573587568776908,22.348520772942475,31.460200285039708,-28.359430062915585,3.495935865725,1.73251458772468,,,,98.5,2254,7.1,813042,592663,547180,681082,664761,607208,596146,669016,592206,53.42,,,,,,,,36,2,Sinker,0,0,0,0,0,0,0,0,Standard,Standard,121,0.004,0.019,,,,-0.019,,0,0,0.563,0.563,28,33,29,34,2,1,5,1,,4,2.26,1.45,-1.45,32.9,,,,,
CU,2025-10-09,74.1,2.51,5.63,"Frelick, Sal",686217,571510,double,hit_into_play,,,,,6,Sal Frelick doubles (1) on a line drive to right fielder Seiya Suzuki.,D,L,L,CHC,MIL,X,9,line_drive,1,2,2025,-0.8,-0.62,0.2999257958718544,2.0257478378035794,,,,0,5,Top,196.27,132.38,,,,,-3.0849456764733767,-107.9141803371758,0.9753127672940156,-5.718149778757703,19.439784181111165,-37.38118383761428,3.12,1.48,170,69.5,20,73.7,2429,6,813050,608348,683737,663538,807713,621020,664023,691718,673548,54.5,0.876,0.802,1.25,1,1,1,4,33,4,Curveball,3,0,0,3,0,3,0,3,Infield shade,Standard,310,-0.067,0.786,,,0.932,-0.786,88.0,3,-3,0.843,0.15700000000000003,34,25,34,25,2,1,5,1,,2,4.77,-0.8,-0.8,28.7,,,,,
FF,2025-10-09,92.4,-3.4,5.51,"Tucker, Kyle",663656,642547,field_out,hit_into_play,,,,,8,Kyle Tucker flies out to left fielder Jackson Chourio.,D,L,R,CHC,MIL,X,7,fly_ball,1,2,2025,-0.31,1.48,-0.16164527488689417,1.9744561161762761,,,,0,3,Bot,52.9,109.63,,,,,8.931778605461686,-134.06855130176695,-6.345288618321693,-5.8443669173934385,31.509245501783354,-13.082253721764914,3.44,1.58,286,90.3,45,92.1,2389,6.5,813050,661388,683734,668930,702332,687401,694192,663368,686217,54.04,0.003,0.003,0,1,0,0,3,24,4,4-Seam Fastball,3,0,3,0,0,3,3,0,Strategic,Standard,209,-0.008,-0.189,,,0.005,0.189,90.3,3,3,0.836,0.836,29,28,29,28,2,1,5,1,5,2,1.22,0.31,-0.31,39.5,,,,,
CU,2025-10-09,81.4,-1.61,6.03,"Kepler, Max",596146,607192,,ball,,,,,11,Ball,D,L,R,LAD,PHI,B,,,1,1,2025,0.38,-1.39,-1.6376566654589977,2.9662965633573757,,,,0,5,Top,,,,,,,-0.8104200987004859,-118.44623457642021,2.587524608616364,3.757184320772516,26.6617876722105,-45.96068288963997,3.34836113758055,1.50095958478712,,,,82.3,2758,7.3,813042,669257,518692,669242,571771,605141,669743,681624,606192,53.22,,,,,,,,30,3,Curveball,0,0,0,0,0,0,0,0,Infield shade,Standard,22,-0.006,0.055,,,,-0.055,,0,0,0.501,0.499,31,32,32,32,2,1,5,1,7,,4.89,-0.38,0.38,60.0,,,,,
SL,2025-10-09,82.7,-3.47,5.57,"Tucker, Kyle",663656,642547,,ball,,,,,14,Ball,D,L,R,CHC,MIL,B,,,0,2,2025,0.32,0.16,0.5282384102881479,-0.2078867612610451,,,,0,3,Bot,,,,,,,8.475109626140512,-119.99707300458314,-6.934600835036204,1.4354111894186616,23.789590999317323,-29.453737809992674,3.26525698818232,1.50524889865347,,,,82.6,2262,6.4,813050,661388,683734,668930,702332,687401,694192,663368,686217,54.07,,,,,,,,24,3,Slider,3,0,3,0,0,3,3,0,Strategic,Standard,81,0.001,0.024,,,,-0.024,,3,3,0.835,0.835,29,28,29,28,2,1,5,1,5,2,3.2,-0.32,0.32,36.6,,,,,
SL,2025-10-09,79,2.9,4.86,"Frelick, Sal",686217,571510,,ball,,,,,14,Ball,D,L,L,CHC,MIL,B,,,0,2,2025,-0.31,-0.09,0.4864641142397952,0.9312868069039442,,,,0,5,Top,,,,,,,-4.69027082705711,-115.11831939104248,-1.6741217096673335,-1.9717402928057899,18.968902453367107,-32.933771050081205,2.88890640351848,1.42361551322515,,,,79.4,2445,6.2,813050,608348,683737,663538,807713,621020,664023,691718,673548,54.27,,,,,,,,33,3,Slider,3,0,0,3,0,3,0,3,Infield shade,Standard,289,-0.002,0.024,,,,-0.024,,3,-3,0.845,0.15500000000000003,34,25,34,25,2,1,5,1,,2,3.7,-0.31,-0.31,11.1,,,,,
CH,2025-10-09,85.7,1.83,5.68,"Hernández, Enrique",571771,650911,,foul,,,,,5,Foul,D,R,L,LAD,PHI,S,,,0,0,2025,1.11,-0.31,0.05171022977555273,2.266538574342309,,,669743,1,5,Bot,,,,,,,-6.520161069626621,-124.63064834072979,-1.1337619211438148,12.89692595762613,26.46160121266726,-35.33743667026523,3.41,1.69,3,83,-34,86.5,1943,7,813042,592663,547180,681082,664761,607208,596146,669016,592206,53.52,,,,,,,,36,1,Changeup,0,0,0,0,0,0,0,0,Standard,Standard,99,-0.006,-0.04,75.6,7.5,,0.04,88.0,0,0,0.569,0.569,28,33,29,34,2,1,5,1,,4,3.43,1.11,-1.11,28.5,12.481651993375664,-1.158372591401706,31.068438343053238,39.76592813422047,34.46188068436844
FF,2025-10-09,96.6,-1.84,5.82,"Kepler, Max",596146,607192,,foul,,,,,8,Foul,D,L,R,LAD,PHI,S,,,1,0,2025,-0.33,1.12,-0.19983407968369954,2.0235724800379673,,,,0,5,Top,,,,,,,5.256125352736582,-140.62610788774836,-7.301291088917002,-5.542214737922721,29.074941751096656,-15.927455229048986,3.38,1.6,1,92.1,-55,99.3,2446,7.6,813042,669257,518692,669242,571771,605141,669743,681624,606192,52.92,,,,,,,,30,2,4-Seam Fastball,0,0,0,0,0,0,0,0,Infield shade,Standard,197,0.006,-0.05,69.3,6.3,,0.05,92.1,0,0,0.495,0.505,31,32,32,32,2,1,5,1,7,,1.31,0.33,-0.33,48.4,-17.091171485440295,18.318025606413574,40.76964417289186,39.10797765554056,16.39778160577206
CH,2025-10-09,87,-3.66,5.33,"Tucker, Kyle",663656,642547,,foul,,,,,7,Foul,D,L,R,CHC,MIL,S,,,0,1,2025,-1.4,0.2,-0.545374529478027,1.6004528126510267,,,,0,3,Bot,,,,,,,10.343432438334073,-126.33039152547713,-3.1557495751124365,-17.104577132697944,25.864976262044397,-29.56569251989381,3.44,1.58,149,67.9,69,87,2100,6.4,813050,661388,683734,668930,702332,687401,694192,663368,686217,54.11,,,,,,,,24,2,Changeup,3,0,3,0,0,3,3,0,Strategic,Standard,250,-0.002,-0.055,,,,0.055,88.0,3,3,0.837,0.837,29,28,29,28,2,1,5,1,5,2,2.83,1.4,-1.4,27.4,,,,,
FF,2025-10-09,97.9,-1.62,5.87,"Kepler, Max",596146,607192,,ball,,,,,6,Ball,D,L,R,LAD,PHI,B,,,0,0,2025,-0.47,1.23,0.7915304015261485,2.2972519009170362,,,,0,5,Top,,,,,,,7.796810540320776,-142.31714975631527,-7.221929620799255,-8.066810062690225,29.66733411934414,-13.946487860653896,3.49961172214907,1.72120844419006,,,,100.7,2562,7.7,813042,669257,518692,669242,571771,605141,669743,681624,606192,52.81,,,,,,,,30,1,4-Seam Fastball,0,0,0,0,0,0,0,0,Infield shade,Standard,198,-0.005,0.041,,,,-0.041,,0,0,0.5,0.5,31,32,32,32,2,1,5,1,7,,1.13,0.47,-0.47,56.8,,,,,
SL,2025-10-09,81.6,2.77,4.97,"Frelick, Sal",686217,571510,,swinging_strike,,,,,13,Swinging Strike,D,L,L,CHC,MIL,S,,,0,1,2025,-0.19,-0.19,-0.3052382049557038,0.6109496471291616,,,,0,5,Top,,,,,,,-6.5295505093507735,-118.74485325392658,-2.9134303154891517,-0.6706983479605024,20.991705673306964,-33.64601960974553,3.12,1.48,,,,81.7,2511,6.2,813050,608348,683737,663538,807713,621020,664023,691718,673548,54.35,,,,,,,,33,2,Slider,3,0,0,3,0,3,0,3,Standard,Standard,324,0.006,-0.055,,,,0.055,,3,-3,0.839,0.16100000000000003,34,25,34,25,2,1,5,1,,2,3.59,-0.19,-0.19,12.3,,,,,
SI,2025-10-09,97,1.57,5.87,"Call, Alex",669743,650911,single,hit_into_play,,,,,7,Alex Call singles on a line drive to right fielder Nick Castellanos.,D,R,L,LAD,PHI,X,9,line_drive,1,1,2025,1.48,0.4,-0.5352548225040583,2.15344167310304,,,,1,5,Bot,175.12,94.03,,,,,-9.103238514271403,-140.97940712444847,-5.379521761062917,21.732664088644103,29.994606496376893,-25.86969019755687,3.4,1.68,232,85.9,16,98.2,2290,6.9,813042,592663,547180,681082,664761,607208,596146,669016,592206,53.62,0.959,0.891,0.9,1,1,0,4,35,3,Sinker,0,0,0,0,0,0,0,0,Standard,Standard,122,0.033,0.425,,,1.063,-0.425,88.0,0,0,0.536,0.536,28,30,29,31,2,1,5,5,,4,2.02,1.48,-1.48,31.2,,,,,
CU,2025-10-09,82.4,-1.54,6,"Realmuto, J.T.",592663,607192,field_out,hit_into_play,,,,,8,"J.T. Realmuto grounds out sharply, third baseman Enrique Hernández to first baseman Freddie Freeman.",D,R,R,LAD,PHI,X,5,ground_ball,0,1,2025,0.42,-1.41,-0.1471241957005664,1.7259905915374292,,,669016,2,4,Top,115.75,192.85,,,,,2.3888512500215096,-119.87311225350656,-0.31097131454503835,3.4351000470343056,26.98963612332452,-45.77512414490603,3.63,1.7,36,102.3,-1,83.5,2789,7.4,813042,669257,518692,669242,571771,605141,669743,681624,606192,53.07,0.451,0.455,0,1,0,0,4,26,2,Curveball,0,0,0,0,0,0,0,0,Standard,Standard,23,0.024,-0.229,73.1,7.9,0.545,0.229,102.3,0,0,0.536,0.46399999999999997,31,34,32,34,2,1,5,1,7,,4.81,-0.42,-0.42,57.8,17.964255042587094,-3.9662144701048274,37.50607085200413,32.75164902843001,37.33661580548241
SL,2025-10-09,81.8,-3.6,5.53,"Tucker, Kyle",663656,642547,,foul,,,,,2,Foul,D,L,R,CHC,MIL,S,,,0,0,2025,0.48,0.16,-0.08754387403497171,3.24155907998917,,,,0,3,Bot,,,,,,,6.991144493286301,-118.94288541229005,1.0943501772822306,3.281435309779142,22.45361184551498,-31.10325466625976,3.44,1.58,164,72.9,68,81.8,2314,6.3,813050,661388,683734,668930,702332,687401,694192,663368,686217,54.21,,,,,,,,24,1,Slider,3,0,3,0,0,3,3,0,Strategic,Standard,99,-0.002,-0.039,,,,0.039,88.0,3,3,0.839,0.839,29,28,29,28,2,1,5,1,5,2,3.25,-0.48,0.48,34.4,,,,,
CU,2025-10-09,72.8,2.42,5.66,"Frelick, Sal",686217,571510,,called_strike,,,,,1,Called Strike,D,L,L,CHC,MIL,S,,,0,0,2025,-0.82,-0.58,-0.4378982407807339,2.4975170356027476,,,,0,5,Top,,,,,,,-4.298263725093454,-105.87161993405371,2.0389741416184686,-5.386087115938222,18.742842914825104,-37.10434988772537,2.92227207480541,1.28576152144532,,,,72.2,2283,6,813050,608348,683737,663538,807713,621020,664023,691718,673548,54.53,,,,,,,,33,1,Curveball,3,0,0,3,0,3,0,3,Standard,Standard,304,0.003,-0.039,,,,0.039,,3,-3,0.836,0.16400000000000003,34,25,34,25,2,1,5,1,,2,4.9,-0.82,-0.82,27.9,,,,,
SI,2025-10-09,97.3,1.71,5.81,"Call, Alex",669743,650911,,ball,,,,,3,Ball,D,R,L,LAD,PHI,B,,,0,1,2025,1.42,0.24,0.5943808659406724,3.449107985788382,,,,1,5,Bot,,,,,,,-6.32652226440566,-141.70002353689387,-1.427275508316982,20.576968176537303,29.63767651633361,-28.842762583206884,3.53190711868042,1.62314049592637,,,,98.8,2203,6.9,813042,592663,547180,681082,664761,607208,596146,669016,592206,53.61,,,,,,,,35,2,Sinker,0,0,0,0,0,0,0,0,Standard,Standard,120,0.002,0.029,,,,-0.029,,0,0,0.534,0.534,28,30,29,31,2,1,5,5,,4,2.15,1.42,-1.42,29.5,,,,,
SL,2025-10-09,82.5,-3.37,5.43,"Hoerner, Nico",663538,642547,field_out,hit_into_play,,,,,6,Nico Hoerner lines out to third baseman Caleb Durbin.,D,R,R,CHC,MIL,X,5,line_drive,1,2,2025,0.4,0.36,0.31790331145925044,2.268313022923996,,807713,683737,2,2,Bot,97.56,164.77,,,,,7.644560551191107,-119.85743598785102,-1.314700544095319,2.1811784408943504,25.236386098887685,-28.658576570053675,3.3,1.57,149,71.3,14,82.5,2217,6.6,813050,661388,683734,668930,702332,687401,694192,663368,686217,53.91,0.435,0.392,0,1,0,0,4,19,6,Slider,3,0,3,0,0,3,3,0,Strategic,Standard,64,-0.017,-0.19,,,0.453,0.19,88.0,3,3,0.811,0.811,29,28,29,28,2,1,5,1,5,2,3.02,-0.4,-0.4,37.7,,,,,
FF,2025-10-09,92.8,2.25,5.32,"Durbin, Caleb",702332,571510,strikeout,called_strike,,,,,7,Caleb Durbin called out on strikes.,D,R,L,CHC,MIL,S,2,,1,2,2025,1.33,0.99,-0.4055553096159097,1.6910729385426901,,,,2,4,Top,,,,,,,-9.720159400603722,-134.74613895450923,-5.674637373495626,18.28008162059255,28.14795192704616,-18.999741497191565,3.01014148534616,1.36722241557692,,,,93.1,2290,6.5,813050,608348,683737,663538,807713,621020,664023,691718,673548,54.02,,0,0,1,0,0,,29,5,4-Seam Fastball,3,0,0,3,0,3,0,3,Standard,Standard,119,0.006,-0.182,,,,0.182,,3,-3,0.854,0.14600000000000002,34,25,34,25,2,1,5,1,,2,1.66,1.33,-1.33,21.7,,,,,
SL,2025-10-09,87.6,-1.97,5.85,"Realmuto, J.T.",592663,607192,,called_strike,,,,,5,Called Strike,D,R,R,LAD,PHI,S,,,0,0,2025,0.28,-0.37,-0.07266642332222598,2.6232683874256773,,,669016,2,4,Top,,,,,,,4.101853971295099,-127.62355910822764,-0.9579654482314163,2.316970029622211,24.314500285919756,-36.21466446112852,3.62391518416869,1.70015827816849,,,,90.2,2693,7.7,813042,669257,518692,669242,571771,605141,669743,681624,606192,52.82,,,,,,,,26,1,Slider,0,0,0,0,0,0,0,0,Standard,Standard,48,0.004,-0.042,,,,0.042,,0,0,0.532,0.46799999999999997,31,34,32,34,2,1,5,1,7,,3.31,-0.28,-0.28,50.6,,,,,
CH,2025-10-09,88,1.84,5.7,"Call, Alex",669743,650911,,called_strike,,,,,9,Called Strike,D,R,L,LAD,PHI,S,,,0,0,2025,1.22,-0.26,0.7731436615879785,2.1697634532704653,,,,1,5,Bot,,,,,,,-5.214260312771778,-128.0561305862021,-1.9477158294678496,14.525788763077047,26.051085000498592,-34.898528602469675,3.41830617702095,1.67555806991703,,,,89.6,2029,7.2,813042,592663,547180,681082,664761,607208,596146,669016,592206,53.27,,,,,,,,35,1,Changeup,0,0,0,0,0,0,0,0,Standard,Standard,104,-0.003,-0.039,,,,0.039,,0,0,0.537,0.537,28,30,29,31,2,1,5,5,,4,3.2,1.22,-1.22,27.8,,,,,
CU,2025-10-09,75.4,1.98,5.78,"Durbin, Caleb",702332,571510,,ball,,,,,14,Ball,D,R,L,CHC,MIL,B,,,0,2,2025,-0.86,-0.88,0.5806950792350195,0.606340517206621,,,,2,4,Top,,,,,,,-1.366216998841048,-109.73157225174737,-1.9933097292966766,-6.623823286412483,21.287426456699755,-39.10237023958814,3.16963733655219,1.40912175406832,,,,74.6,2396,5.9,813050,608348,683737,663538,807713,621020,664023,691718,673548,54.56,,,,,,,,29,4,Curveball,3,0,0,3,0,3,0,3,Standard,Standard,320,-0.001,0.022,,,,-0.022,,3,-3,0.855,0.14500000000000002,34,25,34,25,2,1,5,1,,2,4.92,-0.86,0.86,32.1,,,,,
SL,2025-10-09,82.6,-3.58,5.38,"Hoerner, Nico",663538,642547,,foul,,,,,14,Foul,D,R,R,CHC,MIL,S,,,1,2,2025,0.38,0.01,0.2196709454124595,0.9649665160127459,,807713,683737,2,2,Bot,,,,,,,7.954678988333797,-120.10225064826717,-3.5555255398995773,2.0087934228853244,24.30071905852679,-31.53140258677536,3.3,1.57,1,67.4,-31,82.8,2361,6.6,813050,661388,683734,668930,702332,687401,694192,663368,686217,53.95,,,,,,,,19,5,Slider,3,0,3,0,0,3,3,0,Strategic,Standard,53,0,0,,,,0,88.0,3,3,0.811,0.811,29,28,29,28,2,1,5,1,5,2,3.35,-0.38,-0.38,36.1,,,,,
SI,2025-10-09,97.5,1.66,5.87,"Smith, Will",669257,650911,strikeout,swinging_strike,,,,,1,Will Smith strikes out swinging.,D,R,L,LAD,PHI,S,2,,2,2,2025,1.42,0.29,-0.5333840828457128,2.91231384862573,,,,0,5,Bot,,,,,,,-9.232238541456898,-141.7850906841778,-3.1330520977920138,21.23118479095618,31.64450513206316,-27.729978715721387,3.36,1.57,,,,98.4,2218,6.8,813042,592663,547180,681082,664761,607208,596146,669016,592206,53.7,,0,0,1,0,0,,34,9,Sinker,0,0,0,0,0,0,0,0,Infield shade,Standard,125,-0.025,-0.232,72.0,6.5,,0.232,,0,0,0.562,0.562,28,30,29,30,2,1,5,1,,4,2.11,1.42,-1.42,30.3,4.039244393995799,7.971233808735098,33.91816381546784,32.62072563464842,23.51323805397019
CU,2025-10-09,82.2,-1.54,5.96,"Marsh, Brandon",669016,607192,force_out,hit_into_play,,,,,4,"Brandon Marsh grounds into a force out, second baseman Tommy Edman to shortstop Mookie Betts. Alec Bohm out at 2nd. Brandon Marsh to 1st.",D,L,R,LAD,PHI,X,4,ground_ball,1,1,2025,0.49,-1.44,-0.624586598722709,2.2386324512077316,,,664761,1,4,Top,148.78,152.19,,,,,1.1351905654703345,-119.67623846230798,1.0199583894178472,4.415163319660982,26.041610776203715,-46.31726485952871,3.19,1.52,95,95,5,83.2,2996,7.2,813042,669257,518692,669242,571771,605141,669743,681624,606192,53.28,0.509,0.473,0,1,0,0,4,25,3,Curveball,0,0,0,0,0,0,0,0,Standard,Standard,22,0.033,-0.297,71.6,7.2,0.575,0.297,95.0,0,0,0.499,0.501,31,27,32,28,2,1,5,1,7,,4.84,-0.49,0.49,57.2,12.457783346879673,-1.3585740249837954,32.261027191795,44.095912921970466,30.222880732024677
SI,2025-10-09,97.4,1.59,5.87,"Smith, Will",669257,650911,,foul,,,,,1,Foul,D,R,L,LAD,PHI,S,,,2,2,2025,1.35,0.27,-0.46451217174577497,2.8319246431943683,,,,0,5,Bot,,,,,,,-8.692668778150615,-141.55402843902598,-3.268999287174193,20.170316505835995,32.109673210146696,-28.053603351962476,3.36,1.57,150,78.2,12,98,2173,6.7,813042,592663,547180,681082,664761,607208,596146,669016,592206,53.81,,,,,,,,34,8,Sinker,0,0,0,0,0,0,0,0,Infield shade,Standard,121,0,0,70.9,6.5,,0,88.0,0,0,0.562,0.562,28,30,29,30,2,1,5,1,,4,2.14,1.35,-1.35,30.3,1.6812643013961777,15.662036775360239,34.69654757672846,34.17758185396669,19.65870090094854
FF,2025-10-09,92.4,2.17,5.37,"Durbin, Caleb",702332,571510,,foul,,,,,12,Foul,D,R,L,CHC,MIL,S,,,0,2,2025,1.18,1.19,0.1267782578830572,3.580367297576321,,,,2,4,Top,,,,,,,-7.775290747454869,-134.26840198588562,-1.2981793078271098,16.015808122328853,30.54386391202152,-17.716719373045716,3.24,1.46,263,77.3,39,92.2,2338,6.4,813050,608348,683737,663538,807713,621020,664023,691718,673548,54.12,,,,,,,,29,3,4-Seam Fastball,3,0,0,3,0,3,0,3,Standard,Standard,124,0,0,,,,0,88.0,3,-3,0.855,0.14500000000000002,34,25,34,25,2,1,5,1,,2,1.5,1.18,-1.18,23.7,,,,,
CU,2025-10-09,82.8,-1.54,5.93,"Marsh, Brandon",669016,607192,,swinging_strike_blocked,,,,,14,Swinging Strike (Blocked),D,L,R,LAD,PHI,S,,,1,0,2025,0.43,-1.41,0.9690626080961882,-0.2824544186339786,,,664761,1,4,Top,,,,,,,4.961826668377311,-120.40934436269654,-4.912519804645926,3.097649018331903,26.303109020834317,-44.950427545064116,3.19,1.52,,,,83.8,2825,7.2,813042,669257,518692,669242,571771,605141,669743,681624,606192,53.25,,,,,,,,25,2,Curveball,0,0,0,0,0,0,0,0,Standard,Standard,11,0.006,-0.056,15.0,6.2,,0.056,,0,0,0.493,0.507,31,27,32,28,2,1,5,1,7,,4.78,-0.43,0.43,58.6,18.551318166464153,23.428830952600485,39.04199726506701,24.33065888599983,27.02040462258411
FF,2025-10-09,97.4,-3.32,5.43,"Hoerner, Nico",663538,642547,,foul,,,,,6,Foul,D,R,R,CHC,MIL,S,,,1,2,2025,-0.16,1.58,0.45510637753364225,2.210848994335798,,807713,683737,2,2,Bot,,,,,,,10.614091938566641,-141.34121633037748,-6.769514970459321,-4.761669062672495,34.30480453918186,-9.527572681635657,3.3,1.57,277,79.5,36,98.1,2559,7,813050,661388,683734,668930,702332,687401,694192,663368,686217,53.53,,,,,,,,19,4,4-Seam Fastball,3,0,3,0,0,3,3,0,Strategic,Standard,206,0,0,,,,0,88.0,3,3,0.811,0.811,29,28,29,28,2,1,5,1,5,2,0.84,0.16,0.16,40.3,,,,,
SL,2025-10-09,89.1,1.52,5.94,"Smith, Will",669257,650911,,foul,,,,,13,Foul,D,R,L,LAD,PHI,S,,,2,2,2025,-0.01,-0.28,-1.349069563354905,1.7170299975110694,,,,0,5,Bot,,,,,,,-7.064167768008393,-129.63725425625194,-3.7980640438397053,1.2834070191544378,26.202148559211857,-34.81201726291312,3.36,1.57,192,101.1,12,89.9,2156,6.7,813042,592663,547180,681082,664761,607208,596146,669016,592206,53.8,,,,,,,,34,7,Slider,0,0,0,0,0,0,0,0,Infield shade,Standard,347,0,0,71.1,8.5,,0,101.1,0,0,0.562,0.562,28,30,29,30,2,1,5,1,,4,3.15,-0.01,0.01,32.4,23.384635049132203,-29.654418463099912,48.50753399629189,23.718116208217577,40.980966445533234
SL,2025-10-09,84.1,-3.6,5.25,"Hoerner, Nico",663538,642547,,swinging_strike,,,,,14,Swinging Strike,D,R,R,CHC,MIL,S,,,1,1,2025,0.31,0.05,1.3621883643604595,0.9996474016031289,,807713,683737,2,2,Bot,,,,,,,10.947127000265487,-122.07714955665979,-3.590998303825036,1.1907735389275793,21.96497195091574,-31.20701836518416,3.3,1.57,,,,84.9,2390,6.7,813050,661388,683734,668930,702332,687401,694192,663368,686217,53.75,,,,,,,,19,3,Slider,3,0,3,0,0,3,3,0,Strategic,Standard,87,-0.006,-0.063,,,,0.063,,3,3,0.817,0.817,29,28,29,28,2,1,5,1,5,2,3.17,-0.31,-0.31,34.3,,,,,
FF,2025-10-09,92.8,2.14,5.5,"Durbin, Caleb",702332,571510,,foul,,,,,5,Foul,D,R,L,CHC,MIL,S,,,0,1,2025,1.18,1.29,0.13882125328088146,2.227238658136087,,,,2,4,Top,,,,,,,-7.708630917878119,-134.8094209118276,-5.353382181066198,16.09776664606923,31.659070622125803,-15.493930394262213,3.24,1.46,256,89.2,50,92.5,2402,6.4,813050,608348,683737,663538,807713,621020,664023,691718,673548,54.1,,,,,,,,29,2,4-Seam Fastball,3,0,0,3,0,3,0,3,Standard,Standard,128,0.003,-0.057,,,,0.057,89.2,3,-3,0.852,0.14800000000000002,34,25,34,25,2,1,5,1,,2,1.39,1.18,-1.18,26.3,,,,,
FF,2025-10-09,95.5,-1.74,5.87,"Marsh, Brandon",669016,607192,,ball,,,,,11,Ball,D,L,R,LAD,PHI,B,,,0,0,2025,-0.06,1.27,-0.40461391948163633,4.1671861832939445,,,664761,1,4,Top,,,,,,,3.7520750488301333,-139.11016500583133,-1.7560494102761055,-1.608067136901059,30.83119458951242,-15.495325672983556,3.238827914904,1.51970899555871,,,,98.1,2706,7.7,813042,669257,518692,669242,571771,605141,669743,681624,606192,52.84,,,,,,,,25,1,4-Seam Fastball,0,0,0,0,0,0,0,0,Standard,Standard,185,-0.004,0.035,,,,-0.035,,0,0,0.497,0.503,31,27,32,28,2,1,5,1,7,,1.22,0.06,-0.06,50.7,,,,,
FF,2025-10-09,95.9,-3.55,5.34,"Hoerner, Nico",663538,642547,,foul,,,,,13,Foul,D,R,R,CHC,MIL,S,,,1,0,2025,-0.5,1.33,-1.5590831539660681,2.3876667283194033,,807713,683737,2,2,Bot,,,,,,,6.463661878537121,-139.4733864399504,-5.22961965009163,-8.04681409317015,33.24503888504839,-13.819277855507618,3.3,1.57,,,,96.5,2587,6.8,813050,661388,683734,668930,702332,687401,694192,663368,686217,53.68,,,,,,,,19,2,4-Seam Fastball,3,0,3,0,0,3,3,0,Strategic,Standard,213,-0.003,-0.052,,,,0.052,,3,3,0.82,0.82,29,28,29,28,2,1,5,1,5,2,1.16,0.5,0.5,38.2,,,,,
SI,2025-10-09,95.6,-1.77,5.76,"Bohm, Alec",664761,607192,walk,ball,,,,,14,Alec Bohm walks.,D,R,R,LAD,PHI,B,,,3,2,2025,-0.8,1.03,0.4453335580347758,1.3203680289913975,,,,1,4,Top,,,,,,,7.847897492695091,-138.84632504991387,-8.58484762072788,-12.090887622697245,31.306864756318383,-17.086041439165346,3.53805610614051,1.53964586374572,,,,98,2583,7.8,813042,669257,518692,669242,571771,605141,669743,681624,606192,52.74,,0.691497,0.7,1,0,0,,24,6,Sinker,0,0,0,0,0,0,0,0,Standard,Strategic,189,-0.025,0.339,,,,-0.339,,0,0,0.522,0.478,31,28,32,29,2,1,5,1,7,,1.48,0.8,0.8,58.3,,,,,
FF,2025-10-09,93.2,2.09,5.51,"Durbin, Caleb",702332,571510,,called_strike,,,,,5,Called Strike,D,R,L,CHC,MIL,S,,,0,0,2025,1.2,1.28,0.052579793320758794,2.2112872098939187,,,,2,4,Top,,,,,,,-7.885048705555676,-135.36202120515364,-5.467361810696266,16.54622701984773,32.19574063147926,-15.44975375177111,3.13361602223205,1.46100003543442,,,,92.9,2431,6.4,813050,608348,683737,663538,807713,621020,664023,691718,673548,54.1,,,,,,,,29,1,4-Seam Fastball,3,0,0,3,0,3,0,3,Standard,Standard,123,0.001,-0.043,,,,0.043,,3,-3,0.851,0.14900000000000002,34,25,34,25,2,1,5,1,,2,1.38,1.2,-1.2,25.3,,,,,
CH,2025-10-09,87.9,1.75,5.76,"Smith, Will",669257,650911,,foul,,,,,8,Foul,D,R,L,LAD,PHI,S,,,2,2,2025,1.41,-0.28,0.15503870162311606,1.8587331183378906,,,,0,5,Bot,,,,,,,-6.834361948249905,-127.73740561290853,-2.6765921009552827,16.828014036938775,29.26043857283614,-34.84440290885551,3.36,1.57,3,76.9,-36,88.1,2071,6.8,813042,592663,547180,681082,664761,607208,596146,669016,592206,53.74,,,,,,,,34,6,Changeup,0,0,0,0,0,0,0,0,Infield shade,Standard,102,0,0,71.6,8.0,,0,88.0,0,0,0.562,0.562,28,30,29,30,2,1,5,1,,4,3.27,1.41,-1.41,29.1,15.198954229022373,-16.05566911637541,37.897422249701634,40.710368263298555,42.33404431584397
SI,2025-10-09,97,1.59,5.91,"Smith, Will",669257,650911,,ball,,,,,13,Ball,D,R,L,LAD,PHI,B,,,1,2,2025,1.49,0.32,-0.9430387416221562,2.321360391333993,,,,0,5,Bot,,,,,,,-10.278465358647772,-140.85874665500654,-4.826914745929077,22.10745512763892,30.63770914604887,-27.02366012463211,3.41650872159158,1.62376892492758,,,,98,2088,6.9,813042,592663,547180,681082,664761,607208,596146,669016,592206,53.61,,,,,,,,34,5,Sinker,0,0,0,0,0,0,0,0,Infield shade,Standard,122,0.004,0.043,,,,-0.043,,0,0,0.558,0.558,28,30,29,30,2,1,5,1,,4,2.11,1.49,-1.49,33.1,,,,,
FF,2025-10-09,95.7,-1.45,5.93,"Bohm, Alec",664761,607192,,ball,,,,,12,Ball,D,R,R,LAD,PHI,B,,,2,2,2025,0.33,1.09,1.2199056099497492,3.114704091410056,,,,1,4,Top,,,,,,,6.485495201886738,-139.3271367733488,-4.426811851377183,2.891620047508253,29.343219608841746,-17.147061265487732,3.61583946524676,1.65188919210528,,,,98.4,2685,7.6,813042,669257,518692,669242,571771,605141,669743,681624,606192,52.87,,,,,,,,24,5,4-Seam Fastball,0,0,0,0,0,0,0,0,Standard,Strategic,181,-0.008,0.104,,,,-0.104,,0,0,0.53,0.47,31,28,32,29,2,1,5,1,7,,1.38,-0.33,-0.33,60.1,,,,,
CH,2025-10-09,88.2,-3.76,5.08,"Hoerner, Nico",663538,642547,,ball,,,,,11,Ball,D,R,R,CHC,MIL,B,,,0,0,2025,-1.29,0.42,-0.4506638234514653,3.6254131131937033,,807713,683737,2,2,Bot,,,,,,,10.772610866601891,-127.98988742349069,1.7669712455195543,-16.43141111491869,27.775260137844242,-28.219899720916917,3.15534460098715,1.40929274778365,,,,88.3,2156,6.6,813050,661388,683734,668930,702332,687401,694192,663368,686217,53.87,,,,,,,,19,1,Changeup,3,0,3,0,0,3,3,0,Strategic,Standard,250,0.002,0.024,,,,-0.024,,3,3,0.818,0.818,29,28,29,28,2,1,5,1,5,2,2.54,1.29,1.29,30.0,,,,,
FF,2025-10-09,91.7,2.25,5.46,"Vaughn, Andrew",683734,571510,field_out,hit_into_play,,,,,1,Andrew Vaughn pops out to first baseman Michael Busch.,D,R,L,CHC,MIL,X,3,popup,0,1,2025,1.21,1.1,-0.6166820792319097,2.7063797977868074,,,,1,4,Top,171.97,154.14,,,,,-9.828273239500874,-133.1604207010407,-3.391560332948854,16.551336990441317,31.43116806654485,-18.622831038080673,3.19,1.52,141,79.6,66,91.1,2279,6.3,813050,608348,683737,663538,807713,621020,664023,691718,673548,54.21,0.008,0.01,0,1,0,0,3,28,2,4-Seam Fastball,3,0,0,3,0,3,0,3,Standard,Standard,121,0.013,-0.215,,,0.013,0.215,88.0,3,-3,0.838,0.16200000000000003,34,27,34,27,2,1,5,1,,2,1.65,1.21,-1.21,22.4,,,,,
CH,2025-10-09,88.8,2.44,5.06,"Happ, Ian",664023,688107,field_out,hit_into_play,,,,,9,"Ian Happ grounds out, shortstop Joey Ortiz to first baseman Andrew Vaughn.",D,R,L,CHC,MIL,X,6,ground_ball,0,2,2025,1.46,0.09,0.2959769547587998,1.6523130132359478,,663538,663656,2,8,Bot,111.18,152.46,,,,,-8.358943198673169,-129.03245249751987,-2.4242146980138206,18.12135723148899,29.102949428521566,-30.7939409361665,3.53,1.64,11,80.5,-8,89,1871,6.7,813050,661388,683734,668930,702332,687401,694192,663368,686217,53.8,0.109,0.098,0,1,0,0,2,71,5,Changeup,6,0,6,0,0,6,6,0,Standard,Standard,111,-0.001,-0.178,,,0.151,0.178,88.0,6,6,0.998,0.998,26,30,26,31,2,4,12,1,5,2,2.82,1.46,-1.46,23.0,,,,,
CH,2025-10-09,87.7,1.79,5.84,"Smith, Will",669257,650911,,foul,,,,,7,Foul,D,R,L,LAD,PHI,S,,,1,2,2025,1.23,-0.51,-0.695770849743987,1.4652436548897132,,,,0,5,Bot,,,,,,,-8.628517773017542,-127.46178135502868,-3.4168318020158184,15.14131604020173,25.698274824071326,-37.24871870310258,3.36,1.57,,,,88.6,2039,6.8,813042,592663,547180,681082,664761,607208,596146,669016,592206,53.66,,,,,,,,34,4,Changeup,0,0,0,0,0,0,0,0,Infield shade,Standard,101,0,0,70.9,8.2,,0,,0,0,0.558,0.558,28,30,29,30,2,1,5,1,,4,3.48,1.23,-1.23,29.4,24.12483122351192,-23.238770821470084,42.47366727882729,31.627853484576683,42.80140719031381
SL,2025-10-09,91.3,-1.85,5.8,"Bohm, Alec",664761,607192,,ball,,,,,14,Ball,D,R,R,LAD,PHI,B,,,1,2,2025,0.19,-0.09,0.9765922185363418,0.20584293337899284,,,,1,4,Top,,,,,,,6.853144279038412,-132.7590073107084,-8.24050955195749,0.9837995780698393,24.764835266219507,-31.879599315869175,3.61855701469154,1.65408954592641,,,,93.8,2798,7.5,813042,669257,518692,669242,571771,605141,669743,681624,606192,52.98,,,,,,,,24,4,Slider,0,0,0,0,0,0,0,0,Standard,Strategic,116,-0.003,0.048,,,,-0.048,,0,0,0.533,0.46699999999999997,31,28,32,29,2,1,5,1,7,,2.8,-0.19,-0.19,48.7,,,,,
SL,2025-10-09,83.8,-3.78,5.22,"Busch, Michael",683737,642547,walk,ball,,,,,11,Michael Busch walks. Matt Shaw to 2nd.,D,L,R,CHC,MIL,B,,,3,2,2025,-0.01,0.31,-1.4107251158324634,2.5788407112997707,,,807713,2,2,Bot,,,,,,,5.539310750515905,-122.00282679065398,-0.3463248138527374,-1.11963255711032,21.556907515149085,-29.23276611467836,3.04861297973227,1.32931571169114,,,,84.7,2327,6.6,813050,661388,683734,668930,702332,687401,694192,663368,686217,53.89,,0.691497,0.7,1,0,0,,18,6,Slider,3,0,3,0,0,3,3,0,Strategic,Standard,140,0.009,0.24,,,,-0.24,,3,3,0.809,0.809,29,27,29,28,2,1,5,1,5,2,2.91,0.01,-0.01,31.0,,,,,
CU,2025-10-09,72.3,2.45,5.72,"Vaughn, Andrew",683734,571510,,called_strike,,,,,4,Called Strike,D,R,L,CHC,MIL,S,,,0,0,2025,-0.92,-0.8,-0.49964081259265225,2.1324046074653564,,,,1,4,Top,,,,,,,-4.275893719032138,-105.20317113766478,1.6665408231039571,-6.023305693349184,19.08977023604996,-38.59093283918028,3.11350358736615,1.44424481120208,,,,71.7,2349,6,813050,608348,683737,663538,807713,621020,664023,691718,673548,54.53,,,,,,,,28,1,Curveball,3,0,0,3,0,3,0,3,Standard,Standard,315,0.002,-0.039,,,,0.039,,3,-3,0.836,0.16400000000000003,34,27,34,27,2,1,5,1,,2,5.18,-0.92,0.92,32.6,,,,,
SL,2025-10-09,82.5,2.92,4.95,"Turang, Brice",668930,571510,strikeout,swinging_strike,,,,,13,Brice Turang strikes out swinging.,D,L,L,CHC,MIL,S,2,,2,2,2025,-0.1,-0.06,-0.3927281491703948,1.2917803434091395,,,,0,4,Top,,,,,,,-7.300938435906131,-120.09446047615121,-1.717379756947722,0.39775436581399976,21.93915940240682,-32.653478535363874,3.46,1.64,,,,82.3,2533,6,813050,608348,683737,663538,807713,621020,664023,691718,673548,54.47,,0,0,1,0,0,,27,5,Slider,3,0,0,3,0,3,0,3,Standard,Standard,331,0.019,-0.232,,,,0.232,,3,-3,0.817,0.18300000000000005,34,25,34,26,2,1,5,1,,2,3.39,-0.1,-0.1,10.4,,,,,
CH,2025-10-09,88,1.91,5.83,"Smith, Will",669257,650911,,ball,,,,,14,Ball,D,R,L,LAD,PHI,B,,,0,2,2025,1.23,-0.34,1.2328818686422944,1.0642173882413717,,,,0,5,Bot,,,,,,,-4.230632955310133,-128.10833366851205,-4.7991730945661715,14.382744921221523,26.13026111207866,-35.176801727699186,3.43332703884135,1.53691504968414,,,,88.9,2099,6.8,813042,592663,547180,681082,664761,607208,596146,669016,592206,53.73,,,,,,,,34,3,Changeup,0,0,0,0,0,0,0,0,Infield shade,Standard,107,0.003,0.024,,,,-0.024,,0,0,0.555,0.555,28,30,29,30,2,1,5,1,,4,3.28,1.23,-1.23,26.2,,,,,
FF,2025-10-09,94.4,2.22,5.25,"Happ, Ian",664023,688107,,foul,,,,,5,Foul,D,R,L,CHC,MIL,S,,,0,2,2025,0.61,1.01,0.15596643126248433,2.562731390322093,,663538,663656,2,8,Bot,,,,,,,-6.798010932046942,-137.23038067093012,-3.515076865033722,9.311169271978837,33.62599476117309,-18.80887506781607,3.53,1.64,245,79.6,38,94.7,2295,6.8,813050,661388,683734,668930,702332,687401,694192,663368,686217,53.71,,,,,,,,71,4,4-Seam Fastball,6,0,6,0,0,6,6,0,Standard,Standard,137,0,0,,,,0,88.0,6,6,0.998,0.998,26,30,26,31,2,4,12,1,5,2,1.57,0.61,-0.61,27.8,,,,,
SL,2025-10-09,84.3,-3.62,5.19,"Busch, Michael",683737,642547,,blocked_ball,,,,,14,Ball In Dirt,D,L,R,CHC,MIL,B,,,2,2,2025,0.28,0.16,0.8068721899422966,-0.2722048444076286,,,807713,2,2,Bot,,,,,,,9.782992017962068,-122.23740035623777,-6.5805846724846235,0.6934967220681644,26.115030862068238,-29.29319084623566,3.10056898601249,1.40092125307467,,,,84.4,2335,6.7,813050,661388,683734,668930,702332,687401,694192,663368,686217,53.77,,,,,,,,18,5,Slider,3,0,3,0,0,3,3,0,Infield shade,Standard,147,0.004,0.079,,,,-0.079,,3,3,0.805,0.805,29,27,29,28,2,1,5,1,5,2,3.09,-0.28,0.28,33.8,,,,,
SL,2025-10-09,89.7,-1.83,5.83,"Bohm, Alec",664761,607192,,ball,,,,,13,Ball,D,R,R,LAD,PHI,B,,,0,2,2025,0.08,-0.25,-0.11230066077713083,1.0780065327621666,,,,1,4,Top,,,,,,,4.174623305726951,-130.70504097220402,-5.40042748535167,0.1208985344543345,24.81822754067285,-34.275460775402344,3.53556773255931,1.6483399937307,,,,92.2,2850,7.5,813042,669257,518692,669242,571771,605141,669743,681624,606192,53.02,,,,,,,,24,3,Slider,0,0,0,0,0,0,0,0,Standard,Strategic,43,-0.002,0.017,,,,-0.017,,0,0,0.535,0.46499999999999997,31,28,32,29,2,1,5,1,7,,3.06,-0.08,-0.08,51.6,,,,,
SL,2025-10-09,87.6,1.73,5.97,"Smith, Will",669257,650911,,called_strike,,,,,4,Called Strike,D,R,L,LAD,PHI,S,,,0,1,2025,-0.23,-0.44,-0.49758177232460155,2.6065586550788558,,,,0,5,Bot,,,,,,,-4.947126289631162,-127.56926134118292,-1.1589417358764933,-1.617357987541002,23.46239241149455,-37.035257314163516,3.40888901397686,1.58923193473132,,,,88.9,2291,6.8,813042,592663,547180,681082,664761,607208,596146,669016,592206,53.69,,,,,,,,34,2,Slider,0,0,0,0,0,0,0,0,Infield shade,Standard,307,-0.007,-0.055,,,,0.055,,0,0,0.562,0.562,28,30,29,30,2,1,5,1,,4,3.38,-0.23,0.23,33.9,,,,,
FF,2025-10-09,94,-3.43,5.42,"Busch, Michael",683737,642547,,ball,,,,,13,Ball,D,L,R,CHC,MIL,B,,,1,2,2025,-0.25,1.49,-1.0388286364537715,1.6842707807167763,,,807713,2,2,Bot,,,,,,,6.790438201367576,-136.60630412381826,-7.255678325757067,-4.7647535303896404,32.643764723762274,-12.103526254353673,3.18198556251446,1.51215647398433,,,,94.3,2512,6.7,813050,661388,683734,668930,702332,687401,694192,663368,686217,53.79,,,,,,,,18,4,4-Seam Fastball,3,0,3,0,0,3,3,0,Strategic,Standard,211,0.002,0.033,,,,-0.033,,3,3,0.803,0.803,29,27,29,28,2,1,5,1,5,2,1.12,0.25,-0.25,41.4,,,,,
SL,2025-10-09,90.1,-1.83,5.83,"Bohm, Alec",664761,607192,,swinging_strike,,,,,5,Swinging Strike,D,R,R,LAD,PHI,S,,,0,1,2025,0.21,-0.18,0.24324883357560573,2.7044491977263734,,,,1,4,Top,,,,,,,4.809463761533614,-131.25656096001663,-1.5109134170633127,1.5232428715770492,24.344231129227182,-34.21964046834761,3.55,1.62,,,,92.4,2818,7.4,813042,669257,518692,669242,571771,605141,669743,681624,606192,53.15,,,,,,,,24,2,Slider,0,0,0,0,0,0,0,0,Standard,Standard,63,0.005,-0.052,71.8,6.2,,0.052,,0,0,0.53,0.47,31,28,32,29,2,1,5,1,7,,2.96,-0.21,-0.21,50.5,-12.659090910330017,36.68368626268289,33.461414179356446,40.75395375986871,9.38718789563975
CU,2025-10-09,72.1,2.61,5.55,"Turang, Brice",668930,571510,,called_strike,,,,,8,Called Strike,D,L,L,CHC,MIL,S,,,2,1,2025,-0.93,-0.73,0.04725359796570083,1.9687354227017835,,,,0,4,Top,,,,,,,-3.487182119985884,-104.93112073195404,1.6134664556453497,-6.247474541543948,18.869430974187637,-38.099917104931784,3.24071057367156,1.44026931679261,,,,71.6,2293,6,813050,608348,683737,663538,807713,621020,664023,691718,673548,54.49,,,,,,,,27,4,Curveball,3,0,0,3,0,3,0,3,Standard,Standard,305,0.007,-0.073,,,,0.073,,3,-3,0.81,0.18999999999999995,34,25,34,26,2,1,5,1,,2,5.14,-0.93,-0.93,26.6,,,,,
ST,2025-10-09,84.2,2.15,5.19,"Happ, Ian",664023,688107,,foul,,,,,8,Foul,D,R,L,CHC,MIL,S,,,0,2,2025,-0.95,0.37,-0.22183238907347458,1.8537460954075349,,663538,663656,2,8,Bot,,,,,,,-3.652749005588136,-122.58562162072833,-2.0775259111128896,-8.801740371486247,25.37979793290455,-28.26727673847233,3.53,1.64,1,77.8,-52,85,2530,6.9,813050,661388,683734,668930,702332,687401,694192,663368,686217,53.63,,,,,,,,71,3,Sweeper,6,0,6,0,0,6,6,0,Standard,Standard,266,0,0,,,,0,88.0,6,6,0.998,0.998,26,30,26,31,2,4,12,1,5,2,2.86,-0.95,0.95,26.5,,,,,
SI,2025-10-09,96,1.76,5.83,"Smith, Will",669257,650911,,foul,,,,,5,Foul,D,R,L,LAD,PHI,S,,,0,0,2025,1.65,0.31,0.07116455210743866,2.3930071873000633,,,,0,5,Bot,,,,,,,-8.331105944956288,-139.62192673325217,-4.241467236894718,23.401238137821064,31.061480778020584,-27.40043996035391,3.36,1.57,321,93.5,41,97.4,2196,7.1,813042,592663,547180,681082,664761,607208,596146,669016,592206,53.43,,,,,,,,34,1,Sinker,0,0,0,0,0,0,0,0,Infield shade,Standard,121,-0.005,-0.039,73.5,7.4,,0.039,93.5,0,0,0.567,0.567,28,30,29,30,2,1,5,1,,4,2.17,1.65,-1.65,31.2,15.586665152443253,14.046695246410987,34.02158135575556,39.96260999209875,24.12891627216132
FF,2025-10-09,90.5,2.24,5.37,"Turang, Brice",668930,571510,,ball,,,,,13,Ball,D,L,L,CHC,MIL,B,,,1,1,2025,1.34,1.3,-0.5434081629375658,0.9502042677480276,,,,0,4,Top,,,,,,,-9.805969536349227,-131.2614683306642,-7.798596298255031,17.661040006317144,29.508939284453895,-15.598551419769777,3.30809319419276,1.47895862664851,,,,90.3,2339,6.5,813050,608348,683737,663538,807713,621020,664023,691718,673548,54.02,,,,,,,,27,3,4-Seam Fastball,3,0,0,3,0,3,0,3,Standard,Standard,123,-0.005,0.055,,,,-0.055,,3,-3,0.815,0.18500000000000005,34,25,34,26,2,1,5,1,,2,1.52,1.34,1.34,22.9,,,,,
FF,2025-10-09,97,-1.64,5.84,"Bohm, Alec",664761,607192,,called_strike,,,,,7,Called Strike,D,R,R,LAD,PHI,S,,,0,0,2025,-0.17,1.16,-0.3873510934477322,2.0383191410763546,,,,1,4,Top,,,,,,,3.8523893352952423,-141.2080526476733,-7.55285805643897,-3.0434342263211254,27.733407817830255,-15.20951143089691,3.64053523997963,1.6248978178139,,,,100.3,2707,7.8,813042,669257,518692,669242,571771,605141,669743,681624,606192,52.72,,,,,,,,24,1,4-Seam Fastball,0,0,0,0,0,0,0,0,Standard,Standard,192,0.003,-0.039,,,,0.039,,0,0,0.527,0.473,31,28,32,29,2,1,5,1,7,,1.24,0.17,0.17,53.1,,,,,
CH,2025-10-09,86.7,-3.77,5.28,"Busch, Michael",683737,642547,,ball,,,,,13,Ball,D,L,R,CHC,MIL,B,,,0,2,2025,-1.48,0.18,-2.6393616583904262,2.131701079540579,,,807713,2,2,Bot,,,,,,,5.748627169946175,-126.04143170439384,-1.5989689738502708,-16.939375026368577,29.589099363987675,-30.151491657720342,3.15509244719135,1.42516560229566,,,,86.5,2058,6.5,813050,661388,683734,668930,702332,687401,694192,663368,686217,53.95,,,,,,,,18,3,Changeup,3,0,3,0,0,3,3,0,Strategic,Standard,245,0.001,0.009,,,,-0.009,,3,3,0.802,0.802,29,27,29,28,2,1,5,1,5,2,2.9,1.48,-1.48,30.3,,,,,
FF,2025-10-09,93.6,2.37,5.26,"Happ, Ian",664023,688107,,foul,,,,,4,Foul,D,R,L,CHC,MIL,S,,,0,1,2025,0.74,1.54,-0.4054081444805031,2.7399491880697266,,663538,663656,2,8,Bot,,,,,,,-8.852450473039152,-135.92868719842212,-4.124225481992528,11.223134968424773,32.126549147880404,-12.459082928763943,3.53,1.64,113,76.3,9,93.9,2292,6.7,813050,661388,683734,668930,702332,687401,694192,663368,686217,53.76,,,,,,,,71,2,4-Seam Fastball,6,0,6,0,0,6,6,0,Standard,Standard,136,0,-0.057,,,,0.057,88.0,6,6,0.998,0.998,26,30,26,31,2,4,12,1,5,2,1.09,0.74,-0.74,27.7,,,,,
CH,2025-10-09,75.8,2.48,5.56,"Turang, Brice",668930,571510,,called_strike,,,,,8,Called Strike,D,L,L,CHC,MIL,S,,,1,0,2025,1.51,0.34,-0.09135877584928442,1.6304414801713643,,,,0,4,Top,,,,,,,-8.036362809544096,-110.06263851504823,-1.6925250832798162,13.72273919317525,19.60959170170821,-29.303453205747186,3.1326583050602,1.42039172837136,,,,75.4,1800,6.1,813050,608348,683737,663538,807713,621020,664023,691718,673548,54.38,,,,,,,,27,2,Changeup,3,0,0,3,0,3,0,3,Standard,Standard,114,0.005,-0.05,,,,0.05,,3,-3,0.81,0.18999999999999995,34,25,34,26,2,1,5,1,,2,3.64,1.51,1.51,27.6,,,,,
CH,2025-10-09,87.8,-3.72,5.31,"Busch, Michael",683737,642547,,swinging_strike,,,,,13,Swinging Strike,D,L,R,CHC,MIL,S,,,0,1,2025,-1.3,0.35,-0.9047405368396428,1.5690504626685273,,,807713,2,2,Bot,,,,,,,9.534145073055605,-127.4178828404436,-3.580517396859345,-16.175244727614135,28.188694782761452,-27.82430013205711,3.27,1.56,,,,87.8,2130,6.6,813050,661388,683734,668930,702332,687401,694192,663368,686217,53.9,,,,,,,,18,2,Changeup,3,0,3,0,0,3,3,0,Strategic,Standard,247,-0.003,-0.055,,,,0.055,,3,3,0.805,0.805,29,27,29,28,2,1,5,1,5,2,2.65,1.3,-1.3,33.6,,,,,
CH,2025-10-09,88.8,1.8,5.82,"Edman, Tommy",669242,650911,field_out,hit_into_play,,,,,14,"Tommy Edman grounds out, second baseman Bryson Stott to first baseman Bryce Harper.",D,R,L,LAD,PHI,X,4,ground_ball,0,2,2025,1.36,-0.15,1.0190648415917762,1.350996602337906,,,,2,4,Bot,140.67,153.71,,,,,-4.836326915653737,-129.2247129732966,-4.597515586787754,16.28721719743049,27.905219323294606,-33.09690413579612,3.38,1.55,4,84.4,-15,89.9,2128,7,813042,592663,547180,681082,664761,607208,596146,669016,592206,53.46,0.094,0.09,0,1,0,0,2,29,4,Changeup,0,0,0,0,0,0,0,0,Standard,Standard,108,-0.008,-0.16,62.7,7.5,0.097,0.16,88.0,0,0,0.508,0.508,28,30,29,30,2,1,5,1,,4,3.05,1.36,-1.36,28.5,2.2243659701965335,17.21895381392907,25.092770259184626,51.04087684411717,15.22574636202123
SI,2025-10-09,96.9,-1.65,5.78,"Harper, Bryce",547180,607192,field_out,hit_into_play,,,,,1,Bryce Harper lines out sharply to center fielder Andy Pages.,D,L,R,LAD,PHI,X,8,line_drive,2,2,2025,-0.79,1.21,-0.4356083549013402,3.0046195651900316,,,,0,4,Top,94.41,63.23,,,,,5.2038337263476935,-141.07958705315903,-4.746605258233182,-11.697481269418166,31.83918135418015,-15.177060709285714,3.17,1.63,345,101.6,17,99.6,2695,7.7,813042,669257,518692,669242,571771,605141,669743,681624,606192,52.76,0.428,0.467,0,1,0,0,5,23,6,Sinker,0,0,0,0,0,0,0,0,Infield shade,Standard,187,0.023,-0.232,72.9,6.4,0.712,0.232,101.6,0,0,0.504,0.496,31,32,32,33,2,1,5,1,7,,1.22,0.79,-0.79,53.2,7.683658289779893,12.424151311651753,31.96179603267273,38.94800136979865,26.22548132327841
ST,2025-10-09,83.8,2.31,5.25,"Happ, Ian",664023,688107,,called_strike,,,,,5,Called Strike,D,R,L,CHC,MIL,S,,,0,0,2025,-1.37,0.64,0.20005007335581082,2.160985382891457,,663538,663656,2,8,Bot,,,,,,,-2.1577695944437405,-122.01721387068577,-1.9008339655331097,-13.06777707037502,27.952932341505214,-25.64484809857633,3.49475462886045,1.48823828415238,,,,83.9,2504,6.7,813050,661388,683734,668930,702332,687401,694192,663368,686217,53.79,,,,,,,,71,1,Sweeper,6,0,6,0,0,6,6,0,Standard,Standard,273,0,-0.047,,,,0.047,,6,6,0.998,0.998,26,30,26,31,2,4,12,1,5,2,2.64,-1.37,1.37,29.9,,,,,
SI,2025-10-09,96.9,1.61,5.86,"Edman, Tommy",669242,650911,,foul,,,,,5,Foul,D,R,L,LAD,PHI,S,,,0,2,2025,1.41,0.2,-0.05410734359830127,2.485545111543127,,,,2,4,Bot,,,,,,,-7.74818007531472,-140.80600282897055,-3.9007333345354285,20.512006445293338,34.59571847013849,-28.827152209586774,3.38,1.55,280,85.1,37,97.7,2191,7,813042,592663,547180,681082,664761,607208,596146,669016,592206,53.51,,,,,,,,29,3,Sinker,0,0,0,0,0,0,0,0,Standard,Standard,122,0,0,,,,0,88.0,0,0,0.508,0.508,28,30,29,30,2,1,5,1,,4,2.25,1.41,-1.41,31.9,,,,,
CU,2025-10-09,84.1,-1.69,5.93,"Harper, Bryce",547180,607192,,ball,,,,,13,Ball,D,L,R,LAD,PHI,B,,,1,2,2025,0.52,-1.3,-0.06361670386944634,0.4659299452113008,,,,0,4,Top,,,,,,,2.784462121833662,-122.33982064688699,-3.6014422020622714,4.47054251476475,28.596285996841587,-44.495703518998006,2.91439523273166,1.67028050606639,,,,84.9,2915,7.3,813042,669257,518692,669242,571771,605141,669743,681624,606192,53.22,,,,,,,,23,5,Curveball,0,0,0,0,0,0,0,0,Strategic,Standard,19,-0.004,0.043,,,,-0.043,,0,0,0.508,0.492,31,32,32,33,2,1,5,1,7,,4.58,-0.52,0.52,56.1,,,,,
CH,2025-10-09,87.7,-3.63,5.23,"Busch, Michael",683737,642547,,swinging_strike,,,,,8,Swinging Strike,D,L,R,CHC,MIL,S,,,0,0,2025,-1.33,0.32,0.21527878137965417,1.895157224086967,,,807713,2,2,Bot,,,,,,,12.148848283591743,-127.10353896699212,-2.56001766861244,-16.959901340599036,26.331994580954813,-28.336503887535045,3.27,1.56,,,,88.3,2074,6.9,813050,661388,683734,668930,702332,687401,694192,663368,686217,53.59,,,,,,,,18,1,Changeup,3,0,3,0,0,3,3,0,Strategic,Standard,250,-0.002,-0.042,,,,0.042,,3,3,0.807,0.807,29,27,29,28,2,1,5,1,5,2,2.67,1.33,-1.33,32.4,,,,,
ST,2025-10-09,84.1,2.4,5.23,"Suzuki, Seiya",673548,688107,field_out,hit_into_play,,,,,7,Seiya Suzuki flies out to center fielder Blake Perkins.,D,R,L,CHC,MIL,X,8,fly_ball,3,2,2025,-0.73,0.58,-0.2841821699818242,1.8672047167593009,,663538,663656,1,8,Bot,149.61,68.34,,,,,-4.81019743288982,-122.41468663782327,-2.5331740891509646,-6.2551377254999725,25.915459717200942,-26.067404337818257,3.15,1.42,329,95.9,38,84.5,2394,6.7,813050,661388,683734,668930,702332,687401,694192,663368,686217,53.83,0.076,0.136,0,1,0,0,3,70,6,Sweeper,6,0,6,0,0,6,6,0,Strategic,Standard,262,0,-0.31,,,0.256,0.31,95.9,6,6,0.998,0.998,26,30,26,31,2,4,12,1,5,2,2.66,-0.73,0.73,28.0,,,,,
CU,2025-10-09,72.4,2.52,5.71,"Turang, Brice",668930,571510,,ball,,,,,3,Ball,D,L,L,CHC,MIL,B,,,0,0,2025,-0.68,-0.85,0.7858040051228338,2.8761355649304052,,,,0,4,Top,,,,,,,-2.289349498330778,-105.27240322795238,3.214752267997086,-4.611564047400405,18.348776430189837,-39.27523088683625,3.22026267840357,1.50118470006621,,,,71.8,2241,5.9,813050,608348,683737,663538,807713,621020,664023,691718,673548,54.6,,,,,,,,27,1,Curveball,3,0,0,3,0,3,0,3,Standard,Standard,307,-0.004,0.041,,,,-0.041,,3,-3,0.814,0.18600000000000005,34,25,34,26,2,1,5,1,,2,5.22,-0.68,-0.68,29.4,,,,,
ST,2025-10-09,85.3,2.3,5.27,"Suzuki, Seiya",673548,688107,,swinging_strike,,,,,2,Swinging Strike,D,R,L,CHC,MIL,S,,,3,1,2025,-0.74,0.62,0.06712874426827753,3.138277797581087,,663538,663656,1,8,Bot,,,,,,,-3.773797062914366,-124.11888411763393,0.0737124867851019,-6.847228530180887,26.42777311733492,-26.001291751059934,3.15,1.42,,,,85.6,2523,6.7,813050,661388,683734,668930,702332,687401,694192,663368,686217,53.85,,,,,,,,70,5,Sweeper,6,0,6,0,0,6,6,0,Strategic,Standard,255,0,-0.075,,,,0.075,,6,6,0.998,0.998,26,30,26,31,2,4,12,1,5,2,2.53,-0.74,0.74,28.7,,,,,
SL,2025-10-09,87.9,1.61,5.88,"Edman, Tommy",669242,650911,,foul,,,,,7,Foul,D,R,L,LAD,PHI,S,,,0,1,2025,-0.24,-0.41,-0.7177026156810093,1.7375931035176704,,,,2,4,Bot,,,,,,,-5.210837481758722,-127.98985783230569,-3.1358019476224364,-1.6331174577586633,24.740202520353694,-36.33159025759838,3.38,1.55,2,88.7,-39,89.2,2269,6.9,813042,592663,547180,681082,664761,607208,596146,669016,592206,53.6,,,,,,,,29,2,Slider,0,0,0,0,0,0,0,0,Standard,Standard,301,-0.003,-0.057,74.3,7.9,,0.057,88.7,0,0,0.511,0.511,28,30,29,30,2,1,5,1,,4,3.34,-0.24,0.24,31.7,17.998816961041786,-12.658418397401158,32.57519366140898,29.46162010420278,34.57323038213244
FF,2025-10-09,92.3,1.84,5.66,"Contreras, William",661388,571510,strikeout,swinging_strike,,,,,11,William Contreras strikes out swinging.,D,R,L,CHC,MIL,S,2,,1,2,2025,1.12,0.95,-1.3801864352340318,3.0043738656457886,,,694192,2,3,Top,,,,,,,-10.590354273121047,-133.9513843613929,-2.945430404428032,15.75305985210641,29.300553415565755,-20.330075943547016,3.44,1.62,,,,92.1,2345,6.3,813050,608348,683737,663538,807713,621020,664023,691718,673548,54.18,,0,0,1,0,0,,23,5,4-Seam Fastball,3,0,0,3,0,3,0,3,Standard,Standard,130,0.014,-0.183,,,,0.183,,3,-3,0.825,0.17500000000000004,34,27,34,28,2,1,5,1,,2,1.75,1.12,-1.12,26.9,,,,,
SL,2025-10-09,82.5,-3.54,5.44,"Shaw, Matt",807713,642547,single,hit_into_play,,,,,9,Matt Shaw singles on a ground ball to third baseman Caleb Durbin.,D,R,R,CHC,MIL,X,5,ground_ball,0,2,2025,0.19,0.17,0.5471452614186818,1.690863924458958,,,,2,2,Bot,94.52,170.34,,,,,8.914129346855376,-119.8747679711709,-2.3007370166232852,0.02069637775211097,24.181524266233836,-30.283888413365254,3.23,1.52,68,69.7,6,82.3,2216,6.3,813050,661388,683734,668930,702332,687401,694192,663368,686217,54.15,0.281,0.254,0.9,1,1,0,2,17,3,Slider,3,0,3,0,0,3,3,0,Strategic,Standard,85,0.009,0.425,,,0.324,-0.425,88.0,3,3,0.798,0.798,29,23,29,24,1,0,5,1,5,2,3.2,-0.19,-0.19,35.2,,,,,
SI,2025-10-09,97.2,-1.54,5.75,"Harper, Bryce",547180,607192,,foul,,,,,2,Foul,D,L,R,LAD,PHI,S,,,1,2,2025,-1.04,1.25,0.0011217705331603156,2.888664556828462,,,,0,4,Top,,,,,,,6.707786868539054,-141.29609629715932,-5.065705193358312,-15.467019710966204,35.037327209228735,-14.511639472888433,3.17,1.63,209,79.1,28,99.5,2634,7.8,813042,669257,518692,669242,571771,605141,669743,681624,606192,52.7,,,,,,,,23,4,Sinker,0,0,0,0,0,0,0,0,Infield shade,Standard,194,0,0,65.3,5.4,,0,88.0,0,0,0.508,0.492,31,32,32,33,2,1,5,1,7,,1.19,1.04,-1.04,58.0,-14.304912889829525,22.728006638753797,43.567263575542,34.084070811435,15.36833402943891
CU,2025-10-09,77.3,-3.18,5.68,"Shaw, Matt",807713,642547,,foul,,,,,7,Foul,D,R,R,CHC,MIL,S,,,0,1,2025,0.53,-0.71,-0.37199551302924827,1.5219267257507365,,,,2,2,Bot,,,,,,,5.018912801318377,-112.46690029593896,-0.5784746271534229,3.507803951214803,21.667037158510038,-38.27772628895501,3.23,1.52,3,77,-31,77.2,2309,6.3,813050,661388,683734,668930,702332,687401,694192,663368,686217,54.15,,,,,,,,17,2,Curveball,3,0,3,0,0,3,3,0,Standard,Standard,56,-0.001,-0.057,,,,0.057,88.0,3,3,0.799,0.799,29,23,29,24,1,0,5,1,5,2,4.54,-0.53,-0.53,39.8,,,,,
CH,2025-10-09,86.8,1.82,5.81,"Edman, Tommy",669242,650911,,called_strike,,,,,5,Called Strike,D,R,L,LAD,PHI,S,,,0,0,2025,1.16,-0.25,0.12492781326144842,2.4758623189397153,,,,2,4,Bot,,,,,,,-6.500027995181915,-126.32054065135853,-1.26790573201469,13.764984969343972,26.36203042480102,-34.82406385831137,3.4615005637419,1.701677111453,,,,87.7,2013,6.9,813042,592663,547180,681082,664761,607208,596146,669016,592206,53.61,,,,,,,,29,1,Changeup,0,0,0,0,0,0,0,0,Standard,Standard,103,-0.002,-0.043,,,,0.043,,0,0,0.513,0.513,28,30,29,30,2,1,5,1,,4,3.28,1.16,-1.16,27.9,,,,,
CU,2025-10-09,81.6,-1.6,5.89,"Harper, Bryce",547180,607192,,foul,,,,,13,Foul,D,L,R,LAD,PHI,S,,,1,1,2025,0.34,-1.55,-0.5093349288297238,1.2437233103975984,,,,0,4,Top,,,,,,,1.8259891411870135,-118.70872144374454,-0.7906997668824455,2.8248547297887168,25.585920140522543,-46.72168747705312,3.17,1.63,3,89.4,-26,82.8,2970,7.4,813042,669257,518692,669242,571771,605141,669743,681624,606192,53.09,,,,,,,,23,3,Curveball,0,0,0,0,0,0,0,0,Infield shade,Standard,20,0.007,-0.061,73.1,8.1,,0.061,89.4,0,0,0.501,0.499,31,32,32,33,2,1,5,1,7,,5.01,-0.34,0.34,54.1,18.18321721056563,-10.658572384555486,36.97972739405191,41.877208782809916,42.764074157877936
FF,2025-10-09,94.7,1.91,5.52,"Contreras, William",661388,571510,,foul,,,,,2,Foul,D,R,L,CHC,MIL,S,,,1,2,2025,1.32,1.03,0.1987075653890087,3.3861296647307046,,,694192,2,3,Top,,,,,,,-7.383771029416444,-137.70468336570977,-2.194765677095324,18.38618004530835,31.32468113380103,-18.74715536059281,3.44,1.62,260,83.1,45,94.5,2383,6.3,813050,608348,683737,663538,807713,621020,664023,691718,673548,54.22,,,,,,,,23,4,4-Seam Fastball,3,0,0,3,0,3,0,3,Standard,Standard,125,0,0,,,,0,88.0,3,-3,0.825,0.17500000000000004,34,27,34,28,2,1,5,1,,2,1.52,1.32,-1.32,26.4,,,,,
CH,2025-10-09,89,2.16,5.25,"Suzuki, Seiya",673548,688107,,ball,,,,,7,Ball,D,R,L,CHC,MIL,B,,,2,1,2025,1.68,0.13,-0.4774374169690754,1.3899093169570107,,663538,663656,1,8,Bot,,,,,,,-10.053826324832066,-129.18177719352568,-3.6687289194919064,20.87851401510595,27.533697427511584,-30.134717340117227,3.1782069372529,1.42978220353304,,,,89.4,2090,6.7,813050,661388,683734,668930,702332,687401,694192,663368,686217,53.76,,,,,,,,70,4,Changeup,6,0,6,0,0,6,6,0,Standard,Standard,117,0,0.108,,,,-0.108,,6,6,0.998,0.998,26,30,26,31,2,4,12,1,5,2,2.77,1.68,-1.68,28.4,,,,,
SI,2025-10-09,96.8,1.78,5.9,"Freeman, Freddie",518692,650911,field_out,hit_into_play,,,,,8,"Freddie Freeman grounds out, shortstop Trea Turner to first baseman Bryce Harper.",D,L,L,LAD,PHI,X,6,ground_ball,0,2,2025,1.3,0.35,0.22303772034516722,2.340362575828671,,,,1,4,Bot,116.34,159.79,,,,,-7.2054545174113525,-140.88232302718725,-4.84623988280965,18.968557774823548,28.82278372748239,-26.702759210034348,3.7,1.79,13,96.5,-10,98.2,2182,6.8,813042,592663,547180,681082,664761,607208,596146,669016,592206,53.68,0.214,0.196,0,1,0,0,2,28,3,Sinker,0,0,0,0,0,0,0,0,Strategic,Standard,125,-0.012,-0.163,68.8,6.4,0.214,0.163,96.5,0,0,0.525,0.525,28,35,29,36,2,1,5,1,,4,2.07,1.3,1.3,33.3,-2.516088937934307,14.466711581313806,44.43657498410623,39.63277221826404,16.857362532472674
FF,2025-10-09,92.7,2.29,5.16,"Suzuki, Seiya",673548,688107,,ball,,,,,11,Ball,D,R,L,CHC,MIL,B,,,1,1,2025,0.75,0.91,-1.3053325228625592,2.315691943963083,,663538,663656,1,8,Bot,,,,,,,-10.892720582852036,-134.58701120922507,-3.4659187837753116,11.383674674825937,28.57269319809407,-20.545059236389065,3.15167708280348,1.43290523097936,,,,93.5,2205,6.8,813050,661388,683734,668930,702332,687401,694192,663368,686217,53.68,,,,,,,,70,3,4-Seam Fastball,6,0,6,0,0,6,6,0,Strategic,Standard,137,0,0.048,,,,-0.048,,6,6,0.998,0.998,26,30,26,31,2,4,12,1,5,2,1.75,0.75,-0.75,25.0,,,,,
CU,2025-10-09,73.4,2.07,5.79,"Contreras, William",661388,571510,,foul,,,,,11,Foul,D,R,L,CHC,MIL,S,,,1,1,2025,-0.8,-0.5,-0.8716179248722123,2.646123052868747,,,694192,2,3,Top,,,,,,,-4.5231882678081226,-106.75107511351216,1.805780020125876,-5.3463680952665396,18.502217757391154,-36.52120843470561,3.44,1.62,387,110.8,29,72.9,2281,5.9,813050,608348,683737,663538,807713,621020,664023,691718,673548,54.58,,,,,,,,23,3,Curveball,3,0,0,3,0,3,0,3,Standard,Standard,312,0.005,-0.073,,,,0.073,110.8,3,-3,0.82,0.18000000000000005,34,27,34,28,2,1,5,1,,2,4.74,-0.8,0.8,32.7,,,,,
FF,2025-10-09,94.7,-3.37,5.47,"Shaw, Matt",807713,642547,,called_strike,,,,,8,Called Strike,D,R,R,CHC,MIL,S,,,0,0,2025,-0.68,1.39,0.11430626199060923,1.5486399849803147,,,,2,2,Bot,,,,,,,10.650752073732557,-137.3757905919768,-7.661600436997205,-11.062287644186373,32.126177407754355,-12.931273633931683,3.50343105094419,1.53777753724012,,,,94.9,2414,6.7,813050,661388,683734,668930,702332,687401,694192,663368,686217,53.82,,,,,,,,17,1,4-Seam Fastball,3,0,3,0,0,3,3,0,Standard,Standard,214,-0.001,-0.043,,,,0.043,,3,3,0.8,0.8,29,23,29,24,1,0,5,1,5,2,1.18,0.68,0.68,36.2,,,,,
SI,2025-10-09,96.5,-1.8,5.74,"Harper, Bryce",547180,607192,,called_strike,,,,,8,Called Strike,D,L,R,LAD,PHI,S,,,1,0,2025,-0.99,1.3,0.0627464987659353,1.8617096899730008,,,,0,4,Top,,,,,,,7.408999993552529,-140.12434680568373,-7.856354429002351,-14.790202633076817,32.2051195645441,-13.465212269023286,3.20125450200166,1.49500718310682,,,,98.7,2527,7.6,813042,669257,518692,669242,571771,605141,669743,681624,606192,52.85,,,,,,,,23,2,Sinker,0,0,0,0,0,0,0,0,Infield shade,Standard,202,0.005,-0.05,,,,0.05,,0,0,0.496,0.504,31,32,32,33,2,1,5,1,7,,1.16,0.99,-0.99,52.1,,,,,
SL,2025-10-09,83.8,-3.59,5.38,"Swanson, Dansby",621020,642547,strikeout,swinging_strike,,,,,8,Dansby Swanson strikes out swinging.,D,R,R,CHC,MIL,S,2,,2,2,2025,0.23,0.21,0.016492925558768592,1.5467488538512413,,,,1,2,Bot,,,,,,,7.894904290712811,-121.83370372832344,-2.840714584482782,0.7460478990795678,24.386818306704836,-29.686013510790787,3.55,1.65,,,,84,2275,6.5,813050,661388,683734,668930,702332,687401,694192,663368,686217,54,,0,0,1,0,0,,16,6,Slider,3,0,3,0,0,3,3,0,Strategic,Standard,132,-0.008,-0.228,,,,0.228,,3,3,0.808,0.808,29,31,29,31,1,0,5,1,5,2,3.04,-0.23,-0.23,35.3,,,,,
SI,2025-10-09,96.3,1.7,5.88,"Freeman, Freddie",518692,650911,,foul,,,,,8,Foul,D,L,L,LAD,PHI,S,,,0,1,2025,1.12,0.08,0.24299813539466242,2.026345747413994,,,,1,4,Bot,,,,,,,-6.464255250301017,-140.1597261318841,-4.923165462358604,16.208029289652224,28.37233435172587,-30.330699003137894,3.7,1.79,141,80.2,11,97.6,2170,6.8,813042,592663,547180,681082,664761,607208,596146,669016,592206,53.71,,,,,,,,28,2,Sinker,0,0,0,0,0,0,0,0,Strategic,Standard,118,-0.005,-0.052,68.7,6.1,,0.052,88.0,0,0,0.53,0.53,28,35,29,36,2,1,5,1,,4,2.36,1.12,1.12,31.7,-20.012294039599446,23.43627935081923,49.82405875367491,39.62088614720233,4.61540712681377
FF,2025-10-09,93.8,2.04,5.53,"Contreras, William",661388,571510,,ball,,,,,14,Ball,D,R,L,CHC,MIL,B,,,0,1,2025,1.48,1.08,1.1396954943449404,2.180376655039038,,,694192,2,3,Top,,,,,,,-5.597784149097496,-136.3239090155257,-5.267170711597333,19.664755013946632,31.983667190025642,-17.780203202456125,3.27805318546872,1.53570141205162,,,,93.3,2431,6.2,813050,608348,683737,663538,807713,621020,664023,691718,673548,54.27,,,,,,,,23,2,4-Seam Fastball,3,0,0,3,0,3,0,3,Standard,Standard,122,-0.002,0.027,,,,-0.027,,3,-3,0.822,0.17800000000000005,34,27,34,28,2,1,5,1,,2,1.53,1.48,-1.48,24.1,,,,,
FF,2025-10-09,95.1,-1.71,5.75,"Harper, Bryce",547180,607192,,ball,,,,,14,Ball,D,L,R,LAD,PHI,B,,,0,0,2025,-0.05,1.02,0.9453418251442072,1.4898078784136217,,,,0,4,Top,,,,,,,7.238770382527642,-138.17915903456594,-8.000614078676229,-2.1272640817854853,29.245905249832102,-17.539340353893138,3.265875263126,1.43122890924975,,,,97.7,2651,7.7,813042,669257,518692,669242,571771,605141,669743,681624,606192,52.79,,,,,,,,23,1,4-Seam Fastball,0,0,0,0,0,0,0,0,Infield shade,Standard,194,-0.004,0.041,,,,-0.041,,0,0,0.5,0.5,31,32,32,33,2,1,5,1,7,,1.5,0.05,-0.05,52.8,,,,,
CH,2025-10-09,89.7,2.27,5.16,"Suzuki, Seiya",673548,688107,,ball,,,,,7,Ball,D,R,L,CHC,MIL,B,,,0,1,2025,1.58,0.28,-0.6140401182733566,1.6382343004943847,,663538,663656,1,8,Bot,,,,,,,-10.530446016606284,-130.142218328675,-3.286380034227372,20.15614876284669,27.30586631347039,-28.475503233146387,3.18225119488213,1.44791899670297,,,,90.1,2070,6.7,813050,661388,683734,668930,702332,687401,694192,663368,686217,53.81,,,,,,,,70,2,Changeup,6,0,6,0,0,6,6,0,Strategic,Standard,107,0,0.018,,,,-0.018,,6,6,0.998,0.998,26,30,26,31,2,4,12,1,5,2,2.57,1.58,-1.58,25.7,,,,,
CH,2025-10-09,78.8,2.12,5.53,"Contreras, William",661388,571510,,swinging_strike,,,,,8,Swinging Strike,D,R,L,CHC,MIL,S,,,0,0,2025,1.65,0.54,-0.20015442958098761,1.710158237289944,,,694192,2,3,Top,,,,,,,-8.057360112646146,-114.44091775828299,-2.4825182362549874,15.988918838098522,20.1741719103744,-27.179760979818223,3.44,1.62,,,,78.5,1861,6.1,813050,608348,683737,663538,807713,621020,664023,691718,673548,54.4,,,,,,,,23,1,Changeup,3,0,0,3,0,3,0,3,Standard,Standard,114,0.003,-0.042,,,,0.042,,3,-3,0.819,0.18100000000000005,34,27,34,28,2,1,5,1,,2,3.13,1.65,-1.65,28.2,,,,,
FF,2025-10-09,93,-3.37,5.52,"Swanson, Dansby",621020,642547,,ball,,,,,11,Ball,D,R,R,CHC,MIL,B,,,1,2,2025,-0.26,1.32,-0.6655985249770582,3.979708797392449,,,,1,2,Bot,,,,,,,7.516829912182295,-135.2075190589855,-1.0328761329291738,-4.930044574043248,30.650826523957157,-16.0655740153242,3.47496727012018,1.65000004542902,,,,92.9,2390,6.4,813050,661388,683734,668930,702332,687401,694192,663368,686217,54.13,,,,,,,,16,5,4-Seam Fastball,3,0,3,0,0,3,3,0,Strategic,Standard,210,0.002,0.048,,,,-0.048,,3,3,0.806,0.806,29,31,29,31,1,0,5,1,5,2,1.33,0.26,0.26,40.1,,,,,
SL,2025-10-09,87.3,1.76,5.9,"Freeman, Freddie",518692,650911,,called_strike,,,,,12,Called Strike,D,L,L,LAD,PHI,S,,,0,0,2025,-0.23,-0.46,0.8665567714484206,2.784276316328753,,,,1,4,Bot,,,,,,,-1.6983187937703532,-127.30863830306649,-0.46746694753960494,-2.1893304593052547,24.37039186062433,-37.3437930909699,3.67757785580989,1.83102964930064,,,,88.2,2096,6.6,813042,592663,547180,681082,664761,607208,596146,669016,592206,53.89,,,,,,,,28,1,Slider,0,0,0,0,0,0,0,0,Strategic,Standard,309,-0.003,-0.039,,,,0.039,,0,0,0.533,0.533,28,35,29,36,2,1,5,1,,4,3.42,-0.23,-0.23,31.4,,,,,
CH,2025-10-09,88.5,2.34,5.16,"Suzuki, Seiya",673548,688107,,called_strike,,,,,8,Called Strike,D,R,L,CHC,MIL,S,,,0,0,2025,1.52,0.13,0.24850212746580502,1.5060613207755527,,663538,663656,1,8,Bot,,,,,,,-8.320422317246024,-128.63755097307666,-3.1187530944518214,18.618891952567875,26.52168810080311,-30.279902828979107,3.08499026143399,1.36545017070672,,,,88.9,2035,6.6,813050,661388,683734,668930,702332,687401,694192,663368,686217,53.9,,,,,,,,70,1,Changeup,6,0,6,0,0,6,6,0,Strategic,Standard,107,0,-0.033,,,,0.033,,6,6,0.998,0.998,26,30,26,31,2,4,12,1,5,2,2.79,1.52,-1.52,23.6,,,,,
FF,2025-10-09,96.9,-1.44,5.89,"Schwarber, Kyle",656941,607192,strikeout,swinging_strike,,,,,12,Kyle Schwarber strikes out swinging.,D,L,R,LAD,PHI,S,2,,0,2,2025,-0.04,1.08,0.11432071264599371,4.037959599810444,,,,2,3,Top,,,,,,,4.335741998699719,-141.12351679795037,-1.9248335639636633,-1.509551916144147,32.18058266251009,-17.533811421496285,3.23,1.49,,,,99.3,2666,7.6,813042,669257,518692,669242,571771,605141,669743,681624,606192,52.94,,0,0,1,0,0,,17,3,4-Seam Fastball,0,0,0,0,0,0,0,0,Infield shade,Standard,188,0.007,-0.16,73.7,6.2,,0.16,,0,0,0.548,0.45199999999999996,31,32,32,32,2,1,5,1,7,,1.35,0.04,-0.04,57.7,13.969171869946257,20.806735411717124,24.217221936850997,30.331310487878277,16.88689636283287
FF,2025-10-09,99.7,-2.2,5.96,"Turner, Trea",607208,808963,field_out,hit_into_play,,,,,4,Trea Turner lines out to right fielder Teoscar Hernández.,D,R,R,LAD,PHI,X,9,line_drive,3,2,2025,-0.83,1.15,-0.30751398333940316,2.4639987967504977,,,,2,10,Top,171.08,105.59,,,,,7.285968381493385,-144.93003817110028,-7.079334098712488,-13.392724374659482,31.52762463114665,-14.454900756874308,3.48,1.69,260,88.7,19,101.6,2288,7.2,813042,669257,518692,669242,571970,605141,571771,681624,606192,53.26,0.562,0.553,0,1,0,0,4,73,6,4-Seam Fastball,1,1,1,1,1,1,1,1,Standard,Standard,223,0.039,-0.328,64.4,6.4,0.708,0.328,88.7,0,0,0.6,0.4,23,32,24,32,1,4,3,1,4,,1.13,0.83,0.83,44.2,-8.05554773253799,15.965211756889378,31.87048772753115,32.85353699717103,16.254235103922994
CH,2025-10-09,87.5,1.74,5.77,"Hernández, Teoscar",606192,650911,strikeout,swinging_strike,,,,,8,Teoscar Hernández strikes out swinging.,D,R,L,LAD,PHI,S,2,,1,2,2025,1.19,-0.28,0.07626521043134993,2.0793205616253765,,,,0,4,Bot,,,,,,,-6.5253787387431865,-127.28977220772441,-2.241077829960199,14.211614133209775,24.49190907484699,-35.008303071747285,3.47,1.61,,,,88.7,2077,6.9,813042,592663,547180,681082,664761,607208,596146,669016,592206,53.59,,0,0,1,0,0,,27,4,Changeup,0,0,0,0,0,0,0,0,Standard,Standard,99,-0.019,-0.189,78.5,8.6,,0.189,,0,0,0.552,0.552,28,32,29,33,2,1,5,1,,4,3.24,1.19,-1.19,28.9,21.87742262078306,-30.631804060308014,34.05531728241368,38.007961534376186,47.04073553810356
FF,2025-10-09,93.8,2.14,5.5,"Chourio, Jackson",694192,571510,single,hit_into_play,,,,,5,Jackson Chourio singles on a ground ball to left fielder Ian Happ.,D,R,L,CHC,MIL,X,7,ground_ball,0,0,2025,1.32,1.08,-0.17652196834026834,2.7673999528231206,,,,2,3,Top,110.72,86.31,,,,,-8.899902054603327,-136.37849195659703,-3.7255745840484433,18.45295864253732,28.85403081457442,-18.084709655012766,3.37,1.6,18,111.5,-8,93.7,2246,6.2,813050,608348,683737,663538,807713,621020,664023,691718,673548,54.29,0.37,0.338,0.9,1,1,0,2,22,1,4-Seam Fastball,3,0,0,3,0,3,0,3,Standard,Standard,127,-0.012,0.325,,,0.373,-0.325,111.5,3,-3,0.831,0.16900000000000004,34,21,34,21,2,1,5,1,,2,1.51,1.32,-1.32,24.6,,,,,
SL,2025-10-09,90.5,-1.83,5.75,"Schwarber, Kyle",656941,607192,,foul,,,,,3,Foul,D,L,R,LAD,PHI,S,,,0,1,2025,0.29,-0.08,0.3464704182321424,2.7482999154526304,,,,2,3,Top,,,,,,,4.917592919494355,-131.87422802976346,-1.4665657477373,2.419746947763831,25.565773042965976,-33.06462980624713,3.23,1.49,51,98.3,0,92.9,2786,7.4,813042,669257,518692,669242,571771,605141,669743,681624,606192,53.08,,,,,,,,17,2,Slider,0,0,0,0,0,0,0,0,Infield shade,Standard,71,0.003,-0.057,86.8,8.1,,0.057,98.3,0,0,0.545,0.45499999999999996,31,32,32,32,2,1,5,1,7,,2.84,-0.29,0.29,50.3,18.393853487983275,-24.066916035914574,29.226264435417228,29.471814262518055,39.14169404485659
CH,2025-10-09,87.4,-3.71,5.16,"Swanson, Dansby",621020,642547,,foul,,,,,7,Foul,D,R,R,CHC,MIL,S,,,1,2,2025,-1.42,0.13,-0.430743227687578,1.9998629931711753,,,,1,2,Bot,,,,,,,10.844874021357986,-126.75769911661224,-1.6425437525037399,-17.646995025654306,27.993666125526243,-30.586829100540022,3.55,1.65,28,97.7,-3,87.2,1997,6.5,813050,661388,683734,668930,702332,687401,694192,663368,686217,53.98,,,,,,,,16,4,Changeup,3,0,3,0,0,3,3,0,Infield shade,Standard,249,0,0,,,,0,97.7,3,3,0.806,0.806,29,31,29,31,1,0,5,1,5,2,2.89,1.42,1.42,27.5,,,,,
FF,2025-10-09,94.2,2.08,5.4,"Tucker, Kyle",663656,688107,single,hit_into_play,,,,,6,Kyle Tucker singles on a line drive to center fielder Blake Perkins. Nico Hoerner to 2nd.,D,L,L,CHC,MIL,X,8,line_drive,0,1,2025,0.65,1.17,0.7769097302453924,2.3122105449033477,,,663538,1,8,Bot,141.73,83.51,,,,,-4.870149679569171,-136.9744613098666,-4.889590250267954,9.320603195418776,33.37412242835824,-16.559952019550504,3.44,1.58,187,94.1,11,94.4,2325,6.7,813050,661388,683734,668930,702332,687401,694192,663368,686217,53.84,0.851,0.813,0.9,1,1,0,4,69,2,4-Seam Fastball,6,0,6,0,0,6,6,0,Strategic,Standard,141,0,0.446,,,0.995,-0.446,94.1,6,6,0.998,0.998,26,28,26,28,2,4,12,1,5,2,1.42,0.65,0.65,29.1,,,,,
FF,2025-10-09,99.6,-1.97,6.09,"Turner, Trea",607208,808963,,swinging_strike,,,,,2,Swinging Strike,D,R,R,LAD,PHI,S,,,3,1,2025,-0.79,1.22,-0.17692305016420595,2.9244969559499525,,,,2,10,Top,,,,,,,6.895688468369444,-144.9576359263689,-6.289479867543615,-12.713071873110291,29.66299646290842,-13.733185003838436,3.48,1.69,,,,101.5,2084,7,813042,669257,518692,669242,571970,605141,571771,681624,606192,53.47,,,,,,,,73,5,4-Seam Fastball,1,1,1,1,1,1,1,1,Standard,Standard,222,0.007,-0.086,71.9,6.3,,0.086,,0,0,0.593,0.40700000000000003,23,32,24,32,1,4,3,1,4,,1.06,0.79,0.79,46.5,-6.479765787612073,29.054759490364766,24.570807820291627,36.453307409554704,15.34017559020879
CH,2025-10-09,87.5,1.87,5.85,"Hernández, Teoscar",606192,650911,,ball,,,,,14,Ball,D,R,L,LAD,PHI,B,,,0,2,2025,1.4,-0.19,2.4186889131344613,2.0524325457850803,,,,0,4,Bot,,,,,,,-1.584790045962359,-127.50796847796877,-2.6815930344427055,15.58489259201756,26.073540614276975,-33.85953901326918,3.54476290949633,1.58868457242539,,,,88.7,2085,7,813042,592663,547180,681082,664761,607208,596146,669016,592206,53.53,,,,,,,,27,3,Changeup,0,0,0,0,0,0,0,0,Standard,Standard,107,0.003,0.024,,,,-0.024,,0,0,0.549,0.549,28,32,29,33,2,1,5,1,,4,3.15,1.4,-1.4,30.3,,,,,
CU,2025-10-09,83.3,-1.58,5.96,"Schwarber, Kyle",656941,607192,,foul,,,,,14,Foul,D,L,R,LAD,PHI,S,,,0,0,2025,0.68,-1.12,0.24000814480872668,1.2436605509387255,,,,2,3,Top,,,,,,,2.906044205610653,-121.27144239195647,-2.162437022080221,6.055770218478576,24.97559539366121,-42.988973321445,3.23,1.49,,,,84.7,2807,7.3,813042,669257,518692,669242,571771,605141,669743,681624,606192,53.19,,,,,,,,17,1,Curveball,0,0,0,0,0,0,0,0,Infield shade,Standard,14,0.002,-0.043,74.1,8.1,,0.043,,0,0,0.543,0.45699999999999996,31,32,32,32,2,1,5,1,7,,4.42,-0.68,0.68,57.5,23.106512532700727,-18.020379892729554,36.28117794469061,30.325409937728576,43.11849332849478
ST,2025-10-09,82.6,2.09,5.26,"Tucker, Kyle",663656,688107,,called_strike,,,,,8,Called Strike,D,L,L,CHC,MIL,S,,,0,0,2025,-1.27,0.38,-0.12900178209459012,1.8013823996284972,,,663538,1,8,Bot,,,,,,,-2.5887002479337498,-120.17323630411475,-2.0224827369960043,-11.632981044356058,26.742655155328965,-28.29867241310262,3.36376791738578,1.48627228538562,,,,82.7,2505,6.7,813050,661388,683734,668930,702332,687401,694192,663368,686217,53.8,,,,,,,,69,1,Sweeper,6,0,6,0,0,6,6,0,Strategic,Standard,277,0,-0.04,,,,0.04,,6,6,0.998,0.998,26,28,26,28,2,4,12,1,5,2,3,-1.27,-1.27,28.3,,,,,
SI,2025-10-09,96.4,-1.91,6.01,"Turner, Trea",607208,808963,,ball,,,,,14,Ball,D,R,R,LAD,PHI,B,,,2,1,2025,-1.28,0.7,1.4723480568405571,2.0958973832321908,,,,2,10,Top,,,,,,,12.072851766659532,-139.9182543723819,-6.553056625175499,-19.294383988302226,27.1716097444177,-21.739876727532256,3.52363740365859,1.74348242998128,,,,98.5,1924,7.3,813042,669257,518692,669242,571970,605141,571771,681624,606192,53.23,,,,,,,,73,4,Sinker,1,1,1,1,1,1,1,1,Standard,Standard,224,-0.009,0.117,,,,-0.117,,0,0,0.602,0.398,23,32,24,32,1,4,3,1,4,,1.74,1.28,1.28,46.2,,,,,
SI,2025-10-09,90.8,2.18,5.57,"Yelich, Christian",592885,571510,field_out,hit_into_play,,,,,4,"Christian Yelich grounds out, shortstop Dansby Swanson to first baseman Michael Busch.",D,L,L,CHC,MIL,X,6,ground_ball,1,0,2025,1.4,0.81,-0.6346826593646546,2.6215373365059333,,,,1,3,Top,131.98,147.06,,,,,-9.99330520504708,-131.9030900612286,-3.1650979878010728,18.452155502148504,28.601339072800307,-22.22780684378109,3.3,1.72,3,88.2,-38,90.5,2334,6.2,813050,608348,683737,663538,807713,621020,664023,691718,673548,54.27,0.052,0.051,0,1,0,0,2,21,2,Sinker,3,0,0,3,0,3,0,3,Infield shade,Standard,128,0.017,-0.293,,,0.053,0.293,88.2,3,-3,0.814,0.18600000000000005,34,33,34,34,2,1,5,1,,2,1.97,1.4,1.4,25.6,,,,,
FF,2025-10-09,91.9,-3.58,5.42,"Swanson, Dansby",621020,642547,,ball,,,,,11,Ball,D,R,R,CHC,MIL,B,,,0,2,2025,-0.49,1.34,-0.3857993891803029,4.001254245679187,,,,1,2,Bot,,,,,,,9.14338326865197,-133.47319790968027,-0.5744049919993004,-7.905710429943737,30.66637533833764,-16.364151876766833,3.39535226335867,1.54121142584881,,,,91.6,2380,6.4,813050,661388,683734,668930,702332,687401,694192,663368,686217,54.14,,,,,,,,16,3,4-Seam Fastball,3,0,3,0,0,3,3,0,Strategic,Standard,215,0.001,0.017,,,,-0.017,,3,3,0.805,0.805,29,31,29,31,1,0,5,1,5,2,1.39,0.49,0.49,32.4,,,,,
ST,2025-10-09,83.9,2.19,5.24,"Hoerner, Nico",663538,688107,single,hit_into_play,,,,,8,Nico Hoerner singles on a line drive to left fielder Jackson Chourio.,D,R,L,CHC,MIL,X,7,line_drive,0,1,2025,-1.46,0.48,-0.12230257350257512,2.0629474938669206,,,,1,8,Bot,44.46,108.2,,,,,-2.460455512293688,-122.05522676972663,-1.7691006400616167,-13.715036648095415,29.47043966562685,-27.249818532576565,3.3,1.57,195,98.1,12,83.6,2521,6.7,813050,661388,683734,668930,702332,687401,694192,663368,686217,53.84,0.929,0.882,0.9,1,1,0,4,68,2,Sweeper,6,0,6,0,0,6,6,0,Standard,Standard,270,0,0.453,,,1.086,-0.453,98.1,6,6,0.998,0.998,26,28,26,28,1,4,12,1,5,2,2.82,-1.46,1.46,29.0,,,,,
CH,2025-10-09,86.5,1.84,5.85,"Hernández, Teoscar",606192,650911,,swinging_strike,,,,,12,Swinging Strike,D,R,L,LAD,PHI,S,,,0,1,2025,1.26,-0.25,1.205900734157195,2.6081201863421755,,,,0,4,Bot,,,,,,,-4.126217018829605,-126.04017353135961,-1.060588058574899,14.31727878213998,24.056124644515933,-34.89689679972635,3.47,1.61,,,,87.5,1986,6.7,813042,592663,547180,681082,664761,607208,596146,669016,592206,53.78,,,,,,,,27,2,Changeup,0,0,0,0,0,0,0,0,Standard,Standard,103,-0.007,-0.055,73.3,8.4,,0.055,,0,0,0.556,0.556,28,32,29,33,2,1,5,1,,4,3.28,1.26,-1.26,28.2,16.55273023411391,-12.6654945969187,24.444613374010135,51.11578175621824,37.59135296309958
SL,2025-10-09,91.1,-2.01,5.68,"Turner, Trea",607208,607192,field_out,hit_into_play,,,,,8,"Trea Turner grounds out, third baseman Enrique Hernández to first baseman Freddie Freeman.",D,R,R,LAD,PHI,X,5,ground_ball,0,0,2025,0.32,0.11,0.10524366572095814,1.6530749074949478,,,,1,3,Top,110.26,174.99,,,,,4.746143492938179,-132.71514603686182,-4.639899071007736,2.9447410501723446,23.356750496359222,-30.199602340789358,3.48,1.69,7,83.2,-14,93.7,2799,7.4,813042,669257,518692,669242,571771,605141,669743,681624,606192,53.12,0.094,0.09,0,1,0,0,2,16,1,Slider,0,0,0,0,0,0,0,0,Standard,Standard,75,0.018,-0.254,76.9,8.0,0.098,0.254,88.0,0,0,0.525,0.475,31,32,32,32,2,1,5,1,7,,2.59,-0.32,-0.32,49.3,3.1861245491815593,-10.199532753789876,33.13250137086015,39.04459376985659,36.128674328640074
SL,2025-10-09,84.7,-3.59,5.4,"Swanson, Dansby",621020,642547,,swinging_strike,,,,,6,Swinging Strike,D,R,R,CHC,MIL,S,,,0,1,2025,0.35,0.29,0.7412041950540723,2.4063184329043614,,,,1,2,Bot,,,,,,,9.413940050794874,-123.00961621924145,-1.139432811302064,1.4486747752143354,27.287012838481388,-29.211701763967017,3.55,1.65,,,,84.4,2387,6.5,813050,661388,683734,668930,702332,687401,694192,663368,686217,54.03,,,,,,,,16,2,Slider,3,0,3,0,0,3,3,0,Infield shade,Standard,87,-0.003,-0.052,,,,0.052,,3,3,0.808,0.808,29,31,29,31,1,0,5,1,5,2,2.93,-0.35,-0.35,30.9,,,,,
FS,2025-10-09,85.5,-1.93,6.06,"Turner, Trea",607208,808963,,ball,,,,,13,Ball,D,R,R,LAD,PHI,B,,,1,1,2025,0.03,-0.57,-1.053046829380787,2.4950593877219496,,,,2,10,Top,,,,,,,2.06193252608419,-124.52756573329275,-0.9768276047081037,-0.0973901603016064,24.48318033602504,-38.17065892872141,3.52427021247511,1.66586480085658,,,,87.3,730,7.3,813042,669257,518692,669242,571970,605141,571771,681624,606192,53.15,,,,,,,,73,3,Split-Finger,1,1,1,1,1,1,1,1,Standard,Standard,3,-0.005,0.053,,,,-0.053,,0,0,0.607,0.393,23,32,24,32,1,4,3,1,4,,3.68,-0.03,-0.03,47.6,,,,,
CU,2025-10-09,74.3,2.37,5.66,"Yelich, Christian",592885,571510,,ball,,,,,13,Ball,D,L,L,CHC,MIL,B,,,0,0,2025,-0.77,-0.8,-0.3820991775193656,1.508735640526953,,,,1,3,Top,,,,,,,-4.259346397244492,-108.0885512947339,0.14552666391694524,-5.236068255199229,19.35942947941941,-38.71415292213462,3.18417522379254,1.70926347971925,,,,73.7,2377,5.9,813050,608348,683737,663538,807713,621020,664023,691718,673548,54.6,,,,,,,,21,1,Curveball,3,0,0,3,0,3,0,3,Standard,Standard,312,-0.002,0.039,,,,-0.039,,3,-3,0.816,0.18400000000000005,34,33,34,34,2,1,5,1,,2,4.94,-0.77,-0.77,30.3,,,,,
FF,2025-10-09,95.3,-3.35,5.48,"Swanson, Dansby",621020,642547,,called_strike,,,,,8,Called Strike,D,R,R,CHC,MIL,S,,,0,0,2025,-0.58,1.46,-0.22111009490380518,1.8082060041525918,,,,1,2,Bot,,,,,,,9.594577538972276,-138.28339525086798,-7.251616413792683,-9.70294903630894,33.11334909241497,-12.001316935140848,3.39376722061881,1.45778238189735,,,,95.5,2439,6.8,813050,661388,683734,668930,702332,687401,694192,663368,686217,53.75,,,,,,,,16,1,4-Seam Fastball,3,0,3,0,0,3,3,0,Strategic,Standard,215,-0.001,-0.039,,,,0.039,,3,3,0.809,0.809,29,31,29,31,1,0,5,1,5,2,1.08,0.58,0.58,38.3,,,,,
FS,2025-10-09,87.8,-1.96,6.07,"Turner, Trea",607208,808963,,ball,,,,,11,Ball,D,R,R,LAD,PHI,B,,,0,1,2025,-0.33,-0.28,-1.2421340640515974,2.8024962087320198,,,,2,10,Top,,,,,,,2.469520598954344,-127.97890169377534,-1.2768118656775387,-4.149568199466409,24.689706018688998,-35.20874199567688,3.40376587710148,1.54555098822247,,,,89.7,519,7.2,813042,669257,518692,669242,571970,605141,571771,681624,606192,53.3,,,,,,,,73,2,Split-Finger,1,1,1,1,1,1,1,1,Strategic,Standard,335,-0.003,0.027,,,,-0.027,,0,0,0.61,0.39,23,32,24,32,1,4,3,1,4,,3.21,0.33,0.33,48.5,,,,,
SL,2025-10-09,81.7,2.59,4.97,"Ortiz, Joey",687401,571510,strikeout,swinging_strike_blocked,,,,,13,Joey Ortiz strikes out swinging.,D,R,L,CHC,MIL,S,2,,0,2,2025,-0.09,0.01,-0.06541473167977763,0.5797576023025321,,,,0,3,Top,,,,,,,-5.789974027654109,-118.97608565155709,-3.3891928382187895,0.1852368711336807,21.60812746799015,-31.608249581843637,3.34,1.54,,,,81.7,2523,6.1,813050,608348,683737,663538,807713,621020,664023,691718,673548,54.4,,0,0,1,0,0,,20,3,Slider,3,0,0,3,0,3,0,3,Standard,Standard,313,0.013,-0.165,,,,0.165,,3,-3,0.803,0.19699999999999995,34,26,34,27,1,0,5,1,,2,3.38,-0.09,0.09,11.0,,,,,
CU,2025-10-09,83.9,-1.53,6,"Stott, Bryson",681082,607192,field_out,hit_into_play,,,,,13,"Bryson Stott grounds out, second baseman Tommy Edman to first baseman Freddie Freeman.",D,L,R,LAD,PHI,X,4,ground_ball,0,2,2025,0.43,-1.35,-0.4980500010752105,1.3342449592441858,,,,0,3,Top,139.35,139.07,,,,,1.5732323122372454,-122.1307994305963,-1.6808669531128586,3.932885859376096,25.325279352965893,-45.54661094950232,3.31,1.59,6,91.5,-12,85.4,2883,7.4,813042,669257,518692,669242,571771,605141,669743,681624,606192,53.14,0.196,0.181,0,1,0,0,2,15,3,Curveball,0,0,0,0,0,0,0,0,Strategic,Standard,17,0.015,-0.165,60.9,7.2,0.22,0.165,91.5,0,0,0.51,0.49,31,27,32,28,1,0,5,1,7,,4.6,-0.43,0.43,55.5,2.521070563778007,2.256294546375724,36.13592335565474,36.25458195567153,23.642047033991417
SI,2025-10-09,89.4,2.29,5.27,"Hoerner, Nico",663538,688107,,called_strike,,,,,4,Called Strike,D,R,L,CHC,MIL,S,,,0,0,2025,1.72,0.34,-0.47284917723756137,2.1753210777686562,,,,1,8,Bot,,,,,,,-10.479838174715956,-129.61636206985006,-2.2148623905503033,21.73230730644876,31.148886089166663,-28.04105794153134,3.28317937637551,1.50609217681259,,,,89.1,2038,6.7,813050,661388,683734,668930,702332,687401,694192,663368,686217,53.84,,,,,,,,68,1,Sinker,6,0,6,0,0,6,6,0,Standard,Standard,117,0,-0.039,,,,0.039,,6,6,0.998,0.998,26,28,26,28,1,4,12,1,5,2,2.57,1.72,-1.72,26.9,,,,,
SI,2025-10-09,97.3,0.35,6.66,"Busch, Michael",683737,676879,field_out,hit_into_play,,,,,6,Michael Busch grounds out to first baseman Andrew Vaughn. Dansby Swanson to 3rd. Matt Shaw to 2nd.,D,L,L,CHC,MIL,X,3,ground_ball,0,0,2025,1.45,0.73,0.6807639672299208,2.7381093531998686,,621020,807713,1,6,Bot,160.14,169.38,,,,,-2.394334519966834,-141.50223574344116,-6.492613149142682,19.9811744654155,35.161671351890504,-21.05993505395652,3.27,1.56,64,90.9,2,95.1,2162,5.3,813050,661388,683734,668930,702332,687401,694192,663368,686217,55.23,0.417,0.379,0,1,0,0,2,52,1,Sinker,4,0,4,0,0,4,4,0,Standard,Standard,149,-0.006,-0.314,,,0.457,0.314,90.9,4,4,0.958,0.958,27,27,27,28,1,3,3,1,2,2,1.7,1.45,1.45,48.7,,,,,
SI,2025-10-09,95.4,1.72,5.9,"Hernández, Teoscar",606192,650911,,foul,,,,,6,Foul,D,R,L,LAD,PHI,S,,,0,0,2025,1.3,0.59,0.4586419362959562,2.30746932245969,,,,0,4,Bot,,,,,,,-6.331742780567838,-138.80137040549266,-5.194892752195814,18.265308525190232,31.10594340395708,-23.619441822455535,3.47,1.61,216,77.9,54,96.6,2148,7,813042,592663,547180,681082,664761,607208,596146,669016,592206,53.52,,,,,,,,27,1,Sinker,0,0,0,0,0,0,0,0,Standard,Standard,122,-0.004,-0.039,72.5,8.1,,0.039,88.0,0,0,0.56,0.56,28,32,29,33,2,1,5,1,,4,1.92,1.3,-1.3,31.4,7.8720402202685875,2.0970068555674883,35.81204562989947,42.425334317818184,26.213224877536327
FF,2025-10-09,92.6,-3.63,5.4,"Crow-Armstrong, Pete",691718,642547,field_out,hit_into_play,,,,,11,"Pete Crow-Armstrong bunt grounds out softly, pitcher Freddy Peralta to first baseman Andrew Vaughn.",D,L,R,CHC,MIL,X,1,ground_ball,0,2,2025,-0.61,1.24,-0.996986482102048,3.295814783140554,,,,0,2,Bot,119.83,192.52,,,,,8.075644266328306,-134.64205085026967,-2.273150504436012,-9.14159044174174,28.990774552405686,-16.827669847022417,3.11,1.47,1,42.7,-66,92.8,2412,6.4,813050,661388,683734,668930,702332,687401,694192,663368,686217,54.07,0.264,0.244,0,1,0,0,1,15,3,4-Seam Fastball,3,0,3,0,0,3,3,0,Strategic,Standard,216,-0.007,0.194,,,0.268,-0.194,88.0,3,3,0.816,0.816,29,23,29,23,1,0,5,1,5,2,1.42,0.61,-0.61,32.7,,,,,
CH,2025-10-09,86.5,1.95,5.75,"Betts, Mookie",605141,650911,field_out,hit_into_play,,,,,8,Mookie Betts grounds out to first baseman Bryce Harper.,D,R,L,LAD,PHI,X,3,ground_ball,0,0,2025,1.44,-0.14,0.23546168307715187,1.8335120490859431,571771,,660271,2,3,Bot,143.06,180.38,,,,,-7.1212824058424555,-125.91114994306997,-2.927799232467101,16.768098070684033,23.529435969323337,-33.261671794864164,3.22,1.52,26,64.7,-1,87.8,2123,6.9,813042,592663,547180,681082,664761,607208,596146,669016,592206,53.6,0.067,0.065,0,1,0,0,2,22,1,Changeup,0,0,0,0,0,0,0,0,Standard,Standard,104,-0.055,-0.277,74.4,7.6,0.068,0.277,88.0,0,0,0.555,0.555,28,32,29,33,2,1,5,1,,4,3.16,1.44,-1.44,27.4,18.114743162978872,-15.07549542530032,34.47603444185305,41.56947635169759,45.98062150930937
CU,2025-10-09,85,0.36,6.47,"Shaw, Matt",807713,676879,single,hit_into_play,,,,,14,Matt Shaw singles on a line drive to center fielder Blake Perkins. Carson Kelly scores. Dansby Swanson to 2nd.,D,R,L,CHC,MIL,X,8,line_drive,0,2,2025,-0.34,-1.39,0.4158135769522282,0.799048531220607,,608348,621020,1,6,Bot,121.86,95.76,,,,,0.7915392549434881,-123.62542828431145,-4.01828436164814,-3.5931786740779095,28.865932112542556,-45.579587630315075,3.23,1.52,221,75.5,19,83.3,2586,5.6,813050,661388,683734,668930,702332,687401,694192,663368,686217,54.91,0.98,0.909,0.9,1,1,0,4,51,3,Curveball,3,0,3,0,0,4,4,0,Standard,Standard,334,0.04,0.564,,,1.065,-0.564,88.0,3,3,0.918,0.918,27,23,27,24,1,2,3,1,2,2,4.6,-0.34,0.34,54.1,,,,,
SI,2025-10-09,96.5,-1.73,5.76,"Stott, Bryson",681082,607192,,swinging_strike,,,,,4,Swinging Strike,D,L,R,LAD,PHI,S,,,0,1,2025,-1.1,1.04,-0.4625964770698956,2.3511206026733595,,,,0,3,Top,,,,,,,6.016116566448131,-140.43277445022446,-6.039858830463989,-15.844695622279371,29.79187750657996,-17.234749459261756,3.31,1.59,,,,99.1,2664,7.6,813042,669257,518692,669242,571771,605141,669743,681624,606192,52.89,,,,,,,,15,2,Sinker,0,0,0,0,0,0,0,0,Standard,Standard,186,0.006,-0.055,73.8,6.6,,0.055,,0,0,0.504,0.496,31,27,32,28,1,0,5,1,7,,1.39,1.1,-1.1,50.5,1.9559995792333904,12.193226551395997,35.397937977408326,35.98393744702824,23.2590215761327
FF,2025-10-09,93.7,2.01,5.23,"Busch, Michael",683737,688107,home_run,hit_into_play,,,,,2,Michael Busch homers (4) on a fly ball to center field.,D,L,L,CHC,MIL,X,,fly_ball,0,0,2025,0.8,1.25,0.0839666029537347,3.0864947425129525,,,,1,8,Bot,167.43,42.19,,,,,-6.805080676661078,-136.1054915748803,-2.4106861651005627,11.64429639263638,37.65743679475911,-16.53020802566237,3.27,1.56,401,108.1,33,93.3,2166,6.7,813050,661388,683734,668930,702332,687401,694192,663368,686217,53.77,0.845,1.7031999999999998,2,1,0,3,6,67,1,4-Seam Fastball,5,0,5,0,0,6,6,0,Standard,Standard,135,0.004,1.583,,,3.359,-1.583,108.1,5,5,0.994,0.994,26,27,26,28,1,4,12,1,5,2,1.41,0.8,0.8,26.8,,,,,
FS,2025-10-09,87.6,-2.02,6.02,"Turner, Trea",607208,808963,,swinging_strike,,,,,13,Swinging Strike,D,R,R,LAD,PHI,S,,,0,0,2025,-0.48,-0.69,-0.19550036186356556,1.4415035512319303,,,,2,10,Top,,,,,,,5.505744849025377,-127.45455069638733,-3.5575677777018386,-6.377647023124666,25.58146665791483,-39.22231201793358,3.48,1.69,,,,89.2,538,7.2,813042,669257,518692,669242,571970,605141,571771,681624,606192,53.26,,,,,,,,73,1,Split-Finger,1,1,1,1,1,1,1,1,Strategic,Standard,314,0.005,-0.043,74.2,8.7,,0.043,,0,0,0.605,0.395,23,32,24,32,1,4,3,1,4,,3.66,0.48,0.48,48.2,14.136549395303728,-38.358522537350176,23.10099617737764,34.525766860700855,53.1472852853138
FF,2025-10-09,93,2.14,5.58,"Ortiz, Joey",687401,571510,,foul,,,,,7,Foul,D,R,L,CHC,MIL,S,,,0,1,2025,1.25,0.82,-0.7075407740555246,2.0914550796545406,,,,0,3,Top,,,,,,,-10.00993349006037,-134.9781992933872,-4.910410422014253,17.44186935781006,30.158774280103962,-21.205623104766854,3.34,1.54,189,65.1,37,92.6,2323,6.3,813050,608348,683737,663538,807713,621020,664023,691718,673548,54.23,,,,,,,,20,2,4-Seam Fastball,3,0,0,3,0,3,0,3,Standard,Standard,123,0.006,-0.055,,,,0.055,88.0,3,-3,0.797,0.20299999999999996,34,26,34,27,1,0,5,1,,2,1.83,1.25,-1.25,27.4,,,,,
SI,2025-10-09,96.7,1.87,5.81,"Ohtani, Shohei",660271,650911,fielders_choice,hit_into_play,,,,,9,"Shohei Ohtani reaches on a fielder's choice. Enrique Hernández to 3rd. Enrique Hernández advances to 3rd, on a fielding error by third baseman Alec Bohm.",D,L,L,LAD,PHI,X,5,ground_ball,0,1,2025,1.38,0.28,0.469116897094463,1.7933876937202067,,,571771,2,3,Bot,110.96,162.27,,,,,-6.958606376455163,-140.61822217805687,-5.862580531847101,19.855203003435776,30.273761642331277,-27.378206424352204,3.51,1.65,30,96.5,-2,98,2164,7,813042,592663,547180,681082,664761,607208,596146,669016,592206,53.55,0.366,0.333,0.9,1,0,0,2,21,2,Sinker,0,0,0,0,0,0,0,0,Strategic,Standard,121,0.033,0.39,73.6,7.3,0.408,-0.39,96.5,0,0,0.522,0.522,28,30,29,31,2,1,5,1,,4,2.15,1.38,1.38,30.1,-6.541956479733244,17.99624019299327,44.8882176202242,35.35904571803073,15.863902230385296
SI,2025-10-09,97.2,0.5,6.67,"Shaw, Matt",807713,676879,,foul,,,,,5,Foul,D,R,L,CHC,MIL,S,,,0,1,2025,1.38,0.61,-0.05029456020922152,2.5784842598684854,,608348,621020,1,6,Bot,,,,,,,-4.522264330243174,-141.30764637003097,-6.664992233121326,19.438192559124523,34.0037102455251,-22.630563658914205,3.23,1.52,273,87.2,47,94.9,2178,5.1,813050,661388,683734,668930,702332,687401,694192,663368,686217,55.36,,,,,,,,51,2,Sinker,3,0,3,0,0,3,3,0,Standard,Standard,136,-0.004,-0.053,,,,0.053,88.0,3,3,0.922,0.922,27,23,27,24,1,2,3,1,2,2,1.82,1.38,-1.38,56.4,,,,,
CU,2025-10-09,79.2,-3.61,5.58,"Crow-Armstrong, Pete",691718,642547,,foul,,,,,4,Foul,D,L,R,CHC,MIL,S,,,0,1,2025,0.44,-0.27,-0.7761180253329873,2.074840870620977,,,,0,2,Bot,,,,,,,5.366204843286351,-115.30366861273903,-0.40932974554911916,3.0253106951527786,20.04592974575467,-34.756070470325845,3.11,1.47,93,63.8,11,79.4,2306,6.3,813050,661388,683734,668930,702332,687401,694192,663368,686217,54.24,,,,,,,,15,2,Curveball,3,0,3,0,0,3,3,0,Standard,Standard,75,-0.003,-0.055,,,,0.055,88.0,3,3,0.819,0.819,29,23,29,23,1,0,5,1,5,2,3.88,-0.44,0.44,36.6,,,,,
FF,2025-10-09,96.1,-1.72,5.8,"Stott, Bryson",681082,607192,,called_strike,,,,,2,Called Strike,D,L,R,LAD,PHI,S,,,0,0,2025,-0.19,1.3,0.19702529481058367,2.9874246413643917,,,,0,3,Top,,,,,,,5.649057378663348,-139.84293188749342,-4.941308432187521,-3.736672821745493,29.270536559568313,-14.210009604342286,3.25870392725888,1.66407005423444,,,,98.8,2638,7.6,813042,669257,518692,669242,571771,605141,669743,681624,606192,52.89,,,,,,,,15,1,4-Seam Fastball,0,0,0,0,0,0,0,0,Standard,Standard,191,0.004,-0.039,,,,0.039,,0,0,0.5,0.5,31,27,32,28,1,0,5,1,7,,1.16,0.19,-0.19,53.5,,,,,
ST,2025-10-09,84.6,2.18,5.25,"Shaw, Matt",807713,688107,field_out,hit_into_play,,,,,8,Matt Shaw flies out to left fielder Jackson Chourio.,D,R,L,CHC,MIL,X,7,fly_ball,3,2,2025,-1,0.24,-0.021647759370194142,1.9310109205942787,,,,0,8,Bot,87.25,108.38,,,,,-3.1612881052116775,-123.22825121986476,-1.8454426023571828,-9.415585632784762,26.24559659073964,-29.605598218676725,3.23,1.52,246,92.4,51,85,2663,6.7,813050,661388,683734,668930,702332,687401,694192,663368,686217,53.83,0.01,0.011,0,1,0,0,3,66,8,Sweeper,5,0,5,0,0,5,5,0,Standard,Standard,277,-0.001,-0.345,,,0.016,0.345,92.4,5,5,0.995,0.995,26,23,26,24,1,3,12,1,5,2,2.96,-1,1,27.8,,,,,
FF,2025-10-09,98.9,-1.93,6.05,"Stott, Bryson",681082,808963,strikeout,swinging_strike,,,,,11,Bryson Stott strikes out swinging.,D,L,R,LAD,PHI,S,2,,2,2,2025,-0.97,1.32,-1.3677052112069399,2.590084207036969,,,,1,10,Top,,,,,,,3.8414815634165933,-143.88023065067335,-7.203330083155536,-14.343256316822702,31.544557407774008,-12.340102371336478,3.31,1.59,,,,100.6,2259,7.1,813042,669257,518692,669242,571970,605141,571771,681624,606192,53.37,,0,0,1,0,0,,72,6,4-Seam Fastball,1,1,1,1,1,1,1,1,Strategic,Standard,224,0.04,-0.228,39.1,5.4,,0.228,,0,0,0.565,0.43500000000000005,23,27,24,28,1,3,3,1,4,,1,0.97,-0.97,44.9,-12.325746374453322,47.19233276804833,25.8484847170099,49.00784113884415,-4.690555329961792
FF,2025-10-09,91.9,2.19,5.56,"Ortiz, Joey",687401,571510,,called_strike,,,,,7,Called Strike,D,R,L,CHC,MIL,S,,,0,0,2025,1.28,1.31,-0.346780254284464,1.8950462100437422,,,,0,3,Top,,,,,,,-9.182345124221538,-133.33981759511457,-6.20271935588299,17.280412420580955,30.986884548253677,-15.360390700431761,3.18763158674138,1.45357448241139,,,,91.5,2322,6.4,813050,608348,683737,663538,807713,621020,664023,691718,673548,54.09,,,,,,,,20,1,4-Seam Fastball,3,0,0,3,0,3,0,3,Standard,Standard,127,0.003,-0.039,,,,0.039,,3,-3,0.794,0.20599999999999996,34,26,34,27,1,0,5,1,,2,1.42,1.28,-1.28,24.8,,,,,
ST,2025-10-09,88.4,2.35,5.35,"Muncy, Max",571970,666200,single,hit_into_play,,,,,1,Max Muncy singles on a ground ball to center fielder Max Kepler. Hyeseong Kim to 3rd.,D,L,L,LAD,PHI,X,8,ground_ball,0,0,2025,-0.7,0.32,-0.43109059855845666,2.611261293247944,,,808975,2,11,Bot,133.03,99.92,,,,,-5.269068487436612,-128.66942226581492,-1.2301625429948158,-6.587074931851007,28.615107337451427,-28.57613543797098,3.07,1.5,143,76.1,15,87.5,2458,5.9,813042,592663,547180,681082,664761,607208,642215,596146,592206,54.6,0.681,0.613,0.9,1,1,0,4,84,1,Sweeper,1,1,1,1,1,1,1,1,Standard,Standard,324,0.074,0.346,69.2,7.2,0.72,-0.346,88.0,0,0,0.563,0.563,27,34,28,35,1,1,3,1,,4,2.61,-0.7,-0.7,28.8,23.692238217746354,-16.61426483178453,32.80499434373753,44.286344437133806,45.98350235595015
SI,2025-10-09,96,1.83,5.81,"Ohtani, Shohei",660271,650911,,called_strike,,,,,9,Called Strike,D,L,L,LAD,PHI,S,,,0,0,2025,1.49,0.23,0.4000655599641689,2.0876686510760685,,,571771,2,3,Bot,,,,,,,-7.226618207437705,-139.61156174112176,-4.816262004316363,21.1448681922765,30.809726746310567,-28.340709479216763,3.45705012908635,1.48185448031175,,,,96.8,2127,6.8,813042,592663,547180,681082,664761,607208,596146,669016,592206,53.75,,,,,,,,21,1,Sinker,0,0,0,0,0,0,0,0,Strategic,Standard,119,-0.004,-0.042,,,,0.042,,0,0,0.526,0.526,28,30,29,31,2,1,5,1,,4,2.25,1.49,1.49,29.9,,,,,
ST,2025-10-09,87.2,2.68,5.3,"Smith, Will",669257,666200,field_out,hit_into_play,,,,,8,Will Smith lines out sharply to center fielder Max Kepler.,D,R,L,LAD,PHI,X,8,line_drive,3,2,2025,-0.94,0.19,0.07830782576618478,1.731224297880467,,,808975,1,11,Bot,135.92,50.14,,,,,-4.304634954642679,-127.01321348969634,-2.7963297835054695,-9.2985854703611,25.928713442980694,-29.802722742783548,3.36,1.57,369,101.9,20,86.7,2529,5.9,813042,592663,547180,681082,664761,607208,642215,596146,592206,54.59,0.34,0.5220909090909092,0,1,0,0,5,83,6,Sweeper,1,1,1,1,1,1,1,1,Infield shade,Standard,322,-0.083,-0.321,68.2,7.5,0.94,0.321,101.9,0,0,0.646,0.646,27,30,28,30,1,4,3,1,,4,2.81,-0.94,0.94,31.7,8.671855034556863,12.229594118779199,36.5811690752025,39.05642877193466,25.570023976379677
FF,2025-10-09,93.8,2.33,5.22,"Shaw, Matt",807713,688107,,ball,,,,,14,Ball,D,R,L,CHC,MIL,B,,,2,2,2025,0.56,1.28,0.9054863915903405,1.9530099672977899,,,,0,8,Bot,,,,,,,-4.980432911403578,-136.4625602758593,-5.56799263840842,8.160538587671578,32.24406307368553,-15.117320387299253,3.2233220268304,1.36410879985918,,,,94.3,2403,6.8,813050,661388,683734,668930,702332,687401,694192,663368,686217,53.73,,,,,,,,66,7,4-Seam Fastball,5,0,5,0,0,5,5,0,Standard,Standard,137,0,0.112,,,,-0.112,,5,5,0.995,0.995,26,23,26,24,1,3,12,1,5,2,1.32,0.56,-0.56,25.7,,,,,
CU,2025-10-09,82.7,0.36,6.59,"Shaw, Matt",807713,676879,,called_strike,,,,,7,Called Strike,D,R,L,CHC,MIL,S,,,0,0,2025,-0.54,-1.56,-0.5937476402218693,1.5508478317697554,,608348,621020,1,6,Bot,,,,,,,-1.0913538644684355,-120.30835951920623,-1.806224217664132,-4.948067110144372,28.115905749015724,-46.88808016517467,3.00200315359951,1.41455389774945,,,,80.9,2861,5.5,813050,661388,683734,668930,702332,687401,694192,663368,686217,54.95,,,,,,,,51,1,Curveball,3,0,3,0,0,3,3,0,Standard,Standard,337,-0.002,-0.033,,,,0.033,,3,3,0.924,0.924,27,23,27,24,1,2,3,1,2,2,4.95,-0.54,0.54,53.6,,,,,
SL,2025-10-09,89.7,-1.74,5.85,"Castellanos, Nick",592206,607192,field_out,hit_into_play,,,,,3,"Nick Castellanos grounds out, second baseman Tommy Edman to first baseman Freddie Freeman.",D,R,R,LAD,PHI,X,4,ground_ball,1,1,2025,0.35,-0.16,0.6535529548457899,3.6826506062289623,,,,2,2,Top,139.15,157.26,,,,,5.310429616088826,-130.77167320854466,0.9084579816269245,3.0754074479675593,23.53812027373577,-34.36738997145727,3.91,1.87,43,93.6,-2,92.3,2664,7.4,813042,669257,518692,669242,571771,605141,669743,681624,606192,53.06,0.302,0.277,0,1,0,0,2,11,3,Slider,0,0,0,0,0,0,0,0,Standard,Standard,111,0.01,-0.244,66.1,6.5,0.324,0.244,93.6,0,0,0.541,0.45899999999999996,31,33,32,33,1,0,5,1,7,,2.95,-0.35,-0.35,51.9,-3.3904478470490536,15.135081767276251,26.71734508536457,43.74442333540772,18.14242490123937
FF,2025-10-09,98.9,-2.14,6.03,"Stott, Bryson",681082,808963,,foul,,,,,1,Foul,D,L,R,LAD,PHI,S,,,2,2,2025,-0.55,1.14,-0.6876918870177731,3.2073305467566167,,,,1,10,Top,,,,,,,5.321347708547537,-144.0197344183167,-5.0308683229306785,-8.826339659222906,31.477540178500572,-15.31165594055851,3.31,1.59,285,87.9,47,100.5,2132,7,813042,669257,518692,669242,571970,605141,571771,681624,606192,53.5,,,,,,,,72,5,4-Seam Fastball,1,1,1,1,1,1,1,1,Standard,Standard,226,0,0,64.3,6.1,,0,88.0,0,0,0.565,0.43500000000000005,23,27,24,28,1,3,3,1,4,,1.18,0.55,-0.55,42.8,-1.2097454844899076,17.321293622286653,23.741917800293525,40.3946699013746,21.135761048823362
FF,2025-10-09,93.4,2.2,5.49,"Perkins, Blake",663368,571510,field_out,hit_into_play,,,,,2,Blake Perkins flies out to right fielder Seiya Suzuki.,D,R,L,CHC,MIL,X,9,fly_ball,0,1,2025,1.24,0.85,-0.16200242292482314,3.151097014577806,683734,,,2,2,Top,179.8,81.8,,,,,-8.824616418243005,-135.64754372139868,-2.0826899976436417,17.32272269051727,31.220493674510188,-21.50964731585914,3.5,1.68,320,91.7,39,93.4,2423,6.5,813050,608348,683737,663538,807713,621020,664023,691718,673548,54.01,0.025,0.038,0,1,0,0,3,14,2,4-Seam Fastball,3,0,0,3,0,3,0,3,Standard,Standard,124,0.026,-0.232,,,0.07,0.232,91.7,3,-3,0.795,0.20499999999999996,34,28,34,29,1,0,5,1,,2,1.79,1.24,-1.24,25.1,,,,,
FF,2025-10-09,93.3,-3.48,5.53,"Crow-Armstrong, Pete",691718,642547,,foul_tip,,,,,11,Foul Tip,D,L,R,CHC,MIL,S,,,0,0,2025,-0.35,1.51,-1.0231620264614425,2.4607882555278167,,,,0,2,Bot,,,,,,,7.108037643252268,-135.66722541551005,-5.472533242722814,-5.881735315014644,29.158732637409933,-12.49956001185686,3.11,1.47,,,,93.5,2452,6.4,813050,661388,683734,668930,702332,687401,694192,663368,686217,54.11,,,,,,,,15,1,4-Seam Fastball,3,0,3,0,0,3,3,0,Standard,Standard,207,-0.002,-0.039,,,,0.039,,3,3,0.821,0.821,29,23,29,23,1,0,5,1,5,2,1.11,0.35,-0.35,39.9,,,,,
SI,2025-10-09,97.6,0.24,6.6,"Swanson, Dansby",621020,676879,walk,blocked_ball,,,,,13,Dansby Swanson walks.,D,R,L,CHC,MIL,B,,,3,2,2025,1.25,0.74,-1.1053989634042878,0.5729684052163755,,608348,,1,6,Bot,,,,,,,-6.398707969195433,-141.57278615776673,-12.190051289630988,18.33975257769599,33.019933230134896,-19.601807722727237,3.45578325580534,1.54132302619322,,,,96,2378,5.6,813050,661388,683734,668930,702332,687401,694192,663368,686217,54.88,,0.691497,0.7,1,0,0,,50,7,Sinker,3,0,3,0,0,3,3,0,Standard,Standard,150,0.004,0.212,,,,-0.212,,3,3,0.92,0.92,27,31,27,31,1,2,3,1,2,2,1.68,1.25,-1.25,52.7,,,,,
CU,2025-10-09,82.5,-3.5,5.31,"Kelly, Carson",608348,642547,strikeout,swinging_strike,,,,,14,Carson Kelly strikes out swinging.,D,R,R,CHC,MIL,S,2,,0,2,2025,0.28,-0.05,0.2165925918533907,0.931044900592048,,,,2,1,Bot,,,,,,,7.982316068535173,-120.00516702348939,-3.367444996115558,1.2251180121300005,22.795812187686167,-32.24323959492446,3.39,1.67,,,,83.3,2295,6.8,813050,661388,683734,668930,702332,687401,694192,663368,686217,53.72,,0,0,1,0,0,,10,4,Curveball,3,0,3,0,0,3,3,0,Strategic,Standard,76,-0.004,-0.16,,,,0.16,,3,3,0.782,0.782,29,30,29,31,1,0,5,1,5,2,3.4,-0.28,-0.28,33.8,,,,,
ST,2025-10-09,83.4,2.13,5.23,"Shaw, Matt",807713,688107,,foul,,,,,1,Foul,D,R,L,CHC,MIL,S,,,2,2,2025,-1.09,0.51,-0.4533381124581163,2.7672732217906115,,,,0,8,Bot,,,,,,,-3.8052665732735047,-121.43628231906006,-0.17170607526229464,-9.97195319516547,25.22495319281039,-27.371782179207326,3.23,1.52,232,73.5,38,83.8,2618,6.7,813050,661388,683734,668930,702332,687401,694192,663368,686217,53.83,,,,,,,,66,6,Sweeper,5,0,5,0,0,5,5,0,Standard,Standard,266,0,0,,,,0,88.0,5,5,0.995,0.995,26,23,26,24,1,3,12,1,5,2,2.78,-1.09,1.09,29.0,,,,,
FF,2025-10-09,98.3,2.18,5.56,"Smith, Will",669257,666200,,ball,,,,,12,Ball,D,R,L,LAD,PHI,B,,,2,2,2025,1.24,1.08,0.9585791181215688,3.5143845378031,,,808975,1,11,Bot,,,,,,,-6.125896112560791,-143.0434615714922,-2.5220270522222648,18.396408588687628,35.77236976911349,-17.02618018354333,3.36020099230079,1.52364289946032,,,,97.3,2412,5.9,813042,592663,547180,681082,664761,607208,642215,596146,592206,54.61,,,,,,,,83,5,4-Seam Fastball,1,1,1,1,1,1,1,1,Standard,Standard,126,0.022,0.098,,,,-0.098,,0,0,0.624,0.624,27,30,28,30,1,4,3,1,,4,1.29,1.24,-1.24,31.2,,,,,
FF,2025-10-09,99.1,-1.55,5.88,"Castellanos, Nick",592206,607192,,ball,,,,,13,Ball,D,R,R,LAD,PHI,B,,,0,1,2025,-0.29,1.44,-0.8408911320762003,2.8868135855762542,,,,2,2,Top,,,,,,,2.6670178024627087,-144.2912628432284,-6.278921473306114,-4.625049649749029,32.498146263020324,-10.856229804692429,3.91190670058111,1.87697485606858,,,,101.7,2682,7.6,813042,669257,518692,669242,571771,605141,669743,681624,606192,52.89,,,,,,,,11,2,4-Seam Fastball,0,0,0,0,0,0,0,0,Standard,Standard,192,-0.001,0.027,,,,-0.027,,0,0,0.542,0.45799999999999996,31,33,32,33,1,0,5,1,7,,0.88,0.29,0.29,53.7,,,,,
CH,2025-10-09,87.7,1.87,5.77,"Pages, Andy",681624,650911,strikeout,swinging_strike_blocked,,,,,14,Andy Pages strikes out swinging.,D,R,L,LAD,PHI,S,2,,1,2,2025,1.22,0.05,0.1397703278435034,0.5966073819474595,,,571771,1,3,Bot,,,,,,,-6.783270699271668,-127.50022100082128,-6.558342995842774,14.696996953946531,25.311866729127495,-30.450094366613058,3.52,1.6,,,,88.7,2045,6.9,813042,592663,547180,681082,664761,607208,596146,669016,592206,53.59,,0,0,1,0,0,,20,5,Changeup,0,0,0,0,0,0,0,0,Standard,Standard,103,-0.022,-0.178,74.5,9.4,,0.178,,0,0,0.548,0.548,28,24,29,25,1,0,5,1,,4,2.91,1.22,-1.22,29.2,31.80748801496671,-25.320034675726514,50.937975433636176,35.72501368085827,52.642172498222216
FS,2025-10-09,88.6,-2.1,6.12,"Stott, Bryson",681082,808963,,ball,,,,,11,Ball,D,L,R,LAD,PHI,B,,,1,2,2025,-0.23,-0.62,-2.3862378927157746,2.8083708906282747,,,,1,10,Top,,,,,,,-0.22718775446490724,-129.04947149566456,-0.6940594835126671,-2.515905387534417,28.319734111845758,-39.19148055818542,3.223794126582,1.60460267870613,,,,89.9,542,7.1,813042,669257,518692,669242,571970,605141,571771,681624,606192,53.37,,,,,,,,72,4,Split-Finger,1,1,1,1,1,1,1,1,Standard,Standard,310,-0.007,0.048,,,,-0.048,,0,0,0.572,0.42800000000000005,23,27,24,28,1,3,3,1,4,,3.54,0.23,-0.23,44.3,,,,,
FF,2025-10-09,93.1,2.12,5.46,"Perkins, Blake",663368,571510,,called_strike,,,,,2,Called Strike,D,R,L,CHC,MIL,S,,,0,0,2025,1.26,1.33,-0.267486787952784,3.0504150694589716,683734,,,2,2,Top,,,,,,,-8.886522753695816,-135.15901667883944,-3.2609092317259427,17.415235064776667,31.7156134360486,-15.390447133443786,3.36197568360821,1.53526632565567,,,,92.8,2432,6.4,813050,608348,683737,663538,807713,621020,664023,691718,673548,54.09,,,,,,,,14,1,4-Seam Fastball,3,0,0,3,0,3,0,3,Standard,Standard,124,0.004,-0.044,,,,0.044,,3,-3,0.791,0.20899999999999996,34,28,34,29,1,0,5,1,,2,1.33,1.26,-1.26,25.0,,,,,
CH,2025-10-09,78.4,2.39,5.35,"Frelick, Sal",686217,571510,field_out,hit_into_play,,,,,6,Sal Frelick grounds out to first baseman Michael Busch. Andrew Vaughn to 3rd.,D,L,L,CHC,MIL,X,3,ground_ball,3,2,2025,1.41,0.25,0.483405072913192,2.3376736938731972,,683734,,1,2,Top,162.86,170.34,,,,,-6.698372632721683,-113.94987441108812,-0.09692359184958566,13.47991607429462,21.185509869195858,-30.23518397502805,3.12,1.48,30,95.6,-3,78.1,1703,6.2,813050,608348,683737,663538,807713,621020,664023,691718,673548,54.33,0.353,0.319,0,1,0,0,2,13,6,Changeup,3,0,0,3,0,3,0,3,Standard,Standard,108,0.033,-0.279,,,0.428,0.279,95.6,3,-3,0.758,0.242,34,25,34,25,1,0,5,1,,2,3.47,1.41,1.41,25.1,,,,,
CH,2025-10-09,88.1,1.86,5.69,"Pages, Andy",681624,650911,,foul,,,,,13,Foul,D,R,L,LAD,PHI,S,,,1,2,2025,1.26,-0.17,-0.45074455384525836,1.079629182300644,,,571771,1,3,Bot,,,,,,,-8.332177063249372,-127.96934876741892,-4.758155061053593,15.569693686610478,26.38351246560201,-33.276287552163474,3.52,1.6,51,74.8,4,89.1,2050,7,813042,592663,547180,681082,664761,607208,596146,669016,592206,53.51,,,,,,,,20,4,Changeup,0,0,0,0,0,0,0,0,Standard,Standard,103,0,0,75.2,8.9,,0,88.0,0,0,0.548,0.548,28,24,29,25,1,0,5,1,,4,3.12,1.26,-1.26,28.0,21.394907813997474,-15.134144366789263,52.817553865423996,30.6112067044214,42.787450719837814
FF,2025-10-09,94.1,-3.61,5.38,"Kelly, Carson",608348,642547,,foul,,,,,2,Foul,D,R,R,CHC,MIL,S,,,0,2,2025,-0.5,1.43,-0.0519934956259025,3.4595760854406143,,,,2,1,Bot,,,,,,,10.33858201627137,-136.5753494096713,-2.3644008249192865,-8.708776866101203,32.796411025901605,-14.036297243771214,3.39,1.67,240,76.8,39,93.8,2527,6.5,813050,661388,683734,668930,702332,687401,694192,663368,686217,54.02,,,,,,,,10,3,4-Seam Fastball,3,0,3,0,0,3,3,0,Strategic,Standard,211,0,0,,,,0,88.0,3,3,0.782,0.782,29,30,29,31,1,0,5,1,5,2,1.18,0.5,0.5,34.0,,,,,
SL,2025-10-09,92.5,-1.93,5.74,"Castellanos, Nick",592206,607192,,swinging_strike,,,,,8,Swinging Strike,D,R,R,LAD,PHI,S,,,0,0,2025,0.29,0.23,-0.08420889961422467,1.861822565851185,,,,2,2,Top,,,,,,,4.165127428834446,-134.84862034489277,-4.7954666620736806,2.8485592487789573,24.206271427509865,-28.659408268248278,3.91,1.87,,,,95.3,2634,7.4,813042,669257,518692,669242,571771,605141,669743,681624,606192,53.08,,,,,,,,11,1,Slider,0,0,0,0,0,0,0,0,Standard,Standard,166,0.002,-0.043,77.3,8.2,,0.043,,0,0,0.54,0.45999999999999996,31,33,32,33,1,0,5,1,7,,2.39,-0.29,-0.29,50.5,20.142634008429177,-10.299330766966355,44.304604381341086,34.30475496444083,34.267254567160904
FF,2025-10-09,99.4,-2,6.05,"Stott, Bryson",681082,808963,,foul,,,,,6,Foul,D,L,R,LAD,PHI,S,,,1,1,2025,-0.7,1.1,0.3057102758255241,2.765843150356808,,,,1,10,Top,,,,,,,8.072890015441565,-144.472301534492,-6.236938759639667,-11.667899675488416,35.04764286825634,-15.537707079178277,3.31,1.59,192,75.2,63,100.7,2182,7.2,813042,669257,518692,669242,571970,605141,571771,681624,606192,53.34,,,,,,,,72,3,4-Seam Fastball,1,1,1,1,1,1,1,1,Standard,Standard,224,0.012,-0.064,72.5,6.9,,0.064,88.0,0,0,0.56,0.43999999999999995,23,27,24,28,1,3,3,1,4,,1.22,0.7,-0.7,43.9,5.629247267003207,-5.361425116498876,31.014249319531963,27.151615701238338,34.88234090045073
SL,2025-10-09,89.9,-1.26,5.11,"Turner, Trea",607208,686218,strikeout,swinging_strike,,,,,14,Trea Turner strikes out swinging.,D,R,R,LAD,PHI,S,2,,0,2,2025,0.32,0.22,1.1978060359968146,1.1317714112684714,,592206,,2,7,Top,,,,,,,5.445160640642716,-130.83727402411563,-4.432651551664874,2.65585321088435,24.993439012294367,-28.91005286923895,3.48,1.69,,,,90.9,2451,6.7,813042,669257,518692,669242,571771,605141,669743,681624,606192,53.81,,0,0,1,0,0,,51,5,Slider,0,1,1,0,1,0,1,0,Standard,Standard,192,0.024,-0.193,69.1,8.1,,0.193,,-1,1,0.34,0.6599999999999999,25,32,26,32,1,3,3,1,15,,2.57,-0.32,-0.32,28.5,2.621512812928962,-10.11202902828228,27.853892088277433,50.55290808941016,27.674151075653278
FF,2025-10-09,94.5,1.98,5.32,"Shaw, Matt",807713,688107,,ball,,,,,13,Ball,D,R,L,CHC,MIL,B,,,1,2,2025,0.67,1.19,-1.5661327700125707,1.6178378644385678,,,,0,8,Bot,,,,,,,-10.815762049565748,-137.16074085129054,-6.635593239405515,10.852318570789526,30.84614646581083,-15.805522438314613,3.26552617075174,1.46575894408087,,,,95.2,2342,6.9,813050,661388,683734,668930,702332,687401,694192,663368,686217,53.61,,,,,,,,66,5,4-Seam Fastball,5,0,5,0,0,5,5,0,Strategic,Standard,142,0,0.043,,,,-0.043,,5,5,0.995,0.995,26,23,26,24,1,3,12,1,5,2,1.38,0.67,-0.67,27.2,,,,,
ST,2025-10-09,88.2,2.39,5.21,"Smith, Will",669257,666200,,swinging_strike,,,,,13,Swinging Strike,D,R,L,LAD,PHI,S,,,2,1,2025,-0.6,0.17,-0.7992865542712246,1.3259497998084444,,,808975,1,11,Bot,,,,,,,-6.501858859015968,-128.43187867260218,-3.735288526519041,-5.3992595316003165,25.251760730794423,-29.715616941789477,3.36,1.57,,,,88.2,2515,6.1,813042,592663,547180,681082,664761,607208,642215,596146,592206,54.37,,,,,,,,83,4,Sweeper,1,1,1,1,1,1,1,1,Standard,Standard,349,-0.018,-0.075,72.7,8.9,,0.075,,0,0,0.642,0.642,27,30,28,30,1,4,3,1,,4,2.74,-0.6,0.6,26.7,29.125745352048398,-32.563318067445856,38.78208159515127,30.858738617125706,49.85805636382021
CH,2025-10-09,92.3,0.64,6.55,"Swanson, Dansby",621020,676879,,ball,,,,,14,Ball,D,R,L,CHC,MIL,B,,,2,2,2025,1.23,0.4,0.28969836468575605,0.8933981420178079,,608348,,1,6,Bot,,,,,,,-3.503293963856937,-134.20554206712526,-9.30058216978673,15.632776341496044,28.08698669630124,-25.553798833187,3.48792783189704,1.48315177170637,,,,90.9,2118,5.4,813050,661388,683734,668930,702332,687401,694192,663368,686217,55.11,,,,,,,,50,6,Changeup,3,0,3,0,0,3,3,0,Standard,Standard,137,0.003,0.068,,,,-0.068,,3,3,0.917,0.917,27,31,27,31,1,2,3,1,2,2,2.27,1.23,-1.23,46.5,,,,,
SL,2025-10-09,89.8,-1.26,5.18,"Turner, Trea",607208,686218,,foul,,,,,9,Foul,D,R,R,LAD,PHI,S,,,0,2,2025,0.44,0.51,0.5336941781343998,1.7879259450743437,,592206,,2,7,Top,,,,,,,3.556141392213533,-130.92493513901783,-3.61321473069096,4.4140445520662155,23.982789779911876,-25.766504788458352,3.48,1.69,186,66.3,23,91.1,2372,6.7,813042,669257,518692,669242,571771,605141,669743,681624,606192,53.83,,,,,,,,51,4,Slider,0,1,1,0,1,0,1,0,Standard,Standard,188,0,0,67.2,7.8,,0,88.0,-1,1,0.34,0.6599999999999999,25,32,26,32,1,3,3,1,15,,2.28,-0.44,-0.44,31.3,1.0697924836790644,-10.084550282078615,33.906026889127524,42.2642988670131,28.394978744286995
SI,2025-10-09,96.4,1.78,5.92,"Pages, Andy",681624,650911,,called_strike,,,,,1,Called Strike,D,R,L,LAD,PHI,S,,,1,1,2025,1.32,0.2,-0.40770067740879257,3.0810718753854154,,,571771,1,3,Bot,,,,,,,-8.861571714184619,-140.20647489134723,-2.4557396486202765,19.321336947325452,30.13858053482503,-29.169340963150102,3.45444421454127,1.55287689267239,,,,97.2,2159,6.7,813042,592663,547180,681082,664761,607208,596146,669016,592206,53.81,,,,,,,,20,3,Sinker,0,0,0,0,0,0,0,0,Standard,Standard,118,-0.008,-0.056,,,,0.056,,0,0,0.556,0.556,28,24,29,25,1,0,5,1,,4,2.24,1.32,-1.32,32.9,,,,,
ST,2025-10-09,87.8,2.35,5.26,"Smith, Will",669257,666200,,ball,,,,,8,Ball,D,R,L,LAD,PHI,B,,,1,1,2025,-0.64,-0.76,-0.2652427649294315,1.4660595877663347,,,808975,1,11,Bot,,,,,,,-4.999121237337822,-127.7744011594879,-1.41424691676256,-5.769055328245291,29.634098769171132,-40.30002465901905,3.40424726183961,1.55062141043509,,,,87.1,2471,6.2,813042,592663,547180,681082,664761,607208,642215,596146,592206,54.34,,,,,,,,83,3,Sweeper,1,1,1,1,1,1,1,1,Strategic,Standard,328,0.011,0.063,,,,-0.063,,0,0,0.631,0.631,27,30,28,30,1,4,3,1,,4,3.74,-0.64,0.64,28.8,,,,,
SI,2025-10-09,98.9,-1.65,5.79,"Kepler, Max",596146,607192,strikeout,swinging_strike,,,,,2,Max Kepler strikes out swinging.,D,L,R,LAD,PHI,S,2,,2,2,2025,-0.75,1.48,0.07858337326984732,3.41423786250533,,,,1,2,Top,,,,,,,6.6292304937041315,-143.85116271441686,-4.591943696807446,-12.014864974077296,34.468789713501195,-10.705600331072766,3.38,1.6,,,,100.9,2679,7.5,813042,669257,518692,669242,571771,605141,669743,681624,606192,53.01,,0,0,1,0,0,,10,5,Sinker,0,0,0,0,0,0,0,0,Strategic,Standard,192,0.014,-0.228,69.1,6.4,,0.228,,0,0,0.526,0.474,31,32,32,32,1,0,5,1,7,,0.85,0.75,-0.75,56.5,2.1552982989098854,1.4378152440156438,30.44517624339897,35.819283906264864,23.174642150429403
FF,2025-10-09,93.3,-3.47,5.38,"Kelly, Carson",608348,642547,,called_strike,,,,,6,Called Strike,D,R,R,CHC,MIL,S,,,0,1,2025,-0.38,1.52,0.3880633898486381,2.345235214695582,,,,2,1,Bot,,,,,,,10.817693982893818,-135.36541397671365,-5.355906339595757,-7.117619220025194,31.515306246722318,-12.47796715484197,3.30960244410908,1.60359622136943,,,,93.5,2455,6.7,813050,661388,683734,668930,702332,687401,694192,663368,686217,53.79,,,,,,,,10,2,4-Seam Fastball,3,0,3,0,0,3,3,0,Strategic,Standard,211,-0.001,-0.057,,,,0.057,,3,3,0.783,0.783,29,30,29,31,1,0,5,1,5,2,1.13,0.38,0.38,38.0,,,,,
FF,2025-10-09,98,0.32,6.67,"Swanson, Dansby",621020,676879,,foul,,,,,11,Foul,D,R,L,CHC,MIL,S,,,2,2,2025,0.32,1.08,-0.7525089591101068,3.9529488662770693,,608348,,1,6,Bot,,,,,,,-3.5891164511842906,-142.5920454653959,-4.243366261459296,5.256596643474465,36.18093420839302,-16.730226349264793,3.55,1.65,,,,96,2225,5.4,813050,661388,683734,668930,702332,687401,694192,663368,686217,55.1,,,,,,,,50,5,4-Seam Fastball,3,0,3,0,0,3,3,0,Standard,Standard,147,0,0,,,,0,,3,3,0.917,0.917,27,31,27,31,1,2,3,1,2,2,1.32,0.32,-0.32,52.0,,,,,
FF,2025-10-09,94.9,2.08,5.44,"Shaw, Matt",807713,688107,,ball,,,,,12,Ball,D,R,L,CHC,MIL,B,,,0,2,2025,0.59,1.28,1.4423517449564787,3.5499842888916904,,,,0,8,Bot,,,,,,,-2.997032259052026,-138.24790214352157,-2.12326983002158,8.226684357680815,32.326232154170235,-15.602021428651478,3.4177064700507,1.55826612791647,,,,95.3,2281,6.6,813050,661388,683734,668930,702332,687401,694192,663368,686217,53.95,,,,,,,,66,4,4-Seam Fastball,5,0,5,0,0,5,5,0,Standard,Standard,139,0,0.024,,,,-0.024,,5,5,0.995,0.995,26,23,26,24,1,3,12,1,5,2,1.26,0.59,-0.59,30.0,,,,,
FF,2025-10-09,93.1,2.33,5.43,"Frelick, Sal",686217,571510,,foul,,,,,5,Foul,D,L,L,CHC,MIL,S,,,3,1,2025,1.31,1.16,0.09935140800115927,2.3148793854858507,,683734,,1,2,Top,,,,,,,-8.627454295083377,-135.15417523204601,-4.666980082339901,18.086942940724104,34.96073627365413,-17.17503026916763,3.12,1.48,7,89.4,-17,92.6,2319,6.5,813050,608348,683737,663538,807713,621020,664023,691718,673548,53.96,,,,,,,,13,5,4-Seam Fastball,3,0,0,3,0,3,0,3,Standard,Standard,125,0.006,-0.068,,,,0.068,89.4,3,-3,0.752,0.248,34,25,34,25,1,0,5,1,,2,1.52,1.31,1.31,23.8,,,,,
FS,2025-10-09,87.2,-1.93,6.1,"Stott, Bryson",681082,808963,,ball,,,,,13,Ball,D,L,R,LAD,PHI,B,,,0,1,2025,0.09,-0.69,-0.9973977333621387,2.2534758961067776,,,,1,10,Top,,,,,,,2.0923662793897164,-126.98020219910457,-1.591106706118637,0.5209063674153843,29.41955531146949,-39.454125409631544,3.35141570164643,1.70539149088038,,,,88.1,462,7.1,813042,669257,518692,669242,571970,605141,571771,681624,606192,53.41,,,,,,,,72,2,Split-Finger,1,1,1,1,1,1,1,1,Standard,Standard,321,-0.005,0.029,,,,-0.029,,0,0,0.565,0.43500000000000005,23,27,24,28,1,3,3,1,4,,3.72,-0.09,0.09,45.6,,,,,
FF,2025-10-09,95.2,-3.56,5.39,"Kelly, Carson",608348,642547,,swinging_strike,,,,,6,Swinging Strike,D,R,R,CHC,MIL,S,,,0,0,2025,-0.3,1.53,0.2860870163860946,2.237705656613758,,,,2,1,Bot,,,,,,,10.802068545748986,-138.08008700248445,-6.030370380342868,-6.361829820069373,32.12671381418773,-11.36455922859887,3.53,1.64,,,,95.3,2602,6.6,813050,661388,683734,668930,702332,687401,694192,663368,686217,53.87,,,,,,,,10,1,4-Seam Fastball,3,0,3,0,0,3,3,0,Strategic,Standard,209,-0.001,-0.043,,,,0.043,,3,3,0.784,0.784,29,30,29,31,1,0,5,1,5,2,1.01,0.3,0.3,39.1,,,,,
SL,2025-10-09,89.1,-1.12,5.29,"Turner, Trea",607208,686218,,foul,,,,,3,Foul,D,R,R,LAD,PHI,S,,,0,2,2025,0.29,0.21,0.7845766165094971,3.2675357450219003,,592206,,2,7,Top,,,,,,,4.093244580514314,-129.8944730627387,0.5400030288943771,2.574213195861767,24.495727352656203,-30.052782804500698,3.48,1.69,317,91.6,27,90.1,2392,6.6,813042,669257,518692,669242,571771,605141,669743,681624,606192,53.91,,,,,,,,51,3,Slider,0,1,1,0,1,0,1,0,Standard,Standard,161,0,0,60.4,6.3,,0,91.6,-1,1,0.34,0.6599999999999999,25,32,26,32,1,3,3,1,15,,2.63,-0.29,-0.29,33.5,-2.281001904064059,40.12517803607265,13.114591030690418,45.761640713003814,1.8973068732761078
SL,2025-10-09,88.3,1.76,5.88,"Pages, Andy",681624,650911,,blocked_ball,,,,,13,Ball In Dirt,D,R,L,LAD,PHI,B,,,0,1,2025,0,-0.01,-0.6717258701087637,0.7451400535707804,,,571771,1,3,Bot,,,,,,,-5.976003572533242,-128.4107697306306,-6.425264443993918,1.191772998387123,26.65266059332938,-31.18859004070051,3.44316416432606,1.56749651062572,,,,89.1,2184,6.8,813042,592663,547180,681082,664761,607208,596146,669016,592206,53.69,,,,,,,,20,2,Slider,0,0,0,0,0,0,0,0,Standard,Standard,331,0.003,0.019,,,,-0.019,,0,0,0.553,0.553,28,24,29,25,1,0,5,1,,4,2.94,0,0,30.9,,,,,
FF,2025-10-09,97.8,-1.52,5.88,"Kepler, Max",596146,607192,,ball,,,,,14,Ball,D,L,R,LAD,PHI,B,,,1,2,2025,-0.22,1.22,0.4300212957612869,0.9412294134371251,,,,1,2,Top,,,,,,,5.9056828113064475,-142.14736520841691,-10.953649953057608,-4.2131253889232845,28.639703112361115,-13.413582875961412,3.2759015454872,1.66387552486088,,,,100.6,2669,7.6,813042,669257,518692,669242,571771,605141,669743,681624,606192,52.87,,,,,,,,10,4,4-Seam Fastball,0,0,0,0,0,0,0,0,Strategic,Standard,191,-0.002,0.048,,,,-0.048,,0,0,0.528,0.472,31,32,32,32,1,0,5,1,7,,1.15,0.22,-0.22,54.3,,,,,
ST,2025-10-09,87.2,2.38,5.25,"Smith, Will",669257,666200,,ball,,,,,13,Ball,D,R,L,LAD,PHI,B,,,0,1,2025,-1.04,0.37,-0.8622039500520406,0.9875393490515387,,,808975,1,11,Bot,,,,,,,-5.626081325537164,-126.86282136727283,-4.846129895489547,-10.210975295677704,24.841045906408606,-27.38594224415799,3.36962633613913,1.5413948182419,,,,86.8,2417,6,813042,592663,547180,681082,664761,607208,642215,596146,592206,54.54,,,,,,,,83,2,Sweeper,1,1,1,1,1,1,1,1,Infield shade,Standard,327,0.007,0.019,,,,-0.019,,0,0,0.624,0.624,27,30,28,30,1,4,3,1,,4,2.62,-1.04,1.04,27.3,,,,,
FF,2025-10-09,99.9,-1.93,6.07,"Stott, Bryson",681082,808963,,called_strike,,,,,9,Called Strike,D,L,R,LAD,PHI,S,,,0,0,2025,-0.75,1.28,0.5687266067176691,1.8529210656065862,,,,1,10,Top,,,,,,,8.781244935051728,-144.92799338859916,-9.345526695104558,-12.69513645120924,35.083647001651144,-11.996013217571397,3.28082357882153,1.55395553344463,,,,101,2129,7.1,813042,669257,518692,669242,571970,605141,571771,681624,606192,53.37,,,,,,,,72,1,4-Seam Fastball,1,1,1,1,1,1,1,1,Standard,Standard,222,0.007,-0.039,,,,0.039,,0,0,0.558,0.44199999999999995,23,27,24,28,1,3,3,1,4,,1.02,0.75,-0.75,41.4,,,,,
FF,2025-10-09,94.5,2.12,5.36,"Shaw, Matt",807713,688107,,foul,,,,,3,Foul,D,R,L,CHC,MIL,S,,,0,2,2025,0.62,1.12,0.3351803758283647,3.1656373767857353,,,,0,8,Bot,,,,,,,-6.065428837899821,-137.53009075549903,-2.5330591732204426,9.224323745066298,31.587912825169212,-17.637350859084943,3.23,1.52,297,88.6,42,94.9,2257,6.6,813050,661388,683734,668930,702332,687401,694192,663368,686217,53.91,,,,,,,,66,3,4-Seam Fastball,5,0,5,0,0,5,5,0,Standard,Standard,140,0,0,,,,0,88.6,5,5,0.995,0.995,26,23,26,24,1,3,12,1,5,2,1.44,0.62,-0.62,31.9,,,,,
CU,2025-10-09,82.9,0.3,6.58,"Swanson, Dansby",621020,676879,,ball,,,,,12,Ball,D,R,L,CHC,MIL,B,,,1,2,2025,-0.55,-1.4,1.0631492771677689,3.2156019061422176,,608348,,1,6,Bot,,,,,,,2.761684370095898,-120.57196588524002,1.568297187129913,-5.89393849532285,26.89104682684907,-46.23685687934978,3.34494602159742,1.43982548713728,,,,81.1,2670,5.4,813050,661388,683734,668930,702332,687401,694192,663368,686217,55.1,,,,,,,,50,4,Curveball,3,0,3,0,0,3,3,0,Standard,Standard,335,0.002,0.026,,,,-0.026,,3,3,0.915,0.915,27,31,27,31,1,2,3,1,2,2,4.76,-0.55,0.55,53.5,,,,,
FF,2025-10-09,92.7,2.3,5.39,"Frelick, Sal",686217,571510,,ball,,,,,11,Ball,D,L,L,CHC,MIL,B,,,2,1,2025,1.33,1.28,-1.06030073848224,2.9135800152803393,,683734,,1,2,Top,,,,,,,-11.489414216177899,-134.35507136962536,-3.1782975538853666,18.81630781470475,35.0317492315439,-16.30215714844094,2.90627447332036,1.28451891361265,,,,91.9,2340,6.5,813050,608348,683737,663538,807713,621020,664023,691718,673548,54.01,,,,,,,,13,4,4-Seam Fastball,3,0,0,3,0,3,0,3,Standard,Standard,116,-0.008,0.071,,,,-0.071,,3,-3,0.76,0.24,34,25,34,25,1,0,5,1,,2,1.44,1.33,1.33,20.2,,,,,
FF,2025-10-09,96.7,2.43,5.35,"Smith, Will",669257,666200,,called_strike,,,,,9,Called Strike,D,R,L,LAD,PHI,S,,,0,0,2025,1.56,0.87,0.29696944623148824,1.6840492614599925,,,808975,1,11,Bot,,,,,,,-9.156969186892752,-140.3937942457312,-6.114149541842484,22.676334660405637,33.01630849649031,-19.409502337506893,3.33494548046807,1.55833260538486,,,,95.9,2375,6,813042,592663,547180,681082,664761,607208,642215,596146,592206,54.46,,,,,,,,83,1,4-Seam Fastball,1,1,1,1,1,1,1,1,Infield shade,Standard,123,-0.011,-0.04,,,,0.04,,0,0,0.635,0.635,27,30,28,30,1,4,3,1,,4,1.59,1.56,-1.56,28.5,,,,,
SI,2025-10-09,97,1.8,5.96,"Pages, Andy",681624,650911,,called_strike,,,,,7,Called Strike,D,R,L,LAD,PHI,S,,,0,0,2025,1.48,0.49,-0.6610502100295246,1.8537637542265828,,,571771,1,3,Bot,,,,,,,-10.064831444217507,-140.87682126994727,-6.629901822426712,21.918557334329847,30.646944621926792,-24.269695537449707,3.55902388839139,1.57866357136045,,,,98,2201,6.9,813042,592663,547180,681082,664761,607208,596146,669016,592206,53.61,,,,,,,,20,1,Sinker,0,0,0,0,0,0,0,0,Standard,Standard,120,-0.005,-0.04,,,,0.04,,0,0,0.558,0.558,28,24,29,25,1,0,5,1,,4,1.93,1.48,-1.48,33.3,,,,,
FF,2025-10-09,100.9,-2.25,5.82,"Smith, Will",669257,661395,strikeout,swinging_strike,,,,,14,Will Smith strikes out swinging.,D,R,R,LAD,PHI,S,2,,1,2,2025,-0.98,1.03,0.9938616885564914,1.9587276536044844,,,,2,8,Bot,,,,,,,11.325317137374789,-146.39773977504552,-7.853378612768282,-16.693496995370268,33.576980002898345,-15.676447719191591,3.36,1.57,,,,100.9,2140,6.4,813042,592663,547180,681082,664761,607208,596146,669016,592206,54.11,,0,0,1,0,0,,64,4,4-Seam Fastball,1,1,1,1,1,1,1,1,Standard,Standard,235,-0.018,-0.182,66.5,7.4,,0.182,,0,0,0.518,0.518,27,30,27,30,1,3,3,1,,4,1.22,0.98,0.98,31.2,5.9537767926425085,22.179960571750136,32.573547171734745,49.80335612538119,16.174980253707346
FF,2025-10-09,96.3,-0.97,5.5,"Turner, Trea",607208,686218,,swinging_strike,,,,,4,Swinging Strike,D,R,R,LAD,PHI,S,,,0,1,2025,-0.83,1.48,-0.6739905924233044,2.8117274658279583,,592206,,2,7,Top,,,,,,,2.6977203566551493,-140.28789459183542,-5.000785273417662,-11.615778176083621,30.64952049810473,-11.636343378065199,3.48,1.69,,,,97.2,2423,6.7,813042,669257,518692,669242,571771,605141,669743,681624,606192,53.83,,,,,,,,51,2,4-Seam Fastball,0,1,1,0,1,0,1,0,Standard,Standard,207,0.01,-0.056,68.5,5.8,,0.056,,-1,1,0.33,0.6699999999999999,25,32,26,32,1,3,3,1,15,,0.96,0.83,0.83,37.7,-10.808832152271474,37.095022997161365,30.106746699648294,29.169091233746965,11.728504698967763
ST,2025-10-09,81.9,2.2,5.29,"Shaw, Matt",807713,688107,,called_strike,,,,,8,Called Strike,D,R,L,CHC,MIL,S,,,0,1,2025,-1.09,0.43,-0.0550208457316661,1.9483830490982692,,,,0,8,Bot,,,,,,,-3.0103127962734013,-119.19373690782835,-1.749422379074534,-9.683287766548707,24.99839842825532,-28.009864346660894,3.14686094874425,1.40983398958197,,,,82.3,2501,6.8,813050,661388,683734,668930,702332,687401,694192,663368,686217,53.74,,,,,,,,66,2,Sweeper,5,0,5,0,0,5,5,0,Standard,Standard,276,0,-0.055,,,,0.055,,5,5,0.995,0.995,26,23,26,24,1,3,12,1,5,2,3,-1.09,1.09,27.4,,,,,
CU,2025-10-09,83.2,0.5,6.58,"Swanson, Dansby",621020,676879,,blocked_ball,,,,,14,Ball In Dirt,D,R,L,CHC,MIL,B,,,0,2,2025,-0.27,-1.5,0.24823284886778116,-0.1786986073189607,,608348,,1,6,Bot,,,,,,,-0.047677413037895536,-121.05202468511757,-5.928356206245124,-2.6071655272411864,27.227319648617005,-45.66571761770684,3.48837218455625,1.53345005859765,,,,81.3,2659,5.3,813050,661388,683734,668930,702332,687401,694192,663368,686217,55.15,,,,,,,,50,3,Curveball,3,0,3,0,0,3,3,0,Standard,Standard,341,0.001,0.015,,,,-0.015,,3,3,0.914,0.914,27,31,27,31,1,2,3,1,2,2,4.84,-0.27,0.27,55.1,,,,,
FF,2025-10-09,97.6,-1.48,5.93,"Kepler, Max",596146,607192,,ball,,,,,14,Ball,D,L,R,LAD,PHI,B,,,0,2,2025,0.1,1.23,1.0137809346734816,2.197697986866615,,,,1,2,Top,,,,,,,6.629440043392875,-142.01662051294437,-7.626245190492247,0.10803992586613327,27.18987759821064,-13.985328664819221,3.1917761711249,1.66062390821262,,,,100.6,2754,7.6,813042,669257,518692,669242,571771,605141,669743,681624,606192,52.92,,,,,,,,10,3,4-Seam Fastball,0,0,0,0,0,0,0,0,Strategic,Standard,184,-0.002,0.017,,,,-0.017,,0,0,0.53,0.47,31,32,32,32,1,0,5,1,7,,1.13,-0.1,0.1,53.8,,,,,
CU,2025-10-09,74.6,2.47,5.62,"Frelick, Sal",686217,571510,,ball,,,,,12,Ball,D,L,L,CHC,MIL,B,,,1,1,2025,-1.08,-0.25,0.12610629399447448,3.713721358785929,,683734,,1,2,Top,,,,,,,-2.8961624188615582,-108.40318327109715,3.834510749857511,-7.848746893756049,22.054878009821117,-35.13296998541121,2.85550291216287,1.32959169690257,,,,73.7,2425,6.1,813050,608348,683737,663538,807713,621020,664023,691718,673548,54.41,,,,,,,,13,3,Curveball,3,0,0,3,0,3,0,3,Standard,Standard,311,-0.004,0.03,,,,-0.03,,3,-3,0.764,0.236,34,25,34,25,1,0,5,1,,2,4.41,-1.08,-1.08,29.1,,,,,
FS,2025-10-09,88,-1.92,6.15,"Castellanos, Nick",592206,808963,field_out,hit_into_play,,,,,8,"Nick Castellanos grounds out, third baseman Max Muncy to first baseman Freddie Freeman.",D,R,R,LAD,PHI,X,5,ground_ball,1,2,2025,0.2,-0.51,-0.05711129040698887,1.8826785845229868,,,,0,10,Top,95.06,160.3,,,,,4.173028427855065,-128.01035808620432,-3.172938173319759,1.2617358966372048,28.67431262988388,-37.27788015056788,3.91,1.87,40,97.8,-1,89.2,644,7.3,813042,669257,518692,669242,571970,605141,571771,681624,606192,53.24,0.419,0.382,0,1,0,0,2,71,6,Split-Finger,1,1,1,1,1,1,1,1,Standard,Standard,333,0.041,-0.189,69.5,8.5,0.441,0.189,97.8,0,0,0.517,0.483,23,33,24,33,1,3,3,1,4,,3.48,-0.2,-0.2,49.9,11.447089476445333,-16.66365164275461,35.050465457324314,36.885194768806585,35.88693977188885
FF,2025-10-09,94.8,-3.36,5.48,"Happ, Ian",664023,642547,home_run,hit_into_play,,,,,2,Ian Happ homers (2) on a fly ball to right field. Nico Hoerner scores. Kyle Tucker scores.,D,L,R,CHC,MIL,X,,fly_ball,1,1,2025,-0.41,1.44,-0.15166599680528103,3.0509283726929914,,663538,663656,2,1,Bot,218.54,43.79,,,,,9.345103134071918,-137.6801556653424,-3.896996120279148,-7.2447048574780375,30.847830365018034,-13.178774886062753,3.53,1.64,410,108,28,95.2,2533,6.7,813050,661388,683734,668930,702332,687401,694192,663368,686217,53.85,0.948,1.9146060606060609,2,1,0,3,6,9,3,4-Seam Fastball,0,0,0,0,0,3,3,0,Standard,Standard,210,0.243,1.691,,,3.79,-1.691,108.0,0,0,0.541,0.541,29,30,29,31,1,0,5,1,5,2,1.11,0.41,-0.41,39.8,,,,,
SL,2025-10-09,84.6,2.78,5,"Frelick, Sal",686217,571510,,swinging_strike,,,,,13,Swinging Strike,D,L,L,CHC,MIL,S,,,1,0,2025,0.3,0.27,-1.7804825943390052,2.1168934540066675,,683734,,1,2,Top,,,,,,,-11.183432783948026,-122.66696881119229,-0.7965151716844511,5.385473175575936,26.526434529687542,-29.54411694050208,3.12,1.48,,,,83.9,2518,6.3,813050,608348,683737,663538,807713,621020,664023,691718,673548,54.25,,,,,,,,13,2,Slider,3,0,0,3,0,3,0,3,Standard,Standard,77,0.004,-0.042,,,,0.042,,3,-3,0.76,0.24,34,25,34,25,1,0,5,1,,2,2.96,0.3,0.3,11.9,,,,,
KC,2025-10-09,89.7,-2.44,5.83,"Smith, Will",669257,661395,,called_strike,,,,,2,Called Strike,D,R,R,LAD,PHI,S,,,1,1,2025,0.37,-0.74,-0.12310789174218745,3.474797097918986,,,,2,8,Bot,,,,,,,4.910230441657487,-130.67696248541287,1.6316128193587272,3.393349690505491,24.47923141498109,-41.22934434923255,3.50901019094596,1.61672220166137,,,,89.7,2688,6,813042,592663,547180,681082,664761,607208,596146,669016,592206,54.49,,,,,,,,64,3,Knuckle Curve,1,1,1,1,1,1,1,1,Standard,Standard,40,-0.007,-0.062,,,,0.062,,0,0,0.525,0.525,27,30,27,30,1,3,3,1,,4,3.54,-0.37,-0.37,31.0,,,,,
CH,2025-10-09,85.7,1.91,5.75,"Hernández, Enrique",571771,650911,force_out,hit_into_play,,,,,6,"Enrique Hernández grounds into a force out, second baseman Bryson Stott to shortstop Trea Turner. Alex Call out at 2nd. Enrique Hernández to 1st.",D,R,L,LAD,PHI,X,4,ground_ball,0,1,2025,1.22,-0.23,0.8009398696897247,2.4224736712338903,,,669743,0,3,Bot,129.52,144.08,,,,,-5.154580396081826,-124.66060119891958,-1.0784512330307263,13.732950533425774,27.33163974272469,-34.54367454053154,3.41,1.69,22,95.2,-5,86.4,1965,7,813042,592663,547180,681082,664761,607208,596146,669016,592206,53.52,0.236,0.217,0,1,0,0,2,19,2,Changeup,0,0,0,0,0,0,0,0,Standard,Standard,106,-0.031,-0.293,67.2,7.4,0.236,0.293,95.2,0,0,0.589,0.589,28,33,29,34,1,0,5,1,,4,3.36,1.22,-1.22,28.9,9.479908190350201,10.18547876303769,21.87238832182454,48.76249355408078,22.652999280257184
CU,2025-10-09,82.5,-1.65,5.95,"Kepler, Max",596146,607192,,called_strike,,,,,4,Called Strike,D,L,R,LAD,PHI,S,,,0,1,2025,0.75,-1.16,-0.4462193624402827,2.515101918544817,,,,1,2,Top,,,,,,,1.290891178597571,-120.05125470813319,1.0433568721474793,6.908598070120291,25.295921948834913,-43.72447177817198,3.21466037612577,1.46793948834812,,,,83.5,2706,7.2,813042,669257,518692,669242,571771,605141,669743,681624,606192,53.32,,,,,,,,10,2,Curveball,0,0,0,0,0,0,0,0,Infield shade,Standard,22,0.004,-0.052,,,,0.052,,0,0,0.526,0.474,31,32,32,32,1,0,5,1,7,,4.53,-0.75,0.75,56.5,,,,,
SL,2025-10-09,89.4,-1.35,5.1,"Turner, Trea",607208,686218,,foul,,,,,5,Foul,D,R,R,LAD,PHI,S,,,0,0,2025,0.42,0.63,0.1036567310884477,2.7166018180685176,,592206,,2,7,Top,,,,,,,2.708981473622968,-130.31037360062672,-1.2480559893005871,4.302890666967228,24.82739475985229,-24.948750627331354,3.48,1.69,,,,90.3,2262,6.5,813042,669257,518692,669242,571771,605141,669743,681624,606192,53.96,,,,,,,,51,1,Slider,0,1,1,0,1,0,1,0,Standard,Standard,206,0.006,-0.04,72.9,6.5,,0.04,,-1,1,0.324,0.6759999999999999,25,32,26,32,1,3,3,1,15,,2.19,-0.42,-0.42,27.5,-6.891149393935029,20.808719076407492,24.65205437176072,39.00656786183299,14.881380856475435
FF,2025-10-09,99,-2.07,6.04,"Castellanos, Nick",592206,808963,,foul,,,,,2,Foul,D,R,R,LAD,PHI,S,,,1,2,2025,-0.5,1.41,-0.14007260543624522,3.3704938819419294,,,,0,10,Top,,,,,,,6.515848389204127,-143.94741301258682,-5.224057042295504,-8.453753060999269,33.772090194645614,-11.525871935033953,3.91,1.87,,,,100.3,2098,7.1,813042,669257,518692,669242,571970,605141,571771,681624,606192,53.4,,,,,,,,71,5,4-Seam Fastball,1,1,1,1,1,1,1,1,Standard,Standard,227,0,0,72.7,7.4,,0,,0,0,0.517,0.483,23,33,24,33,1,3,3,1,4,,0.92,0.5,0.5,42.3,9.944790380138123,1.9158568910068239,35.18742488476286,37.32256566705109,21.145007648541146
FF,2025-10-09,92.4,2.15,5.18,"Shaw, Matt",807713,688107,,called_strike,,,,,4,Called Strike,D,R,L,CHC,MIL,S,,,0,0,2025,0.67,1.06,-0.35969823937959566,2.3645913990217338,,,,0,8,Bot,,,,,,,-7.886408996260086,-134.30765319921608,-3.65012954051047,9.83628074114667,30.55784991162501,-18.758000437194337,3.29027507013264,1.49602911086784,,,,92.7,2148,6.7,813050,661388,683734,668930,702332,687401,694192,663368,686217,53.85,,,,,,,,66,1,4-Seam Fastball,5,0,5,0,0,5,5,0,Standard,Standard,134,0,-0.039,,,,0.039,,5,5,0.995,0.995,26,23,26,24,1,3,12,1,5,2,1.63,0.67,-0.67,22.7,,,,,
FF,2025-10-09,96.9,0.46,6.73,"Swanson, Dansby",621020,676879,,foul,,,,,11,Foul,D,R,L,CHC,MIL,S,,,0,1,2025,0.23,1.27,-0.7158857447523113,3.7372317757469435,,608348,,1,6,Bot,,,,,,,-3.5863461253200315,-141.05590131661563,-5.251307372694392,3.8879442581334893,33.436270653872114,-14.252442908805874,3.55,1.65,204,72.5,61,95,2271,5.3,813050,661388,683734,668930,702332,687401,694192,663368,686217,55.22,,,,,,,,50,2,4-Seam Fastball,3,0,3,0,0,3,3,0,Standard,Standard,149,-0.003,-0.052,,,,0.052,88.0,3,3,0.917,0.917,27,31,27,31,1,2,3,1,2,2,1.16,0.23,-0.23,50.9,,,,,
CH,2025-10-09,89.7,2.22,5.48,"Edman, Tommy",669242,666200,single,hit_into_play,,,,,5,Tommy Edman singles on a line drive to left fielder Weston Wilson.,D,R,L,LAD,PHI,X,7,line_drive,3,2,2025,1.17,0.47,-0.20534645561662024,2.37460489532359,,,,1,11,Bot,55.35,110.15,,,,,-8.409984806620052,-130.45841960403823,-2.7107140644455194,15.031542314058115,24.951113272014926,-26.410641234858584,3.38,1.55,184,76.8,16,89.5,1771,6,813042,592663,547180,681082,664761,607208,642215,596146,592206,54.53,0.841,0.769,0.9,1,1,0,4,82,8,Changeup,1,1,1,1,1,1,1,1,Standard,Standard,113,0.045,0.336,74.6,7.5,0.909,-0.336,88.0,0,0,0.59,0.59,27,30,28,30,1,4,3,1,,4,2.34,1.17,-1.17,36.8,13.1784596740013,-4.718810907490063,22.036653551630202,35.631961002754835,29.936133872338573
CH,2025-10-09,89.2,-3.77,5.07,"Happ, Ian",664023,642547,,called_strike,,,,,9,Called Strike,D,L,R,CHC,MIL,S,,,1,0,2025,-1.44,0.12,0.3730851808900624,1.4834579460755593,,663538,663656,2,1,Bot,,,,,,,13.253222360000187,-129.25062115262125,-3.0094536744526494,-18.859229676534177,26.568077895285406,-30.39050346124941,3.37123235938134,1.38484867633454,,,,89.5,2302,6.7,813050,661388,683734,668930,702332,687401,694192,663368,686217,53.8,,,,,,,,9,2,Changeup,0,0,0,0,0,0,0,0,Standard,Standard,247,-0.005,-0.052,,,,0.052,,0,0,0.546,0.546,29,30,29,31,1,0,5,1,5,2,2.77,1.44,-1.44,30.8,,,,,
FF,2025-10-09,97.5,-1.82,5.83,"Kepler, Max",596146,607192,,called_strike,,,,,8,Called Strike,D,L,R,LAD,PHI,S,,,0,0,2025,-0.29,1.37,-0.21828127625458765,1.634333821678686,,,,1,2,Top,,,,,,,5.099386016279101,-141.7575981807414,-9.173053195946814,-5.024429385429145,28.06965933648051,-11.897050122222373,3.28643396151175,1.5932902352518,,,,100.2,2661,7.5,813042,669257,518692,669242,571771,605141,669743,681624,606192,52.96,,,,,,,,10,1,4-Seam Fastball,0,0,0,0,0,0,0,0,Infield shade,Standard,198,0.003,-0.039,,,,0.039,,0,0,0.523,0.477,31,32,32,32,1,0,5,1,7,,1.01,0.29,-0.29,53.9,,,,,
SI,2025-10-09,97.9,-2.36,5.83,"Smith, Will",669257,661395,,foul,,,,,1,Foul,D,R,R,LAD,PHI,S,,,1,0,2025,-1.2,0.27,-0.2878871388086601,2.9043993867806357,,,,2,8,Bot,,,,,,,8.347213463309233,-142.38712268504108,-3.0620241254119653,-18.192936390000447,29.749509413913582,-28.028967879840895,3.36,1.57,215,80.5,60,98.1,1853,6.2,813042,592663,547180,681082,664761,607208,596146,669016,592206,54.3,,,,,,,,64,2,Sinker,1,1,1,1,1,1,1,1,Standard,Standard,240,-0.003,-0.054,71.1,7.6,,0.054,88.0,0,0,0.528,0.528,27,30,27,30,1,3,3,1,,4,2.09,1.2,1.2,28.1,14.559561603269131,-14.24487294664289,31.64394444410355,33.80034975726235,34.09864380947755
CH,2025-10-09,86.1,1.94,5.82,"Hernández, Enrique",571771,650911,,swinging_strike,,,,,7,Swinging Strike,D,R,L,LAD,PHI,S,,,0,0,2025,1.25,0.01,-0.36104380596586316,1.8243286387132236,,,669743,0,3,Bot,,,,,,,-8.078251078631922,-125.10686319164847,-3.2545458491038333,14.753976365137085,26.01038921946087,-31.637912051631016,3.41,1.69,,,,86.9,2040,6.9,813042,592663,547180,681082,664761,607208,596146,669016,592206,53.58,,,,,,,,19,1,Changeup,0,0,0,0,0,0,0,0,Standard,Standard,107,-0.006,-0.043,76.6,8.5,,0.043,,0,0,0.595,0.595,28,33,29,34,1,0,5,1,,4,3.09,1.25,-1.25,30.3,28.625489096326618,-45.41390644680754,29.433656500742526,35.99313576565362,60.46865477153107
FF,2025-10-09,98.6,1.75,5.65,"Edman, Tommy",669242,666200,,foul,,,,,4,Foul,D,R,L,LAD,PHI,S,,,3,2,2025,0.79,1.34,-0.5219744134189438,2.4523821692400642,,,,1,11,Bot,,,,,,,-7.950020060301757,-143.30547274345926,-6.323875983350076,12.74375753047679,31.88793950843162,-12.454362421331679,3.38,1.55,143,72.3,23,97.9,2316,5.9,813042,592663,547180,681082,664761,607208,642215,596146,592206,54.59,,,,,,,,82,7,4-Seam Fastball,1,1,1,1,1,1,1,1,Standard,Standard,130,0,0,73.6,6.5,,0,88.0,0,0,0.59,0.59,27,30,28,30,1,4,3,1,,4,1.01,0.79,-0.79,34.7,-1.5976494744524103,11.741423554590781,30.94817863808776,31.16963417372647,19.06646769766118
SI,2025-10-09,91.2,2.22,5.31,"Frelick, Sal",686217,571510,,ball,,,,,7,Ball,D,L,L,CHC,MIL,B,,,0,0,2025,1.64,0.67,-0.7212027198638764,1.7157197418373202,,683734,,1,2,Top,,,,,,,-10.920390018233663,-132.25201025178114,-4.496964131905247,21.650175781174873,30.829645788896432,-23.451603445086036,2.99046558523842,1.44174313901333,,,,90.9,2377,6.5,813050,608348,683737,663538,807713,621020,664023,691718,673548,54.02,,,,,,,,13,1,Sinker,3,0,0,3,0,3,0,3,Standard,Standard,119,-0.002,0.028,,,,-0.028,,3,-3,0.762,0.238,34,25,34,25,1,0,5,1,,2,2.11,1.64,1.64,19.8,,,,,
FS,2025-10-09,89.2,-1.97,6.04,"Castellanos, Nick",592206,808963,,foul,,,,,8,Foul,D,R,R,LAD,PHI,S,,,1,2,2025,-0.15,-0.55,-0.17439768297147298,1.9399950539265585,,,,0,10,Top,,,,,,,4.817633125483872,-129.6989425050337,-2.8513256290684845,-2.8184120791718796,30.069772199760127,-37.85479858720112,3.91,1.87,3,79.9,-35,90.1,698,7.1,813042,669257,518692,669242,571970,605141,571771,681624,606192,53.36,,,,,,,,71,4,Split-Finger,1,1,1,1,1,1,1,1,Standard,Standard,290,0,0,72.8,8.6,,0,88.0,0,0,0.517,0.483,23,33,24,33,1,3,3,1,4,,3.44,0.15,0.15,46.7,22.160239059292927,-20.545953045641475,38.16609420629983,35.61332848735835,42.44806829012815
CH,2025-10-09,86,-1.32,5.24,"Stott, Bryson",681082,686218,field_out,hit_into_play,,,,,4,Bryson Stott flies out to center fielder Andy Pages.,D,L,R,LAD,PHI,X,8,fly_ball,3,2,2025,-1.04,0.48,-0.28094704101951606,2.493660562777161,,592206,,1,7,Top,90.68,58.45,,,,,4.5844770769144585,-125.2885443909113,-1.2659712380458754,-11.84000154385796,24.753795013303396,-27.11423917581581,3.31,1.59,358,98,30,86.6,1257,6.6,813042,669257,518692,669242,571771,605141,669743,681624,606192,53.92,0.369,0.7058529411764707,0,1,0,0,6,50,8,Changeup,0,1,1,0,1,0,1,0,Standard,Standard,260,0.043,-0.281,66.9,6.8,1.385,0.281,98.0,-1,1,0.281,0.719,25,27,26,28,1,2,3,1,15,,2.59,1.04,-1.04,29.7,9.317111545356337,2.3893361103977044,29.552147560405608,35.09848736432499,30.447724510934187
SI,2025-10-09,98.4,0.35,6.63,"Swanson, Dansby",621020,676879,,called_strike,,,,,7,Called Strike,D,R,L,CHC,MIL,S,,,0,0,2025,1.27,0.59,-0.5442275363069493,1.610176543618731,,608348,,1,6,Bot,,,,,,,-5.295651353241591,-143.06433524261558,-9.398602454608369,18.709645971251675,32.2716834393769,-22.046841339463636,3.50105859204664,1.58306908559436,,,,97.1,2171,5.5,813050,661388,683734,668930,702332,687401,694192,663368,686217,54.97,,,,,,,,50,1,Sinker,3,0,3,0,0,3,3,0,Standard,Standard,152,-0.002,-0.038,,,,0.038,,3,3,0.919,0.919,27,31,27,31,1,2,3,1,2,2,1.76,1.27,-1.27,51.1,,,,,
CH,2025-10-09,88.6,-3.78,5.11,"Happ, Ian",664023,642547,,ball,,,,,13,Ball,D,L,R,CHC,MIL,B,,,0,0,2025,-1.39,0.19,-0.08030481378402987,0.7320094920455227,,663538,663656,2,1,Bot,,,,,,,11.9858257225686,-128.4363064676092,-5.014172899359701,-17.888800641117665,26.569061363607766,-29.15695359627959,3.49545965052119,1.45159794358756,,,,88.9,1980,6.7,813050,661388,683734,668930,702332,687401,694192,663368,686217,53.82,,,,,,,,9,1,Changeup,0,0,0,0,0,0,0,0,Standard,Standard,247,0.003,0.024,,,,-0.024,,0,0,0.543,0.543,29,30,29,31,1,0,5,1,5,2,2.74,1.39,-1.39,27.6,,,,,
ST,2025-10-09,81.9,2.2,5.3,"Swanson, Dansby",621020,688107,force_out,hit_into_play,,,,,4,"Dansby Swanson grounds into a force out, fielded by third baseman Caleb Durbin. Seiya Suzuki out at 3rd.",D,R,L,CHC,MIL,X,5,ground_ball,1,0,2025,-1.05,0.21,-0.429547548749717,2.3721257960243904,,673548,691718,2,7,Bot,94.26,165.15,,,,,-3.943417123685029,-119.14878112799815,-0.35346263573641423,-8.958539281617213,26.522754964717418,-30.391197477790477,3.55,1.65,85,92.5,5,81.9,2527,6.6,813050,661388,683734,668930,702332,687401,694192,663368,686217,53.87,0.473,0.426,0,1,0,0,4,62,2,Sweeper,5,0,5,0,0,5,5,0,Standard,Standard,283,-0.003,-0.305,,,0.5,0.305,92.5,5,5,0.985,0.985,26,31,26,31,1,3,12,1,5,2,3.24,-1.05,1.05,28.5,,,,,
FF,2025-10-09,99.8,-2.28,5.93,"Smith, Will",669257,661395,,ball,,,,,12,Ball,D,R,R,LAD,PHI,B,,,0,0,2025,-1.19,1.11,0.8981832209201739,2.7950144917479474,,,,2,8,Bot,,,,,,,11.473861022381623,-144.79878051818997,-5.801188763950928,-19.351774906451787,33.73497890862325,-15.298160134282009,3.34621931325146,1.57305322992069,,,,99.3,2155,6.1,813042,592663,547180,681082,664761,607208,596146,669016,592206,54.35,,,,,,,,64,1,4-Seam Fastball,1,1,1,1,1,1,1,1,Standard,Standard,231,0.002,0.037,,,,-0.037,,0,0,0.526,0.526,27,30,27,30,1,3,3,1,,4,1.19,1.19,1.19,32.8,,,,,
SI,2025-10-09,97.1,1.58,5.86,"Call, Alex",669743,650911,hit_by_pitch,hit_by_pitch,,,,,13,Alex Call hit by pitch.,D,R,L,LAD,PHI,B,,,0,2,2025,1.26,0.23,-2.2277100655170363,0.8017790610760529,,,,0,3,Bot,,,,,,,-13.172002461771397,-140.70285865644308,-8.606408851447737,19.52656276829996,29.423024324829488,-27.277460533406096,3.4,1.68,,,,98.1,2160,6.9,813042,592663,547180,681082,664761,607208,596146,669016,592206,53.59,,0.722289,0.7,1,0,0,,18,3,Sinker,0,0,0,0,0,0,0,0,Standard,Standard,120,0.05,0.535,,,,-0.535,,0,0,0.545,0.545,28,30,29,31,1,0,5,5,,4,2.19,1.26,-1.26,32.1,,,,,
FF,2025-10-09,96,-1.07,5.39,"Stott, Bryson",681082,686218,,foul,,,,,6,Foul,D,L,R,LAD,PHI,S,,,3,2,2025,-0.94,1.55,0.5781667234216299,2.3083363224290436,,592206,,1,7,Top,,,,,,,6.530200178806817,-139.62061648042302,-6.136193041810712,-13.711724102468978,30.026495627992148,-10.724359818979087,3.31,1.59,183,74.9,20,97,2472,6.8,813042,669257,518692,669242,571771,605141,669743,681624,606192,53.71,,,,,,,,50,7,4-Seam Fastball,0,1,1,0,1,0,1,0,Standard,Standard,211,0,0,70.6,6.8,,0,88.0,-1,1,0.281,0.719,25,27,26,28,1,2,3,1,15,,0.92,0.94,-0.94,38.2,2.808604632399786,-1.9749472793819889,39.41029140471309,24.899432150298388,27.224740869745062
SL,2025-10-09,87.1,0.11,6.02,"Bader, Harrison",664056,681911,strikeout,swinging_strike,,,,,14,Harrison Bader strikes out swinging.,D,R,L,LAD,PHI,S,2,,3,2,2025,-0.39,0.49,1.258206652861006,1.2224077083044262,,547180,,2,11,Top,,,,,,,3.582790063299143,-126.83370882280393,-6.445414925993765,-4.933720233444022,23.68052632581726,-25.8715833973376,3.25,1.53,,,,88,2499,6.6,813042,669257,518692,669242,571970,605141,571771,681624,606192,53.9,,0,0,1,0,0,,80,10,Slider,1,1,1,1,1,1,1,1,Standard,Standard,194,0.108,-0.277,66.7,8.6,,0.277,,0,0,0.531,0.469,29,31,29,31,1,0,3,3,7,,2.49,-0.39,0.39,69.3,14.549457937544489,-24.124052390626968,20.60007932367509,49.74498213387102,42.710757304847206
FS,2025-10-09,89.5,-2.03,6.11,"Castellanos, Nick",592206,808963,,swinging_strike,,,,,13,Swinging Strike,D,R,R,LAD,PHI,S,,,1,1,2025,-0.87,-0.47,-1.4652220257467867,1.9733347983904581,,,,0,10,Top,,,,,,,3.2707644332664816,-130.22606018210965,-3.1568843938789612,-10.534954248329731,31.443751655242057,-36.98660336832192,3.91,1.87,,,,90.4,483,7.2,813042,669257,518692,669242,571970,605141,571771,681624,606192,53.33,,,,,,,,71,3,Split-Finger,1,1,1,1,1,1,1,1,Standard,Standard,298,0.014,-0.061,67.7,8.3,,0.061,,0,0,0.503,0.497,23,33,24,33,1,3,3,1,4,,3.36,0.87,0.87,45.9,20.51796137351688,-18.13387544434647,48.26023374834309,19.98930237086422,36.0582021870711
ST,2025-10-09,88.4,2.42,5.33,"Edman, Tommy",669242,666200,,foul,,,,,7,Foul,D,R,L,LAD,PHI,S,,,3,2,2025,-1.01,0.15,-0.7695252499497023,1.6883752358605997,,,,1,11,Bot,,,,,,,-5.623425829662032,-128.63625421251294,-3.0685443985850327,-10.026154085180048,27.576475819437942,-30.08605039958279,3.38,1.55,6,94.6,-15,87.9,2443,6,813042,592663,547180,681082,664761,607208,642215,596146,592206,54.46,,,,,,,,82,6,Sweeper,1,1,1,1,1,1,1,1,Standard,Standard,309,0,0,78.3,8.3,,0,94.6,0,0,0.59,0.59,27,30,28,30,1,4,3,1,,4,2.78,-1.01,1.01,28.8,15.63797242558033,-23.09187831896392,29.852366672646585,29.260956590187373,39.32721457845392
SL,2025-10-09,89.9,-1.9,5.69,"Realmuto, J.T.",592663,607192,field_out,hit_into_play,,,,,6,J.T. Realmuto lines out sharply to right fielder Teoscar Hernández.,D,R,R,LAD,PHI,X,9,line_drive,0,1,2025,0.3,0.24,0.298667748293028,2.7359867855542417,,,,0,2,Top,186.29,104.05,,,,,4.913700176095495,-131.06473765534906,-1.9602728661962252,2.573650241676283,23.92237541591612,-29.223169842352608,3.63,1.7,280,105.3,16,92.1,2660,7.2,813042,669257,518692,669242,571771,605141,669743,681624,606192,53.29,0.527,0.556,0,1,0,0,5,9,2,Slider,0,0,0,0,0,0,0,0,Standard,Standard,130,0.02,-0.22,,,0.817,0.22,105.3,0,0,0.503,0.497,31,34,32,34,1,0,5,1,7,,2.54,-0.3,-0.3,47.8,,,,,
CH,2025-10-09,90,2.22,5.18,"Swanson, Dansby",621020,688107,,blocked_ball,,,,,13,Ball In Dirt,D,R,L,CHC,MIL,B,,,0,0,2025,1.64,0.09,-2.0854643698496984,-0.708567512869926,,673548,691718,2,7,Bot,,,,,,,-14.213912195133297,-130.02400311499827,-8.780602033748252,21.641662021281498,28.204971958215154,-29.20857385784398,3.4770371693315,1.50965976361935,,,,90.1,2108,6.8,813050,661388,683734,668930,702332,687401,694192,663368,686217,53.67,,,,,,,,62,1,Changeup,5,0,5,0,0,5,5,0,Standard,Standard,109,0,0.024,,,,-0.024,,5,5,0.985,0.985,26,31,26,31,1,3,12,1,5,2,2.77,1.64,-1.64,25.0,,,,,
SI,2025-10-09,97.4,0.33,6.68,"Crow-Armstrong, Pete",691718,676879,sac_bunt,hit_into_play,,,,,12,"Pete Crow-Armstrong out on a sacrifice bunt, pitcher Aaron Ashby to second baseman Brice Turang. Carson Kelly to 2nd.",D,L,L,CHC,MIL,X,1,ground_ball,1,0,2025,1.4,0.66,1.105462356093283,3.8778352411388575,,,608348,0,6,Bot,123.77,187.32,,,,,-1.1030489668342651,-141.86905131271646,-3.4489250808370846,19.160229735851857,34.205187038533175,-22.711223615346057,3.11,1.47,3,32.4,-46,95.5,2235,5.2,813050,661388,683734,668930,702332,687401,694192,663368,686217,55.27,,,0.2,0,0,0,1,49,2,Sinker,3,0,3,0,0,3,3,0,Strategic,Standard,149,-0.006,-0.072,,,,0.072,88.0,3,3,0.925,0.925,27,23,27,23,1,2,3,1,2,2,1.75,1.4,1.4,52.8,,,,,
FF,2025-10-09,95,-3.46,5.45,"Suzuki, Seiya",673548,642547,strikeout,swinging_strike,,,,,12,Seiya Suzuki strikes out swinging.,D,R,R,CHC,MIL,S,2,,3,2,2025,0.03,1.5,0.1955750548872245,3.7198125993252713,,663538,663656,1,1,Bot,,,,,,,9.594176634284844,-138.02429048628653,-2.221165609941408,-1.774349009498515,31.04729813388837,-12.743326094847353,3.15,1.42,,,,95.9,2521,6.9,813050,661388,683734,668930,702332,687401,694192,663368,686217,53.59,,0,0,1,0,0,,8,7,4-Seam Fastball,0,0,0,0,0,0,0,0,Strategic,Standard,202,-0.053,-0.313,,,,0.313,,0,0,0.596,0.596,29,30,29,31,1,0,5,1,5,2,1.04,-0.03,-0.03,44.0,,,,,
FF,2025-10-09,93,2.21,5.44,"Durbin, Caleb",702332,571510,field_out,hit_into_play,,,,,4,"Caleb Durbin grounds out, second baseman Nico Hoerner to first baseman Michael Busch. Andrew Vaughn to 2nd.",D,R,L,CHC,MIL,X,4,ground_ball,0,1,2025,1.25,0.91,-0.7668048989589429,2.414318162908238,,,683734,0,2,Top,155.27,161.74,,,,,-10.408394490200436,-134.96612581306485,-3.930186015206219,17.557813865689837,31.249362747229934,-20.421357309715393,3.24,1.46,4,68.5,-28,93.1,2385,6.6,813050,608348,683737,663538,807713,621020,664023,691718,673548,53.88,0.05,0.049,0,1,0,0,2,12,2,4-Seam Fastball,3,0,0,3,0,3,0,3,Standard,Standard,122,0.014,-0.293,,,0.051,0.293,88.0,3,-3,0.748,0.252,34,25,34,25,1,0,5,1,,2,1.76,1.25,-1.25,23.1,,,,,
ST,2025-10-09,89.3,2.31,5.47,"Edman, Tommy",669242,666200,,ball,,,,,14,Ball,D,R,L,LAD,PHI,B,,,2,2,2025,-0.6,-0.19,0.24106365889361514,1.1154943855788222,,,,1,11,Bot,,,,,,,-3.7933762059496,-129.9859580865599,-4.3034960140594745,-6.072275073058152,26.065918925392797,-33.63536048502742,3.36051742466028,1.53865051827547,,,,88.7,2547,5.8,813042,592663,547180,681082,664761,607208,642215,596146,592206,54.7,,,,,,,,82,5,Sweeper,1,1,1,1,1,1,1,1,Standard,Standard,324,0.015,0.104,,,,-0.104,,0,0,0.575,0.575,27,30,28,30,1,4,3,1,,4,3.03,-0.6,0.6,29.0,,,,,
FF,2025-10-09,91.8,2.28,5.52,"Durbin, Caleb",702332,571510,,called_strike,,,,,3,Called Strike,D,R,L,CHC,MIL,S,,,0,0,2025,1.29,0.9,0.5714698245933159,3.1347535529536352,,,683734,0,2,Top,,,,,,,-7.119497911092683,-133.47868778979546,-2.1205589457670593,16.93141453310798,29.21324497513982,-21.200486974861235,3.19573198501967,1.43191552938526,,,,91.9,2365,6.4,813050,608348,683737,663538,807713,621020,664023,691718,673548,54.08,,,,,,,,12,1,4-Seam Fastball,3,0,0,3,0,3,0,3,Standard,Standard,126,0.005,-0.043,,,,0.043,,3,-3,0.743,0.257,34,25,34,25,1,0,5,1,,2,1.82,1.29,-1.29,24.9,,,,,
FF,2025-10-09,93.8,0.22,5.87,"Bader, Harrison",664056,681911,,foul,,,,,2,Foul,D,R,L,LAD,PHI,S,,,3,2,2025,0.39,1.85,-0.08666821036656347,2.9631256213696044,,547180,,2,11,Top,,,,,,,-1.6614090765828842,-136.4345729539452,-5.873887845534667,5.240785916645164,31.488190376856195,-8.03110096735135,3.25,1.53,77,88.1,86,93.9,2631,6.5,813042,669257,518692,669242,571970,605141,571771,681624,606192,54.05,,,,,,,,80,9,4-Seam Fastball,1,1,1,1,1,1,1,1,Standard,Standard,166,0,0,74.3,6.8,,0,88.1,0,0,0.531,0.469,29,31,29,31,1,0,3,3,7,,0.75,0.39,-0.39,66.3,12.189376534892896,-6.925593957375859,18.068099876244528,33.352558272813084,35.19974503102706
FF,2025-10-09,96.1,-1.03,5.36,"Stott, Bryson",681082,686218,,foul,,,,,2,Foul,D,L,R,LAD,PHI,S,,,3,2,2025,-0.75,1.47,-0.13416806075528376,3.1678671768661246,,592206,,1,7,Top,,,,,,,4.1211536414859795,-139.8373223520993,-3.535788153399378,-10.836376883870532,33.361438865319826,-12.297225013410674,3.31,1.59,268,78.2,42,96.4,2450,6.6,813042,669257,518692,669242,571771,605141,669743,681624,606192,53.89,,,,,,,,50,6,4-Seam Fastball,0,1,1,0,1,0,1,0,Standard,Standard,210,0,0,67.0,6.5,,0,88.0,-1,1,0.281,0.719,25,27,26,28,1,2,3,1,15,,1.01,0.75,-0.75,36.5,11.912453250595647,0.5077729182506463,31.404884981080837,32.68224670692068,29.152373251480363
FF,2025-10-09,96.4,-1.62,5.89,"Realmuto, J.T.",592663,607192,,called_strike,,,,,8,Called Strike,D,R,R,LAD,PHI,S,,,0,0,2025,-0.48,1.36,0.1901503492705109,1.9916081703939392,,,,0,2,Top,,,,,,,6.056239113000793,-140.09593880466625,-8.107876760463373,-7.590517710120764,29.56091020424012,-12.580237342818045,3.59859282116337,1.66864140755949,,,,99,2594,7.7,813042,669257,518692,669242,571771,605141,669743,681624,606192,52.83,,,,,,,,9,1,4-Seam Fastball,0,0,0,0,0,0,0,0,Standard,Standard,192,0.003,-0.039,,,,0.039,,0,0,0.5,0.5,31,34,32,34,1,0,5,1,7,,1.08,0.48,0.48,59.2,,,,,
FF,2025-10-09,94.5,2.06,5.33,"Crow-Armstrong, Pete",691718,688107,walk,ball,,,,,13,Pete Crow-Armstrong walks.,D,L,L,CHC,MIL,B,,,3,2,2025,0.41,1.05,-1.294507862700347,1.9843140191422637,,673548,,2,7,Bot,,,,,,,-9.733314517964258,-137.20350097710346,-5.372614198559429,7.371025708622922,31.717375296458314,-17.82606465528109,3.22001496539017,1.51755323614066,,,,95.1,2241,6.8,813050,661388,683734,668930,702332,687401,694192,663368,686217,53.66,,0.691497,0.7,1,0,0,,61,6,4-Seam Fastball,5,0,5,0,0,5,5,0,Standard,Standard,142,0,0.134,,,,-0.134,,5,5,0.985,0.985,26,23,26,23,1,3,12,1,5,2,1.52,0.41,0.41,31.0,,,,,
SI,2025-10-09,95.9,1.67,5.83,"Call, Alex",669743,650911,,called_strike,,,,,4,Called Strike,D,R,L,LAD,PHI,S,,,0,1,2025,1.45,0.03,-0.721399484410276,2.3850958226248906,,,,0,3,Bot,,,,,,,-9.677833068976367,-139.26331955992796,-3.566900151153953,21.071657720276487,31.191868680757572,-31.21928409173994,3.45804868706137,1.58517875860213,,,,96.5,2116,6.7,813042,592663,547180,681082,664761,607208,596146,669016,592206,53.76,,,,,,,,18,2,Sinker,0,0,0,0,0,0,0,0,Standard,Standard,118,-0.006,-0.055,,,,0.055,,0,0,0.551,0.551,28,30,29,31,1,0,5,5,,4,2.46,1.45,-1.45,31.1,,,,,
SL,2025-10-09,84.8,0.75,6.54,"Crow-Armstrong, Pete",691718,676879,,blocked_ball,,,,,14,Ball In Dirt,D,L,L,CHC,MIL,B,,,0,0,2025,-0.4,-0.5,0.14118958770427897,0.5555319625265809,,,608348,0,6,Bot,,,,,,,-0.612640578608761,-123.4831194604878,-6.554385752704913,-3.98671554316102,25.142067288102265,-36.1461672453108,3.13574152620016,1.46389185362084,,,,83.1,2590,5.2,813050,661388,683734,668930,702332,687401,694192,663368,686217,55.33,,,,,,,,49,1,Slider,3,0,3,0,0,3,3,0,Standard,Standard,354,0.002,0.04,,,,-0.04,,3,3,0.923,0.923,27,23,27,23,1,2,3,1,2,2,3.67,-0.4,-0.4,47.6,,,,,
FF,2025-10-09,95.2,-3.36,5.45,"Suzuki, Seiya",673548,642547,,foul,,,,,4,Foul,D,R,R,CHC,MIL,S,,,3,2,2025,-0.25,1.46,-0.5949376473446295,2.2794422672854777,,663538,663656,1,1,Bot,,,,,,,7.904641681718875,-138.29513514346957,-5.9539248721510365,-5.016530526566156,33.02535388893113,-12.306801420863644,3.15,1.42,194,68,48,95.9,2532,6.9,813050,661388,683734,668930,702332,687401,694192,663368,686217,53.56,,,,,,,,8,6,4-Seam Fastball,0,0,0,0,0,0,0,0,Strategic,Standard,208,0,0,,,,0,88.0,0,0,0.596,0.596,29,30,29,31,1,0,5,1,5,2,1.08,0.25,0.25,43.6,,,,,
FF,2025-10-09,99.6,-2.07,6.07,"Castellanos, Nick",592206,808963,,foul,,,,,13,Foul,D,R,R,LAD,PHI,S,,,1,0,2025,-1.16,1.16,-1.016707893034961,2.1401414914904517,,,,0,10,Top,,,,,,,5.683715915240348,-144.840538675328,-8.240560714933766,-17.617232784512144,32.988414354611415,-14.152862573795758,3.91,1.87,5,104.8,-24,101,2357,7.1,813042,669257,518692,669242,571970,605141,571771,681624,606192,53.44,,,,,,,,71,2,4-Seam Fastball,1,1,1,1,1,1,1,1,Standard,Standard,224,0.011,-0.05,73.3,7.8,,0.05,104.8,0,0,0.492,0.508,23,33,24,33,1,3,3,1,4,,1.14,1.16,1.16,46.4,16.335353275103934,-7.615672793835133,43.788245127805034,25.181585427933122,27.944942057996357
SI,2025-10-09,97.6,-2.33,5.91,"Edman, Tommy",669242,661395,field_out,hit_into_play,,,,,2,"Tommy Edman grounds out, second baseman Bryson Stott to first baseman Bryce Harper.",D,L,R,LAD,PHI,X,4,ground_ball,0,0,2025,-1.36,0.12,0.13268878861919253,2.8252698252632245,,,,1,8,Bot,147.26,152.19,,,,,9.739122356821362,-141.85649091841225,-3.0656494447282876,-20.537759430305204,32.6266583080087,-30.018932398324015,3.38,1.55,24,96.6,-5,97.6,1782,6.4,813042,592663,547180,681082,664761,607208,596146,669016,592206,54.14,0.339,0.305,0,1,0,0,2,63,1,Sinker,1,1,1,1,1,1,1,1,Standard,Standard,243,-0.036,-0.254,68.8,6.3,0.342,0.254,96.6,0,0,0.562,0.562,27,30,27,30,1,3,3,1,,4,2.28,1.36,-1.36,30.0,7.6640645312745965,4.435373352806787,22.96081389384039,34.0804894710749,26.805384548074976
CU,2025-10-09,84.3,0.4,6.5,"Kelly, Carson",608348,676879,field_error,hit_into_play,,,,,8,Carson Kelly reaches on a fielding error by third baseman Caleb Durbin.,D,R,L,CHC,MIL,X,5,ground_ball,2,2,2025,-0.72,-1.43,0.1678161848614772,1.6574897651607392,,,,0,6,Bot,103.32,169.38,,,,,0.8642841143303196,-122.61799378047345,-1.8874251524238181,-7.324421757936066,28.91352411789556,-46.21647741344316,3.39,1.67,3,90.8,-25,82.4,2834,5.5,813050,661388,683734,668930,702332,687401,694192,663368,686217,55.02,0.039,0.039,0.9,1,0,0,2,48,5,Curveball,3,0,3,0,0,3,3,0,Strategic,Standard,335,0.013,0.512,,,0.058,-0.512,90.8,3,3,0.91,0.91,27,30,27,31,1,2,3,1,2,2,4.69,-0.72,0.72,49.9,,,,,
SI,2025-10-09,94.9,1.64,5.83,"Call, Alex",669743,650911,,called_strike,,,,,2,Called Strike,D,R,L,LAD,PHI,S,,,0,0,2025,1.42,0.17,-0.19940791556150805,3.291682213148402,,,,0,3,Bot,,,,,,,-8.054393770054773,-138.03697625263194,-1.3812567100191815,19.906040546172026,28.697414474510257,-29.93743628647452,3.42982892171053,1.60835080714971,,,,96,2055,6.8,813042,592663,547180,681082,664761,607208,596146,669016,592206,53.72,,,,,,,,18,1,Sinker,0,0,0,0,0,0,0,0,Standard,Standard,119,-0.004,-0.039,,,,0.039,,0,0,0.555,0.555,28,30,29,31,1,0,5,5,,4,2.35,1.42,-1.42,36.8,,,,,
SL,2025-10-09,82.1,2.79,4.94,"Vaughn, Andrew",683734,571510,walk,ball,,,,,12,Andrew Vaughn walks.,D,R,L,CHC,MIL,B,,,3,2,2025,0.02,0.12,1.3381858059072758,2.566709910529948,,,,0,2,Top,,,,,,,-3.3110322353399204,-119.58125842423901,0.848543084554652,0.7308644469397806,20.875544194226556,-31.32797952486509,3.13180314681111,1.48657757997112,,,,82.2,2463,6.1,813050,608348,683737,663538,807713,621020,664023,691718,673548,54.4,,0.691497,0.7,1,0,0,,11,6,Slider,3,0,0,3,0,3,0,3,Infield shade,Standard,313,-0.03,0.356,,,,-0.356,,3,-3,0.773,0.22699999999999998,34,27,34,27,1,0,5,1,,2,3.23,0.02,-0.02,12.1,,,,,
CH,2025-10-09,87.5,-1.11,5.28,"Stott, Bryson",681082,686218,,blocked_ball,,,,,14,Ball In Dirt,D,L,R,LAD,PHI,B,,,2,2,2025,-1.32,0.32,1.72315556096881,-0.02491194449534273,,592206,,1,7,Top,,,,,,,9.607153324369184,-127.06794655128104,-7.415636281962703,-16.197376217450618,22.508976552070113,-27.406146503266854,3.2139470279032,1.72375342995924,,,,88.4,1414,6.7,813042,669257,518692,669242,571771,605141,669743,681624,606192,53.82,,,,,,,,50,5,Changeup,0,1,1,0,1,0,1,0,Standard,Standard,255,-0.009,0.068,,,,-0.068,,-1,1,0.29,0.71,25,27,26,28,1,2,3,1,15,,2.63,1.32,-1.32,32.3,,,,,
FF,2025-10-09,99.9,-2.22,5.88,"Freeman, Freddie",518692,661395,strikeout,swinging_strike,,,,,5,Freddie Freeman strikes out swinging.,D,L,R,LAD,PHI,S,2,,1,2,2025,-1.39,0.9,0.25661243208558515,2.5311065923219713,,,,0,8,Bot,,,,,,,10.079090353952212,-145.02356136550358,-5.898870055743281,-22.06145744824411,35.30115636808134,-18.268240984518243,3.7,1.79,,,,99.5,2153,6.3,813042,592663,547180,681082,664761,607208,596146,669016,592206,54.22,,0,0,1,0,0,,62,4,4-Seam Fastball,1,1,1,1,1,1,1,1,Strategic,Standard,233,-0.032,-0.189,70.1,6.3,,0.189,,0,0,0.594,0.594,27,35,27,36,1,3,3,1,,4,1.41,1.39,-1.39,30.8,-3.973952778754304,11.8226039760383,51.05480319892308,37.605597730661344,15.636567797369125
ST,2025-10-09,84.4,2.03,5.23,"Crow-Armstrong, Pete",691718,688107,,blocked_ball,,,,,13,Ball In Dirt,D,L,L,CHC,MIL,B,,,2,2,2025,-0.62,0.31,-2.3044815254912994,0.26192580361139006,,673548,,2,7,Bot,,,,,,,-8.894372135659102,-122.44376849724293,-5.730939448750027,-4.248316053923232,26.5916049834343,-28.024513591632648,3.1682043910905,1.46597726279752,,,,84.5,2519,6.7,813050,661388,683734,668930,702332,687401,694192,663368,686217,53.75,,,,,,,,61,5,Sweeper,5,0,5,0,0,5,5,0,Standard,Standard,278,0,0.057,,,,-0.057,,5,5,0.985,0.985,26,23,26,23,1,3,12,1,5,2,2.94,-0.62,-0.62,27.8,,,,,
FF,2025-10-09,100.3,-2,6.05,"Castellanos, Nick",592206,808963,,ball,,,,,9,Ball,D,R,R,LAD,PHI,B,,,0,0,2025,-0.8,1.38,0.5918565028902553,1.7642007962070276,,,,0,10,Top,,,,,,,9.198775653997071,-145.60262270441706,-9.93833124864393,-13.48125817053419,32.65641597264571,-10.313616271133823,3.97302588617405,1.81976051846323,,,,102.1,2291,7.3,813042,669257,518692,669242,571970,605141,571771,681624,606192,53.21,,,,,,,,71,1,4-Seam Fastball,1,1,1,1,1,1,1,1,Standard,Standard,224,-0.008,0.041,,,,-0.041,,0,0,0.5,0.5,23,33,24,33,1,3,3,1,4,,0.89,0.8,0.8,42.8,,,,,
FF,2025-10-09,98.8,-1.61,5.91,"Marsh, Brandon",669016,607192,strikeout,swinging_strike,,,,,1,Brandon Marsh strikes out swinging.,D,L,R,LAD,PHI,S,2,,1,2,2025,0.05,1.47,-0.549470858290491,3.0427142423304154,656941,,664761,2,1,Top,,,,,,,2.854531095325483,-143.89544331862083,-5.970743739591021,0.024819483142916116,32.98448137303079,-10.542935727562849,3.19,1.52,,,,101.5,2632,7.7,813042,669257,518692,669242,571771,605141,669743,681624,606192,52.84,,0,0,1,0,0,,5,4,4-Seam Fastball,0,0,0,0,0,0,0,0,Standard,Standard,195,0.034,-0.18,68.5,6.1,,0.18,,0,0,0.514,0.486,31,27,32,28,1,0,5,1,7,,0.86,-0.05,0.05,51.6,-8.939566877096748,28.177929567051855,31.765035175448094,41.97980340376098,11.682233652664653
ST,2025-10-09,86.7,2.33,5.31,"Edman, Tommy",669242,666200,,called_strike,,,,,9,Called Strike,D,R,L,LAD,PHI,S,,,2,1,2025,-0.89,-0.34,0.443339388427079,1.877351229644848,,,,1,11,Bot,,,,,,,-2.684952729812954,-126.33308574627,-1.3067196015024503,-8.91477830003072,26.889085344575346,-35.70435997490803,3.33191474749855,1.61553056189063,,,,85.9,2352,5.8,813042,592663,547180,681082,664761,607208,642215,596146,592206,54.67,,,,,,,,82,4,Sweeper,1,1,1,1,1,1,1,1,Standard,Standard,319,-0.012,-0.07,,,,0.07,,0,0,0.587,0.587,27,30,28,30,1,4,3,1,,4,3.37,-0.89,0.89,32.6,,,,,
CU,2025-10-09,79.8,-3.48,5.37,"Suzuki, Seiya",673548,642547,,ball,,,,,14,Ball,D,R,R,CHC,MIL,B,,,2,2,2025,0.36,-0.52,1.002265415163881,1.7534028641523505,,663538,663656,1,1,Bot,,,,,,,9.252572287181177,-115.93438954027604,-0.217529228831153,1.5874131949478951,20.951567833506907,-37.074501976711375,3.03159662237908,1.32900864720553,,,,80.6,2379,6.8,813050,661388,683734,668930,702332,687401,694192,663368,686217,53.68,,,,,,,,8,5,Curveball,0,0,0,0,0,0,0,0,Standard,Standard,49,0.016,0.096,,,,-0.096,,0,0,0.58,0.58,29,30,29,31,1,0,5,1,5,2,4.1,-0.36,-0.36,38.5,,,,,
CH,2025-10-09,84.9,0.49,5.86,"Bader, Harrison",664056,681911,,foul,,,,,12,Foul,D,R,L,LAD,PHI,S,,,3,2,2025,1.13,1.01,0.04324115458519895,3.378777788986926,,547180,,2,11,Top,,,,,,,-3.3214515506311972,-123.47789441547256,-1.4406436058587748,12.210073200038998,27.565882672999788,-21.81686740216575,3.25,1.53,2,72.5,-55,84.8,1970,6.6,813042,669257,518692,669242,571970,605141,571771,681624,606192,53.94,,,,,,,,80,8,Changeup,1,1,1,1,1,1,1,1,Standard,Standard,134,0,0,72.7,6.9,,0,88.0,0,0,0.531,0.469,29,31,29,31,1,0,3,3,7,,2.18,1.13,-1.13,62.7,18.07694251622391,-18.5592093827928,7.913803425607149,34.62497363614686,43.63578052599587
CH,2025-10-09,86.6,-1.35,5.16,"Stott, Bryson",681082,686218,,swinging_strike,,,,,14,Swinging Strike,D,L,R,LAD,PHI,S,,,2,1,2025,-1.22,0.26,0.4094410345526791,0.7912602852012434,,592206,,1,7,Top,,,,,,,6.717730303731491,-125.93591025748104,-4.845809076108242,-14.291904687379203,23.101395666398886,-28.65235158709123,3.31,1.59,,,,87.5,1387,6.7,813042,669257,518692,669242,571771,605141,669743,681624,606192,53.83,,,,,,,,50,4,Changeup,0,1,1,0,1,0,1,0,Standard,Standard,261,0.008,-0.065,68.2,8.6,,0.065,,-1,1,0.282,0.718,25,27,26,28,1,2,3,1,15,,2.76,1.22,-1.22,28.9,26.929066783982467,-40.74191415897809,38.064588105132785,26.60190484049415,56.86806159494409
SI,2025-10-09,95.2,1.76,5.8,"Smith, Will",669257,650911,grounded_into_double_play,hit_into_play,,,,,5,"Will Smith grounds into a double play, third baseman Alec Bohm to second baseman Bryson Stott to first baseman Bryce Harper. Freddie Freeman out at 2nd. Will Smith out at 1st.",D,R,L,LAD,PHI,X,5,ground_ball,3,1,2025,1.36,0.42,-0.13940464513938067,2.6326347280090046,,,518692,1,2,Bot,109.76,176.51,,,,,-8.140895938560543,-138.45575024160775,-3.6482017865888428,19.297864724674593,29.64469090293955,-26.21293907881901,3.36,1.57,13,99.6,-11,96.6,2186,7,813042,592663,547180,681082,664761,607208,596146,669016,592206,53.48,0.243,0.222,0,1,0,0,2,14,5,Sinker,0,0,0,0,0,0,0,0,Standard,Standard,118,-0.07,-0.469,74.1,7.5,0.264,0.469,99.6,0,0,0.57,0.57,28,30,29,30,1,0,5,1,,4,2.09,1.36,-1.36,30.0,12.428582368874768,-3.2875300243100027,32.840720151266694,37.54205004159375,31.41543028845495
FF,2025-10-09,94.8,-3.28,5.61,"Suzuki, Seiya",673548,642547,,ball,,,,,11,Ball,D,R,R,CHC,MIL,B,,,1,2,2025,-0.33,1.53,-1.2733149963051993,2.859085562844537,,663538,663656,1,1,Bot,,,,,,,6.039551075920793,-137.94685923218577,-5.0035737602104104,-5.527319110509995,31.485131627016553,-11.678535839277275,3.08724412378115,1.39139007820233,,,,95.8,2471,6.9,813050,661388,683734,668930,702332,687401,694192,663368,686217,53.55,,,,,,,,8,4,4-Seam Fastball,0,0,0,0,0,0,0,0,Strategic,Standard,201,0.006,0.043,,,,-0.043,,0,0,0.574,0.574,29,30,29,31,1,0,5,1,5,2,1.01,0.33,0.33,45.1,,,,,
FF,2025-10-09,94.4,1.99,5.28,"Crow-Armstrong, Pete",691718,688107,,ball,,,,,4,Ball,D,L,L,CHC,MIL,B,,,1,2,2025,0.62,1.29,-0.8220338946745696,2.589946078388105,,673548,,2,7,Bot,,,,,,,-8.785212298252233,-137.1946319003005,-4.190991781458471,9.84233890470997,30.9843377007773,-15.182644109579485,3.24416193362394,1.57857563369699,,,,95,2338,6.8,813050,661388,683734,668930,702332,687401,694192,663368,686217,53.74,,,,,,,,61,4,4-Seam Fastball,5,0,5,0,0,5,5,0,Standard,Standard,140,0.001,0.012,,,,-0.012,,5,5,0.984,0.984,26,23,26,23,1,3,12,1,5,2,1.28,0.62,0.62,30.7,,,,,
CU,2025-10-09,73.2,2.29,5.77,"Vaughn, Andrew",683734,571510,,foul,,,,,14,Foul,D,R,L,CHC,MIL,S,,,3,1,2025,-0.44,-0.76,0.13094368763554987,1.2869834559573743,,,,0,2,Top,,,,,,,-3.590674919446822,-106.65394422213926,-0.4201835422288329,-2.752073337232874,18.21485513224511,-38.13713387695692,3.19,1.52,2,82.5,-31,73,2356,6,813050,608348,683737,663538,807713,621020,664023,691718,673548,54.47,,,,,,,,11,5,Curveball,3,0,0,3,0,3,0,3,Standard,Standard,318,0.009,-0.094,,,,0.094,88.0,3,-3,0.764,0.236,34,27,34,27,1,0,5,1,,2,5,-0.44,0.44,33.0,,,,,
CH,2025-10-09,84.6,0.51,5.82,"Bader, Harrison",664056,681911,,blocked_ball,,,,,13,Ball In Dirt,D,R,L,LAD,PHI,B,,,2,2,2025,0.76,1.28,-0.33489695133522657,0.5865117421345534,,547180,,2,11,Top,,,,,,,-3.5027279415048964,-122.99235399922482,-8.403269381425277,8.450331556956659,25.52162168811519,-17.665143328368384,3.25916497700352,1.56366800359841,,,,84.6,1887,6.5,813042,669257,518692,669242,571970,605141,571771,681624,606192,54.04,,,,,,,,80,7,Changeup,1,1,1,1,1,1,1,1,Standard,Standard,139,-0.018,0.057,,,,-0.057,,0,0,0.549,0.45099999999999996,29,31,29,31,1,0,3,3,7,,1.92,0.76,-0.76,63.6,,,,,
FF,2025-10-09,98.4,-1.74,5.77,"Marsh, Brandon",669016,607192,,called_strike,,,,,8,Called Strike,D,L,R,LAD,PHI,S,,,1,1,2025,-0.24,1.54,0.12112743246960617,1.8670722117814726,656941,,664761,2,1,Top,,,,,,,5.779547196279623,-142.9595943833479,-8.954114771661587,-4.5708193101266135,32.25373629908736,-9.171021538176957,3.22927817113983,1.51891089235393,,,,101.3,2681,7.9,813042,669257,518692,669242,571771,605141,669743,681624,606192,52.62,,,,,,,,5,3,4-Seam Fastball,0,0,0,0,0,0,0,0,Standard,Standard,201,0.012,-0.056,,,,0.056,,0,0,0.502,0.498,31,27,32,28,1,0,5,1,7,,0.82,0.24,-0.24,53.4,,,,,
SI,2025-10-09,98,0.32,6.65,"Kelly, Carson",608348,676879,,called_strike,,,,,4,Called Strike,D,R,L,CHC,MIL,S,,,2,1,2025,1.27,1.04,-0.6829161965624007,2.6004067395668433,,,,0,6,Bot,,,,,,,-5.540280384310288,-142.44635501070132,-7.6981237694596185,18.552784636470026,35.317890194349935,-16.373245757774946,3.25620631880387,1.62173414670863,,,,96.3,2283,5.5,813050,661388,683734,668930,702332,687401,694192,663368,686217,54.96,,,,,,,,48,4,Sinker,3,0,3,0,0,3,3,0,Strategic,Standard,151,-0.002,-0.073,,,,0.073,,3,3,0.912,0.912,27,30,27,31,1,2,3,1,2,2,1.35,1.27,-1.27,57.5,,,,,
FF,2025-10-09,99,-2.04,6.09,"Kepler, Max",596146,808963,field_out,hit_into_play,,,,,6,Max Kepler pops out to third baseman Enrique Hernández.,D,L,R,LAD,PHI,X,5,popup,1,2,2025,-0.94,1.21,0.29183152506084453,2.676801667241352,,,,2,9,Top,116.34,178.54,,,,,8.713692771416088,-143.84772998211747,-6.803093201545258,-15.109876229252043,32.52879520490812,-14.008704603027175,3.38,1.6,60,94.4,80,100.7,2182,7.2,813042,669257,518692,669242,571771,605141,681624,681909,606192,53.25,0.005,0.005,0,1,0,0,3,67,4,4-Seam Fastball,1,1,1,1,1,1,1,1,Infield shade,Standard,227,0.024,-0.182,73.8,7.5,0.005,0.182,94.4,0,0,0.615,0.385,23,32,24,32,1,3,3,1,4,,1.12,0.94,-0.94,44.0,16.271558392383326,-19.94314668669982,32.45421688900816,34.534248344435134,38.15415660749649
CH,2025-10-09,88.7,2.42,5.4,"Edman, Tommy",669242,666200,,ball,,,,,14,Ball,D,R,L,LAD,PHI,B,,,1,1,2025,1.34,0.82,1.1452933505042333,1.3674431313409527,,,,1,11,Bot,,,,,,,-5.8608952331584,-129.08014808700304,-5.509759565352944,16.175850181540497,26.292069686587627,-22.008535735816352,3.31419000772379,1.59785735848258,,,,88.1,1875,5.9,813042,592663,547180,681082,664761,607208,642215,596146,592206,54.65,,,,,,,,82,3,Changeup,1,1,1,1,1,1,1,1,Standard,Standard,112,0.007,0.055,,,,-0.055,,0,0,0.58,0.58,27,30,28,30,1,4,3,1,,4,2.07,1.34,-1.34,30.2,,,,,
KC,2025-10-09,88.4,-2.46,5.9,"Freeman, Freddie",518692,661395,,called_strike,,,,,2,Called Strike,D,L,R,LAD,PHI,S,,,1,1,2025,0.33,-0.96,0.05373229416933353,3.674904896415774,,,,0,8,Bot,,,,,,,5.396067202996104,-128.6578707424418,2.6573275099037295,2.515429746251454,27.838982353985575,-43.61483509085616,3.65147409264423,1.72782800928573,,,,87.8,2703,6,813042,592663,547180,681082,664761,607208,596146,669016,592206,54.53,,,,,,,,62,3,Knuckle Curve,1,1,1,1,1,1,1,1,Strategic,Standard,40,-0.012,-0.061,,,,0.061,,0,0,0.606,0.606,27,35,27,36,1,3,3,1,,4,3.89,-0.33,0.33,33.4,,,,,
CH,2025-10-09,86.5,1.88,5.74,"Smith, Will",669257,650911,,ball,,,,,7,Ball,D,R,L,LAD,PHI,B,,,2,1,2025,1.37,-0.1,-0.7622740903285761,1.554383294174269,,,518692,1,2,Bot,,,,,,,-9.21211579568233,-125.54532455045508,-3.5530577881915484,16.411363377639304,25.887762080817204,-32.7069436907535,3.4263740930393,1.60753112855657,,,,87.5,2010,7.1,813042,592663,547180,681082,664761,607208,596146,669016,592206,53.41,,,,,,,,14,4,Changeup,0,0,0,0,0,0,0,0,Standard,Standard,104,0.012,0.109,,,,-0.109,,0,0,0.558,0.558,28,30,29,30,1,0,5,1,,4,3.17,1.37,-1.37,28.2,,,,,
FF,2025-10-09,94.7,1.99,5.48,"Crow-Armstrong, Pete",691718,688107,,swinging_strike,,,,,1,Swinging Strike,D,L,L,CHC,MIL,S,,,1,1,2025,0.56,1.27,-0.6152691691473705,3.024285046640693,,673548,,2,7,Bot,,,,,,,-8.085794344315604,-137.6214501873255,-3.559939012892051,8.861571610373227,30.567220029022156,-15.46769167584104,3.11,1.47,,,,95.1,2292,6.6,813050,661388,683734,668930,702332,687401,694192,663368,686217,53.92,,,,,,,,61,3,4-Seam Fastball,5,0,5,0,0,5,5,0,Standard,Standard,142,-0.001,-0.056,,,,0.056,,5,5,0.985,0.985,26,23,26,23,1,3,12,1,5,2,1.28,0.56,0.56,29.1,,,,,
FF,2025-10-09,98.1,2.11,5.66,"Edman, Tommy",669242,666200,,ball,,,,,11,Ball,D,R,L,LAD,PHI,B,,,0,1,2025,0.81,1.4,-0.3302985934413821,4.636166872324556,,,,1,11,Bot,,,,,,,-8.372673876652955,-142.6275331436464,-0.5014746865779802,12.974813410469574,33.4547901922285,-13.20658130326496,3.53784308408774,1.61065254966512,,,,97.1,2222,5.8,813042,592663,547180,681082,664761,607208,642215,596146,592206,54.7,,,,,,,,82,2,4-Seam Fastball,1,1,1,1,1,1,1,1,Standard,Standard,124,0.005,0.029,,,,-0.029,,0,0,0.575,0.575,27,30,28,30,1,4,3,1,,4,0.98,0.81,-0.81,29.7,,,,,
CU,2025-10-09,82.6,-1.53,5.91,"Marsh, Brandon",669016,607192,,ball,,,,,14,Ball,D,L,R,LAD,PHI,B,,,0,1,2025,0.39,-1.25,0.5836165641598796,1.4107104003551854,656941,,664761,2,1,Top,,,,,,,4.1329318256074865,-120.23470173553089,-1.270164128114236,2.9619607899720704,24.74018252813146,-44.18238622395536,3.22864420125054,1.54562787504313,,,,84.1,2806,7.4,813042,669257,518692,669242,571771,605141,669743,681624,606192,53.12,,,,,,,,5,2,Curveball,0,0,0,0,0,0,0,0,Standard,Standard,19,-0.005,0.007,,,,-0.007,,0,0,0.507,0.493,31,27,32,28,1,0,5,1,7,,4.6,-0.39,0.39,54.6,,,,,
FF,2025-10-09,97.2,-1.01,5.38,"Stott, Bryson",681082,686218,,ball,,,,,14,Ball,D,L,R,LAD,PHI,B,,,1,1,2025,-0.8,1.48,1.2099520922804605,2.4809685091104114,,592206,,1,7,Top,,,,,,,7.838556499094475,-141.28777213878968,-5.7144833080948665,-12.487538332847262,30.209767508109532,-11.13145821249638,3.35075222354542,1.672508162118,,,,98.1,2471,6.7,813042,669257,518692,669242,571771,605141,669743,681624,606192,53.78,,,,,,,,50,3,4-Seam Fastball,0,1,1,0,1,0,1,0,Standard,Standard,208,-0.004,0.03,,,,-0.03,,-1,1,0.286,0.714,25,27,26,28,1,2,3,1,15,,0.92,0.8,-0.8,37.0,,,,,
CH,2025-10-09,88.8,-3.78,5.05,"Suzuki, Seiya",673548,642547,,called_strike,,,,,8,Called Strike,D,R,R,CHC,MIL,S,,,1,1,2025,-1.27,0.15,-0.1300471659486484,1.8386154553767904,,663538,663656,1,1,Bot,,,,,,,11.643433631526166,-128.77918272990638,-2.0721397135922173,-16.552336939940336,27.402202416419982,-30.226191977254295,3.03354895377853,1.30554832767763,,,,89.1,1970,6.7,813050,661388,683734,668930,702332,687401,694192,663368,686217,53.81,,,,,,,,8,3,Changeup,0,0,0,0,0,0,0,0,Standard,Standard,248,-0.011,-0.058,,,,0.058,,0,0,0.585,0.585,29,30,29,31,1,0,5,1,5,2,2.76,1.27,1.27,31.5,,,,,
FS,2025-10-09,88.3,-1.87,6.11,"Kepler, Max",596146,808963,,foul,,,,,4,Foul,D,L,R,LAD,PHI,S,,,1,1,2025,-1.15,0.16,-0.6864359947671028,2.3938912688979768,,,,2,9,Top,,,,,,,5.39234315131968,-128.507428438456,-3.355362251478393,-13.87202338921983,25.414202778916643,-29.969013004100315,3.38,1.6,2,67.2,-46,90.1,528,7.3,813042,669257,518692,669242,571771,605141,681624,681909,606192,53.2,,,,,,,,67,3,Split-Finger,1,1,1,1,1,1,1,1,Infield shade,Standard,291,0.008,-0.062,72.1,8.1,,0.062,88.0,0,0,0.607,0.393,23,32,24,32,1,3,3,1,4,,2.76,1.15,-1.15,47.2,15.781028853999386,-23.068979373759493,24.680262847964606,45.32277753955411,44.23202888988408
SI,2025-10-09,96.8,0.39,6.63,"Kelly, Carson",608348,676879,,ball,,,,,13,Ball,D,R,L,CHC,MIL,B,,,1,1,2025,1.31,0.63,-0.9157382110114511,1.743457713121571,,,,0,6,Bot,,,,,,,-6.3175536483803665,-140.61761725525642,-8.717587399816221,18.814200313009295,33.79845892675571,-21.947741964968447,3.34427395469404,1.64815420722712,,,,94.6,2100,5.3,813050,661388,683734,668930,702332,687401,694192,663368,686217,55.24,,,,,,,,48,3,Sinker,3,0,3,0,0,3,3,0,Strategic,Standard,174,0.001,0.055,,,,-0.055,,3,3,0.911,0.911,27,30,27,31,1,2,3,1,2,2,1.82,1.31,-1.31,57.6,,,,,
FF,2025-10-09,91.3,2.13,5.49,"Vaughn, Andrew",683734,571510,,ball,,,,,13,Ball,D,R,L,CHC,MIL,B,,,2,1,2025,1.05,1.24,-1.0237297919807535,2.2265722992653765,,,,0,2,Top,,,,,,,-10.192245931646715,-132.52840229018244,-4.9740466865265756,14.583527484811135,29.661289042898137,-16.61636892474963,3.11234432805607,1.46698585507633,,,,91.2,2333,6.5,813050,608348,683737,663538,807713,621020,664023,691718,673548,54.05,,,,,,,,11,4,4-Seam Fastball,3,0,0,3,0,3,0,3,Standard,Standard,123,-0.011,0.134,,,,-0.134,,3,-3,0.775,0.22499999999999998,34,27,34,27,1,0,5,1,,2,1.52,1.05,-1.05,27.4,,,,,
FF,2025-10-09,92.9,0.26,5.93,"Bader, Harrison",664056,681911,,foul,,,,,12,Foul,D,R,L,LAD,PHI,S,,,2,2,2025,0.41,1.74,1.478283812494894,3.5362109181473227,,547180,,2,11,Top,,,,,,,2.2455700997880883,-135.2013420426641,-4.159205203612038,4.480263408104628,29.91918778805311,-10.203052584445956,3.25,1.53,227,73.6,41,93.5,2515,6.7,813042,669257,518692,669242,571970,605141,571771,681624,606192,53.81,,,,,,,,80,6,4-Seam Fastball,1,1,1,1,1,1,1,1,Standard,Standard,164,0,0,66.1,6.4,,0,88.0,0,0,0.549,0.45099999999999996,29,31,29,31,1,0,3,3,7,,0.91,0.41,-0.41,68.1,-2.4445197050550935,16.1370187566172,13.024975504468618,51.273498150864555,19.920496686069075
FF,2025-10-09,100.7,-2.29,5.93,"Freeman, Freddie",518692,661395,,ball,,,,,12,Ball,D,L,R,LAD,PHI,B,,,0,1,2025,-1.05,1.26,0.4820343283663129,4.111776299352204,,,,0,8,Bot,,,,,,,10.206241902967857,-146.33010284209976,-2.691523928941876,-17.568895268855382,35.18596223177731,-13.598152367827156,3.6938705217205,1.87874279685658,,,,100.6,2161,6.4,813042,592663,547180,681082,664761,607208,596146,669016,592206,54.13,,,,,,,,62,2,4-Seam Fastball,1,1,1,1,1,1,1,1,Strategic,Standard,233,0.005,0.031,,,,-0.031,,0,0,0.601,0.601,27,35,27,36,1,3,3,1,,4,0.99,1.05,-1.05,31.4,,,,,
SI,2025-10-09,98.1,-2.44,5.97,"Freeman, Freddie",518692,661395,,called_strike,,,,,6,Called Strike,D,L,R,LAD,PHI,S,,,0,0,2025,-1.26,-0.04,0.7304100755245098,2.7827518231891584,,,,0,8,Bot,,,,,,,11.416003874878504,-142.41148799210433,-3.0307836655164717,-19.749124644230292,31.454761442062765,-32.204371421128066,3.55307282149652,1.73737721324278,,,,97.7,1781,6.1,813042,592663,547180,681082,664761,607208,596146,669016,592206,54.4,,,,,,,,62,1,Sinker,1,1,1,1,1,1,1,1,Strategic,Standard,241,-0.007,-0.039,,,,0.039,,0,0,0.608,0.608,27,35,27,36,1,3,3,1,,4,2.41,1.26,-1.26,31.0,,,,,
FF,2025-10-09,92.9,2.33,5.53,"Vaughn, Andrew",683734,571510,,ball,,,,,12,Ball,D,R,L,CHC,MIL,B,,,1,1,2025,1.1,1.21,0.22373177984100479,3.5194637595348484,,,,0,2,Top,,,,,,,-7.828626537827981,-135.1017410846988,-2.0019478106047774,15.160136128973392,29.55102104447199,-17.139766534953075,3.15025083291506,1.50483841518879,,,,93.1,2379,6.4,813050,608348,683737,663538,807713,621020,664023,691718,673548,54.06,,,,,,,,11,3,4-Seam Fastball,3,0,0,3,0,3,0,3,Standard,Standard,128,-0.004,0.055,,,,-0.055,,3,-3,0.779,0.22099999999999997,34,27,34,27,1,0,5,1,,2,1.44,1.1,-1.1,25.9,,,,,
CH,2025-10-09,89,-3.61,5.23,"Suzuki, Seiya",673548,642547,,foul,,,,,7,Foul,D,R,R,CHC,MIL,S,,,1,0,2025,-1.57,0.54,-0.589857141778517,1.683508614741359,,663538,663656,1,1,Bot,,,,,,,10.773077952785334,-129.02376302518408,-3.7132435822061485,-19.8630215925343,29.68398721281877,-25.574871762847323,3.15,1.42,30,86.1,-2,89.2,2289,6.8,813050,661388,683734,668930,702332,687401,694192,663368,686217,53.67,,,,,,,,8,2,Changeup,0,0,0,0,0,0,0,0,Standard,Standard,242,-0.008,-0.045,,,,0.045,88.0,0,0,0.593,0.593,29,30,29,31,1,0,5,1,5,2,2.39,1.57,1.57,34.0,,,,,
CH,2025-10-09,86,1.98,5.71,"Smith, Will",669257,650911,,ball,,,,,14,Ball,D,R,L,LAD,PHI,B,,,1,1,2025,1.2,0.03,1.1127608679122523,2.013014430752908,,,518692,1,2,Bot,,,,,,,-4.535885562215198,-125.1908939995976,-2.617262587829823,13.574166617969027,24.569275237666925,-31.530278650790727,3.4822432396093,1.60407276021856,,,,86.7,2020,6.6,813042,592663,547180,681082,664761,607208,596146,669016,592206,53.85,,,,,,,,14,3,Changeup,0,0,0,0,0,0,0,0,Standard,Standard,99,0.006,0.063,,,,-0.063,,0,0,0.552,0.552,28,30,29,30,1,0,5,1,,4,3.04,1.2,-1.2,26.3,,,,,
FF,2025-10-09,96.9,-1.15,5.35,"Stott, Bryson",681082,686218,,swinging_strike,,,,,8,Swinging Strike,D,L,R,LAD,PHI,S,,,1,0,2025,-1.13,1.36,0.11007741470430998,1.9494882649056626,,592206,,1,7,Top,,,,,,,6.010401513554295,-140.8935205349916,-6.681105879916138,-16.426628542244732,32.98069169736449,-12.743651795714072,3.31,1.59,,,,97.5,2417,6.7,813042,669257,518692,669242,571771,605141,669743,681624,606192,53.76,,,,,,,,50,2,4-Seam Fastball,0,1,1,0,1,0,1,0,Standard,Standard,214,0.004,-0.042,75.5,7.5,,0.042,,-1,1,0.282,0.718,25,27,26,28,1,2,3,1,15,,1.08,1.13,-1.13,36.2,12.452085046296935,-11.258551317857577,36.07074488877929,30.086600211081507,38.22808077080202
ST,2025-10-09,83.9,2.18,5.33,"Crow-Armstrong, Pete",691718,688107,,ball,,,,,12,Ball,D,L,L,CHC,MIL,B,,,0,1,2025,-0.48,0.64,0.9199643946580474,3.106291153340156,,673548,,2,7,Bot,,,,,,,-1.979427577660509,-122.16300075162356,0.013967156366018307,-4.35487184153672,24.97882247304112,-25.987684533562234,3.15720236202421,1.40684410315261,,,,84.6,2388,6.8,813050,661388,683734,668930,702332,687401,694192,663368,686217,53.68,,,,,,,,61,2,Sweeper,5,0,5,0,0,5,5,0,Standard,Standard,265,0,0.015,,,,-0.015,,5,5,0.985,0.985,26,23,26,23,1,3,12,1,5,2,2.6,-0.48,-0.48,28.0,,,,,
FS,2025-10-09,88.4,-2.01,6.1,"Kepler, Max",596146,808963,,swinging_strike,,,,,8,Swinging Strike,D,L,R,LAD,PHI,S,,,1,0,2025,-0.27,-0.06,-0.09595944917816007,1.7589439664859352,,,,2,9,Top,,,,,,,5.314057498725257,-128.66197145779535,-4.4535011001746145,-4.019931258490334,25.750326273605282,-32.18112657883479,3.38,1.6,,,,90,427,7.2,813042,669257,518692,669242,571771,605141,681624,681909,606192,53.32,,,,,,,,67,2,Split-Finger,1,1,1,1,1,1,1,1,Infield shade,Standard,319,0.005,-0.054,76.1,8.5,,0.054,,0,0,0.602,0.398,23,32,24,32,1,3,3,1,4,,2.97,0.27,-0.27,47.3,22.11224554701565,-40.23301530044104,30.929260837894876,39.22976073919426,55.32699982512878
FF,2025-10-09,96.6,-1.74,5.79,"Marsh, Brandon",669016,607192,,called_strike,,,,,8,Called Strike,D,L,R,LAD,PHI,S,,,0,0,2025,-0.04,1.17,-0.20542458118484197,1.8365749698935385,656941,,664761,2,1,Top,,,,,,,4.291829122028005,-140.52377652163057,-7.815680886479318,-1.571389901582959,32.27604376608502,-15.133870577545103,3.19295772345381,1.46190081971722,,,,99,2399,7.7,813042,669257,518692,669242,571771,605141,669743,681624,606192,52.85,,,,,,,,5,1,4-Seam Fastball,0,0,0,0,0,0,0,0,Standard,Standard,202,0.007,-0.035,,,,0.035,,0,0,0.5,0.5,31,27,32,28,1,0,5,1,7,,1.28,0.04,-0.04,50.9,,,,,
CU,2025-10-09,83.4,0.44,6.54,"Kelly, Carson",608348,676879,,swinging_strike,,,,,13,Swinging Strike,D,R,L,CHC,MIL,S,,,1,0,2025,-0.42,-1.47,-0.9145655338747495,0.729013173031797,,,,0,6,Bot,,,,,,,-2.2417886112403607,-121.38397600087373,-3.8669449294894296,-3.586950459964362,28.113596297419267,-45.87321199805001,3.39,1.67,,,,81.5,2697,5.4,813050,661388,683734,668930,702332,687401,694192,663368,686217,55.1,,,,,,,,48,2,Curveball,3,0,3,0,0,3,3,0,Strategic,Standard,338,-0.001,-0.05,,,,0.05,,3,3,0.912,0.912,27,30,27,31,1,2,3,1,2,2,4.8,-0.42,0.42,58.8,,,,,
ST,2025-10-09,86.7,2.49,5.46,"Edman, Tommy",669242,666200,,called_strike,,,,,5,Called Strike,D,R,L,LAD,PHI,S,,,0,0,2025,-0.85,0.26,0.14235958015215888,2.4611694185368176,,,,1,11,Bot,,,,,,,-3.852521285295021,-126.31602780463525,-1.5185960199984003,-8.29007666277128,25.64293552727298,-29.279923847758756,3.38045273399996,1.61081060823555,,,,85.9,2385,5.7,813042,592663,547180,681082,664761,607208,642215,596146,592206,54.82,,,,,,,,82,1,Sweeper,1,1,1,1,1,1,1,1,Standard,Standard,312,-0.007,-0.039,,,,0.039,,0,0,0.582,0.582,27,30,28,30,1,4,3,1,,4,2.76,-0.85,0.85,28.2,,,,,
SL,2025-10-09,86.3,0.13,6.04,"Bader, Harrison",664056,681911,,blocked_ball,,,,,14,Ball In Dirt,D,R,L,LAD,PHI,B,,,1,2,2025,-0.56,0.31,0.569121217368903,0.020122883374116274,,547180,,2,11,Top,,,,,,,2.185578563897386,-125.55806899438514,-8.753991981735531,-6.33730837607966,23.462029231559892,-27.41844250379453,3.17676002561424,1.53111483343318,,,,86.5,2299,6.2,813042,669257,518692,669242,571970,605141,571771,681624,606192,54.26,,,,,,,,80,5,Slider,1,1,1,1,1,1,1,1,Standard,Standard,189,-0.016,0.012,,,,-0.012,,0,0,0.565,0.43500000000000005,29,31,29,31,1,0,3,3,7,,2.73,-0.56,0.56,70.0,,,,,
ST,2025-10-09,84.4,2.32,5.26,"Crow-Armstrong, Pete",691718,688107,,called_strike,,,,,7,Called Strike,D,L,L,CHC,MIL,S,,,0,0,2025,-0.34,0.53,-0.4442925813895299,1.774883563314345,,673548,,2,7,Bot,,,,,,,-5.784439171622163,-122.76299724700996,-2.7218954004869125,-2.133151048876149,27.48081445695246,-26.53923122635345,3.2283309544852,1.56879781453793,,,,84.6,2400,6.7,813050,661388,683734,668930,702332,687401,694192,663368,686217,53.79,,,,,,,,61,1,Sweeper,5,0,5,0,0,5,5,0,Standard,Standard,245,0,-0.04,,,,0.04,,5,5,0.985,0.985,26,23,26,23,1,3,12,1,5,2,2.71,-0.34,-0.34,30.6,,,,,
KC,2025-10-09,90.2,-2.45,5.82,"Hernández, Teoscar",606192,661395,strikeout,swinging_strike,,,,,14,Teoscar Hernández strikes out swinging.,D,R,R,LAD,PHI,S,2,,1,2,2025,0.21,-0.66,1.7357673498997226,1.9212170742368437,571771,660271,605141,2,7,Bot,,,,,,,9.923029223519388,-131.07660003096254,-2.3807094977561403,0.5944511585748848,24.64001433988666,-39.551635457765165,3.47,1.61,,,,90.3,2757,6.2,813042,592663,547180,681082,664761,607208,596146,669016,592206,54.32,,0,0,1,0,0,,58,4,Knuckle Curve,1,1,1,1,1,1,1,1,Standard,Standard,32,-0.084,-0.202,58.7,7.4,,0.202,,0,0,0.584,0.584,27,32,27,33,1,3,3,1,,4,3.44,-0.21,-0.21,32.5,9.451604921748524,7.362539778202822,24.083995339503392,58.24289121923906,27.40938887652572
CU,2025-10-09,72,2.39,5.78,"Vaughn, Andrew",683734,571510,,called_strike,,,,,6,Called Strike,D,R,L,CHC,MIL,S,,,1,0,2025,-0.7,-1.04,0.6972552869640937,2.1948194982079947,,,,0,2,Top,,,,,,,-2.1608871545488393,-104.72070118618396,2.1421868826740678,-4.7088922889100875,18.81296655754978,-40.44141897291607,2.96103268809875,1.37927236843448,,,,71.3,2361,5.9,813050,608348,683737,663538,807713,621020,664023,691718,673548,54.57,,,,,,,,11,2,Curveball,3,0,0,3,0,3,0,3,Standard,Standard,311,0.004,-0.05,,,,0.05,,3,-3,0.775,0.22499999999999998,34,27,34,27,1,0,5,1,,2,5.47,-0.7,0.7,33.5,,,,,
FF,2025-10-09,98.3,2.11,5.68,"Freeman, Freddie",518692,666200,strikeout,swinging_strike,,,,,12,Freddie Freeman strikes out swinging.,D,L,L,LAD,PHI,S,2,,1,2,2025,0.82,1.31,0.08893585239658486,3.941169658880007,,,,0,11,Bot,,,,,,,-7.320115171500875,-143.01475030745337,-2.285468230903836,12.995514821218272,32.59147831134102,-13.827898327551914,3.7,1.79,,,,97.7,2206,5.9,813042,592663,547180,681082,664761,607208,642215,596146,592206,54.58,,0,0,1,0,0,,81,4,4-Seam Fastball,1,1,1,1,1,1,1,1,Strategic,Standard,125,-0.04,-0.189,62.6,5.2,,0.189,,0,0,0.622,0.622,27,35,28,36,1,4,3,1,,4,1.05,0.82,0.82,40.3,-4.670645544354386,29.21494360817594,32.996520782100816,40.198733929125254,9.490012465664687
FF,2025-10-09,97.3,-1.67,5.81,"Bohm, Alec",664761,607192,walk,ball,,,,,9,Alec Bohm walks.,D,R,R,LAD,PHI,B,,,3,0,2025,0.03,1.25,0.6035920797754625,1.6451595176708662,656941,,,2,1,Top,,,,,,,6.197923075989993,-141.45009074870617,-8.750758877569337,-0.9689708361799337,31.854428952727403,-13.56280377216488,3.60906625104088,1.69877856137844,,,,100,2581,7.8,813042,669257,518692,669242,571771,605141,669743,681624,606192,52.72,,0.691497,0.7,1,0,0,,4,4,4-Seam Fastball,0,0,0,0,0,0,0,0,Standard,Strategic,195,-0.004,0.042,,,,-0.042,,0,0,0.504,0.496,31,28,32,29,1,0,5,1,7,,1.16,-0.03,-0.03,54.2,,,,,
ST,2025-10-09,82.8,-1.49,6.24,"Contreras, William",661388,641745,grounded_into_double_play,hit_into_play,,,,,9,"William Contreras grounds into a double play, shortstop Dansby Swanson to second baseman Nico Hoerner to first baseman Michael Busch. Christian Yelich out at 2nd. William Contreras out at 1st.",D,R,R,CHC,MIL,X,6,ground_ball,1,2,2025,1.67,-0.25,0.5823193202129806,2.078399515454161,,,592885,1,8,Top,109.37,152.46,,,,,1.4584262564470962,-120.51994733621075,-2.4407367525792387,15.767464006790998,26.253504675563203,-34.308940649775025,3.44,1.62,10,97.8,-12,81.6,2895,5.7,813050,608348,683737,663538,807713,621020,664023,691718,673548,54.75,0.213,0.192,0,1,0,0,2,65,4,Sweeper,5,0,0,5,0,5,0,5,Standard,Standard,48,0.01,-0.241,,,0.213,0.241,97.8,5,-5,0.985,0.015000000000000013,29,27,30,28,1,3,1,1,2,2,3.61,-1.67,-1.67,45.2,,,,,
FF,2025-10-09,98.9,-2.05,6.09,"Kepler, Max",596146,808963,,ball,,,,,11,Ball,D,L,R,LAD,PHI,B,,,0,0,2025,-0.79,1.17,-1.057669968678659,3.4806650823985508,,,,2,9,Top,,,,,,,4.626324643750617,-144.00835024435727,-4.505609741500759,-12.08971929791509,31.74029705143111,-15.042501138106681,3.41244740679955,1.58284347148683,,,,100.5,2130,7,813042,669257,518692,669242,571771,605141,681624,681909,606192,53.5,,,,,,,,67,1,4-Seam Fastball,1,1,1,1,1,1,1,1,Infield shade,Standard,225,-0.003,0.037,,,,-0.037,,0,0,0.605,0.395,23,32,24,32,1,3,3,1,4,,1.15,0.79,-0.79,43.5,,,,,
SI,2025-10-09,97.1,0.56,6.6,"Kelly, Carson",608348,676879,,ball,,,,,12,Ball,D,R,L,CHC,MIL,B,,,0,0,2025,1.26,0.52,0.608675901853722,3.5338383755858094,,,,0,6,Bot,,,,,,,-2.6968406406507515,-141.48306977389763,-3.8200571876463614,17.59469069779253,31.4497036632692,-24.57295815249379,3.3036585108029,1.61130138343007,,,,95.4,2181,5.2,813050,661388,683734,668930,702332,687401,694192,663368,686217,55.31,,,,,,,,48,1,Sinker,3,0,3,0,0,3,3,0,Strategic,Standard,149,0.001,0.041,,,,-0.041,,3,3,0.911,0.911,27,30,27,31,1,2,3,1,2,2,1.89,1.26,-1.26,50.4,,,,,
SL,2025-10-09,86.3,-3.57,5.22,"Suzuki, Seiya",673548,642547,,ball,,,,,14,Ball,D,R,R,CHC,MIL,B,,,0,0,2025,0.15,0.46,1.3416636611399742,0.7228247242010926,,663538,663656,1,1,Bot,,,,,,,11.456266560819806,-125.10980074845637,-5.350933189407965,-0.9529160878177854,27.081882857867846,-26.382772012154803,3.0643523677596,1.39989042469053,,,,86.6,2463,6.9,813050,661388,683734,668930,702332,687401,694192,663368,686217,53.65,,,,,,,,8,1,Slider,0,0,0,0,0,0,0,0,Standard,Standard,159,0.006,0.031,,,,-0.031,,0,0,0.587,0.587,29,30,29,31,1,0,5,1,5,2,2.64,-0.15,-0.15,31.4,,,,,
FF,2025-10-09,92.7,1.71,6.23,"Ortiz, Joey",687401,519141,field_out,hit_into_play,,,,,2,Joey Ortiz lines out to right fielder Seiya Suzuki.,D,R,L,CHC,MIL,X,9,line_drive,2,2,2025,0.14,1.49,0.20211449415320648,3.33428773422866,,,,2,7,Top,170.1,104.19,,,,,-4.1094539966960255,-134.93130719057788,-4.788425342697625,2.6926654782774833,31.322073359703353,-13.140088914334763,3.34,1.54,262,89.4,16,91.4,2578,5.6,813050,608348,683737,663538,807713,621020,664023,691718,673548,54.89,0.904,0.843,0,1,0,0,4,56,6,4-Seam Fastball,4,0,0,4,0,4,0,4,Standard,Standard,167,0.004,-0.224,,,1.014,0.224,89.4,4,-4,0.967,0.03300000000000003,36,26,37,27,1,2,1,1,2,2,1.17,0.14,-0.14,40.6,,,,,
SI,2025-10-09,95,1.78,5.81,"Smith, Will",669257,650911,,swinging_strike,,,,,13,Swinging Strike,D,R,L,LAD,PHI,S,,,1,0,2025,1.34,0.22,-0.9065852641121634,2.3482194121285653,,,518692,1,2,Bot,,,,,,,-10.141401934328524,-138.08380471028528,-3.981223290802608,19.276778208216435,28.230698906674075,-28.66845671395322,3.36,1.57,,,,96.3,2137,6.9,813042,592663,547180,681082,664761,607208,596146,669016,592206,53.61,,,,,,,,14,2,Sinker,0,0,0,0,0,0,0,0,Standard,Standard,119,-0.006,-0.056,72.2,7.2,,0.056,,0,0,0.558,0.558,28,30,29,30,1,0,5,1,,4,2.29,1.34,-1.34,29.5,14.134232896260151,-6.647923141478655,34.07988515867019,28.580980755836524,28.30332069750444
FF,2025-10-09,93,0.2,5.98,"Bader, Harrison",664056,681911,,foul,,,,,12,Foul,D,R,L,LAD,PHI,S,,,1,2,2025,0.48,1.6,0.8616507398749824,3.1991815234287895,,547180,,2,11,Top,,,,,,,0.6527932095273135,-135.32715779582446,-4.8535815216929965,5.715978586301498,31.023655508506945,-11.704480889556661,3.25,1.53,219,80.2,58,93,2513,6.4,813042,669257,518692,669242,571970,605141,571771,681624,606192,54.07,,,,,,,,80,4,4-Seam Fastball,1,1,1,1,1,1,1,1,Standard,Standard,166,0,0,68.9,6.5,,0,88.0,0,0,0.565,0.43500000000000005,29,31,29,31,1,0,3,3,7,,1.05,0.48,-0.48,66.3,-0.4077752304593147,17.676129179074156,17.948209274813117,44.69689602822919,18.710257044584075
CU,2025-10-09,79,-0.98,5.43,"Stott, Bryson",681082,686218,,ball,,,,,12,Ball,D,L,R,LAD,PHI,B,,,0,0,2025,0.68,-1.17,0.2801024250943621,3.8710042407401613,,592206,,1,7,Top,,,,,,,1.479666661738118,-114.8946435975051,5.640736842432222,5.7571525784283155,21.74417904639211,-43.77845429062577,3.27239428706968,1.58404204399535,,,,79.4,2673,6.6,813042,669257,518692,669242,571771,605141,669743,681624,606192,53.88,,,,,,,,50,1,Curveball,0,1,1,0,1,0,1,0,Standard,Standard,40,-0.002,0.028,,,,-0.028,,-1,1,0.284,0.716,25,27,26,28,1,2,3,1,15,,4.83,-0.68,0.68,38.8,,,,,
FF,2025-10-09,93.9,-3.46,5.53,"Tucker, Kyle",663656,642547,walk,ball,,,,,12,Kyle Tucker walks. Nico Hoerner to 2nd.,D,L,R,CHC,MIL,B,,,3,0,2025,0.03,1.32,0.37303789663585096,3.990850367747058,,,663538,1,1,Bot,,,,,,,9.908793669876488,-136.32697098815777,-1.1195245129032219,-2.0099284444555483,32.17299786629083,-15.818974454677733,3.26881172014954,1.5344126734453,,,,94,2476,6.6,813050,661388,683734,668930,702332,687401,694192,663368,686217,53.87,,0.691497,0.7,1,0,0,,7,4,4-Seam Fastball,0,0,0,0,0,0,0,0,Infield shade,Standard,204,0.014,0.131,,,,-0.131,,0,0,0.573,0.573,29,28,29,28,1,0,5,1,5,2,1.3,-0.03,0.03,40.0,,,,,
SI,2025-10-09,99.6,0.38,6.61,"Happ, Ian",664023,676879,field_out,hit_into_play,,,,,8,Ian Happ lines out to center fielder Blake Perkins.,D,R,L,CHC,MIL,X,8,line_drive,0,0,2025,1.27,0.72,-0.1645720231530372,2.061611864697257,807713,663538,663656,2,5,Bot,111.59,54.29,,,,,-4.385649248794813,-144.69496113312715,-8.606963186341247,18.877983731858617,35.4062458746587,-20.195869305479793,3.53,1.64,359,97.3,23,97.8,2282,5.5,813050,661388,683734,668930,702332,687401,694192,663368,686217,55.03,0.253,0.334,0,1,0,0,5,43,1,Sinker,3,0,3,0,0,3,3,0,Strategic,Standard,139,-0.03,-0.257,,,0.532,0.257,97.3,3,3,0.893,0.893,27,30,27,31,1,2,3,1,2,2,1.59,1.27,-1.27,50.4,,,,,
FF,2025-10-09,96.3,-0.71,5.56,"Castellanos, Nick",592206,686218,double,hit_into_play,,,,,4,Nick Castellanos doubles (2) on a sharp ground ball to left fielder Alex Call. Max Kepler scores.,D,R,R,LAD,PHI,X,7,ground_ball,1,2,2025,-0.65,1.65,-0.6235134379541422,3.03727885482227,,596146,,1,7,Top,51.99,114.18,,,,,1.7162306723662606,-140.09915057911988,-4.841280509656607,-8.857247388943193,35.11559253614337,-9.676267442217409,3.91,1.87,124,99.7,7,96.6,2469,6.7,813042,669257,518692,669242,571771,605141,669743,681624,606192,53.76,0.613,0.574,1.25,1,1,1,4,49,4,4-Seam Fastball,0,0,0,0,1,0,1,0,Standard,Standard,203,-0.198,0.889,73.6,7.5,0.703,-0.889,99.7,0,0,0.482,0.518,25,33,26,33,1,2,3,1,15,,0.83,0.65,0.65,41.0,17.21415989149698,-11.677269726139873,39.126143585849555,28.417657362604764,32.34894387004084
FF,2025-10-09,91.9,2.37,5.52,"Vaughn, Andrew",683734,571510,,ball,,,,,11,Ball,D,R,L,CHC,MIL,B,,,0,0,2025,1.02,1.24,-0.9452291347944006,2.4737858056095536,,,,0,2,Top,,,,,,,-10.602827375246862,-133.43629080226134,-4.538611633327692,14.50020983943212,29.19373059102815,-16.497062488561717,3.01046239518292,1.39691409024545,,,,91.7,2363,6.3,813050,608348,683737,663538,807713,621020,664023,691718,673548,54.15,,,,,,,,11,1,4-Seam Fastball,3,0,0,3,0,3,0,3,Standard,Standard,124,-0.003,0.041,,,,-0.041,,3,-3,0.778,0.22199999999999998,34,27,34,27,1,0,5,1,,2,1.47,1.02,-1.02,26.3,,,,,
CH,2025-10-09,86.6,1.92,5.73,"Smith, Will",669257,650911,,blocked_ball,,,,,13,Ball In Dirt,D,R,L,LAD,PHI,B,,,0,0,2025,1.42,-0.14,-1.0081959195857773,0.8606742530588032,,,518692,1,2,Bot,,,,,,,-10.041368129177583,-125.68586871213947,-5.154828842286559,17.127911115603396,26.28384644166572,-32.76230043485696,3.40796730458189,1.5558175571377,,,,87.7,2022,7.2,813042,592663,547180,681082,664761,607208,596146,669016,592206,53.29,,,,,,,,14,1,Changeup,0,0,0,0,0,0,0,0,Standard,Standard,105,0.004,0.035,,,,-0.035,,0,0,0.554,0.554,28,30,29,30,1,0,5,1,,4,3.21,1.42,-1.42,30.3,,,,,
FF,2025-10-09,100.2,-1.97,6.1,"Realmuto, J.T.",592663,808963,strikeout,swinging_strike,,,,,6,J.T. Realmuto strikes out swinging.,D,R,R,LAD,PHI,S,2,,1,2,2025,-0.73,1.43,0.3854910869085878,2.5644391620563716,,,,1,9,Top,,,,,,,8.356102529949652,-145.5171096945332,-7.9057146985746405,-12.293671408715939,33.53155830333031,-10.154528834447781,3.63,1.7,,,,101.7,2107,7.2,813042,669257,518692,669242,571771,605141,681624,681909,606192,53.31,,0,0,1,0,0,,66,5,4-Seam Fastball,1,1,1,1,1,1,1,1,Standard,Standard,225,0.033,-0.18,74.1,7.2,,0.18,,0,0,0.572,0.42800000000000005,23,34,24,34,1,3,3,1,4,,0.85,0.73,0.73,43.9,5.186243807254442,17.90540114637332,32.76165013052921,39.874348454339376,15.363946214792925
KC,2025-10-09,87.3,1.92,6.2,"Ortiz, Joey",687401,519141,,ball,,,,,13,Ball,D,R,L,CHC,MIL,B,,,1,2,2025,-0.38,-0.49,-0.9318015002605268,0.488916935456039,,,,2,7,Top,,,,,,,-5.978611838949483,-126.88813981507272,-6.4552297641489975,-2.845773956355011,27.336057670078887,-36.28587511194498,3.32256285169005,1.48470617713132,,,,86,2396,5.6,813050,608348,683737,663538,807713,621020,664023,691718,673548,54.89,,,,,,,,56,5,Knuckle Curve,4,0,0,4,0,4,0,4,Standard,Standard,340,0,0.042,,,,-0.042,,4,-4,0.967,0.03300000000000003,36,26,37,27,1,2,1,1,2,2,3.5,-0.38,0.38,39.1,,,,,
ST,2025-10-09,82.1,-1.56,6.31,"Contreras, William",661388,641745,,called_strike,,,,,1,Called Strike,D,R,R,CHC,MIL,S,,,1,1,2025,1.76,-0.28,-0.32836182587363405,2.743270088874856,,,592885,1,8,Top,,,,,,,-0.6185071393800575,-119.58865046628782,-0.9563111882317915,16.877665985700542,25.42503748160065,-34.83278457674464,3.14045883459815,1.46770929729366,,,,81.1,2799,5.8,813050,608348,683737,663538,807713,621020,664023,691718,673548,54.75,,,,,,,,65,3,Sweeper,5,0,0,5,0,5,0,5,Standard,Standard,58,0.003,-0.056,,,,0.056,,5,-5,0.982,0.018000000000000016,29,27,30,28,1,3,1,1,2,2,3.68,-1.76,-1.76,44.7,,,,,
FF,2025-10-09,97,-1.51,5.92,"Bohm, Alec",664761,607192,,ball,,,,,3,Ball,D,R,R,LAD,PHI,B,,,2,0,2025,-0.02,1.18,0.3934822733797054,3.666090030810045,656941,,,2,1,Top,,,,,,,5.267154993582895,-141.13424092810624,-3.2121894050808946,-1.5824746088027477,33.805017107374454,-15.955081443505476,3.56155165311864,1.63696727875706,,,,98.9,2414,7.5,813042,669257,518692,669242,571771,605141,669743,681624,606192,53.02,,,,,,,,4,3,4-Seam Fastball,0,0,0,0,0,0,0,0,Standard,Strategic,192,-0.004,0.044,,,,-0.044,,0,0,0.508,0.492,31,28,32,29,1,0,5,1,7,,1.26,0.02,0.02,55.0,,,,,
FF,2025-10-09,94.5,2.16,5.26,"Kelly, Carson",608348,688107,field_out,hit_into_play,,,,,13,"Cubs challenged (play at 1st), call on the field was upheld: Carson Kelly grounds out softly, shortstop Joey Ortiz to first baseman Andrew Vaughn. Seiya Suzuki to 2nd.",D,R,L,CHC,MIL,X,6,ground_ball,3,2,2025,0.54,1.27,-0.955515460616107,2.3248661557327956,,,673548,1,7,Bot,122.66,155.48,,,,,-9.409548958524187,-137.24542828710474,-4.810265680795597,8.926256350793494,30.104238347739987,-15.235590008183518,3.39,1.67,13,54.9,-8,95.3,2368,6.8,813050,661388,683734,668930,702332,687401,694192,663368,686217,53.67,0.044,0.044,0,1,0,0,1,60,6,4-Seam Fastball,5,0,5,0,0,5,5,0,Standard,Standard,139,-0.001,-0.383,,,0.044,0.383,88.0,5,5,0.986,0.986,26,30,26,31,1,3,12,1,5,2,1.29,0.54,-0.54,30.2,,,,,
FF,2025-10-09,101.5,-2.29,5.93,"Hernández, Teoscar",606192,661395,,foul,,,,,12,Foul,D,R,R,LAD,PHI,S,,,1,1,2025,-1.14,0.84,0.03492710455267356,3.6270020167026047,571771,660271,605141,2,7,Bot,,,,,,,9.170945864923727,-147.58932072596923,-3.1667371833511657,-18.75166773494403,34.05854427011504,-19.2896544146128,3.47,1.61,152,84.5,20,101.2,2235,6.1,813042,592663,547180,681082,664761,607208,596146,669016,592206,54.39,,,,,,,,58,3,4-Seam Fastball,1,1,1,1,1,1,1,1,Standard,Standard,228,-0.03,-0.05,72.5,6.8,,0.05,88.0,0,0,0.614,0.614,27,32,27,33,1,3,3,1,,4,1.37,1.14,1.14,35.0,2.3956553434322325,11.280031930190152,18.545649757395953,37.50394931436534,20.618246459978728
CH,2025-10-09,82.9,0.41,5.9,"Bader, Harrison",664056,681911,,foul,,,,,2,Foul,D,R,L,LAD,PHI,S,,,1,1,2025,0.82,0.97,0.20154268949949017,2.760254401688039,,547180,,2,11,Top,,,,,,,-2.0908807369053717,-120.6417268380693,-2.552368542323682,8.415763284894783,25.344222855527573,-22.437367941700117,3.25,1.53,3,57.9,-48,82.5,1872,6.2,813042,669257,518692,669242,571970,605141,571771,681624,606192,54.28,,,,,,,,80,3,Changeup,1,1,1,1,1,1,1,1,Standard,Standard,136,0.027,-0.056,76.0,7.5,,0.056,88.0,0,0,0.538,0.46199999999999997,29,31,29,31,1,0,3,3,7,,2.37,0.82,-0.82,63.0,25.736392344526273,-22.91857584227819,16.608942763487292,35.8947748765753,45.17398877603712
ST,2025-10-09,88.6,2.32,5.4,"Freeman, Freddie",518692,666200,,ball,,,,,13,Ball,D,L,L,LAD,PHI,B,,,0,2,2025,-0.73,-0.32,-1.4927316810505382,0.2941460501720412,,,,0,11,Bot,,,,,,,-7.749932404973659,-128.84182666665995,-5.721835520200883,-6.5270939823779655,26.153656509823012,-34.750354929627065,3.64118539826174,1.71515354852217,,,,88.2,2532,6,813042,592663,547180,681082,664761,607208,642215,596146,592206,54.48,,,,,,,,81,3,Sweeper,1,1,1,1,1,1,1,1,Standard,Standard,326,0.006,0.024,,,,-0.024,,0,0,0.616,0.616,27,35,28,36,1,4,3,1,,4,3.22,-0.73,-0.73,29.0,,,,,
FF,2025-10-09,94.6,2.16,5.5,"Turang, Brice",668930,571510,field_out,hit_into_play,,,,,3,Brice Turang flies out to left fielder Ian Happ.,D,L,L,CHC,MIL,X,7,fly_ball,0,1,2025,0.98,1.18,0.47642389231821125,3.1667743968459225,,,661388,2,1,Top,50.84,87.98,,,,,-6.586040223098832,-137.5004565750959,-2.9733508288679156,13.980824314750643,32.69817090075379,-16.84083342813475,3.46,1.64,331,98.4,39,94.4,2311,6.4,813050,608348,683737,663538,807713,621020,664023,691718,673548,54.12,0.096,0.182,0,1,0,0,3,4,2,4-Seam Fastball,0,0,0,0,0,0,0,0,Standard,Standard,126,0.019,-0.229,,,0.357,0.229,98.4,0,0,0.529,0.471,34,25,34,26,1,0,5,1,,2,1.39,0.98,0.98,23.9,,,,,
SI,2025-10-09,95.2,-1.5,6.24,"Contreras, William",661388,641745,,ball,,,,,13,Ball,D,R,R,CHC,MIL,B,,,0,1,2025,-1.4,0.62,-0.805138079111281,1.0973657543364745,,,592885,1,8,Top,,,,,,,4.944162183332813,-138.28639096549944,-9.143082935468902,-19.098923518718152,32.656416369432634,-22.241326459084053,3.40240484608272,1.52367784430119,,,,94.2,2106,6,813050,608348,683737,663538,807713,621020,664023,691718,673548,54.54,,,,,,,,65,2,Sinker,5,0,0,5,0,5,0,5,Standard,Standard,209,-0.001,0.019,,,,-0.019,,5,-5,0.983,0.017000000000000015,29,27,30,28,1,3,1,1,2,2,1.91,1.4,1.4,47.2,,,,,
FF,2025-10-09,93.9,1.89,6.19,"Ortiz, Joey",687401,519141,,foul,,,,,2,Foul,D,R,L,CHC,MIL,S,,,1,2,2025,0.09,1.64,0.17433037801400558,2.9360452318159616,,,,2,7,Top,,,,,,,-4.596093351373748,-136.59062696650463,-6.241706210089469,2.1551015150569044,32.18621125746945,-10.465590973391771,3.34,1.54,193,73.2,53,92.7,2606,5.8,813050,608348,683737,663538,807713,621020,664023,691718,673548,54.72,,,,,,,,56,4,4-Seam Fastball,4,0,0,4,0,4,0,4,Standard,Standard,164,0,0,,,,0,88.0,4,-4,0.967,0.03300000000000003,36,26,37,27,1,2,1,1,2,2,0.96,0.09,-0.09,39.6,,,,,
SI,2025-10-09,94.8,1.79,5.82,"Edman, Tommy",669242,650911,field_out,hit_into_play,,,,,5,Tommy Edman lines out to left fielder Max Kepler.,D,R,L,LAD,PHI,X,7,line_drive,0,0,2025,1.3,0.26,-0.26922863480540205,2.7880000812514885,,,518692,0,2,Bot,87.96,68.98,,,,,-8.413267781890099,-137.85459679503302,-2.912482808080179,18.384843810431736,27.907548716688297,-28.43554458029309,3.38,1.55,336,98.5,19,96.4,2086,7.1,813042,592663,547180,681082,664761,607208,596146,669016,592206,53.44,0.357,0.436,0,1,0,0,4,13,1,Sinker,0,0,0,0,0,0,0,0,Standard,Standard,124,-0.035,-0.242,73.2,7.4,0.664,0.242,98.5,0,0,0.589,0.589,28,30,29,30,1,0,5,1,,4,2.26,1.3,-1.3,31.0,11.80221520410652,-0.4611472225564172,25.03902404910574,34.83681542958237,27.070613302147542
CH,2025-10-09,81.1,0.6,5.87,"Bader, Harrison",664056,681911,,foul,,,,,12,Foul,D,R,L,LAD,PHI,S,,,1,0,2025,0.6,1.43,0.912923575254933,2.697149894952217,,547180,,2,11,Top,,,,,,,-0.45649913150889,-118.0940629875027,-3.159321997070923,5.6715582528638375,24.307167698250755,-18.486108932459466,3.25,1.53,2,66,-51,80.8,1787,6.2,813042,669257,518692,669242,571970,605141,571771,681624,606192,54.3,,,,,,,,80,2,Changeup,1,1,1,1,1,1,1,1,Standard,Standard,136,0.006,-0.044,74.0,7.4,,0.044,88.0,0,0,0.532,0.46799999999999997,29,31,29,31,1,0,3,3,7,,2.06,0.6,-0.6,61.6,15.760084564926752,-13.00311405816754,15.918806482527186,44.25606397024622,40.176320968425316
ST,2025-10-09,87.6,2.09,5.5,"Freeman, Freddie",518692,666200,,swinging_strike,,,,,7,Swinging Strike,D,L,L,LAD,PHI,S,,,0,1,2025,-0.61,0.01,-0.46111275780763317,1.9529720638841588,,,,0,11,Bot,,,,,,,-4.842828078438339,-127.57290001653467,-2.496137934134678,-5.827033306652476,24.30342739571619,-31.82256376584999,3.7,1.79,,,,87,2422,5.7,813042,592663,547180,681082,664761,607208,642215,596146,592206,54.81,,,,,,,,81,2,Sweeper,1,1,1,1,1,1,1,1,Standard,Standard,324,-0.014,-0.055,68.3,8.1,,0.055,,0,0,0.63,0.63,27,35,28,36,1,4,3,1,,4,2.94,-0.61,-0.61,33.0,33.040636289787635,-25.835050472566873,44.564925256350435,46.19802893164958,44.60705182036592
SL,2025-10-09,87.3,-1.1,5.29,"Castellanos, Nick",592206,686218,,swinging_strike,,,,,6,Swinging Strike,D,R,R,LAD,PHI,S,,,1,1,2025,0.36,0.25,0.5897650640499785,2.751989516485727,,596146,,1,7,Top,,,,,,,3.3258612056609484,-127.13972435178243,-0.503001329518145,3.2865474830984382,25.277242315933893,-29.55065525354181,3.91,1.87,,,,87.8,2451,6.5,813042,669257,518692,669242,571771,605141,669743,681624,606192,54.02,,,,,,,,49,3,Slider,0,0,0,0,0,0,0,0,Standard,Standard,135,0.016,-0.061,70.7,8.8,,0.061,,0,0,0.466,0.534,25,33,26,33,1,2,3,1,15,,2.73,-0.36,-0.36,30.2,27.973188074059845,-39.141518605934074,30.5881776922806,44.42161035018149,51.617534439297856
CU,2025-10-09,82.7,-1.51,5.88,"Bohm, Alec",664761,607192,,blocked_ball,,,,,13,Ball In Dirt,D,R,R,LAD,PHI,B,,,1,0,2025,0.4,-1.59,-0.05803425045545235,0.0637065862583972,656941,,,2,1,Top,,,,,,,2.5793925924959487,-120.27506081420262,-3.6013644575360155,3.268004857298729,26.49583740551691,-46.9199582862266,3.56663317443328,1.61605372228929,,,,83.7,2794,7.3,813042,669257,518692,669242,571771,605141,669743,681624,606192,53.19,,,,,,,,4,2,Curveball,0,0,0,0,0,0,0,0,Standard,Strategic,9,-0.002,0.024,,,,-0.024,,0,0,0.51,0.49,31,28,32,29,1,0,5,1,7,,4.97,-0.4,-0.4,58.9,,,,,
FS,2025-10-09,88,-1.88,6.06,"Realmuto, J.T.",592663,808963,,ball,,,,,13,Ball,D,R,R,LAD,PHI,B,,,0,2,2025,-0.6,-0.74,-1.329095741056245,2.1300945104004323,,,,1,9,Top,,,,,,,2.622406840734087,-128.17152014566938,-1.8951305249002948,-7.129903991249709,27.29844485951643,-40.17372619682642,3.5796040049442,1.71552968369106,,,,89.4,604,7.2,813042,669257,518692,669242,571771,605141,681624,681909,606192,53.32,,,,,,,,66,4,Split-Finger,1,1,1,1,1,1,1,1,Standard,Standard,293,-0.005,0.017,,,,-0.017,,0,0,0.577,0.42300000000000004,23,34,24,34,1,3,3,1,4,,3.69,0.6,0.6,46.5,,,,,
FF,2025-10-09,94,2.23,5.39,"Kelly, Carson",608348,688107,,ball,,,,,12,Ball,D,R,L,CHC,MIL,B,,,2,2,2025,0.58,0.9,0.9596516864820378,3.3773189804248904,,,673548,1,7,Bot,,,,,,,-4.611127869604979,-136.90391644119777,-1.5288848703504931,8.283666035682309,29.745687758796347,-20.674983962202077,3.25698565655753,1.57263441949436,,,,94.6,2328,6.6,813050,661388,683734,668930,702332,687401,694192,663368,686217,53.95,,,,,,,,60,5,4-Seam Fastball,5,0,5,0,0,5,5,0,Standard,Standard,145,0,0.098,,,,-0.098,,5,5,0.986,0.986,26,30,26,31,1,3,12,1,5,2,1.67,0.58,-0.58,28.5,,,,,
CU,2025-10-09,85.5,0.28,6.47,"Suzuki, Seiya",673548,676879,strikeout,swinging_strike_blocked,,,,,13,Seiya Suzuki strikes out swinging.,D,R,L,CHC,MIL,S,2,,3,2,2025,-0.28,-1.5,-1.1938315380535363,0.6226958999140897,807713,663538,663656,1,5,Bot,,,,,,,-2.8646523461675257,-124.4209694822335,-4.311012146461969,-2.213406605620246,29.93045852638691,-46.74676635825455,3.15,1.42,,,,83.7,2663,5.6,813050,661388,683734,668930,702332,687401,694192,663368,686217,54.93,,0,0,1,0,0,,42,7,Curveball,3,0,3,0,0,3,3,0,Standard,Standard,340,-0.034,-0.342,,,,0.342,,3,3,0.927,0.927,27,30,27,31,1,2,3,1,2,2,4.67,-0.28,0.28,55.1,,,,,
CH,2025-10-09,88.4,-3.76,5.17,"Tucker, Kyle",663656,642547,,ball,,,,,14,Ball,D,L,R,CHC,MIL,B,,,2,0,2025,-1.42,0.45,0.052026990292736386,0.8391434745287931,,,663538,1,1,Bot,,,,,,,12.310226342159199,-128.03707138618756,-5.3655740913247545,-18.27932184628671,27.914982669563244,-26.1546528683785,3.29816399528706,1.56358593419979,,,,88.5,2179,6.7,813050,661388,683734,668930,702332,687401,694192,663368,686217,53.78,,,,,,,,7,3,Changeup,0,0,0,0,0,0,0,0,Infield shade,Standard,250,0.011,0.097,,,,-0.097,,0,0,0.562,0.562,29,28,29,28,1,0,5,1,5,2,2.5,1.42,-1.42,32.5,,,,,
FF,2025-10-09,100.6,-2.21,5.91,"Hernández, Teoscar",606192,661395,,swinging_strike,,,,,11,Swinging Strike,D,R,R,LAD,PHI,S,,,1,0,2025,-1.12,1.11,-0.5478326367110895,3.8320259705201467,571771,660271,605141,2,7,Bot,,,,,,,7.2410076146971125,-146.35102802139986,-3.013991424140875,-17.79362697973539,35.980389451467715,-15.7627569185435,3.47,1.61,,,,100,2240,6.1,813042,592663,547180,681082,664761,607208,596146,669016,592206,54.41,,,,,,,,58,2,4-Seam Fastball,1,1,1,1,1,1,1,1,Standard,Standard,231,-0.025,-0.035,47.8,6.1,,0.035,,0,0,0.639,0.639,27,32,27,33,1,3,3,1,,4,1.15,1.12,1.12,33.1,3.366361297652433,23.534361317435085,23.59123221460186,31.355521951459497,16.186800168039298
CH,2025-10-09,86.6,1.78,5.84,"Freeman, Freddie",518692,650911,single,hit_into_play,,,,,9,Freddie Freeman singles on a line drive to center fielder Brandon Marsh.,D,L,L,LAD,PHI,X,8,line_drive,2,2,2025,1.4,0.17,0.413321333757831,2.2375365418276445,,,,0,2,Bot,150.57,86.8,,,,,-6.190983239166434,-125.9535022493142,-2.734491964331731,16.21217762208698,26.044191610314765,-30.02071799721988,3.7,1.79,211,85.8,15,87.3,1896,6.8,813042,592663,547180,681082,664761,607208,596146,669016,592206,53.69,0.967,0.908,0.9,1,1,0,4,12,5,Changeup,0,0,0,0,0,0,0,0,Strategic,Standard,106,0.041,0.465,70.4,7.0,1.089,-0.465,88.0,0,0,0.548,0.548,28,35,29,36,1,0,5,1,,4,2.88,1.4,1.4,33.8,0.1214902836303989,3.7690498953557134,43.76019898920191,36.531672925719946,26.406337722585718
SI,2025-10-09,99.9,-2.34,5.91,"Hernández, Teoscar",606192,661395,,ball,,,,,12,Ball,D,R,R,LAD,PHI,B,,,0,0,2025,-1.3,0.41,1.2888503773104452,2.9864422433976823,571771,660271,605141,2,7,Bot,,,,,,,12.999820207616352,-144.89568153755883,-3.61078000195776,-21.332633800624475,32.96433920980664,-25.72259143511874,3.47455175227784,1.54291473173885,,,,99.6,2047,6.3,813042,592663,547180,681082,664761,607208,596146,669016,592206,54.24,,,,,,,,58,1,Sinker,1,1,1,1,1,1,1,1,Standard,Standard,235,0.019,0.032,,,,-0.032,,0,0,0.62,0.62,27,32,27,33,1,3,3,1,,4,1.88,1.3,1.3,33.9,,,,,
CU,2025-10-09,84,0.36,6.52,"Suzuki, Seiya",673548,676879,,ball,,,,,12,Ball,D,R,L,CHC,MIL,B,,,2,2,2025,-0.46,-1.3,1.1145058957898444,2.4926363573954293,807713,663538,663656,1,5,Bot,,,,,,,2.6283600757479992,-122.27957921400578,-0.2856576323508455,-5.166955083525033,27.335972095376516,-45.252097390612214,3.01196888020472,1.3551106640937,,,,82.5,2555,5.5,813050,661388,683734,668930,702332,687401,694192,663368,686217,54.95,,,,,,,,42,6,Curveball,3,0,3,0,0,3,3,0,Standard,Standard,338,0.009,0.069,,,,-0.069,,3,3,0.918,0.918,27,30,27,31,1,2,3,1,2,2,4.56,-0.46,0.46,55.2,,,,,
ST,2025-10-09,86.8,2.26,5.49,"Freeman, Freddie",518692,666200,,called_strike,,,,,5,Called Strike,D,L,L,LAD,PHI,S,,,0,0,2025,-0.75,-0.02,0.006634593185657622,2.5911526558392364,,,,0,11,Bot,,,,,,,-3.8344701774471823,-126.37948515738697,-0.7411198117385459,-7.292073892148264,25.019361951894492,-32.445142490599636,3.70344234248228,1.61341845464338,,,,86.2,2357,5.8,813042,592663,547180,681082,664761,607208,642215,596146,592206,54.69,,,,,,,,81,1,Sweeper,1,1,1,1,1,1,1,1,Standard,Standard,317,-0.009,-0.039,,,,0.039,,0,0,0.639,0.639,27,35,28,36,1,4,3,1,,4,3.03,-0.75,-0.75,28.8,,,,,
SL,2025-10-09,85.9,0.16,6.15,"Bader, Harrison",664056,681911,,ball,,,,,14,Ball,D,R,L,LAD,PHI,B,,,0,0,2025,-0.43,0.51,1.4437484962361458,0.9222217281066114,,,547180,2,11,Top,,,,,,,3.911125603925089,-124.98972012054811,-7.180733569495863,-5.320915698013835,24.12811787032452,-25.610674797881238,3.27221097738757,1.62601597789434,,,,86.1,2401,6.3,813042,669257,518692,669242,571970,605141,571771,681624,606192,54.18,,,,,,,,80,1,Slider,1,1,1,1,1,1,1,1,Standard,Standard,198,-0.042,0.035,,,,-0.035,,0,0,0.574,0.42600000000000005,29,31,29,31,1,0,3,3,7,,2.57,-0.43,0.43,70.6,,,,,
SL,2025-10-09,85.7,-1.32,6.42,"Contreras, William",661388,641745,,foul,,,,,4,Foul,D,R,R,CHC,MIL,S,,,0,0,2025,0.68,-0.63,-0.583768471792291,2.7887608361422966,,,592885,1,8,Top,,,,,,,0.3627201140166639,-124.79864120663454,-1.03066203374809,7.037563469617665,25.408966907506123,-38.77122562410218,3.44,1.62,228,91.5,10,85,2711,5.8,813050,608348,683737,663538,807713,621020,664023,691718,673548,54.68,,,,,,,,65,1,Slider,5,0,0,5,0,5,0,5,Standard,Standard,67,0.001,-0.04,,,,0.04,91.5,5,-5,0.982,0.018000000000000016,29,27,30,28,1,3,1,1,2,2,3.73,-0.68,-0.68,54.0,,,,,
FF,2025-10-09,92.4,1.71,5.34,"Pages, Andy",681624,621381,field_out,hit_into_play,,,,,1,Andy Pages flies out to left fielder Max Kepler.,D,R,L,LAD,PHI,X,7,fly_ball,0,2,2025,0.65,1.66,-0.6272525787150248,3.359690929055235,,,,2,9,Bot,50.92,115.93,,,,,-7.367280538296507,-134.36041230690157,-2.802832937944843,9.521215062726974,30.198410006081424,-11.698123620544223,3.52,1.6,276,81.3,41,92.1,2457,6.2,813042,592663,547180,681082,664761,607208,596146,669016,592206,54.27,0.025,0.028,0,1,0,0,3,70,4,4-Seam Fastball,1,1,1,1,1,1,1,1,Standard,Standard,135,-0.022,-0.16,74.3,7.7,0.04,0.16,88.0,0,0,0.522,0.522,33,24,34,25,1,3,3,1,,4,1.02,0.65,-0.65,31.6,15.805904622528558,-14.614681463576106,33.05299818720018,29.156775235816262,35.211095066459116
SI,2025-10-09,97.2,-1.61,5.78,"Bohm, Alec",664761,607192,,ball,,,,,14,Ball,D,R,R,LAD,PHI,B,,,0,0,2025,-1.25,0.9,0.8774307774799672,0.7824846459531958,656941,,,2,1,Top,,,,,,,9.775503288206007,-141.00634083480645,-10.15535257950812,-18.91123982480807,30.415489424816414,-17.962112158197527,3.49063651066092,1.59219817297882,,,,99.6,2586,7.7,813042,669257,518692,669242,571771,605141,669743,681624,606192,52.83,,,,,,,,4,1,Sinker,0,0,0,0,0,0,0,0,Standard,Standard,194,-0.001,0.028,,,,-0.028,,0,0,0.511,0.489,31,28,32,29,1,0,5,1,7,,1.51,1.25,1.25,53.3,,,,,
CH,2025-10-09,88.6,-3.8,5.2,"Tucker, Kyle",663656,642547,,ball,,,,,11,Ball,D,L,R,CHC,MIL,B,,,1,0,2025,-1.48,0.5,-1.603812230520409,2.7363975911810896,,,663538,1,1,Bot,,,,,,,8.532919338869439,-128.71744496971831,-0.9359550289486858,-18.258696615858454,28.441415499458362,-26.703352314014197,3.3326153048577,1.59826434695336,,,,89,2183,6.8,813050,661388,683734,668930,702332,687401,694192,663368,686217,53.75,,,,,,,,7,2,Changeup,0,0,0,0,0,0,0,0,Infield shade,Standard,251,0.007,0.068,,,,-0.068,,0,0,0.555,0.555,29,28,29,28,1,0,5,1,5,2,2.43,1.48,-1.48,30.6,,,,,
KC,2025-10-09,86.5,1.83,6.17,"Ortiz, Joey",687401,519141,,ball,,,,,13,Ball,D,R,L,CHC,MIL,B,,,0,2,2025,-0.26,-0.97,-1.1823007359411932,0.6387515413883209,,,,2,7,Top,,,,,,,-6.549489363588076,-125.7458410285718,-4.895696664373513,-1.3136675864206682,27.78099641616216,-41.5375016108423,3.34423855254229,1.48206000671313,,,,85.1,2386,5.6,813050,608348,683737,663538,807713,621020,664023,691718,673548,54.89,,,,,,,,56,3,Knuckle Curve,4,0,0,4,0,4,0,4,Standard,Standard,340,-0.001,0.022,,,,-0.022,,4,-4,0.968,0.03200000000000003,36,26,37,27,1,2,1,1,2,2,4.05,-0.26,0.26,38.6,,,,,
KC,2025-10-09,86.2,-0.1,6.63,"Hoerner, Nico",663538,656730,single,hit_into_play,,,,,14,Nico Hoerner singles on a line drive to right fielder Sal Frelick. Matt Shaw to 2nd.,D,R,R,CHC,MIL,X,9,line_drive,1,2,2025,0.28,-0.44,0.5606253712699906,1.3077183768399636,,,807713,1,5,Bot,168,124.66,,,,,1.016727420032764,-125.56448785955442,-5.612111000172045,2.7608733691163896,23.79674346120802,-35.97732602402982,3.3,1.57,248,83.9,18,87,2702,6.6,813050,661388,683734,668930,702332,687401,694192,663368,686217,53.9,0.929,0.89,0.9,1,1,0,4,40,5,Knuckle Curve,3,0,3,0,0,3,3,0,Standard,Standard,14,0.018,0.483,,,1.071,-0.483,88.0,3,3,0.881,0.881,31,28,32,28,1,2,3,1,2,2,3.48,-0.28,-0.28,55.8,,,,,
FS,2025-10-09,89,-1.89,6.22,"Realmuto, J.T.",592663,808963,,foul,,,,,11,Foul,D,R,R,LAD,PHI,S,,,0,2,2025,-0.53,-0.1,-1.3594078581858362,3.323741136590394,,,,1,9,Top,,,,,,,2.4508324144626794,-129.67714804786146,-0.850437553375624,-6.446004919148073,27.436366423172352,-33.3692712565518,3.63,1.7,131,67.6,14,90.5,622,7.1,813042,669257,518692,669242,571771,605141,681624,681909,606192,53.35,,,,,,,,66,3,Split-Finger,1,1,1,1,1,1,1,1,Standard,Standard,300,0,0,60.8,5.4,,0,88.0,0,0,0.577,0.42300000000000004,23,34,24,34,1,3,3,1,4,,2.98,0.53,0.53,46.3,-4.670980622679231,19.978444875814606,28.01301410235603,18.40014134674155,25.763597484708228
ST,2025-10-09,83.4,2.37,5.24,"Kelly, Carson",608348,688107,,foul,,,,,4,Foul,D,R,L,CHC,MIL,S,,,2,1,2025,-1.26,0.69,-0.7024480289048158,2.4449725597727108,,,673548,1,7,Bot,,,,,,,-4.5944244057957215,-121.28926196655094,-1.2524671614244527,-11.374894741099427,26.284101108712402,-25.4189207323471,3.39,1.67,393,109.2,36,83.5,2609,6.7,813050,661388,683734,668930,702332,687401,694192,663368,686217,53.85,,,,,,,,60,4,Sweeper,5,0,5,0,0,5,5,0,Standard,Standard,271,0,-0.075,,,,0.075,109.2,5,5,0.986,0.986,26,30,26,31,1,3,12,1,5,2,2.62,-1.26,1.26,26.6,,,,,
FF,2025-10-09,95.9,-0.96,5.58,"Castellanos, Nick",592206,686218,,foul,,,,,11,Foul,D,R,R,LAD,PHI,S,,,1,0,2025,-0.82,1.66,-1.2037807259224702,4.011429170143034,,596146,,1,7,Top,,,,,,,1.2208286599873008,-139.6182695007161,-2.24995288204613,-10.947268218409313,35.2252030326214,-10.331088629334744,3.91,1.87,133,58.8,62,96,2448,6.6,813042,669257,518692,669242,571771,605141,669743,681624,606192,53.91,,,,,,,,49,2,4-Seam Fastball,0,0,0,0,0,0,0,0,Standard,Standard,209,0.006,-0.042,58.3,5.9,,0.042,88.0,0,0,0.46,0.54,25,33,26,33,1,2,3,1,15,,0.84,0.82,0.82,38.1,2.177195986329934,9.745835841051798,31.595345886612336,23.357745265259165,19.820025588321467
FF,2025-10-09,94.2,2.19,5.38,"Turang, Brice",668930,571510,,foul,,,,,7,Foul,D,L,L,CHC,MIL,S,,,0,0,2025,1.35,1.04,-0.817558582953896,1.8387373645411016,,,661388,2,1,Top,,,,,,,-10.780645181726936,-136.69865329640322,-5.755951942641548,19.293849870202447,30.706582543017824,-18.027666020285476,3.46,1.64,194,68.7,41,94,2400,6.4,813050,608348,683737,663538,807713,621020,664023,691718,673548,54.13,,,,,,,,4,1,4-Seam Fastball,0,0,0,0,0,0,0,0,Standard,Standard,121,0.003,-0.042,,,,0.042,88.0,0,0,0.526,0.474,34,25,34,26,1,0,5,1,,2,1.55,1.35,1.35,23.3,,,,,
SL,2025-10-09,88,-1.23,5.17,"Castellanos, Nick",592206,686218,,ball,,,,,11,Ball,D,R,R,LAD,PHI,B,,,0,0,2025,0.38,0.53,-0.9663920072091854,4.564302520271456,,596146,,1,7,Top,,,,,,,-0.1618586484079973,-128.1779877859953,3.5267335479989486,4.274139947614888,25.801880192440013,-27.22689843131336,3.89835130521386,1.96690817948702,,,,88.4,2283,6.4,813042,669257,518692,669242,571771,605141,669743,681624,606192,54.06,,,,,,,,49,1,Slider,0,0,0,0,0,0,0,0,Standard,Standard,187,-0.003,0.028,,,,-0.028,,0,0,0.463,0.5369999999999999,25,33,26,33,1,2,3,1,15,,2.4,-0.38,-0.38,27.0,,,,,
FF,2025-10-09,92.6,1.86,6.17,"Ortiz, Joey",687401,519141,,foul_tip,,,,,2,Foul Tip,D,R,L,CHC,MIL,S,,,0,1,2025,0.1,1.75,0.24639653777857204,2.999577349166167,,,,2,7,Top,,,,,,,-4.284477242169239,-134.6222558156501,-6.010033462499735,2.177143494028417,31.350289096173377,-9.790305654995723,3.34,1.54,,,,91.2,2676,5.7,813050,608348,683737,663538,807713,621020,664023,691718,673548,54.82,,,,,,,,56,2,4-Seam Fastball,4,0,0,4,0,4,0,4,Standard,Standard,166,0.001,-0.057,,,,0.057,,4,-4,0.967,0.03300000000000003,36,26,37,27,1,2,1,1,2,2,0.93,0.1,-0.1,37.3,,,,,
FF,2025-10-09,93.7,2.23,5.57,"Contreras, William",661388,571510,force_out,hit_into_play,,,,,5,"William Contreras grounds into a force out, shortstop Dansby Swanson to second baseman Nico Hoerner. Christian Yelich out at 2nd. William Contreras to 1st.",D,R,L,CHC,MIL,X,6,ground_ball,0,1,2025,1.34,0.81,-0.22315660607540688,2.4382048901440823,,,592885,1,1,Top,113.25,151.11,,,,,-9.285803885096273,-136.0910485744971,-4.119549381567349,18.69419301029979,30.419837655552005,-21.391049331140085,3.44,1.62,2,65.3,-56,93.5,2372,6.3,813050,608348,683737,663538,807713,621020,664023,691718,673548,54.2,0.258,0.235,0,1,0,0,2,3,2,4-Seam Fastball,0,0,0,0,0,0,0,0,Standard,Standard,119,0.024,-0.278,,,0.258,0.278,88.0,0,0,0.502,0.498,34,27,34,28,1,0,5,1,,2,1.8,1.34,-1.34,24.6,,,,,
CH,2025-10-09,89.8,2.33,5.21,"Kelly, Carson",608348,688107,,blocked_ball,,,,,13,Ball In Dirt,D,R,L,CHC,MIL,B,,,1,1,2025,1.67,0.25,-0.9688452671287011,0.4273911202419076,,,673548,1,7,Bot,,,,,,,-11.747250472047163,-130.0615857980774,-6.330082887861231,21.498762949444906,29.24426450485275,-28.039110122904876,3.21920153947418,1.58831169552477,,,,89.9,2086,6.7,813050,661388,683734,668930,702332,687401,694192,663368,686217,53.75,,,,,,,,60,3,Changeup,5,0,5,0,0,5,5,0,Strategic,Standard,109,0,0.063,,,,-0.063,,5,5,0.986,0.986,26,30,26,31,1,3,12,1,5,2,2.62,1.67,-1.67,29.3,,,,,
SI,2025-10-09,94.6,1.7,5.9,"Freeman, Freddie",518692,650911,,swinging_strike,,,,,3,Swinging Strike,D,L,L,LAD,PHI,S,,,2,1,2025,1.44,0.33,0.7932469086391747,3.419529311075996,,,,0,2,Bot,,,,,,,-5.634771112324536,-137.65369878287368,-1.5368746623176313,19.60533042034672,29.654627093678137,-27.87583856004132,3.7,1.79,,,,95.5,2073,6.7,813042,592663,547180,681082,664761,607208,596146,669016,592206,53.78,,,,,,,,12,4,Sinker,0,0,0,0,0,0,0,0,Strategic,Standard,120,-0.007,-0.073,63.9,4.9,,0.073,,0,0,0.555,0.555,28,35,29,36,1,0,5,1,,4,2.21,1.44,1.44,30.9,-16.028760308820544,38.39272091961268,38.60995296595295,32.54444414113217,9.17039347034249
FF,2025-10-09,93.3,0.24,5.95,"Bohm, Alec",664761,681911,field_out,hit_into_play,,,,,3,Alec Bohm lines out sharply to center fielder Andy Pages.,D,R,L,LAD,PHI,X,8,line_drive,0,0,2025,0.45,1.57,0.4908029230432801,3.0291918400678584,,,547180,1,11,Top,114.4,43.93,,,,,-0.3635274986224367,-135.71654822902306,-5.1499548664587165,5.632062641620535,32.47976409581937,-11.930883167814512,3.55,1.62,384,106.2,20,93.2,2488,6.5,813042,669257,518692,669242,571970,605141,571771,681624,606192,54.05,0.585,0.9753409090909091,0,1,0,0,6,79,1,4-Seam Fastball,1,1,1,1,1,1,1,1,Standard,Standard,163,0.074,-0.256,74.9,7.5,1.811,0.256,106.2,0,0,0.5,0.5,29,28,29,29,1,4,3,1,7,,1.07,0.45,-0.45,67.4,12.27613344783955,3.7405947804282644,25.46839097153629,43.62696623646606,27.902659411706832
FF,2025-10-09,94.9,-3.44,5.55,"Tucker, Kyle",663656,642547,,ball,,,,,11,Ball,D,L,R,CHC,MIL,B,,,0,0,2025,-0.28,1.44,-1.0127735052446294,3.4900188410610724,,,663538,1,1,Bot,,,,,,,7.0186221516543394,-138.0415224766818,-2.952171634124691,-5.183629206771215,30.96810840201591,-13.343597646638246,3.35128011210332,1.47033553178308,,,,95.3,2553,6.6,813050,661388,683734,668930,702332,687401,694192,663368,686217,53.92,,,,,,,,7,1,4-Seam Fastball,0,0,0,0,0,0,0,0,Infield shade,Standard,206,0.004,0.035,,,,-0.035,,0,0,0.551,0.551,29,28,29,28,1,0,5,1,5,2,1.1,0.28,-0.28,40.7,,,,,
FF,2025-10-09,97.7,0.18,6.7,"Hoerner, Nico",663538,656730,,ball,,,,,12,Ball,D,R,R,CHC,MIL,B,,,0,2,2025,-0.09,1.7,2.021127232568369,3.6535373811788228,,,807713,1,5,Bot,,,,,,,5.1945119706039735,-142.04529301107306,-6.595100499725814,-2.5338478620203304,35.23265013775229,-7.894674925734718,3.16336288025936,1.48984105007479,,,,97.9,2481,6.6,813050,661388,683734,668930,702332,687401,694192,663368,686217,53.89,,,,,,,,40,4,4-Seam Fastball,3,0,3,0,0,3,3,0,Standard,Standard,202,0.001,0.01,,,,-0.01,,3,3,0.88,0.88,31,28,32,28,1,2,3,1,2,2,0.71,0.09,0.09,56.0,,,,,
FF,2025-10-09,91.6,1.75,5.24,"Pages, Andy",681624,621381,,foul,,,,,9,Foul,D,R,L,LAD,PHI,S,,,0,2,2025,1.15,1.44,0.5612939292680252,1.8948652636535361,,,,2,9,Bot,,,,,,,-5.497144825294251,-133.11395967713952,-5.650667845253672,14.831259321650379,30.519267516485087,-14.006577829371722,3.52,1.6,184,69.8,24,91.5,2471,6.4,813042,592663,547180,681082,664761,607208,596146,669016,592206,54.07,,,,,,,,70,3,4-Seam Fastball,1,1,1,1,1,1,1,1,Standard,Standard,135,0,0,72.6,8.2,,0,88.0,0,0,0.522,0.522,33,24,34,25,1,3,3,1,,4,1.3,1.15,-1.15,30.3,9.535073901047298,-4.34898426296734,46.35150442133629,43.557883915283526,32.9719458203954
FF,2025-10-09,95,-1.39,6.3,"Chourio, Jackson",694192,641745,field_out,hit_into_play,,,,,5,Jackson Chourio flies out to right fielder Seiya Suzuki.,D,R,R,CHC,MIL,X,9,fly_ball,3,1,2025,-0.11,1.4,0.10088441830745126,2.160027649227525,,,592885,0,8,Top,196.49,84.4,,,,,4.1119743923639795,-138.1264788811307,-8.221685023697823,-2.3550924232138395,31.580456596787492,-12.660161950384794,3.37,1.6,332,98.9,33,94.2,2430,5.9,813050,608348,683737,663538,807713,621020,664023,691718,673548,54.58,0.379,0.7474545454545454,0,1,0,0,5,64,5,4-Seam Fastball,5,0,0,5,0,5,0,5,Standard,Standard,201,0.025,-0.394,,,1.462,0.394,98.9,5,-5,0.957,0.04300000000000004,29,21,30,21,1,3,1,1,2,2,1.14,0.11,0.11,47.0,,,,,
ST,2025-10-09,90,2.37,5.33,"Hernández, Teoscar",606192,666200,strikeout,swinging_strike_blocked,,,,,13,Teoscar Hernández strikes out swinging.,D,R,L,LAD,PHI,S,2,,1,2,2025,-0.68,-0.11,-1.5347567009965606,0.6255059581625781,,,,2,10,Bot,,,,,,,-8.19129173937294,-130.81396307238157,-5.395437008288076,-5.9467533538541195,28.89527555425877,-32.388349593733686,3.47,1.61,,,,89.2,2566,5.9,813042,592663,547180,681082,664761,607208,596146,669016,592206,54.56,,0,0,1,0,0,,76,4,Sweeper,1,1,1,1,1,1,1,1,Standard,Standard,334,-0.025,-0.182,34.9,6.6,,0.182,,0,0,0.525,0.525,27,32,28,33,1,4,3,1,,4,2.94,-0.68,0.68,26.8,1.933929347973929,27.41879743279425,37.50008016102995,18.849614439430347,18.77984061310096
FS,2025-10-09,89.2,-1.94,6.08,"Realmuto, J.T.",592663,808963,,swinging_strike,,,,,13,Swinging Strike,D,R,R,LAD,PHI,S,,,0,1,2025,-0.32,-0.26,-0.4997062661090865,0.5120295337998617,,,,1,9,Top,,,,,,,4.303553167312291,-129.7493169722968,-7.241157442864668,-4.518517600748134,27.117535082107718,-33.81691252016429,3.63,1.7,,,,90.8,765,7.3,813042,669257,518692,669242,571771,605141,681624,681909,606192,53.22,,,,,,,,66,2,Split-Finger,1,1,1,1,1,1,1,1,Standard,Standard,281,0.012,-0.052,37.9,7.4,,0.052,,0,0,0.565,0.43500000000000005,23,34,24,34,1,3,3,1,4,,3.13,0.32,0.32,46.3,9.920221013479651,9.588284051708293,46.66131514314889,29.26933280744656,26.77395678301723
CU,2025-10-09,81.1,-1.47,5.97,"Harper, Bryce",547180,607192,field_out,hit_into_play,,,,,7,"Bryce Harper grounds out softly, first baseman Freddie Freeman to pitcher Tyler Glasnow. Kyle Schwarber to 3rd.",D,L,R,LAD,PHI,X,3,ground_ball,0,0,2025,0.17,-1.15,-0.8057275864165157,1.9449521529224154,,656941,,1,1,Top,151.78,162.86,,,,,1.1763110096158973,-118.11361369550873,-0.11382416634008075,1.3610657073141739,24.595011920636217,-43.05109534967329,3.17,1.63,5,66.2,-22,82.4,2699,7.3,813042,669257,518692,669242,571771,605141,669743,681624,606192,53.2,0.043,0.044,0,1,0,0,2,3,1,Curveball,0,0,0,0,0,0,0,0,Standard,Standard,12,0.03,-0.259,72.8,7.9,0.044,0.259,88.0,0,0,0.481,0.519,31,32,32,33,1,0,5,1,7,,4.63,-0.17,0.17,57.9,15.729667653525489,-4.248252069455862,34.829323201266924,46.43885378310987,36.45323864412972
FF,2025-10-09,98.7,0.43,6.73,"Suzuki, Seiya",673548,676879,,ball,,,,,12,Ball,D,R,L,CHC,MIL,B,,,1,2,2025,0.65,1.35,0.14786629762898268,5.282922252137825,807713,663538,663656,1,5,Bot,,,,,,,-2.23197736975377,-143.75870386001304,-1.5801985223549844,9.537763216254826,36.13474137874231,-13.354158428589873,3.0802077445124,1.43142367857654,,,,96.6,2257,5.2,813050,661388,683734,668930,702332,687401,694192,663368,686217,55.25,,,,,,,,42,5,4-Seam Fastball,3,0,3,0,0,3,3,0,Standard,Standard,152,0.005,0.05,,,,-0.05,,3,3,0.913,0.913,27,30,27,31,1,2,3,1,2,2,1,0.65,-0.65,59.7,,,,,
FF,2025-10-09,101.4,-2.22,5.9,"Betts, Mookie",605141,661395,walk,ball,,,,,11,Mookie Betts walks. Justin Dean scores. Enrique Hernández to 3rd. Shohei Ohtani to 2nd.,D,R,R,LAD,PHI,B,,,3,2,2025,-1.02,1.18,-0.2859460476171858,3.56641013843152,681909,571771,660271,2,7,Bot,,,,,,,7.8227004997227745,-147.54246510769053,-4.059428685269146,-16.715052169965332,34.43939088887205,-14.151005901328945,3.19730524150933,1.50893567648391,,,,101.3,2210,6.2,813042,592663,547180,681082,664761,607208,596146,669016,592206,54.32,,0.691497,0.7,1,0,0,,57,6,4-Seam Fastball,0,1,0,1,1,1,1,1,Standard,Standard,231,0.175,0.301,,,,-0.301,,-1,-1,0.445,0.445,27,32,27,33,1,3,3,1,,4,1.03,1.02,1.02,35.2,,,,,
CU,2025-10-09,73.1,2.21,5.88,"Contreras, William",661388,571510,,called_strike,,,,,4,Called Strike,D,R,L,CHC,MIL,S,,,0,0,2025,-0.92,-0.77,-0.6807026207564798,2.416006333526247,,,592885,1,1,Top,,,,,,,-4.221523791095962,-106.39548537408214,1.7195960622127648,-6.201245567018111,19.11508997967052,-38.575470389830656,3.21779554383929,1.49287319539129,,,,72.6,2375,6,813050,608348,683737,663538,807713,621020,664023,691718,673548,54.51,,,,,,,,3,1,Curveball,0,0,0,0,0,0,0,0,Standard,Standard,311,0.004,-0.04,,,,0.04,,0,0,0.498,0.502,34,27,34,28,1,0,5,1,,2,5.05,-0.92,0.92,31.8,,,,,
FF,2025-10-09,93.9,0.16,5.92,"Harper, Bryce",547180,681911,walk,ball,,,,,11,Bryce Harper walks.,D,L,L,LAD,PHI,B,,,3,2,2025,0.49,1.69,-0.6729733490426151,4.0424125914567455,,,,1,11,Top,,,,,,,-3.2534116819259347,-136.64196429966654,-2.876435439754497,6.848428699571664,31.344224883540704,-10.580835559856487,3.30014029531524,1.72773050755909,,,,93.8,2605,6.3,813042,669257,518692,669242,571970,605141,571771,681624,606192,54.15,,0.691497,0.7,1,0,0,,78,7,4-Seam Fastball,1,1,1,1,1,1,1,1,Strategic,Standard,165,-0.049,0.339,,,,-0.339,,0,0,0.549,0.45099999999999996,29,32,29,33,1,4,3,1,7,,0.9,0.49,0.49,68.4,,,,,
ST,2025-10-09,87.5,2.37,5.28,"Hernández, Teoscar",606192,666200,,swinging_strike,,,,,5,Swinging Strike,D,R,L,LAD,PHI,S,,,1,1,2025,-0.8,0.06,-0.027032954883569493,2.3993925284816764,,,,2,10,Bot,,,,,,,-4.133396781772136,-127.46283188611763,-0.9715880698736307,-7.888784909801314,25.034056326841974,-31.52803170075487,3.47,1.61,,,,87.2,2517,6,813042,592663,547180,681082,664761,607208,596146,669016,592206,54.54,,,,,,,,76,3,Sweeper,1,1,1,1,1,1,1,1,Standard,Standard,315,-0.009,-0.062,78.5,8.3,,0.062,,0,0,0.534,0.534,27,32,28,33,1,4,3,1,,4,2.9,-0.8,0.8,23.7,16.609550730915533,-8.705345939912865,32.67520474007314,38.661633641375666,36.44833081728593
FF,2025-10-09,98,0.11,6.65,"Hoerner, Nico",663538,656730,,foul,,,,,3,Foul,D,R,R,CHC,MIL,S,,,0,2,2025,-0.15,1.6,0.5375975009567631,3.4135838450821265,,,807713,1,5,Bot,,,,,,,1.4999230054162604,-142.53128680039566,-6.961316696832004,-2.3813837525565162,34.20777241938693,-9.042197965823355,3.3,1.57,,91.1,19,98.4,2493,6.7,813050,661388,683734,668930,702332,687401,694192,663368,686217,53.85,,,,,,,,40,3,4-Seam Fastball,3,0,3,0,0,3,3,0,Standard,Standard,192,0,0,,,,0,91.1,3,3,0.88,0.88,31,28,32,28,1,2,3,1,2,2,0.79,0.15,0.15,53.6,,,,,
FF,2025-10-09,92.8,1.92,6.18,"Ortiz, Joey",687401,519141,,called_strike,,,,,2,Called Strike,D,R,L,CHC,MIL,S,,,0,0,2025,0.24,1.74,0.1668034547734405,3.1145403349139276,,,,2,7,Top,,,,,,,-4.947231798794321,-134.97334294167703,-5.719679861529966,4.062816768167585,32.306046356920376,-9.945489846727353,3.27191575630166,1.51516785262627,,,,91.3,2652,5.6,813050,608348,683737,663538,807713,621020,664023,691718,673548,54.87,,,,,,,,56,1,4-Seam Fastball,4,0,0,4,0,4,0,4,Standard,Standard,169,0.001,-0.043,,,,0.043,,4,-4,0.966,0.03400000000000003,36,26,37,27,1,2,1,1,2,2,0.93,0.24,-0.24,38.7,,,,,
SL,2025-10-09,82,1.73,5.45,"Pages, Andy",681624,621381,,foul,,,,,5,Foul,D,R,L,LAD,PHI,S,,,0,1,2025,-0.1,0.37,-0.13117516465626694,2.267527876635309,,,,2,9,Bot,,,,,,,-3.988200436224993,-119.3520558990076,-1.2895679084620872,-0.12195746402022734,25.68082992428069,-28.63017640832375,3.52,1.6,162,63.9,52,81.3,2634,6.1,813042,592663,547180,681082,664761,607208,596146,669016,592206,54.42,,,,,,,,70,2,Slider,1,1,1,1,1,1,1,1,Standard,Standard,215,-0.009,-0.057,74.7,7.9,,0.057,88.0,0,0,0.531,0.531,33,24,34,25,1,3,3,1,,4,3.05,-0.1,0.1,37.2,4.786190869339124,-4.0389051401188905,45.36628246486156,36.463366870852674,32.033508723315336
CU,2025-10-09,82.8,-1.48,6.03,"Schwarber, Kyle",656941,607192,double,hit_into_play,,,,,5,Kyle Schwarber doubles (1) on a line drive to right fielder Teoscar Hernández.,D,L,R,LAD,PHI,X,9,line_drive,2,2,2025,0.38,-1.29,-0.2429184510949483,2.6388637362231613,,,,1,1,Top,203.8,124.14,,,,,2.1199931628480884,-120.48663378924299,1.3573057940860829,3.2694133505749283,24.411114638150206,-45.22008263343499,3.23,1.49,231,80.7,23,84.1,2820,7.3,813042,669257,518692,669242,571771,605141,669743,681624,606192,53.25,0.554,0.529,1.25,1,1,1,4,2,5,Curveball,0,0,0,0,0,0,0,0,Infield shade,Standard,14,-0.043,0.668,65.6,7.6,0.675,-0.668,88.0,0,0,0.524,0.476,31,32,32,32,1,0,5,1,7,,4.63,-0.38,0.38,59.7,21.09306975407694,-14.7547186310133,22.48866159058578,35.890516959465,36.256928515572405
FF,2025-10-09,99.4,-1.31,5.41,"Durbin, Caleb",702332,694037,field_out,hit_into_play,,,,,11,Caleb Durbin flies out to left fielder Ian Happ.,D,R,R,CHC,MIL,X,7,fly_ball,0,1,2025,-0.94,1.31,-0.9351559677930935,3.1330338201029897,,,683734,2,6,Top,34.03,104.12,,,,,3.282448067950938,-144.60757724654624,-3.844979972542961,-13.951400506697286,39.41094209654575,-13.215332373328424,3.24,1.46,325,90.1,31,99.5,2347,6.7,813050,608348,683737,663538,807713,621020,664023,691718,673548,53.76,0.033,0.045,0,1,0,0,3,47,2,4-Seam Fastball,3,0,0,3,0,3,0,3,Standard,Standard,226,0.018,-0.229,,,0.08,0.229,90.1,3,-3,0.893,0.10699999999999998,25,25,25,25,1,2,1,1,2,2,1.03,0.94,0.94,30.2,,,,,
FS,2025-10-09,86.7,-1.84,6.15,"Realmuto, J.T.",592663,808963,,swinging_strike,,,,,13,Swinging Strike,D,R,R,LAD,PHI,S,,,0,0,2025,-0.51,-0.59,-0.5605143760034569,1.5178058908848397,,,,1,9,Top,,,,,,,4.1814164498488795,-126.21548042721292,-3.692642323449358,-6.375774322592791,27.364146029689827,-37.819073600142076,3.63,1.7,,,,88.1,569,7.3,813042,669257,518692,669242,571771,605141,681624,681909,606192,53.22,,,,,,,,66,1,Split-Finger,1,1,1,1,1,1,1,1,Standard,Standard,291,0.007,-0.039,21.6,6.8,,0.039,,0,0,0.558,0.44199999999999995,23,34,24,34,1,3,3,1,4,,3.63,0.51,0.51,46.7,14.792165598762217,-2.904998477477133,30.925381693560308,27.79143457906423,32.59524004445392
ST,2025-10-09,83.4,2.28,5.24,"Kelly, Carson",608348,688107,,ball,,,,,13,Ball,D,R,L,CHC,MIL,B,,,0,1,2025,-1.13,0.36,-0.9590284797319896,1.0686057657159038,,,673548,1,7,Bot,,,,,,,-5.242695610319931,-121.19769480173458,-3.7530719898002145,-9.791591633962877,27.57030722292309,-28.009332420165126,3.30422106064379,1.61552092800818,,,,83.2,2614,6.6,813050,661388,683734,668930,702332,687401,694192,663368,686217,53.9,,,,,,,,60,2,Sweeper,5,0,5,0,0,5,5,0,Strategic,Standard,286,0,0.019,,,,-0.019,,5,5,0.986,0.986,26,30,26,31,1,3,12,1,5,2,2.97,-1.13,1.13,26.4,,,,,
SI,2025-10-09,99.3,0.34,6.66,"Suzuki, Seiya",673548,676879,,foul,,,,,9,Foul,D,R,L,CHC,MIL,S,,,1,2,2025,1.38,0.71,0.3582809309107202,1.6231473800234189,807713,663538,663656,1,5,Bot,,,,,,,-3.0962390942997082,-144.29485385199962,-9.82857238064479,19.89599367219221,35.981305325866686,-20.116149199907454,3.15,1.42,266,86.7,43,97.4,2227,5.4,813050,661388,683734,668930,702332,687401,694192,663368,686217,55.07,,,,,,,,42,4,Sinker,3,0,3,0,0,3,3,0,Standard,Standard,143,0,0,,,,0,88.0,3,3,0.913,0.913,27,30,27,31,1,2,3,1,2,2,1.62,1.38,-1.38,57.9,,,,,
FF,2025-10-09,96.6,-0.9,5.44,"Kepler, Max",596146,686218,force_out,hit_into_play,,,,,9,"Max Kepler grounds into a force out, first baseman Freddie Freeman to shortstop Mookie Betts. J.T. Realmuto out at 2nd. Max Kepler advances to 2nd, on a fielding error by pitcher Emmet Sheehan.",D,L,R,LAD,PHI,X,3,ground_ball,2,2,2025,-0.76,1.33,0.4206426152323548,2.0070580079669327,,,592663,0,7,Top,146.75,174.99,,,,,5.296379553389709,-140.42051711267078,-6.627915339134404,-11.255763563765305,32.57093838359676,-13.323100883000762,3.38,1.6,12,74.9,-9,97.2,2488,6.8,813042,669257,518692,669242,571771,605141,669743,681624,606192,53.73,0.05,0.049,0,1,0,0,2,48,6,4-Seam Fastball,0,0,0,0,0,0,0,0,Infield shade,Standard,208,0.014,-0.294,72.2,7.1,0.051,0.294,88.0,0,0,0.449,0.5509999999999999,25,32,26,32,1,2,3,1,15,,1.13,0.76,-0.76,36.6,-5.32243364617425,-1.2720530979811095,43.356505339746995,32.26425022054381,27.141132621549673
FF,2025-10-09,101.1,-2.25,5.93,"Betts, Mookie",605141,661395,,foul,,,,,1,Foul,D,R,R,LAD,PHI,S,,,3,1,2025,-1.14,1.12,-0.3906401086895932,2.8421497461630367,681909,571771,660271,2,7,Bot,,,,,,,7.899185459637674,-146.96837410701568,-5.914320870320166,-18.369334201258674,36.20895891838243,-14.770226361391934,3.22,1.52,124,72.1,73,100.9,2128,6.4,813042,592663,547180,681082,664761,607208,596146,669016,592206,54.15,,,,,,,,57,5,4-Seam Fastball,0,1,0,1,1,0,0,1,Standard,Standard,232,-0.051,-0.09,64.7,6.9,,0.09,88.0,-1,-1,0.496,0.496,27,32,27,33,1,3,3,1,,4,1.13,1.14,1.14,34.5,6.545173484355202,-4.801244918502415,30.751838570730126,34.33039980048142,29.737174347490022
CU,2025-10-09,79.3,-3.36,5.61,"Hoerner, Nico",663538,642547,single,hit_into_play,,,,,5,Nico Hoerner singles on a ground ball to left fielder Jackson Chourio.,D,R,R,CHC,MIL,X,7,ground_ball,2,2,2025,0.44,-0.43,-0.08691794008064935,2.5564129278596437,,,,1,1,Bot,82.88,107.57,,,,,6.3409478037112565,-115.32354255720044,0.9691466888713265,2.652921794252252,23.052113098801076,-36.40221563775293,3.3,1.57,38,93.4,-2,79.3,2407,6.5,813050,661388,683734,668930,702332,687401,694192,663368,686217,54.01,0.318,0.29,0.9,1,1,0,2,6,6,Curveball,0,0,0,0,0,0,0,0,Strategic,Standard,56,0.027,0.44,,,0.342,-0.44,93.4,0,0,0.524,0.524,29,28,29,28,1,0,5,1,5,2,4.08,-0.44,-0.44,41.9,,,,,
SI,2025-10-09,95.6,1.78,5.84,"Freeman, Freddie",518692,650911,,ball,,,,,3,Ball,D,L,L,LAD,PHI,B,,,1,1,2025,1.45,0.28,0.6483364292829017,3.606952271077546,,,,0,2,Bot,,,,,,,-6.29497409639087,-139.10264758272479,-0.914996045656812,20.284855297839016,29.776130866289567,-28.52728474676186,3.58166679094935,1.67929670011418,,,,96.5,2074,6.7,813042,592663,547180,681082,664761,607208,596146,669016,592206,53.82,,,,,,,,12,3,Sinker,0,0,0,0,0,0,0,0,Strategic,Standard,120,0.005,0.055,,,,-0.055,,0,0,0.55,0.55,28,35,29,36,1,0,5,1,,4,2.2,1.45,1.45,30.9,,,,,
FF,2025-10-09,95.3,-0.03,6.1,"Durbin, Caleb",702332,573204,field_out,hit_into_play,,,,,2,"Caleb Durbin grounds out, shortstop Dansby Swanson to first baseman Michael Busch.",D,R,L,CHC,MIL,X,6,ground_ball,0,1,2025,0.36,1.69,0.025064639332583072,2.7412134266272714,,,,2,9,Top,108.76,155.48,,,,,-0.6723976578314574,-138.5562774861082,-6.920167488888858,4.773368084492179,34.1611921316745,-9.04766762333425,3.24,1.46,35,102.3,-2,94.7,2418,6.2,813050,608348,683737,663538,807713,621020,664023,691718,673548,54.27,0.393,0.356,0,1,0,0,2,74,2,4-Seam Fastball,6,0,0,6,0,6,0,6,Standard,Standard,164,0.001,-0.217,,,0.466,0.217,102.3,6,-6,0.999,0.0010000000000000009,38,25,38,25,1,3,1,1,2,2,0.84,0.36,-0.36,54.6,,,,,
FF,2025-10-09,96.1,-1.4,6.35,"Chourio, Jackson",694192,641745,,called_strike,,,,,5,Called Strike,D,R,R,CHC,MIL,S,,,3,0,2025,-0.08,1.42,0.06031600080046848,2.730456294699982,,,592885,0,8,Top,,,,,,,4.009175954302535,-139.7243506441913,-7.117629593516732,-1.9391737632704515,32.98396184264881,-12.194751781299878,3.24965398188736,1.58544129787207,,,,95,2415,5.8,813050,608348,683737,663538,807713,621020,664023,691718,673548,54.68,,,,,,,,64,4,4-Seam Fastball,5,0,0,5,0,5,0,5,Standard,Standard,199,0.005,-0.089,,,,0.089,,5,-5,0.952,0.04800000000000004,29,21,30,21,1,3,1,1,2,2,1.06,0.08,0.08,46.3,,,,,
KC,2025-10-09,85.4,1.91,6.17,"Perkins, Blake",663368,519141,strikeout,called_strike,,,,,8,Blake Perkins called out on strikes.,D,R,L,CHC,MIL,S,2,,1,2,2025,-0.52,-1.23,0.1963368055779442,1.748751163272387,,,,1,7,Top,,,,,,,-2.9562650487485542,-124.30919139597798,-1.5645460258084023,-4.610155450311277,28.57708829886111,-44.644283138171524,3.43125934041893,1.60966430612713,,,,83.8,2404,5.6,813050,608348,683737,663538,807713,621020,664023,691718,673548,54.94,,0,0,1,0,0,,55,4,Knuckle Curve,4,0,0,4,0,4,0,4,Standard,Standard,342,0.007,-0.18,,,,0.18,,4,-4,0.959,0.041000000000000036,36,28,37,29,1,2,1,1,2,2,4.39,-0.52,0.52,38.4,,,,,
FF,2025-10-09,95.5,2.26,5.53,"Chourio, Jackson",694192,571510,strikeout,swinging_strike,,,,,3,Jackson Chourio strikes out swinging.,D,R,L,CHC,MIL,S,2,,0,2,2025,1.34,1.03,0.4160138648536871,2.9555535113740614,,,592885,0,1,Top,,,,,,,-7.88517916192961,-138.7959970124451,-3.4490378840324976,19.0624391427808,31.412201196733427,-18.323328065464345,3.37,1.6,,,,95.6,2426,6.4,813050,608348,683737,663538,807713,621020,664023,691718,673548,54.08,,0,0,1,0,0,,2,3,4-Seam Fastball,0,0,0,0,0,0,0,0,Standard,Standard,120,0.02,-0.148,,,,0.148,,0,0,0.478,0.522,34,21,34,21,1,0,5,1,,2,1.48,1.34,-1.34,23.9,,,,,
SL,2025-10-09,87.2,0.11,6.08,"Harper, Bryce",547180,681911,,foul,,,,,11,Foul,D,L,L,LAD,PHI,S,,,3,2,2025,-0.55,0.38,-0.9818655813163073,2.939441499240598,,,,1,11,Top,,,,,,,-1.491849422993707,-127.06270912375422,-2.2095913872261312,-5.700285652440583,24.91887556707783,-27.85148645628673,3.17,1.63,254,83.2,49,87.5,2421,6.3,813042,669257,518692,669242,571970,605141,571771,681624,606192,54.17,,,,,,,,78,6,Slider,1,1,1,1,1,1,1,1,Strategic,Standard,209,0,0,70.0,6.4,,0,88.0,0,0,0.549,0.45099999999999996,29,32,29,33,1,4,3,1,7,,2.6,-0.55,-0.55,70.2,-2.2033886697043332,17.929759686949392,30.69528240167599,46.127308296150275,24.371360981752836
SL,2025-10-09,86.6,1.8,5.96,"Freeman, Freddie",518692,650911,,ball,,,,,12,Ball,D,L,L,LAD,PHI,B,,,0,1,2025,-0.02,-0.4,1.226509886026053,2.762435920890291,,,,0,2,Bot,,,,,,,-1.343606391022505,-126.20707423514354,-0.6947559304047743,0.0068634301458419126,22.873801780523102,-36.528132213948595,3.63524943938026,1.78680030714983,,,,87.6,2069,6.6,813042,592663,547180,681082,664761,607208,596146,669016,592206,53.92,,,,,,,,12,2,Slider,0,0,0,0,0,0,0,0,Strategic,Standard,303,0.002,0.031,,,,-0.031,,0,0,0.548,0.548,28,35,29,36,1,0,5,1,,4,3.4,-0.02,-0.02,32.3,,,,,
FF,2025-10-09,91.8,1.72,5.27,"Pages, Andy",681624,621381,,foul,,,,,5,Foul,D,R,L,LAD,PHI,S,,,0,0,2025,1.12,1.56,0.03559078159415696,2.6334833109270637,,,,2,9,Bot,,,,,,,-6.683268479248851,-133.4980593802305,-4.166801995738402,14.823590542500941,30.13331903633024,-12.793156070128212,3.52,1.6,177,68.7,59,91.6,2497,6.3,813042,592663,547180,681082,664761,607208,596146,669016,592206,54.21,,,,,,,,70,1,4-Seam Fastball,1,1,1,1,1,1,1,1,Standard,Standard,134,-0.005,-0.043,73.4,7.9,,0.043,88.0,0,0,0.536,0.536,33,24,34,25,1,3,3,1,,4,1.15,1.12,-1.12,30.8,8.905747312005728,0.9873518036145681,42.38903038062039,37.23931995800332,28.92523501902386
FF,2025-10-09,100.8,-2.34,5.91,"Betts, Mookie",605141,661395,,ball,,,,,12,Ball,D,R,R,LAD,PHI,B,,,2,1,2025,-1.27,0.99,0.0976941013195225,3.6770395204386057,681909,571771,660271,2,7,Bot,,,,,,,9.761260916591876,-146.51417921015198,-3.1946368910190106,-20.65590258820537,34.70639963629409,-17.39624738213593,3.10191415067356,1.52414606172574,,,,100.4,2177,6.2,813042,592663,547180,681082,664761,607208,596146,669016,592206,54.34,,,,,,,,57,4,4-Seam Fastball,0,1,0,1,1,0,0,1,Standard,Standard,231,0.061,0.103,,,,-0.103,,-1,-1,0.435,0.435,27,32,27,33,1,3,3,1,,4,1.26,1.27,1.27,34.0,,,,,
CH,2025-10-09,89.1,2.4,5.43,"Hernández, Teoscar",606192,666200,,ball,,,,,14,Ball,D,R,L,LAD,PHI,B,,,0,1,2025,1.21,0.71,0.5129879498735421,1.0793211401129128,,,,2,10,Bot,,,,,,,-7.103554998742393,-129.63153247148318,-6.156815550072563,15.033076112379863,24.253449104335303,-23.147249947882372,3.46671966385546,1.58734163681853,,,,88.8,1849,5.9,813042,592663,547180,681082,664761,607208,596146,669016,592206,54.6,,,,,,,,76,2,Changeup,1,1,1,1,1,1,1,1,Standard,Standard,114,0.003,0.027,,,,-0.027,,0,0,0.531,0.531,27,32,28,33,1,4,3,1,,4,2.14,1.21,-1.21,28.3,,,,,
FF,2025-10-09,100.1,-1.94,6.13,"Marsh, Brandon",669016,808963,field_out,hit_into_play,,,,,6,"Brandon Marsh grounds out, second baseman Tommy Edman to first baseman Freddie Freeman.",D,L,R,LAD,PHI,X,4,ground_ball,0,0,2025,-0.67,1.31,0.6583946750245049,2.4983000156380113,,,,0,9,Top,133.68,170.14,,,,,8.876025447407297,-145.45615721602368,-7.883668691770601,-11.458034789284525,31.080949738744994,-11.937931244372564,3.19,1.52,33,82.8,-2,101.9,2036,7.1,813042,669257,518692,669242,571771,605141,681624,681909,606192,53.35,0.19,0.176,0,1,0,0,2,65,1,4-Seam Fastball,1,1,1,1,1,1,1,1,Standard,Standard,225,0.058,-0.259,70.2,6.3,0.233,0.259,88.0,0,0,0.5,0.5,23,27,24,28,1,3,3,1,4,,0.96,0.67,-0.67,45.1,2.3249066141393517,6.798190657555559,44.435845288285535,28.216934665118757,20.51482697396252
FF,2025-10-09,94.9,2.28,5.26,"Kelly, Carson",608348,688107,,foul,,,,,4,Foul,D,R,L,CHC,MIL,S,,,0,0,2025,0.75,1.09,-0.738428645108357,2.797411334395619,,,673548,1,7,Bot,,,,,,,-9.673073618838497,-137.84632745490538,-3.176030545762167,11.885367631464165,33.57949022000035,-17.79307459571806,3.39,1.67,128,70,73,95.4,2327,6.9,813050,661388,683734,668930,702332,687401,694192,663368,686217,53.62,,,,,,,,60,1,4-Seam Fastball,5,0,5,0,0,5,5,0,Strategic,Standard,140,0,-0.04,,,,0.04,88.0,5,5,0.986,0.986,26,30,26,31,1,3,12,1,5,2,1.47,0.75,-0.75,28.5,,,,,
SL,2025-10-09,91,-1.69,5.89,"Schwarber, Kyle",656941,607192,,ball,,,,,14,Ball,D,L,R,LAD,PHI,B,,,1,2,2025,-0.24,-0.06,0.6061581231818238,-0.42767551544850946,,,,1,1,Top,,,,,,,6.4119270062590035,-132.22512595435865,-10.082426688155687,-4.0438503341107985,25.989293876358385,-31.055827617730493,3.14324194700586,1.42078447830942,,,,93.5,2685,7.6,813042,669257,518692,669242,571771,605141,669743,681624,606192,52.85,,,,,,,,2,4,Slider,0,0,0,0,0,0,0,0,Infield shade,Standard,18,-0.003,0.048,,,,-0.048,,0,0,0.527,0.473,31,32,32,32,1,0,5,1,7,,2.8,0.24,-0.24,51.2,,,,,
SI,2025-10-09,99.3,0.35,6.64,"Suzuki, Seiya",673548,676879,,foul,,,,,1,Foul,D,R,L,CHC,MIL,S,,,1,1,2025,1.14,0.57,-0.48595949694019325,2.992490549335633,807713,663538,663656,1,5,Bot,,,,,,,-4.845342000476017,-144.39584918376363,-5.7839408493351625,17.02791297553133,35.43288980098089,-22.994908095170732,3.15,1.42,,,,97.5,2233,5.4,813050,661388,683734,668930,702332,687401,694192,663368,686217,55.09,,,,,,,,42,3,Sinker,3,0,3,0,0,3,3,0,Standard,Standard,150,-0.008,-0.073,,,,0.073,,3,3,0.921,0.921,27,30,27,31,1,2,3,1,2,2,1.75,1.14,-1.14,53.3,,,,,
SL,2025-10-09,87.6,-1.6,5.26,"Durbin, Caleb",702332,694037,,called_strike,,,,,5,Called Strike,D,R,R,CHC,MIL,S,,,0,0,2025,0.37,-0.14,0.05288178946317518,2.1042231632427915,,,683734,2,6,Top,,,,,,,3.223314326836704,-127.46666152223462,-1.1600095645321833,3.3330453374549047,27.994615713208912,-33.64456660398135,3.07685973885695,1.41461254150366,,,,87.7,2373,6.5,813050,608348,683737,663538,807713,621020,664023,691718,673548,54.01,,,,,,,,47,1,Slider,3,0,0,3,0,3,0,3,Standard,Standard,84,0.003,-0.042,,,,0.042,,3,-3,0.89,0.10999999999999999,25,25,25,25,1,2,1,1,2,2,3.13,-0.37,-0.37,26.1,,,,,
FF,2025-10-09,96.2,-3.37,5.56,"Hoerner, Nico",663538,642547,,foul,,,,,11,Foul,D,R,R,CHC,MIL,S,,,2,2,2025,-0.25,1.38,-1.2533508681778331,3.59780413553828,,,,1,1,Bot,,,,,,,6.2292462201216905,-140.0142481873484,-2.7703103480497973,-4.722923457591818,31.193624046221956,-13.52200178096679,3.3,1.57,138,56.9,30,96.7,2481,6.5,813050,661388,683734,668930,702332,687401,694192,663368,686217,53.97,,,,,,,,6,5,4-Seam Fastball,0,0,0,0,0,0,0,0,Strategic,Standard,203,0,0,,,,0,88.0,0,0,0.524,0.524,29,28,29,28,1,0,5,1,5,2,1.07,0.25,0.25,40.5,,,,,
FF,2025-10-09,96.7,-1.02,5.42,"Kepler, Max",596146,686218,,ball,,,,,11,Ball,D,L,R,LAD,PHI,B,,,1,2,2025,-0.93,1.49,-1.462661794180396,4.768903834798582,,,592663,0,7,Top,,,,,,,0.9579028149551891,-140.81522149105575,0.449405273623548,-12.587931054066624,33.55871118516377,-12.72598103298564,3.47581068495722,1.60633992631954,,,,97.1,2475,6.6,813042,669257,518692,669242,571771,605141,669743,681624,606192,53.92,,,,,,,,48,5,4-Seam Fastball,0,0,0,0,0,0,0,0,Strategic,Standard,211,-0.009,0.036,,,,-0.036,,0,0,0.458,0.542,25,32,26,32,1,2,3,1,15,,0.95,0.93,-0.93,33.1,,,,,
KC,2025-10-09,87.1,-0.04,6.72,"Hoerner, Nico",663538,656730,,swinging_strike_blocked,,,,,14,Swinging Strike (Blocked),D,R,R,CHC,MIL,S,,,0,1,2025,0.12,-0.48,1.0566370014370852,0.6857024980831472,,,807713,1,5,Bot,,,,,,,2.411176334640265,-126.71780469562636,-7.335163930344107,0.7482422933510446,26.775369858185904,-35.984888146008146,3.3,1.57,,,,87.4,2725,6.6,813050,661388,683734,668930,702332,687401,694192,663368,686217,53.93,,,,,,,,40,2,Knuckle Curve,3,0,3,0,0,3,3,0,Standard,Standard,16,-0.003,-0.047,,,,0.047,,3,3,0.883,0.883,31,28,32,28,1,2,3,1,2,2,3.49,-0.12,-0.12,55.5,,,,,
FF,2025-10-09,93.9,0.05,6.08,"Durbin, Caleb",702332,573204,,called_strike,,,,,9,Called Strike,D,R,L,CHC,MIL,S,,,0,0,2025,0.39,1.61,0.5854376510250479,1.9644823034367134,,,,2,9,Top,,,,,,,0.5072300340477083,-136.5352769772048,-8.449521262903575,4.783565980727999,32.839477556445075,-10.404966344342775,3.12712119572856,1.44692342210531,,,,93.7,2373,6.4,813050,608348,683737,663538,807713,621020,664023,691718,673548,54.08,,,,,,,,74,1,4-Seam Fastball,6,0,0,6,0,6,0,6,Standard,Standard,162,0,-0.043,,,,0.043,,6,-6,0.999,0.0010000000000000009,38,25,38,25,1,3,1,1,2,2,1,0.39,-0.39,53.6,,,,,
FF,2025-10-09,93,-1.35,6.32,"Chourio, Jackson",694192,641745,,ball,,,,,12,Ball,D,R,R,CHC,MIL,B,,,2,0,2025,-0.18,1.23,0.988671267692298,2.4473793007332256,,,592885,0,8,Top,,,,,,,6.336702114949281,-135.16835306897812,-6.758882359184108,-3.650886888516299,30.112822100487755,-15.826516472410805,3.2203179577055,1.55585507446671,,,,92.1,2370,5.9,813050,608348,683737,663538,807713,621020,664023,691718,673548,54.61,,,,,,,,64,3,4-Seam Fastball,5,0,0,5,0,5,0,5,Standard,Standard,197,-0.008,0.14,,,,-0.14,,5,-5,0.96,0.040000000000000036,29,21,30,21,1,3,1,1,2,2,1.42,0.18,0.18,48.2,,,,,
FF,2025-10-09,100.3,-2.28,5.91,"Betts, Mookie",605141,661395,,swinging_strike,,,,,3,Swinging Strike,D,R,R,LAD,PHI,S,,,2,0,2025,-1.07,1.1,0.32862233745503655,2.892343379783403,681909,571771,660271,2,7,Bot,,,,,,,9.711478551611734,-145.6662397083201,-5.570844879798781,-17.467377098598746,34.062189107437426,-15.337684337160157,3.22,1.52,,,,100.1,2231,6.3,813042,592663,547180,681082,664761,607208,596146,669016,592206,54.23,,,,,,,,57,3,4-Seam Fastball,0,1,0,1,1,0,0,1,Standard,Standard,230,-0.041,-0.03,68.7,6.6,,0.03,,-1,-1,0.476,0.476,27,32,27,33,1,3,3,1,,4,1.17,1.07,1.07,31.5,4.51253720500888,12.903725709412548,27.6954928550434,42.84778140162674,23.242268476306805
SI,2025-10-09,99.5,0.37,6.66,"Suzuki, Seiya",673548,676879,,ball,,,,,13,Ball,D,R,L,CHC,MIL,B,,,0,1,2025,1.21,0.87,-1.0280339923323278,1.4117762305193144,807713,663538,663656,1,5,Bot,,,,,,,-6.542159792732311,-144.43849177619836,-10.801241976536481,18.451057316645468,35.7376299264417,-17.486883574093227,3.12061290387707,1.37287025088484,,,,97.5,2283,5.4,813050,661388,683734,668930,702332,687401,694192,663368,686217,55.08,,,,,,,,42,2,Sinker,3,0,3,0,0,3,3,0,Standard,Standard,145,0.003,0.034,,,,-0.034,,3,3,0.918,0.918,27,30,27,31,1,2,3,1,2,2,1.45,1.21,-1.21,58.0,,,,,
SI,2025-10-09,94.6,1.85,5.91,"Freeman, Freddie",518692,650911,,called_strike,,,,,3,Called Strike,D,L,L,LAD,PHI,S,,,0,0,2025,1.33,0.48,0.7056793943208752,3.0713772498322953,,,,0,2,Bot,,,,,,,-6.0179656653457405,-137.69449495548795,-2.8781883616642903,18.25491397785422,27.11704166348339,-25.63366413577707,3.56958922154355,1.72080164244854,,,,96.1,2060,6.9,813042,592663,547180,681082,664761,607208,596146,669016,592206,53.6,,,,,,,,12,1,Sinker,0,0,0,0,0,0,0,0,Standard,Standard,121,-0.003,-0.039,,,,0.039,,0,0,0.551,0.551,28,35,29,36,1,0,5,1,,4,2.04,1.33,1.33,32.3,,,,,
FF,2025-10-09,92.7,0.2,5.94,"Harper, Bryce",547180,681911,,foul,,,,,1,Foul,D,L,L,LAD,PHI,S,,,3,1,2025,0.52,1.62,-0.5703119740391652,3.2330761375757855,,,,1,11,Top,,,,,,,-3.13712023265933,-134.98632258296246,-4.7020942271665405,7.074613783525466,29.31136811546955,-11.512853349281956,3.17,1.63,,,,93.4,2447,6.7,813042,669257,518692,669242,571970,605141,571771,681624,606192,53.83,,,,,,,,78,5,4-Seam Fastball,1,1,1,1,1,1,1,1,Strategic,Standard,165,0.014,-0.087,75.3,6.2,,0.087,,0,0,0.535,0.46499999999999997,29,32,29,33,1,4,3,1,7,,1.03,0.52,0.52,65.6,3.5850701175739768,22.174097939103454,31.72839104874527,42.6192006634308,22.776742126679515
FF,2025-10-09,100.7,-2.18,6.1,"Bohm, Alec",664761,808963,field_out,hit_into_play,,,,,8,"Alec Bohm grounds out, second baseman Tommy Edman to first baseman Freddie Freeman.",D,R,R,LAD,PHI,X,4,ground_ball,0,0,2025,-1.08,1.06,0.001751017196381932,1.960971104042088,,,,2,8,Top,138.13,147.12,,,,,8.73796739190355,-146.11196875637714,-8.711452842533257,-17.60186753395513,35.00946918987509,-15.113027723518817,3.55,1.62,14,108.1,-7,101.6,2258,7,813042,669257,518692,669242,571771,605141,681624,681909,606192,53.51,0.356,0.32,0,1,0,0,2,61,1,4-Seam Fastball,1,1,1,1,1,1,1,1,Standard,Standard,225,0.026,-0.26,73.9,7.4,0.356,0.26,108.1,0,0,0.582,0.41800000000000004,23,28,24,29,1,3,3,1,4,,1.21,1.08,1.08,42.9,-0.4692849403752116,10.94295987541219,36.08901436859698,39.11103476707337,19.8255987229462
CH,2025-10-09,79.6,2.41,5.46,"Chourio, Jackson",694192,571510,,foul,,,,,5,Foul,D,R,L,CHC,MIL,S,,,0,1,2025,1.55,0.48,0.1982656380093739,2.639765139896726,,,592885,0,1,Top,,,,,,,-7.731179355007161,-115.62343843251155,-0.2884736336046969,15.323927473338541,22.22856789351356,-28.052250634881087,3.37,1.6,272,88.2,49,79.3,1979,6.2,813050,608348,683737,663538,807713,621020,664023,691718,673548,54.28,,,,,,,,2,2,Changeup,0,0,0,0,0,0,0,0,Standard,Standard,112,0.009,-0.053,,,,0.053,88.2,0,0,0.469,0.531,34,21,34,21,1,0,5,1,,2,3.14,1.55,-1.55,25.8,,,,,
FF,2025-10-09,97.6,0.02,6.69,"Hoerner, Nico",663538,656730,,called_strike,,,,,3,Called Strike,D,R,R,CHC,MIL,S,,,0,0,2025,-0.26,1.65,0.7403044211582099,3.2592951907492878,,,807713,1,5,Bot,,,,,,,2.551767491880622,-141.84167325048242,-7.484194010564614,-4.119483987011016,36.005090632954925,-8.462888539681005,3.37965581678353,1.57439287124703,,,,97.6,2463,6.6,813050,661388,683734,668930,702332,687401,694192,663368,686217,53.87,,,,,,,,40,1,4-Seam Fastball,3,0,3,0,0,3,3,0,Standard,Standard,194,-0.002,-0.04,,,,0.04,,3,3,0.885,0.885,31,28,32,28,1,2,3,1,2,2,0.77,0.26,0.26,53.8,,,,,
FF,2025-10-09,92.2,1.61,5.35,"Hernández, Enrique",571771,621381,strikeout,swinging_strike,,,,,11,Enrique Hernández strikes out swinging.,D,R,L,LAD,PHI,S,2,,1,2,2025,0.74,1.39,-0.12066855004553034,3.729759826870545,,,,1,9,Bot,,,,,,,-5.9928813688744995,-134.18306432194436,-1.3519535495042585,10.217928779036017,27.082930146558546,-15.16302938518377,3.41,1.69,,,,92.1,2409,6.1,813042,592663,547180,681082,664761,607208,596146,669016,592206,54.43,,0,0,1,0,0,,69,5,4-Seam Fastball,1,1,1,1,1,1,1,1,Standard,Standard,134,-0.032,-0.18,70.4,6.9,,0.18,,0,0,0.568,0.568,33,33,34,34,1,3,3,1,,4,1.27,0.74,-0.74,31.7,8.803324834295328,8.422284786185568,13.977390803497144,38.475244119364376,25.542234299733725
SI,2025-10-09,96.2,-1.43,6.22,"Chourio, Jackson",694192,641745,,ball,,,,,13,Ball,D,R,R,CHC,MIL,B,,,1,0,2025,-1.06,0.7,-1.053710103083514,1.968702580915405,,,592885,0,8,Top,,,,,,,3.3826605721530485,-139.86718642669345,-7.150056293448925,-14.629955722182421,35.25582681534515,-21.55338945013651,3.4001877772295,1.55946208940133,,,,95.2,2193,6,813050,608348,683737,663538,807713,621020,664023,691718,673548,54.47,,,,,,,,64,2,Sinker,5,0,0,5,0,5,0,5,Standard,Standard,199,-0.005,0.062,,,,-0.062,,5,-5,0.965,0.03500000000000003,29,21,30,21,1,3,1,1,2,2,1.8,1.06,1.06,41.5,,,,,
SL,2025-10-09,90.5,0.07,6.12,"Vaughn, Andrew",683734,573204,field_out,hit_into_play,,,,,5,"Andrew Vaughn grounds out, shortstop Dansby Swanson to first baseman Michael Busch.",D,R,L,CHC,MIL,X,6,ground_ball,2,2,2025,-0.31,0.57,-0.27432971928368427,2.412542158499647,,,,1,9,Top,108.16,156.09,,,,,-0.20148486074340938,-131.76650349371306,-4.516362547042613,-3.529367111842637,28.416879087110836,-24.80814331150824,3.19,1.52,7,101.3,-18,90.1,2380,6.1,813050,608348,683737,663538,807713,621020,664023,691718,673548,54.43,0.146,0.131,0,1,0,0,2,73,6,Slider,6,0,0,6,0,6,0,6,Standard,Standard,179,0,-0.228,,,0.184,0.228,101.3,6,-6,0.999,0.0010000000000000009,38,27,38,27,1,3,1,1,2,2,2.22,-0.31,0.31,51.9,,,,,
FF,2025-10-09,95.5,-1.48,5.94,"Schwarber, Kyle",656941,607192,,foul,,,,,2,Foul,D,L,R,LAD,PHI,S,,,1,1,2025,-0.14,1.19,-0.12185362198150343,2.808549033097308,,,,1,1,Top,,,,,,,4.004524374547912,-139.08060721159063,-5.491758873712929,-2.6494711426722133,29.678334883014468,-15.66592322895198,3.23,1.49,205,72,48,98.4,2581,7.8,813042,669257,518692,669242,571771,605141,669743,681624,606192,52.73,,,,,,,,2,3,4-Seam Fastball,0,0,0,0,0,0,0,0,Infield shade,Standard,183,0.004,-0.064,78.2,6.7,,0.064,88.0,0,0,0.523,0.477,31,32,32,32,1,0,5,1,7,,1.29,0.14,-0.14,56.4,5.372574011125551,10.322779258634602,28.82227747856451,33.958733627945136,25.280167230034436
ST,2025-10-09,86.3,2.42,5.43,"Hernández, Teoscar",606192,666200,,called_strike,,,,,5,Called Strike,D,R,L,LAD,PHI,S,,,0,0,2025,-0.88,0.2,-0.031515416609936064,2.5196891746097347,,,,2,10,Bot,,,,,,,-4.006631059650906,-125.71328581625573,-1.1105384185831384,-8.465940530892807,26.106251248223057,-30.0234864563766,3.32696994820376,1.52473257827301,,,,85.6,2491,5.8,813042,592663,547180,681082,664761,607208,596146,669016,592206,54.68,,,,,,,,76,1,Sweeper,1,1,1,1,1,1,1,1,Standard,Standard,317,-0.005,-0.043,,,,0.043,,0,0,0.536,0.536,27,32,28,33,1,4,3,1,,4,2.86,-0.88,0.88,28.8,,,,,
FF,2025-10-09,98.5,-1.33,5.35,"Vaughn, Andrew",683734,694037,single,hit_into_play,,,,,2,Andrew Vaughn singles on a sharp line drive to left fielder Ian Happ.,D,R,R,CHC,MIL,X,7,line_drive,0,0,2025,-0.77,1.34,0.12543156846829262,2.9369182314286446,,,,2,6,Top,85.28,80.56,,,,,5.783496417342356,-143.27811188560725,-4.231319356704142,-11.916211265662628,34.63675014296954,-12.947225298177996,3.19,1.52,239,107,12,99.3,2322,6.9,813050,608348,683737,663538,807713,621020,664023,691718,673548,53.65,0.911,0.93,0.9,1,1,0,5,46,1,4-Seam Fastball,3,0,0,3,0,3,0,3,Standard,Standard,222,-0.012,0.325,,,1.225,-0.325,107.0,3,-3,0.902,0.09799999999999998,25,27,25,27,1,2,1,1,2,2,1.02,0.77,0.77,28.2,,,,,
ST,2025-10-09,83.9,2.49,5.21,"Happ, Ian",664023,688107,field_out,hit_into_play,,,,,8,Ian Happ flies out sharply to center fielder Blake Perkins.,D,R,L,CHC,MIL,X,8,fly_ball,1,0,2025,-0.54,0.61,0.10082757786973795,2.0980073931618723,,,673548,0,7,Bot,100.24,48.76,,,,,-4.491844548426314,-122.03563226993408,-1.937089688187616,-4.3842546829516,26.518211387030714,-25.900650000362482,3.53,1.64,376,107.2,36,84.1,2452,6.7,813050,661388,683734,668930,702332,687401,694192,663368,686217,53.84,0.723,1.4558125000000002,0,1,0,0,6,59,2,Sweeper,5,0,5,0,0,5,5,0,Standard,Standard,265,-0.002,-0.282,,,2.868,0.282,107.2,5,5,0.988,0.988,26,30,26,31,1,3,12,1,5,2,2.65,-0.54,0.54,24.9,,,,,
SI,2025-10-09,96.2,-1.8,5.53,"Pages, Andy",681624,689147,field_error,hit_into_play,,,,,4,Andy Pages reaches on a fielding error by pitcher Orion Kerkering. Hyeseong Kim scores. Max Muncy to 3rd. Enrique Hernández to 2nd.,D,R,R,LAD,PHI,X,1,ground_ball,0,1,2025,-1.51,0.81,-0.33754098675249034,2.857956962014799,808975,571970,571771,2,11,Bot,129.52,178.03,,,,,7.3004474515471856,-139.86179199381502,-3.328219787355571,-21.51658494181118,31.949946095886947,-21.03344967582402,3.52,1.6,9,69.5,-15,96.1,2374,6.3,813042,592663,547180,681082,664761,607208,642215,596146,592206,54.18,0.056,0.054,0.9,1,0,0,2,86,2,Sinker,1,1,1,1,1,2,2,1,Standard,Standard,230,0.36,0.436,69.6,6.7,0.057,-0.436,88.0,0,0,0.64,0.64,24,24,24,25,1,4,1,1,,4,1.66,1.51,1.51,28.1,-10.981216292990817,15.326182472293203,41.622670134636344,34.4645233187385,18.880661514261625
FF,2025-10-09,97.2,-1.12,5.52,"Kepler, Max",596146,686218,,foul,,,,,11,Foul,D,L,R,LAD,PHI,S,,,1,2,2025,-0.95,1.48,-0.7381422194881773,3.5574850083236154,,,592663,0,7,Top,,,,,,,3.2200276127415584,-141.52005868674365,-3.139602514656747,-13.500270225130862,32.61655711217124,-11.72457883891208,3.38,1.6,230,74.2,43,97.7,2526,6.5,813042,669257,518692,669242,571771,605141,669743,681624,606192,53.96,,,,,,,,48,4,4-Seam Fastball,0,0,0,0,0,0,0,0,Infield shade,Standard,208,0,0,55.9,5.8,,0,88.0,0,0,0.458,0.542,25,32,26,32,1,2,3,1,15,,0.93,0.95,-0.95,30.9,-16.914569583356073,26.23763277912137,23.240695416571384,45.797245052783104,15.403490409822322
CH,2025-10-09,88.5,-3.69,5.17,"Hoerner, Nico",663538,642547,,ball,,,,,14,Ball,D,R,R,CHC,MIL,B,,,1,2,2025,-1.42,0.24,1.0631604057210453,0.8438801786133818,,,,1,1,Bot,,,,,,,14.550802858771505,-127.92550446599635,-4.892018375516335,-18.69147985024438,27.32372226774334,-28.550000353012152,3.12072879273499,1.46140822648585,,,,88.2,2203,6.6,813050,661388,683734,668930,702332,687401,694192,663368,686217,53.94,,,,,,,,6,4,Changeup,0,0,0,0,0,0,0,0,Strategic,Standard,251,0.003,0.048,,,,-0.048,,0,0,0.521,0.521,29,28,29,28,1,0,5,1,5,2,2.71,1.42,1.42,30.1,,,,,
FF,2025-10-09,92.7,1.9,6.17,"Perkins, Blake",663368,519141,,swinging_strike,,,,,3,Swinging Strike,D,R,L,CHC,MIL,S,,,1,1,2025,0.17,1.69,0.371911110570466,3.3051083034906847,,,,1,7,Top,,,,,,,-4.21651741816762,-134.8701969852667,-5.105606123762826,3.09061834698312,32.32090959924481,-10.728165934139813,3.5,1.68,,,,91.1,2706,5.6,813050,608348,683737,663538,807713,621020,664023,691718,673548,54.91,,,,,,,,55,3,4-Seam Fastball,4,0,0,4,0,4,0,4,Standard,Standard,155,0.003,-0.064,,,,0.064,,4,-4,0.956,0.04400000000000004,36,28,37,29,1,2,1,1,2,2,0.99,0.17,-0.17,37.9,,,,,
SI,2025-10-09,97.5,-2.28,5.82,"Betts, Mookie",605141,661395,,ball,,,,,14,Ball,D,R,R,LAD,PHI,B,,,1,0,2025,-1.26,-0.02,0.29853734802893617,0.9953256353165891,681909,571771,660271,2,7,Bot,,,,,,,9.794736234040025,-141.6364347892059,-7.41015108480086,-19.136521566746175,30.838618090478942,-31.01343916378684,3.08818501397431,1.53691865481957,,,,97.4,1865,6.2,813042,592663,547180,681082,664761,607208,596146,669016,592206,54.28,,,,,,,,57,2,Sinker,0,1,0,1,1,0,0,1,Standard,Standard,238,0.041,0.029,,,,-0.029,,-1,-1,0.435,0.435,27,32,27,33,1,3,3,1,,4,2.42,1.26,1.26,30.5,,,,,
FF,2025-10-09,98.8,-0.07,6.66,"Busch, Michael",683737,656730,strikeout,called_strike,,,,,4,Michael Busch called out on strikes.,D,L,R,CHC,MIL,S,2,,0,2,2025,-0.75,1.95,-0.5917140303794663,2.415439588170522,,,807713,0,5,Bot,,,,,,,0.33277453919907457,-143.4081189358615,-10.548808564075028,-10.31520065305352,39.66439622934945,-3.0666168028339684,3.19414178712903,1.5003899109728,,,,98.3,2607,6.6,813050,661388,683734,668930,702332,687401,694192,663368,686217,53.92,,0,0,1,0,0,,39,3,4-Seam Fastball,3,0,3,0,0,3,3,0,Standard,Standard,203,-0.008,-0.148,,,,0.148,,3,3,0.893,0.893,31,27,32,28,1,2,3,1,2,2,0.44,0.75,-0.75,52.5,,,,,
SI,2025-10-09,95.6,1.7,5.91,"Hernández, Teoscar",606192,650911,field_out,hit_into_play,,,,,4,Teoscar Hernández lines out to second baseman Bryson Stott.,D,R,L,LAD,PHI,X,4,line_drive,0,1,2025,1.49,0.16,-0.6002838524594747,2.338365561258212,,,,2,1,Bot,148.78,155.23,,,,,-9.509539534485343,-138.95674735550068,-4.173753889094309,21.456910105310975,30.798044595193993,-29.334848604947073,3.47,1.61,158,104.9,6,96.4,2125,6.8,813042,592663,547180,681082,664761,607208,596146,669016,592206,53.72,0.656,0.615,0,1,0,0,4,8,2,Sinker,0,0,0,0,0,0,0,0,Standard,Standard,120,-0.008,-0.217,71.6,6.8,0.749,0.217,104.9,0,0,0.508,0.508,28,32,29,33,1,0,5,1,,4,2.34,1.49,-1.49,31.5,5.29172133794338,15.83114273683232,33.55484157607656,30.940864078470874,20.669879410889955
FF,2025-10-09,96.2,-1.02,5.4,"Kepler, Max",596146,686218,,called_strike,,,,,8,Called Strike,D,L,R,LAD,PHI,S,,,1,1,2025,-0.84,1.35,0.013336570604720044,1.896896107475378,,,592663,0,7,Top,,,,,,,4.688317269572478,-139.9496592617722,-6.798001106110881,-12.137045808023208,32.19964988197736,-13.115005948028298,3.43945746011627,1.62410121557889,,,,96.8,2509,6.7,813042,669257,518692,669242,571771,605141,669743,681624,606192,53.81,,,,,,,,48,3,4-Seam Fastball,0,0,0,0,0,0,0,0,Infield shade,Standard,209,0.014,-0.07,,,,0.07,,0,0,0.444,0.556,25,32,26,32,1,2,3,1,15,,1.12,0.84,-0.84,35.5,,,,,
SL,2025-10-09,83.5,-3.45,5.43,"Hoerner, Nico",663538,642547,,swinging_strike,,,,,14,Swinging Strike,D,R,R,CHC,MIL,S,,,1,1,2025,0.43,0.32,1.119975943197282,1.8438932102913155,,,,1,1,Bot,,,,,,,9.732414887449139,-121.35270082424942,-2.464570533583368,2.4475660954150906,23.041966463083483,-28.697899361557287,3.3,1.57,,,,84.2,2460,6.7,813050,661388,683734,668930,702332,687401,694192,663368,686217,53.78,,,,,,,,6,3,Slider,0,0,0,0,0,0,0,0,Standard,Standard,74,-0.004,-0.064,,,,0.064,,0,0,0.525,0.525,29,28,29,28,1,0,5,1,5,2,2.95,-0.43,-0.43,38.5,,,,,
SL,2025-10-09,85.8,0.12,6.06,"Harper, Bryce",547180,681911,,swinging_strike,,,,,13,Swinging Strike,D,L,L,LAD,PHI,S,,,3,0,2025,-0.6,0.12,-1.011889460490607,1.2843259060106647,,,,1,11,Top,,,,,,,-1.4709724285946648,-124.99109721469236,-5.3519629552789425,-6.012273494067435,22.86105108237321,-30.168508358783043,3.17,1.63,,,,86.3,2393,6.4,813042,669257,518692,669242,571970,605141,571771,681624,606192,54.14,,,,,,,,78,4,Slider,1,1,1,1,1,1,1,1,Strategic,Standard,202,0.012,-0.088,46.2,6.4,,0.088,,0,0,0.523,0.477,29,32,29,33,1,4,3,1,7,,2.95,-0.6,-0.6,71.8,-5.236793027185304,15.910378389463853,36.624922871968316,48.26567540666075,18.19105687169437
FF,2025-10-09,92.7,1.79,5.2,"Hernández, Enrique",571771,621381,,foul,,,,,7,Foul,D,R,L,LAD,PHI,S,,,1,2,2025,0.81,1.5,-0.3663496905713216,2.045840512513074,,,,1,9,Bot,,,,,,,-7.280458263267128,-134.74358173249573,-5.510914146800285,11.473222656281989,30.617435460329492,-12.916727997984097,3.41,1.69,137,75.2,19,92.6,2500,6.4,813042,592663,547180,681082,664761,607208,596146,669016,592206,54.12,,,,,,,,69,4,4-Seam Fastball,1,1,1,1,1,1,1,1,Standard,Standard,137,0,0,69.9,7.5,,0,88.0,0,0,0.568,0.568,33,33,34,34,1,3,3,1,,4,1.17,0.81,-0.81,30.8,1.42780018374592,-0.5450532655496012,37.516764641710175,36.222476306907495,27.436123279594426
CH,2025-10-09,89.1,2.27,5.45,"Betts, Mookie",605141,666200,field_out,hit_into_play,,,,,14,Mookie Betts flies out to center fielder Brandon Marsh.,D,R,L,LAD,PHI,X,8,fly_ball,1,2,2025,1.34,0.71,0.9667193883290919,1.6489184217108395,,,,1,10,Bot,131.92,86.86,,,,,-5.972910867221119,-129.65147440788854,-4.822336122250067,16.30569314271537,25.19682675702985,-23.309512219089346,3.22,1.52,280,80.1,36,88.8,1984,6,813042,592663,547180,681082,664761,607208,596146,669016,592206,54.53,0.033,0.031,0,1,0,0,3,75,4,Changeup,1,1,1,1,1,1,1,1,Standard,Standard,111,-0.032,-0.18,63.0,7.8,0.055,0.18,88.0,0,0,0.568,0.568,27,32,28,33,1,4,3,1,,4,2.14,1.34,-1.34,27.6,8.74120937473411,-1.2155405020015408,30.493383270655595,50.213720616057344,33.47067286789848
FF,2025-10-09,94.6,0.03,6.09,"Vaughn, Andrew",683734,573204,,foul,,,,,5,Foul,D,R,L,CHC,MIL,S,,,2,2,2025,0.39,1.65,-0.26750982993883704,2.3018332142927407,,,,1,9,Top,,,,,,,-1.6568854019661763,-137.5260286020266,-7.788645956663786,5.338687501927382,34.8245428744687,-9.664599488561636,3.19,1.52,202,71.5,44,93.8,2442,6.2,813050,608348,683737,663538,807713,621020,664023,691718,673548,54.32,,,,,,,,73,5,4-Seam Fastball,6,0,0,6,0,6,0,6,Standard,Standard,161,0,0,,,,0,88.0,6,-6,0.999,0.0010000000000000009,38,27,38,27,1,3,1,1,2,2,0.93,0.39,-0.39,52.8,,,,,
FS,2025-10-09,86.2,-1.11,5.59,"Turang, Brice",668930,694037,field_out,hit_into_play,,,,,2,"Brice Turang grounds out, second baseman Nico Hoerner to first baseman Michael Busch.",D,L,R,CHC,MIL,X,4,ground_ball,1,1,2025,-0.46,0.35,-0.042142784989153914,3.1681286305463825,,,,1,6,Top,152.28,157.3,,,,,3.5192024108100686,-125.54150506079623,-0.21903145388634138,-5.61273930218416,26.036836266927192,-28.64964401561924,3.46,1.64,70,100.4,2,86.8,834,6.7,813050,608348,683737,663538,807713,621020,664023,691718,673548,53.8,0.466,0.429,0,1,0,0,4,45,3,Split-Finger,3,0,0,3,0,3,0,3,Standard,Standard,241,0.014,-0.244,,,0.512,0.244,100.4,3,-3,0.888,0.11199999999999999,25,25,25,26,1,2,1,1,2,2,2.72,0.46,-0.46,31.1,,,,,
FS,2025-10-09,89,-1.85,6.14,"Harper, Bryce",547180,808963,field_out,hit_into_play,,,,,9,Bryce Harper pops out to third baseman Enrique Hernández.,D,L,R,LAD,PHI,X,5,popup,1,2,2025,-0.57,0.16,0.5675129746937319,1.984608183776325,,,,1,8,Top,70.23,126.85,,,,,7.275179402189056,-129.42879385581236,-4.561511056064282,-7.966735393020415,26.810961912657056,-29.582481556445284,3.17,1.63,194,91.8,63,90.5,782,7.2,813042,669257,518692,669242,571771,605141,681624,681909,606192,53.27,0.008,0.007,0,1,0,0,3,60,5,Split-Finger,1,1,1,1,1,1,1,1,Infield shade,Standard,284,0.025,-0.18,74.1,7.0,0.008,0.18,91.8,0,0,0.557,0.44299999999999995,23,32,24,33,1,3,3,1,4,,2.72,0.57,-0.57,45.7,15.111031386817135,-8.135880292176136,44.18136711421567,28.992729397103542,37.31048009012585
CH,2025-10-09,89.7,2.41,5.21,"Happ, Ian",664023,688107,,ball,,,,,13,Ball,D,R,L,CHC,MIL,B,,,0,0,2025,1.42,0.05,-1.1958121226807041,1.390630713955745,,,673548,0,7,Bot,,,,,,,-11.96873694040129,-130.03543533782795,-3.4951863468757356,18.718279091240277,28.718181880885595,-30.99840838279803,3.50608144012852,1.57893975931398,,,,89.8,2131,6.7,813050,661388,683734,668930,702332,687401,694192,663368,686217,53.8,,,,,,,,59,1,Changeup,5,0,5,0,0,5,5,0,Standard,Standard,112,0,0.04,,,,-0.04,,5,5,0.988,0.988,26,30,26,31,1,3,12,1,5,2,2.82,1.42,-1.42,28.0,,,,,
CU,2025-10-09,82.7,-1.43,6.04,"Schwarber, Kyle",656941,607192,,ball,,,,,13,Ball,D,L,R,LAD,PHI,B,,,0,1,2025,0.42,-1.2,-0.03224735882960206,0.8776501504245751,,,,1,1,Top,,,,,,,2.3883343136107524,-120.38571080329226,-2.886409158283186,3.5812408504323363,25.798539004018885,-43.35099698796062,3.01164321085026,1.48431834151859,,,,83.6,2655,7.1,813042,669257,518692,669242,571771,605141,669743,681624,606192,53.4,,,,,,,,2,2,Curveball,0,0,0,0,0,0,0,0,Infield shade,Standard,11,-0.001,0.029,,,,-0.029,,0,0,0.524,0.476,31,32,32,32,1,0,5,1,7,,4.56,-0.42,0.42,57.3,,,,,
SI,2025-10-09,96.8,-1.61,5.59,"Pages, Andy",681624,689147,,swinging_strike,,,,,11,Swinging Strike,D,R,R,LAD,PHI,S,,,0,0,2025,-1.59,0.88,-1.309985477425346,2.7388839516402,808975,571970,571771,2,11,Bot,,,,,,,4.499580009015581,-140.82168264390413,-4.088452992644143,-22.135537377339308,33.19814889565244,-19.782754351952747,3.52,1.6,,,,97.9,2260,7,813042,592663,547180,681082,664761,607208,642215,596146,592206,53.5,,,,,,,,86,1,Sinker,1,1,1,1,1,1,1,1,Standard,Standard,227,-0.025,-0.035,46.1,6.4,,0.035,,0,0,0.665,0.665,24,24,24,25,1,4,1,1,,4,1.56,1.59,1.59,30.2,-18.634502382079166,18.359358133261004,51.43364798440155,22.145908362475144,14.40246350380645
SI,2025-10-09,99.7,0.36,6.66,"Suzuki, Seiya",673548,676879,,called_strike,,,,,1,Called Strike,D,R,L,CHC,MIL,S,,,0,0,2025,1.26,0.85,-0.4176471056299915,2.5263114778445015,807713,663538,663656,1,5,Bot,,,,,,,-4.996793706864409,-144.90279228928574,-7.756424593967615,18.909735347213587,38.05493607347118,-18.516048890112195,3.03306018691845,1.31288388454801,,,,97.4,2258,5.3,813050,661388,683734,668930,702332,687401,694192,663368,686217,55.15,,,,,,,,42,1,Sinker,3,0,3,0,0,3,3,0,Strategic,Standard,153,-0.004,-0.05,,,,0.05,,3,3,0.922,0.922,27,30,27,31,1,2,3,1,2,2,1.47,1.26,-1.26,50.6,,,,,
FF,2025-10-09,94.4,2.25,5.54,"Chourio, Jackson",694192,571510,,foul_tip,,,,,1,Foul Tip,D,R,L,CHC,MIL,S,,,0,0,2025,1.38,1.15,-0.4585122968347046,3.293860889173956,,,592885,0,1,Top,,,,,,,-10.127952806474216,-137.09375976918022,-2.656619390735018,19.682077074434254,32.651304950632394,-17.29344112223193,3.3,1.72,,,,94.2,2265,6.5,813050,608348,683737,663538,807713,621020,664023,691718,673548,54.02,,,,,,,,2,1,4-Seam Fastball,0,0,0,0,0,0,0,0,Standard,Standard,122,0.005,-0.043,,,,0.043,,0,0,0.464,0.536,34,21,34,21,1,0,5,1,,2,1.43,1.38,-1.38,24.9,,,,,
CH,2025-10-09,94,-1.37,6.36,"Chourio, Jackson",694192,641745,,ball,,,,,11,Ball,D,R,R,CHC,MIL,B,,,0,0,2025,-1.14,0.77,-1.6886741986093283,2.457650167506653,,,592885,0,8,Top,,,,,,,1.6911617668412093,-136.78870783450478,-6.0658180377642195,-14.664366768026495,30.90135597676589,-21.344567143642795,3.19371506947281,1.53597762367919,,,,93.3,2156,5.9,813050,608348,683737,663538,807713,621020,664023,691718,673548,54.56,,,,,,,,64,1,Changeup,5,0,0,5,0,5,0,5,Standard,Standard,202,-0.003,0.04,,,,-0.04,,5,-5,0.968,0.03200000000000003,29,21,30,21,1,3,1,1,2,2,1.81,1.14,1.14,46.3,,,,,
KC,2025-10-09,84.6,1.86,6.25,"Perkins, Blake",663368,519141,,ball,,,,,13,Ball,D,R,L,CHC,MIL,B,,,0,1,2025,-0.47,-1.07,-0.7961339927893772,1.2140671596868025,,,,1,7,Top,,,,,,,-5.194404748883036,-122.93284153173224,-3.0889918513789727,-3.447612494752508,28.72511858658247,-42.415428414059214,3.33012114744383,1.59662191903829,,,,82.7,2280,5.5,813050,608348,683737,663538,807713,621020,664023,691718,673548,54.96,,,,,,,,55,2,Knuckle Curve,4,0,0,4,0,4,0,4,Standard,Standard,332,-0.002,0.029,,,,-0.029,,4,-4,0.958,0.04200000000000004,36,28,37,29,1,2,1,1,2,2,4.31,-0.47,0.47,39.5,,,,,
CH,2025-10-09,84.3,-1.22,5.32,"Kepler, Max",596146,686218,,blocked_ball,,,,,14,Ball In Dirt,D,L,R,LAD,PHI,B,,,0,1,2025,-0.94,-0.17,0.9461051596823028,0.804000351912125,,,592663,0,7,Top,,,,,,,6.930573536734245,-122.58798308949305,-3.7930549799648947,-10.82022700708447,24.079742145000857,-33.335474045822316,3.47491474452529,1.79672468011686,,,,84.7,1287,6.6,813042,669257,518692,669242,571771,605141,669743,681624,606192,53.9,,,,,,,,48,2,Changeup,0,0,0,0,0,0,0,0,Infield shade,Standard,267,-0.005,0.034,,,,-0.034,,0,0,0.449,0.5509999999999999,25,32,26,32,1,2,3,1,15,,3.38,0.94,-0.94,30.6,,,,,
SI,2025-10-09,95.9,1.78,5.8,"Hernández, Teoscar",606192,650911,,foul,,,,,9,Foul,D,R,L,LAD,PHI,S,,,0,0,2025,1.45,0.29,0.7741716409178483,2.0220926239853236,,,,2,1,Bot,,,,,,,-6.026496943174834,-139.61457657702638,-5.104537190615123,20.3354102193649,30.15321402131627,-27.508964078976497,3.47,1.61,,,,97.2,2149,6.9,813042,592663,547180,681082,664761,607208,596146,669016,592206,53.56,,,,,,,,8,1,Sinker,0,0,0,0,0,0,0,0,Standard,Standard,118,-0.002,-0.043,74.2,7.9,,0.043,,0,0,0.51,0.51,28,32,29,33,1,0,5,1,,4,2.18,1.45,-1.45,31.7,2.759753612434709,8.007725618180539,38.21674965493803,47.22388887719531,26.543516211949587
FF,2025-10-09,91.1,1.73,5.23,"Hernández, Enrique",571771,621381,,swinging_strike,,,,,4,Swinging Strike,D,R,L,LAD,PHI,S,,,1,1,2025,0.84,1.46,-0.7521192878191484,2.856048305527243,,,,1,9,Bot,,,,,,,-8.00158936409853,-132.3345431902004,-3.141789404660591,11.646836834385402,30.506818746130335,-14.582041944455177,3.41,1.69,,,,90.5,2501,6.2,813042,592663,547180,681082,664761,607208,596146,669016,592206,54.3,,,,,,,,69,3,4-Seam Fastball,1,1,1,1,1,1,1,1,Standard,Standard,134,-0.012,-0.064,72.7,6.5,,0.064,,0,0,0.58,0.58,33,33,34,34,1,3,3,1,,4,1.31,0.84,-0.84,31.6,2.5264441081169147,14.790106682042108,33.24413338290281,29.837608603068222,27.459183201175804
SL,2025-10-09,84.3,-3.43,5.48,"Hoerner, Nico",663538,642547,,ball,,,,,14,Ball,D,R,R,CHC,MIL,B,,,0,1,2025,0.39,0.25,1.4602372316549868,1.6339145374332245,,,,1,1,Bot,,,,,,,10.572428826155807,-122.27146403926194,-2.976388533767033,1.6498237218672713,26.034325696162632,-29.25551398115425,3.21683136063327,1.49534187496321,,,,84,2498,6.4,813050,661388,683734,668930,702332,687401,694192,663368,686217,54.05,,,,,,,,6,2,Slider,0,0,0,0,0,0,0,0,Standard,Standard,84,0.001,0.029,,,,-0.029,,0,0,0.524,0.524,29,28,29,28,1,0,5,1,5,2,3,-0.39,-0.39,36.2,,,,,
FF,2025-10-09,92.3,2.42,5.33,"Yelich, Christian",592885,571510,walk,ball,,,,,13,Christian Yelich walks.,D,L,L,CHC,MIL,B,,,3,2,2025,1.43,0.6,-1.3259894427684276,1.2745821249181954,,,,0,1,Top,,,,,,,-12.609975879373515,-133.6273223605428,-5.711261502780989,19.99166047693253,31.096129637308906,-23.83055238692158,3.15858057404022,1.73117488831373,,,,91.7,2248,6.4,813050,608348,683737,663538,807713,621020,664023,691718,673548,54.08,,0.691497,0.7,1,0,0,,1,6,4-Seam Fastball,0,0,0,0,0,0,0,0,Strategic,Standard,119,-0.031,0.356,,,,-0.356,,0,0,0.495,0.505,34,33,34,34,1,0,5,1,,2,2.12,1.43,1.43,21.6,,,,,
FF,2025-10-09,96,-1.28,6.39,"Yelich, Christian",592885,641745,walk,ball,,,,,11,Christian Yelich walks.,D,L,R,CHC,MIL,B,,,3,2,2025,0.04,1.21,-1.4236572937109648,4.05547964227354,,,,0,8,Top,,,,,,,-0.45565351525192255,-139.92759880225856,-3.3456000626197904,0.5828196250081485,30.76824574700766,-15.678891626853423,3.14915147227755,1.66938491630142,,,,95.4,2437,5.8,813050,608348,683737,663538,807713,621020,664023,691718,673548,54.7,,0.691497,0.7,1,0,0,,63,6,4-Seam Fastball,5,0,0,5,0,5,0,5,Standard,Standard,196,-0.012,0.356,,,,-0.356,,5,-5,0.98,0.020000000000000018,29,33,30,34,1,3,1,1,2,2,1.25,-0.04,0.04,48.4,,,,,
FS,2025-10-09,88.2,-2.01,6.1,"Harper, Bryce",547180,808963,,foul,,,,,13,Foul,D,L,R,LAD,PHI,S,,,1,2,2025,-0.66,-0.32,-0.9085215420781715,1.7188707887469614,,,,1,8,Top,,,,,,,4.1283868142204385,-128.37741512592024,-3.899759224680891,-8.180747251675722,28.274270853666224,-35.078341110622176,3.17,1.63,2,58,-48,89.6,559,7.3,813042,669257,518692,669242,571771,605141,681624,681909,606192,53.23,,,,,,,,60,4,Split-Finger,1,1,1,1,1,1,1,1,Infield shade,Standard,300,0,0,73.9,7.7,,0,88.0,0,0,0.557,0.44299999999999995,23,32,24,33,1,3,3,1,4,,3.27,0.66,-0.66,47.2,11.045080880900029,1.4458586594643243,32.777432866025116,46.306824148416894,32.0961163123245
SI,2025-10-09,97.7,-1.67,5.77,"Schwarber, Kyle",656941,607192,,called_strike,,,,,5,Called Strike,D,L,R,LAD,PHI,S,,,0,0,2025,-1.05,1.32,0.00455794042439317,2.1941226366158864,,,,1,1,Top,,,,,,,7.109888306157417,-141.88784363759112,-7.295810306294796,-15.781061858681307,33.76411611817017,-12.87469433160302,3.19161020419214,1.52969824602416,,,,100,2592,7.7,813042,669257,518692,669242,571771,605141,669743,681624,606192,52.75,,,,,,,,2,1,Sinker,0,0,0,0,0,0,0,0,Infield shade,Standard,194,0.002,-0.039,,,,0.039,,0,0,0.522,0.478,31,32,32,32,1,0,5,1,7,,1.09,1.05,-1.05,49.6,,,,,
SL,2025-10-09,88.2,-1.3,5.4,"Turang, Brice",668930,694037,,swinging_strike,,,,,9,Swinging Strike,D,L,R,CHC,MIL,S,,,1,0,2025,0.35,0.02,0.37542147014559746,2.0101663698052685,,,,1,6,Top,,,,,,,3.358142784769752,-128.37400494399975,-2.19536412313488,3.1888690787550598,27.083446295739787,-31.714519535037613,3.46,1.64,,,,88.5,2340,6.5,813050,608348,683737,663538,807713,621020,664023,691718,673548,53.98,,,,,,,,45,2,Slider,3,0,0,3,0,3,0,3,Standard,Standard,138,0.004,-0.049,,,,0.049,,3,-3,0.884,0.11599999999999999,25,25,25,26,1,2,1,1,2,2,2.91,-0.35,0.35,26.4,,,,,
ST,2025-10-09,88.1,-1.92,5.47,"Hernández, Enrique",571771,689147,walk,ball,,,,,14,Enrique Hernández walks.,D,R,R,LAD,PHI,B,,,3,2,2025,1.05,0.02,1.3639619512661627,0.7946442396195246,808975,571970,,2,11,Bot,,,,,,,5.863108545986441,-128.14489432423304,-5.303414361444679,10.187477707818623,28.537095632739994,-30.93390811841871,3.38433908428112,1.68545296946942,,,,88.7,2984,6.9,813042,592663,547180,681082,664761,607208,642215,596146,592206,53.63,,0.691497,0.7,1,0,0,,85,6,Sweeper,1,1,1,1,1,1,1,1,Standard,Standard,38,0.026,0.131,,,,-0.131,,0,0,0.639,0.639,24,33,24,34,1,4,1,1,,4,2.93,-1.05,-1.05,30.1,,,,,
ST,2025-10-09,83.7,2.32,5.2,"Suzuki, Seiya",673548,688107,single,hit_into_play,,,,,4,Seiya Suzuki singles on a ground ball to third baseman Caleb Durbin.,D,R,L,CHC,MIL,X,5,ground_ball,1,0,2025,-0.73,0.39,-0.5032368918440822,2.396222677260032,,,,0,7,Bot,87.86,164.21,,,,,-5.0942110914289005,-121.77521973807006,-0.73670414046253,-6.0711321668684,26.669550192599786,-28.41611586243297,3.15,1.42,14,90.5,-9,83.7,2491,6.6,813050,661388,683734,668930,702332,687401,694192,663368,686217,53.95,0.205,0.188,0.9,1,1,0,2,58,2,Sweeper,5,0,5,0,0,5,5,0,Strategic,Standard,278,0.002,0.396,,,0.206,-0.396,90.5,5,5,0.986,0.986,26,30,26,31,1,3,12,1,5,2,2.9,-0.73,0.73,25.8,,,,,
SI,2025-10-09,98.4,0.34,6.63,"Tucker, Kyle",663656,676879,walk,ball,,,,,7,Kyle Tucker walks.,D,L,L,CHC,MIL,B,,,3,2,2025,1.29,0.76,-0.6496687193618023,1.5274471127128568,807713,663538,,1,5,Bot,,,,,,,-5.573936568028446,-142.84327449450802,-9.907963430905665,18.895366459921057,36.44905672841176,-19.51060215932586,3.33453696258815,1.53476980754393,,,,96.3,2414,5.5,813050,661388,683734,668930,702332,687401,694192,663368,686217,55.03,,0.691497,0.7,1,0,0,,41,6,Sinker,3,0,3,0,0,3,3,0,Strategic,Standard,150,0.002,0.117,,,,-0.117,,3,3,0.92,0.92,27,28,27,28,1,2,3,1,2,2,1.63,1.29,1.29,50.7,,,,,
FF,2025-10-09,92.3,0.07,5.88,"Harper, Bryce",547180,681911,,ball,,,,,13,Ball,D,L,L,LAD,PHI,B,,,2,0,2025,0.5,1.63,-1.2749712840957956,1.728458691933993,,,,1,11,Top,,,,,,,-4.495157042206551,-133.98540575265048,-8.173999829791871,7.043083830705664,34.90849211085039,-10.891922525847578,3.25414784992446,1.71769483929733,,,,91.5,2593,6.4,813042,669257,518692,669242,571970,605141,571771,681624,606192,54.07,,,,,,,,78,3,4-Seam Fastball,1,1,1,1,1,1,1,1,Standard,Standard,165,-0.018,0.143,,,,-0.143,,0,0,0.541,0.45899999999999996,29,32,29,33,1,4,3,1,7,,1.1,0.5,0.5,67.4,,,,,
FF,2025-10-09,99.3,2.2,5.68,"Betts, Mookie",605141,666200,,ball,,,,,12,Ball,D,R,L,LAD,PHI,B,,,0,2,2025,1.33,1.01,1.5153577056336103,4.252315585715345,,,,1,10,Bot,,,,,,,-4.9481465471108645,-144.59627677235721,-0.8456012141589224,19.818462035529247,33.51575872976021,-18.07980192078827,3.21567858711921,1.55335473058667,,,,98.5,2333,5.8,813042,592663,547180,681082,664761,607208,596146,669016,592206,54.7,,,,,,,,75,3,4-Seam Fastball,1,1,1,1,1,1,1,1,Standard,Standard,124,0.004,0.017,,,,-0.017,,0,0,0.564,0.564,27,32,28,33,1,4,3,1,,4,1.3,1.33,-1.33,32.5,,,,,
SI,2025-10-09,98.8,-2.39,5.94,"Betts, Mookie",605141,661395,,ball,,,,,13,Ball,D,R,R,LAD,PHI,B,,,0,0,2025,-1.08,0.24,-0.021728642924359498,1.2661748778590547,681909,571771,660271,2,7,Bot,,,,,,,8.9302617458202,-143.50169318660048,-7.85138545670978,-16.894082538340143,31.4244208321253,-27.229298928381187,3.18194547056178,1.5503289192692,,,,98.9,1867,6.3,813042,592663,547180,681082,664761,607208,596146,669016,592206,54.2,,,,,,,,57,1,Sinker,0,1,0,1,1,0,0,1,Standard,Standard,238,0.021,0.032,,,,-0.032,,-1,-1,0.414,0.414,27,32,27,33,1,3,3,1,,4,2.09,1.08,1.08,35.1,,,,,
FF,2025-10-09,93.1,1.91,6.22,"Perkins, Blake",663368,519141,,called_strike,,,,,1,Called Strike,D,R,L,CHC,MIL,S,,,0,0,2025,0.13,1.77,-0.5988920447249622,3.325549023795251,,,,1,7,Top,,,,,,,-6.624711459402054,-135.28534043676262,-5.390253724108751,3.276594710220638,34.150431797963535,-9.49264739545006,3.34930451333793,1.57304309672563,,,,91.3,2711,5.6,813050,608348,683737,663538,807713,621020,664023,691718,673548,54.89,,,,,,,,55,1,4-Seam Fastball,4,0,0,4,0,4,0,4,Strategic,Standard,156,0.002,-0.039,,,,0.039,,4,-4,0.956,0.04400000000000004,36,28,37,29,1,2,1,1,2,2,0.9,0.13,-0.13,39.6,,,,,
FF,2025-10-09,95.1,0.09,6.12,"Vaughn, Andrew",683734,573204,,ball,,,,,12,Ball,D,R,L,CHC,MIL,B,,,1,2,2025,0.31,1.66,0.45030544540205264,3.801802466655374,,,,1,9,Top,,,,,,,0.23923293343544844,-138.3184476732079,-4.077049681473556,3.8618841095889853,35.144130592234724,-10.282235485453398,2.9368668046166,1.3372977777943,,,,94.4,2471,6.2,813050,608348,683737,663538,807713,621020,664023,691718,673548,54.27,,,,,,,,73,4,4-Seam Fastball,6,0,0,6,0,6,0,6,Standard,Standard,164,0,0.048,,,,-0.048,,6,-6,0.999,0.0010000000000000009,38,27,38,27,1,3,1,1,2,2,0.89,0.31,-0.31,51.4,,,,,
FF,2025-10-09,98.5,-0.09,6.68,"Busch, Michael",683737,656730,,foul,,,,,5,Foul,D,L,R,CHC,MIL,S,,,0,1,2025,-0.51,1.5,-0.02244588422756605,2.696083960584865,,,807713,0,5,Bot,,,,,,,1.3929618376072075,-143.20626798208127,-8.834587346805693,-7.392161817279089,34.96307786895403,-9.725158837977478,3.2721956774932,1.56208351648117,,,,98.8,2536,6.6,813050,661388,683734,668930,702332,687401,694192,663368,686217,53.89,,,,,,,,39,2,4-Seam Fastball,3,0,3,0,0,3,3,0,Standard,Standard,204,-0.003,-0.053,,,,0.053,,3,3,0.896,0.896,31,27,32,28,1,2,3,1,2,2,0.87,0.51,-0.51,52.5,,,,,
FF,2025-10-09,92,2.11,6.15,"Frelick, Sal",686217,519141,strikeout,called_strike,,,,,12,Sal Frelick called out on strikes.,D,L,L,CHC,MIL,S,2,,2,2,2025,0.32,1.81,0.8274739832030622,3.299496405518928,,,,0,7,Top,,,,,,,-3.8957651951513332,-133.77553676587587,-5.1802878225255995,4.696285133671935,32.28416397429929,-9.642886412916534,3.05955144249337,1.44468310829935,,,,90.5,2672,5.7,813050,608348,683737,663538,807713,621020,664023,691718,673548,54.83,,0,0,1,0,0,,54,5,4-Seam Fastball,4,0,0,4,0,4,0,4,Standard,Standard,169,0.013,-0.232,,,,0.232,,4,-4,0.943,0.05700000000000005,36,25,37,25,1,2,1,1,2,2,0.92,0.32,0.32,37.9,,,,,
FF,2025-10-09,94.7,-3.39,5.6,"Hoerner, Nico",663538,642547,,foul,,,,,6,Foul,D,R,R,CHC,MIL,S,,,0,0,2025,-0.13,1.28,0.4003098881389623,2.303218670025278,,,,1,1,Bot,,,,,,,10.216412280280734,-137.41598911184403,-5.774583100819786,-3.923641531186147,30.904572705692818,-14.868514924344174,3.3,1.57,205,76.6,56,94.9,2570,6.6,813050,661388,683734,668930,702332,687401,694192,663368,686217,53.9,,,,,,,,6,1,4-Seam Fastball,0,0,0,0,0,0,0,0,Standard,Standard,207,-0.002,-0.039,,,,0.039,88.0,0,0,0.526,0.526,29,28,29,28,1,0,5,1,5,2,1.28,0.13,0.13,42.8,,,,,
FF,2025-10-09,98.4,2.16,5.66,"Betts, Mookie",605141,666200,,foul,,,,,5,Foul,D,R,L,LAD,PHI,S,,,0,1,2025,1.11,1.02,-0.012990948471829356,2.302483785431141,,,,1,10,Bot,,,,,,,-8.419987896295037,-142.96286201393454,-5.941559397329526,17.215626733242907,33.631470272985304,-16.99511012526615,3.22,1.52,231,74.3,32,97.7,2261,6,813042,592663,547180,681082,664761,607208,596146,669016,592206,54.49,,,,,,,,75,2,4-Seam Fastball,1,1,1,1,1,1,1,1,Infield shade,Standard,127,-0.011,-0.052,67.6,6.5,,0.052,88.0,0,0,0.575,0.575,27,32,28,33,1,4,3,1,,4,1.35,1.11,-1.11,30.2,-2.1133565655748776,10.699388821060904,39.29665028349782,37.9392392881377,23.075563076962716
SL,2025-10-09,85,0.09,6.1,"Harper, Bryce",547180,681911,,ball,,,,,13,Ball,D,L,L,LAD,PHI,B,,,1,0,2025,-0.37,0.37,-1.27681158002265,2.390009885039075,,,,1,11,Top,,,,,,,-2.471566354668377,-123.83549667336166,-3.1387193469523025,-3.3121530353810735,24.379437299065174,-28.004209948834028,3.28763348347194,1.69722106441769,,,,85.2,2456,6.3,813042,669257,518692,669242,571970,605141,571771,681624,606192,54.17,,,,,,,,78,2,Slider,1,1,1,1,1,1,1,1,Standard,Standard,208,-0.011,0.071,,,,-0.071,,0,0,0.552,0.44799999999999995,29,32,29,33,1,4,3,1,7,,2.78,-0.37,-0.37,70.4,,,,,
SL,2025-10-09,84.4,-1.32,6.41,"Yelich, Christian",592885,641745,,ball,,,,,11,Ball,D,L,R,CHC,MIL,B,,,2,2,2025,0.73,-0.77,-1.1777864572274992,2.8870186975006846,,,,0,8,Top,,,,,,,-1.121087250175954,-122.86902515113732,-0.2826110921468663,7.625428743308714,25.188665775817636,-40.15583074679835,3.17459719142079,1.6052076776559,,,,83.5,2748,5.8,813050,608348,683737,663538,807713,621020,664023,691718,673548,54.73,,,,,,,,63,5,Slider,5,0,0,5,0,5,0,5,Standard,Standard,57,-0.003,0.112,,,,-0.112,,5,-5,0.983,0.017000000000000015,29,33,30,34,1,3,1,1,2,2,3.98,-0.73,0.73,49.4,,,,,
SL,2025-10-09,81.6,3.06,4.99,"Yelich, Christian",592885,571510,,ball,,,,,12,Ball,D,L,L,CHC,MIL,B,,,2,2,2025,-0.38,-0.11,1.8565727807773398,2.658933371897756,,,,0,1,Top,,,,,,,-1.953654060603082,-118.78267992105498,1.544025729265294,-3.2285706159927625,23.474111966603598,-33.726443031507564,3.16524651695695,1.82792242955548,,,,81.2,2437,6,813050,608348,683737,663538,807713,621020,664023,691718,673548,54.46,,,,,,,,1,5,Slider,0,0,0,0,0,0,0,0,Strategic,Standard,293,-0.008,0.112,,,,-0.112,,0,0,0.503,0.497,34,33,34,34,1,0,5,1,,2,3.54,-0.38,-0.38,12.3,,,,,
SL,2025-10-09,79.8,1.74,5.36,"Hernández, Enrique",571771,621381,,called_strike,,,,,3,Called Strike,D,R,L,LAD,PHI,S,,,1,0,2025,-0.97,-0.09,0.40594021653955203,2.9949410779208927,,,,1,9,Bot,,,,,,,-1.0941778395132877,-116.23983082808418,1.702527838716968,-8.57250210783618,22.635698629712838,-33.53512211710126,3.29533555787743,1.59384516576917,,,,79.4,2592,6,813042,592663,547180,681082,664761,607208,596146,669016,592206,54.48,,,,,,,,69,2,Slider,1,1,1,1,1,1,1,1,Standard,Standard,280,-0.007,-0.049,,,,0.049,,0,0,0.587,0.587,33,33,34,34,1,3,3,1,,4,3.67,-0.97,0.97,36.5,,,,,
FF,2025-10-09,96.2,-1.54,5.91,"Turner, Trea",607208,607192,strikeout,swinging_strike,,,,,11,Trea Turner strikes out swinging.,D,R,R,LAD,PHI,S,2,,2,2,2025,-0.2,1.35,-0.3702134407483498,3.9490588683197965,,,,0,1,Top,,,,,,,3.6432753013642647,-140.07186177921977,-2.7574858223455188,-3.478279374828102,31.217813727966785,-13.984354670325317,3.48,1.69,,,,98.5,2407,7.5,813042,669257,518692,669242,571771,605141,669743,681624,606192,52.96,,0,0,1,0,0,,1,5,4-Seam Fastball,0,0,0,0,0,0,0,0,Standard,Standard,190,0.019,-0.232,43.8,5.2,,0.232,,0,0,0.503,0.497,31,32,32,32,1,0,5,1,7,,1.11,0.2,0.2,54.0,-0.5070228385447643,41.53095347717008,21.505210389953458,33.509004056687445,2.11271706125333
FF,2025-10-09,97.1,-0.1,6.68,"Busch, Michael",683737,656730,,called_strike,,,,,3,Called Strike,D,L,R,CHC,MIL,S,,,0,0,2025,0.11,1.7,0.734888311905216,2.8643612700239935,,,807713,0,5,Bot,,,,,,,1.9809838054760838,-141.16529787159163,-8.574673426143141,1.0339142070780512,34.676747380641906,-7.657570521115283,3.29352837059373,1.59959008014918,,,,97.2,2397,6.6,813050,661388,683734,668930,702332,687401,694192,663368,686217,53.92,,,,,,,,39,1,4-Seam Fastball,3,0,3,0,0,3,3,0,Standard,Standard,202,-0.002,-0.043,,,,0.043,,3,3,0.898,0.898,31,27,32,28,1,2,3,1,2,2,0.73,-0.11,0.11,53.2,,,,,
CH,2025-10-09,86.2,1.97,5.77,"Betts, Mookie",605141,650911,strikeout,swinging_strike,,,,,12,Mookie Betts strikes out swinging.,D,R,L,LAD,PHI,S,2,,1,2,2025,1.47,-0.16,1.3389230841265178,2.3802247599575104,,,,1,1,Bot,,,,,,,-4.530770996211157,-125.51200119269849,-1.498653481064851,16.44060439428789,25.89449238513895,-33.80192082278506,3.22,1.52,,,,87.1,2052,6.9,813042,592663,547180,681082,664761,607208,596146,669016,592206,53.64,,0,0,1,0,0,,7,4,Changeup,0,0,0,0,0,0,0,0,Standard,Standard,109,-0.011,-0.18,47.6,6.3,,0.18,,0,0,0.521,0.521,28,32,29,33,1,0,5,1,,4,3.23,1.47,-1.47,27.1,-14.951180741483551,22.618715108301465,27.64706696007081,55.100554798817086,10.241834032410125
SL,2025-10-09,88,-1.38,5.44,"Turang, Brice",668930,694037,,ball,,,,,11,Ball,D,L,R,CHC,MIL,B,,,0,0,2025,0.27,0.16,-0.9681667959263304,3.7276842110924022,,,,1,6,Top,,,,,,,0.4408889647644685,-128.28771692871607,1.5848003912654391,2.8822724974088856,25.661418887609525,-30.882931581311524,3.40640316976427,1.48681932007943,,,,88.6,2221,6.5,813050,608348,683737,663538,807713,621020,664023,691718,673548,54.04,,,,,,,,45,1,Slider,3,0,0,3,0,3,0,3,Standard,Standard,145,-0.003,0.039,,,,-0.039,,3,-3,0.887,0.11299999999999999,25,25,25,26,1,2,1,1,2,2,2.76,-0.27,0.27,29.2,,,,,
FS,2025-10-09,88.7,-1.94,6.13,"Harper, Bryce",547180,808963,,ball,,,,,13,Ball,D,L,R,LAD,PHI,B,,,0,2,2025,-0.97,-0.58,-1.9249794351825824,0.6727042630385895,,,,1,8,Top,,,,,,,2.1257038248567546,-129.0827857870776,-6.134451989288683,-11.323841857829807,28.229749933324847,-37.50978742501835,2.95587022647188,1.71816146351529,,,,90.2,535,7.3,813042,669257,518692,669242,571771,605141,681624,681909,606192,53.21,,,,,,,,60,3,Split-Finger,1,1,1,1,1,1,1,1,Infield shade,Standard,312,-0.003,0.017,,,,-0.017,,0,0,0.56,0.43999999999999995,23,32,24,33,1,3,3,1,4,,3.49,0.97,-0.97,44.9,,,,,
ST,2025-10-09,84.6,2.26,5.23,"Suzuki, Seiya",673548,688107,,ball,,,,,13,Ball,D,R,L,CHC,MIL,B,,,0,0,2025,-1,0.41,-1.2756124499362502,1.383019813266431,,,,0,7,Bot,,,,,,,-6.298772549489262,-122.93111621474019,-3.3557196356844488,-8.576132783267317,28.123199015563312,-27.512048435407788,3.12744475404924,1.35432159439767,,,,84.6,2465,6.7,813050,661388,683734,668930,702332,687401,694192,663368,686217,53.75,,,,,,,,58,1,Sweeper,5,0,5,0,0,5,5,0,Strategic,Standard,283,0,0.041,,,,-0.041,,5,5,0.986,0.986,26,30,26,31,1,3,12,1,5,2,2.82,-1,1,26.5,,,,,
FF,2025-10-09,96.7,-1.39,5.78,"Hernández, Enrique",571771,689147,,ball,,,,,12,Ball,D,R,R,LAD,PHI,B,,,2,2,2025,-0.71,1.36,0.07790887431216997,4.953925366030931,808975,,571970,2,11,Bot,,,,,,,5.521594758731746,-140.75400471949234,0.2977931555479138,-10.691618532801023,34.823704800853264,-14.475873911791863,3.37880245894245,1.61093833095573,,,,96.4,2249,6.3,813042,592663,547180,681082,664761,607208,642215,596146,592206,54.19,,,,,,,,85,5,4-Seam Fastball,1,1,1,1,1,1,1,1,Standard,Standard,224,0.023,0.062,,,,-0.062,,0,0,0.616,0.616,24,33,24,34,1,4,1,1,,4,1.09,0.71,0.71,35.1,,,,,
FF,2025-10-09,96,-1.12,5.46,"Kepler, Max",596146,686218,,foul,,,,,4,Foul,D,L,R,LAD,PHI,S,,,0,0,2025,-0.71,1.55,-0.5071680771985262,2.6809479219278822,,,592663,0,7,Top,,,,,,,3.240394302449641,-139.7056003466527,-5.2805363838019925,-9.987357079914219,32.60290876972767,-10.972612745559607,3.38,1.6,175,77.7,16,96.5,2521,6.6,813042,669257,518692,669242,571771,605141,669743,681624,606192,53.87,,,,,,,,48,1,4-Seam Fastball,0,0,0,0,0,0,0,0,Infield shade,Standard,211,0.008,-0.043,72.6,7.3,,0.043,88.0,0,0,0.441,0.5589999999999999,25,32,26,32,1,2,3,1,15,,0.93,0.71,-0.71,37.5,0.4744787119555248,-2.718197043782954,31.495787397250265,42.53754876654463,26.183514441460964
SL,2025-10-09,85.6,0.69,6.49,"Tucker, Kyle",663656,676879,,foul_tip,,,,,9,Foul Tip,D,L,L,CHC,MIL,S,,,3,1,2025,0.13,-0.63,0.6097053412654224,1.824523128723472,807713,663538,,1,5,Bot,,,,,,,-0.45153288006930503,-124.63793371788006,-3.405777206119134,1.452760927326025,26.894112772592397,-38.16955165774801,3.44,1.58,,,,84,2654,5.4,813050,661388,683734,668930,702332,687401,694192,663368,686217,55.15,,,,,,,,41,5,Slider,3,0,3,0,0,3,3,0,Strategic,Standard,8,-0.001,-0.056,,,,0.056,,3,3,0.921,0.921,27,28,27,28,1,2,3,1,2,2,3.75,0.13,0.13,49.5,,,,,
SI,2025-10-09,97.9,-2.45,5.95,"Pages, Andy",681624,661395,field_out,hit_into_play,,,,,6,Andy Pages grounds out to first baseman Bryce Harper. Justin Dean to 3rd. Enrique Hernández to 2nd.,D,R,R,LAD,PHI,X,3,ground_ball,0,2,2025,-1.26,0.16,0.2836896855994304,2.6711687843968015,,681909,571771,1,7,Bot,156.88,163.34,,,,,10.259136823443828,-142.29152278690515,-3.711493030367021,-19.47586051174109,31.799775041354692,-29.385926586721798,3.52,1.6,5,98.7,-24,97.7,1805,6.2,813042,592663,547180,681082,664761,607208,596146,669016,592206,54.31,0.112,0.105,0,1,0,0,2,55,5,Sinker,0,1,0,1,1,0,0,1,Standard,Standard,236,-0.024,-0.228,66.7,6.4,0.113,0.228,98.7,-1,-1,0.409,0.409,27,24,27,25,1,2,3,1,,4,2.22,1.26,1.26,33.0,-21.116111597572388,28.783286401206933,39.85531915784976,41.072598695831985,10.68030738566279
CU,2025-10-09,77.4,0.1,6.11,"Vaughn, Andrew",683734,573204,,swinging_strike,,,,,13,Swinging Strike,D,R,L,CHC,MIL,S,,,1,1,2025,-0.77,-1.07,-0.13576888105737184,0.7419782837901998,,,,1,9,Top,,,,,,,0.8962465420547953,-112.73001474255545,-2.5264741212481585,-6.722881331533801,21.728808197403666,-40.973601037863006,3.19,1.52,,,,77.2,2626,6.2,813050,608348,683737,663538,807713,621020,664023,691718,673548,54.26,,,,,,,,73,3,Curveball,6,0,0,6,0,6,0,6,Standard,Standard,319,0,-0.064,,,,0.064,,6,-6,0.999,0.0010000000000000009,38,27,38,27,1,3,1,1,2,2,4.88,-0.77,0.77,56.5,,,,,
CH,2025-10-09,78.8,2.72,5.35,"Yelich, Christian",592885,571510,,ball,,,,,14,Ball,D,L,L,CHC,MIL,B,,,1,2,2025,1.46,0.35,0.5989927482213615,0.7297261652745033,,,,0,1,Top,,,,,,,-7.306421489676598,-114.55487370934479,-3.851694160568532,14.246359146529189,21.04623054235531,-28.545669142385094,3.12883461985031,1.62154292736109,,,,78.6,1843,6.2,813050,608348,683737,663538,807713,621020,664023,691718,673548,54.33,,,,,,,,1,4,Changeup,0,0,0,0,0,0,0,0,Standard,Standard,112,-0.004,0.043,,,,-0.043,,0,0,0.507,0.493,34,33,34,34,1,0,5,1,,2,3.32,1.46,1.46,22.6,,,,,
FF,2025-10-09,92.5,0.17,5.94,"Harper, Bryce",547180,681911,,ball,,,,,11,Ball,D,L,L,LAD,PHI,B,,,0,0,2025,0.53,1.55,-1.1610104264515588,3.182579172481473,,,,1,11,Top,,,,,,,-4.546363945926837,-134.50544006880764,-4.5015199694648285,7.4796950374095585,34.087272268851414,-12.703365395360636,3.32099481946027,1.81139340466066,,,,91.9,2564,6.3,813042,669257,518692,669242,571970,605141,571771,681624,606192,54.16,,,,,,,,78,1,4-Seam Fastball,1,1,1,1,1,1,1,1,Standard,Standard,163,-0.006,0.039,,,,-0.039,,0,0,0.558,0.44199999999999995,29,32,29,33,1,4,3,1,7,,1.16,0.53,0.53,70.8,,,,,
CH,2025-10-09,86.5,1.89,5.79,"Betts, Mookie",605141,650911,,foul,,,,,5,Foul,D,R,L,LAD,PHI,S,,,1,1,2025,1.38,0,-0.27124070252358945,2.1550278334760087,,,,1,1,Bot,,,,,,,-8.021998121274477,-125.74291677301964,-2.430083901697777,16.25044304319596,26.346681287517686,-31.861934201706546,3.22224536457937,1.5220444640987,3,46,-40,87.1,2195,6.8,813042,592663,547180,681082,664761,607208,596146,669016,592206,53.73,,,,,,,,7,3,Changeup,0,0,0,0,0,0,0,0,Standard,Standard,98,-0.004,-0.064,70.7,7.9,,0.064,88.0,0,0,0.525,0.525,28,32,29,33,1,0,5,1,,4,3.06,1.38,-1.38,27.8,25.226383246293622,-30.17141877269775,34.27337119020393,35.68192718112186,46.39816857622819
SL,2025-10-09,90.6,-0.99,5.24,"Realmuto, J.T.",592663,686218,single,hit_into_play,,,,,14,J.T. Realmuto singles on a line drive to center fielder Andy Pages.,D,R,R,LAD,PHI,X,8,line_drive,0,2,2025,0.09,0.5,1.1317957705914137,2.1237422994416795,,,,0,7,Top,115.57,93.65,,,,,5.151968655280078,-131.98991310029902,-2.9860270645900355,0.034317141899699,25.63602248944675,-25.935671999792614,3.63,1.7,236,77.6,20,91.6,2511,6.6,813042,669257,518692,669242,571771,605141,669743,681624,606192,53.87,0.965,0.898,0.9,1,1,0,4,47,4,Slider,0,0,0,0,0,0,0,0,Standard,Standard,195,-0.075,0.532,62.8,8.1,1.051,-0.532,88.0,0,0,0.516,0.484,25,34,26,34,1,2,3,1,15,,2.25,-0.09,-0.09,28.0,9.533429871134533,-7.002389173201966,32.298080580661335,48.109550905045,32.54634994757393
ST,2025-10-09,86.5,2.44,5.38,"Betts, Mookie",605141,666200,,called_strike,,,,,5,Called Strike,D,R,L,LAD,PHI,S,,,0,0,2025,-0.77,0.08,-0.14944372862734312,2.3286628222753234,,,,1,10,Bot,,,,,,,-4.5561131178136565,-125.86929123720024,-1.137376915768853,-7.042273578351549,29.235034247700007,-31.333778636825233,3.13887374372418,1.50282155842201,,,,85.2,2323,5.8,813042,592663,547180,681082,664761,607208,596146,669016,592206,54.73,,,,,,,,75,1,Sweeper,1,1,1,1,1,1,1,1,Standard,Standard,325,-0.007,-0.039,,,,0.039,,0,0,0.582,0.582,27,32,28,33,1,4,3,1,,4,3,-0.77,0.77,27.3,,,,,
SL,2025-10-09,81.1,1.69,5.49,"Hernández, Enrique",571771,621381,,ball,,,,,13,Ball,D,R,L,LAD,PHI,B,,,0,0,2025,-0.49,0.31,-1.1399998798027888,0.3823208956880957,,,,1,9,Bot,,,,,,,-5.382237921068556,-118.01639487490249,-5.392190443999439,-3.52320307582701,22.63343577719069,-28.395426365144694,3.40627693683367,1.65332340738918,,,,80.9,2724,6.2,813042,592663,547180,681082,664761,607208,596146,669016,592206,54.32,,,,,,,,69,1,Slider,1,1,1,1,1,1,1,1,Standard,Standard,234,0.005,0.039,,,,-0.039,,0,0,0.582,0.582,33,33,34,34,1,3,3,1,,4,3.15,-0.49,0.49,37.7,,,,,
FF,2025-10-09,92.2,2.23,6.12,"Frelick, Sal",686217,519141,,swinging_strike,,,,,3,Swinging Strike,D,L,L,CHC,MIL,S,,,2,1,2025,0.4,1.79,0.7554448214076852,2.696658542704022,,,,0,7,Top,,,,,,,-4.571314491649142,-133.98225676488977,-6.611022472980552,5.904984230204538,32.49371043343203,-9.38892313609647,3.12,1.48,,,,90.6,2619,5.7,813050,608348,683737,663538,807713,621020,664023,691718,673548,54.84,,,,,,,,54,4,4-Seam Fastball,4,0,0,4,0,4,0,4,Standard,Standard,156,0.005,-0.073,,,,0.073,,4,-4,0.938,0.062000000000000055,36,25,37,25,1,2,1,1,2,2,0.92,0.4,0.4,37.7,,,,,
SL,2025-10-09,88.6,0.09,6.15,"Vaughn, Andrew",683734,573204,,ball,,,,,13,Ball,D,R,L,CHC,MIL,B,,,0,1,2025,-0.47,0.43,-1.2790981552693963,1.804308383406462,,,,1,9,Top,,,,,,,-2.3750960297843515,-129.09169494057187,-5.489987723662899,-4.776952959038335,25.513504010520386,-26.457311063763715,3.09075965695934,1.5212191238315,,,,88.7,2395,6.2,813050,608348,683737,663538,807713,621020,664023,691718,673548,54.33,,,,,,,,73,2,Slider,6,0,0,6,0,6,0,6,Standard,Standard,197,0,0.029,,,,-0.029,,6,-6,0.999,0.0010000000000000009,38,27,38,27,1,3,1,1,2,2,2.45,-0.47,0.47,51.5,,,,,
SI,2025-10-09,96.1,-1.1,5.55,"Hoerner, Nico",663538,694477,field_out,hit_into_play,,,,,5,"Nico Hoerner grounds out, second baseman Brice Turang to first baseman Andrew Vaughn.",D,R,R,CHC,MIL,X,4,ground_ball,1,2,2025,-1.43,0.83,0.02911299297946557,2.433739497662368,621020,807713,,2,6,Bot,145.03,154.88,,,,,6.207194013534774,-139.84404737470757,-4.512623180123772,-20.206883860708295,32.424104728548976,-20.415598117556883,3.3,1.57,15,98.8,-8,95.6,2277,6.1,813050,661388,683734,668930,702332,687401,694192,663368,686217,54.43,0.289,0.265,0,1,0,0,2,53,4,Sinker,4,0,4,0,0,4,4,0,Strategic,Standard,216,-0.008,-0.206,,,0.313,0.206,98.8,4,4,0.949,0.949,26,28,27,28,1,3,1,1,2,2,1.64,1.43,1.43,29.5,,,,,
SL,2025-10-09,89.2,-1.38,5.35,"Contreras, William",661388,694037,field_out,hit_into_play,,,,,9,William Contreras lines out to third baseman Matt Shaw.,D,R,R,CHC,MIL,X,5,line_drive,1,1,2025,0.14,0.21,0.4615051886278773,1.6865311569626713,,,,0,6,Top,90.93,155.2,,,,,4.259577971533699,-129.85077786061365,-3.416484982600374,0.6864092132284838,27.54436126841365,-29.329882681742266,3.44,1.62,143,90.7,7,89.5,2326,6.5,813050,608348,683737,663538,807713,621020,664023,691718,673548,53.99,0.509,0.462,0,1,0,0,4,44,3,Slider,3,0,0,3,0,3,0,3,Standard,Standard,134,0.023,-0.251,,,0.549,0.251,90.7,3,-3,0.864,0.136,25,27,25,28,1,2,1,1,2,2,2.66,-0.14,-0.14,26.1,,,,,
FF,2025-10-09,93.1,2.32,5.17,"Tucker, Kyle",663656,688107,home_run,hit_into_play,,,,,8,Kyle Tucker homers (1) on a fly ball to center field.,D,L,L,CHC,MIL,X,,fly_ball,2,1,2025,0.76,1.33,0.1213330128429988,1.8936715887701596,,,,0,7,Bot,104.68,32.83,,,,,-7.352021093243081,-135.20737823795653,-5.508402142782556,11.006140896461137,32.39648067264411,-14.845981296215607,3.44,1.58,414,107.5,27,93.3,2325,6.7,813050,661388,683734,668930,702332,687401,694192,663368,686217,53.78,0.926,1.8696000000000006,2,1,0,3,6,57,4,4-Seam Fastball,4,0,4,0,0,5,5,0,Strategic,Standard,132,0.015,1.068,,,3.698,-1.068,107.5,4,4,0.971,0.971,26,28,26,28,1,3,12,1,5,2,1.33,0.76,0.76,22.2,,,,,
SL,2025-10-09,89.9,-1.74,5.85,"Turner, Trea",607208,607192,,ball,,,,,14,Ball,D,R,R,LAD,PHI,B,,,1,2,2025,0.02,-0.11,0.8798329654973576,2.1231646059788134,,,,0,1,Top,,,,,,,6.583974215698808,-130.82995442910936,-3.0843991426175066,-1.0620382472296028,26.723454454527516,-33.027877667436826,3.44637876703752,1.67441510222448,,,,92,2543,7.5,813042,669257,518692,669242,571771,605141,669743,681624,606192,53.01,,,,,,,,1,4,Slider,0,0,0,0,0,0,0,0,Standard,Standard,72,-0.004,0.043,,,,-0.043,,0,0,0.507,0.493,31,32,32,32,1,0,5,1,7,,2.92,-0.02,-0.02,53.8,,,,,
FS,2025-10-09,87.8,-2.02,6.13,"Harper, Bryce",547180,808963,,foul,,,,,13,Foul,D,L,R,LAD,PHI,S,,,0,1,2025,-0.51,0.01,-0.9069387928760954,1.8087248144741568,,,,1,8,Top,,,,,,,3.818720874255387,-127.7467172527534,-4.388129884295902,-6.3783942724855205,27.529232137968346,-31.327941429822168,3.17,1.63,1,84.9,-54,89,643,7.1,813042,669257,518692,669242,571771,605141,681624,681909,606192,53.37,,,,,,,,60,2,Split-Finger,1,1,1,1,1,1,1,1,Infield shade,Standard,307,0.009,-0.052,72.7,7.8,,0.052,88.0,0,0,0.551,0.44899999999999995,23,32,24,33,1,3,3,1,4,,2.96,0.51,-0.51,46.3,19.030613851693122,-0.2831490474876612,30.507170966923745,46.64235093121415,31.40716023449306
ST,2025-10-09,88.7,-1.94,5.45,"Hernández, Enrique",571771,689147,,swinging_strike,,,,,14,Swinging Strike,D,R,R,LAD,PHI,S,,,2,1,2025,0.84,0.1,1.3028754603856296,1.442247231346402,808975,,571970,2,11,Bot,,,,,,,6.16611496796939,-128.98197945614905,-3.879554190840567,7.8619907151485195,29.478374004015343,-30.38707466238088,3.41,1.69,,,,88.1,3007,6.1,813042,592663,547180,681082,664761,607208,642215,596146,592206,54.35,,,,,,,,85,4,Sweeper,1,1,1,1,1,1,1,1,Strategic,Standard,46,-0.024,-0.05,54.6,8.1,,0.05,,0,0,0.64,0.64,24,33,24,34,1,4,1,1,,4,2.82,-0.84,-0.84,26.5,22.37510345913792,-16.487681813611,27.78352700831184,58.06017115459191,45.26677544115944
CU,2025-10-09,84,0.66,6.51,"Tucker, Kyle",663656,676879,,ball,,,,,12,Ball,D,L,L,CHC,MIL,B,,,2,1,2025,-0.57,-1.47,1.1270121996053095,2.874043900047674,,807713,663538,1,5,Bot,,,,,,,2.171724864623532,-122.2815042954708,0.9154505931814407,-6.122821151733028,27.243439044744648,-47.254543985480076,3.15028301135752,1.3170476616098,,,,82.1,2814,5.3,813050,661388,683734,668930,702332,687401,694192,663368,686217,55.2,,,,,,,,41,4,Curveball,3,0,3,0,0,3,3,0,Standard,Standard,338,0.02,0.108,,,,-0.108,,3,3,0.901,0.901,27,28,27,28,1,2,3,1,2,2,4.74,-0.57,-0.57,48.8,,,,,
FF,2025-10-09,97.3,-0.13,6.66,"Shaw, Matt",807713,656730,walk,ball,,,,,12,Matt Shaw walks.,D,R,R,CHC,MIL,B,,,3,0,2025,0.05,1.54,0.8068413508633158,3.908293949590736,,,,0,5,Bot,,,,,,,2.4253860334125528,-141.57095958070886,-5.425064934060361,0.046597676158028935,32.65957446506334,-10.397395243246647,3.35275421720161,1.50006035388463,,,,98,2419,6.7,813050,661388,683734,668930,702332,687401,694192,663368,686217,53.79,,0.691497,0.7,1,0,0,,38,4,4-Seam Fastball,3,0,3,0,0,3,3,0,Standard,Standard,194,0.006,0.171,,,,-0.171,,3,3,0.892,0.892,31,23,32,24,1,1,3,1,2,2,0.87,-0.05,-0.05,54.4,,,,,
FF,2025-10-09,100,-2.36,5.82,"Pages, Andy",681624,661395,,foul,,,,,5,Foul,D,R,R,LAD,PHI,S,,,0,2,2025,-1.16,0.74,-0.2643378014623765,2.2851282570482585,,681909,571771,1,7,Bot,,,,,,,8.469160777917825,-145.34827285005073,-6.111395863537712,-18.336758740807376,32.2719958485955,-20.444296252157407,3.52,1.6,184,68.8,32,99.9,2153,6.2,813042,592663,547180,681082,664761,607208,596146,669016,592206,54.29,,,,,,,,55,4,4-Seam Fastball,0,1,0,1,1,0,0,1,Standard,Standard,234,0,0,71.1,7.0,,0,88.0,-1,-1,0.409,0.409,27,24,27,25,1,2,3,1,,4,1.54,1.16,1.16,30.2,-11.176682855339084,8.04646475576382,49.58695125564119,33.75133452091597,20.472883610494446
SL,2025-10-09,83.6,-1.39,6.43,"Yelich, Christian",592885,641745,,foul,,,,,7,Foul,D,L,R,CHC,MIL,S,,,2,1,2025,0.89,-0.83,-0.6961115818454368,1.6928963765324743,,,,0,8,Top,,,,,,,-0.1535579820148697,-121.69214605894712,-2.774775935415647,8.860682797872093,26.117601531722777,-40.0217876344481,3.3,1.72,3,63,-32,82.4,2825,5.7,813050,608348,683737,663538,807713,621020,664023,691718,673548,54.8,,,,,,,,63,4,Slider,5,0,0,5,0,5,0,5,Infield shade,Standard,57,0.002,-0.073,,,,0.073,88.0,5,-5,0.981,0.019000000000000017,29,33,30,34,1,3,1,1,2,2,4.12,-0.89,0.89,51.2,,,,,
CU,2025-10-09,78.9,-3.35,5.56,"Busch, Michael",683737,642547,strikeout,foul_tip,,,,,7,Michael Busch strikes out on a foul tip.,D,L,R,CHC,MIL,S,2,,1,2,2025,0.55,-0.61,-0.331254606403353,1.7324212482746497,,,,0,1,Bot,,,,,,,5.5590931646645565,-114.83947632831126,-0.4378431048884611,3.956616178658214,19.553075054202566,-37.73837264549306,3.27,1.56,,,,79.4,2360,6.4,813050,661388,683734,668930,702332,687401,694192,663368,686217,54.05,,0,0,1,0,0,,5,4,Curveball,0,0,0,0,0,0,0,0,Infield shade,Standard,61,-0.015,-0.189,,,,0.189,,0,0,0.541,0.541,29,27,29,28,1,0,5,1,5,2,4.25,-0.55,0.55,40.7,,,,,
FF,2025-10-09,100.5,-2.33,5.93,"Pages, Andy",681624,661395,,foul,,,,,2,Foul,D,R,R,LAD,PHI,S,,,0,2,2025,-0.85,1.02,0.1835146506393398,3.0158548904104294,,681909,571771,1,7,Bot,,,,,,,8.918554678330752,-145.99309672162738,-5.09730266270461,-14.239189640525165,34.49141562968917,-16.61069331911968,3.52,1.6,250,80.5,44,99.9,2116,6.1,813042,592663,547180,681082,664761,607208,596146,669016,592206,54.43,,,,,,,,55,3,4-Seam Fastball,0,1,0,1,1,0,0,1,Standard,Standard,233,0,0,72.1,7.0,,0,88.0,-1,-1,0.409,0.409,27,24,27,25,1,2,3,1,,4,1.25,0.85,0.85,31.4,1.1323735880812908,10.794940271486416,34.08542380012072,39.71636530403443,24.550808635174512
CU,2025-10-09,75.8,2.58,5.63,"Yelich, Christian",592885,571510,,swinging_strike,,,,,13,Swinging Strike,D,L,L,CHC,MIL,S,,,1,1,2025,-0.66,-0.59,-0.7926898213523486,1.5056997517403006,,,,0,1,Top,,,,,,,-5.8527969254678265,-110.28627381431815,-0.45006178179641443,-4.310381681819052,20.184299159840435,-37.10675096306703,3.3,1.72,,,,75.5,2366,6.1,813050,608348,683737,663538,807713,621020,664023,691718,673548,54.39,,,,,,,,1,3,Curveball,0,0,0,0,0,0,0,0,Infield shade,Standard,312,0.006,-0.061,,,,0.061,,0,0,0.501,0.499,34,33,34,34,1,0,5,1,,2,4.57,-0.66,-0.66,29.0,,,,,
FF,2025-10-09,92,2.1,6.2,"Frelick, Sal",686217,519141,,ball,,,,,11,Ball,D,L,L,CHC,MIL,B,,,1,1,2025,0.08,1.69,-0.13827501258218985,4.247501197978564,,,,0,7,Top,,,,,,,-5.767349563486115,-133.80853362989316,-2.6919750817902237,2.3764717063601895,31.714940586355315,-11.589280186420371,3.04296194773254,1.4727638741081,,,,90.4,2575,5.6,813050,608348,683737,663538,807713,621020,664023,691718,673548,54.91,,,,,,,,54,3,4-Seam Fastball,4,0,0,4,0,4,0,4,Standard,Standard,161,-0.004,0.055,,,,-0.055,,4,-4,0.942,0.05800000000000005,36,25,37,25,1,2,1,1,2,2,1.03,0.08,0.08,37.7,,,,,
FF,2025-10-09,94.9,-1.36,6.43,"Yelich, Christian",592885,641745,,ball,,,,,11,Ball,D,L,R,CHC,MIL,B,,,1,1,2025,0,1.41,-0.49185833255779976,3.9149026001834466,,,,0,8,Top,,,,,,,2.2443262598273943,-138.13056009024692,-4.00854802011412,-0.4731688246035505,32.49222734291106,-13.506141556547,3.16470369785365,1.62472231355469,,,,93.8,2344,5.8,813050,608348,683737,663538,807713,621020,664023,691718,673548,54.73,,,,,,,,63,3,4-Seam Fastball,5,0,0,5,0,5,0,5,Infield shade,Standard,198,-0.001,0.055,,,,-0.055,,5,-5,0.982,0.018000000000000016,29,33,30,34,1,3,1,1,2,2,1.13,0,0,50.6,,,,,
ST,2025-10-09,89.2,2.42,5.47,"Ohtani, Shohei",660271,666200,strikeout,called_strike,,,,,7,Shohei Ohtani called out on strikes.,D,L,L,LAD,PHI,S,2,,0,2,2025,-0.62,0.44,-0.5977145299994363,1.6772322250013745,,,,0,10,Bot,,,,,,,-6.083338497561978,-129.65059002475778,-4.1415051589763285,-5.522851919916751,29.563283037792402,-26.465112995518798,3.47055094897251,1.59760004926012,,,,88.3,2286,6,813042,592663,547180,681082,664761,607208,596146,669016,592206,54.52,,0,0,1,0,0,,74,3,Sweeper,1,1,1,1,1,1,1,1,Strategic,Standard,331,-0.034,-0.165,,,,0.165,,0,0,0.616,0.616,27,30,28,31,1,4,3,1,,4,2.45,-0.62,-0.62,28.0,,,,,
CH,2025-10-09,85.5,1.96,5.76,"Betts, Mookie",605141,650911,,ball,,,,,12,Ball,D,R,L,LAD,PHI,B,,,0,1,2025,1.27,-0.09,1.1846191207247447,2.6879111399553905,,,,1,1,Bot,,,,,,,-4.428278241141878,-124.41557470126185,-0.7262309981853041,14.075521763721333,27.005937849588,-33.13231661231292,3.02069848271585,1.39378137509561,,,,85.9,2094,6.7,813042,592663,547180,681082,664761,607208,596146,669016,592206,53.77,,,,,,,,7,2,Changeup,0,0,0,0,0,0,0,0,Standard,Standard,101,0.001,0.029,,,,-0.029,,0,0,0.524,0.524,28,32,29,33,1,0,5,1,,4,3.22,1.27,-1.27,26.0,,,,,
SL,2025-10-09,82.8,3.4,5.37,"Muncy, Max",571970,621381,field_out,hit_into_play,,,,,13,Max Muncy flies out to center fielder Brandon Marsh.,D,L,L,LAD,PHI,X,8,fly_ball,1,1,2025,-0.77,0.12,-1.1273958835825084,2.2151513713770012,,,,0,9,Bot,113.98,55.51,,,,,-8.782898104578594,-120.06887177839239,-0.7470189693128769,-5.19653563973707,29.197655130976514,-31.095056513505067,3.07,1.5,355,93.9,34,81.6,2755,6.3,813042,592663,547180,681082,664761,607208,596146,669016,592206,54.24,0.071,0.11,0,1,0,0,3,68,3,Slider,1,1,1,1,1,1,1,1,Standard,Standard,270,-0.054,-0.251,67.2,7.2,0.217,0.251,93.9,0,0,0.636,0.636,33,34,34,35,1,0,3,1,,4,3.3,-0.77,-0.77,37.7,19.52885960441518,-1.4296024410936325,31.73015294570665,49.495461339818576,41.05080426304112
CU,2025-10-09,77.2,-0.04,6.13,"Vaughn, Andrew",683734,573204,,called_strike,,,,,2,Called Strike,D,R,L,CHC,MIL,S,,,0,0,2025,-0.65,-1.17,0.17401566168777183,3.0956853525477026,,,,1,9,Top,,,,,,,1.6347888589800483,-112.45348983154821,2.625182538312738,-5.805008729495462,20.563248394064185,-42.79041377007481,3.11262573540997,1.43620231287369,,,,77.2,2621,6.2,813050,608348,683737,663538,807713,621020,664023,691718,673548,54.26,,,,,,,,73,1,Curveball,6,0,0,6,0,6,0,6,Standard,Standard,326,0,-0.039,,,,0.039,,6,-6,0.999,0.0010000000000000009,38,27,38,27,1,3,1,1,2,2,4.99,-0.65,0.65,57.8,,,,,
FC,2025-10-09,89.5,-1.42,5.37,"Hoerner, Nico",663538,694477,,ball,,,,,12,Ball,D,R,R,CHC,MIL,B,,,0,2,2025,0.36,1.02,1.9624988431398336,2.6957760114028817,621020,807713,,2,6,Bot,,,,,,,7.5536039863581514,-130.15432322661692,-2.739003104411508,2.4988238230607718,27.947654143801948,-20.160160557029226,3.13838890317829,1.43189576169733,,,,89.1,2635,6.1,813050,661388,683734,668930,702332,687401,694192,663368,686217,54.35,,,,,,,,53,3,Cutter,4,0,4,0,0,4,4,0,Strategic,Standard,141,0.001,-0.014,,,,0.014,,4,4,0.948,0.948,26,28,27,28,1,3,1,1,2,2,1.83,-0.36,-0.36,25.2,,,,,
SL,2025-10-09,87.1,-1.59,5.3,"Contreras, William",661388,694037,,ball,,,,,11,Ball,D,R,R,CHC,MIL,B,,,0,1,2025,0.17,0.13,-1.1415627167298463,3.963752745510297,,,,0,6,Top,,,,,,,0.7370609527207889,-126.87603408933529,2.7360844059536773,1.6706515591551014,27.135011252002545,-31.577566178430462,3.17564797996432,1.50400061215498,,,,87.5,2247,6.6,813050,608348,683737,663538,807713,621020,664023,691718,673548,53.92,,,,,,,,44,2,Slider,3,0,0,3,0,3,0,3,Strategic,Standard,122,-0.003,0.031,,,,-0.031,,3,-3,0.867,0.133,25,27,25,28,1,2,1,1,2,2,2.88,-0.17,-0.17,22.5,,,,,
FF,2025-10-09,99.3,-2.09,6.04,"Harper, Bryce",547180,808963,,foul,,,,,7,Foul,D,L,R,LAD,PHI,S,,,0,0,2025,-1,1.28,-0.6345543182437678,1.7749249478341533,,,,1,8,Top,,,,,,,6.416406130667968,-144.26304478646156,-9.36921150258137,-15.43475830319162,33.14842747469203,-12.355668656716997,3.17,1.63,193,80.9,18,100.6,2269,7.1,813042,669257,518692,669242,571771,605141,681624,681909,606192,53.42,,,,,,,,60,1,4-Seam Fastball,1,1,1,1,1,1,1,1,Infield shade,Standard,224,0.005,-0.039,76.1,7.0,,0.039,88.0,0,0,0.546,0.45399999999999996,23,32,24,33,1,3,3,1,4,,1.04,1,-1,43.8,-2.071145493132817,13.859956657454642,41.825988865737415,43.27523976476115,20.6931700936182
CU,2025-10-09,81,-1.4,6.05,"Turner, Trea",607208,607192,,foul,,,,,8,Foul,D,R,R,LAD,PHI,S,,,1,1,2025,0.49,-1.27,0.06764941587300222,2.1525808800782977,,,,0,1,Top,,,,,,,2.382238695024988,-117.88929251299325,0.413011621966469,4.117964621649872,23.03277064208537,-44.334584597947014,3.48,1.69,1,53,-57,82.3,2577,7.2,813042,669257,518692,669242,571771,605141,669743,681624,606192,53.28,,,,,,,,1,3,Curveball,0,0,0,0,0,0,0,0,Standard,Standard,18,0.006,-0.061,65.5,8.0,,0.061,88.0,0,0,0.501,0.499,31,32,32,32,1,0,5,1,7,,4.75,-0.49,-0.49,62.5,21.57738058643312,-11.048596890254766,27.55513666657447,39.73561053333418,36.81689660860584
FF,2025-10-09,93.1,2.01,5.23,"Tucker, Kyle",663656,688107,,foul,,,,,4,Foul,D,L,L,CHC,MIL,S,,,2,0,2025,0.72,1.19,-0.39333636494288216,2.363376566684778,,,,0,7,Bot,,,,,,,-7.800707504421604,-135.31541945472736,-4.182640641148095,10.581767296405742,31.549947177754404,-16.875815777849038,3.44,1.58,203,74.6,54,93.4,2209,6.7,813050,661388,683734,668930,702332,687401,694192,663368,686217,53.78,,,,,,,,57,3,4-Seam Fastball,4,0,4,0,0,4,4,0,Strategic,Standard,136,-0.001,-0.072,,,,0.072,88.0,4,4,0.972,0.972,26,28,26,28,1,3,12,1,5,2,1.46,0.72,0.72,23.9,,,,,
ST,2025-10-09,88,-2.03,5.42,"Hernández, Enrique",571771,689147,,ball,,,,,14,Ball,D,R,R,LAD,PHI,B,,,1,1,2025,0.9,0.21,1.1370387967713003,1.3071526049811846,808975,,571970,2,11,Bot,,,,,,,5.785468122750377,-127.99007652483388,-4.253769844236443,8.607827701011448,28.374829720496084,-29.109253932003075,3.3371562779723,1.62018562970976,,,,87.5,3009,6.1,813042,592663,547180,681082,664761,607208,642215,596146,592206,54.35,,,,,,,,85,3,Sweeper,1,1,1,1,1,1,1,1,Strategic,Standard,39,0.01,0.03,,,,-0.03,,0,0,0.63,0.63,24,33,24,34,1,4,1,1,,4,2.75,-0.9,-0.9,27.1,,,,,
SL,2025-10-09,89.7,-1.3,5.18,"Realmuto, J.T.",592663,686218,,foul,,,,,4,Foul,D,R,R,LAD,PHI,S,,,0,2,2025,0.36,0.38,-0.32688724505213074,2.6109994949587962,,,,0,7,Top,,,,,,,1.65817428023252,-130.7757819218642,-1.2122024588531364,3.8335241763739076,26.23610482109032,-27.794775357696178,3.63,1.7,101,86.1,7,90.5,2502,6.6,813042,669257,518692,669242,571771,605141,669743,681624,606192,53.92,,,,,,,,47,3,Slider,0,0,0,0,0,0,0,0,Standard,Standard,192,0,0,83.4,8.3,,0,88.0,0,0,0.516,0.484,25,34,26,34,1,2,3,1,15,,2.43,-0.36,-0.36,28.8,17.274334825207486,-37.117768773407455,31.0931829160971,30.414532720926445,45.70972761570138
SI,2025-10-09,98,0.41,6.65,"Tucker, Kyle",663656,676879,,blocked_ball,,,,,13,Ball In Dirt,D,L,L,CHC,MIL,B,,,1,1,2025,1.31,0.8,-0.4249417035617178,0.660836939404241,,807713,663538,1,5,Bot,,,,,,,-5.180588808082753,-142.20368035486928,-12.258195251164134,18.987867510150338,34.11088248086576,-18.584717673764093,3.28697864922414,1.54286315807085,,,,96,2252,5.4,813050,661388,683734,668930,702332,687401,694192,663368,686217,55.12,,,,,,,,41,3,Sinker,3,0,3,0,0,3,3,0,Standard,Standard,144,0.003,0.048,,,,-0.048,,3,3,0.898,0.898,27,28,27,28,1,2,3,1,2,2,1.6,1.31,1.31,51.3,,,,,
FF,2025-10-09,97.4,-0.02,6.64,"Shaw, Matt",807713,656730,,ball,,,,,13,Ball,D,R,R,CHC,MIL,B,,,2,0,2025,-0.33,1.69,-0.03968595415840814,0.8315749668728483,,,,0,5,Bot,,,,,,,0.7055268792089608,-141.20457412522475,-13.914554887199944,-4.509405171654174,36.0910743209118,-6.456372479250254,3.3202056609622,1.59278058352909,,,,97.2,2528,6.7,813050,661388,683734,668930,702332,687401,694192,663368,686217,53.83,,,,,,,,38,3,4-Seam Fastball,3,0,3,0,0,3,3,0,Standard,Standard,199,0.004,0.152,,,,-0.152,,3,3,0.888,0.888,31,23,32,24,1,1,3,1,2,2,0.76,0.33,0.33,54.3,,,,,
FF,2025-10-09,91.7,0.16,6.01,"Schwarber, Kyle",656941,681911,field_out,hit_into_play,,,,,12,"Kyle Schwarber grounds out, second baseman Tommy Edman to first baseman Freddie Freeman.",D,L,L,LAD,PHI,X,4,ground_ball,1,1,2025,0.6,1.71,1.1866863317432386,3.0818769531084853,,,,0,11,Top,146.75,167.88,,,,,1.3034098415248567,-133.530956553122,-5.22989933163639,6.862562977207234,30.406074696513336,-10.779739862885704,3.23,1.49,3,44.6,-48,91.6,2526,6.3,813042,669257,518692,669242,571970,605141,571771,681624,606192,54.21,0.258,0.236,0,1,0,0,1,77,3,4-Seam Fastball,1,1,1,1,1,1,1,1,Standard,Standard,164,0.055,-0.251,66.1,5.8,0.258,0.251,88.0,0,0,0.503,0.497,29,32,29,32,1,4,3,1,7,,1,0.6,0.6,67.3,3.352633805502851,8.662744858730152,22.278405997866127,20.315241162741984,26.832592024037893
CH,2025-10-09,88.8,-3.7,5.33,"Busch, Michael",683737,642547,,ball,,,,,13,Ball,D,L,R,CHC,MIL,B,,,0,2,2025,-1.54,0.29,-1.1259950750055632,0.45607410728205844,,,,0,1,Bot,,,,,,,9.522955985612748,-128.8099322560204,-6.388280637893254,-19.191633017161095,29.44875940978271,-27.68803637394433,3.21516289013754,1.52233614095998,,,,88.4,2174,6.5,813050,661388,683734,668930,702332,687401,694192,663368,686217,54.03,,,,,,,,5,3,Changeup,0,0,0,0,0,0,0,0,Infield shade,Standard,245,0.002,0.024,,,,-0.024,,0,0,0.539,0.539,29,27,29,28,1,0,5,1,5,2,2.64,1.54,-1.54,30.7,,,,,
FF,2025-10-09,98.1,0.03,6.69,"Shaw, Matt",807713,656730,,ball,,,,,14,Ball,D,R,R,CHC,MIL,B,,,1,0,2025,-0.15,1.57,1.1195554722313508,1.6101315516290835,,,,0,5,Bot,,,,,,,3.307917968458488,-142.28283683886582,-11.853487286339432,-2.8616380356719633,35.63603148879464,-8.278563999612707,3.28157036807848,1.47430690244176,,,,98,2489,6.6,813050,661388,683734,668930,702332,687401,694192,663368,686217,53.85,,,,,,,,38,2,4-Seam Fastball,3,0,3,0,0,3,3,0,Standard,Standard,196,0.003,0.077,,,,-0.077,,3,3,0.885,0.885,31,23,32,24,1,1,3,1,2,2,0.83,0.15,0.15,55.7,,,,,
CH,2025-10-09,91.3,-1.35,6.37,"Yelich, Christian",592885,641745,,ball,,,,,13,Ball,D,L,R,CHC,MIL,B,,,0,1,2025,-0.9,0.44,-0.7275411476242449,1.254027273355532,,,,0,8,Top,,,,,,,3.4548266084101393,-132.70472989450178,-7.832494221503703,-11.373269518559635,29.459227544924488,-25.415214322604,3.24118314777699,1.75078119491416,,,,90.2,1819,5.8,813050,608348,683737,663538,807713,621020,664023,691718,673548,54.75,,,,,,,,63,2,Changeup,5,0,0,5,0,5,0,5,Standard,Standard,216,-0.001,0.031,,,,-0.031,,5,-5,0.983,0.017000000000000015,29,33,30,34,1,3,1,1,2,2,2.31,0.9,-0.9,48.7,,,,,
SI,2025-10-09,98,-2.36,5.93,"Pages, Andy",681624,661395,,foul,,,,,4,Foul,D,R,R,LAD,PHI,S,,,0,1,2025,-1.23,0.54,-0.6974210845824784,2.4462926992082616,,681909,571771,1,7,Bot,,,,,,,7.331512669581895,-142.53766915312306,-5.200161230933135,-18.494019576458083,31.1602768888772,-23.85538921892156,3.52,1.6,6,79.2,-20,98.1,1732,6.3,813042,592663,547180,681082,664761,607208,596146,669016,592206,54.23,,,,,,,,55,2,Sinker,0,1,0,1,1,0,0,1,Standard,Standard,236,-0.024,-0.053,73.9,7.7,,0.053,88.0,-1,-1,0.433,0.433,27,24,27,25,1,2,3,1,,4,1.83,1.23,1.23,34.0,4.6451583663029,-4.744605333034702,46.28317683365281,29.122675235838813,29.700165915701557
SI,2025-10-09,92.7,2.4,5.42,"Yelich, Christian",592885,571510,,ball,,,,,14,Ball,D,L,L,CHC,MIL,B,,,0,1,2025,1.51,0.76,0.3598786457072225,1.212876030275483,,,,0,1,Top,,,,,,,-8.49474243561055,-134.62184725942438,-6.600559284775469,20.20172268272264,29.35786108285408,-21.619379073746096,3.11381734292701,1.71662536258229,,,,92.5,2344,6.3,813050,608348,683737,663538,807713,621020,664023,691718,673548,54.22,,,,,,,,1,2,Sinker,0,0,0,0,0,0,0,0,Infield shade,Standard,128,-0.002,0.031,,,,-0.031,,0,0,0.503,0.497,34,33,34,34,1,0,5,1,,2,1.9,1.51,1.51,22.8,,,,,
SI,2025-10-09,95.2,1.8,5.86,"Betts, Mookie",605141,650911,,called_strike,,,,,7,Called Strike,D,R,L,LAD,PHI,S,,,0,0,2025,1.5,0.51,-0.8214163500600922,1.7919795788388784,,,,1,1,Bot,,,,,,,-10.34417092652581,-138.1325710903682,-6.182277691903524,21.602363296253273,32.095202405348495,-24.424755021806117,3.25288579714212,1.49195701410845,,,,95.8,2188,6.9,813042,592663,547180,681082,664761,607208,596146,669016,592206,53.58,,,,,,,,7,1,Sinker,0,0,0,0,0,0,0,0,Standard,Standard,119,-0.002,-0.039,,,,0.039,,0,0,0.526,0.526,28,32,29,33,1,0,5,1,,4,2.03,1.5,-1.5,30.6,,,,,
FF,2025-10-09,92.6,3.34,5.38,"Muncy, Max",571970,621381,,swinging_strike,,,,,3,Swinging Strike,D,L,L,LAD,PHI,S,,,1,0,2025,1.14,1.25,0.49995468277349175,3.0141932331460146,,,,0,9,Bot,,,,,,,-9.716139822257073,-134.4980448837406,-2.9254956402121213,15.977841844223617,30.061409357108012,-16.511951910114547,3.07,1.5,,,,92.2,2537,6.2,813042,592663,547180,681082,664761,607208,596146,669016,592206,54.29,,,,,,,,68,2,4-Seam Fastball,1,1,1,1,1,1,1,1,Standard,Standard,133,-0.01,-0.05,58.6,4.9,,0.05,,0,0,0.646,0.646,33,34,34,35,1,0,3,1,,4,1.42,1.14,1.14,31.4,-6.651904017972122,36.16887077815172,32.01661935716874,31.915097385425987,16.611535514779657
CU,2025-10-09,81.8,-1.42,6.02,"Turner, Trea",607208,607192,,ball,,,,,14,Ball,D,R,R,LAD,PHI,B,,,0,1,2025,0.55,-1.15,0.7043198677635859,-0.17472416266979218,,,,0,1,Top,,,,,,,3.7979365781597565,-118.98549718354018,-5.212383738511815,4.490966480816193,23.587228799099904,-42.29766776182298,3.45023996029124,1.65149956536481,,,,83.2,2694,7.3,813042,669257,518692,669242,571771,605141,669743,681624,606192,53.16,,,,,,,,1,2,Curveball,0,0,0,0,0,0,0,0,Standard,Standard,13,-0.002,0.031,,,,-0.031,,0,0,0.503,0.497,31,32,32,32,1,0,5,1,7,,4.57,-0.55,-0.55,57.8,,,,,
SL,2025-10-09,86.3,0.05,6.08,"Schwarber, Kyle",656941,681911,,ball,,,,,13,Ball,D,L,L,LAD,PHI,B,,,0,1,2025,-0.5,0.64,-1.5609933988315865,1.2168144569315476,,,,0,11,Top,,,,,,,-2.8253925959463535,-125.70434111955586,-6.7483365463732286,-4.8050431613460844,23.314835129198197,-24.230532272033802,3.25796208321267,1.49000037661341,,,,86.9,2487,6.4,813042,669257,518692,669242,571970,605141,571771,681624,606192,54.06,,,,,,,,77,2,Slider,1,1,1,1,1,1,1,1,Standard,Standard,193,-0.006,0.031,,,,-0.031,,0,0,0.509,0.491,29,32,29,32,1,4,3,1,7,,2.39,-0.5,-0.5,72.1,,,,,
FC,2025-10-09,89.4,-1.44,5.36,"Hoerner, Nico",663538,694477,,called_strike,,,,,9,Called Strike,D,R,R,CHC,MIL,S,,,0,1,2025,0.07,0.92,0.6208316834455073,1.918646886138773,621020,807713,,2,6,Bot,,,,,,,4.909486466788876,-130.13613659683406,-4.390131607814933,-0.23532290758295824,27.11820439800147,-20.99842323516592,3.15485814145953,1.41817006394689,,,,89,2544,6,813050,661388,683734,668930,702332,687401,694192,663368,686217,54.5,,,,,,,,53,2,Cutter,4,0,4,0,0,4,4,0,Standard,Standard,145,-0.002,-0.048,,,,0.048,,4,4,0.95,0.95,26,28,27,28,1,3,1,1,2,2,1.93,-0.07,-0.07,24.9,,,,,
FF,2025-10-09,98.8,-1.27,5.55,"Contreras, William",661388,694037,,called_strike,,,,,1,Called Strike,D,R,R,CHC,MIL,S,,,0,0,2025,-0.76,1.18,-0.3790853871556096,3.216431704460353,,,,0,6,Top,,,,,,,4.234438361759892,-143.77615755465172,-3.653564634799409,-11.513433928273605,36.31912645267652,-15.2694142860297,3.26302817610294,1.53090535519001,,,,99.3,2228,6.7,813050,608348,683737,663538,807713,621020,664023,691718,673548,53.75,,,,,,,,44,1,4-Seam Fastball,3,0,0,3,0,3,0,3,Standard,Standard,227,0.004,-0.039,,,,0.039,,3,-3,0.863,0.137,25,27,25,28,1,2,1,1,2,2,1.18,0.76,0.76,29.7,,,,,
FF,2025-10-09,98.8,-2.04,6.08,"Schwarber, Kyle",656941,808963,field_out,hit_into_play,,,,,5,Kyle Schwarber flies out sharply to right fielder Teoscar Hernández.,D,L,R,LAD,PHI,X,9,fly_ball,1,0,2025,-0.97,1.14,-0.056977668735928244,2.2428596206750337,,,,0,8,Top,175.79,78.43,,,,,7.766073902827095,-143.6227854618943,-7.766084596863641,-15.216657219192895,31.796897538560962,-14.80539006849058,3.23,1.49,322,105.1,45,100.3,2193,7.1,813042,669257,518692,669242,571771,605141,681624,681909,606192,53.44,0.132,0.251,0,1,0,0,5,59,2,4-Seam Fastball,1,1,1,1,1,1,1,1,Infield shade,Standard,227,0.053,-0.301,82.2,7.5,0.49,0.301,105.1,0,0,0.493,0.507,23,32,24,32,1,3,3,1,4,,1.19,0.97,-0.97,43.9,12.041599349463212,-13.883270058282324,28.935258019698157,31.974227600456928,37.25495665864744
FF,2025-10-09,92.5,2.13,5.29,"Tucker, Kyle",663656,688107,,ball,,,,,13,Ball,D,L,L,CHC,MIL,B,,,1,0,2025,0.81,1.1,-0.7317748116558751,1.310523881961957,,,,0,7,Bot,,,,,,,-9.134889614720747,-134.22712253512333,-6.691948912800006,11.897620596282087,31.145230853945286,-17.605765227712368,3.22906117662502,1.44402093437127,,,,92.7,2220,6.7,813050,661388,683734,668930,702332,687401,694192,663368,686217,53.76,,,,,,,,57,2,4-Seam Fastball,4,0,4,0,0,4,4,0,Strategic,Standard,138,0.001,0.077,,,,-0.077,,4,4,0.971,0.971,26,28,26,28,1,3,12,1,5,2,1.6,0.81,0.81,25.7,,,,,
SI,2025-10-09,96,-1.9,5.51,"Hernández, Enrique",571771,689147,,ball,,,,,7,Ball,D,R,R,LAD,PHI,B,,,0,1,2025,-1.4,0.78,-0.3405650177600179,1.6054536514002153,808975,,571970,2,11,Bot,,,,,,,7.275900877083798,-139.49873873234566,-6.4793274631703826,-19.949983391000707,32.08768443858078,-20.627318841217633,3.41168015943294,1.66285351623672,,,,95.8,2269,6.3,813042,592663,547180,681082,664761,607208,642215,596146,592206,54.21,,,,,,,,85,2,Sinker,1,1,1,1,1,1,1,1,Strategic,Standard,230,0.014,0.007,,,,-0.007,,0,0,0.616,0.616,24,33,24,34,1,4,1,1,,4,1.7,1.4,1.4,27.4,,,,,
SL,2025-10-09,90.6,-1.26,5.29,"Realmuto, J.T.",592663,686218,,called_strike,,,,,3,Called Strike,D,R,R,LAD,PHI,S,,,0,1,2025,0.36,0.53,0.3840311480674947,3.098787037699099,,,,0,7,Top,,,,,,,3.3533792062332726,-131.9785792068162,-0.7107733179008008,3.533098586168357,27.425465081786793,-26.006374563385304,3.55379655680782,1.64929567618416,,,,91.2,2498,6.5,813042,669257,518692,669242,571771,605141,669743,681624,606192,53.97,,,,,,,,47,2,Slider,0,0,0,0,0,0,0,0,Standard,Standard,206,0.01,-0.055,,,,0.055,,0,0,0.506,0.494,25,34,26,34,1,2,3,1,15,,2.23,-0.36,-0.36,29.5,,,,,
SL,2025-10-09,85.5,0.6,6.48,"Tucker, Kyle",663656,676879,,blocked_ball,,,,,13,Ball In Dirt,D,L,L,CHC,MIL,B,,,0,1,2025,-0.74,-0.51,-0.8408242546766397,0.4889426575085918,,807713,663538,1,5,Bot,,,,,,,-1.8698156801853136,-124.37025813086005,-6.606865187404551,-7.120963723979634,29.210673167582875,-36.1270278856182,3.19356563759374,1.44846516667966,,,,83.7,2729,5.5,813050,661388,683734,668930,702332,687401,694192,663368,686217,55,,,,,,,,41,2,Slider,3,0,3,0,0,3,3,0,Standard,Standard,352,0.002,0.018,,,,-0.018,,3,3,0.896,0.896,27,28,27,28,1,2,3,1,2,2,3.68,-0.74,-0.74,55.8,,,,,
ST,2025-10-09,87.6,2.23,5.41,"Ohtani, Shohei",660271,666200,,swinging_strike,,,,,2,Swinging Strike,D,L,L,LAD,PHI,S,,,0,1,2025,-1.01,0.61,-0.003083242734214675,3.075000156513508,,,,0,10,Bot,,,,,,,-3.2716806880460156,-127.62235872736673,-0.7612045886654356,-10.344014376489953,27.590517653215958,-25.544382408307218,3.51,1.65,,,,86.5,2309,5.7,813042,592663,547180,681082,664761,607208,596146,669016,592206,54.84,,,,,,,,74,2,Sweeper,1,1,1,1,1,1,1,1,Strategic,Standard,321,-0.014,-0.055,79.4,7.7,,0.055,,0,0,0.63,0.63,27,30,28,31,1,4,3,1,,4,2.36,-1.01,-1.01,29.8,16.423327103744597,-5.63462097943929,34.13219352877978,41.22949333987137,27.429513383546546
CU,2025-10-09,77.2,0.04,6.18,"Turang, Brice",668930,573204,field_out,hit_into_play,,,,,5,"Brice Turang grounds out, second baseman Nico Hoerner to first baseman Michael Busch.",D,L,L,CHC,MIL,X,4,ground_ball,0,1,2025,-0.45,-1.36,-0.06129566155092242,2.353869786377845,,,,0,9,Top,155.51,152.48,,,,,0.6062531270380711,-112.35285818096413,1.3582928011450917,-3.8970627555944075,22.747013082359118,-44.08387217943994,3.46,1.64,5,96.1,-26,76.6,2615,6.2,813050,608348,683737,663538,807713,621020,664023,691718,673548,54.35,0.097,0.087,0,1,0,0,2,72,2,Curveball,6,0,0,6,0,6,0,6,Standard,Standard,330,0.002,-0.22,,,0.14,0.22,96.1,6,-6,0.997,0.0030000000000000027,38,25,38,26,1,3,1,1,2,2,5.22,-0.45,-0.45,57.1,,,,,
KC,2025-10-09,82.2,2.14,6.18,"Frelick, Sal",686217,519141,,ball,,,,,12,Ball,D,L,L,CHC,MIL,B,,,0,1,2025,-0.58,-1.17,0.7040694114787172,3.5796896375569762,,,,0,7,Top,,,,,,,-2.0837206921156533,-119.52788361074565,2.927081878918769,-5.060835847008719,26.172432502945323,-44.15908395840121,3.00107768660464,1.34109415712143,,,,80.5,2302,5.5,813050,608348,683737,663538,807713,621020,664023,691718,673548,55.05,,,,,,,,54,2,Knuckle Curve,4,0,0,4,0,4,0,4,Standard,Standard,328,-0.001,0.031,,,,-0.031,,4,-4,0.943,0.05700000000000005,36,25,37,25,1,2,1,1,2,2,4.59,-0.58,-0.58,36.5,,,,,
FF,2025-10-09,94.4,-3.33,5.69,"Busch, Michael",683737,642547,,foul,,,,,1,Foul,D,L,R,CHC,MIL,S,,,0,1,2025,-0.15,1.57,-0.561894851145337,2.7638103662527214,,,,0,1,Bot,,,,,,,7.583510258839036,-137.14392341982037,-5.4117628118871695,-3.648115248886354,31.48458287980953,-11.374897149660491,3.27,1.56,228,77.2,49,94.9,2577,6.7,813050,661388,683734,668930,702332,687401,694192,663368,686217,53.77,,,,,,,,5,2,4-Seam Fastball,0,0,0,0,0,0,0,0,Standard,Standard,201,-0.006,-0.055,,,,0.055,88.0,0,0,0.545,0.545,29,27,29,28,1,0,5,1,5,2,1.01,0.15,-0.15,43.6,,,,,
FF,2025-10-09,92,2.11,6.2,"Frelick, Sal",686217,519141,,called_strike,,,,,6,Called Strike,D,L,L,CHC,MIL,S,,,0,0,2025,0.07,1.75,0.3089472092947477,2.740083729256803,,,,0,7,Top,,,,,,,-4.657206023533785,-133.66848910863524,-6.560225276581542,1.9378239501549468,31.757875975648673,-10.017715352590441,3.35809205759983,1.51830512719311,,,,90.3,2671,5.6,813050,608348,683737,663538,807713,621020,664023,691718,673548,54.93,,,,,,,,54,1,4-Seam Fastball,4,0,0,4,0,4,0,4,Standard,Standard,161,0.002,-0.039,,,,0.039,,4,-4,0.941,0.05900000000000005,36,25,37,25,1,2,1,1,2,2,0.97,0.07,0.07,37.1,,,,,
SI,2025-10-09,94.9,1.83,6,"Ohtani, Shohei",660271,650911,field_out,hit_into_play,,,,,6,Shohei Ohtani pops out to third baseman Alec Bohm in foul territory.,D,L,L,LAD,PHI,X,5,popup,0,0,2025,1.49,0.41,0.7636931991969789,2.8971886240256612,,,,0,1,Bot,92.02,181.58,,,,,-6.178257294795727,-138.04557344688837,-3.4030001390269318,20.403089819906445,30.003253184527843,-26.42082682469751,3.51,1.65,146,70.1,61,95.9,2169,6.8,813042,592663,547180,681082,664761,607208,596146,669016,592206,53.67,0.008,0.007,0,1,0,0,3,6,1,Sinker,0,0,0,0,0,0,0,0,Infield shade,Standard,122,-0.022,-0.259,78.5,7.4,0.008,0.259,88.0,0,0,0.548,0.548,28,30,29,31,1,0,5,1,,4,2.12,1.49,1.49,32.1,13.512748889025566,5.162077954265122,37.504409819479655,31.77399857163783,24.39845876455644
FF,2025-10-09,94.2,-1.37,6.43,"Yelich, Christian",592885,641745,,called_strike,,,,,6,Called Strike,D,L,R,CHC,MIL,S,,,0,0,2025,0.04,1.43,0.3064790816832681,2.4479204817210625,,,,0,8,Top,,,,,,,4.229970781731561,-136.92108680293646,-7.6992724848620355,-0.5273830198787991,32.83373003500526,-12.670613466738695,3.27220152713436,1.61239424360914,,,,93,2348,5.8,813050,608348,683737,663538,807713,621020,664023,691718,673548,54.66,,,,,,,,63,1,4-Seam Fastball,5,0,0,5,0,5,0,5,Standard,Standard,201,0.001,-0.039,,,,0.039,,5,-5,0.982,0.018000000000000016,29,33,30,34,1,3,1,1,2,2,1.16,-0.04,0.04,48.1,,,,,
SL,2025-10-09,89.4,-1.2,5.3,"Realmuto, J.T.",592663,686218,,called_strike,,,,,3,Called Strike,D,R,R,LAD,PHI,S,,,0,0,2025,0.44,0.48,0.5419840331166308,3.0496814213065906,,,,0,7,Top,,,,,,,3.3906128069235466,-130.21467640715332,-0.5752980429974632,4.340323356075834,26.12639065553979,-26.81466710411924,3.62065589214487,1.66255085747322,,,,90.1,2324,6.6,813042,669257,518692,669242,571771,605141,669743,681624,606192,53.94,,,,,,,,47,1,Slider,0,0,0,0,0,0,0,0,Standard,Standard,195,0.006,-0.039,,,,0.039,,0,0,0.5,0.5,25,34,26,34,1,2,3,1,15,,2.36,-0.44,-0.44,32.5,,,,,
FF,2025-10-09,94.6,-3.28,5.63,"Busch, Michael",683737,642547,,called_strike,,,,,8,Called Strike,D,L,R,CHC,MIL,S,,,0,0,2025,-0.25,1.31,-0.05900004168525813,1.66571234027517,,,,0,1,Bot,,,,,,,9.004246303076814,-137.3460470583079,-7.57885079447513,-5.240467551914168,32.62305247102672,-14.017323160208162,3.16512713902419,1.47223826359092,,,,94.8,2511,6.7,813050,661388,683734,668930,702332,687401,694192,663368,686217,53.81,,,,,,,,5,1,4-Seam Fastball,0,0,0,0,0,0,0,0,Standard,Standard,204,-0.003,-0.039,,,,0.039,,0,0,0.548,0.548,29,27,29,28,1,0,5,1,5,2,1.26,0.25,-0.25,44.4,,,,,
SL,2025-10-09,84.6,3.29,5.41,"Muncy, Max",571970,621381,,ball,,,,,13,Ball,D,L,L,LAD,PHI,B,,,0,0,2025,0.05,0.31,-1.8906831153607702,0.8884683490692056,,,,0,9,Bot,,,,,,,-12.179678073009661,-122.71425101086322,-4.820515215500243,2.739947728449669,22.61836113064123,-28.243252053962706,2.98507592439245,1.39749515747733,,,,84.8,2756,6.4,813042,592663,547180,681082,664761,607208,596146,669016,592206,54.08,,,,,,,,68,1,Slider,1,1,1,1,1,1,1,1,Standard,Standard,206,0.007,0.041,,,,-0.041,,0,0,0.639,0.639,33,34,34,35,1,0,3,1,,4,2.88,0.05,0.05,36.3,,,,,
KC,2025-10-09,86.8,-0.29,6.75,"Shaw, Matt",807713,656730,,ball,,,,,14,Ball,D,R,R,CHC,MIL,B,,,0,0,2025,0.01,-0.27,1.1124767398016182,2.292192227816,,,,0,5,Bot,,,,,,,3.3670149686447917,-126.38708108386403,-3.911763865404282,-0.656014464363331,27.068889758205298,-34.408933750784065,3.32720563513413,1.54888953790816,,,,86.9,2766,6.5,813050,661388,683734,668930,702332,687401,694192,663368,686217,54.04,,,,,,,,38,1,Knuckle Curve,3,0,3,0,0,3,3,0,Standard,Standard,12,0.001,0.041,,,,-0.041,,3,3,0.884,0.884,31,23,32,24,1,1,3,1,2,2,3.3,-0.01,-0.01,51.9,,,,,
FF,2025-10-09,91.5,0.3,5.99,"Schwarber, Kyle",656941,681911,,called_strike,,,,,12,Called Strike,D,L,L,LAD,PHI,S,,,0,0,2025,0.5,1.8,0.09483941574857363,3.6714359022570084,,,,0,11,Top,,,,,,,-1.5914228736520788,-133.20128922924795,-3.8429322645044746,6.262906447939977,29.246415752282306,-10.1893087355617,3.52008645479587,1.66096050594506,,,,91.4,2533,6.2,813042,669257,518692,669242,571970,605141,571771,681624,606192,54.26,,,,,,,,77,1,4-Seam Fastball,1,1,1,1,1,1,1,1,Standard,Standard,165,0.009,-0.039,,,,0.039,,0,0,0.5,0.5,29,32,29,32,1,4,3,1,7,,0.93,0.5,0.5,66.8,,,,,
FF,2025-10-09,93.4,2.42,5.46,"Yelich, Christian",592885,571510,,foul,,,,,4,Foul,D,L,L,CHC,MIL,S,,,0,0,2025,1.19,0.94,-0.6980315628053093,2.718108205788026,,,,0,1,Top,,,,,,,-10.64301929085545,-135.62723767349965,-3.3518402090420585,16.992750702238762,29.32632345284444,-20.01640987735517,3.30697762745452,1.72709097639162,231,78.3,39,93.3,2295,6.3,813050,608348,683737,663538,807713,621020,664023,691718,673548,54.16,,,,,,,,1,1,4-Seam Fastball,0,0,0,0,0,0,0,0,Standard,Standard,123,0.003,-0.039,,,,0.039,88.0,0,0,0.5,0.5,34,33,34,34,1,0,5,1,,2,1.68,1.19,1.19,25.1,,,,,
FS,2025-10-09,86.5,-1.98,6.08,"Schwarber, Kyle",656941,808963,,ball,,,,,13,Ball,D,L,R,LAD,PHI,B,,,0,0,2025,-0.78,-0.2,-1.1530842685031972,1.6180313329341813,,,,0,8,Top,,,,,,,3.634720178381138,-126.00537088212964,-4.113904648855674,-9.076111982032788,24.586653868276773,-33.73310222248244,3.2311814454538,1.4948557221362,,,,88.2,582,7.2,813042,669257,518692,669242,571771,605141,681624,681909,606192,53.27,,,,,,,,59,1,Split-Finger,1,1,1,1,1,1,1,1,Infield shade,Standard,295,-0.007,0.041,,,,-0.041,,0,0,0.5,0.5,23,32,24,32,1,3,3,1,4,,3.23,0.78,-0.78,45.8,,,,,
FC,2025-10-09,88.9,-1.55,5.41,"Hoerner, Nico",663538,694477,,foul,,,,,11,Foul,D,R,R,CHC,MIL,S,,,0,0,2025,0.78,0.83,-0.920103930007909,2.998251690759921,621020,807713,,2,6,Bot,,,,,,,-0.08572843012304782,-129.52503905516753,-1.5638368592320622,8.755512368346542,29.000495045037553,-22.777077471278876,3.3,1.57,190,63.6,52,88.1,2658,5.9,813050,661388,683734,668930,702332,687401,694192,663368,686217,54.63,,,,,,,,53,1,Cutter,4,0,4,0,0,4,4,0,Strategic,Standard,131,-0.002,-0.036,,,,0.036,88.0,4,4,0.952,0.952,26,28,27,28,1,3,1,1,2,2,2.07,-0.78,-0.78,27.2,,,,,
FF,2025-10-09,100.3,-1.32,5.34,"Chourio, Jackson",694192,694037,field_out,hit_into_play,,,,,11,Jackson Chourio pops out to shortstop Dansby Swanson.,D,R,R,CHC,MIL,X,6,popup,0,0,2025,-0.98,1.31,-1.1122496835992675,3.1140286928323917,686217,663368,,2,5,Top,105.64,151.13,,,,,2.9194071713565415,-146.04892645338379,-3.9242041903350913,-14.658996447050649,36.30039205115878,-12.713992107258296,3.37,1.6,135,69.5,65,101.4,2491,7,813050,608348,683737,663538,807713,621020,664023,691718,673548,53.51,0.003,0.002,0,1,0,0,3,37,1,4-Seam Fastball,3,0,0,3,0,3,0,3,Standard,Standard,228,0.058,-0.305,,,0.003,0.305,88.0,3,-3,0.826,0.17400000000000004,25,21,25,21,1,2,1,1,2,2,0.96,0.98,0.98,31.1,,,,,
ST,2025-10-09,83.6,2.27,5.22,"Tucker, Kyle",663656,688107,,ball,,,,,13,Ball,D,L,L,CHC,MIL,B,,,0,0,2025,-0.81,0.44,-1.7516928118390376,1.5239984593752296,,,,0,7,Bot,,,,,,,-7.688792223492731,-121.38311594954193,-2.8549851131442336,-6.174684304586419,27.63527517495306,-27.4241690804773,3.25350060627585,1.40820827947773,,,,83.4,2465,6.6,813050,661388,683734,668930,702332,687401,694192,663368,686217,53.88,,,,,,,,57,1,Sweeper,4,0,4,0,0,4,4,0,Infield shade,Standard,273,0,0.041,,,,-0.041,,4,4,0.971,0.971,26,28,26,28,1,3,12,1,5,2,2.88,-0.81,-0.81,27.9,,,,,
FF,2025-10-09,96.2,-1.48,5.86,"Turner, Trea",607208,607192,,called_strike,,,,,6,Called Strike,D,R,R,LAD,PHI,S,,,0,0,2025,-0.4,1.51,0.4964734113419092,2.3603580862458866,,,,0,1,Top,,,,,,,6.3214341606194715,-139.85342781287633,-7.315600058018222,-6.620923162619175,29.197821131553923,-10.8674191425014,3.51087607143759,1.7115203346001,,,,98.8,2660,7.6,813042,669257,518692,669242,571771,605141,669743,681624,606192,52.86,,,,,,,,1,1,4-Seam Fastball,0,0,0,0,0,0,0,0,Standard,Standard,194,0.003,-0.039,,,,0.039,,0,0,0.5,0.5,31,32,32,32,1,0,5,1,7,,0.94,0.4,0.4,59.7,,,,,
SI,2025-10-09,94,-1.72,5.56,"Hernández, Enrique",571771,689147,,called_strike,,,,,8,Called Strike,D,R,R,LAD,PHI,S,,,0,0,2025,-1.35,0.9,0.10186147469830398,1.9719430467443764,808975,,571970,2,11,Bot,,,,,,,7.716185044719969,-136.6155537062149,-5.566090479992427,-18.569554241631447,29.562722304763717,-19.887596170283082,3.38143058773486,1.63805900554528,,,,94.2,2211,6.4,813042,592663,547180,681082,664761,607208,642215,596146,592206,54.06,,,,,,,,85,1,Sinker,1,1,1,1,1,1,1,1,Strategic,Standard,230,-0.021,-0.035,,,,0.035,,0,0,0.637,0.637,24,33,24,34,1,4,1,1,,4,1.69,1.35,1.35,30.6,,,,,
SI,2025-10-09,97.6,0.31,6.67,"Tucker, Kyle",663656,676879,,foul,,,,,4,Foul,D,L,L,CHC,MIL,S,,,0,0,2025,1.15,0.92,-0.395000791339551,2.4258935821855383,,807713,663538,1,5,Bot,,,,,,,-4.432357137129209,-141.89623247569816,-7.858126206682088,16.492713060618648,33.046207763324745,-18.115982475508567,3.44,1.58,220,84.9,54,95.6,2194,5.2,813050,661388,683734,668930,702332,687401,694192,663368,686217,55.27,,,,,,,,41,1,Sinker,3,0,3,0,0,3,3,0,Standard,Standard,142,-0.003,-0.033,,,,0.033,88.0,3,3,0.899,0.899,27,28,27,28,1,2,3,1,2,2,1.48,1.15,1.15,50.2,,,,,
ST,2025-10-09,81.3,0.4,5.94,"Turang, Brice",668930,573204,,foul,,,,,2,Foul,D,L,L,CHC,MIL,S,,,0,0,2025,-1.01,0.16,0.15166080344183896,2.974017654284264,,,,0,9,Top,,,,,,,1.3684907226395935,-118.35560433592812,-0.2699595339476518,-9.673099726448452,25.017698232163248,-30.89569171634836,3.46,1.64,207,81.9,58,80.7,2531,6.1,813050,608348,683737,663538,807713,621020,664023,691718,673548,54.41,,,,,,,,72,1,Sweeper,6,0,0,6,0,6,0,6,Standard,Standard,296,0,-0.039,,,,0.039,88.0,6,-6,0.997,0.0030000000000000027,38,25,38,26,1,3,1,1,2,2,3.32,-1.01,-1.01,45.5,,,,,
SI,2025-10-09,97.8,2.16,5.64,"Ohtani, Shohei",660271,666200,,swinging_strike,,,,,14,Swinging Strike,D,L,L,LAD,PHI,S,,,0,0,2025,1.21,0.81,1.4756549158010133,2.179539538036247,,,,0,10,Bot,,,,,,,-4.609345550404434,-142.2745103289299,-5.676927610053616,17.554855385777913,31.769829238061387,-20.10844448693576,3.51,1.65,,,,97.2,2258,5.9,813042,592663,547180,681082,664761,607208,596146,669016,592206,54.59,,,,,,,,74,1,Sinker,1,1,1,1,1,1,1,1,Standard,Standard,127,-0.009,-0.039,79.3,7.4,,0.039,,0,0,0.639,0.639,27,30,28,31,1,4,3,1,,4,1.57,1.21,1.21,34.6,11.204270516527286,-0.38668221268894315,50.22628292702327,22.903840108491824,25.51885237973955
SI,2025-10-09,97.2,-2.6,5.8,"Pages, Andy",681624,661395,,called_strike,,,,,8,Called Strike,D,R,R,LAD,PHI,S,,,0,0,2025,-1.33,-0.06,-0.04638202203585218,2.074859902035535,,681909,571771,1,7,Bot,,,,,,,9.828223739161992,-141.19514861381512,-4.30392209012008,-20.039166230561968,31.020102077076913,-32.240410048928986,3.43138243766785,1.535802101556,,,,96.7,1695,6,813042,592663,547180,681082,664761,607208,596146,669016,592206,54.46,,,,,,,,55,1,Sinker,0,1,0,1,1,0,0,1,Standard,Standard,240,-0.014,-0.033,,,,0.033,,-1,-1,0.447,0.447,27,24,27,25,1,2,3,1,,4,2.48,1.33,1.33,28.1,,,,,
,2025-10-09,,,,"Ohtani, Shohei",660271,661395,,automatic_ball,,,,,,Automatic Ball - Intentional,D,L,R,LAD,PHI,B,,,1,0,2025,,,,,681909,571771,,2,7,Bot,,,,,,,,,,,,,,,,,,,,,813042,592663,547180,681082,664761,607208,596146,669016,592206,,,,,,,,,56,2,,0,1,0,1,1,0,0,1,,,,0.006,,,,,,,-1,-1,0.388,0.388,27,30,27,31,1,3,3,1,,4,,,,,,,,,
,2025-10-09,,,,"Ohtani, Shohei",660271,661395,,automatic_ball,,,,,,Automatic Ball - Intentional,D,L,R,LAD,PHI,B,,,0,0,2025,,,,,681909,571771,,2,7,Bot,,,,,,,,,,,,,,,,,,,,,813042,592663,547180,681082,664761,607208,596146,669016,592206,,,,,,,,,56,1,,0,1,0,1,1,0,0,1,,,,0.003,,,,,,,-1,-1,0.385,0.385,27,30,27,31,1,3,3,1,,4,,,,,,,,,
,2025-10-09,,,,"Ohtani, Shohei",660271,661395,,automatic_ball,,,,,,Automatic Ball - Intentional,D,L,R,LAD,PHI,B,,,2,0,2025,,,,,681909,571771,,2,7,Bot,,,,,,,,,,,,,,,,,,,,,813042,592663,547180,681082,664761,607208,596146,669016,592206,,,,,,,,,56,3,,0,1,0,1,1,0,0,1,,,,0.008,,,,,,,-1,-1,0.394,0.394,27,30,27,31,1,3,3,1,,4,,,,,,,,,
,2025-10-09,,,,"Ohtani, Shohei",660271,661395,intent_walk,automatic_ball,,,,,,Jhoan Duran intentionally walks Shohei Ohtani.,D,L,R,LAD,PHI,B,,,3,0,2025,,,,,681909,571771,,2,7,Bot,,,,,,,,,,,,,,,,,,,,,813042,592663,547180,681082,664761,607208,596146,669016,592206,,,,0.4,0,0,0,,56,4,,0,1,0,1,1,0,0,1,,,,0.012,,,,,,,-1,-1,0.402,0.402,27,30,27,31,1,3,3,1,,4,,,,,,,,,
