PitchNo,Date,Time,PAofInning,PitchofPA,Pitcher,PitcherId,PitcherThrows,PitcherTeam,Batter,BatterId,BatterSide,BatterTeam,PitcherSet,Inning,Top/Bottom,Outs,Balls,Strikes,TaggedPitchType,AutoPitchType,PitchCall,KorBB,TaggedHitType,PlayResult,OutsOnPlay,RunsScored,Notes,RelSpeed,VertRelAngle,HorzRelAngle,SpinRate,SpinAxis,Tilt,RelHeight,RelSide,Extension,VertBreak,InducedVertBreak,HorzBreak,PlateLocHeight,PlateLocSide,ZoneSpeed,VertApprAngle,HorzApprAngle,ZoneTime,ExitSpeed,Angle,Direction,HitSpinRate,PositionAt110X,PositionAt110Y,PositionAt110Z,Distance,LastTrackedDistance,Bearing,HangTime,pfxx,pfxz,x0,y0,z0,vx0,vy0,vz0,ax0,ay0,az0,HomeTeam,AwayTeam,Stadium,Level,League,GameID,PitchUID,EffectiveVelo,MaxHeight,MeasuredDuration,SpeedDrop,PitchLastMeasuredX,PitchLastMeasuredY,PitchLastMeasuredZ,ContactPositionX,ContactPositionY,ContactPositionZ,GameUID,UTCDate,UTCTime,LocalDateTime,UTCDateTime,AutoHitType,System,HomeTeamForeignID,AwayTeamForeignID,GameForeignID,Catcher,CatcherId,CatcherThrows,CatcherTeam,PlayID,PitchTrajectoryXc0,PitchTrajectoryXc1,PitchTrajectoryXc2,PitchTrajectoryYc0,PitchTrajectoryYc1,PitchTrajectoryYc2,PitchTrajectoryZc0,PitchTrajectoryZc1,PitchTrajectoryZc2,HitSpinAxis,HitTrajectoryXc0,HitTrajectoryXc1,HitTrajectoryXc2,HitTrajectoryXc3,HitTrajectoryXc4,HitTrajectoryXc5,HitTrajectoryXc6,HitTrajectoryXc7,HitTrajectoryXc8,HitTrajectoryYc0,HitTrajectoryYc1,HitTrajectoryYc2,HitTrajectoryYc3,HitTrajectoryYc4,HitTrajectoryYc5,HitTrajectoryYc6,HitTrajectoryYc7,HitTrajectoryYc8,HitTrajectoryZc0,HitTrajectoryZc1,HitTrajectoryZc2,HitTrajectoryZc3,HitTrajectoryZc4,HitTrajectoryZc5,HitTrajectoryZc6,HitTrajectoryZc7,HitTrajectoryZc8,ThrowSpeed,PopTime,ExchangeTime,TimeToBase,CatchPositionX,CatchPositionY,CatchPositionZ,ThrowPositionX,ThrowPositionY,ThrowPositionZ,BasePositionX,BasePositionY,BasePositionZ,ThrowTrajectoryXc0,ThrowTrajectoryXc1,ThrowTrajectoryXc2,ThrowTrajectoryYc0,ThrowTrajectoryYc1,ThrowTrajectoryYc2,ThrowTrajectoryZc0,ThrowTrajectoryZc1,ThrowTrajectoryZc2,PitchReleaseConfidence,PitchLocationConfidence,PitchMovementConfidence,HitLaunchConfidence,HitLandingConfidence,CatcherThrowCatchConfidence,CatcherThrowReleaseConfidence,CatcherThrowLocationConfidence
1,2026-07-03,19:03:20.16,1,1,"Headon, Grayson",1000400494,Right,JOH_MIL,"Fivelson, Ari",1000545902,Left,QUI_DOG,Undefined,1,Top,0,0,0,FourSeamFastBall,Changeup,InPlay,Undefined,FlyBall,Out,1,0,,87.13512,-2.433837,-1.913041,1879.290832,202.368351,12:45,6.29362,1.64424,6.77574,-16.65454,18.93281,7.32508,2.68096,0.50732,79.79616,-5.65029,-0.576777,0.429357,97.42737,19.282109,6.5351,1634.085563,109.05052,34.03044,14.42155,338.00398,327.8165,9.507867,3.685124,-4.43213,11.0717,-1.52218,50,6.12826,3.96809,-126.6195,-5.76905,-7.19188,25.96999,-14.20831,JOH_MIL,QUI_DOG,SargentsStad,Prospect League,PLB,20260703-SargentsStad-1,63a4d3e0-7733-11f1-8b9e-653d8f45cec5,87.78802,42.8022,,7.33896,,,,2.01967,2.72356,-0.50963,7278278f-6c90-4be2-9b92-daf4626d24ff,2026-07-03,23:03:20.16,2026-07-03T19:03:20.1610000-04:00,2026-07-03T23:03:20.1610000Z,LineDrive,v3,,,,"Budacki, Brock",10180051,Right,JOH_MIL,e88ddbba-d831-4279-b479-c892d0482bfe,53.72303,-127.38081,12.98499,6.29128,-5.35253,-7.10416,-1.64159,4.17892,-3.59594,205.415242,2.01931,134.01434,-22.28797,5.09578,-1.12896,0.24875,-0.05115,0.00741,-0.00047,2.72397,47.17065,-14.19101,-0.12609,0.31493,-0.11893,0.02873,-0.00331,0.00011,-0.50954,15.34484,2.09922,-1.43817,0.45663,-0.10304,0.01729,-0.00188,9E-05,,,,,,,,,,,,,,,,,,,,,,,High,High,High,High,High,,,
2,2026-07-03,19:03:52.60,2,1,"Headon, Grayson",1000400494,Right,JOH_MIL,"Staudacher, Dean",10022587,Right,QUI_DOG,Undefined,1,Top,1,0,0,FourSeamFastBall,Four-Seam,BallCalled,Undefined,Undefined,Undefined,0,0,,88.47635,-0.900721,-2.203015,1927.143162,206.429099,1:00,6.27359,1.52832,6.78868,-16.72032,17.83458,8.31087,4.05735,0.20894,80.66673,-4.141932,-0.687217,0.423084,,,,,,,,,,,,-4.99666,10.01733,-1.3878,50,6.2082,4.63185,-128.583,-2.40688,-8.3433,27.31994,-15.44739,JOH_MIL,QUI_DOG,SargentsStad,Prospect League,PLB,20260703-SargentsStad-1,76fb1580-7733-11f1-8b9e-653d8f45cec5,89.08981,,,7.80962,,,,,,,7278278f-6c90-4be2-9b92-daf4626d24ff,2026-07-03,23:03:52.60,2026-07-03T19:03:52.6070000-04:00,2026-07-03T23:03:52.6070000Z,,v3,,,,"Budacki, Brock",10180051,Right,JOH_MIL,f9e6ff3d-40de-49a7-b767-4e24dc754fba,53.70777,-129.36839,13.65997,6.27101,-1.96281,-7.72369,-1.5244,4.8717,-4.17165,,,,,,,,,,,,,,,,,,,,,,,,,,,,,,,,,,,,,,,,,,,,,,,,,,,High,High,High,,,,,
3,2026-07-03,19:04:05.94,2,2,"Headon, Grayson",1000400494,Right,JOH_MIL,"Staudacher, Dean",10022587,Right,QUI_DOG,Undefined,1,Top,1,1,0,FourSeamFastBall,Four-Seam,BallCalled,Undefined,Undefined,Undefined,0,0,,88.3194,-2.525961,-2.997195,1857.419007,173.869403,11:45,6.24393,1.70236,6.67291,-16.45922,18.55139,-1.86815,2.55681,-1.19779,80.55805,-5.699368,-3.336614,0.425864,,,,,,,,,,,,0.10453,10.85571,-1.50103,50,6.06751,6.77916,-128.11494,-6.04418,0.17288,27.64544,-14.21745,JOH_MIL,QUI_DOG,SargentsStad,Prospect League,PLB,20260703-SargentsStad-1,7ee91d00-7733-11f1-8b9e-653d8f45cec5,88.50813,,,7.76134,,,,,,,7278278f-6c90-4be2-9b92-daf4626d24ff,2026-07-03,23:04:05.94,2026-07-03T19:04:05.9400000-04:00,2026-07-03T23:04:05.9400000Z,,v3,,,,"Budacki, Brock",10180051,Right,JOH_MIL,5b96f4b2-360f-49f6-b902-52bd6b5e0630,53.82327,-128.93731,13.82272,6.24101,-5.62126,-7.10872,-1.70261,6.77402,0.08644,,,,,,,,,,,,,,,,,,,,,,,,,,,,,,,,,,,,,,,,,,,,,,,,,,,High,High,High,,,,,
4,2026-07-03,19:04:22.13,2,3,"Headon, Grayson",1000400494,Right,JOH_MIL,"Staudacher, Dean",10022587,Right,QUI_DOG,Undefined,1,Top,1,2,0,FourSeamFastBall,Four-Seam,StrikeCalled,Undefined,Undefined,Undefined,0,0,,89.39738,-2.581559,-1.814107,2101.232152,201.165433,12:45,6.25619,1.54738,6.72203,-15.27186,18.67328,6.80418,2.62125,0.45578,81.69569,-5.539062,-0.574084,0.419334,,,,,,,,,,,,-4.09264,10.91835,-1.42977,50,6.07898,3.85323,-129.84382,-6.20692,-6.97476,27.62898,-13.56682,JOH_MIL,QUI_DOG,SargentsStad,Prospect League,PLB,20260703-SargentsStad-1,888b1610-7733-11f1-8b9e-653d8f45cec5,89.88645,,,7.70169,,,,,,,7278278f-6c90-4be2-9b92-daf4626d24ff,2026-07-03,23:04:22.13,2026-07-03T19:04:22.1350000-04:00,2026-07-03T23:04:22.1350000Z,,v3,,,,"Budacki, Brock",10180051,Right,JOH_MIL,089dd81b-8247-40cb-ad2b-c8ccb71e32d2,53.77508,-130.64463,13.81449,6.25319,-5.81369,-6.78341,-1.54438,4.05539,-3.48738,,,,,,,,,,,,,,,,,,,,,,,,,,,,,,,,,,,,,,,,,,,,,,,,,,,High,High,High,,,,,
5,2026-07-03,19:04:40.87,2,4,"Headon, Grayson",1000400494,Right,JOH_MIL,"Staudacher, Dean",10022587,Right,QUI_DOG,Undefined,1,Top,1,2,1,Slider,Curveball,BallCalled,Undefined,Undefined,Undefined,0,0,,76.4978,-1.130257,-2.342631,1957.878802,134.510188,10:30,5.87368,1.75194,6.70648,-41.12294,5.87473,-4.27229,1.41242,-0.74704,69.56368,-8.846816,-3.121583,0.493412,,,,,,,,,,,,1.4835,3.98492,-1.59506,50,5.78306,4.6821,-111.03208,-3.25344,1.82031,23.04759,-27.28443,JOH_MIL,QUI_DOG,SargentsStad,Prospect League,PLB,20260703-SargentsStad-1,93c49f10-7733-11f1-8b9e-653d8f45cec5,76.39144,,,6.93411,,,,,,,7278278f-6c90-4be2-9b92-daf4626d24ff,2026-07-03,23:04:40.87,2026-07-03T19:04:40.8700000-04:00,2026-07-03T23:04:40.8700000Z,,v3,,,,"Budacki, Brock",10180051,Right,JOH_MIL,d9936809-6be6-4743-9c5a-3ab53ba2cde3,53.7897,-111.81596,11.52379,5.87793,-2.32545,-13.64222,-1.75325,4.62019,0.91016,,,,,,,,,,,,,,,,,,,,,,,,,,,,,,,,,,,,,,,,,,,,,,,,,,,High,High,High,,,,,
6,2026-07-03,19:04:58.43,2,5,"Headon, Grayson",1000400494,Right,JOH_MIL,"Staudacher, Dean",10022587,Right,QUI_DOG,Undefined,1,Top,1,3,1,FourSeamFastBall,Four-Seam,StrikeSwinging,Undefined,Undefined,Undefined,0,0,,87.93148,-3.591013,-2.059534,1985.304559,197.926062,12:30,6.26795,1.49336,6.75558,-17.86725,17.22525,5.20449,1.49256,0.04508,80.5672,-7.011498,-1.110339,0.426362,,,,,,,,,,,,-3.32425,10.46879,-1.36017,50,6.02514,4.39573,-127.59028,-8.44536,-5.47418,26.50639,-14.93475,JOH_MIL,QUI_DOG,SargentsStad,Prospect League,PLB,20260703-SargentsStad-1,9e324c90-7733-11f1-8b9e-653d8f45cec5,88.4048,,,7.36428,,,,,,,7278278f-6c90-4be2-9b92-daf4626d24ff,2026-07-03,23:04:58.43,2026-07-03T19:04:58.4330000-04:00,2026-07-03T23:04:58.4330000Z,,v3,,,,"Budacki, Brock",10180051,Right,JOH_MIL,43518181-a989-4bb3-bd70-fa823386cd23,53.74171,-128.36526,13.2532,6.26568,-8.00871,-7.46738,-1.49103,4.55577,-2.73709,,,,,,,,,,,,,,,,,,,,,,,,,,,,,,,,,,,,,,,,,,,,,,,,,,,High,High,High,,,,,
7,2026-07-03,19:05:18.24,2,6,"Headon, Grayson",1000400494,Right,JOH_MIL,"Staudacher, Dean",10022587,Right,QUI_DOG,Undefined,1,Top,1,3,2,FourSeamFastBall,Four-Seam,StrikeCalled,Strikeout,Undefined,Undefined,0,0,,89.06269,-3.538439,-2.17731,1990.076093,202.009769,12:45,6.13165,1.44038,6.81535,-16.41729,17.80757,6.73733,1.52878,0.01439,81.31917,-6.704571,-0.947401,0.421058,,,,,,,,,,,,-4.19646,10.81209,-1.30216,50,5.89669,4.6622,-129.21486,-8.37711,-7.06461,27.99879,-13.97223,JOH_MIL,QUI_DOG,SargentsStad,Prospect League,PLB,20260703-SargentsStad-1,aa05cba0-7733-11f1-8b9e-653d8f45cec5,89.51832,,,7.74352,,,,,,,7278278f-6c90-4be2-9b92-daf4626d24ff,2026-07-03,23:05:18.24,2026-07-03T19:05:18.2410000-04:00,2026-07-03T23:05:18.2410000Z,,v3,,,,"Budacki, Brock",10180051,Right,JOH_MIL,8b78987d-333c-44f7-a36a-8e4b5bbe1431,53.68192,-130.01022,13.9994,6.12902,-7.9802,-6.98611,-1.43745,4.86288,-3.5323,,,,,,,,,,,,,,,,,,,,,,,,,,,,,69.50695,2.749957,1.72713,1.022827,-0.60019,1.28908,0.01813,-2.0955,3.66884,4.45926,70.15039,7.51361,-54.66568,-2.08644,74.25797,-3.55132,3.73755,20.47869,-16.40389,4.38239,-65.49356,7.58181,High,High,High,,,High,Medium,High
8,2026-07-03,19:05:54.30,3,1,"Headon, Grayson",1000400494,Right,JOH_MIL,"McGuin, Josh",10097254,Left,QUI_DOG,Undefined,1,Top,2,0,0,Splitter,Splitter,BallCalled,Undefined,Undefined,Undefined,0,0,,78.48047,0.467806,-1.650517,1052.171121,248.265315,2:15,6.10569,1.63673,6.72302,-37.75943,6.55233,12.64855,3.38682,1.18183,71.34134,-6.658813,0.656548,0.479105,,,,,,,,,,,,-7.11075,3.82075,-1.53152,50,6.12257,2.848,-114.02772,-0.06743,-9.26464,23.00632,-27.19598,JOH_MIL,QUI_DOG,SargentsStad,Prospect League,PLB,20260703-SargentsStad-1,bf81ac60-7733-11f1-8b9e-653d8f45cec5,78.67256,,,7.13912,,,,,,,7278278f-6c90-4be2-9b92-daf4626d24ff,2026-07-03,23:05:54.30,2026-07-03T19:05:54.3050000-04:00,2026-07-03T23:05:54.3050000Z,,v3,,,,"Budacki, Brock",10180051,Right,JOH_MIL,c911ae0f-badb-4653-86d5-bc33e0e892cf,53.77278,-114.7864,11.50316,6.11001,0.82941,-13.59799,-1.63048,3.15352,-4.63232,,,,,,,,,,,,,,,,,,,,,,,,,,,,,,,,,,,,,,,,,,,,,,,,,,,High,High,High,,,,,
9,2026-07-03,19:06:08.45,3,2,"Headon, Grayson",1000400494,Right,JOH_MIL,"McGuin, Josh",10097254,Left,QUI_DOG,Undefined,1,Top,2,1,0,FourSeamFastBall,Four-Seam,FoulBallNotFieldable,Undefined,Undefined,Undefined,0,0,,88.64493,-1.388754,-2.50485,1874.306333,200.908994,12:45,6.21003,1.73518,6.59604,-16.70899,18.0943,6.47048,3.5438,-0.02198,80.63414,-4.619442,-1.329524,0.424601,79.19862,57.826119,-143.978406,4213.852955,,,,,36.71389,,,-4.14004,10.26969,-1.56657,50,6.10786,5.38405,-128.72423,-3.53006,-6.90584,28.18142,-15.04365,JOH_MIL,QUI_DOG,SargentsStad,Prospect League,PLB,20260703-SargentsStad-1,c7ede490-7733-11f1-8b9e-653d8f45cec5,88.77138,52.42723,,8.01079,,,,0.73802,3.56669,0.02876,7278278f-6c90-4be2-9b92-daf4626d24ff,2026-07-03,23:06:08.45,2026-07-03T19:06:08.4580000-04:00,2026-07-03T23:06:08.4580000Z,,v3,,,,"Budacki, Brock",10180051,Right,JOH_MIL,729ccd1f-abfa-4db7-b634-8d3514f34816,53.90122,-129.57551,14.09071,6.20763,-3.07564,-7.52182,-1.73235,5.59265,-3.45292,17.315303,0.73802,-50.02645,-1.40142,2.0569,-0.68838,0.92335,-2.77496,4.17308,-2.23447,3.56669,98.32005,-34.38187,5.08275,-1.34493,1.93275,-5.27491,7.31253,-3.72298,0.02876,-36.37514,5.34237,-0.05418,-0.10284,0.3631,-1.25257,1.94159,-1.05409,,,,,,,,,,,,,,,,,,,,,,,High,High,High,High,Undefined,,,
10,2026-07-03,19:06:26.89,3,3,"Headon, Grayson",1000400494,Right,JOH_MIL,"McGuin, Josh",10097254,Left,QUI_DOG,Undefined,1,Top,2,1,1,Splitter,Splitter,InPlay,Undefined,GroundBall,Out,1,0,,80.09293,-1.293164,-2.587707,1082.965919,236.702122,2:00,6.22769,1.67665,6.60702,-34.2827,8.27965,10.4854,2.18486,0.17851,73.33794,-7.727153,-0.679745,0.469553,55.69576,-80.4111,-111.971058,,,,,1.9187,1.9187,-16.335221,0.027928,-6.30217,5.14327,-1.50451,50,6.12542,4.90422,-116.34491,-3.55182,-8.59398,22.87216,-25.16041,JOH_MIL,QUI_DOG,SargentsStad,Prospect League,PLB,20260703-SargentsStad-1,d2fa4310-7733-11f1-8b9e-653d8f45cec5,80.27309,2.26149,,6.75499,,,,1.98419,2.26149,-0.18534,7278278f-6c90-4be2-9b92-daf4626d24ff,2026-07-03,23:06:26.89,2026-07-03T19:06:26.8990000-04:00,2026-07-03T23:06:26.8990000Z,GroundBall,v3,,,,"Budacki, Brock",10180051,Right,JOH_MIL,c8e6a0e6-82f7-4642-9c47-4cdb8ce222ad,53.89175,-117.10748,11.43608,6.22986,-2.71295,-12.5802,-1.6728,5.19075,-4.29699,,1.98431,-5.11808,,,,,,,,2.26341,-80.97435,,,,,,,,-0.18504,-12.68614,,,,,,,,,,,,,,,,,,,,,,,,,,,,,,High,High,High,Estimated,Estimated,,,
11,2026-07-03,19:09:38.66,1,1,"Smith, Kyle",1000569500,Right,QUI_DOG,"DeCello, Sergio",802217,Left,JOH_MIL,Undefined,1,Bottom,0,0,0,Slider,Curveball,BallCalled,Undefined,Undefined,Undefined,0,0,,67.46313,3.305142,-1.466909,1705.739956,166.972551,11:30,6.54738,1.2198,4.32595,-62.61279,5.37477,-0.55417,4.49326,-0.22877,59.50047,-8.078656,-1.563418,0.593453,,,,,,,,,,,,-0.3124,2.27122,-1.06094,50,6.84342,2.50759,-97.04431,3.54556,-0.2866,20.5521,-30.0904,JOH_MIL,QUI_DOG,SargentsStad,Prospect League,PLB,20260703-SargentsStad-1,454c7780-7734-11f1-8b9e-653d8f45cec5,63.5138,,,7.96267,,,,,,,7278278f-6c90-4be2-9b92-daf4626d24ff,2026-07-03,23:09:38.66,2026-07-03T19:09:38.6660000-04:00,2026-07-03T23:09:38.6660000Z,,v3,,,,"McGuin, Josh",10097254,Right,QUI_DOG,e12bfb33-e0a1-41a3-a2c2-ff2781631fe4,56.16068,-98.34036,10.27605,6.55999,5.44312,-15.0452,-1.21965,2.52567,-0.1433,,,,,,,,,,,,,,,,,,,,,,,,,,,,,,,,,,,,,,,,,,,,,,,,,,,High,High,High,,,,,
12,2026-07-03,19:09:56.38,1,2,"Smith, Kyle",1000569500,Right,QUI_DOG,"DeCello, Sergio",802217,Left,JOH_MIL,Undefined,1,Bottom,0,1,0,FourSeamFastBall,Changeup,FoulBallNotFieldable,Undefined,Undefined,Undefined,0,0,,78.06891,-1.094507,-2.623858,1784.916291,219.45162,1:15,6.72177,1.11907,4.83848,-33.78431,14.32831,10.42209,2.86886,-0.49858,71.07456,-7.27869,-0.790478,0.49923,50.04032,71.615486,-99.12095,4007.830936,,,,,6.39258,,,-5.95166,7.85662,-0.86892,50,6.58512,4.74915,-113.02078,-3.30944,-7.64292,21.98185,-22.08481,JOH_MIL,QUI_DOG,SargentsStad,Prospect League,PLB,20260703-SargentsStad-1,4fdbb6c0-7734-11f1-8b9e-653d8f45cec5,75.5011,21.71235,,6.99435,,,,2.37365,2.9432,0.47782,7278278f-6c90-4be2-9b92-daf4626d24ff,2026-07-03,23:09:56.38,2026-07-03T19:09:56.3890000-04:00,2026-07-03T23:09:56.3890000Z,,v3,,,,"McGuin, Josh",10097254,Right,QUI_DOG,6a8cfddc-3bdb-43d6-a06a-0a1d6dce6f62,55.65874,-114.11606,10.99093,6.72261,-2.20903,-11.04241,-1.11504,5.12998,-3.82146,16.771156,2.37561,-3.75724,-3.41221,,,,,,,2.94566,69.53644,-21.64636,,,,,,,0.47833,-22.87794,0.04807,,,,,,,,,,,,,,,,,,,,,,,,,,,,,High,High,High,Medium,Undefined,,,
13,2026-07-03,19:10:19.54,1,3,"Smith, Kyle",1000569500,Right,QUI_DOG,"DeCello, Sergio",802217,Left,JOH_MIL,Undefined,1,Bottom,0,1,1,ChangeUp,Changeup,BallCalled,Undefined,Undefined,Undefined,0,0,,77.77067,-2.375514,-2.204697,1610.755961,262.349402,2:45,6.46901,1.35711,5.16557,-44.18802,3.79138,15.92623,0.54802,0.60832,71.24168,-10.37672,0.623139,0.498539,,,,,,,,,,,,-8.66599,3.06729,-1.16438,50,6.21355,3.70627,-112.6358,-6.18136,-11.02709,22.27466,-28.27106,JOH_MIL,QUI_DOG,SargentsStad,Prospect League,PLB,20260703-SargentsStad-1,5d972fb0-7734-11f1-8b9e-653d8f45cec5,75.60586,,,6.52899,,,,,,,7278278f-6c90-4be2-9b92-daf4626d24ff,2026-07-03,23:10:19.54,2026-07-03T19:10:19.5460000-04:00,2026-07-03T23:10:19.5460000Z,,v3,,,,"McGuin, Josh",10097254,Right,QUI_DOG,6eafd630-a074-43cc-bbb5-507325f27029,55.33337,-113.68562,11.13733,6.47349,-4.84892,-14.13553,-1.35131,4.22598,-5.51354,,,,,,,,,,,,,,,,,,,,,,,,,,,,,,,,,,,,,,,,,,,,,,,,,,,High,High,High,,,,,
14,2026-07-03,19:10:36.35,1,4,"Smith, Kyle",1000569500,Right,QUI_DOG,"DeCello, Sergio",802217,Left,JOH_MIL,Undefined,1,Bottom,0,2,1,FourSeamFastBall,Changeup,InPlay,Undefined,LineDrive,Out,1,0,,81.5426,-2.833203,-2.400357,1970.663647,211.007472,1:00,6.71236,1.01439,4.815,-25.60769,18.24438,10.10812,1.89003,-0.41838,74.81959,-7.527598,-0.622592,0.476614,85.19104,23.372475,22.37499,1992.124447,101.66717,37.34561,41.99694,302.8039,291.96367,22.837785,3.65453,-5.69315,10.20001,-0.78523,50,6.40911,4.51974,-118.06812,-6.7315,-8.04573,22.23273,-17.75911,JOH_MIL,QUI_DOG,SargentsStad,Prospect League,PLB,20260703-SargentsStad-1,679a0d70-7734-11f1-8b9e-653d8f45cec5,79.08385,43.15677,,6.723,,,,3.0568,2.15033,0.42261,7278278f-6c90-4be2-9b92-daf4626d24ff,2026-07-03,23:10:36.35,2026-07-03T19:10:36.3570000-04:00,2026-07-03T23:10:36.3570000Z,LineDrive,v3,,,,"McGuin, Josh",10097254,Right,QUI_DOG,a01ffeb0-8d8d-467b-8105-8076da8c5f9a,55.68393,-119.13363,11.11637,6.71133,-5.8804,-8.87956,-1.01108,4.90533,-4.02287,191.308227,3.05657,106.0671,-14.95148,3.27951,-0.80303,0.22818,-0.06155,0.01087,-0.0008,2.15081,49.55157,-16.15202,0.65015,0.17449,-0.16274,0.0621,-0.01095,0.00073,0.42247,43.66524,-4.70199,0.63928,-0.14924,0.06661,-0.02325,0.00439,-0.00033,,,,,,,,,,,,,,,,,,,,,,,High,High,High,High,High,,,
15,2026-07-03,19:11:09.12,2,1,"Smith, Kyle",1000569500,Right,QUI_DOG,"Lafferty, Austin",1000108754,Right,JOH_MIL,Undefined,1,Bottom,1,0,0,FourSeamFastBall,Changeup,FoulBallNotFieldable,Undefined,Undefined,Undefined,0,0,,80.79268,-1.399064,-2.776535,1863.08811,229.427272,1:45,6.6342,0.9347,4.80319,-30.66356,13.96642,14.63635,2.75151,-0.47836,74.07311,-6.996074,-0.203532,0.480822,67.239,49.35482,122.067093,5379.178256,,,,,36.201,,,-7.9839,7.67626,-0.67163,50,6.46871,5.04763,-117.05024,-3.94837,-11.0943,21.76294,-21.50727,JOH_MIL,QUI_DOG,SargentsStad,Prospect League,PLB,20260703-SargentsStad-1,7b31ebf0-7734-11f1-8b9e-653d8f45cec5,78.39159,38.89625,,6.71958,,,,0.86268,2.64974,0.44335,7278278f-6c90-4be2-9b92-daf4626d24ff,2026-07-03,23:11:09.12,2026-07-03T19:11:09.1290000-04:00,2026-07-03T23:11:09.1290000Z,,v3,,,,"McGuin, Josh",10097254,Right,QUI_DOG,fae38031-fda1-4944-a895-32bd9e6e1ff4,55.69503,-118.10436,10.88147,6.63472,-2.90663,-10.75364,-0.92914,5.585,-5.54715,317.004749,0.86268,-34.1039,-3.05679,1.23199,-0.40113,0.11593,-0.03027,0.00645,-0.00076,2.64974,74.82646,-26.02768,2.70661,-0.37613,0.0261,0.00257,-0.0015,0.00016,0.44335,54.4357,-11.94919,4.13434,-1.03017,0.23478,-0.05382,0.01241,-0.00224,,,,,,,,,,,,,,,,,,,,,,,High,High,High,High,Undefined,,,
16,2026-07-03,19:11:28.52,2,2,"Smith, Kyle",1000569500,Right,QUI_DOG,"Lafferty, Austin",1000108754,Right,JOH_MIL,Undefined,1,Bottom,1,0,1,Curveball,Curveball,BallCalled,Undefined,Undefined,Undefined,0,0,,69.20655,2.59966,-2.09492,1825.774958,298.672401,4:00,6.69274,0.92995,4.38332,-63.07873,1.22382,2.85575,3.92171,-0.8332,61.26889,-8.829818,-1.596782,0.577146,,,,,,,,,,,,-2.17024,0.49291,-0.70898,50,6.90999,3.5284,-99.65422,2.38678,-2.10155,21.53579,-31.69674,JOH_MIL,QUI_DOG,SargentsStad,Prospect League,PLB,20260703-SargentsStad-1,86c5f100-7734-11f1-8b9e-653d8f45cec5,65.30836,,,7.93766,,,,,,,7278278f-6c90-4be2-9b92-daf4626d24ff,2026-07-03,23:11:28.52,2026-07-03T19:11:28.5260000-04:00,2026-07-03T23:11:28.5260000Z,,v3,,,,"McGuin, Josh",10097254,Right,QUI_DOG,0171feed-4462-4b49-a51c-df684c53a7cb,56.10613,-100.96516,10.76789,6.70597,4.31625,-15.84837,-0.92766,3.65633,-1.05077,,,,,,,,,,,,,,,,,,,,,,,,,,,,,,,,,,,,,,,,,,,,,,,,,,,High,High,High,,,,,
17,2026-07-03,19:11:42.84,2,3,"Smith, Kyle",1000569500,Right,QUI_DOG,"Lafferty, Austin",1000108754,Right,JOH_MIL,Undefined,1,Bottom,1,1,1,FourSeamFastBall,Changeup,BallCalled,Undefined,Undefined,Undefined,0,0,,80.23099,-2.987461,-1.736618,1834.759786,230.371009,1:45,6.66288,0.88371,4.86902,-32.54821,12.27544,13.21894,1.11956,0.34138,74.44578,-8.866482,0.594728,0.481865,,,,,,,,,,,,-6.99296,7.21252,-0.72468,50,6.34117,2.97386,-116.31904,-7.22999,-9.6741,19.82796,-22.19617,JOH_MIL,QUI_DOG,SargentsStad,Prospect League,PLB,20260703-SargentsStad-1,8f464d70-7734-11f1-8b9e-653d8f45cec5,78.22206,,,5.78521,,,,,,,7278278f-6c90-4be2-9b92-daf4626d24ff,2026-07-03,23:11:42.84,2026-07-03T19:11:42.8440000-04:00,2026-07-03T23:11:42.8440000Z,,v3,,,,"McGuin, Josh",10097254,Right,QUI_DOG,5dbf74d6-85ba-442e-abdb-1238b64c305e,55.63038,-117.27487,9.91398,6.66392,-6.15999,-11.09808,-0.87928,3.44022,-4.83705,,,,,,,,,,,,,,,,,,,,,,,,,,,,,,,,,,,,,,,,,,,,,,,,,,,High,High,High,,,,,
18,2026-07-03,19:12:00.12,2,4,"Smith, Kyle",1000569500,Right,QUI_DOG,"Lafferty, Austin",1000108754,Right,JOH_MIL,Undefined,1,Bottom,1,2,1,FourSeamFastBall,Changeup,InPlay,Undefined,GroundBall,Out,1,0,,81.35218,-1.834558,-2.438586,1894.941707,226.367716,1:30,6.71349,0.84059,4.82996,-32.00899,11.84946,10.99512,2.30657,-0.5539,74.89313,-7.649066,-0.503421,0.476648,96.12601,8.198232,-14.061173,1829.865892,,,,123.23734,121.35192,-15.481416,0.973424,-6.10406,6.72654,-0.60896,50,6.50434,4.55238,-117.91158,-4.93357,-8.62847,21.5656,-22.66561,JOH_MIL,QUI_DOG,SargentsStad,Prospect League,PLB,20260703-SargentsStad-1,9996fd10-7734-11f1-8b9e-653d8f45cec5,79.0781,6.43187,,6.45905,,,,1.51967,2.34016,0.55423,7278278f-6c90-4be2-9b92-daf4626d24ff,2026-07-03,23:12:00.12,2026-07-03T19:12:00.1220000-04:00,2026-07-03T23:12:00.1220000Z,LineDrive,v3,,,,"McGuin, Josh",10097254,Right,QUI_DOG,4d60a97c-0877-498a-8820-26ccc6f72a86,55.66897,-118.94389,10.7828,6.71453,-3.8486,-11.33281,-0.83676,4.96541,-4.31424,35.805607,1.51967,135.36264,-16.55523,1.52458,-0.29831,0.03516,0.00034,-0.00284,0.00117,2.34016,20.10417,-26.0056,3.52419,-0.71736,0.16885,-0.02818,0.00059,0.0013,0.55423,-33.90324,-1.23322,0.94808,-0.21795,0.05874,-0.01111,0.00021,0.00057,,,,,,,,,,,,,,,,,,,,,,,High,High,High,High,High,,,
19,2026-07-03,19:12:33.22,3,1,"Smith, Kyle",1000569500,Right,QUI_DOG,"Marsh, Ty",839268,Left,JOH_MIL,Undefined,1,Bottom,2,0,0,ChangeUp,Changeup,BallCalled,Undefined,Undefined,Undefined,0,0,,75.66385,-0.034878,-0.087509,1310.278443,267.745595,3:00,6.51364,1.33531,5.36425,-47.59384,2.13996,15.09083,2.51478,2.51082,69.72411,-8.698253,2.599515,0.507572,,,,,,,,,,,,-7.55241,1.61319,-1.33824,50,6.47701,-0.41736,-109.87652,-1.63363,-9.23002,19.52283,-30.20253,JOH_MIL,QUI_DOG,SargentsStad,Prospect League,PLB,20260703-SargentsStad-1,ad4e4a70-7734-11f1-8b9e-653d8f45cec5,74.26035,,,5.93975,,,,,,,7278278f-6c90-4be2-9b92-daf4626d24ff,2026-07-03,23:12:33.22,2026-07-03T19:12:33.2240000-04:00,2026-07-03T23:12:33.2240000Z,,v3,,,,"McGuin, Josh",10097254,Right,QUI_DOG,d549f615-2c0e-4efc-a950-74262b433a0d,55.1341,-110.78499,9.76142,6.52033,-0.2282,-15.10126,-1.32882,0.01215,-4.61501,,,,,,,,,,,,,,,,,,,,,,,,,,,,,,,,,,,,,,,,,,,,,,,,,,,High,High,High,,,,,
20,2026-07-03,19:12:44.39,3,2,"Smith, Kyle",1000569500,Right,QUI_DOG,"Marsh, Ty",839268,Left,JOH_MIL,Undefined,1,Bottom,2,1,0,FourSeamFastBall,Changeup,StrikeSwinging,Undefined,Undefined,Undefined,0,0,,81.45102,-0.375104,-1.380749,1910.894936,234.533388,1:45,6.60479,0.98549,4.72951,-31.78604,11.90363,14.88213,3.59996,0.91541,75.05068,-6.153715,1.234288,0.47573,,,,,,,,,,,,-7.62855,6.33906,-0.8601,50,6.53915,2.19014,-118.19519,-1.94074,-10.8763,20.86994,-23.13621,JOH_MIL,QUI_DOG,SargentsStad,Prospect League,PLB,20260703-SargentsStad-1,b3f5c830-7734-11f1-8b9e-653d8f45cec5,79.23071,,,6.40034,,,,,,,7278278f-6c90-4be2-9b92-daf4626d24ff,2026-07-03,23:12:44.39,2026-07-03T19:12:44.3910000-04:00,2026-07-03T23:12:44.3910000Z,,v3,,,,"McGuin, Josh",10097254,Right,QUI_DOG,4c3bd0dd-a9ed-4bee-9e3b-916c2d579da6,55.76837,-119.20937,10.43497,6.60614,-0.81643,-11.5681,-0.97938,2.71868,-5.43815,,,,,,,,,,,,,,,,,,,,,,,,,,,,,,,,,,,,,,,,,,,,,,,,,,,High,High,High,,,,,
21,2026-07-03,19:12:58.12,3,3,"Smith, Kyle",1000569500,Right,QUI_DOG,"Marsh, Ty",839268,Left,JOH_MIL,Undefined,1,Bottom,2,1,1,Curveball,Curveball,BallCalled,Undefined,Undefined,Undefined,0,0,,69.74956,-0.321576,-1.376309,1823.18454,2.380261,6:00,6.16179,1.64726,4.8369,-63.98259,-4.06886,-0.24862,0.52532,0.32308,64.59345,-11.767382,-1.420232,0.557102,,,,,,,,,,,,-0.27476,-1.37311,-1.51083,50,6.07486,2.43996,-101.17453,-2.66047,-0.28373,17.09447,-33.59189,JOH_MIL,QUI_DOG,SargentsStad,Prospect League,PLB,20260703-SargentsStad-1,bc35c040-7734-11f1-8b9e-653d8f45cec5,67.65809,,,5.1561,,,,,,,7278278f-6c90-4be2-9b92-daf4626d24ff,2026-07-03,23:12:58.12,2026-07-03T19:12:58.1200000-04:00,2026-07-03T23:12:58.1200000Z,,v3,,,,"McGuin, Josh",10097254,Right,QUI_DOG,a7238df9-6e0b-42d1-84be-f564d1ba3a9c,55.66328,-102.12692,8.54723,6.17095,-0.78897,-16.79595,-1.6472,2.45576,-0.14186,,,,,,,,,,,,,,,,,,,,,,,,,,,,,,,,,,,,,,,,,,,,,,,,,,,High,High,High,,,,,
22,2026-07-03,19:13:17.60,3,4,"Smith, Kyle",1000569500,Right,QUI_DOG,"Marsh, Ty",839268,Left,JOH_MIL,Undefined,1,Bottom,2,2,1,FourSeamFastBall,Changeup,BallCalled,Undefined,Undefined,Undefined,0,0,,81.77957,-0.696409,-0.30644,1946.134084,224.825253,1:30,6.6773,1.13168,4.67629,-29.64143,14.25024,12.71682,3.54577,1.90039,74.57775,-6.118913,1.926234,0.476829,,,,,,,,,,,,-6.27851,7.60662,-1.11256,50,6.58045,0.05984,-118.51407,-2.51388,-8.8997,23.35966,-21.39175,JOH_MIL,QUI_DOG,SargentsStad,Prospect League,PLB,20260703-SargentsStad-1,c7bb9480-7734-11f1-8b9e-653d8f45cec5,79.04814,,,7.20182,,,,,,,7278278f-6c90-4be2-9b92-daf4626d24ff,2026-07-03,23:13:17.60,2026-07-03T19:13:17.6030000-04:00,2026-07-03T23:13:17.6030000Z,,v3,,,,"McGuin, Josh",10097254,Right,QUI_DOG,334fcafc-34c5-45c0-9014-9c5b34c85735,55.81927,-119.65557,11.67983,6.67775,-1.46854,-10.69588,-1.12611,0.49474,-4.44985,,,,,,,,,,,,,,,,,,,,,,,,,,,,,,,,,,,,,,,,,,,,,,,,,,,High,High,High,,,,,
23,2026-07-03,19:13:31.27,3,5,"Smith, Kyle",1000569500,Right,QUI_DOG,"Marsh, Ty",839268,Left,JOH_MIL,Undefined,1,Bottom,2,3,1,FourSeamFastBall,Changeup,BallCalled,Walk,Undefined,Undefined,0,0,,79.83552,-3.065963,-0.827602,1801.864647,196.890102,12:30,6.65703,1.17828,4.94308,-31.00415,14.67753,3.99209,1.17284,0.72879,73.19194,-8.717851,-0.122519,0.486455,,,,,,,,,,,,-2.21512,8.59394,-1.1014,50,6.33396,1.5024,-115.59667,-7.25381,-2.98876,22.11871,-20.57856,JOH_MIL,QUI_DOG,SargentsStad,Prospect League,PLB,20260703-SargentsStad-1,cfe98b30-7734-11f1-8b9e-653d8f45cec5,77.48395,,,6.64358,,,,,,,7278278f-6c90-4be2-9b92-daf4626d24ff,2026-07-03,23:13:31.27,2026-07-03T19:13:31.2770000-04:00,2026-07-03T23:13:31.2770000Z,,v3,,,,"McGuin, Josh",10097254,Right,QUI_DOG,337fb524-1045-4d19-8241-9d5fe943e844,55.55347,-116.65446,11.05936,6.65733,-6.26969,-10.28928,-1.17667,1.64533,-1.49438,,,,,,,,,,,,,,,,,,,,,,,,,,,,,,,,,,,,,,,,,,,,,,,,,,,High,High,High,,,,,
24,2026-07-03,19:14:04.76,4,1,"Smith, Kyle",1000569500,Right,QUI_DOG,"Smith, Caleb",10094164,Right,JOH_MIL,Undefined,1,Bottom,2,0,0,FourSeamFastBall,Changeup,FoulBallNotFieldable,Undefined,Undefined,Undefined,0,0,,80.23916,-1.102113,-1.69075,1856.028904,214.152436,1:15,6.73682,1.00422,4.85186,-26.78151,18.24296,11.41512,3.46116,0.3545,73.61228,-6.029372,0.318704,0.482943,63.27121,40.764876,162.65464,3504.579486,,,,,46.95244,,,-6.11288,9.71819,-0.84771,50,6.60588,2.95283,-116.36642,-3.14652,-8.40836,21.18938,-18.80647,JOH_MIL,QUI_DOG,SargentsStad,Prospect League,PLB,20260703-SargentsStad-1,e3df4120-7734-11f1-8b9e-653d8f45cec5,78.04738,34.41752,,6.62687,,,,0.94387,3.45462,-0.34812,7278278f-6c90-4be2-9b92-daf4626d24ff,2026-07-03,23:14:04.76,2026-07-03T19:14:04.7680000-04:00,2026-07-03T23:14:04.7680000Z,,v3,,,,"McGuin, Josh",10097254,Right,QUI_DOG,e6cec90a-4fce-4219-9515-e8bd024aa8a5,55.64629,-117.39006,10.59469,6.73594,-2.238,-9.40324,-1.00017,3.35904,-4.20418,331.100071,0.94387,-67.08829,2.19224,0.6606,-0.21454,0.28274,-0.38424,0.30754,-0.09549,3.45462,60.59289,-25.41227,2.55093,-0.67183,0.58172,-0.76637,0.57162,-0.15328,-0.34812,20.95397,-4.55322,0.55783,-0.12254,0.03046,-0.02761,0.01501,-0.00135,,,,,,,,,,,,,,,,,,,,,,,High,High,High,High,Undefined,,,
25,2026-07-03,19:14:28.34,4,2,"Smith, Kyle",1000569500,Right,QUI_DOG,"Smith, Caleb",10094164,Right,JOH_MIL,Undefined,1,Bottom,2,0,1,Curveball,Curveball,StrikeCalled,Undefined,Undefined,Undefined,0,0,,70.6839,0.918597,-2.910251,1783.574861,287.395844,3:30,6.29865,1.53599,4.97054,-57.56082,1.05547,3.12421,2.37078,-0.95491,64.50487,-9.501859,-2.359218,0.551037,,,,,,,,,,,,-2.42866,0.91882,-1.25721,50,6.34096,5.08084,-102.29433,-0.2273,-2.54677,18.50556,-31.21055,JOH_MIL,QUI_DOG,SargentsStad,Prospect League,PLB,20260703-SargentsStad-1,f1f89180-7734-11f1-8b9e-653d8f45cec5,68.40278,,,6.17903,,,,,,,7278278f-6c90-4be2-9b92-daf4626d24ff,2026-07-03,23:14:28.34,2026-07-03T19:14:28.3410000-04:00,2026-07-03T23:14:28.3410000Z,,v3,,,,"McGuin, Josh",10097254,Right,QUI_DOG,28a03db4-1c69-413b-a6b8-40cbc0db28d8,55.52527,-103.28904,9.25278,6.30809,1.45033,-15.60528,-1.534,5.21774,-1.27338,,,,,,,,,,,,,,,,,,,,,,,,,,,,,,,,,,,,,,,,,,,,,,,,,,,High,High,High,,,,,
26,2026-07-03,19:14:46.57,4,3,"Smith, Kyle",1000569500,Right,QUI_DOG,"Smith, Caleb",10094164,Right,JOH_MIL,Undefined,1,Bottom,2,0,2,FourSeamFastBall,Changeup,FoulBallNotFieldable,Undefined,Undefined,Undefined,0,0,,80.28306,-1.86045,-2.629338,1836.531456,210.499737,1:00,6.88942,1.03143,4.79616,-28.6032,16.7254,8.97225,2.74039,-0.71418,73.47395,-7.099342,-1.052556,0.484571,63.57701,44.030607,134.262811,3973.765569,,,,,48.8665,,,-5.16551,9.18926,-0.77753,50,6.67964,4.95519,-116.24971,-4.76753,-7.06431,21.91743,-19.60687,JOH_MIL,QUI_DOG,SargentsStad,Prospect League,PLB,20260703-SargentsStad-1,fcc6d590-7734-11f1-8b9e-653d8f45cec5,77.78515,38.83081,,6.80911,,,,0.79846,2.62414,0.76752,7278278f-6c90-4be2-9b92-daf4626d24ff,2026-07-03,23:14:46.57,2026-07-03T19:14:46.5750000-04:00,2026-07-03T23:14:46.5750000Z,,v3,,,,"McGuin, Josh",10097254,Right,QUI_DOG,2d36722c-b302-4974-8374-fe09e74f4ffc,55.70111,-117.31966,10.95872,6.88901,-3.81038,-9.80343,-1.02784,5.30005,-3.53215,,0.79846,-46.79134,-1.38394,1.69116,-0.53579,0.14359,-0.03019,0.00693,-0.00074,2.62414,64.81003,-25.40326,2.82279,-0.55701,0.0875,-0.01389,0.0023,-0.0001,0.76752,48.01117,-9.24642,1.70919,-0.34181,0.04513,-0.00841,0.00101,8E-05,,,,,,,,,,,,,,,,,,,,,,,High,High,High,High,Undefined,,,
27,2026-07-03,19:15:12.19,4,4,"Smith, Kyle",1000569500,Right,QUI_DOG,"Smith, Caleb",10094164,Right,JOH_MIL,Undefined,1,Bottom,2,0,2,Curveball,Curveball,FoulBallNotFieldable,Undefined,Undefined,Undefined,0,0,,70.86942,0.033781,-3.195755,1992.033124,8.154951,6:15,6.2697,1.59302,4.65288,-60.50283,-2.23469,-0.57406,1.25994,-1.49426,65.76627,-10.755071,-3.296473,0.549398,,,,,,,,,,,,-0.58728,-0.66469,-1.26564,50,6.21752,5.75593,-102.70294,-1.9776,-0.62849,16.69431,-32.88537,JOH_MIL,QUI_DOG,SargentsStad,Prospect League,PLB,20260703-SargentsStad-1,0c187ee0-7735-11f1-8b9e-653d8f45cec5,68.60684,,,5.10315,,,,,,,7278278f-6c90-4be2-9b92-daf4626d24ff,2026-07-03,23:15:12.19,2026-07-03T19:15:12.1970000-04:00,2026-07-03T23:15:12.1970000Z,,v3,,,,"McGuin, Josh",10097254,Right,QUI_DOG,62bedaa1-4d4b-40b8-8dcd-3a45f7ffc4c3,55.848,-103.64917,8.34715,6.27678,-0.11366,-16.44269,-1.5929,5.79156,-0.31425,,,,,,,,,,,,,,,,,,,,,,,,,,,,,,,,,,,,,,,,,,,,,,,,,,,High,High,High,,,,,
28,2026-07-03,19:15:36.19,4,5,"Smith, Kyle",1000569500,Right,QUI_DOG,"Smith, Caleb",10094164,Right,JOH_MIL,Undefined,1,Bottom,2,0,2,FourSeamFastBall,Changeup,BallCalled,Undefined,Undefined,Undefined,0,0,,81.19503,-0.074837,-3.38876,1781.282733,195.108662,12:30,6.59101,1.10943,4.90613,-31.44155,12.69914,3.04547,3.89998,-1.8452,74.20778,-5.829059,-2.853586,0.47818,,,,,,,,,,,,-2.43563,6.71792,-0.78048,50,6.55789,6.82747,-117.54827,-1.26414,-3.40855,22.23856,-22.77257,JOH_MIL,QUI_DOG,SargentsStad,Prospect League,PLB,20260703-SargentsStad-1,1a60a770-7735-11f1-8b9e-653d8f45cec5,78.82486,,,6.98725,,,,,,,7278278f-6c90-4be2-9b92-daf4626d24ff,2026-07-03,23:15:36.19,2026-07-03T19:15:36.1990000-04:00,2026-07-03T23:15:36.1990000Z,,v3,,,,"McGuin, Josh",10097254,Right,QUI_DOG,dbc8fe46-6727-4a54-9f4b-b6e669e9646e,55.58939,-118.60099,11.11928,6.59222,-0.18614,-11.38628,-1.1075,6.98882,-1.70427,,,,,,,,,,,,,,,,,,,,,,,,,,,,,,,,,,,,,,,,,,,,,,,,,,,High,High,High,,,,,
29,2026-07-03,19:15:51.64,4,6,"Smith, Kyle",1000569500,Right,QUI_DOG,"Smith, Caleb",10094164,Right,JOH_MIL,Undefined,1,Bottom,2,1,2,FourSeamFastBall,Changeup,FoulBallNotFieldable,Undefined,Undefined,Undefined,0,0,,80.95593,-1.934478,-2.689365,1859.788461,225.184009,1:30,6.73231,0.96462,4.69012,-32.34789,12.28446,10.93028,2.19724,-0.67982,74.38948,-7.799581,-0.771099,0.480835,59.43229,33.830587,137.684702,3978.789053,-89.9319,24.39364,63.34215,145.32261,48.75269,147.523017,2.557747,-6.10433,6.96485,-0.7019,50,6.50703,5.03214,-117.24653,-5.14435,-8.51759,21.67087,-22.45579,JOH_MIL,QUI_DOG,SargentsStad,Prospect League,PLB,20260703-SargentsStad-1,2397f7d0-7735-11f1-8b9e-653d8f45cec5,78.3895,30.16348,,6.56644,,,,0.6074,2.03467,0.6991,7278278f-6c90-4be2-9b92-daf4626d24ff,2026-07-03,23:15:51.64,2026-07-03T19:15:51.6480000-04:00,2026-07-03T23:15:51.6480000Z,LineDrive,v3,,,,"McGuin, Josh",10097254,Right,QUI_DOG,a9d0623e-094f-4b97-a809-a3e131f59798,55.80791,-118.31514,10.83544,6.7334,-4.03703,-11.22789,-0.96039,5.45215,-4.2588,,0.6074,-53.54348,0.306,1.0407,-0.18961,-0.06969,0.08546,-0.02643,0.00277,2.03471,48.52702,-23.01467,2.14533,-0.33869,-0.00905,0.02429,-0.00432,0.00016,0.6992,48.74222,-9.44975,1.41526,-0.28365,0.07632,-0.06361,0.02614,-0.00345,,,,,,,,,,,,,,,,,,,,,,,High,High,High,High,Medium,,,
30,2026-07-03,19:16:13.70,4,7,"Smith, Kyle",1000569500,Right,QUI_DOG,"Smith, Caleb",10094164,Right,JOH_MIL,Undefined,1,Bottom,2,1,2,Slider,Curveball,StrikeSwinging,Strikeout,Undefined,Undefined,0,0,,66.59212,0.392737,-2.507482,1723.382018,119.323878,10:00,6.59866,1.03123,4.38802,-64.27807,4.90717,-3.49118,1.61747,-1.65517,59.63105,-11.188101,-3.117276,0.598657,,,,,,,,,,,,0.71598,3.10772,-0.75963,50,6.57863,4.33801,-95.99417,-1.40972,0.64458,19.73005,-29.37635,JOH_MIL,QUI_DOG,SargentsStad,Prospect League,PLB,20260703-SargentsStad-1,30c70f40-7735-11f1-8b9e-653d8f45cec5,62.96165,,,6.96108,,,,,,,7278278f-6c90-4be2-9b92-daf4626d24ff,2026-07-03,23:16:13.70,2026-07-03T19:16:13.7080000-04:00,2026-07-03T23:16:13.7080000Z,,v3,,,,"McGuin, Josh",10097254,Right,QUI_DOG,1f4ec6f6-f849-4aa4-bf25-9a00bb9d0422,56.10283,-97.24042,9.86503,6.60907,0.44583,-14.68818,-1.03236,4.2973,0.32229,,,,,,,,,,,,,,,,,,,,,,,,,,,,,,,,,,,,,,,,,,,,,,,,,,,High,High,High,,,,,
31,2026-07-03,19:18:28.90,1,1,"Headon, Grayson",1000400494,Right,JOH_MIL,"Kindhart, Brady",85172,Right,QUI_DOG,Undefined,2,Top,0,0,0,Slider,Curveball,StrikeCalled,Undefined,Undefined,Undefined,0,0,,74.89564,0.08131,-1.666522,1935.770043,113.302688,9:45,5.72546,1.91233,6.66638,-43.98467,5.01051,-7.63851,2.13449,-0.24944,68.08751,-8.1785,-3.058162,0.503788,,,,,,,,,,,,3.46843,3.15591,-1.79801,50,5.71396,3.41342,-108.77531,-0.97542,4.08973,21.90219,-28.45286,JOH_MIL,QUI_DOG,SargentsStad,Prospect League,PLB,20260703-SargentsStad-1,81588470-7735-11f1-8b9e-653d8f45cec5,74.81802,,,6.80812,,,,,,,7278278f-6c90-4be2-9b92-daf4626d24ff,2026-07-03,23:18:28.90,2026-07-03T19:18:28.9020000-04:00,2026-07-03T23:18:28.9020000Z,,v3,,,,"Budacki, Brock",10180051,Right,JOH_MIL,08c7a86d-117f-4e1c-9324-c746cd1c2a02,53.82979,-109.54373,10.95109,5.73067,0.02283,-14.22643,-1.91525,3.26993,2.04487,,,,,,,,,,,,,,,,,,,,,,,,,,,,,,,,,,,,,,,,,,,,,,,,,,,High,High,High,,,,,
32,2026-07-03,19:18:43.77,1,2,"Headon, Grayson",1000400494,Right,JOH_MIL,"Kindhart, Brady",85172,Right,QUI_DOG,Undefined,2,Top,0,0,1,FourSeamFastBall,Four-Seam,StrikeCalled,Undefined,Undefined,Undefined,0,0,,89.00627,-2.790759,-2.57546,2118.592956,206.415229,1:00,6.29746,1.65251,6.7296,-14.61406,19.6793,9.21705,2.52468,0.06542,81.2683,-5.632457,-0.896771,0.42148,,,,,,,,,,,,-5.5776,11.5152,-1.48563,50,6.10687,5.46042,-129.18716,-6.62258,-9.4055,27.45916,-12.75604,JOH_MIL,QUI_DOG,SargentsStad,Prospect League,PLB,20260703-SargentsStad-1,8a22e230-7735-11f1-8b9e-653d8f45cec5,89.42887,,,7.73797,,,,,,,7278278f-6c90-4be2-9b92-daf4626d24ff,2026-07-03,23:18:43.77,2026-07-03T19:18:43.7730000-04:00,2026-07-03T23:18:43.7730000Z,,v3,,,,"Budacki, Brock",10180051,Right,JOH_MIL,f79e564d-43a6-4829-8ad6-eff05477b492,53.76751,-129.98549,13.72958,6.29402,-6.25172,-6.37802,-1.64835,5.73387,-4.70275,,,,,,,,,,,,,,,,,,,,,,,,,,,,,,,,,,,,,,,,,,,,,,,,,,,High,High,High,,,,,
33,2026-07-03,19:19:00.36,1,3,"Headon, Grayson",1000400494,Right,JOH_MIL,"Kindhart, Brady",85172,Right,QUI_DOG,Undefined,2,Top,0,0,2,Slider,Curveball,BallCalled,Undefined,Undefined,Undefined,0,0,,76.28358,-1.361763,-3.725113,1986.209817,108.850615,9:45,6.03689,1.71694,6.75226,-43.42676,3.5861,-5.90969,1.17122,-2.18306,69.94991,-9.457588,-4.800977,0.493491,,,,,,,,,,,,1.96173,2.83921,-1.47069,50,5.93163,7.39539,-110.64573,-3.76304,2.40643,21.6728,-28.69121,JOH_MIL,QUI_DOG,SargentsStad,Prospect League,PLB,20260703-SargentsStad-1,94159350-7735-11f1-8b9e-653d8f45cec5,76.37911,,,6.33368,,,,,,,7278278f-6c90-4be2-9b92-daf4626d24ff,2026-07-03,23:19:00.36,2026-07-03T19:19:00.3690000-04:00,2026-07-03T23:19:00.3690000Z,,v3,,,,"Budacki, Brock",10180051,Right,JOH_MIL,5cc105e7-ec78-4a3d-9784-32d420b0838c,53.74462,-111.3768,10.8364,6.04224,-2.79523,-14.3456,-1.71878,7.31422,1.20321,,,,,,,,,,,,,,,,,,,,,,,,,,,,,,,,,,,,,,,,,,,,,,,,,,,High,High,High,,,,,
34,2026-07-03,19:19:15.80,1,4,"Headon, Grayson",1000400494,Right,JOH_MIL,"Kindhart, Brady",85172,Right,QUI_DOG,Undefined,2,Top,0,1,2,Slider,Curveball,InPlay,Undefined,GroundBall,Out,1,0,,74.85483,-0.563318,-0.447391,1939.244831,106.954047,9:30,5.86139,1.69652,6.73971,-44.46014,4.61784,-9.26768,1.64166,0.51544,67.87654,-8.922851,-2.140917,0.504214,37.78372,-46.295864,43.178108,,,,,5.92084,5.87609,7.211305,0.052002,4.80252,3.08666,-1.66371,50,5.8074,1.13469,-108.76804,-2.17781,5.62882,22.92452,-28.55632,JOH_MIL,QUI_DOG,SargentsStad,Prospect League,PLB,20260703-SargentsStad-1,9d3da170-7735-11f1-8b9e-653d8f45cec5,74.75487,2.1056,,6.97828,,,,4.40647,2.1056,-0.63382,7278278f-6c90-4be2-9b92-daf4626d24ff,2026-07-03,23:19:15.80,2026-07-03T19:19:15.8010000-04:00,2026-07-03T23:19:15.8010000Z,GroundBall,v3,,,,"Budacki, Brock",10180051,Right,JOH_MIL,695ef252-cd11-47ba-b1f9-710608602159,53.75867,-109.55737,11.46226,5.86546,-1.19456,-14.27816,-1.69945,0.94088,2.81441,180,4.40396,28.22081,,,,,,,,2.1092,-40.49082,,,,,,,,-0.63617,26.48082,,,,,,,,,,,,,,,,,,,,,,,,,,,,,,High,High,High,High,High,,,
35,2026-07-03,19:19:57.10,2,1,"Headon, Grayson",1000400494,Right,JOH_MIL,"Link, Kamryn",1000332402,Right,QUI_DOG,Undefined,2,Top,1,0,0,FourSeamFastBall,Four-Seam,StrikeSwinging,Undefined,Undefined,Undefined,0,0,,89.18884,-2.754102,-1.961871,1934.793273,196.694781,12:30,6.21164,1.68086,6.82474,-13.42493,20.45733,5.81457,2.57722,0.3751,81.71695,-5.375362,-0.900485,0.418946,,,,,,,,,,,,-3.59567,11.90032,-1.55643,50,6.02862,4.21823,-129.55606,-6.50502,-6.12135,26.64953,-11.91463,JOH_MIL,QUI_DOG,SargentsStad,Prospect League,PLB,20260703-SargentsStad-1,b5d6c7c0-7735-11f1-8b9e-653d8f45cec5,89.96978,,,7.47189,,,,,,,7278278f-6c90-4be2-9b92-daf4626d24ff,2026-07-03,23:19:57.10,2026-07-03T19:19:57.1000000-04:00,2026-07-03T23:19:57.1000000Z,,v3,,,,"Budacki, Brock",10180051,Right,JOH_MIL,3f8419a0-db70-4f62-90d1-e34cb3c3e25e,53.67208,-130.30921,13.32477,6.2077,-6.16829,-5.95732,-1.67809,4.39123,-3.06067,,,,,,,,,,,,,,,,,,,,,,,,,,,,,,,,,,,,,,,,,,,,,,,,,,,High,High,High,,,,,
36,2026-07-03,19:20:12.35,2,2,"Headon, Grayson",1000400494,Right,JOH_MIL,"Link, Kamryn",1000332402,Right,QUI_DOG,Undefined,2,Top,1,0,1,FourSeamFastBall,Four-Seam,StrikeCalled,Undefined,Undefined,Undefined,0,0,,89.56585,-3.166329,-2.687693,1950.062727,197.384937,12:30,6.34752,1.53879,6.68294,-12.61957,21.09749,6.28158,2.39361,-0.39789,82.33717,-5.624754,-1.54519,0.417923,,,,,,,,,,,,-4.0013,12.2615,-1.36143,50,6.13002,5.86307,-130.01375,-7.45972,-6.88724,25.82812,-11.06885,JOH_MIL,QUI_DOG,SargentsStad,Prospect League,PLB,20260703-SargentsStad-1,beee8230-7735-11f1-8b9e-653d8f45cec5,90.1899,,,7.22867,,,,,,,7278278f-6c90-4be2-9b92-daf4626d24ff,2026-07-03,23:20:12.35,2026-07-03T19:20:12.3510000-04:00,2026-07-03T23:20:12.3510000Z,,v3,,,,"Budacki, Brock",10180051,Right,JOH_MIL,d51e49a4-1324-41a0-885c-a2404d22e027,53.81481,-130.76939,12.91406,6.34353,-7.13589,-5.53443,-1.53591,6.06457,-3.44362,,,,,,,,,,,,,,,,,,,,,,,,,,,,,,,,,,,,,,,,,,,,,,,,,,,High,High,High,,,,,
37,2026-07-03,19:20:28.25,2,3,"Headon, Grayson",1000400494,Right,JOH_MIL,"Link, Kamryn",1000332402,Right,QUI_DOG,Undefined,2,Top,1,0,2,FourSeamFastBall,Four-Seam,BallCalled,Undefined,Undefined,Undefined,0,0,,89.80386,-0.356158,-2.146373,2040.226592,210.108365,1:00,6.303,1.8229,6.61891,-15.92048,17.6556,9.64477,4.6499,0.6601,82.22858,-3.429586,-0.392971,0.417048,,,,,,,,,,,,-5.62048,9.68264,-1.68059,50,6.27172,4.51659,-130.56656,-1.19969,-9.73184,26.70842,-15.40859,JOH_MIL,QUI_DOG,SargentsStad,Prospect League,PLB,20260703-SargentsStad-1,c864b050-7735-11f1-8b9e-653d8f45cec5,90.37906,,,7.57529,,,,,,,7278278f-6c90-4be2-9b92-daf4626d24ff,2026-07-03,23:20:28.25,2026-07-03T19:20:28.2520000-04:00,2026-07-03T23:20:28.2520000Z,,v3,,,,"Budacki, Brock",10180051,Right,JOH_MIL,c79031e0-e81b-4d5a-8d33-d23b492eb55d,53.87847,-131.35754,13.35421,6.3005,-0.74336,-7.70429,-1.81861,4.80481,-4.86592,,,,,,,,,,,,,,,,,,,,,,,,,,,,,,,,,,,,,,,,,,,,,,,,,,,High,High,High,,,,,
38,2026-07-03,19:20:42.47,2,4,"Headon, Grayson",1000400494,Right,JOH_MIL,"Link, Kamryn",1000332402,Right,QUI_DOG,Undefined,2,Top,1,1,2,FourSeamFastBall,Four-Seam,StrikeSwinging,Strikeout,Undefined,Undefined,0,0,,88.69885,-1.334757,-2.445866,1892.922964,200.458224,12:45,6.2001,1.73385,6.76767,-16.10969,18.07363,6.35874,3.63741,0.02885,81.4714,-4.443797,-1.286993,0.420803,,,,,,,,,,,,-3.99658,10.22804,-1.57619,50,6.10618,5.27084,-128.9518,-3.38316,-6.76321,25.55667,-14.86563,JOH_MIL,QUI_DOG,SargentsStad,Prospect League,PLB,20260703-SargentsStad-1,d0e051d0-7735-11f1-8b9e-653d8f45cec5,89.57269,,,7.22745,,,,,,,7278278f-6c90-4be2-9b92-daf4626d24ff,2026-07-03,23:20:42.47,2026-07-03T19:20:42.4750000-04:00,2026-07-03T23:20:42.4750000Z,,v3,,,,"Budacki, Brock",10180051,Right,JOH_MIL,cd6b4ef9-8021-4a89-a194-e6927d308505,53.7301,-129.68895,12.77834,6.19759,-2.95438,-7.43282,-1.73103,5.46592,-3.3816,,,,,,,,,,,,,,,,,,,,,,,,,,,,,68.1449,2.880286,1.83849,1.041797,-2.06871,3.35901,0.0471,-1.01375,3.70634,4.79117,69.99979,9.24995,-54.82488,-0.99236,71.96813,-3.66321,3.79647,22.1753,-16.22609,4.69885,-64.14026,6.69029,High,High,High,,,High,High,High
39,2026-07-03,19:21:17.44,3,1,"Headon, Grayson",1000400494,Right,JOH_MIL,"Shuey, John",1000465138,Left,QUI_DOG,Undefined,2,Top,2,0,0,FourSeamFastBall,Four-Seam,BallCalled,Undefined,Undefined,Undefined,0,0,,88.84394,-0.114468,-2.700935,1889.608553,207.441689,1:00,6.22529,1.77294,6.75021,-16.62304,17.35985,8.50591,4.73535,0.01265,81.74681,-3.315093,-1.151869,0.419567,,,,,,,,,,,,-5.16303,9.50729,-1.59848,50,6.21079,5.7765,-129.20627,-0.65707,-8.80163,24.79271,-15.96664,JOH_MIL,QUI_DOG,SargentsStad,Prospect League,PLB,20260703-SargentsStad-1,e5b0b050-7735-11f1-8b9e-653d8f45cec5,89.83648,,,7.09714,,,,,,,7278278f-6c90-4be2-9b92-daf4626d24ff,2026-07-03,23:21:17.44,2026-07-03T19:21:17.4440000-04:00,2026-07-03T23:21:17.4440000Z,,v3,,,,"Budacki, Brock",10180051,Right,JOH_MIL,e359da28-0ea5-4915-a859-3451cf6b9538,53.74792,-129.92345,12.39635,6.22311,-0.1952,-7.98332,-1.76926,6.03111,-4.40082,,,,,,,,,,,,,,,,,,,,,,,,,,,,,,,,,,,,,,,,,,,,,,,,,,,High,High,High,,,,,
40,2026-07-03,19:21:33.14,3,2,"Headon, Grayson",1000400494,Right,JOH_MIL,"Shuey, John",1000465138,Left,QUI_DOG,Undefined,2,Top,2,1,0,FourSeamFastBall,Four-Seam,BallCalled,Undefined,Undefined,Undefined,0,0,,88.69981,-5.086995,-3.187559,1964.732691,200.843492,12:45,6.12135,1.51915,6.91706,-14.1004,20.01895,7.23174,0.29479,-0.78373,82.03486,-7.799781,-1.866894,0.420409,,,,,,,,,,,,-4.68201,12.30524,-1.32159,50,5.7959,6.90627,-128.51228,-11.76478,-7.90126,24.36247,-11.40797,JOH_MIL,QUI_DOG,SargentsStad,Prospect League,PLB,20260703-SargentsStad-1,ef16fff0-7735-11f1-8b9e-653d8f45cec5,89.65665,,,6.66495,,,,,,,7278278f-6c90-4be2-9b92-daf4626d24ff,2026-07-03,23:21:33.14,2026-07-03T19:21:33.1410000-04:00,2026-07-03T23:21:33.1410000Z,,v3,,,,"Budacki, Brock",10180051,Right,JOH_MIL,89c8885c-f9f4-436d-877c-40c0be2def6c,53.58314,-129.18976,12.18123,6.11865,-11.44754,-5.70399,-1.51669,7.12599,-3.95063,,,,,,,,,,,,,,,,,,,,,,,,,,,,,,,,,,,,,,,,,,,,,,,,,,,High,High,High,,,,,
41,2026-07-03,19:21:55.66,3,3,"Headon, Grayson",1000400494,Right,JOH_MIL,"Shuey, John",1000465138,Left,QUI_DOG,Undefined,2,Top,2,2,0,FourSeamFastBall,Four-Seam,InPlay,Undefined,GroundBall,Out,1,0,,87.09759,-1.343394,-2.877947,1992.699009,201.958199,12:45,6.2981,1.76684,6.79628,-16.2919,19.07808,7.26957,3.71257,-0.25624,80.13962,-4.489168,-1.553144,0.428045,47.45955,16.272085,-31.601595,1991.770471,,,,84.65717,83.48744,-35.077794,1.381198,-4.60414,10.79508,-1.58275,50,6.20434,6.10609,-126.62051,-3.3445,-7.52448,24.24298,-14.53175,JOH_MIL,QUI_DOG,SargentsStad,Prospect League,PLB,20260703-SargentsStad-1,fc84a700-7735-11f1-8b9e-653d8f45cec5,88.05728,9.34482,,6.95797,,,,-0.177,3.59702,0.29315,7278278f-6c90-4be2-9b92-daf4626d24ff,2026-07-03,23:21:55.66,2026-07-03T19:21:55.6630000-04:00,2026-07-03T23:21:55.6630000Z,GroundBall,v3,,,,"Budacki, Brock",10180051,Right,JOH_MIL,869a4839-69dc-4c40-8627-5e84704ae42e,53.70264,-127.32745,12.12149,6.2957,-2.92075,-7.26588,-1.764,6.32551,-3.76224,103.667403,-0.17699,56.90837,-5.18601,0.26659,0.546,-1.10281,0.91047,-0.36194,0.05686,3.59702,19.50422,-16.97445,0.83607,-0.19894,0.14296,-0.06646,0.0111,0.00027,0.29315,-35.01356,-0.55611,0.28729,-0.1434,0.10348,-0.06659,0.02374,-0.0033,,,,,,,,,,,,,,,,,,,,,,,High,High,High,High,High,,,
42,2026-07-03,19:24:23.36,1,1,"Smith, Kyle",1000569500,Right,QUI_DOG,"Throneberry, Caden",1000570904,Left,JOH_MIL,Undefined,2,Bottom,0,0,0,TwoSeamFastBall,Changeup,StrikeCalled,Undefined,Undefined,Undefined,0,0,,78.5194,-0.761347,-1.461506,1838.253356,251.893073,2:30,6.54156,1.11312,5.32198,-40.22664,6.10477,14.1491,2.4746,0.92041,72.11952,-8.107144,1.05501,0.489902,,,,,,,,,,,,-7.48406,3.7389,-0.99134,50,6.4438,2.34027,-113.94655,-2.86819,-9.83044,21.11976,-27.26295,JOH_MIL,QUI_DOG,SargentsStad,Prospect League,PLB,20260703-SargentsStad-1,54981b70-7736-11f1-8b9e-653d8f45cec5,76.93876,,,6.39989,,,,,,,7278278f-6c90-4be2-9b92-daf4626d24ff,2026-07-03,23:24:23.36,2026-07-03T19:24:23.3660000-04:00,2026-07-03T23:24:23.3660000Z,,v3,,,,"McGuin, Josh",10097254,Right,QUI_DOG,fd7bffbc-aad4-417c-9837-9bb4387545a6,55.17594,-114.90189,10.55988,6.54565,-1.63496,-13.63148,-1.10725,2.78495,-4.91522,,,,,,,,,,,,,,,,,,,,,,,,,,,,,,,,,,,,,,,,,,,,,,,,,,,High,High,High,,,,,
43,2026-07-03,19:24:39.70,1,2,"Smith, Kyle",1000569500,Right,QUI_DOG,"Throneberry, Caden",1000570904,Left,JOH_MIL,Undefined,2,Bottom,0,0,1,TwoSeamFastBall,Changeup,BallCalled,Undefined,Undefined,Undefined,0,0,,79.6266,-0.979565,-1.377373,1977.054069,226.328967,1:30,6.47083,1.37775,4.99741,-32.02667,13.3706,12.54111,2.87679,1.12224,73.26957,-6.834508,0.837807,0.484938,,,,,,,,,,,,-6.55985,7.31374,-1.25589,50,6.35102,2.25077,-115.53045,-3.07544,-8.90847,20.55806,-22.24178,JOH_MIL,QUI_DOG,SargentsStad,Prospect League,PLB,20260703-SargentsStad-1,5e5c4280-7736-11f1-8b9e-653d8f45cec5,77.72628,,,6.35703,,,,,,,7278278f-6c90-4be2-9b92-daf4626d24ff,2026-07-03,23:24:39.70,2026-07-03T19:24:39.7090000-04:00,2026-07-03T23:24:39.7090000Z,,v3,,,,"McGuin, Josh",10097254,Right,QUI_DOG,de054831-d783-45fd-909b-5f47b8c03cce,55.49982,-116.505,10.27903,6.47182,-2.02107,-11.12089,-1.3726,2.67307,-4.45423,,,,,,,,,,,,,,,,,,,,,,,,,,,,,,,,,,,,,,,,,,,,,,,,,,,High,High,High,,,,,
44,2026-07-03,19:24:55.56,1,3,"Smith, Kyle",1000569500,Right,QUI_DOG,"Throneberry, Caden",1000570904,Left,JOH_MIL,Undefined,2,Bottom,0,1,1,ChangeUp,Changeup,BallCalled,Undefined,Undefined,Undefined,0,0,,76.46551,-0.509307,-0.50807,1481.108471,246.577483,2:15,6.70902,0.99072,4.69224,-42.87652,7.12351,12.76024,2.6524,1.5717,70.2711,-8.250039,1.735336,0.508928,,,,,,,,,,,,-6.37839,4.12484,-0.95123,50,6.61916,0.45108,-110.88575,-2.51063,-7.93913,19.8828,-27.03989,JOH_MIL,QUI_DOG,SargentsStad,Prospect League,PLB,20260703-SargentsStad-1,67c29220-7736-11f1-8b9e-653d8f45cec5,74.06239,,,6.19442,,,,,,,7278278f-6c90-4be2-9b92-daf4626d24ff,2026-07-03,23:24:55.56,2026-07-03T19:24:55.5620000-04:00,2026-07-03T23:24:55.5620000Z,,v3,,,,"McGuin, Josh",10097254,Right,QUI_DOG,c6ba4052-fd2d-423c-8ed9-b293dd317439,55.80509,-111.92181,9.9414,6.71327,-1.10162,-13.51994,-0.98552,0.86478,-3.96956,,,,,,,,,,,,,,,,,,,,,,,,,,,,,,,,,,,,,,,,,,,,,,,,,,,High,High,High,,,,,
45,2026-07-03,19:25:12.06,1,4,"Smith, Kyle",1000569500,Right,QUI_DOG,"Throneberry, Caden",1000570904,Left,JOH_MIL,Undefined,2,Bottom,0,2,1,FourSeamFastBall,Changeup,BallCalled,Undefined,Undefined,Undefined,0,0,,79.83682,-0.57052,-1.090749,1951.224328,219.091275,1:15,6.51683,1.11555,4.91085,-29.56399,15.54123,11.54623,3.51357,1.0462,73.65382,-5.980743,0.944741,0.483376,,,,,,,,,,,,-5.96544,8.22993,-1.0191,50,6.43682,1.71719,-115.89406,-2.1698,-8.18815,19.79112,-20.87767,JOH_MIL,QUI_DOG,SargentsStad,Prospect League,PLB,20260703-SargentsStad-1,71964990-7736-11f1-8b9e-653d8f45cec5,77.97751,,,6.183,,,,,,,7278278f-6c90-4be2-9b92-daf4626d24ff,2026-07-03,23:25:12.06,2026-07-03T19:25:12.0690000-04:00,2026-07-03T23:25:12.0690000Z,,v3,,,,"McGuin, Josh",10097254,Right,QUI_DOG,979b9067-7b85-4449-b8b3-9072b3cea561,55.58667,-116.84419,9.89556,6.51693,-1.16751,-10.43884,-1.11098,2.11029,-4.09407,,,,,,,,,,,,,,,,,,,,,,,,,,,,,,,,,,,,,,,,,,,,,,,,,,,High,High,High,,,,,
46,2026-07-03,19:25:27.13,1,5,"Smith, Kyle",1000569500,Right,QUI_DOG,"Throneberry, Caden",1000570904,Left,JOH_MIL,Undefined,2,Bottom,0,3,1,Fastball,Changeup,BallCalled,Walk,Undefined,Undefined,0,0,,77.97722,-0.220465,-0.127589,1589.93711,216.876147,1:15,6.55874,1.17901,4.83728,-34.14746,13.2665,8.90646,3.50437,1.8004,71.99598,-6.436251,1.440704,0.495592,,,,,,,,,,,,-4.39937,7.02886,-1.17432,50,6.50808,-0.12175,-113.1925,-1.61769,-5.75936,18.91129,-22.97232,JOH_MIL,QUI_DOG,SargentsStad,Prospect League,PLB,20260703-SargentsStad-1,7a9ec1c0-7736-11f1-8b9e-653d8f45cec5,76.05536,,,5.98124,,,,,,,7278278f-6c90-4be2-9b92-daf4626d24ff,2026-07-03,23:25:27.13,2026-07-03T19:25:27.1390000-04:00,2026-07-03T23:25:27.1390000Z,,v3,,,,"McGuin, Josh",10097254,Right,QUI_DOG,dd298fa5-b718-4d1f-ab74-26634e77f171,55.65951,-114.13413,9.45564,6.56015,-0.47385,-11.48616,-1.1754,0.16502,-2.87968,,,,,,,,,,,,,,,,,,,,,,,,,,,,,,,,,,,,,,,,,,,,,,,,,,,High,High,High,,,,,
47,2026-07-03,19:26:00.42,2,1,"Smith, Kyle",1000569500,Right,QUI_DOG,"Rozich, Landen",1000469268,Right,JOH_MIL,Undefined,2,Bottom,0,0,0,Curveball,Curveball,InPlay,Undefined,FlyBall,Out,1,0,,69.33837,0.984304,-2.180931,1714.784242,134.873934,10:30,6.23672,1.4723,4.94162,-57.90948,2.06303,-0.28024,2.34192,-0.61316,64.28163,-9.448033,-2.230369,0.557375,77.73967,36.739089,-17.396831,2661.708046,104.5949,66.13232,-34.05693,289.02178,284.27726,-20.038124,4.732868,-0.4363,1.19791,-1.26013,50,6.28397,3.84148,-100.61055,-0.09284,-0.44937,15.59254,-30.94029,JOH_MIL,QUI_DOG,SargentsStad,Prospect League,PLB,20260703-SargentsStad-1,8e7556f0-7736-11f1-8b9e-653d8f45cec5,67.62492,76.09091,,5.05674,,,,3.02709,2.69418,0.5403,7278278f-6c90-4be2-9b92-daf4626d24ff,2026-07-03,23:26:00.42,2026-07-03T19:26:00.4270000-04:00,2026-07-03T23:26:00.4270000Z,FlyBall,v3,,,,"McGuin, Josh",10097254,Right,QUI_DOG,d8429cf7-def6-40f7-8571-14b7021c9759,55.55897,-101.46842,7.79627,6.24225,1.60943,-15.47014,-1.47217,3.86621,-0.22468,167.748669,3.02843,87.1596,-13.8023,2.75865,-0.28589,-0.0362,0.01717,-0.00213,9E-05,2.694,68.20522,-17.77781,1.29965,-0.27897,0.04024,0.00229,-0.00141,0.00011,0.53974,-27.30747,2.32297,-0.35724,0.03773,-0.00222,0.00111,-0.00032,3E-05,,,,,,,,,,,,,,,,,,,,,,,High,High,High,High,Medium,,,
48,2026-07-03,19:26:41.46,3,1,"Smith, Kyle",1000569500,Right,QUI_DOG,"Budacki, Brock",10180051,Right,JOH_MIL,Undefined,2,Bottom,1,0,0,FourSeamFastBall,Changeup,BallCalled,Undefined,Undefined,Undefined,0,0,,79.73684,-2.281254,-2.724753,1889.507253,223.707319,1:30,6.5345,1.13701,5.00275,-31.75549,13.49639,11.58827,1.73115,-0.47138,73.69944,-8.059423,-0.679112,0.484161,,,,,,,,,,,,-6.43083,7.69918,-0.88488,50,6.2896,5.0162,-115.56421,-5.70215,-8.76732,19.8987,-21.67757,JOH_MIL,QUI_DOG,SargentsStad,Prospect League,PLB,20260703-SargentsStad-1,a6f8f970-7736-11f1-8b9e-653d8f45cec5,77.85109,,,6.03739,,,,,,,7278278f-6c90-4be2-9b92-daf4626d24ff,2026-07-03,23:26:41.46,2026-07-03T19:26:41.4650000-04:00,2026-07-03T23:26:41.4650000Z,,v3,,,,"McGuin, Josh",10097254,Right,QUI_DOG,ae362b08-c837-49f3-a4bb-d2fd50bd5fc3,55.49506,-116.50655,9.94935,6.53533,-4.67557,-10.83879,-1.13226,5.43139,-4.38366,,,,,,,,,,,,,,,,,,,,,,,,,,,,,,,,,,,,,,,,,,,,,,,,,,,High,High,High,,,,,
49,2026-07-03,19:26:59.41,3,2,"Smith, Kyle",1000569500,Right,QUI_DOG,"Budacki, Brock",10180051,Right,JOH_MIL,Undefined,2,Bottom,1,1,0,Curveball,Curveball,BallCalled,Undefined,Undefined,Undefined,0,0,,65.42587,-1.210798,-1.779967,1769.830609,96.995989,9:15,6.5687,1.01167,5.33978,-64.84539,2.85693,-3.40579,0.02835,-0.94249,60.18437,-12.934547,-2.38738,0.592206,,,,,,,,,,,,1.14032,2.47288,-0.84855,50,6.41307,3.05655,-94.78937,-3.82451,1.01994,16.7777,-29.96225,JOH_MIL,QUI_DOG,SargentsStad,Prospect League,PLB,20260703-SargentsStad-1,b1ad25d0-7736-11f1-8b9e-653d8f45cec5,63.64746,,,5.2415,,,,,,,7278278f-6c90-4be2-9b92-daf4626d24ff,2026-07-03,23:26:59.41,2026-07-03T19:26:59.4110000-04:00,2026-07-03T23:26:59.4110000Z,,v3,,,,"McGuin, Josh",10097254,Right,QUI_DOG,9004ce11-746f-46c4-83de-42ee293093d6,55.15812,-95.69801,8.38885,6.57626,-2.20184,-14.98113,-1.01259,3.00131,0.50997,,,,,,,,,,,,,,,,,,,,,,,,,,,,,,,,,,,,,,,,,,,,,,,,,,,High,High,High,,,,,
50,2026-07-03,19:27:20.99,3,3,"Smith, Kyle",1000569500,Right,QUI_DOG,"Budacki, Brock",10180051,Right,JOH_MIL,Undefined,2,Bottom,1,2,0,Curveball,Curveball,BallinDirt,Undefined,Undefined,Undefined,0,0,,69.84885,-1.435718,-2.619266,1683.507935,24.207991,6:45,6.23113,1.5052,4.74672,-62.99929,-3.53122,-2.35311,-0.38224,-1.1769,65.54176,-12.601445,-3.03408,0.555026,,,,,,,,,,,,0.49453,-1.00323,-1.2395,50,6.03012,4.72009,-101.33137,-4.60574,0.51748,15.56342,-33.22385,JOH_MIL,QUI_DOG,SargentsStad,Prospect League,PLB,20260703-SargentsStad-1,be7e65d0-7736-11f1-8b9e-653d8f45cec5,67.91113,,,4.30708,,,,,,,7278278f-6c90-4be2-9b92-daf4626d24ff,2026-07-03,23:27:20.99,2026-07-03T19:27:20.9920000-04:00,2026-07-03T23:27:20.9920000Z,,v3,,,,"McGuin, Josh",10097254,Right,QUI_DOG,8d7fdf23-700d-4060-8c00-3eedfb4d5045,55.75573,-102.21156,7.78171,6.23747,-2.72676,-16.61193,-1.50562,4.69082,0.25874,,,,,,,,,,,,,,,,,,,,,,,,,,,,,,,,,,,,,,,,,,,,,,,,,,,High,High,High,,,,,
51,2026-07-03,19:27:55.05,3,4,"Smith, Kyle",1000569500,Right,QUI_DOG,"Budacki, Brock",10180051,Right,JOH_MIL,Undefined,2,Bottom,1,3,0,FourSeamFastBall,Changeup,BallCalled,Walk,Undefined,Undefined,0,0,,78.56602,-3.378576,-1.628502,1747.018113,223.381555,1:30,6.75477,1.06033,4.68325,-32.20222,15.28442,12.98513,0.85805,0.59564,72.36208,-9.201574,0.653804,0.495972,,,,,,,,,,,,-6.82685,8.87768,-0.90722,50,6.38247,2.68498,-113.715,-7.84419,-8.9535,20.5384,-20.53084,JOH_MIL,QUI_DOG,SargentsStad,Prospect League,PLB,20260703-SargentsStad-1,d2c1c690-7736-11f1-8b9e-653d8f45cec5,75.99712,,,6.20394,,,,,,,7278278f-6c90-4be2-9b92-daf4626d24ff,2026-07-03,23:27:55.05,2026-07-03T19:27:55.0570000-04:00,2026-07-03T23:27:55.0570000Z,,v3,,,,"McGuin, Josh",10097254,Right,QUI_DOG,e4ee3065-362d-4f35-b5fa-5c514451469d,55.81441,-114.76036,10.2692,6.75513,-6.79922,-10.26542,-1.05548,3.1407,-4.47675,,,,,,,,,,,,,,,,,,,,,,,,,,,,,,,,,,,,,,,,,,,,,,,,,,,High,High,High,,,,,
52,2026-07-03,19:28:25.31,4,1,"Smith, Kyle",1000569500,Right,QUI_DOG,"DeCanio, Dominic ",1000583922,Right,JOH_MIL,Undefined,2,Bottom,1,0,0,Curveball,Curveball,BallCalled,Undefined,Undefined,Undefined,0,0,,69.81691,1.526334,-0.559664,1645.500711,216.109493,1:15,6.34913,1.63864,4.81559,-57.10334,3.54118,0.97362,3.03677,1.18961,63.27056,-8.839143,-0.388204,0.560489,,,,,,,,,,,,-0.6685,1.75634,-1.58396,50,6.45159,0.95149,-101.07767,0.87439,-0.67973,19.11509,-30.38825,JOH_MIL,QUI_DOG,SargentsStad,Prospect League,PLB,20260703-SargentsStad-1,e4d37a40-7736-11f1-8b9e-653d8f45cec5,67.24918,,,6.54636,,,,,,,7278278f-6c90-4be2-9b92-daf4626d24ff,2026-07-03,23:28:25.31,2026-07-03T19:28:25.3150000-04:00,2026-07-03T23:28:25.3150000Z,,v3,,,,"McGuin, Josh",10097254,Right,QUI_DOG,8007d426-37dc-42a8-9ce4-f3969ec58655,55.68235,-102.14662,9.55755,6.35517,2.57376,-15.19412,-1.63823,0.9895,-0.33987,,,,,,,,,,,,,,,,,,,,,,,,,,,,,,,,,,,,,,,,,,,,,,,,,,,High,High,High,,,,,
53,2026-07-03,19:28:42.37,4,2,"Smith, Kyle",1000569500,Right,QUI_DOG,"DeCanio, Dominic ",1000583922,Right,JOH_MIL,Undefined,2,Bottom,1,1,0,TwoSeamFastBall,Changeup,StrikeCalled,Undefined,Undefined,Undefined,0,0,,78.788,-2.001595,-1.529304,1799.685161,230.571373,1:45,6.74695,1.13404,4.75687,-34.91022,12.19052,12.94701,1.93824,0.7624,72.29562,-8.334547,0.748963,0.493953,,,,,,,,,,,,-6.77579,7.01603,-0.99254,50,6.51578,2.49551,-114.14225,-5.22521,-8.93066,21.19412,-22.92676,JOH_MIL,QUI_DOG,SargentsStad,Prospect League,PLB,20260703-SargentsStad-1,eef50390-7736-11f1-8b9e-653d8f45cec5,76.3078,,,6.49238,,,,,,,7278278f-6c90-4be2-9b92-daf4626d24ff,2026-07-03,23:28:42.37,2026-07-03T19:28:42.3750000-04:00,2026-07-03T23:28:42.3750000Z,,v3,,,,"McGuin, Josh",10097254,Right,QUI_DOG,b9defade-2363-4ac8-b19e-feafe063a1b4,55.73991,-115.20312,10.59706,6.74861,-4.07761,-11.46338,-1.12864,2.94253,-4.46533,,,,,,,,,,,,,,,,,,,,,,,,,,,,,,,,,,,,,,,,,,,,,,,,,,,High,High,High,,,,,
54,2026-07-03,19:28:59.86,4,3,"Smith, Kyle",1000569500,Right,QUI_DOG,"DeCanio, Dominic ",1000583922,Right,JOH_MIL,Undefined,2,Bottom,1,1,1,ChangeUp,Changeup,StrikeSwinging,Undefined,Undefined,Undefined,0,0,,75.52806,-1.942876,-2.686181,1503.730871,253.368832,2:30,6.77607,1.09959,4.97721,-44.72113,6.17662,15.11395,1.21167,-0.17971,69.567,-10.015985,-0.014724,0.513477,,,,,,,,,,,,-8.23815,4.11697,-0.8531,50,6.55199,4.53234,-109.40612,-5.23473,-9.96926,19.58778,-27.19196,JOH_MIL,QUI_DOG,SargentsStad,Prospect League,PLB,20260703-SargentsStad-1,f964d3f0-7736-11f1-8b9e-653d8f45cec5,73.40632,,,5.96106,,,,,,,7278278f-6c90-4be2-9b92-daf4626d24ff,2026-07-03,23:28:59.86,2026-07-03T19:28:59.8640000-04:00,2026-07-03T23:28:59.8640000Z,,v3,,,,"McGuin, Josh",10097254,Right,QUI_DOG,3fa1bbd1-910d-43a3-b40b-0d8f5bd4736a,55.52094,-110.39015,9.79389,6.78065,-3.86869,-13.59598,-1.09337,5.03316,-4.98463,,,,,,,,,,,,,,,,,,,,,,,,,,,,,,,,,,,,,,,,,,,,,,,,,,,High,High,High,,,,,
55,2026-07-03,19:29:21.14,4,4,"Smith, Kyle",1000569500,Right,QUI_DOG,"DeCanio, Dominic ",1000583922,Right,JOH_MIL,Undefined,2,Bottom,1,1,2,FourSeamFastBall,Changeup,FoulBallNotFieldable,Undefined,Undefined,Undefined,0,0,,79.07073,-2.036066,-1.548078,1771.87116,215.750858,1:15,6.78467,0.73643,4.72085,-31.4362,15.43674,9.99103,2.23142,0.09967,72.39602,-7.765886,0.207907,0.492757,60.99708,18.446636,162.988205,2809.977358,,,,113.83338,48.59088,166.776122,1.498214,-5.36847,8.60847,-0.5896,50,6.55164,2.67312,-114.5348,-5.16805,-7.11564,21.58622,-20.76398,JOH_MIL,QUI_DOG,SargentsStad,Prospect League,PLB,20260703-SargentsStad-1,0606eda0-7737-11f1-8b9e-653d8f45cec5,76.49302,11.74951,,6.67471,,,,1.74678,2.22666,-0.09318,7278278f-6c90-4be2-9b92-daf4626d24ff,2026-07-03,23:29:21.14,2026-07-03T19:29:21.1450000-04:00,2026-07-03T23:29:21.1450000Z,GroundBall,v3,,,,"McGuin, Josh",10097254,Right,QUI_DOG,5974c433-3586-416d-99ae-0ce4ae114352,55.77661,-115.61838,10.79311,6.7849,-4.12574,-10.38199,-0.73275,3.03031,-3.55782,312.911966,1.74678,-81.15223,4.80306,-0.63208,0.07647,-0.00354,0.0005,0.0002,-6E-05,2.22666,28.30775,-22.27632,2.106,-0.43588,0.0796,-0.01418,0.00258,-0.00023,-0.09318,24.82899,-6.6009,1.50043,-0.3249,0.05979,-0.01202,0.00175,-0.00012,,,,,,,,,,,,,,,,,,,,,,,High,High,High,High,Medium,,,
56,2026-07-03,19:29:45.70,4,5,"Smith, Kyle",1000569500,Right,QUI_DOG,"DeCanio, Dominic ",1000583922,Right,JOH_MIL,Undefined,2,Bottom,1,1,2,ChangeUp,Changeup,BallCalled,Undefined,Undefined,Undefined,0,0,,74.37423,-1.25004,-0.737493,1244.973697,268.016308,3:00,6.71493,0.81688,5.14056,-50.05381,2.23543,14.08954,1.36648,1.29656,68.33865,-10.30558,1.764535,0.520448,,,,,,,,,,,,-7.23599,2.02075,-0.7591,50,6.55943,0.84542,-107.8597,-4.01211,-8.4619,20.04192,-29.81094,JOH_MIL,QUI_DOG,SargentsStad,Prospect League,PLB,20260703-SargentsStad-1,14b774f0-7737-11f1-8b9e-653d8f45cec5,72.42303,,,6.03558,,,,,,,7278278f-6c90-4be2-9b92-daf4626d24ff,2026-07-03,23:29:45.70,2026-07-03T19:29:45.7070000-04:00,2026-07-03T23:29:45.7070000Z,,v3,,,,"McGuin, Josh",10097254,Right,QUI_DOG,bd75d682-daea-443a-a508-6abed1dd570b,55.35764,-108.85068,10.02096,6.72137,-2.5381,-14.90547,-0.81125,1.26382,-4.23095,,,,,,,,,,,,,,,,,,,,,,,,,,,,,,,,,,,,,,,,,,,,,,,,,,,High,High,High,,,,,
57,2026-07-03,19:30:09.76,4,6,"Smith, Kyle",1000569500,Right,QUI_DOG,"DeCanio, Dominic ",1000583922,Right,JOH_MIL,Undefined,2,Bottom,1,2,2,FourSeamFastBall,Changeup,FoulBallNotFieldable,Undefined,Undefined,Undefined,0,0,,79.2922,-0.784142,-1.362608,1776.91801,209.22022,1:00,6.89207,0.79439,4.5511,-28.51899,18.19993,9.34052,3.76883,0.2755,72.57657,-6.003819,0.272771,0.491947,22.47261,41.984159,168.925833,1402.922485,,,,111.80429,51.08025,177.293644,0.984161,-4.84587,9.5117,-0.66176,50,6.78466,2.30908,-114.87397,-2.56827,-6.49284,20.73737,-19.42961,JOH_MIL,QUI_DOG,SargentsStad,Prospect League,PLB,20260703-SargentsStad-1,23152150-7737-11f1-8b9e-653d8f45cec5,76.61897,7.07336,,6.71563,,,,,,,7278278f-6c90-4be2-9b92-daf4626d24ff,2026-07-03,23:30:09.76,2026-07-03T19:30:09.7680000-04:00,2026-07-03T23:30:09.7680000Z,GroundBall,v3,,,,"McGuin, Josh",10097254,Right,QUI_DOG,c2c1a565-fcd5-41cf-bd21-cf48ac2c0c08,55.94188,-115.94165,10.36868,6.89114,-1.56792,-9.71481,-0.78925,2.64337,-3.24642,350.147328,-6.56563,-24.04394,-118.79121,51.62773,-24.7807,12.11511,-5.29737,1.68587,-0.27059,2.86738,22.04758,-32.29931,10.3295,-4.96546,2.42565,-1.06058,0.3376,-0.05419,-0.33018,4.70595,1.45338,-0.64588,0.29488,-0.14396,0.06294,-0.02003,0.00322,,,,,,,,,,,,,,,,,,,,,,,High,High,High,Medium,Low,,,
58,2026-07-03,19:30:34.93,4,7,"Smith, Kyle",1000569500,Right,QUI_DOG,"DeCanio, Dominic ",1000583922,Right,JOH_MIL,Undefined,2,Bottom,1,2,2,ChangeUp,Changeup,StrikeSwinging,Strikeout,Undefined,Undefined,0,0,,74.96458,-1.734705,-2.005086,1478.393063,265.346634,2:45,6.62114,1.08965,5.30492,-48.44136,3.10508,15.5445,0.95447,0.50204,68.44155,-10.541025,0.762896,0.516738,,,,,,,,,,,,-8.41926,2.66169,-0.91922,50,6.42866,3.2055,-108.58668,-4.86474,-9.91206,21.49009,-29.04044,JOH_MIL,QUI_DOG,SargentsStad,Prospect League,PLB,20260703-SargentsStad-1,3218aaa0-7737-11f1-8b9e-653d8f45cec5,72.94297,,,6.52303,,,,,,,7278278f-6c90-4be2-9b92-daf4626d24ff,2026-07-03,23:30:34.93,2026-07-03T19:30:34.9360000-04:00,2026-07-03T23:30:34.9360000Z,,v3,,,,"McGuin, Josh",10097254,Right,QUI_DOG,bcc49804-5ca4-4874-8925-0cbdbf8ee42b,55.19245,-109.60949,10.74504,6.62731,-3.48258,-14.52022,-1.08301,3.67726,-4.95603,,,,,,,,,,,,,,,,,,,,,,,,,,,,,,,,,,,,,,,,,,,,,,,,,,,High,High,High,,,,,
59,2026-07-03,19:31:04.51,5,1,"Smith, Kyle",1000569500,Right,QUI_DOG,"Sydlowski, Kriss",1000162904,Right,JOH_MIL,Undefined,2,Bottom,2,0,0,Slider,Curveball,BallCalled,Undefined,Undefined,Undefined,0,0,,71.15267,0.425492,-2.71889,1790.133888,63.665924,8:00,6.28413,1.52341,4.75948,-56.87066,0.37866,-2.57937,1.94884,-1.27163,66.18113,-9.754736,-3.17222,0.544574,,,,,,,,,,,,0.57185,0.60008,-1.24813,50,6.27669,4.99924,-103.20238,-1.14177,0.62155,15.91588,-31.52178,JOH_MIL,QUI_DOG,SargentsStad,Prospect League,PLB,20260703-SargentsStad-1,43bc5a40-7737-11f1-8b9e-653d8f45cec5,69.2146,,,4.97154,,,,,,,7278278f-6c90-4be2-9b92-daf4626d24ff,2026-07-03,23:31:04.51,2026-07-03T19:31:04.5110000-04:00,2026-07-03T23:31:04.5110000Z,,v3,,,,"McGuin, Josh",10097254,Right,QUI_DOG,475853c1-26b0-41ba-9169-2f1260bbb674,55.74006,-104.08385,7.95794,6.29158,0.604,-15.76089,-1.52405,4.96482,0.31077,,,,,,,,,,,,,,,,,,,,,,,,,,,,,,,,,,,,,,,,,,,,,,,,,,,High,High,High,,,,,
60,2026-07-03,19:31:20.24,5,2,"Smith, Kyle",1000569500,Right,QUI_DOG,"Sydlowski, Kriss",1000162904,Right,JOH_MIL,Undefined,2,Bottom,2,1,0,TwoSeamFastBall,Changeup,BallCalled,Undefined,Undefined,Undefined,0,0,,80.59756,-2.504487,-2.833615,1916.760865,233.542736,1:45,6.54429,0.93081,4.85057,-32.08825,12.58922,15.15115,1.49499,-0.49121,74.31754,-8.325708,-0.165937,0.481078,,,,,,,,,,,,-8.21701,7.28922,-0.66451,50,6.26961,5.13022,-116.73886,-6.25509,-11.39906,20.89073,-22.06208,JOH_MIL,QUI_DOG,SargentsStad,Prospect League,PLB,20260703-SargentsStad-1,4d12cb60-7737-11f1-8b9e-653d8f45cec5,78.34992,,,6.28001,,,,,,,7278278f-6c90-4be2-9b92-daf4626d24ff,2026-07-03,23:31:20.24,2026-07-03T19:31:20.2420000-04:00,2026-07-03T23:31:20.2420000Z,,v3,,,,"McGuin, Josh",10097254,Right,QUI_DOG,dd62eada-b819-428d-8b08-254fc85a8466,55.64777,-117.7452,10.44536,6.54533,-5.19232,-11.03104,-0.92487,5.67933,-5.69953,,,,,,,,,,,,,,,,,,,,,,,,,,,,,,,,,,,,,,,,,,,,,,,,,,,High,High,High,,,,,
61,2026-07-03,19:31:37.28,5,3,"Smith, Kyle",1000569500,Right,QUI_DOG,"Sydlowski, Kriss",1000162904,Right,JOH_MIL,Undefined,2,Bottom,2,2,0,TwoSeamFastBall,Changeup,BallCalled,Undefined,Undefined,Undefined,0,0,,77.90397,-3.645338,-1.753644,1756.415496,224.482328,1:30,6.83407,0.99849,4.83917,-35.82545,12.42938,10.61083,0.39076,0.22178,71.6201,-10.114521,0.117812,0.499968,,,,,,,,,,,,-5.77721,7.64367,-0.8347,50,6.44262,3.01824,-112.69956,-8.41803,-7.40479,21.13636,-22.37697,JOH_MIL,QUI_DOG,SargentsStad,Prospect League,PLB,20260703-SargentsStad-1,5734a2d0-7737-11f1-8b9e-653d8f45cec5,75.38977,,,6.28386,,,,,,,7278278f-6c90-4be2-9b92-daf4626d24ff,2026-07-03,23:31:37.28,2026-07-03T19:31:37.2880000-04:00,2026-07-03T23:31:37.2880000Z,,v3,,,,"McGuin, Josh",10097254,Right,QUI_DOG,f8a89155-4a3f-42c1-8cc9-a194fdc5eb96,55.65894,-113.75592,10.56818,6.83539,-7.29966,-11.18848,-0.99479,3.38831,-3.7024,,,,,,,,,,,,,,,,,,,,,,,,,,,,,,,,,,,,,,,,,,,,,,,,,,,High,High,High,,,,,
62,2026-07-03,19:31:59.03,5,4,"Smith, Kyle",1000569500,Right,QUI_DOG,"Sydlowski, Kriss",1000162904,Right,JOH_MIL,Undefined,2,Bottom,2,3,0,TwoSeamFastBall,Changeup,StrikeCalled,Undefined,Undefined,Undefined,0,0,,77.61412,-2.438096,-1.864697,1734.380621,221.520332,1:30,6.81312,1.16003,4.7502,-34.45896,13.93702,10.97808,1.62663,0.30576,71.5412,-8.678051,0.066554,0.500698,,,,,,,,,,,,-5.89237,7.96729,-0.98284,50,6.53804,3.20296,-112.43798,-5.98553,-7.56879,19.73899,-21.93999,JOH_MIL,QUI_DOG,SargentsStad,Prospect League,PLB,20260703-SargentsStad-1,6438d9b0-7737-11f1-8b9e-653d8f45cec5,75.27976,,,6.07293,,,,,,,7278278f-6c90-4be2-9b92-daf4626d24ff,2026-07-03,23:31:59.03,2026-07-03T19:31:59.0340000-04:00,2026-07-03T23:31:59.0340000Z,,v3,,,,"McGuin, Josh",10097254,Right,QUI_DOG,f6f804ab-082f-4d08-8b6c-cbb299c9e694,55.74699,-113.4424,9.8695,6.81421,-4.86911,-10.96999,-1.15563,3.5881,-3.7844,,,,,,,,,,,,,,,,,,,,,,,,,,,,,,,,,,,,,,,,,,,,,,,,,,,High,High,High,,,,,
63,2026-07-03,19:32:18.84,5,5,"Smith, Kyle",1000569500,Right,QUI_DOG,"Sydlowski, Kriss",1000162904,Right,JOH_MIL,Undefined,2,Bottom,2,3,1,FourSeamFastBall,Changeup,InPlay,Undefined,LineDrive,HomeRun,0,3,,78.35897,-2.032133,-1.22067,1623.741806,202.285555,12:45,6.84878,1.09184,4.76929,-30.14576,17.00221,6.38654,2.4088,0.4666,72.44614,-7.517082,-0.097294,0.4942,97.82417,38.777863,-32.557382,2713.398714,91.61115,83.10985,-60.88762,367.93594,143.71066,-37.01879,5.912738,-3.48268,9.31288,-0.97561,50,6.61929,2.16035,-113.66675,-5.0672,-4.59405,19.22122,-19.88928,JOH_MIL,QUI_DOG,SargentsStad,Prospect League,PLB,20260703-SargentsStad-1,6ffcc860-7737-11f1-8b9e-653d8f45cec5,76.26959,120.82718,,5.91283,,,,2.31471,2.54504,-0.29085,7278278f-6c90-4be2-9b92-daf4626d24ff,2026-07-03,23:32:18.84,2026-07-03T19:32:18.8400000-04:00,2026-07-03T23:32:18.8400000Z,FlyBall,v3,,,,"McGuin, Josh",10097254,Right,QUI_DOG,86cdca4b-d972-44b0-9d25-f10b2c1a826a,55.72975,-114.63156,9.61061,6.84858,-4.06885,-9.94464,-1.08983,2.39095,-2.29702,,2.31974,94.19284,-20.59159,4.89694,-0.86714,0.10923,-0.00945,0.00059,-2E-05,2.54494,89.84112,-19.7763,1.23864,-0.00613,-0.07025,0.02102,-0.00262,0.00012,-0.29374,-60.14392,9.57847,-2.02403,0.30386,-0.02934,0.002,-0.00016,1E-05,,,,,,,,,,,,,,,,,,,,,,,High,High,High,High,Low,,,
64,2026-07-03,19:33:13.00,6,1,"Smith, Kyle",1000569500,Right,QUI_DOG,"DeCello, Sergio",802217,Left,JOH_MIL,Undefined,2,Bottom,2,0,0,FourSeamFastBall,Changeup,BallCalled,Undefined,Undefined,Undefined,0,0,,81.55154,0.343473,-4.958922,1877.928983,220.252097,1:15,6.63517,1.12163,5.4238,-28.96761,14.01257,10.70426,4.54413,-2.64272,74.49046,-5.0205,-3.065973,0.471852,,,,,,,,,,,,-6.63626,7.36859,-0.68787,50,6.64594,9.77586,-117.93275,-0.22915,-9.37182,21.85148,-21.76809,JOH_MIL,QUI_DOG,SargentsStad,Prospect League,PLB,20260703-SargentsStad-1,9046c620-7737-11f1-8b9e-653d8f45cec5,79.88197,,,7.06108,,,,,,,7278278f-6c90-4be2-9b92-daf4626d24ff,2026-07-03,23:33:13.00,2026-07-03T19:33:13.0030000-04:00,2026-07-03T23:33:13.0030000Z,,v3,,,,"McGuin, Josh",10097254,Right,QUI_DOG,50b5495d-92b4-4b0e-9e73-7ab5ffc98af7,55.0706,-118.86856,10.92574,6.63578,0.70309,-10.88405,-1.11512,10.17721,-4.68591,,,,,,,,,,,,,,,,,,,,,,,,,,,,,,,,,,,,,,,,,,,,,,,,,,,High,High,High,,,,,
65,2026-07-03,19:33:34.41,6,2,"Smith, Kyle",1000569500,Right,QUI_DOG,"DeCello, Sergio",802217,Left,JOH_MIL,Undefined,2,Bottom,2,1,0,FourSeamFastBall,Changeup,FoulBallNotFieldable,Undefined,Undefined,Undefined,0,0,,78.53697,-0.729793,-2.088234,1911.535185,224.036144,1:30,6.68857,1.35472,4.73259,-32.691,15.14489,13.00339,3.27146,0.45634,71.21133,-6.726838,0.195721,0.497793,66.52945,25.134743,-170.008091,1652.114076,-107.82233,21.69112,-21.77806,166.77803,48.33804,-169.091942,2.284137,-6.95843,8.14166,-1.15627,50,6.58693,3.57797,-113.65679,-2.5752,-9.01781,22.63186,-21.62282,JOH_MIL,QUI_DOG,SargentsStad,Prospect League,PLB,20260703-SargentsStad-1,9d0875c0-7737-11f1-8b9e-653d8f45cec5,75.71916,24.03806,,7.32564,,,,2.977,3.42443,-0.44817,7278278f-6c90-4be2-9b92-daf4626d24ff,2026-07-03,23:33:34.41,2026-07-03T19:33:34.4110000-04:00,2026-07-03T23:33:34.4110000Z,LineDrive,v3,,,,"McGuin, Josh",10097254,Right,QUI_DOG,663c5b50-6224-4574-918b-cbb3234cd588,55.76144,-114.7983,11.31593,6.68931,-1.48458,-10.81141,-1.34821,4.03281,-4.5089,327.191824,2.97686,-86.98846,7.26529,-0.52718,-0.37013,0.37908,-0.12116,0.01069,0.00078,3.42446,41.44316,-23.17061,2.69759,-0.33729,-0.14836,0.12956,-0.03819,0.00411,-0.4482,-15.32597,-1.215,1.53692,-0.49129,0.08108,0.02098,-0.01203,0.00158,,,,,,,,,,,,,,,,,,,,,,,High,High,High,High,Medium,,,
66,2026-07-03,19:33:55.71,6,3,"Smith, Kyle",1000569500,Right,QUI_DOG,"DeCello, Sergio",802217,Left,JOH_MIL,Undefined,2,Bottom,2,1,1,ChangeUp,Changeup,BallCalled,Undefined,Undefined,Undefined,0,0,,76.59753,1.043804,-1.079598,1465.716856,251.394171,2:30,6.4334,1.4149,4.91016,-42.45553,6.9543,16.02753,3.88275,1.72953,70.17886,-6.678343,1.74605,0.505916,,,,,,,,,,,,-8.16532,3.63654,-1.32339,50,6.50023,1.43213,-111.09688,0.55264,-10.20822,19.84568,-27.62767,JOH_MIL,QUI_DOG,SargentsStad,Prospect League,PLB,20260703-SargentsStad-1,a9bae320-7737-11f1-8b9e-653d8f45cec5,74.50342,,,6.41866,,,,,,,7278278f-6c90-4be2-9b92-daf4626d24ff,2026-07-03,23:33:55.71,2026-07-03T19:33:55.7190000-04:00,2026-07-03T23:33:55.7190000Z,,v3,,,,"McGuin, Josh",10097254,Right,QUI_DOG,9d85ca11-47de-45dd-beb3-3791dd67da23,55.58729,-112.09051,9.92284,6.43793,1.93591,-13.81383,-1.40788,1.94323,-5.10411,,,,,,,,,,,,,,,,,,,,,,,,,,,,,,,,,,,,,,,,,,,,,,,,,,,High,High,High,,,,,
67,2026-07-03,19:34:15.92,6,4,"Smith, Kyle",1000569500,Right,QUI_DOG,"DeCello, Sergio",802217,Left,JOH_MIL,Undefined,2,Bottom,2,2,1,FourSeamFastBall,Changeup,BallCalled,Undefined,Undefined,Undefined,0,0,,79.71967,-0.032557,-1.598733,1901.939681,224.401204,1:30,6.59817,1.39424,4.87262,-33.16451,12.48989,10.81351,3.80364,0.78216,72.99895,-6.096074,0.305772,0.486309,,,,,,,,,,,,-5.74177,6.60705,-1.24656,50,6.5674,2.76133,-115.59552,-1.22885,-7.78113,21.23409,-23.22031,JOH_MIL,QUI_DOG,SargentsStad,Prospect League,PLB,20260703-SargentsStad-1,b5c095c0-7737-11f1-8b9e-653d8f45cec5,77.50711,,,6.72071,,,,,,,7278278f-6c90-4be2-9b92-daf4626d24ff,2026-07-03,23:34:15.92,2026-07-03T19:34:15.9240000-04:00,2026-07-03T23:34:15.9240000Z,,v3,,,,"McGuin, Josh",10097254,Right,QUI_DOG,fdc04fe1-dbd1-48d7-b404-648be15a69cd,55.62367,-116.62397,10.61705,6.59968,-0.1042,-11.61015,-1.38943,3.1382,-3.89056,,,,,,,,,,,,,,,,,,,,,,,,,,,,,,,,,,,,,,,,,,,,,,,,,,,High,High,High,,,,,
68,2026-07-03,19:34:36.39,6,5,"Smith, Kyle",1000569500,Right,QUI_DOG,"DeCello, Sergio",802217,Left,JOH_MIL,Undefined,2,Bottom,2,3,1,TwoSeamFastBall,Changeup,BallCalled,Walk,Undefined,Undefined,0,0,,79.41012,-0.608439,-1.429213,1913.635909,233.060448,1:45,6.5813,1.48658,4.90746,-34.03085,11.97253,13.95603,3.16982,1.29776,72.73735,-6.82338,1.031698,0.488164,,,,,,,,,,,,-7.2652,6.52847,-1.35911,50,6.49383,2.27992,-115.15239,-2.41072,-9.75486,21.38816,-23.40839,JOH_MIL,QUI_DOG,SargentsStad,Prospect League,PLB,20260703-SargentsStad-1,c1f60af0-7737-11f1-8b9e-653d8f45cec5,77.21258,,,6.67277,,,,,,,7278278f-6c90-4be2-9b92-daf4626d24ff,2026-07-03,23:34:36.39,2026-07-03T19:34:36.3970000-04:00,2026-07-03T23:34:36.3970000Z,,v3,,,,"McGuin, Josh",10097254,Right,QUI_DOG,b6e54f70-50c3-44e5-bfbe-0916f7f204bd,55.58942,-116.18592,10.69408,6.58299,-1.27957,-11.70419,-1.48068,2.7513,-4.87743,,,,,,,,,,,,,,,,,,,,,,,,,,,,,,,,,,,,,,,,,,,,,,,,,,,High,High,High,,,,,
69,2026-07-03,19:35:35.61,7,1,"Smith, Kyle",1000569500,Right,QUI_DOG,"Lafferty, Austin",1000108754,Right,JOH_MIL,Undefined,2,Bottom,2,0,0,FourSeamFastBall,Changeup,BallCalled,Undefined,Undefined,Undefined,0,0,,79.0525,-2.385419,-3.826317,1818.856966,215.165252,1:15,6.69162,1.11486,5.01619,-31.65187,14.78788,9.34819,1.79638,-1.72262,72.56799,-8.164845,-2.179208,0.490474,,,,,,,,,,,,-5.65481,8.44863,-0.75546,50,6.43741,7.25425,-114.33042,-5.83889,-7.49532,20.80167,-20.97558,JOH_MIL,QUI_DOG,SargentsStad,Prospect League,PLB,20260703-SargentsStad-1,e544e440-7737-11f1-8b9e-653d8f45cec5,76.84896,,,6.48451,,,,,,,7278278f-6c90-4be2-9b92-daf4626d24ff,2026-07-03,23:35:35.61,2026-07-03T19:35:35.6120000-04:00,2026-07-03T23:35:35.6120000Z,,v3,,,,"McGuin, Josh",10097254,Right,QUI_DOG,07dfabd9-9129-449c-bc57-7e192b75e7ce,55.47956,-115.32307,10.40083,6.69216,-4.83793,-10.48779,-1.11017,7.61193,-3.74766,,,,,,,,,,,,,,,,,,,,,,,,,,,,,,,,,,,,,,,,,,,,,,,,,,,High,High,High,,,,,
70,2026-07-03,19:35:53.43,7,2,"Smith, Kyle",1000569500,Right,QUI_DOG,"Lafferty, Austin",1000108754,Right,JOH_MIL,Undefined,2,Bottom,2,1,0,FourSeamFastBall,Changeup,StrikeCalled,Undefined,Undefined,Undefined,0,0,,77.92512,-1.590183,-1.325105,1696.724713,218.246712,1:15,6.72831,1.27545,5.04756,-30.89561,16.48942,11.82414,2.65302,1.01072,71.68701,-7.255154,0.76542,0.495441,,,,,,,,,,,,-6.19418,9.06371,-1.15892,50,6.55258,2.12816,-113.01719,-4.15047,-8.04282,19.84255,-20.40531,JOH_MIL,QUI_DOG,SargentsStad,Prospect League,PLB,20260703-SargentsStad-1,efeba320-7737-11f1-8b9e-653d8f45cec5,76.07858,,,6.23811,,,,,,,7278278f-6c90-4be2-9b92-daf4626d24ff,2026-07-03,23:35:53.43,2026-07-03T19:35:53.4300000-04:00,2026-07-03T23:35:53.4300000Z,,v3,,,,"McGuin, Josh",10097254,Right,QUI_DOG,ee1f8db5-a4a1-417b-8fe4-d5608301c1c1,55.44874,-113.96982,9.92127,6.72833,-3.17083,-10.20265,-1.27036,2.51428,-4.02141,,,,,,,,,,,,,,,,,,,,,,,,,,,,,76.23709,1.718666,0.850893,0.867773,-2.35423,2.15802,-1.06591,-3.93357,6.13229,3.22872,64.14012,0.12666,60.63827,-3.89403,86.6209,-9.54128,6.14693,4.47308,-13.17647,3.24008,69.57553,-3.97417,High,High,High,,,High,High,High
71,2026-07-03,19:36:13.43,7,3,"Smith, Kyle",1000569500,Right,QUI_DOG,"Lafferty, Austin",1000108754,Right,JOH_MIL,Undefined,2,Bottom,2,1,1,ChangeUp,Changeup,BallCalled,Undefined,Undefined,Undefined,0,0,,74.95365,-2.468241,-1.926179,1396.501744,222.437577,1:30,6.73219,1.11679,4.94748,-43.87483,8.13083,5.80559,0.74081,-0.22025,68.79257,-10.39238,-0.899927,0.519035,,,,,,,,,,,,-3.45606,5.27725,-0.93491,50,6.45656,3.42102,-108.50333,-6.14751,-4.09094,20.23992,-25.92737,JOH_MIL,QUI_DOG,SargentsStad,Prospect League,PLB,20260703-SargentsStad-1,fbd23500-7737-11f1-8b9e-653d8f45cec5,72.62022,,,6.16108,,,,,,,7278278f-6c90-4be2-9b92-daf4626d24ff,2026-07-03,23:36:13.43,2026-07-03T19:36:13.4340000-04:00,2026-07-03T23:36:13.4340000Z,,v3,,,,"McGuin, Josh",10097254,Right,QUI_DOG,4aa20670-b8e4-4066-a7d3-04dc5f8160f9,55.54946,-109.53362,10.11996,6.7359,-4.82771,-12.96369,-1.11435,3.62926,-2.04547,,,,,,,,,,,,,,,,,,,,,,,,,,,,,,,,,,,,,,,,,,,,,,,,,,,High,High,High,,,,,
72,2026-07-03,19:36:31.18,7,4,"Smith, Kyle",1000569500,Right,QUI_DOG,"Lafferty, Austin",1000108754,Right,JOH_MIL,Undefined,2,Bottom,2,2,1,Curveball,Curveball,FoulBallNotFieldable,Undefined,Undefined,Undefined,0,0,,70.27653,1.976427,-1.515426,1800.250186,21.266762,6:45,6.33952,1.53166,4.90509,-61.98413,-3.20618,-1.96181,3.04467,-0.06529,64.7136,-9.19499,-1.861376,0.551796,65.14555,-36.170957,-61.299648,,,,,5.35888,3.43887,-41.388461,0.054933,0.54941,-1.66599,-1.38173,50,6.48043,2.76831,-101.91332,1.50354,0.57727,16.89565,-33.92454,JOH_MIL,QUI_DOG,SargentsStad,Prospect League,PLB,20260703-SargentsStad-1,06712bb0-7738-11f1-8b9e-653d8f45cec5,68.30865,3.11407,,5.56293,,,,1.975,3.11407,0.19299,7278278f-6c90-4be2-9b92-daf4626d24ff,2026-07-03,23:36:31.18,2026-07-03T19:36:31.1840000-04:00,2026-07-03T23:36:31.1840000Z,GroundBall,v3,,,,"McGuin, Josh",10097254,Right,QUI_DOG,2979e0d6-e7aa-4c59-9a2a-4c227d5640ed,55.59544,-102.83677,8.44783,6.34759,3.35773,-16.96227,-1.53217,2.73676,0.28864,180,1.97328,37.23535,,,,,,,,3.11669,-56.68793,,,,,,,,0.19614,-68.01077,,,,,,,,,,,,,,,,,,,,,,,,,,,,,,High,High,High,Low,Low,,,
73,2026-07-03,19:36:58.29,7,5,"Smith, Kyle",1000569500,Right,QUI_DOG,"Lafferty, Austin",1000108754,Right,JOH_MIL,Undefined,2,Bottom,2,2,2,TwoSeamFastBall,Changeup,InPlay,Undefined,FlyBall,Out,1,0,,79.70733,-0.708588,-1.809857,1851.799807,223.983112,1:30,6.83226,1.01206,4.6078,-30.76691,15.32729,13.38123,3.5942,0.40562,73.06708,-6.318677,0.535393,0.488646,75.98244,27.04326,-16.627554,1531.798377,105.48138,42.21,-31.20355,265.10636,255.36231,-15.898548,3.56564,-7.06485,8.11075,-0.83894,50,6.73158,3.07452,-115.54895,-2.52669,-9.57157,21.10791,-21.18548,JOH_MIL,QUI_DOG,SargentsStad,Prospect League,PLB,20260703-SargentsStad-1,168e6260-7738-11f1-8b9e-653d8f45cec5,77.13644,44.85455,,6.64024,,,,1.09532,3.60404,-0.42242,7278278f-6c90-4be2-9b92-daf4626d24ff,2026-07-03,23:36:58.29,2026-07-03T19:36:58.2930000-04:00,2026-07-03T23:36:58.2930000Z,LineDrive,v3,,,,"McGuin, Josh",10097254,Right,QUI_DOG,264704a3-9f11-4858-96d9-1eed02cc5a2f,55.89041,-116.62002,10.55395,6.83252,-1.45169,-10.59274,-1.00727,3.56021,-4.78578,182.402052,1.09509,95.11407,-11.87252,2.60084,-0.6501,0.20483,-0.0589,0.01023,-0.00073,3.60434,50.65779,-16.86028,0.89392,0.01667,-0.10002,0.0426,-0.00775,0.00053,-0.42231,-28.40602,3.77753,-0.7658,0.2093,-0.07662,0.02418,-0.00433,0.00031,,,,,,,,,,,,,,,,,,,,,,,High,High,High,High,High,,,
74,2026-07-03,19:39:11.05,1,1,"Headon, Grayson",1000400494,Right,JOH_MIL,"Olson, Lane",10291541,Right,QUI_DOG,Undefined,3,Top,0,0,0,FourSeamFastBall,Four-Seam,FoulBallNotFieldable,Undefined,Undefined,Undefined,0,0,,87.97628,-1.219147,-2.542224,1987.334413,191.684169,12:30,6.32757,1.8533,6.80159,-17.65714,17.11792,3.31992,3.74229,-0.19158,80.69239,-4.616931,-1.936942,0.424429,71.71343,50.439226,155.163501,4335.371347,,,,,57.53872,,,-2.45917,9.74938,-1.68995,50,6.24167,5.55992,-127.90083,-3.15066,-4.08235,25.84687,-15.9896,JOH_MIL,QUI_DOG,SargentsStad,Prospect League,PLB,20260703-SargentsStad-1,65a8a0e0-7738-11f1-8b9e-653d8f45cec5,88.80734,54.9772,,7.28389,,,,1.06009,3.78829,0.19572,7278278f-6c90-4be2-9b92-daf4626d24ff,2026-07-03,23:39:11.05,2026-07-03T19:39:11.0570000-04:00,2026-07-03T23:39:11.0570000Z,,v3,,,,"Budacki, Brock",10180051,Right,JOH_MIL,41b2191e-2076-4bab-9b32-990af1d93013,53.69727,-128.64582,12.92344,6.32584,-2.68979,-7.9948,-1.8519,5.67758,-2.04118,336.741205,1.06009,-60.79273,0.25769,1.08857,-0.3603,0.07988,-0.01117,0.01299,-0.0075,3.78829,81.08808,-30.27943,4.04401,-0.86345,0.16534,-0.04345,0.02564,-0.00968,0.19572,28.13716,-6.07727,1.47921,-0.31979,0.05793,-0.0151,0.01475,-0.00687,,,,,,,,,,,,,,,,,,,,,,,High,High,High,High,Undefined,,,
75,2026-07-03,19:39:31.83,1,2,"Headon, Grayson",1000400494,Right,JOH_MIL,"Olson, Lane",10291541,Right,QUI_DOG,Undefined,3,Top,0,0,1,FourSeamFastBall,Four-Seam,BallCalled,Undefined,Undefined,Undefined,0,0,,89.21306,-1.009611,-1.540393,2108.885579,192.035136,12:30,6.4444,1.39941,6.70671,-16.78706,17.20277,3.44028,4.12201,0.27746,81.57586,-4.248144,-0.913629,0.41961,,,,,,,,,,,,-2.22815,9.66749,-1.29833,50,6.37026,3.35488,-129.70094,-2.69084,-3.79634,27.07297,-15.7026,JOH_MIL,QUI_DOG,SargentsStad,Prospect League,PLB,20260703-SargentsStad-1,720cc730-7738-11f1-8b9e-653d8f45cec5,89.82731,,,7.6372,,,,,,,7278278f-6c90-4be2-9b92-daf4626d24ff,2026-07-03,23:39:31.83,2026-07-03T19:39:31.8360000-04:00,2026-07-03T23:39:31.8360000Z,,v3,,,,"Budacki, Brock",10180051,Right,JOH_MIL,4991b99a-d22b-4a55-b72e-d63b7e801715,53.78957,-130.48955,13.53648,6.44198,-2.23344,-7.8513,-1.39767,3.46547,-1.89817,,,,,,,,,,,,,,,,,,,,,,,,,,,,,,,,,,,,,,,,,,,,,,,,,,,High,High,High,,,,,
76,2026-07-03,19:39:46.66,1,3,"Headon, Grayson",1000400494,Right,JOH_MIL,"Olson, Lane",10291541,Right,QUI_DOG,Undefined,3,Top,0,1,1,Slider,Curveball,FoulBallNotFieldable,Undefined,Undefined,Undefined,0,0,,76.32111,0.552907,-1.515696,1942.627097,119.024766,10:00,5.94469,1.89275,6.5726,-42.7153,4.9652,-5.74083,2.89206,0.02475,68.77108,-7.489497,-2.559543,0.496983,61.21859,56.831685,138.759935,4917.269588,,,,,43.69893,,,2.49032,2.92689,-1.78647,50,5.9652,3.12284,-110.76644,-0.05992,3.02162,24.09506,-28.62271,JOH_MIL,QUI_DOG,SargentsStad,Prospect League,PLB,20260703-SargentsStad-1,7ae66730-7738-11f1-8b9e-653d8f45cec5,75.84246,52.34867,,7.55003,,,,1.32039,2.93499,-0.02165,7278278f-6c90-4be2-9b92-daf4626d24ff,2026-07-03,23:39:46.66,2026-07-03T19:39:46.6620000-04:00,2026-07-03T23:39:46.6620000Z,,v3,,,,"Budacki, Brock",10180051,Right,JOH_MIL,ea47d291-8efe-4a6b-aef5-e270a520a2e6,53.92337,-111.61663,12.04753,5.9495,0.95003,-14.31136,-1.89478,3.01622,1.51081,334.190005,1.32039,-36.93661,-2.48253,1.84468,-1.57654,2.28554,-2.12678,0.99685,-0.1806,2.93499,75.15824,-26.46358,3.12221,-0.88144,0.64757,-0.47265,0.16825,-0.01718,-0.02166,32.38351,-5.44348,1.87994,-1.31357,1.90314,-1.72617,0.77342,-0.13038,,,,,,,,,,,,,,,,,,,,,,,High,High,High,High,Undefined,,,
77,2026-07-03,19:40:08.93,1,4,"Headon, Grayson",1000400494,Right,JOH_MIL,"Olson, Lane",10291541,Right,QUI_DOG,Undefined,3,Top,0,1,2,FourSeamFastBall,Four-Seam,InPlay,Undefined,FlyBall,Out,1,0,,89.82562,-2.110744,-2.033624,2095.903865,206.527344,1:00,6.20375,1.67886,6.92965,-17.15619,16.63269,7.68953,2.85045,0.46754,81.02284,-5.451731,-0.626764,0.418368,94.44488,53.433835,-40.419659,3374.919873,84.44092,137.08691,-70.49598,270.58797,105.7897,-39.988254,6.423921,-4.77492,9.91556,-1.55416,50,6.06554,4.34844,-130.40715,-5.20443,-8.08229,31.78815,-15.3904,JOH_MIL,QUI_DOG,SargentsStad,Prospect League,PLB,20260703-SargentsStad-1,8825d250-7738-11f1-8b9e-653d8f45cec5,90.09406,159.45695,,8.80277,,,,1.71028,2.70257,-0.38324,7278278f-6c90-4be2-9b92-daf4626d24ff,2026-07-03,23:40:08.93,2026-07-03T19:40:08.9350000-04:00,2026-07-03T23:40:08.9350000Z,FlyBall,v3,,,,"Budacki, Brock",10180051,Right,JOH_MIL,dcd5bcb0-8d29-4b2a-8665-184d8a5479e3,53.56738,-131.27385,15.89408,6.20172,-4.7848,-7.6952,-1.67573,4.56881,-4.04115,180.523152,1.72207,62.63956,-14.74991,3.40464,-0.45802,0.02333,0.00204,-0.00028,1E-05,2.69876,111.28174,-24.58852,2.33147,-0.15499,-0.08335,0.02863,-0.00367,0.00017,-0.39335,-53.34632,12.72825,-2.9518,0.40127,-0.02159,-0.00157,0.00023,-0,,,,,,,,,,,,,,,,,,,,,,,High,High,High,High,Low,,,
78,2026-07-03,19:40:50.08,2,1,"Headon, Grayson",1000400494,Right,JOH_MIL,"Trzpis, Bruce",1000560557,Left,QUI_DOG,Undefined,3,Top,1,0,0,FourSeamFastBall,Four-Seam,BallCalled,Undefined,Undefined,Undefined,0,0,,88.79765,-3.30296,-1.344391,2046.009088,207.655951,1:00,6.19313,1.673,6.76363,-18.7795,15.92339,7.70162,1.60754,1.0868,80.57165,-6.910451,0.061537,0.423989,,,,,,,,,,,,-4.45532,9.80209,-1.58746,50,5.96956,2.72603,-128.80379,-7.89792,-7.39879,29.62071,-15.89607,JOH_MIL,QUI_DOG,SargentsStad,Prospect League,PLB,20260703-SargentsStad-1,a0ae7de0-7738-11f1-8b9e-653d8f45cec5,88.89967,,,8.226,,,,,,,7278278f-6c90-4be2-9b92-daf4626d24ff,2026-07-03,23:40:50.08,2026-07-03T19:40:50.0870000-04:00,2026-07-03T23:40:50.0870000Z,,v3,,,,"Budacki, Brock",10180051,Right,JOH_MIL,3ffae846-bfa0-439d-86a4-034e759f19ff,53.73149,-129.65907,14.81036,6.19098,-7.43893,-7.94804,-1.66926,2.93967,-3.6994,,,,,,,,,,,,,,,,,,,,,,,,,,,,,,,,,,,,,,,,,,,,,,,,,,,High,High,High,,,,,
79,2026-07-03,19:41:04.77,2,2,"Headon, Grayson",1000400494,Right,JOH_MIL,"Trzpis, Bruce",1000560557,Left,QUI_DOG,Undefined,3,Top,1,1,0,Slider,Curveball,StrikeSwinging,Undefined,Undefined,Undefined,0,0,,77.40978,-0.573205,-2.229474,1782.360493,49.317029,7:45,5.75647,1.83724,6.82694,-49.19325,-2.94717,-5.52536,1.13377,-0.65785,69.68273,-9.797538,-3.240381,0.489451,,,,,,,,,,,,2.09122,-0.78193,-1.69239,50,5.70302,4.55601,-112.30997,-2.44338,2.58771,26.24686,-33.14163,JOH_MIL,QUI_DOG,SargentsStad,Prospect League,PLB,20260703-SargentsStad-1,a978b490-7738-11f1-8b9e-653d8f45cec5,77.00968,,,7.72706,,,,,,,7278278f-6c90-4be2-9b92-daf4626d24ff,2026-07-03,23:41:04.77,2026-07-03T19:41:04.7700000-04:00,2026-07-03T23:41:04.7700000Z,,v3,,,,"Budacki, Brock",10180051,Right,JOH_MIL,5afe36f4-7d64-4241-8b0d-b8ef6e89355b,53.66888,-113.16414,13.12343,5.76498,-1.36483,-16.57082,-1.83928,4.47179,1.29386,,,,,,,,,,,,,,,,,,,,,,,,,,,,,,,,,,,,,,,,,,,,,,,,,,,High,High,High,,,,,
80,2026-07-03,19:41:21.14,2,3,"Headon, Grayson",1000400494,Right,JOH_MIL,"Trzpis, Bruce",1000560557,Left,QUI_DOG,Undefined,3,Top,1,1,1,FourSeamFastBall,Four-Seam,StrikeSwinging,Undefined,Undefined,Undefined,0,0,,89.25343,-1.933357,-2.196458,1903.773875,203.625423,12:45,6.20933,1.60294,6.97808,-18.42395,15.36217,6.23453,2.91363,0.12379,81.3984,-5.486318,-1.054914,0.418351,,,,,,,,,,,,-3.94185,9.08382,-1.46919,50,6.08343,4.74321,-129.6793,-4.8173,-6.68229,28.25572,-16.77496,JOH_MIL,QUI_DOG,SargentsStad,Prospect League,PLB,20260703-SargentsStad-1,b32d7250-7738-11f1-8b9e-653d8f45cec5,90.09772,,,7.85503,,,,,,,7278278f-6c90-4be2-9b92-daf4626d24ff,2026-07-03,23:41:21.14,2026-07-03T19:41:21.1480000-04:00,2026-07-03T23:41:21.1480000Z,,v3,,,,"Budacki, Brock",10180051,Right,JOH_MIL,231dbd97-1b7b-45f8-bfcf-ec43ffa312a1,53.51836,-130.44366,14.12786,6.20761,-4.36352,-8.38748,-1.59994,4.92397,-3.34115,,,,,,,,,,,,,,,,,,,,,,,,,,,,,,,,,,,,,,,,,,,,,,,,,,,High,High,High,,,,,
81,2026-07-03,19:41:42.20,2,4,"Headon, Grayson",1000400494,Right,JOH_MIL,"Trzpis, Bruce",1000560557,Left,QUI_DOG,Undefined,3,Top,1,1,2,Splitter,Splitter,InPlay,Undefined,FlyBall,Out,1,0,,80.93637,-1.840393,-1.606219,996.074371,225.013304,1:30,6.26742,1.6709,6.60645,-33.60907,7.92335,6.61095,1.77962,0.75012,74.41916,-8.130639,-0.401968,0.463837,80.58752,28.905287,-3.306108,2208.633134,109.45462,47.00803,-10.93518,289.13026,281.98592,-7.920834,3.981373,-3.96154,5.07662,-1.56416,50,6.12811,3.07615,-117.64448,-4.69715,-5.54008,22.76458,-25.0746,JOH_MIL,QUI_DOG,SargentsStad,Prospect League,PLB,20260703-SargentsStad-1,bfbffba0-7738-11f1-8b9e-653d8f45cec5,81.26231,53.09843,,6.51721,,,,2.01143,1.92406,-0.75696,7278278f-6c90-4be2-9b92-daf4626d24ff,2026-07-03,23:41:42.20,2026-07-03T19:41:42.2000000-04:00,2026-07-03T23:41:42.2000000Z,LineDrive,v3,,,,"Budacki, Brock",10180051,Right,JOH_MIL,72bd98fb-cda2-4633-9ec4-3c980bf0ed3c,53.89279,-118.39534,11.38229,6.2694,-3.87009,-12.5373,-1.66864,3.25888,-2.77004,150.15533,2.0124,103.27384,-14.84598,2.92505,-0.43271,0.04418,-0.01332,0.00438,-0.00044,1.92417,57.12462,-17.41271,0.84946,0.10043,-0.15237,0.06492,-0.0119,0.0008,-0.7567,-5.97348,-3.08455,1.13985,-0.27762,0.06583,-0.01819,0.00337,-0.00024,,,,,,,,,,,,,,,,,,,,,,,High,High,High,High,High,,,
82,2026-07-03,19:42:18.53,3,1,"Headon, Grayson",1000400494,Right,JOH_MIL,"Tatum, Taylor",806555,Right,QUI_DOG,Undefined,3,Top,2,0,0,Slider,Curveball,StrikeCalled,Undefined,Undefined,Undefined,0,0,,75.68948,1.202553,-2.1019,1825.030851,40.636124,7:15,5.85337,1.97981,6.45097,-49.73672,-1.51008,-2.69673,2.81436,-0.17683,68.96281,-8.061487,-2.59101,0.499821,,,,,,,,,,,,0.74299,-0.60161,-1.82993,50,5.91736,4.12564,-109.89399,0.91299,0.89805,21.58794,-32.90119,JOH_MIL,QUI_DOG,SargentsStad,Prospect League,PLB,20260703-SargentsStad-1,d57a44f0-7738-11f1-8b9e-653d8f45cec5,75.41181,,,6.72666,,,,,,,7278278f-6c90-4be2-9b92-daf4626d24ff,2026-07-03,23:42:18.53,2026-07-03T19:42:18.5310000-04:00,2026-07-03T23:42:18.5310000Z,,v3,,,,"Budacki, Brock",10180051,Right,JOH_MIL,979d5b03-eca6-460e-a6b8-9d35b3bdc0d4,54.04621,-110.68599,10.79397,5.86172,2.12004,-16.45059,-1.98068,4.09269,0.44903,,,,,,,,,,,,,,,,,,,,,,,,,,,,,,,,,,,,,,,,,,,,,,,,,,,High,High,High,,,,,
83,2026-07-03,19:42:32.98,3,2,"Headon, Grayson",1000400494,Right,JOH_MIL,"Tatum, Taylor",806555,Right,QUI_DOG,Undefined,3,Top,2,0,1,FourSeamFastBall,Four-Seam,BallCalled,Undefined,Undefined,Undefined,0,0,,89.81708,-3.03474,-3.385423,2049.945886,204.967519,12:45,6.31816,1.61569,6.55022,-18.03922,16.10536,6.95418,2.02462,-0.91279,81.70254,-6.487186,-2.124478,0.420564,,,,,,,,,,,,-4.63662,9.69642,-1.38423,50,6.1001,7.42201,-130.1344,-7.38153,-7.89489,29.11126,-15.66373,JOH_MIL,QUI_DOG,SargentsStad,Prospect League,PLB,20260703-SargentsStad-1,de05ec00-7738-11f1-8b9e-653d8f45cec5,89.6235,,,8.11454,,,,,,,7278278f-6c90-4be2-9b92-daf4626d24ff,2026-07-03,23:42:32.98,2026-07-03T19:42:32.9880000-04:00,2026-07-03T23:42:32.9880000Z,,v3,,,,"Budacki, Brock",10180051,Right,JOH_MIL,df7d352c-1043-4e37-9c78-7aada6d7b8dd,53.94582,-131.01411,14.55563,6.31601,-6.90819,-7.83187,-1.61212,7.66059,-3.94745,,,,,,,,,,,,,,,,,,,,,,,,,,,,,,,,,,,,,,,,,,,,,,,,,,,High,High,High,,,,,
84,2026-07-03,19:42:49.24,3,3,"Headon, Grayson",1000400494,Right,JOH_MIL,"Tatum, Taylor",806555,Right,QUI_DOG,Undefined,3,Top,2,1,1,Slider,Curveball,StrikeCalled,Undefined,Undefined,Undefined,0,0,,74.91305,1.515646,-2.356405,1868.177504,59.593164,8:00,5.80577,1.94592,6.84022,-52.3046,-3.51457,-8.90721,2.83069,-0.94642,67.99459,-8.294764,-3.982815,0.502733,,,,,,,,,,,,3.91705,-1.80181,-1.79248,50,5.88516,4.76048,-108.77766,1.52503,4.60664,22.3674,-34.29308,JOH_MIL,QUI_DOG,SargentsStad,Prospect League,PLB,20260703-SargentsStad-1,e7ca1310-7738-11f1-8b9e-653d8f45cec5,74.97512,,,6.91847,,,,,,,7278278f-6c90-4be2-9b92-daf4626d24ff,2026-07-03,23:42:49.24,2026-07-03T19:42:49.2430000-04:00,2026-07-03T23:42:49.2430000Z,,v3,,,,"Budacki, Brock",10180051,Right,JOH_MIL,f88d52c0-2ae7-4903-a2c7-ef1bafc1ce3b,53.65762,-109.52718,11.1837,5.8148,2.67417,-17.14654,-1.94941,4.60611,2.30332,,,,,,,,,,,,,,,,,,,,,,,,,,,,,,,,,,,,,,,,,,,,,,,,,,,High,High,High,,,,,
85,2026-07-03,19:43:14.92,3,4,"Headon, Grayson",1000400494,Right,JOH_MIL,"Tatum, Taylor",806555,Right,QUI_DOG,Undefined,3,Top,2,1,2,Slider,Curveball,StrikeSwinging,Strikeout,Undefined,Undefined,0,0,,76.8668,-1.395467,-2.565071,2033.150767,70.161406,8:15,5.76646,1.83199,6.70473,-47.00861,-0.65043,-6.13008,0.57169,-1.02562,70.46796,-10.1345,-3.683596,0.490043,,,,,,,,,,,,2.44488,0.52862,-1.65949,50,5.65574,5.19637,-111.63265,-3.97192,3.04448,22.56957,-31.51579,JOH_MIL,QUI_DOG,SargentsStad,Prospect League,PLB,20260703-SargentsStad-1,f707bf30-7738-11f1-8b9e-653d8f45cec5,76.91655,,,6.39884,,,,,,,7278278f-6c90-4be2-9b92-daf4626d24ff,2026-07-03,23:43:14.92,2026-07-03T19:43:14.9240000-04:00,2026-07-03T23:43:14.9240000Z,,v3,,,,"Budacki, Brock",10180051,Right,JOH_MIL,f5668536-e1a7-4622-91c4-f1fb4a68c66b,53.79442,-112.39718,11.28478,5.7722,-2.90434,-15.7579,-1.83376,5.09324,1.52224,,,,,,,,,,,,,,,,,,,,,,,,,,,,,,,,,,,,,,,,,,,,,,,,,,,High,High,High,,,,,
86,2026-07-03,19:45:40.39,1,1,"Smith, Kyle",1000569500,Right,QUI_DOG,"Marsh, Ty",839268,Left,JOH_MIL,Undefined,3,Bottom,0,0,0,FourSeamFastBall,Changeup,BallCalled,Undefined,Undefined,Undefined,0,0,,78.70951,-2.651385,-2.66722,1814.287319,223.267808,1:30,6.57989,1.37291,4.91157,-33.1688,13.95292,11.63501,1.30421,-0.18141,72.08567,-8.693251,-0.61601,0.494062,,,,,,,,,,,,-6.47189,8.13252,-1.12237,50,6.29344,4.81246,-113.87811,-6.41438,-8.47644,21.42331,-21.52264,JOH_MIL,QUI_DOG,SargentsStad,Prospect League,PLB,20260703-SargentsStad-1,4dc8c300-7739-11f1-8b9e-653d8f45cec5,76.29084,,,6.62383,,,,,,,7278278f-6c90-4be2-9b92-daf4626d24ff,2026-07-03,23:45:40.39,2026-07-03T19:45:40.3920000-04:00,2026-07-03T23:45:40.3920000Z,,v3,,,,"McGuin, Josh",10097254,Right,QUI_DOG,acd066dd-f40a-4f92-964d-d3525d55b291,55.58389,-114.92378,10.71165,6.58089,-5.36387,-10.76132,-1.36736,5.22619,-4.23822,,,,,,,,,,,,,,,,,,,,,,,,,,,,,,,,,,,,,,,,,,,,,,,,,,,High,High,High,,,,,
87,2026-07-03,19:45:52.70,1,2,"Smith, Kyle",1000569500,Right,QUI_DOG,"Marsh, Ty",839268,Left,JOH_MIL,Undefined,3,Bottom,0,1,0,TwoSeamFastBall,Changeup,BallCalled,Undefined,Undefined,Undefined,0,0,,76.91497,-2.226144,-2.279348,1675.563653,239.434704,2:00,6.63129,1.41162,4.85408,-40.32616,9.61134,13.16119,1.16081,0.34964,69.86996,-9.549234,0.041491,0.50861,,,,,,,,,,,,-7.20926,5.98481,-1.19848,50,6.3777,3.8825,-111.21932,-5.71382,-8.89834,22.66262,-24.78705,JOH_MIL,QUI_DOG,SargentsStad,Prospect League,PLB,20260703-SargentsStad-1,551b9bf0-7739-11f1-8b9e-653d8f45cec5,74.10874,,,7.04501,,,,,,,7278278f-6c90-4be2-9b92-daf4626d24ff,2026-07-03,23:45:52.70,2026-07-03T19:45:52.7020000-04:00,2026-07-03T23:45:52.7020000Z,,v3,,,,"McGuin, Josh",10097254,Right,QUI_DOG,65d7a88b-7641-4b77-acbc-3b5b6ebce70d,55.64151,-112.36298,11.33131,6.63449,-4.46295,-12.39353,-1.40574,4.33156,-4.44917,,,,,,,,,,,,,,,,,,,,,,,,,,,,,,,,,,,,,,,,,,,,,,,,,,,High,High,High,,,,,
88,2026-07-03,19:46:08.90,1,3,"Smith, Kyle",1000569500,Right,QUI_DOG,"Marsh, Ty",839268,Left,JOH_MIL,Undefined,3,Bottom,0,2,0,TwoSeamFastBall,Changeup,BallCalled,Undefined,Undefined,Undefined,0,0,,77.97303,-3.168978,-1.847727,1738.134877,223.018174,1:30,6.64637,1.47137,4.83976,-33.59317,14.68355,12.13619,0.84181,0.73261,71.32103,-9.27662,0.291352,0.500081,,,,,,,,,,,,-6.50843,8.66839,-1.29948,50,6.30444,3.12962,-112.78075,-7.39186,-8.33366,21.63215,-21.07464,JOH_MIL,QUI_DOG,SargentsStad,Prospect League,PLB,20260703-SargentsStad-1,5ec07b30-7739-11f1-8b9e-653d8f45cec5,75.37268,,,6.652,,,,,,,7278278f-6c90-4be2-9b92-daf4626d24ff,2026-07-03,23:46:08.90,2026-07-03T19:46:08.9040000-04:00,2026-07-03T23:46:08.9040000Z,,v3,,,,"McGuin, Josh",10097254,Right,QUI_DOG,5abdf6f1-4ece-4411-b208-74f6720b7211,55.65597,-113.86044,10.81608,6.64713,-6.34,-10.53732,-1.46606,3.54556,-4.16683,,,,,,,,,,,,,,,,,,,,,,,,,,,,,,,,,,,,,,,,,,,,,,,,,,,High,High,High,,,,,
89,2026-07-03,19:46:22.59,1,4,"Smith, Kyle",1000569500,Right,QUI_DOG,"Marsh, Ty",839268,Left,JOH_MIL,Undefined,3,Bottom,0,3,0,TwoSeamFastBall,Changeup,BallCalled,Walk,Undefined,Undefined,0,0,,78.43625,-3.08223,-2.447021,1762.354847,219.146612,1:15,6.60391,1.463,4.70049,-32.1221,16.053,11.64997,0.99571,0.10954,71.3791,-8.935329,-0.4007,0.499554,,,,,,,,,,,,-6.46008,9.31626,-1.226,50,6.26315,4.34677,-113.3397,-7.21394,-8.31997,22.62885,-20.17556,JOH_MIL,QUI_DOG,SargentsStad,Prospect League,PLB,20260703-SargentsStad-1,66edfcb0-7739-11f1-8b9e-653d8f45cec5,75.45213,,,7.05715,,,,,,,7278278f-6c90-4be2-9b92-daf4626d24ff,2026-07-03,23:46:22.59,2026-07-03T19:46:22.5960000-04:00,2026-07-03T23:46:22.5960000Z,,v3,,,,"McGuin, Josh",10097254,Right,QUI_DOG,35a1ab5b-5c32-4979-8db9-83944ecaf093,55.79505,-114.49086,11.31443,6.60403,-6.18758,-10.08778,-1.45789,4.77002,-4.15999,,,,,,,,,,,,,,,,,,,,,,,,,,,,,,,,,,,,,,,,,,,,,,,,,,,High,High,High,,,,,
90,2026-07-03,19:46:48.29,2,1,"Smith, Kyle",1000569500,Right,QUI_DOG,"Smith, Caleb",10094164,Right,JOH_MIL,Undefined,3,Bottom,0,0,0,Fastball,Changeup,BallCalled,Undefined,Undefined,Undefined,0,0,,77.01029,-0.060473,-3.14148,1884.632298,223.024857,1:30,6.81374,1.21131,4.68572,-35.43065,14.12863,11.64709,3.80368,-0.804,70.25265,-6.524733,-1.10069,0.50668,,,,,,,,,,,,-6.56122,7.42327,-0.90291,50,6.77644,5.62245,-111.45498,-1.34023,-8.23699,20.39879,-22.85481,JOH_MIL,QUI_DOG,SargentsStad,Prospect League,PLB,20260703-SargentsStad-1,763f7ef0-7739-11f1-8b9e-653d8f45cec5,74.391,,,6.75764,,,,,,,7278278f-6c90-4be2-9b92-daf4626d24ff,2026-07-03,23:46:48.29,2026-07-03T19:46:48.2910000-04:00,2026-07-03T23:46:48.2910000Z,,v3,,,,"McGuin, Josh",10097254,Right,QUI_DOG,3bb00154-3eff-479e-a7ab-003d1276ceda,55.8097,-112.51326,10.1994,6.81521,-0.15453,-11.42741,-1.20568,6.04979,-4.1185,,,,,,,,,,,,,,,,,,,,,,,,,,,,,,,,,,,,,,,,,,,,,,,,,,,High,High,High,,,,,
91,2026-07-03,19:47:02.24,2,2,"Smith, Kyle",1000569500,Right,QUI_DOG,"Smith, Caleb",10094164,Right,JOH_MIL,Undefined,3,Bottom,0,1,0,ChangeUp,Changeup,StrikeCalled,Undefined,Undefined,Undefined,0,0,,73.29007,0.431762,-1.981684,1403.35382,250.158182,2:15,6.73475,1.25498,4.89386,-47.8353,6.94284,13.75737,3.15713,0.52622,66.45,-8.281305,0.443813,0.532691,,,,,,,,,,,,-7.36579,3.89532,-1.07286,50,6.73755,3.12108,-106.0848,-0.78816,-8.2795,20.45709,-27.79552,JOH_MIL,QUI_DOG,SargentsStad,Prospect League,PLB,20260703-SargentsStad-1,7e8c6f50-7739-11f1-8b9e-653d8f45cec5,70.75859,,,6.84007,,,,,,,7278278f-6c90-4be2-9b92-daf4626d24ff,2026-07-03,23:47:02.24,2026-07-03T19:47:02.2480000-04:00,2026-07-03T23:47:02.2480000Z,,v3,,,,"McGuin, Josh",10097254,Right,QUI_DOG,a5600020-4922-4c6c-af88-e8fe8efd8fb1,55.60114,-107.15947,10.22854,6.7406,0.67201,-13.89776,-1.24825,3.55602,-4.13975,,,,,,,,,,,,,,,,,,,,,,,,,,,,,,,,,,,,,,,,,,,,,,,,,,,High,High,High,,,,,
92,2026-07-03,19:47:17.02,2,3,"Smith, Kyle",1000569500,Right,QUI_DOG,"Smith, Caleb",10094164,Right,JOH_MIL,Undefined,3,Bottom,0,1,1,ChangeUp,Changeup,FoulBallNotFieldable,Undefined,Undefined,Undefined,0,0,,76.40111,-0.62034,-1.65168,1546.825578,249.395708,2:15,6.64773,1.39044,5.06582,-41.99467,7.63063,15.8915,2.563,1.15695,69.90122,-8.269796,1.160723,0.507018,,,,,,,,,,,,-8.433,4.42918,-1.24698,50,6.5557,2.56945,-110.78646,-2.60565,-10.42121,20.84339,-26.70064,JOH_MIL,QUI_DOG,SargentsStad,Prospect League,PLB,20260703-SargentsStad-1,8756a600-7739-11f1-8b9e-653d8f45cec5,74.34149,,,6.49989,,,,,,,7278278f-6c90-4be2-9b92-daf4626d24ff,2026-07-03,23:47:17.02,2026-07-03T19:47:17.0290000-04:00,2026-07-03T23:47:17.0290000Z,,v3,,,,"McGuin, Josh",10097254,Right,QUI_DOG,e1dde75d-2dff-423b-8809-53bfd5cfd515,55.43294,-111.80394,10.42169,6.65108,-1.30224,-13.35032,-1.38482,3.07817,-5.2106,,,,,,,,,,,,,,,,,,,,,,,,,,,,,,,,,,,,,,,,,,,,,,,,,,,High,High,High,,,,,
93,2026-07-03,19:47:38.22,2,4,"Smith, Kyle",1000569500,Right,QUI_DOG,"Smith, Caleb",10094164,Right,JOH_MIL,Undefined,3,Bottom,0,1,2,Curveball,Curveball,BallCalled,Undefined,Undefined,Undefined,0,0,,70.33216,-0.010716,-4.413885,1744.395114,162.513564,11:30,6.34457,1.68258,4.57721,-56.8931,1.92882,-0.10567,1.59325,-2.534,65.89433,-10.117166,-4.432336,0.552002,,,,,,,,,,,,-0.98992,1.43484,-1.22483,50,6.29004,7.86796,-101.8785,-1.94021,-1.05594,14.39498,-30.6435,JOH_MIL,QUI_DOG,SargentsStad,Prospect League,PLB,20260703-SargentsStad-1,9408ec50-7739-11f1-8b9e-653d8f45cec5,68.2831,,,4.43783,,,,,,,7278278f-6c90-4be2-9b92-daf4626d24ff,2026-07-03,23:47:38.22,2026-07-03T19:47:38.2290000-04:00,2026-07-03T23:47:38.2290000Z,,v3,,,,"McGuin, Josh",10097254,Right,QUI_DOG,7f998330-99e5-468a-8bb5-2b3c2587800e,55.92302,-102.71198,7.19749,6.35101,-0.16592,-15.32175,-1.68216,7.9291,-0.52797,,,,,,,,,,,,,,,,,,,,,,,,,,,,,,,,,,,,,,,,,,,,,,,,,,,High,High,High,,,,,
94,2026-07-03,19:47:55.74,2,5,"Smith, Kyle",1000569500,Right,QUI_DOG,"Smith, Caleb",10094164,Right,JOH_MIL,Undefined,3,Bottom,0,2,2,FourSeamFastBall,Changeup,InPlay,Undefined,GroundBall,Single,0,0,,78.65044,-2.490487,-3.226169,1849.304679,214.833709,1:15,6.75694,1.19797,4.92258,-33.07088,13.6082,8.48788,1.64133,-1.14792,72.8063,-8.485293,-1.731256,0.491737,69.07251,0.374374,23.208654,2765.392803,,,,38.20401,37.24531,25.237602,0.380128,-5.0467,7.78682,-0.89077,50,6.48642,6.07685,-113.92767,-6.09863,-6.68848,19.28893,-21.85404,JOH_MIL,QUI_DOG,SargentsStad,Prospect League,PLB,20260703-SargentsStad-1,9e692c50-7739-11f1-8b9e-653d8f45cec5,76.65169,1.55455,,5.84414,,,,0.80256,1.54584,1.13322,7278278f-6c90-4be2-9b92-daf4626d24ff,2026-07-03,23:47:55.74,2026-07-03T19:47:55.7470000-04:00,2026-07-03T23:47:55.7470000Z,GroundBall,v3,,,,"McGuin, Josh",10097254,Right,QUI_DOG,fa640cdd-3764-4699-8b2c-baa879ac32ae,55.57641,-114.86792,9.64447,6.75774,-5.03334,-10.92702,-1.19493,6.40288,-3.34424,235.086069,0.80697,92.95143,-10.98503,,,,,,,1.54681,0.62834,-12.36492,,,,,,,1.13272,39.93954,-0.1746,,,,,,,,,,,,,,,,,,,,,,,,,,,,,High,High,High,High,High,,,
95,2026-07-03,19:48:40.22,3,1,"Smith, Kyle",1000569500,Right,QUI_DOG,"Throneberry, Caden",1000570904,Left,JOH_MIL,Undefined,3,Bottom,0,0,0,Curveball,Curveball,BallCalled,Undefined,Undefined,Undefined,0,0,,67.1558,0.947399,-0.339279,1840.799392,290.776977,3:45,6.69196,1.45924,4.85896,-64.28366,1.98118,1.82595,2.2318,1.29027,60.42268,-10.724667,-0.016979,0.585886,,,,,,,,,,,,-1.01146,1.50134,-1.42741,50,6.73193,0.50653,-97.06672,-0.3974,-0.93713,19.28309,-30.78307,JOH_MIL,QUI_DOG,SargentsStad,Prospect League,PLB,20260703-SargentsStad-1,b90575a0-7739-11f1-8b9e-653d8f45cec5,64.33411,,,6.73312,,,,,,,7278278f-6c90-4be2-9b92-daf4626d24ff,2026-07-03,23:48:40.22,2026-07-03T19:48:40.2270000-04:00,2026-07-03T23:48:40.2270000Z,,v3,,,,"McGuin, Josh",10097254,Right,QUI_DOG,7ccbe641-c19c-437c-bf40-9ea44c362e4d,55.6333,-98.17944,9.64154,6.70361,1.37893,-15.39154,-1.4582,0.5606,-0.46856,,,,,,,,,,,,,,,,,,,,,,,,,,,,,,,,,,,,,,,,,,,,,,,,,,,High,High,High,,,,,
96,2026-07-03,19:48:56.25,3,2,"Smith, Kyle",1000569500,Right,QUI_DOG,"Throneberry, Caden",1000570904,Left,JOH_MIL,Undefined,3,Bottom,0,1,0,Curveball,Curveball,InPlay,Undefined,GroundBall,Out,1,0,,69.31732,0.68633,-2.366773,1782.141081,7.016562,6:15,6.24969,1.85021,4.93631,-60.4635,0.3274,-0.21118,1.86034,-0.40562,63.60357,-10.222845,-2.404061,0.561165,80.25546,-17.788919,19.579511,,,,,6.24572,5.48538,21.248117,0.048376,-0.60945,0.52929,-1.61981,50,6.26637,4.15827,-100.42117,-0.71529,-0.61725,17.50084,-31.63798,JOH_MIL,QUI_DOG,SargentsStad,Prospect League,PLB,20260703-SargentsStad-1,c2889c10-7739-11f1-8b9e-653d8f45cec5,67.16817,1.74288,,5.71375,,,,0.70319,1.74288,0.44314,7278278f-6c90-4be2-9b92-daf4626d24ff,2026-07-03,23:48:56.25,2026-07-03T19:48:56.2530000-04:00,2026-07-03T23:48:56.2530000Z,GroundBall,v3,,,,"McGuin, Josh",10097254,Right,QUI_DOG,e95cb749-f507-47ec-b923-a21e9789ae44,55.56202,-101.38586,8.75042,6.25773,1.02866,-15.81899,-1.84996,4.1923,-0.30863,180,0.70167,105.79414,,,,,,,,1.7434,-36.02742,,,,,,,,0.4426,37.62897,,,,,,,,,,,,,,,,,,,,,,,,,,,,,,High,High,High,High,High,,,
97,2026-07-03,19:49:36.93,4,1,"Smith, Kyle",1000569500,Right,QUI_DOG,"Rozich, Landen",1000469268,Right,JOH_MIL,Undefined,3,Bottom,1,0,0,ChangeUp,Changeup,BallCalled,Undefined,Undefined,Undefined,0,0,,73.54272,-2.348958,-1.880767,1535.389359,226.61251,1:30,6.9048,1.08075,4.70962,-40.92597,13.19556,12.09205,1.26244,0.30273,67.81429,-9.728992,0.246063,0.529488,,,,,,,,,,,,-6.46607,7.64804,-0.90188,50,6.63084,3.02029,-106.51113,-5.73716,-7.43154,18.21131,-23.38407,JOH_MIL,QUI_DOG,SargentsStad,Prospect League,PLB,20260703-SargentsStad-1,dabd5b40-7739-11f1-8b9e-653d8f45cec5,71.18653,,,5.72843,,,,,,,7278278f-6c90-4be2-9b92-daf4626d24ff,2026-07-03,23:49:36.93,2026-07-03T19:49:36.9380000-04:00,2026-07-03T23:49:36.9380000Z,,v3,,,,"McGuin, Josh",10097254,Right,QUI_DOG,9632a7b8-3361-4568-ba28-57f81970da7a,55.78768,-107.49616,9.10566,6.90695,-4.47235,-11.69203,-1.07611,3.42225,-3.71577,,,,,,,,,,,,,,,,,,,,,,,,,,,,,,,,,,,,,,,,,,,,,,,,,,,High,High,High,,,,,
98,2026-07-03,19:49:51.85,4,2,"Smith, Kyle",1000569500,Right,QUI_DOG,"Rozich, Landen",1000469268,Right,JOH_MIL,Undefined,3,Bottom,1,1,0,Fastball,Changeup,BallCalled,Undefined,Undefined,Undefined,0,0,,78.14211,-2.966165,-2.950933,1864.92438,226.433715,1:30,6.78579,1.08655,4.80389,-34.4588,13.3119,12.38276,1.09764,-0.67993,72.03726,-9.199008,-0.77241,0.497453,,,,,,,,,,,,-6.89804,7.81402,-0.80394,50,6.46052,5.31452,-113.07989,-7.06409,-8.95864,20.03905,-22.02583,JOH_MIL,QUI_DOG,SargentsStad,Prospect League,PLB,20260703-SargentsStad-1,e3b076b0-7739-11f1-8b9e-653d8f45cec5,75.77081,,,6.10485,,,,,,,7278278f-6c90-4be2-9b92-daf4626d24ff,2026-07-03,23:49:51.85,2026-07-03T19:49:51.8500000-04:00,2026-07-03T23:49:51.8500000Z,,v3,,,,"McGuin, Josh",10097254,Right,QUI_DOG,3b1dbc17-e375-452a-aa5f-93b7d20b9e99,55.69383,-114.08444,10.01952,6.78696,-5.95994,-11.01292,-1.08161,5.76361,-4.47932,,,,,,,,,,,,,,,,,,,,,,,,,,,,,,,,,,,,,,,,,,,,,,,,,,,High,High,High,,,,,
99,2026-07-03,19:50:08.46,4,3,"Smith, Kyle",1000569500,Right,QUI_DOG,"Rozich, Landen",1000469268,Right,JOH_MIL,Undefined,3,Bottom,1,2,0,Curveball,Curveball,StrikeSwinging,Undefined,Undefined,Undefined,0,0,,66.44759,0.245464,-1.802447,1861.618798,312.020272,4:30,6.66987,1.34655,4.22595,-68.62508,2.09488,1.32185,1.18628,-0.2698,58.90278,-12.099219,-1.571713,0.605261,,,,,,,,,,,,-1.38736,1.89654,-1.15039,50,6.62743,2.95814,-95.65208,-1.84644,-1.22433,21.261,-30.50038,JOH_MIL,QUI_DOG,SargentsStad,Prospect League,PLB,20260703-SargentsStad-1,ed92fb30-7739-11f1-8b9e-653d8f45cec5,62.27474,,,7.54481,,,,,,,7278278f-6c90-4be2-9b92-daf4626d24ff,2026-07-03,23:50:08.46,2026-07-03T19:50:08.4680000-04:00,2026-07-03T23:50:08.4680000Z,,v3,,,,"McGuin, Josh",10097254,Right,QUI_DOG,66c38419-135f-479b-9396-bc77522a9922,56.26293,-97.03418,10.6305,6.68302,0.13628,-15.25019,-1.34528,3.03773,-0.61216,,,,,,,,,,,,,,,,,,,,,,,,,,,,,,,,,,,,,,,,,,,,,,,,,,,High,High,High,,,,,
100,2026-07-03,19:50:28.61,4,4,"Smith, Kyle",1000569500,Right,QUI_DOG,"Rozich, Landen",1000469268,Right,JOH_MIL,Undefined,3,Bottom,1,2,1,ChangeUp,Changeup,BallCalled,Undefined,Undefined,Undefined,0,0,,75.09105,-1.818923,-3.879901,1655.485571,236.396768,2:00,6.65483,1.31018,5.01644,-40.06026,11.51068,14.72402,1.59534,-1.13009,68.89488,-9.100498,-1.28292,0.516861,,,,,,,,,,,,-8.37024,6.75122,-0.95022,50,6.44825,6.78208,-108.62202,-4.7737,-9.98211,19.34986,-24.12274,JOH_MIL,QUI_DOG,SargentsStad,Prospect League,PLB,20260703-SargentsStad-1,f9896b90-7739-11f1-8b9e-653d8f45cec5,72.92566,,,6.19617,,,,,,,7278278f-6c90-4be2-9b92-daf4626d24ff,2026-07-03,23:50:28.61,2026-07-03T19:50:28.6120000-04:00,2026-07-03T23:50:28.6120000Z,,v3,,,,"McGuin, Josh",10097254,Right,QUI_DOG,fdc488d9-08ed-47e7-83e6-63e0a27b9a0a,55.4802,-109.59391,9.67493,6.6576,-3.56209,-12.06137,-1.30345,7.28345,-4.99105,,,,,,,,,,,,,,,,,,,,,,,,,,,,,,,,,,,,,,,,,,,,,,,,,,,High,High,High,,,,,
101,2026-07-03,19:50:44.43,4,5,"Smith, Kyle",1000569500,Right,QUI_DOG,"Rozich, Landen",1000469268,Right,JOH_MIL,Undefined,3,Bottom,1,3,1,Fastball,Changeup,BallCalled,Walk,Undefined,Undefined,0,0,,77.18896,-2.008208,-1.605565,1784.79383,223.073957,1:30,6.66518,1.41794,4.76643,-35.2151,13.67536,11.32985,1.82505,0.83943,71.08328,-8.393416,0.388113,0.50325,,,,,,,,,,,,-6.00307,7.7341,-1.26755,50,6.43346,2.66633,-111.86534,-5.13815,-7.62711,19.67637,-22.34762,JOH_MIL,QUI_DOG,SargentsStad,Prospect League,PLB,20260703-SargentsStad-1,02ff72a0-773a-11f1-8b9e-653d8f45cec5,74.8981,,,6.10568,,,,,,,7278278f-6c90-4be2-9b92-daf4626d24ff,2026-07-03,23:50:44.43,2026-07-03T19:50:44.4350000-04:00,2026-07-03T23:50:44.4350000Z,,v3,,,,"McGuin, Josh",10097254,Right,QUI_DOG,9ff2e2a2-7e15-4dd8-91cf-36ca8424e056,55.73077,-112.86885,9.83818,6.66645,-3.99842,-11.17381,-1.41345,3.05531,-3.81356,,,,,,,,,,,,,,,,,,,,,,,,,,,,,,,,,,,,,,,,,,,,,,,,,,,High,High,High,,,,,
102,2026-07-03,19:51:20.71,5,1,"Smith, Kyle",1000569500,Right,QUI_DOG,"Budacki, Brock",10180051,Right,JOH_MIL,Undefined,3,Bottom,1,0,0,ChangeUp,Changeup,BallCalled,Undefined,Undefined,Undefined,0,0,,76.5401,-1.804855,-2.844162,1548.04205,241.267999,2:00,6.67194,1.27074,5.08751,-40.04506,9.29733,14.01532,1.63109,-0.24417,70.35287,-9.080912,-0.364463,0.50557,,,,,,,,,,,,-7.75323,5.6241,-1.01301,50,6.4698,4.94851,-110.8739,-4.8378,-9.64182,20.00246,-25.17999,JOH_MIL,QUI_DOG,SargentsStad,Prospect League,PLB,20260703-SargentsStad-1,189a9b30-773a-11f1-8b9e-653d8f45cec5,74.55431,,,6.18724,,,,,,,7278278f-6c90-4be2-9b92-daf4626d24ff,2026-07-03,23:51:20.71,2026-07-03T19:51:20.7130000-04:00,2026-07-03T23:51:20.7130000Z,,v3,,,,"McGuin, Josh",10097254,Right,QUI_DOG,b87d73ce-bf6e-4892-a5b1-033dc20ef9e0,55.40992,-111.84564,10.00123,6.67511,-3.61454,-12.58999,-1.26479,5.41691,-4.82091,,,,,,,,,,,,,,,,,,,,,,,,,,,,,,,,,,,,,,,,,,,,,,,,,,,High,High,High,,,,,
103,2026-07-03,19:51:40.50,5,2,"Smith, Kyle",1000569500,Right,QUI_DOG,"Budacki, Brock",10180051,Right,JOH_MIL,Undefined,3,Bottom,1,1,0,Fastball,Changeup,BallCalled,Undefined,Undefined,Undefined,0,0,,77.76949,-2.994896,-2.919608,1925.534215,215.778007,1:15,6.73637,1.10244,4.87627,-31.11588,17.22702,11.23355,1.30334,-0.72636,71.25465,-8.674942,-0.941756,0.500424,,,,,,,,,,,,-6.35111,9.83414,-0.82526,50,6.41584,5.26797,-112.46497,-6.92655,-8.11938,20.74665,-19.60188,JOH_MIL,QUI_DOG,SargentsStad,Prospect League,PLB,20260703-SargentsStad-1,24625a70-773a-11f1-8b9e-653d8f45cec5,75.32108,,,6.51484,,,,,,,7278278f-6c90-4be2-9b92-daf4626d24ff,2026-07-03,23:51:40.50,2026-07-03T19:51:40.5030000-04:00,2026-07-03T23:51:40.5030000Z,,v3,,,,"McGuin, Josh",10097254,Right,QUI_DOG,2dc250af-d726-4780-ae5c-6cf57f0b5033,55.61955,-113.49689,10.37332,6.73611,-5.95157,-9.80094,-1.09733,5.67182,-4.05969,,,,,,,,,,,,,,,,,,,,,,,,,,,,,,,,,,,,,,,,,,,,,,,,,,,High,High,High,,,,,
104,2026-07-03,19:51:59.95,5,3,"Smith, Kyle",1000569500,Right,QUI_DOG,"Budacki, Brock",10180051,Right,JOH_MIL,Undefined,3,Bottom,1,2,0,Fastball,Changeup,BallCalled,Undefined,Undefined,Undefined,0,0,,77.48732,-2.250929,-1.091108,1810.273324,216.460155,1:15,6.74522,1.27303,4.7414,-32.47222,15.89647,10.64847,1.9026,1.12531,71.59805,-8.141095,0.781952,0.500557,,,,,,,,,,,,-5.50705,8.84461,-1.17315,50,6.49042,1.69594,-112.34326,-5.53234,-7.08679,19.03276,-20.79229,JOH_MIL,QUI_DOG,SargentsStad,Prospect League,PLB,20260703-SargentsStad-1,2ffb8fa0-773a-11f1-8b9e-653d8f45cec5,75.30098,,,5.88926,,,,,,,7278278f-6c90-4be2-9b92-daf4626d24ff,2026-07-03,23:51:59.95,2026-07-03T19:51:59.9590000-04:00,2026-07-03T23:51:59.9590000Z,,v3,,,,"McGuin, Josh",10097254,Right,QUI_DOG,1e90e424-6be6-4214-a4db-d5f069efc637,55.7558,-113.31419,9.51638,6.74559,-4.47165,-10.39615,-1.26888,2.05746,-3.5434,,,,,,,,,,,,,,,,,,,,,,,,,,,,,,,,,,,,,,,,,,,,,,,,,,,High,High,High,,,,,
105,2026-07-03,19:52:18.31,5,4,"Smith, Kyle",1000569500,Right,QUI_DOG,"Budacki, Brock",10180051,Right,JOH_MIL,Undefined,3,Bottom,1,3,0,Fastball,Changeup,BallCalled,Walk,Undefined,Undefined,0,1,,75.88266,-2.193608,-2.781917,1784.054906,208.952567,1:00,6.69448,1.30887,4.88322,-34.94868,15.48339,7.67559,1.7033,-0.68547,69.92056,-8.545465,-1.430256,0.511122,,,,,,,,,,,,-4.52717,8.72115,-1.04243,50,6.44988,5.02963,-109.88244,-5.37172,-5.55441,18.83392,-21.47405,JOH_MIL,QUI_DOG,SargentsStad,Prospect League,PLB,20260703-SargentsStad-1,3af7c180-773a-11f1-8b9e-653d8f45cec5,73.74447,,,5.9621,,,,,,,7278278f-6c90-4be2-9b92-daf4626d24ff,2026-07-03,23:52:18.31,2026-07-03T19:52:18.3170000-04:00,2026-07-03T23:52:18.3170000Z,,v3,,,,"McGuin, Josh",10097254,Right,QUI_DOG,cffa3b77-21db-4320-ad74-431ce67c7f12,55.61316,-110.84036,9.41696,6.69532,-4.27952,-10.73702,-1.30543,5.31213,-2.7772,,,,,,,,,,,,,,,,,,,,,,,,,,,,,,,,,,,,,,,,,,,,,,,,,,,High,High,High,,,,,
106,2026-07-03,19:53:51.02,6,1,"Smith, Kyle",1000569500,Right,QUI_DOG,"DeCanio, Dominic ",1000583922,Right,JOH_MIL,Undefined,3,Bottom,1,0,0,Fastball,Changeup,BallCalled,Undefined,Undefined,Undefined,0,0,,77.77325,-0.730038,-2.099554,1812.651741,210.089312,1:00,6.83939,1.15334,4.72344,-28.74773,19.73863,10.49477,3.75053,0.03482,70.88424,-6.02684,-0.257358,0.501166,,,,,,,,,,,,-5.71607,10.35312,-0.95115,50,6.74108,3.68061,-112.62995,-2.38632,-7.3237,20.94542,-18.90913,JOH_MIL,QUI_DOG,SargentsStad,Prospect League,PLB,20260703-SargentsStad-1,7236ab70-773a-11f1-8b9e-653d8f45cec5,75.20956,,,6.88901,,,,,,,7278278f-6c90-4be2-9b92-daf4626d24ff,2026-07-03,23:53:51.02,2026-07-03T19:53:51.0280000-04:00,2026-07-03T23:53:51.0280000Z,,v3,,,,"McGuin, Josh",10097254,Right,QUI_DOG,f26381ce-d7b9-44bd-9e1d-9673e4e9bacf,55.77138,-113.69817,10.47271,6.83819,-1.42195,-9.45456,-1.14839,4.05412,-3.66185,,,,,,,,,,,,,,,,,,,,,,,,,,,,,,,,,,,,,,,,,,,,,,,,,,,High,High,High,,,,,
107,2026-07-03,19:54:04.78,6,2,"Smith, Kyle",1000569500,Right,QUI_DOG,"DeCanio, Dominic ",1000583922,Right,JOH_MIL,Undefined,3,Bottom,1,1,0,Fastball,Changeup,BallCalled,Undefined,Undefined,Undefined,0,0,,78.67718,-1.468267,-3.254778,1786.117492,224.728813,1:30,6.73909,1.22568,4.74542,-35.73947,11.42568,9.83497,2.36563,-1.04516,72.3523,-7.942578,-1.528525,0.49429,,,,,,,,,,,,-5.69654,6.45918,-0.90724,50,6.56007,6.06023,-113.91635,-4.19552,-7.5091,20.30899,-23.65962,JOH_MIL,QUI_DOG,SargentsStad,Prospect League,PLB,20260703-SargentsStad-1,7a634290-773a-11f1-8b9e-653d8f45cec5,76.25568,,,6.32488,,,,,,,7278278f-6c90-4be2-9b92-daf4626d24ff,2026-07-03,23:54:04.78,2026-07-03T19:54:04.7870000-04:00,2026-07-03T23:54:04.7870000Z,,v3,,,,"McGuin, Josh",10097254,Right,QUI_DOG,1ed79952-a761-4370-ba95-9bb77e12d8d4,55.75168,-114.93718,10.1545,6.74106,-3.00627,-11.82981,-1.22135,6.43767,-3.75455,,,,,,,,,,,,,,,,,,,,,,,,,,,,,,,,,,,,,,,,,,,,,,,,,,,High,High,High,,,,,
108,2026-07-03,19:54:19.02,6,3,"Smith, Kyle",1000569500,Right,QUI_DOG,"DeCanio, Dominic ",1000583922,Right,JOH_MIL,Undefined,3,Bottom,1,2,0,Fastball,Changeup,StrikeCalled,Undefined,Undefined,Undefined,0,0,,77.16861,-1.78357,-1.55937,1865.357047,220.137916,1:15,6.84111,1.08863,4.63491,-36.5949,12.6382,9.31579,2.09523,0.38254,70.9424,-8.402487,0.076111,0.50501,,,,,,,,,,,,-4.97969,7.1515,-0.93781,50,6.6253,2.65101,-111.8011,-4.77271,-6.30916,19.9658,-23.11325,JOH_MIL,QUI_DOG,SargentsStad,Prospect League,PLB,20260703-SargentsStad-1,82dfa760-773a-11f1-8b9e-653d8f45cec5,74.63704,,,6.22621,,,,,,,7278278f-6c90-4be2-9b92-daf4626d24ff,2026-07-03,23:54:19.02,2026-07-03T19:54:19.0200000-04:00,2026-07-03T23:54:19.0200000Z,,v3,,,,"McGuin, Josh",10097254,Right,QUI_DOG,65318b2e-cd79-4eb8-a783-7da1973e317f,55.86168,-112.84304,9.9829,6.84289,-3.56651,-11.55662,-1.08475,2.98026,-3.15458,,,,,,,,,,,,,,,,,,,,,,,,,,,,,,,,,,,,,,,,,,,,,,,,,,,High,High,High,,,,,
109,2026-07-03,19:54:35.34,6,4,"Smith, Kyle",1000569500,Right,QUI_DOG,"DeCanio, Dominic ",1000583922,Right,JOH_MIL,Undefined,3,Bottom,1,2,1,Curveball,Curveball,InPlay,Undefined,GroundBall,FieldersChoice,1,1,,66.72067,0.384735,-2.184746,1912.669682,46.516475,7:30,6.64692,1.34669,4.95624,-63.78531,2.04976,-0.27406,1.69525,-0.74131,61.14473,-11.127919,-2.233165,0.583983,84.94594,-8.833058,-36.835337,,,,,13.62536,13.61217,-26.644106,0.093863,-0.55394,1.47555,-1.13472,50,6.6317,3.69604,-96.63396,-1.27524,-0.51694,16.89594,-30.79704,JOH_MIL,QUI_DOG,SargentsStad,Prospect League,PLB,20260703-SargentsStad-1,8cb1ff40-773a-11f1-8b9e-653d8f45cec5,64.54375,1.99229,,5.57594,,,,3.03937,1.99229,0.71472,7278278f-6c90-4be2-9b92-daf4626d24ff,2026-07-03,23:54:35.34,2026-07-03T19:54:35.3490000-04:00,2026-07-03T23:54:35.3490000Z,GroundBall,v3,,,,"McGuin, Josh",10097254,Right,QUI_DOG,2681219c-ed1a-4c69-a0b8-1f1fe15ff1b3,55.54212,-97.59817,8.44797,6.65433,0.48226,-15.39852,-1.34649,3.72554,-0.25847,344.980753,3.0394,98.52723,-12.37149,,,,,,,1.9924,-19.14734,-22.16734,,,,,,,0.71467,-73.79985,11.59666,,,,,,,,,,,,,,,,,,,,,,,,,,,,,High,High,High,High,High,,,
110,2026-07-03,19:55:16.64,7,1,"Smith, Kyle",1000569500,Right,QUI_DOG,"Sydlowski, Kriss",1000162904,Right,JOH_MIL,Undefined,3,Bottom,2,0,0,Fastball,Changeup,BallCalled,Undefined,Undefined,Undefined,0,0,,75.6796,-0.26175,-1.370863,1813.179425,193.200389,12:30,6.83933,1.0945,4.61745,-31.616,19.69533,4.22284,3.95574,0.14285,69.09319,-6.06178,-0.630822,0.515559,,,,,,,,,,,,-2.43181,10.18308,-0.95766,50,6.78439,2.44527,-109.62494,-1.5451,-2.95648,19.55096,-19.79396,JOH_MIL,QUI_DOG,SargentsStad,Prospect League,PLB,20260703-SargentsStad-1,a53b6e20-773a-11f1-8b9e-653d8f45cec5,73.10991,,,6.58641,,,,,,,7278278f-6c90-4be2-9b92-daf4626d24ff,2026-07-03,23:55:16.64,2026-07-03T19:55:16.6460000-04:00,2026-07-03T23:55:16.6460000Z,,v3,,,,"McGuin, Josh",10097254,Right,QUI_DOG,e39e4fb5-30bb-465b-b641-78268911c97a,55.87634,-110.66799,9.77548,6.83865,-0.48909,-9.89698,-1.09232,2.603,-1.47824,,,,,,,,,,,,,,,,,,,,,,,,,,,,,,,,,,,,,,,,,,,,,,,,,,,High,High,High,,,,,
111,2026-07-03,19:55:32.02,7,2,"Smith, Kyle",1000569500,Right,QUI_DOG,"Sydlowski, Kriss",1000162904,Right,JOH_MIL,Undefined,3,Bottom,2,1,0,ChangeUp,Changeup,BallCalled,Undefined,Undefined,Undefined,1,0,,74.53056,-1.679469,-2.782245,1643.292572,240.591301,2:00,6.71189,1.36458,4.91755,-41.62971,10.62875,15.8678,1.65252,0.05428,68.66397,-9.217585,0.016754,0.520295,,,,,,,,,,,,-8.6263,6.213,-1.10698,50,6.5134,4.62616,-107.98058,-4.55126,-10.19468,18.63236,-24.83145,JOH_MIL,QUI_DOG,SargentsStad,Prospect League,PLB,20260703-SargentsStad-1,ae635530-773a-11f1-8b9e-653d8f45cec5,72.44435,,,5.86659,,,,,,,7278278f-6c90-4be2-9b92-daf4626d24ff,2026-07-03,23:55:32.02,2026-07-03T19:55:32.0290000-04:00,2026-07-03T23:55:32.0290000Z,,v3,,,,"McGuin, Josh",10097254,Right,QUI_DOG,049bfaca-4393-4f53-a034-14e5f90fbd56,55.58077,-108.9393,9.31618,6.71471,-3.27356,-12.41573,-1.35852,5.15072,-5.09734,,,,,,,,,,,,,,,,,,,,,,,,,,,,,76.41843,2.569661,1.741414,0.828247,-0.33653,1.36381,-0.05619,3.57597,6.07769,-0.91549,63.31141,3.33989,-61.48455,3.59331,76.18735,-4.95413,6.08569,6.67533,-12.07295,-0.95871,-80.95661,9.5661,High,High,High,,,High,High,High
112,2026-07-03,19:58:09.52,1,1,"Headon, Grayson",1000400494,Right,JOH_MIL,"Fivelson, Ari",1000545902,Left,QUI_DOG,Undefined,4,Top,0,0,0,Slider,Curveball,BallCalled,Undefined,Undefined,Undefined,0,0,,75.65427,1.099592,-0.21926,2006.995358,140.87892,10:45,5.9807,1.74164,6.7462,-39.84766,7.92634,-5.09315,3.66473,1.1169,68.5703,-6.442252,-1.148573,0.49747,,,,,,,,,,,,2.58583,4.39362,-1.72579,50,6.0383,0.59144,-109.89405,1.105,3.11999,21.90002,-26.8728,JOH_MIL,QUI_DOG,SargentsStad,Prospect League,PLB,20260703-SargentsStad-1,0c5292f0-773b-11f1-8b9e-653d8f45cec5,75.7682,,,7.08398,,,,,,,7278278f-6c90-4be2-9b92-daf4626d24ff,2026-07-03,23:58:09.52,2026-07-03T19:58:09.5220000-04:00,2026-07-03T23:58:09.5220000Z,,v3,,,,"Budacki, Brock",10180051,Right,JOH_MIL,8fd2873b-1911-40b8-a266-5b7e37602741,53.74783,-110.63841,10.95001,5.98523,2.01837,-13.4364,-1.74409,0.48539,1.56,,,,,,,,,,,,,,,,,,,,,,,,,,,,,,,,,,,,,,,,,,,,,,,,,,,High,High,High,,,,,
113,2026-07-03,19:58:24.94,1,2,"Headon, Grayson",1000400494,Right,JOH_MIL,"Fivelson, Ari",1000545902,Left,QUI_DOG,Undefined,4,Top,0,1,0,FourSeamFastBall,Four-Seam,FoulBallNotFieldable,Undefined,Undefined,Undefined,0,0,,87.4327,-2.231082,-1.510363,2189.559324,196.001839,12:30,6.38162,1.68125,6.63274,-16.12056,19.39824,5.23973,2.99385,0.73477,80.04779,-5.343513,-0.556929,0.428944,83.25902,48.484923,-41.55676,3526.255619,73.88952,103.04724,-81.48827,263.92428,100.73165,-53.225616,5.507749,-3.19272,11.20162,-1.58113,50,6.22373,3.15816,-127.06366,-5.33265,-5.21813,26.10615,-13.86627,JOH_MIL,QUI_DOG,SargentsStad,Prospect League,PLB,20260703-SargentsStad-1,156ae9a0-773b-11f1-8b9e-653d8f45cec5,87.87268,113.53161,,7.38491,,,,1.16704,2.91719,-0.65003,7278278f-6c90-4be2-9b92-daf4626d24ff,2026-07-03,23:58:24.94,2026-07-03T19:58:24.9430000-04:00,2026-07-03T23:58:24.9430000Z,FlyBall,v3,,,,"Budacki, Brock",10180051,Right,JOH_MIL,a225816d-66a3-4a2a-849a-6b95aa1e355b,53.8658,-127.85545,13.05308,6.37909,-4.9121,-6.93313,-1.67931,3.31643,-2.60907,155.232064,1.17588,60.37653,-15.72555,2.99978,0.16184,-0.28417,0.07673,-0.0091,0.00041,2.90982,91.56564,-22.90801,2.66771,-0.70877,0.14204,-0.0131,-3E-05,5E-05,-0.65117,-53.66803,5.97744,-0.98081,0.04472,0.03292,-0.01005,0.00122,-6E-05,,,,,,,,,,,,,,,,,,,,,,,High,High,High,High,Low,,,
114,2026-07-03,19:58:51.50,1,3,"Headon, Grayson",1000400494,Right,JOH_MIL,"Fivelson, Ari",1000545902,Left,QUI_DOG,Undefined,4,Top,0,1,1,FourSeamFastBall,Four-Seam,BallCalled,Undefined,Undefined,Undefined,0,0,,88.23559,-4.563205,-3.818986,1907.415516,199.987051,12:45,6.28987,1.66629,6.83829,-17.34233,17.36336,5.92591,0.66514,-1.32779,81.38027,-7.866953,-2.739451,0.424006,,,,,,,,,,,,-4.16343,10.77166,-1.42341,50,5.98972,8.32036,-127.78714,-10.63973,-6.92159,25.00142,-14.2665,JOH_MIL,QUI_DOG,SargentsStad,Prospect League,PLB,20260703-SargentsStad-1,253a7580-773b-11f1-8b9e-653d8f45cec5,88.89609,,,6.85533,,,,,,,7278278f-6c90-4be2-9b92-daf4626d24ff,2026-07-03,23:58:51.50,2026-07-03T19:58:51.5070000-04:00,2026-07-03T23:58:51.5070000Z,,v3,,,,"Budacki, Brock",10180051,Right,JOH_MIL,086b975a-3ad3-4c8f-b828-fbf892ae3e10,53.661,-128.50141,12.50071,6.28786,-10.23215,-7.13325,-1.66394,8.51811,-3.46079,,,,,,,,,,,,,,,,,,,,,,,,,,,,,,,,,,,,,,,,,,,,,,,,,,,High,High,High,,,,,
115,2026-07-03,19:59:10.09,1,4,"Headon, Grayson",1000400494,Right,JOH_MIL,"Fivelson, Ari",1000545902,Left,QUI_DOG,Undefined,4,Top,0,2,1,FourSeamFastBall,Four-Seam,FoulBallNotFieldable,Undefined,Undefined,Undefined,0,0,,86.96324,-2.845173,-2.618242,1935.535276,194.359096,12:30,6.31093,1.59756,6.64471,-18.66946,17.03694,4.09091,2.14599,-0.45977,80.2966,-6.395385,-1.874389,0.430075,,,,,,,,,,,,-2.85024,10.0717,-1.4226,50,6.11096,5.63215,-126.33184,-6.76342,-4.6402,23.9608,-15.77739,JOH_MIL,QUI_DOG,SargentsStad,Prospect League,PLB,20260703-SargentsStad-1,3055ef30-773b-11f1-8b9e-653d8f45cec5,87.64148,,,6.66663,,,,,,,7278278f-6c90-4be2-9b92-daf4626d24ff,2026-07-03,23:59:10.09,2026-07-03T19:59:10.0950000-04:00,2026-07-03T23:59:10.0950000Z,,v3,,,,"Budacki, Brock",10180051,Right,JOH_MIL,ac74d216-1ac7-42ef-95bb-5c171c53bfb5,53.85534,-127.06096,11.9804,6.30946,-6.28332,-7.88869,-1.59613,5.77335,-2.3201,,,,,,,,,,,,,,,,,,,,,,,,,,,,,,,,,,,,,,,,,,,,,,,,,,,High,High,High,,,,,
116,2026-07-03,19:59:31.04,1,5,"Headon, Grayson",1000400494,Right,JOH_MIL,"Fivelson, Ari",1000545902,Left,QUI_DOG,Undefined,4,Top,0,2,2,Slider,Curveball,FoulBallNotFieldable,Undefined,Undefined,Undefined,0,0,,77.48585,1.196573,-1.254492,1795.60818,45.357739,7:30,5.81337,1.8572,6.50143,-52.0533,-5.57177,-7.40996,2.57428,0.0881,69.79088,-8.519171,-2.601361,0.490695,,,,,,,,,,,,3.45327,-2.9004,-1.76643,50,5.87493,2.71436,-112.47457,0.87114,4.30614,25.44781,-35.7908,JOH_MIL,QUI_DOG,SargentsStad,Prospect League,PLB,20260703-SargentsStad-1,3cd8c110-773b-11f1-8b9e-653d8f45cec5,76.81442,,,7.69497,,,,,,,7278278f-6c90-4be2-9b92-daf4626d24ff,2026-07-03,23:59:31.04,2026-07-03T19:59:31.0400000-04:00,2026-07-03T23:59:31.0400000Z,,v3,,,,"Budacki, Brock",10180051,Right,JOH_MIL,0a02e78b-d401-469f-94ea-bab7e16c05b4,53.99701,-113.3753,12.72391,5.82167,2.13796,-17.8954,-1.85981,2.56195,2.15307,,,,,,,,,,,,,,,,,,,,,,,,,,,,,,,,,,,,,,,,,,,,,,,,,,,High,High,High,,,,,
117,2026-07-03,19:59:53.35,1,6,"Headon, Grayson",1000400494,Right,JOH_MIL,"Fivelson, Ari",1000545902,Left,QUI_DOG,Undefined,4,Top,0,2,2,FourSeamFastBall,Four-Seam,StrikeCalled,Strikeout,Undefined,Undefined,0,0,,88.92898,-3.266422,-2.520195,1997.180339,187.990963,12:15,6.25438,1.69134,6.87823,-15.84469,18.69745,2.45075,1.95132,-0.40246,80.49877,-6.352426,-2.072638,0.423005,,,,,,,,,,,,-2.08732,11.30469,-1.53232,50,6.04079,5.58093,-128.91222,-7.7022,-3.46653,30.07163,-13.3997,JOH_MIL,QUI_DOG,SargentsStad,Prospect League,PLB,20260703-SargentsStad-1,4a1741d0-773b-11f1-8b9e-653d8f45cec5,89.10627,,,8.43021,,,,,,,7278278f-6c90-4be2-9b92-daf4626d24ff,2026-07-03,23:59:53.35,2026-07-03T19:59:53.3580000-04:00,2026-07-03T23:59:53.3580000Z,,v3,,,,"Budacki, Brock",10180051,Right,JOH_MIL,e3402cc2-cd70-4833-a008-dda971e0c354,53.61656,-129.75311,15.03581,6.25093,-7.3275,-6.69985,-1.68973,5.67787,-1.73326,,,,,,,,,,,,,,,,,,,,,,,,,,,,,64.15406,2.733018,1.608653,1.124365,-1.1416,1.66219,0.49456,-4.34143,3.44427,-0.05421,70.97093,9.71958,-53.8548,-4.29913,71.69874,-4.21991,3.53995,23.47355,-15.96726,-0.14929,-54.23757,5.73711,High,High,High,,,High,High,High
118,2026-07-03,20:00:27.63,2,1,"Headon, Grayson",1000400494,Right,JOH_MIL,"Staudacher, Dean",10022587,Right,QUI_DOG,Undefined,4,Top,1,0,0,Slider,Curveball,BallCalled,Undefined,Undefined,Undefined,0,0,,74.86028,3.118816,0.214139,1918.622572,76.584159,8:30,5.94525,1.79884,6.43139,-51.91385,-1.76795,-15.50391,4.48831,0.70365,66.92276,-6.619874,-2.59576,0.50967,,,,,,,,,,,,8.01,-1.31138,-1.80848,50,6.14578,0.14902,-108.45909,4.44577,9.28285,23.75551,-33.69383,JOH_MIL,QUI_DOG,SargentsStad,Prospect League,PLB,20260703-SargentsStad-1,5e99a760-773b-11f1-8b9e-653d8f45cec5,73.95458,,,7.93751,,,,,,,7278278f-6c90-4be2-9b92-daf4626d24ff,2026-07-04,00:00:27.63,2026-07-03T20:00:27.6310000-04:00,2026-07-04T00:00:27.6310000Z,,v3,,,,"Budacki, Brock",10180051,Right,JOH_MIL,96e5c331-dffb-4fb4-8dbe-6f4875de941f,54.06292,-109.34536,11.87776,5.95647,5.70282,-16.84692,-1.80759,-0.19731,4.64143,,,,,,,,,,,,,,,,,,,,,,,,,,,,,,,,,,,,,,,,,,,,,,,,,,,High,High,High,,,,,
119,2026-07-03,20:00:43.70,2,2,"Headon, Grayson",1000400494,Right,JOH_MIL,"Staudacher, Dean",10022587,Right,QUI_DOG,Undefined,4,Top,1,1,0,FourSeamFastBall,Four-Seam,StrikeSwinging,Undefined,Undefined,Undefined,0,0,,89.07065,-2.610895,-2.301001,2057.504268,191.981559,12:30,6.3036,1.59273,6.69745,-15.63296,18.93355,3.75953,2.60983,-0.19918,80.68412,-5.652581,-1.616624,0.423155,,,,,,,,,,,,-2.67851,11.12788,-1.44088,50,6.12302,5.04405,-129.19127,-6.24394,-4.47674,29.69526,-13.57525,JOH_MIL,QUI_DOG,SargentsStad,Prospect League,PLB,20260703-SargentsStad-1,681fdb10-773b-11f1-8b9e-653d8f45cec5,89.07487,,,8.38653,,,,,,,7278278f-6c90-4be2-9b92-daf4626d24ff,2026-07-04,00:00:43.70,2026-07-03T20:00:43.7040000-04:00,2026-07-04T00:00:43.7040000Z,,v3,,,,"Budacki, Brock",10180051,Right,JOH_MIL,93d6c11c-d2cc-4308-9811-12d82f17de00,53.79735,-130.06118,14.84763,6.3001,-5.84626,-6.78762,-1.59056,5.1752,-2.23837,,,,,,,,,,,,,,,,,,,,,,,,,,,,,,,,,,,,,,,,,,,,,,,,,,,High,High,High,,,,,
120,2026-07-03,20:01:02.69,2,3,"Headon, Grayson",1000400494,Right,JOH_MIL,"Staudacher, Dean",10022587,Right,QUI_DOG,Undefined,4,Top,1,1,1,FourSeamFastBall,Four-Seam,BallCalled,Undefined,Undefined,Undefined,0,0,,88.66998,-4.619905,-2.871746,2046.63957,194.421229,12:30,6.30059,1.64339,6.81078,-15.85072,18.95828,4.56166,0.74987,-0.59896,80.69594,-7.681611,-2.039953,0.424636,,,,,,,,,,,,-3.29437,11.82843,-1.45949,50,5.99528,6.27156,-128.36202,-10.74084,-5.4473,28.79034,-12.61551,JOH_MIL,QUI_DOG,SargentsStad,Prospect League,PLB,20260703-SargentsStad-1,737a3280-773b-11f1-8b9e-653d8f45cec5,88.76405,,,7.97404,,,,,,,7278278f-6c90-4be2-9b92-daf4626d24ff,2026-07-04,00:01:02.69,2026-07-03T20:01:02.6980000-04:00,2026-07-04T00:01:02.6980000Z,,v3,,,,"Budacki, Brock",10180051,Right,JOH_MIL,f90189c4-4e9a-4e98-bf33-6954e0ccb195,53.6865,-129.18622,14.39517,6.29759,-10.37969,-6.30775,-1.64126,6.42751,-2.72365,,,,,,,,,,,,,,,,,,,,,,,,,,,,,,,,,,,,,,,,,,,,,,,,,,,High,High,High,,,,,
121,2026-07-03,20:01:23.98,2,4,"Headon, Grayson",1000400494,Right,JOH_MIL,"Staudacher, Dean",10022587,Right,QUI_DOG,Undefined,4,Top,1,2,1,Slider,Curveball,StrikeCalled,Undefined,Undefined,Undefined,0,0,,75.62995,1.425971,-0.070866,1933.056658,60.334161,8:00,5.84585,1.80348,6.82735,-53.12322,-4.80815,-11.71536,2.71988,0.76256,67.91611,-8.569364,-2.214782,0.500279,,,,,,,,,,,,6.10319,-2.3878,-1.79581,50,5.92011,0.52816,-109.80283,1.31186,7.23316,24.74071,-35.00394,JOH_MIL,QUI_DOG,SargentsStad,Prospect League,PLB,20260703-SargentsStad-1,802b8e70-773b-11f1-8b9e-653d8f45cec5,75.34277,,,7.71384,,,,,,,7278278f-6c90-4be2-9b92-daf4626d24ff,2026-07-04,00:01:23.98,2026-07-03T20:01:23.9840000-04:00,2026-07-04T00:01:23.9840000Z,,v3,,,,"Budacki, Brock",10180051,Right,JOH_MIL,6abbf633-6552-4e90-9217-a1ed3fbfafc9,53.66842,-110.62631,12.37035,5.85705,2.47694,-17.50197,-1.80938,0.28741,3.61658,,,,,,,,,,,,,,,,,,,,,,,,,,,,,,,,,,,,,,,,,,,,,,,,,,,High,High,High,,,,,
122,2026-07-03,20:01:41.27,2,5,"Headon, Grayson",1000400494,Right,JOH_MIL,"Staudacher, Dean",10022587,Right,QUI_DOG,Undefined,4,Top,1,2,2,Slider,Curveball,StrikeCalled,Strikeout,Undefined,Undefined,0,0,,77.17655,0.540991,-1.262374,1973.442844,130.35361,10:15,5.81727,1.83174,6.5882,-41.75872,5.18705,-3.90953,2.83323,0.34902,68.98745,-7.350886,-1.973709,0.493139,,,,,,,,,,,,1.56197,3.13303,-1.74411,50,5.83799,2.60447,-111.90065,-0.06856,1.92094,25.85036,-28.32102,JOH_MIL,QUI_DOG,SargentsStad,Prospect League,PLB,20260703-SargentsStad-1,8a7d7690-773b-11f1-8b9e-653d8f45cec5,76.43366,,,8.1891,,,,,,,7278278f-6c90-4be2-9b92-daf4626d24ff,2026-07-04,00:01:41.27,2026-07-03T20:01:41.2770000-04:00,2026-07-04T00:01:41.2770000Z,,v3,,,,"Budacki, Brock",10180051,Right,JOH_MIL,917db1c3-50f0-4192-880e-6e17deb3f272,53.90391,-112.79889,12.92518,5.82327,0.91553,-14.16051,-1.83345,2.53772,0.96047,,,,,,,,,,,,,,,,,,,,,,,,,,,,,,,,,,,,,,,,,,,,,,,,,,,High,High,High,,,,,
123,2026-07-03,20:02:13.40,3,1,"Headon, Grayson",1000400494,Right,JOH_MIL,"McGuin, Josh",10097254,Left,QUI_DOG,Undefined,4,Top,2,0,0,FourSeamFastBall,Sinker,BallCalled,Undefined,Undefined,Undefined,0,0,,88.91256,0.157764,-3.336623,2068.742733,227.300486,1:30,4.99219,2.93427,6.66845,-19.8832,14.76182,14.71221,3.47985,1.10409,80.4407,-3.669268,-0.662901,0.423635,,,,,,,,,,,,-8.67989,8.0613,-2.71522,50,4.99449,6.94074,-129.0195,-0.15643,-14.49737,29.12635,-18.70982,JOH_MIL,QUI_DOG,SargentsStad,Prospect League,PLB,20260703-SargentsStad-1,9d979990-773b-11f1-8b9e-653d8f45cec5,88.97389,,,8.47186,,,,,,,7278278f-6c90-4be2-9b92-daf4626d24ff,2026-07-04,00:02:13.40,2026-07-03T20:02:13.4080000-04:00,2026-07-04T00:02:13.4080000Z,,v3,,,,"Budacki, Brock",10180051,Right,JOH_MIL,659c7952-f012-421a-8b72-c3a7e7f5ff5c,53.82732,-129.88065,14.56318,4.99094,0.39674,-9.35491,-2.92677,7.36937,-7.24868,,,,,,,,,,,,,,,,,,,,,,,,,,,,,,,,,,,,,,,,,,,,,,,,,,,High,High,High,,,,,
124,2026-07-03,20:02:28.33,3,2,"Headon, Grayson",1000400494,Right,JOH_MIL,"McGuin, Josh",10097254,Left,QUI_DOG,Undefined,4,Top,2,1,0,Slider,Curveball,BallCalled,Undefined,Undefined,Undefined,0,0,,75.24756,-1.395733,-1.771689,1842.843077,58.648915,8:00,5.72804,1.84855,6.83643,-53.39223,-4.49095,-10.45827,0.00494,-0.63925,68.11333,-11.354228,-3.688771,0.503305,,,,,,,,,,,,4.92044,-1.37028,-1.7317,50,5.62009,3.70439,-109.22398,-4.03815,5.75487,24.93694,-33.7767,JOH_MIL,QUI_DOG,SargentsStad,Prospect League,PLB,20260703-SargentsStad-1,a68006a0-773b-11f1-8b9e-653d8f45cec5,74.88979,,,7.13423,,,,,,,7278278f-6c90-4be2-9b92-daf4626d24ff,2026-07-04,00:02:28.33,2026-07-03T20:02:28.3370000-04:00,2026-07-04T00:02:28.3370000Z,,v3,,,,"Budacki, Brock",10180051,Right,JOH_MIL,a191d2dd-b7bc-452d-b7dc-cac0c780bf54,53.6617,-110.0568,12.46847,5.73611,-2.9101,-16.88835,-1.85221,3.51219,2.87743,,,,,,,,,,,,,,,,,,,,,,,,,,,,,,,,,,,,,,,,,,,,,,,,,,,High,High,High,,,,,
125,2026-07-03,20:02:47.64,3,3,"Headon, Grayson",1000400494,Right,JOH_MIL,"McGuin, Josh",10097254,Left,QUI_DOG,Undefined,4,Top,2,2,0,FourSeamFastBall,Four-Seam,StrikeCalled,Undefined,Undefined,Undefined,0,0,,88.45659,-1.342432,-2.844604,2054.740716,216.234022,1:15,6.2316,1.84624,6.65512,-19.46769,15.48898,10.48056,3.37902,0.11423,80.32714,-5.081913,-0.938841,0.425536,,,,,,,,,,,,-6.32221,8.89997,-1.65834,50,6.13305,5.971,-128.38997,-3.50994,-10.47431,28.42954,-17.42905,JOH_MIL,QUI_DOG,SargentsStad,Prospect League,PLB,20260703-SargentsStad-1,b2095d50-773b-11f1-8b9e-653d8f45cec5,88.57634,,,8.12946,,,,,,,7278278f-6c90-4be2-9b92-daf4626d24ff,2026-07-04,00:02:47.64,2026-07-03T20:02:47.6470000-04:00,2026-07-04T00:02:47.6470000Z,,v3,,,,"Budacki, Brock",10180051,Right,JOH_MIL,448cb4b9-ee10-47b9-9aa8-afe008285b9d,53.84066,-129.23761,14.21477,6.22996,-2.99029,-8.71452,-1.84103,6.28329,-5.23715,,,,,,,,,,,,,,,,,,,,,,,,,,,,,,,,,,,,,,,,,,,,,,,,,,,High,High,High,,,,,
126,2026-07-03,20:03:03.61,3,4,"Headon, Grayson",1000400494,Right,JOH_MIL,"McGuin, Josh",10097254,Left,QUI_DOG,Undefined,4,Top,2,2,1,Slider,Curveball,FoulBallNotFieldable,Undefined,Undefined,Undefined,0,0,,76.27177,0.234327,-0.816555,1942.382779,114.316215,9:45,5.74222,1.95005,6.44918,-43.05435,5.06874,-7.1113,2.36967,0.60719,68.52331,-7.860066,-2.107739,0.499285,69.17348,56.451184,-115.704284,5157.499864,,,,,26.67025,,,3.41937,3.10453,-1.88931,50,5.74016,1.82105,-110.65713,-0.71316,4.1254,24.71033,-28.42851,JOH_MIL,QUI_DOG,SargentsStad,Prospect League,PLB,20260703-SargentsStad-1,bb8ef4c0-773b-11f1-8b9e-653d8f45cec5,75.49289,36.40885,,7.74846,,,,0.37726,2.2733,-0.46998,7278278f-6c90-4be2-9b92-daf4626d24ff,2026-07-04,00:03:03.61,2026-07-03T20:03:03.6100000-04:00,2026-07-04T00:03:03.6100000Z,,v3,,,,"Budacki, Brock",10180051,Right,JOH_MIL,49b87022-4461-4a2c-b9ce-2e8580ec8ce0,54.04596,-111.55695,12.35517,5.74729,0.32206,-14.21426,-1.95289,1.67083,2.0627,,0.39718,-24.87289,-4.58447,,,,,,,2.30442,83.70012,-29.67516,,,,,,,-0.4818,-50.19786,8.05365,,,,,,,,,,,,,,,,,,,,,,,,,,,,,High,High,High,High,Undefined,,,
127,2026-07-03,20:03:23.43,3,5,"Headon, Grayson",1000400494,Right,JOH_MIL,"McGuin, Josh",10097254,Left,QUI_DOG,Undefined,4,Top,2,2,2,FourSeamFastBall,Four-Seam,BallCalled,Undefined,Undefined,Undefined,0,0,,88.77757,-0.818563,-2.324788,1826.290268,199.218859,12:45,6.22934,1.81342,6.80947,-16.72965,17.77674,5.78733,4.08763,0.17326,80.46647,-4.074461,-1.269166,0.422787,,,,,,,,,,,,-3.74551,9.99048,-1.66501,50,6.16966,5.01299,-128.93739,-2.22129,-6.24868,29.05941,-15.5069,JOH_MIL,QUI_DOG,SargentsStad,Prospect League,PLB,20260703-SargentsStad-1,c7577750-773b-11f1-8b9e-653d8f45cec5,89.15239,,,8.3111,,,,,,,7278278f-6c90-4be2-9b92-daf4626d24ff,2026-07-04,00:03:23.43,2026-07-03T20:03:23.4320000-04:00,2026-07-04T00:03:23.4320000Z,,v3,,,,"Budacki, Brock",10180051,Right,JOH_MIL,4627f5b0-2c9f-405e-b732-849b09e8ec2c,53.68582,-129.76542,14.5297,6.22665,-1.77942,-7.75345,-1.81039,5.19104,-3.12434,,,,,,,,,,,,,,,,,,,,,,,,,,,,,,,,,,,,,,,,,,,,,,,,,,,High,High,High,,,,,
128,2026-07-03,20:03:42.44,3,6,"Headon, Grayson",1000400494,Right,JOH_MIL,"McGuin, Josh",10097254,Left,QUI_DOG,Undefined,4,Top,2,3,2,FourSeamFastBall,Four-Seam,BallCalled,Walk,Undefined,Undefined,0,0,,88.92225,-0.692712,-2.680789,2078.700256,207.63994,1:00,6.17445,1.80797,6.78087,-18.29658,16.21958,7.86654,4.01659,0.01428,80.43431,-4.236477,-1.247076,0.422846,,,,,,,,,,,,-4.93666,9.12186,-1.63573,50,6.12194,5.73587,-129.07751,-1.99983,-8.23901,29.56633,-16.95016,JOH_MIL,QUI_DOG,SargentsStad,Prospect League,PLB,20260703-SargentsStad-1,d2b0e460-773b-11f1-8b9e-653d8f45cec5,89.13979,,,8.48794,,,,,,,7278278f-6c90-4be2-9b92-daf4626d24ff,2026-07-04,00:03:42.44,2026-07-03T20:03:42.4480000-04:00,2026-07-04T00:03:42.4480000Z,,v3,,,,"Budacki, Brock",10180051,Right,JOH_MIL,946c89c7-2019-4ef1-b119-10a11eed373e,53.71349,-129.92533,14.78317,6.17232,-1.51378,-8.47508,-1.8036,5.97213,-4.1195,,,,,,,,,,,,,,,,,,,,,,,,,,,,,,,,,,,,,,,,,,,,,,,,,,,High,High,High,,,,,
129,2026-07-03,20:04:16.23,4,1,"Headon, Grayson",1000400494,Right,JOH_MIL,"Kindhart, Brady",85172,Right,QUI_DOG,Undefined,4,Top,2,0,0,Slider,Curveball,BallCalled,Undefined,Undefined,Undefined,0,0,,76.2464,2.055828,0.135625,1784.627838,57.592906,8:00,5.82615,1.84668,6.27516,-50.3103,-2.19925,-6.18122,3.52947,1.45659,68.88589,-7.318383,-0.982637,0.499222,,,,,,,,,,,,3.22036,-1.22272,-1.854,50,5.95467,-0.0403,-110.63082,2.49772,3.92064,22.98709,-33.66265,JOH_MIL,QUI_DOG,SargentsStad,Prospect League,PLB,20260703-SargentsStad-1,e6ce1f80-773b-11f1-8b9e-653d8f45cec5,75.50235,,,7.36051,,,,,,,7278278f-6c90-4be2-9b92-daf4626d24ff,2026-07-04,00:04:16.23,2026-07-03T20:04:16.2330000-04:00,2026-07-04T00:04:16.2330000Z,,v3,,,,"Budacki, Brock",10180051,Right,JOH_MIL,f5cccd9a-2e60-4c0c-8482-1bf8abcf889c,54.22107,-111.50443,11.49354,5.83543,3.77705,-16.83133,-1.84964,-0.1893,1.96032,,,,,,,,,,,,,,,,,,,,,,,,,,,,,,,,,,,,,,,,,,,,,,,,,,,High,High,High,,,,,
130,2026-07-03,20:04:32.35,4,2,"Headon, Grayson",1000400494,Right,JOH_MIL,"Kindhart, Brady",85172,Right,QUI_DOG,Undefined,4,Top,2,1,0,FourSeamFastBall,Four-Seam,InPlay,Undefined,GroundBall,Single,0,0,,85.93124,-1.018757,-0.845724,1937.077098,204.007905,12:45,6.20179,1.69723,6.64452,-21.56639,15.52335,6.34276,3.47189,1.45162,77.8826,-5.157007,0.309312,0.438327,37.33087,-17.527272,-9.877263,,,,,13.45867,5.14771,-14.702042,0.215654,-3.61689,8.87997,-1.64261,50,6.12421,1.61159,-124.86356,-2.77118,-5.6426,27.91723,-18.32069,JOH_MIL,QUI_DOG,SargentsStad,Prospect League,PLB,20260703-SargentsStad-1,f06a4c30-773b-11f1-8b9e-653d8f45cec5,85.9916,3.62099,,8.04863,,,,1.72261,3.62099,-1.44896,7278278f-6c90-4be2-9b92-daf4626d24ff,2026-07-04,00:04:32.35,2026-07-03T20:04:32.3590000-04:00,2026-07-04T00:04:32.3590000Z,GroundBall,v3,,,,"Budacki, Brock",10180051,Right,JOH_MIL,73fba129-d145-4b15-bcdd-2d866a93a6fa,53.85267,-125.722,13.95862,6.20076,-2.20783,-9.16034,-1.69483,1.7851,-2.8213,180,1.68994,52.37736,,,,,,,,3.63146,-16.79081,,,,,,,,-1.44327,-9.1199,,,,,,,,,,,,,,,,,,,,,,,,,,,,,,High,High,High,Medium,Low,,,
131,2026-07-03,20:06:16.41,5,1,"Headon, Grayson",1000400494,Right,JOH_MIL,"Link, Kamryn",1000332402,Right,QUI_DOG,Undefined,4,Top,2,0,0,Slider,Curveball,InPlay,Undefined,GroundBall,Out,1,0,,77.00459,0.486677,-0.993239,1708.950323,92.186024,9:00,5.74897,1.7939,6.73528,-44.33605,2.07441,-10.13201,2.49908,0.0419,69.62739,-7.856216,-2.842668,0.49032,96.94519,2.752639,-15.838727,1820.116094,,,,76.99469,73.73984,-17.364708,0.561924,5.02299,1.41496,-1.72508,50,5.76448,2.27095,-111.86231,-0.21368,6.22817,24.21137,-30.41961,JOH_MIL,QUI_DOG,SargentsStad,Prospect League,PLB,20260703-SargentsStad-1,2e7d6930-773c-11f1-8b9e-653d8f45cec5,76.87319,3.16778,,7.37719,,,,2.03078,2.62186,-0.09129,7278278f-6c90-4be2-9b92-daf4626d24ff,2026-07-04,00:06:16.41,2026-07-03T20:06:16.4140000-04:00,2026-07-04T00:06:16.4140000Z,GroundBall,v3,,,,"Budacki, Brock",10180051,Right,JOH_MIL,a0b3b155-004e-4a84-b6ba-6fa6cefbacbe,53.76197,-112.6736,12.10568,5.75456,0.80564,-15.20981,-1.79768,2.06225,3.11408,63.291419,2.04539,136.28166,-16.32113,,,,,,,2.6382,6.43828,-19.86192,,,,,,,-0.08103,-39.00827,-3.12965,,,,,,,,,,,,,,,,,,,,,,,,,,,,,High,High,High,High,High,,,
132,2026-07-03,20:08:42.02,1,1,"Rossi, Jonny",10121124,Right,QUI_DOG,"Sydlowski, Kriss",1000162904,Right,JOH_MIL,Undefined,4,Bottom,0,0,0,Slider,Slider,BallCalled,Undefined,Undefined,Undefined,0,0,,75.67819,-0.560316,-3.438548,2338.263446,103.535471,9:30,5.88617,1.64223,5.35564,-47.36975,2.41788,-3.78232,1.41225,-1.90162,70.00274,-9.147207,-4.109637,0.507846,,,,,,,,,,,,0.96681,1.84248,-1.32999,50,5.80198,6.73599,-109.71474,-2.62436,1.1814,18.95561,-29.92261,JOH_MIL,QUI_DOG,SargentsStad,Prospect League,PLB,20260703-SargentsStad-1,85686330-773c-11f1-8b9e-653d8f45cec5,74.2202,,,5.67546,,,,,,,7278278f-6c90-4be2-9b92-daf4626d24ff,2026-07-04,00:08:42.02,2026-07-03T20:08:42.0280000-04:00,2026-07-04T00:08:42.0280000Z,,v3,,,,"McGuin, Josh",10097254,Right,QUI_DOG,edb24be8-6ffa-45c8-9f86-8eb3c714ee81,55.14291,-110.59972,9.47781,5.89189,-1.22736,-14.9613,-1.64318,6.68084,0.5907,,,,,,,,,,,,,,,,,,,,,,,,,,,,,,,,,,,,,,,,,,,,,,,,,,,High,High,High,,,,,
133,2026-07-03,20:09:00.52,1,2,"Rossi, Jonny",10121124,Right,QUI_DOG,"Sydlowski, Kriss",1000162904,Right,JOH_MIL,Undefined,4,Bottom,0,1,0,FourSeamFastBall,Slider,BallCalled,Undefined,Undefined,Undefined,0,0,,85.90562,-1.849366,-3.823359,2241.240734,205.542108,12:45,5.99983,1.58625,6.05032,-28.50167,9.06343,3.7941,1.9083,-1.64215,79.2487,-7.128974,-3.142232,0.441127,,,,,,,,,,,,-2.94618,5.51485,-1.29044,50,5.84032,8.17438,-124.57588,-4.94069,-4.65818,23.59322,-23.4546,JOH_MIL,QUI_DOG,SargentsStad,Prospect League,PLB,20260703-SargentsStad-1,903c9ab0-773c-11f1-8b9e-653d8f45cec5,85.44578,,,6.65692,,,,,,,7278278f-6c90-4be2-9b92-daf4626d24ff,2026-07-04,00:09:00.52,2026-07-03T20:09:00.5290000-04:00,2026-07-04T00:09:00.5290000Z,,v3,,,,"McGuin, Josh",10097254,Right,QUI_DOG,8f4b628b-da06-4821-bde8-49d6306634eb,54.44756,-125.41536,11.79661,6.00127,-4.10614,-11.7273,-1.58425,8.34012,-2.32909,,,,,,,,,,,,,,,,,,,,,,,,,,,,,,,,,,,,,,,,,,,,,,,,,,,High,High,High,,,,,
134,2026-07-03,20:09:17.33,1,3,"Rossi, Jonny",10121124,Right,QUI_DOG,"Sydlowski, Kriss",1000162904,Right,JOH_MIL,Undefined,4,Bottom,0,2,0,FourSeamFastBall,Four-Seam,InPlay,Undefined,GroundBall,Single,0,0,,84.95531,-1.419547,-2.885321,2225.654092,202.535109,12:45,5.93325,1.58701,5.96074,-23.64793,14.87552,5.6817,2.64434,-0.61725,78.05442,-5.848004,-1.865823,0.446719,84.50955,14.316052,-11.703372,689.993335,107.25848,15.67281,-24.40403,191.06567,189.66015,-13.998221,1.919019,-3.71807,8.39126,-1.36121,50,5.80723,5.99608,-123.32413,-3.77421,-5.7459,23.72816,-19.2062,JOH_MIL,QUI_DOG,SargentsStad,Prospect League,PLB,20260703-SargentsStad-1,9a47dce0-773c-11f1-8b9e-653d8f45cec5,84.37626,15.88866,,6.9009,,,,2.02301,2.71314,0.60191,7278278f-6c90-4be2-9b92-daf4626d24ff,2026-07-04,00:09:17.33,2026-07-03T20:09:17.3340000-04:00,2026-07-04T00:09:17.3340000Z,LineDrive,v3,,,,"McGuin, Josh",10097254,Right,QUI_DOG,c24e9c03-9035-4a71-9a72-f810f36e73e6,54.53855,-124.1943,11.86408,5.93272,-3.06987,-9.6031,-1.58496,6.20679,-2.87295,101.698107,2.02302,117.59961,-14.80333,2.32477,-0.21043,-0.17236,0.1064,-0.02919,0.00327,2.71314,30.64855,-19.01984,1.57857,-0.29029,0.07389,-0.01897,0.00427,-0.00049,0.60192,-24.3637,-1.40888,0.97968,0.062,-0.29675,0.17479,-0.04872,0.00556,,,,,,,,,,,,,,,,,,,,,,,High,High,High,High,High,,,
135,2026-07-03,20:10:09.96,2,1,"Rossi, Jonny",10121124,Right,QUI_DOG,"DeCello, Sergio",802217,Left,JOH_MIL,Undefined,4,Bottom,0,0,0,FourSeamFastBall,Four-Seam,BallinDirt,Undefined,Undefined,Undefined,0,0,,86.67767,-3.636253,-3.651362,2183.250887,208.40096,1:00,6.01994,1.71947,5.91829,-22.92537,14.20083,7.07115,0.7236,-1.08437,80.0641,-7.890724,-2.38432,0.438542,,,,,,,,,,,,-4.58406,8.57599,-1.4308,50,5.71469,7.73001,-125.54423,-8.71163,-7.36999,23.66711,-18.3861,JOH_MIL,QUI_DOG,SargentsStad,Prospect League,PLB,20260703-SargentsStad-1,b9a7a1b0-773c-11f1-8b9e-653d8f45cec5,85.94937,,,6.61357,,,,,,,7278278f-6c90-4be2-9b92-daf4626d24ff,2026-07-04,00:10:09.96,2026-07-03T20:10:09.9630000-04:00,2026-07-04T00:10:09.9630000Z,,v3,,,,"McGuin, Josh",10097254,Right,QUI_DOG,a581a141-be3e-4cad-97b2-1b7ffb61cc71,54.58092,-126.40486,11.83355,6.01932,-8.04304,-9.19305,-1.71677,7.99802,-3.68499,,,,,,,,,,,,,,,,,,,,,,,,,,,,,,,,,,,,,,,,,,,,,,,,,,,High,High,High,,,,,
136,2026-07-03,20:10:43.18,2,2,"Rossi, Jonny",10121124,Right,QUI_DOG,"DeCello, Sergio",802217,Left,JOH_MIL,Undefined,4,Bottom,0,1,0,FourSeamFastBall,Slider,FoulBallNotFieldable,Undefined,Undefined,Undefined,0,0,,85.1777,-0.321083,-2.877381,2178.176183,201.328529,12:45,5.74168,1.93378,6.03581,-29.3875,8.65398,2.94894,2.99503,-0.48707,78.58984,-5.777287,-2.347525,0.443915,79.28922,-8.427013,64.669752,,,,,23.71095,21.04543,57.413868,0.18708,-2.27681,4.86012,-1.71075,50,5.70047,6.10851,-123.75844,-1.62269,-3.55697,23.00835,-24.58132,JOH_MIL,QUI_DOG,SargentsStad,Prospect League,PLB,20260703-SargentsStad-1,cd6de330-773c-11f1-8b9e-653d8f45cec5,84.90908,3.19822,,6.58786,,,,3.53389,3.19822,0.46612,7278278f-6c90-4be2-9b92-daf4626d24ff,2026-07-04,00:10:43.18,2026-07-03T20:10:43.1850000-04:00,2026-07-04T00:10:43.1850000Z,GroundBall,v3,,,,"McGuin, Josh",10097254,Right,QUI_DOG,1f000973-628d-4d4a-8c9a-4acbf4c968f9,54.46453,-124.58569,11.50417,5.74293,-0.73889,-12.29066,-1.93267,6.2364,-1.77849,180,3.52928,49.36951,,,,,,,,3.19982,-17.09547,,,,,,,,0.45636,104.29947,,,,,,,,,,,,,,,,,,,,,,,,,,,,,,High,High,High,Low,Low,,,
137,2026-07-03,20:11:12.01,2,3,"Rossi, Jonny",10121124,Right,QUI_DOG,"DeCello, Sergio",802217,Left,JOH_MIL,Undefined,4,Bottom,0,1,1,FourSeamFastBall,Changeup,BallCalled,Undefined,Undefined,Undefined,0,0,,85.79747,-2.201739,-4.029954,2107.753266,216.386995,1:15,5.68186,1.94638,5.97506,-26.1882,11.81075,7.80772,1.45238,-1.14501,78.66533,-7.076538,-2.630621,0.443667,,,,,,,,,,,,-5.13091,7.04926,-1.63148,50,5.49268,8.44502,-124.29205,-5.61093,-8.02953,24.82062,-21.14245,JOH_MIL,QUI_DOG,SargentsStad,Prospect League,PLB,20260703-SargentsStad-1,dea5d8b0-773c-11f1-8b9e-653d8f45cec5,84.95657,,,7.13214,,,,,,,7278278f-6c90-4be2-9b92-daf4626d24ff,2026-07-04,00:11:12.01,2026-07-03T20:11:12.0120000-04:00,2026-07-04T00:11:12.0120000Z,,v3,,,,"McGuin, Josh",10097254,Right,QUI_DOG,e986c77e-8a17-4fea-b063-95edfec061ce,54.52288,-125.192,12.41031,5.68222,-4.84435,-10.57122,-1.94295,8.73616,-4.01476,,,,,,,,,,,,,,,,,,,,,,,,,,,,,,,,,,,,,,,,,,,,,,,,,,,High,High,High,,,,,
138,2026-07-03,20:11:30.69,2,4,"Rossi, Jonny",10121124,Right,QUI_DOG,"DeCello, Sergio",802217,Left,JOH_MIL,Undefined,4,Bottom,0,2,1,ChangeUp,Changeup,BallCalled,Undefined,Undefined,Undefined,0,0,,81.66665,2.155593,-1.584941,1877.53035,252.033179,2:30,5.50907,2.10103,6.2688,-35.12049,6.40146,15.56237,4.57129,1.93637,74.20676,-4.427336,1.226346,0.463778,,,,,,,,,,,,-8.48682,3.11614,-1.99076,50,5.65179,2.69267,-118.55881,3.41874,-12.00932,23.8979,-27.76454,JOH_MIL,QUI_DOG,SargentsStad,Prospect League,PLB,20260703-SargentsStad-1,e9cfd150-773c-11f1-8b9e-653d8f45cec5,81.27255,,,7.45989,,,,,,,7278278f-6c90-4be2-9b92-daf4626d24ff,2026-07-04,00:11:30.69,2026-07-03T20:11:30.6900000-04:00,2026-07-04T00:11:30.6900000Z,,v3,,,,"McGuin, Josh",10097254,Right,QUI_DOG,80aee041-253c-416a-930a-55ca2ca9be42,54.22855,-119.40811,11.94895,5.51276,4.40546,-13.88227,-2.09404,3.11947,-6.00466,,,,,,,,,,,,,,,,,,,,,,,,,,,,,,,,,,,,,,,,,,,,,,,,,,,High,High,High,,,,,
139,2026-07-03,20:11:50.64,2,5,"Rossi, Jonny",10121124,Right,QUI_DOG,"DeCello, Sergio",802217,Left,JOH_MIL,Undefined,4,Bottom,0,3,1,Slider,Curveball,InPlay,Undefined,FlyBall,Out,1,0,,73.30234,1.085558,-1.935312,2183.344313,82.683597,8:45,5.76634,1.89998,5.50235,-52.93755,1.04921,-7.73233,2.37087,-0.55511,66.07392,-8.642225,-3.312961,0.528829,75.08978,40.903585,2.938205,4183.501366,109.99149,75.39658,-1.35356,259.30928,256.8587,-4.793071,4.846783,3.25083,0.6635,-1.72541,50,5.82567,3.86757,-106.1465,0.38641,3.61785,22.32558,-31.43561,JOH_MIL,QUI_DOG,SargentsStad,Prospect League,PLB,20260703-SargentsStad-1,f5b6b150-773c-11f1-8b9e-653d8f45cec5,71.27531,82.29275,,7.22842,,,,3.23742,2.74163,0.45373,7278278f-6c90-4be2-9b92-daf4626d24ff,2026-07-04,00:11:50.64,2026-07-03T20:11:50.6420000-04:00,2026-07-04T00:11:50.6420000Z,FlyBall,v3,,,,"McGuin, Josh",10097254,Right,QUI_DOG,f65d35bb-30f1-40d3-b080-ba58291a8281,54.99482,-107.1919,11.16279,5.77311,1.85839,-15.71781,-1.90254,3.69816,1.80892,158.255809,3.24031,83.06334,-14.36024,2.87328,-0.18474,-0.09373,0.0308,-0.00372,0.00016,2.73983,72.14791,-18.37954,1.33144,-0.25567,0.01228,0.01273,-0.00307,0.00021,0.45482,4.24048,-4.84005,1.13305,-0.09373,-0.03261,0.01208,-0.00156,7E-05,,,,,,,,,,,,,,,,,,,,,,,High,High,High,High,Medium,,,
140,2026-07-03,20:12:35.91,3,1,"Rossi, Jonny",10121124,Right,QUI_DOG,"Lafferty, Austin",1000108754,Right,JOH_MIL,Undefined,4,Bottom,1,0,0,FourSeamFastBall,Cutter,BallCalled,Undefined,Undefined,Undefined,0,0,,85.51224,-0.352601,-3.446892,2156.301579,198.494732,12:30,6.01457,1.57148,6.0325,-27.14529,10.7441,3.2154,3.42536,-1.35632,78.64197,-5.411271,-2.869878,0.443027,,,,,,,,,,,,-2.54819,5.98315,-1.30368,50,5.97228,7.34568,-124.09716,-1.61593,-3.99667,23.48968,-22.78988,JOH_MIL,QUI_DOG,SargentsStad,Prospect League,PLB,20260703-SargentsStad-1,10b0d210-773d-11f1-8b9e-653d8f45cec5,85.07932,,,6.87027,,,,,,,7278278f-6c90-4be2-9b92-daf4626d24ff,2026-07-04,00:12:35.91,2026-07-03T20:12:35.9190000-04:00,2026-07-04T00:12:35.9190000Z,,v3,,,,"McGuin, Josh",10097254,Right,QUI_DOG,6a95f93e-2cf9-49e2-a986-a20887fd5fd6,54.4647,-124.9394,11.74484,6.01557,-0.79879,-11.39494,-1.56964,7.48899,-1.99833,,,,,,,,,,,,,,,,,,,,,,,,,,,,,,,,,,,,,,,,,,,,,,,,,,,High,High,High,,,,,
141,2026-07-03,20:12:54.13,3,2,"Rossi, Jonny",10121124,Right,QUI_DOG,"Lafferty, Austin",1000108754,Right,JOH_MIL,Undefined,4,Bottom,1,1,0,Slider,Slider,StrikeSwinging,Undefined,Undefined,Undefined,0,0,,73.9683,0.647588,-2.123693,2240.939898,232.503778,1:45,5.84024,1.77454,5.43297,-48.92341,3.59689,2.32099,2.37018,-0.02176,67.35284,-8.318078,-1.710585,0.521597,,,,,,,,,,,,-1.81291,2.20536,-1.58803,50,5.86429,3.88654,-107.19074,-0.33426,-2.08726,20.33374,-29.63498,JOH_MIL,QUI_DOG,SargentsStad,Prospect League,PLB,20260703-SargentsStad-1,1b8f90e0-773d-11f1-8b9e-653d8f45cec5,72.26354,,,6.61547,,,,,,,7278278f-6c90-4be2-9b92-daf4626d24ff,2026-07-04,00:12:54.13,2026-07-03T20:12:54.1300000-04:00,2026-07-04T00:12:54.1300000Z,,v3,,,,"McGuin, Josh",10097254,Right,QUI_DOG,a5a3bda9-93e4-44bb-b69e-a5e98c6689ac,55.0624,-108.14679,10.16687,5.84725,1.05913,-14.81749,-1.77307,3.98468,-1.04363,,,,,,,,,,,,,,,,,,,,,,,,,,,,,,,,,,,,,,,,,,,,,,,,,,,High,High,High,,,,,
142,2026-07-03,20:13:14.87,3,3,"Rossi, Jonny",10121124,Right,QUI_DOG,"Lafferty, Austin",1000108754,Right,JOH_MIL,Undefined,4,Bottom,1,1,1,Slider,Slider,BallCalled,Undefined,Undefined,Undefined,0,0,,74.99483,1.817236,-2.342307,2273.12681,77.828214,8:30,5.88111,1.61283,5.34666,-50.3955,0.84748,-4.09658,3.38803,-0.92683,68.24683,-7.396527,-3.069197,0.515215,,,,,,,,,,,,1.32681,0.4339,-1.39881,50,6.00928,4.60247,-108.63347,1.80254,1.57101,20.65918,-31.66032,JOH_MIL,QUI_DOG,SargentsStad,Prospect League,PLB,20260703-SargentsStad-1,27e2a030-773d-11f1-8b9e-653d8f45cec5,73.15865,,,6.748,,,,,,,7278278f-6c90-4be2-9b92-daf4626d24ff,2026-07-04,00:13:14.87,2026-07-03T20:13:14.8700000-04:00,2026-07-04T00:13:14.8700000Z,,v3,,,,"McGuin, Josh",10097254,Right,QUI_DOG,5f7eff72-230d-499e-bc41-d32dea386cbb,55.14983,-109.60845,10.32959,5.88895,3.29671,-15.83016,-1.61427,4.52833,0.7855,,,,,,,,,,,,,,,,,,,,,,,,,,,,,,,,,,,,,,,,,,,,,,,,,,,High,High,High,,,,,
143,2026-07-03,20:13:32.30,3,4,"Rossi, Jonny",10121124,Right,QUI_DOG,"Lafferty, Austin",1000108754,Right,JOH_MIL,Undefined,4,Bottom,1,2,1,Slider,Curveball,StrikeSwinging,Undefined,Undefined,Undefined,0,0,,72.94835,1.810675,-1.277661,2203.285346,70.003238,8:15,5.88337,1.5654,5.50435,-54.10838,-0.05551,-5.40843,3.06874,-0.08042,66.14999,-8.118957,-2.241677,0.529152,,,,,,,,,,,,2.29134,0.03445,-1.45021,50,6.00576,2.56024,-105.69963,1.65014,2.55404,20.49361,-32.13564,JOH_MIL,QUI_DOG,SargentsStad,Prospect League,PLB,20260703-SargentsStad-1,3252beb0-773d-11f1-8b9e-653d8f45cec5,71.23173,,,6.79836,,,,,,,7278278f-6c90-4be2-9b92-daf4626d24ff,2026-07-04,00:13:32.30,2026-07-03T20:13:32.3080000-04:00,2026-07-04T00:13:32.3080000Z,,v3,,,,"McGuin, Josh",10097254,Right,QUI_DOG,a407c7e2-fef0-475f-8031-095635f7e9bf,54.99135,-106.66299,10.24681,5.89269,3.16077,-16.06782,-1.56774,2.44018,1.27702,,,,,,,,,,,,,,,,,,,,,,,,,,,,,,,,,,,,,,,,,,,,,,,,,,,High,High,High,,,,,
144,2026-07-03,20:13:50.08,3,5,"Rossi, Jonny",10121124,Right,QUI_DOG,"Lafferty, Austin",1000108754,Right,JOH_MIL,Undefined,4,Bottom,1,2,2,FourSeamFastBall,Slider,FoulBallNotFieldable,Undefined,Undefined,Undefined,0,0,,84.81871,-0.488016,-3.705351,2176.86807,206.86736,1:00,5.98253,1.67306,6.18724,-28.51553,9.95339,4.4337,3.15469,-1.38346,77.71719,-5.816941,-2.907572,0.446402,54.40593,-52.925097,-72.468738,,,,,2.82107,2.34657,-17.218091,0.05006,-3.3378,5.64807,-1.39561,50,5.93116,7.80187,-123.06213,-1.91336,-5.11964,24.37224,-23.51079,JOH_MIL,QUI_DOG,SargentsStad,Prospect League,PLB,20260703-SargentsStad-1,3ce22500-773d-11f1-8b9e-653d8f45cec5,84.43605,3.21211,,7.10152,,,,1.96354,3.21211,1.47929,7278278f-6c90-4be2-9b92-daf4626d24ff,2026-07-04,00:13:50.08,2026-07-03T20:13:50.0850000-04:00,2026-07-04T00:13:50.0850000Z,GroundBall,v3,,,,"McGuin, Josh",10097254,Right,QUI_DOG,47e250aa-5616-4d08-8959-ad0c54d78868,54.31151,-123.91307,12.18612,5.98364,-1.09249,-11.75539,-1.67113,7.98062,-2.55982,180,1.96262,14.60461,,,,,,,,3.21615,-64.16557,,,,,,,,1.4822,-46.23193,,,,,,,,,,,,,,,,,,,,,,,,,,,,,,High,High,High,Low,Low,,,
145,2026-07-03,20:14:18.45,3,6,"Rossi, Jonny",10121124,Right,QUI_DOG,"Lafferty, Austin",1000108754,Right,JOH_MIL,Undefined,4,Bottom,1,2,2,Slider,Curveball,BallCalled,Undefined,Undefined,Undefined,0,0,,74.00504,1.751513,-2.607248,2273.133938,73.040075,8:30,5.8379,1.4945,5.55062,-52.51621,-0.22874,-6.56008,3.10042,-1.49014,67.38965,-7.872265,-3.775307,0.520439,,,,,,,,,,,,2.48567,-0.06996,-1.26451,50,5.95534,5.12781,-107.21474,1.63017,2.86257,20.3746,-32.25461,JOH_MIL,QUI_DOG,SargentsStad,Prospect League,PLB,20260703-SargentsStad-1,4dca9af0-773d-11f1-8b9e-653d8f45cec5,72.42425,,,6.61539,,,,,,,7278278f-6c90-4be2-9b92-daf4626d24ff,2026-07-04,00:14:18.45,2026-07-03T20:14:18.4580000-04:00,2026-07-04T00:14:18.4580000Z,,v3,,,,"McGuin, Josh",10097254,Right,QUI_DOG,4d1fded7-75ae-41ac-a420-607f8d3db2d4,54.94616,-108.1506,10.1873,5.84644,3.11171,-16.1273,-1.49702,4.99632,1.43128,,,,,,,,,,,,,,,,,,,,,,,,,,,,,,,,,,,,,,,,,,,,,,,,,,,High,High,High,,,,,
146,2026-07-03,20:14:37.72,3,7,"Rossi, Jonny",10121124,Right,QUI_DOG,"Lafferty, Austin",1000108754,Right,JOH_MIL,Undefined,4,Bottom,1,3,2,Slider,Curveball,InPlay,Undefined,GroundBall,Single,0,1,,72.32646,1.78149,-0.340122,2150.424825,67.544611,8:15,5.86423,1.65309,5.67855,-55.55164,-1.53492,-7.89981,2.89619,0.67771,66.3183,-8.403215,-1.753763,0.528976,81.48573,0.90748,-28.269487,2327.850937,,,,55.79771,54.09237,-29.97276,0.472761,3.93158,-0.82925,-1.61929,50,5.97926,0.8986,-105.01485,1.60104,4.36892,18.59777,-33.09556,JOH_MIL,QUI_DOG,SargentsStad,Prospect League,PLB,20260703-SargentsStad-1,5962e5c0-773d-11f1-8b9e-653d8f45cec5,71.25554,3.2167,,6.00816,,,,1.29206,3.16892,-0.80255,7278278f-6c90-4be2-9b92-daf4626d24ff,2026-07-04,00:14:37.72,2026-07-03T20:14:37.7260000-04:00,2026-07-04T00:14:37.7260000Z,GroundBall,v3,,,,"McGuin, Josh",10097254,Right,QUI_DOG,ed40f966-08eb-4b6f-84f3-67688a25c742,54.82131,-105.86525,9.29888,5.87145,3.11436,-16.54778,-1.65581,0.69883,2.18446,,1.29687,105.10896,-11.88969,,,,,,,3.17478,1.7278,-17.88482,,,,,,,-0.79898,-56.69709,-1.23556,,,,,,,,,,,,,,,,,,,,,,,,,,,,,High,High,High,High,High,,,
147,2026-07-03,20:15:18.24,4,1,"Rossi, Jonny",10121124,Right,QUI_DOG,"Marsh, Ty",839268,Left,JOH_MIL,Undefined,4,Bottom,1,0,0,ChangeUp,Changeup,StrikeCalled,Undefined,Undefined,Undefined,0,0,,81.39824,0.270069,-2.510021,1787.68986,243.313132,2:00,5.27116,2.08467,6.16869,-32.81746,8.70347,14.84237,2.78606,1.00169,74.87426,-5.847553,0.166403,0.463772,,,,,,,,,,,,-8.30981,4.8291,-1.90172,50,5.27491,4.6301,-118.28328,-0.42192,-11.83362,21.46892,-25.29717,JOH_MIL,QUI_DOG,SargentsStad,Prospect League,PLB,20260703-SargentsStad-1,717eecd0-773d-11f1-8b9e-653d8f45cec5,81.27356,,,6.52398,,,,,,,7278278f-6c90-4be2-9b92-daf4626d24ff,2026-07-04,00:15:18.24,2026-07-03T20:15:18.2410000-04:00,2026-07-04T00:15:18.2410000Z,,v3,,,,"McGuin, Josh",10097254,Right,QUI_DOG,c8d6f7cb-8df7-4c13-ab41-a19fc2f8e528,54.32999,-119.0666,10.73446,5.27346,0.50107,-12.64858,-2.07853,5.06186,-5.91681,,,,,,,,,,,,,,,,,,,,,,,,,,,,,,,,,,,,,,,,,,,,,,,,,,,High,High,High,,,,,
148,2026-07-03,20:15:35.91,4,2,"Rossi, Jonny",10121124,Right,QUI_DOG,"Marsh, Ty",839268,Left,JOH_MIL,Undefined,4,Bottom,1,0,1,FourSeamFastBall,Changeup,BallCalled,Undefined,Undefined,Undefined,0,0,,83.34468,-1.18604,-1.415057,2126.194381,218.573658,1:15,5.58966,1.90358,5.99388,-29.52328,10.01564,7.11882,2.0298,1.18522,77.39732,-6.651487,-0.134031,0.452568,,,,,,,,,,,,-4.00055,5.79059,-1.79598,50,5.47981,2.72106,-121.21411,-3.43374,-6.03271,20.68472,-23.442,JOH_MIL,QUI_DOG,SargentsStad,Prospect League,PLB,20260703-SargentsStad-1,7bfee9d0-773d-11f1-8b9e-653d8f45cec5,83.2857,,,5.94736,,,,,,,7278278f-6c90-4be2-9b92-daf4626d24ff,2026-07-04,00:15:35.91,2026-07-03T20:15:35.9110000-04:00,2026-07-04T00:15:35.9110000Z,,v3,,,,"McGuin, Josh",10097254,Right,QUI_DOG,4c07a515-d6ac-4255-afdc-436607729dd9,54.50523,-121.98049,10.34236,5.59094,-2.5652,-11.721,-1.90094,2.94457,-3.01636,,,,,,,,,,,,,,,,,,,,,,,,,,,,,,,,,,,,,,,,,,,,,,,,,,,High,High,High,,,,,
149,2026-07-03,20:15:54.22,4,3,"Rossi, Jonny",10121124,Right,QUI_DOG,"Marsh, Ty",839268,Left,JOH_MIL,Undefined,4,Bottom,1,1,1,ChangeUp,Changeup,BallCalled,Undefined,Undefined,Undefined,0,0,,81.52595,-2.093266,-4.473854,1739.487924,281.978933,3:30,5.52574,2.12529,6.27303,-42.90156,-1.76311,13.6567,0.01424,-0.86915,76.10237,-9.95154,-2.007184,0.461631,,,,,,,,,,,,-8.27146,-0.11988,-1.80083,50,5.34929,8.78248,-118.31193,-5.64799,-11.86304,20.06584,-32.34597,JOH_MIL,QUI_DOG,SargentsStad,Prospect League,PLB,20260703-SargentsStad-1,86eaef10-773d-11f1-8b9e-653d8f45cec5,81.65052,,,5.42358,,,,,,,7278278f-6c90-4be2-9b92-daf4626d24ff,2026-07-04,00:15:54.22,2026-07-03T20:15:54.2230000-04:00,2026-07-04T00:15:54.2230000Z,,v3,,,,"McGuin, Josh",10097254,Right,QUI_DOG,c3e5e962-b565-49a7-85fa-9df2eb6f7cfd,54.22972,-119.02714,10.03292,5.53006,-4.49509,-16.17299,-2.1214,9.20531,-5.93152,,,,,,,,,,,,,,,,,,,,,,,,,,,,,,,,,,,,,,,,,,,,,,,,,,,High,High,High,,,,,
150,2026-07-03,20:16:16.37,4,4,"Rossi, Jonny",10121124,Right,QUI_DOG,"Marsh, Ty",839268,Left,JOH_MIL,Undefined,4,Bottom,1,2,1,Slider,Slider,FoulBallNotFieldable,Undefined,Undefined,Undefined,0,0,,72.68581,1.108349,-2.315602,2213.774514,141.066989,10:45,5.68213,1.82625,5.49277,-51.26853,2.51768,-0.66539,2.44752,-0.39648,66.80309,-8.261712,-2.434085,0.527846,75.53673,22.012025,63.213095,2292.523404,46.14839,27.106,99.85125,216.96944,112.71166,69.291624,2.598642,-0.31795,1.39185,-1.62305,50,5.7442,4.28813,-105.46428,0.47916,-0.35742,18.25823,-30.60942,JOH_MIL,QUI_DOG,SargentsStad,Prospect League,PLB,20260703-SargentsStad-1,941b3f00-773d-11f1-8b9e-653d8f45cec5,71.40808,27.14197,,5.88272,,,,3.12624,2.66395,0.44575,7278278f-6c90-4be2-9b92-daf4626d24ff,2026-07-04,00:16:16.37,2026-07-03T20:16:16.3720000-04:00,2026-07-04T00:16:16.3720000Z,LineDrive,v3,,,,"McGuin, Josh",10097254,Right,QUI_DOG,1ade6c79-f81c-49f0-ad9c-94de3362ef49,55.00685,-106.32755,9.12912,5.68733,1.92639,-15.30471,-1.8262,4.30503,-0.17871,,3.12623,46.28932,-10.07164,1.96777,-0.4119,0.05797,-0.00116,-0.00228,0.00043,2.66394,41.52346,-19.0891,1.51129,-0.30791,0.0866,-0.02701,0.00705,-0.00083,0.44575,91.68925,-6.99303,0.95639,-0.13698,-0.00559,0.01365,-0.00509,0.0007,,,,,,,,,,,,,,,,,,,,,,,High,High,High,High,Medium,,,
151,2026-07-03,20:16:42.24,4,5,"Rossi, Jonny",10121124,Right,QUI_DOG,"Marsh, Ty",839268,Left,JOH_MIL,Undefined,4,Bottom,1,2,2,FourSeamFastBall,Slider,InPlay,Undefined,LineDrive,Double,0,0,,86.01331,-1.321818,-1.619846,2028.923616,217.180855,1:15,5.73922,1.99697,6.06551,-29.68443,7.80004,5.02764,2.04154,0.91646,78.94788,-6.838861,-0.713932,0.440653,81.63273,33.570095,-26.758731,3515.431591,93.84689,57.52742,-57.38244,301.75115,269.16857,-36.857553,4.326338,-3.05595,4.73634,-1.87409,50,5.6208,3.33722,-124.95632,-3.83283,-4.83148,25.18883,-24.68583,JOH_MIL,QUI_DOG,SargentsStad,Prospect League,PLB,20260703-SargentsStad-1,a37d6310-773d-11f1-8b9e-653d8f45cec5,85.53764,65.81412,,7.06543,,,,0.60812,1.941,-0.85301,7278278f-6c90-4be2-9b92-daf4626d24ff,2026-07-04,00:16:42.24,2026-07-03T20:16:42.2430000-04:00,2026-07-04T00:16:42.2430000Z,FlyBall,v3,,,,"McGuin, Josh",10097254,Right,QUI_DOG,695a5482-d417-400c-9d20-90adf4d2a270,54.43333,-125.84682,12.59442,5.74088,-2.96011,-12.34292,-1.9951,3.50803,-2.41574,137.803521,0.61019,89.02745,-16.44319,3.74058,-0.54299,0.01112,0.00487,0.00083,-0.00018,1.94156,66.18421,-18.88329,0.78394,0.28844,-0.23849,0.08233,-0.01331,0.00081,-0.85361,-44.89883,-0.25565,0.97702,-0.47233,0.16382,-0.03915,0.00526,-0.00029,,,,,,,,,,,,,,,,,,,,,,,High,High,High,High,Medium,,,
152,2026-07-03,20:17:32.78,5,1,"Rossi, Jonny",10121124,Right,QUI_DOG,"Smith, Caleb",10094164,Right,JOH_MIL,Undefined,4,Bottom,1,0,0,ChangeUp,Changeup,InPlay,Undefined,GroundBall,Out,1,0,,81.82889,-0.784223,-3.603318,1627.122566,254.95825,2:30,5.53952,1.90511,6.23104,-36.98108,4.33733,11.24087,1.7328,-0.48679,75.05523,-7.647864,-1.575401,0.46264,64.83329,-11.601808,-28.399581,,,,,11.9104,11.9104,-19.791626,0.100756,-6.91319,2.82335,-1.64157,50,5.46239,7.07498,-118.75569,-2.74202,-9.85126,23.1982,-28.1508,JOH_MIL,QUI_DOG,SargentsStad,Prospect League,PLB,20260703-SargentsStad-1,c19390e0-773d-11f1-8b9e-653d8f45cec5,81.47253,1.93269,,6.77366,,,,2.92598,1.93269,0.44451,7278278f-6c90-4be2-9b92-daf4626d24ff,2026-07-04,00:17:32.78,2026-07-03T20:17:32.7880000-04:00,2026-07-04T00:17:32.7880000Z,GroundBall,v3,,,,"McGuin, Josh",10097254,Right,QUI_DOG,e8beee64-06aa-4a1d-a264-505272b12b83,54.26911,-119.58673,11.5991,5.54256,-1.73357,-14.0754,-1.90134,7.42788,-4.92563,,2.92191,82.18706,,,,,,,,1.93364,-19.18177,,,,,,,,0.44671,-44.4376,,,,,,,,,,,,,,,,,,,,,,,,,,,,,,High,High,High,Estimated,Estimated,,,
153,2026-07-03,20:18:11.82,6,1,"Rossi, Jonny",10121124,Right,QUI_DOG,"Throneberry, Caden",1000570904,Left,JOH_MIL,Undefined,4,Bottom,2,0,0,FourSeamFastBall,Changeup,BallCalled,Undefined,Undefined,Undefined,0,0,,85.46049,-2.190887,-3.515988,2039.63217,218.709844,1:15,5.58712,1.9314,6.04811,-28.23379,9.86363,6.94764,1.20128,-0.74864,78.54335,-7.433247,-2.26747,0.444241,,,,,,,,,,,,-4.53469,6.05292,-1.66114,50,5.40107,7.33841,-123.90521,-5.63792,-7.06236,24.33917,-22.74724,JOH_MIL,QUI_DOG,SargentsStad,Prospect League,PLB,20260703-SargentsStad-1,d8e458b0-773d-11f1-8b9e-653d8f45cec5,84.84674,,,6.91714,,,,,,,7278278f-6c90-4be2-9b92-daf4626d24ff,2026-07-04,00:18:11.82,2026-07-03T20:18:11.8220000-04:00,2026-07-04T00:18:11.8220000Z,,v3,,,,"McGuin, Josh",10097254,Right,QUI_DOG,59ab0a87-43dd-49db-a680-da6567fe8176,54.44974,-124.77623,12.16959,5.58826,-4.82387,-11.37362,-1.92827,7.59114,-3.53118,,,,,,,,,,,,,,,,,,,,,,,,,,,,,,,,,,,,,,,,,,,,,,,,,,,High,High,High,,,,,
154,2026-07-03,20:18:33.03,6,2,"Rossi, Jonny",10121124,Right,QUI_DOG,"Throneberry, Caden",1000570904,Left,JOH_MIL,Undefined,4,Bottom,2,1,0,Slider,Slider,StrikeCalled,Undefined,Undefined,Undefined,0,0,,74.99523,1.584107,-2.708115,2262.397183,88.923212,9:00,5.70178,1.85036,5.54192,-49.47739,1.79225,-3.22319,3.06117,-0.95107,67.77281,-7.517509,-3.281857,0.515349,,,,,,,,,,,,0.72146,1.01563,-1.61345,50,5.80717,5.25883,-108.54326,1.43298,0.84622,21.98028,-30.98277,JOH_MIL,QUI_DOG,SargentsStad,Prospect League,PLB,20260703-SargentsStad-1,e59825a0-773d-11f1-8b9e-653d8f45cec5,73.13961,,,7.22241,,,,,,,7278278f-6c90-4be2-9b92-daf4626d24ff,2026-07-04,00:18:33.03,2026-07-03T20:18:33.0320000-04:00,2026-07-04T00:18:33.0320000Z,,v3,,,,"McGuin, Josh",10097254,Right,QUI_DOG,9d5a1d06-7304-4f25-8a6a-b43737a64eeb,54.95235,-109.54153,10.99014,5.71014,2.84011,-15.49138,-1.85141,5.22039,0.42311,,,,,,,,,,,,,,,,,,,,,,,,,,,,,,,,,,,,,,,,,,,,,,,,,,,High,High,High,,,,,
155,2026-07-03,20:18:52.55,6,3,"Rossi, Jonny",10121124,Right,QUI_DOG,"Throneberry, Caden",1000570904,Left,JOH_MIL,Undefined,4,Bottom,2,1,1,FourSeamFastBall,Slider,BallCalled,Undefined,Undefined,Undefined,0,0,,85.7866,0.251769,-1.638932,2101.462554,208.705869,1:00,5.74059,1.8588,6.07716,-28.86876,8.67193,4.12862,3.5679,0.68603,78.745,-5.132675,-0.895523,0.440984,,,,,,,,,,,,-2.55658,4.76528,-1.73417,50,5.74476,3.40171,-124.66582,-0.36867,-4.0385,24.18031,-24.64653,JOH_MIL,QUI_DOG,SargentsStad,Prospect League,PLB,20260703-SargentsStad-1,f12f37f0-773d-11f1-8b9e-653d8f45cec5,85.47356,,,7.0416,,,,,,,7278278f-6c90-4be2-9b92-daf4626d24ff,2026-07-04,00:18:52.55,2026-07-03T20:18:52.5570000-04:00,2026-07-04T00:18:52.5570000Z,,v3,,,,"McGuin, Josh",10097254,Right,QUI_DOG,e80efc7a-8919-44ef-9ca7-3e41fcacfee6,54.42023,-125.52024,12.09015,5.74241,0.50223,-12.32326,-1.85689,3.54441,-2.01925,,,,,,,,,,,,,,,,,,,,,,,,,,,,,,,,,,,,,,,,,,,,,,,,,,,High,High,High,,,,,
156,2026-07-03,20:19:15.57,6,4,"Rossi, Jonny",10121124,Right,QUI_DOG,"Throneberry, Caden",1000570904,Left,JOH_MIL,Undefined,4,Bottom,2,2,1,TwoSeamFastBall,Changeup,StrikeSwinging,Undefined,Undefined,Undefined,0,0,,81.82203,-0.63852,-2.423833,1698.266989,239.280257,2:00,5.4363,2.08005,6.24367,-34.60392,6.65764,8.97949,1.96317,0.59142,74.94581,-7.086323,-0.80141,0.462322,,,,,,,,,,,,-5.37492,4.0226,-1.904,50,5.37168,4.70352,-118.84423,-2.35606,-7.66519,23.38419,-26.43741,JOH_MIL,QUI_DOG,SargentsStad,Prospect League,PLB,20260703-SargentsStad-1,fedb95b0-773d-11f1-8b9e-653d8f45cec5,81.52861,,,6.87621,,,,,,,7278278f-6c90-4be2-9b92-daf4626d24ff,2026-07-04,00:19:15.57,2026-07-03T20:19:15.5790000-04:00,2026-07-04T00:19:15.5790000Z,,v3,,,,"McGuin, Josh",10097254,Right,QUI_DOG,8a3e9534-8a46-43f6-9c54-6daecf22f557,54.25517,-119.67856,11.6921,5.43892,-1.41279,-13.21871,-2.07669,4.977,-3.8326,,,,,,,,,,,,,,,,,,,,,,,,,,,,,,,,,,,,,,,,,,,,,,,,,,,High,High,High,,,,,
157,2026-07-03,20:19:43.95,6,5,"Rossi, Jonny",10121124,Right,QUI_DOG,"Throneberry, Caden",1000570904,Left,JOH_MIL,Undefined,4,Bottom,2,2,2,Slider,Slider,FoulBallNotFieldable,Undefined,Undefined,Undefined,0,0,,75.2386,-0.101172,-2.025454,2189.536104,151.697103,11:00,5.72787,1.80491,5.76031,-46.28491,4.65406,-1.4239,1.77657,-0.19976,67.53951,-8.67647,-2.280527,0.513685,77.18274,-8.004256,59.38012,,,,,14.51431,14.51431,52.952903,0.118028,-0.00634,2.96268,-1.63619,50,5.69181,3.90491,-108.93706,-1.58228,-0.00741,24.19092,-28.71475,JOH_MIL,QUI_DOG,SargentsStad,Prospect League,PLB,20260703-SargentsStad-1,0fd374f0-773e-11f1-8b9e-653d8f45cec5,73.37663,1.86401,,7.69909,,,,1.99266,1.86401,0.17684,7278278f-6c90-4be2-9b92-daf4626d24ff,2026-07-04,00:19:43.95,2026-07-03T20:19:43.9560000-04:00,2026-07-04T00:19:43.9560000Z,GroundBall,v3,,,,"McGuin, Josh",10097254,Right,QUI_DOG,e1c663c0-3a34-4424-bf87-82a1989057eb,54.73463,-109.98343,12.09546,5.73339,-0.34025,-14.35738,-1.80511,3.90523,-0.00371,,1.99059,57.20521,,,,,,,,1.86458,-15.79299,,,,,,,,0.17334,96.65217,,,,,,,,,,,,,,,,,,,,,,,,,,,,,,High,High,High,Estimated,Estimated,,,
158,2026-07-03,20:20:12.10,6,6,"Rossi, Jonny",10121124,Right,QUI_DOG,"Throneberry, Caden",1000570904,Left,JOH_MIL,Undefined,4,Bottom,2,2,2,ChangeUp,Changeup,FoulBallNotFieldable,Undefined,Undefined,Undefined,0,0,,82.16142,-0.990394,-3.201249,1657.529778,239.763554,2:00,5.47032,2.0675,6.33902,-32.85482,7.94166,11.38343,1.81907,0.06576,75.28386,-7.12717,-1.14268,0.459709,67.43501,-31.540519,65.578433,,,,,3.94472,3.94472,42.644826,0.035634,-6.86083,4.80335,-1.83967,50,5.38265,6.26022,-119.27585,-3.02211,-9.86393,23.37055,-25.26818,JOH_MIL,QUI_DOG,SargentsStad,Prospect League,PLB,20260703-SargentsStad-1,208b8c10-773e-11f1-8b9e-653d8f45cec5,81.992,1.84896,,6.87756,,,,1.65612,1.84896,-0.07055,7278278f-6c90-4be2-9b92-daf4626d24ff,2026-07-04,00:20:12.10,2026-07-03T20:20:12.1010000-04:00,2026-07-04T00:20:12.1010000Z,GroundBall,v3,,,,"McGuin, Josh",10097254,Right,QUI_DOG,46b1065d-742e-4a80-a7f0-2e122c36deaa,54.15994,-120.08817,11.68527,5.47243,-2.14383,-12.63409,-2.06322,6.60307,-4.93197,,1.65554,34.95205,,,,,,,,1.84982,-51.8873,,,,,,,,-0.07183,76.97434,,,,,,,,,,,,,,,,,,,,,,,,,,,,,,High,High,High,Estimated,Estimated,,,
159,2026-07-03,20:20:40.61,6,7,"Rossi, Jonny",10121124,Right,QUI_DOG,"Throneberry, Caden",1000570904,Left,JOH_MIL,Undefined,4,Bottom,2,2,2,FourSeamFastBall,Slider,BallCalled,Undefined,Undefined,Undefined,0,0,,85.95133,-0.48974,-3.812933,2081.495302,208.921044,1:00,5.83454,1.8742,6.16449,-29.77171,7.59237,3.57606,2.90018,-1.35507,79.07611,-6.025667,-3.16987,0.439945,,,,,,,,,,,,-2.90669,4.3624,-1.58677,50,5.78187,8.18226,-124.76174,-1.99641,-4.5969,24.30577,-25.27489,JOH_MIL,QUI_DOG,SargentsStad,Prospect League,PLB,20260703-SargentsStad-1,31847cc0-773e-11f1-8b9e-653d8f45cec5,85.67534,,,6.87522,,,,,,,7278278f-6c90-4be2-9b92-daf4626d24ff,2026-07-04,00:20:40.61,2026-07-03T20:20:40.6140000-04:00,2026-07-04T00:20:40.6140000Z,,v3,,,,"McGuin, Josh",10097254,Right,QUI_DOG,e75e39fa-b883-4c77-a341-b6a92054b095,54.3364,-125.60371,12.15288,5.83586,-1.12088,-12.63744,-1.87297,8.3415,-2.29845,,,,,,,,,,,,,,,,,,,,,,,,,,,,,,,,,,,,,,,,,,,,,,,,,,,High,High,High,,,,,
160,2026-07-03,20:21:09.96,6,8,"Rossi, Jonny",10121124,Right,QUI_DOG,"Throneberry, Caden",1000570904,Left,JOH_MIL,Undefined,4,Bottom,2,3,2,Cutter,Slider,FoulBallNotFieldable,Undefined,Undefined,Undefined,0,0,,73.63291,0.923066,-1.726664,2163.567401,160.123529,11:15,5.70664,1.75588,5.69676,-49.25841,3.22823,-0.51035,2.46242,0.10382,67.00294,-8.15221,-1.817963,0.52143,80.80933,-5.054823,52.792095,,,,,30.38423,26.07438,49.521671,0.247234,-0.28193,1.83386,-1.61057,50,5.75342,3.23746,-106.79632,0.25007,-0.32153,20.54092,-30.08258,JOH_MIL,QUI_DOG,SargentsStad,Prospect League,PLB,20260703-SargentsStad-1,43193840-773e-11f1-8b9e-653d8f45cec5,72.28671,2.58711,,6.62997,,,,2.03742,2.58711,-0.18304,7278278f-6c90-4be2-9b92-daf4626d24ff,2026-07-04,00:21:09.96,2026-07-03T20:21:09.9690000-04:00,2026-07-04T00:21:09.9690000Z,GroundBall,v3,,,,"McGuin, Josh",10097254,Right,QUI_DOG,965dd371-7a39-433b-b17d-5e6632aedb5f,54.8012,-107.71581,10.27046,5.71209,1.59668,-15.04129,-1.75581,3.25185,-0.16076,180,2.03155,71.53894,,,,,,,,2.58797,-10.46425,,,,,,,,-0.19077,94.22207,,,,,,,,,,,,,,,,,,,,,,,,,,,,,,High,High,High,Medium,Medium,,,
161,2026-07-03,20:21:40.28,6,9,"Rossi, Jonny",10121124,Right,QUI_DOG,"Throneberry, Caden",1000570904,Left,JOH_MIL,Undefined,4,Bottom,2,3,2,ChangeUp,Changeup,InPlay,Undefined,GroundBall,Out,1,0,,82.80151,-1.233534,-2.585998,1805.785653,249.941958,2:15,5.36264,2.09956,6.2523,-34.53344,5.69544,12.11934,1.34597,0.72312,76.03389,-7.652103,-0.395024,0.4565,74.66376,-24.884632,18.613833,,,,,3.56422,3.56422,2.607599,0.027774,-7.03166,3.68575,-1.91322,50,5.25403,4.98342,-120.25928,-3.63989,-10.28768,23.53005,-26.78162,JOH_MIL,QUI_DOG,SargentsStad,Prospect League,PLB,20260703-SargentsStad-1,551b5b90-773e-11f1-8b9e-653d8f45cec5,82.5684,1.28188,,6.76762,,,,0.94158,1.28188,-0.71992,7278278f-6c90-4be2-9b92-daf4626d24ff,2026-07-04,00:21:40.28,2026-07-03T20:21:40.2830000-04:00,2026-07-04T00:21:40.2830000Z,GroundBall,v3,,,,"McGuin, Josh",10097254,Right,QUI_DOG,87cce670-dc7e-42cb-9d90-54dadeb91a6e,54.24679,-121.08736,11.76502,5.36554,-2.69738,-13.39081,-2.09497,5.34547,-5.14384,,0.9409,94.29562,,,,,,,,1.28221,-46.15409,,,,,,,,-0.72015,31.75933,,,,,,,,,,,,,,,,,,,,,,,,,,,,,,High,High,High,Estimated,Estimated,,,
162,2026-07-03,20:24:15.05,1,1,"Headon, Grayson",1000400494,Right,JOH_MIL,"Shuey, John",1000465138,Left,QUI_DOG,Undefined,5,Top,0,0,0,Splitter,Splitter,BallCalled,Undefined,Undefined,Undefined,0,0,,76.66799,-1.805862,-1.653106,998.795476,246.971691,2:15,6.11188,1.58238,6.88125,-39.91864,5.95185,10.54064,1.13859,0.95402,70.59195,-9.286717,0.278787,0.487459,,,,,,,,,,,,-6.06485,4.16764,-1.4808,50,5.98378,2.88321,-111.4607,-4.51724,-7.60129,20.72861,-26.9506,JOH_MIL,QUI_DOG,SargentsStad,Prospect League,PLB,20260703-SargentsStad-1,b1643c50-773e-11f1-8b9e-653d8f45cec5,77.32434,,,6.07604,,,,,,,7278278f-6c90-4be2-9b92-daf4626d24ff,2026-07-04,00:24:15.05,2026-07-03T20:24:15.0550000-04:00,2026-07-04T00:24:15.0550000Z,,v3,,,,"Budacki, Brock",10180051,Right,JOH_MIL,1a73c991-8cf9-4645-a02d-0bbbc9f85328,53.61675,-112.1313,10.3643,6.11582,-3.64535,-13.4753,-1.57805,3.12912,-3.80065,,,,,,,,,,,,,,,,,,,,,,,,,,,,,,,,,,,,,,,,,,,,,,,,,,,High,High,High,,,,,
163,2026-07-03,20:24:30.38,1,2,"Headon, Grayson",1000400494,Right,JOH_MIL,"Shuey, John",1000465138,Left,QUI_DOG,Undefined,5,Top,0,1,0,FourSeamFastBall,Four-Seam,BallCalled,Undefined,Undefined,Undefined,0,0,,87.53808,-2.266518,-3.126155,1957.055439,187.006966,12:15,6.2991,1.51483,6.69213,-17.38217,18.11753,2.08606,2.77367,-1.17306,80.03498,-5.609699,-2.746963,0.428828,,,,,,,,,,,,-2.00209,10.58426,-1.30731,50,6.14075,6.86461,-127.06533,-5.45773,-3.26488,26.65629,-14.9139,JOH_MIL,QUI_DOG,SargentsStad,Prospect League,PLB,20260703-SargentsStad-1,ba7c44e0-773e-11f1-8b9e-653d8f45cec5,87.89631,,,7.5031,,,,,,,7278278f-6c90-4be2-9b92-daf4626d24ff,2026-07-04,00:24:30.38,2026-07-03T20:24:30.3820000-04:00,2026-07-04T00:24:30.3820000Z,,v3,,,,"Budacki, Brock",10180051,Right,JOH_MIL,6d86c81f-45ea-4881-8c2b-4c0cb0cd67c6,53.80664,-127.86141,13.32815,6.29709,-5.01234,-7.45695,-1.51377,6.96212,-1.63244,,,,,,,,,,,,,,,,,,,,,,,,,,,,,,,,,,,,,,,,,,,,,,,,,,,High,High,High,,,,,
164,2026-07-03,20:24:48.51,1,3,"Headon, Grayson",1000400494,Right,JOH_MIL,"Shuey, John",1000465138,Left,QUI_DOG,Undefined,5,Top,0,2,0,FourSeamFastBall,Four-Seam,BallCalled,Undefined,Undefined,Undefined,0,0,,86.42931,-4.058789,-1.828826,2038.244126,201.269978,12:45,6.31652,1.59109,6.79545,-15.04072,21.19836,7.79556,1.35056,0.57097,79.26288,-6.971891,-0.406067,0.433271,,,,,,,,,,,,-4.6237,12.70646,-1.47506,50,6.04677,3.72212,-125.38732,-9.2153,-7.36516,25.21729,-11.93365,JOH_MIL,QUI_DOG,SargentsStad,Prospect League,PLB,20260703-SargentsStad-1,c55907e0-773e-11f1-8b9e-653d8f45cec5,86.99498,,,7.16644,,,,,,,7278278f-6c90-4be2-9b92-daf4626d24ff,2026-07-04,00:24:48.51,2026-07-03T20:24:48.5180000-04:00,2026-07-04T00:24:48.5180000Z,,v3,,,,"Budacki, Brock",10180051,Right,JOH_MIL,81b4757c-b7e6-4252-a88d-7db536e6366a,53.70214,-126.12968,12.60865,6.31288,-8.86399,-5.96683,-1.58782,3.93893,-3.68258,,,,,,,,,,,,,,,,,,,,,,,,,,,,,,,,,,,,,,,,,,,,,,,,,,,High,High,High,,,,,
165,2026-07-03,20:25:05.80,1,4,"Headon, Grayson",1000400494,Right,JOH_MIL,"Shuey, John",1000465138,Left,QUI_DOG,Undefined,5,Top,0,3,0,FourSeamFastBall,Changeup,BallCalled,Walk,Undefined,Undefined,0,0,,84.63786,-0.560357,-1.347838,1738.04595,204.104344,12:45,6.34424,1.66158,6.68222,-19.30383,18.31084,7.68878,4.22289,1.06925,77.74592,-4.265956,0.052574,0.441418,,,,,,,,,,,,-4.37921,10.13941,-1.57411,50,6.29856,2.61564,-123.11912,-1.66229,-6.75621,23.27404,-16.53112,JOH_MIL,QUI_DOG,SargentsStad,Prospect League,PLB,20260703-SargentsStad-1,cfa9b780-773e-11f1-8b9e-653d8f45cec5,85.38948,,,6.89194,,,,,,,7278278f-6c90-4be2-9b92-daf4626d24ff,2026-07-04,00:25:05.80,2026-07-03T20:25:05.8080000-04:00,2026-07-04T00:25:05.8080000Z,,v3,,,,"Budacki, Brock",10180051,Right,JOH_MIL,faf30501-0498-4446-8126-15387a52f1ec,53.81461,-123.83812,11.63702,6.34202,-1.15159,-8.26556,-1.65814,2.82436,-3.3781,,,,,,,,,,,,,,,,,,,,,,,,,,,,,,,,,,,,,,,,,,,,,,,,,,,High,High,High,,,,,
166,2026-07-03,20:25:38.52,2,1,"Headon, Grayson",1000400494,Right,JOH_MIL,"Olson, Lane",10291541,Right,QUI_DOG,Undefined,5,Top,0,0,0,FourSeamFastBall,Four-Seam,BallCalled,Undefined,Undefined,Undefined,0,0,,86.28078,-0.009629,-2.208983,1966.638622,203.611011,12:45,6.30941,1.50717,6.66231,-16.23639,20.17607,8.32225,4.94757,0.17842,78.78654,-3.164581,-0.695136,0.434307,,,,,,,,,,,,-4.95583,10.94591,-1.36162,50,6.3015,4.52277,-125.4018,-0.37624,-7.89522,25.24793,-14.73589,JOH_MIL,QUI_DOG,SargentsStad,Prospect League,PLB,20260703-SargentsStad-1,e3220010-773e-11f1-8b9e-653d8f45cec5,86.78763,,,7.49424,,,,,,,7278278f-6c90-4be2-9b92-daf4626d24ff,2026-07-04,00:25:38.52,2026-07-03T20:25:38.5290000-04:00,2026-07-04T00:25:38.5290000Z,,v3,,,,"Budacki, Brock",10180051,Right,JOH_MIL,cd300f96-c653-4257-8233-78a16f907322,53.83389,-126.17134,12.62396,6.30612,0.0729,-7.36794,-1.50314,4.76341,-3.94761,,,,,,,,,,,,,,,,,,,,,,,,,,,,,,,,,,,,,,,,,,,,,,,,,,,High,High,High,,,,,
167,2026-07-03,20:25:55.95,2,2,"Headon, Grayson",1000400494,Right,JOH_MIL,"Olson, Lane",10291541,Right,QUI_DOG,Undefined,5,Top,0,1,0,FourSeamFastBall,Four-Seam,StrikeCalled,Undefined,Undefined,Undefined,0,0,,86.22007,-2.038426,-1.847524,1951.760051,195.720904,12:30,6.30964,1.51315,6.83949,-18.95824,17.35611,4.55551,2.86912,0.20738,78.83281,-5.68638,-1.015417,0.433721,,,,,,,,,,,,-2.92268,10.13115,-1.39617,50,6.17158,3.87467,-125.27628,-4.90264,-4.63592,25.75344,-16.10405,JOH_MIL,QUI_DOG,SargentsStad,Prospect League,PLB,20260703-SargentsStad-1,ed828e30-773e-11f1-8b9e-653d8f45cec5,86.90482,,,7.38725,,,,,,,7278278f-6c90-4be2-9b92-daf4626d24ff,2026-07-04,00:25:55.95,2026-07-03T20:25:55.9520000-04:00,2026-07-04T00:25:55.9520000Z,,v3,,,,"Budacki, Brock",10180051,Right,JOH_MIL,46285b90-1f25-48e3-8b50-a19ecd66916a,53.6567,-126.02576,12.87672,6.30744,-4.43398,-8.05202,-1.5109,4.00958,-2.31796,,,,,,,,,,,,,,,,,,,,,,,,,,,,,,,,,,,,,,,,,,,,,,,,,,,High,High,High,,,,,
168,2026-07-03,20:26:12.06,2,3,"Headon, Grayson",1000400494,Right,JOH_MIL,"Olson, Lane",10291541,Right,QUI_DOG,Undefined,5,Top,0,1,1,FourSeamFastBall,Four-Seam,StrikeCalled,Undefined,Undefined,Undefined,0,0,,86.81511,-1.754913,-2.70577,1910.624564,195.608791,12:30,6.31344,1.28668,6.79737,-15.978,19.971,5.25071,3.378,-0.74708,79.17097,-4.86366,-1.748732,0.431534,,,,,,,,,,,,-3.54189,11.41812,-1.11299,50,6.19301,5.76436,-126.07056,-4.2076,-5.68204,26.3992,-13.85667,JOH_MIL,QUI_DOG,SargentsStad,Prospect League,PLB,20260703-SargentsStad-1,f7178ef0-773e-11f1-8b9e-653d8f45cec5,87.34526,,,7.64415,,,,,,,7278278f-6c90-4be2-9b92-daf4626d24ff,2026-07-04,00:26:12.06,2026-07-03T20:26:12.0650000-04:00,2026-07-04T00:26:12.0650000Z,,v3,,,,"Budacki, Brock",10180051,Right,JOH_MIL,124af569-6cbe-478e-bf15-cf6d94d17038,53.69901,-126.84276,13.1996,6.31015,-3.80228,-6.92833,-1.28403,5.93056,-2.84102,,,,,,,,,,,,,,,,,,,,,,,,,,,,,,,,,,,,,,,,,,,,,,,,,,,High,High,High,,,,,
169,2026-07-03,20:26:28.48,2,4,"Headon, Grayson",1000400494,Right,JOH_MIL,"Olson, Lane",10291541,Right,QUI_DOG,Undefined,5,Top,0,1,2,Slider,Curveball,InPlay,Undefined,Popup,Out,1,0,,75.53804,0.732771,-0.648764,1936.740192,157.796586,11:15,5.96984,1.58298,6.72773,-39.06604,9.03493,-2.98398,3.38409,0.74139,68.29542,-6.670473,-1.193109,0.49917,54.72853,69.955142,22.126807,,,,,70.44909,69.5996,34.613948,4.372233,1.36114,5.03969,-1.53919,50,6.00334,1.33894,-109.72322,0.4365,1.63026,22.58968,-26.13791,JOH_MIL,QUI_DOG,SargentsStad,Prospect League,PLB,20260703-SargentsStad-1,00eb9480-773f-11f1-8b9e-653d8f45cec5,75.51026,78.3965,,7.24262,,,,1.22348,3.27643,-0.74061,7278278f-6c90-4be2-9b92-daf4626d24ff,2026-07-04,00:26:28.48,2026-07-03T20:26:28.4800000-04:00,2026-07-04T00:26:28.4800000Z,Popup,v3,,,,"Budacki, Brock",10180051,Right,JOH_MIL,a3ec3b9b-da43-4f8f-8ab5-c254fb6b73ad,53.76806,-110.49626,11.29484,5.97309,1.33096,-13.06896,-1.58405,1.28315,0.81513,188.602407,1.22337,25.47525,-8.70996,2.59516,-0.22693,-0.16074,0.07711,-0.01414,0.00096,3.26688,75.63758,-22.78162,3.85362,-2.13165,0.92964,-0.23863,0.03132,-0.00162,-0.74,10.34641,-0.3998,-0.09491,0.17178,-0.09442,0.02705,-0.00394,0.00023,,,,,,,,,,,,,,,,,,,,,,,High,High,High,High,High,,,
170,2026-07-03,20:27:22.11,3,1,"Headon, Grayson",1000400494,Right,JOH_MIL,"Trzpis, Bruce",1000560557,Left,QUI_DOG,Undefined,5,Top,1,0,0,FourSeamFastBall,Changeup,BallCalled,Undefined,Undefined,Undefined,0,0,,86.69748,0.286878,-1.663327,1767.995288,207.859173,1:00,6.32387,1.53508,6.69091,-18.78859,17.28025,8.5304,5.02063,0.72436,79.05199,-3.33654,-0.109903,0.432253,,,,,,,,,,,,-4.93878,9.36441,-1.42708,50,6.33505,3.33934,-126.03805,0.1788,-7.93031,26.04194,-17.13741,JOH_MIL,QUI_DOG,SargentsStad,Prospect League,PLB,20260703-SargentsStad-1,20e77240-773f-11f1-8b9e-653d8f45cec5,87.20005,,,7.64549,,,,,,,7278278f-6c90-4be2-9b92-daf4626d24ff,2026-07-04,00:27:22.11,2026-07-03T20:27:22.1180000-04:00,2026-07-04T00:27:22.1180000Z,,v3,,,,"Budacki, Brock",10180051,Right,JOH_MIL,7c5e4351-cd22-41f3-aa92-aed1811737a7,53.80555,-126.82191,13.02097,6.3219,0.69463,-8.5687,-1.53118,3.57804,-3.96515,,,,,,,,,,,,,,,,,,,,,,,,,,,,,,,,,,,,,,,,,,,,,,,,,,,High,High,High,,,,,
171,2026-07-03,20:27:49.17,3,2,"Headon, Grayson",1000400494,Right,JOH_MIL,"Trzpis, Bruce",1000560557,Left,QUI_DOG,Undefined,5,Top,1,1,0,FourSeamFastBall,Four-Seam,BallCalled,Undefined,Undefined,Undefined,0,0,,86.85933,-3.022628,-2.890673,1812.334398,189.603901,12:15,6.22349,1.50107,6.79741,-16.88698,18.99922,3.01977,2.05151,-0.88775,79.57193,-6.275993,-2.340355,0.431157,,,,,,,,,,,,-2.39256,11.24233,-1.3147,50,6.02043,6.25244,-126.02683,-7.04199,-3.84798,25.60815,-14.09282,JOH_MIL,QUI_DOG,SargentsStad,Prospect League,PLB,20260703-SargentsStad-1,3103e5a0-773f-11f1-8b9e-653d8f45cec5,87.42169,,,7.2874,,,,,,,7278278f-6c90-4be2-9b92-daf4626d24ff,2026-07-04,00:27:49.17,2026-07-03T20:27:49.1750000-04:00,2026-07-04T00:27:49.1750000Z,,v3,,,,"Budacki, Brock",10180051,Right,JOH_MIL,9fc0b521-f657-4750-844f-5eae8bf76745,53.69904,-126.77623,12.80408,6.22048,-6.62958,-7.04641,-1.49932,6.36505,-1.92399,,,,,,,,,,,,,,,,,,,,,,,,,,,,,,,,,,,,,,,,,,,,,,,,,,,High,High,High,,,,,
172,2026-07-03,20:28:12.50,3,3,"Headon, Grayson",1000400494,Right,JOH_MIL,"Trzpis, Bruce",1000560557,Left,QUI_DOG,Undefined,5,Top,1,2,0,Slider,Curveball,BallCalled,Undefined,Undefined,Undefined,0,0,,72.46334,0.740502,-0.146512,1773.226236,71.526787,8:30,5.99499,1.79377,6.54726,-53.71845,-0.94004,-8.57205,2.19757,0.94508,65.7029,-9.297118,-1.707631,0.522877,,,,,,,,,,,,4.39744,-0.06539,-1.78065,50,6.02483,0.55107,-105.22757,-0.06116,4.82943,21.2712,-32.24587,JOH_MIL,QUI_DOG,SargentsStad,Prospect League,PLB,20260703-SargentsStad-1,3efe3c50-773f-11f1-8b9e-653d8f45cec5,72.08664,,,6.76044,,,,,,,7278278f-6c90-4be2-9b92-daf4626d24ff,2026-07-04,00:28:12.50,2026-07-03T20:28:12.5070000-04:00,2026-07-04T00:28:12.5070000Z,,v3,,,,"Budacki, Brock",10180051,Right,JOH_MIL,2b5d586e-f328-48ae-88bd-391a55916f5e,53.94859,-106.02276,10.6356,6.00458,1.14429,-16.12293,-1.79787,0.37053,2.41471,,,,,,,,,,,,,,,,,,,,,,,,,,,,,,,,,,,,,,,,,,,,,,,,,,,High,High,High,,,,,
173,2026-07-03,20:28:29.18,3,4,"Headon, Grayson",1000400494,Right,JOH_MIL,"Trzpis, Bruce",1000560557,Left,QUI_DOG,Undefined,5,Top,1,3,0,FourSeamFastBall,Four-Seam,BallCalled,Walk,Undefined,Undefined,0,0,,84.75446,-0.793495,-0.780264,1854.171022,184.549345,12:15,6.47925,1.7779,6.63763,-17.3354,20.47037,1.53272,4.3081,1.19128,77.3742,-4.152654,-0.501312,0.442538,,,,,,,,,,,,-1.02004,11.33772,-1.72573,50,6.41793,1.62102,-123.21476,-2.09031,-1.56581,24.82185,-14.77022,JOH_MIL,QUI_DOG,SargentsStad,Prospect League,PLB,20260703-SargentsStad-1,48e24770-773f-11f1-8b9e-653d8f45cec5,85.17336,,,7.38026,,,,,,,7278278f-6c90-4be2-9b92-daf4626d24ff,2026-07-04,00:28:29.18,2026-07-03T20:28:29.1800000-04:00,2026-07-04T00:28:29.1800000Z,,v3,,,,"Budacki, Brock",10180051,Right,JOH_MIL,2949ac9e-4c7d-4408-ab4a-6e2ec79d7bee,53.85794,-123.98952,12.41093,6.47597,-1.62929,-7.38511,-1.77708,1.66989,-0.78291,,,,,,,,,,,,,,,,,,,,,,,,,,,,,,,,,,,,,,,,,,,,,,,,,,,High,High,High,,,,,
174,2026-07-03,20:29:07.28,4,1,"Headon, Grayson",1000400494,Right,JOH_MIL,"Tatum, Taylor",806555,Right,QUI_DOG,Undefined,5,Top,1,0,0,FourSeamFastBall,Four-Seam,FoulBallNotFieldable,Undefined,Undefined,Undefined,0,0,,87.10147,-1.809538,-1.985975,1908.366107,197.536186,12:30,6.26595,1.29274,6.84157,-15.78072,19.75166,5.88311,3.29924,-0.02874,79.63214,-4.878088,-0.91171,0.429026,75.54813,45.039565,146.507374,3720.194786,,,,,56.68143,,,-3.70087,11.36532,-1.16761,50,6.14388,4.18307,-126.61761,-4.34791,-5.99838,26.23992,-13.7531,JOH_MIL,QUI_DOG,SargentsStad,Prospect League,PLB,20260703-SargentsStad-1,5f86c9b0-773f-11f1-8b9e-653d8f45cec5,87.85582,46.93088,,7.46933,,,,1.5494,3.22254,0.09195,7278278f-6c90-4be2-9b92-daf4626d24ff,2026-07-04,00:29:07.28,2026-07-03T20:29:07.2870000-04:00,2026-07-04T00:29:07.2870000Z,,v3,,,,"Budacki, Brock",10180051,Right,JOH_MIL,27777489-2e5d-45b0-8143-845f4e214c25,53.65712,-127.37325,13.11996,6.26339,-3.95185,-6.87655,-1.29056,4.35581,-2.99919,,1.5494,-65.29545,-0.87916,2.41533,-0.79436,0.23843,-0.05675,0.01392,-0.00224,3.22254,78.40416,-31.27471,4.63507,-0.96188,0.17909,-0.03119,0.00681,-0.00062,0.09195,43.20603,-7.37073,0.81288,-0.08942,-0.0133,0.0052,-0.00166,0.00044,,,,,,,,,,,,,,,,,,,,,,,High,High,High,High,Undefined,,,
175,2026-07-03,20:29:31.81,4,2,"Headon, Grayson",1000400494,Right,JOH_MIL,"Tatum, Taylor",806555,Right,QUI_DOG,Undefined,5,Top,1,0,1,Slider,Curveball,BallCalled,Undefined,Undefined,Undefined,0,0,,73.71513,-0.069423,-1.368746,1847.267531,90.504322,9:00,5.77763,1.52665,6.7906,-48.65944,1.9641,-12.22296,1.65929,-0.74154,66.82216,-9.206957,-3.602908,0.512092,,,,,,,,,,,,5.99205,1.62394,-1.43402,50,5.75578,2.94083,-107.07044,-1.3457,6.79561,22.46006,-30.33232,JOH_MIL,QUI_DOG,SargentsStad,Prospect League,PLB,20260703-SargentsStad-1,6e3d1d60-773f-11f1-8b9e-653d8f45cec5,73.60487,,,6.89297,,,,,,,7278278f-6c90-4be2-9b92-daf4626d24ff,2026-07-04,00:29:31.81,2026-07-03T20:29:31.8160000-04:00,2026-07-04T00:29:31.8160000Z,,v3,,,,"Budacki, Brock",10180051,Right,JOH_MIL,7e23ac7e-4635-4426-ae0d-e61d3d77ca3f,53.70632,-107.84511,11.23003,5.78416,-0.29951,-15.16616,-1.53141,2.70644,3.39781,,,,,,,,,,,,,,,,,,,,,,,,,,,,,,,,,,,,,,,,,,,,,,,,,,,High,High,High,,,,,
176,2026-07-03,20:29:50.88,4,3,"Headon, Grayson",1000400494,Right,JOH_MIL,"Tatum, Taylor",806555,Right,QUI_DOG,Undefined,5,Top,1,1,1,Slider,Curveball,FoulBallNotFieldable,Undefined,Undefined,Undefined,0,0,,71.38365,2.512573,-0.17324,1711.189763,87.002182,9:00,5.68535,1.76374,6.84842,-52.55227,1.29563,-12.61871,3.59839,0.55423,64.41108,-7.411282,-2.479339,0.528148,,,,,,,,,,,,6.43792,0.67559,-1.7503,50,5.82972,0.73122,-103.58044,3.23554,6.85716,20.4634,-31.45447,JOH_MIL,QUI_DOG,SargentsStad,Prospect League,PLB,20260703-SargentsStad-1,798c5140-773f-11f1-8b9e-653d8f45cec5,71.36716,,,6.97256,,,,,,,7278278f-6c90-4be2-9b92-daf4626d24ff,2026-07-04,00:29:50.88,2026-07-03T20:29:50.8800000-04:00,2026-07-04T00:29:50.8800000Z,,v3,,,,"Budacki, Brock",10180051,Right,JOH_MIL,0004e87f-8910-40ac-8d8a-1d973e80d50c,53.64412,-104.29788,10.2317,5.69696,4.33834,-15.72723,-1.77172,0.4908,3.42858,,,,,,,,,,,,,,,,,,,,,,,,,,,,,,,,,,,,,,,,,,,,,,,,,,,High,High,High,,,,,
177,2026-07-03,20:30:20.51,4,4,"Headon, Grayson",1000400494,Right,JOH_MIL,"Tatum, Taylor",806555,Right,QUI_DOG,Undefined,5,Top,1,1,2,FourSeamFastBall,Changeup,FoulBallNotFieldable,Undefined,Undefined,Undefined,0,0,,87.87974,-1.750469,-2.328556,1806.102718,220.876813,1:15,6.16473,1.34876,6.7747,-21.36226,13.90162,10.99071,2.78444,0.13736,79.85593,-5.840558,-0.323473,0.427402,88.69725,29.612248,54.522974,4546.84643,56.80483,52.33418,94.19768,282.51709,134.52408,67.61977,4.194989,-6.53465,8.25331,-1.2007,50,6.04232,4.78598,-127.62989,-4.45569,-10.67939,28.52723,-18.68584,JOH_MIL,QUI_DOG,SargentsStad,Prospect League,PLB,20260703-SargentsStad-1,8b2bbb20-773f-11f1-8b9e-653d8f45cec5,88.18968,62.67092,,8.02381,,,,1.42382,2.82103,-0.10047,7278278f-6c90-4be2-9b92-daf4626d24ff,2026-07-04,00:30:20.51,2026-07-03T20:30:20.5120000-04:00,2026-07-04T00:30:20.5120000Z,FlyBall,v3,,,,"Budacki, Brock",10180051,Right,JOH_MIL,a201b6ae-b48d-48b1-af1d-2f7afb14f6bc,53.72296,-128.45933,14.26362,6.16397,-3.91239,-9.34292,-1.34436,5.09649,-5.3397,,1.41659,65.8279,-19.79936,6.60172,-3.14383,1.35544,-0.38789,0.05981,-0.00365,2.82035,64.29086,-19.75846,1.57278,-0.05405,-0.13661,0.07401,-0.01662,0.00135,-0.09745,92.01366,-7.70063,-0.81297,1.35354,-0.79431,0.25616,-0.04401,0.00306,,,,,,,,,,,,,,,,,,,,,,,High,High,High,High,Low,,,
178,2026-07-03,20:30:47.32,4,5,"Headon, Grayson",1000400494,Right,JOH_MIL,"Tatum, Taylor",806555,Right,QUI_DOG,Undefined,5,Top,1,1,2,FourSeamFastBall,Four-Seam,StrikeSwinging,Strikeout,Undefined,Undefined,0,0,,88.85169,-0.57942,-2.314573,1881.351391,198.663429,12:30,6.18686,1.54844,6.78723,-16.07871,18.01611,5.73394,4.3176,-0.08773,81.38334,-3.692127,-1.269144,0.420258,,,,,,,,,,,,-3.59591,9.9554,-1.39953,50,6.14217,4.99351,-129.14431,-1.66529,-6.09546,25.96001,-15.2985,JOH_MIL,QUI_DOG,SargentsStad,Prospect League,PLB,20260703-SargentsStad-1,9b295be0-773f-11f1-8b9e-653d8f45cec5,89.68885,,,7.46835,,,,,,,7278278f-6c90-4be2-9b92-daf4626d24ff,2026-07-04,00:30:47.32,2026-07-03T20:30:47.3260000-04:00,2026-07-04T00:30:47.3260000Z,,v3,,,,"Budacki, Brock",10180051,Right,JOH_MIL,a13442a3-0272-417c-b352-7fec7b790b35,53.70724,-129.88738,12.98001,6.18357,-1.22739,-7.64925,-1.54496,5.16798,-3.04773,,,,,,,,,,,,,,,,,,,,,,,,,,,,,,,,,,,,,,,,,,,,,,,,,,,High,High,High,,,,,
179,2026-07-03,20:31:41.31,5,1,"Headon, Grayson",1000400494,Right,JOH_MIL,"Fivelson, Ari",1000545902,Left,QUI_DOG,Undefined,5,Top,2,0,0,Slider,Curveball,StrikeSwinging,Undefined,Undefined,Undefined,0,0,,75.38022,0.584766,-1.774423,1895.42356,76.968424,8:30,5.93286,1.58467,6.5601,-50.39046,-1.77665,-14.96552,2.27006,-1.28979,68.63099,-8.806644,-4.495411,0.501824,,,,,,,,,,,,7.21339,-0.54134,-1.45709,50,5.9531,3.89477,-109.48039,-0.26317,8.60384,22.43923,-32.81973,JOH_MIL,QUI_DOG,SargentsStad,Prospect League,PLB,20260703-SargentsStad-1,bb6290c0-773f-11f1-8b9e-653d8f45cec5,75.1109,,,6.74923,,,,,,,7278278f-6c90-4be2-9b92-daf4626d24ff,2026-07-04,00:31:41.31,2026-07-03T20:31:41.3100000-04:00,2026-07-04T00:31:41.3100000Z,,v3,,,,"Budacki, Brock",10180051,Right,JOH_MIL,f1ed97b4-ec86-406e-b6e5-33244a855dc0,53.93753,-110.28448,11.21962,5.94145,0.9129,-16.40987,-1.59114,3.58647,4.30192,,,,,,,,,,,,,,,,,,,,,,,,,,,,,,,,,,,,,,,,,,,,,,,,,,,High,High,High,,,,,
180,2026-07-03,20:32:02.17,5,2,"Headon, Grayson",1000400494,Right,JOH_MIL,"Fivelson, Ari",1000545902,Left,QUI_DOG,Undefined,5,Top,2,0,1,Slider,Curveball,BallCalled,Undefined,Undefined,Undefined,0,0,,73.95014,1.56468,1.136171,1817.879842,55.767025,7:45,5.96201,1.53435,6.64674,-55.52605,-5.62055,-10.65371,2.76763,1.68661,67.69975,-8.784801,-0.80674,0.508447,,,,,,,,,,,,5.908,-2.84055,-1.60733,50,6.04643,-1.78603,-107.51834,1.44262,6.85796,20.09849,-35.47133,JOH_MIL,QUI_DOG,SargentsStad,Prospect League,PLB,20260703-SargentsStad-1,c7d731d0-773f-11f1-8b9e-653d8f45cec5,74.1325,,,6.2504,,,,,,,7278278f-6c90-4be2-9b92-daf4626d24ff,2026-07-04,00:32:02.17,2026-07-03T20:32:02.1740000-04:00,2026-07-04T00:32:02.1740000Z,,v3,,,,"Budacki, Brock",10180051,Right,JOH_MIL,b13bf73d-f8c8-4858-b605-9e53b69f241d,53.85282,-108.23615,10.04925,5.97228,2.70947,-17.73567,-1.53916,-2.03096,3.42898,,,,,,,,,,,,,,,,,,,,,,,,,,,,,,,,,,,,,,,,,,,,,,,,,,,High,High,High,,,,,
181,2026-07-03,20:32:20.93,5,3,"Headon, Grayson",1000400494,Right,JOH_MIL,"Fivelson, Ari",1000545902,Left,QUI_DOG,Undefined,5,Top,2,1,1,FourSeamFastBall,Sinker,BallCalled,Undefined,Undefined,Undefined,0,0,,89.00019,1.460695,-1.725684,2093.829231,241.216744,2:00,4.77522,2.8753,6.8359,-22.90934,10.95957,18.1204,4.19915,2.81103,81.52871,-2.904981,1.58336,0.418863,,,,,,,,,,,,-10.00071,5.73634,-2.7699,50,4.86026,3.2184,-129.47621,2.68359,-17.03331,26.18811,-22.4039,JOH_MIL,QUI_DOG,SargentsStad,Prospect League,PLB,20260703-SargentsStad-1,d3019fa0-773f-11f1-8b9e-653d8f45cec5,89.98751,,,7.47148,,,,,,,7278278f-6c90-4be2-9b92-daf4626d24ff,2026-07-04,00:32:20.93,2026-07-03T20:32:20.9340000-04:00,2026-07-04T00:32:20.9340000Z,,v3,,,,"Budacki, Brock",10180051,Right,JOH_MIL,c7f21a05-f19c-4dc6-8a3a-3d9394c0724d,53.66283,-130.21495,13.09406,4.77565,3.31558,-11.20195,-2.86746,3.69889,-8.51666,,,,,,,,,,,,,,,,,,,,,,,,,,,,,,,,,,,,,,,,,,,,,,,,,,,High,High,High,,,,,
182,2026-07-03,20:32:41.26,5,4,"Headon, Grayson",1000400494,Right,JOH_MIL,"Fivelson, Ari",1000545902,Left,QUI_DOG,Undefined,5,Top,2,2,1,Slider,Curveball,StrikeSwinging,Undefined,Undefined,Undefined,0,0,,73.82577,0.498707,-0.531912,1869.562462,90.398744,9:00,5.81616,1.73204,6.55405,-48.55751,1.7526,-12.08178,2.22701,0.23749,67.54826,-8.564212,-2.73068,0.510504,,,,,,,,,,,,6.13677,1.33087,-1.69095,50,5.83084,1.3914,-107.31555,-0.35045,7.087,20.25683,-30.63712,JOH_MIL,QUI_DOG,SargentsStad,Prospect League,PLB,20260703-SargentsStad-1,df203170-773f-11f1-8b9e-653d8f45cec5,73.83379,,,6.27751,,,,,,,7278278f-6c90-4be2-9b92-daf4626d24ff,2026-07-04,00:32:41.26,2026-07-03T20:32:41.2630000-04:00,2026-07-04T00:32:41.2630000Z,,v3,,,,"Budacki, Brock",10180051,Right,JOH_MIL,7a45de0b-376b-4b44-a85b-ebeba505a4f0,53.94353,-108.05737,10.12842,5.82313,0.77149,-15.31856,-1.73716,1.13187,3.5435,,,,,,,,,,,,,,,,,,,,,,,,,,,,,,,,,,,,,,,,,,,,,,,,,,,High,High,High,,,,,
183,2026-07-03,20:33:02.62,5,5,"Headon, Grayson",1000400494,Right,JOH_MIL,"Fivelson, Ari",1000545902,Left,QUI_DOG,Undefined,5,Top,2,2,2,FourSeamFastBall,Four-Seam,FoulBallNotFieldable,Undefined,Undefined,Undefined,0,0,,89.14388,-1.367282,-1.190825,2047.086913,209.247472,1:00,6.22861,1.62118,6.8139,-15.9421,17.74076,9.37878,3.65211,1.3161,82.04053,-4.442856,0.522109,0.417711,72.60289,26.754195,-156.820818,1744.558357,,,,,49.18696,,,-5.29229,10.08485,-1.5475,50,6.13404,2.3553,-129.73675,-3.47323,-9.0756,25.57731,-14.87982,JOH_MIL,QUI_DOG,SargentsStad,Prospect League,PLB,20260703-SargentsStad-1,ebcef550-773f-11f1-8b9e-653d8f45cec5,90.23571,22.9052,,7.10335,,,,0.22094,3.37983,-1.22812,7278278f-6c90-4be2-9b92-daf4626d24ff,2026-07-04,00:33:02.62,2026-07-03T20:33:02.6220000-04:00,2026-07-04T00:33:02.6220000Z,,v3,,,,"Budacki, Brock",10180051,Right,JOH_MIL,af345b81-3fc8-4368-af99-19cef0e957f5,53.68524,-130.46126,12.78865,6.22645,-3.05174,-7.43991,-1.61785,2.61237,-4.5378,19.310933,0.22094,-87.40914,6.68076,-0.92384,0.2037,-0.02786,0.00012,0.00664,-0.00354,3.37983,47.93527,-22.41302,2.00498,-0.41053,0.07939,-0.01298,0.00183,0.00013,-1.22812,-37.42602,3.80655,-0.60984,0.11903,-0.01969,0.00303,0.00051,-0.00054,,,,,,,,,,,,,,,,,,,,,,,High,High,High,High,Undefined,,,
184,2026-07-03,20:33:55.47,5,6,"Headon, Grayson",1000400494,Right,JOH_MIL,"Fivelson, Ari",1000545902,Left,QUI_DOG,Undefined,5,Top,2,2,2,Slider,Curveball,InPlay,Undefined,FlyBall,Out,1,0,,77.05279,-0.058704,-0.389829,1786.18606,84.059832,8:45,5.85444,1.72168,6.74356,-45.69798,0.87764,-8.63902,1.99264,0.64561,69.40054,-8.656147,-1.968751,0.491191,85.88534,24.375514,-3.223351,2910.656309,109.492,41.88138,-10.55389,315.97546,307.74687,-9.186945,4.040211,4.44213,0.97134,-1.69312,50,5.83366,1.04372,-111.90399,-1.31823,5.47849,25.34697,-30.97608,JOH_MIL,QUI_DOG,SargentsStad,Prospect League,PLB,20260703-SargentsStad-1,0b5a5e00-7740-11f1-8b9e-653d8f45cec5,76.73675,51.04396,,7.65225,,,,2.52227,2.23037,-0.65183,7278278f-6c90-4be2-9b92-daf4626d24ff,2026-07-04,00:33:55.47,2026-07-03T20:33:55.4720000-04:00,2026-07-04T00:33:55.4720000Z,LineDrive,v3,,,,"Budacki, Brock",10180051,Right,JOH_MIL,6c857c04-94ec-4edc-8174-c8874605cc6b,53.75343,-112.75096,12.67348,5.86042,-0.28316,-15.48804,-1.72494,0.86066,2.73924,155.813578,2.52185,114.56649,-17.9792,3.98572,-0.90924,0.22459,-0.04914,0.00685,-0.00041,2.23099,51.97071,-14.55397,0.24555,0.20674,-0.12685,0.03855,-0.00569,0.00032,-0.65181,-6.45177,-3.28959,0.93453,-0.23001,0.04812,-0.00792,0.00089,-5E-05,,,,,,,,,,,,,,,,,,,,,,,High,High,High,High,High,,,
185,2026-07-03,20:36:18.16,1,1,"Rossi, Jonny",10121124,Right,QUI_DOG,"Rozich, Landen",1000469268,Right,JOH_MIL,Undefined,5,Bottom,0,0,0,FourSeamFastBall,Four-Seam,BallCalled,Undefined,Undefined,Undefined,0,0,,85.09167,0.781837,-0.058815,2267.212277,213.898667,1:15,6.06149,1.57904,6.06639,-23.87919,14.08725,8.7404,4.79514,2.25297,78.37217,-3.703174,1.514855,0.443477,,,,,,,,,,,,-4.45567,7.39855,-1.57862,50,6.10916,-0.2298,-123.72184,0.97701,-6.97286,22.45558,-20.59573,JOH_MIL,QUI_DOG,SargentsStad,Prospect League,PLB,20260703-SargentsStad-1,605e96a0-7740-11f1-8b9e-653d8f45cec5,84.99295,,,6.7195,,,,,,,7278278f-6c90-4be2-9b92-daf4626d24ff,2026-07-04,00:36:18.16,2026-07-03T20:36:18.1600000-04:00,2026-07-04T00:36:18.1600000Z,,v3,,,,"McGuin, Josh",10097254,Right,QUI_DOG,5ba8a3a1-f72d-4f28-b230-2f2e603c20c8,54.4295,-124.5232,11.22779,6.06118,1.712,-10.29787,-1.57485,0.01904,-3.48643,,,,,,,,,,,,,,,,,,,,,,,,,,,,,,,,,,,,,,,,,,,,,,,,,,,High,High,High,,,,,
186,2026-07-03,20:36:38.92,1,2,"Rossi, Jonny",10121124,Right,QUI_DOG,"Rozich, Landen",1000469268,Right,JOH_MIL,Undefined,5,Bottom,0,1,0,ChangeUp,Changeup,FoulBallNotFieldable,Undefined,Undefined,Undefined,0,0,,80.98968,0.270816,-4.268094,1957.54332,259.655299,2:45,5.45476,2.04958,6.15572,-38.36502,3.91866,14.17213,2.50857,-0.71988,74.22955,-6.84462,-1.719323,0.468013,,,,,,,,,,,,-8.59024,2.3002,-1.73237,50,5.45547,8.25725,-117.46743,-0.60413,-12.00027,22.29277,-28.96074,JOH_MIL,QUI_DOG,SargentsStad,Prospect League,PLB,20260703-SargentsStad-1,6cb92000-7740-11f1-8b9e-653d8f45cec5,80.53719,,,6.76013,,,,,,,7278278f-6c90-4be2-9b92-daf4626d24ff,2026-07-04,00:36:38.92,2026-07-03T20:36:38.9250000-04:00,2026-07-04T00:36:38.9250000Z,,v3,,,,"McGuin, Josh",10097254,Right,QUI_DOG,ed0f4430-03e0-4ad1-a8b2-ec32cb315d49,54.34489,-118.28912,11.14639,5.45806,0.46333,-14.48037,-2.04488,8.69957,-6.00013,,,,,,,,,,,,,,,,,,,,,,,,,,,,,,,,,,,,,,,,,,,,,,,,,,,High,High,High,,,,,
187,2026-07-03,20:37:01.31,1,3,"Rossi, Jonny",10121124,Right,QUI_DOG,"Rozich, Landen",1000469268,Right,JOH_MIL,Undefined,5,Bottom,0,1,1,ChangeUp,Changeup,FoulBallNotFieldable,Undefined,Undefined,Undefined,0,0,,80.76088,0.632764,-3.323259,1835.049942,250.897378,2:15,5.52393,1.7724,6.22765,-36.12683,6.50563,14.64761,3.09817,-0.07649,73.43781,-6.12031,-0.681835,0.469939,56.62623,-58.537684,-68.835667,,,,,3.35235,3.35235,-31.379549,0.044529,-8.62252,3.58701,-1.53117,50,5.55336,6.2712,-117.16823,0.23251,-11.89377,23.73845,-27.2262,JOH_MIL,QUI_DOG,SargentsStad,Prospect League,PLB,20260703-SargentsStad-1,7a1f9b20-7740-11f1-8b9e-653d8f45cec5,80.20707,3.1772,,7.32307,,,,2.16011,3.1772,0.0674,7278278f-6c90-4be2-9b92-daf4626d24ff,2026-07-04,00:37:01.31,2026-07-03T20:37:01.3190000-04:00,2026-07-04T00:37:01.3190000Z,GroundBall,v3,,,,"McGuin, Josh",10097254,Right,QUI_DOG,e73f788b-bcad-44df-ac40-d598a7fba8a8,54.27113,-118.03039,11.86922,5.52696,1.22135,-13.6131,-1.76678,6.70317,-5.94688,,2.1593,15.76308,,,,,,,,3.18086,-71.35148,,,,,,,,0.06949,-40.71481,,,,,,,,,,,,,,,,,,,,,,,,,,,,,,High,High,High,Estimated,Estimated,,,
188,2026-07-03,20:37:26.37,1,4,"Rossi, Jonny",10121124,Right,QUI_DOG,"Rozich, Landen",1000469268,Right,JOH_MIL,Undefined,5,Bottom,0,1,2,FourSeamFastBall,Changeup,BallCalled,Undefined,Undefined,Undefined,0,0,,83.99947,1.065998,-4.502575,2362.350321,213.292446,1:00,5.97419,1.64251,5.9952,-25.12887,14.52072,8.70937,4.87112,-1.81272,76.55274,-3.659528,-2.944808,0.453201,,,,,,,,,,,,-5.68142,7.53504,-1.29182,50,6.04453,9.22775,-121.64122,1.52828,-8.51526,23.788,-20.88058,JOH_MIL,QUI_DOG,SargentsStad,Prospect League,PLB,20260703-SargentsStad-1,890478e0-7740-11f1-8b9e-653d8f45cec5,83.16939,,,7.44674,,,,,,,7278278f-6c90-4be2-9b92-daf4626d24ff,2026-07-04,00:37:26.37,2026-07-03T20:37:26.3770000-04:00,2026-07-04T00:37:26.3770000Z,,v3,,,,"McGuin, Josh",10097254,Right,QUI_DOG,3498261c-48a0-4019-b3d9-1df226719d01,54.50061,-122.51819,11.894,5.974,2.29807,-10.44029,-1.6378,9.54168,-4.25763,,,,,,,,,,,,,,,,,,,,,,,,,,,,,,,,,,,,,,,,,,,,,,,,,,,High,High,High,,,,,
189,2026-07-03,20:37:44.64,1,5,"Rossi, Jonny",10121124,Right,QUI_DOG,"Rozich, Landen",1000469268,Right,JOH_MIL,Undefined,5,Bottom,0,2,2,Slider,Curveball,BallCalled,Undefined,Undefined,Undefined,0,0,,73.12539,-0.435795,-2.769386,2343.26401,46.863845,7:30,5.76446,1.71892,5.59218,-53.73641,-0.01965,-2.06784,0.87904,-1.0412,66.66061,-10.253385,-3.138744,0.527505,,,,,,,,,,,,0.14283,0.70028,-1.47985,50,5.6924,5.19896,-105.93258,-2.45434,0.1596,20.88885,-31.39149,JOH_MIL,QUI_DOG,SargentsStad,Prospect League,PLB,20260703-SargentsStad-1,94014700-7740-11f1-8b9e-653d8f45cec5,71.45423,,,6.46477,,,,,,,7278278f-6c90-4be2-9b92-daf4626d24ff,2026-07-04,00:37:44.64,2026-07-03T20:37:44.6450000-04:00,2026-07-04T00:37:44.6450000Z,,v3,,,,"McGuin, Josh",10097254,Right,QUI_DOG,03f22bc6-341a-41a0-beab-a926ae1462ba,54.90489,-106.8954,10.44442,5.77218,-1.00743,-15.69575,-1.71932,5.1916,0.0798,,,,,,,,,,,,,,,,,,,,,,,,,,,,,,,,,,,,,,,,,,,,,,,,,,,High,High,High,,,,,
190,2026-07-03,20:38:01.97,1,6,"Rossi, Jonny",10121124,Right,QUI_DOG,"Rozich, Landen",1000469268,Right,JOH_MIL,Undefined,5,Bottom,0,3,2,ChangeUp,Changeup,FoulBallNotFieldable,Undefined,Undefined,Undefined,0,0,,79.63106,-0.67479,-4.414374,1880.912446,260.993808,2:45,5.46404,1.90438,6.25884,-39.83884,4.23488,16.94162,1.52005,-0.76225,72.3599,-8.091223,-1.359302,0.477817,66.74218,-28.419167,-58.379512,,,,,5.30678,3.53333,-22.232644,0.037045,-10.24969,2.81725,-1.58484,50,5.39436,8.30759,-115.36707,-2.52496,-13.64511,23.90958,-28.42351,JOH_MIL,QUI_DOG,SargentsStad,Prospect League,PLB,20260703-SargentsStad-1,9e348390-7740-11f1-8b9e-653d8f45cec5,78.88474,1.73058,,7.27115,,,,3.23552,1.73058,0.71538,7278278f-6c90-4be2-9b92-daf4626d24ff,2026-07-04,00:38:01.97,2026-07-03T20:38:01.9710000-04:00,2026-07-04T00:38:01.9710000Z,GroundBall,v3,,,,"McGuin, Josh",10097254,Right,QUI_DOG,9446cdb1-b484-4068-8373-715b1841a7a6,54.24063,-116.24261,11.95479,5.46777,-1.48412,-14.21176,-1.8982,8.80725,-6.82256,,3.23478,45.26184,,,,,,,,1.73135,-46.71563,,,,,,,,0.71658,-73.51316,,,,,,,,,,,,,,,,,,,,,,,,,,,,,,High,High,High,Low,Low,,,
191,2026-07-03,20:38:27.53,1,7,"Rossi, Jonny",10121124,Right,QUI_DOG,"Rozich, Landen",1000469268,Right,JOH_MIL,Undefined,5,Bottom,0,3,2,ChangeUp,Changeup,InPlay,Undefined,LineDrive,HomeRun,0,1,,79.34043,-0.030816,-2.488259,1688.82391,216.581925,1:15,5.41223,1.95025,6.36056,-32.14053,12.12048,7.80835,2.70547,0.30957,71.63533,-6.108095,-1.075553,0.478831,94.85786,36.901178,-18.855281,1982.532963,103.91498,73.17485,-36.07819,355.83711,341.34419,-21.842887,5.282758,-4.89819,6.78052,-1.77364,50,5.39511,4.72633,-115.09993,-0.92923,-6.46152,24.68195,-23.22948,JOH_MIL,QUI_DOG,SargentsStad,Prospect League,PLB,20260703-SargentsStad-1,b0a5bc60-7740-11f1-8b9e-653d8f45cec5,78.71769,99.76946,,7.7051,,,,2.7013,2.91315,-0.37114,7278278f-6c90-4be2-9b92-daf4626d24ff,2026-07-04,00:38:27.53,2026-07-03T20:38:27.5300000-04:00,2026-07-04T00:38:27.5300000Z,FlyBall,v3,,,,"McGuin, Josh",10097254,Right,QUI_DOG,0243efd4-855f-46c1-9b8c-86ddbe692cf3,54.13607,-115.98347,12.34097,5.41348,-0.09767,-11.61474,-1.94697,4.95763,-3.23076,174.055742,2.70222,105.27667,-19.08762,4.44587,-0.92756,0.17823,-0.02901,0.00313,-0.00015,2.91487,83.48518,-21.34426,1.89248,-0.19181,-0.03541,0.01755,-0.00255,0.00013,-0.37138,-35.95602,5.58151,-1.43539,0.28912,-0.04498,0.00481,-0.00033,1E-05,,,,,,,,,,,,,,,,,,,,,,,High,High,High,High,Medium,,,
192,2026-07-03,20:39:20.24,2,1,"Rossi, Jonny",10121124,Right,QUI_DOG,"Budacki, Brock",10180051,Right,JOH_MIL,Undefined,5,Bottom,0,0,0,FourSeamFastBall,Four-Seam,StrikeCalled,Undefined,Undefined,Undefined,0,0,,85.20752,-1.150024,-2.298716,2358.843167,211.155601,1:00,5.93415,1.57997,6.09828,-22.42151,15.39237,8.6504,3.00107,0.17368,78.7161,-5.358479,-0.741208,0.442585,,,,,,,,,,,,-5.02339,8.57221,-1.40743,50,5.8336,4.63288,-123.83858,-3.14542,-7.88548,22.2214,-18.71785,JOH_MIL,QUI_DOG,SargentsStad,Prospect League,PLB,20260703-SargentsStad-1,ccf0c720-7740-11f1-8b9e-653d8f45cec5,85.16424,,,6.49142,,,,,,,7278278f-6c90-4be2-9b92-daf4626d24ff,2026-07-04,00:39:20.24,2026-07-03T20:39:20.2450000-04:00,2026-07-04T00:39:20.2450000Z,,v3,,,,"McGuin, Josh",10097254,Right,QUI_DOG,1b5451c4-e530-4bed-be4b-d61e6560b82a,54.40007,-124.62562,11.1107,5.93327,-2.48247,-9.35892,-1.57646,4.91217,-3.94274,,,,,,,,,,,,,,,,,,,,,,,,,,,,,,,,,,,,,,,,,,,,,,,,,,,High,High,High,,,,,
193,2026-07-03,20:39:36.51,2,2,"Rossi, Jonny",10121124,Right,QUI_DOG,"Budacki, Brock",10180051,Right,JOH_MIL,Undefined,5,Bottom,0,0,1,FourSeamFastBall,Cutter,BallCalled,Undefined,Undefined,Undefined,0,0,,85.02811,0.091176,-1.98898,2304.530036,203.860559,12:45,6.02397,1.53649,6.07169,-23.19734,15.07438,6.14902,4.17528,0.2077,77.87913,-4.282404,-0.882517,0.445257,,,,,,,,,,,,-3.68457,8.09922,-1.38559,50,6.01858,4.0437,-123.51309,-0.48178,-5.70927,23.89526,-19.62428,JOH_MIL,QUI_DOG,SargentsStad,Prospect League,PLB,20260703-SargentsStad-1,d6a3b020-7740-11f1-8b9e-653d8f45cec5,84.6533,,,7.14898,,,,,,,7278278f-6c90-4be2-9b92-daf4626d24ff,2026-07-04,00:39:36.51,2026-07-03T20:39:36.5190000-04:00,2026-07-04T00:39:36.5190000Z,,v3,,,,"McGuin, Josh",10097254,Right,QUI_DOG,e0cf61bf-08b7-456c-af3d-00f51b97669f,54.42486,-124.36619,11.94763,6.02327,0.21884,-9.81214,-1.5336,4.24753,-2.85463,,,,,,,,,,,,,,,,,,,,,,,,,,,,,,,,,,,,,,,,,,,,,,,,,,,High,High,High,,,,,
194,2026-07-03,20:39:54.58,2,3,"Rossi, Jonny",10121124,Right,QUI_DOG,"Budacki, Brock",10180051,Right,JOH_MIL,Undefined,5,Bottom,0,1,1,ChangeUp,Changeup,StrikeSwinging,Undefined,Undefined,Undefined,0,0,,80.93961,-0.597398,-4.084714,1729.838848,272.835357,3:00,5.41631,1.92921,6.04855,-42.04065,0.57303,16.24221,1.35846,-0.50507,74.20143,-8.348994,-1.16456,0.469836,,,,,,,,,,,,-9.5152,0.9013,-1.61939,50,5.3473,7.76819,-117.36279,-2.55952,-13.23482,22.78393,-30.92044,JOH_MIL,QUI_DOG,SargentsStad,Prospect League,PLB,20260703-SargentsStad-1,e15ff2d0-7740-11f1-8b9e-653d8f45cec5,80.22474,,,6.73818,,,,,,,7278278f-6c90-4be2-9b92-daf4626d24ff,2026-07-04,00:39:54.58,2026-07-03T20:39:54.5810000-04:00,2026-07-04T00:39:54.5810000Z,,v3,,,,"McGuin, Josh",10097254,Right,QUI_DOG,22a09533-e717-467b-9795-bef848a84d54,54.45101,-118.22371,11.39197,5.42194,-1.39115,-15.46022,-1.92238,8.26829,-6.61741,,,,,,,,,,,,,,,,,,,,,,,,,,,,,,,,,,,,,,,,,,,,,,,,,,,High,High,High,,,,,
195,2026-07-03,20:40:16.84,2,4,"Rossi, Jonny",10121124,Right,QUI_DOG,"Budacki, Brock",10180051,Right,JOH_MIL,Undefined,5,Bottom,0,1,2,ChangeUp,Changeup,BallCalled,Undefined,Undefined,Undefined,0,0,,80.90413,-1.522322,-4.369972,1860.525157,280.481031,3:15,5.50547,1.80062,6.17121,-44.51786,-1.79004,17.49552,0.3852,-0.78536,74.00887,-9.723939,-1.215057,0.470464,,,,,,,,,,,,-10.42713,-0.06776,-1.47822,50,5.36732,8.32032,-117.22441,-4.50666,-14.37764,24.0337,-32.26745,JOH_MIL,QUI_DOG,SargentsStad,Prospect League,PLB,20260703-SargentsStad-1,eeaccb70-7740-11f1-8b9e-653d8f45cec5,80.1175,,,6.89526,,,,,,,7278278f-6c90-4be2-9b92-daf4626d24ff,2026-07-04,00:40:16.84,2026-07-03T20:40:16.8470000-04:00,2026-07-04T00:40:16.8470000Z,,v3,,,,"McGuin, Josh",10097254,Right,QUI_DOG,5ef8edd0-560f-47e1-9685-c235c2f9f042,54.32922,-118.10867,12.01685,5.51129,-3.31947,-16.13372,-1.79407,8.8493,-7.18882,,,,,,,,,,,,,,,,,,,,,,,,,,,,,,,,,,,,,,,,,,,,,,,,,,,High,High,High,,,,,
196,2026-07-03,20:40:43.00,2,5,"Rossi, Jonny",10121124,Right,QUI_DOG,"Budacki, Brock",10180051,Right,JOH_MIL,Undefined,5,Bottom,0,2,2,Cutter,Slider,BallCalled,Undefined,Undefined,Undefined,0,0,,73.88572,1.641975,-1.755465,2307.866048,161.921409,11:30,5.96079,1.60677,5.58528,-44.63073,7.45178,-1.87453,3.77602,-0.18925,67.38487,-6.591041,-2.089711,0.519418,,,,,,,,,,,,0.42661,3.84961,-1.45475,50,6.07327,3.3533,-107.12281,1.71666,0.49334,19.33768,-27.7224,JOH_MIL,QUI_DOG,SargentsStad,Prospect League,PLB,20260703-SargentsStad-1,fe49fcb0-7740-11f1-8b9e-653d8f45cec5,72.56664,,,6.50085,,,,,,,7278278f-6c90-4be2-9b92-daf4626d24ff,2026-07-04,00:40:43.00,2026-07-03T20:40:43.0070000-04:00,2026-07-04T00:40:43.0070000Z,,v3,,,,"McGuin, Josh",10097254,Right,QUI_DOG,ac0c57af-4200-47ee-ad8f-f9e48d6f93e1,54.9097,-108.00547,9.66884,5.96603,2.98203,-13.8612,-1.6073,3.33078,0.24667,,,,,,,,,,,,,,,,,,,,,,,,,,,,,,,,,,,,,,,,,,,,,,,,,,,High,High,High,,,,,
197,2026-07-03,20:41:04.34,2,6,"Rossi, Jonny",10121124,Right,QUI_DOG,"Budacki, Brock",10180051,Right,JOH_MIL,Undefined,5,Bottom,0,3,2,FourSeamFastBall,Changeup,FoulBallNotFieldable,Undefined,Undefined,Undefined,0,0,,83.75491,-0.453338,-1.977534,2231.736374,208.280121,1:00,5.89591,1.61086,6.17678,-25.20509,14.13568,6.94453,3.37657,0.36259,76.70964,-5.199695,-0.725063,0.451433,72.31984,15.240117,175.072488,1727.222146,-109.81122,8.05932,6.43962,140.83485,48.55273,176.904969,1.506568,-4.16248,7.8193,-1.46492,50,5.84875,3.94196,-121.69762,-1.68968,-6.24583,23.76242,-20.44118,JOH_MIL,QUI_DOG,SargentsStad,Prospect League,PLB,20260703-SargentsStad-1,0af9d200-7741-11f1-8b9e-653d8f45cec5,83.49517,12.52093,,7.04526,,,,1.72649,3.33898,-0.37394,7278278f-6c90-4be2-9b92-daf4626d24ff,2026-07-04,00:41:04.34,2026-07-03T20:41:04.3400000-04:00,2026-07-04T00:41:04.3400000Z,LineDrive,v3,,,,"McGuin, Josh",10097254,Right,QUI_DOG,f33d1839-77c0-4f03-ae7e-fe6f9733c960,54.32185,-122.53859,11.88121,5.89575,-0.96625,-10.22059,-1.60834,4.16301,-3.12291,329.253615,1.72649,-101.96053,7.99899,-2.75128,0.63501,-0.12704,0.02307,-0.00296,0.00015,3.33898,27.88179,-22.34618,1.942,-0.27267,0.01812,0.00055,-0.0006,0.0001,-0.37394,8.79042,-3.55373,1.1506,-0.30096,0.07196,-0.01539,0.00251,-0.00023,,,,,,,,,,,,,,,,,,,,,,,High,High,High,High,Low,,,
198,2026-07-03,20:41:15.00,2,7,"Rossi, Jonny",10121124,Right,QUI_DOG,"Budacki, Brock",10180051,Right,JOH_MIL,Undefined,5,Bottom,0,3,2,Other,,InPlay,Undefined,GroundBall,Out,1,0,,,,,,,,,,,,,,,,,,,,,,,,,,,,,,,,,,,,,,,,,,JOH_MIL,QUI_DOG,SargentsStad,Prospect League,PLB,20260703-SargentsStad-1,235998d0-7741-11f1-8b9e-653d8f45cec5,,,,,,,,,,,7278278f-6c90-4be2-9b92-daf4626d24ff,2026-07-04,00:41:15.00,2026-07-03T20:41:15.0000000-04:00,2026-07-04T00:41:15.0000000Z,,v3,,,,"McGuin, Josh",10097254,Right,QUI_DOG,f6bc66c8-6c8d-4140-a16b-ae0d283f6a03,,,,,,,,,,,,,,,,,,,,,,,,,,,,,,,,,,,,,,,,,,,,,,,,,,,,,,,,,,,,,,,,,,,
199,2026-07-03,20:44:41.93,3,1,"Schiebe, Karl",10323009,Right,QUI_DOG,"DeCanio, Dominic ",1000583922,Right,JOH_MIL,Undefined,5,Bottom,1,0,0,Cutter,Slider,BallCalled,Undefined,Undefined,Undefined,0,0,,79.81568,1.817115,-1.936471,2096.519188,174.136223,11:45,5.84065,1.97246,5.19975,-41.41345,3.75551,-0.23752,4.10018,0.13062,72.83993,-5.75215,-1.978509,0.483717,,,,,,,,,,,,-0.43059,1.82642,-1.79286,50,5.9781,3.92145,-115.6886,2.2178,-0.58255,21.93718,-29.70317,JOH_MIL,QUI_DOG,SargentsStad,Prospect League,PLB,20260703-SargentsStad-1,8caaa810-7741-11f1-8b9e-653d8f45cec5,77.9225,,,6.97575,,,,,,,7278278f-6c90-4be2-9b92-daf4626d24ff,2026-07-04,00:44:41.93,2026-07-03T20:44:41.9300000-04:00,2026-07-04T00:44:41.9300000Z,,v3,,,,"McGuin, Josh",10097254,Right,QUI_DOG,7a37623f-c851-400a-afde-09d5c35d7723,55.29673,-116.68866,10.96859,5.84613,3.57189,-14.85159,-1.97224,3.94801,-0.29127,,,,,,,,,,,,,,,,,,,,,,,,,,,,,,,,,,,,,,,,,,,,,,,,,,,High,High,High,,,,,
200,2026-07-03,20:44:57.04,3,2,"Schiebe, Karl",10323009,Right,QUI_DOG,"DeCanio, Dominic ",1000583922,Right,JOH_MIL,Undefined,5,Bottom,1,1,0,FourSeamFastBall,Sinker,StrikeSwinging,Undefined,Undefined,Undefined,0,0,,87.35865,-0.915579,-3.923516,2028.552804,227.970888,1:30,5.91434,1.91182,5.26578,-24.75966,12.64544,12.76509,2.98885,-0.71595,80.22521,-5.481727,-1.6657,0.440187,,,,,,,,,,,,-7.36485,6.91,-1.56203,50,5.81237,8.10639,-126.57685,-2.90927,-12.03059,24.17311,-20.88643,JOH_MIL,QUI_DOG,SargentsStad,Prospect League,PLB,20260703-SargentsStad-1,95a03480-7741-11f1-8b9e-653d8f45cec5,85.62832,,,7.13344,,,,,,,7278278f-6c90-4be2-9b92-daf4626d24ff,2026-07-04,00:44:57.04,2026-07-03T20:44:57.0470000-04:00,2026-07-04T00:44:57.0470000Z,,v3,,,,"McGuin, Josh",10097254,Right,QUI_DOG,95e9e9cb-4620-4432-b448-f973dcc2f3dc,55.23189,-127.57211,12.08656,5.91445,-2.04934,-10.44322,-1.90598,8.60171,-6.0153,,,,,,,,,,,,,,,,,,,,,,,,,,,,,,,,,,,,,,,,,,,,,,,,,,,High,High,High,,,,,
201,2026-07-03,20:45:13.80,3,3,"Schiebe, Karl",10323009,Right,QUI_DOG,"DeCanio, Dominic ",1000583922,Right,JOH_MIL,Undefined,5,Bottom,1,1,1,Slider,Slider,BallCalled,Undefined,Undefined,Undefined,0,0,,78.71349,0.528929,-0.422958,2180.690455,112.675961,9:45,5.64898,2.01588,5.13755,-42.39321,3.5037,-5.29237,2.6143,1.17656,72.94369,-7.161745,-1.360492,0.487599,,,,,,,,,,,,2.52429,2.0402,-1.97203,50,5.66579,1.06,-114.36691,-0.43238,3.37946,18.95805,-29.4427,JOH_MIL,QUI_DOG,SargentsStad,Prospect League,PLB,20260703-SargentsStad-1,9fae0ec0-7741-11f1-8b9e-653d8f45cec5,77.30207,,,5.7698,,,,,,,7278278f-6c90-4be2-9b92-daf4626d24ff,2026-07-04,00:45:13.80,2026-07-03T20:45:13.8030000-04:00,2026-07-04T00:45:13.8030000Z,,v3,,,,"McGuin, Josh",10097254,Right,QUI_DOG,8b824c22-8d4f-4a48-a28c-7d48c2cad092,55.36125,-115.25219,9.47903,5.65388,0.9425,-14.72135,-2.01784,0.90219,1.68973,,,,,,,,,,,,,,,,,,,,,,,,,,,,,,,,,,,,,,,,,,,,,,,,,,,High,High,High,,,,,
202,2026-07-03,20:45:28.07,3,4,"Schiebe, Karl",10323009,Right,QUI_DOG,"DeCanio, Dominic ",1000583922,Right,JOH_MIL,Undefined,5,Bottom,1,2,1,FourSeamFastBall,Changeup,InPlay,Undefined,Popup,Out,1,0,,85.71766,-0.094533,-1.659114,1845.710277,216.256577,1:15,5.95248,1.84448,5.19494,-28.53037,10.12323,6.61366,3.486,0.83455,79.12006,-5.322684,-0.487573,0.447473,55.36864,23.805941,-12.531027,1726.88767,107.87209,17.00085,-21.5314,151.06646,137.42698,-10.764906,2.363093,-3.73575,5.41028,-1.69593,50,5.92219,3.32128,-124.51104,-1.23923,-5.92456,22.60196,-23.59377,JOH_MIL,QUI_DOG,SargentsStad,Prospect League,PLB,20260703-SargentsStad-1,a829b040-7741-11f1-8b9e-653d8f45cec5,84.23406,21.12897,,6.59761,,,,1.52912,3.52478,-0.84289,7278278f-6c90-4be2-9b92-daf4626d24ff,2026-07-04,00:45:28.07,2026-07-03T20:45:28.0700000-04:00,2026-07-04T00:45:28.0700000Z,LineDrive,v3,,,,"McGuin, Josh",10097254,Right,QUI_DOG,2664c790-f6c0-4918-a2fb-9ecf59025d51,55.3046,-125.47027,11.30098,5.95353,-0.23791,-11.79689,-1.84222,3.57272,-2.96228,208.160253,1.52917,72.52545,-6.41917,1.18535,-0.15381,0.00421,-0.01662,0.01269,-0.0022,3.52475,32.77959,-15.95145,0.70884,-0.03146,-0.10056,0.09949,-0.03464,0.00417,-0.84294,-16.11739,3.04959,-0.68272,0.04909,0.04646,-0.01161,-0.00231,0.00073,,,,,,,,,,,,,,,,,,,,,,,High,High,High,High,High,,,
203,2026-07-03,20:46:01.65,4,1,"Schiebe, Karl",10323009,Right,QUI_DOG,"Sydlowski, Kriss",1000162904,Right,JOH_MIL,Undefined,5,Bottom,2,0,0,ChangeUp,Changeup,BallCalled,Undefined,Undefined,Undefined,0,0,,72.57312,7.279604,2.631442,1642.340455,246.088784,2:15,5.93787,2.07657,5.79714,-48.78849,5.36004,8.39323,8.68697,5.2253,65.7198,-1.716641,4.124307,0.52962,,,,,,,,,,,,-3.44937,1.33374,-2.29749,50,6.5117,-5.11235,-104.42873,11.93292,-3.81397,17.37454,-30.69933,JOH_MIL,QUI_DOG,SargentsStad,Prospect League,PLB,20260703-SargentsStad-1,bc3ed510-7741-11f1-8b9e-653d8f45cec5,71.16878,,,6.85332,,,,,,,7278278f-6c90-4be2-9b92-daf4626d24ff,2026-07-04,00:46:01.65,2026-07-03T20:46:01.6540000-04:00,2026-07-04T00:46:01.6540000Z,,v3,,,,"McGuin, Josh",10097254,Right,QUI_DOG,345632a0-9773-4a93-98f8-30289ab2456a,54.69683,-105.20727,8.68727,5.94618,13.30854,-15.34967,-2.07224,-4.94145,-1.90698,,,,,,,,,,,,,,,,,,,,,,,,,,,,,,,,,,,,,,,,,,,,,,,,,,,High,High,High,,,,,
204,2026-07-03,20:46:24.94,4,2,"Schiebe, Karl",10323009,Right,QUI_DOG,"Sydlowski, Kriss",1000162904,Right,JOH_MIL,Undefined,5,Bottom,2,1,0,FourSeamFastBall,Four-Seam,FoulBallNotFieldable,Undefined,Undefined,Undefined,0,0,,87.42987,-0.828352,-3.494682,1989.840511,217.194921,1:15,6.03551,1.86084,5.11027,-24.12005,13.65871,9.43689,3.2436,-0.64924,79.78575,-5.285222,-1.829567,0.44238,74.38515,48.368228,153.538312,4210.516292,,,,,56.95926,,,-5.69209,7.38823,-1.53912,50,5.93897,7.30902,-126.63302,-2.70073,-9.2375,25.99764,-20.18393,JOH_MIL,QUI_DOG,SargentsStad,Prospect League,PLB,20260703-SargentsStad-1,ca02b270-7741-11f1-8b9e-653d8f45cec5,85.20381,51.7855,,7.64411,,,,1.05902,3.06278,0.59517,7278278f-6c90-4be2-9b92-daf4626d24ff,2026-07-04,00:46:24.94,2026-07-03T20:46:24.9460000-04:00,2026-07-04T00:46:24.9460000Z,,v3,,,,"McGuin, Josh",10097254,Right,QUI_DOG,f1addd78-975f-4bbe-a423-34a9ff518140,55.38777,-127.73433,12.99882,6.03527,-1.8457,-10.09197,-1.85703,7.70034,-4.61875,330.388696,1.05902,-64.8844,0.54411,1.53378,-1.98699,4.36611,-5.99685,4.21444,-1.19196,3.06278,81.54349,-30.7415,4.34499,-1.76356,2.67936,-3.46159,2.36413,-0.6562,0.59516,32.29714,-8.4843,3.16144,-3.03397,6.7637,-9.22833,6.42668,-1.80499,,,,,,,,,,,,,,,,,,,,,,,High,High,High,High,Undefined,,,
205,2026-07-03,20:46:42.73,4,3,"Schiebe, Karl",10323009,Right,QUI_DOG,"Sydlowski, Kriss",1000162904,Right,JOH_MIL,Undefined,5,Bottom,2,1,1,FourSeamFastBall,Sinker,BallCalled,Undefined,Undefined,Undefined,0,0,,87.34906,-1.852322,-4.162876,1954.601333,225.136,1:30,5.9344,1.73292,5.23922,-25.57277,11.75375,10.71796,2.05719,-1.29336,80.72071,-6.536943,-2.268577,0.439724,,,,,,,,,,,,-6.34709,6.67217,-1.35771,50,5.74472,8.72837,-126.53505,-5.03022,-10.41357,22.92673,-21.22715,JOH_MIL,QUI_DOG,SargentsStad,Prospect League,PLB,20260703-SargentsStad-1,d4ac0960-7741-11f1-8b9e-653d8f45cec5,85.71841,,,6.62835,,,,,,,7278278f-6c90-4be2-9b92-daf4626d24ff,2026-07-04,00:46:42.73,2026-07-03T20:46:42.7360000-04:00,2026-07-04T00:46:42.7360000Z,,v3,,,,"McGuin, Josh",10097254,Right,QUI_DOG,9e1fd9e0-5ad9-4cf1-91dc-f7491b8c8ff3,55.25887,-127.48433,11.46336,5.9348,-4.15131,-10.61358,-1.72804,9.15955,-5.20678,,,,,,,,,,,,,,,,,,,,,,,,,,,,,,,,,,,,,,,,,,,,,,,,,,,High,High,High,,,,,
206,2026-07-03,20:46:57.48,4,4,"Schiebe, Karl",10323009,Right,QUI_DOG,"Sydlowski, Kriss",1000162904,Right,JOH_MIL,Undefined,5,Bottom,2,2,1,Slider,Slider,StrikeCalled,Undefined,Undefined,Undefined,0,0,,78.11872,-0.088587,-1.44538,2038.903413,99.365858,9:15,5.69791,1.91614,5.35896,-44.36955,2.07933,-4.30103,1.91735,0.20199,72.2459,-8.15674,-2.21044,0.490523,,,,,,,,,,,,1.77811,1.50654,-1.78312,50,5.65835,3.03201,-113.46033,-1.67794,2.33044,19.70156,-30.1995,JOH_MIL,QUI_DOG,SargentsStad,Prospect League,PLB,20260703-SargentsStad-1,dd792640-7741-11f1-8b9e-653d8f45cec5,76.84137,,,5.87282,,,,,,,7278278f-6c90-4be2-9b92-daf4626d24ff,2026-07-04,00:46:57.48,2026-07-03T20:46:57.4860000-04:00,2026-07-04T00:46:57.4860000Z,,v3,,,,"McGuin, Josh",10097254,Right,QUI_DOG,56fbd7a3-6cdf-4a67-82b1-10009caa4e14,55.13985,-114.34934,9.85078,5.70332,-0.31521,-15.09975,-1.91757,2.92686,1.16522,,,,,,,,,,,,,,,,,,,,,,,,,,,,,,,,,,,,,,,,,,,,,,,,,,,High,High,High,,,,,
207,2026-07-03,20:47:16.13,4,5,"Schiebe, Karl",10323009,Right,QUI_DOG,"Sydlowski, Kriss",1000162904,Right,JOH_MIL,Undefined,5,Bottom,2,2,2,Curveball,Curveball,StrikeSwinging,Strikeout,Undefined,Undefined,0,0,,65.74198,1.398856,-1.374338,2219.788167,57.173806,8:00,5.78016,1.89369,5.24922,-76.29012,-9.61768,-18.22387,0.73778,-0.91667,60.8904,-12.337274,-4.615797,0.587685,,,,,,,,,,,,8.678,-4.54638,-1.75368,50,5.85215,2.9046,-95.42177,0.07112,7.92666,15.95976,-36.3268,JOH_MIL,QUI_DOG,SargentsStad,Prospect League,PLB,20260703-SargentsStad-1,e8a19840-7741-11f1-8b9e-653d8f45cec5,64.13717,,,4.85159,,,,,,,7278278f-6c90-4be2-9b92-daf4626d24ff,2026-07-04,00:47:16.13,2026-07-03T20:47:16.1320000-04:00,2026-07-04T00:47:16.1320000Z,,v3,,,,"McGuin, Josh",10097254,Right,QUI_DOG,860dcb96-08bd-4a76-bf8e-0a0376f38fb1,55.2538,-96.29649,7.97988,5.79369,2.0621,-18.1634,-1.90097,2.47016,3.96333,,,,,,,,,,,,,,,,,,,,,,,,,,,,,,,,,,,,,,,,,,,,,,,,,,,High,High,High,,,,,
208,2026-07-03,20:49:51.54,1,1,"Headon, Grayson",1000400494,Right,JOH_MIL,"Staudacher, Dean",10022587,Right,QUI_DOG,Undefined,6,Top,0,0,0,FourSeamFastBall,Four-Seam,StrikeCalled,Undefined,Undefined,Undefined,0,0,,86.3253,-3.511003,-1.33039,1952.22307,198.223745,12:30,6.41551,1.42987,6.85112,-16.91127,19.12859,5.9337,1.80027,0.71117,79.51969,-6.759119,-0.245727,0.432079,,,,,,,,,,,,-3.49752,11.43327,-1.34679,50,6.18444,2.70213,-125.40046,-8.07642,-5.59632,24.20643,-13.87997,JOH_MIL,QUI_DOG,SargentsStad,Prospect League,PLB,20260703-SargentsStad-1,452dc390-7742-11f1-8b9e-653d8f45cec5,87.23512,,,6.80562,,,,,,,7278278f-6c90-4be2-9b92-daf4626d24ff,2026-07-04,00:49:51.54,2026-07-03T20:49:51.5460000-04:00,2026-07-04T00:49:51.5460000Z,,v3,,,,"Budacki, Brock",10180051,Right,JOH_MIL,0a25b2ec-14e9-445f-81af-5f088aaa96b6,53.64699,-126.10248,12.10322,6.41283,-7.67388,-6.93999,-1.42751,2.86443,-2.79816,,,,,,,,,,,,,,,,,,,,,,,,,,,,,,,,,,,,,,,,,,,,,,,,,,,High,High,High,,,,,
209,2026-07-03,20:50:07.45,1,2,"Headon, Grayson",1000400494,Right,JOH_MIL,"Staudacher, Dean",10022587,Right,QUI_DOG,Undefined,6,Top,0,0,1,Slider,Curveball,StrikeCalled,Undefined,Undefined,Undefined,0,0,,73.2765,0.59572,-0.890031,1882.487175,92.816046,9:00,5.84103,1.77431,6.53596,-49.19385,2.40051,-10.96571,2.28804,0.04407,66.44471,-8.613256,-2.884485,0.516979,,,,,,,,,,,,5.39985,1.68299,-1.70868,50,5.86238,2.01566,-106.39702,-0.18737,6.07038,21.54082,-30.28206,JOH_MIL,QUI_DOG,SargentsStad,Prospect League,PLB,20260703-SargentsStad-1,4eb38210-7742-11f1-8b9e-653d8f45cec5,72.90909,,,6.83179,,,,,,,7278278f-6c90-4be2-9b92-daf4626d24ff,2026-07-04,00:50:07.45,2026-07-03T20:50:07.4570000-04:00,2026-07-04T00:50:07.4570000Z,,v3,,,,"Budacki, Brock",10180051,Right,JOH_MIL,65fc3121-738d-413a-bfe0-4404805be685,53.95967,-107.19569,10.77041,5.84851,0.93539,-15.14103,-1.77924,1.79059,3.03519,,,,,,,,,,,,,,,,,,,,,,,,,,,,,,,,,,,,,,,,,,,,,,,,,,,High,High,High,,,,,
210,2026-07-03,20:50:21.36,1,3,"Headon, Grayson",1000400494,Right,JOH_MIL,"Staudacher, Dean",10022587,Right,QUI_DOG,Undefined,6,Top,0,0,2,Slider,Curveball,BallCalled,Undefined,Undefined,Undefined,0,0,,71.83705,-0.553937,-1.523749,1771.992674,70.803703,8:15,5.80775,1.68481,6.36583,-56.7583,-3.29488,-14.38757,0.56796,-0.91664,66.34719,-11.005961,-4.1362,0.526259,,,,,,,,,,,,7.08945,-1.08484,-1.56817,50,5.74152,3.22615,-104.43334,-2.52412,7.75821,19.08111,-33.36121,JOH_MIL,QUI_DOG,SargentsStad,Prospect League,PLB,20260703-SargentsStad-1,5700e7a0-7742-11f1-8b9e-653d8f45cec5,71.62332,,,5.48986,,,,,,,7278278f-6c90-4be2-9b92-daf4626d24ff,2026-07-04,00:50:21.36,2026-07-03T20:50:21.3600000-04:00,2026-07-04T00:50:21.3600000Z,,v3,,,,"Budacki, Brock",10180051,Right,JOH_MIL,0a370bde-6560-4131-ae70-09fb9e23a463,54.13515,-105.18616,9.54055,5.81514,-1.20789,-16.68061,-1.68941,2.92006,3.87911,,,,,,,,,,,,,,,,,,,,,,,,,,,,,,,,,,,,,,,,,,,,,,,,,,,High,High,High,,,,,
211,2026-07-03,20:50:39.02,1,4,"Headon, Grayson",1000400494,Right,JOH_MIL,"Staudacher, Dean",10022587,Right,QUI_DOG,Undefined,6,Top,0,1,2,Slider,Curveball,FoulBallNotFieldable,Undefined,Undefined,Undefined,0,0,,72.52776,0.60307,-1.396112,1814.460753,86.740502,9:00,5.77444,1.67537,6.6396,-50.84373,1.095,-10.64351,2.08971,-0.48987,66.49439,-8.886238,-3.335297,0.518701,,,,,,,,,,,,5.22481,0.83862,-1.57701,50,5.79465,2.89154,-105.45328,-0.16837,5.82525,19.58736,-31.23905,JOH_MIL,QUI_DOG,SargentsStad,Prospect League,PLB,20260703-SargentsStad-1,61802150-7742-11f1-8b9e-653d8f45cec5,72.66699,,,6.03337,,,,,,,7278278f-6c90-4be2-9b92-daf4626d24ff,2026-07-04,00:50:39.02,2026-07-03T20:50:39.0250000-04:00,2026-07-04T00:50:39.0250000Z,,v3,,,,"Budacki, Brock",10180051,Right,JOH_MIL,30f64190-dbdd-4dce-b800-ad9bbc7aac14,53.86024,-106.16788,9.79368,5.78,0.97131,-15.61953,-1.67863,2.67902,2.91262,,,,,,,,,,,,,,,,,,,,,,,,,,,,,,,,,,,,,,,,,,,,,,,,,,,High,High,High,,,,,
212,2026-07-03,20:51:01.01,1,5,"Headon, Grayson",1000400494,Right,JOH_MIL,"Staudacher, Dean",10022587,Right,QUI_DOG,Undefined,6,Top,0,1,2,FourSeamFastBall,Four-Seam,BallCalled,Undefined,Undefined,Undefined,0,0,,87.32937,-4.312023,-3.876604,1980.023821,210.125129,1:00,6.20437,1.4687,6.99545,-18.3741,16.84107,9.13772,0.73623,-1.29986,80.48078,-7.821486,-2.206468,0.427107,,,,,,,,,,,,-5.89343,10.47753,-1.23325,50,5.93236,8.25403,-126.52062,-9.98709,-9.60013,24.616,-15.10666,JOH_MIL,QUI_DOG,SargentsStad,Prospect League,PLB,20260703-SargentsStad-1,6e932540-7742-11f1-8b9e-653d8f45cec5,88.25066,,,6.84859,,,,,,,7278278f-6c90-4be2-9b92-daf4626d24ff,2026-07-04,00:51:01.01,2026-07-03T20:51:01.0150000-04:00,2026-07-04T00:51:01.0150000Z,,v3,,,,"Budacki, Brock",10180051,Right,JOH_MIL,9f823ca8-62f5-4622-a678-42718ffca79f,53.50302,-127.20034,12.308,6.20238,-9.56994,-7.55333,-1.46483,8.51912,-4.80007,,,,,,,,,,,,,,,,,,,,,,,,,,,,,,,,,,,,,,,,,,,,,,,,,,,High,High,High,,,,,
213,2026-07-03,20:51:18.46,1,6,"Headon, Grayson",1000400494,Right,JOH_MIL,"Staudacher, Dean",10022587,Right,QUI_DOG,Undefined,6,Top,0,2,2,Slider,Curveball,BallCalled,Undefined,Undefined,Undefined,0,0,,73.17327,-1.452975,-0.874513,1943.65632,78.112104,8:30,5.86457,1.6359,6.24859,-52.53711,-0.96906,-12.26406,0.14603,-0.19269,67.7976,-11.09712,-3.09873,0.516847,,,,,,,,,,,,6.17788,0.3363,-1.56486,50,5.73063,2.01402,-106.37768,-4.14179,7.04588,19.04862,-31.79048,JOH_MIL,QUI_DOG,SargentsStad,Prospect League,PLB,20260703-SargentsStad-1,79036ad0-7742-11f1-8b9e-653d8f45cec5,72.92768,,,5.37567,,,,,,,7278278f-6c90-4be2-9b92-daf4626d24ff,2026-07-04,00:51:18.46,2026-07-03T20:51:18.4690000-04:00,2026-07-04T00:51:18.4690000Z,,v3,,,,"Budacki, Brock",10180051,Right,JOH_MIL,df69e396-750b-4031-8a45-c708533c01ee,54.2524,-107.13644,9.52431,5.87039,-2.8755,-15.89524,-1.63949,1.73337,3.52294,,,,,,,,,,,,,,,,,,,,,,,,,,,,,,,,,,,,,,,,,,,,,,,,,,,High,High,High,,,,,
214,2026-07-03,20:51:45.95,1,7,"Headon, Grayson",1000400494,Right,JOH_MIL,"Staudacher, Dean",10022587,Right,QUI_DOG,Undefined,6,Top,0,3,2,Slider,Curveball,BallCalled,Walk,Undefined,Undefined,0,0,,72.56624,-1.442869,-0.244084,1845.064594,109.658466,9:45,5.74441,1.89394,6.96734,-47.08506,3.95748,-6.49154,0.50779,1.13094,66.97609,-10.252815,-1.436935,0.514207,,,,,,,,,,,,3.40677,3.0239,-1.87698,50,5.63969,0.63662,-105.57868,-3.76244,3.82287,18.95623,-28.78083,JOH_MIL,QUI_DOG,SargentsStad,Prospect League,PLB,20260703-SargentsStad-1,8969df80-7742-11f1-8b9e-653d8f45cec5,73.30214,,,5.59015,,,,,,,7278278f-6c90-4be2-9b92-daf4626d24ff,2026-07-04,00:51:45.95,2026-07-03T20:51:45.9540000-04:00,2026-07-04T00:51:45.9540000Z,,v3,,,,"Budacki, Brock",10180051,Right,JOH_MIL,c3ddc53b-4b9a-4912-bf1e-ecece2d38cd2,53.53171,-106.21089,9.47811,5.74916,-2.80257,-14.39042,-1.89608,0.50913,1.91144,,,,,,,,,,,,,,,,,,,,,,,,,,,,,,,,,,,,,,,,,,,,,,,,,,,High,High,High,,,,,
215,2026-07-03,20:52:20.29,2,1,"Headon, Grayson",1000400494,Right,JOH_MIL,"McGuin, Josh",10097254,Left,QUI_DOG,Undefined,6,Top,0,0,0,FourSeamFastBall,Four-Seam,InPlay,Undefined,GroundBall,Out,1,0,,86.41877,-2.890406,-2.998054,1866.28728,191.773283,12:30,6.17948,1.65615,7.01222,-18.15048,17.54477,3.4352,2.03395,-0.78507,79.75167,-6.370859,-2.369468,0.430008,73.1792,-34.035638,6.599687,,,,,3.37634,3.37634,19.997408,0.031792,-2.61445,10.47083,-1.47411,50,5.99625,6.45792,-125.53424,-6.75788,-4.20053,23.78582,-15.35105,JOH_MIL,QUI_DOG,SargentsStad,Prospect League,PLB,20260703-SargentsStad-1,9dd90b30-7742-11f1-8b9e-653d8f45cec5,87.65517,1.91474,,6.6671,,,,0.35665,1.91474,0.82881,7278278f-6c90-4be2-9b92-daf4626d24ff,2026-07-04,00:52:20.29,2026-07-03T20:52:20.2900000-04:00,2026-07-04T00:52:20.2900000Z,GroundBall,v3,,,,"Budacki, Brock",10180051,Right,JOH_MIL,d253a3a1-6de2-46db-bea3-5eaa69a0f808,53.48665,-126.19315,11.89291,6.17756,-6.33263,-7.67553,-1.65461,6.57428,-2.10027,,0.3555,88.57881,,,,,,,,1.91552,-60.22646,,,,,,,,0.82868,10.24843,,,,,,,,,,,,,,,,,,,,,,,,,,,,,,High,High,High,Estimated,Estimated,,,
216,2026-07-03,20:52:59.40,3,1,"Headon, Grayson",1000400494,Right,JOH_MIL,"Kindhart, Brady",85172,Right,QUI_DOG,Undefined,6,Top,1,0,0,FourSeamFastBall,Four-Seam,BallCalled,Undefined,Undefined,Undefined,0,0,,87.09507,-0.634465,-3.147062,1915.128373,200.474336,12:45,6.29408,1.47302,6.9476,-18.79942,16.52804,5.76583,4.14918,-0.91335,79.78397,-4.257505,-2.09381,0.427787,,,,,,,,,,,,-3.91595,9.30788,-1.27893,50,6.24758,6.75315,-126.57257,-1.83956,-6.36542,25.34896,-17.04404,JOH_MIL,QUI_DOG,SargentsStad,Prospect League,PLB,20260703-SargentsStad-1,b5269eb0-7742-11f1-8b9e-653d8f45cec5,88.11031,,,7.3111,,,,,,,7278278f-6c90-4be2-9b92-daf4626d24ff,2026-07-04,00:52:59.40,2026-07-03T20:52:59.4040000-04:00,2026-07-04T00:52:59.4040000Z,,v3,,,,"Budacki, Brock",10180051,Right,JOH_MIL,81384840-9372-460c-ae88-b25cdd9290b0,53.5498,-127.2815,12.67448,6.29237,-1.36289,-8.52202,-1.47028,6.93117,-3.18271,,,,,,,,,,,,,,,,,,,,,,,,,,,,,,,,,,,,,,,,,,,,,,,,,,,High,High,High,,,,,
217,2026-07-03,20:53:14.79,3,2,"Headon, Grayson",1000400494,Right,JOH_MIL,"Kindhart, Brady",85172,Right,QUI_DOG,Undefined,6,Top,1,1,0,FourSeamFastBall,Four-Seam,FoulBallNotFieldable,Undefined,Undefined,Undefined,0,0,,86.43991,-2.467732,-1.974223,1935.049339,196.794669,12:30,6.33683,1.56949,6.91017,-18.51249,17.34623,4.90355,2.54403,0.17949,79.4866,-6.021456,-1.077359,0.430992,79.57138,75.399543,70.212389,,,,,,31.93528,,,-3.16103,10.2639,-1.44711,50,6.17484,4.16419,-125.66583,-5.85304,-5.06939,24.77496,-15.71354,JOH_MIL,QUI_DOG,SargentsStad,Prospect League,PLB,20260703-SargentsStad-1,be4dc270-7742-11f1-8b9e-653d8f45cec5,87.45515,102.57681,,6.9533,,,,2.47878,2.65531,-0.19963,7278278f-6c90-4be2-9b92-daf4626d24ff,2026-07-04,00:53:14.79,2026-07-03T20:53:14.7900000-04:00,2026-07-04T00:53:14.7900000Z,,v3,,,,"Budacki, Brock",10180051,Right,JOH_MIL,a75af590-24cb-4af2-b927-2481d1065f8a,53.58917,-126.37145,12.38748,6.33517,-5.4055,-7.85677,-1.56777,4.30858,-2.53469,,2.47879,9.95834,-10.04316,3.23037,-0.66876,0.1106,-0.17838,0.19288,-0.06111,2.65531,112.93577,-29.3837,3.79592,-0.77744,0.20299,-0.10797,0.05545,-0.01265,-0.19963,27.68165,-1.46361,0.00552,0.02388,0.01183,0.0119,-0.02515,0.00908,,,,,,,,,,,,,,,,,,,,,,,High,High,High,Low,Undefined,,,
218,2026-07-03,20:53:39.09,3,3,"Headon, Grayson",1000400494,Right,JOH_MIL,"Kindhart, Brady",85172,Right,QUI_DOG,Undefined,6,Top,1,1,1,Slider,Curveball,BallCalled,Undefined,Undefined,Undefined,0,0,,75.08927,-1.321431,-2.020003,1840.421745,158.478245,11:15,5.8825,1.67543,6.39069,-38.39624,10.63445,-3.53709,1.46643,-0.47803,68.66517,-8.497722,-2.661024,0.503971,,,,,,,,,,,,1.23039,6.45654,-1.52875,50,5.77002,3.96198,-109.00107,-3.52181,1.46643,20.8324,-24.47886,JOH_MIL,QUI_DOG,SargentsStad,Prospect League,PLB,20260703-SargentsStad-1,ccdfc540-7742-11f1-8b9e-653d8f45cec5,74.79091,,,6.4241,,,,,,,7278278f-6c90-4be2-9b92-daf4626d24ff,2026-07-04,00:53:39.09,2026-07-03T20:53:39.0930000-04:00,2026-07-04T00:53:39.0930000Z,,v3,,,,"Budacki, Brock",10180051,Right,JOH_MIL,ade7ca6f-bb78-43ac-b74d-475027923aab,54.10588,-109.78298,10.4162,5.88496,-2.60303,-12.23943,-1.67642,3.90694,0.73321,,,,,,,,,,,,,,,,,,,,,,,,,,,,,,,,,,,,,,,,,,,,,,,,,,,High,High,High,,,,,
219,2026-07-03,20:53:47.00,3,4,"Headon, Grayson",1000400494,Right,JOH_MIL,"Kindhart, Brady",85172,Right,QUI_DOG,Undefined,6,Top,1,2,1,Other,,BallCalled,Undefined,Undefined,Undefined,0,0,,,,,,,,,,,,,,,,,,,,,,,,,,,,,,,,,,,,,,,,,,JOH_MIL,QUI_DOG,SargentsStad,Prospect League,PLB,20260703-SargentsStad-1,de828a80-7742-11f1-8b9e-653d8f45cec5,,,,,,,,,,,7278278f-6c90-4be2-9b92-daf4626d24ff,2026-07-04,00:53:47.00,2026-07-03T20:53:47.0000000-04:00,2026-07-04T00:53:47.0000000Z,,v3,,,,"Budacki, Brock",10180051,Right,JOH_MIL,afafeb7e-67c3-4f32-bb7c-316688d7a198,,,,,,,,,,,,,,,,,,,,,,,,,,,,,,,,,,,,,,,,,,,,,,,,,,,,,,,,,,,,,,,,,,,
220,2026-07-03,20:54:15.88,3,5,"Headon, Grayson",1000400494,Right,JOH_MIL,"Kindhart, Brady",85172,Right,QUI_DOG,Undefined,6,Top,1,3,1,FourSeamFastBall,Changeup,BallCalled,Walk,Undefined,Undefined,0,0,,86.18831,-0.336287,-1.98372,1840.600423,209.29392,1:00,6.21054,1.60733,6.96394,-18.82816,17.16733,9.0113,4.3354,0.55283,78.91853,-3.974214,-0.334306,0.431813,,,,,,,,,,,,-5.3287,9.5793,-1.48705,50,6.18272,4.02501,-125.3793,-1.16219,-8.49501,24.99361,-16.90275,JOH_MIL,QUI_DOG,SargentsStad,Prospect League,PLB,20260703-SargentsStad-1,e2ba67d0-7742-11f1-8b9e-653d8f45cec5,87.28886,,,7.26978,,,,,,,7278278f-6c90-4be2-9b92-daf4626d24ff,2026-07-04,00:54:15.88,2026-07-03T20:54:15.8860000-04:00,2026-07-04T00:54:15.8860000Z,,v3,,,,"Budacki, Brock",10180051,Right,JOH_MIL,a8a93d9b-b77d-4ce7-870a-7aa74065c43e,53.53367,-126.08174,12.4968,6.2087,-0.68713,-8.45137,-1.60353,4.26376,-4.24751,,,,,,,,,,,,,,,,,,,,,,,,,,,,,,,,,,,,,,,,,,,,,,,,,,,High,High,High,,,,,
221,2026-07-03,20:55:35.31,4,1,"Headon, Grayson",1000400494,Right,JOH_MIL,"Link, Kamryn",1000332402,Right,QUI_DOG,Undefined,6,Top,1,0,0,FourSeamFastBall,Four-Seam,StrikeCalled,Undefined,Undefined,Undefined,0,0,,87.95607,-2.884543,-2.035557,2117.338189,195.335653,12:30,6.14412,1.49166,6.98066,-13.80985,20.92226,5.42839,2.36602,0.09197,80.40383,-5.591957,-1.041777,0.424167,,,,,,,,,,,,-3.44169,12.27894,-1.36765,50,5.96066,4.34111,-127.73924,-6.6964,-5.67944,26.62707,-11.91158,JOH_MIL,QUI_DOG,SargentsStad,Prospect League,PLB,20260703-SargentsStad-1,1223db50-7743-11f1-8b9e-653d8f45cec5,88.86226,,,7.55223,,,,,,,7278278f-6c90-4be2-9b92-daf4626d24ff,2026-07-04,00:55:35.31,2026-07-03T20:55:35.3130000-04:00,2026-07-04T00:55:35.3130000Z,,v3,,,,"Budacki, Brock",10180051,Right,JOH_MIL,bd05d9cb-4d47-4986-b9c6-c9890df4de79,53.51552,-128.46995,13.31353,6.13994,-6.36951,-5.95579,-1.48892,4.49697,-2.83972,,,,,,,,,,,,,,,,,,,,,,,,,,,,,,,,,,,,,,,,,,,,,,,,,,,High,High,High,,,,,
222,2026-07-03,20:55:52.71,4,2,"Headon, Grayson",1000400494,Right,JOH_MIL,"Link, Kamryn",1000332402,Right,QUI_DOG,Undefined,6,Top,1,0,1,Slider,Curveball,InPlay,Undefined,GroundBall,FieldersChoice,1,0,,74.2838,0.153849,-1.026565,1924.818905,120.869883,10:00,5.6928,1.60479,6.76307,-42.869,6.5587,-8.1463,2.26091,-0.0117,67.70837,-7.917957,-2.514123,0.506007,100.69333,3.096282,-17.191357,1186.575532,,,,77.71006,73.77005,-17.666617,0.547134,4.00772,3.90229,-1.5349,50,5.68676,2.18587,-107.98279,-0.76223,4.67035,21.08979,-27.62656,JOH_MIL,QUI_DOG,SargentsStad,Prospect League,PLB,20260703-SargentsStad-1,1c841b50-7743-11f1-8b9e-653d8f45cec5,74.48993,2.97388,,6.57543,,,,2.11745,2.28977,0.00874,7278278f-6c90-4be2-9b92-daf4626d24ff,2026-07-04,00:55:52.71,2026-07-03T20:55:52.7170000-04:00,2026-07-04T00:55:52.7170000Z,GroundBall,v3,,,,"Budacki, Brock",10180051,Right,JOH_MIL,73fbdb09-b0f6-4883-83c4-e325da024c3e,53.73487,-108.70979,10.54489,5.69662,0.1901,-13.81328,-1.60747,2.02488,2.33517,37.474795,2.13228,140.51558,-16.64273,,,,,,,2.30878,7.51039,-21.49943,,,,,,,0.01179,-43.66179,0.97196,,,,,,,,,,,,,,,,,,,,,,,,,,,,,High,High,High,High,High,,,
223,2026-07-03,20:56:40.92,5,1,"Headon, Grayson",1000400494,Right,JOH_MIL,"Shuey, John",1000465138,Left,QUI_DOG,Undefined,6,Top,2,0,0,FourSeamFastBall,Four-Seam,BallCalled,Undefined,Undefined,Undefined,0,0,,89.01583,-3.061977,-4.181366,1966.663209,196.563428,12:30,6.1998,1.66972,6.97235,-14.49355,19.19631,5.41768,2.19669,-1.68901,82.24905,-5.8618,-3.193264,0.417754,,,,,,,,,,,,-3.99981,11.40505,-1.41319,50,6.00501,9.26471,-129.18972,-7.2547,-6.82071,24.64379,-12.72549,JOH_MIL,QUI_DOG,SargentsStad,Prospect League,PLB,20260703-SargentsStad-1,39247200-7743-11f1-8b9e-653d8f45cec5,90.22634,,,6.76678,,,,,,,7278278f-6c90-4be2-9b92-daf4626d24ff,2026-07-04,00:56:40.92,2026-07-03T20:56:40.9250000-04:00,2026-07-04T00:56:40.9250000Z,,v3,,,,"Budacki, Brock",10180051,Right,JOH_MIL,b847b0dd-5e81-474e-a044-b57a9d0983e4,53.52921,-129.8612,12.3219,6.19796,-6.90796,-6.36275,-1.66816,9.45055,-3.41035,,,,,,,,,,,,,,,,,,,,,,,,,,,,,,,,,,,,,,,,,,,,,,,,,,,High,High,High,,,,,
224,2026-07-03,20:56:58.09,5,2,"Headon, Grayson",1000400494,Right,JOH_MIL,"Shuey, John",1000465138,Left,QUI_DOG,Undefined,6,Top,2,1,0,FourSeamFastBall,Four-Seam,FoulBallNotFieldable,Undefined,Undefined,Undefined,0,0,,87.89995,-2.740878,-1.85364,1984.188275,198.451057,12:30,6.22074,1.63841,7.06914,-17.96025,16.34753,5.12055,2.23234,0.38157,81.22631,-6.184906,-0.914057,0.421568,80.69336,49.832349,-51.719771,4189.068641,,,,,79.09284,,,-3.22299,9.78544,-1.52855,50,6.04983,3.96324,-127.84457,-6.53839,-5.37812,24.32126,-15.84539,JOH_MIL,QUI_DOG,SargentsStad,Prospect League,PLB,20260703-SargentsStad-1,43659140-7743-11f1-8b9e-653d8f45cec5,89.41012,80.25388,,6.67364,,,,0.56424,2.04254,-0.15294,7278278f-6c90-4be2-9b92-daf4626d24ff,2026-07-04,00:56:58.09,2026-07-03T20:56:58.0960000-04:00,2026-07-04T00:56:58.0960000Z,,v3,,,,"Budacki, Brock",10180051,Right,JOH_MIL,9c7966f7-c55b-4d02-921a-b4d690e0b442,53.43024,-128.49549,12.16063,6.21914,-6.11431,-7.9227,-1.63654,4.10717,-2.68906,,0.56422,47.29626,-15.49576,4.73055,-2.89995,3.57872,-3.09362,1.41184,-0.26067,2.04255,90.43733,-24.33848,2.33703,0.14104,-0.96755,0.94313,-0.44322,0.08309,-0.15295,-59.9244,5.01075,-0.47698,-0.44657,0.85481,-0.77891,0.36144,-0.0674,,,,,,,,,,,,,,,,,,,,,,,High,High,High,High,Undefined,,,
225,2026-07-03,20:57:25.09,5,3,"Headon, Grayson",1000400494,Right,JOH_MIL,"Shuey, John",1000465138,Left,QUI_DOG,Undefined,6,Top,2,1,1,FourSeamFastBall,Four-Seam,InPlay,Undefined,FlyBall,Out,1,0,,87.9012,-2.484767,-3.065252,1930.698806,209.200673,1:00,6.26295,1.61263,6.96481,-16.14438,18.48718,9.73819,2.65241,-0.36712,80.76899,-5.607848,-1.284697,0.423553,76.9757,30.262251,-13.738351,2269.482476,104.93956,48.70121,-32.97943,270.11702,263.63192,-22.593875,3.892734,-6.02508,10.86587,-1.42584,50,6.10298,6.49789,-127.69988,-5.9062,-9.98822,25.33192,-14.16093,JOH_MIL,QUI_DOG,SargentsStad,Prospect League,PLB,20260703-SargentsStad-1,538252c0-7743-11f1-8b9e-653d8f45cec5,88.99113,52.56551,,7.13221,,,,0.6709,2.61109,0.37734,7278278f-6c90-4be2-9b92-daf4626d24ff,2026-07-04,00:57:25.09,2026-07-03T20:57:25.0930000-04:00,2026-07-04T00:57:25.0930000Z,FlyBall,v3,,,,"Budacki, Brock",10180051,Right,JOH_MIL,15147df7-1a98-4958-990e-b6abbbbec685,53.53435,-128.39908,12.66596,6.2606,-5.51533,-7.08047,-1.60899,6.77358,-4.99411,138.223771,0.67118,94.71858,-14.72459,3.11085,-0.61693,0.14469,-0.04294,0.0087,-0.00069,2.61152,56.87875,-17.65921,0.84023,0.14918,-0.18488,0.07375,-0.0131,0.00087,0.37731,-23.15474,-2.82698,1.0899,-0.30999,0.08836,-0.02354,0.00384,-0.00025,,,,,,,,,,,,,,,,,,,,,,,High,High,High,High,High,,,
226,2026-07-03,21:00:08.24,1,1,"Schiebe, Karl",10323009,Right,QUI_DOG,"DeCello, Sergio",802217,Left,JOH_MIL,Undefined,6,Bottom,0,0,0,FourSeamFastBall,Changeup,BallCalled,Undefined,Undefined,Undefined,0,0,,86.78158,-2.512249,-4.742529,2098.514104,229.918445,1:45,5.79039,2.09234,5.12294,-26.41025,11.82552,12.65359,1.21361,-1.33038,79.90643,-7.338735,-2.512865,0.445048,,,,,,,,,,,,-7.54756,6.89292,-1.65611,50,5.53309,9.85157,-125.5037,-6.48968,-12.1218,23.74752,-21.10365,JOH_MIL,QUI_DOG,SargentsStad,Prospect League,PLB,20260703-SargentsStad-1,b4cdb3d0-7743-11f1-8b9e-653d8f45cec5,84.69306,,,6.87515,,,,,,,7278278f-6c90-4be2-9b92-daf4626d24ff,2026-07-04,01:00:08.24,2026-07-03T21:00:08.2420000-04:00,2026-07-04T01:00:08.2420000Z,,v3,,,,"McGuin, Josh",10097254,Right,QUI_DOG,397764ea-62bd-4d42-bf6d-8628d05715d9,55.37623,-126.51689,11.87376,5.79076,-5.58929,-10.55182,-2.08746,10.36875,-6.0609,,,,,,,,,,,,,,,,,,,,,,,,,,,,,,,,,,,,,,,,,,,,,,,,,,,High,High,High,,,,,
227,2026-07-03,21:00:25.36,1,2,"Schiebe, Karl",10323009,Right,QUI_DOG,"DeCello, Sergio",802217,Left,JOH_MIL,Undefined,6,Bottom,0,1,0,TwoSeamFastBall,Changeup,BallCalled,Undefined,Undefined,Undefined,0,0,,86.52109,-0.162531,-2.282292,2098.596608,239.387508,2:00,5.89642,2.39759,5.09839,-29.64151,8.685,12.69682,3.27302,1.30386,79.3872,-5.588207,-0.037563,0.445575,,,,,,,,,,,,-6.87516,4.73083,-2.19228,50,5.85811,4.423,-125.51727,-1.46764,-11.02026,24.27336,-24.59098,JOH_MIL,QUI_DOG,SargentsStad,Prospect League,PLB,20260703-SargentsStad-1,beff1ba0-7743-11f1-8b9e-653d8f45cec5,84.59274,,,7.13389,,,,,,,7278278f-6c90-4be2-9b92-daf4626d24ff,2026-07-04,01:00:25.36,2026-07-03T21:00:25.3670000-04:00,2026-07-04T01:00:25.3670000Z,,v3,,,,"McGuin, Josh",10097254,Right,QUI_DOG,d2e8003d-6ca3-48a9-890f-5ed1635196a3,55.39906,-126.55707,12.13668,5.89842,-0.41424,-12.29549,-2.39186,4.89508,-5.51013,,,,,,,,,,,,,,,,,,,,,,,,,,,,,,,,,,,,,,,,,,,,,,,,,,,High,High,High,,,,,
228,2026-07-03,21:00:44.01,1,3,"Schiebe, Karl",10323009,Right,QUI_DOG,"DeCello, Sergio",802217,Left,JOH_MIL,Undefined,6,Bottom,0,2,0,Undefined,Slider,BallCalled,Undefined,Undefined,Undefined,0,0,,82.20906,-1.615461,-1.971051,2202.716313,208.753631,1:00,5.70298,2.29198,5.36952,-34.52163,7.70654,3.48937,1.31024,0.734,75.48847,-7.930471,-1.350377,0.467705,,,,,,,,,,,,-2.30654,4.72965,-2.11778,50,5.53367,3.95953,-119.23137,-4.55491,-3.31844,23.0473,-25.36948,JOH_MIL,QUI_DOG,SargentsStad,Prospect League,PLB,20260703-SargentsStad-1,ca1b3190-7743-11f1-8b9e-653d8f45cec5,80.59012,,,6.72059,,,,,,,7278278f-6c90-4be2-9b92-daf4626d24ff,2026-07-04,01:00:44.01,2026-07-03T21:00:44.0140000-04:00,2026-07-04T01:00:44.0140000Z,,v3,,,,"McGuin, Josh",10097254,Right,QUI_DOG,166badad-c5ac-4a1f-a882-7c37f4d017c4,55.12814,-120.21854,11.52365,5.7055,-3.46827,-12.68474,-2.29042,4.10167,-1.65922,,,,,,,,,,,,,,,,,,,,,,,,,,,,,,,,,,,,,,,,,,,,,,,,,,,High,High,High,,,,,
229,2026-07-03,21:01:08.51,1,4,"Schiebe, Karl",10323009,Right,QUI_DOG,"DeCello, Sergio",802217,Left,JOH_MIL,Undefined,6,Bottom,0,3,0,TwoSeamFastBall,Changeup,BallCalled,Walk,Undefined,Undefined,0,0,,85.45365,1.195324,-0.462869,1913.502218,224.851095,1:30,5.96953,2.33466,4.95245,-25.74289,13.92371,12.60284,4.95392,2.94754,77.8788,-3.559573,1.759211,0.453298,,,,,,,,,,,,-6.3152,6.91989,-2.30055,50,6.06476,0.42108,-123.92012,1.65938,-9.81807,24.80709,-21.41589,JOH_MIL,QUI_DOG,SargentsStad,Prospect League,PLB,20260703-SargentsStad-1,d8b0dde0-7743-11f1-8b9e-653d8f45cec5,83.15156,,,7.57484,,,,,,,7278278f-6c90-4be2-9b92-daf4626d24ff,2026-07-04,01:01:08.51,2026-07-03T21:01:08.5120000-04:00,2026-07-04T01:01:08.5120000Z,,v3,,,,"McGuin, Josh",10097254,Right,QUI_DOG,86c96088-ae67-4970-9021-b54e483e7a90,55.54357,-125.02494,12.40355,5.96962,2.61317,-10.70795,-2.32904,0.85834,-4.90904,,,,,,,,,,,,,,,,,,,,,,,,,,,,,,,,,,,,,,,,,,,,,,,,,,,High,High,High,,,,,
230,2026-07-03,21:01:40.36,2,1,"Schiebe, Karl",10323009,Right,QUI_DOG,"Lafferty, Austin",1000108754,Right,JOH_MIL,Undefined,6,Bottom,0,0,0,FourSeamFastBall,Sinker,StrikeCalled,Undefined,Undefined,Undefined,0,0,,87.14294,-1.582923,-2.612624,1993.890889,221.572918,1:30,5.86721,1.93473,5.13704,-22.62545,15.16032,12.40166,2.48928,0.50633,79.92504,-5.76596,-0.419591,0.442421,,,,,,,,,,,,-6.8317,8.31898,-1.69959,50,5.70158,5.19835,-126.33355,-4.29171,-11.09109,24.64183,-18.66836,JOH_MIL,QUI_DOG,SargentsStad,Prospect League,PLB,20260703-SargentsStad-1,ebac0730-7743-11f1-8b9e-653d8f45cec5,85.19591,,,7.2179,,,,,,,7278278f-6c90-4be2-9b92-daf4626d24ff,2026-07-04,01:01:40.36,2026-07-03T21:01:40.3610000-04:00,2026-07-04T01:01:40.3610000Z,,v3,,,,"McGuin, Josh",10097254,Right,QUI_DOG,0e027eed-9605-4ade-9f8a-a81e11fba034,55.36001,-127.37475,12.32092,5.86625,-3.50291,-9.33418,-1.92914,5.66698,-5.54554,,,,,,,,,,,,,,,,,,,,,,,,,,,,,,,,,,,,,,,,,,,,,,,,,,,High,High,High,,,,,
231,2026-07-03,21:01:57.77,2,2,"Schiebe, Karl",10323009,Right,QUI_DOG,"Lafferty, Austin",1000108754,Right,JOH_MIL,Undefined,6,Bottom,0,0,1,Slider,Slider,FoulBallNotFieldable,Undefined,Undefined,Undefined,0,0,,79.48994,0.754278,-1.88742,2292.871494,147.25576,11:00,5.70352,2.02443,5.32967,-40.53423,5.00977,-2.23264,3.03382,0.06679,72.30515,-6.682023,-2.283782,0.485721,68.39948,12.936323,166.784424,2375.765195,,,,101.71866,47.64027,166.953937,1.107796,0.54744,2.73835,-1.85218,50,5.74275,3.88768,-115.22622,0.14206,0.72982,23.09758,-28.52358,JOH_MIL,QUI_DOG,SargentsStad,Prospect League,PLB,20260703-SargentsStad-1,f61bfea0-7743-11f1-8b9e-653d8f45cec5,77.60098,8.18737,,7.18479,,,,1.04258,2.90437,-0.02656,7278278f-6c90-4be2-9b92-daf4626d24ff,2026-07-04,01:01:57.77,2026-07-03T21:01:57.7720000-04:00,2026-07-04T01:01:57.7720000Z,GroundBall,v3,,,,"McGuin, Josh",10097254,Right,QUI_DOG,2bd96724-3dda-48c0-9d54-f88382eb3790,55.16701,-116.25736,11.54879,5.70799,1.41542,-14.26179,-2.025,3.8551,0.36491,357.877087,1.04258,-95.18334,4.81924,-0.60451,0.31603,-0.62854,0.93379,-0.63876,0.1632,2.90437,22.45833,-24.94768,2.48413,-0.07178,-1.21929,1.81653,-1.18094,0.29017,-0.02656,22.35247,-1.64525,0.14189,0.32428,-1.00603,1.40057,-0.90246,0.22104,,,,,,,,,,,,,,,,,,,,,,,High,High,High,High,Medium,,,
232,2026-07-03,21:02:27.94,2,3,"Schiebe, Karl",10323009,Right,QUI_DOG,"Lafferty, Austin",1000108754,Right,JOH_MIL,Undefined,6,Bottom,0,0,2,FourSeamFastBall,Four-Seam,BallCalled,Undefined,Undefined,Undefined,0,0,,88.08365,-2.273274,-5.628851,2088.56125,208.661226,1:00,6.03663,1.72139,5.08408,-19.66804,17.5571,8.97371,2.2434,-2.85353,80.98717,-5.911128,-4.054819,0.439126,,,,,,,,,,,,-5.85296,9.63217,-1.19426,50,5.80525,12.12064,-127.19692,-5.7532,-9.67451,23.90896,-16.25282,JOH_MIL,QUI_DOG,SargentsStad,Prospect League,PLB,20260703-SargentsStad-1,080e1c60-7744-11f1-8b9e-653d8f45cec5,85.83505,,,7.09648,,,,,,,7278278f-6c90-4be2-9b92-daf4626d24ff,2026-07-04,01:02:27.94,2026-07-03T21:02:27.9420000-04:00,2026-07-04T01:02:27.9420000Z,,v3,,,,"McGuin, Josh",10097254,Right,QUI_DOG,57afd840-ee77-48e9-bb07-180bdd1bd46f,55.41284,-128.21033,11.95448,6.0345,-5.06431,-8.12641,-1.71669,12.53071,-4.83726,,,,,,,,,,,,,,,,,,,,,,,,,,,,,,,,,,,,,,,,,,,,,,,,,,,High,High,High,,,,,
233,2026-07-03,21:02:48.45,2,4,"Schiebe, Karl",10323009,Right,QUI_DOG,"Lafferty, Austin",1000108754,Right,JOH_MIL,Undefined,6,Bottom,0,1,2,Curveball,Curveball,InPlay,Undefined,GroundBall,Out,1,0,,68.42537,2.353921,-0.267875,2455.042935,57.502998,8:00,5.78985,2.08861,5.08693,-70.9035,-8.97371,-17.25017,2.10113,0.39862,62.88563,-10.442228,-3.323681,0.566397,79.22815,-17.83737,-38.852265,,,,,12.72762,12.72762,-35.43437,0.096074,8.54107,-4.66563,-2.04885,50,5.95625,1.07267,-99.25658,1.86744,8.44807,17.14986,-36.78888,JOH_MIL,QUI_DOG,SargentsStad,Prospect League,PLB,20260703-SargentsStad-1,1443b8a0-7744-11f1-8b9e-653d8f45cec5,66.5477,3.43244,,5.53973,,,,2.06319,3.43244,-0.68759,7278278f-6c90-4be2-9b92-daf4626d24ff,2026-07-04,01:02:48.45,2026-07-03T21:02:48.4540000-04:00,2026-07-04T01:02:48.4540000Z,GroundBall,v3,,,,"McGuin, Josh",10097254,Right,QUI_DOG,d7fd88cc-bb89-4ff5-99b9-915492220d93,55.41576,-100.18797,8.57493,5.80058,3.86539,-18.39444,-2.09464,0.61387,4.22404,180,2.05823,86.46444,,,,,,,,3.43449,-35.72692,,,,,,,,-0.68359,-69.64915,,,,,,,,,,,,,,,,,,,,,,,,,,,,,,High,High,High,Low,Low,,,
234,2026-07-03,21:03:30.23,3,1,"Schiebe, Karl",10323009,Right,QUI_DOG,"Marsh, Ty",839268,Left,JOH_MIL,Undefined,6,Bottom,1,0,0,Curveball,Curveball,BallCalled,Undefined,Undefined,Undefined,0,0,,68.3589,2.461183,0.991295,2356.789663,66.024596,8:15,5.7388,2.42053,5.07521,-68.07685,-6.28351,-18.49895,2.38773,1.81357,62.96781,-9.833115,-2.284188,0.565773,,,,,,,,,,,,9.39886,-3.13709,-2.49948,50,5.91869,-1.04266,-99.1686,2.11217,9.336,16.2339,-35.29015,JOH_MIL,QUI_DOG,SargentsStad,Prospect League,PLB,20260703-SargentsStad-1,2d3a1a20-7744-11f1-8b9e-653d8f45cec5,66.62113,,,5.39109,,,,,,,7278278f-6c90-4be2-9b92-daf4626d24ff,2026-07-04,01:03:30.23,2026-07-03T21:03:30.2300000-04:00,2026-07-04T01:03:30.2300000Z,,v3,,,,"McGuin, Josh",10097254,Right,QUI_DOG,fd279a9b-59f6-4aaa-8575-7b08d92e7665,55.42642,-100.05296,8.11695,5.75126,4.03465,-17.64508,-2.42883,-1.55125,4.668,,,,,,,,,,,,,,,,,,,,,,,,,,,,,,,,,,,,,,,,,,,,,,,,,,,High,High,High,,,,,
235,2026-07-03,21:03:51.75,3,2,"Schiebe, Karl",10323009,Right,QUI_DOG,"Marsh, Ty",839268,Left,JOH_MIL,Undefined,6,Bottom,1,1,0,FourSeamFastBall,Sinker,InPlay,Undefined,GroundBall,Out,1,0,,88.24515,-1.950755,-3.930193,1954.359486,222.975578,1:30,5.76674,2.19187,5.37242,-24.47801,11.78186,10.02977,1.89298,-0.66282,81.80183,-6.442257,-2.15237,0.433396,95.82708,1.319375,17.24772,1885.828093,,,,52.93072,51.50111,18.963544,0.389463,-6.0113,6.7037,-1.84667,50,5.57413,8.35848,-127.9573,-5.2446,-10.10957,22.8499,-20.90005,JOH_MIL,QUI_DOG,SargentsStad,Prospect League,PLB,20260703-SargentsStad-1,39fba2b0-7744-11f1-8b9e-653d8f45cec5,86.97005,1.89354,,6.44332,,,,0.81418,1.7674,0.59788,7278278f-6c90-4be2-9b92-daf4626d24ff,2026-07-04,01:03:51.75,2026-07-03T21:03:51.7550000-04:00,2026-07-04T01:03:51.7550000Z,GroundBall,v3,,,,"McGuin, Josh",10097254,Right,QUI_DOG,a175897c-7699-42e7-bfd5-58532006a20c,55.12795,-128.86976,11.42495,5.7669,-4.40999,-10.45002,-2.18851,8.76219,-5.05478,294.443755,0.82193,133.92468,-19.31776,,,,,,,1.77374,3.0187,-19.48508,,,,,,,0.5943,41.78481,2.21617,,,,,,,,,,,,,,,,,,,,,,,,,,,,,High,High,High,High,High,,,
236,2026-07-03,21:04:26.66,4,1,"Schiebe, Karl",10323009,Right,QUI_DOG,"Smith, Caleb",10094164,Right,JOH_MIL,Undefined,6,Bottom,2,0,0,FourSeamFastBall,Sinker,FoulBallNotFieldable,Undefined,Undefined,Undefined,0,0,,85.28504,-0.595488,-3.103132,1926.027815,221.318395,1:30,5.88903,2.10659,5.19946,-27.59064,11.59776,9.18,3.02888,-0.04993,78.57806,-5.658973,-1.47933,0.450557,68.46011,60.919537,159.554096,4871.153608,,,,,43.83864,,,-5.41402,6.28737,-1.8263,50,5.81307,6.31633,-123.73198,-2.27061,-8.46308,22.76138,-22.34577,JOH_MIL,QUI_DOG,SargentsStad,Prospect League,PLB,20260703-SargentsStad-1,4ecc4f50-7744-11f1-8b9e-653d8f45cec5,83.65736,62.50029,,6.70698,,,,2.42637,3.21869,0.02694,7278278f-6c90-4be2-9b92-daf4626d24ff,2026-07-04,01:04:26.66,2026-07-03T21:04:26.6630000-04:00,2026-07-04T01:04:26.6630000Z,,v3,,,,"McGuin, Josh",10097254,Right,QUI_DOG,787876d2-65db-479c-9c23-b59a9297e43b,55.30036,-124.70321,11.38069,5.88962,-1.31711,-11.17289,-2.10352,6.67745,-4.23154,343.145972,2.42637,-45.72764,-2.75734,2.51627,-0.73703,0.21324,-0.0444,0.00613,-0.00124,3.21869,87.75037,-30.26954,4.21686,-0.8143,0.1505,-0.02512,0.01311,-0.00353,0.02694,17.04767,-3.81678,-0.51645,0.20815,-0.0802,0.01417,-0.00237,0.00103,,,,,,,,,,,,,,,,,,,,,,,High,High,High,High,Undefined,,,
237,2026-07-03,21:04:47.11,4,2,"Schiebe, Karl",10323009,Right,QUI_DOG,"Smith, Caleb",10094164,Right,JOH_MIL,Undefined,6,Bottom,2,0,1,FourSeamFastBall,Four-Seam,InPlay,Undefined,GroundBall,Single,0,1,,87.18276,-1.86893,-2.433014,2004.16044,215.396021,1:15,5.92771,2.14473,5.12516,-23.99336,14.04111,9.07686,2.16579,0.60821,79.5014,-6.302624,-0.827862,0.443874,71.68204,11.597158,-24.764456,2529.089208,99.42871,7.16029,-47.05236,144.06242,140.33261,-25.594585,1.591017,-5.24473,7.90308,-1.92357,50,5.73383,4.96135,-126.30906,-4.97998,-8.44297,26.57532,-19.45169,JOH_MIL,QUI_DOG,SargentsStad,Prospect League,PLB,20260703-SargentsStad-1,5b014f50-7744-11f1-8b9e-653d8f45cec5,84.9169,9.71263,,7.68136,,,,1.98318,2.20957,-0.59666,7278278f-6c90-4be2-9b92-daf4626d24ff,2026-07-04,01:04:47.11,2026-07-03T21:04:47.1110000-04:00,2026-07-04T01:04:47.1110000Z,GroundBall,v3,,,,"McGuin, Josh",10097254,Right,QUI_DOG,08113efc-af90-4709-b0d1-fb5b7de397be,55.37274,-127.43446,13.28766,5.92728,-4.15625,-9.72585,-2.14124,5.31889,-4.22148,154.953988,1.9832,93.51359,-9.04195,0.52572,0.27273,-0.47944,0.29537,-0.07604,0.0059,2.20956,21.13628,-15.54516,1.02864,-0.26337,0.21797,-0.08876,0.00619,0.00283,-0.59667,-43.13889,2.83576,-0.02612,-0.15573,0.2333,-0.13705,0.03311,-0.00215,,,,,,,,,,,,,,,,,,,,,,,High,High,High,High,High,,,
238,2026-07-03,21:05:22.73,5,1,"Schiebe, Karl",10323009,Right,QUI_DOG,"Throneberry, Caden",1000570904,Left,JOH_MIL,Undefined,6,Bottom,2,0,0,Slider,Slider,BallCalled,Undefined,Undefined,Undefined,0,0,,79.33675,2.702554,-0.574617,2276.725415,106.90892,9:30,5.66151,2.39669,5.2457,-42.21451,3.31051,-6.24989,4.68538,1.33585,72.48198,-5.018846,-1.682095,0.48562,,,,,,,,,,,,2.94445,1.36579,-2.33917,50,5.87867,1.41192,-115.03335,3.96353,3.94852,21.18005,-30.3425,JOH_MIL,QUI_DOG,SargentsStad,Prospect League,PLB,20260703-SargentsStad-1,703eee90-7744-11f1-8b9e-653d8f45cec5,77.61717,,,6.85477,,,,,,,7278278f-6c90-4be2-9b92-daf4626d24ff,2026-07-04,01:05:22.73,2026-07-03T21:05:22.7350000-04:00,2026-07-04T01:05:22.7350000Z,,v3,,,,"McGuin, Josh",10097254,Right,QUI_DOG,58e20b6a-42d5-4eea-84d2-54bd355c84aa,55.25152,-115.99624,10.59002,5.66713,5.34296,-15.17125,-2.39928,1.23241,1.97426,,,,,,,,,,,,,,,,,,,,,,,,,,,,,,,,,,,,,,,,,,,,,,,,,,,High,High,High,,,,,
239,2026-07-03,21:05:40.20,5,2,"Schiebe, Karl",10323009,Right,QUI_DOG,"Throneberry, Caden",1000570904,Left,JOH_MIL,Undefined,6,Bottom,2,1,0,FourSeamFastBall,Sinker,StrikeCalled,Undefined,Undefined,Undefined,0,0,,86.35619,-1.864002,-2.171838,1999.349495,219.958571,1:15,5.7863,2.0283,5.26911,-25.17001,13.30969,10.0963,1.93599,0.82858,78.91714,-6.51468,-0.380814,0.446465,,,,,,,,,,,,-5.6413,7.5615,-1.83733,50,5.59757,4.29688,-125.16296,-4.95544,-8.93732,25.56764,-20.19464,JOH_MIL,QUI_DOG,SargentsStad,Prospect League,PLB,20260703-SargentsStad-1,7a9f0780-7744-11f1-8b9e-653d8f45cec5,84.42416,,,7.43905,,,,,,,7278278f-6c90-4be2-9b92-daf4626d24ff,2026-07-04,01:05:40.20,2026-07-03T21:05:40.2060000-04:00,2026-07-04T01:05:40.2060000Z,,v3,,,,"McGuin, Josh",10097254,Right,QUI_DOG,5aa8cd4a-7bff-469d-9e2c-2b7ca022058d,55.22739,-126.22627,12.78382,5.78619,-4.11558,-10.09732,-2.02375,4.66856,-4.46866,,,,,,,,,,,,,,,,,,,,,,,,,,,,,,,,,,,,,,,,,,,,,,,,,,,High,High,High,,,,,
240,2026-07-03,21:06:27.20,5,3,"Schiebe, Karl",10323009,Right,QUI_DOG,"Throneberry, Caden",1000570904,Left,JOH_MIL,Undefined,6,Bottom,2,1,1,Cutter,Slider,BallCalled,Undefined,Undefined,Undefined,0,0,,79.94166,1.186955,-0.532184,2207.05696,186.501921,12:15,5.64627,2.2389,5.19042,-39.01664,5.90311,0.51063,3.51168,1.7808,73.08662,-5.953204,-0.441696,0.482381,,,,,,,,,,,,-0.40197,3.0641,-2.18992,50,5.72712,1.05589,-115.97381,1.04188,-0.54717,21.79419,-28.0031,JOH_MIL,QUI_DOG,SargentsStad,Prospect League,PLB,20260703-SargentsStad-1,96aeb6f0-7744-11f1-8b9e-653d8f45cec5,78.13836,,,6.85504,,,,,,,7278278f-6c90-4be2-9b92-daf4626d24ff,2026-07-04,01:06:27.20,2026-07-03T21:06:27.2060000-04:00,2026-07-04T01:06:27.2060000Z,,v3,,,,"McGuin, Josh",10097254,Right,QUI_DOG,d7399954-302d-4350-9279-fc9c54863600,55.30604,-116.96669,10.89709,5.65059,2.31762,-14.00155,-2.23859,1.08082,-0.27358,,,,,,,,,,,,,,,,,,,,,,,,,,,,,,,,,,,,,,,,,,,,,,,,,,,High,High,High,,,,,
241,2026-07-03,21:06:51.51,5,4,"Schiebe, Karl",10323009,Right,QUI_DOG,"Throneberry, Caden",1000570904,Left,JOH_MIL,Undefined,6,Bottom,2,2,1,FourSeamFastBall,Changeup,BallCalled,Undefined,Undefined,Undefined,0,0,,85.07171,-0.742704,-1.795183,1987.909015,227.910353,1:30,5.79073,2.04481,5.26776,-26.16269,13.36335,13.39953,2.91245,1.47456,77.79882,-5.58175,0.582036,0.452494,,,,,,,,,,,,-7.16481,7.26933,-1.89074,50,5.70385,3.27861,-123.41391,-2.50429,-11.05673,24.42583,-20.95603,JOH_MIL,QUI_DOG,SargentsStad,Prospect League,PLB,20260703-SargentsStad-1,a52a99b0-7744-11f1-8b9e-653d8f45cec5,83.29925,,,7.27288,,,,,,,7278278f-6c90-4be2-9b92-daf4626d24ff,2026-07-04,01:06:51.51,2026-07-03T21:06:51.5160000-04:00,2026-07-04T01:06:51.5160000Z,,v3,,,,"McGuin, Josh",10097254,Right,QUI_DOG,283acffa-8be2-4984-8549-8c0062cc66cb,55.22912,-124.44455,12.21292,5.79086,-1.62006,-10.47802,-2.03892,3.74514,-5.52837,,,,,,,,,,,,,,,,,,,,,,,,,,,,,,,,,,,,,,,,,,,,,,,,,,,High,High,High,,,,,
242,2026-07-03,21:07:14.11,5,5,"Schiebe, Karl",10323009,Right,QUI_DOG,"Throneberry, Caden",1000570904,Left,JOH_MIL,Undefined,6,Bottom,2,3,1,FourSeamFastBall,Sinker,StrikeCalled,Undefined,Undefined,Undefined,0,0,,86.91297,-1.471193,-3.935016,2025.513058,223.851361,1:30,5.73441,2.03157,5.46787,-24.90549,12.65914,11.04753,2.27855,-0.73628,79.81256,-6.076837,-1.97352,0.441124,,,,,,,,,,,,-6.59008,7.12264,-1.69272,50,5.58783,8.18237,-125.92653,-4.09666,-10.63745,24.31568,-20.677,JOH_MIL,QUI_DOG,SargentsStad,Prospect League,PLB,20260703-SargentsStad-1,b28f4010-7744-11f1-8b9e-653d8f45cec5,85.44631,,,7.10041,,,,,,,7278278f-6c90-4be2-9b92-daf4626d24ff,2026-07-04,01:07:14.11,2026-07-03T21:07:14.1110000-04:00,2026-07-04T01:07:14.1110000Z,,v3,,,,"McGuin, Josh",10097254,Right,QUI_DOG,aa521718-6c77-464f-a4b6-6cfd5c9adf4a,55.03002,-126.89408,12.15784,5.73448,-3.2739,-10.3385,-2.02672,8.60565,-5.31872,,,,,,,,,,,,,,,,,,,,,,,,,,,,,,,,,,,,,,,,,,,,,,,,,,,High,High,High,,,,,
243,2026-07-03,21:07:41.43,5,6,"Schiebe, Karl",10323009,Right,QUI_DOG,"Throneberry, Caden",1000570904,Left,JOH_MIL,Undefined,6,Bottom,2,3,2,Slider,Slider,BallCalled,Walk,Undefined,Undefined,0,0,,77.29344,1.255683,0.449438,2339.154725,127.987084,10:15,5.66077,2.13244,5.27521,-43.1838,4.34567,-3.78508,3.24173,2.23915,71.2903,-6.621029,-0.222496,0.496196,,,,,,,,,,,,2.00059,2.31079,-2.17063,50,5.74381,-0.73008,-112.25147,1.00472,2.57138,18.92009,-29.20397,JOH_MIL,QUI_DOG,SargentsStad,Prospect League,PLB,20260703-SargentsStad-1,c2e33e30-7744-11f1-8b9e-653d8f45cec5,75.96287,,,6.00314,,,,,,,7278278f-6c90-4be2-9b92-daf4626d24ff,2026-07-04,01:07:41.43,2026-07-03T21:07:41.4340000-04:00,2026-07-04T01:07:41.4340000Z,,v3,,,,"McGuin, Josh",10097254,Right,QUI_DOG,dd1de2bc-dbfb-439a-b699-83b668848c27,55.22271,-113.12834,9.46005,5.66588,2.3582,-14.60199,-2.13403,-0.84925,1.28569,,,,,,,,,,,,,,,,,,,,,,,,,,,,,,,,,,,,,,,,,,,,,,,,,,,High,High,High,,,,,
244,2026-07-03,21:08:18.61,6,1,"Schiebe, Karl",10323009,Right,QUI_DOG,"Rozich, Landen",1000469268,Right,JOH_MIL,Undefined,6,Bottom,2,0,0,Fastball,Changeup,StrikeCalled,Undefined,Undefined,Undefined,0,0,,86.08472,-1.621632,-3.684668,2040.323613,222.027818,1:30,5.82791,1.87441,5.21848,-24.47411,14.34391,11.79225,2.26014,-0.61211,78.69018,-6.14671,-1.599574,0.448423,,,,,,,,,,,,-6.8776,7.98402,-1.54301,50,5.65992,7.49963,-124.63523,-4.38583,-10.82623,24.87651,-19.60618,JOH_MIL,QUI_DOG,SargentsStad,Prospect League,PLB,20260703-SargentsStad-1,d90b6480-7744-11f1-8b9e-653d8f45cec5,84.05553,,,7.39454,,,,,,,7278278f-6c90-4be2-9b92-daf4626d24ff,2026-07-04,01:08:18.61,2026-07-03T21:08:18.6190000-04:00,2026-07-04T01:08:18.6190000Z,,v3,,,,"McGuin, Josh",10097254,Right,QUI_DOG,1649feef-9365-4ce5-9f7b-720df4af9e2d,55.2783,-125.68433,12.43825,5.82744,-3.55899,-9.80309,-1.86891,7.9562,-5.41311,,,,,,,,,,,,,,,,,,,,,,,,,,,,,,,,,,,,,,,,,,,,,,,,,,,High,High,High,,,,,
245,2026-07-03,21:08:41.21,6,2,"Schiebe, Karl",10323009,Right,QUI_DOG,"Rozich, Landen",1000469268,Right,JOH_MIL,Undefined,6,Bottom,2,0,1,Fastball,Changeup,BallCalled,Undefined,Undefined,Undefined,0,0,,85.55471,-2.612227,-2.617196,1931.878506,225.272148,1:30,5.87275,1.94407,5.15775,-25.39694,14.01103,12.83662,1.29322,0.54854,78.288,-7.28737,-0.345057,0.451818,,,,,,,,,,,,-7.12386,8.10209,-1.70985,50,5.60942,5.09533,-123.89956,-6.54998,-11.065,24.93659,-19.58958,JOH_MIL,QUI_DOG,SargentsStad,Prospect League,PLB,20260703-SargentsStad-1,e6884dd0-7744-11f1-8b9e-653d8f45cec5,83.42393,,,7.26671,,,,,,,7278278f-6c90-4be2-9b92-daf4626d24ff,2026-07-04,01:08:41.21,2026-07-03T21:08:41.2140000-04:00,2026-07-04T01:08:41.2140000Z,,v3,,,,"McGuin, Josh",10097254,Right,QUI_DOG,a5623a4d-31b8-4095-abf1-3fb0657b3ef9,55.3396,-124.96961,12.4683,5.87245,-5.70938,-9.79479,-1.93868,5.57014,-5.5325,,,,,,,,,,,,,,,,,,,,,,,,,,,,,,,,,,,,,,,,,,,,,,,,,,,High,High,High,,,,,
246,2026-07-03,21:09:00.34,6,3,"Schiebe, Karl",10323009,Right,QUI_DOG,"Rozich, Landen",1000469268,Right,JOH_MIL,Undefined,6,Bottom,2,1,1,Curveball,Curveball,BallCalled,Undefined,Undefined,Undefined,0,0,,64.92539,2.985301,1.90233,2307.9052,65.23814,8:15,5.72765,1.95048,4.61055,-77.05162,-6.62252,-19.62706,2.14936,2.12436,59.37626,-10.832406,-1.542273,0.604015,,,,,,,,,,,,10.37686,-3.79784,-2.12641,50,5.96309,-2.44685,-93.97429,2.53007,9.16647,15.85975,-35.52889,JOH_MIL,QUI_DOG,SargentsStad,Prospect League,PLB,20260703-SargentsStad-1,f201ed10-7744-11f1-8b9e-653d8f45cec5,62.40319,,,5.54913,,,,,,,7278278f-6c90-4be2-9b92-daf4626d24ff,2026-07-04,01:09:00.34,2026-07-03T21:09:00.3480000-04:00,2026-07-04T01:09:00.3480000Z,,v3,,,,"McGuin, Josh",10097254,Right,QUI_DOG,d91e5dca-2a3c-4d51-9ff5-50d49debc741,55.89247,-94.96354,7.92988,5.73616,4.74617,-17.76445,-1.95595,-3.01861,4.58324,,,,,,,,,,,,,,,,,,,,,,,,,,,,,,,,,,,,,,,,,,,,,,,,,,,High,High,High,,,,,
247,2026-07-03,21:09:24.01,6,4,"Schiebe, Karl",10323009,Right,QUI_DOG,"Rozich, Landen",1000469268,Right,JOH_MIL,Undefined,6,Bottom,2,2,1,Fastball,Changeup,FoulBallNotFieldable,Undefined,Undefined,Undefined,0,0,,86.02607,-2.365947,-3.567085,2050.910812,226.274359,1:30,5.88688,1.9932,5.30957,-24.2986,14.42859,13.77406,1.63565,-0.21149,78.77461,-6.858139,-1.125894,0.447898,,,,,,,,,,,,-7.94603,8.26402,-1.67988,50,5.65444,7.17718,-124.57657,-5.98981,-12.49457,24.88606,-19.17946,JOH_MIL,QUI_DOG,SargentsStad,Prospect League,PLB,20260703-SargentsStad-1,000bfb30-7745-11f1-8b9e-653d8f45cec5,84.15401,,,7.25145,,,,,,,7278278f-6c90-4be2-9b92-daf4626d24ff,2026-07-04,01:09:24.01,2026-07-03T21:09:24.0190000-04:00,2026-07-04T01:09:24.0190000Z,,v3,,,,"McGuin, Josh",10097254,Right,QUI_DOG,31ccc6d6-aa20-47b5-a4a0-6fc28caa0235,55.18967,-125.60901,12.44303,5.88643,-5.19412,-9.58973,-1.98838,7.69554,-6.24729,,,,,,,,,,,,,,,,,,,,,,,,,,,,,,,,,,,,,,,,,,,,,,,,,,,High,High,High,,,,,
248,2026-07-03,21:10:45.03,6,5,"Schiebe, Karl",10323009,Right,QUI_DOG,"Rozich, Landen",1000469268,Right,JOH_MIL,Undefined,6,Bottom,2,2,2,Fastball,Changeup,BallCalled,Undefined,Undefined,Undefined,0,0,,86.25796,-2.869417,-3.334046,2078.806261,212.822011,1:00,5.889,1.85044,5.14614,-23.67155,15.33032,9.02697,1.20801,-0.53983,78.60379,-7.243738,-1.738899,0.449484,,,,,,,,,,,,-5.45339,8.86197,-1.54541,50,5.60218,6.86079,-124.73843,-7.08427,-8.55356,26.14622,-18.27418,JOH_MIL,QUI_DOG,SargentsStad,Prospect League,PLB,20260703-SargentsStad-1,305372a0-7745-11f1-8b9e-653d8f45cec5,83.85717,,,7.65417,,,,,,,7278278f-6c90-4be2-9b92-daf4626d24ff,2026-07-04,01:10:45.03,2026-07-03T21:10:45.0350000-04:00,2026-07-04T01:10:45.0350000Z,,v3,,,,"McGuin, Josh",10097254,Right,QUI_DOG,acf735ba-54e4-4cae-9400-20910eeb1b46,55.35,-125.85484,13.07311,5.88801,-6.30399,-9.13709,-1.84615,7.22601,-4.27678,,,,,,,,,,,,,,,,,,,,,,,,,,,,,,,,,,,,,,,,,,,,,,,,,,,High,High,High,,,,,
249,2026-07-03,21:11:08.35,6,6,"Schiebe, Karl",10323009,Right,QUI_DOG,"Rozich, Landen",1000469268,Right,JOH_MIL,Undefined,6,Bottom,2,3,2,Curveball,Curveball,BallCalled,Walk,Undefined,Undefined,0,0,,66.55807,-0.439565,-2.309614,2384.433359,52.429709,7:45,5.7335,1.93154,4.55833,-77.76351,-10.26127,-16.40595,-1.16549,-1.63499,61.47602,-14.195421,-5.195121,0.591331,,,,,,,,,,,,7.40032,-4.5154,-1.67502,50,5.61411,4.46097,-96.36498,-3.21368,6.81877,17.78286,-36.3346,JOH_MIL,QUI_DOG,SargentsStad,Prospect League,PLB,20260703-SargentsStad-1,3e3e11e0-7745-11f1-8b9e-653d8f45cec5,63.74172,,,5.08205,,,,,,,7278278f-6c90-4be2-9b92-daf4626d24ff,2026-07-04,01:11:08.35,2026-07-03T21:11:08.3510000-04:00,2026-07-04T01:11:08.3510000Z,,v3,,,,"McGuin, Josh",10097254,Right,QUI_DOG,f517494e-c20f-453c-93a1-4e50607fac30,55.94464,-97.45581,8.89143,5.74289,-0.98486,-18.1673,-1.93584,4.04269,3.40939,,,,,,,,,,,,,,,,,,,,,,,,,,,,,,,,,,,,,,,,,,,,,,,,,,,High,High,High,,,,,
250,2026-07-03,21:11:43.43,7,1,"Schiebe, Karl",10323009,Right,QUI_DOG,"Budacki, Brock",10180051,Right,JOH_MIL,Undefined,6,Bottom,2,0,0,Fastball,Changeup,BallCalled,Undefined,Undefined,Undefined,0,0,,84.08757,-1.976355,-4.584171,1850.632245,221.730274,1:30,5.85716,1.89819,5.42204,-27.11812,13.27178,10.68819,1.73944,-1.51418,77.12535,-6.977779,-2.690398,0.457412,,,,,,,,,,,,-6.58185,7.60481,-1.49806,50,5.66253,9.29758,-121.64366,-5.12032,-9.89169,23.18982,-20.74499,JOH_MIL,QUI_DOG,SargentsStad,Prospect League,PLB,20260703-SargentsStad-1,531dd9b0-7745-11f1-8b9e-653d8f45cec5,82.40366,,,6.96221,,,,,,,7278278f-6c90-4be2-9b92-daf4626d24ff,2026-07-04,01:11:43.43,2026-07-03T21:11:43.4320000-04:00,2026-07-04T01:11:43.4320000Z,,v3,,,,"McGuin, Josh",10097254,Right,QUI_DOG,567b6235-1a34-4b36-86cf-a04fbb9c745e,55.07472,-122.60728,11.59491,5.85739,-4.25829,-10.3725,-1.89295,9.70861,-4.94585,,,,,,,,,,,,,,,,,,,,,,,,,,,,,,,,,,,,,,,,,,,,,,,,,,,High,High,High,,,,,
251,2026-07-03,21:12:05.89,7,2,"Schiebe, Karl",10323009,Right,QUI_DOG,"Budacki, Brock",10180051,Right,JOH_MIL,Undefined,6,Bottom,2,1,0,Cutter,Slider,BallCalled,Undefined,Undefined,Undefined,0,0,,78.92665,-1.055607,-1.087584,2132.855717,180.781954,12:00,5.71199,2.02824,5.35479,-37.30317,8.63024,0.0972,1.61311,1.01623,72.27451,-7.892506,-1.070292,0.487793,,,,,,,,,,,,-0.36252,5.10174,-1.93052,50,5.59074,2.16948,-114.48397,-3.34708,-0.47935,21.86021,-25.42801,JOH_MIL,QUI_DOG,SargentsStad,Prospect League,PLB,20260703-SargentsStad-1,608ba7d0-7745-11f1-8b9e-653d8f45cec5,77.27134,,,6.65213,,,,,,,7278278f-6c90-4be2-9b92-daf4626d24ff,2026-07-04,01:12:05.89,2026-07-03T21:12:05.8950000-04:00,2026-07-04T01:12:05.8950000Z,,v3,,,,"McGuin, Josh",10097254,Right,QUI_DOG,1410429a-6462-47c0-b43b-e29aaf9ee150,55.14151,-115.46155,10.93011,5.715,-2.20995,-12.714,-2.02801,2.19092,-0.23967,,,,,,,,,,,,,,,,,,,,,,,,,,,,,,,,,,,,,,,,,,,,,,,,,,,High,High,High,,,,,
252,2026-07-03,21:12:27.57,7,3,"Schiebe, Karl",10323009,Right,QUI_DOG,"Budacki, Brock",10180051,Right,JOH_MIL,Undefined,6,Bottom,2,2,0,Curveball,Curveball,BallCalled,Undefined,Undefined,Undefined,0,0,,72.41107,2.839878,0.155521,2003.896978,58.884553,8:00,5.63408,2.01036,5.08259,-56.99279,-2.31311,-6.48618,3.56376,1.61644,66.77667,-7.479196,-0.991331,0.532212,,,,,,,,,,,,3.24898,-1.36004,-2.01978,50,5.85811,-0.03832,-105.0626,3.32731,3.65393,16.76853,-33.70363,JOH_MIL,QUI_DOG,SargentsStad,Prospect League,PLB,20260703-SargentsStad-1,6d7c7dc0-7745-11f1-8b9e-653d8f45cec5,70.82229,,,5.63439,,,,,,,7278278f-6c90-4be2-9b92-daf4626d24ff,2026-07-04,01:12:27.57,2026-07-03T21:12:27.5740000-04:00,2026-07-04T01:12:27.5740000Z,,v3,,,,"McGuin, Josh",10097254,Right,QUI_DOG,c7912145-f07e-4609-ae73-a646f1baed0e,55.41726,-105.92369,8.38427,5.64281,5.05805,-16.85181,-2.01299,-0.22595,1.82697,,,,,,,,,,,,,,,,,,,,,,,,,,,,,,,,,,,,,,,,,,,,,,,,,,,High,High,High,,,,,
253,2026-07-03,21:12:49.84,7,4,"Schiebe, Karl",10323009,Right,QUI_DOG,"Budacki, Brock",10180051,Right,JOH_MIL,Undefined,6,Bottom,2,3,0,Fastball,Changeup,BallCalled,Walk,Undefined,Undefined,0,1,,83.59542,-3.220316,-2.93233,1857.379162,220.481312,1:15,5.88711,2.06374,5.33776,-26.39372,14.4654,11.24757,0.65936,0.24769,76.97543,-8.069985,-0.935306,0.460061,,,,,,,,,,,,-6.4528,8.51284,-1.80747,50,5.57721,5.73438,-121.07308,-7.70695,-9.61657,22.7521,-19.4874,JOH_MIL,QUI_DOG,SargentsStad,Prospect League,PLB,20260703-SargentsStad-1,7aba3b30-7745-11f1-8b9e-653d8f45cec5,81.92914,,,6.61999,,,,,,,7278278f-6c90-4be2-9b92-daf4626d24ff,2026-07-04,01:12:49.84,2026-07-03T21:12:49.8490000-04:00,2026-07-04T01:12:49.8490000Z,,v3,,,,"McGuin, Josh",10097254,Right,QUI_DOG,8c71e0f9-c5a2-4372-9827-7ea833730021,55.16096,-122.03908,11.37605,5.88686,-6.87957,-9.7437,-2.05961,6.14268,-4.80829,,,,,,,,,,,,,,,,,,,,,,,,,,,,,,,,,,,,,,,,,,,,,,,,,,,High,High,High,,,,,
254,2026-07-03,21:13:22.79,8,1,"Schiebe, Karl",10323009,Right,QUI_DOG,"DeCanio, Dominic ",1000583922,Right,JOH_MIL,Undefined,6,Bottom,2,0,0,Fastball,Changeup,BallCalled,Undefined,Undefined,Undefined,0,0,,84.44391,-0.355684,-3.606119,1915.068315,210.489775,1:00,5.96116,1.9888,5.37993,-24.86182,15.15253,8.17603,3.55526,-0.71474,77.20179,-4.97503,-2.156969,0.455281,,,,,,,,,,,,-5.05788,8.08248,-1.67157,50,5.912,7.35624,-122.3439,-1.5823,-7.68237,23.65684,-19.89766,JOH_MIL,QUI_DOG,SargentsStad,Prospect League,PLB,20260703-SargentsStad-1,8e618300-7745-11f1-8b9e-653d8f45cec5,82.78943,,,7.24212,,,,,,,7278278f-6c90-4be2-9b92-daf4626d24ff,2026-07-04,01:13:22.79,2026-07-03T21:13:22.7980000-04:00,2026-07-04T01:13:22.7980000Z,,v3,,,,"McGuin, Josh",10097254,Right,QUI_DOG,daf775e4-c1ef-4f7a-a61c-6837e4f7f03d,55.11607,-123.3292,11.82842,5.96064,-0.75357,-9.94883,-1.98462,7.67621,-3.84118,,,,,,,,,,,,,,,,,,,,,,,,,,,,,,,,,,,,,,,,,,,,,,,,,,,High,High,High,,,,,
255,2026-07-03,21:13:49.38,8,2,"Schiebe, Karl",10323009,Right,QUI_DOG,"DeCanio, Dominic ",1000583922,Right,JOH_MIL,Undefined,6,Bottom,2,1,0,Fastball,Changeup,HitByPitch,Undefined,Undefined,Undefined,0,1,,82.73485,1.36092,-0.121937,1820.357474,221.408544,1:30,5.92495,1.78905,5.20734,-28.69415,13.36158,10.57465,4.81386,2.5556,75.20345,-3.958079,1.751326,0.46675,,,,,,,,,,,,-5.35406,6.66933,-1.78626,50,6.02966,-0.18809,-120.00466,1.87929,-7.76885,24.2995,-22.49671,JOH_MIL,QUI_DOG,SargentsStad,Prospect League,PLB,20260703-SargentsStad-1,9e310ee0-7745-11f1-8b9e-653d8f45cec5,80.75514,,,7.5314,,,,,,,7278278f-6c90-4be2-9b92-daf4626d24ff,2026-07-04,01:13:49.38,2026-07-03T21:13:49.3820000-04:00,2026-07-04T01:13:49.3820000Z,,v3,,,,"McGuin, Josh",10097254,Right,QUI_DOG,25f6a23d-e99e-4745-93eb-20e495c578fd,55.29068,-121.07122,12.14975,5.9255,2.86672,-11.24835,-1.78549,0.1529,-3.88443,,,,,,,,,,,,,,,,,,,,,,,,,,,,,,,,,,,,,,,,,,,,,,,,,,,High,High,High,,,,,
256,2026-07-03,21:14:28.27,9,1,"Schiebe, Karl",10323009,Right,QUI_DOG,"Sydlowski, Kriss",1000162904,Right,JOH_MIL,Undefined,6,Bottom,2,0,0,Curveball,Curveball,BallinDirt,Undefined,Undefined,Undefined,0,1,,68.01509,-0.241672,-4.407272,2368.219955,44.926249,7:30,5.78496,2.10293,4.39281,-76.02295,-11.15839,-13.23591,-0.78168,-3.21573,63.13922,-13.607405,-6.715726,0.579663,,,,,,,,,,,,5.15744,-5.01154,-1.61767,50,5.68312,8.05801,-98.3136,-2.94173,4.98457,17.40837,-37.0176,JOH_MIL,QUI_DOG,SargentsStad,Prospect League,PLB,20260703-SargentsStad-1,b5729470-7745-11f1-8b9e-653d8f45cec5,65.0248,,,4.87587,,,,,,,7278278f-6c90-4be2-9b92-daf4626d24ff,2026-07-04,01:14:28.27,2026-07-03T21:14:28.2760000-04:00,2026-07-04T01:14:28.2760000Z,,v3,,,,"McGuin, Josh",10097254,Right,QUI_DOG,d8f72353-ef92-4b8f-87ff-385a6f79687f,56.11058,-99.38971,8.70419,5.79424,-0.65346,-18.5088,-2.10626,7.74988,2.49229,,,,,,,,,,,,,,,,,,,,,,,,,,,,,,,,,,,,,,,,,,,,,,,,,,,High,High,High,,,,,
257,2026-07-03,21:15:04.04,9,2,"Schiebe, Karl",10323009,Right,QUI_DOG,"Sydlowski, Kriss",1000162904,Right,JOH_MIL,Undefined,6,Bottom,2,1,0,Fastball,Changeup,StrikeCalled,Undefined,Undefined,Undefined,0,0,,86.10024,-1.945091,-3.829531,2035.592828,216.908278,1:15,5.78551,1.95402,5.28726,-24.79745,13.86316,9.48654,1.88777,-0.85683,78.90595,-6.521997,-2.150533,0.447513,,,,,,,,,,,,-5.77071,7.83957,-1.61182,50,5.59003,7.92565,-124.65211,-5.10125,-9.10279,24.45834,-19.80785,JOH_MIL,QUI_DOG,SargentsStad,Prospect League,PLB,20260703-SargentsStad-1,cabf75f0-7745-11f1-8b9e-653d8f45cec5,84.22644,,,7.19429,,,,,,,7278278f-6c90-4be2-9b92-daf4626d24ff,2026-07-04,01:15:04.04,2026-07-03T21:15:04.0400000-04:00,2026-07-04T01:15:04.0400000Z,,v3,,,,"McGuin, Josh",10097254,Right,QUI_DOG,1e1e97a1-215d-401d-b463-602eb6a00a4f,55.20979,-125.67018,12.22917,5.78521,-4.27675,-9.90393,-1.9496,8.30455,-4.55139,,,,,,,,,,,,,,,,,,,,,,,,,,,,,,,,,,,,,,,,,,,,,,,,,,,High,High,High,,,,,
258,2026-07-03,21:15:19.71,9,3,"Schiebe, Karl",10323009,Right,QUI_DOG,"Sydlowski, Kriss",1000162904,Right,JOH_MIL,Undefined,6,Bottom,2,1,1,Fastball,Changeup,BallCalled,Undefined,Undefined,Undefined,0,0,,85.60047,-2.711961,-3.808463,2064.536973,218.956895,1:15,5.84092,1.88799,5.32464,-25.85202,13.26528,9.70796,1.13422,-0.88205,78.52575,-7.469879,-2.088366,0.450149,,,,,,,,,,,,-5.89335,7.77378,-1.55026,50,5.57656,7.82322,-123.86814,-6.77269,-9.174,24.29531,-20.07283,JOH_MIL,QUI_DOG,SargentsStad,Prospect League,PLB,20260703-SargentsStad-1,d40656b0-7745-11f1-8b9e-653d8f45cec5,83.73332,,,7.07472,,,,,,,7278278f-6c90-4be2-9b92-daf4626d24ff,2026-07-04,01:15:19.71,2026-07-03T21:15:19.7100000-04:00,2026-07-04T01:15:19.7100000Z,,v3,,,,"McGuin, Josh",10097254,Right,QUI_DOG,319e26f0-7add-4198-b06c-6db8f0979f66,55.17255,-124.87856,12.14765,5.84087,-5.93788,-10.03642,-1.88356,8.20475,-4.587,,,,,,,,,,,,,,,,,,,,,,,,,,,,,,,,,,,,,,,,,,,,,,,,,,,High,High,High,,,,,
259,2026-07-03,21:15:38.73,9,4,"Schiebe, Karl",10323009,Right,QUI_DOG,"Sydlowski, Kriss",1000162904,Right,JOH_MIL,Undefined,6,Bottom,2,2,1,Cutter,Slider,BallCalled,Undefined,Undefined,Undefined,0,0,,80.26451,-1.589008,-1.577916,2181.214707,194.096166,12:30,5.6619,2.15612,5.35402,-39.69227,4.60666,0.80504,0.863,0.74296,73.88642,-8.814591,-1.434634,0.479036,,,,,,,,,,,,-0.8463,3.17953,-2.01479,50,5.49065,3.17533,-116.44586,-4.5935,-1.16134,21.98659,-27.81097,JOH_MIL,QUI_DOG,SargentsStad,Prospect League,PLB,20260703-SargentsStad-1,df5c1a40-7745-11f1-8b9e-653d8f45cec5,78.68397,,,6.3781,,,,,,,7278278f-6c90-4be2-9b92-daf4626d24ff,2026-07-04,01:15:38.73,2026-07-03T21:15:38.7310000-04:00,2026-07-04T01:15:38.7310000Z,,v3,,,,"McGuin, Josh",10097254,Right,QUI_DOG,c758b02b-2563-490b-b992-264e8bf5dbfe,55.14407,-117.41311,10.99329,5.66582,-3.37001,-13.90549,-2.1556,3.22642,-0.58067,,,,,,,,,,,,,,,,,,,,,,,,,,,,,,,,,,,,,,,,,,,,,,,,,,,High,High,High,,,,,
260,2026-07-03,21:15:59.54,9,5,"Schiebe, Karl",10323009,Right,QUI_DOG,"Sydlowski, Kriss",1000162904,Right,JOH_MIL,Undefined,6,Bottom,2,3,1,Fastball,Four-Seam,BallinDirt,Walk,Undefined,Undefined,0,1,,85.31037,-3.126426,-5.026601,2086.549575,208.660216,1:00,5.83795,1.92159,5.32262,-23.25517,16.25595,8.18835,0.9519,-2.12519,78.27072,-7.420218,-3.580719,0.452409,,,,,,,,,,,,-5.438,9.37394,-1.4717,50,5.53724,10.47918,-123.19829,-7.52915,-8.38418,23.74989,-17.72151,JOH_MIL,QUI_DOG,SargentsStad,Prospect League,PLB,20260703-SargentsStad-1,ebc4fb80-7745-11f1-8b9e-653d8f45cec5,83.31501,,,7.03965,,,,,,,7278278f-6c90-4be2-9b92-daf4626d24ff,2026-07-04,01:15:59.54,2026-07-03T21:15:59.5420000-04:00,2026-07-04T01:15:59.5420000Z,,v3,,,,"McGuin, Josh",10097254,Right,QUI_DOG,feba5bb4-5488-4481-af84-ed67b354a451,55.17392,-124.1917,11.87494,5.83667,-6.78789,-8.86075,-1.91736,10.82988,-4.19209,,,,,,,,,,,,,,,,,,,,,,,,,,,,,,,,,,,,,,,,,,,,,,,,,,,High,High,High,,,,,
261,2026-07-03,21:18:57.38,10,1,"Trzpis, Bruce",1000560557,Right,QUI_DOG,"DeCello, Sergio",802217,Left,JOH_MIL,Undefined,6,Bottom,2,0,0,ChangeUp,Changeup,InPlay,Undefined,FlyBall,Out,1,0,,70.6916,2.182275,-2.712367,1450.348149,232.431371,1:45,5.18774,2.51544,5.83674,-49.65156,6.9626,6.55599,3.08165,0.53892,64.28262,-7.018224,-1.539066,0.541544,85.88477,35.005548,-0.386314,3356.160872,109.82266,67.90399,-6.23732,324.11656,321.07827,-8.130734,5.053766,-4.20177,3.39906,-2.29825,50,5.33658,4.63515,-102.4481,2.53673,-4.42367,18.4084,-28.59547,JOH_MIL,QUI_DOG,SargentsStad,Prospect League,PLB,20260703-SargentsStad-1,55d95ac0-7746-11f1-8b9e-653d8f45cec5,69.60175,86.13388,,6.40898,,,,3.02122,3.34109,-0.58851,7278278f-6c90-4be2-9b92-daf4626d24ff,2026-07-04,01:18:57.38,2026-07-03T21:18:57.3830000-04:00,2026-07-04T01:18:57.3830000Z,FlyBall,v3,,,,"McGuin, Josh",10097254,Right,QUI_DOG,9edae544-5e65-4481-8453-38ce2e672cc3,54.66135,-103.28228,9.2042,5.19226,3.83254,-14.29774,-2.51284,4.83561,-2.21183,159.629058,3.02297,103.14043,-18.32634,4.1303,-0.74753,0.11327,-0.01587,0.00181,-0.0001,3.34132,72.2504,-17.46789,0.80893,0.06565,-0.09059,0.02866,-0.00402,0.00021,-0.58811,-0.70406,-4.10202,1.06741,-0.22112,0.0348,-0.00402,0.00033,-1E-05,,,,,,,,,,,,,,,,,,,,,,,High,High,High,High,High,,,
262,2026-07-03,21:21:59.34,1,1,"Kuzior, Brodie",1000504618,Left,JOH_MIL,"Olson, Lane",10291541,Right,QUI_DOG,Undefined,7,Top,0,0,0,FourSeamFastBall,Cutter,BallCalled,Undefined,Undefined,Undefined,0,0,,87.03857,0.024376,1.413775,2183.887914,160.354493,11:15,5.91107,-2.11644,6.53054,-25.20119,10.4102,-3.35799,3.83334,-1.09912,80.36005,-4.719395,0.803851,0.429503,,,,,,,,,,,,2.1076,5.78217,2.0196,50,5.90179,-2.99897,-126.65598,-0.67603,3.45752,23.46763,-22.68844,JOH_MIL,QUI_DOG,SargentsStad,Prospect League,PLB,20260703-SargentsStad-1,c23fe760-7746-11f1-8b9e-653d8f45cec5,87.75834,,,6.67853,,,,,,,7278278f-6c90-4be2-9b92-daf4626d24ff,2026-07-04,01:21:59.34,2026-07-03T21:21:59.3420000-04:00,2026-07-04T01:21:59.3420000Z,,v3,,,,"Budacki, Brock",10180051,Right,JOH_MIL,79566ee2-5ee8-4890-8f9b-369ebeb1e0a5,53.96765,-127.38901,11.73382,5.91184,0.03266,-11.34422,2.11496,-3.10697,1.72876,,,,,,,,,,,,,,,,,,,,,,,,,,,,,,,,,,,,,,,,,,,,,,,,,,,High,High,High,,,,,
263,2026-07-03,21:22:30.83,1,2,"Kuzior, Brodie",1000504618,Left,JOH_MIL,"Olson, Lane",10291541,Right,QUI_DOG,Undefined,7,Top,0,1,0,FourSeamFastBall,Four-Seam,FoulBallNotFieldable,Undefined,Undefined,Undefined,0,0,,87.69923,-1.306037,2.309009,2241.087624,169.589325,11:45,5.93807,-1.93789,6.66585,-21.41552,13.58713,-2.30973,2.95729,-0.01656,80.90917,-5.364488,1.888756,0.425816,,,,,,,,,,,,1.81118,7.82678,1.78389,50,5.84157,-5.05797,-127.53688,-3.48871,3.00619,24.3324,-19.18323,JOH_MIL,QUI_DOG,SargentsStad,Prospect League,PLB,20260703-SargentsStad-1,d50d22e0-7746-11f1-8b9e-653d8f45cec5,88.51817,,,6.79005,,,,,,,7278278f-6c90-4be2-9b92-daf4626d24ff,2026-07-04,01:22:30.83,2026-07-03T21:22:30.8380000-04:00,2026-07-04T01:22:30.8380000Z,,v3,,,,"Budacki, Brock",10180051,Right,JOH_MIL,eacbac80-ca1c-4cd6-987d-83b2bf8aa468,53.83299,-128.26608,12.1662,5.9375,-2.91382,-9.59161,1.93682,-5.14805,1.50309,,,,,,,,,,,,,,,,,,,,,,,,,,,,,,,,,,,,,,,,,,,,,,,,,,,High,High,High,,,,,
264,2026-07-03,21:22:50.03,1,3,"Kuzior, Brodie",1000504618,Left,JOH_MIL,"Olson, Lane",10291541,Right,QUI_DOG,Undefined,7,Top,0,1,1,ChangeUp,Changeup,BallCalled,Undefined,Undefined,Undefined,0,0,,79.52558,0.397622,1.900771,1552.121031,112.780968,9:45,5.54665,-2.32066,6.15941,-38.16915,5.34555,-9.6304,2.73342,-1.3666,73.24307,-6.687092,0.163053,0.474777,,,,,,,,,,,,5.47181,3.0804,2.18112,50,5.5574,-3.48528,-115.59609,-0.3395,7.43608,20.67014,-27.98786,JOH_MIL,QUI_DOG,SargentsStad,Prospect League,PLB,20260703-SargentsStad-1,e0864cf0-7746-11f1-8b9e-653d8f45cec5,79.38982,,,6.28252,,,,,,,7278278f-6c90-4be2-9b92-daf4626d24ff,2026-07-04,01:22:50.03,2026-07-03T21:22:50.0340000-04:00,2026-07-04T01:22:50.0340000Z,,v3,,,,"Budacki, Brock",10180051,Right,JOH_MIL,26b51d25-c44e-456c-bf4b-a5882962b85f,54.33916,-116.3694,10.33507,5.55052,0.70758,-13.99393,2.31671,-3.76348,3.71804,,,,,,,,,,,,,,,,,,,,,,,,,,,,,,,,,,,,,,,,,,,,,,,,,,,High,High,High,,,,,
265,2026-07-03,21:23:03.49,1,4,"Kuzior, Brodie",1000504618,Left,JOH_MIL,"Olson, Lane",10291541,Right,QUI_DOG,Undefined,7,Top,0,2,1,FourSeamFastBall,Cutter,StrikeCalled,Undefined,Undefined,Undefined,0,0,,86.50119,-1.471928,3.613379,2145.78177,161.992266,11:30,5.88886,-1.98665,6.68159,-25.03722,10.7326,-3.17937,2.45309,1.05791,80.49201,-6.166741,3.035753,0.430457,,,,,,,,,,,,2.51504,6.32733,1.74625,50,5.78021,-7.82503,-125.72367,-3.93641,4.09108,21.59675,-21.88175,JOH_MIL,QUI_DOG,SargentsStad,Prospect League,PLB,20260703-SargentsStad-1,e8851d50-7746-11f1-8b9e-653d8f45cec5,87.56376,,,6.00918,,,,,,,7278278f-6c90-4be2-9b92-daf4626d24ff,2026-07-04,01:23:03.49,2026-07-03T21:23:03.4990000-04:00,2026-07-04T01:23:03.4990000Z,,v3,,,,"Budacki, Brock",10180051,Right,JOH_MIL,1ae9aa9c-b9fd-4a46-9454-2a3ef0499ef4,53.81773,-126.37778,10.79838,5.8894,-3.27367,-10.94088,1.98513,-7.94894,2.04554,,,,,,,,,,,,,,,,,,,,,,,,,,,,,,,,,,,,,,,,,,,,,,,,,,,High,High,High,,,,,
266,2026-07-03,21:23:24.34,1,5,"Kuzior, Brodie",1000504618,Left,JOH_MIL,"Olson, Lane",10291541,Right,QUI_DOG,Undefined,7,Top,0,2,2,Curveball,Curveball,BallCalled,Undefined,Undefined,Undefined,0,0,,70.41127,1.814448,-0.093136,1696.360409,357.665837,6:00,5.74975,-2.40481,6.23824,-60.64767,-4.52225,0.26173,2.37004,-2.46891,64.32998,-9.414086,-0.045763,0.539202,,,,,,,,,,,,-0.16343,-2.22646,2.41163,50,5.85623,0.15759,-102.25664,1.57649,-0.17104,18.66495,-34.50444,JOH_MIL,QUI_DOG,SargentsStad,Prospect League,PLB,20260703-SargentsStad-1,f4f8acf0-7746-11f1-8b9e-653d8f45cec5,69.90416,,,6.08129,,,,,,,7278278f-6c90-4be2-9b92-daf4626d24ff,2026-07-04,01:23:24.34,2026-07-03T21:23:24.3420000-04:00,2026-07-04T01:23:24.3420000Z,,v3,,,,"Budacki, Brock",10180051,Right,JOH_MIL,8d5e6a76-a2f6-49d5-8304-cdaa667314e3,54.25986,-103.03126,9.33248,5.76109,3.00847,-17.25222,2.40494,0.16469,-0.08552,,,,,,,,,,,,,,,,,,,,,,,,,,,,,,,,,,,,,,,,,,,,,,,,,,,High,High,High,,,,,
267,2026-07-03,21:23:40.05,1,6,"Kuzior, Brodie",1000504618,Left,JOH_MIL,"Olson, Lane",10291541,Right,QUI_DOG,Undefined,7,Top,0,3,2,FourSeamFastBall,Cutter,FoulBallNotFieldable,Undefined,Undefined,Undefined,0,0,,87.14674,-1.206803,2.628989,2124.373775,158.425811,11:15,5.91364,-1.9044,6.68546,-27.06155,8.48056,-2.93457,2.55342,0.25728,80.27688,-6.294834,2.094787,0.429085,,,,,,,,,,,,2.26276,5.11894,1.73007,50,5.82218,-5.71311,-126.70101,-3.44143,3.69243,24.95273,-23.82092,JOH_MIL,QUI_DOG,SargentsStad,Prospect League,PLB,20260703-SargentsStad-1,fe3fb4c0-7746-11f1-8b9e-653d8f45cec5,87.84382,,,6.86986,,,,,,,7278278f-6c90-4be2-9b92-daf4626d24ff,2026-07-04,01:23:40.05,2026-07-03T21:23:40.0560000-04:00,2026-07-04T01:23:40.0560000Z,,v3,,,,"Budacki, Brock",10180051,Right,JOH_MIL,31af81fb-7ac1-40f8-a233-89e0c6d95101,53.8143,-127.44999,12.47637,5.91474,-2.72643,-11.91046,1.90322,-5.82395,1.84621,,,,,,,,,,,,,,,,,,,,,,,,,,,,,,,,,,,,,,,,,,,,,,,,,,,High,High,High,,,,,
268,2026-07-03,21:24:01.68,1,7,"Kuzior, Brodie",1000504618,Left,JOH_MIL,"Olson, Lane",10291541,Right,QUI_DOG,Undefined,7,Top,0,3,2,FourSeamFastBall,Four-Seam,BallCalled,Walk,Undefined,Undefined,0,0,,87.38996,-0.799744,1.030494,2146.744865,156.669582,11:15,5.98257,-2.04908,6.52011,-22.28548,13.17556,-5.2315,3.39151,-1.53945,80.43823,-5.016994,0.080129,0.428595,,,,,,,,,,,,2.99866,7.4465,1.97938,50,5.91706,-2.08682,-127.12624,-2.3983,4.9376,24.55276,-19.91269,JOH_MIL,QUI_DOG,SargentsStad,Prospect League,PLB,20260703-SargentsStad-1,0b303c90-7747-11f1-8b9e-653d8f45cec5,87.94417,,,6.95173,,,,,,,7278278f-6c90-4be2-9b92-daf4626d24ff,2026-07-04,01:24:01.68,2026-07-03T21:24:01.6800000-04:00,2026-07-04T01:24:01.6800000Z,,v3,,,,"Budacki, Brock",10180051,Right,JOH_MIL,43f683b0-9fac-4d83-a4ba-e0a359638e42,53.97751,-127.89213,12.27638,5.98219,-1.77715,-9.95634,2.04688,-2.24085,2.4688,,,,,,,,,,,,,,,,,,,,,,,,,,,,,,,,,,,,,,,,,,,,,,,,,,,High,High,High,,,,,
269,2026-07-03,21:24:33.76,2,1,"Kuzior, Brodie",1000504618,Left,JOH_MIL,"Trzpis, Bruce",1000560557,Left,QUI_DOG,Undefined,7,Top,0,0,0,FourSeamFastBall,Four-Seam,BallCalled,Undefined,Undefined,Undefined,0,0,,86.46052,-2.540093,4.047798,2203.011492,163.417519,11:30,5.97418,-1.72573,6.65384,-21.78466,14.37749,-3.96736,1.82682,1.65427,79.94372,-6.65023,3.328069,0.432811,,,,,,,,,,,,3.10693,8.5591,1.45453,50,5.79375,-8.7317,-125.43365,-6.15824,4.99573,23.17211,-18.41157,JOH_MIL,QUI_DOG,SargentsStad,Prospect League,PLB,20260703-SargentsStad-1,1e4b22e0-7747-11f1-8b9e-653d8f45cec5,87.08748,,,6.51681,,,,,,,7278278f-6c90-4be2-9b92-daf4626d24ff,2026-07-04,01:24:33.76,2026-07-03T21:24:33.7670000-04:00,2026-07-04T01:24:33.7670000Z,,v3,,,,"Budacki, Brock",10180051,Right,JOH_MIL,ba10e95c-d36e-4fc4-a08a-f061110812c6,53.84449,-126.14186,11.58606,5.97336,-5.59552,-9.20578,1.72373,-8.88438,2.49786,,,,,,,,,,,,,,,,,,,,,,,,,,,,,,,,,,,,,,,,,,,,,,,,,,,High,High,High,,,,,
270,2026-07-03,21:24:48.29,2,2,"Kuzior, Brodie",1000504618,Left,JOH_MIL,"Trzpis, Bruce",1000560557,Left,QUI_DOG,Undefined,7,Top,0,1,0,FourSeamFastBall,Cutter,StrikeSwinging,Undefined,Undefined,Undefined,0,0,,85.57515,-0.335479,2.967619,2180.982677,165.532153,11:30,5.81069,-2.08039,6.65376,-24.61864,12.24623,-2.88024,3.4517,0.39791,78.77294,-4.991178,2.444253,0.436996,,,,,,,,,,,,2.28874,6.88575,1.88171,50,5.77796,-6.34346,-124.38041,-1.39727,3.60723,23.52529,-21.32153,JOH_MIL,QUI_DOG,SargentsStad,Prospect League,PLB,20260703-SargentsStad-1,26f57580-7747-11f1-8b9e-653d8f45cec5,86.25347,,,6.80221,,,,,,,7278278f-6c90-4be2-9b92-daf4626d24ff,2026-07-04,01:24:48.29,2026-07-03T21:24:48.2930000-04:00,2026-07-04T01:24:48.2930000Z,,v3,,,,"Budacki, Brock",10180051,Right,JOH_MIL,85c15729-5a30-4f1f-863a-8e4dbf947e72,53.84429,-125.10541,11.76264,5.8109,-0.74019,-10.66076,2.07891,-6.45462,1.80362,,,,,,,,,,,,,,,,,,,,,,,,,,,,,,,,,,,,,,,,,,,,,,,,,,,High,High,High,,,,,
271,2026-07-03,21:25:05.79,2,3,"Kuzior, Brodie",1000504618,Left,JOH_MIL,"Trzpis, Bruce",1000560557,Left,QUI_DOG,Undefined,7,Top,0,1,1,FourSeamFastBall,Cutter,FoulBallNotFieldable,Undefined,Undefined,Undefined,0,0,,87.7441,-0.853092,1.566844,2135.316632,173.353348,11:45,5.99032,-2.05134,6.59706,-25.90222,9.11,-0.94465,3.04988,-0.69422,81.03006,-5.720366,1.395004,0.425874,69.79035,67.374189,-99.443577,4559.951339,,,,,9.70143,,,0.90224,5.32307,1.94479,50,5.92115,-3.45829,-127.68619,-2.65394,1.50077,24.43669,-23.31982,JOH_MIL,QUI_DOG,SargentsStad,Prospect League,PLB,20260703-SargentsStad-1,31576330-7747-11f1-8b9e-653d8f45cec5,88.50607,27.21475,,6.71404,,,,1.45473,3.11829,0.66077,7278278f-6c90-4be2-9b92-daf4626d24ff,2026-07-04,01:25:05.79,2026-07-03T21:25:05.7970000-04:00,2026-07-04T01:25:05.7970000Z,,v3,,,,"Budacki, Brock",10180051,Right,JOH_MIL,a9ce98e4-ae27-42d5-87d5-c04296fffe54,53.9028,-128.43094,12.21834,5.9912,-1.94323,-11.65991,2.05089,-3.50403,0.75039,22.76712,1.4557,-6.50858,-4.12947,,,,,,,3.11875,94.45909,-18.59833,,,,,,,0.66056,-38.83476,1.6227,,,,,,,,,,,,,,,,,,,,,,,,,,,,,High,High,High,High,Undefined,,,
272,2026-07-03,21:25:29.39,2,4,"Kuzior, Brodie",1000504618,Left,JOH_MIL,"Trzpis, Bruce",1000560557,Left,QUI_DOG,Undefined,7,Top,0,1,2,Curveball,Slider,StrikeCalled,Strikeout,Undefined,Undefined,0,0,,78.38291,0.662216,1.138029,2144.21213,267.157734,3:00,5.70941,-2.31907,5.97854,-43.43538,1.53362,4.86252,2.70379,-0.85882,72.50875,-7.335879,2.012785,0.482645,,,,,,,,,,,,-2.20118,1.03811,2.22649,50,5.73772,-2.44185,-113.97867,-0.02727,-2.91547,19.60572,-30.79907,JOH_MIL,QUI_DOG,SargentsStad,Prospect League,PLB,20260703-SargentsStad-1,3f7f3280-7747-11f1-8b9e-653d8f45cec5,78.09554,,,5.87416,,,,,,,7278278f-6c90-4be2-9b92-daf4626d24ff,2026-07-04,01:25:29.39,2026-07-03T21:25:29.3960000-04:00,2026-07-04T01:25:29.3960000Z,,v3,,,,"Budacki, Brock",10180051,Right,JOH_MIL,a6c4f5d7-ade4-41f6-9286-52f798849080,54.52081,-114.75367,9.80286,5.71474,1.19019,-15.39953,2.32073,-2.3266,-1.45773,,,,,,,,,,,,,,,,,,,,,,,,,,,,,,,,,,,,,,,,,,,,,,,,,,,High,High,High,,,,,
273,2026-07-03,21:26:12.79,3,1,"Kuzior, Brodie",1000504618,Left,JOH_MIL,"Tatum, Taylor",806555,Right,QUI_DOG,Undefined,7,Top,1,0,0,FourSeamFastBall,Cutter,BallCalled,Undefined,Undefined,Undefined,0,0,,86.5991,0.316416,2.85838,2160.979025,169.029113,11:45,6.00771,-1.89157,6.31016,-24.9084,11.45166,-2.02047,4.22385,0.57531,79.8784,-4.357394,2.493665,0.433994,,,,,,,,,,,,1.76571,6.20713,1.68298,50,6.01885,-6.20622,-125.85712,-0.04548,2.8596,23.22197,-22.12145,JOH_MIL,QUI_DOG,SargentsStad,Prospect League,PLB,20260703-SargentsStad-1,595126f0-7747-11f1-8b9e-653d8f45cec5,86.85014,,,6.7207,,,,,,,7278278f-6c90-4be2-9b92-daf4626d24ff,2026-07-04,01:26:12.79,2026-07-03T21:26:12.7950000-04:00,2026-07-04T01:26:12.7950000Z,,v3,,,,"Budacki, Brock",10180051,Right,JOH_MIL,74b15eae-216d-4dc9-baa5-527a679533f7,54.18826,-126.62754,11.61098,6.00818,0.68843,-11.06072,1.89045,-6.3011,1.4298,,,,,,,,,,,,,,,,,,,,,,,,,,,,,,,,,,,,,,,,,,,,,,,,,,,High,High,High,,,,,
274,2026-07-03,21:26:35.65,3,2,"Kuzior, Brodie",1000504618,Left,JOH_MIL,"Tatum, Taylor",806555,Right,QUI_DOG,Undefined,7,Top,1,1,0,FourSeamFastBall,Sinker,BallCalled,Undefined,Undefined,Undefined,0,0,,85.89522,-3.536802,1.95216,2268.852008,159.020024,11:15,5.92224,-2.11186,6.54401,-22.34174,14.53591,-5.14103,0.81085,-0.74927,79.23228,-7.741908,1.017713,0.437072,,,,,,,,,,,,3.23225,8.93579,1.9789,50,5.66745,-4.06432,-124.68962,-8.31824,5.11026,24.07469,-18.04628,JOH_MIL,QUI_DOG,SargentsStad,Prospect League,PLB,20260703-SargentsStad-1,66eda630-7747-11f1-8b9e-653d8f45cec5,86.23848,,,6.66294,,,,,,,7278278f-6c90-4be2-9b92-daf4626d24ff,2026-07-04,01:26:35.65,2026-07-03T21:26:35.6590000-04:00,2026-07-04T01:26:35.6590000Z,,v3,,,,"Budacki, Brock",10180051,Right,JOH_MIL,7cef8a53-0113-43f9-acbb-8b4017135a54,53.95505,-125.45093,12.03735,5.92148,-7.74757,-9.02314,2.10998,-4.22592,2.55513,,,,,,,,,,,,,,,,,,,,,,,,,,,,,,,,,,,,,,,,,,,,,,,,,,,High,High,High,,,,,
275,2026-07-03,21:26:53.81,3,3,"Kuzior, Brodie",1000504618,Left,JOH_MIL,"Tatum, Taylor",806555,Right,QUI_DOG,Undefined,7,Top,1,2,0,FourSeamFastBall,Cutter,InPlay,Undefined,GroundBall,Out,1,0,,86.18446,-0.873385,2.388101,2025.262531,165.280033,11:30,5.81382,-2.02543,6.70179,-25.85553,10.50095,-2.46925,2.85987,-0.04641,79.20536,-5.756993,1.938461,0.433973,84.42322,-17.338074,-25.777457,,,,,12.14154,12.14154,-19.696942,0.080761,1.96697,6.11882,1.86771,50,5.7454,-5.13996,-125.32258,-2.62217,3.13437,24.85997,-22.42368,JOH_MIL,QUI_DOG,SargentsStad,Prospect League,PLB,20260703-SargentsStad-1,71bab1c0-7747-11f1-8b9e-653d8f45cec5,86.85443,2.98849,,6.9791,,,,2.81114,2.98849,0.07063,7278278f-6c90-4be2-9b92-daf4626d24ff,2026-07-04,01:26:53.81,2026-07-03T21:26:53.8160000-04:00,2026-07-04T01:26:53.8160000Z,GroundBall,v3,,,,"Budacki, Brock",10180051,Right,JOH_MIL,a4689a29-d965-4ba3-b83f-b05a42b25753,53.79791,-126.07371,12.42999,5.8144,-1.94465,-11.21184,2.02444,-5.23467,1.56719,180,2.80721,106.73471,,,,,,,,2.98986,-37.00428,,,,,,,,0.07253,-51.54578,,,,,,,,,,,,,,,,,,,,,,,,,,,,,,High,High,High,Medium,High,,,
276,2026-07-03,21:27:36.10,4,1,"Kuzior, Brodie",1000504618,Left,JOH_MIL,"Fivelson, Ari",1000545902,Left,QUI_DOG,Undefined,7,Top,2,0,0,Slider,Slider,BallCalled,Undefined,Undefined,Undefined,0,0,,79.09404,1.932352,0.563469,2244.504209,231.8627,1:45,5.85014,-2.18425,6.15387,-39.9679,3.85843,3.33819,4.30555,-1.38546,72.99017,-5.48081,1.165507,0.476474,,,,,,,,,,,,-1.57685,1.92087,2.13982,50,5.97659,-1.25229,-115.00205,2.67932,-2.13047,19.55649,-29.57879,JOH_MIL,QUI_DOG,SargentsStad,Prospect League,PLB,20260703-SargentsStad-1,8afff690-7747-11f1-8b9e-653d8f45cec5,79.10707,,,6.10387,,,,,,,7278278f-6c90-4be2-9b92-daf4626d24ff,2026-07-04,01:27:36.10,2026-07-03T21:27:36.1030000-04:00,2026-07-04T01:27:36.1030000Z,,v3,,,,"Budacki, Brock",10180051,Right,JOH_MIL,e63a1572-50eb-4a51-addc-3be359052f37,54.34482,-115.73854,9.77825,5.85471,3.79325,-14.78939,2.18547,-1.17205,-1.06523,,,,,,,,,,,,,,,,,,,,,,,,,,,,,,,,,,,,,,,,,,,,,,,,,,,High,High,High,,,,,
277,2026-07-03,21:27:54.96,4,2,"Kuzior, Brodie",1000504618,Left,JOH_MIL,"Fivelson, Ari",1000545902,Left,QUI_DOG,Undefined,7,Top,2,1,0,FourSeamFastBall,Cutter,StrikeCalled,Undefined,Undefined,Undefined,0,0,,84.66706,-0.68249,2.785456,2314.432412,173.193567,11:45,5.91068,-1.97139,6.61603,-25.56525,12.06064,-1.31063,3.15443,0.47242,78.1796,-5.500726,2.547384,0.441484,,,,,,,,,,,,1.39406,6.87083,1.78259,50,5.85358,-5.9412,-123.08618,-2.16631,2.15702,22.46555,-21.54285,JOH_MIL,QUI_DOG,SargentsStad,Prospect League,PLB,20260703-SargentsStad-1,963a9100-7747-11f1-8b9e-653d8f45cec5,85.37672,,,6.48746,,,,,,,7278278f-6c90-4be2-9b92-daf4626d24ff,2026-07-04,01:27:54.96,2026-07-03T21:27:54.9620000-04:00,2026-07-04T01:27:54.9620000Z,,v3,,,,"Budacki, Brock",10180051,Right,JOH_MIL,448e3773-b880-4005-a400-74ac6dc207ac,53.88195,-123.79268,11.23278,5.91105,-1.48883,-10.77142,1.9705,-6.00904,1.07851,,,,,,,,,,,,,,,,,,,,,,,,,,,,,,,,,,,,,,,,,,,,,,,,,,,High,High,High,,,,,
278,2026-07-03,21:28:12.00,4,3,"Kuzior, Brodie",1000504618,Left,JOH_MIL,"Fivelson, Ari",1000545902,Left,QUI_DOG,Undefined,7,Top,2,1,1,FourSeamFastBall,Cutter,BallCalled,Undefined,Undefined,Undefined,0,0,,87.62978,-3.793856,3.400808,2268.511289,158.019754,11:15,5.93037,-1.7429,6.56668,-22.551,12.76505,-4.73937,0.56208,0.98332,81.25704,-8.013803,2.540726,0.427718,,,,,,,,,,,,3.35347,7.99233,1.51071,50,5.65892,-7.3797,-127.09025,-9.07778,5.53957,23.60962,-18.97151,JOH_MIL,QUI_DOG,SargentsStad,Prospect League,PLB,20260703-SargentsStad-1,a05c4160-7747-11f1-8b9e-653d8f45cec5,88.12455,,,6.37274,,,,,,,7278278f-6c90-4be2-9b92-daf4626d24ff,2026-07-04,01:28:12.00,2026-07-03T21:28:12.0070000-04:00,2026-07-04T01:28:12.0070000Z,,v3,,,,"Budacki, Brock",10180051,Right,JOH_MIL,323c980f-ae84-432e-8118-d072032c66c8,53.93306,-127.81881,11.80481,5.93001,-8.49235,-9.48575,1.74107,-7.55065,2.76979,,,,,,,,,,,,,,,,,,,,,,,,,,,,,,,,,,,,,,,,,,,,,,,,,,,High,High,High,,,,,
279,2026-07-03,21:28:31.50,4,4,"Kuzior, Brodie",1000504618,Left,JOH_MIL,"Fivelson, Ari",1000545902,Left,QUI_DOG,Undefined,7,Top,2,2,1,Slider,Slider,StrikeCalled,Undefined,Undefined,Undefined,0,0,,78.76663,1.531773,1.472887,2276.743375,270.076098,3:00,5.72398,-2.24112,6.01529,-43.26203,1.28728,3.92008,3.53852,-0.54978,72.64038,-6.45308,2.177931,0.480388,,,,,,,,,,,,-1.62476,0.69417,2.12358,50,5.82065,-3.08801,-114.47823,1.72139,-2.16894,19.96061,-31.24741,JOH_MIL,QUI_DOG,SargentsStad,Prospect League,PLB,20260703-SargentsStad-1,ac057c20-7747-11f1-8b9e-653d8f45cec5,78.46253,,,6.12626,,,,,,,7278278f-6c90-4be2-9b92-daf4626d24ff,2026-07-04,01:28:31.50,2026-07-03T21:28:31.5010000-04:00,2026-07-04T01:28:31.5010000Z,,v3,,,,"Budacki, Brock",10180051,Right,JOH_MIL,b4bcb615-0f97-4622-8adc-633893261c9d,54.48364,-115.25736,9.98031,5.72966,2.94107,-15.6237,2.24246,-3.00335,-1.08447,,,,,,,,,,,,,,,,,,,,,,,,,,,,,,,,,,,,,,,,,,,,,,,,,,,High,High,High,,,,,
280,2026-07-03,21:28:50.67,4,5,"Kuzior, Brodie",1000504618,Left,JOH_MIL,"Fivelson, Ari",1000545902,Left,QUI_DOG,Undefined,7,Top,2,2,2,FourSeamFastBall,Cutter,StrikeCalled,Strikeout,Undefined,Undefined,0,0,,86.62897,-2.169503,3.525654,2273.613655,161.486401,11:30,5.94786,-1.81985,6.57497,-22.95147,13.09776,-4.03827,2.04205,1.07916,80.14055,-6.487456,2.793273,0.432135,,,,,,,,,,,,3.00386,7.76398,1.57918,50,5.78876,-7.6013,-125.7849,-5.40966,4.85976,23.17152,-19.61323,JOH_MIL,QUI_DOG,SargentsStad,Prospect League,PLB,20260703-SargentsStad-1,b76ea0a0-7747-11f1-8b9e-653d8f45cec5,87.22378,,,6.48843,,,,,,,7278278f-6c90-4be2-9b92-daf4626d24ff,2026-07-04,01:28:50.67,2026-07-03T21:28:50.6720000-04:00,2026-07-04T01:28:50.6720000Z,,v3,,,,"Budacki, Brock",10180051,Right,JOH_MIL,0634c206-4c7b-4a22-86e5-7807a8317477,53.9237,-126.50564,11.58576,5.94754,-4.7996,-9.80661,1.81797,-7.75246,2.42988,,,,,,,,,,,,,,,,,,,,,,,,,,,,,,,,,,,,,,,,,,,,,,,,,,,High,High,High,,,,,